INSERT INTO metadata_general(aislado_id, aislado_nombre) VALUES ('186', 'AND01-024') ON DUPLICATE KEY UPDATE aislado_nombre = 'AND01-024'; 
INSERT INTO fenotipo(fenotipo_id, aislado_id, serotipo_invitro) VALUES ('1', '186', 'O6') ON DUPLICATE KEY UPDATE serotipo_invitro = 'O6'; 
INSERT INTO secuencia(secuencia_id, aislado_id, complejo_clonal) VALUES ('186', '186', 'nan') ON DUPLICATE KEY UPDATE complejo_clonal = 'nan'; 
INSERT INTO metadata_general(aislado_id, aislado_nombre) VALUES ('187', 'AND01-012') ON DUPLICATE KEY UPDATE aislado_nombre = 'AND01-012'; 
INSERT INTO fenotipo(fenotipo_id, aislado_id, serotipo_invitro) VALUES ('2', '187', 'Autoagl (>3)') ON DUPLICATE KEY UPDATE serotipo_invitro = 'Autoagl (>3)'; 
INSERT INTO secuencia(secuencia_id, aislado_id, complejo_clonal) VALUES ('187', '187', 'nan') ON DUPLICATE KEY UPDATE complejo_clonal = 'nan'; 
INSERT INTO metadata_general(aislado_id, aislado_nombre) VALUES ('188', 'AND01-019') ON DUPLICATE KEY UPDATE aislado_nombre = 'AND01-019'; 
INSERT INTO fenotipo(fenotipo_id, aislado_id, serotipo_invitro) VALUES ('3', '188', 'No aglutina') ON DUPLICATE KEY UPDATE serotipo_invitro = 'No aglutina'; 
INSERT INTO secuencia(secuencia_id, aislado_id, complejo_clonal) VALUES ('188', '188', 'nan') ON DUPLICATE KEY UPDATE complejo_clonal = 'nan'; 
INSERT INTO metadata_general(aislado_id, aislado_nombre) VALUES ('189', 'AND01-028') ON DUPLICATE KEY UPDATE aislado_nombre = 'AND01-028'; 
INSERT INTO fenotipo(fenotipo_id, aislado_id, serotipo_invitro) VALUES ('4', '189', 'No aglutina') ON DUPLICATE KEY UPDATE serotipo_invitro = 'No aglutina'; 
INSERT INTO secuencia(secuencia_id, aislado_id, complejo_clonal) VALUES ('189', '189', 'nan') ON DUPLICATE KEY UPDATE complejo_clonal = 'nan'; 
INSERT INTO metadata_general(aislado_id, aislado_nombre) VALUES ('190', 'AND01-029') ON DUPLICATE KEY UPDATE aislado_nombre = 'AND01-029'; 
INSERT INTO fenotipo(fenotipo_id, aislado_id, serotipo_invitro) VALUES ('5', '190', 'No aglutina') ON DUPLICATE KEY UPDATE serotipo_invitro = 'No aglutina'; 
INSERT INTO secuencia(secuencia_id, aislado_id, complejo_clonal) VALUES ('190', '190', 'nan') ON DUPLICATE KEY UPDATE complejo_clonal = 'nan'; 
INSERT INTO metadata_general(aislado_id, aislado_nombre) VALUES ('191', 'AND01-036') ON DUPLICATE KEY UPDATE aislado_nombre = 'AND01-036'; 
INSERT INTO fenotipo(fenotipo_id, aislado_id, serotipo_invitro) VALUES ('6', '191', 'No aglutina') ON DUPLICATE KEY UPDATE serotipo_invitro = 'No aglutina'; 
INSERT INTO secuencia(secuencia_id, aislado_id, complejo_clonal) VALUES ('191', '191', 'nan') ON DUPLICATE KEY UPDATE complejo_clonal = 'nan'; 
INSERT INTO metadata_general(aislado_id, aislado_nombre) VALUES ('192', 'AND01-013') ON DUPLICATE KEY UPDATE aislado_nombre = 'AND01-013'; 
INSERT INTO fenotipo(fenotipo_id, aislado_id, serotipo_invitro) VALUES ('7', '192', 'O10') ON DUPLICATE KEY UPDATE serotipo_invitro = 'O10'; 
INSERT INTO secuencia(secuencia_id, aislado_id, complejo_clonal) VALUES ('192', '192', 'nan') ON DUPLICATE KEY UPDATE complejo_clonal = 'nan'; 
INSERT INTO metadata_general(aislado_id, aislado_nombre) VALUES ('193', 'AND01-004') ON DUPLICATE KEY UPDATE aislado_nombre = 'AND01-004'; 
INSERT INTO fenotipo(fenotipo_id, aislado_id, serotipo_invitro) VALUES ('8', '193', 'O11') ON DUPLICATE KEY UPDATE serotipo_invitro = 'O11'; 
INSERT INTO secuencia(secuencia_id, aislado_id, complejo_clonal) VALUES ('193', '193', 'nan') ON DUPLICATE KEY UPDATE complejo_clonal = 'nan'; 
INSERT INTO metadata_general(aislado_id, aislado_nombre) VALUES ('194', 'AND01-005') ON DUPLICATE KEY UPDATE aislado_nombre = 'AND01-005'; 
INSERT INTO fenotipo(fenotipo_id, aislado_id, serotipo_invitro) VALUES ('9', '194', 'O11') ON DUPLICATE KEY UPDATE serotipo_invitro = 'O11'; 
INSERT INTO secuencia(secuencia_id, aislado_id, complejo_clonal) VALUES ('194', '194', 'nan') ON DUPLICATE KEY UPDATE complejo_clonal = 'nan'; 
INSERT INTO metadata_general(aislado_id, aislado_nombre) VALUES ('195', 'AND01-009') ON DUPLICATE KEY UPDATE aislado_nombre = 'AND01-009'; 
INSERT INTO fenotipo(fenotipo_id, aislado_id, serotipo_invitro) VALUES ('10', '195', 'O11') ON DUPLICATE KEY UPDATE serotipo_invitro = 'O11'; 
INSERT INTO secuencia(secuencia_id, aislado_id, complejo_clonal) VALUES ('195', '195', 'nan') ON DUPLICATE KEY UPDATE complejo_clonal = 'nan'; 
INSERT INTO metadata_general(aislado_id, aislado_nombre) VALUES ('196', 'AND01-010') ON DUPLICATE KEY UPDATE aislado_nombre = 'AND01-010'; 
INSERT INTO fenotipo(fenotipo_id, aislado_id, serotipo_invitro) VALUES ('11', '196', 'O11') ON DUPLICATE KEY UPDATE serotipo_invitro = 'O11'; 
INSERT INTO secuencia(secuencia_id, aislado_id, complejo_clonal) VALUES ('196', '196', 'nan') ON DUPLICATE KEY UPDATE complejo_clonal = 'nan'; 
INSERT INTO metadata_general(aislado_id, aislado_nombre) VALUES ('197', 'AND01-022') ON DUPLICATE KEY UPDATE aislado_nombre = 'AND01-022'; 
INSERT INTO fenotipo(fenotipo_id, aislado_id, serotipo_invitro) VALUES ('12', '197', 'O11') ON DUPLICATE KEY UPDATE serotipo_invitro = 'O11'; 
INSERT INTO secuencia(secuencia_id, aislado_id, complejo_clonal) VALUES ('197', '197', 'nan') ON DUPLICATE KEY UPDATE complejo_clonal = 'nan'; 
INSERT INTO metadata_general(aislado_id, aislado_nombre) VALUES ('198', 'AND01-032') ON DUPLICATE KEY UPDATE aislado_nombre = 'AND01-032'; 
INSERT INTO fenotipo(fenotipo_id, aislado_id, serotipo_invitro) VALUES ('13', '198', 'O11') ON DUPLICATE KEY UPDATE serotipo_invitro = 'O11'; 
INSERT INTO secuencia(secuencia_id, aislado_id, complejo_clonal) VALUES ('198', '198', 'nan') ON DUPLICATE KEY UPDATE complejo_clonal = 'nan'; 
INSERT INTO metadata_general(aislado_id, aislado_nombre) VALUES ('199', 'AND01-037') ON DUPLICATE KEY UPDATE aislado_nombre = 'AND01-037'; 
INSERT INTO fenotipo(fenotipo_id, aislado_id, serotipo_invitro) VALUES ('14', '199', 'O11') ON DUPLICATE KEY UPDATE serotipo_invitro = 'O11'; 
INSERT INTO secuencia(secuencia_id, aislado_id, complejo_clonal) VALUES ('199', '199', 'nan') ON DUPLICATE KEY UPDATE complejo_clonal = 'nan'; 
INSERT INTO metadata_general(aislado_id, aislado_nombre) VALUES ('200', 'AND01-034') ON DUPLICATE KEY UPDATE aislado_nombre = 'AND01-034'; 
INSERT INTO fenotipo(fenotipo_id, aislado_id, serotipo_invitro) VALUES ('15', '200', 'O2') ON DUPLICATE KEY UPDATE serotipo_invitro = 'O2'; 
INSERT INTO secuencia(secuencia_id, aislado_id, complejo_clonal) VALUES ('200', '200', 'nan') ON DUPLICATE KEY UPDATE complejo_clonal = 'nan'; 
INSERT INTO metadata_general(aislado_id, aislado_nombre) VALUES ('201', 'AND01-035') ON DUPLICATE KEY UPDATE aislado_nombre = 'AND01-035'; 
INSERT INTO fenotipo(fenotipo_id, aislado_id, serotipo_invitro) VALUES ('16', '201', 'O2') ON DUPLICATE KEY UPDATE serotipo_invitro = 'O2'; 
INSERT INTO secuencia(secuencia_id, aislado_id, complejo_clonal) VALUES ('201', '201', 'nan') ON DUPLICATE KEY UPDATE complejo_clonal = 'nan'; 
INSERT INTO metadata_general(aislado_id, aislado_nombre) VALUES ('202', 'AND01-006') ON DUPLICATE KEY UPDATE aislado_nombre = 'AND01-006'; 
INSERT INTO fenotipo(fenotipo_id, aislado_id, serotipo_invitro) VALUES ('17', '202', 'O6') ON DUPLICATE KEY UPDATE serotipo_invitro = 'O6'; 
INSERT INTO secuencia(secuencia_id, aislado_id, complejo_clonal) VALUES ('202', '202', 'nan') ON DUPLICATE KEY UPDATE complejo_clonal = 'nan'; 
INSERT INTO metadata_general(aislado_id, aislado_nombre) VALUES ('203', 'AND01-008') ON DUPLICATE KEY UPDATE aislado_nombre = 'AND01-008'; 
INSERT INTO fenotipo(fenotipo_id, aislado_id, serotipo_invitro) VALUES ('18', '203', 'O6') ON DUPLICATE KEY UPDATE serotipo_invitro = 'O6'; 
INSERT INTO secuencia(secuencia_id, aislado_id, complejo_clonal) VALUES ('203', '203', 'nan') ON DUPLICATE KEY UPDATE complejo_clonal = 'nan'; 
INSERT INTO metadata_general(aislado_id, aislado_nombre) VALUES ('204', 'AND01-011') ON DUPLICATE KEY UPDATE aislado_nombre = 'AND01-011'; 
INSERT INTO fenotipo(fenotipo_id, aislado_id, serotipo_invitro) VALUES ('19', '204', 'O6') ON DUPLICATE KEY UPDATE serotipo_invitro = 'O6'; 
INSERT INTO secuencia(secuencia_id, aislado_id, complejo_clonal) VALUES ('204', '204', 'nan') ON DUPLICATE KEY UPDATE complejo_clonal = 'nan'; 
INSERT INTO metadata_general(aislado_id, aislado_nombre) VALUES ('205', 'AND01-015') ON DUPLICATE KEY UPDATE aislado_nombre = 'AND01-015'; 
INSERT INTO fenotipo(fenotipo_id, aislado_id, serotipo_invitro) VALUES ('20', '205', 'O6') ON DUPLICATE KEY UPDATE serotipo_invitro = 'O6'; 
INSERT INTO secuencia(secuencia_id, aislado_id, complejo_clonal) VALUES ('205', '205', 'nan') ON DUPLICATE KEY UPDATE complejo_clonal = 'nan'; 
INSERT INTO metadata_general(aislado_id, aislado_nombre) VALUES ('206', 'AND01-021') ON DUPLICATE KEY UPDATE aislado_nombre = 'AND01-021'; 
INSERT INTO fenotipo(fenotipo_id, aislado_id, serotipo_invitro) VALUES ('21', '206', 'O6') ON DUPLICATE KEY UPDATE serotipo_invitro = 'O6'; 
INSERT INTO secuencia(secuencia_id, aislado_id, complejo_clonal) VALUES ('206', '206', 'nan') ON DUPLICATE KEY UPDATE complejo_clonal = 'nan'; 
INSERT INTO metadata_general(aislado_id, aislado_nombre) VALUES ('207', 'AND01-023') ON DUPLICATE KEY UPDATE aislado_nombre = 'AND01-023'; 
INSERT INTO fenotipo(fenotipo_id, aislado_id, serotipo_invitro) VALUES ('22', '207', 'O6') ON DUPLICATE KEY UPDATE serotipo_invitro = 'O6'; 
INSERT INTO secuencia(secuencia_id, aislado_id, complejo_clonal) VALUES ('207', '207', 'nan') ON DUPLICATE KEY UPDATE complejo_clonal = 'nan'; 
INSERT INTO metadata_general(aislado_id, aislado_nombre) VALUES ('208', 'AND01-027') ON DUPLICATE KEY UPDATE aislado_nombre = 'AND01-027'; 
INSERT INTO fenotipo(fenotipo_id, aislado_id, serotipo_invitro) VALUES ('23', '208', 'O6') ON DUPLICATE KEY UPDATE serotipo_invitro = 'O6'; 
INSERT INTO secuencia(secuencia_id, aislado_id, complejo_clonal) VALUES ('208', '208', 'nan') ON DUPLICATE KEY UPDATE complejo_clonal = 'nan'; 
INSERT INTO metadata_general(aislado_id, aislado_nombre) VALUES ('209', 'AND01-031') ON DUPLICATE KEY UPDATE aislado_nombre = 'AND01-031'; 
INSERT INTO fenotipo(fenotipo_id, aislado_id, serotipo_invitro) VALUES ('24', '209', 'O6') ON DUPLICATE KEY UPDATE serotipo_invitro = 'O6'; 
INSERT INTO secuencia(secuencia_id, aislado_id, complejo_clonal) VALUES ('209', '209', 'nan') ON DUPLICATE KEY UPDATE complejo_clonal = 'nan'; 
INSERT INTO metadata_general(aislado_id, aislado_nombre) VALUES ('5', 'AND01-038') ON DUPLICATE KEY UPDATE aislado_nombre = 'AND01-038'; 
INSERT INTO fenotipo(fenotipo_id, aislado_id, serotipo_invitro) VALUES ('25', '5', 'O2') ON DUPLICATE KEY UPDATE serotipo_invitro = 'O2'; 
INSERT INTO secuencia(secuencia_id, aislado_id, complejo_clonal) VALUES ('5', '5', 'ST-3155') ON DUPLICATE KEY UPDATE complejo_clonal = 'ST-3155'; 
INSERT INTO metadata_general(aislado_id, aislado_nombre) VALUES ('3', 'AND01-020') ON DUPLICATE KEY UPDATE aislado_nombre = 'AND01-020'; 
INSERT INTO fenotipo(fenotipo_id, aislado_id, serotipo_invitro) VALUES ('26', '3', 'No aglutina') ON DUPLICATE KEY UPDATE serotipo_invitro = 'No aglutina'; 
INSERT INTO secuencia(secuencia_id, aislado_id, complejo_clonal) VALUES ('3', '3', 'ST-244') ON DUPLICATE KEY UPDATE complejo_clonal = 'ST-244'; 
INSERT INTO metadata_general(aislado_id, aislado_nombre) VALUES ('2', 'AND01-016') ON DUPLICATE KEY UPDATE aislado_nombre = 'AND01-016'; 
INSERT INTO fenotipo(fenotipo_id, aislado_id, serotipo_invitro) VALUES ('27', '2', 'O2') ON DUPLICATE KEY UPDATE serotipo_invitro = 'O2'; 
INSERT INTO secuencia(secuencia_id, aislado_id, complejo_clonal) VALUES ('2', '2', 'ST-3155') ON DUPLICATE KEY UPDATE complejo_clonal = 'ST-3155'; 
INSERT INTO metadata_general(aislado_id, aislado_nombre) VALUES ('4', 'AND01-030') ON DUPLICATE KEY UPDATE aislado_nombre = 'AND01-030'; 
INSERT INTO fenotipo(fenotipo_id, aislado_id, serotipo_invitro) VALUES ('28', '4', 'O4') ON DUPLICATE KEY UPDATE serotipo_invitro = 'O4'; 
INSERT INTO secuencia(secuencia_id, aislado_id, complejo_clonal) VALUES ('4', '4', 'ST-175') ON DUPLICATE KEY UPDATE complejo_clonal = 'ST-175'; 
INSERT INTO metadata_general(aislado_id, aislado_nombre) VALUES ('1', 'AND01-001') ON DUPLICATE KEY UPDATE aislado_nombre = 'AND01-001'; 
INSERT INTO fenotipo(fenotipo_id, aislado_id, serotipo_invitro) VALUES ('29', '1', 'O6') ON DUPLICATE KEY UPDATE serotipo_invitro = 'O6'; 
INSERT INTO secuencia(secuencia_id, aislado_id, complejo_clonal) VALUES ('1', '1', 'ST-155') ON DUPLICATE KEY UPDATE complejo_clonal = 'ST-155'; 
INSERT INTO metadata_general(aislado_id, aislado_nombre) VALUES ('6', 'AND01-040') ON DUPLICATE KEY UPDATE aislado_nombre = 'AND01-040'; 
INSERT INTO fenotipo(fenotipo_id, aislado_id, serotipo_invitro) VALUES ('30', '6', 'O6') ON DUPLICATE KEY UPDATE serotipo_invitro = 'O6'; 
INSERT INTO secuencia(secuencia_id, aislado_id, complejo_clonal) VALUES ('6', '6', 'ST-231') ON DUPLICATE KEY UPDATE complejo_clonal = 'ST-231'; 
INSERT INTO metadata_general(aislado_id, aislado_nombre) VALUES ('210', 'AND02-015') ON DUPLICATE KEY UPDATE aislado_nombre = 'AND02-015'; 
INSERT INTO fenotipo(fenotipo_id, aislado_id, serotipo_invitro) VALUES ('31', '210', 'No aglutina') ON DUPLICATE KEY UPDATE serotipo_invitro = 'No aglutina'; 
INSERT INTO secuencia(secuencia_id, aislado_id, complejo_clonal) VALUES ('210', '210', 'nan') ON DUPLICATE KEY UPDATE complejo_clonal = 'nan'; 
INSERT INTO metadata_general(aislado_id, aislado_nombre) VALUES ('211', 'AND02-008') ON DUPLICATE KEY UPDATE aislado_nombre = 'AND02-008'; 
INSERT INTO fenotipo(fenotipo_id, aislado_id, serotipo_invitro) VALUES ('32', '211', 'O1') ON DUPLICATE KEY UPDATE serotipo_invitro = 'O1'; 
INSERT INTO secuencia(secuencia_id, aislado_id, complejo_clonal) VALUES ('211', '211', 'nan') ON DUPLICATE KEY UPDATE complejo_clonal = 'nan'; 
INSERT INTO metadata_general(aislado_id, aislado_nombre) VALUES ('212', 'AND02-006') ON DUPLICATE KEY UPDATE aislado_nombre = 'AND02-006'; 
INSERT INTO fenotipo(fenotipo_id, aislado_id, serotipo_invitro) VALUES ('33', '212', 'No aglutina') ON DUPLICATE KEY UPDATE serotipo_invitro = 'No aglutina'; 
INSERT INTO secuencia(secuencia_id, aislado_id, complejo_clonal) VALUES ('212', '212', 'nan') ON DUPLICATE KEY UPDATE complejo_clonal = 'nan'; 
INSERT INTO metadata_general(aislado_id, aislado_nombre) VALUES ('213', 'AND02-028') ON DUPLICATE KEY UPDATE aislado_nombre = 'AND02-028'; 
INSERT INTO fenotipo(fenotipo_id, aislado_id, serotipo_invitro) VALUES ('34', '213', 'No aglutina') ON DUPLICATE KEY UPDATE serotipo_invitro = 'No aglutina'; 
INSERT INTO secuencia(secuencia_id, aislado_id, complejo_clonal) VALUES ('213', '213', 'nan') ON DUPLICATE KEY UPDATE complejo_clonal = 'nan'; 
INSERT INTO metadata_general(aislado_id, aislado_nombre) VALUES ('214', 'AND02-031') ON DUPLICATE KEY UPDATE aislado_nombre = 'AND02-031'; 
INSERT INTO fenotipo(fenotipo_id, aislado_id, serotipo_invitro) VALUES ('35', '214', 'No aglutina') ON DUPLICATE KEY UPDATE serotipo_invitro = 'No aglutina'; 
INSERT INTO secuencia(secuencia_id, aislado_id, complejo_clonal) VALUES ('214', '214', 'nan') ON DUPLICATE KEY UPDATE complejo_clonal = 'nan'; 
INSERT INTO metadata_general(aislado_id, aislado_nombre) VALUES ('215', 'AND02-002') ON DUPLICATE KEY UPDATE aislado_nombre = 'AND02-002'; 
INSERT INTO fenotipo(fenotipo_id, aislado_id, serotipo_invitro) VALUES ('36', '215', 'O1') ON DUPLICATE KEY UPDATE serotipo_invitro = 'O1'; 
INSERT INTO secuencia(secuencia_id, aislado_id, complejo_clonal) VALUES ('215', '215', 'nan') ON DUPLICATE KEY UPDATE complejo_clonal = 'nan'; 
INSERT INTO metadata_general(aislado_id, aislado_nombre) VALUES ('216', 'AND02-014') ON DUPLICATE KEY UPDATE aislado_nombre = 'AND02-014'; 
INSERT INTO fenotipo(fenotipo_id, aislado_id, serotipo_invitro) VALUES ('37', '216', 'O1') ON DUPLICATE KEY UPDATE serotipo_invitro = 'O1'; 
INSERT INTO secuencia(secuencia_id, aislado_id, complejo_clonal) VALUES ('216', '216', 'nan') ON DUPLICATE KEY UPDATE complejo_clonal = 'nan'; 
INSERT INTO metadata_general(aislado_id, aislado_nombre) VALUES ('217', 'AND02-019') ON DUPLICATE KEY UPDATE aislado_nombre = 'AND02-019'; 
INSERT INTO fenotipo(fenotipo_id, aislado_id, serotipo_invitro) VALUES ('38', '217', 'O1') ON DUPLICATE KEY UPDATE serotipo_invitro = 'O1'; 
INSERT INTO secuencia(secuencia_id, aislado_id, complejo_clonal) VALUES ('217', '217', 'nan') ON DUPLICATE KEY UPDATE complejo_clonal = 'nan'; 
INSERT INTO metadata_general(aislado_id, aislado_nombre) VALUES ('218', 'AND02-025') ON DUPLICATE KEY UPDATE aislado_nombre = 'AND02-025'; 
INSERT INTO fenotipo(fenotipo_id, aislado_id, serotipo_invitro) VALUES ('39', '218', 'O1') ON DUPLICATE KEY UPDATE serotipo_invitro = 'O1'; 
INSERT INTO secuencia(secuencia_id, aislado_id, complejo_clonal) VALUES ('218', '218', 'nan') ON DUPLICATE KEY UPDATE complejo_clonal = 'nan'; 
INSERT INTO metadata_general(aislado_id, aislado_nombre) VALUES ('219', 'AND02-041') ON DUPLICATE KEY UPDATE aislado_nombre = 'AND02-041'; 
INSERT INTO fenotipo(fenotipo_id, aislado_id, serotipo_invitro) VALUES ('40', '219', 'O1') ON DUPLICATE KEY UPDATE serotipo_invitro = 'O1'; 
INSERT INTO secuencia(secuencia_id, aislado_id, complejo_clonal) VALUES ('219', '219', 'nan') ON DUPLICATE KEY UPDATE complejo_clonal = 'nan'; 
INSERT INTO metadata_general(aislado_id, aislado_nombre) VALUES ('220', 'AND02-009') ON DUPLICATE KEY UPDATE aislado_nombre = 'AND02-009'; 
INSERT INTO fenotipo(fenotipo_id, aislado_id, serotipo_invitro) VALUES ('41', '220', 'O10') ON DUPLICATE KEY UPDATE serotipo_invitro = 'O10'; 
INSERT INTO secuencia(secuencia_id, aislado_id, complejo_clonal) VALUES ('220', '220', 'nan') ON DUPLICATE KEY UPDATE complejo_clonal = 'nan'; 
INSERT INTO metadata_general(aislado_id, aislado_nombre) VALUES ('221', 'AND02-033') ON DUPLICATE KEY UPDATE aislado_nombre = 'AND02-033'; 
INSERT INTO fenotipo(fenotipo_id, aislado_id, serotipo_invitro) VALUES ('42', '221', 'O10') ON DUPLICATE KEY UPDATE serotipo_invitro = 'O10'; 
INSERT INTO secuencia(secuencia_id, aislado_id, complejo_clonal) VALUES ('221', '221', 'nan') ON DUPLICATE KEY UPDATE complejo_clonal = 'nan'; 
INSERT INTO metadata_general(aislado_id, aislado_nombre) VALUES ('222', 'AND02-024') ON DUPLICATE KEY UPDATE aislado_nombre = 'AND02-024'; 
INSERT INTO fenotipo(fenotipo_id, aislado_id, serotipo_invitro) VALUES ('43', '222', 'O11') ON DUPLICATE KEY UPDATE serotipo_invitro = 'O11'; 
INSERT INTO secuencia(secuencia_id, aislado_id, complejo_clonal) VALUES ('222', '222', 'nan') ON DUPLICATE KEY UPDATE complejo_clonal = 'nan'; 
INSERT INTO metadata_general(aislado_id, aislado_nombre) VALUES ('223', 'AND02-013') ON DUPLICATE KEY UPDATE aislado_nombre = 'AND02-013'; 
INSERT INTO fenotipo(fenotipo_id, aislado_id, serotipo_invitro) VALUES ('44', '223', 'O16') ON DUPLICATE KEY UPDATE serotipo_invitro = 'O16'; 
INSERT INTO secuencia(secuencia_id, aislado_id, complejo_clonal) VALUES ('223', '223', 'nan') ON DUPLICATE KEY UPDATE complejo_clonal = 'nan'; 
INSERT INTO metadata_general(aislado_id, aislado_nombre) VALUES ('224', 'AND02-018') ON DUPLICATE KEY UPDATE aislado_nombre = 'AND02-018'; 
INSERT INTO fenotipo(fenotipo_id, aislado_id, serotipo_invitro) VALUES ('45', '224', 'O2') ON DUPLICATE KEY UPDATE serotipo_invitro = 'O2'; 
INSERT INTO secuencia(secuencia_id, aislado_id, complejo_clonal) VALUES ('224', '224', 'nan') ON DUPLICATE KEY UPDATE complejo_clonal = 'nan'; 
INSERT INTO metadata_general(aislado_id, aislado_nombre) VALUES ('225', 'AND02-021') ON DUPLICATE KEY UPDATE aislado_nombre = 'AND02-021'; 
INSERT INTO fenotipo(fenotipo_id, aislado_id, serotipo_invitro) VALUES ('46', '225', 'O2') ON DUPLICATE KEY UPDATE serotipo_invitro = 'O2'; 
INSERT INTO secuencia(secuencia_id, aislado_id, complejo_clonal) VALUES ('225', '225', 'nan') ON DUPLICATE KEY UPDATE complejo_clonal = 'nan'; 
INSERT INTO metadata_general(aislado_id, aislado_nombre) VALUES ('226', 'AND02-034') ON DUPLICATE KEY UPDATE aislado_nombre = 'AND02-034'; 
INSERT INTO fenotipo(fenotipo_id, aislado_id, serotipo_invitro) VALUES ('47', '226', 'O3') ON DUPLICATE KEY UPDATE serotipo_invitro = 'O3'; 
INSERT INTO secuencia(secuencia_id, aislado_id, complejo_clonal) VALUES ('226', '226', 'nan') ON DUPLICATE KEY UPDATE complejo_clonal = 'nan'; 
INSERT INTO metadata_general(aislado_id, aislado_nombre) VALUES ('227', 'AND02-036') ON DUPLICATE KEY UPDATE aislado_nombre = 'AND02-036'; 
INSERT INTO fenotipo(fenotipo_id, aislado_id, serotipo_invitro) VALUES ('48', '227', 'O3') ON DUPLICATE KEY UPDATE serotipo_invitro = 'O3'; 
INSERT INTO secuencia(secuencia_id, aislado_id, complejo_clonal) VALUES ('227', '227', 'nan') ON DUPLICATE KEY UPDATE complejo_clonal = 'nan'; 
INSERT INTO metadata_general(aislado_id, aislado_nombre) VALUES ('228', 'AND02-039') ON DUPLICATE KEY UPDATE aislado_nombre = 'AND02-039'; 
INSERT INTO fenotipo(fenotipo_id, aislado_id, serotipo_invitro) VALUES ('49', '228', 'O3') ON DUPLICATE KEY UPDATE serotipo_invitro = 'O3'; 
INSERT INTO secuencia(secuencia_id, aislado_id, complejo_clonal) VALUES ('228', '228', 'nan') ON DUPLICATE KEY UPDATE complejo_clonal = 'nan'; 
INSERT INTO metadata_general(aislado_id, aislado_nombre) VALUES ('229', 'AND02-040') ON DUPLICATE KEY UPDATE aislado_nombre = 'AND02-040'; 
INSERT INTO fenotipo(fenotipo_id, aislado_id, serotipo_invitro) VALUES ('50', '229', 'O3') ON DUPLICATE KEY UPDATE serotipo_invitro = 'O3'; 
INSERT INTO secuencia(secuencia_id, aislado_id, complejo_clonal) VALUES ('229', '229', 'nan') ON DUPLICATE KEY UPDATE complejo_clonal = 'nan'; 
INSERT INTO metadata_general(aislado_id, aislado_nombre) VALUES ('230', 'AND02-032') ON DUPLICATE KEY UPDATE aislado_nombre = 'AND02-032'; 
INSERT INTO fenotipo(fenotipo_id, aislado_id, serotipo_invitro) VALUES ('51', '230', 'O4') ON DUPLICATE KEY UPDATE serotipo_invitro = 'O4'; 
INSERT INTO secuencia(secuencia_id, aislado_id, complejo_clonal) VALUES ('230', '230', 'ST-2547') ON DUPLICATE KEY UPDATE complejo_clonal = 'ST-2547'; 
INSERT INTO metadata_general(aislado_id, aislado_nombre) VALUES ('231', 'AND02-029') ON DUPLICATE KEY UPDATE aislado_nombre = 'AND02-029'; 
INSERT INTO fenotipo(fenotipo_id, aislado_id, serotipo_invitro) VALUES ('52', '231', 'O5') ON DUPLICATE KEY UPDATE serotipo_invitro = 'O5'; 
INSERT INTO secuencia(secuencia_id, aislado_id, complejo_clonal) VALUES ('231', '231', 'nan') ON DUPLICATE KEY UPDATE complejo_clonal = 'nan'; 
INSERT INTO metadata_general(aislado_id, aislado_nombre) VALUES ('232', 'AND02-035') ON DUPLICATE KEY UPDATE aislado_nombre = 'AND02-035'; 
INSERT INTO fenotipo(fenotipo_id, aislado_id, serotipo_invitro) VALUES ('53', '232', 'O5') ON DUPLICATE KEY UPDATE serotipo_invitro = 'O5'; 
INSERT INTO secuencia(secuencia_id, aislado_id, complejo_clonal) VALUES ('232', '232', 'nan') ON DUPLICATE KEY UPDATE complejo_clonal = 'nan'; 
INSERT INTO metadata_general(aislado_id, aislado_nombre) VALUES ('233', 'AND02-007') ON DUPLICATE KEY UPDATE aislado_nombre = 'AND02-007'; 
INSERT INTO fenotipo(fenotipo_id, aislado_id, serotipo_invitro) VALUES ('54', '233', 'O6') ON DUPLICATE KEY UPDATE serotipo_invitro = 'O6'; 
INSERT INTO secuencia(secuencia_id, aislado_id, complejo_clonal) VALUES ('233', '233', 'nan') ON DUPLICATE KEY UPDATE complejo_clonal = 'nan'; 
INSERT INTO metadata_general(aislado_id, aislado_nombre) VALUES ('234', 'AND02-027') ON DUPLICATE KEY UPDATE aislado_nombre = 'AND02-027'; 
INSERT INTO fenotipo(fenotipo_id, aislado_id, serotipo_invitro) VALUES ('55', '234', 'O6') ON DUPLICATE KEY UPDATE serotipo_invitro = 'O6'; 
INSERT INTO secuencia(secuencia_id, aislado_id, complejo_clonal) VALUES ('234', '234', 'nan') ON DUPLICATE KEY UPDATE complejo_clonal = 'nan'; 
INSERT INTO metadata_general(aislado_id, aislado_nombre) VALUES ('235', 'AND02-037A') ON DUPLICATE KEY UPDATE aislado_nombre = 'AND02-037A'; 
INSERT INTO fenotipo(fenotipo_id, aislado_id, serotipo_invitro) VALUES ('56', '235', 'O6') ON DUPLICATE KEY UPDATE serotipo_invitro = 'O6'; 
INSERT INTO secuencia(secuencia_id, aislado_id, complejo_clonal) VALUES ('235', '235', 'nan') ON DUPLICATE KEY UPDATE complejo_clonal = 'nan'; 
INSERT INTO metadata_general(aislado_id, aislado_nombre) VALUES ('236', 'AND02-003') ON DUPLICATE KEY UPDATE aislado_nombre = 'AND02-003'; 
INSERT INTO fenotipo(fenotipo_id, aislado_id, serotipo_invitro) VALUES ('57', '236', 'O11') ON DUPLICATE KEY UPDATE serotipo_invitro = 'O11'; 
INSERT INTO secuencia(secuencia_id, aislado_id, complejo_clonal) VALUES ('236', '236', 'ST-308') ON DUPLICATE KEY UPDATE complejo_clonal = 'ST-308'; 
INSERT INTO metadata_general(aislado_id, aislado_nombre) VALUES ('9', 'AND02-023') ON DUPLICATE KEY UPDATE aislado_nombre = 'AND02-023'; 
INSERT INTO fenotipo(fenotipo_id, aislado_id, serotipo_invitro) VALUES ('58', '9', 'O11') ON DUPLICATE KEY UPDATE serotipo_invitro = 'O11'; 
INSERT INTO secuencia(secuencia_id, aislado_id, complejo_clonal) VALUES ('9', '9', 'ST-308') ON DUPLICATE KEY UPDATE complejo_clonal = 'ST-308'; 
INSERT INTO metadata_general(aislado_id, aislado_nombre) VALUES ('8', 'AND02-016') ON DUPLICATE KEY UPDATE aislado_nombre = 'AND02-016'; 
INSERT INTO fenotipo(fenotipo_id, aislado_id, serotipo_invitro) VALUES ('59', '8', 'No aglutina') ON DUPLICATE KEY UPDATE serotipo_invitro = 'No aglutina'; 
INSERT INTO secuencia(secuencia_id, aislado_id, complejo_clonal) VALUES ('8', '8', 'ST-360') ON DUPLICATE KEY UPDATE complejo_clonal = 'ST-360'; 
INSERT INTO metadata_general(aislado_id, aislado_nombre) VALUES ('7', 'AND02-001') ON DUPLICATE KEY UPDATE aislado_nombre = 'AND02-001'; 
INSERT INTO fenotipo(fenotipo_id, aislado_id, serotipo_invitro) VALUES ('60', '7', 'O6') ON DUPLICATE KEY UPDATE serotipo_invitro = 'O6'; 
INSERT INTO secuencia(secuencia_id, aislado_id, complejo_clonal) VALUES ('7', '7', 'ST-155') ON DUPLICATE KEY UPDATE complejo_clonal = 'ST-155'; 
INSERT INTO metadata_general(aislado_id, aislado_nombre) VALUES ('237', 'AND03-018') ON DUPLICATE KEY UPDATE aislado_nombre = 'AND03-018'; 
INSERT INTO fenotipo(fenotipo_id, aislado_id, serotipo_invitro) VALUES ('61', '237', 'No Aglutina') ON DUPLICATE KEY UPDATE serotipo_invitro = 'No Aglutina'; 
INSERT INTO secuencia(secuencia_id, aislado_id, complejo_clonal) VALUES ('237', '237', 'nan') ON DUPLICATE KEY UPDATE complejo_clonal = 'nan'; 
INSERT INTO metadata_general(aislado_id, aislado_nombre) VALUES ('238', 'AND03-009') ON DUPLICATE KEY UPDATE aislado_nombre = 'AND03-009'; 
INSERT INTO fenotipo(fenotipo_id, aislado_id, serotipo_invitro) VALUES ('62', '238', 'O1') ON DUPLICATE KEY UPDATE serotipo_invitro = 'O1'; 
INSERT INTO secuencia(secuencia_id, aislado_id, complejo_clonal) VALUES ('238', '238', 'nan') ON DUPLICATE KEY UPDATE complejo_clonal = 'nan'; 
INSERT INTO metadata_general(aislado_id, aislado_nombre) VALUES ('239', 'AND03-012') ON DUPLICATE KEY UPDATE aislado_nombre = 'AND03-012'; 
INSERT INTO fenotipo(fenotipo_id, aislado_id, serotipo_invitro) VALUES ('63', '239', 'O1') ON DUPLICATE KEY UPDATE serotipo_invitro = 'O1'; 
INSERT INTO secuencia(secuencia_id, aislado_id, complejo_clonal) VALUES ('239', '239', 'nan') ON DUPLICATE KEY UPDATE complejo_clonal = 'nan'; 
INSERT INTO metadata_general(aislado_id, aislado_nombre) VALUES ('240', 'AND03-015') ON DUPLICATE KEY UPDATE aislado_nombre = 'AND03-015'; 
INSERT INTO fenotipo(fenotipo_id, aislado_id, serotipo_invitro) VALUES ('64', '240', 'O1') ON DUPLICATE KEY UPDATE serotipo_invitro = 'O1'; 
INSERT INTO secuencia(secuencia_id, aislado_id, complejo_clonal) VALUES ('240', '240', 'nan') ON DUPLICATE KEY UPDATE complejo_clonal = 'nan'; 
INSERT INTO metadata_general(aislado_id, aislado_nombre) VALUES ('241', 'AND03-033') ON DUPLICATE KEY UPDATE aislado_nombre = 'AND03-033'; 
INSERT INTO fenotipo(fenotipo_id, aislado_id, serotipo_invitro) VALUES ('65', '241', 'O1') ON DUPLICATE KEY UPDATE serotipo_invitro = 'O1'; 
INSERT INTO secuencia(secuencia_id, aislado_id, complejo_clonal) VALUES ('241', '241', 'nan') ON DUPLICATE KEY UPDATE complejo_clonal = 'nan'; 
INSERT INTO metadata_general(aislado_id, aislado_nombre) VALUES ('242', 'AND03-043') ON DUPLICATE KEY UPDATE aislado_nombre = 'AND03-043'; 
INSERT INTO fenotipo(fenotipo_id, aislado_id, serotipo_invitro) VALUES ('66', '242', 'O1') ON DUPLICATE KEY UPDATE serotipo_invitro = 'O1'; 
INSERT INTO secuencia(secuencia_id, aislado_id, complejo_clonal) VALUES ('242', '242', 'nan') ON DUPLICATE KEY UPDATE complejo_clonal = 'nan'; 
INSERT INTO metadata_general(aislado_id, aislado_nombre) VALUES ('243', 'AND03-044') ON DUPLICATE KEY UPDATE aislado_nombre = 'AND03-044'; 
INSERT INTO fenotipo(fenotipo_id, aislado_id, serotipo_invitro) VALUES ('67', '243', 'O1') ON DUPLICATE KEY UPDATE serotipo_invitro = 'O1'; 
INSERT INTO secuencia(secuencia_id, aislado_id, complejo_clonal) VALUES ('243', '243', 'nan') ON DUPLICATE KEY UPDATE complejo_clonal = 'nan'; 
INSERT INTO metadata_general(aislado_id, aislado_nombre) VALUES ('244', 'AND03-048') ON DUPLICATE KEY UPDATE aislado_nombre = 'AND03-048'; 
INSERT INTO fenotipo(fenotipo_id, aislado_id, serotipo_invitro) VALUES ('68', '244', 'O1') ON DUPLICATE KEY UPDATE serotipo_invitro = 'O1'; 
INSERT INTO secuencia(secuencia_id, aislado_id, complejo_clonal) VALUES ('244', '244', 'nan') ON DUPLICATE KEY UPDATE complejo_clonal = 'nan'; 
INSERT INTO metadata_general(aislado_id, aislado_nombre) VALUES ('245', 'AND03-031') ON DUPLICATE KEY UPDATE aislado_nombre = 'AND03-031'; 
INSERT INTO fenotipo(fenotipo_id, aislado_id, serotipo_invitro) VALUES ('69', '245', 'O11') ON DUPLICATE KEY UPDATE serotipo_invitro = 'O11'; 
INSERT INTO secuencia(secuencia_id, aislado_id, complejo_clonal) VALUES ('245', '245', 'nan') ON DUPLICATE KEY UPDATE complejo_clonal = 'nan'; 
INSERT INTO metadata_general(aislado_id, aislado_nombre) VALUES ('246', 'AND03-037') ON DUPLICATE KEY UPDATE aislado_nombre = 'AND03-037'; 
INSERT INTO fenotipo(fenotipo_id, aislado_id, serotipo_invitro) VALUES ('70', '246', 'O11') ON DUPLICATE KEY UPDATE serotipo_invitro = 'O11'; 
INSERT INTO secuencia(secuencia_id, aislado_id, complejo_clonal) VALUES ('246', '246', 'nan') ON DUPLICATE KEY UPDATE complejo_clonal = 'nan'; 
INSERT INTO metadata_general(aislado_id, aislado_nombre) VALUES ('247', 'AND03-039') ON DUPLICATE KEY UPDATE aislado_nombre = 'AND03-039'; 
INSERT INTO fenotipo(fenotipo_id, aislado_id, serotipo_invitro) VALUES ('71', '247', 'O11') ON DUPLICATE KEY UPDATE serotipo_invitro = 'O11'; 
INSERT INTO secuencia(secuencia_id, aislado_id, complejo_clonal) VALUES ('247', '247', 'nan') ON DUPLICATE KEY UPDATE complejo_clonal = 'nan'; 
INSERT INTO metadata_general(aislado_id, aislado_nombre) VALUES ('248', 'AND03-046') ON DUPLICATE KEY UPDATE aislado_nombre = 'AND03-046'; 
INSERT INTO fenotipo(fenotipo_id, aislado_id, serotipo_invitro) VALUES ('72', '248', 'O12') ON DUPLICATE KEY UPDATE serotipo_invitro = 'O12'; 
INSERT INTO secuencia(secuencia_id, aislado_id, complejo_clonal) VALUES ('248', '248', 'nan') ON DUPLICATE KEY UPDATE complejo_clonal = 'nan'; 
INSERT INTO metadata_general(aislado_id, aislado_nombre) VALUES ('249', 'AND03-049') ON DUPLICATE KEY UPDATE aislado_nombre = 'AND03-049'; 
INSERT INTO fenotipo(fenotipo_id, aislado_id, serotipo_invitro) VALUES ('73', '249', 'O16') ON DUPLICATE KEY UPDATE serotipo_invitro = 'O16'; 
INSERT INTO secuencia(secuencia_id, aislado_id, complejo_clonal) VALUES ('249', '249', 'nan') ON DUPLICATE KEY UPDATE complejo_clonal = 'nan'; 
INSERT INTO metadata_general(aislado_id, aislado_nombre) VALUES ('250', 'AND03-003') ON DUPLICATE KEY UPDATE aislado_nombre = 'AND03-003'; 
INSERT INTO fenotipo(fenotipo_id, aislado_id, serotipo_invitro) VALUES ('74', '250', 'O2') ON DUPLICATE KEY UPDATE serotipo_invitro = 'O2'; 
INSERT INTO secuencia(secuencia_id, aislado_id, complejo_clonal) VALUES ('250', '250', 'nan') ON DUPLICATE KEY UPDATE complejo_clonal = 'nan'; 
INSERT INTO metadata_general(aislado_id, aislado_nombre) VALUES ('251', 'AND03-017') ON DUPLICATE KEY UPDATE aislado_nombre = 'AND03-017'; 
INSERT INTO fenotipo(fenotipo_id, aislado_id, serotipo_invitro) VALUES ('75', '251', 'O2') ON DUPLICATE KEY UPDATE serotipo_invitro = 'O2'; 
INSERT INTO secuencia(secuencia_id, aislado_id, complejo_clonal) VALUES ('251', '251', 'nan') ON DUPLICATE KEY UPDATE complejo_clonal = 'nan'; 
INSERT INTO metadata_general(aislado_id, aislado_nombre) VALUES ('252', 'AND03-001') ON DUPLICATE KEY UPDATE aislado_nombre = 'AND03-001'; 
INSERT INTO fenotipo(fenotipo_id, aislado_id, serotipo_invitro) VALUES ('76', '252', 'O3') ON DUPLICATE KEY UPDATE serotipo_invitro = 'O3'; 
INSERT INTO secuencia(secuencia_id, aislado_id, complejo_clonal) VALUES ('252', '252', 'nan') ON DUPLICATE KEY UPDATE complejo_clonal = 'nan'; 
INSERT INTO metadata_general(aislado_id, aislado_nombre) VALUES ('253', 'AND03-025') ON DUPLICATE KEY UPDATE aislado_nombre = 'AND03-025'; 
INSERT INTO fenotipo(fenotipo_id, aislado_id, serotipo_invitro) VALUES ('77', '253', 'O3') ON DUPLICATE KEY UPDATE serotipo_invitro = 'O3'; 
INSERT INTO secuencia(secuencia_id, aislado_id, complejo_clonal) VALUES ('253', '253', 'nan') ON DUPLICATE KEY UPDATE complejo_clonal = 'nan'; 
INSERT INTO metadata_general(aislado_id, aislado_nombre) VALUES ('254', 'AND03-040') ON DUPLICATE KEY UPDATE aislado_nombre = 'AND03-040'; 
INSERT INTO fenotipo(fenotipo_id, aislado_id, serotipo_invitro) VALUES ('78', '254', 'O3') ON DUPLICATE KEY UPDATE serotipo_invitro = 'O3'; 
INSERT INTO secuencia(secuencia_id, aislado_id, complejo_clonal) VALUES ('254', '254', 'nan') ON DUPLICATE KEY UPDATE complejo_clonal = 'nan'; 
INSERT INTO metadata_general(aislado_id, aislado_nombre) VALUES ('255', 'AND03-035') ON DUPLICATE KEY UPDATE aislado_nombre = 'AND03-035'; 
INSERT INTO fenotipo(fenotipo_id, aislado_id, serotipo_invitro) VALUES ('79', '255', 'O5') ON DUPLICATE KEY UPDATE serotipo_invitro = 'O5'; 
INSERT INTO secuencia(secuencia_id, aislado_id, complejo_clonal) VALUES ('255', '255', 'nan') ON DUPLICATE KEY UPDATE complejo_clonal = 'nan'; 
INSERT INTO metadata_general(aislado_id, aislado_nombre) VALUES ('256', 'AND03-045') ON DUPLICATE KEY UPDATE aislado_nombre = 'AND03-045'; 
INSERT INTO fenotipo(fenotipo_id, aislado_id, serotipo_invitro) VALUES ('80', '256', 'O5') ON DUPLICATE KEY UPDATE serotipo_invitro = 'O5'; 
INSERT INTO secuencia(secuencia_id, aislado_id, complejo_clonal) VALUES ('256', '256', 'nan') ON DUPLICATE KEY UPDATE complejo_clonal = 'nan'; 
INSERT INTO metadata_general(aislado_id, aislado_nombre) VALUES ('257', 'AND03-014') ON DUPLICATE KEY UPDATE aislado_nombre = 'AND03-014'; 
INSERT INTO fenotipo(fenotipo_id, aislado_id, serotipo_invitro) VALUES ('81', '257', 'O6') ON DUPLICATE KEY UPDATE serotipo_invitro = 'O6'; 
INSERT INTO secuencia(secuencia_id, aislado_id, complejo_clonal) VALUES ('257', '257', 'nan') ON DUPLICATE KEY UPDATE complejo_clonal = 'nan'; 
INSERT INTO metadata_general(aislado_id, aislado_nombre) VALUES ('258', 'AND03-016') ON DUPLICATE KEY UPDATE aislado_nombre = 'AND03-016'; 
INSERT INTO fenotipo(fenotipo_id, aislado_id, serotipo_invitro) VALUES ('82', '258', 'O6') ON DUPLICATE KEY UPDATE serotipo_invitro = 'O6'; 
INSERT INTO secuencia(secuencia_id, aislado_id, complejo_clonal) VALUES ('258', '258', 'nan') ON DUPLICATE KEY UPDATE complejo_clonal = 'nan'; 
INSERT INTO metadata_general(aislado_id, aislado_nombre) VALUES ('259', 'AND03-024') ON DUPLICATE KEY UPDATE aislado_nombre = 'AND03-024'; 
INSERT INTO fenotipo(fenotipo_id, aislado_id, serotipo_invitro) VALUES ('83', '259', 'O6') ON DUPLICATE KEY UPDATE serotipo_invitro = 'O6'; 
INSERT INTO secuencia(secuencia_id, aislado_id, complejo_clonal) VALUES ('259', '259', 'nan') ON DUPLICATE KEY UPDATE complejo_clonal = 'nan'; 
INSERT INTO metadata_general(aislado_id, aislado_nombre) VALUES ('260', 'AND03-027') ON DUPLICATE KEY UPDATE aislado_nombre = 'AND03-027'; 
INSERT INTO fenotipo(fenotipo_id, aislado_id, serotipo_invitro) VALUES ('84', '260', 'O6') ON DUPLICATE KEY UPDATE serotipo_invitro = 'O6'; 
INSERT INTO secuencia(secuencia_id, aislado_id, complejo_clonal) VALUES ('260', '260', 'nan') ON DUPLICATE KEY UPDATE complejo_clonal = 'nan'; 
INSERT INTO metadata_general(aislado_id, aislado_nombre) VALUES ('261', 'AND03-028') ON DUPLICATE KEY UPDATE aislado_nombre = 'AND03-028'; 
INSERT INTO fenotipo(fenotipo_id, aislado_id, serotipo_invitro) VALUES ('85', '261', 'O6') ON DUPLICATE KEY UPDATE serotipo_invitro = 'O6'; 
INSERT INTO secuencia(secuencia_id, aislado_id, complejo_clonal) VALUES ('261', '261', 'nan') ON DUPLICATE KEY UPDATE complejo_clonal = 'nan'; 
INSERT INTO metadata_general(aislado_id, aislado_nombre) VALUES ('262', 'AND03-029') ON DUPLICATE KEY UPDATE aislado_nombre = 'AND03-029'; 
INSERT INTO fenotipo(fenotipo_id, aislado_id, serotipo_invitro) VALUES ('86', '262', 'O6') ON DUPLICATE KEY UPDATE serotipo_invitro = 'O6'; 
INSERT INTO secuencia(secuencia_id, aislado_id, complejo_clonal) VALUES ('262', '262', 'nan') ON DUPLICATE KEY UPDATE complejo_clonal = 'nan'; 
INSERT INTO metadata_general(aislado_id, aislado_nombre) VALUES ('263', 'AND03-036') ON DUPLICATE KEY UPDATE aislado_nombre = 'AND03-036'; 
INSERT INTO fenotipo(fenotipo_id, aislado_id, serotipo_invitro) VALUES ('87', '263', 'O6') ON DUPLICATE KEY UPDATE serotipo_invitro = 'O6'; 
INSERT INTO secuencia(secuencia_id, aislado_id, complejo_clonal) VALUES ('263', '263', 'nan') ON DUPLICATE KEY UPDATE complejo_clonal = 'nan'; 
INSERT INTO metadata_general(aislado_id, aislado_nombre) VALUES ('264', 'AND03-042') ON DUPLICATE KEY UPDATE aislado_nombre = 'AND03-042'; 
INSERT INTO fenotipo(fenotipo_id, aislado_id, serotipo_invitro) VALUES ('88', '264', 'O6') ON DUPLICATE KEY UPDATE serotipo_invitro = 'O6'; 
INSERT INTO secuencia(secuencia_id, aislado_id, complejo_clonal) VALUES ('264', '264', 'nan') ON DUPLICATE KEY UPDATE complejo_clonal = 'nan'; 
INSERT INTO metadata_general(aislado_id, aislado_nombre) VALUES ('11', 'AND03-050') ON DUPLICATE KEY UPDATE aislado_nombre = 'AND03-050'; 
INSERT INTO fenotipo(fenotipo_id, aislado_id, serotipo_invitro) VALUES ('89', '11', 'No Aglutina') ON DUPLICATE KEY UPDATE serotipo_invitro = 'No Aglutina'; 
INSERT INTO secuencia(secuencia_id, aislado_id, complejo_clonal) VALUES ('11', '11', 'ST-155') ON DUPLICATE KEY UPDATE complejo_clonal = 'ST-155'; 
INSERT INTO metadata_general(aislado_id, aislado_nombre) VALUES ('10', 'AND03-041') ON DUPLICATE KEY UPDATE aislado_nombre = 'AND03-041'; 
INSERT INTO fenotipo(fenotipo_id, aislado_id, serotipo_invitro) VALUES ('90', '10', 'O11') ON DUPLICATE KEY UPDATE serotipo_invitro = 'O11'; 
INSERT INTO secuencia(secuencia_id, aislado_id, complejo_clonal) VALUES ('10', '10', 'ST-2235') ON DUPLICATE KEY UPDATE complejo_clonal = 'ST-2235'; 
INSERT INTO metadata_general(aislado_id, aislado_nombre) VALUES ('265', 'AND04-015') ON DUPLICATE KEY UPDATE aislado_nombre = 'AND04-015'; 
INSERT INTO fenotipo(fenotipo_id, aislado_id, serotipo_invitro) VALUES ('91', '265', 'No Aglutina') ON DUPLICATE KEY UPDATE serotipo_invitro = 'No Aglutina'; 
INSERT INTO secuencia(secuencia_id, aislado_id, complejo_clonal) VALUES ('265', '265', 'nan') ON DUPLICATE KEY UPDATE complejo_clonal = 'nan'; 
INSERT INTO metadata_general(aislado_id, aislado_nombre) VALUES ('266', 'AND04-024') ON DUPLICATE KEY UPDATE aislado_nombre = 'AND04-024'; 
INSERT INTO fenotipo(fenotipo_id, aislado_id, serotipo_invitro) VALUES ('92', '266', 'No Aglutina') ON DUPLICATE KEY UPDATE serotipo_invitro = 'No Aglutina'; 
INSERT INTO secuencia(secuencia_id, aislado_id, complejo_clonal) VALUES ('266', '266', 'nan') ON DUPLICATE KEY UPDATE complejo_clonal = 'nan'; 
INSERT INTO metadata_general(aislado_id, aislado_nombre) VALUES ('267', 'AND04-027') ON DUPLICATE KEY UPDATE aislado_nombre = 'AND04-027'; 
INSERT INTO fenotipo(fenotipo_id, aislado_id, serotipo_invitro) VALUES ('93', '267', 'No Aglutina') ON DUPLICATE KEY UPDATE serotipo_invitro = 'No Aglutina'; 
INSERT INTO secuencia(secuencia_id, aislado_id, complejo_clonal) VALUES ('267', '267', 'nan') ON DUPLICATE KEY UPDATE complejo_clonal = 'nan'; 
INSERT INTO metadata_general(aislado_id, aislado_nombre) VALUES ('268', 'AND04-029') ON DUPLICATE KEY UPDATE aislado_nombre = 'AND04-029'; 
INSERT INTO fenotipo(fenotipo_id, aislado_id, serotipo_invitro) VALUES ('94', '268', 'No Aglutina') ON DUPLICATE KEY UPDATE serotipo_invitro = 'No Aglutina'; 
INSERT INTO secuencia(secuencia_id, aislado_id, complejo_clonal) VALUES ('268', '268', 'nan') ON DUPLICATE KEY UPDATE complejo_clonal = 'nan'; 
INSERT INTO metadata_general(aislado_id, aislado_nombre) VALUES ('269', 'AND04-032') ON DUPLICATE KEY UPDATE aislado_nombre = 'AND04-032'; 
INSERT INTO fenotipo(fenotipo_id, aislado_id, serotipo_invitro) VALUES ('95', '269', 'No Aglutina') ON DUPLICATE KEY UPDATE serotipo_invitro = 'No Aglutina'; 
INSERT INTO secuencia(secuencia_id, aislado_id, complejo_clonal) VALUES ('269', '269', 'nan') ON DUPLICATE KEY UPDATE complejo_clonal = 'nan'; 
INSERT INTO metadata_general(aislado_id, aislado_nombre) VALUES ('270', 'AND04-043') ON DUPLICATE KEY UPDATE aislado_nombre = 'AND04-043'; 
INSERT INTO fenotipo(fenotipo_id, aislado_id, serotipo_invitro) VALUES ('96', '270', 'No Aglutina') ON DUPLICATE KEY UPDATE serotipo_invitro = 'No Aglutina'; 
INSERT INTO secuencia(secuencia_id, aislado_id, complejo_clonal) VALUES ('270', '270', 'nan') ON DUPLICATE KEY UPDATE complejo_clonal = 'nan'; 
INSERT INTO metadata_general(aislado_id, aislado_nombre) VALUES ('271', 'AND04-010') ON DUPLICATE KEY UPDATE aislado_nombre = 'AND04-010'; 
INSERT INTO fenotipo(fenotipo_id, aislado_id, serotipo_invitro) VALUES ('97', '271', 'O1') ON DUPLICATE KEY UPDATE serotipo_invitro = 'O1'; 
INSERT INTO secuencia(secuencia_id, aislado_id, complejo_clonal) VALUES ('271', '271', 'nan') ON DUPLICATE KEY UPDATE complejo_clonal = 'nan'; 
INSERT INTO metadata_general(aislado_id, aislado_nombre) VALUES ('272', 'AND04-011') ON DUPLICATE KEY UPDATE aislado_nombre = 'AND04-011'; 
INSERT INTO fenotipo(fenotipo_id, aislado_id, serotipo_invitro) VALUES ('98', '272', 'O1') ON DUPLICATE KEY UPDATE serotipo_invitro = 'O1'; 
INSERT INTO secuencia(secuencia_id, aislado_id, complejo_clonal) VALUES ('272', '272', 'nan') ON DUPLICATE KEY UPDATE complejo_clonal = 'nan'; 
INSERT INTO metadata_general(aislado_id, aislado_nombre) VALUES ('273', 'AND04-030') ON DUPLICATE KEY UPDATE aislado_nombre = 'AND04-030'; 
INSERT INTO fenotipo(fenotipo_id, aislado_id, serotipo_invitro) VALUES ('99', '273', 'O1') ON DUPLICATE KEY UPDATE serotipo_invitro = 'O1'; 
INSERT INTO secuencia(secuencia_id, aislado_id, complejo_clonal) VALUES ('273', '273', 'nan') ON DUPLICATE KEY UPDATE complejo_clonal = 'nan'; 
INSERT INTO metadata_general(aislado_id, aislado_nombre) VALUES ('274', 'AND04-035') ON DUPLICATE KEY UPDATE aislado_nombre = 'AND04-035'; 
INSERT INTO fenotipo(fenotipo_id, aislado_id, serotipo_invitro) VALUES ('100', '274', 'O1') ON DUPLICATE KEY UPDATE serotipo_invitro = 'O1'; 
INSERT INTO secuencia(secuencia_id, aislado_id, complejo_clonal) VALUES ('274', '274', 'nan') ON DUPLICATE KEY UPDATE complejo_clonal = 'nan'; 
INSERT INTO metadata_general(aislado_id, aislado_nombre) VALUES ('275', 'AND04-007') ON DUPLICATE KEY UPDATE aislado_nombre = 'AND04-007'; 
INSERT INTO fenotipo(fenotipo_id, aislado_id, serotipo_invitro) VALUES ('101', '275', 'O11') ON DUPLICATE KEY UPDATE serotipo_invitro = 'O11'; 
INSERT INTO secuencia(secuencia_id, aislado_id, complejo_clonal) VALUES ('275', '275', 'nan') ON DUPLICATE KEY UPDATE complejo_clonal = 'nan'; 
INSERT INTO metadata_general(aislado_id, aislado_nombre) VALUES ('276', 'AND04-009') ON DUPLICATE KEY UPDATE aislado_nombre = 'AND04-009'; 
INSERT INTO fenotipo(fenotipo_id, aislado_id, serotipo_invitro) VALUES ('102', '276', 'O11') ON DUPLICATE KEY UPDATE serotipo_invitro = 'O11'; 
INSERT INTO secuencia(secuencia_id, aislado_id, complejo_clonal) VALUES ('276', '276', 'nan') ON DUPLICATE KEY UPDATE complejo_clonal = 'nan'; 
INSERT INTO metadata_general(aislado_id, aislado_nombre) VALUES ('277', 'AND04-017') ON DUPLICATE KEY UPDATE aislado_nombre = 'AND04-017'; 
INSERT INTO fenotipo(fenotipo_id, aislado_id, serotipo_invitro) VALUES ('103', '277', 'O11') ON DUPLICATE KEY UPDATE serotipo_invitro = 'O11'; 
INSERT INTO secuencia(secuencia_id, aislado_id, complejo_clonal) VALUES ('277', '277', 'nan') ON DUPLICATE KEY UPDATE complejo_clonal = 'nan'; 
INSERT INTO metadata_general(aislado_id, aislado_nombre) VALUES ('278', 'AND04-033') ON DUPLICATE KEY UPDATE aislado_nombre = 'AND04-033'; 
INSERT INTO fenotipo(fenotipo_id, aislado_id, serotipo_invitro) VALUES ('104', '278', 'O11') ON DUPLICATE KEY UPDATE serotipo_invitro = 'O11'; 
INSERT INTO secuencia(secuencia_id, aislado_id, complejo_clonal) VALUES ('278', '278', 'nan') ON DUPLICATE KEY UPDATE complejo_clonal = 'nan'; 
INSERT INTO metadata_general(aislado_id, aislado_nombre) VALUES ('279', 'AND04-034') ON DUPLICATE KEY UPDATE aislado_nombre = 'AND04-034'; 
INSERT INTO fenotipo(fenotipo_id, aislado_id, serotipo_invitro) VALUES ('105', '279', 'O2') ON DUPLICATE KEY UPDATE serotipo_invitro = 'O2'; 
INSERT INTO secuencia(secuencia_id, aislado_id, complejo_clonal) VALUES ('279', '279', 'nan') ON DUPLICATE KEY UPDATE complejo_clonal = 'nan'; 
INSERT INTO metadata_general(aislado_id, aislado_nombre) VALUES ('280', 'AND04-001') ON DUPLICATE KEY UPDATE aislado_nombre = 'AND04-001'; 
INSERT INTO fenotipo(fenotipo_id, aislado_id, serotipo_invitro) VALUES ('106', '280', 'O3') ON DUPLICATE KEY UPDATE serotipo_invitro = 'O3'; 
INSERT INTO secuencia(secuencia_id, aislado_id, complejo_clonal) VALUES ('280', '280', 'nan') ON DUPLICATE KEY UPDATE complejo_clonal = 'nan'; 
INSERT INTO metadata_general(aislado_id, aislado_nombre) VALUES ('281', 'AND04-028') ON DUPLICATE KEY UPDATE aislado_nombre = 'AND04-028'; 
INSERT INTO fenotipo(fenotipo_id, aislado_id, serotipo_invitro) VALUES ('107', '281', 'O3') ON DUPLICATE KEY UPDATE serotipo_invitro = 'O3'; 
INSERT INTO secuencia(secuencia_id, aislado_id, complejo_clonal) VALUES ('281', '281', 'nan') ON DUPLICATE KEY UPDATE complejo_clonal = 'nan'; 
INSERT INTO metadata_general(aislado_id, aislado_nombre) VALUES ('282', 'AND04-044') ON DUPLICATE KEY UPDATE aislado_nombre = 'AND04-044'; 
INSERT INTO fenotipo(fenotipo_id, aislado_id, serotipo_invitro) VALUES ('108', '282', 'O3') ON DUPLICATE KEY UPDATE serotipo_invitro = 'O3'; 
INSERT INTO secuencia(secuencia_id, aislado_id, complejo_clonal) VALUES ('282', '282', 'nan') ON DUPLICATE KEY UPDATE complejo_clonal = 'nan'; 
INSERT INTO metadata_general(aislado_id, aislado_nombre) VALUES ('283', 'AND04-004A') ON DUPLICATE KEY UPDATE aislado_nombre = 'AND04-004A'; 
INSERT INTO fenotipo(fenotipo_id, aislado_id, serotipo_invitro) VALUES ('109', '283', 'O5') ON DUPLICATE KEY UPDATE serotipo_invitro = 'O5'; 
INSERT INTO secuencia(secuencia_id, aislado_id, complejo_clonal) VALUES ('283', '283', 'nan') ON DUPLICATE KEY UPDATE complejo_clonal = 'nan'; 
INSERT INTO metadata_general(aislado_id, aislado_nombre) VALUES ('284', 'AND04-008') ON DUPLICATE KEY UPDATE aislado_nombre = 'AND04-008'; 
INSERT INTO fenotipo(fenotipo_id, aislado_id, serotipo_invitro) VALUES ('110', '284', 'O5') ON DUPLICATE KEY UPDATE serotipo_invitro = 'O5'; 
INSERT INTO secuencia(secuencia_id, aislado_id, complejo_clonal) VALUES ('284', '284', 'nan') ON DUPLICATE KEY UPDATE complejo_clonal = 'nan'; 
INSERT INTO metadata_general(aislado_id, aislado_nombre) VALUES ('285', 'AND04-018') ON DUPLICATE KEY UPDATE aislado_nombre = 'AND04-018'; 
INSERT INTO fenotipo(fenotipo_id, aislado_id, serotipo_invitro) VALUES ('111', '285', 'O5') ON DUPLICATE KEY UPDATE serotipo_invitro = 'O5'; 
INSERT INTO secuencia(secuencia_id, aislado_id, complejo_clonal) VALUES ('285', '285', 'nan') ON DUPLICATE KEY UPDATE complejo_clonal = 'nan'; 
INSERT INTO metadata_general(aislado_id, aislado_nombre) VALUES ('286', 'AND04-038') ON DUPLICATE KEY UPDATE aislado_nombre = 'AND04-038'; 
INSERT INTO fenotipo(fenotipo_id, aislado_id, serotipo_invitro) VALUES ('112', '286', 'O5') ON DUPLICATE KEY UPDATE serotipo_invitro = 'O5'; 
INSERT INTO secuencia(secuencia_id, aislado_id, complejo_clonal) VALUES ('286', '286', 'nan') ON DUPLICATE KEY UPDATE complejo_clonal = 'nan'; 
INSERT INTO metadata_general(aislado_id, aislado_nombre) VALUES ('287', 'AND04-039') ON DUPLICATE KEY UPDATE aislado_nombre = 'AND04-039'; 
INSERT INTO fenotipo(fenotipo_id, aislado_id, serotipo_invitro) VALUES ('113', '287', 'O5') ON DUPLICATE KEY UPDATE serotipo_invitro = 'O5'; 
INSERT INTO secuencia(secuencia_id, aislado_id, complejo_clonal) VALUES ('287', '287', 'nan') ON DUPLICATE KEY UPDATE complejo_clonal = 'nan'; 
INSERT INTO metadata_general(aislado_id, aislado_nombre) VALUES ('288', 'AND04-049') ON DUPLICATE KEY UPDATE aislado_nombre = 'AND04-049'; 
INSERT INTO fenotipo(fenotipo_id, aislado_id, serotipo_invitro) VALUES ('114', '288', 'O5') ON DUPLICATE KEY UPDATE serotipo_invitro = 'O5'; 
INSERT INTO secuencia(secuencia_id, aislado_id, complejo_clonal) VALUES ('288', '288', 'nan') ON DUPLICATE KEY UPDATE complejo_clonal = 'nan'; 
INSERT INTO metadata_general(aislado_id, aislado_nombre) VALUES ('289', 'AND04-002') ON DUPLICATE KEY UPDATE aislado_nombre = 'AND04-002'; 
INSERT INTO fenotipo(fenotipo_id, aislado_id, serotipo_invitro) VALUES ('115', '289', 'O6') ON DUPLICATE KEY UPDATE serotipo_invitro = 'O6'; 
INSERT INTO secuencia(secuencia_id, aislado_id, complejo_clonal) VALUES ('289', '289', 'nan') ON DUPLICATE KEY UPDATE complejo_clonal = 'nan'; 
INSERT INTO metadata_general(aislado_id, aislado_nombre) VALUES ('290', 'AND04-005') ON DUPLICATE KEY UPDATE aislado_nombre = 'AND04-005'; 
INSERT INTO fenotipo(fenotipo_id, aislado_id, serotipo_invitro) VALUES ('116', '290', 'O6') ON DUPLICATE KEY UPDATE serotipo_invitro = 'O6'; 
INSERT INTO secuencia(secuencia_id, aislado_id, complejo_clonal) VALUES ('290', '290', 'nan') ON DUPLICATE KEY UPDATE complejo_clonal = 'nan'; 
INSERT INTO metadata_general(aislado_id, aislado_nombre) VALUES ('291', 'AND04-020') ON DUPLICATE KEY UPDATE aislado_nombre = 'AND04-020'; 
INSERT INTO fenotipo(fenotipo_id, aislado_id, serotipo_invitro) VALUES ('117', '291', 'O6') ON DUPLICATE KEY UPDATE serotipo_invitro = 'O6'; 
INSERT INTO secuencia(secuencia_id, aislado_id, complejo_clonal) VALUES ('291', '291', 'nan') ON DUPLICATE KEY UPDATE complejo_clonal = 'nan'; 
INSERT INTO metadata_general(aislado_id, aislado_nombre) VALUES ('13', 'AND04-016') ON DUPLICATE KEY UPDATE aislado_nombre = 'AND04-016'; 
INSERT INTO fenotipo(fenotipo_id, aislado_id, serotipo_invitro) VALUES ('118', '13', 'No aglutina (O1* dbil)') ON DUPLICATE KEY UPDATE serotipo_invitro = 'No aglutina (O1* dbil)'; 
INSERT INTO secuencia(secuencia_id, aislado_id, complejo_clonal) VALUES ('13', '13', 'ST-155') ON DUPLICATE KEY UPDATE complejo_clonal = 'ST-155'; 
INSERT INTO metadata_general(aislado_id, aislado_nombre) VALUES ('12', 'AND04-003') ON DUPLICATE KEY UPDATE aislado_nombre = 'AND04-003'; 
INSERT INTO fenotipo(fenotipo_id, aislado_id, serotipo_invitro) VALUES ('119', '12', 'O5') ON DUPLICATE KEY UPDATE serotipo_invitro = 'O5'; 
INSERT INTO secuencia(secuencia_id, aislado_id, complejo_clonal) VALUES ('12', '12', 'ST-1227') ON DUPLICATE KEY UPDATE complejo_clonal = 'ST-1227'; 
INSERT INTO metadata_general(aislado_id, aislado_nombre) VALUES ('14', 'AND04-037') ON DUPLICATE KEY UPDATE aislado_nombre = 'AND04-037'; 
INSERT INTO fenotipo(fenotipo_id, aislado_id, serotipo_invitro) VALUES ('120', '14', 'O7+O8') ON DUPLICATE KEY UPDATE serotipo_invitro = 'O7+O8'; 
INSERT INTO secuencia(secuencia_id, aislado_id, complejo_clonal) VALUES ('14', '14', 'ST-1632') ON DUPLICATE KEY UPDATE complejo_clonal = 'ST-1632'; 
INSERT INTO metadata_general(aislado_id, aislado_nombre) VALUES ('292', 'AND05-025') ON DUPLICATE KEY UPDATE aislado_nombre = 'AND05-025'; 
INSERT INTO fenotipo(fenotipo_id, aislado_id, serotipo_invitro) VALUES ('121', '292', 'No aglutina') ON DUPLICATE KEY UPDATE serotipo_invitro = 'No aglutina'; 
INSERT INTO secuencia(secuencia_id, aislado_id, complejo_clonal) VALUES ('292', '292', 'nan') ON DUPLICATE KEY UPDATE complejo_clonal = 'nan'; 
INSERT INTO metadata_general(aislado_id, aislado_nombre) VALUES ('293', 'AND05-051') ON DUPLICATE KEY UPDATE aislado_nombre = 'AND05-051'; 
INSERT INTO fenotipo(fenotipo_id, aislado_id, serotipo_invitro) VALUES ('122', '293', 'O1') ON DUPLICATE KEY UPDATE serotipo_invitro = 'O1'; 
INSERT INTO secuencia(secuencia_id, aislado_id, complejo_clonal) VALUES ('293', '293', 'nan') ON DUPLICATE KEY UPDATE complejo_clonal = 'nan'; 
INSERT INTO metadata_general(aislado_id, aislado_nombre) VALUES ('294', 'AND05-004') ON DUPLICATE KEY UPDATE aislado_nombre = 'AND05-004'; 
INSERT INTO fenotipo(fenotipo_id, aislado_id, serotipo_invitro) VALUES ('123', '294', 'O1') ON DUPLICATE KEY UPDATE serotipo_invitro = 'O1'; 
INSERT INTO secuencia(secuencia_id, aislado_id, complejo_clonal) VALUES ('294', '294', 'nan') ON DUPLICATE KEY UPDATE complejo_clonal = 'nan'; 
INSERT INTO metadata_general(aislado_id, aislado_nombre) VALUES ('295', 'AND05-016') ON DUPLICATE KEY UPDATE aislado_nombre = 'AND05-016'; 
INSERT INTO fenotipo(fenotipo_id, aislado_id, serotipo_invitro) VALUES ('124', '295', 'O1') ON DUPLICATE KEY UPDATE serotipo_invitro = 'O1'; 
INSERT INTO secuencia(secuencia_id, aislado_id, complejo_clonal) VALUES ('295', '295', 'nan') ON DUPLICATE KEY UPDATE complejo_clonal = 'nan'; 
INSERT INTO metadata_general(aislado_id, aislado_nombre) VALUES ('296', 'AND05-009') ON DUPLICATE KEY UPDATE aislado_nombre = 'AND05-009'; 
INSERT INTO fenotipo(fenotipo_id, aislado_id, serotipo_invitro) VALUES ('125', '296', 'O11') ON DUPLICATE KEY UPDATE serotipo_invitro = 'O11'; 
INSERT INTO secuencia(secuencia_id, aislado_id, complejo_clonal) VALUES ('296', '296', 'nan') ON DUPLICATE KEY UPDATE complejo_clonal = 'nan'; 
INSERT INTO metadata_general(aislado_id, aislado_nombre) VALUES ('297', 'AND05-023') ON DUPLICATE KEY UPDATE aislado_nombre = 'AND05-023'; 
INSERT INTO fenotipo(fenotipo_id, aislado_id, serotipo_invitro) VALUES ('126', '297', 'O11') ON DUPLICATE KEY UPDATE serotipo_invitro = 'O11'; 
INSERT INTO secuencia(secuencia_id, aislado_id, complejo_clonal) VALUES ('297', '297', 'nan') ON DUPLICATE KEY UPDATE complejo_clonal = 'nan'; 
INSERT INTO metadata_general(aislado_id, aislado_nombre) VALUES ('298', 'AND05-033') ON DUPLICATE KEY UPDATE aislado_nombre = 'AND05-033'; 
INSERT INTO fenotipo(fenotipo_id, aislado_id, serotipo_invitro) VALUES ('127', '298', 'O11') ON DUPLICATE KEY UPDATE serotipo_invitro = 'O11'; 
INSERT INTO secuencia(secuencia_id, aislado_id, complejo_clonal) VALUES ('298', '298', 'nan') ON DUPLICATE KEY UPDATE complejo_clonal = 'nan'; 
INSERT INTO metadata_general(aislado_id, aislado_nombre) VALUES ('299', 'AND05-039') ON DUPLICATE KEY UPDATE aislado_nombre = 'AND05-039'; 
INSERT INTO fenotipo(fenotipo_id, aislado_id, serotipo_invitro) VALUES ('128', '299', 'O11') ON DUPLICATE KEY UPDATE serotipo_invitro = 'O11'; 
INSERT INTO secuencia(secuencia_id, aislado_id, complejo_clonal) VALUES ('299', '299', 'nan') ON DUPLICATE KEY UPDATE complejo_clonal = 'nan'; 
INSERT INTO metadata_general(aislado_id, aislado_nombre) VALUES ('300', 'AND05-041') ON DUPLICATE KEY UPDATE aislado_nombre = 'AND05-041'; 
INSERT INTO fenotipo(fenotipo_id, aislado_id, serotipo_invitro) VALUES ('129', '300', 'O2') ON DUPLICATE KEY UPDATE serotipo_invitro = 'O2'; 
INSERT INTO secuencia(secuencia_id, aislado_id, complejo_clonal) VALUES ('300', '300', 'nan') ON DUPLICATE KEY UPDATE complejo_clonal = 'nan'; 
INSERT INTO metadata_general(aislado_id, aislado_nombre) VALUES ('301', 'AND05-045') ON DUPLICATE KEY UPDATE aislado_nombre = 'AND05-045'; 
INSERT INTO fenotipo(fenotipo_id, aislado_id, serotipo_invitro) VALUES ('130', '301', 'O2') ON DUPLICATE KEY UPDATE serotipo_invitro = 'O2'; 
INSERT INTO secuencia(secuencia_id, aislado_id, complejo_clonal) VALUES ('301', '301', 'nan') ON DUPLICATE KEY UPDATE complejo_clonal = 'nan'; 
INSERT INTO metadata_general(aislado_id, aislado_nombre) VALUES ('302', 'AND05-008') ON DUPLICATE KEY UPDATE aislado_nombre = 'AND05-008'; 
INSERT INTO fenotipo(fenotipo_id, aislado_id, serotipo_invitro) VALUES ('131', '302', 'O3') ON DUPLICATE KEY UPDATE serotipo_invitro = 'O3'; 
INSERT INTO secuencia(secuencia_id, aislado_id, complejo_clonal) VALUES ('302', '302', 'nan') ON DUPLICATE KEY UPDATE complejo_clonal = 'nan'; 
INSERT INTO metadata_general(aislado_id, aislado_nombre) VALUES ('303', 'AND05-013') ON DUPLICATE KEY UPDATE aislado_nombre = 'AND05-013'; 
INSERT INTO fenotipo(fenotipo_id, aislado_id, serotipo_invitro) VALUES ('132', '303', 'O4') ON DUPLICATE KEY UPDATE serotipo_invitro = 'O4'; 
INSERT INTO secuencia(secuencia_id, aislado_id, complejo_clonal) VALUES ('303', '303', 'nan') ON DUPLICATE KEY UPDATE complejo_clonal = 'nan'; 
INSERT INTO metadata_general(aislado_id, aislado_nombre) VALUES ('304', 'AND05-022') ON DUPLICATE KEY UPDATE aislado_nombre = 'AND05-022'; 
INSERT INTO fenotipo(fenotipo_id, aislado_id, serotipo_invitro) VALUES ('133', '304', 'O4') ON DUPLICATE KEY UPDATE serotipo_invitro = 'O4'; 
INSERT INTO secuencia(secuencia_id, aislado_id, complejo_clonal) VALUES ('304', '304', 'nan') ON DUPLICATE KEY UPDATE complejo_clonal = 'nan'; 
INSERT INTO metadata_general(aislado_id, aislado_nombre) VALUES ('305', 'AND05-012') ON DUPLICATE KEY UPDATE aislado_nombre = 'AND05-012'; 
INSERT INTO fenotipo(fenotipo_id, aislado_id, serotipo_invitro) VALUES ('134', '305', 'O5') ON DUPLICATE KEY UPDATE serotipo_invitro = 'O5'; 
INSERT INTO secuencia(secuencia_id, aislado_id, complejo_clonal) VALUES ('305', '305', 'nan') ON DUPLICATE KEY UPDATE complejo_clonal = 'nan'; 
INSERT INTO metadata_general(aislado_id, aislado_nombre) VALUES ('306', 'AND05-018') ON DUPLICATE KEY UPDATE aislado_nombre = 'AND05-018'; 
INSERT INTO fenotipo(fenotipo_id, aislado_id, serotipo_invitro) VALUES ('135', '306', 'O5') ON DUPLICATE KEY UPDATE serotipo_invitro = 'O5'; 
INSERT INTO secuencia(secuencia_id, aislado_id, complejo_clonal) VALUES ('306', '306', 'nan') ON DUPLICATE KEY UPDATE complejo_clonal = 'nan'; 
INSERT INTO metadata_general(aislado_id, aislado_nombre) VALUES ('307', 'AND05-038') ON DUPLICATE KEY UPDATE aislado_nombre = 'AND05-038'; 
INSERT INTO fenotipo(fenotipo_id, aislado_id, serotipo_invitro) VALUES ('136', '307', 'O6') ON DUPLICATE KEY UPDATE serotipo_invitro = 'O6'; 
INSERT INTO secuencia(secuencia_id, aislado_id, complejo_clonal) VALUES ('307', '307', 'nan') ON DUPLICATE KEY UPDATE complejo_clonal = 'nan'; 
INSERT INTO metadata_general(aislado_id, aislado_nombre) VALUES ('308', 'AND05-005') ON DUPLICATE KEY UPDATE aislado_nombre = 'AND05-005'; 
INSERT INTO fenotipo(fenotipo_id, aislado_id, serotipo_invitro) VALUES ('137', '308', 'O9') ON DUPLICATE KEY UPDATE serotipo_invitro = 'O9'; 
INSERT INTO secuencia(secuencia_id, aislado_id, complejo_clonal) VALUES ('308', '308', 'nan') ON DUPLICATE KEY UPDATE complejo_clonal = 'nan'; 
INSERT INTO metadata_general(aislado_id, aislado_nombre) VALUES ('309', 'AND06-018') ON DUPLICATE KEY UPDATE aislado_nombre = 'AND06-018'; 
INSERT INTO fenotipo(fenotipo_id, aislado_id, serotipo_invitro) VALUES ('138', '309', 'O1') ON DUPLICATE KEY UPDATE serotipo_invitro = 'O1'; 
INSERT INTO secuencia(secuencia_id, aislado_id, complejo_clonal) VALUES ('309', '309', 'nan') ON DUPLICATE KEY UPDATE complejo_clonal = 'nan'; 
INSERT INTO metadata_general(aislado_id, aislado_nombre) VALUES ('310', 'AND06-001') ON DUPLICATE KEY UPDATE aislado_nombre = 'AND06-001'; 
INSERT INTO fenotipo(fenotipo_id, aislado_id, serotipo_invitro) VALUES ('139', '310', 'O1') ON DUPLICATE KEY UPDATE serotipo_invitro = 'O1'; 
INSERT INTO secuencia(secuencia_id, aislado_id, complejo_clonal) VALUES ('310', '310', 'nan') ON DUPLICATE KEY UPDATE complejo_clonal = 'nan'; 
INSERT INTO metadata_general(aislado_id, aislado_nombre) VALUES ('311', 'AND06-002') ON DUPLICATE KEY UPDATE aislado_nombre = 'AND06-002'; 
INSERT INTO fenotipo(fenotipo_id, aislado_id, serotipo_invitro) VALUES ('140', '311', 'O1') ON DUPLICATE KEY UPDATE serotipo_invitro = 'O1'; 
INSERT INTO secuencia(secuencia_id, aislado_id, complejo_clonal) VALUES ('311', '311', 'nan') ON DUPLICATE KEY UPDATE complejo_clonal = 'nan'; 
INSERT INTO metadata_general(aislado_id, aislado_nombre) VALUES ('312', 'AND06-007') ON DUPLICATE KEY UPDATE aislado_nombre = 'AND06-007'; 
INSERT INTO fenotipo(fenotipo_id, aislado_id, serotipo_invitro) VALUES ('141', '312', 'O1') ON DUPLICATE KEY UPDATE serotipo_invitro = 'O1'; 
INSERT INTO secuencia(secuencia_id, aislado_id, complejo_clonal) VALUES ('312', '312', 'nan') ON DUPLICATE KEY UPDATE complejo_clonal = 'nan'; 
INSERT INTO metadata_general(aislado_id, aislado_nombre) VALUES ('313', 'AND06-013') ON DUPLICATE KEY UPDATE aislado_nombre = 'AND06-013'; 
INSERT INTO fenotipo(fenotipo_id, aislado_id, serotipo_invitro) VALUES ('142', '313', 'O1') ON DUPLICATE KEY UPDATE serotipo_invitro = 'O1'; 
INSERT INTO secuencia(secuencia_id, aislado_id, complejo_clonal) VALUES ('313', '313', 'nan') ON DUPLICATE KEY UPDATE complejo_clonal = 'nan'; 
INSERT INTO metadata_general(aislado_id, aislado_nombre) VALUES ('314', 'AND06-017') ON DUPLICATE KEY UPDATE aislado_nombre = 'AND06-017'; 
INSERT INTO fenotipo(fenotipo_id, aislado_id, serotipo_invitro) VALUES ('143', '314', 'O1') ON DUPLICATE KEY UPDATE serotipo_invitro = 'O1'; 
INSERT INTO secuencia(secuencia_id, aislado_id, complejo_clonal) VALUES ('314', '314', 'nan') ON DUPLICATE KEY UPDATE complejo_clonal = 'nan'; 
INSERT INTO metadata_general(aislado_id, aislado_nombre) VALUES ('315', 'AND06-023') ON DUPLICATE KEY UPDATE aislado_nombre = 'AND06-023'; 
INSERT INTO fenotipo(fenotipo_id, aislado_id, serotipo_invitro) VALUES ('144', '315', 'O1') ON DUPLICATE KEY UPDATE serotipo_invitro = 'O1'; 
INSERT INTO secuencia(secuencia_id, aislado_id, complejo_clonal) VALUES ('315', '315', 'nan') ON DUPLICATE KEY UPDATE complejo_clonal = 'nan'; 
INSERT INTO metadata_general(aislado_id, aislado_nombre) VALUES ('316', 'AND06-024') ON DUPLICATE KEY UPDATE aislado_nombre = 'AND06-024'; 
INSERT INTO fenotipo(fenotipo_id, aislado_id, serotipo_invitro) VALUES ('145', '316', 'O1') ON DUPLICATE KEY UPDATE serotipo_invitro = 'O1'; 
INSERT INTO secuencia(secuencia_id, aislado_id, complejo_clonal) VALUES ('316', '316', 'nan') ON DUPLICATE KEY UPDATE complejo_clonal = 'nan'; 
INSERT INTO metadata_general(aislado_id, aislado_nombre) VALUES ('317', 'AND06-032') ON DUPLICATE KEY UPDATE aislado_nombre = 'AND06-032'; 
INSERT INTO fenotipo(fenotipo_id, aislado_id, serotipo_invitro) VALUES ('146', '317', 'O1') ON DUPLICATE KEY UPDATE serotipo_invitro = 'O1'; 
INSERT INTO secuencia(secuencia_id, aislado_id, complejo_clonal) VALUES ('317', '317', 'nan') ON DUPLICATE KEY UPDATE complejo_clonal = 'nan'; 
INSERT INTO metadata_general(aislado_id, aislado_nombre) VALUES ('318', 'AND06-030') ON DUPLICATE KEY UPDATE aislado_nombre = 'AND06-030'; 
INSERT INTO fenotipo(fenotipo_id, aislado_id, serotipo_invitro) VALUES ('147', '318', 'O10') ON DUPLICATE KEY UPDATE serotipo_invitro = 'O10'; 
INSERT INTO secuencia(secuencia_id, aislado_id, complejo_clonal) VALUES ('318', '318', 'nan') ON DUPLICATE KEY UPDATE complejo_clonal = 'nan'; 
INSERT INTO metadata_general(aislado_id, aislado_nombre) VALUES ('319', 'AND06-003') ON DUPLICATE KEY UPDATE aislado_nombre = 'AND06-003'; 
INSERT INTO fenotipo(fenotipo_id, aislado_id, serotipo_invitro) VALUES ('148', '319', 'O11') ON DUPLICATE KEY UPDATE serotipo_invitro = 'O11'; 
INSERT INTO secuencia(secuencia_id, aislado_id, complejo_clonal) VALUES ('319', '319', 'nan') ON DUPLICATE KEY UPDATE complejo_clonal = 'nan'; 
INSERT INTO metadata_general(aislado_id, aislado_nombre) VALUES ('320', 'AND06-008') ON DUPLICATE KEY UPDATE aislado_nombre = 'AND06-008'; 
INSERT INTO fenotipo(fenotipo_id, aislado_id, serotipo_invitro) VALUES ('149', '320', 'O11') ON DUPLICATE KEY UPDATE serotipo_invitro = 'O11'; 
INSERT INTO secuencia(secuencia_id, aislado_id, complejo_clonal) VALUES ('320', '320', 'nan') ON DUPLICATE KEY UPDATE complejo_clonal = 'nan'; 
INSERT INTO metadata_general(aislado_id, aislado_nombre) VALUES ('321', 'AND06-016') ON DUPLICATE KEY UPDATE aislado_nombre = 'AND06-016'; 
INSERT INTO fenotipo(fenotipo_id, aislado_id, serotipo_invitro) VALUES ('150', '321', 'O11') ON DUPLICATE KEY UPDATE serotipo_invitro = 'O11'; 
INSERT INTO secuencia(secuencia_id, aislado_id, complejo_clonal) VALUES ('321', '321', 'nan') ON DUPLICATE KEY UPDATE complejo_clonal = 'nan'; 
INSERT INTO metadata_general(aislado_id, aislado_nombre) VALUES ('322', 'AND06-019') ON DUPLICATE KEY UPDATE aislado_nombre = 'AND06-019'; 
INSERT INTO fenotipo(fenotipo_id, aislado_id, serotipo_invitro) VALUES ('151', '322', 'O11') ON DUPLICATE KEY UPDATE serotipo_invitro = 'O11'; 
INSERT INTO secuencia(secuencia_id, aislado_id, complejo_clonal) VALUES ('322', '322', 'nan') ON DUPLICATE KEY UPDATE complejo_clonal = 'nan'; 
INSERT INTO metadata_general(aislado_id, aislado_nombre) VALUES ('323', 'AND06-020') ON DUPLICATE KEY UPDATE aislado_nombre = 'AND06-020'; 
INSERT INTO fenotipo(fenotipo_id, aislado_id, serotipo_invitro) VALUES ('152', '323', 'O11') ON DUPLICATE KEY UPDATE serotipo_invitro = 'O11'; 
INSERT INTO secuencia(secuencia_id, aislado_id, complejo_clonal) VALUES ('323', '323', 'nan') ON DUPLICATE KEY UPDATE complejo_clonal = 'nan'; 
INSERT INTO metadata_general(aislado_id, aislado_nombre) VALUES ('324', 'AND06-022') ON DUPLICATE KEY UPDATE aislado_nombre = 'AND06-022'; 
INSERT INTO fenotipo(fenotipo_id, aislado_id, serotipo_invitro) VALUES ('153', '324', 'O11') ON DUPLICATE KEY UPDATE serotipo_invitro = 'O11'; 
INSERT INTO secuencia(secuencia_id, aislado_id, complejo_clonal) VALUES ('324', '324', 'nan') ON DUPLICATE KEY UPDATE complejo_clonal = 'nan'; 
INSERT INTO metadata_general(aislado_id, aislado_nombre) VALUES ('325', 'AND06-035') ON DUPLICATE KEY UPDATE aislado_nombre = 'AND06-035'; 
INSERT INTO fenotipo(fenotipo_id, aislado_id, serotipo_invitro) VALUES ('154', '325', 'O3') ON DUPLICATE KEY UPDATE serotipo_invitro = 'O3'; 
INSERT INTO secuencia(secuencia_id, aislado_id, complejo_clonal) VALUES ('325', '325', 'nan') ON DUPLICATE KEY UPDATE complejo_clonal = 'nan'; 
INSERT INTO metadata_general(aislado_id, aislado_nombre) VALUES ('326', 'AND06-028') ON DUPLICATE KEY UPDATE aislado_nombre = 'AND06-028'; 
INSERT INTO fenotipo(fenotipo_id, aislado_id, serotipo_invitro) VALUES ('155', '326', 'O4') ON DUPLICATE KEY UPDATE serotipo_invitro = 'O4'; 
INSERT INTO secuencia(secuencia_id, aislado_id, complejo_clonal) VALUES ('326', '326', 'nan') ON DUPLICATE KEY UPDATE complejo_clonal = 'nan'; 
INSERT INTO metadata_general(aislado_id, aislado_nombre) VALUES ('327', 'AND06-010') ON DUPLICATE KEY UPDATE aislado_nombre = 'AND06-010'; 
INSERT INTO fenotipo(fenotipo_id, aislado_id, serotipo_invitro) VALUES ('156', '327', 'O5') ON DUPLICATE KEY UPDATE serotipo_invitro = 'O5'; 
INSERT INTO secuencia(secuencia_id, aislado_id, complejo_clonal) VALUES ('327', '327', 'nan') ON DUPLICATE KEY UPDATE complejo_clonal = 'nan'; 
INSERT INTO metadata_general(aislado_id, aislado_nombre) VALUES ('328', 'AND06-015') ON DUPLICATE KEY UPDATE aislado_nombre = 'AND06-015'; 
INSERT INTO fenotipo(fenotipo_id, aislado_id, serotipo_invitro) VALUES ('157', '328', 'O5') ON DUPLICATE KEY UPDATE serotipo_invitro = 'O5'; 
INSERT INTO secuencia(secuencia_id, aislado_id, complejo_clonal) VALUES ('328', '328', 'nan') ON DUPLICATE KEY UPDATE complejo_clonal = 'nan'; 
INSERT INTO metadata_general(aislado_id, aislado_nombre) VALUES ('329', 'AND06-021') ON DUPLICATE KEY UPDATE aislado_nombre = 'AND06-021'; 
INSERT INTO fenotipo(fenotipo_id, aislado_id, serotipo_invitro) VALUES ('158', '329', 'O5') ON DUPLICATE KEY UPDATE serotipo_invitro = 'O5'; 
INSERT INTO secuencia(secuencia_id, aislado_id, complejo_clonal) VALUES ('329', '329', 'nan') ON DUPLICATE KEY UPDATE complejo_clonal = 'nan'; 
INSERT INTO metadata_general(aislado_id, aislado_nombre) VALUES ('330', 'AND06-006') ON DUPLICATE KEY UPDATE aislado_nombre = 'AND06-006'; 
INSERT INTO fenotipo(fenotipo_id, aislado_id, serotipo_invitro) VALUES ('159', '330', 'O6') ON DUPLICATE KEY UPDATE serotipo_invitro = 'O6'; 
INSERT INTO secuencia(secuencia_id, aislado_id, complejo_clonal) VALUES ('330', '330', 'nan') ON DUPLICATE KEY UPDATE complejo_clonal = 'nan'; 
INSERT INTO metadata_general(aislado_id, aislado_nombre) VALUES ('331', 'AND06-025') ON DUPLICATE KEY UPDATE aislado_nombre = 'AND06-025'; 
INSERT INTO fenotipo(fenotipo_id, aislado_id, serotipo_invitro) VALUES ('160', '331', 'O6') ON DUPLICATE KEY UPDATE serotipo_invitro = 'O6'; 
INSERT INTO secuencia(secuencia_id, aislado_id, complejo_clonal) VALUES ('331', '331', 'nan') ON DUPLICATE KEY UPDATE complejo_clonal = 'nan'; 
INSERT INTO metadata_general(aislado_id, aislado_nombre) VALUES ('332', 'AND06-029') ON DUPLICATE KEY UPDATE aislado_nombre = 'AND06-029'; 
INSERT INTO fenotipo(fenotipo_id, aislado_id, serotipo_invitro) VALUES ('161', '332', 'O6') ON DUPLICATE KEY UPDATE serotipo_invitro = 'O6'; 
INSERT INTO secuencia(secuencia_id, aislado_id, complejo_clonal) VALUES ('332', '332', 'nan') ON DUPLICATE KEY UPDATE complejo_clonal = 'nan'; 
INSERT INTO metadata_general(aislado_id, aislado_nombre) VALUES ('333', 'AND06-031') ON DUPLICATE KEY UPDATE aislado_nombre = 'AND06-031'; 
INSERT INTO fenotipo(fenotipo_id, aislado_id, serotipo_invitro) VALUES ('162', '333', 'O6') ON DUPLICATE KEY UPDATE serotipo_invitro = 'O6'; 
INSERT INTO secuencia(secuencia_id, aislado_id, complejo_clonal) VALUES ('333', '333', 'nan') ON DUPLICATE KEY UPDATE complejo_clonal = 'nan'; 
INSERT INTO metadata_general(aislado_id, aislado_nombre) VALUES ('334', 'AND06-026') ON DUPLICATE KEY UPDATE aislado_nombre = 'AND06-026'; 
INSERT INTO fenotipo(fenotipo_id, aislado_id, serotipo_invitro) VALUES ('163', '334', 'O7') ON DUPLICATE KEY UPDATE serotipo_invitro = 'O7'; 
INSERT INTO secuencia(secuencia_id, aislado_id, complejo_clonal) VALUES ('334', '334', 'nan') ON DUPLICATE KEY UPDATE complejo_clonal = 'nan'; 
INSERT INTO metadata_general(aislado_id, aislado_nombre) VALUES ('335', 'AND06-014') ON DUPLICATE KEY UPDATE aislado_nombre = 'AND06-014'; 
INSERT INTO fenotipo(fenotipo_id, aislado_id, serotipo_invitro) VALUES ('164', '335', 'O9') ON DUPLICATE KEY UPDATE serotipo_invitro = 'O9'; 
INSERT INTO secuencia(secuencia_id, aislado_id, complejo_clonal) VALUES ('335', '335', 'nan') ON DUPLICATE KEY UPDATE complejo_clonal = 'nan'; 
INSERT INTO metadata_general(aislado_id, aislado_nombre) VALUES ('15', 'AND06-027') ON DUPLICATE KEY UPDATE aislado_nombre = 'AND06-027'; 
INSERT INTO fenotipo(fenotipo_id, aislado_id, serotipo_invitro) VALUES ('165', '15', 'O3') ON DUPLICATE KEY UPDATE serotipo_invitro = 'O3'; 
INSERT INTO secuencia(secuencia_id, aislado_id, complejo_clonal) VALUES ('15', '15', 'ST-274') ON DUPLICATE KEY UPDATE complejo_clonal = 'ST-274'; 
INSERT INTO metadata_general(aislado_id, aislado_nombre) VALUES ('17', 'AND06-034') ON DUPLICATE KEY UPDATE aislado_nombre = 'AND06-034'; 
INSERT INTO fenotipo(fenotipo_id, aislado_id, serotipo_invitro) VALUES ('166', '17', 'O4') ON DUPLICATE KEY UPDATE serotipo_invitro = 'O4'; 
INSERT INTO secuencia(secuencia_id, aislado_id, complejo_clonal) VALUES ('17', '17', 'ST-992') ON DUPLICATE KEY UPDATE complejo_clonal = 'ST-992'; 
INSERT INTO metadata_general(aislado_id, aislado_nombre) VALUES ('16', 'AND06-033') ON DUPLICATE KEY UPDATE aislado_nombre = 'AND06-033'; 
INSERT INTO fenotipo(fenotipo_id, aislado_id, serotipo_invitro) VALUES ('167', '16', 'O6') ON DUPLICATE KEY UPDATE serotipo_invitro = 'O6'; 
INSERT INTO secuencia(secuencia_id, aislado_id, complejo_clonal) VALUES ('16', '16', 'ST-2956') ON DUPLICATE KEY UPDATE complejo_clonal = 'ST-2956'; 
INSERT INTO metadata_general(aislado_id, aislado_nombre) VALUES ('336', 'AND07-024') ON DUPLICATE KEY UPDATE aislado_nombre = 'AND07-024'; 
INSERT INTO fenotipo(fenotipo_id, aislado_id, serotipo_invitro) VALUES ('168', '336', 'O1') ON DUPLICATE KEY UPDATE serotipo_invitro = 'O1'; 
INSERT INTO secuencia(secuencia_id, aislado_id, complejo_clonal) VALUES ('336', '336', 'nan') ON DUPLICATE KEY UPDATE complejo_clonal = 'nan'; 
INSERT INTO metadata_general(aislado_id, aislado_nombre) VALUES ('337', 'AND07-031') ON DUPLICATE KEY UPDATE aislado_nombre = 'AND07-031'; 
INSERT INTO fenotipo(fenotipo_id, aislado_id, serotipo_invitro) VALUES ('169', '337', 'O1') ON DUPLICATE KEY UPDATE serotipo_invitro = 'O1'; 
INSERT INTO secuencia(secuencia_id, aislado_id, complejo_clonal) VALUES ('337', '337', 'nan') ON DUPLICATE KEY UPDATE complejo_clonal = 'nan'; 
INSERT INTO metadata_general(aislado_id, aislado_nombre) VALUES ('338', 'AND07-043') ON DUPLICATE KEY UPDATE aislado_nombre = 'AND07-043'; 
INSERT INTO fenotipo(fenotipo_id, aislado_id, serotipo_invitro) VALUES ('170', '338', 'O1') ON DUPLICATE KEY UPDATE serotipo_invitro = 'O1'; 
INSERT INTO secuencia(secuencia_id, aislado_id, complejo_clonal) VALUES ('338', '338', 'nan') ON DUPLICATE KEY UPDATE complejo_clonal = 'nan'; 
INSERT INTO metadata_general(aislado_id, aislado_nombre) VALUES ('339', 'AND07-015') ON DUPLICATE KEY UPDATE aislado_nombre = 'AND07-015'; 
INSERT INTO fenotipo(fenotipo_id, aislado_id, serotipo_invitro) VALUES ('171', '339', 'O2') ON DUPLICATE KEY UPDATE serotipo_invitro = 'O2'; 
INSERT INTO secuencia(secuencia_id, aislado_id, complejo_clonal) VALUES ('339', '339', 'nan') ON DUPLICATE KEY UPDATE complejo_clonal = 'nan'; 
INSERT INTO metadata_general(aislado_id, aislado_nombre) VALUES ('340', 'AND07-021') ON DUPLICATE KEY UPDATE aislado_nombre = 'AND07-021'; 
INSERT INTO fenotipo(fenotipo_id, aislado_id, serotipo_invitro) VALUES ('172', '340', 'O3') ON DUPLICATE KEY UPDATE serotipo_invitro = 'O3'; 
INSERT INTO secuencia(secuencia_id, aislado_id, complejo_clonal) VALUES ('340', '340', 'nan') ON DUPLICATE KEY UPDATE complejo_clonal = 'nan'; 
INSERT INTO metadata_general(aislado_id, aislado_nombre) VALUES ('341', 'AND07-012') ON DUPLICATE KEY UPDATE aislado_nombre = 'AND07-012'; 
INSERT INTO fenotipo(fenotipo_id, aislado_id, serotipo_invitro) VALUES ('173', '341', 'O4') ON DUPLICATE KEY UPDATE serotipo_invitro = 'O4'; 
INSERT INTO secuencia(secuencia_id, aislado_id, complejo_clonal) VALUES ('341', '341', 'nan') ON DUPLICATE KEY UPDATE complejo_clonal = 'nan'; 
INSERT INTO metadata_general(aislado_id, aislado_nombre) VALUES ('342', 'AND07-010') ON DUPLICATE KEY UPDATE aislado_nombre = 'AND07-010'; 
INSERT INTO fenotipo(fenotipo_id, aislado_id, serotipo_invitro) VALUES ('174', '342', 'O5') ON DUPLICATE KEY UPDATE serotipo_invitro = 'O5'; 
INSERT INTO secuencia(secuencia_id, aislado_id, complejo_clonal) VALUES ('342', '342', 'nan') ON DUPLICATE KEY UPDATE complejo_clonal = 'nan'; 
INSERT INTO metadata_general(aislado_id, aislado_nombre) VALUES ('343', 'AND07-011') ON DUPLICATE KEY UPDATE aislado_nombre = 'AND07-011'; 
INSERT INTO fenotipo(fenotipo_id, aislado_id, serotipo_invitro) VALUES ('175', '343', 'O5') ON DUPLICATE KEY UPDATE serotipo_invitro = 'O5'; 
INSERT INTO secuencia(secuencia_id, aislado_id, complejo_clonal) VALUES ('343', '343', 'nan') ON DUPLICATE KEY UPDATE complejo_clonal = 'nan'; 
INSERT INTO metadata_general(aislado_id, aislado_nombre) VALUES ('344', 'AND07-022') ON DUPLICATE KEY UPDATE aislado_nombre = 'AND07-022'; 
INSERT INTO fenotipo(fenotipo_id, aislado_id, serotipo_invitro) VALUES ('176', '344', 'No Aglutina') ON DUPLICATE KEY UPDATE serotipo_invitro = 'No Aglutina'; 
INSERT INTO secuencia(secuencia_id, aislado_id, complejo_clonal) VALUES ('344', '344', 'nan') ON DUPLICATE KEY UPDATE complejo_clonal = 'nan'; 
INSERT INTO metadata_general(aislado_id, aislado_nombre) VALUES ('345', 'AND07-001') ON DUPLICATE KEY UPDATE aislado_nombre = 'AND07-001'; 
INSERT INTO fenotipo(fenotipo_id, aislado_id, serotipo_invitro) VALUES ('177', '345', 'O1') ON DUPLICATE KEY UPDATE serotipo_invitro = 'O1'; 
INSERT INTO secuencia(secuencia_id, aislado_id, complejo_clonal) VALUES ('345', '345', 'nan') ON DUPLICATE KEY UPDATE complejo_clonal = 'nan'; 
INSERT INTO metadata_general(aislado_id, aislado_nombre) VALUES ('346', 'AND07-002') ON DUPLICATE KEY UPDATE aislado_nombre = 'AND07-002'; 
INSERT INTO fenotipo(fenotipo_id, aislado_id, serotipo_invitro) VALUES ('178', '346', 'O1') ON DUPLICATE KEY UPDATE serotipo_invitro = 'O1'; 
INSERT INTO secuencia(secuencia_id, aislado_id, complejo_clonal) VALUES ('346', '346', 'nan') ON DUPLICATE KEY UPDATE complejo_clonal = 'nan'; 
INSERT INTO metadata_general(aislado_id, aislado_nombre) VALUES ('347', 'AND07-003') ON DUPLICATE KEY UPDATE aislado_nombre = 'AND07-003'; 
INSERT INTO fenotipo(fenotipo_id, aislado_id, serotipo_invitro) VALUES ('179', '347', 'O1') ON DUPLICATE KEY UPDATE serotipo_invitro = 'O1'; 
INSERT INTO secuencia(secuencia_id, aislado_id, complejo_clonal) VALUES ('347', '347', 'nan') ON DUPLICATE KEY UPDATE complejo_clonal = 'nan'; 
INSERT INTO metadata_general(aislado_id, aislado_nombre) VALUES ('348', 'AND07-006') ON DUPLICATE KEY UPDATE aislado_nombre = 'AND07-006'; 
INSERT INTO fenotipo(fenotipo_id, aislado_id, serotipo_invitro) VALUES ('180', '348', 'O1') ON DUPLICATE KEY UPDATE serotipo_invitro = 'O1'; 
INSERT INTO secuencia(secuencia_id, aislado_id, complejo_clonal) VALUES ('348', '348', 'nan') ON DUPLICATE KEY UPDATE complejo_clonal = 'nan'; 
INSERT INTO metadata_general(aislado_id, aislado_nombre) VALUES ('349', 'AND07-023') ON DUPLICATE KEY UPDATE aislado_nombre = 'AND07-023'; 
INSERT INTO fenotipo(fenotipo_id, aislado_id, serotipo_invitro) VALUES ('181', '349', 'O1') ON DUPLICATE KEY UPDATE serotipo_invitro = 'O1'; 
INSERT INTO secuencia(secuencia_id, aislado_id, complejo_clonal) VALUES ('349', '349', 'nan') ON DUPLICATE KEY UPDATE complejo_clonal = 'nan'; 
INSERT INTO metadata_general(aislado_id, aislado_nombre) VALUES ('350', 'AND07-032') ON DUPLICATE KEY UPDATE aislado_nombre = 'AND07-032'; 
INSERT INTO fenotipo(fenotipo_id, aislado_id, serotipo_invitro) VALUES ('182', '350', 'O1') ON DUPLICATE KEY UPDATE serotipo_invitro = 'O1'; 
INSERT INTO secuencia(secuencia_id, aislado_id, complejo_clonal) VALUES ('350', '350', 'nan') ON DUPLICATE KEY UPDATE complejo_clonal = 'nan'; 
INSERT INTO metadata_general(aislado_id, aislado_nombre) VALUES ('351', 'AND07-034') ON DUPLICATE KEY UPDATE aislado_nombre = 'AND07-034'; 
INSERT INTO fenotipo(fenotipo_id, aislado_id, serotipo_invitro) VALUES ('183', '351', 'O1') ON DUPLICATE KEY UPDATE serotipo_invitro = 'O1'; 
INSERT INTO secuencia(secuencia_id, aislado_id, complejo_clonal) VALUES ('351', '351', 'nan') ON DUPLICATE KEY UPDATE complejo_clonal = 'nan'; 
INSERT INTO metadata_general(aislado_id, aislado_nombre) VALUES ('352', 'AND07-038') ON DUPLICATE KEY UPDATE aislado_nombre = 'AND07-038'; 
INSERT INTO fenotipo(fenotipo_id, aislado_id, serotipo_invitro) VALUES ('184', '352', 'O1') ON DUPLICATE KEY UPDATE serotipo_invitro = 'O1'; 
INSERT INTO secuencia(secuencia_id, aislado_id, complejo_clonal) VALUES ('352', '352', 'nan') ON DUPLICATE KEY UPDATE complejo_clonal = 'nan'; 
INSERT INTO metadata_general(aislado_id, aislado_nombre) VALUES ('353', 'AND07-039') ON DUPLICATE KEY UPDATE aislado_nombre = 'AND07-039'; 
INSERT INTO fenotipo(fenotipo_id, aislado_id, serotipo_invitro) VALUES ('185', '353', 'O1') ON DUPLICATE KEY UPDATE serotipo_invitro = 'O1'; 
INSERT INTO secuencia(secuencia_id, aislado_id, complejo_clonal) VALUES ('353', '353', 'nan') ON DUPLICATE KEY UPDATE complejo_clonal = 'nan'; 
INSERT INTO metadata_general(aislado_id, aislado_nombre) VALUES ('354', 'AND07-040') ON DUPLICATE KEY UPDATE aislado_nombre = 'AND07-040'; 
INSERT INTO fenotipo(fenotipo_id, aislado_id, serotipo_invitro) VALUES ('186', '354', 'O1') ON DUPLICATE KEY UPDATE serotipo_invitro = 'O1'; 
INSERT INTO secuencia(secuencia_id, aislado_id, complejo_clonal) VALUES ('354', '354', 'nan') ON DUPLICATE KEY UPDATE complejo_clonal = 'nan'; 
INSERT INTO metadata_general(aislado_id, aislado_nombre) VALUES ('355', 'AND07-044') ON DUPLICATE KEY UPDATE aislado_nombre = 'AND07-044'; 
INSERT INTO fenotipo(fenotipo_id, aislado_id, serotipo_invitro) VALUES ('187', '355', 'O1') ON DUPLICATE KEY UPDATE serotipo_invitro = 'O1'; 
INSERT INTO secuencia(secuencia_id, aislado_id, complejo_clonal) VALUES ('355', '355', 'nan') ON DUPLICATE KEY UPDATE complejo_clonal = 'nan'; 
INSERT INTO metadata_general(aislado_id, aislado_nombre) VALUES ('356', 'AND07-016') ON DUPLICATE KEY UPDATE aislado_nombre = 'AND07-016'; 
INSERT INTO fenotipo(fenotipo_id, aislado_id, serotipo_invitro) VALUES ('188', '356', 'O2') ON DUPLICATE KEY UPDATE serotipo_invitro = 'O2'; 
INSERT INTO secuencia(secuencia_id, aislado_id, complejo_clonal) VALUES ('356', '356', 'nan') ON DUPLICATE KEY UPDATE complejo_clonal = 'nan'; 
INSERT INTO metadata_general(aislado_id, aislado_nombre) VALUES ('357', 'AND07-019') ON DUPLICATE KEY UPDATE aislado_nombre = 'AND07-019'; 
INSERT INTO fenotipo(fenotipo_id, aislado_id, serotipo_invitro) VALUES ('189', '357', 'O3') ON DUPLICATE KEY UPDATE serotipo_invitro = 'O3'; 
INSERT INTO secuencia(secuencia_id, aislado_id, complejo_clonal) VALUES ('357', '357', 'nan') ON DUPLICATE KEY UPDATE complejo_clonal = 'nan'; 
INSERT INTO metadata_general(aislado_id, aislado_nombre) VALUES ('358', 'AND07-028') ON DUPLICATE KEY UPDATE aislado_nombre = 'AND07-028'; 
INSERT INTO fenotipo(fenotipo_id, aislado_id, serotipo_invitro) VALUES ('190', '358', 'O3') ON DUPLICATE KEY UPDATE serotipo_invitro = 'O3'; 
INSERT INTO secuencia(secuencia_id, aislado_id, complejo_clonal) VALUES ('358', '358', 'nan') ON DUPLICATE KEY UPDATE complejo_clonal = 'nan'; 
INSERT INTO metadata_general(aislado_id, aislado_nombre) VALUES ('359', 'AND07-029') ON DUPLICATE KEY UPDATE aislado_nombre = 'AND07-029'; 
INSERT INTO fenotipo(fenotipo_id, aislado_id, serotipo_invitro) VALUES ('191', '359', 'O3') ON DUPLICATE KEY UPDATE serotipo_invitro = 'O3'; 
INSERT INTO secuencia(secuencia_id, aislado_id, complejo_clonal) VALUES ('359', '359', 'nan') ON DUPLICATE KEY UPDATE complejo_clonal = 'nan'; 
INSERT INTO metadata_general(aislado_id, aislado_nombre) VALUES ('360', 'AND07-036') ON DUPLICATE KEY UPDATE aislado_nombre = 'AND07-036'; 
INSERT INTO fenotipo(fenotipo_id, aislado_id, serotipo_invitro) VALUES ('192', '360', 'O3') ON DUPLICATE KEY UPDATE serotipo_invitro = 'O3'; 
INSERT INTO secuencia(secuencia_id, aislado_id, complejo_clonal) VALUES ('360', '360', 'nan') ON DUPLICATE KEY UPDATE complejo_clonal = 'nan'; 
INSERT INTO metadata_general(aislado_id, aislado_nombre) VALUES ('361', 'AND07-008') ON DUPLICATE KEY UPDATE aislado_nombre = 'AND07-008'; 
INSERT INTO fenotipo(fenotipo_id, aislado_id, serotipo_invitro) VALUES ('193', '361', 'O4') ON DUPLICATE KEY UPDATE serotipo_invitro = 'O4'; 
INSERT INTO secuencia(secuencia_id, aislado_id, complejo_clonal) VALUES ('361', '361', 'nan') ON DUPLICATE KEY UPDATE complejo_clonal = 'nan'; 
INSERT INTO metadata_general(aislado_id, aislado_nombre) VALUES ('362', 'AND07-005') ON DUPLICATE KEY UPDATE aislado_nombre = 'AND07-005'; 
INSERT INTO fenotipo(fenotipo_id, aislado_id, serotipo_invitro) VALUES ('194', '362', 'O6') ON DUPLICATE KEY UPDATE serotipo_invitro = 'O6'; 
INSERT INTO secuencia(secuencia_id, aislado_id, complejo_clonal) VALUES ('362', '362', 'nan') ON DUPLICATE KEY UPDATE complejo_clonal = 'nan'; 
INSERT INTO metadata_general(aislado_id, aislado_nombre) VALUES ('20', 'AND07-027') ON DUPLICATE KEY UPDATE aislado_nombre = 'AND07-027'; 
INSERT INTO fenotipo(fenotipo_id, aislado_id, serotipo_invitro) VALUES ('195', '20', 'No Aglutina') ON DUPLICATE KEY UPDATE serotipo_invitro = 'No Aglutina'; 
INSERT INTO secuencia(secuencia_id, aislado_id, complejo_clonal) VALUES ('20', '20', 'ST-17') ON DUPLICATE KEY UPDATE complejo_clonal = 'ST-17'; 
INSERT INTO metadata_general(aislado_id, aislado_nombre) VALUES ('18', 'AND07-007') ON DUPLICATE KEY UPDATE aislado_nombre = 'AND07-007'; 
INSERT INTO fenotipo(fenotipo_id, aislado_id, serotipo_invitro) VALUES ('196', '18', 'No Aglutina') ON DUPLICATE KEY UPDATE serotipo_invitro = 'No Aglutina'; 
INSERT INTO secuencia(secuencia_id, aislado_id, complejo_clonal) VALUES ('18', '18', 'ST-683') ON DUPLICATE KEY UPDATE complejo_clonal = 'ST-683'; 
INSERT INTO metadata_general(aislado_id, aislado_nombre) VALUES ('19', 'AND07-017') ON DUPLICATE KEY UPDATE aislado_nombre = 'AND07-017'; 
INSERT INTO fenotipo(fenotipo_id, aislado_id, serotipo_invitro) VALUES ('197', '19', 'O6') ON DUPLICATE KEY UPDATE serotipo_invitro = 'O6'; 
INSERT INTO secuencia(secuencia_id, aislado_id, complejo_clonal) VALUES ('19', '19', 'ST-260') ON DUPLICATE KEY UPDATE complejo_clonal = 'ST-260'; 
INSERT INTO metadata_general(aislado_id, aislado_nombre) VALUES ('363', 'ARA01-020') ON DUPLICATE KEY UPDATE aislado_nombre = 'ARA01-020'; 
INSERT INTO fenotipo(fenotipo_id, aislado_id, serotipo_invitro) VALUES ('198', '363', 'O1') ON DUPLICATE KEY UPDATE serotipo_invitro = 'O1'; 
INSERT INTO secuencia(secuencia_id, aislado_id, complejo_clonal) VALUES ('363', '363', 'nan') ON DUPLICATE KEY UPDATE complejo_clonal = 'nan'; 
INSERT INTO metadata_general(aislado_id, aislado_nombre) VALUES ('364', 'ARA01-023') ON DUPLICATE KEY UPDATE aislado_nombre = 'ARA01-023'; 
INSERT INTO fenotipo(fenotipo_id, aislado_id, serotipo_invitro) VALUES ('199', '364', 'O11') ON DUPLICATE KEY UPDATE serotipo_invitro = 'O11'; 
INSERT INTO secuencia(secuencia_id, aislado_id, complejo_clonal) VALUES ('364', '364', 'nan') ON DUPLICATE KEY UPDATE complejo_clonal = 'nan'; 
INSERT INTO metadata_general(aislado_id, aislado_nombre) VALUES ('23', 'ARA01-045') ON DUPLICATE KEY UPDATE aislado_nombre = 'ARA01-045'; 
INSERT INTO fenotipo(fenotipo_id, aislado_id, serotipo_invitro) VALUES ('200', '23', 'O15') ON DUPLICATE KEY UPDATE serotipo_invitro = 'O15'; 
INSERT INTO secuencia(secuencia_id, aislado_id, complejo_clonal) VALUES ('23', '23', 'ST-973') ON DUPLICATE KEY UPDATE complejo_clonal = 'ST-973'; 
INSERT INTO metadata_general(aislado_id, aislado_nombre) VALUES ('365', 'ARA01-003') ON DUPLICATE KEY UPDATE aislado_nombre = 'ARA01-003'; 
INSERT INTO fenotipo(fenotipo_id, aislado_id, serotipo_invitro) VALUES ('201', '365', 'O1') ON DUPLICATE KEY UPDATE serotipo_invitro = 'O1'; 
INSERT INTO secuencia(secuencia_id, aislado_id, complejo_clonal) VALUES ('365', '365', 'nan') ON DUPLICATE KEY UPDATE complejo_clonal = 'nan'; 
INSERT INTO metadata_general(aislado_id, aislado_nombre) VALUES ('366', 'ARA01-009') ON DUPLICATE KEY UPDATE aislado_nombre = 'ARA01-009'; 
INSERT INTO fenotipo(fenotipo_id, aislado_id, serotipo_invitro) VALUES ('202', '366', 'O1') ON DUPLICATE KEY UPDATE serotipo_invitro = 'O1'; 
INSERT INTO secuencia(secuencia_id, aislado_id, complejo_clonal) VALUES ('366', '366', 'nan') ON DUPLICATE KEY UPDATE complejo_clonal = 'nan'; 
INSERT INTO metadata_general(aislado_id, aislado_nombre) VALUES ('367', 'ARA01-012') ON DUPLICATE KEY UPDATE aislado_nombre = 'ARA01-012'; 
INSERT INTO fenotipo(fenotipo_id, aislado_id, serotipo_invitro) VALUES ('203', '367', 'O1') ON DUPLICATE KEY UPDATE serotipo_invitro = 'O1'; 
INSERT INTO secuencia(secuencia_id, aislado_id, complejo_clonal) VALUES ('367', '367', 'nan') ON DUPLICATE KEY UPDATE complejo_clonal = 'nan'; 
INSERT INTO metadata_general(aislado_id, aislado_nombre) VALUES ('368', 'ARA01-030') ON DUPLICATE KEY UPDATE aislado_nombre = 'ARA01-030'; 
INSERT INTO fenotipo(fenotipo_id, aislado_id, serotipo_invitro) VALUES ('204', '368', 'O1') ON DUPLICATE KEY UPDATE serotipo_invitro = 'O1'; 
INSERT INTO secuencia(secuencia_id, aislado_id, complejo_clonal) VALUES ('368', '368', 'nan') ON DUPLICATE KEY UPDATE complejo_clonal = 'nan'; 
INSERT INTO metadata_general(aislado_id, aislado_nombre) VALUES ('369', 'ARA01-002') ON DUPLICATE KEY UPDATE aislado_nombre = 'ARA01-002'; 
INSERT INTO fenotipo(fenotipo_id, aislado_id, serotipo_invitro) VALUES ('205', '369', 'O10') ON DUPLICATE KEY UPDATE serotipo_invitro = 'O10'; 
INSERT INTO secuencia(secuencia_id, aislado_id, complejo_clonal) VALUES ('369', '369', 'nan') ON DUPLICATE KEY UPDATE complejo_clonal = 'nan'; 
INSERT INTO metadata_general(aislado_id, aislado_nombre) VALUES ('370', 'ARA01-006') ON DUPLICATE KEY UPDATE aislado_nombre = 'ARA01-006'; 
INSERT INTO fenotipo(fenotipo_id, aislado_id, serotipo_invitro) VALUES ('206', '370', 'O11') ON DUPLICATE KEY UPDATE serotipo_invitro = 'O11'; 
INSERT INTO secuencia(secuencia_id, aislado_id, complejo_clonal) VALUES ('370', '370', 'nan') ON DUPLICATE KEY UPDATE complejo_clonal = 'nan'; 
INSERT INTO metadata_general(aislado_id, aislado_nombre) VALUES ('371', 'ARA01-014') ON DUPLICATE KEY UPDATE aislado_nombre = 'ARA01-014'; 
INSERT INTO fenotipo(fenotipo_id, aislado_id, serotipo_invitro) VALUES ('207', '371', 'O2+O5') ON DUPLICATE KEY UPDATE serotipo_invitro = 'O2+O5'; 
INSERT INTO secuencia(secuencia_id, aislado_id, complejo_clonal) VALUES ('371', '371', 'nan') ON DUPLICATE KEY UPDATE complejo_clonal = 'nan'; 
INSERT INTO metadata_general(aislado_id, aislado_nombre) VALUES ('372', 'ARA01-028') ON DUPLICATE KEY UPDATE aislado_nombre = 'ARA01-028'; 
INSERT INTO fenotipo(fenotipo_id, aislado_id, serotipo_invitro) VALUES ('208', '372', 'O3') ON DUPLICATE KEY UPDATE serotipo_invitro = 'O3'; 
INSERT INTO secuencia(secuencia_id, aislado_id, complejo_clonal) VALUES ('372', '372', 'nan') ON DUPLICATE KEY UPDATE complejo_clonal = 'nan'; 
INSERT INTO metadata_general(aislado_id, aislado_nombre) VALUES ('373', 'ARA01-031') ON DUPLICATE KEY UPDATE aislado_nombre = 'ARA01-031'; 
INSERT INTO fenotipo(fenotipo_id, aislado_id, serotipo_invitro) VALUES ('209', '373', 'O3') ON DUPLICATE KEY UPDATE serotipo_invitro = 'O3'; 
INSERT INTO secuencia(secuencia_id, aislado_id, complejo_clonal) VALUES ('373', '373', 'nan') ON DUPLICATE KEY UPDATE complejo_clonal = 'nan'; 
INSERT INTO metadata_general(aislado_id, aislado_nombre) VALUES ('374', 'ARA01-044') ON DUPLICATE KEY UPDATE aislado_nombre = 'ARA01-044'; 
INSERT INTO fenotipo(fenotipo_id, aislado_id, serotipo_invitro) VALUES ('210', '374', 'O3') ON DUPLICATE KEY UPDATE serotipo_invitro = 'O3'; 
INSERT INTO secuencia(secuencia_id, aislado_id, complejo_clonal) VALUES ('374', '374', 'nan') ON DUPLICATE KEY UPDATE complejo_clonal = 'nan'; 
INSERT INTO metadata_general(aislado_id, aislado_nombre) VALUES ('375', 'ARA01-036') ON DUPLICATE KEY UPDATE aislado_nombre = 'ARA01-036'; 
INSERT INTO fenotipo(fenotipo_id, aislado_id, serotipo_invitro) VALUES ('211', '375', 'O5') ON DUPLICATE KEY UPDATE serotipo_invitro = 'O5'; 
INSERT INTO secuencia(secuencia_id, aislado_id, complejo_clonal) VALUES ('375', '375', 'nan') ON DUPLICATE KEY UPDATE complejo_clonal = 'nan'; 
INSERT INTO metadata_general(aislado_id, aislado_nombre) VALUES ('376', 'ARA01-038') ON DUPLICATE KEY UPDATE aislado_nombre = 'ARA01-038'; 
INSERT INTO fenotipo(fenotipo_id, aislado_id, serotipo_invitro) VALUES ('212', '376', 'O5') ON DUPLICATE KEY UPDATE serotipo_invitro = 'O5'; 
INSERT INTO secuencia(secuencia_id, aislado_id, complejo_clonal) VALUES ('376', '376', 'nan') ON DUPLICATE KEY UPDATE complejo_clonal = 'nan'; 
INSERT INTO metadata_general(aislado_id, aislado_nombre) VALUES ('377', 'ARA01-046') ON DUPLICATE KEY UPDATE aislado_nombre = 'ARA01-046'; 
INSERT INTO fenotipo(fenotipo_id, aislado_id, serotipo_invitro) VALUES ('213', '377', 'O5') ON DUPLICATE KEY UPDATE serotipo_invitro = 'O5'; 
INSERT INTO secuencia(secuencia_id, aislado_id, complejo_clonal) VALUES ('377', '377', 'nan') ON DUPLICATE KEY UPDATE complejo_clonal = 'nan'; 
INSERT INTO metadata_general(aislado_id, aislado_nombre) VALUES ('378', 'ARA01-018') ON DUPLICATE KEY UPDATE aislado_nombre = 'ARA01-018'; 
INSERT INTO fenotipo(fenotipo_id, aislado_id, serotipo_invitro) VALUES ('214', '378', 'O6') ON DUPLICATE KEY UPDATE serotipo_invitro = 'O6'; 
INSERT INTO secuencia(secuencia_id, aislado_id, complejo_clonal) VALUES ('378', '378', 'nan') ON DUPLICATE KEY UPDATE complejo_clonal = 'nan'; 
INSERT INTO metadata_general(aislado_id, aislado_nombre) VALUES ('379', 'ARA01-022') ON DUPLICATE KEY UPDATE aislado_nombre = 'ARA01-022'; 
INSERT INTO fenotipo(fenotipo_id, aislado_id, serotipo_invitro) VALUES ('215', '379', 'O6') ON DUPLICATE KEY UPDATE serotipo_invitro = 'O6'; 
INSERT INTO secuencia(secuencia_id, aislado_id, complejo_clonal) VALUES ('379', '379', 'nan') ON DUPLICATE KEY UPDATE complejo_clonal = 'nan'; 
INSERT INTO metadata_general(aislado_id, aislado_nombre) VALUES ('380', 'ARA01-027') ON DUPLICATE KEY UPDATE aislado_nombre = 'ARA01-027'; 
INSERT INTO fenotipo(fenotipo_id, aislado_id, serotipo_invitro) VALUES ('216', '380', 'O6') ON DUPLICATE KEY UPDATE serotipo_invitro = 'O6'; 
INSERT INTO secuencia(secuencia_id, aislado_id, complejo_clonal) VALUES ('380', '380', 'nan') ON DUPLICATE KEY UPDATE complejo_clonal = 'nan'; 
INSERT INTO metadata_general(aislado_id, aislado_nombre) VALUES ('381', 'ARA01-040') ON DUPLICATE KEY UPDATE aislado_nombre = 'ARA01-040'; 
INSERT INTO fenotipo(fenotipo_id, aislado_id, serotipo_invitro) VALUES ('217', '381', 'O6') ON DUPLICATE KEY UPDATE serotipo_invitro = 'O6'; 
INSERT INTO secuencia(secuencia_id, aislado_id, complejo_clonal) VALUES ('381', '381', 'nan') ON DUPLICATE KEY UPDATE complejo_clonal = 'nan'; 
INSERT INTO metadata_general(aislado_id, aislado_nombre) VALUES ('382', 'ARA01-021') ON DUPLICATE KEY UPDATE aislado_nombre = 'ARA01-021'; 
INSERT INTO fenotipo(fenotipo_id, aislado_id, serotipo_invitro) VALUES ('218', '382', 'O7') ON DUPLICATE KEY UPDATE serotipo_invitro = 'O7'; 
INSERT INTO secuencia(secuencia_id, aislado_id, complejo_clonal) VALUES ('382', '382', 'nan') ON DUPLICATE KEY UPDATE complejo_clonal = 'nan'; 
INSERT INTO metadata_general(aislado_id, aislado_nombre) VALUES ('383', 'ARA01-041') ON DUPLICATE KEY UPDATE aislado_nombre = 'ARA01-041'; 
INSERT INTO fenotipo(fenotipo_id, aislado_id, serotipo_invitro) VALUES ('219', '383', 'O7') ON DUPLICATE KEY UPDATE serotipo_invitro = 'O7'; 
INSERT INTO secuencia(secuencia_id, aislado_id, complejo_clonal) VALUES ('383', '383', 'nan') ON DUPLICATE KEY UPDATE complejo_clonal = 'nan'; 
INSERT INTO metadata_general(aislado_id, aislado_nombre) VALUES ('384', 'ARA01-001') ON DUPLICATE KEY UPDATE aislado_nombre = 'ARA01-001'; 
INSERT INTO fenotipo(fenotipo_id, aislado_id, serotipo_invitro) VALUES ('220', '384', 'O8') ON DUPLICATE KEY UPDATE serotipo_invitro = 'O8'; 
INSERT INTO secuencia(secuencia_id, aislado_id, complejo_clonal) VALUES ('384', '384', 'nan') ON DUPLICATE KEY UPDATE complejo_clonal = 'nan'; 
INSERT INTO metadata_general(aislado_id, aislado_nombre) VALUES ('385', 'ARA01-033') ON DUPLICATE KEY UPDATE aislado_nombre = 'ARA01-033'; 
INSERT INTO fenotipo(fenotipo_id, aislado_id, serotipo_invitro) VALUES ('221', '385', 'O9') ON DUPLICATE KEY UPDATE serotipo_invitro = 'O9'; 
INSERT INTO secuencia(secuencia_id, aislado_id, complejo_clonal) VALUES ('385', '385', 'nan') ON DUPLICATE KEY UPDATE complejo_clonal = 'nan'; 
INSERT INTO metadata_general(aislado_id, aislado_nombre) VALUES ('386', 'ARA01-034') ON DUPLICATE KEY UPDATE aislado_nombre = 'ARA01-034'; 
INSERT INTO fenotipo(fenotipo_id, aislado_id, serotipo_invitro) VALUES ('222', '386', 'O9') ON DUPLICATE KEY UPDATE serotipo_invitro = 'O9'; 
INSERT INTO secuencia(secuencia_id, aislado_id, complejo_clonal) VALUES ('386', '386', 'nan') ON DUPLICATE KEY UPDATE complejo_clonal = 'nan'; 
INSERT INTO metadata_general(aislado_id, aislado_nombre) VALUES ('387', 'ARA01-050') ON DUPLICATE KEY UPDATE aislado_nombre = 'ARA01-050'; 
INSERT INTO fenotipo(fenotipo_id, aislado_id, serotipo_invitro) VALUES ('223', '387', 'O9') ON DUPLICATE KEY UPDATE serotipo_invitro = 'O9'; 
INSERT INTO secuencia(secuencia_id, aislado_id, complejo_clonal) VALUES ('387', '387', 'nan') ON DUPLICATE KEY UPDATE complejo_clonal = 'nan'; 
INSERT INTO metadata_general(aislado_id, aislado_nombre) VALUES ('22', 'ARA01-037') ON DUPLICATE KEY UPDATE aislado_nombre = 'ARA01-037'; 
INSERT INTO fenotipo(fenotipo_id, aislado_id, serotipo_invitro) VALUES ('224', '22', 'O12') ON DUPLICATE KEY UPDATE serotipo_invitro = 'O12'; 
INSERT INTO secuencia(secuencia_id, aislado_id, complejo_clonal) VALUES ('22', '22', 'ST-111') ON DUPLICATE KEY UPDATE complejo_clonal = 'ST-111'; 
INSERT INTO metadata_general(aislado_id, aislado_nombre) VALUES ('21', 'ARA01-015') ON DUPLICATE KEY UPDATE aislado_nombre = 'ARA01-015'; 
INSERT INTO fenotipo(fenotipo_id, aislado_id, serotipo_invitro) VALUES ('225', '21', 'No Aglutina') ON DUPLICATE KEY UPDATE serotipo_invitro = 'No Aglutina'; 
INSERT INTO secuencia(secuencia_id, aislado_id, complejo_clonal) VALUES ('21', '21', 'ST-235') ON DUPLICATE KEY UPDATE complejo_clonal = 'ST-235'; 
INSERT INTO metadata_general(aislado_id, aislado_nombre) VALUES ('388', 'ARA01-024') ON DUPLICATE KEY UPDATE aislado_nombre = 'ARA01-024'; 
INSERT INTO fenotipo(fenotipo_id, aislado_id, serotipo_invitro) VALUES ('226', '388', 'O15') ON DUPLICATE KEY UPDATE serotipo_invitro = 'O15'; 
INSERT INTO secuencia(secuencia_id, aislado_id, complejo_clonal) VALUES ('388', '388', 'ST-973') ON DUPLICATE KEY UPDATE complejo_clonal = 'ST-973'; 
INSERT INTO metadata_general(aislado_id, aislado_nombre) VALUES ('24', 'ARA01-049') ON DUPLICATE KEY UPDATE aislado_nombre = 'ARA01-049'; 
INSERT INTO fenotipo(fenotipo_id, aislado_id, serotipo_invitro) VALUES ('227', '24', 'O3') ON DUPLICATE KEY UPDATE serotipo_invitro = 'O3'; 
INSERT INTO secuencia(secuencia_id, aislado_id, complejo_clonal) VALUES ('24', '24', 'ST-365') ON DUPLICATE KEY UPDATE complejo_clonal = 'ST-365'; 
INSERT INTO metadata_general(aislado_id, aislado_nombre) VALUES ('389', 'ARA02-021') ON DUPLICATE KEY UPDATE aislado_nombre = 'ARA02-021'; 
INSERT INTO fenotipo(fenotipo_id, aislado_id, serotipo_invitro) VALUES ('228', '389', 'No aglutina') ON DUPLICATE KEY UPDATE serotipo_invitro = 'No aglutina'; 
INSERT INTO secuencia(secuencia_id, aislado_id, complejo_clonal) VALUES ('389', '389', 'nan') ON DUPLICATE KEY UPDATE complejo_clonal = 'nan'; 
INSERT INTO metadata_general(aislado_id, aislado_nombre) VALUES ('390', 'ARA02-001') ON DUPLICATE KEY UPDATE aislado_nombre = 'ARA02-001'; 
INSERT INTO fenotipo(fenotipo_id, aislado_id, serotipo_invitro) VALUES ('229', '390', 'O11') ON DUPLICATE KEY UPDATE serotipo_invitro = 'O11'; 
INSERT INTO secuencia(secuencia_id, aislado_id, complejo_clonal) VALUES ('390', '390', 'nan') ON DUPLICATE KEY UPDATE complejo_clonal = 'nan'; 
INSERT INTO metadata_general(aislado_id, aislado_nombre) VALUES ('391', 'ARA02-024') ON DUPLICATE KEY UPDATE aislado_nombre = 'ARA02-024'; 
INSERT INTO fenotipo(fenotipo_id, aislado_id, serotipo_invitro) VALUES ('230', '391', 'O11') ON DUPLICATE KEY UPDATE serotipo_invitro = 'O11'; 
INSERT INTO secuencia(secuencia_id, aislado_id, complejo_clonal) VALUES ('391', '391', 'nan') ON DUPLICATE KEY UPDATE complejo_clonal = 'nan'; 
INSERT INTO metadata_general(aislado_id, aislado_nombre) VALUES ('392', 'ARA02-041') ON DUPLICATE KEY UPDATE aislado_nombre = 'ARA02-041'; 
INSERT INTO fenotipo(fenotipo_id, aislado_id, serotipo_invitro) VALUES ('231', '392', 'O4') ON DUPLICATE KEY UPDATE serotipo_invitro = 'O4'; 
INSERT INTO secuencia(secuencia_id, aislado_id, complejo_clonal) VALUES ('392', '392', 'nan') ON DUPLICATE KEY UPDATE complejo_clonal = 'nan'; 
INSERT INTO metadata_general(aislado_id, aislado_nombre) VALUES ('393', 'ARA02-018') ON DUPLICATE KEY UPDATE aislado_nombre = 'ARA02-018'; 
INSERT INTO fenotipo(fenotipo_id, aislado_id, serotipo_invitro) VALUES ('232', '393', 'O6') ON DUPLICATE KEY UPDATE serotipo_invitro = 'O6'; 
INSERT INTO secuencia(secuencia_id, aislado_id, complejo_clonal) VALUES ('393', '393', 'nan') ON DUPLICATE KEY UPDATE complejo_clonal = 'nan'; 
INSERT INTO metadata_general(aislado_id, aislado_nombre) VALUES ('394', 'ARA02-010') ON DUPLICATE KEY UPDATE aislado_nombre = 'ARA02-010'; 
INSERT INTO fenotipo(fenotipo_id, aislado_id, serotipo_invitro) VALUES ('233', '394', 'No aglutina') ON DUPLICATE KEY UPDATE serotipo_invitro = 'No aglutina'; 
INSERT INTO secuencia(secuencia_id, aislado_id, complejo_clonal) VALUES ('394', '394', 'nan') ON DUPLICATE KEY UPDATE complejo_clonal = 'nan'; 
INSERT INTO metadata_general(aislado_id, aislado_nombre) VALUES ('395', 'ARA02-013') ON DUPLICATE KEY UPDATE aislado_nombre = 'ARA02-013'; 
INSERT INTO fenotipo(fenotipo_id, aislado_id, serotipo_invitro) VALUES ('234', '395', 'No aglutina') ON DUPLICATE KEY UPDATE serotipo_invitro = 'No aglutina'; 
INSERT INTO secuencia(secuencia_id, aislado_id, complejo_clonal) VALUES ('395', '395', 'nan') ON DUPLICATE KEY UPDATE complejo_clonal = 'nan'; 
INSERT INTO metadata_general(aislado_id, aislado_nombre) VALUES ('396', 'ARA02-014') ON DUPLICATE KEY UPDATE aislado_nombre = 'ARA02-014'; 
INSERT INTO fenotipo(fenotipo_id, aislado_id, serotipo_invitro) VALUES ('235', '396', 'O1') ON DUPLICATE KEY UPDATE serotipo_invitro = 'O1'; 
INSERT INTO secuencia(secuencia_id, aislado_id, complejo_clonal) VALUES ('396', '396', 'nan') ON DUPLICATE KEY UPDATE complejo_clonal = 'nan'; 
INSERT INTO metadata_general(aislado_id, aislado_nombre) VALUES ('397', 'ARA02-022') ON DUPLICATE KEY UPDATE aislado_nombre = 'ARA02-022'; 
INSERT INTO fenotipo(fenotipo_id, aislado_id, serotipo_invitro) VALUES ('236', '397', 'O1') ON DUPLICATE KEY UPDATE serotipo_invitro = 'O1'; 
INSERT INTO secuencia(secuencia_id, aislado_id, complejo_clonal) VALUES ('397', '397', 'nan') ON DUPLICATE KEY UPDATE complejo_clonal = 'nan'; 
INSERT INTO metadata_general(aislado_id, aislado_nombre) VALUES ('398', 'ARA02-016') ON DUPLICATE KEY UPDATE aislado_nombre = 'ARA02-016'; 
INSERT INTO fenotipo(fenotipo_id, aislado_id, serotipo_invitro) VALUES ('237', '398', 'O10') ON DUPLICATE KEY UPDATE serotipo_invitro = 'O10'; 
INSERT INTO secuencia(secuencia_id, aislado_id, complejo_clonal) VALUES ('398', '398', 'nan') ON DUPLICATE KEY UPDATE complejo_clonal = 'nan'; 
INSERT INTO metadata_general(aislado_id, aislado_nombre) VALUES ('399', 'ARA02-007') ON DUPLICATE KEY UPDATE aislado_nombre = 'ARA02-007'; 
INSERT INTO fenotipo(fenotipo_id, aislado_id, serotipo_invitro) VALUES ('238', '399', 'O11') ON DUPLICATE KEY UPDATE serotipo_invitro = 'O11'; 
INSERT INTO secuencia(secuencia_id, aislado_id, complejo_clonal) VALUES ('399', '399', 'nan') ON DUPLICATE KEY UPDATE complejo_clonal = 'nan'; 
INSERT INTO metadata_general(aislado_id, aislado_nombre) VALUES ('400', 'ARA02-039') ON DUPLICATE KEY UPDATE aislado_nombre = 'ARA02-039'; 
INSERT INTO fenotipo(fenotipo_id, aislado_id, serotipo_invitro) VALUES ('239', '400', 'O11') ON DUPLICATE KEY UPDATE serotipo_invitro = 'O11'; 
INSERT INTO secuencia(secuencia_id, aislado_id, complejo_clonal) VALUES ('400', '400', 'nan') ON DUPLICATE KEY UPDATE complejo_clonal = 'nan'; 
INSERT INTO metadata_general(aislado_id, aislado_nombre) VALUES ('401', 'ARA02-023') ON DUPLICATE KEY UPDATE aislado_nombre = 'ARA02-023'; 
INSERT INTO fenotipo(fenotipo_id, aislado_id, serotipo_invitro) VALUES ('240', '401', 'O3') ON DUPLICATE KEY UPDATE serotipo_invitro = 'O3'; 
INSERT INTO secuencia(secuencia_id, aislado_id, complejo_clonal) VALUES ('401', '401', 'nan') ON DUPLICATE KEY UPDATE complejo_clonal = 'nan'; 
INSERT INTO metadata_general(aislado_id, aislado_nombre) VALUES ('402', 'ARA02-034') ON DUPLICATE KEY UPDATE aislado_nombre = 'ARA02-034'; 
INSERT INTO fenotipo(fenotipo_id, aislado_id, serotipo_invitro) VALUES ('241', '402', 'O5') ON DUPLICATE KEY UPDATE serotipo_invitro = 'O5'; 
INSERT INTO secuencia(secuencia_id, aislado_id, complejo_clonal) VALUES ('402', '402', 'ST-267') ON DUPLICATE KEY UPDATE complejo_clonal = 'ST-267'; 
INSERT INTO metadata_general(aislado_id, aislado_nombre) VALUES ('403', 'ARA02-035') ON DUPLICATE KEY UPDATE aislado_nombre = 'ARA02-035'; 
INSERT INTO fenotipo(fenotipo_id, aislado_id, serotipo_invitro) VALUES ('242', '403', 'O4') ON DUPLICATE KEY UPDATE serotipo_invitro = 'O4'; 
INSERT INTO secuencia(secuencia_id, aislado_id, complejo_clonal) VALUES ('403', '403', 'nan') ON DUPLICATE KEY UPDATE complejo_clonal = 'nan'; 
INSERT INTO metadata_general(aislado_id, aislado_nombre) VALUES ('404', 'ARA02-038') ON DUPLICATE KEY UPDATE aislado_nombre = 'ARA02-038'; 
INSERT INTO fenotipo(fenotipo_id, aislado_id, serotipo_invitro) VALUES ('243', '404', 'O4') ON DUPLICATE KEY UPDATE serotipo_invitro = 'O4'; 
INSERT INTO secuencia(secuencia_id, aislado_id, complejo_clonal) VALUES ('404', '404', 'nan') ON DUPLICATE KEY UPDATE complejo_clonal = 'nan'; 
INSERT INTO metadata_general(aislado_id, aislado_nombre) VALUES ('405', 'ARA02-005') ON DUPLICATE KEY UPDATE aislado_nombre = 'ARA02-005'; 
INSERT INTO fenotipo(fenotipo_id, aislado_id, serotipo_invitro) VALUES ('244', '405', 'O5') ON DUPLICATE KEY UPDATE serotipo_invitro = 'O5'; 
INSERT INTO secuencia(secuencia_id, aislado_id, complejo_clonal) VALUES ('405', '405', 'nan') ON DUPLICATE KEY UPDATE complejo_clonal = 'nan'; 
INSERT INTO metadata_general(aislado_id, aislado_nombre) VALUES ('406', 'ARA02-002') ON DUPLICATE KEY UPDATE aislado_nombre = 'ARA02-002'; 
INSERT INTO fenotipo(fenotipo_id, aislado_id, serotipo_invitro) VALUES ('245', '406', 'O6') ON DUPLICATE KEY UPDATE serotipo_invitro = 'O6'; 
INSERT INTO secuencia(secuencia_id, aislado_id, complejo_clonal) VALUES ('406', '406', 'nan') ON DUPLICATE KEY UPDATE complejo_clonal = 'nan'; 
INSERT INTO metadata_general(aislado_id, aislado_nombre) VALUES ('407', 'ARA02-006') ON DUPLICATE KEY UPDATE aislado_nombre = 'ARA02-006'; 
INSERT INTO fenotipo(fenotipo_id, aislado_id, serotipo_invitro) VALUES ('246', '407', 'O6') ON DUPLICATE KEY UPDATE serotipo_invitro = 'O6'; 
INSERT INTO secuencia(secuencia_id, aislado_id, complejo_clonal) VALUES ('407', '407', 'nan') ON DUPLICATE KEY UPDATE complejo_clonal = 'nan'; 
INSERT INTO metadata_general(aislado_id, aislado_nombre) VALUES ('408', 'ARA02-011') ON DUPLICATE KEY UPDATE aislado_nombre = 'ARA02-011'; 
INSERT INTO fenotipo(fenotipo_id, aislado_id, serotipo_invitro) VALUES ('247', '408', 'O6') ON DUPLICATE KEY UPDATE serotipo_invitro = 'O6'; 
INSERT INTO secuencia(secuencia_id, aislado_id, complejo_clonal) VALUES ('408', '408', 'nan') ON DUPLICATE KEY UPDATE complejo_clonal = 'nan'; 
INSERT INTO metadata_general(aislado_id, aislado_nombre) VALUES ('409', 'ARA02-036') ON DUPLICATE KEY UPDATE aislado_nombre = 'ARA02-036'; 
INSERT INTO fenotipo(fenotipo_id, aislado_id, serotipo_invitro) VALUES ('248', '409', 'O6') ON DUPLICATE KEY UPDATE serotipo_invitro = 'O6'; 
INSERT INTO secuencia(secuencia_id, aislado_id, complejo_clonal) VALUES ('409', '409', 'nan') ON DUPLICATE KEY UPDATE complejo_clonal = 'nan'; 
INSERT INTO metadata_general(aislado_id, aislado_nombre) VALUES ('410', 'ARA02-037') ON DUPLICATE KEY UPDATE aislado_nombre = 'ARA02-037'; 
INSERT INTO fenotipo(fenotipo_id, aislado_id, serotipo_invitro) VALUES ('249', '410', 'O6') ON DUPLICATE KEY UPDATE serotipo_invitro = 'O6'; 
INSERT INTO secuencia(secuencia_id, aislado_id, complejo_clonal) VALUES ('410', '410', 'nan') ON DUPLICATE KEY UPDATE complejo_clonal = 'nan'; 
INSERT INTO metadata_general(aislado_id, aislado_nombre) VALUES ('411', 'ARA02-008') ON DUPLICATE KEY UPDATE aislado_nombre = 'ARA02-008'; 
INSERT INTO fenotipo(fenotipo_id, aislado_id, serotipo_invitro) VALUES ('250', '411', 'O8') ON DUPLICATE KEY UPDATE serotipo_invitro = 'O8'; 
INSERT INTO secuencia(secuencia_id, aislado_id, complejo_clonal) VALUES ('411', '411', 'nan') ON DUPLICATE KEY UPDATE complejo_clonal = 'nan'; 
INSERT INTO metadata_general(aislado_id, aislado_nombre) VALUES ('412', 'ARA02-019') ON DUPLICATE KEY UPDATE aislado_nombre = 'ARA02-019'; 
INSERT INTO fenotipo(fenotipo_id, aislado_id, serotipo_invitro) VALUES ('251', '412', 'O8') ON DUPLICATE KEY UPDATE serotipo_invitro = 'O8'; 
INSERT INTO secuencia(secuencia_id, aislado_id, complejo_clonal) VALUES ('412', '412', 'nan') ON DUPLICATE KEY UPDATE complejo_clonal = 'nan'; 
INSERT INTO metadata_general(aislado_id, aislado_nombre) VALUES ('26', 'ARA02-015') ON DUPLICATE KEY UPDATE aislado_nombre = 'ARA02-015'; 
INSERT INTO fenotipo(fenotipo_id, aislado_id, serotipo_invitro) VALUES ('252', '26', 'No aglutina (O1* dbil)') ON DUPLICATE KEY UPDATE serotipo_invitro = 'No aglutina (O1* dbil)'; 
INSERT INTO secuencia(secuencia_id, aislado_id, complejo_clonal) VALUES ('26', '26', 'ST-175') ON DUPLICATE KEY UPDATE complejo_clonal = 'ST-175'; 
INSERT INTO metadata_general(aislado_id, aislado_nombre) VALUES ('25', 'ARA02-009') ON DUPLICATE KEY UPDATE aislado_nombre = 'ARA02-009'; 
INSERT INTO fenotipo(fenotipo_id, aislado_id, serotipo_invitro) VALUES ('253', '25', 'O11') ON DUPLICATE KEY UPDATE serotipo_invitro = 'O11'; 
INSERT INTO secuencia(secuencia_id, aislado_id, complejo_clonal) VALUES ('25', '25', 'ST-235') ON DUPLICATE KEY UPDATE complejo_clonal = 'ST-235'; 
INSERT INTO metadata_general(aislado_id, aislado_nombre) VALUES ('28', 'ARA02-029') ON DUPLICATE KEY UPDATE aislado_nombre = 'ARA02-029'; 
INSERT INTO fenotipo(fenotipo_id, aislado_id, serotipo_invitro) VALUES ('254', '28', 'O12') ON DUPLICATE KEY UPDATE serotipo_invitro = 'O12'; 
INSERT INTO secuencia(secuencia_id, aislado_id, complejo_clonal) VALUES ('28', '28', 'ST-111') ON DUPLICATE KEY UPDATE complejo_clonal = 'ST-111'; 
INSERT INTO metadata_general(aislado_id, aislado_nombre) VALUES ('27', 'ARA02-017') ON DUPLICATE KEY UPDATE aislado_nombre = 'ARA02-017'; 
INSERT INTO fenotipo(fenotipo_id, aislado_id, serotipo_invitro) VALUES ('255', '27', 'O4') ON DUPLICATE KEY UPDATE serotipo_invitro = 'O4'; 
INSERT INTO secuencia(secuencia_id, aislado_id, complejo_clonal) VALUES ('27', '27', 'ST-175') ON DUPLICATE KEY UPDATE complejo_clonal = 'ST-175'; 
INSERT INTO metadata_general(aislado_id, aislado_nombre) VALUES ('413', 'ARA02-033') ON DUPLICATE KEY UPDATE aislado_nombre = 'ARA02-033'; 
INSERT INTO fenotipo(fenotipo_id, aislado_id, serotipo_invitro) VALUES ('256', '413', 'O4') ON DUPLICATE KEY UPDATE serotipo_invitro = 'O4'; 
INSERT INTO secuencia(secuencia_id, aislado_id, complejo_clonal) VALUES ('413', '413', 'ST-175') ON DUPLICATE KEY UPDATE complejo_clonal = 'ST-175'; 
INSERT INTO metadata_general(aislado_id, aislado_nombre) VALUES ('29', 'ARA02-040') ON DUPLICATE KEY UPDATE aislado_nombre = 'ARA02-040'; 
INSERT INTO fenotipo(fenotipo_id, aislado_id, serotipo_invitro) VALUES ('257', '29', 'O4') ON DUPLICATE KEY UPDATE serotipo_invitro = 'O4'; 
INSERT INTO secuencia(secuencia_id, aislado_id, complejo_clonal) VALUES ('29', '29', 'ST-175') ON DUPLICATE KEY UPDATE complejo_clonal = 'ST-175'; 
INSERT INTO metadata_general(aislado_id, aislado_nombre) VALUES ('414', 'ARA03-003') ON DUPLICATE KEY UPDATE aislado_nombre = 'ARA03-003'; 
INSERT INTO fenotipo(fenotipo_id, aislado_id, serotipo_invitro) VALUES ('258', '414', 'O3') ON DUPLICATE KEY UPDATE serotipo_invitro = 'O3'; 
INSERT INTO secuencia(secuencia_id, aislado_id, complejo_clonal) VALUES ('414', '414', 'nan') ON DUPLICATE KEY UPDATE complejo_clonal = 'nan'; 
INSERT INTO metadata_general(aislado_id, aislado_nombre) VALUES ('415', 'ARA03-016') ON DUPLICATE KEY UPDATE aislado_nombre = 'ARA03-016'; 
INSERT INTO fenotipo(fenotipo_id, aislado_id, serotipo_invitro) VALUES ('259', '415', 'O6') ON DUPLICATE KEY UPDATE serotipo_invitro = 'O6'; 
INSERT INTO secuencia(secuencia_id, aislado_id, complejo_clonal) VALUES ('415', '415', 'nan') ON DUPLICATE KEY UPDATE complejo_clonal = 'nan'; 
INSERT INTO metadata_general(aislado_id, aislado_nombre) VALUES ('416', 'ARA03-006') ON DUPLICATE KEY UPDATE aislado_nombre = 'ARA03-006'; 
INSERT INTO fenotipo(fenotipo_id, aislado_id, serotipo_invitro) VALUES ('260', '416', 'No aglutina') ON DUPLICATE KEY UPDATE serotipo_invitro = 'No aglutina'; 
INSERT INTO secuencia(secuencia_id, aislado_id, complejo_clonal) VALUES ('416', '416', 'nan') ON DUPLICATE KEY UPDATE complejo_clonal = 'nan'; 
INSERT INTO metadata_general(aislado_id, aislado_nombre) VALUES ('417', 'ARA03-013') ON DUPLICATE KEY UPDATE aislado_nombre = 'ARA03-013'; 
INSERT INTO fenotipo(fenotipo_id, aislado_id, serotipo_invitro) VALUES ('261', '417', 'No aglutina') ON DUPLICATE KEY UPDATE serotipo_invitro = 'No aglutina'; 
INSERT INTO secuencia(secuencia_id, aislado_id, complejo_clonal) VALUES ('417', '417', 'nan') ON DUPLICATE KEY UPDATE complejo_clonal = 'nan'; 
INSERT INTO metadata_general(aislado_id, aislado_nombre) VALUES ('418', 'ARA03-007') ON DUPLICATE KEY UPDATE aislado_nombre = 'ARA03-007'; 
INSERT INTO fenotipo(fenotipo_id, aislado_id, serotipo_invitro) VALUES ('262', '418', 'O1') ON DUPLICATE KEY UPDATE serotipo_invitro = 'O1'; 
INSERT INTO secuencia(secuencia_id, aislado_id, complejo_clonal) VALUES ('418', '418', 'nan') ON DUPLICATE KEY UPDATE complejo_clonal = 'nan'; 
INSERT INTO metadata_general(aislado_id, aislado_nombre) VALUES ('419', 'ARA03-011') ON DUPLICATE KEY UPDATE aislado_nombre = 'ARA03-011'; 
INSERT INTO fenotipo(fenotipo_id, aislado_id, serotipo_invitro) VALUES ('263', '419', 'O1') ON DUPLICATE KEY UPDATE serotipo_invitro = 'O1'; 
INSERT INTO secuencia(secuencia_id, aislado_id, complejo_clonal) VALUES ('419', '419', 'nan') ON DUPLICATE KEY UPDATE complejo_clonal = 'nan'; 
INSERT INTO metadata_general(aislado_id, aislado_nombre) VALUES ('420', 'ARA03-015') ON DUPLICATE KEY UPDATE aislado_nombre = 'ARA03-015'; 
INSERT INTO fenotipo(fenotipo_id, aislado_id, serotipo_invitro) VALUES ('264', '420', 'O1') ON DUPLICATE KEY UPDATE serotipo_invitro = 'O1'; 
INSERT INTO secuencia(secuencia_id, aislado_id, complejo_clonal) VALUES ('420', '420', 'nan') ON DUPLICATE KEY UPDATE complejo_clonal = 'nan'; 
INSERT INTO metadata_general(aislado_id, aislado_nombre) VALUES ('421', 'ARA03-017') ON DUPLICATE KEY UPDATE aislado_nombre = 'ARA03-017'; 
INSERT INTO fenotipo(fenotipo_id, aislado_id, serotipo_invitro) VALUES ('265', '421', 'O1') ON DUPLICATE KEY UPDATE serotipo_invitro = 'O1'; 
INSERT INTO secuencia(secuencia_id, aislado_id, complejo_clonal) VALUES ('421', '421', 'nan') ON DUPLICATE KEY UPDATE complejo_clonal = 'nan'; 
INSERT INTO metadata_general(aislado_id, aislado_nombre) VALUES ('422', 'ARA03-004') ON DUPLICATE KEY UPDATE aislado_nombre = 'ARA03-004'; 
INSERT INTO fenotipo(fenotipo_id, aislado_id, serotipo_invitro) VALUES ('266', '422', 'O1+O2') ON DUPLICATE KEY UPDATE serotipo_invitro = 'O1+O2'; 
INSERT INTO secuencia(secuencia_id, aislado_id, complejo_clonal) VALUES ('422', '422', 'nan') ON DUPLICATE KEY UPDATE complejo_clonal = 'nan'; 
INSERT INTO metadata_general(aislado_id, aislado_nombre) VALUES ('423', 'ARA03-001') ON DUPLICATE KEY UPDATE aislado_nombre = 'ARA03-001'; 
INSERT INTO fenotipo(fenotipo_id, aislado_id, serotipo_invitro) VALUES ('267', '423', 'O11') ON DUPLICATE KEY UPDATE serotipo_invitro = 'O11'; 
INSERT INTO secuencia(secuencia_id, aislado_id, complejo_clonal) VALUES ('423', '423', 'nan') ON DUPLICATE KEY UPDATE complejo_clonal = 'nan'; 
INSERT INTO metadata_general(aislado_id, aislado_nombre) VALUES ('424', 'ARA03-005') ON DUPLICATE KEY UPDATE aislado_nombre = 'ARA03-005'; 
INSERT INTO fenotipo(fenotipo_id, aislado_id, serotipo_invitro) VALUES ('268', '424', 'O11') ON DUPLICATE KEY UPDATE serotipo_invitro = 'O11'; 
INSERT INTO secuencia(secuencia_id, aislado_id, complejo_clonal) VALUES ('424', '424', 'nan') ON DUPLICATE KEY UPDATE complejo_clonal = 'nan'; 
INSERT INTO metadata_general(aislado_id, aislado_nombre) VALUES ('425', 'ARA03-012') ON DUPLICATE KEY UPDATE aislado_nombre = 'ARA03-012'; 
INSERT INTO fenotipo(fenotipo_id, aislado_id, serotipo_invitro) VALUES ('269', '425', 'O11') ON DUPLICATE KEY UPDATE serotipo_invitro = 'O11'; 
INSERT INTO secuencia(secuencia_id, aislado_id, complejo_clonal) VALUES ('425', '425', 'nan') ON DUPLICATE KEY UPDATE complejo_clonal = 'nan'; 
INSERT INTO metadata_general(aislado_id, aislado_nombre) VALUES ('426', 'ARA03-014') ON DUPLICATE KEY UPDATE aislado_nombre = 'ARA03-014'; 
INSERT INTO fenotipo(fenotipo_id, aislado_id, serotipo_invitro) VALUES ('270', '426', 'O2') ON DUPLICATE KEY UPDATE serotipo_invitro = 'O2'; 
INSERT INTO secuencia(secuencia_id, aislado_id, complejo_clonal) VALUES ('426', '426', 'nan') ON DUPLICATE KEY UPDATE complejo_clonal = 'nan'; 
INSERT INTO metadata_general(aislado_id, aislado_nombre) VALUES ('427', 'ARA03-009') ON DUPLICATE KEY UPDATE aislado_nombre = 'ARA03-009'; 
INSERT INTO fenotipo(fenotipo_id, aislado_id, serotipo_invitro) VALUES ('271', '427', 'O3') ON DUPLICATE KEY UPDATE serotipo_invitro = 'O3'; 
INSERT INTO secuencia(secuencia_id, aislado_id, complejo_clonal) VALUES ('427', '427', 'nan') ON DUPLICATE KEY UPDATE complejo_clonal = 'nan'; 
INSERT INTO metadata_general(aislado_id, aislado_nombre) VALUES ('428', 'ARA03-002') ON DUPLICATE KEY UPDATE aislado_nombre = 'ARA03-002'; 
INSERT INTO fenotipo(fenotipo_id, aislado_id, serotipo_invitro) VALUES ('272', '428', 'O5') ON DUPLICATE KEY UPDATE serotipo_invitro = 'O5'; 
INSERT INTO secuencia(secuencia_id, aislado_id, complejo_clonal) VALUES ('428', '428', 'nan') ON DUPLICATE KEY UPDATE complejo_clonal = 'nan'; 
INSERT INTO metadata_general(aislado_id, aislado_nombre) VALUES ('429', 'ARA03-010') ON DUPLICATE KEY UPDATE aislado_nombre = 'ARA03-010'; 
INSERT INTO fenotipo(fenotipo_id, aislado_id, serotipo_invitro) VALUES ('273', '429', 'O6') ON DUPLICATE KEY UPDATE serotipo_invitro = 'O6'; 
INSERT INTO secuencia(secuencia_id, aislado_id, complejo_clonal) VALUES ('429', '429', 'nan') ON DUPLICATE KEY UPDATE complejo_clonal = 'nan'; 
INSERT INTO metadata_general(aislado_id, aislado_nombre) VALUES ('30', 'ARA03-008') ON DUPLICATE KEY UPDATE aislado_nombre = 'ARA03-008'; 
INSERT INTO fenotipo(fenotipo_id, aislado_id, serotipo_invitro) VALUES ('274', '30', 'No aglutina') ON DUPLICATE KEY UPDATE serotipo_invitro = 'No aglutina'; 
INSERT INTO secuencia(secuencia_id, aislado_id, complejo_clonal) VALUES ('30', '30', 'ST-308') ON DUPLICATE KEY UPDATE complejo_clonal = 'ST-308'; 
INSERT INTO metadata_general(aislado_id, aislado_nombre) VALUES ('430', 'AST01-024') ON DUPLICATE KEY UPDATE aislado_nombre = 'AST01-024'; 
INSERT INTO fenotipo(fenotipo_id, aislado_id, serotipo_invitro) VALUES ('275', '430', 'O11') ON DUPLICATE KEY UPDATE serotipo_invitro = 'O11'; 
INSERT INTO secuencia(secuencia_id, aislado_id, complejo_clonal) VALUES ('430', '430', 'nan') ON DUPLICATE KEY UPDATE complejo_clonal = 'nan'; 
INSERT INTO metadata_general(aislado_id, aislado_nombre) VALUES ('431', 'AST01-036') ON DUPLICATE KEY UPDATE aislado_nombre = 'AST01-036'; 
INSERT INTO fenotipo(fenotipo_id, aislado_id, serotipo_invitro) VALUES ('276', '431', 'O11') ON DUPLICATE KEY UPDATE serotipo_invitro = 'O11'; 
INSERT INTO secuencia(secuencia_id, aislado_id, complejo_clonal) VALUES ('431', '431', 'nan') ON DUPLICATE KEY UPDATE complejo_clonal = 'nan'; 
INSERT INTO metadata_general(aislado_id, aislado_nombre) VALUES ('432', 'AST01-001') ON DUPLICATE KEY UPDATE aislado_nombre = 'AST01-001'; 
INSERT INTO fenotipo(fenotipo_id, aislado_id, serotipo_invitro) VALUES ('277', '432', 'No aglutina') ON DUPLICATE KEY UPDATE serotipo_invitro = 'No aglutina'; 
INSERT INTO secuencia(secuencia_id, aislado_id, complejo_clonal) VALUES ('432', '432', 'nan') ON DUPLICATE KEY UPDATE complejo_clonal = 'nan'; 
INSERT INTO metadata_general(aislado_id, aislado_nombre) VALUES ('433', 'AST01-018') ON DUPLICATE KEY UPDATE aislado_nombre = 'AST01-018'; 
INSERT INTO fenotipo(fenotipo_id, aislado_id, serotipo_invitro) VALUES ('278', '433', 'No aglutina') ON DUPLICATE KEY UPDATE serotipo_invitro = 'No aglutina'; 
INSERT INTO secuencia(secuencia_id, aislado_id, complejo_clonal) VALUES ('433', '433', 'nan') ON DUPLICATE KEY UPDATE complejo_clonal = 'nan'; 
INSERT INTO metadata_general(aislado_id, aislado_nombre) VALUES ('434', 'AST01-016') ON DUPLICATE KEY UPDATE aislado_nombre = 'AST01-016'; 
INSERT INTO fenotipo(fenotipo_id, aislado_id, serotipo_invitro) VALUES ('279', '434', 'O1') ON DUPLICATE KEY UPDATE serotipo_invitro = 'O1'; 
INSERT INTO secuencia(secuencia_id, aislado_id, complejo_clonal) VALUES ('434', '434', 'nan') ON DUPLICATE KEY UPDATE complejo_clonal = 'nan'; 
INSERT INTO metadata_general(aislado_id, aislado_nombre) VALUES ('435', 'AST01-038') ON DUPLICATE KEY UPDATE aislado_nombre = 'AST01-038'; 
INSERT INTO fenotipo(fenotipo_id, aislado_id, serotipo_invitro) VALUES ('280', '435', 'O1') ON DUPLICATE KEY UPDATE serotipo_invitro = 'O1'; 
INSERT INTO secuencia(secuencia_id, aislado_id, complejo_clonal) VALUES ('435', '435', 'nan') ON DUPLICATE KEY UPDATE complejo_clonal = 'nan'; 
INSERT INTO metadata_general(aislado_id, aislado_nombre) VALUES ('436', 'AST01-044') ON DUPLICATE KEY UPDATE aislado_nombre = 'AST01-044'; 
INSERT INTO fenotipo(fenotipo_id, aislado_id, serotipo_invitro) VALUES ('281', '436', 'O1') ON DUPLICATE KEY UPDATE serotipo_invitro = 'O1'; 
INSERT INTO secuencia(secuencia_id, aislado_id, complejo_clonal) VALUES ('436', '436', 'nan') ON DUPLICATE KEY UPDATE complejo_clonal = 'nan'; 
INSERT INTO metadata_general(aislado_id, aislado_nombre) VALUES ('437', 'AST01-045') ON DUPLICATE KEY UPDATE aislado_nombre = 'AST01-045'; 
INSERT INTO fenotipo(fenotipo_id, aislado_id, serotipo_invitro) VALUES ('282', '437', 'O1') ON DUPLICATE KEY UPDATE serotipo_invitro = 'O1'; 
INSERT INTO secuencia(secuencia_id, aislado_id, complejo_clonal) VALUES ('437', '437', 'nan') ON DUPLICATE KEY UPDATE complejo_clonal = 'nan'; 
INSERT INTO metadata_general(aislado_id, aislado_nombre) VALUES ('438', 'AST01-034') ON DUPLICATE KEY UPDATE aislado_nombre = 'AST01-034'; 
INSERT INTO fenotipo(fenotipo_id, aislado_id, serotipo_invitro) VALUES ('283', '438', 'O10') ON DUPLICATE KEY UPDATE serotipo_invitro = 'O10'; 
INSERT INTO secuencia(secuencia_id, aislado_id, complejo_clonal) VALUES ('438', '438', 'nan') ON DUPLICATE KEY UPDATE complejo_clonal = 'nan'; 
INSERT INTO metadata_general(aislado_id, aislado_nombre) VALUES ('439', 'AST01-019') ON DUPLICATE KEY UPDATE aislado_nombre = 'AST01-019'; 
INSERT INTO fenotipo(fenotipo_id, aislado_id, serotipo_invitro) VALUES ('284', '439', 'O11') ON DUPLICATE KEY UPDATE serotipo_invitro = 'O11'; 
INSERT INTO secuencia(secuencia_id, aislado_id, complejo_clonal) VALUES ('439', '439', 'nan') ON DUPLICATE KEY UPDATE complejo_clonal = 'nan'; 
INSERT INTO metadata_general(aislado_id, aislado_nombre) VALUES ('440', 'AST01-005') ON DUPLICATE KEY UPDATE aislado_nombre = 'AST01-005'; 
INSERT INTO fenotipo(fenotipo_id, aislado_id, serotipo_invitro) VALUES ('285', '440', 'O3') ON DUPLICATE KEY UPDATE serotipo_invitro = 'O3'; 
INSERT INTO secuencia(secuencia_id, aislado_id, complejo_clonal) VALUES ('440', '440', 'nan') ON DUPLICATE KEY UPDATE complejo_clonal = 'nan'; 
INSERT INTO metadata_general(aislado_id, aislado_nombre) VALUES ('441', 'AST01-014') ON DUPLICATE KEY UPDATE aislado_nombre = 'AST01-014'; 
INSERT INTO fenotipo(fenotipo_id, aislado_id, serotipo_invitro) VALUES ('286', '441', 'O4') ON DUPLICATE KEY UPDATE serotipo_invitro = 'O4'; 
INSERT INTO secuencia(secuencia_id, aislado_id, complejo_clonal) VALUES ('441', '441', 'ST-175') ON DUPLICATE KEY UPDATE complejo_clonal = 'ST-175'; 
INSERT INTO metadata_general(aislado_id, aislado_nombre) VALUES ('442', 'AST01-013') ON DUPLICATE KEY UPDATE aislado_nombre = 'AST01-013'; 
INSERT INTO fenotipo(fenotipo_id, aislado_id, serotipo_invitro) VALUES ('287', '442', 'O4+O6') ON DUPLICATE KEY UPDATE serotipo_invitro = 'O4+O6'; 
INSERT INTO secuencia(secuencia_id, aislado_id, complejo_clonal) VALUES ('442', '442', 'nan') ON DUPLICATE KEY UPDATE complejo_clonal = 'nan'; 
INSERT INTO metadata_general(aislado_id, aislado_nombre) VALUES ('443', 'AST01-010') ON DUPLICATE KEY UPDATE aislado_nombre = 'AST01-010'; 
INSERT INTO fenotipo(fenotipo_id, aislado_id, serotipo_invitro) VALUES ('288', '443', 'O6') ON DUPLICATE KEY UPDATE serotipo_invitro = 'O6'; 
INSERT INTO secuencia(secuencia_id, aislado_id, complejo_clonal) VALUES ('443', '443', 'nan') ON DUPLICATE KEY UPDATE complejo_clonal = 'nan'; 
INSERT INTO metadata_general(aislado_id, aislado_nombre) VALUES ('444', 'AST01-011') ON DUPLICATE KEY UPDATE aislado_nombre = 'AST01-011'; 
INSERT INTO fenotipo(fenotipo_id, aislado_id, serotipo_invitro) VALUES ('289', '444', 'O6') ON DUPLICATE KEY UPDATE serotipo_invitro = 'O6'; 
INSERT INTO secuencia(secuencia_id, aislado_id, complejo_clonal) VALUES ('444', '444', 'nan') ON DUPLICATE KEY UPDATE complejo_clonal = 'nan'; 
INSERT INTO metadata_general(aislado_id, aislado_nombre) VALUES ('445', 'AST01-037') ON DUPLICATE KEY UPDATE aislado_nombre = 'AST01-037'; 
INSERT INTO fenotipo(fenotipo_id, aislado_id, serotipo_invitro) VALUES ('290', '445', 'O6') ON DUPLICATE KEY UPDATE serotipo_invitro = 'O6'; 
INSERT INTO secuencia(secuencia_id, aislado_id, complejo_clonal) VALUES ('445', '445', 'nan') ON DUPLICATE KEY UPDATE complejo_clonal = 'nan'; 
INSERT INTO metadata_general(aislado_id, aislado_nombre) VALUES ('446', 'AST01-039') ON DUPLICATE KEY UPDATE aislado_nombre = 'AST01-039'; 
INSERT INTO fenotipo(fenotipo_id, aislado_id, serotipo_invitro) VALUES ('291', '446', 'O6') ON DUPLICATE KEY UPDATE serotipo_invitro = 'O6'; 
INSERT INTO secuencia(secuencia_id, aislado_id, complejo_clonal) VALUES ('446', '446', 'nan') ON DUPLICATE KEY UPDATE complejo_clonal = 'nan'; 
INSERT INTO metadata_general(aislado_id, aislado_nombre) VALUES ('447', 'AST01-040') ON DUPLICATE KEY UPDATE aislado_nombre = 'AST01-040'; 
INSERT INTO fenotipo(fenotipo_id, aislado_id, serotipo_invitro) VALUES ('292', '447', 'O6') ON DUPLICATE KEY UPDATE serotipo_invitro = 'O6'; 
INSERT INTO secuencia(secuencia_id, aislado_id, complejo_clonal) VALUES ('447', '447', 'nan') ON DUPLICATE KEY UPDATE complejo_clonal = 'nan'; 
INSERT INTO metadata_general(aislado_id, aislado_nombre) VALUES ('448', 'AST01-003') ON DUPLICATE KEY UPDATE aislado_nombre = 'AST01-003'; 
INSERT INTO fenotipo(fenotipo_id, aislado_id, serotipo_invitro) VALUES ('293', '448', 'O7+O8') ON DUPLICATE KEY UPDATE serotipo_invitro = 'O7+O8'; 
INSERT INTO secuencia(secuencia_id, aislado_id, complejo_clonal) VALUES ('448', '448', 'nan') ON DUPLICATE KEY UPDATE complejo_clonal = 'nan'; 
INSERT INTO metadata_general(aislado_id, aislado_nombre) VALUES ('449', 'AST01-006') ON DUPLICATE KEY UPDATE aislado_nombre = 'AST01-006'; 
INSERT INTO fenotipo(fenotipo_id, aislado_id, serotipo_invitro) VALUES ('294', '449', 'O7+O8') ON DUPLICATE KEY UPDATE serotipo_invitro = 'O7+O8'; 
INSERT INTO secuencia(secuencia_id, aislado_id, complejo_clonal) VALUES ('449', '449', 'nan') ON DUPLICATE KEY UPDATE complejo_clonal = 'nan'; 
INSERT INTO metadata_general(aislado_id, aislado_nombre) VALUES ('450', 'AST01-023') ON DUPLICATE KEY UPDATE aislado_nombre = 'AST01-023'; 
INSERT INTO fenotipo(fenotipo_id, aislado_id, serotipo_invitro) VALUES ('295', '450', 'O9') ON DUPLICATE KEY UPDATE serotipo_invitro = 'O9'; 
INSERT INTO secuencia(secuencia_id, aislado_id, complejo_clonal) VALUES ('450', '450', 'nan') ON DUPLICATE KEY UPDATE complejo_clonal = 'nan'; 
INSERT INTO metadata_general(aislado_id, aislado_nombre) VALUES ('34', 'AST01-042') ON DUPLICATE KEY UPDATE aislado_nombre = 'AST01-042'; 
INSERT INTO fenotipo(fenotipo_id, aislado_id, serotipo_invitro) VALUES ('296', '34', 'No aglutina') ON DUPLICATE KEY UPDATE serotipo_invitro = 'No aglutina'; 
INSERT INTO secuencia(secuencia_id, aislado_id, complejo_clonal) VALUES ('34', '34', 'ST-235') ON DUPLICATE KEY UPDATE complejo_clonal = 'ST-235'; 
INSERT INTO metadata_general(aislado_id, aislado_nombre) VALUES ('33', 'AST01-026') ON DUPLICATE KEY UPDATE aislado_nombre = 'AST01-026'; 
INSERT INTO fenotipo(fenotipo_id, aislado_id, serotipo_invitro) VALUES ('297', '33', 'Autoagl (O1 y O4 dbil)') ON DUPLICATE KEY UPDATE serotipo_invitro = 'Autoagl (O1 y O4 dbil)'; 
INSERT INTO secuencia(secuencia_id, aislado_id, complejo_clonal) VALUES ('33', '33', 'ST-175') ON DUPLICATE KEY UPDATE complejo_clonal = 'ST-175'; 
INSERT INTO metadata_general(aislado_id, aislado_nombre) VALUES ('451', 'AST01-015') ON DUPLICATE KEY UPDATE aislado_nombre = 'AST01-015'; 
INSERT INTO fenotipo(fenotipo_id, aislado_id, serotipo_invitro) VALUES ('298', '451', 'O11') ON DUPLICATE KEY UPDATE serotipo_invitro = 'O11'; 
INSERT INTO secuencia(secuencia_id, aislado_id, complejo_clonal) VALUES ('451', '451', 'ST-308') ON DUPLICATE KEY UPDATE complejo_clonal = 'ST-308'; 
INSERT INTO metadata_general(aislado_id, aislado_nombre) VALUES ('32', 'AST01-025') ON DUPLICATE KEY UPDATE aislado_nombre = 'AST01-025'; 
INSERT INTO fenotipo(fenotipo_id, aislado_id, serotipo_invitro) VALUES ('299', '32', 'O11') ON DUPLICATE KEY UPDATE serotipo_invitro = 'O11'; 
INSERT INTO secuencia(secuencia_id, aislado_id, complejo_clonal) VALUES ('32', '32', 'ST-308') ON DUPLICATE KEY UPDATE complejo_clonal = 'ST-308'; 
INSERT INTO metadata_general(aislado_id, aislado_nombre) VALUES ('31', 'AST01-007') ON DUPLICATE KEY UPDATE aislado_nombre = 'AST01-007'; 
INSERT INTO fenotipo(fenotipo_id, aislado_id, serotipo_invitro) VALUES ('300', '31', 'O4') ON DUPLICATE KEY UPDATE serotipo_invitro = 'O4'; 
INSERT INTO secuencia(secuencia_id, aislado_id, complejo_clonal) VALUES ('31', '31', 'ST-175') ON DUPLICATE KEY UPDATE complejo_clonal = 'ST-175'; 
INSERT INTO metadata_general(aislado_id, aislado_nombre) VALUES ('452', 'AST01-008') ON DUPLICATE KEY UPDATE aislado_nombre = 'AST01-008'; 
INSERT INTO fenotipo(fenotipo_id, aislado_id, serotipo_invitro) VALUES ('301', '452', 'O4') ON DUPLICATE KEY UPDATE serotipo_invitro = 'O4'; 
INSERT INTO secuencia(secuencia_id, aislado_id, complejo_clonal) VALUES ('452', '452', 'ST-175') ON DUPLICATE KEY UPDATE complejo_clonal = 'ST-175'; 
INSERT INTO metadata_general(aislado_id, aislado_nombre) VALUES ('453', 'AST01-009') ON DUPLICATE KEY UPDATE aislado_nombre = 'AST01-009'; 
INSERT INTO fenotipo(fenotipo_id, aislado_id, serotipo_invitro) VALUES ('302', '453', 'O4') ON DUPLICATE KEY UPDATE serotipo_invitro = 'O4'; 
INSERT INTO secuencia(secuencia_id, aislado_id, complejo_clonal) VALUES ('453', '453', 'ST-175') ON DUPLICATE KEY UPDATE complejo_clonal = 'ST-175'; 
INSERT INTO metadata_general(aislado_id, aislado_nombre) VALUES ('454', 'AST01-029') ON DUPLICATE KEY UPDATE aislado_nombre = 'AST01-029'; 
INSERT INTO fenotipo(fenotipo_id, aislado_id, serotipo_invitro) VALUES ('303', '454', 'O4') ON DUPLICATE KEY UPDATE serotipo_invitro = 'O4'; 
INSERT INTO secuencia(secuencia_id, aislado_id, complejo_clonal) VALUES ('454', '454', 'ST-175') ON DUPLICATE KEY UPDATE complejo_clonal = 'ST-175'; 
INSERT INTO metadata_general(aislado_id, aislado_nombre) VALUES ('455', 'AST01-033') ON DUPLICATE KEY UPDATE aislado_nombre = 'AST01-033'; 
INSERT INTO fenotipo(fenotipo_id, aislado_id, serotipo_invitro) VALUES ('304', '455', 'O4') ON DUPLICATE KEY UPDATE serotipo_invitro = 'O4'; 
INSERT INTO secuencia(secuencia_id, aislado_id, complejo_clonal) VALUES ('455', '455', 'ST-175') ON DUPLICATE KEY UPDATE complejo_clonal = 'ST-175'; 
INSERT INTO metadata_general(aislado_id, aislado_nombre) VALUES ('456', 'BAL01-004') ON DUPLICATE KEY UPDATE aislado_nombre = 'BAL01-004'; 
INSERT INTO fenotipo(fenotipo_id, aislado_id, serotipo_invitro) VALUES ('305', '456', 'O6') ON DUPLICATE KEY UPDATE serotipo_invitro = 'O6'; 
INSERT INTO secuencia(secuencia_id, aislado_id, complejo_clonal) VALUES ('456', '456', 'nan') ON DUPLICATE KEY UPDATE complejo_clonal = 'nan'; 
INSERT INTO metadata_general(aislado_id, aislado_nombre) VALUES ('457', 'BAL01-032') ON DUPLICATE KEY UPDATE aislado_nombre = 'BAL01-032'; 
INSERT INTO fenotipo(fenotipo_id, aislado_id, serotipo_invitro) VALUES ('306', '457', 'O6') ON DUPLICATE KEY UPDATE serotipo_invitro = 'O6'; 
INSERT INTO secuencia(secuencia_id, aislado_id, complejo_clonal) VALUES ('457', '457', 'nan') ON DUPLICATE KEY UPDATE complejo_clonal = 'nan'; 
INSERT INTO metadata_general(aislado_id, aislado_nombre) VALUES ('458', 'BAL01-033') ON DUPLICATE KEY UPDATE aislado_nombre = 'BAL01-033'; 
INSERT INTO fenotipo(fenotipo_id, aislado_id, serotipo_invitro) VALUES ('307', '458', 'O1') ON DUPLICATE KEY UPDATE serotipo_invitro = 'O1'; 
INSERT INTO secuencia(secuencia_id, aislado_id, complejo_clonal) VALUES ('458', '458', 'nan') ON DUPLICATE KEY UPDATE complejo_clonal = 'nan'; 
INSERT INTO metadata_general(aislado_id, aislado_nombre) VALUES ('459', 'BAL01-043') ON DUPLICATE KEY UPDATE aislado_nombre = 'BAL01-043'; 
INSERT INTO fenotipo(fenotipo_id, aislado_id, serotipo_invitro) VALUES ('308', '459', 'O1') ON DUPLICATE KEY UPDATE serotipo_invitro = 'O1'; 
INSERT INTO secuencia(secuencia_id, aislado_id, complejo_clonal) VALUES ('459', '459', 'nan') ON DUPLICATE KEY UPDATE complejo_clonal = 'nan'; 
INSERT INTO metadata_general(aislado_id, aislado_nombre) VALUES ('460', 'BAL01-050') ON DUPLICATE KEY UPDATE aislado_nombre = 'BAL01-050'; 
INSERT INTO fenotipo(fenotipo_id, aislado_id, serotipo_invitro) VALUES ('309', '460', 'O1') ON DUPLICATE KEY UPDATE serotipo_invitro = 'O1'; 
INSERT INTO secuencia(secuencia_id, aislado_id, complejo_clonal) VALUES ('460', '460', 'nan') ON DUPLICATE KEY UPDATE complejo_clonal = 'nan'; 
INSERT INTO metadata_general(aislado_id, aislado_nombre) VALUES ('461', 'BAL01-005') ON DUPLICATE KEY UPDATE aislado_nombre = 'BAL01-005'; 
INSERT INTO fenotipo(fenotipo_id, aislado_id, serotipo_invitro) VALUES ('310', '461', 'O11') ON DUPLICATE KEY UPDATE serotipo_invitro = 'O11'; 
INSERT INTO secuencia(secuencia_id, aislado_id, complejo_clonal) VALUES ('461', '461', 'nan') ON DUPLICATE KEY UPDATE complejo_clonal = 'nan'; 
INSERT INTO metadata_general(aislado_id, aislado_nombre) VALUES ('462', 'BAL01-019') ON DUPLICATE KEY UPDATE aislado_nombre = 'BAL01-019'; 
INSERT INTO fenotipo(fenotipo_id, aislado_id, serotipo_invitro) VALUES ('311', '462', 'O11') ON DUPLICATE KEY UPDATE serotipo_invitro = 'O11'; 
INSERT INTO secuencia(secuencia_id, aislado_id, complejo_clonal) VALUES ('462', '462', 'nan') ON DUPLICATE KEY UPDATE complejo_clonal = 'nan'; 
INSERT INTO metadata_general(aislado_id, aislado_nombre) VALUES ('463', 'BAL01-051') ON DUPLICATE KEY UPDATE aislado_nombre = 'BAL01-051'; 
INSERT INTO fenotipo(fenotipo_id, aislado_id, serotipo_invitro) VALUES ('312', '463', 'O11') ON DUPLICATE KEY UPDATE serotipo_invitro = 'O11'; 
INSERT INTO secuencia(secuencia_id, aislado_id, complejo_clonal) VALUES ('463', '463', 'nan') ON DUPLICATE KEY UPDATE complejo_clonal = 'nan'; 
INSERT INTO metadata_general(aislado_id, aislado_nombre) VALUES ('464', 'BAL01-007') ON DUPLICATE KEY UPDATE aislado_nombre = 'BAL01-007'; 
INSERT INTO fenotipo(fenotipo_id, aislado_id, serotipo_invitro) VALUES ('313', '464', 'O13') ON DUPLICATE KEY UPDATE serotipo_invitro = 'O13'; 
INSERT INTO secuencia(secuencia_id, aislado_id, complejo_clonal) VALUES ('464', '464', 'nan') ON DUPLICATE KEY UPDATE complejo_clonal = 'nan'; 
INSERT INTO metadata_general(aislado_id, aislado_nombre) VALUES ('465', 'BAL01-036') ON DUPLICATE KEY UPDATE aislado_nombre = 'BAL01-036'; 
INSERT INTO fenotipo(fenotipo_id, aislado_id, serotipo_invitro) VALUES ('314', '465', 'O2') ON DUPLICATE KEY UPDATE serotipo_invitro = 'O2'; 
INSERT INTO secuencia(secuencia_id, aislado_id, complejo_clonal) VALUES ('465', '465', 'nan') ON DUPLICATE KEY UPDATE complejo_clonal = 'nan'; 
INSERT INTO metadata_general(aislado_id, aislado_nombre) VALUES ('466', 'BAL01-048') ON DUPLICATE KEY UPDATE aislado_nombre = 'BAL01-048'; 
INSERT INTO fenotipo(fenotipo_id, aislado_id, serotipo_invitro) VALUES ('315', '466', 'O3') ON DUPLICATE KEY UPDATE serotipo_invitro = 'O3'; 
INSERT INTO secuencia(secuencia_id, aislado_id, complejo_clonal) VALUES ('466', '466', 'nan') ON DUPLICATE KEY UPDATE complejo_clonal = 'nan'; 
INSERT INTO metadata_general(aislado_id, aislado_nombre) VALUES ('467', 'BAL01-049') ON DUPLICATE KEY UPDATE aislado_nombre = 'BAL01-049'; 
INSERT INTO fenotipo(fenotipo_id, aislado_id, serotipo_invitro) VALUES ('316', '467', 'O3') ON DUPLICATE KEY UPDATE serotipo_invitro = 'O3'; 
INSERT INTO secuencia(secuencia_id, aislado_id, complejo_clonal) VALUES ('467', '467', 'nan') ON DUPLICATE KEY UPDATE complejo_clonal = 'nan'; 
INSERT INTO metadata_general(aislado_id, aislado_nombre) VALUES ('468', 'BAL01-001') ON DUPLICATE KEY UPDATE aislado_nombre = 'BAL01-001'; 
INSERT INTO fenotipo(fenotipo_id, aislado_id, serotipo_invitro) VALUES ('317', '468', 'O1') ON DUPLICATE KEY UPDATE serotipo_invitro = 'O1'; 
INSERT INTO secuencia(secuencia_id, aislado_id, complejo_clonal) VALUES ('468', '468', 'ST-17') ON DUPLICATE KEY UPDATE complejo_clonal = 'ST-17'; 
INSERT INTO metadata_general(aislado_id, aislado_nombre) VALUES ('469', 'BAL01-017') ON DUPLICATE KEY UPDATE aislado_nombre = 'BAL01-017'; 
INSERT INTO fenotipo(fenotipo_id, aislado_id, serotipo_invitro) VALUES ('318', '469', 'O4') ON DUPLICATE KEY UPDATE serotipo_invitro = 'O4'; 
INSERT INTO secuencia(secuencia_id, aislado_id, complejo_clonal) VALUES ('469', '469', 'nan') ON DUPLICATE KEY UPDATE complejo_clonal = 'nan'; 
INSERT INTO metadata_general(aislado_id, aislado_nombre) VALUES ('470', 'BAL01-012') ON DUPLICATE KEY UPDATE aislado_nombre = 'BAL01-012'; 
INSERT INTO fenotipo(fenotipo_id, aislado_id, serotipo_invitro) VALUES ('319', '470', 'O6') ON DUPLICATE KEY UPDATE serotipo_invitro = 'O6'; 
INSERT INTO secuencia(secuencia_id, aislado_id, complejo_clonal) VALUES ('470', '470', 'nan') ON DUPLICATE KEY UPDATE complejo_clonal = 'nan'; 
INSERT INTO metadata_general(aislado_id, aislado_nombre) VALUES ('471', 'BAL01-014') ON DUPLICATE KEY UPDATE aislado_nombre = 'BAL01-014'; 
INSERT INTO fenotipo(fenotipo_id, aislado_id, serotipo_invitro) VALUES ('320', '471', 'O6') ON DUPLICATE KEY UPDATE serotipo_invitro = 'O6'; 
INSERT INTO secuencia(secuencia_id, aislado_id, complejo_clonal) VALUES ('471', '471', 'nan') ON DUPLICATE KEY UPDATE complejo_clonal = 'nan'; 
INSERT INTO metadata_general(aislado_id, aislado_nombre) VALUES ('472', 'BAL01-029') ON DUPLICATE KEY UPDATE aislado_nombre = 'BAL01-029'; 
INSERT INTO fenotipo(fenotipo_id, aislado_id, serotipo_invitro) VALUES ('321', '472', 'O6') ON DUPLICATE KEY UPDATE serotipo_invitro = 'O6'; 
INSERT INTO secuencia(secuencia_id, aislado_id, complejo_clonal) VALUES ('472', '472', 'nan') ON DUPLICATE KEY UPDATE complejo_clonal = 'nan'; 
INSERT INTO metadata_general(aislado_id, aislado_nombre) VALUES ('473', 'BAL01-052') ON DUPLICATE KEY UPDATE aislado_nombre = 'BAL01-052'; 
INSERT INTO fenotipo(fenotipo_id, aislado_id, serotipo_invitro) VALUES ('322', '473', 'O6') ON DUPLICATE KEY UPDATE serotipo_invitro = 'O6'; 
INSERT INTO secuencia(secuencia_id, aislado_id, complejo_clonal) VALUES ('473', '473', 'nan') ON DUPLICATE KEY UPDATE complejo_clonal = 'nan'; 
INSERT INTO metadata_general(aislado_id, aislado_nombre) VALUES ('474', 'BAL01-053') ON DUPLICATE KEY UPDATE aislado_nombre = 'BAL01-053'; 
INSERT INTO fenotipo(fenotipo_id, aislado_id, serotipo_invitro) VALUES ('323', '474', 'O6') ON DUPLICATE KEY UPDATE serotipo_invitro = 'O6'; 
INSERT INTO secuencia(secuencia_id, aislado_id, complejo_clonal) VALUES ('474', '474', 'nan') ON DUPLICATE KEY UPDATE complejo_clonal = 'nan'; 
INSERT INTO metadata_general(aislado_id, aislado_nombre) VALUES ('475', 'BAL01-025') ON DUPLICATE KEY UPDATE aislado_nombre = 'BAL01-025'; 
INSERT INTO fenotipo(fenotipo_id, aislado_id, serotipo_invitro) VALUES ('324', '475', 'O7+O8') ON DUPLICATE KEY UPDATE serotipo_invitro = 'O7+O8'; 
INSERT INTO secuencia(secuencia_id, aislado_id, complejo_clonal) VALUES ('475', '475', 'nan') ON DUPLICATE KEY UPDATE complejo_clonal = 'nan'; 
INSERT INTO metadata_general(aislado_id, aislado_nombre) VALUES ('35', 'BAL01-003') ON DUPLICATE KEY UPDATE aislado_nombre = 'BAL01-003'; 
INSERT INTO fenotipo(fenotipo_id, aislado_id, serotipo_invitro) VALUES ('325', '35', 'O4') ON DUPLICATE KEY UPDATE serotipo_invitro = 'O4'; 
INSERT INTO secuencia(secuencia_id, aislado_id, complejo_clonal) VALUES ('35', '35', 'ST-175') ON DUPLICATE KEY UPDATE complejo_clonal = 'ST-175'; 
INSERT INTO metadata_general(aislado_id, aislado_nombre) VALUES ('476', 'BAL01-006') ON DUPLICATE KEY UPDATE aislado_nombre = 'BAL01-006'; 
INSERT INTO fenotipo(fenotipo_id, aislado_id, serotipo_invitro) VALUES ('326', '476', 'O4') ON DUPLICATE KEY UPDATE serotipo_invitro = 'O4'; 
INSERT INTO secuencia(secuencia_id, aislado_id, complejo_clonal) VALUES ('476', '476', 'ST-175') ON DUPLICATE KEY UPDATE complejo_clonal = 'ST-175'; 
INSERT INTO metadata_general(aislado_id, aislado_nombre) VALUES ('36', 'BAL01-013') ON DUPLICATE KEY UPDATE aislado_nombre = 'BAL01-013'; 
INSERT INTO fenotipo(fenotipo_id, aislado_id, serotipo_invitro) VALUES ('327', '36', 'O4') ON DUPLICATE KEY UPDATE serotipo_invitro = 'O4'; 
INSERT INTO secuencia(secuencia_id, aislado_id, complejo_clonal) VALUES ('36', '36', 'ST-175') ON DUPLICATE KEY UPDATE complejo_clonal = 'ST-175'; 
INSERT INTO metadata_general(aislado_id, aislado_nombre) VALUES ('477', 'BAL01-020') ON DUPLICATE KEY UPDATE aislado_nombre = 'BAL01-020'; 
INSERT INTO fenotipo(fenotipo_id, aislado_id, serotipo_invitro) VALUES ('328', '477', 'O4') ON DUPLICATE KEY UPDATE serotipo_invitro = 'O4'; 
INSERT INTO secuencia(secuencia_id, aislado_id, complejo_clonal) VALUES ('477', '477', 'ST-175') ON DUPLICATE KEY UPDATE complejo_clonal = 'ST-175'; 
INSERT INTO metadata_general(aislado_id, aislado_nombre) VALUES ('478', 'BAL01-031') ON DUPLICATE KEY UPDATE aislado_nombre = 'BAL01-031'; 
INSERT INTO fenotipo(fenotipo_id, aislado_id, serotipo_invitro) VALUES ('329', '478', 'O4') ON DUPLICATE KEY UPDATE serotipo_invitro = 'O4'; 
INSERT INTO secuencia(secuencia_id, aislado_id, complejo_clonal) VALUES ('478', '478', 'ST-175') ON DUPLICATE KEY UPDATE complejo_clonal = 'ST-175'; 
INSERT INTO metadata_general(aislado_id, aislado_nombre) VALUES ('479', 'BAL01-044') ON DUPLICATE KEY UPDATE aislado_nombre = 'BAL01-044'; 
INSERT INTO fenotipo(fenotipo_id, aislado_id, serotipo_invitro) VALUES ('330', '479', 'O4') ON DUPLICATE KEY UPDATE serotipo_invitro = 'O4'; 
INSERT INTO secuencia(secuencia_id, aislado_id, complejo_clonal) VALUES ('479', '479', 'ST-175') ON DUPLICATE KEY UPDATE complejo_clonal = 'ST-175'; 
INSERT INTO metadata_general(aislado_id, aislado_nombre) VALUES ('37', 'BAL01-034') ON DUPLICATE KEY UPDATE aislado_nombre = 'BAL01-034'; 
INSERT INTO fenotipo(fenotipo_id, aislado_id, serotipo_invitro) VALUES ('331', '37', 'O6') ON DUPLICATE KEY UPDATE serotipo_invitro = 'O6'; 
INSERT INTO secuencia(secuencia_id, aislado_id, complejo_clonal) VALUES ('37', '37', 'ST-179') ON DUPLICATE KEY UPDATE complejo_clonal = 'ST-179'; 
INSERT INTO metadata_general(aislado_id, aislado_nombre) VALUES ('480', 'BAL02-028') ON DUPLICATE KEY UPDATE aislado_nombre = 'BAL02-028'; 
INSERT INTO fenotipo(fenotipo_id, aislado_id, serotipo_invitro) VALUES ('332', '480', 'No aglutina') ON DUPLICATE KEY UPDATE serotipo_invitro = 'No aglutina'; 
INSERT INTO secuencia(secuencia_id, aislado_id, complejo_clonal) VALUES ('480', '480', 'nan') ON DUPLICATE KEY UPDATE complejo_clonal = 'nan'; 
INSERT INTO metadata_general(aislado_id, aislado_nombre) VALUES ('481', 'BAL02-009') ON DUPLICATE KEY UPDATE aislado_nombre = 'BAL02-009'; 
INSERT INTO fenotipo(fenotipo_id, aislado_id, serotipo_invitro) VALUES ('333', '481', 'O1') ON DUPLICATE KEY UPDATE serotipo_invitro = 'O1'; 
INSERT INTO secuencia(secuencia_id, aislado_id, complejo_clonal) VALUES ('481', '481', 'nan') ON DUPLICATE KEY UPDATE complejo_clonal = 'nan'; 
INSERT INTO metadata_general(aislado_id, aislado_nombre) VALUES ('482', 'BAL02-014') ON DUPLICATE KEY UPDATE aislado_nombre = 'BAL02-014'; 
INSERT INTO fenotipo(fenotipo_id, aislado_id, serotipo_invitro) VALUES ('334', '482', 'O11') ON DUPLICATE KEY UPDATE serotipo_invitro = 'O11'; 
INSERT INTO secuencia(secuencia_id, aislado_id, complejo_clonal) VALUES ('482', '482', 'nan') ON DUPLICATE KEY UPDATE complejo_clonal = 'nan'; 
INSERT INTO metadata_general(aislado_id, aislado_nombre) VALUES ('483', 'BAL02-017') ON DUPLICATE KEY UPDATE aislado_nombre = 'BAL02-017'; 
INSERT INTO fenotipo(fenotipo_id, aislado_id, serotipo_invitro) VALUES ('335', '483', 'O11') ON DUPLICATE KEY UPDATE serotipo_invitro = 'O11'; 
INSERT INTO secuencia(secuencia_id, aislado_id, complejo_clonal) VALUES ('483', '483', 'nan') ON DUPLICATE KEY UPDATE complejo_clonal = 'nan'; 
INSERT INTO metadata_general(aislado_id, aislado_nombre) VALUES ('484', 'BAL02-038') ON DUPLICATE KEY UPDATE aislado_nombre = 'BAL02-038'; 
INSERT INTO fenotipo(fenotipo_id, aislado_id, serotipo_invitro) VALUES ('336', '484', 'O7+O8') ON DUPLICATE KEY UPDATE serotipo_invitro = 'O7+O8'; 
INSERT INTO secuencia(secuencia_id, aislado_id, complejo_clonal) VALUES ('484', '484', 'nan') ON DUPLICATE KEY UPDATE complejo_clonal = 'nan'; 
INSERT INTO metadata_general(aislado_id, aislado_nombre) VALUES ('485', 'BAL02-032') ON DUPLICATE KEY UPDATE aislado_nombre = 'BAL02-032'; 
INSERT INTO fenotipo(fenotipo_id, aislado_id, serotipo_invitro) VALUES ('337', '485', 'No aglutina') ON DUPLICATE KEY UPDATE serotipo_invitro = 'No aglutina'; 
INSERT INTO secuencia(secuencia_id, aislado_id, complejo_clonal) VALUES ('485', '485', 'nan') ON DUPLICATE KEY UPDATE complejo_clonal = 'nan'; 
INSERT INTO metadata_general(aislado_id, aislado_nombre) VALUES ('486', 'BAL02-034') ON DUPLICATE KEY UPDATE aislado_nombre = 'BAL02-034'; 
INSERT INTO fenotipo(fenotipo_id, aislado_id, serotipo_invitro) VALUES ('338', '486', 'No aglutina') ON DUPLICATE KEY UPDATE serotipo_invitro = 'No aglutina'; 
INSERT INTO secuencia(secuencia_id, aislado_id, complejo_clonal) VALUES ('486', '486', 'nan') ON DUPLICATE KEY UPDATE complejo_clonal = 'nan'; 
INSERT INTO metadata_general(aislado_id, aislado_nombre) VALUES ('487', 'BAL02-036') ON DUPLICATE KEY UPDATE aislado_nombre = 'BAL02-036'; 
INSERT INTO fenotipo(fenotipo_id, aislado_id, serotipo_invitro) VALUES ('339', '487', 'No aglutina') ON DUPLICATE KEY UPDATE serotipo_invitro = 'No aglutina'; 
INSERT INTO secuencia(secuencia_id, aislado_id, complejo_clonal) VALUES ('487', '487', 'nan') ON DUPLICATE KEY UPDATE complejo_clonal = 'nan'; 
INSERT INTO metadata_general(aislado_id, aislado_nombre) VALUES ('488', 'BAL02-037') ON DUPLICATE KEY UPDATE aislado_nombre = 'BAL02-037'; 
INSERT INTO fenotipo(fenotipo_id, aislado_id, serotipo_invitro) VALUES ('340', '488', 'No aglutina') ON DUPLICATE KEY UPDATE serotipo_invitro = 'No aglutina'; 
INSERT INTO secuencia(secuencia_id, aislado_id, complejo_clonal) VALUES ('488', '488', 'nan') ON DUPLICATE KEY UPDATE complejo_clonal = 'nan'; 
INSERT INTO metadata_general(aislado_id, aislado_nombre) VALUES ('489', 'BAL02-041') ON DUPLICATE KEY UPDATE aislado_nombre = 'BAL02-041'; 
INSERT INTO fenotipo(fenotipo_id, aislado_id, serotipo_invitro) VALUES ('341', '489', 'No aglutina') ON DUPLICATE KEY UPDATE serotipo_invitro = 'No aglutina'; 
INSERT INTO secuencia(secuencia_id, aislado_id, complejo_clonal) VALUES ('489', '489', 'nan') ON DUPLICATE KEY UPDATE complejo_clonal = 'nan'; 
INSERT INTO metadata_general(aislado_id, aislado_nombre) VALUES ('490', 'BAL02-024') ON DUPLICATE KEY UPDATE aislado_nombre = 'BAL02-024'; 
INSERT INTO fenotipo(fenotipo_id, aislado_id, serotipo_invitro) VALUES ('342', '490', 'O1') ON DUPLICATE KEY UPDATE serotipo_invitro = 'O1'; 
INSERT INTO secuencia(secuencia_id, aislado_id, complejo_clonal) VALUES ('490', '490', 'nan') ON DUPLICATE KEY UPDATE complejo_clonal = 'nan'; 
INSERT INTO metadata_general(aislado_id, aislado_nombre) VALUES ('491', 'BAL02-010') ON DUPLICATE KEY UPDATE aislado_nombre = 'BAL02-010'; 
INSERT INTO fenotipo(fenotipo_id, aislado_id, serotipo_invitro) VALUES ('343', '491', 'O1+O2') ON DUPLICATE KEY UPDATE serotipo_invitro = 'O1+O2'; 
INSERT INTO secuencia(secuencia_id, aislado_id, complejo_clonal) VALUES ('491', '491', 'nan') ON DUPLICATE KEY UPDATE complejo_clonal = 'nan'; 
INSERT INTO metadata_general(aislado_id, aislado_nombre) VALUES ('492', 'BAL02-029') ON DUPLICATE KEY UPDATE aislado_nombre = 'BAL02-029'; 
INSERT INTO fenotipo(fenotipo_id, aislado_id, serotipo_invitro) VALUES ('344', '492', 'O1+O2') ON DUPLICATE KEY UPDATE serotipo_invitro = 'O1+O2'; 
INSERT INTO secuencia(secuencia_id, aislado_id, complejo_clonal) VALUES ('492', '492', 'nan') ON DUPLICATE KEY UPDATE complejo_clonal = 'nan'; 
INSERT INTO metadata_general(aislado_id, aislado_nombre) VALUES ('493', 'BAL02-025') ON DUPLICATE KEY UPDATE aislado_nombre = 'BAL02-025'; 
INSERT INTO fenotipo(fenotipo_id, aislado_id, serotipo_invitro) VALUES ('345', '493', 'O1+O2+O4') ON DUPLICATE KEY UPDATE serotipo_invitro = 'O1+O2+O4'; 
INSERT INTO secuencia(secuencia_id, aislado_id, complejo_clonal) VALUES ('493', '493', 'nan') ON DUPLICATE KEY UPDATE complejo_clonal = 'nan'; 
INSERT INTO metadata_general(aislado_id, aislado_nombre) VALUES ('494', 'BAL02-001') ON DUPLICATE KEY UPDATE aislado_nombre = 'BAL02-001'; 
INSERT INTO fenotipo(fenotipo_id, aislado_id, serotipo_invitro) VALUES ('346', '494', 'O10') ON DUPLICATE KEY UPDATE serotipo_invitro = 'O10'; 
INSERT INTO secuencia(secuencia_id, aislado_id, complejo_clonal) VALUES ('494', '494', 'nan') ON DUPLICATE KEY UPDATE complejo_clonal = 'nan'; 
INSERT INTO metadata_general(aislado_id, aislado_nombre) VALUES ('495', 'BAL02-019') ON DUPLICATE KEY UPDATE aislado_nombre = 'BAL02-019'; 
INSERT INTO fenotipo(fenotipo_id, aislado_id, serotipo_invitro) VALUES ('347', '495', 'O10') ON DUPLICATE KEY UPDATE serotipo_invitro = 'O10'; 
INSERT INTO secuencia(secuencia_id, aislado_id, complejo_clonal) VALUES ('495', '495', 'nan') ON DUPLICATE KEY UPDATE complejo_clonal = 'nan'; 
INSERT INTO metadata_general(aislado_id, aislado_nombre) VALUES ('496', 'BAL02-012') ON DUPLICATE KEY UPDATE aislado_nombre = 'BAL02-012'; 
INSERT INTO fenotipo(fenotipo_id, aislado_id, serotipo_invitro) VALUES ('348', '496', 'O11') ON DUPLICATE KEY UPDATE serotipo_invitro = 'O11'; 
INSERT INTO secuencia(secuencia_id, aislado_id, complejo_clonal) VALUES ('496', '496', 'nan') ON DUPLICATE KEY UPDATE complejo_clonal = 'nan'; 
INSERT INTO metadata_general(aislado_id, aislado_nombre) VALUES ('497', 'BAL02-030') ON DUPLICATE KEY UPDATE aislado_nombre = 'BAL02-030'; 
INSERT INTO fenotipo(fenotipo_id, aislado_id, serotipo_invitro) VALUES ('349', '497', 'O11') ON DUPLICATE KEY UPDATE serotipo_invitro = 'O11'; 
INSERT INTO secuencia(secuencia_id, aislado_id, complejo_clonal) VALUES ('497', '497', 'nan') ON DUPLICATE KEY UPDATE complejo_clonal = 'nan'; 
INSERT INTO metadata_general(aislado_id, aislado_nombre) VALUES ('498', 'BAL02-031') ON DUPLICATE KEY UPDATE aislado_nombre = 'BAL02-031'; 
INSERT INTO fenotipo(fenotipo_id, aislado_id, serotipo_invitro) VALUES ('350', '498', 'O12') ON DUPLICATE KEY UPDATE serotipo_invitro = 'O12'; 
INSERT INTO secuencia(secuencia_id, aislado_id, complejo_clonal) VALUES ('498', '498', 'nan') ON DUPLICATE KEY UPDATE complejo_clonal = 'nan'; 
INSERT INTO metadata_general(aislado_id, aislado_nombre) VALUES ('499', 'BAL02-005') ON DUPLICATE KEY UPDATE aislado_nombre = 'BAL02-005'; 
INSERT INTO fenotipo(fenotipo_id, aislado_id, serotipo_invitro) VALUES ('351', '499', 'O2') ON DUPLICATE KEY UPDATE serotipo_invitro = 'O2'; 
INSERT INTO secuencia(secuencia_id, aislado_id, complejo_clonal) VALUES ('499', '499', 'nan') ON DUPLICATE KEY UPDATE complejo_clonal = 'nan'; 
INSERT INTO metadata_general(aislado_id, aislado_nombre) VALUES ('500', 'BAL02-020') ON DUPLICATE KEY UPDATE aislado_nombre = 'BAL02-020'; 
INSERT INTO fenotipo(fenotipo_id, aislado_id, serotipo_invitro) VALUES ('352', '500', 'O3') ON DUPLICATE KEY UPDATE serotipo_invitro = 'O3'; 
INSERT INTO secuencia(secuencia_id, aislado_id, complejo_clonal) VALUES ('500', '500', 'nan') ON DUPLICATE KEY UPDATE complejo_clonal = 'nan'; 
INSERT INTO metadata_general(aislado_id, aislado_nombre) VALUES ('501', 'BAL02-033') ON DUPLICATE KEY UPDATE aislado_nombre = 'BAL02-033'; 
INSERT INTO fenotipo(fenotipo_id, aislado_id, serotipo_invitro) VALUES ('353', '501', 'O3') ON DUPLICATE KEY UPDATE serotipo_invitro = 'O3'; 
INSERT INTO secuencia(secuencia_id, aislado_id, complejo_clonal) VALUES ('501', '501', 'nan') ON DUPLICATE KEY UPDATE complejo_clonal = 'nan'; 
INSERT INTO metadata_general(aislado_id, aislado_nombre) VALUES ('502', 'BAL02-040') ON DUPLICATE KEY UPDATE aislado_nombre = 'BAL02-040'; 
INSERT INTO fenotipo(fenotipo_id, aislado_id, serotipo_invitro) VALUES ('354', '502', 'O3') ON DUPLICATE KEY UPDATE serotipo_invitro = 'O3'; 
INSERT INTO secuencia(secuencia_id, aislado_id, complejo_clonal) VALUES ('502', '502', 'nan') ON DUPLICATE KEY UPDATE complejo_clonal = 'nan'; 
INSERT INTO metadata_general(aislado_id, aislado_nombre) VALUES ('503', 'BAL02-044') ON DUPLICATE KEY UPDATE aislado_nombre = 'BAL02-044'; 
INSERT INTO fenotipo(fenotipo_id, aislado_id, serotipo_invitro) VALUES ('355', '503', 'O3') ON DUPLICATE KEY UPDATE serotipo_invitro = 'O3'; 
INSERT INTO secuencia(secuencia_id, aislado_id, complejo_clonal) VALUES ('503', '503', 'nan') ON DUPLICATE KEY UPDATE complejo_clonal = 'nan'; 
INSERT INTO metadata_general(aislado_id, aislado_nombre) VALUES ('504', 'BAL02-006') ON DUPLICATE KEY UPDATE aislado_nombre = 'BAL02-006'; 
INSERT INTO fenotipo(fenotipo_id, aislado_id, serotipo_invitro) VALUES ('356', '504', 'O6') ON DUPLICATE KEY UPDATE serotipo_invitro = 'O6'; 
INSERT INTO secuencia(secuencia_id, aislado_id, complejo_clonal) VALUES ('504', '504', 'nan') ON DUPLICATE KEY UPDATE complejo_clonal = 'nan'; 
INSERT INTO metadata_general(aislado_id, aislado_nombre) VALUES ('505', 'BAL02-027') ON DUPLICATE KEY UPDATE aislado_nombre = 'BAL02-027'; 
INSERT INTO fenotipo(fenotipo_id, aislado_id, serotipo_invitro) VALUES ('357', '505', 'O6') ON DUPLICATE KEY UPDATE serotipo_invitro = 'O6'; 
INSERT INTO secuencia(secuencia_id, aislado_id, complejo_clonal) VALUES ('505', '505', 'nan') ON DUPLICATE KEY UPDATE complejo_clonal = 'nan'; 
INSERT INTO metadata_general(aislado_id, aislado_nombre) VALUES ('38', 'BAL02-013') ON DUPLICATE KEY UPDATE aislado_nombre = 'BAL02-013'; 
INSERT INTO fenotipo(fenotipo_id, aislado_id, serotipo_invitro) VALUES ('358', '38', 'No aglutina (O1* dbil)') ON DUPLICATE KEY UPDATE serotipo_invitro = 'No aglutina (O1* dbil)'; 
INSERT INTO secuencia(secuencia_id, aislado_id, complejo_clonal) VALUES ('38', '38', 'ST-235') ON DUPLICATE KEY UPDATE complejo_clonal = 'ST-235'; 
INSERT INTO metadata_general(aislado_id, aislado_nombre) VALUES ('39', 'BAL02-015') ON DUPLICATE KEY UPDATE aislado_nombre = 'BAL02-015'; 
INSERT INTO fenotipo(fenotipo_id, aislado_id, serotipo_invitro) VALUES ('359', '39', 'O1') ON DUPLICATE KEY UPDATE serotipo_invitro = 'O1'; 
INSERT INTO secuencia(secuencia_id, aislado_id, complejo_clonal) VALUES ('39', '39', 'ST-9') ON DUPLICATE KEY UPDATE complejo_clonal = 'ST-9'; 
INSERT INTO metadata_general(aislado_id, aislado_nombre) VALUES ('506', 'BAL02-022') ON DUPLICATE KEY UPDATE aislado_nombre = 'BAL02-022'; 
INSERT INTO fenotipo(fenotipo_id, aislado_id, serotipo_invitro) VALUES ('360', '506', 'O1') ON DUPLICATE KEY UPDATE serotipo_invitro = 'O1'; 
INSERT INTO secuencia(secuencia_id, aislado_id, complejo_clonal) VALUES ('506', '506', 'ST-9') ON DUPLICATE KEY UPDATE complejo_clonal = 'ST-9'; 
INSERT INTO metadata_general(aislado_id, aislado_nombre) VALUES ('40', 'BAL02-023') ON DUPLICATE KEY UPDATE aislado_nombre = 'BAL02-023'; 
INSERT INTO fenotipo(fenotipo_id, aislado_id, serotipo_invitro) VALUES ('361', '40', 'O7+O8') ON DUPLICATE KEY UPDATE serotipo_invitro = 'O7+O8'; 
INSERT INTO secuencia(secuencia_id, aislado_id, complejo_clonal) VALUES ('40', '40', 'ST-3194') ON DUPLICATE KEY UPDATE complejo_clonal = 'ST-3194'; 
INSERT INTO metadata_general(aislado_id, aislado_nombre) VALUES ('507', 'BAL03-022') ON DUPLICATE KEY UPDATE aislado_nombre = 'BAL03-022'; 
INSERT INTO fenotipo(fenotipo_id, aislado_id, serotipo_invitro) VALUES ('362', '507', 'Autoagl (>3)') ON DUPLICATE KEY UPDATE serotipo_invitro = 'Autoagl (>3)'; 
INSERT INTO secuencia(secuencia_id, aislado_id, complejo_clonal) VALUES ('507', '507', 'nan') ON DUPLICATE KEY UPDATE complejo_clonal = 'nan'; 
INSERT INTO metadata_general(aislado_id, aislado_nombre) VALUES ('508', 'BAL03-014') ON DUPLICATE KEY UPDATE aislado_nombre = 'BAL03-014'; 
INSERT INTO fenotipo(fenotipo_id, aislado_id, serotipo_invitro) VALUES ('363', '508', 'O11') ON DUPLICATE KEY UPDATE serotipo_invitro = 'O11'; 
INSERT INTO secuencia(secuencia_id, aislado_id, complejo_clonal) VALUES ('508', '508', 'nan') ON DUPLICATE KEY UPDATE complejo_clonal = 'nan'; 
INSERT INTO metadata_general(aislado_id, aislado_nombre) VALUES ('509', 'BAL03-009') ON DUPLICATE KEY UPDATE aislado_nombre = 'BAL03-009'; 
INSERT INTO fenotipo(fenotipo_id, aislado_id, serotipo_invitro) VALUES ('364', '509', 'Autoagl (>3)') ON DUPLICATE KEY UPDATE serotipo_invitro = 'Autoagl (>3)'; 
INSERT INTO secuencia(secuencia_id, aislado_id, complejo_clonal) VALUES ('509', '509', 'nan') ON DUPLICATE KEY UPDATE complejo_clonal = 'nan'; 
INSERT INTO metadata_general(aislado_id, aislado_nombre) VALUES ('510', 'BAL03-001') ON DUPLICATE KEY UPDATE aislado_nombre = 'BAL03-001'; 
INSERT INTO fenotipo(fenotipo_id, aislado_id, serotipo_invitro) VALUES ('365', '510', 'O1') ON DUPLICATE KEY UPDATE serotipo_invitro = 'O1'; 
INSERT INTO secuencia(secuencia_id, aislado_id, complejo_clonal) VALUES ('510', '510', 'nan') ON DUPLICATE KEY UPDATE complejo_clonal = 'nan'; 
INSERT INTO metadata_general(aislado_id, aislado_nombre) VALUES ('511', 'BAL03-007') ON DUPLICATE KEY UPDATE aislado_nombre = 'BAL03-007'; 
INSERT INTO fenotipo(fenotipo_id, aislado_id, serotipo_invitro) VALUES ('366', '511', 'O1') ON DUPLICATE KEY UPDATE serotipo_invitro = 'O1'; 
INSERT INTO secuencia(secuencia_id, aislado_id, complejo_clonal) VALUES ('511', '511', 'nan') ON DUPLICATE KEY UPDATE complejo_clonal = 'nan'; 
INSERT INTO metadata_general(aislado_id, aislado_nombre) VALUES ('512', 'BAL03-013') ON DUPLICATE KEY UPDATE aislado_nombre = 'BAL03-013'; 
INSERT INTO fenotipo(fenotipo_id, aislado_id, serotipo_invitro) VALUES ('367', '512', 'O1') ON DUPLICATE KEY UPDATE serotipo_invitro = 'O1'; 
INSERT INTO secuencia(secuencia_id, aislado_id, complejo_clonal) VALUES ('512', '512', 'nan') ON DUPLICATE KEY UPDATE complejo_clonal = 'nan'; 
INSERT INTO metadata_general(aislado_id, aislado_nombre) VALUES ('513', 'BAL03-015') ON DUPLICATE KEY UPDATE aislado_nombre = 'BAL03-015'; 
INSERT INTO fenotipo(fenotipo_id, aislado_id, serotipo_invitro) VALUES ('368', '513', 'O1') ON DUPLICATE KEY UPDATE serotipo_invitro = 'O1'; 
INSERT INTO secuencia(secuencia_id, aislado_id, complejo_clonal) VALUES ('513', '513', 'nan') ON DUPLICATE KEY UPDATE complejo_clonal = 'nan'; 
INSERT INTO metadata_general(aislado_id, aislado_nombre) VALUES ('514', 'BAL03-032') ON DUPLICATE KEY UPDATE aislado_nombre = 'BAL03-032'; 
INSERT INTO fenotipo(fenotipo_id, aislado_id, serotipo_invitro) VALUES ('369', '514', 'O1') ON DUPLICATE KEY UPDATE serotipo_invitro = 'O1'; 
INSERT INTO secuencia(secuencia_id, aislado_id, complejo_clonal) VALUES ('514', '514', 'nan') ON DUPLICATE KEY UPDATE complejo_clonal = 'nan'; 
INSERT INTO metadata_general(aislado_id, aislado_nombre) VALUES ('515', 'BAL03-040') ON DUPLICATE KEY UPDATE aislado_nombre = 'BAL03-040'; 
INSERT INTO fenotipo(fenotipo_id, aislado_id, serotipo_invitro) VALUES ('370', '515', 'O1') ON DUPLICATE KEY UPDATE serotipo_invitro = 'O1'; 
INSERT INTO secuencia(secuencia_id, aislado_id, complejo_clonal) VALUES ('515', '515', 'nan') ON DUPLICATE KEY UPDATE complejo_clonal = 'nan'; 
INSERT INTO metadata_general(aislado_id, aislado_nombre) VALUES ('516', 'BAL03-043') ON DUPLICATE KEY UPDATE aislado_nombre = 'BAL03-043'; 
INSERT INTO fenotipo(fenotipo_id, aislado_id, serotipo_invitro) VALUES ('371', '516', 'O1') ON DUPLICATE KEY UPDATE serotipo_invitro = 'O1'; 
INSERT INTO secuencia(secuencia_id, aislado_id, complejo_clonal) VALUES ('516', '516', 'nan') ON DUPLICATE KEY UPDATE complejo_clonal = 'nan'; 
INSERT INTO metadata_general(aislado_id, aislado_nombre) VALUES ('517', 'BAL03-050') ON DUPLICATE KEY UPDATE aislado_nombre = 'BAL03-050'; 
INSERT INTO fenotipo(fenotipo_id, aislado_id, serotipo_invitro) VALUES ('372', '517', 'O1') ON DUPLICATE KEY UPDATE serotipo_invitro = 'O1'; 
INSERT INTO secuencia(secuencia_id, aislado_id, complejo_clonal) VALUES ('517', '517', 'nan') ON DUPLICATE KEY UPDATE complejo_clonal = 'nan'; 
INSERT INTO metadata_general(aislado_id, aislado_nombre) VALUES ('518', 'BAL03-010') ON DUPLICATE KEY UPDATE aislado_nombre = 'BAL03-010'; 
INSERT INTO fenotipo(fenotipo_id, aislado_id, serotipo_invitro) VALUES ('373', '518', 'O10') ON DUPLICATE KEY UPDATE serotipo_invitro = 'O10'; 
INSERT INTO secuencia(secuencia_id, aislado_id, complejo_clonal) VALUES ('518', '518', 'nan') ON DUPLICATE KEY UPDATE complejo_clonal = 'nan'; 
INSERT INTO metadata_general(aislado_id, aislado_nombre) VALUES ('519', 'BAL03-023') ON DUPLICATE KEY UPDATE aislado_nombre = 'BAL03-023'; 
INSERT INTO fenotipo(fenotipo_id, aislado_id, serotipo_invitro) VALUES ('374', '519', 'O11') ON DUPLICATE KEY UPDATE serotipo_invitro = 'O11'; 
INSERT INTO secuencia(secuencia_id, aislado_id, complejo_clonal) VALUES ('519', '519', 'nan') ON DUPLICATE KEY UPDATE complejo_clonal = 'nan'; 
INSERT INTO metadata_general(aislado_id, aislado_nombre) VALUES ('520', 'BAL03-037') ON DUPLICATE KEY UPDATE aislado_nombre = 'BAL03-037'; 
INSERT INTO fenotipo(fenotipo_id, aislado_id, serotipo_invitro) VALUES ('375', '520', 'O11') ON DUPLICATE KEY UPDATE serotipo_invitro = 'O11'; 
INSERT INTO secuencia(secuencia_id, aislado_id, complejo_clonal) VALUES ('520', '520', 'nan') ON DUPLICATE KEY UPDATE complejo_clonal = 'nan'; 
INSERT INTO metadata_general(aislado_id, aislado_nombre) VALUES ('521', 'BAL03-039') ON DUPLICATE KEY UPDATE aislado_nombre = 'BAL03-039'; 
INSERT INTO fenotipo(fenotipo_id, aislado_id, serotipo_invitro) VALUES ('376', '521', 'O11') ON DUPLICATE KEY UPDATE serotipo_invitro = 'O11'; 
INSERT INTO secuencia(secuencia_id, aislado_id, complejo_clonal) VALUES ('521', '521', 'nan') ON DUPLICATE KEY UPDATE complejo_clonal = 'nan'; 
INSERT INTO metadata_general(aislado_id, aislado_nombre) VALUES ('522', 'BAL03-041') ON DUPLICATE KEY UPDATE aislado_nombre = 'BAL03-041'; 
INSERT INTO fenotipo(fenotipo_id, aislado_id, serotipo_invitro) VALUES ('377', '522', 'O11') ON DUPLICATE KEY UPDATE serotipo_invitro = 'O11'; 
INSERT INTO secuencia(secuencia_id, aislado_id, complejo_clonal) VALUES ('522', '522', 'nan') ON DUPLICATE KEY UPDATE complejo_clonal = 'nan'; 
INSERT INTO metadata_general(aislado_id, aislado_nombre) VALUES ('523', 'BAL03-029') ON DUPLICATE KEY UPDATE aislado_nombre = 'BAL03-029'; 
INSERT INTO fenotipo(fenotipo_id, aislado_id, serotipo_invitro) VALUES ('378', '523', 'O14') ON DUPLICATE KEY UPDATE serotipo_invitro = 'O14'; 
INSERT INTO secuencia(secuencia_id, aislado_id, complejo_clonal) VALUES ('523', '523', 'nan') ON DUPLICATE KEY UPDATE complejo_clonal = 'nan'; 
INSERT INTO metadata_general(aislado_id, aislado_nombre) VALUES ('524', 'BAL03-036') ON DUPLICATE KEY UPDATE aislado_nombre = 'BAL03-036'; 
INSERT INTO fenotipo(fenotipo_id, aislado_id, serotipo_invitro) VALUES ('379', '524', 'O14') ON DUPLICATE KEY UPDATE serotipo_invitro = 'O14'; 
INSERT INTO secuencia(secuencia_id, aislado_id, complejo_clonal) VALUES ('524', '524', 'nan') ON DUPLICATE KEY UPDATE complejo_clonal = 'nan'; 
INSERT INTO metadata_general(aislado_id, aislado_nombre) VALUES ('525', 'BAL03-026') ON DUPLICATE KEY UPDATE aislado_nombre = 'BAL03-026'; 
INSERT INTO fenotipo(fenotipo_id, aislado_id, serotipo_invitro) VALUES ('380', '525', 'O2') ON DUPLICATE KEY UPDATE serotipo_invitro = 'O2'; 
INSERT INTO secuencia(secuencia_id, aislado_id, complejo_clonal) VALUES ('525', '525', 'nan') ON DUPLICATE KEY UPDATE complejo_clonal = 'nan'; 
INSERT INTO metadata_general(aislado_id, aislado_nombre) VALUES ('526', 'BAL03-048') ON DUPLICATE KEY UPDATE aislado_nombre = 'BAL03-048'; 
INSERT INTO fenotipo(fenotipo_id, aislado_id, serotipo_invitro) VALUES ('381', '526', 'O5') ON DUPLICATE KEY UPDATE serotipo_invitro = 'O5'; 
INSERT INTO secuencia(secuencia_id, aislado_id, complejo_clonal) VALUES ('526', '526', 'nan') ON DUPLICATE KEY UPDATE complejo_clonal = 'nan'; 
INSERT INTO metadata_general(aislado_id, aislado_nombre) VALUES ('527', 'BAL03-006') ON DUPLICATE KEY UPDATE aislado_nombre = 'BAL03-006'; 
INSERT INTO fenotipo(fenotipo_id, aislado_id, serotipo_invitro) VALUES ('382', '527', 'O6') ON DUPLICATE KEY UPDATE serotipo_invitro = 'O6'; 
INSERT INTO secuencia(secuencia_id, aislado_id, complejo_clonal) VALUES ('527', '527', 'nan') ON DUPLICATE KEY UPDATE complejo_clonal = 'nan'; 
INSERT INTO metadata_general(aislado_id, aislado_nombre) VALUES ('528', 'BAL03-020') ON DUPLICATE KEY UPDATE aislado_nombre = 'BAL03-020'; 
INSERT INTO fenotipo(fenotipo_id, aislado_id, serotipo_invitro) VALUES ('383', '528', 'O6') ON DUPLICATE KEY UPDATE serotipo_invitro = 'O6'; 
INSERT INTO secuencia(secuencia_id, aislado_id, complejo_clonal) VALUES ('528', '528', 'nan') ON DUPLICATE KEY UPDATE complejo_clonal = 'nan'; 
INSERT INTO metadata_general(aislado_id, aislado_nombre) VALUES ('529', 'BAL03-012') ON DUPLICATE KEY UPDATE aislado_nombre = 'BAL03-012'; 
INSERT INTO fenotipo(fenotipo_id, aislado_id, serotipo_invitro) VALUES ('384', '529', 'O7') ON DUPLICATE KEY UPDATE serotipo_invitro = 'O7'; 
INSERT INTO secuencia(secuencia_id, aislado_id, complejo_clonal) VALUES ('529', '529', 'nan') ON DUPLICATE KEY UPDATE complejo_clonal = 'nan'; 
INSERT INTO metadata_general(aislado_id, aislado_nombre) VALUES ('530', 'BAL03-021') ON DUPLICATE KEY UPDATE aislado_nombre = 'BAL03-021'; 
INSERT INTO fenotipo(fenotipo_id, aislado_id, serotipo_invitro) VALUES ('385', '530', 'O7') ON DUPLICATE KEY UPDATE serotipo_invitro = 'O7'; 
INSERT INTO secuencia(secuencia_id, aislado_id, complejo_clonal) VALUES ('530', '530', 'nan') ON DUPLICATE KEY UPDATE complejo_clonal = 'nan'; 
INSERT INTO metadata_general(aislado_id, aislado_nombre) VALUES ('531', 'BAL03-031') ON DUPLICATE KEY UPDATE aislado_nombre = 'BAL03-031'; 
INSERT INTO fenotipo(fenotipo_id, aislado_id, serotipo_invitro) VALUES ('386', '531', 'O7') ON DUPLICATE KEY UPDATE serotipo_invitro = 'O7'; 
INSERT INTO secuencia(secuencia_id, aislado_id, complejo_clonal) VALUES ('531', '531', 'nan') ON DUPLICATE KEY UPDATE complejo_clonal = 'nan'; 
INSERT INTO metadata_general(aislado_id, aislado_nombre) VALUES ('532', 'BAL03-042') ON DUPLICATE KEY UPDATE aislado_nombre = 'BAL03-042'; 
INSERT INTO fenotipo(fenotipo_id, aislado_id, serotipo_invitro) VALUES ('387', '532', 'O9') ON DUPLICATE KEY UPDATE serotipo_invitro = 'O9'; 
INSERT INTO secuencia(secuencia_id, aislado_id, complejo_clonal) VALUES ('532', '532', 'nan') ON DUPLICATE KEY UPDATE complejo_clonal = 'nan'; 
INSERT INTO metadata_general(aislado_id, aislado_nombre) VALUES ('43', 'BAL03-028') ON DUPLICATE KEY UPDATE aislado_nombre = 'BAL03-028'; 
INSERT INTO fenotipo(fenotipo_id, aislado_id, serotipo_invitro) VALUES ('388', '43', 'O11') ON DUPLICATE KEY UPDATE serotipo_invitro = 'O11'; 
INSERT INTO secuencia(secuencia_id, aislado_id, complejo_clonal) VALUES ('43', '43', 'ST-235') ON DUPLICATE KEY UPDATE complejo_clonal = 'ST-235'; 
INSERT INTO metadata_general(aislado_id, aislado_nombre) VALUES ('41', 'BAL03-002') ON DUPLICATE KEY UPDATE aislado_nombre = 'BAL03-002'; 
INSERT INTO fenotipo(fenotipo_id, aislado_id, serotipo_invitro) VALUES ('389', '41', 'O4') ON DUPLICATE KEY UPDATE serotipo_invitro = 'O4'; 
INSERT INTO secuencia(secuencia_id, aislado_id, complejo_clonal) VALUES ('41', '41', 'ST-175') ON DUPLICATE KEY UPDATE complejo_clonal = 'ST-175'; 
INSERT INTO metadata_general(aislado_id, aislado_nombre) VALUES ('533', 'BAL03-047') ON DUPLICATE KEY UPDATE aislado_nombre = 'BAL03-047'; 
INSERT INTO fenotipo(fenotipo_id, aislado_id, serotipo_invitro) VALUES ('390', '533', 'O4') ON DUPLICATE KEY UPDATE serotipo_invitro = 'O4'; 
INSERT INTO secuencia(secuencia_id, aislado_id, complejo_clonal) VALUES ('533', '533', 'ST-175') ON DUPLICATE KEY UPDATE complejo_clonal = 'ST-175'; 
INSERT INTO metadata_general(aislado_id, aislado_nombre) VALUES ('42', 'BAL03-003') ON DUPLICATE KEY UPDATE aislado_nombre = 'BAL03-003'; 
INSERT INTO fenotipo(fenotipo_id, aislado_id, serotipo_invitro) VALUES ('391', '42', 'O6') ON DUPLICATE KEY UPDATE serotipo_invitro = 'O6'; 
INSERT INTO secuencia(secuencia_id, aislado_id, complejo_clonal) VALUES ('42', '42', 'ST-395') ON DUPLICATE KEY UPDATE complejo_clonal = 'ST-395'; 
INSERT INTO metadata_general(aislado_id, aislado_nombre) VALUES ('534', 'BAL04-020') ON DUPLICATE KEY UPDATE aislado_nombre = 'BAL04-020'; 
INSERT INTO fenotipo(fenotipo_id, aislado_id, serotipo_invitro) VALUES ('392', '534', 'O16') ON DUPLICATE KEY UPDATE serotipo_invitro = 'O16'; 
INSERT INTO secuencia(secuencia_id, aislado_id, complejo_clonal) VALUES ('534', '534', 'nan') ON DUPLICATE KEY UPDATE complejo_clonal = 'nan'; 
INSERT INTO metadata_general(aislado_id, aislado_nombre) VALUES ('535', 'BAL04-009') ON DUPLICATE KEY UPDATE aislado_nombre = 'BAL04-009'; 
INSERT INTO fenotipo(fenotipo_id, aislado_id, serotipo_invitro) VALUES ('393', '535', 'No aglutina') ON DUPLICATE KEY UPDATE serotipo_invitro = 'No aglutina'; 
INSERT INTO secuencia(secuencia_id, aislado_id, complejo_clonal) VALUES ('535', '535', 'nan') ON DUPLICATE KEY UPDATE complejo_clonal = 'nan'; 
INSERT INTO metadata_general(aislado_id, aislado_nombre) VALUES ('536', 'BAL04-012') ON DUPLICATE KEY UPDATE aislado_nombre = 'BAL04-012'; 
INSERT INTO fenotipo(fenotipo_id, aislado_id, serotipo_invitro) VALUES ('394', '536', 'No aglutina') ON DUPLICATE KEY UPDATE serotipo_invitro = 'No aglutina'; 
INSERT INTO secuencia(secuencia_id, aislado_id, complejo_clonal) VALUES ('536', '536', 'nan') ON DUPLICATE KEY UPDATE complejo_clonal = 'nan'; 
INSERT INTO metadata_general(aislado_id, aislado_nombre) VALUES ('537', 'BAL04-030') ON DUPLICATE KEY UPDATE aislado_nombre = 'BAL04-030'; 
INSERT INTO fenotipo(fenotipo_id, aislado_id, serotipo_invitro) VALUES ('395', '537', 'No Aglutina') ON DUPLICATE KEY UPDATE serotipo_invitro = 'No Aglutina'; 
INSERT INTO secuencia(secuencia_id, aislado_id, complejo_clonal) VALUES ('537', '537', 'nan') ON DUPLICATE KEY UPDATE complejo_clonal = 'nan'; 
INSERT INTO metadata_general(aislado_id, aislado_nombre) VALUES ('538', 'BAL04-031') ON DUPLICATE KEY UPDATE aislado_nombre = 'BAL04-031'; 
INSERT INTO fenotipo(fenotipo_id, aislado_id, serotipo_invitro) VALUES ('396', '538', 'No aglutina') ON DUPLICATE KEY UPDATE serotipo_invitro = 'No aglutina'; 
INSERT INTO secuencia(secuencia_id, aislado_id, complejo_clonal) VALUES ('538', '538', 'nan') ON DUPLICATE KEY UPDATE complejo_clonal = 'nan'; 
INSERT INTO metadata_general(aislado_id, aislado_nombre) VALUES ('539', 'BAL04-005') ON DUPLICATE KEY UPDATE aislado_nombre = 'BAL04-005'; 
INSERT INTO fenotipo(fenotipo_id, aislado_id, serotipo_invitro) VALUES ('397', '539', 'O1') ON DUPLICATE KEY UPDATE serotipo_invitro = 'O1'; 
INSERT INTO secuencia(secuencia_id, aislado_id, complejo_clonal) VALUES ('539', '539', 'nan') ON DUPLICATE KEY UPDATE complejo_clonal = 'nan'; 
INSERT INTO metadata_general(aislado_id, aislado_nombre) VALUES ('540', 'BAL04-008') ON DUPLICATE KEY UPDATE aislado_nombre = 'BAL04-008'; 
INSERT INTO fenotipo(fenotipo_id, aislado_id, serotipo_invitro) VALUES ('398', '540', 'O1') ON DUPLICATE KEY UPDATE serotipo_invitro = 'O1'; 
INSERT INTO secuencia(secuencia_id, aislado_id, complejo_clonal) VALUES ('540', '540', 'nan') ON DUPLICATE KEY UPDATE complejo_clonal = 'nan'; 
INSERT INTO metadata_general(aislado_id, aislado_nombre) VALUES ('541', 'BAL04-023') ON DUPLICATE KEY UPDATE aislado_nombre = 'BAL04-023'; 
INSERT INTO fenotipo(fenotipo_id, aislado_id, serotipo_invitro) VALUES ('399', '541', 'O1') ON DUPLICATE KEY UPDATE serotipo_invitro = 'O1'; 
INSERT INTO secuencia(secuencia_id, aislado_id, complejo_clonal) VALUES ('541', '541', 'nan') ON DUPLICATE KEY UPDATE complejo_clonal = 'nan'; 
INSERT INTO metadata_general(aislado_id, aislado_nombre) VALUES ('542', 'BAL04-024') ON DUPLICATE KEY UPDATE aislado_nombre = 'BAL04-024'; 
INSERT INTO fenotipo(fenotipo_id, aislado_id, serotipo_invitro) VALUES ('400', '542', 'O10') ON DUPLICATE KEY UPDATE serotipo_invitro = 'O10'; 
INSERT INTO secuencia(secuencia_id, aislado_id, complejo_clonal) VALUES ('542', '542', 'nan') ON DUPLICATE KEY UPDATE complejo_clonal = 'nan'; 
INSERT INTO metadata_general(aislado_id, aislado_nombre) VALUES ('543', 'BAL04-006') ON DUPLICATE KEY UPDATE aislado_nombre = 'BAL04-006'; 
INSERT INTO fenotipo(fenotipo_id, aislado_id, serotipo_invitro) VALUES ('401', '543', 'O11') ON DUPLICATE KEY UPDATE serotipo_invitro = 'O11'; 
INSERT INTO secuencia(secuencia_id, aislado_id, complejo_clonal) VALUES ('543', '543', 'nan') ON DUPLICATE KEY UPDATE complejo_clonal = 'nan'; 
INSERT INTO metadata_general(aislado_id, aislado_nombre) VALUES ('544', 'BAL04-025') ON DUPLICATE KEY UPDATE aislado_nombre = 'BAL04-025'; 
INSERT INTO fenotipo(fenotipo_id, aislado_id, serotipo_invitro) VALUES ('402', '544', 'O11') ON DUPLICATE KEY UPDATE serotipo_invitro = 'O11'; 
INSERT INTO secuencia(secuencia_id, aislado_id, complejo_clonal) VALUES ('544', '544', 'nan') ON DUPLICATE KEY UPDATE complejo_clonal = 'nan'; 
INSERT INTO metadata_general(aislado_id, aislado_nombre) VALUES ('545', 'BAL04-026') ON DUPLICATE KEY UPDATE aislado_nombre = 'BAL04-026'; 
INSERT INTO fenotipo(fenotipo_id, aislado_id, serotipo_invitro) VALUES ('403', '545', 'O11') ON DUPLICATE KEY UPDATE serotipo_invitro = 'O11'; 
INSERT INTO secuencia(secuencia_id, aislado_id, complejo_clonal) VALUES ('545', '545', 'nan') ON DUPLICATE KEY UPDATE complejo_clonal = 'nan'; 
INSERT INTO metadata_general(aislado_id, aislado_nombre) VALUES ('546', 'BAL04-007') ON DUPLICATE KEY UPDATE aislado_nombre = 'BAL04-007'; 
INSERT INTO fenotipo(fenotipo_id, aislado_id, serotipo_invitro) VALUES ('404', '546', 'O12') ON DUPLICATE KEY UPDATE serotipo_invitro = 'O12'; 
INSERT INTO secuencia(secuencia_id, aislado_id, complejo_clonal) VALUES ('546', '546', 'nan') ON DUPLICATE KEY UPDATE complejo_clonal = 'nan'; 
INSERT INTO metadata_general(aislado_id, aislado_nombre) VALUES ('547', 'BAL04-019') ON DUPLICATE KEY UPDATE aislado_nombre = 'BAL04-019'; 
INSERT INTO fenotipo(fenotipo_id, aislado_id, serotipo_invitro) VALUES ('405', '547', 'O14') ON DUPLICATE KEY UPDATE serotipo_invitro = 'O14'; 
INSERT INTO secuencia(secuencia_id, aislado_id, complejo_clonal) VALUES ('547', '547', 'nan') ON DUPLICATE KEY UPDATE complejo_clonal = 'nan'; 
INSERT INTO metadata_general(aislado_id, aislado_nombre) VALUES ('548', 'BAL04-010') ON DUPLICATE KEY UPDATE aislado_nombre = 'BAL04-010'; 
INSERT INTO fenotipo(fenotipo_id, aislado_id, serotipo_invitro) VALUES ('406', '548', 'O16') ON DUPLICATE KEY UPDATE serotipo_invitro = 'O16'; 
INSERT INTO secuencia(secuencia_id, aislado_id, complejo_clonal) VALUES ('548', '548', 'nan') ON DUPLICATE KEY UPDATE complejo_clonal = 'nan'; 
INSERT INTO metadata_general(aislado_id, aislado_nombre) VALUES ('549', 'BAL04-001') ON DUPLICATE KEY UPDATE aislado_nombre = 'BAL04-001'; 
INSERT INTO fenotipo(fenotipo_id, aislado_id, serotipo_invitro) VALUES ('407', '549', 'O2') ON DUPLICATE KEY UPDATE serotipo_invitro = 'O2'; 
INSERT INTO secuencia(secuencia_id, aislado_id, complejo_clonal) VALUES ('549', '549', 'nan') ON DUPLICATE KEY UPDATE complejo_clonal = 'nan'; 
INSERT INTO metadata_general(aislado_id, aislado_nombre) VALUES ('550', 'BAL04-004') ON DUPLICATE KEY UPDATE aislado_nombre = 'BAL04-004'; 
INSERT INTO fenotipo(fenotipo_id, aislado_id, serotipo_invitro) VALUES ('408', '550', 'O2') ON DUPLICATE KEY UPDATE serotipo_invitro = 'O2'; 
INSERT INTO secuencia(secuencia_id, aislado_id, complejo_clonal) VALUES ('550', '550', 'nan') ON DUPLICATE KEY UPDATE complejo_clonal = 'nan'; 
INSERT INTO metadata_general(aislado_id, aislado_nombre) VALUES ('551', 'BAL04-018') ON DUPLICATE KEY UPDATE aislado_nombre = 'BAL04-018'; 
INSERT INTO fenotipo(fenotipo_id, aislado_id, serotipo_invitro) VALUES ('409', '551', 'O3') ON DUPLICATE KEY UPDATE serotipo_invitro = 'O3'; 
INSERT INTO secuencia(secuencia_id, aislado_id, complejo_clonal) VALUES ('551', '551', 'nan') ON DUPLICATE KEY UPDATE complejo_clonal = 'nan'; 
INSERT INTO metadata_general(aislado_id, aislado_nombre) VALUES ('552', 'BAL04-002') ON DUPLICATE KEY UPDATE aislado_nombre = 'BAL04-002'; 
INSERT INTO fenotipo(fenotipo_id, aislado_id, serotipo_invitro) VALUES ('410', '552', 'O5') ON DUPLICATE KEY UPDATE serotipo_invitro = 'O5'; 
INSERT INTO secuencia(secuencia_id, aislado_id, complejo_clonal) VALUES ('552', '552', 'nan') ON DUPLICATE KEY UPDATE complejo_clonal = 'nan'; 
INSERT INTO metadata_general(aislado_id, aislado_nombre) VALUES ('553', 'BAL04-011') ON DUPLICATE KEY UPDATE aislado_nombre = 'BAL04-011'; 
INSERT INTO fenotipo(fenotipo_id, aislado_id, serotipo_invitro) VALUES ('411', '553', 'O6') ON DUPLICATE KEY UPDATE serotipo_invitro = 'O6'; 
INSERT INTO secuencia(secuencia_id, aislado_id, complejo_clonal) VALUES ('553', '553', 'nan') ON DUPLICATE KEY UPDATE complejo_clonal = 'nan'; 
INSERT INTO metadata_general(aislado_id, aislado_nombre) VALUES ('554', 'BAL04-013') ON DUPLICATE KEY UPDATE aislado_nombre = 'BAL04-013'; 
INSERT INTO fenotipo(fenotipo_id, aislado_id, serotipo_invitro) VALUES ('412', '554', 'O6') ON DUPLICATE KEY UPDATE serotipo_invitro = 'O6'; 
INSERT INTO secuencia(secuencia_id, aislado_id, complejo_clonal) VALUES ('554', '554', 'nan') ON DUPLICATE KEY UPDATE complejo_clonal = 'nan'; 
INSERT INTO metadata_general(aislado_id, aislado_nombre) VALUES ('555', 'BAL04-016') ON DUPLICATE KEY UPDATE aislado_nombre = 'BAL04-016'; 
INSERT INTO fenotipo(fenotipo_id, aislado_id, serotipo_invitro) VALUES ('413', '555', 'O6') ON DUPLICATE KEY UPDATE serotipo_invitro = 'O6'; 
INSERT INTO secuencia(secuencia_id, aislado_id, complejo_clonal) VALUES ('555', '555', 'nan') ON DUPLICATE KEY UPDATE complejo_clonal = 'nan'; 
INSERT INTO metadata_general(aislado_id, aislado_nombre) VALUES ('556', 'BAL04-017') ON DUPLICATE KEY UPDATE aislado_nombre = 'BAL04-017'; 
INSERT INTO fenotipo(fenotipo_id, aislado_id, serotipo_invitro) VALUES ('414', '556', 'O6') ON DUPLICATE KEY UPDATE serotipo_invitro = 'O6'; 
INSERT INTO secuencia(secuencia_id, aislado_id, complejo_clonal) VALUES ('556', '556', 'nan') ON DUPLICATE KEY UPDATE complejo_clonal = 'nan'; 
INSERT INTO metadata_general(aislado_id, aislado_nombre) VALUES ('557', 'BAL04-022') ON DUPLICATE KEY UPDATE aislado_nombre = 'BAL04-022'; 
INSERT INTO fenotipo(fenotipo_id, aislado_id, serotipo_invitro) VALUES ('415', '557', 'O6') ON DUPLICATE KEY UPDATE serotipo_invitro = 'O6'; 
INSERT INTO secuencia(secuencia_id, aislado_id, complejo_clonal) VALUES ('557', '557', 'nan') ON DUPLICATE KEY UPDATE complejo_clonal = 'nan'; 
INSERT INTO metadata_general(aislado_id, aislado_nombre) VALUES ('558', 'BAL04-028') ON DUPLICATE KEY UPDATE aislado_nombre = 'BAL04-028'; 
INSERT INTO fenotipo(fenotipo_id, aislado_id, serotipo_invitro) VALUES ('416', '558', 'O6') ON DUPLICATE KEY UPDATE serotipo_invitro = 'O6'; 
INSERT INTO secuencia(secuencia_id, aislado_id, complejo_clonal) VALUES ('558', '558', 'nan') ON DUPLICATE KEY UPDATE complejo_clonal = 'nan'; 
INSERT INTO metadata_general(aislado_id, aislado_nombre) VALUES ('559', 'BAL04-029') ON DUPLICATE KEY UPDATE aislado_nombre = 'BAL04-029'; 
INSERT INTO fenotipo(fenotipo_id, aislado_id, serotipo_invitro) VALUES ('417', '559', 'O9') ON DUPLICATE KEY UPDATE serotipo_invitro = 'O9'; 
INSERT INTO secuencia(secuencia_id, aislado_id, complejo_clonal) VALUES ('559', '559', 'nan') ON DUPLICATE KEY UPDATE complejo_clonal = 'nan'; 
INSERT INTO metadata_general(aislado_id, aislado_nombre) VALUES ('44', 'BAL04-003') ON DUPLICATE KEY UPDATE aislado_nombre = 'BAL04-003'; 
INSERT INTO fenotipo(fenotipo_id, aislado_id, serotipo_invitro) VALUES ('418', '44', 'No aglutina') ON DUPLICATE KEY UPDATE serotipo_invitro = 'No aglutina'; 
INSERT INTO secuencia(secuencia_id, aislado_id, complejo_clonal) VALUES ('44', '44', 'ST-390') ON DUPLICATE KEY UPDATE complejo_clonal = 'ST-390'; 
INSERT INTO metadata_general(aislado_id, aislado_nombre) VALUES ('46', 'BAL04-027') ON DUPLICATE KEY UPDATE aislado_nombre = 'BAL04-027'; 
INSERT INTO fenotipo(fenotipo_id, aislado_id, serotipo_invitro) VALUES ('419', '46', 'No aglutina ') ON DUPLICATE KEY UPDATE serotipo_invitro = 'No aglutina '; 
INSERT INTO secuencia(secuencia_id, aislado_id, complejo_clonal) VALUES ('46', '46', 'ST-175') ON DUPLICATE KEY UPDATE complejo_clonal = 'ST-175'; 
INSERT INTO metadata_general(aislado_id, aislado_nombre) VALUES ('45', 'BAL04-015') ON DUPLICATE KEY UPDATE aislado_nombre = 'BAL04-015'; 
INSERT INTO fenotipo(fenotipo_id, aislado_id, serotipo_invitro) VALUES ('420', '45', 'O4') ON DUPLICATE KEY UPDATE serotipo_invitro = 'O4'; 
INSERT INTO secuencia(secuencia_id, aislado_id, complejo_clonal) VALUES ('45', '45', 'ST-175') ON DUPLICATE KEY UPDATE complejo_clonal = 'ST-175'; 
INSERT INTO metadata_general(aislado_id, aislado_nombre) VALUES ('560', 'BAL04-021') ON DUPLICATE KEY UPDATE aislado_nombre = 'BAL04-021'; 
INSERT INTO fenotipo(fenotipo_id, aislado_id, serotipo_invitro) VALUES ('421', '560', 'O4') ON DUPLICATE KEY UPDATE serotipo_invitro = 'O4'; 
INSERT INTO secuencia(secuencia_id, aislado_id, complejo_clonal) VALUES ('560', '560', 'ST-175') ON DUPLICATE KEY UPDATE complejo_clonal = 'ST-175'; 
INSERT INTO metadata_general(aislado_id, aislado_nombre) VALUES ('561', 'CAN01-034') ON DUPLICATE KEY UPDATE aislado_nombre = 'CAN01-034'; 
INSERT INTO fenotipo(fenotipo_id, aislado_id, serotipo_invitro) VALUES ('422', '561', 'O1+O2') ON DUPLICATE KEY UPDATE serotipo_invitro = 'O1+O2'; 
INSERT INTO secuencia(secuencia_id, aislado_id, complejo_clonal) VALUES ('561', '561', 'nan') ON DUPLICATE KEY UPDATE complejo_clonal = 'nan'; 
INSERT INTO metadata_general(aislado_id, aislado_nombre) VALUES ('562', 'CAN01-005') ON DUPLICATE KEY UPDATE aislado_nombre = 'CAN01-005'; 
INSERT INTO fenotipo(fenotipo_id, aislado_id, serotipo_invitro) VALUES ('423', '562', 'O11') ON DUPLICATE KEY UPDATE serotipo_invitro = 'O11'; 
INSERT INTO secuencia(secuencia_id, aislado_id, complejo_clonal) VALUES ('562', '562', 'nan') ON DUPLICATE KEY UPDATE complejo_clonal = 'nan'; 
INSERT INTO metadata_general(aislado_id, aislado_nombre) VALUES ('563', 'CAN01-030') ON DUPLICATE KEY UPDATE aislado_nombre = 'CAN01-030'; 
INSERT INTO fenotipo(fenotipo_id, aislado_id, serotipo_invitro) VALUES ('424', '563', 'O15') ON DUPLICATE KEY UPDATE serotipo_invitro = 'O15'; 
INSERT INTO secuencia(secuencia_id, aislado_id, complejo_clonal) VALUES ('563', '563', 'nan') ON DUPLICATE KEY UPDATE complejo_clonal = 'nan'; 
INSERT INTO metadata_general(aislado_id, aislado_nombre) VALUES ('564', 'CAN01-008') ON DUPLICATE KEY UPDATE aislado_nombre = 'CAN01-008'; 
INSERT INTO fenotipo(fenotipo_id, aislado_id, serotipo_invitro) VALUES ('425', '564', 'O4') ON DUPLICATE KEY UPDATE serotipo_invitro = 'O4'; 
INSERT INTO secuencia(secuencia_id, aislado_id, complejo_clonal) VALUES ('564', '564', 'nan') ON DUPLICATE KEY UPDATE complejo_clonal = 'nan'; 
INSERT INTO metadata_general(aislado_id, aislado_nombre) VALUES ('565', 'CAN01-033') ON DUPLICATE KEY UPDATE aislado_nombre = 'CAN01-033'; 
INSERT INTO fenotipo(fenotipo_id, aislado_id, serotipo_invitro) VALUES ('426', '565', 'No aglutina') ON DUPLICATE KEY UPDATE serotipo_invitro = 'No aglutina'; 
INSERT INTO secuencia(secuencia_id, aislado_id, complejo_clonal) VALUES ('565', '565', 'nan') ON DUPLICATE KEY UPDATE complejo_clonal = 'nan'; 
INSERT INTO metadata_general(aislado_id, aislado_nombre) VALUES ('566', 'CAN01-002') ON DUPLICATE KEY UPDATE aislado_nombre = 'CAN01-002'; 
INSERT INTO fenotipo(fenotipo_id, aislado_id, serotipo_invitro) VALUES ('427', '566', 'O1') ON DUPLICATE KEY UPDATE serotipo_invitro = 'O1'; 
INSERT INTO secuencia(secuencia_id, aislado_id, complejo_clonal) VALUES ('566', '566', 'nan') ON DUPLICATE KEY UPDATE complejo_clonal = 'nan'; 
INSERT INTO metadata_general(aislado_id, aislado_nombre) VALUES ('567', 'CAN01-010') ON DUPLICATE KEY UPDATE aislado_nombre = 'CAN01-010'; 
INSERT INTO fenotipo(fenotipo_id, aislado_id, serotipo_invitro) VALUES ('428', '567', 'O1') ON DUPLICATE KEY UPDATE serotipo_invitro = 'O1'; 
INSERT INTO secuencia(secuencia_id, aislado_id, complejo_clonal) VALUES ('567', '567', 'nan') ON DUPLICATE KEY UPDATE complejo_clonal = 'nan'; 
INSERT INTO metadata_general(aislado_id, aislado_nombre) VALUES ('568', 'CAN01-014') ON DUPLICATE KEY UPDATE aislado_nombre = 'CAN01-014'; 
INSERT INTO fenotipo(fenotipo_id, aislado_id, serotipo_invitro) VALUES ('429', '568', 'O1') ON DUPLICATE KEY UPDATE serotipo_invitro = 'O1'; 
INSERT INTO secuencia(secuencia_id, aislado_id, complejo_clonal) VALUES ('568', '568', 'nan') ON DUPLICATE KEY UPDATE complejo_clonal = 'nan'; 
INSERT INTO metadata_general(aislado_id, aislado_nombre) VALUES ('569', 'CAN01-015') ON DUPLICATE KEY UPDATE aislado_nombre = 'CAN01-015'; 
INSERT INTO fenotipo(fenotipo_id, aislado_id, serotipo_invitro) VALUES ('430', '569', 'O1+O2') ON DUPLICATE KEY UPDATE serotipo_invitro = 'O1+O2'; 
INSERT INTO secuencia(secuencia_id, aislado_id, complejo_clonal) VALUES ('569', '569', 'nan') ON DUPLICATE KEY UPDATE complejo_clonal = 'nan'; 
INSERT INTO metadata_general(aislado_id, aislado_nombre) VALUES ('570', 'CAN01-016') ON DUPLICATE KEY UPDATE aislado_nombre = 'CAN01-016'; 
INSERT INTO fenotipo(fenotipo_id, aislado_id, serotipo_invitro) VALUES ('431', '570', 'O10') ON DUPLICATE KEY UPDATE serotipo_invitro = 'O10'; 
INSERT INTO secuencia(secuencia_id, aislado_id, complejo_clonal) VALUES ('570', '570', 'nan') ON DUPLICATE KEY UPDATE complejo_clonal = 'nan'; 
INSERT INTO metadata_general(aislado_id, aislado_nombre) VALUES ('571', 'CAN01-032') ON DUPLICATE KEY UPDATE aislado_nombre = 'CAN01-032'; 
INSERT INTO fenotipo(fenotipo_id, aislado_id, serotipo_invitro) VALUES ('432', '571', 'O10') ON DUPLICATE KEY UPDATE serotipo_invitro = 'O10'; 
INSERT INTO secuencia(secuencia_id, aislado_id, complejo_clonal) VALUES ('571', '571', 'nan') ON DUPLICATE KEY UPDATE complejo_clonal = 'nan'; 
INSERT INTO metadata_general(aislado_id, aislado_nombre) VALUES ('572', 'CAN01-029') ON DUPLICATE KEY UPDATE aislado_nombre = 'CAN01-029'; 
INSERT INTO fenotipo(fenotipo_id, aislado_id, serotipo_invitro) VALUES ('433', '572', 'O2') ON DUPLICATE KEY UPDATE serotipo_invitro = 'O2'; 
INSERT INTO secuencia(secuencia_id, aislado_id, complejo_clonal) VALUES ('572', '572', 'nan') ON DUPLICATE KEY UPDATE complejo_clonal = 'nan'; 
INSERT INTO metadata_general(aislado_id, aislado_nombre) VALUES ('573', 'CAN01-031') ON DUPLICATE KEY UPDATE aislado_nombre = 'CAN01-031'; 
INSERT INTO fenotipo(fenotipo_id, aislado_id, serotipo_invitro) VALUES ('434', '573', 'O2') ON DUPLICATE KEY UPDATE serotipo_invitro = 'O2'; 
INSERT INTO secuencia(secuencia_id, aislado_id, complejo_clonal) VALUES ('573', '573', 'nan') ON DUPLICATE KEY UPDATE complejo_clonal = 'nan'; 
INSERT INTO metadata_general(aislado_id, aislado_nombre) VALUES ('574', 'CAN01-007') ON DUPLICATE KEY UPDATE aislado_nombre = 'CAN01-007'; 
INSERT INTO fenotipo(fenotipo_id, aislado_id, serotipo_invitro) VALUES ('435', '574', 'O3') ON DUPLICATE KEY UPDATE serotipo_invitro = 'O3'; 
INSERT INTO secuencia(secuencia_id, aislado_id, complejo_clonal) VALUES ('574', '574', 'nan') ON DUPLICATE KEY UPDATE complejo_clonal = 'nan'; 
INSERT INTO metadata_general(aislado_id, aislado_nombre) VALUES ('575', 'CAN01-009') ON DUPLICATE KEY UPDATE aislado_nombre = 'CAN01-009'; 
INSERT INTO fenotipo(fenotipo_id, aislado_id, serotipo_invitro) VALUES ('436', '575', 'O5') ON DUPLICATE KEY UPDATE serotipo_invitro = 'O5'; 
INSERT INTO secuencia(secuencia_id, aislado_id, complejo_clonal) VALUES ('575', '575', 'nan') ON DUPLICATE KEY UPDATE complejo_clonal = 'nan'; 
INSERT INTO metadata_general(aislado_id, aislado_nombre) VALUES ('576', 'CAN01-013') ON DUPLICATE KEY UPDATE aislado_nombre = 'CAN01-013'; 
INSERT INTO fenotipo(fenotipo_id, aislado_id, serotipo_invitro) VALUES ('437', '576', 'O5') ON DUPLICATE KEY UPDATE serotipo_invitro = 'O5'; 
INSERT INTO secuencia(secuencia_id, aislado_id, complejo_clonal) VALUES ('576', '576', 'nan') ON DUPLICATE KEY UPDATE complejo_clonal = 'nan'; 
INSERT INTO metadata_general(aislado_id, aislado_nombre) VALUES ('577', 'CAN01-001') ON DUPLICATE KEY UPDATE aislado_nombre = 'CAN01-001'; 
INSERT INTO fenotipo(fenotipo_id, aislado_id, serotipo_invitro) VALUES ('438', '577', 'O6') ON DUPLICATE KEY UPDATE serotipo_invitro = 'O6'; 
INSERT INTO secuencia(secuencia_id, aislado_id, complejo_clonal) VALUES ('577', '577', 'nan') ON DUPLICATE KEY UPDATE complejo_clonal = 'nan'; 
INSERT INTO metadata_general(aislado_id, aislado_nombre) VALUES ('578', 'CAN01-006') ON DUPLICATE KEY UPDATE aislado_nombre = 'CAN01-006'; 
INSERT INTO fenotipo(fenotipo_id, aislado_id, serotipo_invitro) VALUES ('439', '578', 'O6') ON DUPLICATE KEY UPDATE serotipo_invitro = 'O6'; 
INSERT INTO secuencia(secuencia_id, aislado_id, complejo_clonal) VALUES ('578', '578', 'nan') ON DUPLICATE KEY UPDATE complejo_clonal = 'nan'; 
INSERT INTO metadata_general(aislado_id, aislado_nombre) VALUES ('579', 'CAN01-040') ON DUPLICATE KEY UPDATE aislado_nombre = 'CAN01-040'; 
INSERT INTO fenotipo(fenotipo_id, aislado_id, serotipo_invitro) VALUES ('440', '579', 'O6') ON DUPLICATE KEY UPDATE serotipo_invitro = 'O6'; 
INSERT INTO secuencia(secuencia_id, aislado_id, complejo_clonal) VALUES ('579', '579', 'nan') ON DUPLICATE KEY UPDATE complejo_clonal = 'nan'; 
INSERT INTO metadata_general(aislado_id, aislado_nombre) VALUES ('50', 'CAN01-025') ON DUPLICATE KEY UPDATE aislado_nombre = 'CAN01-025'; 
INSERT INTO fenotipo(fenotipo_id, aislado_id, serotipo_invitro) VALUES ('441', '50', 'O1') ON DUPLICATE KEY UPDATE serotipo_invitro = 'O1'; 
INSERT INTO secuencia(secuencia_id, aislado_id, complejo_clonal) VALUES ('50', '50', 'ST-1149') ON DUPLICATE KEY UPDATE complejo_clonal = 'ST-1149'; 
INSERT INTO metadata_general(aislado_id, aislado_nombre) VALUES ('52', 'CAN01-028') ON DUPLICATE KEY UPDATE aislado_nombre = 'CAN01-028'; 
INSERT INTO fenotipo(fenotipo_id, aislado_id, serotipo_invitro) VALUES ('442', '52', 'O10') ON DUPLICATE KEY UPDATE serotipo_invitro = 'O10'; 
INSERT INTO secuencia(secuencia_id, aislado_id, complejo_clonal) VALUES ('52', '52', 'ST-253') ON DUPLICATE KEY UPDATE complejo_clonal = 'ST-253'; 
INSERT INTO metadata_general(aislado_id, aislado_nombre) VALUES ('55', 'CAN01-039') ON DUPLICATE KEY UPDATE aislado_nombre = 'CAN01-039'; 
INSERT INTO fenotipo(fenotipo_id, aislado_id, serotipo_invitro) VALUES ('443', '55', 'O11') ON DUPLICATE KEY UPDATE serotipo_invitro = 'O11'; 
INSERT INTO secuencia(secuencia_id, aislado_id, complejo_clonal) VALUES ('55', '55', 'ST-308') ON DUPLICATE KEY UPDATE complejo_clonal = 'ST-308'; 
INSERT INTO metadata_general(aislado_id, aislado_nombre) VALUES ('47', 'CAN01-003') ON DUPLICATE KEY UPDATE aislado_nombre = 'CAN01-003'; 
INSERT INTO fenotipo(fenotipo_id, aislado_id, serotipo_invitro) VALUES ('444', '47', 'O12') ON DUPLICATE KEY UPDATE serotipo_invitro = 'O12'; 
INSERT INTO secuencia(secuencia_id, aislado_id, complejo_clonal) VALUES ('47', '47', 'ST-111') ON DUPLICATE KEY UPDATE complejo_clonal = 'ST-111'; 
INSERT INTO metadata_general(aislado_id, aislado_nombre) VALUES ('49', 'CAN01-017') ON DUPLICATE KEY UPDATE aislado_nombre = 'CAN01-017'; 
INSERT INTO fenotipo(fenotipo_id, aislado_id, serotipo_invitro) VALUES ('445', '49', 'O16') ON DUPLICATE KEY UPDATE serotipo_invitro = 'O16'; 
INSERT INTO secuencia(secuencia_id, aislado_id, complejo_clonal) VALUES ('49', '49', 'ST-245') ON DUPLICATE KEY UPDATE complejo_clonal = 'ST-245'; 
INSERT INTO metadata_general(aislado_id, aislado_nombre) VALUES ('53', 'CAN01-037') ON DUPLICATE KEY UPDATE aislado_nombre = 'CAN01-037'; 
INSERT INTO fenotipo(fenotipo_id, aislado_id, serotipo_invitro) VALUES ('446', '53', 'No Aglutina') ON DUPLICATE KEY UPDATE serotipo_invitro = 'No Aglutina'; 
INSERT INTO secuencia(secuencia_id, aislado_id, complejo_clonal) VALUES ('53', '53', 'ST-3134') ON DUPLICATE KEY UPDATE complejo_clonal = 'ST-3134'; 
INSERT INTO metadata_general(aislado_id, aislado_nombre) VALUES ('54', 'CAN01-038') ON DUPLICATE KEY UPDATE aislado_nombre = 'CAN01-038'; 
INSERT INTO fenotipo(fenotipo_id, aislado_id, serotipo_invitro) VALUES ('447', '54', 'O3') ON DUPLICATE KEY UPDATE serotipo_invitro = 'O3'; 
INSERT INTO secuencia(secuencia_id, aislado_id, complejo_clonal) VALUES ('54', '54', 'ST-274') ON DUPLICATE KEY UPDATE complejo_clonal = 'ST-274'; 
INSERT INTO metadata_general(aislado_id, aislado_nombre) VALUES ('48', 'CAN01-004') ON DUPLICATE KEY UPDATE aislado_nombre = 'CAN01-004'; 
INSERT INTO fenotipo(fenotipo_id, aislado_id, serotipo_invitro) VALUES ('448', '48', 'O4') ON DUPLICATE KEY UPDATE serotipo_invitro = 'O4'; 
INSERT INTO secuencia(secuencia_id, aislado_id, complejo_clonal) VALUES ('48', '48', 'ST-175') ON DUPLICATE KEY UPDATE complejo_clonal = 'ST-175'; 
INSERT INTO metadata_general(aislado_id, aislado_nombre) VALUES ('580', 'CAN01-021') ON DUPLICATE KEY UPDATE aislado_nombre = 'CAN01-021'; 
INSERT INTO fenotipo(fenotipo_id, aislado_id, serotipo_invitro) VALUES ('449', '580', 'O4') ON DUPLICATE KEY UPDATE serotipo_invitro = 'O4'; 
INSERT INTO secuencia(secuencia_id, aislado_id, complejo_clonal) VALUES ('580', '580', 'ST-175') ON DUPLICATE KEY UPDATE complejo_clonal = 'ST-175'; 
INSERT INTO metadata_general(aislado_id, aislado_nombre) VALUES ('581', 'CAN01-027') ON DUPLICATE KEY UPDATE aislado_nombre = 'CAN01-027'; 
INSERT INTO fenotipo(fenotipo_id, aislado_id, serotipo_invitro) VALUES ('450', '581', 'O4') ON DUPLICATE KEY UPDATE serotipo_invitro = 'O4'; 
INSERT INTO secuencia(secuencia_id, aislado_id, complejo_clonal) VALUES ('581', '581', 'ST-175') ON DUPLICATE KEY UPDATE complejo_clonal = 'ST-175'; 
INSERT INTO metadata_general(aislado_id, aislado_nombre) VALUES ('51', 'CAN01-026') ON DUPLICATE KEY UPDATE aislado_nombre = 'CAN01-026'; 
INSERT INTO fenotipo(fenotipo_id, aislado_id, serotipo_invitro) VALUES ('451', '51', 'O6') ON DUPLICATE KEY UPDATE serotipo_invitro = 'O6'; 
INSERT INTO secuencia(secuencia_id, aislado_id, complejo_clonal) VALUES ('51', '51', 'ST-2136') ON DUPLICATE KEY UPDATE complejo_clonal = 'ST-2136'; 
INSERT INTO metadata_general(aislado_id, aislado_nombre) VALUES ('582', 'CAT01-010') ON DUPLICATE KEY UPDATE aislado_nombre = 'CAT01-010'; 
INSERT INTO fenotipo(fenotipo_id, aislado_id, serotipo_invitro) VALUES ('452', '582', 'O12') ON DUPLICATE KEY UPDATE serotipo_invitro = 'O12'; 
INSERT INTO secuencia(secuencia_id, aislado_id, complejo_clonal) VALUES ('582', '582', 'nan') ON DUPLICATE KEY UPDATE complejo_clonal = 'nan'; 
INSERT INTO metadata_general(aislado_id, aislado_nombre) VALUES ('583', 'CAT01-030') ON DUPLICATE KEY UPDATE aislado_nombre = 'CAT01-030'; 
INSERT INTO fenotipo(fenotipo_id, aislado_id, serotipo_invitro) VALUES ('453', '583', 'O3') ON DUPLICATE KEY UPDATE serotipo_invitro = 'O3'; 
INSERT INTO secuencia(secuencia_id, aislado_id, complejo_clonal) VALUES ('583', '583', 'nan') ON DUPLICATE KEY UPDATE complejo_clonal = 'nan'; 
INSERT INTO metadata_general(aislado_id, aislado_nombre) VALUES ('584', 'CAT01-021') ON DUPLICATE KEY UPDATE aislado_nombre = 'CAT01-021'; 
INSERT INTO fenotipo(fenotipo_id, aislado_id, serotipo_invitro) VALUES ('454', '584', 'O7') ON DUPLICATE KEY UPDATE serotipo_invitro = 'O7'; 
INSERT INTO secuencia(secuencia_id, aislado_id, complejo_clonal) VALUES ('584', '584', 'nan') ON DUPLICATE KEY UPDATE complejo_clonal = 'nan'; 
INSERT INTO metadata_general(aislado_id, aislado_nombre) VALUES ('585', 'CAT01-036') ON DUPLICATE KEY UPDATE aislado_nombre = 'CAT01-036'; 
INSERT INTO fenotipo(fenotipo_id, aislado_id, serotipo_invitro) VALUES ('455', '585', 'No Aglutina') ON DUPLICATE KEY UPDATE serotipo_invitro = 'No Aglutina'; 
INSERT INTO secuencia(secuencia_id, aislado_id, complejo_clonal) VALUES ('585', '585', 'nan') ON DUPLICATE KEY UPDATE complejo_clonal = 'nan'; 
INSERT INTO metadata_general(aislado_id, aislado_nombre) VALUES ('586', 'CAT01-037') ON DUPLICATE KEY UPDATE aislado_nombre = 'CAT01-037'; 
INSERT INTO fenotipo(fenotipo_id, aislado_id, serotipo_invitro) VALUES ('456', '586', 'No Aglutina') ON DUPLICATE KEY UPDATE serotipo_invitro = 'No Aglutina'; 
INSERT INTO secuencia(secuencia_id, aislado_id, complejo_clonal) VALUES ('586', '586', 'nan') ON DUPLICATE KEY UPDATE complejo_clonal = 'nan'; 
INSERT INTO metadata_general(aislado_id, aislado_nombre) VALUES ('587', 'CAT01-022') ON DUPLICATE KEY UPDATE aislado_nombre = 'CAT01-022'; 
INSERT INTO fenotipo(fenotipo_id, aislado_id, serotipo_invitro) VALUES ('457', '587', 'O1') ON DUPLICATE KEY UPDATE serotipo_invitro = 'O1'; 
INSERT INTO secuencia(secuencia_id, aislado_id, complejo_clonal) VALUES ('587', '587', 'nan') ON DUPLICATE KEY UPDATE complejo_clonal = 'nan'; 
INSERT INTO metadata_general(aislado_id, aislado_nombre) VALUES ('588', 'CAT01-023') ON DUPLICATE KEY UPDATE aislado_nombre = 'CAT01-023'; 
INSERT INTO fenotipo(fenotipo_id, aislado_id, serotipo_invitro) VALUES ('458', '588', 'O1') ON DUPLICATE KEY UPDATE serotipo_invitro = 'O1'; 
INSERT INTO secuencia(secuencia_id, aislado_id, complejo_clonal) VALUES ('588', '588', 'nan') ON DUPLICATE KEY UPDATE complejo_clonal = 'nan'; 
INSERT INTO metadata_general(aislado_id, aislado_nombre) VALUES ('589', 'CAT01-033') ON DUPLICATE KEY UPDATE aislado_nombre = 'CAT01-033'; 
INSERT INTO fenotipo(fenotipo_id, aislado_id, serotipo_invitro) VALUES ('459', '589', 'O1') ON DUPLICATE KEY UPDATE serotipo_invitro = 'O1'; 
INSERT INTO secuencia(secuencia_id, aislado_id, complejo_clonal) VALUES ('589', '589', 'nan') ON DUPLICATE KEY UPDATE complejo_clonal = 'nan'; 
INSERT INTO metadata_general(aislado_id, aislado_nombre) VALUES ('590', 'CAT01-011') ON DUPLICATE KEY UPDATE aislado_nombre = 'CAT01-011'; 
INSERT INTO fenotipo(fenotipo_id, aislado_id, serotipo_invitro) VALUES ('460', '590', 'O11') ON DUPLICATE KEY UPDATE serotipo_invitro = 'O11'; 
INSERT INTO secuencia(secuencia_id, aislado_id, complejo_clonal) VALUES ('590', '590', 'nan') ON DUPLICATE KEY UPDATE complejo_clonal = 'nan'; 
INSERT INTO metadata_general(aislado_id, aislado_nombre) VALUES ('591', 'CAT01-014') ON DUPLICATE KEY UPDATE aislado_nombre = 'CAT01-014'; 
INSERT INTO fenotipo(fenotipo_id, aislado_id, serotipo_invitro) VALUES ('461', '591', 'O11') ON DUPLICATE KEY UPDATE serotipo_invitro = 'O11'; 
INSERT INTO secuencia(secuencia_id, aislado_id, complejo_clonal) VALUES ('591', '591', 'nan') ON DUPLICATE KEY UPDATE complejo_clonal = 'nan'; 
INSERT INTO metadata_general(aislado_id, aislado_nombre) VALUES ('592', 'CAT01-025') ON DUPLICATE KEY UPDATE aislado_nombre = 'CAT01-025'; 
INSERT INTO fenotipo(fenotipo_id, aislado_id, serotipo_invitro) VALUES ('462', '592', 'O11') ON DUPLICATE KEY UPDATE serotipo_invitro = 'O11'; 
INSERT INTO secuencia(secuencia_id, aislado_id, complejo_clonal) VALUES ('592', '592', 'nan') ON DUPLICATE KEY UPDATE complejo_clonal = 'nan'; 
INSERT INTO metadata_general(aislado_id, aislado_nombre) VALUES ('593', 'CAT01-032') ON DUPLICATE KEY UPDATE aislado_nombre = 'CAT01-032'; 
INSERT INTO fenotipo(fenotipo_id, aislado_id, serotipo_invitro) VALUES ('463', '593', 'O11') ON DUPLICATE KEY UPDATE serotipo_invitro = 'O11'; 
INSERT INTO secuencia(secuencia_id, aislado_id, complejo_clonal) VALUES ('593', '593', 'nan') ON DUPLICATE KEY UPDATE complejo_clonal = 'nan'; 
INSERT INTO metadata_general(aislado_id, aislado_nombre) VALUES ('594', 'CAT01-035') ON DUPLICATE KEY UPDATE aislado_nombre = 'CAT01-035'; 
INSERT INTO fenotipo(fenotipo_id, aislado_id, serotipo_invitro) VALUES ('464', '594', 'O11') ON DUPLICATE KEY UPDATE serotipo_invitro = 'O11'; 
INSERT INTO secuencia(secuencia_id, aislado_id, complejo_clonal) VALUES ('594', '594', 'nan') ON DUPLICATE KEY UPDATE complejo_clonal = 'nan'; 
INSERT INTO metadata_general(aislado_id, aislado_nombre) VALUES ('595', 'CAT01-031') ON DUPLICATE KEY UPDATE aislado_nombre = 'CAT01-031'; 
INSERT INTO fenotipo(fenotipo_id, aislado_id, serotipo_invitro) VALUES ('465', '595', 'O13') ON DUPLICATE KEY UPDATE serotipo_invitro = 'O13'; 
INSERT INTO secuencia(secuencia_id, aislado_id, complejo_clonal) VALUES ('595', '595', 'nan') ON DUPLICATE KEY UPDATE complejo_clonal = 'nan'; 
INSERT INTO metadata_general(aislado_id, aislado_nombre) VALUES ('596', 'CAT01-005') ON DUPLICATE KEY UPDATE aislado_nombre = 'CAT01-005'; 
INSERT INTO fenotipo(fenotipo_id, aislado_id, serotipo_invitro) VALUES ('466', '596', 'O3') ON DUPLICATE KEY UPDATE serotipo_invitro = 'O3'; 
INSERT INTO secuencia(secuencia_id, aislado_id, complejo_clonal) VALUES ('596', '596', 'nan') ON DUPLICATE KEY UPDATE complejo_clonal = 'nan'; 
INSERT INTO metadata_general(aislado_id, aislado_nombre) VALUES ('597', 'CAT01-009') ON DUPLICATE KEY UPDATE aislado_nombre = 'CAT01-009'; 
INSERT INTO fenotipo(fenotipo_id, aislado_id, serotipo_invitro) VALUES ('467', '597', 'O3') ON DUPLICATE KEY UPDATE serotipo_invitro = 'O3'; 
INSERT INTO secuencia(secuencia_id, aislado_id, complejo_clonal) VALUES ('597', '597', 'nan') ON DUPLICATE KEY UPDATE complejo_clonal = 'nan'; 
INSERT INTO metadata_general(aislado_id, aislado_nombre) VALUES ('598', 'CAT01-013') ON DUPLICATE KEY UPDATE aislado_nombre = 'CAT01-013'; 
INSERT INTO fenotipo(fenotipo_id, aislado_id, serotipo_invitro) VALUES ('468', '598', 'O3') ON DUPLICATE KEY UPDATE serotipo_invitro = 'O3'; 
INSERT INTO secuencia(secuencia_id, aislado_id, complejo_clonal) VALUES ('598', '598', 'nan') ON DUPLICATE KEY UPDATE complejo_clonal = 'nan'; 
INSERT INTO metadata_general(aislado_id, aislado_nombre) VALUES ('599', 'CAT01-019') ON DUPLICATE KEY UPDATE aislado_nombre = 'CAT01-019'; 
INSERT INTO fenotipo(fenotipo_id, aislado_id, serotipo_invitro) VALUES ('469', '599', 'O5') ON DUPLICATE KEY UPDATE serotipo_invitro = 'O5'; 
INSERT INTO secuencia(secuencia_id, aislado_id, complejo_clonal) VALUES ('599', '599', 'nan') ON DUPLICATE KEY UPDATE complejo_clonal = 'nan'; 
INSERT INTO metadata_general(aislado_id, aislado_nombre) VALUES ('600', 'CAT01-004') ON DUPLICATE KEY UPDATE aislado_nombre = 'CAT01-004'; 
INSERT INTO fenotipo(fenotipo_id, aislado_id, serotipo_invitro) VALUES ('470', '600', 'O6') ON DUPLICATE KEY UPDATE serotipo_invitro = 'O6'; 
INSERT INTO secuencia(secuencia_id, aislado_id, complejo_clonal) VALUES ('600', '600', 'nan') ON DUPLICATE KEY UPDATE complejo_clonal = 'nan'; 
INSERT INTO metadata_general(aislado_id, aislado_nombre) VALUES ('601', 'CAT01-008') ON DUPLICATE KEY UPDATE aislado_nombre = 'CAT01-008'; 
INSERT INTO fenotipo(fenotipo_id, aislado_id, serotipo_invitro) VALUES ('471', '601', 'O6') ON DUPLICATE KEY UPDATE serotipo_invitro = 'O6'; 
INSERT INTO secuencia(secuencia_id, aislado_id, complejo_clonal) VALUES ('601', '601', 'nan') ON DUPLICATE KEY UPDATE complejo_clonal = 'nan'; 
INSERT INTO metadata_general(aislado_id, aislado_nombre) VALUES ('602', 'CAT01-026') ON DUPLICATE KEY UPDATE aislado_nombre = 'CAT01-026'; 
INSERT INTO fenotipo(fenotipo_id, aislado_id, serotipo_invitro) VALUES ('472', '602', 'O6') ON DUPLICATE KEY UPDATE serotipo_invitro = 'O6'; 
INSERT INTO secuencia(secuencia_id, aislado_id, complejo_clonal) VALUES ('602', '602', 'nan') ON DUPLICATE KEY UPDATE complejo_clonal = 'nan'; 
INSERT INTO metadata_general(aislado_id, aislado_nombre) VALUES ('603', 'CAT01-038') ON DUPLICATE KEY UPDATE aislado_nombre = 'CAT01-038'; 
INSERT INTO fenotipo(fenotipo_id, aislado_id, serotipo_invitro) VALUES ('473', '603', 'O6') ON DUPLICATE KEY UPDATE serotipo_invitro = 'O6'; 
INSERT INTO secuencia(secuencia_id, aislado_id, complejo_clonal) VALUES ('603', '603', 'nan') ON DUPLICATE KEY UPDATE complejo_clonal = 'nan'; 
INSERT INTO metadata_general(aislado_id, aislado_nombre) VALUES ('604', 'CAT01-003') ON DUPLICATE KEY UPDATE aislado_nombre = 'CAT01-003'; 
INSERT INTO fenotipo(fenotipo_id, aislado_id, serotipo_invitro) VALUES ('474', '604', 'O7') ON DUPLICATE KEY UPDATE serotipo_invitro = 'O7'; 
INSERT INTO secuencia(secuencia_id, aislado_id, complejo_clonal) VALUES ('604', '604', 'nan') ON DUPLICATE KEY UPDATE complejo_clonal = 'nan'; 
INSERT INTO metadata_general(aislado_id, aislado_nombre) VALUES ('605', 'CAT01-027') ON DUPLICATE KEY UPDATE aislado_nombre = 'CAT01-027'; 
INSERT INTO fenotipo(fenotipo_id, aislado_id, serotipo_invitro) VALUES ('475', '605', 'O7') ON DUPLICATE KEY UPDATE serotipo_invitro = 'O7'; 
INSERT INTO secuencia(secuencia_id, aislado_id, complejo_clonal) VALUES ('605', '605', 'nan') ON DUPLICATE KEY UPDATE complejo_clonal = 'nan'; 
INSERT INTO metadata_general(aislado_id, aislado_nombre) VALUES ('606', 'CAT01-007') ON DUPLICATE KEY UPDATE aislado_nombre = 'CAT01-007'; 
INSERT INTO fenotipo(fenotipo_id, aislado_id, serotipo_invitro) VALUES ('476', '606', 'O8') ON DUPLICATE KEY UPDATE serotipo_invitro = 'O8'; 
INSERT INTO secuencia(secuencia_id, aislado_id, complejo_clonal) VALUES ('606', '606', 'nan') ON DUPLICATE KEY UPDATE complejo_clonal = 'nan'; 
INSERT INTO metadata_general(aislado_id, aislado_nombre) VALUES ('56', 'CAT01-001') ON DUPLICATE KEY UPDATE aislado_nombre = 'CAT01-001'; 
INSERT INTO fenotipo(fenotipo_id, aislado_id, serotipo_invitro) VALUES ('477', '56', 'No aglutina (O1* dbil)') ON DUPLICATE KEY UPDATE serotipo_invitro = 'No aglutina (O1* dbil)'; 
INSERT INTO secuencia(secuencia_id, aislado_id, complejo_clonal) VALUES ('56', '56', 'ST-3149') ON DUPLICATE KEY UPDATE complejo_clonal = 'ST-3149'; 
INSERT INTO metadata_general(aislado_id, aislado_nombre) VALUES ('57', 'CAT01-015') ON DUPLICATE KEY UPDATE aislado_nombre = 'CAT01-015'; 
INSERT INTO fenotipo(fenotipo_id, aislado_id, serotipo_invitro) VALUES ('478', '57', 'O4') ON DUPLICATE KEY UPDATE serotipo_invitro = 'O4'; 
INSERT INTO secuencia(secuencia_id, aislado_id, complejo_clonal) VALUES ('57', '57', 'ST-175') ON DUPLICATE KEY UPDATE complejo_clonal = 'ST-175'; 
INSERT INTO metadata_general(aislado_id, aislado_nombre) VALUES ('607', 'CAT01-017') ON DUPLICATE KEY UPDATE aislado_nombre = 'CAT01-017'; 
INSERT INTO fenotipo(fenotipo_id, aislado_id, serotipo_invitro) VALUES ('479', '607', 'O4') ON DUPLICATE KEY UPDATE serotipo_invitro = 'O4'; 
INSERT INTO secuencia(secuencia_id, aislado_id, complejo_clonal) VALUES ('607', '607', 'ST-175') ON DUPLICATE KEY UPDATE complejo_clonal = 'ST-175'; 
INSERT INTO metadata_general(aislado_id, aislado_nombre) VALUES ('608', 'CAT01-029') ON DUPLICATE KEY UPDATE aislado_nombre = 'CAT01-029'; 
INSERT INTO fenotipo(fenotipo_id, aislado_id, serotipo_invitro) VALUES ('480', '608', 'O4') ON DUPLICATE KEY UPDATE serotipo_invitro = 'O4'; 
INSERT INTO secuencia(secuencia_id, aislado_id, complejo_clonal) VALUES ('608', '608', 'ST-175') ON DUPLICATE KEY UPDATE complejo_clonal = 'ST-175'; 
INSERT INTO metadata_general(aislado_id, aislado_nombre) VALUES ('609', 'CAT01-034') ON DUPLICATE KEY UPDATE aislado_nombre = 'CAT01-034'; 
INSERT INTO fenotipo(fenotipo_id, aislado_id, serotipo_invitro) VALUES ('481', '609', 'O4') ON DUPLICATE KEY UPDATE serotipo_invitro = 'O4'; 
INSERT INTO secuencia(secuencia_id, aislado_id, complejo_clonal) VALUES ('609', '609', 'ST-175') ON DUPLICATE KEY UPDATE complejo_clonal = 'ST-175'; 
INSERT INTO metadata_general(aislado_id, aislado_nombre) VALUES ('610', 'CAT02-009') ON DUPLICATE KEY UPDATE aislado_nombre = 'CAT02-009'; 
INSERT INTO fenotipo(fenotipo_id, aislado_id, serotipo_invitro) VALUES ('482', '610', 'No Aglutina') ON DUPLICATE KEY UPDATE serotipo_invitro = 'No Aglutina'; 
INSERT INTO secuencia(secuencia_id, aislado_id, complejo_clonal) VALUES ('610', '610', 'nan') ON DUPLICATE KEY UPDATE complejo_clonal = 'nan'; 
INSERT INTO metadata_general(aislado_id, aislado_nombre) VALUES ('611', 'CAT02-011') ON DUPLICATE KEY UPDATE aislado_nombre = 'CAT02-011'; 
INSERT INTO fenotipo(fenotipo_id, aislado_id, serotipo_invitro) VALUES ('483', '611', 'O12') ON DUPLICATE KEY UPDATE serotipo_invitro = 'O12'; 
INSERT INTO secuencia(secuencia_id, aislado_id, complejo_clonal) VALUES ('611', '611', 'nan') ON DUPLICATE KEY UPDATE complejo_clonal = 'nan'; 
INSERT INTO metadata_general(aislado_id, aislado_nombre) VALUES ('612', 'CAT02-004') ON DUPLICATE KEY UPDATE aislado_nombre = 'CAT02-004'; 
INSERT INTO fenotipo(fenotipo_id, aislado_id, serotipo_invitro) VALUES ('484', '612', 'O16') ON DUPLICATE KEY UPDATE serotipo_invitro = 'O16'; 
INSERT INTO secuencia(secuencia_id, aislado_id, complejo_clonal) VALUES ('612', '612', 'nan') ON DUPLICATE KEY UPDATE complejo_clonal = 'nan'; 
INSERT INTO metadata_general(aislado_id, aislado_nombre) VALUES ('613', 'CAT02-013') ON DUPLICATE KEY UPDATE aislado_nombre = 'CAT02-013'; 
INSERT INTO fenotipo(fenotipo_id, aislado_id, serotipo_invitro) VALUES ('485', '613', 'O5+O7') ON DUPLICATE KEY UPDATE serotipo_invitro = 'O5+O7'; 
INSERT INTO secuencia(secuencia_id, aislado_id, complejo_clonal) VALUES ('613', '613', 'nan') ON DUPLICATE KEY UPDATE complejo_clonal = 'nan'; 
INSERT INTO metadata_general(aislado_id, aislado_nombre) VALUES ('614', 'CAT02-030') ON DUPLICATE KEY UPDATE aislado_nombre = 'CAT02-030'; 
INSERT INTO fenotipo(fenotipo_id, aislado_id, serotipo_invitro) VALUES ('486', '614', 'O6') ON DUPLICATE KEY UPDATE serotipo_invitro = 'O6'; 
INSERT INTO secuencia(secuencia_id, aislado_id, complejo_clonal) VALUES ('614', '614', 'nan') ON DUPLICATE KEY UPDATE complejo_clonal = 'nan'; 
INSERT INTO metadata_general(aislado_id, aislado_nombre) VALUES ('615', 'CAT02-005') ON DUPLICATE KEY UPDATE aislado_nombre = 'CAT02-005'; 
INSERT INTO fenotipo(fenotipo_id, aislado_id, serotipo_invitro) VALUES ('487', '615', 'No Aglutina') ON DUPLICATE KEY UPDATE serotipo_invitro = 'No Aglutina'; 
INSERT INTO secuencia(secuencia_id, aislado_id, complejo_clonal) VALUES ('615', '615', 'nan') ON DUPLICATE KEY UPDATE complejo_clonal = 'nan'; 
INSERT INTO metadata_general(aislado_id, aislado_nombre) VALUES ('616', 'CAT02-001') ON DUPLICATE KEY UPDATE aislado_nombre = 'CAT02-001'; 
INSERT INTO fenotipo(fenotipo_id, aislado_id, serotipo_invitro) VALUES ('488', '616', 'O1') ON DUPLICATE KEY UPDATE serotipo_invitro = 'O1'; 
INSERT INTO secuencia(secuencia_id, aislado_id, complejo_clonal) VALUES ('616', '616', 'nan') ON DUPLICATE KEY UPDATE complejo_clonal = 'nan'; 
INSERT INTO metadata_general(aislado_id, aislado_nombre) VALUES ('617', 'CAT02-003') ON DUPLICATE KEY UPDATE aislado_nombre = 'CAT02-003'; 
INSERT INTO fenotipo(fenotipo_id, aislado_id, serotipo_invitro) VALUES ('489', '617', 'O1') ON DUPLICATE KEY UPDATE serotipo_invitro = 'O1'; 
INSERT INTO secuencia(secuencia_id, aislado_id, complejo_clonal) VALUES ('617', '617', 'nan') ON DUPLICATE KEY UPDATE complejo_clonal = 'nan'; 
INSERT INTO metadata_general(aislado_id, aislado_nombre) VALUES ('618', 'CAT02-008') ON DUPLICATE KEY UPDATE aislado_nombre = 'CAT02-008'; 
INSERT INTO fenotipo(fenotipo_id, aislado_id, serotipo_invitro) VALUES ('490', '618', 'O1') ON DUPLICATE KEY UPDATE serotipo_invitro = 'O1'; 
INSERT INTO secuencia(secuencia_id, aislado_id, complejo_clonal) VALUES ('618', '618', 'nan') ON DUPLICATE KEY UPDATE complejo_clonal = 'nan'; 
INSERT INTO metadata_general(aislado_id, aislado_nombre) VALUES ('619', 'CAT02-014') ON DUPLICATE KEY UPDATE aislado_nombre = 'CAT02-014'; 
INSERT INTO fenotipo(fenotipo_id, aislado_id, serotipo_invitro) VALUES ('491', '619', 'O1') ON DUPLICATE KEY UPDATE serotipo_invitro = 'O1'; 
INSERT INTO secuencia(secuencia_id, aislado_id, complejo_clonal) VALUES ('619', '619', 'nan') ON DUPLICATE KEY UPDATE complejo_clonal = 'nan'; 
INSERT INTO metadata_general(aislado_id, aislado_nombre) VALUES ('620', 'CAT02-006') ON DUPLICATE KEY UPDATE aislado_nombre = 'CAT02-006'; 
INSERT INTO fenotipo(fenotipo_id, aislado_id, serotipo_invitro) VALUES ('492', '620', 'O10') ON DUPLICATE KEY UPDATE serotipo_invitro = 'O10'; 
INSERT INTO secuencia(secuencia_id, aislado_id, complejo_clonal) VALUES ('620', '620', 'nan') ON DUPLICATE KEY UPDATE complejo_clonal = 'nan'; 
INSERT INTO metadata_general(aislado_id, aislado_nombre) VALUES ('621', 'CAT02-026') ON DUPLICATE KEY UPDATE aislado_nombre = 'CAT02-026'; 
INSERT INTO fenotipo(fenotipo_id, aislado_id, serotipo_invitro) VALUES ('493', '621', 'O10') ON DUPLICATE KEY UPDATE serotipo_invitro = 'O10'; 
INSERT INTO secuencia(secuencia_id, aislado_id, complejo_clonal) VALUES ('621', '621', 'nan') ON DUPLICATE KEY UPDATE complejo_clonal = 'nan'; 
INSERT INTO metadata_general(aislado_id, aislado_nombre) VALUES ('622', 'CAT02-016') ON DUPLICATE KEY UPDATE aislado_nombre = 'CAT02-016'; 
INSERT INTO fenotipo(fenotipo_id, aislado_id, serotipo_invitro) VALUES ('494', '622', 'O11') ON DUPLICATE KEY UPDATE serotipo_invitro = 'O11'; 
INSERT INTO secuencia(secuencia_id, aislado_id, complejo_clonal) VALUES ('622', '622', 'nan') ON DUPLICATE KEY UPDATE complejo_clonal = 'nan'; 
INSERT INTO metadata_general(aislado_id, aislado_nombre) VALUES ('623', 'CAT02-029') ON DUPLICATE KEY UPDATE aislado_nombre = 'CAT02-029'; 
INSERT INTO fenotipo(fenotipo_id, aislado_id, serotipo_invitro) VALUES ('495', '623', 'O11') ON DUPLICATE KEY UPDATE serotipo_invitro = 'O11'; 
INSERT INTO secuencia(secuencia_id, aislado_id, complejo_clonal) VALUES ('623', '623', 'nan') ON DUPLICATE KEY UPDATE complejo_clonal = 'nan'; 
INSERT INTO metadata_general(aislado_id, aislado_nombre) VALUES ('624', 'CAT02-024') ON DUPLICATE KEY UPDATE aislado_nombre = 'CAT02-024'; 
INSERT INTO fenotipo(fenotipo_id, aislado_id, serotipo_invitro) VALUES ('496', '624', 'O3') ON DUPLICATE KEY UPDATE serotipo_invitro = 'O3'; 
INSERT INTO secuencia(secuencia_id, aislado_id, complejo_clonal) VALUES ('624', '624', 'nan') ON DUPLICATE KEY UPDATE complejo_clonal = 'nan'; 
INSERT INTO metadata_general(aislado_id, aislado_nombre) VALUES ('625', 'CAT02-010') ON DUPLICATE KEY UPDATE aislado_nombre = 'CAT02-010'; 
INSERT INTO fenotipo(fenotipo_id, aislado_id, serotipo_invitro) VALUES ('497', '625', 'O4') ON DUPLICATE KEY UPDATE serotipo_invitro = 'O4'; 
INSERT INTO secuencia(secuencia_id, aislado_id, complejo_clonal) VALUES ('625', '625', 'ST-3150') ON DUPLICATE KEY UPDATE complejo_clonal = 'ST-3150'; 
INSERT INTO metadata_general(aislado_id, aislado_nombre) VALUES ('626', 'CAT02-027') ON DUPLICATE KEY UPDATE aislado_nombre = 'CAT02-027'; 
INSERT INTO fenotipo(fenotipo_id, aislado_id, serotipo_invitro) VALUES ('498', '626', 'O4') ON DUPLICATE KEY UPDATE serotipo_invitro = 'O4'; 
INSERT INTO secuencia(secuencia_id, aislado_id, complejo_clonal) VALUES ('626', '626', 'nan') ON DUPLICATE KEY UPDATE complejo_clonal = 'nan'; 
INSERT INTO metadata_general(aislado_id, aislado_nombre) VALUES ('627', 'CAT02-028') ON DUPLICATE KEY UPDATE aislado_nombre = 'CAT02-028'; 
INSERT INTO fenotipo(fenotipo_id, aislado_id, serotipo_invitro) VALUES ('499', '627', 'O4') ON DUPLICATE KEY UPDATE serotipo_invitro = 'O4'; 
INSERT INTO secuencia(secuencia_id, aislado_id, complejo_clonal) VALUES ('627', '627', 'nan') ON DUPLICATE KEY UPDATE complejo_clonal = 'nan'; 
INSERT INTO metadata_general(aislado_id, aislado_nombre) VALUES ('628', 'CAT02-019') ON DUPLICATE KEY UPDATE aislado_nombre = 'CAT02-019'; 
INSERT INTO fenotipo(fenotipo_id, aislado_id, serotipo_invitro) VALUES ('500', '628', 'O6') ON DUPLICATE KEY UPDATE serotipo_invitro = 'O6'; 
INSERT INTO secuencia(secuencia_id, aislado_id, complejo_clonal) VALUES ('628', '628', 'nan') ON DUPLICATE KEY UPDATE complejo_clonal = 'nan'; 
INSERT INTO metadata_general(aislado_id, aislado_nombre) VALUES ('629', 'CAT02-023') ON DUPLICATE KEY UPDATE aislado_nombre = 'CAT02-023'; 
INSERT INTO fenotipo(fenotipo_id, aislado_id, serotipo_invitro) VALUES ('501', '629', 'O6') ON DUPLICATE KEY UPDATE serotipo_invitro = 'O6'; 
INSERT INTO secuencia(secuencia_id, aislado_id, complejo_clonal) VALUES ('629', '629', 'nan') ON DUPLICATE KEY UPDATE complejo_clonal = 'nan'; 
INSERT INTO metadata_general(aislado_id, aislado_nombre) VALUES ('630', 'CAT02-002') ON DUPLICATE KEY UPDATE aislado_nombre = 'CAT02-002'; 
INSERT INTO fenotipo(fenotipo_id, aislado_id, serotipo_invitro) VALUES ('502', '630', 'O7') ON DUPLICATE KEY UPDATE serotipo_invitro = 'O7'; 
INSERT INTO secuencia(secuencia_id, aislado_id, complejo_clonal) VALUES ('630', '630', 'nan') ON DUPLICATE KEY UPDATE complejo_clonal = 'nan'; 
INSERT INTO metadata_general(aislado_id, aislado_nombre) VALUES ('631', 'CAT02-025') ON DUPLICATE KEY UPDATE aislado_nombre = 'CAT02-025'; 
INSERT INTO fenotipo(fenotipo_id, aislado_id, serotipo_invitro) VALUES ('503', '631', 'O7+O8') ON DUPLICATE KEY UPDATE serotipo_invitro = 'O7+O8'; 
INSERT INTO secuencia(secuencia_id, aislado_id, complejo_clonal) VALUES ('631', '631', 'nan') ON DUPLICATE KEY UPDATE complejo_clonal = 'nan'; 
INSERT INTO metadata_general(aislado_id, aislado_nombre) VALUES ('59', 'CAT02-012') ON DUPLICATE KEY UPDATE aislado_nombre = 'CAT02-012'; 
INSERT INTO fenotipo(fenotipo_id, aislado_id, serotipo_invitro) VALUES ('504', '59', 'No Aglutina') ON DUPLICATE KEY UPDATE serotipo_invitro = 'No Aglutina'; 
INSERT INTO secuencia(secuencia_id, aislado_id, complejo_clonal) VALUES ('59', '59', 'ST-235') ON DUPLICATE KEY UPDATE complejo_clonal = 'ST-235'; 
INSERT INTO metadata_general(aislado_id, aislado_nombre) VALUES ('60', 'CAT02-015') ON DUPLICATE KEY UPDATE aislado_nombre = 'CAT02-015'; 
INSERT INTO fenotipo(fenotipo_id, aislado_id, serotipo_invitro) VALUES ('505', '60', 'No Aglutina') ON DUPLICATE KEY UPDATE serotipo_invitro = 'No Aglutina'; 
INSERT INTO secuencia(secuencia_id, aislado_id, complejo_clonal) VALUES ('60', '60', 'ST-235') ON DUPLICATE KEY UPDATE complejo_clonal = 'ST-235'; 
INSERT INTO metadata_general(aislado_id, aislado_nombre) VALUES ('632', 'CAT02-017') ON DUPLICATE KEY UPDATE aislado_nombre = 'CAT02-017'; 
INSERT INTO fenotipo(fenotipo_id, aislado_id, serotipo_invitro) VALUES ('506', '632', 'O1') ON DUPLICATE KEY UPDATE serotipo_invitro = 'O1'; 
INSERT INTO secuencia(secuencia_id, aislado_id, complejo_clonal) VALUES ('632', '632', 'ST-235') ON DUPLICATE KEY UPDATE complejo_clonal = 'ST-235'; 
INSERT INTO metadata_general(aislado_id, aislado_nombre) VALUES ('633', 'CAT02-021') ON DUPLICATE KEY UPDATE aislado_nombre = 'CAT02-021'; 
INSERT INTO fenotipo(fenotipo_id, aislado_id, serotipo_invitro) VALUES ('507', '633', 'O1') ON DUPLICATE KEY UPDATE serotipo_invitro = 'O1'; 
INSERT INTO secuencia(secuencia_id, aislado_id, complejo_clonal) VALUES ('633', '633', 'ST-235') ON DUPLICATE KEY UPDATE complejo_clonal = 'ST-235'; 
INSERT INTO metadata_general(aislado_id, aislado_nombre) VALUES ('58', 'CAT02-007') ON DUPLICATE KEY UPDATE aislado_nombre = 'CAT02-007'; 
INSERT INTO fenotipo(fenotipo_id, aislado_id, serotipo_invitro) VALUES ('508', '58', 'O4') ON DUPLICATE KEY UPDATE serotipo_invitro = 'O4'; 
INSERT INTO secuencia(secuencia_id, aislado_id, complejo_clonal) VALUES ('58', '58', 'ST-175') ON DUPLICATE KEY UPDATE complejo_clonal = 'ST-175'; 
INSERT INTO metadata_general(aislado_id, aislado_nombre) VALUES ('61', 'CAT02-018') ON DUPLICATE KEY UPDATE aislado_nombre = 'CAT02-018'; 
INSERT INTO fenotipo(fenotipo_id, aislado_id, serotipo_invitro) VALUES ('509', '61', 'O11') ON DUPLICATE KEY UPDATE serotipo_invitro = 'O11'; 
INSERT INTO secuencia(secuencia_id, aislado_id, complejo_clonal) VALUES ('61', '61', 'ST-235') ON DUPLICATE KEY UPDATE complejo_clonal = 'ST-235'; 
INSERT INTO metadata_general(aislado_id, aislado_nombre) VALUES ('62', 'CAT02-020') ON DUPLICATE KEY UPDATE aislado_nombre = 'CAT02-020'; 
INSERT INTO fenotipo(fenotipo_id, aislado_id, serotipo_invitro) VALUES ('510', '62', 'O4') ON DUPLICATE KEY UPDATE serotipo_invitro = 'O4'; 
INSERT INTO secuencia(secuencia_id, aislado_id, complejo_clonal) VALUES ('62', '62', 'ST-175') ON DUPLICATE KEY UPDATE complejo_clonal = 'ST-175'; 
INSERT INTO metadata_general(aislado_id, aislado_nombre) VALUES ('634', 'CAT02-022') ON DUPLICATE KEY UPDATE aislado_nombre = 'CAT02-022'; 
INSERT INTO fenotipo(fenotipo_id, aislado_id, serotipo_invitro) VALUES ('511', '634', 'O4') ON DUPLICATE KEY UPDATE serotipo_invitro = 'O4'; 
INSERT INTO secuencia(secuencia_id, aislado_id, complejo_clonal) VALUES ('634', '634', 'ST-175') ON DUPLICATE KEY UPDATE complejo_clonal = 'ST-175'; 
INSERT INTO metadata_general(aislado_id, aislado_nombre) VALUES ('635', 'CAT03-025') ON DUPLICATE KEY UPDATE aislado_nombre = 'CAT03-025'; 
INSERT INTO fenotipo(fenotipo_id, aislado_id, serotipo_invitro) VALUES ('512', '635', 'No Aglutina') ON DUPLICATE KEY UPDATE serotipo_invitro = 'No Aglutina'; 
INSERT INTO secuencia(secuencia_id, aislado_id, complejo_clonal) VALUES ('635', '635', 'nan') ON DUPLICATE KEY UPDATE complejo_clonal = 'nan'; 
INSERT INTO metadata_general(aislado_id, aislado_nombre) VALUES ('636', 'CAT03-001') ON DUPLICATE KEY UPDATE aislado_nombre = 'CAT03-001'; 
INSERT INTO fenotipo(fenotipo_id, aislado_id, serotipo_invitro) VALUES ('513', '636', 'O1') ON DUPLICATE KEY UPDATE serotipo_invitro = 'O1'; 
INSERT INTO secuencia(secuencia_id, aislado_id, complejo_clonal) VALUES ('636', '636', 'nan') ON DUPLICATE KEY UPDATE complejo_clonal = 'nan'; 
INSERT INTO metadata_general(aislado_id, aislado_nombre) VALUES ('637', 'CAT03-007') ON DUPLICATE KEY UPDATE aislado_nombre = 'CAT03-007'; 
INSERT INTO fenotipo(fenotipo_id, aislado_id, serotipo_invitro) VALUES ('514', '637', 'O1') ON DUPLICATE KEY UPDATE serotipo_invitro = 'O1'; 
INSERT INTO secuencia(secuencia_id, aislado_id, complejo_clonal) VALUES ('637', '637', 'nan') ON DUPLICATE KEY UPDATE complejo_clonal = 'nan'; 
INSERT INTO metadata_general(aislado_id, aislado_nombre) VALUES ('638', 'CAT03-011') ON DUPLICATE KEY UPDATE aislado_nombre = 'CAT03-011'; 
INSERT INTO fenotipo(fenotipo_id, aislado_id, serotipo_invitro) VALUES ('515', '638', 'O1') ON DUPLICATE KEY UPDATE serotipo_invitro = 'O1'; 
INSERT INTO secuencia(secuencia_id, aislado_id, complejo_clonal) VALUES ('638', '638', 'nan') ON DUPLICATE KEY UPDATE complejo_clonal = 'nan'; 
INSERT INTO metadata_general(aislado_id, aislado_nombre) VALUES ('639', 'CAT03-015') ON DUPLICATE KEY UPDATE aislado_nombre = 'CAT03-015'; 
INSERT INTO fenotipo(fenotipo_id, aislado_id, serotipo_invitro) VALUES ('516', '639', 'O1') ON DUPLICATE KEY UPDATE serotipo_invitro = 'O1'; 
INSERT INTO secuencia(secuencia_id, aislado_id, complejo_clonal) VALUES ('639', '639', 'nan') ON DUPLICATE KEY UPDATE complejo_clonal = 'nan'; 
INSERT INTO metadata_general(aislado_id, aislado_nombre) VALUES ('640', 'CAT03-005') ON DUPLICATE KEY UPDATE aislado_nombre = 'CAT03-005'; 
INSERT INTO fenotipo(fenotipo_id, aislado_id, serotipo_invitro) VALUES ('517', '640', 'O10') ON DUPLICATE KEY UPDATE serotipo_invitro = 'O10'; 
INSERT INTO secuencia(secuencia_id, aislado_id, complejo_clonal) VALUES ('640', '640', 'nan') ON DUPLICATE KEY UPDATE complejo_clonal = 'nan'; 
INSERT INTO metadata_general(aislado_id, aislado_nombre) VALUES ('641', 'CAT03-006') ON DUPLICATE KEY UPDATE aislado_nombre = 'CAT03-006'; 
INSERT INTO fenotipo(fenotipo_id, aislado_id, serotipo_invitro) VALUES ('518', '641', 'O10') ON DUPLICATE KEY UPDATE serotipo_invitro = 'O10'; 
INSERT INTO secuencia(secuencia_id, aislado_id, complejo_clonal) VALUES ('641', '641', 'nan') ON DUPLICATE KEY UPDATE complejo_clonal = 'nan'; 
INSERT INTO metadata_general(aislado_id, aislado_nombre) VALUES ('642', 'CAT03-028') ON DUPLICATE KEY UPDATE aislado_nombre = 'CAT03-028'; 
INSERT INTO fenotipo(fenotipo_id, aislado_id, serotipo_invitro) VALUES ('519', '642', 'O10') ON DUPLICATE KEY UPDATE serotipo_invitro = 'O10'; 
INSERT INTO secuencia(secuencia_id, aislado_id, complejo_clonal) VALUES ('642', '642', 'nan') ON DUPLICATE KEY UPDATE complejo_clonal = 'nan'; 
INSERT INTO metadata_general(aislado_id, aislado_nombre) VALUES ('643', 'CAT03-012') ON DUPLICATE KEY UPDATE aislado_nombre = 'CAT03-012'; 
INSERT INTO fenotipo(fenotipo_id, aislado_id, serotipo_invitro) VALUES ('520', '643', 'O11') ON DUPLICATE KEY UPDATE serotipo_invitro = 'O11'; 
INSERT INTO secuencia(secuencia_id, aislado_id, complejo_clonal) VALUES ('643', '643', 'nan') ON DUPLICATE KEY UPDATE complejo_clonal = 'nan'; 
INSERT INTO metadata_general(aislado_id, aislado_nombre) VALUES ('644', 'CAT03-019') ON DUPLICATE KEY UPDATE aislado_nombre = 'CAT03-019'; 
INSERT INTO fenotipo(fenotipo_id, aislado_id, serotipo_invitro) VALUES ('521', '644', 'O11') ON DUPLICATE KEY UPDATE serotipo_invitro = 'O11'; 
INSERT INTO secuencia(secuencia_id, aislado_id, complejo_clonal) VALUES ('644', '644', 'nan') ON DUPLICATE KEY UPDATE complejo_clonal = 'nan'; 
INSERT INTO metadata_general(aislado_id, aislado_nombre) VALUES ('645', 'CAT03-026') ON DUPLICATE KEY UPDATE aislado_nombre = 'CAT03-026'; 
INSERT INTO fenotipo(fenotipo_id, aislado_id, serotipo_invitro) VALUES ('522', '645', 'O11') ON DUPLICATE KEY UPDATE serotipo_invitro = 'O11'; 
INSERT INTO secuencia(secuencia_id, aislado_id, complejo_clonal) VALUES ('645', '645', 'nan') ON DUPLICATE KEY UPDATE complejo_clonal = 'nan'; 
INSERT INTO metadata_general(aislado_id, aislado_nombre) VALUES ('646', 'CAT03-022') ON DUPLICATE KEY UPDATE aislado_nombre = 'CAT03-022'; 
INSERT INTO fenotipo(fenotipo_id, aislado_id, serotipo_invitro) VALUES ('523', '646', 'O12') ON DUPLICATE KEY UPDATE serotipo_invitro = 'O12'; 
INSERT INTO secuencia(secuencia_id, aislado_id, complejo_clonal) VALUES ('646', '646', 'nan') ON DUPLICATE KEY UPDATE complejo_clonal = 'nan'; 
INSERT INTO metadata_general(aislado_id, aislado_nombre) VALUES ('647', 'CAT03-031') ON DUPLICATE KEY UPDATE aislado_nombre = 'CAT03-031'; 
INSERT INTO fenotipo(fenotipo_id, aislado_id, serotipo_invitro) VALUES ('524', '647', 'O16') ON DUPLICATE KEY UPDATE serotipo_invitro = 'O16'; 
INSERT INTO secuencia(secuencia_id, aislado_id, complejo_clonal) VALUES ('647', '647', 'nan') ON DUPLICATE KEY UPDATE complejo_clonal = 'nan'; 
INSERT INTO metadata_general(aislado_id, aislado_nombre) VALUES ('648', 'CAT03-020') ON DUPLICATE KEY UPDATE aislado_nombre = 'CAT03-020'; 
INSERT INTO fenotipo(fenotipo_id, aislado_id, serotipo_invitro) VALUES ('525', '648', 'O2') ON DUPLICATE KEY UPDATE serotipo_invitro = 'O2'; 
INSERT INTO secuencia(secuencia_id, aislado_id, complejo_clonal) VALUES ('648', '648', 'nan') ON DUPLICATE KEY UPDATE complejo_clonal = 'nan'; 
INSERT INTO metadata_general(aislado_id, aislado_nombre) VALUES ('649', 'CAT03-008') ON DUPLICATE KEY UPDATE aislado_nombre = 'CAT03-008'; 
INSERT INTO fenotipo(fenotipo_id, aislado_id, serotipo_invitro) VALUES ('526', '649', 'O3') ON DUPLICATE KEY UPDATE serotipo_invitro = 'O3'; 
INSERT INTO secuencia(secuencia_id, aislado_id, complejo_clonal) VALUES ('649', '649', 'nan') ON DUPLICATE KEY UPDATE complejo_clonal = 'nan'; 
INSERT INTO metadata_general(aislado_id, aislado_nombre) VALUES ('650', 'CAT03-027') ON DUPLICATE KEY UPDATE aislado_nombre = 'CAT03-027'; 
INSERT INTO fenotipo(fenotipo_id, aislado_id, serotipo_invitro) VALUES ('527', '650', 'O4') ON DUPLICATE KEY UPDATE serotipo_invitro = 'O4'; 
INSERT INTO secuencia(secuencia_id, aislado_id, complejo_clonal) VALUES ('650', '650', 'nan') ON DUPLICATE KEY UPDATE complejo_clonal = 'nan'; 
INSERT INTO metadata_general(aislado_id, aislado_nombre) VALUES ('651', 'CAT03-010') ON DUPLICATE KEY UPDATE aislado_nombre = 'CAT03-010'; 
INSERT INTO fenotipo(fenotipo_id, aislado_id, serotipo_invitro) VALUES ('528', '651', 'O5') ON DUPLICATE KEY UPDATE serotipo_invitro = 'O5'; 
INSERT INTO secuencia(secuencia_id, aislado_id, complejo_clonal) VALUES ('651', '651', 'nan') ON DUPLICATE KEY UPDATE complejo_clonal = 'nan'; 
INSERT INTO metadata_general(aislado_id, aislado_nombre) VALUES ('652', 'CAT03-018') ON DUPLICATE KEY UPDATE aislado_nombre = 'CAT03-018'; 
INSERT INTO fenotipo(fenotipo_id, aislado_id, serotipo_invitro) VALUES ('529', '652', 'O5') ON DUPLICATE KEY UPDATE serotipo_invitro = 'O5'; 
INSERT INTO secuencia(secuencia_id, aislado_id, complejo_clonal) VALUES ('652', '652', 'nan') ON DUPLICATE KEY UPDATE complejo_clonal = 'nan'; 
INSERT INTO metadata_general(aislado_id, aislado_nombre) VALUES ('653', 'CAT03-002') ON DUPLICATE KEY UPDATE aislado_nombre = 'CAT03-002'; 
INSERT INTO fenotipo(fenotipo_id, aislado_id, serotipo_invitro) VALUES ('530', '653', 'O6') ON DUPLICATE KEY UPDATE serotipo_invitro = 'O6'; 
INSERT INTO secuencia(secuencia_id, aislado_id, complejo_clonal) VALUES ('653', '653', 'nan') ON DUPLICATE KEY UPDATE complejo_clonal = 'nan'; 
INSERT INTO metadata_general(aislado_id, aislado_nombre) VALUES ('654', 'CAT03-013') ON DUPLICATE KEY UPDATE aislado_nombre = 'CAT03-013'; 
INSERT INTO fenotipo(fenotipo_id, aislado_id, serotipo_invitro) VALUES ('531', '654', 'O6') ON DUPLICATE KEY UPDATE serotipo_invitro = 'O6'; 
INSERT INTO secuencia(secuencia_id, aislado_id, complejo_clonal) VALUES ('654', '654', 'nan') ON DUPLICATE KEY UPDATE complejo_clonal = 'nan'; 
INSERT INTO metadata_general(aislado_id, aislado_nombre) VALUES ('655', 'CAT03-017') ON DUPLICATE KEY UPDATE aislado_nombre = 'CAT03-017'; 
INSERT INTO fenotipo(fenotipo_id, aislado_id, serotipo_invitro) VALUES ('532', '655', 'O6') ON DUPLICATE KEY UPDATE serotipo_invitro = 'O6'; 
INSERT INTO secuencia(secuencia_id, aislado_id, complejo_clonal) VALUES ('655', '655', 'nan') ON DUPLICATE KEY UPDATE complejo_clonal = 'nan'; 
INSERT INTO metadata_general(aislado_id, aislado_nombre) VALUES ('656', 'CAT03-021') ON DUPLICATE KEY UPDATE aislado_nombre = 'CAT03-021'; 
INSERT INTO fenotipo(fenotipo_id, aislado_id, serotipo_invitro) VALUES ('533', '656', 'O6') ON DUPLICATE KEY UPDATE serotipo_invitro = 'O6'; 
INSERT INTO secuencia(secuencia_id, aislado_id, complejo_clonal) VALUES ('656', '656', 'nan') ON DUPLICATE KEY UPDATE complejo_clonal = 'nan'; 
INSERT INTO metadata_general(aislado_id, aislado_nombre) VALUES ('657', 'CAT03-024') ON DUPLICATE KEY UPDATE aislado_nombre = 'CAT03-024'; 
INSERT INTO fenotipo(fenotipo_id, aislado_id, serotipo_invitro) VALUES ('534', '657', 'O6') ON DUPLICATE KEY UPDATE serotipo_invitro = 'O6'; 
INSERT INTO secuencia(secuencia_id, aislado_id, complejo_clonal) VALUES ('657', '657', 'nan') ON DUPLICATE KEY UPDATE complejo_clonal = 'nan'; 
INSERT INTO metadata_general(aislado_id, aislado_nombre) VALUES ('63', 'CAT03-004') ON DUPLICATE KEY UPDATE aislado_nombre = 'CAT03-004'; 
INSERT INTO fenotipo(fenotipo_id, aislado_id, serotipo_invitro) VALUES ('535', '63', 'O4') ON DUPLICATE KEY UPDATE serotipo_invitro = 'O4'; 
INSERT INTO secuencia(secuencia_id, aislado_id, complejo_clonal) VALUES ('63', '63', 'ST-175') ON DUPLICATE KEY UPDATE complejo_clonal = 'ST-175'; 
INSERT INTO metadata_general(aislado_id, aislado_nombre) VALUES ('658', 'CAT03-009') ON DUPLICATE KEY UPDATE aislado_nombre = 'CAT03-009'; 
INSERT INTO fenotipo(fenotipo_id, aislado_id, serotipo_invitro) VALUES ('536', '658', 'O4') ON DUPLICATE KEY UPDATE serotipo_invitro = 'O4'; 
INSERT INTO secuencia(secuencia_id, aislado_id, complejo_clonal) VALUES ('658', '658', 'ST-175') ON DUPLICATE KEY UPDATE complejo_clonal = 'ST-175'; 
INSERT INTO metadata_general(aislado_id, aislado_nombre) VALUES ('659', 'CAT03-014') ON DUPLICATE KEY UPDATE aislado_nombre = 'CAT03-014'; 
INSERT INTO fenotipo(fenotipo_id, aislado_id, serotipo_invitro) VALUES ('537', '659', 'O4') ON DUPLICATE KEY UPDATE serotipo_invitro = 'O4'; 
INSERT INTO secuencia(secuencia_id, aislado_id, complejo_clonal) VALUES ('659', '659', 'ST-175') ON DUPLICATE KEY UPDATE complejo_clonal = 'ST-175'; 
INSERT INTO metadata_general(aislado_id, aislado_nombre) VALUES ('660', 'CAT03-016') ON DUPLICATE KEY UPDATE aislado_nombre = 'CAT03-016'; 
INSERT INTO fenotipo(fenotipo_id, aislado_id, serotipo_invitro) VALUES ('538', '660', 'O4') ON DUPLICATE KEY UPDATE serotipo_invitro = 'O4'; 
INSERT INTO secuencia(secuencia_id, aislado_id, complejo_clonal) VALUES ('660', '660', 'ST-175') ON DUPLICATE KEY UPDATE complejo_clonal = 'ST-175'; 
INSERT INTO metadata_general(aislado_id, aislado_nombre) VALUES ('661', 'CAT03-023') ON DUPLICATE KEY UPDATE aislado_nombre = 'CAT03-023'; 
INSERT INTO fenotipo(fenotipo_id, aislado_id, serotipo_invitro) VALUES ('539', '661', 'O4') ON DUPLICATE KEY UPDATE serotipo_invitro = 'O4'; 
INSERT INTO secuencia(secuencia_id, aislado_id, complejo_clonal) VALUES ('661', '661', 'ST-175') ON DUPLICATE KEY UPDATE complejo_clonal = 'ST-175'; 
INSERT INTO metadata_general(aislado_id, aislado_nombre) VALUES ('662', 'CAT03-029') ON DUPLICATE KEY UPDATE aislado_nombre = 'CAT03-029'; 
INSERT INTO fenotipo(fenotipo_id, aislado_id, serotipo_invitro) VALUES ('540', '662', 'O4') ON DUPLICATE KEY UPDATE serotipo_invitro = 'O4'; 
INSERT INTO secuencia(secuencia_id, aislado_id, complejo_clonal) VALUES ('662', '662', 'ST-175') ON DUPLICATE KEY UPDATE complejo_clonal = 'ST-175'; 
INSERT INTO metadata_general(aislado_id, aislado_nombre) VALUES ('663', 'CAT04-031') ON DUPLICATE KEY UPDATE aislado_nombre = 'CAT04-031'; 
INSERT INTO fenotipo(fenotipo_id, aislado_id, serotipo_invitro) VALUES ('541', '663', 'No Aglutina') ON DUPLICATE KEY UPDATE serotipo_invitro = 'No Aglutina'; 
INSERT INTO secuencia(secuencia_id, aislado_id, complejo_clonal) VALUES ('663', '663', 'ST-316') ON DUPLICATE KEY UPDATE complejo_clonal = 'ST-316'; 
INSERT INTO metadata_general(aislado_id, aislado_nombre) VALUES ('664', 'CAT04-002') ON DUPLICATE KEY UPDATE aislado_nombre = 'CAT04-002'; 
INSERT INTO fenotipo(fenotipo_id, aislado_id, serotipo_invitro) VALUES ('542', '664', 'No Aglutina') ON DUPLICATE KEY UPDATE serotipo_invitro = 'No Aglutina'; 
INSERT INTO secuencia(secuencia_id, aislado_id, complejo_clonal) VALUES ('664', '664', 'nan') ON DUPLICATE KEY UPDATE complejo_clonal = 'nan'; 
INSERT INTO metadata_general(aislado_id, aislado_nombre) VALUES ('665', 'CAT04-018') ON DUPLICATE KEY UPDATE aislado_nombre = 'CAT04-018'; 
INSERT INTO fenotipo(fenotipo_id, aislado_id, serotipo_invitro) VALUES ('543', '665', 'No Aglutina') ON DUPLICATE KEY UPDATE serotipo_invitro = 'No Aglutina'; 
INSERT INTO secuencia(secuencia_id, aislado_id, complejo_clonal) VALUES ('665', '665', 'nan') ON DUPLICATE KEY UPDATE complejo_clonal = 'nan'; 
INSERT INTO metadata_general(aislado_id, aislado_nombre) VALUES ('666', 'CAT04-024') ON DUPLICATE KEY UPDATE aislado_nombre = 'CAT04-024'; 
INSERT INTO fenotipo(fenotipo_id, aislado_id, serotipo_invitro) VALUES ('544', '666', 'No Aglutina') ON DUPLICATE KEY UPDATE serotipo_invitro = 'No Aglutina'; 
INSERT INTO secuencia(secuencia_id, aislado_id, complejo_clonal) VALUES ('666', '666', 'nan') ON DUPLICATE KEY UPDATE complejo_clonal = 'nan'; 
INSERT INTO metadata_general(aislado_id, aislado_nombre) VALUES ('667', 'CAT04-012') ON DUPLICATE KEY UPDATE aislado_nombre = 'CAT04-012'; 
INSERT INTO fenotipo(fenotipo_id, aislado_id, serotipo_invitro) VALUES ('545', '667', 'O1') ON DUPLICATE KEY UPDATE serotipo_invitro = 'O1'; 
INSERT INTO secuencia(secuencia_id, aislado_id, complejo_clonal) VALUES ('667', '667', 'nan') ON DUPLICATE KEY UPDATE complejo_clonal = 'nan'; 
INSERT INTO metadata_general(aislado_id, aislado_nombre) VALUES ('668', 'CAT04-014') ON DUPLICATE KEY UPDATE aislado_nombre = 'CAT04-014'; 
INSERT INTO fenotipo(fenotipo_id, aislado_id, serotipo_invitro) VALUES ('546', '668', 'O1') ON DUPLICATE KEY UPDATE serotipo_invitro = 'O1'; 
INSERT INTO secuencia(secuencia_id, aislado_id, complejo_clonal) VALUES ('668', '668', 'nan') ON DUPLICATE KEY UPDATE complejo_clonal = 'nan'; 
INSERT INTO metadata_general(aislado_id, aislado_nombre) VALUES ('669', 'CAT04-025') ON DUPLICATE KEY UPDATE aislado_nombre = 'CAT04-025'; 
INSERT INTO fenotipo(fenotipo_id, aislado_id, serotipo_invitro) VALUES ('547', '669', 'O1') ON DUPLICATE KEY UPDATE serotipo_invitro = 'O1'; 
INSERT INTO secuencia(secuencia_id, aislado_id, complejo_clonal) VALUES ('669', '669', 'nan') ON DUPLICATE KEY UPDATE complejo_clonal = 'nan'; 
INSERT INTO metadata_general(aislado_id, aislado_nombre) VALUES ('670', 'CAT04-015') ON DUPLICATE KEY UPDATE aislado_nombre = 'CAT04-015'; 
INSERT INTO fenotipo(fenotipo_id, aislado_id, serotipo_invitro) VALUES ('548', '670', 'O1+O6') ON DUPLICATE KEY UPDATE serotipo_invitro = 'O1+O6'; 
INSERT INTO secuencia(secuencia_id, aislado_id, complejo_clonal) VALUES ('670', '670', 'nan') ON DUPLICATE KEY UPDATE complejo_clonal = 'nan'; 
INSERT INTO metadata_general(aislado_id, aislado_nombre) VALUES ('671', 'CAT04-007') ON DUPLICATE KEY UPDATE aislado_nombre = 'CAT04-007'; 
INSERT INTO fenotipo(fenotipo_id, aislado_id, serotipo_invitro) VALUES ('549', '671', 'O10') ON DUPLICATE KEY UPDATE serotipo_invitro = 'O10'; 
INSERT INTO secuencia(secuencia_id, aislado_id, complejo_clonal) VALUES ('671', '671', 'nan') ON DUPLICATE KEY UPDATE complejo_clonal = 'nan'; 
INSERT INTO metadata_general(aislado_id, aislado_nombre) VALUES ('672', 'CAT04-008') ON DUPLICATE KEY UPDATE aislado_nombre = 'CAT04-008'; 
INSERT INTO fenotipo(fenotipo_id, aislado_id, serotipo_invitro) VALUES ('550', '672', 'O10') ON DUPLICATE KEY UPDATE serotipo_invitro = 'O10'; 
INSERT INTO secuencia(secuencia_id, aislado_id, complejo_clonal) VALUES ('672', '672', 'nan') ON DUPLICATE KEY UPDATE complejo_clonal = 'nan'; 
INSERT INTO metadata_general(aislado_id, aislado_nombre) VALUES ('673', 'CAT04-010') ON DUPLICATE KEY UPDATE aislado_nombre = 'CAT04-010'; 
INSERT INTO fenotipo(fenotipo_id, aislado_id, serotipo_invitro) VALUES ('551', '673', 'O11') ON DUPLICATE KEY UPDATE serotipo_invitro = 'O11'; 
INSERT INTO secuencia(secuencia_id, aislado_id, complejo_clonal) VALUES ('673', '673', 'nan') ON DUPLICATE KEY UPDATE complejo_clonal = 'nan'; 
INSERT INTO metadata_general(aislado_id, aislado_nombre) VALUES ('674', 'CAT04-020') ON DUPLICATE KEY UPDATE aislado_nombre = 'CAT04-020'; 
INSERT INTO fenotipo(fenotipo_id, aislado_id, serotipo_invitro) VALUES ('552', '674', 'O11') ON DUPLICATE KEY UPDATE serotipo_invitro = 'O11'; 
INSERT INTO secuencia(secuencia_id, aislado_id, complejo_clonal) VALUES ('674', '674', 'nan') ON DUPLICATE KEY UPDATE complejo_clonal = 'nan'; 
INSERT INTO metadata_general(aislado_id, aislado_nombre) VALUES ('675', 'CAT04-022') ON DUPLICATE KEY UPDATE aislado_nombre = 'CAT04-022'; 
INSERT INTO fenotipo(fenotipo_id, aislado_id, serotipo_invitro) VALUES ('553', '675', 'O11') ON DUPLICATE KEY UPDATE serotipo_invitro = 'O11'; 
INSERT INTO secuencia(secuencia_id, aislado_id, complejo_clonal) VALUES ('675', '675', 'nan') ON DUPLICATE KEY UPDATE complejo_clonal = 'nan'; 
INSERT INTO metadata_general(aislado_id, aislado_nombre) VALUES ('676', 'CAT04-023') ON DUPLICATE KEY UPDATE aislado_nombre = 'CAT04-023'; 
INSERT INTO fenotipo(fenotipo_id, aislado_id, serotipo_invitro) VALUES ('554', '676', 'O11') ON DUPLICATE KEY UPDATE serotipo_invitro = 'O11'; 
INSERT INTO secuencia(secuencia_id, aislado_id, complejo_clonal) VALUES ('676', '676', 'nan') ON DUPLICATE KEY UPDATE complejo_clonal = 'nan'; 
INSERT INTO metadata_general(aislado_id, aislado_nombre) VALUES ('677', 'CAT04-013') ON DUPLICATE KEY UPDATE aislado_nombre = 'CAT04-013'; 
INSERT INTO fenotipo(fenotipo_id, aislado_id, serotipo_invitro) VALUES ('555', '677', 'O2') ON DUPLICATE KEY UPDATE serotipo_invitro = 'O2'; 
INSERT INTO secuencia(secuencia_id, aislado_id, complejo_clonal) VALUES ('677', '677', 'nan') ON DUPLICATE KEY UPDATE complejo_clonal = 'nan'; 
INSERT INTO metadata_general(aislado_id, aislado_nombre) VALUES ('678', 'CAT04-026') ON DUPLICATE KEY UPDATE aislado_nombre = 'CAT04-026'; 
INSERT INTO fenotipo(fenotipo_id, aislado_id, serotipo_invitro) VALUES ('556', '678', 'O2') ON DUPLICATE KEY UPDATE serotipo_invitro = 'O2'; 
INSERT INTO secuencia(secuencia_id, aislado_id, complejo_clonal) VALUES ('678', '678', 'nan') ON DUPLICATE KEY UPDATE complejo_clonal = 'nan'; 
INSERT INTO metadata_general(aislado_id, aislado_nombre) VALUES ('679', 'CAT04-030') ON DUPLICATE KEY UPDATE aislado_nombre = 'CAT04-030'; 
INSERT INTO fenotipo(fenotipo_id, aislado_id, serotipo_invitro) VALUES ('557', '679', 'O2') ON DUPLICATE KEY UPDATE serotipo_invitro = 'O2'; 
INSERT INTO secuencia(secuencia_id, aislado_id, complejo_clonal) VALUES ('679', '679', 'nan') ON DUPLICATE KEY UPDATE complejo_clonal = 'nan'; 
INSERT INTO metadata_general(aislado_id, aislado_nombre) VALUES ('680', 'CAT04-011') ON DUPLICATE KEY UPDATE aislado_nombre = 'CAT04-011'; 
INSERT INTO fenotipo(fenotipo_id, aislado_id, serotipo_invitro) VALUES ('558', '680', 'O3') ON DUPLICATE KEY UPDATE serotipo_invitro = 'O3'; 
INSERT INTO secuencia(secuencia_id, aislado_id, complejo_clonal) VALUES ('680', '680', 'nan') ON DUPLICATE KEY UPDATE complejo_clonal = 'nan'; 
INSERT INTO metadata_general(aislado_id, aislado_nombre) VALUES ('681', 'CAT04-009') ON DUPLICATE KEY UPDATE aislado_nombre = 'CAT04-009'; 
INSERT INTO fenotipo(fenotipo_id, aislado_id, serotipo_invitro) VALUES ('559', '681', 'O4') ON DUPLICATE KEY UPDATE serotipo_invitro = 'O4'; 
INSERT INTO secuencia(secuencia_id, aislado_id, complejo_clonal) VALUES ('681', '681', 'nan') ON DUPLICATE KEY UPDATE complejo_clonal = 'nan'; 
INSERT INTO metadata_general(aislado_id, aislado_nombre) VALUES ('682', 'CAT04-021') ON DUPLICATE KEY UPDATE aislado_nombre = 'CAT04-021'; 
INSERT INTO fenotipo(fenotipo_id, aislado_id, serotipo_invitro) VALUES ('560', '682', 'O4') ON DUPLICATE KEY UPDATE serotipo_invitro = 'O4'; 
INSERT INTO secuencia(secuencia_id, aislado_id, complejo_clonal) VALUES ('682', '682', 'nan') ON DUPLICATE KEY UPDATE complejo_clonal = 'nan'; 
INSERT INTO metadata_general(aislado_id, aislado_nombre) VALUES ('683', 'CAT04-003') ON DUPLICATE KEY UPDATE aislado_nombre = 'CAT04-003'; 
INSERT INTO fenotipo(fenotipo_id, aislado_id, serotipo_invitro) VALUES ('561', '683', 'O6') ON DUPLICATE KEY UPDATE serotipo_invitro = 'O6'; 
INSERT INTO secuencia(secuencia_id, aislado_id, complejo_clonal) VALUES ('683', '683', 'nan') ON DUPLICATE KEY UPDATE complejo_clonal = 'nan'; 
INSERT INTO metadata_general(aislado_id, aislado_nombre) VALUES ('684', 'CAT04-004') ON DUPLICATE KEY UPDATE aislado_nombre = 'CAT04-004'; 
INSERT INTO fenotipo(fenotipo_id, aislado_id, serotipo_invitro) VALUES ('562', '684', 'O6') ON DUPLICATE KEY UPDATE serotipo_invitro = 'O6'; 
INSERT INTO secuencia(secuencia_id, aislado_id, complejo_clonal) VALUES ('684', '684', 'nan') ON DUPLICATE KEY UPDATE complejo_clonal = 'nan'; 
INSERT INTO metadata_general(aislado_id, aislado_nombre) VALUES ('685', 'CAT04-005') ON DUPLICATE KEY UPDATE aislado_nombre = 'CAT04-005'; 
INSERT INTO fenotipo(fenotipo_id, aislado_id, serotipo_invitro) VALUES ('563', '685', 'O6') ON DUPLICATE KEY UPDATE serotipo_invitro = 'O6'; 
INSERT INTO secuencia(secuencia_id, aislado_id, complejo_clonal) VALUES ('685', '685', 'nan') ON DUPLICATE KEY UPDATE complejo_clonal = 'nan'; 
INSERT INTO metadata_general(aislado_id, aislado_nombre) VALUES ('686', 'CAT04-017') ON DUPLICATE KEY UPDATE aislado_nombre = 'CAT04-017'; 
INSERT INTO fenotipo(fenotipo_id, aislado_id, serotipo_invitro) VALUES ('564', '686', 'O6') ON DUPLICATE KEY UPDATE serotipo_invitro = 'O6'; 
INSERT INTO secuencia(secuencia_id, aislado_id, complejo_clonal) VALUES ('686', '686', 'nan') ON DUPLICATE KEY UPDATE complejo_clonal = 'nan'; 
INSERT INTO metadata_general(aislado_id, aislado_nombre) VALUES ('687', 'CAT04-019') ON DUPLICATE KEY UPDATE aislado_nombre = 'CAT04-019'; 
INSERT INTO fenotipo(fenotipo_id, aislado_id, serotipo_invitro) VALUES ('565', '687', 'O6') ON DUPLICATE KEY UPDATE serotipo_invitro = 'O6'; 
INSERT INTO secuencia(secuencia_id, aislado_id, complejo_clonal) VALUES ('687', '687', 'nan') ON DUPLICATE KEY UPDATE complejo_clonal = 'nan'; 
INSERT INTO metadata_general(aislado_id, aislado_nombre) VALUES ('688', 'CAT04-028') ON DUPLICATE KEY UPDATE aislado_nombre = 'CAT04-028'; 
INSERT INTO fenotipo(fenotipo_id, aislado_id, serotipo_invitro) VALUES ('566', '688', 'O6') ON DUPLICATE KEY UPDATE serotipo_invitro = 'O6'; 
INSERT INTO secuencia(secuencia_id, aislado_id, complejo_clonal) VALUES ('688', '688', 'nan') ON DUPLICATE KEY UPDATE complejo_clonal = 'nan'; 
INSERT INTO metadata_general(aislado_id, aislado_nombre) VALUES ('689', 'CAT04-029') ON DUPLICATE KEY UPDATE aislado_nombre = 'CAT04-029'; 
INSERT INTO fenotipo(fenotipo_id, aislado_id, serotipo_invitro) VALUES ('567', '689', 'O6') ON DUPLICATE KEY UPDATE serotipo_invitro = 'O6'; 
INSERT INTO secuencia(secuencia_id, aislado_id, complejo_clonal) VALUES ('689', '689', 'nan') ON DUPLICATE KEY UPDATE complejo_clonal = 'nan'; 
INSERT INTO metadata_general(aislado_id, aislado_nombre) VALUES ('66', 'CAT04-032') ON DUPLICATE KEY UPDATE aislado_nombre = 'CAT04-032'; 
INSERT INTO fenotipo(fenotipo_id, aislado_id, serotipo_invitro) VALUES ('568', '66', 'No Aglutina') ON DUPLICATE KEY UPDATE serotipo_invitro = 'No Aglutina'; 
INSERT INTO secuencia(secuencia_id, aislado_id, complejo_clonal) VALUES ('66', '66', 'ST-175') ON DUPLICATE KEY UPDATE complejo_clonal = 'ST-175'; 
INSERT INTO metadata_general(aislado_id, aislado_nombre) VALUES ('64', 'CAT04-001') ON DUPLICATE KEY UPDATE aislado_nombre = 'CAT04-001'; 
INSERT INTO fenotipo(fenotipo_id, aislado_id, serotipo_invitro) VALUES ('569', '64', 'O10') ON DUPLICATE KEY UPDATE serotipo_invitro = 'O10'; 
INSERT INTO secuencia(secuencia_id, aislado_id, complejo_clonal) VALUES ('64', '64', 'ST-253') ON DUPLICATE KEY UPDATE complejo_clonal = 'ST-253'; 
INSERT INTO metadata_general(aislado_id, aislado_nombre) VALUES ('65', 'CAT04-016') ON DUPLICATE KEY UPDATE aislado_nombre = 'CAT04-016'; 
INSERT INTO fenotipo(fenotipo_id, aislado_id, serotipo_invitro) VALUES ('570', '65', 'O12') ON DUPLICATE KEY UPDATE serotipo_invitro = 'O12'; 
INSERT INTO secuencia(secuencia_id, aislado_id, complejo_clonal) VALUES ('65', '65', 'ST-253') ON DUPLICATE KEY UPDATE complejo_clonal = 'ST-253'; 
INSERT INTO metadata_general(aislado_id, aislado_nombre) VALUES ('690', 'CAT05-002') ON DUPLICATE KEY UPDATE aislado_nombre = 'CAT05-002'; 
INSERT INTO fenotipo(fenotipo_id, aislado_id, serotipo_invitro) VALUES ('571', '690', 'No aglutina') ON DUPLICATE KEY UPDATE serotipo_invitro = 'No aglutina'; 
INSERT INTO secuencia(secuencia_id, aislado_id, complejo_clonal) VALUES ('690', '690', 'nan') ON DUPLICATE KEY UPDATE complejo_clonal = 'nan'; 
INSERT INTO metadata_general(aislado_id, aislado_nombre) VALUES ('691', 'CAT05-006') ON DUPLICATE KEY UPDATE aislado_nombre = 'CAT05-006'; 
INSERT INTO fenotipo(fenotipo_id, aislado_id, serotipo_invitro) VALUES ('572', '691', 'No aglutina') ON DUPLICATE KEY UPDATE serotipo_invitro = 'No aglutina'; 
INSERT INTO secuencia(secuencia_id, aislado_id, complejo_clonal) VALUES ('691', '691', 'nan') ON DUPLICATE KEY UPDATE complejo_clonal = 'nan'; 
INSERT INTO metadata_general(aislado_id, aislado_nombre) VALUES ('692', 'CAT05-024') ON DUPLICATE KEY UPDATE aislado_nombre = 'CAT05-024'; 
INSERT INTO fenotipo(fenotipo_id, aislado_id, serotipo_invitro) VALUES ('573', '692', 'O6') ON DUPLICATE KEY UPDATE serotipo_invitro = 'O6'; 
INSERT INTO secuencia(secuencia_id, aislado_id, complejo_clonal) VALUES ('692', '692', 'nan') ON DUPLICATE KEY UPDATE complejo_clonal = 'nan'; 
INSERT INTO metadata_general(aislado_id, aislado_nombre) VALUES ('693', 'CAT05-009') ON DUPLICATE KEY UPDATE aislado_nombre = 'CAT05-009'; 
INSERT INTO fenotipo(fenotipo_id, aislado_id, serotipo_invitro) VALUES ('574', '693', 'No aglutina') ON DUPLICATE KEY UPDATE serotipo_invitro = 'No aglutina'; 
INSERT INTO secuencia(secuencia_id, aislado_id, complejo_clonal) VALUES ('693', '693', 'nan') ON DUPLICATE KEY UPDATE complejo_clonal = 'nan'; 
INSERT INTO metadata_general(aislado_id, aislado_nombre) VALUES ('694', 'CAT05-027') ON DUPLICATE KEY UPDATE aislado_nombre = 'CAT05-027'; 
INSERT INTO fenotipo(fenotipo_id, aislado_id, serotipo_invitro) VALUES ('575', '694', 'No aglutina') ON DUPLICATE KEY UPDATE serotipo_invitro = 'No aglutina'; 
INSERT INTO secuencia(secuencia_id, aislado_id, complejo_clonal) VALUES ('694', '694', 'nan') ON DUPLICATE KEY UPDATE complejo_clonal = 'nan'; 
INSERT INTO metadata_general(aislado_id, aislado_nombre) VALUES ('695', 'CAT05-003') ON DUPLICATE KEY UPDATE aislado_nombre = 'CAT05-003'; 
INSERT INTO fenotipo(fenotipo_id, aislado_id, serotipo_invitro) VALUES ('576', '695', 'O1') ON DUPLICATE KEY UPDATE serotipo_invitro = 'O1'; 
INSERT INTO secuencia(secuencia_id, aislado_id, complejo_clonal) VALUES ('695', '695', 'nan') ON DUPLICATE KEY UPDATE complejo_clonal = 'nan'; 
INSERT INTO metadata_general(aislado_id, aislado_nombre) VALUES ('696', 'CAT05-031') ON DUPLICATE KEY UPDATE aislado_nombre = 'CAT05-031'; 
INSERT INTO fenotipo(fenotipo_id, aislado_id, serotipo_invitro) VALUES ('577', '696', 'O10') ON DUPLICATE KEY UPDATE serotipo_invitro = 'O10'; 
INSERT INTO secuencia(secuencia_id, aislado_id, complejo_clonal) VALUES ('696', '696', 'nan') ON DUPLICATE KEY UPDATE complejo_clonal = 'nan'; 
INSERT INTO metadata_general(aislado_id, aislado_nombre) VALUES ('697', 'CAT05-018') ON DUPLICATE KEY UPDATE aislado_nombre = 'CAT05-018'; 
INSERT INTO fenotipo(fenotipo_id, aislado_id, serotipo_invitro) VALUES ('578', '697', 'O11') ON DUPLICATE KEY UPDATE serotipo_invitro = 'O11'; 
INSERT INTO secuencia(secuencia_id, aislado_id, complejo_clonal) VALUES ('697', '697', 'nan') ON DUPLICATE KEY UPDATE complejo_clonal = 'nan'; 
INSERT INTO metadata_general(aislado_id, aislado_nombre) VALUES ('698', 'CAT05-020') ON DUPLICATE KEY UPDATE aislado_nombre = 'CAT05-020'; 
INSERT INTO fenotipo(fenotipo_id, aislado_id, serotipo_invitro) VALUES ('579', '698', 'O11') ON DUPLICATE KEY UPDATE serotipo_invitro = 'O11'; 
INSERT INTO secuencia(secuencia_id, aislado_id, complejo_clonal) VALUES ('698', '698', 'nan') ON DUPLICATE KEY UPDATE complejo_clonal = 'nan'; 
INSERT INTO metadata_general(aislado_id, aislado_nombre) VALUES ('699', 'CAT05-022') ON DUPLICATE KEY UPDATE aislado_nombre = 'CAT05-022'; 
INSERT INTO fenotipo(fenotipo_id, aislado_id, serotipo_invitro) VALUES ('580', '699', 'O11') ON DUPLICATE KEY UPDATE serotipo_invitro = 'O11'; 
INSERT INTO secuencia(secuencia_id, aislado_id, complejo_clonal) VALUES ('699', '699', 'nan') ON DUPLICATE KEY UPDATE complejo_clonal = 'nan'; 
INSERT INTO metadata_general(aislado_id, aislado_nombre) VALUES ('700', 'CAT05-011') ON DUPLICATE KEY UPDATE aislado_nombre = 'CAT05-011'; 
INSERT INTO fenotipo(fenotipo_id, aislado_id, serotipo_invitro) VALUES ('581', '700', 'O2+O5') ON DUPLICATE KEY UPDATE serotipo_invitro = 'O2+O5'; 
INSERT INTO secuencia(secuencia_id, aislado_id, complejo_clonal) VALUES ('700', '700', 'nan') ON DUPLICATE KEY UPDATE complejo_clonal = 'nan'; 
INSERT INTO metadata_general(aislado_id, aislado_nombre) VALUES ('701', 'CAT05-023') ON DUPLICATE KEY UPDATE aislado_nombre = 'CAT05-023'; 
INSERT INTO fenotipo(fenotipo_id, aislado_id, serotipo_invitro) VALUES ('582', '701', 'O3') ON DUPLICATE KEY UPDATE serotipo_invitro = 'O3'; 
INSERT INTO secuencia(secuencia_id, aislado_id, complejo_clonal) VALUES ('701', '701', 'nan') ON DUPLICATE KEY UPDATE complejo_clonal = 'nan'; 
INSERT INTO metadata_general(aislado_id, aislado_nombre) VALUES ('702', 'CAT05-025') ON DUPLICATE KEY UPDATE aislado_nombre = 'CAT05-025'; 
INSERT INTO fenotipo(fenotipo_id, aislado_id, serotipo_invitro) VALUES ('583', '702', 'O3') ON DUPLICATE KEY UPDATE serotipo_invitro = 'O3'; 
INSERT INTO secuencia(secuencia_id, aislado_id, complejo_clonal) VALUES ('702', '702', 'nan') ON DUPLICATE KEY UPDATE complejo_clonal = 'nan'; 
INSERT INTO metadata_general(aislado_id, aislado_nombre) VALUES ('703', 'CAT05-016') ON DUPLICATE KEY UPDATE aislado_nombre = 'CAT05-016'; 
INSERT INTO fenotipo(fenotipo_id, aislado_id, serotipo_invitro) VALUES ('584', '703', 'O4') ON DUPLICATE KEY UPDATE serotipo_invitro = 'O4'; 
INSERT INTO secuencia(secuencia_id, aislado_id, complejo_clonal) VALUES ('703', '703', 'nan') ON DUPLICATE KEY UPDATE complejo_clonal = 'nan'; 
INSERT INTO metadata_general(aislado_id, aislado_nombre) VALUES ('704', 'CAT05-010') ON DUPLICATE KEY UPDATE aislado_nombre = 'CAT05-010'; 
INSERT INTO fenotipo(fenotipo_id, aislado_id, serotipo_invitro) VALUES ('585', '704', 'O5') ON DUPLICATE KEY UPDATE serotipo_invitro = 'O5'; 
INSERT INTO secuencia(secuencia_id, aislado_id, complejo_clonal) VALUES ('704', '704', 'nan') ON DUPLICATE KEY UPDATE complejo_clonal = 'nan'; 
INSERT INTO metadata_general(aislado_id, aislado_nombre) VALUES ('705', 'CAT05-021') ON DUPLICATE KEY UPDATE aislado_nombre = 'CAT05-021'; 
INSERT INTO fenotipo(fenotipo_id, aislado_id, serotipo_invitro) VALUES ('586', '705', 'O5') ON DUPLICATE KEY UPDATE serotipo_invitro = 'O5'; 
INSERT INTO secuencia(secuencia_id, aislado_id, complejo_clonal) VALUES ('705', '705', 'nan') ON DUPLICATE KEY UPDATE complejo_clonal = 'nan'; 
INSERT INTO metadata_general(aislado_id, aislado_nombre) VALUES ('706', 'CAT05-007') ON DUPLICATE KEY UPDATE aislado_nombre = 'CAT05-007'; 
INSERT INTO fenotipo(fenotipo_id, aislado_id, serotipo_invitro) VALUES ('587', '706', 'O6') ON DUPLICATE KEY UPDATE serotipo_invitro = 'O6'; 
INSERT INTO secuencia(secuencia_id, aislado_id, complejo_clonal) VALUES ('706', '706', 'nan') ON DUPLICATE KEY UPDATE complejo_clonal = 'nan'; 
INSERT INTO metadata_general(aislado_id, aislado_nombre) VALUES ('707', 'CAT05-015') ON DUPLICATE KEY UPDATE aislado_nombre = 'CAT05-015'; 
INSERT INTO fenotipo(fenotipo_id, aislado_id, serotipo_invitro) VALUES ('588', '707', 'O6') ON DUPLICATE KEY UPDATE serotipo_invitro = 'O6'; 
INSERT INTO secuencia(secuencia_id, aislado_id, complejo_clonal) VALUES ('707', '707', 'nan') ON DUPLICATE KEY UPDATE complejo_clonal = 'nan'; 
INSERT INTO metadata_general(aislado_id, aislado_nombre) VALUES ('708', 'CAT05-026') ON DUPLICATE KEY UPDATE aislado_nombre = 'CAT05-026'; 
INSERT INTO fenotipo(fenotipo_id, aislado_id, serotipo_invitro) VALUES ('589', '708', 'O6') ON DUPLICATE KEY UPDATE serotipo_invitro = 'O6'; 
INSERT INTO secuencia(secuencia_id, aislado_id, complejo_clonal) VALUES ('708', '708', 'nan') ON DUPLICATE KEY UPDATE complejo_clonal = 'nan'; 
INSERT INTO metadata_general(aislado_id, aislado_nombre) VALUES ('709', 'CAT05-028') ON DUPLICATE KEY UPDATE aislado_nombre = 'CAT05-028'; 
INSERT INTO fenotipo(fenotipo_id, aislado_id, serotipo_invitro) VALUES ('590', '709', 'O6') ON DUPLICATE KEY UPDATE serotipo_invitro = 'O6'; 
INSERT INTO secuencia(secuencia_id, aislado_id, complejo_clonal) VALUES ('709', '709', 'nan') ON DUPLICATE KEY UPDATE complejo_clonal = 'nan'; 
INSERT INTO metadata_general(aislado_id, aislado_nombre) VALUES ('710', 'CAT05-030') ON DUPLICATE KEY UPDATE aislado_nombre = 'CAT05-030'; 
INSERT INTO fenotipo(fenotipo_id, aislado_id, serotipo_invitro) VALUES ('591', '710', 'O6') ON DUPLICATE KEY UPDATE serotipo_invitro = 'O6'; 
INSERT INTO secuencia(secuencia_id, aislado_id, complejo_clonal) VALUES ('710', '710', 'nan') ON DUPLICATE KEY UPDATE complejo_clonal = 'nan'; 
INSERT INTO metadata_general(aislado_id, aislado_nombre) VALUES ('69', 'CAT05-005') ON DUPLICATE KEY UPDATE aislado_nombre = 'CAT05-005'; 
INSERT INTO fenotipo(fenotipo_id, aislado_id, serotipo_invitro) VALUES ('592', '69', 'No aglutina') ON DUPLICATE KEY UPDATE serotipo_invitro = 'No aglutina'; 
INSERT INTO secuencia(secuencia_id, aislado_id, complejo_clonal) VALUES ('69', '69', 'ST-175') ON DUPLICATE KEY UPDATE complejo_clonal = 'ST-175'; 
INSERT INTO metadata_general(aislado_id, aislado_nombre) VALUES ('68', 'CAT05-004') ON DUPLICATE KEY UPDATE aislado_nombre = 'CAT05-004'; 
INSERT INTO fenotipo(fenotipo_id, aislado_id, serotipo_invitro) VALUES ('593', '68', 'O12') ON DUPLICATE KEY UPDATE serotipo_invitro = 'O12'; 
INSERT INTO secuencia(secuencia_id, aislado_id, complejo_clonal) VALUES ('68', '68', 'ST-253') ON DUPLICATE KEY UPDATE complejo_clonal = 'ST-253'; 
INSERT INTO metadata_general(aislado_id, aislado_nombre) VALUES ('70', 'CAT05-008') ON DUPLICATE KEY UPDATE aislado_nombre = 'CAT05-008'; 
INSERT INTO fenotipo(fenotipo_id, aislado_id, serotipo_invitro) VALUES ('594', '70', 'O12') ON DUPLICATE KEY UPDATE serotipo_invitro = 'O12'; 
INSERT INTO secuencia(secuencia_id, aislado_id, complejo_clonal) VALUES ('70', '70', 'ST-111') ON DUPLICATE KEY UPDATE complejo_clonal = 'ST-111'; 
INSERT INTO metadata_general(aislado_id, aislado_nombre) VALUES ('711', 'CAT05-012') ON DUPLICATE KEY UPDATE aislado_nombre = 'CAT05-012'; 
INSERT INTO fenotipo(fenotipo_id, aislado_id, serotipo_invitro) VALUES ('595', '711', 'O12') ON DUPLICATE KEY UPDATE serotipo_invitro = 'O12'; 
INSERT INTO secuencia(secuencia_id, aislado_id, complejo_clonal) VALUES ('711', '711', 'ST-253') ON DUPLICATE KEY UPDATE complejo_clonal = 'ST-253'; 
INSERT INTO metadata_general(aislado_id, aislado_nombre) VALUES ('712', 'CAT05-017') ON DUPLICATE KEY UPDATE aislado_nombre = 'CAT05-017'; 
INSERT INTO fenotipo(fenotipo_id, aislado_id, serotipo_invitro) VALUES ('596', '712', 'O12') ON DUPLICATE KEY UPDATE serotipo_invitro = 'O12'; 
INSERT INTO secuencia(secuencia_id, aislado_id, complejo_clonal) VALUES ('712', '712', 'ST-253') ON DUPLICATE KEY UPDATE complejo_clonal = 'ST-253'; 
INSERT INTO metadata_general(aislado_id, aislado_nombre) VALUES ('67', 'CAT05-001') ON DUPLICATE KEY UPDATE aislado_nombre = 'CAT05-001'; 
INSERT INTO fenotipo(fenotipo_id, aislado_id, serotipo_invitro) VALUES ('597', '67', 'O4') ON DUPLICATE KEY UPDATE serotipo_invitro = 'O4'; 
INSERT INTO secuencia(secuencia_id, aislado_id, complejo_clonal) VALUES ('67', '67', 'ST-175') ON DUPLICATE KEY UPDATE complejo_clonal = 'ST-175'; 
INSERT INTO metadata_general(aislado_id, aislado_nombre) VALUES ('713', 'CAT05-013') ON DUPLICATE KEY UPDATE aislado_nombre = 'CAT05-013'; 
INSERT INTO fenotipo(fenotipo_id, aislado_id, serotipo_invitro) VALUES ('598', '713', 'O4') ON DUPLICATE KEY UPDATE serotipo_invitro = 'O4'; 
INSERT INTO secuencia(secuencia_id, aislado_id, complejo_clonal) VALUES ('713', '713', 'ST-175') ON DUPLICATE KEY UPDATE complejo_clonal = 'ST-175'; 
INSERT INTO metadata_general(aislado_id, aislado_nombre) VALUES ('714', 'CAT05-014') ON DUPLICATE KEY UPDATE aislado_nombre = 'CAT05-014'; 
INSERT INTO fenotipo(fenotipo_id, aislado_id, serotipo_invitro) VALUES ('599', '714', 'O4') ON DUPLICATE KEY UPDATE serotipo_invitro = 'O4'; 
INSERT INTO secuencia(secuencia_id, aislado_id, complejo_clonal) VALUES ('714', '714', 'ST-175') ON DUPLICATE KEY UPDATE complejo_clonal = 'ST-175'; 
INSERT INTO metadata_general(aislado_id, aislado_nombre) VALUES ('71', 'CAT05-019') ON DUPLICATE KEY UPDATE aislado_nombre = 'CAT05-019'; 
INSERT INTO fenotipo(fenotipo_id, aislado_id, serotipo_invitro) VALUES ('600', '71', 'O4') ON DUPLICATE KEY UPDATE serotipo_invitro = 'O4'; 
INSERT INTO secuencia(secuencia_id, aislado_id, complejo_clonal) VALUES ('71', '71', 'ST-175') ON DUPLICATE KEY UPDATE complejo_clonal = 'ST-175'; 
INSERT INTO metadata_general(aislado_id, aislado_nombre) VALUES ('715', 'CAT06-014') ON DUPLICATE KEY UPDATE aislado_nombre = 'CAT06-014'; 
INSERT INTO fenotipo(fenotipo_id, aislado_id, serotipo_invitro) VALUES ('601', '715', 'No Aglutina') ON DUPLICATE KEY UPDATE serotipo_invitro = 'No Aglutina'; 
INSERT INTO secuencia(secuencia_id, aislado_id, complejo_clonal) VALUES ('715', '715', 'nan') ON DUPLICATE KEY UPDATE complejo_clonal = 'nan'; 
INSERT INTO metadata_general(aislado_id, aislado_nombre) VALUES ('716', 'CAT06-024') ON DUPLICATE KEY UPDATE aislado_nombre = 'CAT06-024'; 
INSERT INTO fenotipo(fenotipo_id, aislado_id, serotipo_invitro) VALUES ('602', '716', 'No Aglutina') ON DUPLICATE KEY UPDATE serotipo_invitro = 'No Aglutina'; 
INSERT INTO secuencia(secuencia_id, aislado_id, complejo_clonal) VALUES ('716', '716', 'nan') ON DUPLICATE KEY UPDATE complejo_clonal = 'nan'; 
INSERT INTO metadata_general(aislado_id, aislado_nombre) VALUES ('717', 'CAT06-029') ON DUPLICATE KEY UPDATE aislado_nombre = 'CAT06-029'; 
INSERT INTO fenotipo(fenotipo_id, aislado_id, serotipo_invitro) VALUES ('603', '717', 'No Aglutina') ON DUPLICATE KEY UPDATE serotipo_invitro = 'No Aglutina'; 
INSERT INTO secuencia(secuencia_id, aislado_id, complejo_clonal) VALUES ('717', '717', 'nan') ON DUPLICATE KEY UPDATE complejo_clonal = 'nan'; 
INSERT INTO metadata_general(aislado_id, aislado_nombre) VALUES ('718', 'CAT06-015') ON DUPLICATE KEY UPDATE aislado_nombre = 'CAT06-015'; 
INSERT INTO fenotipo(fenotipo_id, aislado_id, serotipo_invitro) VALUES ('604', '718', 'O1') ON DUPLICATE KEY UPDATE serotipo_invitro = 'O1'; 
INSERT INTO secuencia(secuencia_id, aislado_id, complejo_clonal) VALUES ('718', '718', 'nan') ON DUPLICATE KEY UPDATE complejo_clonal = 'nan'; 
INSERT INTO metadata_general(aislado_id, aislado_nombre) VALUES ('719', 'CAT06-005') ON DUPLICATE KEY UPDATE aislado_nombre = 'CAT06-005'; 
INSERT INTO fenotipo(fenotipo_id, aislado_id, serotipo_invitro) VALUES ('605', '719', 'O1+O4') ON DUPLICATE KEY UPDATE serotipo_invitro = 'O1+O4'; 
INSERT INTO secuencia(secuencia_id, aislado_id, complejo_clonal) VALUES ('719', '719', 'nan') ON DUPLICATE KEY UPDATE complejo_clonal = 'nan'; 
INSERT INTO metadata_general(aislado_id, aislado_nombre) VALUES ('720', 'CAT06-027') ON DUPLICATE KEY UPDATE aislado_nombre = 'CAT06-027'; 
INSERT INTO fenotipo(fenotipo_id, aislado_id, serotipo_invitro) VALUES ('606', '720', 'O10') ON DUPLICATE KEY UPDATE serotipo_invitro = 'O10'; 
INSERT INTO secuencia(secuencia_id, aislado_id, complejo_clonal) VALUES ('720', '720', 'nan') ON DUPLICATE KEY UPDATE complejo_clonal = 'nan'; 
INSERT INTO metadata_general(aislado_id, aislado_nombre) VALUES ('721', 'CAT06-001') ON DUPLICATE KEY UPDATE aislado_nombre = 'CAT06-001'; 
INSERT INTO fenotipo(fenotipo_id, aislado_id, serotipo_invitro) VALUES ('607', '721', 'O5') ON DUPLICATE KEY UPDATE serotipo_invitro = 'O5'; 
INSERT INTO secuencia(secuencia_id, aislado_id, complejo_clonal) VALUES ('721', '721', 'nan') ON DUPLICATE KEY UPDATE complejo_clonal = 'nan'; 
INSERT INTO metadata_general(aislado_id, aislado_nombre) VALUES ('722', 'CAT06-025') ON DUPLICATE KEY UPDATE aislado_nombre = 'CAT06-025'; 
INSERT INTO fenotipo(fenotipo_id, aislado_id, serotipo_invitro) VALUES ('608', '722', 'O6') ON DUPLICATE KEY UPDATE serotipo_invitro = 'O6'; 
INSERT INTO secuencia(secuencia_id, aislado_id, complejo_clonal) VALUES ('722', '722', 'nan') ON DUPLICATE KEY UPDATE complejo_clonal = 'nan'; 
INSERT INTO metadata_general(aislado_id, aislado_nombre) VALUES ('723', 'CAT06-012') ON DUPLICATE KEY UPDATE aislado_nombre = 'CAT06-012'; 
INSERT INTO fenotipo(fenotipo_id, aislado_id, serotipo_invitro) VALUES ('609', '723', 'No Aglutina') ON DUPLICATE KEY UPDATE serotipo_invitro = 'No Aglutina'; 
INSERT INTO secuencia(secuencia_id, aislado_id, complejo_clonal) VALUES ('723', '723', 'nan') ON DUPLICATE KEY UPDATE complejo_clonal = 'nan'; 
INSERT INTO metadata_general(aislado_id, aislado_nombre) VALUES ('724', 'CAT06-026') ON DUPLICATE KEY UPDATE aislado_nombre = 'CAT06-026'; 
INSERT INTO fenotipo(fenotipo_id, aislado_id, serotipo_invitro) VALUES ('610', '724', 'No Aglutina') ON DUPLICATE KEY UPDATE serotipo_invitro = 'No Aglutina'; 
INSERT INTO secuencia(secuencia_id, aislado_id, complejo_clonal) VALUES ('724', '724', 'nan') ON DUPLICATE KEY UPDATE complejo_clonal = 'nan'; 
INSERT INTO metadata_general(aislado_id, aislado_nombre) VALUES ('725', 'CAT06-033') ON DUPLICATE KEY UPDATE aislado_nombre = 'CAT06-033'; 
INSERT INTO fenotipo(fenotipo_id, aislado_id, serotipo_invitro) VALUES ('611', '725', 'No Aglutina') ON DUPLICATE KEY UPDATE serotipo_invitro = 'No Aglutina'; 
INSERT INTO secuencia(secuencia_id, aislado_id, complejo_clonal) VALUES ('725', '725', 'nan') ON DUPLICATE KEY UPDATE complejo_clonal = 'nan'; 
INSERT INTO metadata_general(aislado_id, aislado_nombre) VALUES ('726', 'CAT06-010') ON DUPLICATE KEY UPDATE aislado_nombre = 'CAT06-010'; 
INSERT INTO fenotipo(fenotipo_id, aislado_id, serotipo_invitro) VALUES ('612', '726', 'O1') ON DUPLICATE KEY UPDATE serotipo_invitro = 'O1'; 
INSERT INTO secuencia(secuencia_id, aislado_id, complejo_clonal) VALUES ('726', '726', 'nan') ON DUPLICATE KEY UPDATE complejo_clonal = 'nan'; 
INSERT INTO metadata_general(aislado_id, aislado_nombre) VALUES ('727', 'CAT06-011') ON DUPLICATE KEY UPDATE aislado_nombre = 'CAT06-011'; 
INSERT INTO fenotipo(fenotipo_id, aislado_id, serotipo_invitro) VALUES ('613', '727', 'O11') ON DUPLICATE KEY UPDATE serotipo_invitro = 'O11'; 
INSERT INTO secuencia(secuencia_id, aislado_id, complejo_clonal) VALUES ('727', '727', 'nan') ON DUPLICATE KEY UPDATE complejo_clonal = 'nan'; 
INSERT INTO metadata_general(aislado_id, aislado_nombre) VALUES ('728', 'CAT06-017') ON DUPLICATE KEY UPDATE aislado_nombre = 'CAT06-017'; 
INSERT INTO fenotipo(fenotipo_id, aislado_id, serotipo_invitro) VALUES ('614', '728', 'O11') ON DUPLICATE KEY UPDATE serotipo_invitro = 'O11'; 
INSERT INTO secuencia(secuencia_id, aislado_id, complejo_clonal) VALUES ('728', '728', 'nan') ON DUPLICATE KEY UPDATE complejo_clonal = 'nan'; 
INSERT INTO metadata_general(aislado_id, aislado_nombre) VALUES ('729', 'CAT06-030') ON DUPLICATE KEY UPDATE aislado_nombre = 'CAT06-030'; 
INSERT INTO fenotipo(fenotipo_id, aislado_id, serotipo_invitro) VALUES ('615', '729', 'O11') ON DUPLICATE KEY UPDATE serotipo_invitro = 'O11'; 
INSERT INTO secuencia(secuencia_id, aislado_id, complejo_clonal) VALUES ('729', '729', 'nan') ON DUPLICATE KEY UPDATE complejo_clonal = 'nan'; 
INSERT INTO metadata_general(aislado_id, aislado_nombre) VALUES ('730', 'CAT06-032') ON DUPLICATE KEY UPDATE aislado_nombre = 'CAT06-032'; 
INSERT INTO fenotipo(fenotipo_id, aislado_id, serotipo_invitro) VALUES ('616', '730', 'O11') ON DUPLICATE KEY UPDATE serotipo_invitro = 'O11'; 
INSERT INTO secuencia(secuencia_id, aislado_id, complejo_clonal) VALUES ('730', '730', 'nan') ON DUPLICATE KEY UPDATE complejo_clonal = 'nan'; 
INSERT INTO metadata_general(aislado_id, aislado_nombre) VALUES ('731', 'CAT06-013') ON DUPLICATE KEY UPDATE aislado_nombre = 'CAT06-013'; 
INSERT INTO fenotipo(fenotipo_id, aislado_id, serotipo_invitro) VALUES ('617', '731', 'O3') ON DUPLICATE KEY UPDATE serotipo_invitro = 'O3'; 
INSERT INTO secuencia(secuencia_id, aislado_id, complejo_clonal) VALUES ('731', '731', 'nan') ON DUPLICATE KEY UPDATE complejo_clonal = 'nan'; 
INSERT INTO metadata_general(aislado_id, aislado_nombre) VALUES ('732', 'CAT06-020') ON DUPLICATE KEY UPDATE aislado_nombre = 'CAT06-020'; 
INSERT INTO fenotipo(fenotipo_id, aislado_id, serotipo_invitro) VALUES ('618', '732', 'O4') ON DUPLICATE KEY UPDATE serotipo_invitro = 'O4'; 
INSERT INTO secuencia(secuencia_id, aislado_id, complejo_clonal) VALUES ('732', '732', 'nan') ON DUPLICATE KEY UPDATE complejo_clonal = 'nan'; 
INSERT INTO metadata_general(aislado_id, aislado_nombre) VALUES ('733', 'CAT06-031') ON DUPLICATE KEY UPDATE aislado_nombre = 'CAT06-031'; 
INSERT INTO fenotipo(fenotipo_id, aislado_id, serotipo_invitro) VALUES ('619', '733', 'O5+O7') ON DUPLICATE KEY UPDATE serotipo_invitro = 'O5+O7'; 
INSERT INTO secuencia(secuencia_id, aislado_id, complejo_clonal) VALUES ('733', '733', 'nan') ON DUPLICATE KEY UPDATE complejo_clonal = 'nan'; 
INSERT INTO metadata_general(aislado_id, aislado_nombre) VALUES ('734', 'CAT06-004') ON DUPLICATE KEY UPDATE aislado_nombre = 'CAT06-004'; 
INSERT INTO fenotipo(fenotipo_id, aislado_id, serotipo_invitro) VALUES ('620', '734', 'O6') ON DUPLICATE KEY UPDATE serotipo_invitro = 'O6'; 
INSERT INTO secuencia(secuencia_id, aislado_id, complejo_clonal) VALUES ('734', '734', 'nan') ON DUPLICATE KEY UPDATE complejo_clonal = 'nan'; 
INSERT INTO metadata_general(aislado_id, aislado_nombre) VALUES ('735', 'CAT06-009') ON DUPLICATE KEY UPDATE aislado_nombre = 'CAT06-009'; 
INSERT INTO fenotipo(fenotipo_id, aislado_id, serotipo_invitro) VALUES ('621', '735', 'O6') ON DUPLICATE KEY UPDATE serotipo_invitro = 'O6'; 
INSERT INTO secuencia(secuencia_id, aislado_id, complejo_clonal) VALUES ('735', '735', 'nan') ON DUPLICATE KEY UPDATE complejo_clonal = 'nan'; 
INSERT INTO metadata_general(aislado_id, aislado_nombre) VALUES ('736', 'CAT06-028') ON DUPLICATE KEY UPDATE aislado_nombre = 'CAT06-028'; 
INSERT INTO fenotipo(fenotipo_id, aislado_id, serotipo_invitro) VALUES ('622', '736', 'O6') ON DUPLICATE KEY UPDATE serotipo_invitro = 'O6'; 
INSERT INTO secuencia(secuencia_id, aislado_id, complejo_clonal) VALUES ('736', '736', 'nan') ON DUPLICATE KEY UPDATE complejo_clonal = 'nan'; 
INSERT INTO metadata_general(aislado_id, aislado_nombre) VALUES ('74', 'CAT06-019') ON DUPLICATE KEY UPDATE aislado_nombre = 'CAT06-019'; 
INSERT INTO fenotipo(fenotipo_id, aislado_id, serotipo_invitro) VALUES ('623', '74', 'No Aglutina') ON DUPLICATE KEY UPDATE serotipo_invitro = 'No Aglutina'; 
INSERT INTO secuencia(secuencia_id, aislado_id, complejo_clonal) VALUES ('74', '74', 'ST-175') ON DUPLICATE KEY UPDATE complejo_clonal = 'ST-175'; 
INSERT INTO metadata_general(aislado_id, aislado_nombre) VALUES ('75', 'CAT06-021') ON DUPLICATE KEY UPDATE aislado_nombre = 'CAT06-021'; 
INSERT INTO fenotipo(fenotipo_id, aislado_id, serotipo_invitro) VALUES ('624', '75', 'No Aglutina') ON DUPLICATE KEY UPDATE serotipo_invitro = 'No Aglutina'; 
INSERT INTO secuencia(secuencia_id, aislado_id, complejo_clonal) VALUES ('75', '75', 'ST-1134') ON DUPLICATE KEY UPDATE complejo_clonal = 'ST-1134'; 
INSERT INTO metadata_general(aislado_id, aislado_nombre) VALUES ('76', 'CAT06-022') ON DUPLICATE KEY UPDATE aislado_nombre = 'CAT06-022'; 
INSERT INTO fenotipo(fenotipo_id, aislado_id, serotipo_invitro) VALUES ('625', '76', 'No aglutina (O1* dbil)') ON DUPLICATE KEY UPDATE serotipo_invitro = 'No aglutina (O1* dbil)'; 
INSERT INTO secuencia(secuencia_id, aislado_id, complejo_clonal) VALUES ('76', '76', 'ST-1134') ON DUPLICATE KEY UPDATE complejo_clonal = 'ST-1134'; 
INSERT INTO metadata_general(aislado_id, aislado_nombre) VALUES ('72', 'CAT06-008') ON DUPLICATE KEY UPDATE aislado_nombre = 'CAT06-008'; 
INSERT INTO fenotipo(fenotipo_id, aislado_id, serotipo_invitro) VALUES ('626', '72', 'No aglutina') ON DUPLICATE KEY UPDATE serotipo_invitro = 'No aglutina'; 
INSERT INTO secuencia(secuencia_id, aislado_id, complejo_clonal) VALUES ('72', '72', 'ST-175') ON DUPLICATE KEY UPDATE complejo_clonal = 'ST-175'; 
INSERT INTO metadata_general(aislado_id, aislado_nombre) VALUES ('737', 'CAT06-018') ON DUPLICATE KEY UPDATE aislado_nombre = 'CAT06-018'; 
INSERT INTO fenotipo(fenotipo_id, aislado_id, serotipo_invitro) VALUES ('627', '737', 'No aglutina') ON DUPLICATE KEY UPDATE serotipo_invitro = 'No aglutina'; 
INSERT INTO secuencia(secuencia_id, aislado_id, complejo_clonal) VALUES ('737', '737', 'ST-175') ON DUPLICATE KEY UPDATE complejo_clonal = 'ST-175'; 
INSERT INTO metadata_general(aislado_id, aislado_nombre) VALUES ('77', 'CAT06-023') ON DUPLICATE KEY UPDATE aislado_nombre = 'CAT06-023'; 
INSERT INTO fenotipo(fenotipo_id, aislado_id, serotipo_invitro) VALUES ('628', '77', 'O2+O5') ON DUPLICATE KEY UPDATE serotipo_invitro = 'O2+O5'; 
INSERT INTO secuencia(secuencia_id, aislado_id, complejo_clonal) VALUES ('77', '77', 'ST-244') ON DUPLICATE KEY UPDATE complejo_clonal = 'ST-244'; 
INSERT INTO metadata_general(aislado_id, aislado_nombre) VALUES ('73', 'CAT06-016') ON DUPLICATE KEY UPDATE aislado_nombre = 'CAT06-016'; 
INSERT INTO fenotipo(fenotipo_id, aislado_id, serotipo_invitro) VALUES ('629', '73', 'O4') ON DUPLICATE KEY UPDATE serotipo_invitro = 'O4'; 
INSERT INTO secuencia(secuencia_id, aislado_id, complejo_clonal) VALUES ('73', '73', 'ST-175') ON DUPLICATE KEY UPDATE complejo_clonal = 'ST-175'; 
INSERT INTO metadata_general(aislado_id, aislado_nombre) VALUES ('738', 'CAT07-010 ') ON DUPLICATE KEY UPDATE aislado_nombre = 'CAT07-010 '; 
INSERT INTO fenotipo(fenotipo_id, aislado_id, serotipo_invitro) VALUES ('630', '738', 'O11') ON DUPLICATE KEY UPDATE serotipo_invitro = 'O11'; 
INSERT INTO secuencia(secuencia_id, aislado_id, complejo_clonal) VALUES ('738', '738', 'nan') ON DUPLICATE KEY UPDATE complejo_clonal = 'nan'; 
INSERT INTO metadata_general(aislado_id, aislado_nombre) VALUES ('739', 'CAT07-002  ') ON DUPLICATE KEY UPDATE aislado_nombre = 'CAT07-002  '; 
INSERT INTO fenotipo(fenotipo_id, aislado_id, serotipo_invitro) VALUES ('631', '739', 'No Aglutina') ON DUPLICATE KEY UPDATE serotipo_invitro = 'No Aglutina'; 
INSERT INTO secuencia(secuencia_id, aislado_id, complejo_clonal) VALUES ('739', '739', 'nan') ON DUPLICATE KEY UPDATE complejo_clonal = 'nan'; 
INSERT INTO metadata_general(aislado_id, aislado_nombre) VALUES ('740', 'CAT07-019 ') ON DUPLICATE KEY UPDATE aislado_nombre = 'CAT07-019 '; 
INSERT INTO fenotipo(fenotipo_id, aislado_id, serotipo_invitro) VALUES ('632', '740', 'No Aglutina') ON DUPLICATE KEY UPDATE serotipo_invitro = 'No Aglutina'; 
INSERT INTO secuencia(secuencia_id, aislado_id, complejo_clonal) VALUES ('740', '740', 'nan') ON DUPLICATE KEY UPDATE complejo_clonal = 'nan'; 
INSERT INTO metadata_general(aislado_id, aislado_nombre) VALUES ('741', 'CAT07-001 ') ON DUPLICATE KEY UPDATE aislado_nombre = 'CAT07-001 '; 
INSERT INTO fenotipo(fenotipo_id, aislado_id, serotipo_invitro) VALUES ('633', '741', 'O1') ON DUPLICATE KEY UPDATE serotipo_invitro = 'O1'; 
INSERT INTO secuencia(secuencia_id, aislado_id, complejo_clonal) VALUES ('741', '741', 'nan') ON DUPLICATE KEY UPDATE complejo_clonal = 'nan'; 
INSERT INTO metadata_general(aislado_id, aislado_nombre) VALUES ('742', 'CAT07-028 ') ON DUPLICATE KEY UPDATE aislado_nombre = 'CAT07-028 '; 
INSERT INTO fenotipo(fenotipo_id, aislado_id, serotipo_invitro) VALUES ('634', '742', 'O1') ON DUPLICATE KEY UPDATE serotipo_invitro = 'O1'; 
INSERT INTO secuencia(secuencia_id, aislado_id, complejo_clonal) VALUES ('742', '742', 'nan') ON DUPLICATE KEY UPDATE complejo_clonal = 'nan'; 
INSERT INTO metadata_general(aislado_id, aislado_nombre) VALUES ('743', 'CAT07-004') ON DUPLICATE KEY UPDATE aislado_nombre = 'CAT07-004'; 
INSERT INTO fenotipo(fenotipo_id, aislado_id, serotipo_invitro) VALUES ('635', '743', 'O1+O11') ON DUPLICATE KEY UPDATE serotipo_invitro = 'O1+O11'; 
INSERT INTO secuencia(secuencia_id, aislado_id, complejo_clonal) VALUES ('743', '743', 'nan') ON DUPLICATE KEY UPDATE complejo_clonal = 'nan'; 
INSERT INTO metadata_general(aislado_id, aislado_nombre) VALUES ('744', 'CAT07-025 ') ON DUPLICATE KEY UPDATE aislado_nombre = 'CAT07-025 '; 
INSERT INTO fenotipo(fenotipo_id, aislado_id, serotipo_invitro) VALUES ('636', '744', 'O11') ON DUPLICATE KEY UPDATE serotipo_invitro = 'O11'; 
INSERT INTO secuencia(secuencia_id, aislado_id, complejo_clonal) VALUES ('744', '744', 'nan') ON DUPLICATE KEY UPDATE complejo_clonal = 'nan'; 
INSERT INTO metadata_general(aislado_id, aislado_nombre) VALUES ('745', 'CAT07-017 ') ON DUPLICATE KEY UPDATE aislado_nombre = 'CAT07-017 '; 
INSERT INTO fenotipo(fenotipo_id, aislado_id, serotipo_invitro) VALUES ('637', '745', 'O2') ON DUPLICATE KEY UPDATE serotipo_invitro = 'O2'; 
INSERT INTO secuencia(secuencia_id, aislado_id, complejo_clonal) VALUES ('745', '745', 'nan') ON DUPLICATE KEY UPDATE complejo_clonal = 'nan'; 
INSERT INTO metadata_general(aislado_id, aislado_nombre) VALUES ('746', 'CAT07-027 ') ON DUPLICATE KEY UPDATE aislado_nombre = 'CAT07-027 '; 
INSERT INTO fenotipo(fenotipo_id, aislado_id, serotipo_invitro) VALUES ('638', '746', 'O3') ON DUPLICATE KEY UPDATE serotipo_invitro = 'O3'; 
INSERT INTO secuencia(secuencia_id, aislado_id, complejo_clonal) VALUES ('746', '746', 'nan') ON DUPLICATE KEY UPDATE complejo_clonal = 'nan'; 
INSERT INTO metadata_general(aislado_id, aislado_nombre) VALUES ('747', 'CAT07-007') ON DUPLICATE KEY UPDATE aislado_nombre = 'CAT07-007'; 
INSERT INTO fenotipo(fenotipo_id, aislado_id, serotipo_invitro) VALUES ('639', '747', 'O5') ON DUPLICATE KEY UPDATE serotipo_invitro = 'O5'; 
INSERT INTO secuencia(secuencia_id, aislado_id, complejo_clonal) VALUES ('747', '747', 'nan') ON DUPLICATE KEY UPDATE complejo_clonal = 'nan'; 
INSERT INTO metadata_general(aislado_id, aislado_nombre) VALUES ('748', 'CAT07-011 ') ON DUPLICATE KEY UPDATE aislado_nombre = 'CAT07-011 '; 
INSERT INTO fenotipo(fenotipo_id, aislado_id, serotipo_invitro) VALUES ('640', '748', 'O5') ON DUPLICATE KEY UPDATE serotipo_invitro = 'O5'; 
INSERT INTO secuencia(secuencia_id, aislado_id, complejo_clonal) VALUES ('748', '748', 'nan') ON DUPLICATE KEY UPDATE complejo_clonal = 'nan'; 
INSERT INTO metadata_general(aislado_id, aislado_nombre) VALUES ('749', 'CAT07-015 ') ON DUPLICATE KEY UPDATE aislado_nombre = 'CAT07-015 '; 
INSERT INTO fenotipo(fenotipo_id, aislado_id, serotipo_invitro) VALUES ('641', '749', 'O5') ON DUPLICATE KEY UPDATE serotipo_invitro = 'O5'; 
INSERT INTO secuencia(secuencia_id, aislado_id, complejo_clonal) VALUES ('749', '749', 'nan') ON DUPLICATE KEY UPDATE complejo_clonal = 'nan'; 
INSERT INTO metadata_general(aislado_id, aislado_nombre) VALUES ('750', 'CAT07-026 ') ON DUPLICATE KEY UPDATE aislado_nombre = 'CAT07-026 '; 
INSERT INTO fenotipo(fenotipo_id, aislado_id, serotipo_invitro) VALUES ('642', '750', 'O5') ON DUPLICATE KEY UPDATE serotipo_invitro = 'O5'; 
INSERT INTO secuencia(secuencia_id, aislado_id, complejo_clonal) VALUES ('750', '750', 'nan') ON DUPLICATE KEY UPDATE complejo_clonal = 'nan'; 
INSERT INTO metadata_general(aislado_id, aislado_nombre) VALUES ('751', 'CAT07-003 ') ON DUPLICATE KEY UPDATE aislado_nombre = 'CAT07-003 '; 
INSERT INTO fenotipo(fenotipo_id, aislado_id, serotipo_invitro) VALUES ('643', '751', 'O6') ON DUPLICATE KEY UPDATE serotipo_invitro = 'O6'; 
INSERT INTO secuencia(secuencia_id, aislado_id, complejo_clonal) VALUES ('751', '751', 'nan') ON DUPLICATE KEY UPDATE complejo_clonal = 'nan'; 
INSERT INTO metadata_general(aislado_id, aislado_nombre) VALUES ('752', 'CAT07-005') ON DUPLICATE KEY UPDATE aislado_nombre = 'CAT07-005'; 
INSERT INTO fenotipo(fenotipo_id, aislado_id, serotipo_invitro) VALUES ('644', '752', 'O6') ON DUPLICATE KEY UPDATE serotipo_invitro = 'O6'; 
INSERT INTO secuencia(secuencia_id, aislado_id, complejo_clonal) VALUES ('752', '752', 'nan') ON DUPLICATE KEY UPDATE complejo_clonal = 'nan'; 
INSERT INTO metadata_general(aislado_id, aislado_nombre) VALUES ('753', 'CAT07-008 ') ON DUPLICATE KEY UPDATE aislado_nombre = 'CAT07-008 '; 
INSERT INTO fenotipo(fenotipo_id, aislado_id, serotipo_invitro) VALUES ('645', '753', 'O6') ON DUPLICATE KEY UPDATE serotipo_invitro = 'O6'; 
INSERT INTO secuencia(secuencia_id, aislado_id, complejo_clonal) VALUES ('753', '753', 'nan') ON DUPLICATE KEY UPDATE complejo_clonal = 'nan'; 
INSERT INTO metadata_general(aislado_id, aislado_nombre) VALUES ('754', 'CAT07-014') ON DUPLICATE KEY UPDATE aislado_nombre = 'CAT07-014'; 
INSERT INTO fenotipo(fenotipo_id, aislado_id, serotipo_invitro) VALUES ('646', '754', 'O6') ON DUPLICATE KEY UPDATE serotipo_invitro = 'O6'; 
INSERT INTO secuencia(secuencia_id, aislado_id, complejo_clonal) VALUES ('754', '754', 'nan') ON DUPLICATE KEY UPDATE complejo_clonal = 'nan'; 
INSERT INTO metadata_general(aislado_id, aislado_nombre) VALUES ('755', 'CAT07-023 ') ON DUPLICATE KEY UPDATE aislado_nombre = 'CAT07-023 '; 
INSERT INTO fenotipo(fenotipo_id, aislado_id, serotipo_invitro) VALUES ('647', '755', 'O6') ON DUPLICATE KEY UPDATE serotipo_invitro = 'O6'; 
INSERT INTO secuencia(secuencia_id, aislado_id, complejo_clonal) VALUES ('755', '755', 'nan') ON DUPLICATE KEY UPDATE complejo_clonal = 'nan'; 
INSERT INTO metadata_general(aislado_id, aislado_nombre) VALUES ('756', 'CAT07-006 ') ON DUPLICATE KEY UPDATE aislado_nombre = 'CAT07-006 '; 
INSERT INTO fenotipo(fenotipo_id, aislado_id, serotipo_invitro) VALUES ('648', '756', 'O7') ON DUPLICATE KEY UPDATE serotipo_invitro = 'O7'; 
INSERT INTO secuencia(secuencia_id, aislado_id, complejo_clonal) VALUES ('756', '756', 'nan') ON DUPLICATE KEY UPDATE complejo_clonal = 'nan'; 
INSERT INTO metadata_general(aislado_id, aislado_nombre) VALUES ('757', 'CAT07-020 ') ON DUPLICATE KEY UPDATE aislado_nombre = 'CAT07-020 '; 
INSERT INTO fenotipo(fenotipo_id, aislado_id, serotipo_invitro) VALUES ('649', '757', 'O7') ON DUPLICATE KEY UPDATE serotipo_invitro = 'O7'; 
INSERT INTO secuencia(secuencia_id, aislado_id, complejo_clonal) VALUES ('757', '757', 'nan') ON DUPLICATE KEY UPDATE complejo_clonal = 'nan'; 
INSERT INTO metadata_general(aislado_id, aislado_nombre) VALUES ('758', 'CAT08-030') ON DUPLICATE KEY UPDATE aislado_nombre = 'CAT08-030'; 
INSERT INTO fenotipo(fenotipo_id, aislado_id, serotipo_invitro) VALUES ('650', '758', 'O10') ON DUPLICATE KEY UPDATE serotipo_invitro = 'O10'; 
INSERT INTO secuencia(secuencia_id, aislado_id, complejo_clonal) VALUES ('758', '758', 'nan') ON DUPLICATE KEY UPDATE complejo_clonal = 'nan'; 
INSERT INTO metadata_general(aislado_id, aislado_nombre) VALUES ('759', 'CAT08-039') ON DUPLICATE KEY UPDATE aislado_nombre = 'CAT08-039'; 
INSERT INTO fenotipo(fenotipo_id, aislado_id, serotipo_invitro) VALUES ('651', '759', 'O3') ON DUPLICATE KEY UPDATE serotipo_invitro = 'O3'; 
INSERT INTO secuencia(secuencia_id, aislado_id, complejo_clonal) VALUES ('759', '759', 'nan') ON DUPLICATE KEY UPDATE complejo_clonal = 'nan'; 
INSERT INTO metadata_general(aislado_id, aislado_nombre) VALUES ('760', 'CAT08-022') ON DUPLICATE KEY UPDATE aislado_nombre = 'CAT08-022'; 
INSERT INTO fenotipo(fenotipo_id, aislado_id, serotipo_invitro) VALUES ('652', '760', 'No Aglutina') ON DUPLICATE KEY UPDATE serotipo_invitro = 'No Aglutina'; 
INSERT INTO secuencia(secuencia_id, aislado_id, complejo_clonal) VALUES ('760', '760', 'nan') ON DUPLICATE KEY UPDATE complejo_clonal = 'nan'; 
INSERT INTO metadata_general(aislado_id, aislado_nombre) VALUES ('761', 'CAT08-031') ON DUPLICATE KEY UPDATE aislado_nombre = 'CAT08-031'; 
INSERT INTO fenotipo(fenotipo_id, aislado_id, serotipo_invitro) VALUES ('653', '761', 'O1') ON DUPLICATE KEY UPDATE serotipo_invitro = 'O1'; 
INSERT INTO secuencia(secuencia_id, aislado_id, complejo_clonal) VALUES ('761', '761', 'nan') ON DUPLICATE KEY UPDATE complejo_clonal = 'nan'; 
INSERT INTO metadata_general(aislado_id, aislado_nombre) VALUES ('762', 'CAT08-036') ON DUPLICATE KEY UPDATE aislado_nombre = 'CAT08-036'; 
INSERT INTO fenotipo(fenotipo_id, aislado_id, serotipo_invitro) VALUES ('654', '762', 'O1') ON DUPLICATE KEY UPDATE serotipo_invitro = 'O1'; 
INSERT INTO secuencia(secuencia_id, aislado_id, complejo_clonal) VALUES ('762', '762', 'nan') ON DUPLICATE KEY UPDATE complejo_clonal = 'nan'; 
INSERT INTO metadata_general(aislado_id, aislado_nombre) VALUES ('763', 'CAT08-038') ON DUPLICATE KEY UPDATE aislado_nombre = 'CAT08-038'; 
INSERT INTO fenotipo(fenotipo_id, aislado_id, serotipo_invitro) VALUES ('655', '763', 'O1') ON DUPLICATE KEY UPDATE serotipo_invitro = 'O1'; 
INSERT INTO secuencia(secuencia_id, aislado_id, complejo_clonal) VALUES ('763', '763', 'nan') ON DUPLICATE KEY UPDATE complejo_clonal = 'nan'; 
INSERT INTO metadata_general(aislado_id, aislado_nombre) VALUES ('764', 'CAT08-028') ON DUPLICATE KEY UPDATE aislado_nombre = 'CAT08-028'; 
INSERT INTO fenotipo(fenotipo_id, aislado_id, serotipo_invitro) VALUES ('656', '764', 'O10') ON DUPLICATE KEY UPDATE serotipo_invitro = 'O10'; 
INSERT INTO secuencia(secuencia_id, aislado_id, complejo_clonal) VALUES ('764', '764', 'nan') ON DUPLICATE KEY UPDATE complejo_clonal = 'nan'; 
INSERT INTO metadata_general(aislado_id, aislado_nombre) VALUES ('765', 'CAT08-024') ON DUPLICATE KEY UPDATE aislado_nombre = 'CAT08-024'; 
INSERT INTO fenotipo(fenotipo_id, aislado_id, serotipo_invitro) VALUES ('657', '765', 'O11') ON DUPLICATE KEY UPDATE serotipo_invitro = 'O11'; 
INSERT INTO secuencia(secuencia_id, aislado_id, complejo_clonal) VALUES ('765', '765', 'nan') ON DUPLICATE KEY UPDATE complejo_clonal = 'nan'; 
INSERT INTO metadata_general(aislado_id, aislado_nombre) VALUES ('766', 'CAT08-042') ON DUPLICATE KEY UPDATE aislado_nombre = 'CAT08-042'; 
INSERT INTO fenotipo(fenotipo_id, aislado_id, serotipo_invitro) VALUES ('658', '766', 'O11') ON DUPLICATE KEY UPDATE serotipo_invitro = 'O11'; 
INSERT INTO secuencia(secuencia_id, aislado_id, complejo_clonal) VALUES ('766', '766', 'nan') ON DUPLICATE KEY UPDATE complejo_clonal = 'nan'; 
INSERT INTO metadata_general(aislado_id, aislado_nombre) VALUES ('767', 'CAT08-029') ON DUPLICATE KEY UPDATE aislado_nombre = 'CAT08-029'; 
INSERT INTO fenotipo(fenotipo_id, aislado_id, serotipo_invitro) VALUES ('659', '767', 'O2') ON DUPLICATE KEY UPDATE serotipo_invitro = 'O2'; 
INSERT INTO secuencia(secuencia_id, aislado_id, complejo_clonal) VALUES ('767', '767', 'nan') ON DUPLICATE KEY UPDATE complejo_clonal = 'nan'; 
INSERT INTO metadata_general(aislado_id, aislado_nombre) VALUES ('768', 'CAT08-040') ON DUPLICATE KEY UPDATE aislado_nombre = 'CAT08-040'; 
INSERT INTO fenotipo(fenotipo_id, aislado_id, serotipo_invitro) VALUES ('660', '768', 'O2') ON DUPLICATE KEY UPDATE serotipo_invitro = 'O2'; 
INSERT INTO secuencia(secuencia_id, aislado_id, complejo_clonal) VALUES ('768', '768', 'nan') ON DUPLICATE KEY UPDATE complejo_clonal = 'nan'; 
INSERT INTO metadata_general(aislado_id, aislado_nombre) VALUES ('769', 'CAT08-014') ON DUPLICATE KEY UPDATE aislado_nombre = 'CAT08-014'; 
INSERT INTO fenotipo(fenotipo_id, aislado_id, serotipo_invitro) VALUES ('661', '769', 'O3') ON DUPLICATE KEY UPDATE serotipo_invitro = 'O3'; 
INSERT INTO secuencia(secuencia_id, aislado_id, complejo_clonal) VALUES ('769', '769', 'nan') ON DUPLICATE KEY UPDATE complejo_clonal = 'nan'; 
INSERT INTO metadata_general(aislado_id, aislado_nombre) VALUES ('770', 'CAT08-021') ON DUPLICATE KEY UPDATE aislado_nombre = 'CAT08-021'; 
INSERT INTO fenotipo(fenotipo_id, aislado_id, serotipo_invitro) VALUES ('662', '770', 'O3') ON DUPLICATE KEY UPDATE serotipo_invitro = 'O3'; 
INSERT INTO secuencia(secuencia_id, aislado_id, complejo_clonal) VALUES ('770', '770', 'nan') ON DUPLICATE KEY UPDATE complejo_clonal = 'nan'; 
INSERT INTO metadata_general(aislado_id, aislado_nombre) VALUES ('771', 'CAT08-032') ON DUPLICATE KEY UPDATE aislado_nombre = 'CAT08-032'; 
INSERT INTO fenotipo(fenotipo_id, aislado_id, serotipo_invitro) VALUES ('663', '771', 'O3') ON DUPLICATE KEY UPDATE serotipo_invitro = 'O3'; 
INSERT INTO secuencia(secuencia_id, aislado_id, complejo_clonal) VALUES ('771', '771', 'nan') ON DUPLICATE KEY UPDATE complejo_clonal = 'nan'; 
INSERT INTO metadata_general(aislado_id, aislado_nombre) VALUES ('772', 'CAT08-041') ON DUPLICATE KEY UPDATE aislado_nombre = 'CAT08-041'; 
INSERT INTO fenotipo(fenotipo_id, aislado_id, serotipo_invitro) VALUES ('664', '772', 'O4') ON DUPLICATE KEY UPDATE serotipo_invitro = 'O4'; 
INSERT INTO secuencia(secuencia_id, aislado_id, complejo_clonal) VALUES ('772', '772', 'nan') ON DUPLICATE KEY UPDATE complejo_clonal = 'nan'; 
INSERT INTO metadata_general(aislado_id, aislado_nombre) VALUES ('773', 'CAT08-023') ON DUPLICATE KEY UPDATE aislado_nombre = 'CAT08-023'; 
INSERT INTO fenotipo(fenotipo_id, aislado_id, serotipo_invitro) VALUES ('665', '773', 'O5') ON DUPLICATE KEY UPDATE serotipo_invitro = 'O5'; 
INSERT INTO secuencia(secuencia_id, aislado_id, complejo_clonal) VALUES ('773', '773', 'nan') ON DUPLICATE KEY UPDATE complejo_clonal = 'nan'; 
INSERT INTO metadata_general(aislado_id, aislado_nombre) VALUES ('774', 'CAT08-027') ON DUPLICATE KEY UPDATE aislado_nombre = 'CAT08-027'; 
INSERT INTO fenotipo(fenotipo_id, aislado_id, serotipo_invitro) VALUES ('666', '774', 'O5') ON DUPLICATE KEY UPDATE serotipo_invitro = 'O5'; 
INSERT INTO secuencia(secuencia_id, aislado_id, complejo_clonal) VALUES ('774', '774', 'nan') ON DUPLICATE KEY UPDATE complejo_clonal = 'nan'; 
INSERT INTO metadata_general(aislado_id, aislado_nombre) VALUES ('775', 'CAT08-013') ON DUPLICATE KEY UPDATE aislado_nombre = 'CAT08-013'; 
INSERT INTO fenotipo(fenotipo_id, aislado_id, serotipo_invitro) VALUES ('667', '775', 'O6') ON DUPLICATE KEY UPDATE serotipo_invitro = 'O6'; 
INSERT INTO secuencia(secuencia_id, aislado_id, complejo_clonal) VALUES ('775', '775', 'nan') ON DUPLICATE KEY UPDATE complejo_clonal = 'nan'; 
INSERT INTO metadata_general(aislado_id, aislado_nombre) VALUES ('776', 'CAT08-015') ON DUPLICATE KEY UPDATE aislado_nombre = 'CAT08-015'; 
INSERT INTO fenotipo(fenotipo_id, aislado_id, serotipo_invitro) VALUES ('668', '776', 'O6') ON DUPLICATE KEY UPDATE serotipo_invitro = 'O6'; 
INSERT INTO secuencia(secuencia_id, aislado_id, complejo_clonal) VALUES ('776', '776', 'nan') ON DUPLICATE KEY UPDATE complejo_clonal = 'nan'; 
INSERT INTO metadata_general(aislado_id, aislado_nombre) VALUES ('777', 'CAT08-016') ON DUPLICATE KEY UPDATE aislado_nombre = 'CAT08-016'; 
INSERT INTO fenotipo(fenotipo_id, aislado_id, serotipo_invitro) VALUES ('669', '777', 'O6') ON DUPLICATE KEY UPDATE serotipo_invitro = 'O6'; 
INSERT INTO secuencia(secuencia_id, aislado_id, complejo_clonal) VALUES ('777', '777', 'nan') ON DUPLICATE KEY UPDATE complejo_clonal = 'nan'; 
INSERT INTO metadata_general(aislado_id, aislado_nombre) VALUES ('778', 'CAT08-033') ON DUPLICATE KEY UPDATE aislado_nombre = 'CAT08-033'; 
INSERT INTO fenotipo(fenotipo_id, aislado_id, serotipo_invitro) VALUES ('670', '778', 'O6') ON DUPLICATE KEY UPDATE serotipo_invitro = 'O6'; 
INSERT INTO secuencia(secuencia_id, aislado_id, complejo_clonal) VALUES ('778', '778', 'nan') ON DUPLICATE KEY UPDATE complejo_clonal = 'nan'; 
INSERT INTO metadata_general(aislado_id, aislado_nombre) VALUES ('779', 'CAT08-037') ON DUPLICATE KEY UPDATE aislado_nombre = 'CAT08-037'; 
INSERT INTO fenotipo(fenotipo_id, aislado_id, serotipo_invitro) VALUES ('671', '779', 'O6') ON DUPLICATE KEY UPDATE serotipo_invitro = 'O6'; 
INSERT INTO secuencia(secuencia_id, aislado_id, complejo_clonal) VALUES ('779', '779', 'nan') ON DUPLICATE KEY UPDATE complejo_clonal = 'nan'; 
INSERT INTO metadata_general(aislado_id, aislado_nombre) VALUES ('780', 'CAT08-017') ON DUPLICATE KEY UPDATE aislado_nombre = 'CAT08-017'; 
INSERT INTO fenotipo(fenotipo_id, aislado_id, serotipo_invitro) VALUES ('672', '780', 'O8') ON DUPLICATE KEY UPDATE serotipo_invitro = 'O8'; 
INSERT INTO secuencia(secuencia_id, aislado_id, complejo_clonal) VALUES ('780', '780', 'nan') ON DUPLICATE KEY UPDATE complejo_clonal = 'nan'; 
INSERT INTO metadata_general(aislado_id, aislado_nombre) VALUES ('781', 'CAT08-018') ON DUPLICATE KEY UPDATE aislado_nombre = 'CAT08-018'; 
INSERT INTO fenotipo(fenotipo_id, aislado_id, serotipo_invitro) VALUES ('673', '781', 'O8') ON DUPLICATE KEY UPDATE serotipo_invitro = 'O8'; 
INSERT INTO secuencia(secuencia_id, aislado_id, complejo_clonal) VALUES ('781', '781', 'nan') ON DUPLICATE KEY UPDATE complejo_clonal = 'nan'; 
INSERT INTO metadata_general(aislado_id, aislado_nombre) VALUES ('782', 'CAT08-019') ON DUPLICATE KEY UPDATE aislado_nombre = 'CAT08-019'; 
INSERT INTO fenotipo(fenotipo_id, aislado_id, serotipo_invitro) VALUES ('674', '782', 'O9') ON DUPLICATE KEY UPDATE serotipo_invitro = 'O9'; 
INSERT INTO secuencia(secuencia_id, aislado_id, complejo_clonal) VALUES ('782', '782', 'nan') ON DUPLICATE KEY UPDATE complejo_clonal = 'nan'; 
INSERT INTO metadata_general(aislado_id, aislado_nombre) VALUES ('81', 'CAT08-034') ON DUPLICATE KEY UPDATE aislado_nombre = 'CAT08-034'; 
INSERT INTO fenotipo(fenotipo_id, aislado_id, serotipo_invitro) VALUES ('675', '81', 'O4') ON DUPLICATE KEY UPDATE serotipo_invitro = 'O4'; 
INSERT INTO secuencia(secuencia_id, aislado_id, complejo_clonal) VALUES ('81', '81', 'ST-175') ON DUPLICATE KEY UPDATE complejo_clonal = 'ST-175'; 
INSERT INTO metadata_general(aislado_id, aislado_nombre) VALUES ('783', 'CAT08-035') ON DUPLICATE KEY UPDATE aislado_nombre = 'CAT08-035'; 
INSERT INTO fenotipo(fenotipo_id, aislado_id, serotipo_invitro) VALUES ('676', '783', 'No Aglutina') ON DUPLICATE KEY UPDATE serotipo_invitro = 'No Aglutina'; 
INSERT INTO secuencia(secuencia_id, aislado_id, complejo_clonal) VALUES ('783', '783', 'ST-175') ON DUPLICATE KEY UPDATE complejo_clonal = 'ST-175'; 
INSERT INTO metadata_general(aislado_id, aislado_nombre) VALUES ('80', 'CAT08-026') ON DUPLICATE KEY UPDATE aislado_nombre = 'CAT08-026'; 
INSERT INTO fenotipo(fenotipo_id, aislado_id, serotipo_invitro) VALUES ('677', '80', 'O3') ON DUPLICATE KEY UPDATE serotipo_invitro = 'O3'; 
INSERT INTO secuencia(secuencia_id, aislado_id, complejo_clonal) VALUES ('80', '80', 'ST-299') ON DUPLICATE KEY UPDATE complejo_clonal = 'ST-299'; 
INSERT INTO metadata_general(aislado_id, aislado_nombre) VALUES ('78', 'CAT08-020') ON DUPLICATE KEY UPDATE aislado_nombre = 'CAT08-020'; 
INSERT INTO fenotipo(fenotipo_id, aislado_id, serotipo_invitro) VALUES ('678', '78', 'O4') ON DUPLICATE KEY UPDATE serotipo_invitro = 'O4'; 
INSERT INTO secuencia(secuencia_id, aislado_id, complejo_clonal) VALUES ('78', '78', 'ST-175') ON DUPLICATE KEY UPDATE complejo_clonal = 'ST-175'; 
INSERT INTO metadata_general(aislado_id, aislado_nombre) VALUES ('79', 'CAT08-025') ON DUPLICATE KEY UPDATE aislado_nombre = 'CAT08-025'; 
INSERT INTO fenotipo(fenotipo_id, aislado_id, serotipo_invitro) VALUES ('679', '79', 'No Aglutina') ON DUPLICATE KEY UPDATE serotipo_invitro = 'No Aglutina'; 
INSERT INTO secuencia(secuencia_id, aislado_id, complejo_clonal) VALUES ('79', '79', 'ST-1889') ON DUPLICATE KEY UPDATE complejo_clonal = 'ST-1889'; 
INSERT INTO metadata_general(aislado_id, aislado_nombre) VALUES ('784', 'CAT09-019') ON DUPLICATE KEY UPDATE aislado_nombre = 'CAT09-019'; 
INSERT INTO fenotipo(fenotipo_id, aislado_id, serotipo_invitro) VALUES ('680', '784', 'No aglutina') ON DUPLICATE KEY UPDATE serotipo_invitro = 'No aglutina'; 
INSERT INTO secuencia(secuencia_id, aislado_id, complejo_clonal) VALUES ('784', '784', 'nan') ON DUPLICATE KEY UPDATE complejo_clonal = 'nan'; 
INSERT INTO metadata_general(aislado_id, aislado_nombre) VALUES ('785', 'CAT09-030') ON DUPLICATE KEY UPDATE aislado_nombre = 'CAT09-030'; 
INSERT INTO fenotipo(fenotipo_id, aislado_id, serotipo_invitro) VALUES ('681', '785', 'No aglutina') ON DUPLICATE KEY UPDATE serotipo_invitro = 'No aglutina'; 
INSERT INTO secuencia(secuencia_id, aislado_id, complejo_clonal) VALUES ('785', '785', 'nan') ON DUPLICATE KEY UPDATE complejo_clonal = 'nan'; 
INSERT INTO metadata_general(aislado_id, aislado_nombre) VALUES ('786', 'CAT09-010') ON DUPLICATE KEY UPDATE aislado_nombre = 'CAT09-010'; 
INSERT INTO fenotipo(fenotipo_id, aislado_id, serotipo_invitro) VALUES ('682', '786', 'O1+O2+O4') ON DUPLICATE KEY UPDATE serotipo_invitro = 'O1+O2+O4'; 
INSERT INTO secuencia(secuencia_id, aislado_id, complejo_clonal) VALUES ('786', '786', 'nan') ON DUPLICATE KEY UPDATE complejo_clonal = 'nan'; 
INSERT INTO metadata_general(aislado_id, aislado_nombre) VALUES ('787', 'CAT09-005') ON DUPLICATE KEY UPDATE aislado_nombre = 'CAT09-005'; 
INSERT INTO fenotipo(fenotipo_id, aislado_id, serotipo_invitro) VALUES ('683', '787', 'No aglutina') ON DUPLICATE KEY UPDATE serotipo_invitro = 'No aglutina'; 
INSERT INTO secuencia(secuencia_id, aislado_id, complejo_clonal) VALUES ('787', '787', 'nan') ON DUPLICATE KEY UPDATE complejo_clonal = 'nan'; 
INSERT INTO metadata_general(aislado_id, aislado_nombre) VALUES ('788', 'CAT09-007') ON DUPLICATE KEY UPDATE aislado_nombre = 'CAT09-007'; 
INSERT INTO fenotipo(fenotipo_id, aislado_id, serotipo_invitro) VALUES ('684', '788', 'No aglutina') ON DUPLICATE KEY UPDATE serotipo_invitro = 'No aglutina'; 
INSERT INTO secuencia(secuencia_id, aislado_id, complejo_clonal) VALUES ('788', '788', 'nan') ON DUPLICATE KEY UPDATE complejo_clonal = 'nan'; 
INSERT INTO metadata_general(aislado_id, aislado_nombre) VALUES ('789', 'CAT09-017') ON DUPLICATE KEY UPDATE aislado_nombre = 'CAT09-017'; 
INSERT INTO fenotipo(fenotipo_id, aislado_id, serotipo_invitro) VALUES ('685', '789', 'O1') ON DUPLICATE KEY UPDATE serotipo_invitro = 'O1'; 
INSERT INTO secuencia(secuencia_id, aislado_id, complejo_clonal) VALUES ('789', '789', 'nan') ON DUPLICATE KEY UPDATE complejo_clonal = 'nan'; 
INSERT INTO metadata_general(aislado_id, aislado_nombre) VALUES ('790', 'CAT09-006') ON DUPLICATE KEY UPDATE aislado_nombre = 'CAT09-006'; 
INSERT INTO fenotipo(fenotipo_id, aislado_id, serotipo_invitro) VALUES ('686', '790', 'O11') ON DUPLICATE KEY UPDATE serotipo_invitro = 'O11'; 
INSERT INTO secuencia(secuencia_id, aislado_id, complejo_clonal) VALUES ('790', '790', 'nan') ON DUPLICATE KEY UPDATE complejo_clonal = 'nan'; 
INSERT INTO metadata_general(aislado_id, aislado_nombre) VALUES ('791', 'CAT09-031') ON DUPLICATE KEY UPDATE aislado_nombre = 'CAT09-031'; 
INSERT INTO fenotipo(fenotipo_id, aislado_id, serotipo_invitro) VALUES ('687', '791', 'O12') ON DUPLICATE KEY UPDATE serotipo_invitro = 'O12'; 
INSERT INTO secuencia(secuencia_id, aislado_id, complejo_clonal) VALUES ('791', '791', 'nan') ON DUPLICATE KEY UPDATE complejo_clonal = 'nan'; 
INSERT INTO metadata_general(aislado_id, aislado_nombre) VALUES ('792', 'CAT09-003') ON DUPLICATE KEY UPDATE aislado_nombre = 'CAT09-003'; 
INSERT INTO fenotipo(fenotipo_id, aislado_id, serotipo_invitro) VALUES ('688', '792', 'O15') ON DUPLICATE KEY UPDATE serotipo_invitro = 'O15'; 
INSERT INTO secuencia(secuencia_id, aislado_id, complejo_clonal) VALUES ('792', '792', 'nan') ON DUPLICATE KEY UPDATE complejo_clonal = 'nan'; 
INSERT INTO metadata_general(aislado_id, aislado_nombre) VALUES ('793', 'CAT09-025') ON DUPLICATE KEY UPDATE aislado_nombre = 'CAT09-025'; 
INSERT INTO fenotipo(fenotipo_id, aislado_id, serotipo_invitro) VALUES ('689', '793', 'O15') ON DUPLICATE KEY UPDATE serotipo_invitro = 'O15'; 
INSERT INTO secuencia(secuencia_id, aislado_id, complejo_clonal) VALUES ('793', '793', 'nan') ON DUPLICATE KEY UPDATE complejo_clonal = 'nan'; 
INSERT INTO metadata_general(aislado_id, aislado_nombre) VALUES ('794', 'CAT09-021') ON DUPLICATE KEY UPDATE aislado_nombre = 'CAT09-021'; 
INSERT INTO fenotipo(fenotipo_id, aislado_id, serotipo_invitro) VALUES ('690', '794', 'O3') ON DUPLICATE KEY UPDATE serotipo_invitro = 'O3'; 
INSERT INTO secuencia(secuencia_id, aislado_id, complejo_clonal) VALUES ('794', '794', 'nan') ON DUPLICATE KEY UPDATE complejo_clonal = 'nan'; 
INSERT INTO metadata_general(aislado_id, aislado_nombre) VALUES ('795', 'CAT09-004') ON DUPLICATE KEY UPDATE aislado_nombre = 'CAT09-004'; 
INSERT INTO fenotipo(fenotipo_id, aislado_id, serotipo_invitro) VALUES ('691', '795', 'O5') ON DUPLICATE KEY UPDATE serotipo_invitro = 'O5'; 
INSERT INTO secuencia(secuencia_id, aislado_id, complejo_clonal) VALUES ('795', '795', 'nan') ON DUPLICATE KEY UPDATE complejo_clonal = 'nan'; 
INSERT INTO metadata_general(aislado_id, aislado_nombre) VALUES ('796', 'CAT09-008') ON DUPLICATE KEY UPDATE aislado_nombre = 'CAT09-008'; 
INSERT INTO fenotipo(fenotipo_id, aislado_id, serotipo_invitro) VALUES ('692', '796', 'O6') ON DUPLICATE KEY UPDATE serotipo_invitro = 'O6'; 
INSERT INTO secuencia(secuencia_id, aislado_id, complejo_clonal) VALUES ('796', '796', 'nan') ON DUPLICATE KEY UPDATE complejo_clonal = 'nan'; 
INSERT INTO metadata_general(aislado_id, aislado_nombre) VALUES ('797', 'CAT09-011') ON DUPLICATE KEY UPDATE aislado_nombre = 'CAT09-011'; 
INSERT INTO fenotipo(fenotipo_id, aislado_id, serotipo_invitro) VALUES ('693', '797', 'O6') ON DUPLICATE KEY UPDATE serotipo_invitro = 'O6'; 
INSERT INTO secuencia(secuencia_id, aislado_id, complejo_clonal) VALUES ('797', '797', 'nan') ON DUPLICATE KEY UPDATE complejo_clonal = 'nan'; 
INSERT INTO metadata_general(aislado_id, aislado_nombre) VALUES ('798', 'CAT09-020') ON DUPLICATE KEY UPDATE aislado_nombre = 'CAT09-020'; 
INSERT INTO fenotipo(fenotipo_id, aislado_id, serotipo_invitro) VALUES ('694', '798', 'O6') ON DUPLICATE KEY UPDATE serotipo_invitro = 'O6'; 
INSERT INTO secuencia(secuencia_id, aislado_id, complejo_clonal) VALUES ('798', '798', 'nan') ON DUPLICATE KEY UPDATE complejo_clonal = 'nan'; 
INSERT INTO metadata_general(aislado_id, aislado_nombre) VALUES ('799', 'CAT09-002') ON DUPLICATE KEY UPDATE aislado_nombre = 'CAT09-002'; 
INSERT INTO fenotipo(fenotipo_id, aislado_id, serotipo_invitro) VALUES ('695', '799', 'O7+O8') ON DUPLICATE KEY UPDATE serotipo_invitro = 'O7+O8'; 
INSERT INTO secuencia(secuencia_id, aislado_id, complejo_clonal) VALUES ('799', '799', 'nan') ON DUPLICATE KEY UPDATE complejo_clonal = 'nan'; 
INSERT INTO metadata_general(aislado_id, aislado_nombre) VALUES ('800', 'CAT09-012') ON DUPLICATE KEY UPDATE aislado_nombre = 'CAT09-012'; 
INSERT INTO fenotipo(fenotipo_id, aislado_id, serotipo_invitro) VALUES ('696', '800', 'O7+O8') ON DUPLICATE KEY UPDATE serotipo_invitro = 'O7+O8'; 
INSERT INTO secuencia(secuencia_id, aislado_id, complejo_clonal) VALUES ('800', '800', 'nan') ON DUPLICATE KEY UPDATE complejo_clonal = 'nan'; 
INSERT INTO metadata_general(aislado_id, aislado_nombre) VALUES ('87', 'CAT09-028') ON DUPLICATE KEY UPDATE aislado_nombre = 'CAT09-028'; 
INSERT INTO fenotipo(fenotipo_id, aislado_id, serotipo_invitro) VALUES ('697', '87', 'O1') ON DUPLICATE KEY UPDATE serotipo_invitro = 'O1'; 
INSERT INTO secuencia(secuencia_id, aislado_id, complejo_clonal) VALUES ('87', '87', 'ST-252') ON DUPLICATE KEY UPDATE complejo_clonal = 'ST-252'; 
INSERT INTO metadata_general(aislado_id, aislado_nombre) VALUES ('84', 'CAT09-018') ON DUPLICATE KEY UPDATE aislado_nombre = 'CAT09-018'; 
INSERT INTO fenotipo(fenotipo_id, aislado_id, serotipo_invitro) VALUES ('698', '84', 'No aglutina (O1* dbil)') ON DUPLICATE KEY UPDATE serotipo_invitro = 'No aglutina (O1* dbil)'; 
INSERT INTO secuencia(secuencia_id, aislado_id, complejo_clonal) VALUES ('84', '84', 'ST-175') ON DUPLICATE KEY UPDATE complejo_clonal = 'ST-175'; 
INSERT INTO metadata_general(aislado_id, aislado_nombre) VALUES ('85', 'CAT09-026') ON DUPLICATE KEY UPDATE aislado_nombre = 'CAT09-026'; 
INSERT INTO fenotipo(fenotipo_id, aislado_id, serotipo_invitro) VALUES ('699', '85', 'O1+O2') ON DUPLICATE KEY UPDATE serotipo_invitro = 'O1+O2'; 
INSERT INTO secuencia(secuencia_id, aislado_id, complejo_clonal) VALUES ('85', '85', 'ST-111') ON DUPLICATE KEY UPDATE complejo_clonal = 'ST-111'; 
INSERT INTO metadata_general(aislado_id, aislado_nombre) VALUES ('82', 'CAT09-001') ON DUPLICATE KEY UPDATE aislado_nombre = 'CAT09-001'; 
INSERT INTO fenotipo(fenotipo_id, aislado_id, serotipo_invitro) VALUES ('700', '82', 'O11') ON DUPLICATE KEY UPDATE serotipo_invitro = 'O11'; 
INSERT INTO secuencia(secuencia_id, aislado_id, complejo_clonal) VALUES ('82', '82', 'ST-235') ON DUPLICATE KEY UPDATE complejo_clonal = 'ST-235'; 
INSERT INTO metadata_general(aislado_id, aislado_nombre) VALUES ('86', 'CAT09-027') ON DUPLICATE KEY UPDATE aislado_nombre = 'CAT09-027'; 
INSERT INTO fenotipo(fenotipo_id, aislado_id, serotipo_invitro) VALUES ('701', '86', 'O12') ON DUPLICATE KEY UPDATE serotipo_invitro = 'O12'; 
INSERT INTO secuencia(secuencia_id, aislado_id, complejo_clonal) VALUES ('86', '86', 'ST-253') ON DUPLICATE KEY UPDATE complejo_clonal = 'ST-253'; 
INSERT INTO metadata_general(aislado_id, aislado_nombre) VALUES ('83', 'CAT09-009') ON DUPLICATE KEY UPDATE aislado_nombre = 'CAT09-009'; 
INSERT INTO fenotipo(fenotipo_id, aislado_id, serotipo_invitro) VALUES ('702', '83', 'O4') ON DUPLICATE KEY UPDATE serotipo_invitro = 'O4'; 
INSERT INTO secuencia(secuencia_id, aislado_id, complejo_clonal) VALUES ('83', '83', 'ST-175') ON DUPLICATE KEY UPDATE complejo_clonal = 'ST-175'; 
INSERT INTO metadata_general(aislado_id, aislado_nombre) VALUES ('801', 'CAT09-013') ON DUPLICATE KEY UPDATE aislado_nombre = 'CAT09-013'; 
INSERT INTO fenotipo(fenotipo_id, aislado_id, serotipo_invitro) VALUES ('703', '801', 'O4') ON DUPLICATE KEY UPDATE serotipo_invitro = 'O4'; 
INSERT INTO secuencia(secuencia_id, aislado_id, complejo_clonal) VALUES ('801', '801', 'ST-175') ON DUPLICATE KEY UPDATE complejo_clonal = 'ST-175'; 
INSERT INTO metadata_general(aislado_id, aislado_nombre) VALUES ('802', 'CAT09-014') ON DUPLICATE KEY UPDATE aislado_nombre = 'CAT09-014'; 
INSERT INTO fenotipo(fenotipo_id, aislado_id, serotipo_invitro) VALUES ('704', '802', 'O4') ON DUPLICATE KEY UPDATE serotipo_invitro = 'O4'; 
INSERT INTO secuencia(secuencia_id, aislado_id, complejo_clonal) VALUES ('802', '802', 'ST-175') ON DUPLICATE KEY UPDATE complejo_clonal = 'ST-175'; 
INSERT INTO metadata_general(aislado_id, aislado_nombre) VALUES ('803', 'CAT09-015') ON DUPLICATE KEY UPDATE aislado_nombre = 'CAT09-015'; 
INSERT INTO fenotipo(fenotipo_id, aislado_id, serotipo_invitro) VALUES ('705', '803', 'O4') ON DUPLICATE KEY UPDATE serotipo_invitro = 'O4'; 
INSERT INTO secuencia(secuencia_id, aislado_id, complejo_clonal) VALUES ('803', '803', 'ST-175') ON DUPLICATE KEY UPDATE complejo_clonal = 'ST-175'; 
INSERT INTO metadata_general(aislado_id, aislado_nombre) VALUES ('804', 'CAT09-022') ON DUPLICATE KEY UPDATE aislado_nombre = 'CAT09-022'; 
INSERT INTO fenotipo(fenotipo_id, aislado_id, serotipo_invitro) VALUES ('706', '804', 'O4') ON DUPLICATE KEY UPDATE serotipo_invitro = 'O4'; 
INSERT INTO secuencia(secuencia_id, aislado_id, complejo_clonal) VALUES ('804', '804', 'ST-175') ON DUPLICATE KEY UPDATE complejo_clonal = 'ST-175'; 
INSERT INTO metadata_general(aislado_id, aislado_nombre) VALUES ('805', 'CAT09-023') ON DUPLICATE KEY UPDATE aislado_nombre = 'CAT09-023'; 
INSERT INTO fenotipo(fenotipo_id, aislado_id, serotipo_invitro) VALUES ('707', '805', 'O4') ON DUPLICATE KEY UPDATE serotipo_invitro = 'O4'; 
INSERT INTO secuencia(secuencia_id, aislado_id, complejo_clonal) VALUES ('805', '805', 'ST-175') ON DUPLICATE KEY UPDATE complejo_clonal = 'ST-175'; 
INSERT INTO metadata_general(aislado_id, aislado_nombre) VALUES ('806', 'CAT09-024') ON DUPLICATE KEY UPDATE aislado_nombre = 'CAT09-024'; 
INSERT INTO fenotipo(fenotipo_id, aislado_id, serotipo_invitro) VALUES ('708', '806', 'O4') ON DUPLICATE KEY UPDATE serotipo_invitro = 'O4'; 
INSERT INTO secuencia(secuencia_id, aislado_id, complejo_clonal) VALUES ('806', '806', 'ST-175') ON DUPLICATE KEY UPDATE complejo_clonal = 'ST-175'; 
INSERT INTO metadata_general(aislado_id, aislado_nombre) VALUES ('807', 'CAT09-029') ON DUPLICATE KEY UPDATE aislado_nombre = 'CAT09-029'; 
INSERT INTO fenotipo(fenotipo_id, aislado_id, serotipo_invitro) VALUES ('709', '807', 'O4') ON DUPLICATE KEY UPDATE serotipo_invitro = 'O4'; 
INSERT INTO secuencia(secuencia_id, aislado_id, complejo_clonal) VALUES ('807', '807', 'ST-175') ON DUPLICATE KEY UPDATE complejo_clonal = 'ST-175'; 
INSERT INTO metadata_general(aislado_id, aislado_nombre) VALUES ('808', 'CLE01-002') ON DUPLICATE KEY UPDATE aislado_nombre = 'CLE01-002'; 
INSERT INTO fenotipo(fenotipo_id, aislado_id, serotipo_invitro) VALUES ('710', '808', 'No aglutina') ON DUPLICATE KEY UPDATE serotipo_invitro = 'No aglutina'; 
INSERT INTO secuencia(secuencia_id, aislado_id, complejo_clonal) VALUES ('808', '808', 'nan') ON DUPLICATE KEY UPDATE complejo_clonal = 'nan'; 
INSERT INTO metadata_general(aislado_id, aislado_nombre) VALUES ('809', 'CLE01-003') ON DUPLICATE KEY UPDATE aislado_nombre = 'CLE01-003'; 
INSERT INTO fenotipo(fenotipo_id, aislado_id, serotipo_invitro) VALUES ('711', '809', 'No aglutina') ON DUPLICATE KEY UPDATE serotipo_invitro = 'No aglutina'; 
INSERT INTO secuencia(secuencia_id, aislado_id, complejo_clonal) VALUES ('809', '809', 'nan') ON DUPLICATE KEY UPDATE complejo_clonal = 'nan'; 
INSERT INTO metadata_general(aislado_id, aislado_nombre) VALUES ('810', 'CLE01-007') ON DUPLICATE KEY UPDATE aislado_nombre = 'CLE01-007'; 
INSERT INTO fenotipo(fenotipo_id, aislado_id, serotipo_invitro) VALUES ('712', '810', 'O16') ON DUPLICATE KEY UPDATE serotipo_invitro = 'O16'; 
INSERT INTO secuencia(secuencia_id, aislado_id, complejo_clonal) VALUES ('810', '810', 'nan') ON DUPLICATE KEY UPDATE complejo_clonal = 'nan'; 
INSERT INTO metadata_general(aislado_id, aislado_nombre) VALUES ('811', 'CLE01-006') ON DUPLICATE KEY UPDATE aislado_nombre = 'CLE01-006'; 
INSERT INTO fenotipo(fenotipo_id, aislado_id, serotipo_invitro) VALUES ('713', '811', 'O6') ON DUPLICATE KEY UPDATE serotipo_invitro = 'O6'; 
INSERT INTO secuencia(secuencia_id, aislado_id, complejo_clonal) VALUES ('811', '811', 'nan') ON DUPLICATE KEY UPDATE complejo_clonal = 'nan'; 
INSERT INTO metadata_general(aislado_id, aislado_nombre) VALUES ('812', 'CLE01-009') ON DUPLICATE KEY UPDATE aislado_nombre = 'CLE01-009'; 
INSERT INTO fenotipo(fenotipo_id, aislado_id, serotipo_invitro) VALUES ('714', '812', 'O6') ON DUPLICATE KEY UPDATE serotipo_invitro = 'O6'; 
INSERT INTO secuencia(secuencia_id, aislado_id, complejo_clonal) VALUES ('812', '812', 'nan') ON DUPLICATE KEY UPDATE complejo_clonal = 'nan'; 
INSERT INTO metadata_general(aislado_id, aislado_nombre) VALUES ('813', 'CLE01-008') ON DUPLICATE KEY UPDATE aislado_nombre = 'CLE01-008'; 
INSERT INTO fenotipo(fenotipo_id, aislado_id, serotipo_invitro) VALUES ('715', '813', 'O7') ON DUPLICATE KEY UPDATE serotipo_invitro = 'O7'; 
INSERT INTO secuencia(secuencia_id, aislado_id, complejo_clonal) VALUES ('813', '813', 'nan') ON DUPLICATE KEY UPDATE complejo_clonal = 'nan'; 
INSERT INTO metadata_general(aislado_id, aislado_nombre) VALUES ('814', 'CLE02-022') ON DUPLICATE KEY UPDATE aislado_nombre = 'CLE02-022'; 
INSERT INTO fenotipo(fenotipo_id, aislado_id, serotipo_invitro) VALUES ('716', '814', 'No Aglutina') ON DUPLICATE KEY UPDATE serotipo_invitro = 'No Aglutina'; 
INSERT INTO secuencia(secuencia_id, aislado_id, complejo_clonal) VALUES ('814', '814', 'nan') ON DUPLICATE KEY UPDATE complejo_clonal = 'nan'; 
INSERT INTO metadata_general(aislado_id, aislado_nombre) VALUES ('815', 'CLE02-008') ON DUPLICATE KEY UPDATE aislado_nombre = 'CLE02-008'; 
INSERT INTO fenotipo(fenotipo_id, aislado_id, serotipo_invitro) VALUES ('717', '815', 'O4') ON DUPLICATE KEY UPDATE serotipo_invitro = 'O4'; 
INSERT INTO secuencia(secuencia_id, aislado_id, complejo_clonal) VALUES ('815', '815', 'nan') ON DUPLICATE KEY UPDATE complejo_clonal = 'nan'; 
INSERT INTO metadata_general(aislado_id, aislado_nombre) VALUES ('816', 'CLE02-053') ON DUPLICATE KEY UPDATE aislado_nombre = 'CLE02-053'; 
INSERT INTO fenotipo(fenotipo_id, aislado_id, serotipo_invitro) VALUES ('718', '816', 'O5') ON DUPLICATE KEY UPDATE serotipo_invitro = 'O5'; 
INSERT INTO secuencia(secuencia_id, aislado_id, complejo_clonal) VALUES ('816', '816', 'nan') ON DUPLICATE KEY UPDATE complejo_clonal = 'nan'; 
INSERT INTO metadata_general(aislado_id, aislado_nombre) VALUES ('817', 'CLE02-004') ON DUPLICATE KEY UPDATE aislado_nombre = 'CLE02-004'; 
INSERT INTO fenotipo(fenotipo_id, aislado_id, serotipo_invitro) VALUES ('719', '817', 'No Aglutina') ON DUPLICATE KEY UPDATE serotipo_invitro = 'No Aglutina'; 
INSERT INTO secuencia(secuencia_id, aislado_id, complejo_clonal) VALUES ('817', '817', 'nan') ON DUPLICATE KEY UPDATE complejo_clonal = 'nan'; 
INSERT INTO metadata_general(aislado_id, aislado_nombre) VALUES ('818', 'CLE02-011') ON DUPLICATE KEY UPDATE aislado_nombre = 'CLE02-011'; 
INSERT INTO fenotipo(fenotipo_id, aislado_id, serotipo_invitro) VALUES ('720', '818', 'No Aglutina') ON DUPLICATE KEY UPDATE serotipo_invitro = 'No Aglutina'; 
INSERT INTO secuencia(secuencia_id, aislado_id, complejo_clonal) VALUES ('818', '818', 'nan') ON DUPLICATE KEY UPDATE complejo_clonal = 'nan'; 
INSERT INTO metadata_general(aislado_id, aislado_nombre) VALUES ('819', 'CLE02-049') ON DUPLICATE KEY UPDATE aislado_nombre = 'CLE02-049'; 
INSERT INTO fenotipo(fenotipo_id, aislado_id, serotipo_invitro) VALUES ('721', '819', 'No Aglutina') ON DUPLICATE KEY UPDATE serotipo_invitro = 'No Aglutina'; 
INSERT INTO secuencia(secuencia_id, aislado_id, complejo_clonal) VALUES ('819', '819', 'nan') ON DUPLICATE KEY UPDATE complejo_clonal = 'nan'; 
INSERT INTO metadata_general(aislado_id, aislado_nombre) VALUES ('820', 'CLE02-017') ON DUPLICATE KEY UPDATE aislado_nombre = 'CLE02-017'; 
INSERT INTO fenotipo(fenotipo_id, aislado_id, serotipo_invitro) VALUES ('722', '820', 'O1') ON DUPLICATE KEY UPDATE serotipo_invitro = 'O1'; 
INSERT INTO secuencia(secuencia_id, aislado_id, complejo_clonal) VALUES ('820', '820', 'nan') ON DUPLICATE KEY UPDATE complejo_clonal = 'nan'; 
INSERT INTO metadata_general(aislado_id, aislado_nombre) VALUES ('821', 'CLE02-020') ON DUPLICATE KEY UPDATE aislado_nombre = 'CLE02-020'; 
INSERT INTO fenotipo(fenotipo_id, aislado_id, serotipo_invitro) VALUES ('723', '821', 'O1') ON DUPLICATE KEY UPDATE serotipo_invitro = 'O1'; 
INSERT INTO secuencia(secuencia_id, aislado_id, complejo_clonal) VALUES ('821', '821', 'nan') ON DUPLICATE KEY UPDATE complejo_clonal = 'nan'; 
INSERT INTO metadata_general(aislado_id, aislado_nombre) VALUES ('822', 'CLE02-021') ON DUPLICATE KEY UPDATE aislado_nombre = 'CLE02-021'; 
INSERT INTO fenotipo(fenotipo_id, aislado_id, serotipo_invitro) VALUES ('724', '822', 'O1') ON DUPLICATE KEY UPDATE serotipo_invitro = 'O1'; 
INSERT INTO secuencia(secuencia_id, aislado_id, complejo_clonal) VALUES ('822', '822', 'nan') ON DUPLICATE KEY UPDATE complejo_clonal = 'nan'; 
INSERT INTO metadata_general(aislado_id, aislado_nombre) VALUES ('823', 'CLE02-039') ON DUPLICATE KEY UPDATE aislado_nombre = 'CLE02-039'; 
INSERT INTO fenotipo(fenotipo_id, aislado_id, serotipo_invitro) VALUES ('725', '823', 'O1') ON DUPLICATE KEY UPDATE serotipo_invitro = 'O1'; 
INSERT INTO secuencia(secuencia_id, aislado_id, complejo_clonal) VALUES ('823', '823', 'nan') ON DUPLICATE KEY UPDATE complejo_clonal = 'nan'; 
INSERT INTO metadata_general(aislado_id, aislado_nombre) VALUES ('824', 'CLE02-001') ON DUPLICATE KEY UPDATE aislado_nombre = 'CLE02-001'; 
INSERT INTO fenotipo(fenotipo_id, aislado_id, serotipo_invitro) VALUES ('726', '824', 'O10') ON DUPLICATE KEY UPDATE serotipo_invitro = 'O10'; 
INSERT INTO secuencia(secuencia_id, aislado_id, complejo_clonal) VALUES ('824', '824', 'nan') ON DUPLICATE KEY UPDATE complejo_clonal = 'nan'; 
INSERT INTO metadata_general(aislado_id, aislado_nombre) VALUES ('825', 'CLE02-027') ON DUPLICATE KEY UPDATE aislado_nombre = 'CLE02-027'; 
INSERT INTO fenotipo(fenotipo_id, aislado_id, serotipo_invitro) VALUES ('727', '825', 'O10') ON DUPLICATE KEY UPDATE serotipo_invitro = 'O10'; 
INSERT INTO secuencia(secuencia_id, aislado_id, complejo_clonal) VALUES ('825', '825', 'nan') ON DUPLICATE KEY UPDATE complejo_clonal = 'nan'; 
INSERT INTO metadata_general(aislado_id, aislado_nombre) VALUES ('826', 'CLE02-052') ON DUPLICATE KEY UPDATE aislado_nombre = 'CLE02-052'; 
INSERT INTO fenotipo(fenotipo_id, aislado_id, serotipo_invitro) VALUES ('728', '826', 'O2+O3') ON DUPLICATE KEY UPDATE serotipo_invitro = 'O2+O3'; 
INSERT INTO secuencia(secuencia_id, aislado_id, complejo_clonal) VALUES ('826', '826', 'nan') ON DUPLICATE KEY UPDATE complejo_clonal = 'nan'; 
INSERT INTO metadata_general(aislado_id, aislado_nombre) VALUES ('827', 'CLE02-038') ON DUPLICATE KEY UPDATE aislado_nombre = 'CLE02-038'; 
INSERT INTO fenotipo(fenotipo_id, aislado_id, serotipo_invitro) VALUES ('729', '827', 'O2+O3+O10') ON DUPLICATE KEY UPDATE serotipo_invitro = 'O2+O3+O10'; 
INSERT INTO secuencia(secuencia_id, aislado_id, complejo_clonal) VALUES ('827', '827', 'nan') ON DUPLICATE KEY UPDATE complejo_clonal = 'nan'; 
INSERT INTO metadata_general(aislado_id, aislado_nombre) VALUES ('828', 'CLE02-042') ON DUPLICATE KEY UPDATE aislado_nombre = 'CLE02-042'; 
INSERT INTO fenotipo(fenotipo_id, aislado_id, serotipo_invitro) VALUES ('730', '828', 'O3') ON DUPLICATE KEY UPDATE serotipo_invitro = 'O3'; 
INSERT INTO secuencia(secuencia_id, aislado_id, complejo_clonal) VALUES ('828', '828', 'nan') ON DUPLICATE KEY UPDATE complejo_clonal = 'nan'; 
INSERT INTO metadata_general(aislado_id, aislado_nombre) VALUES ('829', 'CLE02-051') ON DUPLICATE KEY UPDATE aislado_nombre = 'CLE02-051'; 
INSERT INTO fenotipo(fenotipo_id, aislado_id, serotipo_invitro) VALUES ('731', '829', 'O3') ON DUPLICATE KEY UPDATE serotipo_invitro = 'O3'; 
INSERT INTO secuencia(secuencia_id, aislado_id, complejo_clonal) VALUES ('829', '829', 'nan') ON DUPLICATE KEY UPDATE complejo_clonal = 'nan'; 
INSERT INTO metadata_general(aislado_id, aislado_nombre) VALUES ('830', 'CLE02-054') ON DUPLICATE KEY UPDATE aislado_nombre = 'CLE02-054'; 
INSERT INTO fenotipo(fenotipo_id, aislado_id, serotipo_invitro) VALUES ('732', '830', 'O3') ON DUPLICATE KEY UPDATE serotipo_invitro = 'O3'; 
INSERT INTO secuencia(secuencia_id, aislado_id, complejo_clonal) VALUES ('830', '830', 'nan') ON DUPLICATE KEY UPDATE complejo_clonal = 'nan'; 
INSERT INTO metadata_general(aislado_id, aislado_nombre) VALUES ('831', 'CLE02-047') ON DUPLICATE KEY UPDATE aislado_nombre = 'CLE02-047'; 
INSERT INTO fenotipo(fenotipo_id, aislado_id, serotipo_invitro) VALUES ('733', '831', 'O5') ON DUPLICATE KEY UPDATE serotipo_invitro = 'O5'; 
INSERT INTO secuencia(secuencia_id, aislado_id, complejo_clonal) VALUES ('831', '831', 'nan') ON DUPLICATE KEY UPDATE complejo_clonal = 'nan'; 
INSERT INTO metadata_general(aislado_id, aislado_nombre) VALUES ('832', 'CLE02-043') ON DUPLICATE KEY UPDATE aislado_nombre = 'CLE02-043'; 
INSERT INTO fenotipo(fenotipo_id, aislado_id, serotipo_invitro) VALUES ('734', '832', 'O6') ON DUPLICATE KEY UPDATE serotipo_invitro = 'O6'; 
INSERT INTO secuencia(secuencia_id, aislado_id, complejo_clonal) VALUES ('832', '832', 'nan') ON DUPLICATE KEY UPDATE complejo_clonal = 'nan'; 
INSERT INTO metadata_general(aislado_id, aislado_nombre) VALUES ('833', 'CLE02-045') ON DUPLICATE KEY UPDATE aislado_nombre = 'CLE02-045'; 
INSERT INTO fenotipo(fenotipo_id, aislado_id, serotipo_invitro) VALUES ('735', '833', 'O6') ON DUPLICATE KEY UPDATE serotipo_invitro = 'O6'; 
INSERT INTO secuencia(secuencia_id, aislado_id, complejo_clonal) VALUES ('833', '833', 'nan') ON DUPLICATE KEY UPDATE complejo_clonal = 'nan'; 
INSERT INTO metadata_general(aislado_id, aislado_nombre) VALUES ('834', 'CLE02-015') ON DUPLICATE KEY UPDATE aislado_nombre = 'CLE02-015'; 
INSERT INTO fenotipo(fenotipo_id, aislado_id, serotipo_invitro) VALUES ('736', '834', 'O7') ON DUPLICATE KEY UPDATE serotipo_invitro = 'O7'; 
INSERT INTO secuencia(secuencia_id, aislado_id, complejo_clonal) VALUES ('834', '834', 'nan') ON DUPLICATE KEY UPDATE complejo_clonal = 'nan'; 
INSERT INTO metadata_general(aislado_id, aislado_nombre) VALUES ('835', 'CLE02-026') ON DUPLICATE KEY UPDATE aislado_nombre = 'CLE02-026'; 
INSERT INTO fenotipo(fenotipo_id, aislado_id, serotipo_invitro) VALUES ('737', '835', 'O7') ON DUPLICATE KEY UPDATE serotipo_invitro = 'O7'; 
INSERT INTO secuencia(secuencia_id, aislado_id, complejo_clonal) VALUES ('835', '835', 'nan') ON DUPLICATE KEY UPDATE complejo_clonal = 'nan'; 
INSERT INTO metadata_general(aislado_id, aislado_nombre) VALUES ('836', 'CLE02-030') ON DUPLICATE KEY UPDATE aislado_nombre = 'CLE02-030'; 
INSERT INTO fenotipo(fenotipo_id, aislado_id, serotipo_invitro) VALUES ('738', '836', 'O8') ON DUPLICATE KEY UPDATE serotipo_invitro = 'O8'; 
INSERT INTO secuencia(secuencia_id, aislado_id, complejo_clonal) VALUES ('836', '836', 'nan') ON DUPLICATE KEY UPDATE complejo_clonal = 'nan'; 
INSERT INTO metadata_general(aislado_id, aislado_nombre) VALUES ('837', 'CLE02-010') ON DUPLICATE KEY UPDATE aislado_nombre = 'CLE02-010'; 
INSERT INTO fenotipo(fenotipo_id, aislado_id, serotipo_invitro) VALUES ('739', '837', 'O9') ON DUPLICATE KEY UPDATE serotipo_invitro = 'O9'; 
INSERT INTO secuencia(secuencia_id, aislado_id, complejo_clonal) VALUES ('837', '837', 'nan') ON DUPLICATE KEY UPDATE complejo_clonal = 'nan'; 
INSERT INTO metadata_general(aislado_id, aislado_nombre) VALUES ('838', 'CLE02-036') ON DUPLICATE KEY UPDATE aislado_nombre = 'CLE02-036'; 
INSERT INTO fenotipo(fenotipo_id, aislado_id, serotipo_invitro) VALUES ('740', '838', 'O9') ON DUPLICATE KEY UPDATE serotipo_invitro = 'O9'; 
INSERT INTO secuencia(secuencia_id, aislado_id, complejo_clonal) VALUES ('838', '838', 'nan') ON DUPLICATE KEY UPDATE complejo_clonal = 'nan'; 
INSERT INTO metadata_general(aislado_id, aislado_nombre) VALUES ('89', 'CLE02-006') ON DUPLICATE KEY UPDATE aislado_nombre = 'CLE02-006'; 
INSERT INTO fenotipo(fenotipo_id, aislado_id, serotipo_invitro) VALUES ('741', '89', 'No Aglutina') ON DUPLICATE KEY UPDATE serotipo_invitro = 'No Aglutina'; 
INSERT INTO secuencia(secuencia_id, aislado_id, complejo_clonal) VALUES ('89', '89', 'ST-664') ON DUPLICATE KEY UPDATE complejo_clonal = 'ST-664'; 
INSERT INTO metadata_general(aislado_id, aislado_nombre) VALUES ('839', 'CLE02-016A') ON DUPLICATE KEY UPDATE aislado_nombre = 'CLE02-016A'; 
INSERT INTO fenotipo(fenotipo_id, aislado_id, serotipo_invitro) VALUES ('742', '839', 'O4') ON DUPLICATE KEY UPDATE serotipo_invitro = 'O4'; 
INSERT INTO secuencia(secuencia_id, aislado_id, complejo_clonal) VALUES ('839', '839', 'ST-175') ON DUPLICATE KEY UPDATE complejo_clonal = 'ST-175'; 
INSERT INTO metadata_general(aislado_id, aislado_nombre) VALUES ('91', 'CLE02-032') ON DUPLICATE KEY UPDATE aislado_nombre = 'CLE02-032'; 
INSERT INTO fenotipo(fenotipo_id, aislado_id, serotipo_invitro) VALUES ('743', '91', 'O4') ON DUPLICATE KEY UPDATE serotipo_invitro = 'O4'; 
INSERT INTO secuencia(secuencia_id, aislado_id, complejo_clonal) VALUES ('91', '91', 'ST-175') ON DUPLICATE KEY UPDATE complejo_clonal = 'ST-175'; 
INSERT INTO metadata_general(aislado_id, aislado_nombre) VALUES ('88', 'CLE02-002') ON DUPLICATE KEY UPDATE aislado_nombre = 'CLE02-002'; 
INSERT INTO fenotipo(fenotipo_id, aislado_id, serotipo_invitro) VALUES ('744', '88', 'O9') ON DUPLICATE KEY UPDATE serotipo_invitro = 'O9'; 
INSERT INTO secuencia(secuencia_id, aislado_id, complejo_clonal) VALUES ('88', '88', 'ST-399') ON DUPLICATE KEY UPDATE complejo_clonal = 'ST-399'; 
INSERT INTO metadata_general(aislado_id, aislado_nombre) VALUES ('92', 'CLE02-055') ON DUPLICATE KEY UPDATE aislado_nombre = 'CLE02-055'; 
INSERT INTO fenotipo(fenotipo_id, aislado_id, serotipo_invitro) VALUES ('745', '92', 'No Aglutina') ON DUPLICATE KEY UPDATE serotipo_invitro = 'No Aglutina'; 
INSERT INTO secuencia(secuencia_id, aislado_id, complejo_clonal) VALUES ('92', '92', 'ST-664') ON DUPLICATE KEY UPDATE complejo_clonal = 'ST-664'; 
INSERT INTO metadata_general(aislado_id, aislado_nombre) VALUES ('840', 'CLE03-003') ON DUPLICATE KEY UPDATE aislado_nombre = 'CLE03-003'; 
INSERT INTO fenotipo(fenotipo_id, aislado_id, serotipo_invitro) VALUES ('746', '840', 'O1') ON DUPLICATE KEY UPDATE serotipo_invitro = 'O1'; 
INSERT INTO secuencia(secuencia_id, aislado_id, complejo_clonal) VALUES ('840', '840', 'nan') ON DUPLICATE KEY UPDATE complejo_clonal = 'nan'; 
INSERT INTO metadata_general(aislado_id, aislado_nombre) VALUES ('841', 'CLE03-030') ON DUPLICATE KEY UPDATE aislado_nombre = 'CLE03-030'; 
INSERT INTO fenotipo(fenotipo_id, aislado_id, serotipo_invitro) VALUES ('747', '841', 'O4') ON DUPLICATE KEY UPDATE serotipo_invitro = 'O4'; 
INSERT INTO secuencia(secuencia_id, aislado_id, complejo_clonal) VALUES ('841', '841', 'nan') ON DUPLICATE KEY UPDATE complejo_clonal = 'nan'; 
INSERT INTO metadata_general(aislado_id, aislado_nombre) VALUES ('842', 'CLE03-001') ON DUPLICATE KEY UPDATE aislado_nombre = 'CLE03-001'; 
INSERT INTO fenotipo(fenotipo_id, aislado_id, serotipo_invitro) VALUES ('748', '842', 'O6') ON DUPLICATE KEY UPDATE serotipo_invitro = 'O6'; 
INSERT INTO secuencia(secuencia_id, aislado_id, complejo_clonal) VALUES ('842', '842', 'nan') ON DUPLICATE KEY UPDATE complejo_clonal = 'nan'; 
INSERT INTO metadata_general(aislado_id, aislado_nombre) VALUES ('843', 'CLE03-006') ON DUPLICATE KEY UPDATE aislado_nombre = 'CLE03-006'; 
INSERT INTO fenotipo(fenotipo_id, aislado_id, serotipo_invitro) VALUES ('749', '843', 'O6') ON DUPLICATE KEY UPDATE serotipo_invitro = 'O6'; 
INSERT INTO secuencia(secuencia_id, aislado_id, complejo_clonal) VALUES ('843', '843', 'nan') ON DUPLICATE KEY UPDATE complejo_clonal = 'nan'; 
INSERT INTO metadata_general(aislado_id, aislado_nombre) VALUES ('844', 'CLE03-007') ON DUPLICATE KEY UPDATE aislado_nombre = 'CLE03-007'; 
INSERT INTO fenotipo(fenotipo_id, aislado_id, serotipo_invitro) VALUES ('750', '844', 'O6') ON DUPLICATE KEY UPDATE serotipo_invitro = 'O6'; 
INSERT INTO secuencia(secuencia_id, aislado_id, complejo_clonal) VALUES ('844', '844', 'nan') ON DUPLICATE KEY UPDATE complejo_clonal = 'nan'; 
INSERT INTO metadata_general(aislado_id, aislado_nombre) VALUES ('845', 'CLE03-010') ON DUPLICATE KEY UPDATE aislado_nombre = 'CLE03-010'; 
INSERT INTO fenotipo(fenotipo_id, aislado_id, serotipo_invitro) VALUES ('751', '845', 'O1') ON DUPLICATE KEY UPDATE serotipo_invitro = 'O1'; 
INSERT INTO secuencia(secuencia_id, aislado_id, complejo_clonal) VALUES ('845', '845', 'nan') ON DUPLICATE KEY UPDATE complejo_clonal = 'nan'; 
INSERT INTO metadata_general(aislado_id, aislado_nombre) VALUES ('846', 'CLE03-015') ON DUPLICATE KEY UPDATE aislado_nombre = 'CLE03-015'; 
INSERT INTO fenotipo(fenotipo_id, aislado_id, serotipo_invitro) VALUES ('752', '846', 'O1') ON DUPLICATE KEY UPDATE serotipo_invitro = 'O1'; 
INSERT INTO secuencia(secuencia_id, aislado_id, complejo_clonal) VALUES ('846', '846', 'nan') ON DUPLICATE KEY UPDATE complejo_clonal = 'nan'; 
INSERT INTO metadata_general(aislado_id, aislado_nombre) VALUES ('847', 'CLE03-018') ON DUPLICATE KEY UPDATE aislado_nombre = 'CLE03-018'; 
INSERT INTO fenotipo(fenotipo_id, aislado_id, serotipo_invitro) VALUES ('753', '847', 'O1') ON DUPLICATE KEY UPDATE serotipo_invitro = 'O1'; 
INSERT INTO secuencia(secuencia_id, aislado_id, complejo_clonal) VALUES ('847', '847', 'nan') ON DUPLICATE KEY UPDATE complejo_clonal = 'nan'; 
INSERT INTO metadata_general(aislado_id, aislado_nombre) VALUES ('848', 'CLE03-021') ON DUPLICATE KEY UPDATE aislado_nombre = 'CLE03-021'; 
INSERT INTO fenotipo(fenotipo_id, aislado_id, serotipo_invitro) VALUES ('754', '848', 'O1') ON DUPLICATE KEY UPDATE serotipo_invitro = 'O1'; 
INSERT INTO secuencia(secuencia_id, aislado_id, complejo_clonal) VALUES ('848', '848', 'nan') ON DUPLICATE KEY UPDATE complejo_clonal = 'nan'; 
INSERT INTO metadata_general(aislado_id, aislado_nombre) VALUES ('849', 'CLE03-029') ON DUPLICATE KEY UPDATE aislado_nombre = 'CLE03-029'; 
INSERT INTO fenotipo(fenotipo_id, aislado_id, serotipo_invitro) VALUES ('755', '849', 'O1') ON DUPLICATE KEY UPDATE serotipo_invitro = 'O1'; 
INSERT INTO secuencia(secuencia_id, aislado_id, complejo_clonal) VALUES ('849', '849', 'nan') ON DUPLICATE KEY UPDATE complejo_clonal = 'nan'; 
INSERT INTO metadata_general(aislado_id, aislado_nombre) VALUES ('850', 'CLE03-025') ON DUPLICATE KEY UPDATE aislado_nombre = 'CLE03-025'; 
INSERT INTO fenotipo(fenotipo_id, aislado_id, serotipo_invitro) VALUES ('756', '850', 'O2') ON DUPLICATE KEY UPDATE serotipo_invitro = 'O2'; 
INSERT INTO secuencia(secuencia_id, aislado_id, complejo_clonal) VALUES ('850', '850', 'nan') ON DUPLICATE KEY UPDATE complejo_clonal = 'nan'; 
INSERT INTO metadata_general(aislado_id, aislado_nombre) VALUES ('851', 'CLE03-009') ON DUPLICATE KEY UPDATE aislado_nombre = 'CLE03-009'; 
INSERT INTO fenotipo(fenotipo_id, aislado_id, serotipo_invitro) VALUES ('757', '851', 'O3') ON DUPLICATE KEY UPDATE serotipo_invitro = 'O3'; 
INSERT INTO secuencia(secuencia_id, aislado_id, complejo_clonal) VALUES ('851', '851', 'nan') ON DUPLICATE KEY UPDATE complejo_clonal = 'nan'; 
INSERT INTO metadata_general(aislado_id, aislado_nombre) VALUES ('852', 'CLE03-013') ON DUPLICATE KEY UPDATE aislado_nombre = 'CLE03-013'; 
INSERT INTO fenotipo(fenotipo_id, aislado_id, serotipo_invitro) VALUES ('758', '852', 'O3') ON DUPLICATE KEY UPDATE serotipo_invitro = 'O3'; 
INSERT INTO secuencia(secuencia_id, aislado_id, complejo_clonal) VALUES ('852', '852', 'nan') ON DUPLICATE KEY UPDATE complejo_clonal = 'nan'; 
INSERT INTO metadata_general(aislado_id, aislado_nombre) VALUES ('853', 'CLE03-027') ON DUPLICATE KEY UPDATE aislado_nombre = 'CLE03-027'; 
INSERT INTO fenotipo(fenotipo_id, aislado_id, serotipo_invitro) VALUES ('759', '853', 'O3') ON DUPLICATE KEY UPDATE serotipo_invitro = 'O3'; 
INSERT INTO secuencia(secuencia_id, aislado_id, complejo_clonal) VALUES ('853', '853', 'nan') ON DUPLICATE KEY UPDATE complejo_clonal = 'nan'; 
INSERT INTO metadata_general(aislado_id, aislado_nombre) VALUES ('854', 'CLE03-004') ON DUPLICATE KEY UPDATE aislado_nombre = 'CLE03-004'; 
INSERT INTO fenotipo(fenotipo_id, aislado_id, serotipo_invitro) VALUES ('760', '854', 'O6') ON DUPLICATE KEY UPDATE serotipo_invitro = 'O6'; 
INSERT INTO secuencia(secuencia_id, aislado_id, complejo_clonal) VALUES ('854', '854', 'nan') ON DUPLICATE KEY UPDATE complejo_clonal = 'nan'; 
INSERT INTO metadata_general(aislado_id, aislado_nombre) VALUES ('855', 'CLE03-005') ON DUPLICATE KEY UPDATE aislado_nombre = 'CLE03-005'; 
INSERT INTO fenotipo(fenotipo_id, aislado_id, serotipo_invitro) VALUES ('761', '855', 'O6') ON DUPLICATE KEY UPDATE serotipo_invitro = 'O6'; 
INSERT INTO secuencia(secuencia_id, aislado_id, complejo_clonal) VALUES ('855', '855', 'nan') ON DUPLICATE KEY UPDATE complejo_clonal = 'nan'; 
INSERT INTO metadata_general(aislado_id, aislado_nombre) VALUES ('856', 'CLE03-008') ON DUPLICATE KEY UPDATE aislado_nombre = 'CLE03-008'; 
INSERT INTO fenotipo(fenotipo_id, aislado_id, serotipo_invitro) VALUES ('762', '856', 'O6') ON DUPLICATE KEY UPDATE serotipo_invitro = 'O6'; 
INSERT INTO secuencia(secuencia_id, aislado_id, complejo_clonal) VALUES ('856', '856', 'nan') ON DUPLICATE KEY UPDATE complejo_clonal = 'nan'; 
INSERT INTO metadata_general(aislado_id, aislado_nombre) VALUES ('857', 'CLE03-012') ON DUPLICATE KEY UPDATE aislado_nombre = 'CLE03-012'; 
INSERT INTO fenotipo(fenotipo_id, aislado_id, serotipo_invitro) VALUES ('763', '857', 'O6') ON DUPLICATE KEY UPDATE serotipo_invitro = 'O6'; 
INSERT INTO secuencia(secuencia_id, aislado_id, complejo_clonal) VALUES ('857', '857', 'nan') ON DUPLICATE KEY UPDATE complejo_clonal = 'nan'; 
INSERT INTO metadata_general(aislado_id, aislado_nombre) VALUES ('858', 'CLE03-014') ON DUPLICATE KEY UPDATE aislado_nombre = 'CLE03-014'; 
INSERT INTO fenotipo(fenotipo_id, aislado_id, serotipo_invitro) VALUES ('764', '858', 'O6') ON DUPLICATE KEY UPDATE serotipo_invitro = 'O6'; 
INSERT INTO secuencia(secuencia_id, aislado_id, complejo_clonal) VALUES ('858', '858', 'nan') ON DUPLICATE KEY UPDATE complejo_clonal = 'nan'; 
INSERT INTO metadata_general(aislado_id, aislado_nombre) VALUES ('859', 'CLE03-016') ON DUPLICATE KEY UPDATE aislado_nombre = 'CLE03-016'; 
INSERT INTO fenotipo(fenotipo_id, aislado_id, serotipo_invitro) VALUES ('765', '859', 'O6') ON DUPLICATE KEY UPDATE serotipo_invitro = 'O6'; 
INSERT INTO secuencia(secuencia_id, aislado_id, complejo_clonal) VALUES ('859', '859', 'nan') ON DUPLICATE KEY UPDATE complejo_clonal = 'nan'; 
INSERT INTO metadata_general(aislado_id, aislado_nombre) VALUES ('860', 'CLE03-019') ON DUPLICATE KEY UPDATE aislado_nombre = 'CLE03-019'; 
INSERT INTO fenotipo(fenotipo_id, aislado_id, serotipo_invitro) VALUES ('766', '860', 'O6') ON DUPLICATE KEY UPDATE serotipo_invitro = 'O6'; 
INSERT INTO secuencia(secuencia_id, aislado_id, complejo_clonal) VALUES ('860', '860', 'nan') ON DUPLICATE KEY UPDATE complejo_clonal = 'nan'; 
INSERT INTO metadata_general(aislado_id, aislado_nombre) VALUES ('861', 'CLE03-026') ON DUPLICATE KEY UPDATE aislado_nombre = 'CLE03-026'; 
INSERT INTO fenotipo(fenotipo_id, aislado_id, serotipo_invitro) VALUES ('767', '861', 'O6') ON DUPLICATE KEY UPDATE serotipo_invitro = 'O6'; 
INSERT INTO secuencia(secuencia_id, aislado_id, complejo_clonal) VALUES ('861', '861', 'nan') ON DUPLICATE KEY UPDATE complejo_clonal = 'nan'; 
INSERT INTO metadata_general(aislado_id, aislado_nombre) VALUES ('93', 'CLE03-022') ON DUPLICATE KEY UPDATE aislado_nombre = 'CLE03-022'; 
INSERT INTO fenotipo(fenotipo_id, aislado_id, serotipo_invitro) VALUES ('768', '93', 'No Aglutina') ON DUPLICATE KEY UPDATE serotipo_invitro = 'No Aglutina'; 
INSERT INTO secuencia(secuencia_id, aislado_id, complejo_clonal) VALUES ('93', '93', 'ST-2935') ON DUPLICATE KEY UPDATE complejo_clonal = 'ST-2935'; 
INSERT INTO metadata_general(aislado_id, aislado_nombre) VALUES ('94', 'CLE03-023') ON DUPLICATE KEY UPDATE aislado_nombre = 'CLE03-023'; 
INSERT INTO fenotipo(fenotipo_id, aislado_id, serotipo_invitro) VALUES ('769', '94', 'O6') ON DUPLICATE KEY UPDATE serotipo_invitro = 'O6'; 
INSERT INTO secuencia(secuencia_id, aislado_id, complejo_clonal) VALUES ('94', '94', 'ST-155') ON DUPLICATE KEY UPDATE complejo_clonal = 'ST-155'; 
INSERT INTO metadata_general(aislado_id, aislado_nombre) VALUES ('862', 'CLM01-003') ON DUPLICATE KEY UPDATE aislado_nombre = 'CLM01-003'; 
INSERT INTO fenotipo(fenotipo_id, aislado_id, serotipo_invitro) VALUES ('770', '862', 'O1') ON DUPLICATE KEY UPDATE serotipo_invitro = 'O1'; 
INSERT INTO secuencia(secuencia_id, aislado_id, complejo_clonal) VALUES ('862', '862', 'nan') ON DUPLICATE KEY UPDATE complejo_clonal = 'nan'; 
INSERT INTO metadata_general(aislado_id, aislado_nombre) VALUES ('863', 'CLM01-020') ON DUPLICATE KEY UPDATE aislado_nombre = 'CLM01-020'; 
INSERT INTO fenotipo(fenotipo_id, aislado_id, serotipo_invitro) VALUES ('771', '863', 'O6') ON DUPLICATE KEY UPDATE serotipo_invitro = 'O6'; 
INSERT INTO secuencia(secuencia_id, aislado_id, complejo_clonal) VALUES ('863', '863', 'ST-2136') ON DUPLICATE KEY UPDATE complejo_clonal = 'ST-2136'; 
INSERT INTO metadata_general(aislado_id, aislado_nombre) VALUES ('864', 'CLM01-031') ON DUPLICATE KEY UPDATE aislado_nombre = 'CLM01-031'; 
INSERT INTO fenotipo(fenotipo_id, aislado_id, serotipo_invitro) VALUES ('772', '864', 'O6') ON DUPLICATE KEY UPDATE serotipo_invitro = 'O6'; 
INSERT INTO secuencia(secuencia_id, aislado_id, complejo_clonal) VALUES ('864', '864', 'ST-2136') ON DUPLICATE KEY UPDATE complejo_clonal = 'ST-2136'; 
INSERT INTO metadata_general(aislado_id, aislado_nombre) VALUES ('865', 'CLM01-034') ON DUPLICATE KEY UPDATE aislado_nombre = 'CLM01-034'; 
INSERT INTO fenotipo(fenotipo_id, aislado_id, serotipo_invitro) VALUES ('773', '865', 'O6') ON DUPLICATE KEY UPDATE serotipo_invitro = 'O6'; 
INSERT INTO secuencia(secuencia_id, aislado_id, complejo_clonal) VALUES ('865', '865', 'ST-2136') ON DUPLICATE KEY UPDATE complejo_clonal = 'ST-2136'; 
INSERT INTO metadata_general(aislado_id, aislado_nombre) VALUES ('866', 'CLM01-022') ON DUPLICATE KEY UPDATE aislado_nombre = 'CLM01-022'; 
INSERT INTO fenotipo(fenotipo_id, aislado_id, serotipo_invitro) VALUES ('774', '866', 'No aglutina') ON DUPLICATE KEY UPDATE serotipo_invitro = 'No aglutina'; 
INSERT INTO secuencia(secuencia_id, aislado_id, complejo_clonal) VALUES ('866', '866', 'nan') ON DUPLICATE KEY UPDATE complejo_clonal = 'nan'; 
INSERT INTO metadata_general(aislado_id, aislado_nombre) VALUES ('867', 'CLM01-032') ON DUPLICATE KEY UPDATE aislado_nombre = 'CLM01-032'; 
INSERT INTO fenotipo(fenotipo_id, aislado_id, serotipo_invitro) VALUES ('775', '867', 'No aglutina') ON DUPLICATE KEY UPDATE serotipo_invitro = 'No aglutina'; 
INSERT INTO secuencia(secuencia_id, aislado_id, complejo_clonal) VALUES ('867', '867', 'nan') ON DUPLICATE KEY UPDATE complejo_clonal = 'nan'; 
INSERT INTO metadata_general(aislado_id, aislado_nombre) VALUES ('868', 'CLM01-038') ON DUPLICATE KEY UPDATE aislado_nombre = 'CLM01-038'; 
INSERT INTO fenotipo(fenotipo_id, aislado_id, serotipo_invitro) VALUES ('776', '868', 'No aglutina') ON DUPLICATE KEY UPDATE serotipo_invitro = 'No aglutina'; 
INSERT INTO secuencia(secuencia_id, aislado_id, complejo_clonal) VALUES ('868', '868', 'nan') ON DUPLICATE KEY UPDATE complejo_clonal = 'nan'; 
INSERT INTO metadata_general(aislado_id, aislado_nombre) VALUES ('869', 'CLM01-039') ON DUPLICATE KEY UPDATE aislado_nombre = 'CLM01-039'; 
INSERT INTO fenotipo(fenotipo_id, aislado_id, serotipo_invitro) VALUES ('777', '869', 'No aglutina') ON DUPLICATE KEY UPDATE serotipo_invitro = 'No aglutina'; 
INSERT INTO secuencia(secuencia_id, aislado_id, complejo_clonal) VALUES ('869', '869', 'nan') ON DUPLICATE KEY UPDATE complejo_clonal = 'nan'; 
INSERT INTO metadata_general(aislado_id, aislado_nombre) VALUES ('870', 'CLM01-007') ON DUPLICATE KEY UPDATE aislado_nombre = 'CLM01-007'; 
INSERT INTO fenotipo(fenotipo_id, aislado_id, serotipo_invitro) VALUES ('778', '870', 'O1+O2+O4') ON DUPLICATE KEY UPDATE serotipo_invitro = 'O1+O2+O4'; 
INSERT INTO secuencia(secuencia_id, aislado_id, complejo_clonal) VALUES ('870', '870', 'nan') ON DUPLICATE KEY UPDATE complejo_clonal = 'nan'; 
INSERT INTO metadata_general(aislado_id, aislado_nombre) VALUES ('871', 'CLM01-002') ON DUPLICATE KEY UPDATE aislado_nombre = 'CLM01-002'; 
INSERT INTO fenotipo(fenotipo_id, aislado_id, serotipo_invitro) VALUES ('779', '871', 'O11') ON DUPLICATE KEY UPDATE serotipo_invitro = 'O11'; 
INSERT INTO secuencia(secuencia_id, aislado_id, complejo_clonal) VALUES ('871', '871', 'nan') ON DUPLICATE KEY UPDATE complejo_clonal = 'nan'; 
INSERT INTO metadata_general(aislado_id, aislado_nombre) VALUES ('872', 'CLM01-014') ON DUPLICATE KEY UPDATE aislado_nombre = 'CLM01-014'; 
INSERT INTO fenotipo(fenotipo_id, aislado_id, serotipo_invitro) VALUES ('780', '872', 'O11') ON DUPLICATE KEY UPDATE serotipo_invitro = 'O11'; 
INSERT INTO secuencia(secuencia_id, aislado_id, complejo_clonal) VALUES ('872', '872', 'nan') ON DUPLICATE KEY UPDATE complejo_clonal = 'nan'; 
INSERT INTO metadata_general(aislado_id, aislado_nombre) VALUES ('873', 'CLM01-001') ON DUPLICATE KEY UPDATE aislado_nombre = 'CLM01-001'; 
INSERT INTO fenotipo(fenotipo_id, aislado_id, serotipo_invitro) VALUES ('781', '873', 'O16') ON DUPLICATE KEY UPDATE serotipo_invitro = 'O16'; 
INSERT INTO secuencia(secuencia_id, aislado_id, complejo_clonal) VALUES ('873', '873', 'nan') ON DUPLICATE KEY UPDATE complejo_clonal = 'nan'; 
INSERT INTO metadata_general(aislado_id, aislado_nombre) VALUES ('874', 'CLM01-006') ON DUPLICATE KEY UPDATE aislado_nombre = 'CLM01-006'; 
INSERT INTO fenotipo(fenotipo_id, aislado_id, serotipo_invitro) VALUES ('782', '874', 'O2') ON DUPLICATE KEY UPDATE serotipo_invitro = 'O2'; 
INSERT INTO secuencia(secuencia_id, aislado_id, complejo_clonal) VALUES ('874', '874', 'nan') ON DUPLICATE KEY UPDATE complejo_clonal = 'nan'; 
INSERT INTO metadata_general(aislado_id, aislado_nombre) VALUES ('875', 'CLM01-009') ON DUPLICATE KEY UPDATE aislado_nombre = 'CLM01-009'; 
INSERT INTO fenotipo(fenotipo_id, aislado_id, serotipo_invitro) VALUES ('783', '875', 'O2') ON DUPLICATE KEY UPDATE serotipo_invitro = 'O2'; 
INSERT INTO secuencia(secuencia_id, aislado_id, complejo_clonal) VALUES ('875', '875', 'nan') ON DUPLICATE KEY UPDATE complejo_clonal = 'nan'; 
INSERT INTO metadata_general(aislado_id, aislado_nombre) VALUES ('876', 'CLM01-012') ON DUPLICATE KEY UPDATE aislado_nombre = 'CLM01-012'; 
INSERT INTO fenotipo(fenotipo_id, aislado_id, serotipo_invitro) VALUES ('784', '876', 'O2') ON DUPLICATE KEY UPDATE serotipo_invitro = 'O2'; 
INSERT INTO secuencia(secuencia_id, aislado_id, complejo_clonal) VALUES ('876', '876', 'nan') ON DUPLICATE KEY UPDATE complejo_clonal = 'nan'; 
INSERT INTO metadata_general(aislado_id, aislado_nombre) VALUES ('877', 'CLM01-025') ON DUPLICATE KEY UPDATE aislado_nombre = 'CLM01-025'; 
INSERT INTO fenotipo(fenotipo_id, aislado_id, serotipo_invitro) VALUES ('785', '877', 'O2') ON DUPLICATE KEY UPDATE serotipo_invitro = 'O2'; 
INSERT INTO secuencia(secuencia_id, aislado_id, complejo_clonal) VALUES ('877', '877', 'nan') ON DUPLICATE KEY UPDATE complejo_clonal = 'nan'; 
INSERT INTO metadata_general(aislado_id, aislado_nombre) VALUES ('878', 'CLM01-024') ON DUPLICATE KEY UPDATE aislado_nombre = 'CLM01-024'; 
INSERT INTO fenotipo(fenotipo_id, aislado_id, serotipo_invitro) VALUES ('786', '878', 'O3') ON DUPLICATE KEY UPDATE serotipo_invitro = 'O3'; 
INSERT INTO secuencia(secuencia_id, aislado_id, complejo_clonal) VALUES ('878', '878', 'nan') ON DUPLICATE KEY UPDATE complejo_clonal = 'nan'; 
INSERT INTO metadata_general(aislado_id, aislado_nombre) VALUES ('879', 'CLM01-030') ON DUPLICATE KEY UPDATE aislado_nombre = 'CLM01-030'; 
INSERT INTO fenotipo(fenotipo_id, aislado_id, serotipo_invitro) VALUES ('787', '879', 'O3') ON DUPLICATE KEY UPDATE serotipo_invitro = 'O3'; 
INSERT INTO secuencia(secuencia_id, aislado_id, complejo_clonal) VALUES ('879', '879', 'nan') ON DUPLICATE KEY UPDATE complejo_clonal = 'nan'; 
INSERT INTO metadata_general(aislado_id, aislado_nombre) VALUES ('880', 'CLM01-008') ON DUPLICATE KEY UPDATE aislado_nombre = 'CLM01-008'; 
INSERT INTO fenotipo(fenotipo_id, aislado_id, serotipo_invitro) VALUES ('788', '880', 'O4') ON DUPLICATE KEY UPDATE serotipo_invitro = 'O4'; 
INSERT INTO secuencia(secuencia_id, aislado_id, complejo_clonal) VALUES ('880', '880', 'ST-654') ON DUPLICATE KEY UPDATE complejo_clonal = 'ST-654'; 
INSERT INTO metadata_general(aislado_id, aislado_nombre) VALUES ('881', 'CLM01-011') ON DUPLICATE KEY UPDATE aislado_nombre = 'CLM01-011'; 
INSERT INTO fenotipo(fenotipo_id, aislado_id, serotipo_invitro) VALUES ('789', '881', 'O6') ON DUPLICATE KEY UPDATE serotipo_invitro = 'O6'; 
INSERT INTO secuencia(secuencia_id, aislado_id, complejo_clonal) VALUES ('881', '881', 'nan') ON DUPLICATE KEY UPDATE complejo_clonal = 'nan'; 
INSERT INTO metadata_general(aislado_id, aislado_nombre) VALUES ('882', 'CLM01-019') ON DUPLICATE KEY UPDATE aislado_nombre = 'CLM01-019'; 
INSERT INTO fenotipo(fenotipo_id, aislado_id, serotipo_invitro) VALUES ('790', '882', 'O6') ON DUPLICATE KEY UPDATE serotipo_invitro = 'O6'; 
INSERT INTO secuencia(secuencia_id, aislado_id, complejo_clonal) VALUES ('882', '882', 'nan') ON DUPLICATE KEY UPDATE complejo_clonal = 'nan'; 
INSERT INTO metadata_general(aislado_id, aislado_nombre) VALUES ('883', 'CLM01-021') ON DUPLICATE KEY UPDATE aislado_nombre = 'CLM01-021'; 
INSERT INTO fenotipo(fenotipo_id, aislado_id, serotipo_invitro) VALUES ('791', '883', 'O6') ON DUPLICATE KEY UPDATE serotipo_invitro = 'O6'; 
INSERT INTO secuencia(secuencia_id, aislado_id, complejo_clonal) VALUES ('883', '883', 'nan') ON DUPLICATE KEY UPDATE complejo_clonal = 'nan'; 
INSERT INTO metadata_general(aislado_id, aislado_nombre) VALUES ('884', 'CLM01-036') ON DUPLICATE KEY UPDATE aislado_nombre = 'CLM01-036'; 
INSERT INTO fenotipo(fenotipo_id, aislado_id, serotipo_invitro) VALUES ('792', '884', 'O6') ON DUPLICATE KEY UPDATE serotipo_invitro = 'O6'; 
INSERT INTO secuencia(secuencia_id, aislado_id, complejo_clonal) VALUES ('884', '884', 'nan') ON DUPLICATE KEY UPDATE complejo_clonal = 'nan'; 
INSERT INTO metadata_general(aislado_id, aislado_nombre) VALUES ('885', 'CLM01-037') ON DUPLICATE KEY UPDATE aislado_nombre = 'CLM01-037'; 
INSERT INTO fenotipo(fenotipo_id, aislado_id, serotipo_invitro) VALUES ('793', '885', 'O6') ON DUPLICATE KEY UPDATE serotipo_invitro = 'O6'; 
INSERT INTO secuencia(secuencia_id, aislado_id, complejo_clonal) VALUES ('885', '885', 'nan') ON DUPLICATE KEY UPDATE complejo_clonal = 'nan'; 
INSERT INTO metadata_general(aislado_id, aislado_nombre) VALUES ('886', 'CLM01-040') ON DUPLICATE KEY UPDATE aislado_nombre = 'CLM01-040'; 
INSERT INTO fenotipo(fenotipo_id, aislado_id, serotipo_invitro) VALUES ('794', '886', 'O6') ON DUPLICATE KEY UPDATE serotipo_invitro = 'O6'; 
INSERT INTO secuencia(secuencia_id, aislado_id, complejo_clonal) VALUES ('886', '886', 'nan') ON DUPLICATE KEY UPDATE complejo_clonal = 'nan'; 
INSERT INTO metadata_general(aislado_id, aislado_nombre) VALUES ('887', 'CLM01-018') ON DUPLICATE KEY UPDATE aislado_nombre = 'CLM01-018'; 
INSERT INTO fenotipo(fenotipo_id, aislado_id, serotipo_invitro) VALUES ('795', '887', 'O7') ON DUPLICATE KEY UPDATE serotipo_invitro = 'O7'; 
INSERT INTO secuencia(secuencia_id, aislado_id, complejo_clonal) VALUES ('887', '887', 'nan') ON DUPLICATE KEY UPDATE complejo_clonal = 'nan'; 
INSERT INTO metadata_general(aislado_id, aislado_nombre) VALUES ('888', 'CLM01-023') ON DUPLICATE KEY UPDATE aislado_nombre = 'CLM01-023'; 
INSERT INTO fenotipo(fenotipo_id, aislado_id, serotipo_invitro) VALUES ('796', '888', 'O7') ON DUPLICATE KEY UPDATE serotipo_invitro = 'O7'; 
INSERT INTO secuencia(secuencia_id, aislado_id, complejo_clonal) VALUES ('888', '888', 'nan') ON DUPLICATE KEY UPDATE complejo_clonal = 'nan'; 
INSERT INTO metadata_general(aislado_id, aislado_nombre) VALUES ('889', 'CLM01-004') ON DUPLICATE KEY UPDATE aislado_nombre = 'CLM01-004'; 
INSERT INTO fenotipo(fenotipo_id, aislado_id, serotipo_invitro) VALUES ('797', '889', 'O8') ON DUPLICATE KEY UPDATE serotipo_invitro = 'O8'; 
INSERT INTO secuencia(secuencia_id, aislado_id, complejo_clonal) VALUES ('889', '889', 'nan') ON DUPLICATE KEY UPDATE complejo_clonal = 'nan'; 
INSERT INTO metadata_general(aislado_id, aislado_nombre) VALUES ('890', 'CLM01-015') ON DUPLICATE KEY UPDATE aislado_nombre = 'CLM01-015'; 
INSERT INTO fenotipo(fenotipo_id, aislado_id, serotipo_invitro) VALUES ('798', '890', 'O9') ON DUPLICATE KEY UPDATE serotipo_invitro = 'O9'; 
INSERT INTO secuencia(secuencia_id, aislado_id, complejo_clonal) VALUES ('890', '890', 'nan') ON DUPLICATE KEY UPDATE complejo_clonal = 'nan'; 
INSERT INTO metadata_general(aislado_id, aislado_nombre) VALUES ('891', 'CLM01-033') ON DUPLICATE KEY UPDATE aislado_nombre = 'CLM01-033'; 
INSERT INTO fenotipo(fenotipo_id, aislado_id, serotipo_invitro) VALUES ('799', '891', 'O9') ON DUPLICATE KEY UPDATE serotipo_invitro = 'O9'; 
INSERT INTO secuencia(secuencia_id, aislado_id, complejo_clonal) VALUES ('891', '891', 'nan') ON DUPLICATE KEY UPDATE complejo_clonal = 'nan'; 
INSERT INTO metadata_general(aislado_id, aislado_nombre) VALUES ('892', 'CLM02-019 ') ON DUPLICATE KEY UPDATE aislado_nombre = 'CLM02-019 '; 
INSERT INTO fenotipo(fenotipo_id, aislado_id, serotipo_invitro) VALUES ('800', '892', 'O11') ON DUPLICATE KEY UPDATE serotipo_invitro = 'O11'; 
INSERT INTO secuencia(secuencia_id, aislado_id, complejo_clonal) VALUES ('892', '892', 'nan') ON DUPLICATE KEY UPDATE complejo_clonal = 'nan'; 
INSERT INTO metadata_general(aislado_id, aislado_nombre) VALUES ('893', 'CLM02-022 ') ON DUPLICATE KEY UPDATE aislado_nombre = 'CLM02-022 '; 
INSERT INTO fenotipo(fenotipo_id, aislado_id, serotipo_invitro) VALUES ('801', '893', 'O6') ON DUPLICATE KEY UPDATE serotipo_invitro = 'O6'; 
INSERT INTO secuencia(secuencia_id, aislado_id, complejo_clonal) VALUES ('893', '893', 'nan') ON DUPLICATE KEY UPDATE complejo_clonal = 'nan'; 
INSERT INTO metadata_general(aislado_id, aislado_nombre) VALUES ('894', 'CLM02-032') ON DUPLICATE KEY UPDATE aislado_nombre = 'CLM02-032'; 
INSERT INTO fenotipo(fenotipo_id, aislado_id, serotipo_invitro) VALUES ('802', '894', 'No Aglutina') ON DUPLICATE KEY UPDATE serotipo_invitro = 'No Aglutina'; 
INSERT INTO secuencia(secuencia_id, aislado_id, complejo_clonal) VALUES ('894', '894', 'nan') ON DUPLICATE KEY UPDATE complejo_clonal = 'nan'; 
INSERT INTO metadata_general(aislado_id, aislado_nombre) VALUES ('895', 'CLM02-025 ') ON DUPLICATE KEY UPDATE aislado_nombre = 'CLM02-025 '; 
INSERT INTO fenotipo(fenotipo_id, aislado_id, serotipo_invitro) VALUES ('803', '895', 'O11') ON DUPLICATE KEY UPDATE serotipo_invitro = 'O11'; 
INSERT INTO secuencia(secuencia_id, aislado_id, complejo_clonal) VALUES ('895', '895', 'nan') ON DUPLICATE KEY UPDATE complejo_clonal = 'nan'; 
INSERT INTO metadata_general(aislado_id, aislado_nombre) VALUES ('896', 'CLM02-033 ') ON DUPLICATE KEY UPDATE aislado_nombre = 'CLM02-033 '; 
INSERT INTO fenotipo(fenotipo_id, aislado_id, serotipo_invitro) VALUES ('804', '896', 'O2') ON DUPLICATE KEY UPDATE serotipo_invitro = 'O2'; 
INSERT INTO secuencia(secuencia_id, aislado_id, complejo_clonal) VALUES ('896', '896', 'nan') ON DUPLICATE KEY UPDATE complejo_clonal = 'nan'; 
INSERT INTO metadata_general(aislado_id, aislado_nombre) VALUES ('897', 'CLM02-037') ON DUPLICATE KEY UPDATE aislado_nombre = 'CLM02-037'; 
INSERT INTO fenotipo(fenotipo_id, aislado_id, serotipo_invitro) VALUES ('805', '897', 'O2') ON DUPLICATE KEY UPDATE serotipo_invitro = 'O2'; 
INSERT INTO secuencia(secuencia_id, aislado_id, complejo_clonal) VALUES ('897', '897', 'nan') ON DUPLICATE KEY UPDATE complejo_clonal = 'nan'; 
INSERT INTO metadata_general(aislado_id, aislado_nombre) VALUES ('898', 'CLM02-031  ') ON DUPLICATE KEY UPDATE aislado_nombre = 'CLM02-031  '; 
INSERT INTO fenotipo(fenotipo_id, aislado_id, serotipo_invitro) VALUES ('806', '898', 'O2+O3') ON DUPLICATE KEY UPDATE serotipo_invitro = 'O2+O3'; 
INSERT INTO secuencia(secuencia_id, aislado_id, complejo_clonal) VALUES ('898', '898', 'nan') ON DUPLICATE KEY UPDATE complejo_clonal = 'nan'; 
INSERT INTO metadata_general(aislado_id, aislado_nombre) VALUES ('899', 'CLM02-016 ') ON DUPLICATE KEY UPDATE aislado_nombre = 'CLM02-016 '; 
INSERT INTO fenotipo(fenotipo_id, aislado_id, serotipo_invitro) VALUES ('807', '899', 'O3') ON DUPLICATE KEY UPDATE serotipo_invitro = 'O3'; 
INSERT INTO secuencia(secuencia_id, aislado_id, complejo_clonal) VALUES ('899', '899', 'nan') ON DUPLICATE KEY UPDATE complejo_clonal = 'nan'; 
INSERT INTO metadata_general(aislado_id, aislado_nombre) VALUES ('900', 'CLM02-034') ON DUPLICATE KEY UPDATE aislado_nombre = 'CLM02-034'; 
INSERT INTO fenotipo(fenotipo_id, aislado_id, serotipo_invitro) VALUES ('808', '900', 'O3') ON DUPLICATE KEY UPDATE serotipo_invitro = 'O3'; 
INSERT INTO secuencia(secuencia_id, aislado_id, complejo_clonal) VALUES ('900', '900', 'nan') ON DUPLICATE KEY UPDATE complejo_clonal = 'nan'; 
INSERT INTO metadata_general(aislado_id, aislado_nombre) VALUES ('901', 'CLM02-004 ') ON DUPLICATE KEY UPDATE aislado_nombre = 'CLM02-004 '; 
INSERT INTO fenotipo(fenotipo_id, aislado_id, serotipo_invitro) VALUES ('809', '901', 'O4') ON DUPLICATE KEY UPDATE serotipo_invitro = 'O4'; 
INSERT INTO secuencia(secuencia_id, aislado_id, complejo_clonal) VALUES ('901', '901', 'nan') ON DUPLICATE KEY UPDATE complejo_clonal = 'nan'; 
INSERT INTO metadata_general(aislado_id, aislado_nombre) VALUES ('902', 'CLM02-036 ') ON DUPLICATE KEY UPDATE aislado_nombre = 'CLM02-036 '; 
INSERT INTO fenotipo(fenotipo_id, aislado_id, serotipo_invitro) VALUES ('810', '902', 'O4') ON DUPLICATE KEY UPDATE serotipo_invitro = 'O4'; 
INSERT INTO secuencia(secuencia_id, aislado_id, complejo_clonal) VALUES ('902', '902', 'nan') ON DUPLICATE KEY UPDATE complejo_clonal = 'nan'; 
INSERT INTO metadata_general(aislado_id, aislado_nombre) VALUES ('903', 'CLM02-013 ') ON DUPLICATE KEY UPDATE aislado_nombre = 'CLM02-013 '; 
INSERT INTO fenotipo(fenotipo_id, aislado_id, serotipo_invitro) VALUES ('811', '903', 'O5') ON DUPLICATE KEY UPDATE serotipo_invitro = 'O5'; 
INSERT INTO secuencia(secuencia_id, aislado_id, complejo_clonal) VALUES ('903', '903', 'nan') ON DUPLICATE KEY UPDATE complejo_clonal = 'nan'; 
INSERT INTO metadata_general(aislado_id, aislado_nombre) VALUES ('904', 'CLM02-023 ') ON DUPLICATE KEY UPDATE aislado_nombre = 'CLM02-023 '; 
INSERT INTO fenotipo(fenotipo_id, aislado_id, serotipo_invitro) VALUES ('812', '904', 'O5') ON DUPLICATE KEY UPDATE serotipo_invitro = 'O5'; 
INSERT INTO secuencia(secuencia_id, aislado_id, complejo_clonal) VALUES ('904', '904', 'nan') ON DUPLICATE KEY UPDATE complejo_clonal = 'nan'; 
INSERT INTO metadata_general(aislado_id, aislado_nombre) VALUES ('905', 'CLM02-020 ') ON DUPLICATE KEY UPDATE aislado_nombre = 'CLM02-020 '; 
INSERT INTO fenotipo(fenotipo_id, aislado_id, serotipo_invitro) VALUES ('813', '905', 'O6') ON DUPLICATE KEY UPDATE serotipo_invitro = 'O6'; 
INSERT INTO secuencia(secuencia_id, aislado_id, complejo_clonal) VALUES ('905', '905', 'nan') ON DUPLICATE KEY UPDATE complejo_clonal = 'nan'; 
INSERT INTO metadata_general(aislado_id, aislado_nombre) VALUES ('906', 'CLM02-021') ON DUPLICATE KEY UPDATE aislado_nombre = 'CLM02-021'; 
INSERT INTO fenotipo(fenotipo_id, aislado_id, serotipo_invitro) VALUES ('814', '906', 'O6') ON DUPLICATE KEY UPDATE serotipo_invitro = 'O6'; 
INSERT INTO secuencia(secuencia_id, aislado_id, complejo_clonal) VALUES ('906', '906', 'nan') ON DUPLICATE KEY UPDATE complejo_clonal = 'nan'; 
INSERT INTO metadata_general(aislado_id, aislado_nombre) VALUES ('907', 'CLM02-027 ') ON DUPLICATE KEY UPDATE aislado_nombre = 'CLM02-027 '; 
INSERT INTO fenotipo(fenotipo_id, aislado_id, serotipo_invitro) VALUES ('815', '907', 'O6') ON DUPLICATE KEY UPDATE serotipo_invitro = 'O6'; 
INSERT INTO secuencia(secuencia_id, aislado_id, complejo_clonal) VALUES ('907', '907', 'nan') ON DUPLICATE KEY UPDATE complejo_clonal = 'nan'; 
INSERT INTO metadata_general(aislado_id, aislado_nombre) VALUES ('908', 'CLM02-028') ON DUPLICATE KEY UPDATE aislado_nombre = 'CLM02-028'; 
INSERT INTO fenotipo(fenotipo_id, aislado_id, serotipo_invitro) VALUES ('816', '908', 'O6') ON DUPLICATE KEY UPDATE serotipo_invitro = 'O6'; 
INSERT INTO secuencia(secuencia_id, aislado_id, complejo_clonal) VALUES ('908', '908', 'nan') ON DUPLICATE KEY UPDATE complejo_clonal = 'nan'; 
INSERT INTO metadata_general(aislado_id, aislado_nombre) VALUES ('909', 'CLM02-038 ') ON DUPLICATE KEY UPDATE aislado_nombre = 'CLM02-038 '; 
INSERT INTO fenotipo(fenotipo_id, aislado_id, serotipo_invitro) VALUES ('817', '909', 'O6') ON DUPLICATE KEY UPDATE serotipo_invitro = 'O6'; 
INSERT INTO secuencia(secuencia_id, aislado_id, complejo_clonal) VALUES ('909', '909', 'nan') ON DUPLICATE KEY UPDATE complejo_clonal = 'nan'; 
INSERT INTO metadata_general(aislado_id, aislado_nombre) VALUES ('910', 'CLM02-039 ') ON DUPLICATE KEY UPDATE aislado_nombre = 'CLM02-039 '; 
INSERT INTO fenotipo(fenotipo_id, aislado_id, serotipo_invitro) VALUES ('818', '910', 'O6') ON DUPLICATE KEY UPDATE serotipo_invitro = 'O6'; 
INSERT INTO secuencia(secuencia_id, aislado_id, complejo_clonal) VALUES ('910', '910', 'nan') ON DUPLICATE KEY UPDATE complejo_clonal = 'nan'; 
INSERT INTO metadata_general(aislado_id, aislado_nombre) VALUES ('911', 'CLM02-040 ') ON DUPLICATE KEY UPDATE aislado_nombre = 'CLM02-040 '; 
INSERT INTO fenotipo(fenotipo_id, aislado_id, serotipo_invitro) VALUES ('819', '911', 'O6') ON DUPLICATE KEY UPDATE serotipo_invitro = 'O6'; 
INSERT INTO secuencia(secuencia_id, aislado_id, complejo_clonal) VALUES ('911', '911', 'nan') ON DUPLICATE KEY UPDATE complejo_clonal = 'nan'; 
INSERT INTO metadata_general(aislado_id, aislado_nombre) VALUES ('912', 'CLM02-041') ON DUPLICATE KEY UPDATE aislado_nombre = 'CLM02-041'; 
INSERT INTO fenotipo(fenotipo_id, aislado_id, serotipo_invitro) VALUES ('820', '912', 'O6') ON DUPLICATE KEY UPDATE serotipo_invitro = 'O6'; 
INSERT INTO secuencia(secuencia_id, aislado_id, complejo_clonal) VALUES ('912', '912', 'nan') ON DUPLICATE KEY UPDATE complejo_clonal = 'nan'; 
INSERT INTO metadata_general(aislado_id, aislado_nombre) VALUES ('913', 'CLM02-045 ') ON DUPLICATE KEY UPDATE aislado_nombre = 'CLM02-045 '; 
INSERT INTO fenotipo(fenotipo_id, aislado_id, serotipo_invitro) VALUES ('821', '913', 'O6') ON DUPLICATE KEY UPDATE serotipo_invitro = 'O6'; 
INSERT INTO secuencia(secuencia_id, aislado_id, complejo_clonal) VALUES ('913', '913', 'nan') ON DUPLICATE KEY UPDATE complejo_clonal = 'nan'; 
INSERT INTO metadata_general(aislado_id, aislado_nombre) VALUES ('914', 'CLM02-018') ON DUPLICATE KEY UPDATE aislado_nombre = 'CLM02-018'; 
INSERT INTO fenotipo(fenotipo_id, aislado_id, serotipo_invitro) VALUES ('822', '914', 'O8') ON DUPLICATE KEY UPDATE serotipo_invitro = 'O8'; 
INSERT INTO secuencia(secuencia_id, aislado_id, complejo_clonal) VALUES ('914', '914', 'nan') ON DUPLICATE KEY UPDATE complejo_clonal = 'nan'; 
INSERT INTO metadata_general(aislado_id, aislado_nombre) VALUES ('96', 'CLM02-017 ') ON DUPLICATE KEY UPDATE aislado_nombre = 'CLM02-017 '; 
INSERT INTO fenotipo(fenotipo_id, aislado_id, serotipo_invitro) VALUES ('823', '96', 'O10') ON DUPLICATE KEY UPDATE serotipo_invitro = 'O10'; 
INSERT INTO secuencia(secuencia_id, aislado_id, complejo_clonal) VALUES ('96', '96', 'ST-253') ON DUPLICATE KEY UPDATE complejo_clonal = 'ST-253'; 
INSERT INTO metadata_general(aislado_id, aislado_nombre) VALUES ('98', 'CLM02-046') ON DUPLICATE KEY UPDATE aislado_nombre = 'CLM02-046'; 
INSERT INTO fenotipo(fenotipo_id, aislado_id, serotipo_invitro) VALUES ('824', '98', 'O6') ON DUPLICATE KEY UPDATE serotipo_invitro = 'O6'; 
INSERT INTO secuencia(secuencia_id, aislado_id, complejo_clonal) VALUES ('98', '98', 'ST-882') ON DUPLICATE KEY UPDATE complejo_clonal = 'ST-882'; 
INSERT INTO metadata_general(aislado_id, aislado_nombre) VALUES ('95', 'CLM02-005 ') ON DUPLICATE KEY UPDATE aislado_nombre = 'CLM02-005 '; 
INSERT INTO fenotipo(fenotipo_id, aislado_id, serotipo_invitro) VALUES ('825', '95', 'O4') ON DUPLICATE KEY UPDATE serotipo_invitro = 'O4'; 
INSERT INTO secuencia(secuencia_id, aislado_id, complejo_clonal) VALUES ('95', '95', 'ST-175') ON DUPLICATE KEY UPDATE complejo_clonal = 'ST-175'; 
INSERT INTO metadata_general(aislado_id, aislado_nombre) VALUES ('915', 'CLM02-014') ON DUPLICATE KEY UPDATE aislado_nombre = 'CLM02-014'; 
INSERT INTO fenotipo(fenotipo_id, aislado_id, serotipo_invitro) VALUES ('826', '915', 'O4') ON DUPLICATE KEY UPDATE serotipo_invitro = 'O4'; 
INSERT INTO secuencia(secuencia_id, aislado_id, complejo_clonal) VALUES ('915', '915', 'ST-175') ON DUPLICATE KEY UPDATE complejo_clonal = 'ST-175'; 
INSERT INTO metadata_general(aislado_id, aislado_nombre) VALUES ('916', 'CLM02-026 ') ON DUPLICATE KEY UPDATE aislado_nombre = 'CLM02-026 '; 
INSERT INTO fenotipo(fenotipo_id, aislado_id, serotipo_invitro) VALUES ('827', '916', 'O4') ON DUPLICATE KEY UPDATE serotipo_invitro = 'O4'; 
INSERT INTO secuencia(secuencia_id, aislado_id, complejo_clonal) VALUES ('916', '916', 'ST-175') ON DUPLICATE KEY UPDATE complejo_clonal = 'ST-175'; 
INSERT INTO metadata_general(aislado_id, aislado_nombre) VALUES ('97', 'CLM02-043 ') ON DUPLICATE KEY UPDATE aislado_nombre = 'CLM02-043 '; 
INSERT INTO fenotipo(fenotipo_id, aislado_id, serotipo_invitro) VALUES ('828', '97', 'No Aglutina') ON DUPLICATE KEY UPDATE serotipo_invitro = 'No Aglutina'; 
INSERT INTO secuencia(secuencia_id, aislado_id, complejo_clonal) VALUES ('97', '97', 'ST-175') ON DUPLICATE KEY UPDATE complejo_clonal = 'ST-175'; 
INSERT INTO metadata_general(aislado_id, aislado_nombre) VALUES ('917', 'CLM02-048') ON DUPLICATE KEY UPDATE aislado_nombre = 'CLM02-048'; 
INSERT INTO fenotipo(fenotipo_id, aislado_id, serotipo_invitro) VALUES ('829', '917', 'O4') ON DUPLICATE KEY UPDATE serotipo_invitro = 'O4'; 
INSERT INTO secuencia(secuencia_id, aislado_id, complejo_clonal) VALUES ('917', '917', 'nan') ON DUPLICATE KEY UPDATE complejo_clonal = 'nan'; 
INSERT INTO metadata_general(aislado_id, aislado_nombre) VALUES ('918', 'CVA01-007') ON DUPLICATE KEY UPDATE aislado_nombre = 'CVA01-007'; 
INSERT INTO fenotipo(fenotipo_id, aislado_id, serotipo_invitro) VALUES ('830', '918', 'No Aglutina') ON DUPLICATE KEY UPDATE serotipo_invitro = 'No Aglutina'; 
INSERT INTO secuencia(secuencia_id, aislado_id, complejo_clonal) VALUES ('918', '918', 'nan') ON DUPLICATE KEY UPDATE complejo_clonal = 'nan'; 
INSERT INTO metadata_general(aislado_id, aislado_nombre) VALUES ('919', 'CVA01-005') ON DUPLICATE KEY UPDATE aislado_nombre = 'CVA01-005'; 
INSERT INTO fenotipo(fenotipo_id, aislado_id, serotipo_invitro) VALUES ('831', '919', 'O1') ON DUPLICATE KEY UPDATE serotipo_invitro = 'O1'; 
INSERT INTO secuencia(secuencia_id, aislado_id, complejo_clonal) VALUES ('919', '919', 'nan') ON DUPLICATE KEY UPDATE complejo_clonal = 'nan'; 
INSERT INTO metadata_general(aislado_id, aislado_nombre) VALUES ('920', 'CVA01-009') ON DUPLICATE KEY UPDATE aislado_nombre = 'CVA01-009'; 
INSERT INTO fenotipo(fenotipo_id, aislado_id, serotipo_invitro) VALUES ('832', '920', 'O1') ON DUPLICATE KEY UPDATE serotipo_invitro = 'O1'; 
INSERT INTO secuencia(secuencia_id, aislado_id, complejo_clonal) VALUES ('920', '920', 'nan') ON DUPLICATE KEY UPDATE complejo_clonal = 'nan'; 
INSERT INTO metadata_general(aislado_id, aislado_nombre) VALUES ('921', 'CVA01-010') ON DUPLICATE KEY UPDATE aislado_nombre = 'CVA01-010'; 
INSERT INTO fenotipo(fenotipo_id, aislado_id, serotipo_invitro) VALUES ('833', '921', 'O1') ON DUPLICATE KEY UPDATE serotipo_invitro = 'O1'; 
INSERT INTO secuencia(secuencia_id, aislado_id, complejo_clonal) VALUES ('921', '921', 'nan') ON DUPLICATE KEY UPDATE complejo_clonal = 'nan'; 
INSERT INTO metadata_general(aislado_id, aislado_nombre) VALUES ('922', 'CVA01-017') ON DUPLICATE KEY UPDATE aislado_nombre = 'CVA01-017'; 
INSERT INTO fenotipo(fenotipo_id, aislado_id, serotipo_invitro) VALUES ('834', '922', 'O1') ON DUPLICATE KEY UPDATE serotipo_invitro = 'O1'; 
INSERT INTO secuencia(secuencia_id, aislado_id, complejo_clonal) VALUES ('922', '922', 'nan') ON DUPLICATE KEY UPDATE complejo_clonal = 'nan'; 
INSERT INTO metadata_general(aislado_id, aislado_nombre) VALUES ('923', 'CVA01-032') ON DUPLICATE KEY UPDATE aislado_nombre = 'CVA01-032'; 
INSERT INTO fenotipo(fenotipo_id, aislado_id, serotipo_invitro) VALUES ('835', '923', 'O1') ON DUPLICATE KEY UPDATE serotipo_invitro = 'O1'; 
INSERT INTO secuencia(secuencia_id, aislado_id, complejo_clonal) VALUES ('923', '923', 'nan') ON DUPLICATE KEY UPDATE complejo_clonal = 'nan'; 
INSERT INTO metadata_general(aislado_id, aislado_nombre) VALUES ('924', 'CVA01-011') ON DUPLICATE KEY UPDATE aislado_nombre = 'CVA01-011'; 
INSERT INTO fenotipo(fenotipo_id, aislado_id, serotipo_invitro) VALUES ('836', '924', 'O11') ON DUPLICATE KEY UPDATE serotipo_invitro = 'O11'; 
INSERT INTO secuencia(secuencia_id, aislado_id, complejo_clonal) VALUES ('924', '924', 'nan') ON DUPLICATE KEY UPDATE complejo_clonal = 'nan'; 
INSERT INTO metadata_general(aislado_id, aislado_nombre) VALUES ('925', 'CVA01-016') ON DUPLICATE KEY UPDATE aislado_nombre = 'CVA01-016'; 
INSERT INTO fenotipo(fenotipo_id, aislado_id, serotipo_invitro) VALUES ('837', '925', 'O11') ON DUPLICATE KEY UPDATE serotipo_invitro = 'O11'; 
INSERT INTO secuencia(secuencia_id, aislado_id, complejo_clonal) VALUES ('925', '925', 'nan') ON DUPLICATE KEY UPDATE complejo_clonal = 'nan'; 
INSERT INTO metadata_general(aislado_id, aislado_nombre) VALUES ('926', 'CVA01-047') ON DUPLICATE KEY UPDATE aislado_nombre = 'CVA01-047'; 
INSERT INTO fenotipo(fenotipo_id, aislado_id, serotipo_invitro) VALUES ('838', '926', 'O11') ON DUPLICATE KEY UPDATE serotipo_invitro = 'O11'; 
INSERT INTO secuencia(secuencia_id, aislado_id, complejo_clonal) VALUES ('926', '926', 'nan') ON DUPLICATE KEY UPDATE complejo_clonal = 'nan'; 
INSERT INTO metadata_general(aislado_id, aislado_nombre) VALUES ('927', 'CVA01-015') ON DUPLICATE KEY UPDATE aislado_nombre = 'CVA01-015'; 
INSERT INTO fenotipo(fenotipo_id, aislado_id, serotipo_invitro) VALUES ('839', '927', 'O16') ON DUPLICATE KEY UPDATE serotipo_invitro = 'O16'; 
INSERT INTO secuencia(secuencia_id, aislado_id, complejo_clonal) VALUES ('927', '927', 'nan') ON DUPLICATE KEY UPDATE complejo_clonal = 'nan'; 
INSERT INTO metadata_general(aislado_id, aislado_nombre) VALUES ('928', 'CVA01-018') ON DUPLICATE KEY UPDATE aislado_nombre = 'CVA01-018'; 
INSERT INTO fenotipo(fenotipo_id, aislado_id, serotipo_invitro) VALUES ('840', '928', 'O3') ON DUPLICATE KEY UPDATE serotipo_invitro = 'O3'; 
INSERT INTO secuencia(secuencia_id, aislado_id, complejo_clonal) VALUES ('928', '928', 'nan') ON DUPLICATE KEY UPDATE complejo_clonal = 'nan'; 
INSERT INTO metadata_general(aislado_id, aislado_nombre) VALUES ('929', 'CVA01-036') ON DUPLICATE KEY UPDATE aislado_nombre = 'CVA01-036'; 
INSERT INTO fenotipo(fenotipo_id, aislado_id, serotipo_invitro) VALUES ('841', '929', 'O3') ON DUPLICATE KEY UPDATE serotipo_invitro = 'O3'; 
INSERT INTO secuencia(secuencia_id, aislado_id, complejo_clonal) VALUES ('929', '929', 'nan') ON DUPLICATE KEY UPDATE complejo_clonal = 'nan'; 
INSERT INTO metadata_general(aislado_id, aislado_nombre) VALUES ('930', 'CVA01-024') ON DUPLICATE KEY UPDATE aislado_nombre = 'CVA01-024'; 
INSERT INTO fenotipo(fenotipo_id, aislado_id, serotipo_invitro) VALUES ('842', '930', 'O4') ON DUPLICATE KEY UPDATE serotipo_invitro = 'O4'; 
INSERT INTO secuencia(secuencia_id, aislado_id, complejo_clonal) VALUES ('930', '930', 'ST-3151') ON DUPLICATE KEY UPDATE complejo_clonal = 'ST-3151'; 
INSERT INTO metadata_general(aislado_id, aislado_nombre) VALUES ('931', 'CVA01-050') ON DUPLICATE KEY UPDATE aislado_nombre = 'CVA01-050'; 
INSERT INTO fenotipo(fenotipo_id, aislado_id, serotipo_invitro) VALUES ('843', '931', 'O4') ON DUPLICATE KEY UPDATE serotipo_invitro = 'O4'; 
INSERT INTO secuencia(secuencia_id, aislado_id, complejo_clonal) VALUES ('931', '931', 'nan') ON DUPLICATE KEY UPDATE complejo_clonal = 'nan'; 
INSERT INTO metadata_general(aislado_id, aislado_nombre) VALUES ('932', 'CVA01-020') ON DUPLICATE KEY UPDATE aislado_nombre = 'CVA01-020'; 
INSERT INTO fenotipo(fenotipo_id, aislado_id, serotipo_invitro) VALUES ('844', '932', 'O5') ON DUPLICATE KEY UPDATE serotipo_invitro = 'O5'; 
INSERT INTO secuencia(secuencia_id, aislado_id, complejo_clonal) VALUES ('932', '932', 'nan') ON DUPLICATE KEY UPDATE complejo_clonal = 'nan'; 
INSERT INTO metadata_general(aislado_id, aislado_nombre) VALUES ('933', 'CVA01-001') ON DUPLICATE KEY UPDATE aislado_nombre = 'CVA01-001'; 
INSERT INTO fenotipo(fenotipo_id, aislado_id, serotipo_invitro) VALUES ('845', '933', 'O6') ON DUPLICATE KEY UPDATE serotipo_invitro = 'O6'; 
INSERT INTO secuencia(secuencia_id, aislado_id, complejo_clonal) VALUES ('933', '933', 'nan') ON DUPLICATE KEY UPDATE complejo_clonal = 'nan'; 
INSERT INTO metadata_general(aislado_id, aislado_nombre) VALUES ('934', 'CVA01-034') ON DUPLICATE KEY UPDATE aislado_nombre = 'CVA01-034'; 
INSERT INTO fenotipo(fenotipo_id, aislado_id, serotipo_invitro) VALUES ('846', '934', 'O6') ON DUPLICATE KEY UPDATE serotipo_invitro = 'O6'; 
INSERT INTO secuencia(secuencia_id, aislado_id, complejo_clonal) VALUES ('934', '934', 'nan') ON DUPLICATE KEY UPDATE complejo_clonal = 'nan'; 
INSERT INTO metadata_general(aislado_id, aislado_nombre) VALUES ('935', 'CVA01-040') ON DUPLICATE KEY UPDATE aislado_nombre = 'CVA01-040'; 
INSERT INTO fenotipo(fenotipo_id, aislado_id, serotipo_invitro) VALUES ('847', '935', 'O6') ON DUPLICATE KEY UPDATE serotipo_invitro = 'O6'; 
INSERT INTO secuencia(secuencia_id, aislado_id, complejo_clonal) VALUES ('935', '935', 'nan') ON DUPLICATE KEY UPDATE complejo_clonal = 'nan'; 
INSERT INTO metadata_general(aislado_id, aislado_nombre) VALUES ('936', 'CVA01-049') ON DUPLICATE KEY UPDATE aislado_nombre = 'CVA01-049'; 
INSERT INTO fenotipo(fenotipo_id, aislado_id, serotipo_invitro) VALUES ('848', '936', 'O6') ON DUPLICATE KEY UPDATE serotipo_invitro = 'O6'; 
INSERT INTO secuencia(secuencia_id, aislado_id, complejo_clonal) VALUES ('936', '936', 'nan') ON DUPLICATE KEY UPDATE complejo_clonal = 'nan'; 
INSERT INTO metadata_general(aislado_id, aislado_nombre) VALUES ('937', 'CVA01-051') ON DUPLICATE KEY UPDATE aislado_nombre = 'CVA01-051'; 
INSERT INTO fenotipo(fenotipo_id, aislado_id, serotipo_invitro) VALUES ('849', '937', 'O6') ON DUPLICATE KEY UPDATE serotipo_invitro = 'O6'; 
INSERT INTO secuencia(secuencia_id, aislado_id, complejo_clonal) VALUES ('937', '937', 'nan') ON DUPLICATE KEY UPDATE complejo_clonal = 'nan'; 
INSERT INTO metadata_general(aislado_id, aislado_nombre) VALUES ('938', 'CVA01-052') ON DUPLICATE KEY UPDATE aislado_nombre = 'CVA01-052'; 
INSERT INTO fenotipo(fenotipo_id, aislado_id, serotipo_invitro) VALUES ('850', '938', 'O7') ON DUPLICATE KEY UPDATE serotipo_invitro = 'O7'; 
INSERT INTO secuencia(secuencia_id, aislado_id, complejo_clonal) VALUES ('938', '938', 'nan') ON DUPLICATE KEY UPDATE complejo_clonal = 'nan'; 
INSERT INTO metadata_general(aislado_id, aislado_nombre) VALUES ('939', 'CVA01-027') ON DUPLICATE KEY UPDATE aislado_nombre = 'CVA01-027'; 
INSERT INTO fenotipo(fenotipo_id, aislado_id, serotipo_invitro) VALUES ('851', '939', 'O8') ON DUPLICATE KEY UPDATE serotipo_invitro = 'O8'; 
INSERT INTO secuencia(secuencia_id, aislado_id, complejo_clonal) VALUES ('939', '939', 'nan') ON DUPLICATE KEY UPDATE complejo_clonal = 'nan'; 
INSERT INTO metadata_general(aislado_id, aislado_nombre) VALUES ('940', 'CVA01-046') ON DUPLICATE KEY UPDATE aislado_nombre = 'CVA01-046'; 
INSERT INTO fenotipo(fenotipo_id, aislado_id, serotipo_invitro) VALUES ('852', '940', 'O8') ON DUPLICATE KEY UPDATE serotipo_invitro = 'O8'; 
INSERT INTO secuencia(secuencia_id, aislado_id, complejo_clonal) VALUES ('940', '940', 'nan') ON DUPLICATE KEY UPDATE complejo_clonal = 'nan'; 
INSERT INTO metadata_general(aislado_id, aislado_nombre) VALUES ('100', 'CVA01-006') ON DUPLICATE KEY UPDATE aislado_nombre = 'CVA01-006'; 
INSERT INTO fenotipo(fenotipo_id, aislado_id, serotipo_invitro) VALUES ('853', '100', 'No aglutina (O1* dbil)') ON DUPLICATE KEY UPDATE serotipo_invitro = 'No aglutina (O1* dbil)'; 
INSERT INTO secuencia(secuencia_id, aislado_id, complejo_clonal) VALUES ('100', '100', 'ST-175') ON DUPLICATE KEY UPDATE complejo_clonal = 'ST-175'; 
INSERT INTO metadata_general(aislado_id, aislado_nombre) VALUES ('102', 'CVA01-033') ON DUPLICATE KEY UPDATE aislado_nombre = 'CVA01-033'; 
INSERT INTO fenotipo(fenotipo_id, aislado_id, serotipo_invitro) VALUES ('854', '102', 'O11') ON DUPLICATE KEY UPDATE serotipo_invitro = 'O11'; 
INSERT INTO secuencia(secuencia_id, aislado_id, complejo_clonal) VALUES ('102', '102', 'ST-235') ON DUPLICATE KEY UPDATE complejo_clonal = 'ST-235'; 
INSERT INTO metadata_general(aislado_id, aislado_nombre) VALUES ('103', 'CVA01-035') ON DUPLICATE KEY UPDATE aislado_nombre = 'CVA01-035'; 
INSERT INTO fenotipo(fenotipo_id, aislado_id, serotipo_invitro) VALUES ('855', '103', 'O11') ON DUPLICATE KEY UPDATE serotipo_invitro = 'O11'; 
INSERT INTO secuencia(secuencia_id, aislado_id, complejo_clonal) VALUES ('103', '103', 'ST-235') ON DUPLICATE KEY UPDATE complejo_clonal = 'ST-235'; 
INSERT INTO metadata_general(aislado_id, aislado_nombre) VALUES ('941', 'CVA01-038') ON DUPLICATE KEY UPDATE aislado_nombre = 'CVA01-038'; 
INSERT INTO fenotipo(fenotipo_id, aislado_id, serotipo_invitro) VALUES ('856', '941', 'O11') ON DUPLICATE KEY UPDATE serotipo_invitro = 'O11'; 
INSERT INTO secuencia(secuencia_id, aislado_id, complejo_clonal) VALUES ('941', '941', 'ST-235') ON DUPLICATE KEY UPDATE complejo_clonal = 'ST-235'; 
INSERT INTO metadata_general(aislado_id, aislado_nombre) VALUES ('101', 'CVA01-029') ON DUPLICATE KEY UPDATE aislado_nombre = 'CVA01-029'; 
INSERT INTO fenotipo(fenotipo_id, aislado_id, serotipo_invitro) VALUES ('857', '101', 'O4') ON DUPLICATE KEY UPDATE serotipo_invitro = 'O4'; 
INSERT INTO secuencia(secuencia_id, aislado_id, complejo_clonal) VALUES ('101', '101', 'ST-175') ON DUPLICATE KEY UPDATE complejo_clonal = 'ST-175'; 
INSERT INTO metadata_general(aislado_id, aislado_nombre) VALUES ('942', 'CVA01-045') ON DUPLICATE KEY UPDATE aislado_nombre = 'CVA01-045'; 
INSERT INTO fenotipo(fenotipo_id, aislado_id, serotipo_invitro) VALUES ('858', '942', 'O4') ON DUPLICATE KEY UPDATE serotipo_invitro = 'O4'; 
INSERT INTO secuencia(secuencia_id, aislado_id, complejo_clonal) VALUES ('942', '942', 'ST-175') ON DUPLICATE KEY UPDATE complejo_clonal = 'ST-175'; 
INSERT INTO metadata_general(aislado_id, aislado_nombre) VALUES ('99', 'CVA01-002') ON DUPLICATE KEY UPDATE aislado_nombre = 'CVA01-002'; 
INSERT INTO fenotipo(fenotipo_id, aislado_id, serotipo_invitro) VALUES ('859', '99', 'O6') ON DUPLICATE KEY UPDATE serotipo_invitro = 'O6'; 
INSERT INTO secuencia(secuencia_id, aislado_id, complejo_clonal) VALUES ('99', '99', 'ST-500') ON DUPLICATE KEY UPDATE complejo_clonal = 'ST-500'; 
INSERT INTO metadata_general(aislado_id, aislado_nombre) VALUES ('943', 'CVA02-035') ON DUPLICATE KEY UPDATE aislado_nombre = 'CVA02-035'; 
INSERT INTO fenotipo(fenotipo_id, aislado_id, serotipo_invitro) VALUES ('860', '943', 'O10') ON DUPLICATE KEY UPDATE serotipo_invitro = 'O10'; 
INSERT INTO secuencia(secuencia_id, aislado_id, complejo_clonal) VALUES ('943', '943', 'nan') ON DUPLICATE KEY UPDATE complejo_clonal = 'nan'; 
INSERT INTO metadata_general(aislado_id, aislado_nombre) VALUES ('944', 'CVA02-001') ON DUPLICATE KEY UPDATE aislado_nombre = 'CVA02-001'; 
INSERT INTO fenotipo(fenotipo_id, aislado_id, serotipo_invitro) VALUES ('861', '944', 'No aglutina') ON DUPLICATE KEY UPDATE serotipo_invitro = 'No aglutina'; 
INSERT INTO secuencia(secuencia_id, aislado_id, complejo_clonal) VALUES ('944', '944', 'nan') ON DUPLICATE KEY UPDATE complejo_clonal = 'nan'; 
INSERT INTO metadata_general(aislado_id, aislado_nombre) VALUES ('945', 'CVA02-037') ON DUPLICATE KEY UPDATE aislado_nombre = 'CVA02-037'; 
INSERT INTO fenotipo(fenotipo_id, aislado_id, serotipo_invitro) VALUES ('862', '945', 'No aglutina') ON DUPLICATE KEY UPDATE serotipo_invitro = 'No aglutina'; 
INSERT INTO secuencia(secuencia_id, aislado_id, complejo_clonal) VALUES ('945', '945', 'nan') ON DUPLICATE KEY UPDATE complejo_clonal = 'nan'; 
INSERT INTO metadata_general(aislado_id, aislado_nombre) VALUES ('946', 'CVA02-003') ON DUPLICATE KEY UPDATE aislado_nombre = 'CVA02-003'; 
INSERT INTO fenotipo(fenotipo_id, aislado_id, serotipo_invitro) VALUES ('863', '946', 'O1') ON DUPLICATE KEY UPDATE serotipo_invitro = 'O1'; 
INSERT INTO secuencia(secuencia_id, aislado_id, complejo_clonal) VALUES ('946', '946', 'nan') ON DUPLICATE KEY UPDATE complejo_clonal = 'nan'; 
INSERT INTO metadata_general(aislado_id, aislado_nombre) VALUES ('947', 'CVA02-010') ON DUPLICATE KEY UPDATE aislado_nombre = 'CVA02-010'; 
INSERT INTO fenotipo(fenotipo_id, aislado_id, serotipo_invitro) VALUES ('864', '947', 'O1') ON DUPLICATE KEY UPDATE serotipo_invitro = 'O1'; 
INSERT INTO secuencia(secuencia_id, aislado_id, complejo_clonal) VALUES ('947', '947', 'nan') ON DUPLICATE KEY UPDATE complejo_clonal = 'nan'; 
INSERT INTO metadata_general(aislado_id, aislado_nombre) VALUES ('948', 'CVA02-013') ON DUPLICATE KEY UPDATE aislado_nombre = 'CVA02-013'; 
INSERT INTO fenotipo(fenotipo_id, aislado_id, serotipo_invitro) VALUES ('865', '948', 'O1') ON DUPLICATE KEY UPDATE serotipo_invitro = 'O1'; 
INSERT INTO secuencia(secuencia_id, aislado_id, complejo_clonal) VALUES ('948', '948', 'nan') ON DUPLICATE KEY UPDATE complejo_clonal = 'nan'; 
INSERT INTO metadata_general(aislado_id, aislado_nombre) VALUES ('949', 'CVA02-014') ON DUPLICATE KEY UPDATE aislado_nombre = 'CVA02-014'; 
INSERT INTO fenotipo(fenotipo_id, aislado_id, serotipo_invitro) VALUES ('866', '949', 'O1') ON DUPLICATE KEY UPDATE serotipo_invitro = 'O1'; 
INSERT INTO secuencia(secuencia_id, aislado_id, complejo_clonal) VALUES ('949', '949', 'nan') ON DUPLICATE KEY UPDATE complejo_clonal = 'nan'; 
INSERT INTO metadata_general(aislado_id, aislado_nombre) VALUES ('950', 'CVA02-036') ON DUPLICATE KEY UPDATE aislado_nombre = 'CVA02-036'; 
INSERT INTO fenotipo(fenotipo_id, aislado_id, serotipo_invitro) VALUES ('867', '950', 'O1') ON DUPLICATE KEY UPDATE serotipo_invitro = 'O1'; 
INSERT INTO secuencia(secuencia_id, aislado_id, complejo_clonal) VALUES ('950', '950', 'nan') ON DUPLICATE KEY UPDATE complejo_clonal = 'nan'; 
INSERT INTO metadata_general(aislado_id, aislado_nombre) VALUES ('951', 'CVA02-015') ON DUPLICATE KEY UPDATE aislado_nombre = 'CVA02-015'; 
INSERT INTO fenotipo(fenotipo_id, aislado_id, serotipo_invitro) VALUES ('868', '951', 'O11') ON DUPLICATE KEY UPDATE serotipo_invitro = 'O11'; 
INSERT INTO secuencia(secuencia_id, aislado_id, complejo_clonal) VALUES ('951', '951', 'nan') ON DUPLICATE KEY UPDATE complejo_clonal = 'nan'; 
INSERT INTO metadata_general(aislado_id, aislado_nombre) VALUES ('952', 'CVA02-024') ON DUPLICATE KEY UPDATE aislado_nombre = 'CVA02-024'; 
INSERT INTO fenotipo(fenotipo_id, aislado_id, serotipo_invitro) VALUES ('869', '952', 'O11') ON DUPLICATE KEY UPDATE serotipo_invitro = 'O11'; 
INSERT INTO secuencia(secuencia_id, aislado_id, complejo_clonal) VALUES ('952', '952', 'nan') ON DUPLICATE KEY UPDATE complejo_clonal = 'nan'; 
INSERT INTO metadata_general(aislado_id, aislado_nombre) VALUES ('953', 'CVA02-027') ON DUPLICATE KEY UPDATE aislado_nombre = 'CVA02-027'; 
INSERT INTO fenotipo(fenotipo_id, aislado_id, serotipo_invitro) VALUES ('870', '953', 'O11') ON DUPLICATE KEY UPDATE serotipo_invitro = 'O11'; 
INSERT INTO secuencia(secuencia_id, aislado_id, complejo_clonal) VALUES ('953', '953', 'nan') ON DUPLICATE KEY UPDATE complejo_clonal = 'nan'; 
INSERT INTO metadata_general(aislado_id, aislado_nombre) VALUES ('954', 'CVA02-029') ON DUPLICATE KEY UPDATE aislado_nombre = 'CVA02-029'; 
INSERT INTO fenotipo(fenotipo_id, aislado_id, serotipo_invitro) VALUES ('871', '954', 'O11') ON DUPLICATE KEY UPDATE serotipo_invitro = 'O11'; 
INSERT INTO secuencia(secuencia_id, aislado_id, complejo_clonal) VALUES ('954', '954', 'nan') ON DUPLICATE KEY UPDATE complejo_clonal = 'nan'; 
INSERT INTO metadata_general(aislado_id, aislado_nombre) VALUES ('955', 'CVA02-008') ON DUPLICATE KEY UPDATE aislado_nombre = 'CVA02-008'; 
INSERT INTO fenotipo(fenotipo_id, aislado_id, serotipo_invitro) VALUES ('872', '955', 'O13') ON DUPLICATE KEY UPDATE serotipo_invitro = 'O13'; 
INSERT INTO secuencia(secuencia_id, aislado_id, complejo_clonal) VALUES ('955', '955', 'nan') ON DUPLICATE KEY UPDATE complejo_clonal = 'nan'; 
INSERT INTO metadata_general(aislado_id, aislado_nombre) VALUES ('956', 'CVA02-034') ON DUPLICATE KEY UPDATE aislado_nombre = 'CVA02-034'; 
INSERT INTO fenotipo(fenotipo_id, aislado_id, serotipo_invitro) VALUES ('873', '956', 'O2') ON DUPLICATE KEY UPDATE serotipo_invitro = 'O2'; 
INSERT INTO secuencia(secuencia_id, aislado_id, complejo_clonal) VALUES ('956', '956', 'nan') ON DUPLICATE KEY UPDATE complejo_clonal = 'nan'; 
INSERT INTO metadata_general(aislado_id, aislado_nombre) VALUES ('957', 'CVA02-002') ON DUPLICATE KEY UPDATE aislado_nombre = 'CVA02-002'; 
INSERT INTO fenotipo(fenotipo_id, aislado_id, serotipo_invitro) VALUES ('874', '957', 'O4') ON DUPLICATE KEY UPDATE serotipo_invitro = 'O4'; 
INSERT INTO secuencia(secuencia_id, aislado_id, complejo_clonal) VALUES ('957', '957', 'nan') ON DUPLICATE KEY UPDATE complejo_clonal = 'nan'; 
INSERT INTO metadata_general(aislado_id, aislado_nombre) VALUES ('958', 'CVA02-009') ON DUPLICATE KEY UPDATE aislado_nombre = 'CVA02-009'; 
INSERT INTO fenotipo(fenotipo_id, aislado_id, serotipo_invitro) VALUES ('875', '958', 'O6') ON DUPLICATE KEY UPDATE serotipo_invitro = 'O6'; 
INSERT INTO secuencia(secuencia_id, aislado_id, complejo_clonal) VALUES ('958', '958', 'nan') ON DUPLICATE KEY UPDATE complejo_clonal = 'nan'; 
INSERT INTO metadata_general(aislado_id, aislado_nombre) VALUES ('959', 'CVA02-011') ON DUPLICATE KEY UPDATE aislado_nombre = 'CVA02-011'; 
INSERT INTO fenotipo(fenotipo_id, aislado_id, serotipo_invitro) VALUES ('876', '959', 'O6') ON DUPLICATE KEY UPDATE serotipo_invitro = 'O6'; 
INSERT INTO secuencia(secuencia_id, aislado_id, complejo_clonal) VALUES ('959', '959', 'nan') ON DUPLICATE KEY UPDATE complejo_clonal = 'nan'; 
INSERT INTO metadata_general(aislado_id, aislado_nombre) VALUES ('960', 'CVA02-012') ON DUPLICATE KEY UPDATE aislado_nombre = 'CVA02-012'; 
INSERT INTO fenotipo(fenotipo_id, aislado_id, serotipo_invitro) VALUES ('877', '960', 'O6') ON DUPLICATE KEY UPDATE serotipo_invitro = 'O6'; 
INSERT INTO secuencia(secuencia_id, aislado_id, complejo_clonal) VALUES ('960', '960', 'nan') ON DUPLICATE KEY UPDATE complejo_clonal = 'nan'; 
INSERT INTO metadata_general(aislado_id, aislado_nombre) VALUES ('961', 'CVA02-028') ON DUPLICATE KEY UPDATE aislado_nombre = 'CVA02-028'; 
INSERT INTO fenotipo(fenotipo_id, aislado_id, serotipo_invitro) VALUES ('878', '961', 'O6') ON DUPLICATE KEY UPDATE serotipo_invitro = 'O6'; 
INSERT INTO secuencia(secuencia_id, aislado_id, complejo_clonal) VALUES ('961', '961', 'nan') ON DUPLICATE KEY UPDATE complejo_clonal = 'nan'; 
INSERT INTO metadata_general(aislado_id, aislado_nombre) VALUES ('962', 'CVA02-031') ON DUPLICATE KEY UPDATE aislado_nombre = 'CVA02-031'; 
INSERT INTO fenotipo(fenotipo_id, aislado_id, serotipo_invitro) VALUES ('879', '962', 'O6') ON DUPLICATE KEY UPDATE serotipo_invitro = 'O6'; 
INSERT INTO secuencia(secuencia_id, aislado_id, complejo_clonal) VALUES ('962', '962', 'nan') ON DUPLICATE KEY UPDATE complejo_clonal = 'nan'; 
INSERT INTO metadata_general(aislado_id, aislado_nombre) VALUES ('963', 'CVA02-033') ON DUPLICATE KEY UPDATE aislado_nombre = 'CVA02-033'; 
INSERT INTO fenotipo(fenotipo_id, aislado_id, serotipo_invitro) VALUES ('880', '963', 'O6') ON DUPLICATE KEY UPDATE serotipo_invitro = 'O6'; 
INSERT INTO secuencia(secuencia_id, aislado_id, complejo_clonal) VALUES ('963', '963', 'nan') ON DUPLICATE KEY UPDATE complejo_clonal = 'nan'; 
INSERT INTO metadata_general(aislado_id, aislado_nombre) VALUES ('109', 'CVA02-023') ON DUPLICATE KEY UPDATE aislado_nombre = 'CVA02-023'; 
INSERT INTO fenotipo(fenotipo_id, aislado_id, serotipo_invitro) VALUES ('881', '109', 'No aglutina') ON DUPLICATE KEY UPDATE serotipo_invitro = 'No aglutina'; 
INSERT INTO secuencia(secuencia_id, aislado_id, complejo_clonal) VALUES ('109', '109', 'ST-175') ON DUPLICATE KEY UPDATE complejo_clonal = 'ST-175'; 
INSERT INTO metadata_general(aislado_id, aislado_nombre) VALUES ('105', 'CVA02-017') ON DUPLICATE KEY UPDATE aislado_nombre = 'CVA02-017'; 
INSERT INTO fenotipo(fenotipo_id, aislado_id, serotipo_invitro) VALUES ('882', '105', 'O11') ON DUPLICATE KEY UPDATE serotipo_invitro = 'O11'; 
INSERT INTO secuencia(secuencia_id, aislado_id, complejo_clonal) VALUES ('105', '105', 'ST-235*') ON DUPLICATE KEY UPDATE complejo_clonal = 'ST-235*'; 
INSERT INTO metadata_general(aislado_id, aislado_nombre) VALUES ('107', 'CVA02-019') ON DUPLICATE KEY UPDATE aislado_nombre = 'CVA02-019'; 
INSERT INTO fenotipo(fenotipo_id, aislado_id, serotipo_invitro) VALUES ('883', '107', 'O11') ON DUPLICATE KEY UPDATE serotipo_invitro = 'O11'; 
INSERT INTO secuencia(secuencia_id, aislado_id, complejo_clonal) VALUES ('107', '107', 'ST-235') ON DUPLICATE KEY UPDATE complejo_clonal = 'ST-235'; 
INSERT INTO metadata_general(aislado_id, aislado_nombre) VALUES ('108', 'CVA02-020') ON DUPLICATE KEY UPDATE aislado_nombre = 'CVA02-020'; 
INSERT INTO fenotipo(fenotipo_id, aislado_id, serotipo_invitro) VALUES ('884', '108', 'O11') ON DUPLICATE KEY UPDATE serotipo_invitro = 'O11'; 
INSERT INTO secuencia(secuencia_id, aislado_id, complejo_clonal) VALUES ('108', '108', 'ST-308') ON DUPLICATE KEY UPDATE complejo_clonal = 'ST-308'; 
INSERT INTO metadata_general(aislado_id, aislado_nombre) VALUES ('964', 'CVA02-021') ON DUPLICATE KEY UPDATE aislado_nombre = 'CVA02-021'; 
INSERT INTO fenotipo(fenotipo_id, aislado_id, serotipo_invitro) VALUES ('885', '964', 'O11') ON DUPLICATE KEY UPDATE serotipo_invitro = 'O11'; 
INSERT INTO secuencia(secuencia_id, aislado_id, complejo_clonal) VALUES ('964', '964', 'ST-308') ON DUPLICATE KEY UPDATE complejo_clonal = 'ST-308'; 
INSERT INTO metadata_general(aislado_id, aislado_nombre) VALUES ('965', 'CVA02-022') ON DUPLICATE KEY UPDATE aislado_nombre = 'CVA02-022'; 
INSERT INTO fenotipo(fenotipo_id, aislado_id, serotipo_invitro) VALUES ('886', '965', 'O11') ON DUPLICATE KEY UPDATE serotipo_invitro = 'O11'; 
INSERT INTO secuencia(secuencia_id, aislado_id, complejo_clonal) VALUES ('965', '965', 'ST-308') ON DUPLICATE KEY UPDATE complejo_clonal = 'ST-308'; 
INSERT INTO metadata_general(aislado_id, aislado_nombre) VALUES ('106', 'CVA02-018') ON DUPLICATE KEY UPDATE aislado_nombre = 'CVA02-018'; 
INSERT INTO fenotipo(fenotipo_id, aislado_id, serotipo_invitro) VALUES ('887', '106', 'O3') ON DUPLICATE KEY UPDATE serotipo_invitro = 'O3'; 
INSERT INTO secuencia(secuencia_id, aislado_id, complejo_clonal) VALUES ('106', '106', 'ST-274') ON DUPLICATE KEY UPDATE complejo_clonal = 'ST-274'; 
INSERT INTO metadata_general(aislado_id, aislado_nombre) VALUES ('104', 'CVA02-005') ON DUPLICATE KEY UPDATE aislado_nombre = 'CVA02-005'; 
INSERT INTO fenotipo(fenotipo_id, aislado_id, serotipo_invitro) VALUES ('888', '104', 'O4') ON DUPLICATE KEY UPDATE serotipo_invitro = 'O4'; 
INSERT INTO secuencia(secuencia_id, aislado_id, complejo_clonal) VALUES ('104', '104', 'ST-175') ON DUPLICATE KEY UPDATE complejo_clonal = 'ST-175'; 
INSERT INTO metadata_general(aislado_id, aislado_nombre) VALUES ('966', 'CVA02-038') ON DUPLICATE KEY UPDATE aislado_nombre = 'CVA02-038'; 
INSERT INTO fenotipo(fenotipo_id, aislado_id, serotipo_invitro) VALUES ('889', '966', 'O4') ON DUPLICATE KEY UPDATE serotipo_invitro = 'O4'; 
INSERT INTO secuencia(secuencia_id, aislado_id, complejo_clonal) VALUES ('966', '966', 'ST-175') ON DUPLICATE KEY UPDATE complejo_clonal = 'ST-175'; 
INSERT INTO metadata_general(aislado_id, aislado_nombre) VALUES ('967', 'CVA03-039') ON DUPLICATE KEY UPDATE aislado_nombre = 'CVA03-039'; 
INSERT INTO fenotipo(fenotipo_id, aislado_id, serotipo_invitro) VALUES ('890', '967', 'O10') ON DUPLICATE KEY UPDATE serotipo_invitro = 'O10'; 
INSERT INTO secuencia(secuencia_id, aislado_id, complejo_clonal) VALUES ('967', '967', 'nan') ON DUPLICATE KEY UPDATE complejo_clonal = 'nan'; 
INSERT INTO metadata_general(aislado_id, aislado_nombre) VALUES ('968', 'CVA03-001') ON DUPLICATE KEY UPDATE aislado_nombre = 'CVA03-001'; 
INSERT INTO fenotipo(fenotipo_id, aislado_id, serotipo_invitro) VALUES ('891', '968', 'No aglutina') ON DUPLICATE KEY UPDATE serotipo_invitro = 'No aglutina'; 
INSERT INTO secuencia(secuencia_id, aislado_id, complejo_clonal) VALUES ('968', '968', 'nan') ON DUPLICATE KEY UPDATE complejo_clonal = 'nan'; 
INSERT INTO metadata_general(aislado_id, aislado_nombre) VALUES ('969', 'CVA03-011') ON DUPLICATE KEY UPDATE aislado_nombre = 'CVA03-011'; 
INSERT INTO fenotipo(fenotipo_id, aislado_id, serotipo_invitro) VALUES ('892', '969', 'No aglutina') ON DUPLICATE KEY UPDATE serotipo_invitro = 'No aglutina'; 
INSERT INTO secuencia(secuencia_id, aislado_id, complejo_clonal) VALUES ('969', '969', 'nan') ON DUPLICATE KEY UPDATE complejo_clonal = 'nan'; 
INSERT INTO metadata_general(aislado_id, aislado_nombre) VALUES ('970', 'CVA03-035') ON DUPLICATE KEY UPDATE aislado_nombre = 'CVA03-035'; 
INSERT INTO fenotipo(fenotipo_id, aislado_id, serotipo_invitro) VALUES ('893', '970', 'O1') ON DUPLICATE KEY UPDATE serotipo_invitro = 'O1'; 
INSERT INTO secuencia(secuencia_id, aislado_id, complejo_clonal) VALUES ('970', '970', 'nan') ON DUPLICATE KEY UPDATE complejo_clonal = 'nan'; 
INSERT INTO metadata_general(aislado_id, aislado_nombre) VALUES ('971', 'CVA03-020') ON DUPLICATE KEY UPDATE aislado_nombre = 'CVA03-020'; 
INSERT INTO fenotipo(fenotipo_id, aislado_id, serotipo_invitro) VALUES ('894', '971', 'O10') ON DUPLICATE KEY UPDATE serotipo_invitro = 'O10'; 
INSERT INTO secuencia(secuencia_id, aislado_id, complejo_clonal) VALUES ('971', '971', 'nan') ON DUPLICATE KEY UPDATE complejo_clonal = 'nan'; 
INSERT INTO metadata_general(aislado_id, aislado_nombre) VALUES ('972', 'CVA03-034') ON DUPLICATE KEY UPDATE aislado_nombre = 'CVA03-034'; 
INSERT INTO fenotipo(fenotipo_id, aislado_id, serotipo_invitro) VALUES ('895', '972', 'O10') ON DUPLICATE KEY UPDATE serotipo_invitro = 'O10'; 
INSERT INTO secuencia(secuencia_id, aislado_id, complejo_clonal) VALUES ('972', '972', 'nan') ON DUPLICATE KEY UPDATE complejo_clonal = 'nan'; 
INSERT INTO metadata_general(aislado_id, aislado_nombre) VALUES ('973', 'CVA03-007') ON DUPLICATE KEY UPDATE aislado_nombre = 'CVA03-007'; 
INSERT INTO fenotipo(fenotipo_id, aislado_id, serotipo_invitro) VALUES ('896', '973', 'O11') ON DUPLICATE KEY UPDATE serotipo_invitro = 'O11'; 
INSERT INTO secuencia(secuencia_id, aislado_id, complejo_clonal) VALUES ('973', '973', 'nan') ON DUPLICATE KEY UPDATE complejo_clonal = 'nan'; 
INSERT INTO metadata_general(aislado_id, aislado_nombre) VALUES ('974', 'CVA03-009') ON DUPLICATE KEY UPDATE aislado_nombre = 'CVA03-009'; 
INSERT INTO fenotipo(fenotipo_id, aislado_id, serotipo_invitro) VALUES ('897', '974', 'O11') ON DUPLICATE KEY UPDATE serotipo_invitro = 'O11'; 
INSERT INTO secuencia(secuencia_id, aislado_id, complejo_clonal) VALUES ('974', '974', 'nan') ON DUPLICATE KEY UPDATE complejo_clonal = 'nan'; 
INSERT INTO metadata_general(aislado_id, aislado_nombre) VALUES ('975', 'CVA03-012') ON DUPLICATE KEY UPDATE aislado_nombre = 'CVA03-012'; 
INSERT INTO fenotipo(fenotipo_id, aislado_id, serotipo_invitro) VALUES ('898', '975', 'O11') ON DUPLICATE KEY UPDATE serotipo_invitro = 'O11'; 
INSERT INTO secuencia(secuencia_id, aislado_id, complejo_clonal) VALUES ('975', '975', 'nan') ON DUPLICATE KEY UPDATE complejo_clonal = 'nan'; 
INSERT INTO metadata_general(aislado_id, aislado_nombre) VALUES ('976', 'CVA03-013') ON DUPLICATE KEY UPDATE aislado_nombre = 'CVA03-013'; 
INSERT INTO fenotipo(fenotipo_id, aislado_id, serotipo_invitro) VALUES ('899', '976', 'O11') ON DUPLICATE KEY UPDATE serotipo_invitro = 'O11'; 
INSERT INTO secuencia(secuencia_id, aislado_id, complejo_clonal) VALUES ('976', '976', 'nan') ON DUPLICATE KEY UPDATE complejo_clonal = 'nan'; 
INSERT INTO metadata_general(aislado_id, aislado_nombre) VALUES ('977', 'CVA03-018') ON DUPLICATE KEY UPDATE aislado_nombre = 'CVA03-018'; 
INSERT INTO fenotipo(fenotipo_id, aislado_id, serotipo_invitro) VALUES ('900', '977', 'O11') ON DUPLICATE KEY UPDATE serotipo_invitro = 'O11'; 
INSERT INTO secuencia(secuencia_id, aislado_id, complejo_clonal) VALUES ('977', '977', 'nan') ON DUPLICATE KEY UPDATE complejo_clonal = 'nan'; 
INSERT INTO metadata_general(aislado_id, aislado_nombre) VALUES ('978', 'CVA03-029') ON DUPLICATE KEY UPDATE aislado_nombre = 'CVA03-029'; 
INSERT INTO fenotipo(fenotipo_id, aislado_id, serotipo_invitro) VALUES ('901', '978', 'O11') ON DUPLICATE KEY UPDATE serotipo_invitro = 'O11'; 
INSERT INTO secuencia(secuencia_id, aislado_id, complejo_clonal) VALUES ('978', '978', 'nan') ON DUPLICATE KEY UPDATE complejo_clonal = 'nan'; 
INSERT INTO metadata_general(aislado_id, aislado_nombre) VALUES ('979', 'CVA03-044') ON DUPLICATE KEY UPDATE aislado_nombre = 'CVA03-044'; 
INSERT INTO fenotipo(fenotipo_id, aislado_id, serotipo_invitro) VALUES ('902', '979', 'O11') ON DUPLICATE KEY UPDATE serotipo_invitro = 'O11'; 
INSERT INTO secuencia(secuencia_id, aislado_id, complejo_clonal) VALUES ('979', '979', 'nan') ON DUPLICATE KEY UPDATE complejo_clonal = 'nan'; 
INSERT INTO metadata_general(aislado_id, aislado_nombre) VALUES ('980', 'CVA03-027') ON DUPLICATE KEY UPDATE aislado_nombre = 'CVA03-027'; 
INSERT INTO fenotipo(fenotipo_id, aislado_id, serotipo_invitro) VALUES ('903', '980', 'O2') ON DUPLICATE KEY UPDATE serotipo_invitro = 'O2'; 
INSERT INTO secuencia(secuencia_id, aislado_id, complejo_clonal) VALUES ('980', '980', 'nan') ON DUPLICATE KEY UPDATE complejo_clonal = 'nan'; 
INSERT INTO metadata_general(aislado_id, aislado_nombre) VALUES ('981', 'CVA03-006') ON DUPLICATE KEY UPDATE aislado_nombre = 'CVA03-006'; 
INSERT INTO fenotipo(fenotipo_id, aislado_id, serotipo_invitro) VALUES ('904', '981', 'O3') ON DUPLICATE KEY UPDATE serotipo_invitro = 'O3'; 
INSERT INTO secuencia(secuencia_id, aislado_id, complejo_clonal) VALUES ('981', '981', 'nan') ON DUPLICATE KEY UPDATE complejo_clonal = 'nan'; 
INSERT INTO metadata_general(aislado_id, aislado_nombre) VALUES ('982', 'CVA03-021') ON DUPLICATE KEY UPDATE aislado_nombre = 'CVA03-021'; 
INSERT INTO fenotipo(fenotipo_id, aislado_id, serotipo_invitro) VALUES ('905', '982', 'O3') ON DUPLICATE KEY UPDATE serotipo_invitro = 'O3'; 
INSERT INTO secuencia(secuencia_id, aislado_id, complejo_clonal) VALUES ('982', '982', 'nan') ON DUPLICATE KEY UPDATE complejo_clonal = 'nan'; 
INSERT INTO metadata_general(aislado_id, aislado_nombre) VALUES ('983', 'CVA03-038') ON DUPLICATE KEY UPDATE aislado_nombre = 'CVA03-038'; 
INSERT INTO fenotipo(fenotipo_id, aislado_id, serotipo_invitro) VALUES ('906', '983', 'O3') ON DUPLICATE KEY UPDATE serotipo_invitro = 'O3'; 
INSERT INTO secuencia(secuencia_id, aislado_id, complejo_clonal) VALUES ('983', '983', 'nan') ON DUPLICATE KEY UPDATE complejo_clonal = 'nan'; 
INSERT INTO metadata_general(aislado_id, aislado_nombre) VALUES ('984', 'CVA03-041') ON DUPLICATE KEY UPDATE aislado_nombre = 'CVA03-041'; 
INSERT INTO fenotipo(fenotipo_id, aislado_id, serotipo_invitro) VALUES ('907', '984', 'O3') ON DUPLICATE KEY UPDATE serotipo_invitro = 'O3'; 
INSERT INTO secuencia(secuencia_id, aislado_id, complejo_clonal) VALUES ('984', '984', 'nan') ON DUPLICATE KEY UPDATE complejo_clonal = 'nan'; 
INSERT INTO metadata_general(aislado_id, aislado_nombre) VALUES ('985', 'CVA03-022') ON DUPLICATE KEY UPDATE aislado_nombre = 'CVA03-022'; 
INSERT INTO fenotipo(fenotipo_id, aislado_id, serotipo_invitro) VALUES ('908', '985', 'O4') ON DUPLICATE KEY UPDATE serotipo_invitro = 'O4'; 
INSERT INTO secuencia(secuencia_id, aislado_id, complejo_clonal) VALUES ('985', '985', 'nan') ON DUPLICATE KEY UPDATE complejo_clonal = 'nan'; 
INSERT INTO metadata_general(aislado_id, aislado_nombre) VALUES ('986', 'CVA03-008') ON DUPLICATE KEY UPDATE aislado_nombre = 'CVA03-008'; 
INSERT INTO fenotipo(fenotipo_id, aislado_id, serotipo_invitro) VALUES ('909', '986', 'O5') ON DUPLICATE KEY UPDATE serotipo_invitro = 'O5'; 
INSERT INTO secuencia(secuencia_id, aislado_id, complejo_clonal) VALUES ('986', '986', 'nan') ON DUPLICATE KEY UPDATE complejo_clonal = 'nan'; 
INSERT INTO metadata_general(aislado_id, aislado_nombre) VALUES ('987', 'CVA03-023') ON DUPLICATE KEY UPDATE aislado_nombre = 'CVA03-023'; 
INSERT INTO fenotipo(fenotipo_id, aislado_id, serotipo_invitro) VALUES ('910', '987', 'O6') ON DUPLICATE KEY UPDATE serotipo_invitro = 'O6'; 
INSERT INTO secuencia(secuencia_id, aislado_id, complejo_clonal) VALUES ('987', '987', 'nan') ON DUPLICATE KEY UPDATE complejo_clonal = 'nan'; 
INSERT INTO metadata_general(aislado_id, aislado_nombre) VALUES ('988', 'CVA03-043') ON DUPLICATE KEY UPDATE aislado_nombre = 'CVA03-043'; 
INSERT INTO fenotipo(fenotipo_id, aislado_id, serotipo_invitro) VALUES ('911', '988', 'O7') ON DUPLICATE KEY UPDATE serotipo_invitro = 'O7'; 
INSERT INTO secuencia(secuencia_id, aislado_id, complejo_clonal) VALUES ('988', '988', 'nan') ON DUPLICATE KEY UPDATE complejo_clonal = 'nan'; 
INSERT INTO metadata_general(aislado_id, aislado_nombre) VALUES ('989', 'CVA03-002') ON DUPLICATE KEY UPDATE aislado_nombre = 'CVA03-002'; 
INSERT INTO fenotipo(fenotipo_id, aislado_id, serotipo_invitro) VALUES ('912', '989', 'O8') ON DUPLICATE KEY UPDATE serotipo_invitro = 'O8'; 
INSERT INTO secuencia(secuencia_id, aislado_id, complejo_clonal) VALUES ('989', '989', 'nan') ON DUPLICATE KEY UPDATE complejo_clonal = 'nan'; 
INSERT INTO metadata_general(aislado_id, aislado_nombre) VALUES ('990', 'CVA03-036') ON DUPLICATE KEY UPDATE aislado_nombre = 'CVA03-036'; 
INSERT INTO fenotipo(fenotipo_id, aislado_id, serotipo_invitro) VALUES ('913', '990', 'O8') ON DUPLICATE KEY UPDATE serotipo_invitro = 'O8'; 
INSERT INTO secuencia(secuencia_id, aislado_id, complejo_clonal) VALUES ('990', '990', 'nan') ON DUPLICATE KEY UPDATE complejo_clonal = 'nan'; 
INSERT INTO metadata_general(aislado_id, aislado_nombre) VALUES ('111', 'CVA03-019') ON DUPLICATE KEY UPDATE aislado_nombre = 'CVA03-019'; 
INSERT INTO fenotipo(fenotipo_id, aislado_id, serotipo_invitro) VALUES ('914', '111', 'O4') ON DUPLICATE KEY UPDATE serotipo_invitro = 'O4'; 
INSERT INTO secuencia(secuencia_id, aislado_id, complejo_clonal) VALUES ('111', '111', 'ST-175') ON DUPLICATE KEY UPDATE complejo_clonal = 'ST-175'; 
INSERT INTO metadata_general(aislado_id, aislado_nombre) VALUES ('114', 'CVA03-033') ON DUPLICATE KEY UPDATE aislado_nombre = 'CVA03-033'; 
INSERT INTO fenotipo(fenotipo_id, aislado_id, serotipo_invitro) VALUES ('915', '114', 'No aglutina (O1* dbil)') ON DUPLICATE KEY UPDATE serotipo_invitro = 'No aglutina (O1* dbil)'; 
INSERT INTO secuencia(secuencia_id, aislado_id, complejo_clonal) VALUES ('114', '114', 'ST-175') ON DUPLICATE KEY UPDATE complejo_clonal = 'ST-175'; 
INSERT INTO metadata_general(aislado_id, aislado_nombre) VALUES ('113', 'CVA03-025') ON DUPLICATE KEY UPDATE aislado_nombre = 'CVA03-025'; 
INSERT INTO fenotipo(fenotipo_id, aislado_id, serotipo_invitro) VALUES ('916', '113', 'O4') ON DUPLICATE KEY UPDATE serotipo_invitro = 'O4'; 
INSERT INTO secuencia(secuencia_id, aislado_id, complejo_clonal) VALUES ('113', '113', 'ST-175') ON DUPLICATE KEY UPDATE complejo_clonal = 'ST-175'; 
INSERT INTO metadata_general(aislado_id, aislado_nombre) VALUES ('110', 'CVA03-004') ON DUPLICATE KEY UPDATE aislado_nombre = 'CVA03-004'; 
INSERT INTO fenotipo(fenotipo_id, aislado_id, serotipo_invitro) VALUES ('917', '110', 'O12') ON DUPLICATE KEY UPDATE serotipo_invitro = 'O12'; 
INSERT INTO secuencia(secuencia_id, aislado_id, complejo_clonal) VALUES ('110', '110', 'ST-244') ON DUPLICATE KEY UPDATE complejo_clonal = 'ST-244'; 
INSERT INTO metadata_general(aislado_id, aislado_nombre) VALUES ('112', 'CVA03-024') ON DUPLICATE KEY UPDATE aislado_nombre = 'CVA03-024'; 
INSERT INTO fenotipo(fenotipo_id, aislado_id, serotipo_invitro) VALUES ('918', '112', 'O4') ON DUPLICATE KEY UPDATE serotipo_invitro = 'O4'; 
INSERT INTO secuencia(secuencia_id, aislado_id, complejo_clonal) VALUES ('112', '112', 'ST-175') ON DUPLICATE KEY UPDATE complejo_clonal = 'ST-175'; 
INSERT INTO metadata_general(aislado_id, aislado_nombre) VALUES ('991', 'CVA03-031') ON DUPLICATE KEY UPDATE aislado_nombre = 'CVA03-031'; 
INSERT INTO fenotipo(fenotipo_id, aislado_id, serotipo_invitro) VALUES ('919', '991', 'O4') ON DUPLICATE KEY UPDATE serotipo_invitro = 'O4'; 
INSERT INTO secuencia(secuencia_id, aislado_id, complejo_clonal) VALUES ('991', '991', 'ST-175') ON DUPLICATE KEY UPDATE complejo_clonal = 'ST-175'; 
INSERT INTO metadata_general(aislado_id, aislado_nombre) VALUES ('992', 'EXT01-042') ON DUPLICATE KEY UPDATE aislado_nombre = 'EXT01-042'; 
INSERT INTO fenotipo(fenotipo_id, aislado_id, serotipo_invitro) VALUES ('920', '992', 'O6') ON DUPLICATE KEY UPDATE serotipo_invitro = 'O6'; 
INSERT INTO secuencia(secuencia_id, aislado_id, complejo_clonal) VALUES ('992', '992', 'nan') ON DUPLICATE KEY UPDATE complejo_clonal = 'nan'; 
INSERT INTO metadata_general(aislado_id, aislado_nombre) VALUES ('993', 'EXT01-003') ON DUPLICATE KEY UPDATE aislado_nombre = 'EXT01-003'; 
INSERT INTO fenotipo(fenotipo_id, aislado_id, serotipo_invitro) VALUES ('921', '993', 'No Aglutina') ON DUPLICATE KEY UPDATE serotipo_invitro = 'No Aglutina'; 
INSERT INTO secuencia(secuencia_id, aislado_id, complejo_clonal) VALUES ('993', '993', 'nan') ON DUPLICATE KEY UPDATE complejo_clonal = 'nan'; 
INSERT INTO metadata_general(aislado_id, aislado_nombre) VALUES ('994', 'EXT01-031') ON DUPLICATE KEY UPDATE aislado_nombre = 'EXT01-031'; 
INSERT INTO fenotipo(fenotipo_id, aislado_id, serotipo_invitro) VALUES ('922', '994', 'No Aglutina') ON DUPLICATE KEY UPDATE serotipo_invitro = 'No Aglutina'; 
INSERT INTO secuencia(secuencia_id, aislado_id, complejo_clonal) VALUES ('994', '994', 'nan') ON DUPLICATE KEY UPDATE complejo_clonal = 'nan'; 
INSERT INTO metadata_general(aislado_id, aislado_nombre) VALUES ('995', 'EXT01-035') ON DUPLICATE KEY UPDATE aislado_nombre = 'EXT01-035'; 
INSERT INTO fenotipo(fenotipo_id, aislado_id, serotipo_invitro) VALUES ('923', '995', 'No Aglutina') ON DUPLICATE KEY UPDATE serotipo_invitro = 'No Aglutina'; 
INSERT INTO secuencia(secuencia_id, aislado_id, complejo_clonal) VALUES ('995', '995', 'nan') ON DUPLICATE KEY UPDATE complejo_clonal = 'nan'; 
INSERT INTO metadata_general(aislado_id, aislado_nombre) VALUES ('996', 'EXT01-009') ON DUPLICATE KEY UPDATE aislado_nombre = 'EXT01-009'; 
INSERT INTO fenotipo(fenotipo_id, aislado_id, serotipo_invitro) VALUES ('924', '996', 'O1') ON DUPLICATE KEY UPDATE serotipo_invitro = 'O1'; 
INSERT INTO secuencia(secuencia_id, aislado_id, complejo_clonal) VALUES ('996', '996', 'nan') ON DUPLICATE KEY UPDATE complejo_clonal = 'nan'; 
INSERT INTO metadata_general(aislado_id, aislado_nombre) VALUES ('997', 'EXT01-038') ON DUPLICATE KEY UPDATE aislado_nombre = 'EXT01-038'; 
INSERT INTO fenotipo(fenotipo_id, aislado_id, serotipo_invitro) VALUES ('925', '997', 'O1') ON DUPLICATE KEY UPDATE serotipo_invitro = 'O1'; 
INSERT INTO secuencia(secuencia_id, aislado_id, complejo_clonal) VALUES ('997', '997', 'nan') ON DUPLICATE KEY UPDATE complejo_clonal = 'nan'; 
INSERT INTO metadata_general(aislado_id, aislado_nombre) VALUES ('998', 'EXT01-039') ON DUPLICATE KEY UPDATE aislado_nombre = 'EXT01-039'; 
INSERT INTO fenotipo(fenotipo_id, aislado_id, serotipo_invitro) VALUES ('926', '998', 'O1') ON DUPLICATE KEY UPDATE serotipo_invitro = 'O1'; 
INSERT INTO secuencia(secuencia_id, aislado_id, complejo_clonal) VALUES ('998', '998', 'nan') ON DUPLICATE KEY UPDATE complejo_clonal = 'nan'; 
INSERT INTO metadata_general(aislado_id, aislado_nombre) VALUES ('999', 'EXT01-040') ON DUPLICATE KEY UPDATE aislado_nombre = 'EXT01-040'; 
INSERT INTO fenotipo(fenotipo_id, aislado_id, serotipo_invitro) VALUES ('927', '999', 'O1') ON DUPLICATE KEY UPDATE serotipo_invitro = 'O1'; 
INSERT INTO secuencia(secuencia_id, aislado_id, complejo_clonal) VALUES ('999', '999', 'nan') ON DUPLICATE KEY UPDATE complejo_clonal = 'nan'; 
INSERT INTO metadata_general(aislado_id, aislado_nombre) VALUES ('1000', 'EXT01-041') ON DUPLICATE KEY UPDATE aislado_nombre = 'EXT01-041'; 
INSERT INTO fenotipo(fenotipo_id, aislado_id, serotipo_invitro) VALUES ('928', '1000', 'O1') ON DUPLICATE KEY UPDATE serotipo_invitro = 'O1'; 
INSERT INTO secuencia(secuencia_id, aislado_id, complejo_clonal) VALUES ('1000', '1000', 'nan') ON DUPLICATE KEY UPDATE complejo_clonal = 'nan'; 
INSERT INTO metadata_general(aislado_id, aislado_nombre) VALUES ('1001', 'EXT01-044') ON DUPLICATE KEY UPDATE aislado_nombre = 'EXT01-044'; 
INSERT INTO fenotipo(fenotipo_id, aislado_id, serotipo_invitro) VALUES ('929', '1001', 'O1') ON DUPLICATE KEY UPDATE serotipo_invitro = 'O1'; 
INSERT INTO secuencia(secuencia_id, aislado_id, complejo_clonal) VALUES ('1001', '1001', 'nan') ON DUPLICATE KEY UPDATE complejo_clonal = 'nan'; 
INSERT INTO metadata_general(aislado_id, aislado_nombre) VALUES ('1002', 'EXT01-001') ON DUPLICATE KEY UPDATE aislado_nombre = 'EXT01-001'; 
INSERT INTO fenotipo(fenotipo_id, aislado_id, serotipo_invitro) VALUES ('930', '1002', 'O11') ON DUPLICATE KEY UPDATE serotipo_invitro = 'O11'; 
INSERT INTO secuencia(secuencia_id, aislado_id, complejo_clonal) VALUES ('1002', '1002', 'nan') ON DUPLICATE KEY UPDATE complejo_clonal = 'nan'; 
INSERT INTO metadata_general(aislado_id, aislado_nombre) VALUES ('1003', 'EXT01-004') ON DUPLICATE KEY UPDATE aislado_nombre = 'EXT01-004'; 
INSERT INTO fenotipo(fenotipo_id, aislado_id, serotipo_invitro) VALUES ('931', '1003', 'O11') ON DUPLICATE KEY UPDATE serotipo_invitro = 'O11'; 
INSERT INTO secuencia(secuencia_id, aislado_id, complejo_clonal) VALUES ('1003', '1003', 'nan') ON DUPLICATE KEY UPDATE complejo_clonal = 'nan'; 
INSERT INTO metadata_general(aislado_id, aislado_nombre) VALUES ('1004', 'EXT01-017') ON DUPLICATE KEY UPDATE aislado_nombre = 'EXT01-017'; 
INSERT INTO fenotipo(fenotipo_id, aislado_id, serotipo_invitro) VALUES ('932', '1004', 'O11') ON DUPLICATE KEY UPDATE serotipo_invitro = 'O11'; 
INSERT INTO secuencia(secuencia_id, aislado_id, complejo_clonal) VALUES ('1004', '1004', 'nan') ON DUPLICATE KEY UPDATE complejo_clonal = 'nan'; 
INSERT INTO metadata_general(aislado_id, aislado_nombre) VALUES ('1005', 'EXT01-020') ON DUPLICATE KEY UPDATE aislado_nombre = 'EXT01-020'; 
INSERT INTO fenotipo(fenotipo_id, aislado_id, serotipo_invitro) VALUES ('933', '1005', 'O11') ON DUPLICATE KEY UPDATE serotipo_invitro = 'O11'; 
INSERT INTO secuencia(secuencia_id, aislado_id, complejo_clonal) VALUES ('1005', '1005', 'nan') ON DUPLICATE KEY UPDATE complejo_clonal = 'nan'; 
INSERT INTO metadata_general(aislado_id, aislado_nombre) VALUES ('1006', 'EXT01-034') ON DUPLICATE KEY UPDATE aislado_nombre = 'EXT01-034'; 
INSERT INTO fenotipo(fenotipo_id, aislado_id, serotipo_invitro) VALUES ('934', '1006', 'O11') ON DUPLICATE KEY UPDATE serotipo_invitro = 'O11'; 
INSERT INTO secuencia(secuencia_id, aislado_id, complejo_clonal) VALUES ('1006', '1006', 'nan') ON DUPLICATE KEY UPDATE complejo_clonal = 'nan'; 
INSERT INTO metadata_general(aislado_id, aislado_nombre) VALUES ('1007', 'EXT01-016') ON DUPLICATE KEY UPDATE aislado_nombre = 'EXT01-016'; 
INSERT INTO fenotipo(fenotipo_id, aislado_id, serotipo_invitro) VALUES ('935', '1007', 'O16') ON DUPLICATE KEY UPDATE serotipo_invitro = 'O16'; 
INSERT INTO secuencia(secuencia_id, aislado_id, complejo_clonal) VALUES ('1007', '1007', 'nan') ON DUPLICATE KEY UPDATE complejo_clonal = 'nan'; 
INSERT INTO metadata_general(aislado_id, aislado_nombre) VALUES ('1008', 'EXT01-043') ON DUPLICATE KEY UPDATE aislado_nombre = 'EXT01-043'; 
INSERT INTO fenotipo(fenotipo_id, aislado_id, serotipo_invitro) VALUES ('936', '1008', 'O2') ON DUPLICATE KEY UPDATE serotipo_invitro = 'O2'; 
INSERT INTO secuencia(secuencia_id, aislado_id, complejo_clonal) VALUES ('1008', '1008', 'nan') ON DUPLICATE KEY UPDATE complejo_clonal = 'nan'; 
INSERT INTO metadata_general(aislado_id, aislado_nombre) VALUES ('1009', 'EXT01-014') ON DUPLICATE KEY UPDATE aislado_nombre = 'EXT01-014'; 
INSERT INTO fenotipo(fenotipo_id, aislado_id, serotipo_invitro) VALUES ('937', '1009', 'O2+O10') ON DUPLICATE KEY UPDATE serotipo_invitro = 'O2+O10'; 
INSERT INTO secuencia(secuencia_id, aislado_id, complejo_clonal) VALUES ('1009', '1009', 'nan') ON DUPLICATE KEY UPDATE complejo_clonal = 'nan'; 
INSERT INTO metadata_general(aislado_id, aislado_nombre) VALUES ('1010', 'EXT01-023') ON DUPLICATE KEY UPDATE aislado_nombre = 'EXT01-023'; 
INSERT INTO fenotipo(fenotipo_id, aislado_id, serotipo_invitro) VALUES ('938', '1010', 'O2+O10') ON DUPLICATE KEY UPDATE serotipo_invitro = 'O2+O10'; 
INSERT INTO secuencia(secuencia_id, aislado_id, complejo_clonal) VALUES ('1010', '1010', 'nan') ON DUPLICATE KEY UPDATE complejo_clonal = 'nan'; 
INSERT INTO metadata_general(aislado_id, aislado_nombre) VALUES ('1011', 'EXT01-036') ON DUPLICATE KEY UPDATE aislado_nombre = 'EXT01-036'; 
INSERT INTO fenotipo(fenotipo_id, aislado_id, serotipo_invitro) VALUES ('939', '1011', 'O3') ON DUPLICATE KEY UPDATE serotipo_invitro = 'O3'; 
INSERT INTO secuencia(secuencia_id, aislado_id, complejo_clonal) VALUES ('1011', '1011', 'nan') ON DUPLICATE KEY UPDATE complejo_clonal = 'nan'; 
INSERT INTO metadata_general(aislado_id, aislado_nombre) VALUES ('1012', 'EXT01-006') ON DUPLICATE KEY UPDATE aislado_nombre = 'EXT01-006'; 
INSERT INTO fenotipo(fenotipo_id, aislado_id, serotipo_invitro) VALUES ('940', '1012', 'O5') ON DUPLICATE KEY UPDATE serotipo_invitro = 'O5'; 
INSERT INTO secuencia(secuencia_id, aislado_id, complejo_clonal) VALUES ('1012', '1012', 'nan') ON DUPLICATE KEY UPDATE complejo_clonal = 'nan'; 
INSERT INTO metadata_general(aislado_id, aislado_nombre) VALUES ('1013', 'EXT01-011') ON DUPLICATE KEY UPDATE aislado_nombre = 'EXT01-011'; 
INSERT INTO fenotipo(fenotipo_id, aislado_id, serotipo_invitro) VALUES ('941', '1013', 'O5') ON DUPLICATE KEY UPDATE serotipo_invitro = 'O5'; 
INSERT INTO secuencia(secuencia_id, aislado_id, complejo_clonal) VALUES ('1013', '1013', 'nan') ON DUPLICATE KEY UPDATE complejo_clonal = 'nan'; 
INSERT INTO metadata_general(aislado_id, aislado_nombre) VALUES ('1014', 'EXT01-005') ON DUPLICATE KEY UPDATE aislado_nombre = 'EXT01-005'; 
INSERT INTO fenotipo(fenotipo_id, aislado_id, serotipo_invitro) VALUES ('942', '1014', 'O6') ON DUPLICATE KEY UPDATE serotipo_invitro = 'O6'; 
INSERT INTO secuencia(secuencia_id, aislado_id, complejo_clonal) VALUES ('1014', '1014', 'nan') ON DUPLICATE KEY UPDATE complejo_clonal = 'nan'; 
INSERT INTO metadata_general(aislado_id, aislado_nombre) VALUES ('1015', 'EXT01-022') ON DUPLICATE KEY UPDATE aislado_nombre = 'EXT01-022'; 
INSERT INTO fenotipo(fenotipo_id, aislado_id, serotipo_invitro) VALUES ('943', '1015', 'O6') ON DUPLICATE KEY UPDATE serotipo_invitro = 'O6'; 
INSERT INTO secuencia(secuencia_id, aislado_id, complejo_clonal) VALUES ('1015', '1015', 'nan') ON DUPLICATE KEY UPDATE complejo_clonal = 'nan'; 
INSERT INTO metadata_general(aislado_id, aislado_nombre) VALUES ('1016', 'EXT01-019') ON DUPLICATE KEY UPDATE aislado_nombre = 'EXT01-019'; 
INSERT INTO fenotipo(fenotipo_id, aislado_id, serotipo_invitro) VALUES ('944', '1016', 'O7+O8') ON DUPLICATE KEY UPDATE serotipo_invitro = 'O7+O8'; 
INSERT INTO secuencia(secuencia_id, aislado_id, complejo_clonal) VALUES ('1016', '1016', 'nan') ON DUPLICATE KEY UPDATE complejo_clonal = 'nan'; 
INSERT INTO metadata_general(aislado_id, aislado_nombre) VALUES ('1017', 'EXT01-027') ON DUPLICATE KEY UPDATE aislado_nombre = 'EXT01-027'; 
INSERT INTO fenotipo(fenotipo_id, aislado_id, serotipo_invitro) VALUES ('945', '1017', 'O8') ON DUPLICATE KEY UPDATE serotipo_invitro = 'O8'; 
INSERT INTO secuencia(secuencia_id, aislado_id, complejo_clonal) VALUES ('1017', '1017', 'nan') ON DUPLICATE KEY UPDATE complejo_clonal = 'nan'; 
INSERT INTO metadata_general(aislado_id, aislado_nombre) VALUES ('118', 'EXT01-026') ON DUPLICATE KEY UPDATE aislado_nombre = 'EXT01-026'; 
INSERT INTO fenotipo(fenotipo_id, aislado_id, serotipo_invitro) VALUES ('946', '118', 'O1') ON DUPLICATE KEY UPDATE serotipo_invitro = 'O1'; 
INSERT INTO secuencia(secuencia_id, aislado_id, complejo_clonal) VALUES ('118', '118', 'ST-499') ON DUPLICATE KEY UPDATE complejo_clonal = 'ST-499'; 
INSERT INTO metadata_general(aislado_id, aislado_nombre) VALUES ('115', 'EXT01-008') ON DUPLICATE KEY UPDATE aislado_nombre = 'EXT01-008'; 
INSERT INTO fenotipo(fenotipo_id, aislado_id, serotipo_invitro) VALUES ('947', '115', 'O11') ON DUPLICATE KEY UPDATE serotipo_invitro = 'O11'; 
INSERT INTO secuencia(secuencia_id, aislado_id, complejo_clonal) VALUES ('115', '115', 'ST-1754') ON DUPLICATE KEY UPDATE complejo_clonal = 'ST-1754'; 
INSERT INTO metadata_general(aislado_id, aislado_nombre) VALUES ('116', 'EXT01-010') ON DUPLICATE KEY UPDATE aislado_nombre = 'EXT01-010'; 
INSERT INTO fenotipo(fenotipo_id, aislado_id, serotipo_invitro) VALUES ('948', '116', 'O11') ON DUPLICATE KEY UPDATE serotipo_invitro = 'O11'; 
INSERT INTO secuencia(secuencia_id, aislado_id, complejo_clonal) VALUES ('116', '116', 'ST-446') ON DUPLICATE KEY UPDATE complejo_clonal = 'ST-446'; 
INSERT INTO metadata_general(aislado_id, aislado_nombre) VALUES ('117', 'EXT01-024') ON DUPLICATE KEY UPDATE aislado_nombre = 'EXT01-024'; 
INSERT INTO fenotipo(fenotipo_id, aislado_id, serotipo_invitro) VALUES ('949', '117', 'O16') ON DUPLICATE KEY UPDATE serotipo_invitro = 'O16'; 
INSERT INTO secuencia(secuencia_id, aislado_id, complejo_clonal) VALUES ('117', '117', 'ST-611') ON DUPLICATE KEY UPDATE complejo_clonal = 'ST-611'; 
INSERT INTO metadata_general(aislado_id, aislado_nombre) VALUES ('1018', 'GAL01-001') ON DUPLICATE KEY UPDATE aislado_nombre = 'GAL01-001'; 
INSERT INTO fenotipo(fenotipo_id, aislado_id, serotipo_invitro) VALUES ('950', '1018', 'O10') ON DUPLICATE KEY UPDATE serotipo_invitro = 'O10'; 
INSERT INTO secuencia(secuencia_id, aislado_id, complejo_clonal) VALUES ('1018', '1018', 'nan') ON DUPLICATE KEY UPDATE complejo_clonal = 'nan'; 
INSERT INTO metadata_general(aislado_id, aislado_nombre) VALUES ('1019', 'GAL01-002') ON DUPLICATE KEY UPDATE aislado_nombre = 'GAL01-002'; 
INSERT INTO fenotipo(fenotipo_id, aislado_id, serotipo_invitro) VALUES ('951', '1019', 'O1') ON DUPLICATE KEY UPDATE serotipo_invitro = 'O1'; 
INSERT INTO secuencia(secuencia_id, aislado_id, complejo_clonal) VALUES ('1019', '1019', 'nan') ON DUPLICATE KEY UPDATE complejo_clonal = 'nan'; 
INSERT INTO metadata_general(aislado_id, aislado_nombre) VALUES ('1020', 'GAL01-020') ON DUPLICATE KEY UPDATE aislado_nombre = 'GAL01-020'; 
INSERT INTO fenotipo(fenotipo_id, aislado_id, serotipo_invitro) VALUES ('952', '1020', 'O1') ON DUPLICATE KEY UPDATE serotipo_invitro = 'O1'; 
INSERT INTO secuencia(secuencia_id, aislado_id, complejo_clonal) VALUES ('1020', '1020', 'nan') ON DUPLICATE KEY UPDATE complejo_clonal = 'nan'; 
INSERT INTO metadata_general(aislado_id, aislado_nombre) VALUES ('1021', 'GAL01-032') ON DUPLICATE KEY UPDATE aislado_nombre = 'GAL01-032'; 
INSERT INTO fenotipo(fenotipo_id, aislado_id, serotipo_invitro) VALUES ('953', '1021', 'O1') ON DUPLICATE KEY UPDATE serotipo_invitro = 'O1'; 
INSERT INTO secuencia(secuencia_id, aislado_id, complejo_clonal) VALUES ('1021', '1021', 'nan') ON DUPLICATE KEY UPDATE complejo_clonal = 'nan'; 
INSERT INTO metadata_general(aislado_id, aislado_nombre) VALUES ('1022', 'GAL01-043') ON DUPLICATE KEY UPDATE aislado_nombre = 'GAL01-043'; 
INSERT INTO fenotipo(fenotipo_id, aislado_id, serotipo_invitro) VALUES ('954', '1022', 'O1') ON DUPLICATE KEY UPDATE serotipo_invitro = 'O1'; 
INSERT INTO secuencia(secuencia_id, aislado_id, complejo_clonal) VALUES ('1022', '1022', 'nan') ON DUPLICATE KEY UPDATE complejo_clonal = 'nan'; 
INSERT INTO metadata_general(aislado_id, aislado_nombre) VALUES ('1023', 'GAL01-003') ON DUPLICATE KEY UPDATE aislado_nombre = 'GAL01-003'; 
INSERT INTO fenotipo(fenotipo_id, aislado_id, serotipo_invitro) VALUES ('955', '1023', 'O11') ON DUPLICATE KEY UPDATE serotipo_invitro = 'O11'; 
INSERT INTO secuencia(secuencia_id, aislado_id, complejo_clonal) VALUES ('1023', '1023', 'nan') ON DUPLICATE KEY UPDATE complejo_clonal = 'nan'; 
INSERT INTO metadata_general(aislado_id, aislado_nombre) VALUES ('1024', 'GAL01-008') ON DUPLICATE KEY UPDATE aislado_nombre = 'GAL01-008'; 
INSERT INTO fenotipo(fenotipo_id, aislado_id, serotipo_invitro) VALUES ('956', '1024', 'O2') ON DUPLICATE KEY UPDATE serotipo_invitro = 'O2'; 
INSERT INTO secuencia(secuencia_id, aislado_id, complejo_clonal) VALUES ('1024', '1024', 'nan') ON DUPLICATE KEY UPDATE complejo_clonal = 'nan'; 
INSERT INTO metadata_general(aislado_id, aislado_nombre) VALUES ('1025', 'GAL01-017') ON DUPLICATE KEY UPDATE aislado_nombre = 'GAL01-017'; 
INSERT INTO fenotipo(fenotipo_id, aislado_id, serotipo_invitro) VALUES ('957', '1025', 'O2') ON DUPLICATE KEY UPDATE serotipo_invitro = 'O2'; 
INSERT INTO secuencia(secuencia_id, aislado_id, complejo_clonal) VALUES ('1025', '1025', 'nan') ON DUPLICATE KEY UPDATE complejo_clonal = 'nan'; 
INSERT INTO metadata_general(aislado_id, aislado_nombre) VALUES ('1026', 'GAL01-031') ON DUPLICATE KEY UPDATE aislado_nombre = 'GAL01-031'; 
INSERT INTO fenotipo(fenotipo_id, aislado_id, serotipo_invitro) VALUES ('958', '1026', 'O3') ON DUPLICATE KEY UPDATE serotipo_invitro = 'O3'; 
INSERT INTO secuencia(secuencia_id, aislado_id, complejo_clonal) VALUES ('1026', '1026', 'nan') ON DUPLICATE KEY UPDATE complejo_clonal = 'nan'; 
INSERT INTO metadata_general(aislado_id, aislado_nombre) VALUES ('1027', 'GAL01-013') ON DUPLICATE KEY UPDATE aislado_nombre = 'GAL01-013'; 
INSERT INTO fenotipo(fenotipo_id, aislado_id, serotipo_invitro) VALUES ('959', '1027', 'O4') ON DUPLICATE KEY UPDATE serotipo_invitro = 'O4'; 
INSERT INTO secuencia(secuencia_id, aislado_id, complejo_clonal) VALUES ('1027', '1027', 'ST-175') ON DUPLICATE KEY UPDATE complejo_clonal = 'ST-175'; 
INSERT INTO metadata_general(aislado_id, aislado_nombre) VALUES ('1028', 'GAL01-041') ON DUPLICATE KEY UPDATE aislado_nombre = 'GAL01-041'; 
INSERT INTO fenotipo(fenotipo_id, aislado_id, serotipo_invitro) VALUES ('960', '1028', 'O4') ON DUPLICATE KEY UPDATE serotipo_invitro = 'O4'; 
INSERT INTO secuencia(secuencia_id, aislado_id, complejo_clonal) VALUES ('1028', '1028', 'nan') ON DUPLICATE KEY UPDATE complejo_clonal = 'nan'; 
INSERT INTO metadata_general(aislado_id, aislado_nombre) VALUES ('1029', 'GAL01-021') ON DUPLICATE KEY UPDATE aislado_nombre = 'GAL01-021'; 
INSERT INTO fenotipo(fenotipo_id, aislado_id, serotipo_invitro) VALUES ('961', '1029', 'O6') ON DUPLICATE KEY UPDATE serotipo_invitro = 'O6'; 
INSERT INTO secuencia(secuencia_id, aislado_id, complejo_clonal) VALUES ('1029', '1029', 'nan') ON DUPLICATE KEY UPDATE complejo_clonal = 'nan'; 
INSERT INTO metadata_general(aislado_id, aislado_nombre) VALUES ('1030', 'GAL01-022') ON DUPLICATE KEY UPDATE aislado_nombre = 'GAL01-022'; 
INSERT INTO fenotipo(fenotipo_id, aislado_id, serotipo_invitro) VALUES ('962', '1030', 'O6') ON DUPLICATE KEY UPDATE serotipo_invitro = 'O6'; 
INSERT INTO secuencia(secuencia_id, aislado_id, complejo_clonal) VALUES ('1030', '1030', 'nan') ON DUPLICATE KEY UPDATE complejo_clonal = 'nan'; 
INSERT INTO metadata_general(aislado_id, aislado_nombre) VALUES ('1031', 'GAL01-045') ON DUPLICATE KEY UPDATE aislado_nombre = 'GAL01-045'; 
INSERT INTO fenotipo(fenotipo_id, aislado_id, serotipo_invitro) VALUES ('963', '1031', 'O6') ON DUPLICATE KEY UPDATE serotipo_invitro = 'O6'; 
INSERT INTO secuencia(secuencia_id, aislado_id, complejo_clonal) VALUES ('1031', '1031', 'nan') ON DUPLICATE KEY UPDATE complejo_clonal = 'nan'; 
INSERT INTO metadata_general(aislado_id, aislado_nombre) VALUES ('1032', 'GAL01-012') ON DUPLICATE KEY UPDATE aislado_nombre = 'GAL01-012'; 
INSERT INTO fenotipo(fenotipo_id, aislado_id, serotipo_invitro) VALUES ('964', '1032', 'O8') ON DUPLICATE KEY UPDATE serotipo_invitro = 'O8'; 
INSERT INTO secuencia(secuencia_id, aislado_id, complejo_clonal) VALUES ('1032', '1032', 'nan') ON DUPLICATE KEY UPDATE complejo_clonal = 'nan'; 
INSERT INTO metadata_general(aislado_id, aislado_nombre) VALUES ('119', 'GAL01-029') ON DUPLICATE KEY UPDATE aislado_nombre = 'GAL01-029'; 
INSERT INTO fenotipo(fenotipo_id, aislado_id, serotipo_invitro) VALUES ('965', '119', 'O1') ON DUPLICATE KEY UPDATE serotipo_invitro = 'O1'; 
INSERT INTO secuencia(secuencia_id, aislado_id, complejo_clonal) VALUES ('119', '119', 'ST-17') ON DUPLICATE KEY UPDATE complejo_clonal = 'ST-17'; 
INSERT INTO metadata_general(aislado_id, aislado_nombre) VALUES ('120', 'GAL01-030') ON DUPLICATE KEY UPDATE aislado_nombre = 'GAL01-030'; 
INSERT INTO fenotipo(fenotipo_id, aislado_id, serotipo_invitro) VALUES ('966', '120', 'O11') ON DUPLICATE KEY UPDATE serotipo_invitro = 'O11'; 
INSERT INTO secuencia(secuencia_id, aislado_id, complejo_clonal) VALUES ('120', '120', 'ST-235') ON DUPLICATE KEY UPDATE complejo_clonal = 'ST-235'; 
INSERT INTO metadata_general(aislado_id, aislado_nombre) VALUES ('1033', 'GAL02-004') ON DUPLICATE KEY UPDATE aislado_nombre = 'GAL02-004'; 
INSERT INTO fenotipo(fenotipo_id, aislado_id, serotipo_invitro) VALUES ('967', '1033', 'No Aglutina') ON DUPLICATE KEY UPDATE serotipo_invitro = 'No Aglutina'; 
INSERT INTO secuencia(secuencia_id, aislado_id, complejo_clonal) VALUES ('1033', '1033', 'nan') ON DUPLICATE KEY UPDATE complejo_clonal = 'nan'; 
INSERT INTO metadata_general(aislado_id, aislado_nombre) VALUES ('1034', 'GAL02-015') ON DUPLICATE KEY UPDATE aislado_nombre = 'GAL02-015'; 
INSERT INTO fenotipo(fenotipo_id, aislado_id, serotipo_invitro) VALUES ('968', '1034', 'O1') ON DUPLICATE KEY UPDATE serotipo_invitro = 'O1'; 
INSERT INTO secuencia(secuencia_id, aislado_id, complejo_clonal) VALUES ('1034', '1034', 'nan') ON DUPLICATE KEY UPDATE complejo_clonal = 'nan'; 
INSERT INTO metadata_general(aislado_id, aislado_nombre) VALUES ('1035', 'GAL02-032') ON DUPLICATE KEY UPDATE aislado_nombre = 'GAL02-032'; 
INSERT INTO fenotipo(fenotipo_id, aislado_id, serotipo_invitro) VALUES ('969', '1035', 'O4') ON DUPLICATE KEY UPDATE serotipo_invitro = 'O4'; 
INSERT INTO secuencia(secuencia_id, aislado_id, complejo_clonal) VALUES ('1035', '1035', 'nan') ON DUPLICATE KEY UPDATE complejo_clonal = 'nan'; 
INSERT INTO metadata_general(aislado_id, aislado_nombre) VALUES ('1036', 'GAL02-040') ON DUPLICATE KEY UPDATE aislado_nombre = 'GAL02-040'; 
INSERT INTO fenotipo(fenotipo_id, aislado_id, serotipo_invitro) VALUES ('970', '1036', 'O4') ON DUPLICATE KEY UPDATE serotipo_invitro = 'O4'; 
INSERT INTO secuencia(secuencia_id, aislado_id, complejo_clonal) VALUES ('1036', '1036', 'nan') ON DUPLICATE KEY UPDATE complejo_clonal = 'nan'; 
INSERT INTO metadata_general(aislado_id, aislado_nombre) VALUES ('1037', 'GAL02-006') ON DUPLICATE KEY UPDATE aislado_nombre = 'GAL02-006'; 
INSERT INTO fenotipo(fenotipo_id, aislado_id, serotipo_invitro) VALUES ('971', '1037', 'O8') ON DUPLICATE KEY UPDATE serotipo_invitro = 'O8'; 
INSERT INTO secuencia(secuencia_id, aislado_id, complejo_clonal) VALUES ('1037', '1037', 'nan') ON DUPLICATE KEY UPDATE complejo_clonal = 'nan'; 
INSERT INTO metadata_general(aislado_id, aislado_nombre) VALUES ('1038', 'GAL02-045') ON DUPLICATE KEY UPDATE aislado_nombre = 'GAL02-045'; 
INSERT INTO fenotipo(fenotipo_id, aislado_id, serotipo_invitro) VALUES ('972', '1038', 'No Aglutina') ON DUPLICATE KEY UPDATE serotipo_invitro = 'No Aglutina'; 
INSERT INTO secuencia(secuencia_id, aislado_id, complejo_clonal) VALUES ('1038', '1038', 'nan') ON DUPLICATE KEY UPDATE complejo_clonal = 'nan'; 
INSERT INTO metadata_general(aislado_id, aislado_nombre) VALUES ('1039', 'GAL02-049') ON DUPLICATE KEY UPDATE aislado_nombre = 'GAL02-049'; 
INSERT INTO fenotipo(fenotipo_id, aislado_id, serotipo_invitro) VALUES ('973', '1039', 'O1') ON DUPLICATE KEY UPDATE serotipo_invitro = 'O1'; 
INSERT INTO secuencia(secuencia_id, aislado_id, complejo_clonal) VALUES ('1039', '1039', 'nan') ON DUPLICATE KEY UPDATE complejo_clonal = 'nan'; 
INSERT INTO metadata_general(aislado_id, aislado_nombre) VALUES ('1040', 'GAL02-055') ON DUPLICATE KEY UPDATE aislado_nombre = 'GAL02-055'; 
INSERT INTO fenotipo(fenotipo_id, aislado_id, serotipo_invitro) VALUES ('974', '1040', 'O1') ON DUPLICATE KEY UPDATE serotipo_invitro = 'O1'; 
INSERT INTO secuencia(secuencia_id, aislado_id, complejo_clonal) VALUES ('1040', '1040', 'nan') ON DUPLICATE KEY UPDATE complejo_clonal = 'nan'; 
INSERT INTO metadata_general(aislado_id, aislado_nombre) VALUES ('1041', 'GAL02-008') ON DUPLICATE KEY UPDATE aislado_nombre = 'GAL02-008'; 
INSERT INTO fenotipo(fenotipo_id, aislado_id, serotipo_invitro) VALUES ('975', '1041', 'O10') ON DUPLICATE KEY UPDATE serotipo_invitro = 'O10'; 
INSERT INTO secuencia(secuencia_id, aislado_id, complejo_clonal) VALUES ('1041', '1041', 'nan') ON DUPLICATE KEY UPDATE complejo_clonal = 'nan'; 
INSERT INTO metadata_general(aislado_id, aislado_nombre) VALUES ('1042', 'GAL02-044') ON DUPLICATE KEY UPDATE aislado_nombre = 'GAL02-044'; 
INSERT INTO fenotipo(fenotipo_id, aislado_id, serotipo_invitro) VALUES ('976', '1042', 'O10') ON DUPLICATE KEY UPDATE serotipo_invitro = 'O10'; 
INSERT INTO secuencia(secuencia_id, aislado_id, complejo_clonal) VALUES ('1042', '1042', 'nan') ON DUPLICATE KEY UPDATE complejo_clonal = 'nan'; 
INSERT INTO metadata_general(aislado_id, aislado_nombre) VALUES ('1043', 'GAL02-010') ON DUPLICATE KEY UPDATE aislado_nombre = 'GAL02-010'; 
INSERT INTO fenotipo(fenotipo_id, aislado_id, serotipo_invitro) VALUES ('977', '1043', 'O11') ON DUPLICATE KEY UPDATE serotipo_invitro = 'O11'; 
INSERT INTO secuencia(secuencia_id, aislado_id, complejo_clonal) VALUES ('1043', '1043', 'nan') ON DUPLICATE KEY UPDATE complejo_clonal = 'nan'; 
INSERT INTO metadata_general(aislado_id, aislado_nombre) VALUES ('1044', 'GAL02-037') ON DUPLICATE KEY UPDATE aislado_nombre = 'GAL02-037'; 
INSERT INTO fenotipo(fenotipo_id, aislado_id, serotipo_invitro) VALUES ('978', '1044', 'O11') ON DUPLICATE KEY UPDATE serotipo_invitro = 'O11'; 
INSERT INTO secuencia(secuencia_id, aislado_id, complejo_clonal) VALUES ('1044', '1044', 'nan') ON DUPLICATE KEY UPDATE complejo_clonal = 'nan'; 
INSERT INTO metadata_general(aislado_id, aislado_nombre) VALUES ('1045', 'GAL02-009') ON DUPLICATE KEY UPDATE aislado_nombre = 'GAL02-009'; 
INSERT INTO fenotipo(fenotipo_id, aislado_id, serotipo_invitro) VALUES ('979', '1045', 'O16') ON DUPLICATE KEY UPDATE serotipo_invitro = 'O16'; 
INSERT INTO secuencia(secuencia_id, aislado_id, complejo_clonal) VALUES ('1045', '1045', 'nan') ON DUPLICATE KEY UPDATE complejo_clonal = 'nan'; 
INSERT INTO metadata_general(aislado_id, aislado_nombre) VALUES ('1046', 'GAL02-001') ON DUPLICATE KEY UPDATE aislado_nombre = 'GAL02-001'; 
INSERT INTO fenotipo(fenotipo_id, aislado_id, serotipo_invitro) VALUES ('980', '1046', 'O3') ON DUPLICATE KEY UPDATE serotipo_invitro = 'O3'; 
INSERT INTO secuencia(secuencia_id, aislado_id, complejo_clonal) VALUES ('1046', '1046', 'nan') ON DUPLICATE KEY UPDATE complejo_clonal = 'nan'; 
INSERT INTO metadata_general(aislado_id, aislado_nombre) VALUES ('1047', 'GAL02-036') ON DUPLICATE KEY UPDATE aislado_nombre = 'GAL02-036'; 
INSERT INTO fenotipo(fenotipo_id, aislado_id, serotipo_invitro) VALUES ('981', '1047', 'O4') ON DUPLICATE KEY UPDATE serotipo_invitro = 'O4'; 
INSERT INTO secuencia(secuencia_id, aislado_id, complejo_clonal) VALUES ('1047', '1047', 'nan') ON DUPLICATE KEY UPDATE complejo_clonal = 'nan'; 
INSERT INTO metadata_general(aislado_id, aislado_nombre) VALUES ('1048', 'GAL02-054') ON DUPLICATE KEY UPDATE aislado_nombre = 'GAL02-054'; 
INSERT INTO fenotipo(fenotipo_id, aislado_id, serotipo_invitro) VALUES ('982', '1048', 'O4') ON DUPLICATE KEY UPDATE serotipo_invitro = 'O4'; 
INSERT INTO secuencia(secuencia_id, aislado_id, complejo_clonal) VALUES ('1048', '1048', 'nan') ON DUPLICATE KEY UPDATE complejo_clonal = 'nan'; 
INSERT INTO metadata_general(aislado_id, aislado_nombre) VALUES ('1049', 'GAL02-018') ON DUPLICATE KEY UPDATE aislado_nombre = 'GAL02-018'; 
INSERT INTO fenotipo(fenotipo_id, aislado_id, serotipo_invitro) VALUES ('983', '1049', 'O5') ON DUPLICATE KEY UPDATE serotipo_invitro = 'O5'; 
INSERT INTO secuencia(secuencia_id, aislado_id, complejo_clonal) VALUES ('1049', '1049', 'nan') ON DUPLICATE KEY UPDATE complejo_clonal = 'nan'; 
INSERT INTO metadata_general(aislado_id, aislado_nombre) VALUES ('1050', 'GAL02-024') ON DUPLICATE KEY UPDATE aislado_nombre = 'GAL02-024'; 
INSERT INTO fenotipo(fenotipo_id, aislado_id, serotipo_invitro) VALUES ('984', '1050', 'O5') ON DUPLICATE KEY UPDATE serotipo_invitro = 'O5'; 
INSERT INTO secuencia(secuencia_id, aislado_id, complejo_clonal) VALUES ('1050', '1050', 'nan') ON DUPLICATE KEY UPDATE complejo_clonal = 'nan'; 
INSERT INTO metadata_general(aislado_id, aislado_nombre) VALUES ('1051', 'GAL02-039') ON DUPLICATE KEY UPDATE aislado_nombre = 'GAL02-039'; 
INSERT INTO fenotipo(fenotipo_id, aislado_id, serotipo_invitro) VALUES ('985', '1051', 'O5') ON DUPLICATE KEY UPDATE serotipo_invitro = 'O5'; 
INSERT INTO secuencia(secuencia_id, aislado_id, complejo_clonal) VALUES ('1051', '1051', 'nan') ON DUPLICATE KEY UPDATE complejo_clonal = 'nan'; 
INSERT INTO metadata_general(aislado_id, aislado_nombre) VALUES ('1052', 'GAL02-002') ON DUPLICATE KEY UPDATE aislado_nombre = 'GAL02-002'; 
INSERT INTO fenotipo(fenotipo_id, aislado_id, serotipo_invitro) VALUES ('986', '1052', 'O6') ON DUPLICATE KEY UPDATE serotipo_invitro = 'O6'; 
INSERT INTO secuencia(secuencia_id, aislado_id, complejo_clonal) VALUES ('1052', '1052', 'nan') ON DUPLICATE KEY UPDATE complejo_clonal = 'nan'; 
INSERT INTO metadata_general(aislado_id, aislado_nombre) VALUES ('1053', 'GAL02-012') ON DUPLICATE KEY UPDATE aislado_nombre = 'GAL02-012'; 
INSERT INTO fenotipo(fenotipo_id, aislado_id, serotipo_invitro) VALUES ('987', '1053', 'O6') ON DUPLICATE KEY UPDATE serotipo_invitro = 'O6'; 
INSERT INTO secuencia(secuencia_id, aislado_id, complejo_clonal) VALUES ('1053', '1053', 'nan') ON DUPLICATE KEY UPDATE complejo_clonal = 'nan'; 
INSERT INTO metadata_general(aislado_id, aislado_nombre) VALUES ('1054', 'GAL02-017') ON DUPLICATE KEY UPDATE aislado_nombre = 'GAL02-017'; 
INSERT INTO fenotipo(fenotipo_id, aislado_id, serotipo_invitro) VALUES ('988', '1054', 'O6') ON DUPLICATE KEY UPDATE serotipo_invitro = 'O6'; 
INSERT INTO secuencia(secuencia_id, aislado_id, complejo_clonal) VALUES ('1054', '1054', 'nan') ON DUPLICATE KEY UPDATE complejo_clonal = 'nan'; 
INSERT INTO metadata_general(aislado_id, aislado_nombre) VALUES ('1055', 'GAL02-027') ON DUPLICATE KEY UPDATE aislado_nombre = 'GAL02-027'; 
INSERT INTO fenotipo(fenotipo_id, aislado_id, serotipo_invitro) VALUES ('989', '1055', 'O6') ON DUPLICATE KEY UPDATE serotipo_invitro = 'O6'; 
INSERT INTO secuencia(secuencia_id, aislado_id, complejo_clonal) VALUES ('1055', '1055', 'nan') ON DUPLICATE KEY UPDATE complejo_clonal = 'nan'; 
INSERT INTO metadata_general(aislado_id, aislado_nombre) VALUES ('1056', 'GAL02-046') ON DUPLICATE KEY UPDATE aislado_nombre = 'GAL02-046'; 
INSERT INTO fenotipo(fenotipo_id, aislado_id, serotipo_invitro) VALUES ('990', '1056', 'O6') ON DUPLICATE KEY UPDATE serotipo_invitro = 'O6'; 
INSERT INTO secuencia(secuencia_id, aislado_id, complejo_clonal) VALUES ('1056', '1056', 'nan') ON DUPLICATE KEY UPDATE complejo_clonal = 'nan'; 
INSERT INTO metadata_general(aislado_id, aislado_nombre) VALUES ('1057', 'GAL02-048') ON DUPLICATE KEY UPDATE aislado_nombre = 'GAL02-048'; 
INSERT INTO fenotipo(fenotipo_id, aislado_id, serotipo_invitro) VALUES ('991', '1057', 'O6') ON DUPLICATE KEY UPDATE serotipo_invitro = 'O6'; 
INSERT INTO secuencia(secuencia_id, aislado_id, complejo_clonal) VALUES ('1057', '1057', 'nan') ON DUPLICATE KEY UPDATE complejo_clonal = 'nan'; 
INSERT INTO metadata_general(aislado_id, aislado_nombre) VALUES ('1058', 'GAL02-014') ON DUPLICATE KEY UPDATE aislado_nombre = 'GAL02-014'; 
INSERT INTO fenotipo(fenotipo_id, aislado_id, serotipo_invitro) VALUES ('992', '1058', 'O7') ON DUPLICATE KEY UPDATE serotipo_invitro = 'O7'; 
INSERT INTO secuencia(secuencia_id, aislado_id, complejo_clonal) VALUES ('1058', '1058', 'nan') ON DUPLICATE KEY UPDATE complejo_clonal = 'nan'; 
INSERT INTO metadata_general(aislado_id, aislado_nombre) VALUES ('1059', 'GAL02-026') ON DUPLICATE KEY UPDATE aislado_nombre = 'GAL02-026'; 
INSERT INTO fenotipo(fenotipo_id, aislado_id, serotipo_invitro) VALUES ('993', '1059', 'O9') ON DUPLICATE KEY UPDATE serotipo_invitro = 'O9'; 
INSERT INTO secuencia(secuencia_id, aislado_id, complejo_clonal) VALUES ('1059', '1059', 'nan') ON DUPLICATE KEY UPDATE complejo_clonal = 'nan'; 
INSERT INTO metadata_general(aislado_id, aislado_nombre) VALUES ('121', 'GAL02-011') ON DUPLICATE KEY UPDATE aislado_nombre = 'GAL02-011'; 
INSERT INTO fenotipo(fenotipo_id, aislado_id, serotipo_invitro) VALUES ('994', '121', 'No Aglutina') ON DUPLICATE KEY UPDATE serotipo_invitro = 'No Aglutina'; 
INSERT INTO secuencia(secuencia_id, aislado_id, complejo_clonal) VALUES ('121', '121', 'ST-2223') ON DUPLICATE KEY UPDATE complejo_clonal = 'ST-2223'; 
INSERT INTO metadata_general(aislado_id, aislado_nombre) VALUES ('123', 'GAL02-022') ON DUPLICATE KEY UPDATE aislado_nombre = 'GAL02-022'; 
INSERT INTO fenotipo(fenotipo_id, aislado_id, serotipo_invitro) VALUES ('995', '123', 'O11') ON DUPLICATE KEY UPDATE serotipo_invitro = 'O11'; 
INSERT INTO secuencia(secuencia_id, aislado_id, complejo_clonal) VALUES ('123', '123', 'ST-235') ON DUPLICATE KEY UPDATE complejo_clonal = 'ST-235'; 
INSERT INTO metadata_general(aislado_id, aislado_nombre) VALUES ('122', 'GAL02-019') ON DUPLICATE KEY UPDATE aislado_nombre = 'GAL02-019'; 
INSERT INTO fenotipo(fenotipo_id, aislado_id, serotipo_invitro) VALUES ('996', '122', 'O16') ON DUPLICATE KEY UPDATE serotipo_invitro = 'O16'; 
INSERT INTO secuencia(secuencia_id, aislado_id, complejo_clonal) VALUES ('122', '122', 'ST-360*') ON DUPLICATE KEY UPDATE complejo_clonal = 'ST-360*'; 
INSERT INTO metadata_general(aislado_id, aislado_nombre) VALUES ('1060', 'GAL03-008') ON DUPLICATE KEY UPDATE aislado_nombre = 'GAL03-008'; 
INSERT INTO fenotipo(fenotipo_id, aislado_id, serotipo_invitro) VALUES ('997', '1060', 'O3') ON DUPLICATE KEY UPDATE serotipo_invitro = 'O3'; 
INSERT INTO secuencia(secuencia_id, aislado_id, complejo_clonal) VALUES ('1060', '1060', 'nan') ON DUPLICATE KEY UPDATE complejo_clonal = 'nan'; 
INSERT INTO metadata_general(aislado_id, aislado_nombre) VALUES ('1061', 'GAL03-015') ON DUPLICATE KEY UPDATE aislado_nombre = 'GAL03-015'; 
INSERT INTO fenotipo(fenotipo_id, aislado_id, serotipo_invitro) VALUES ('998', '1061', 'No Aglutina') ON DUPLICATE KEY UPDATE serotipo_invitro = 'No Aglutina'; 
INSERT INTO secuencia(secuencia_id, aislado_id, complejo_clonal) VALUES ('1061', '1061', 'nan') ON DUPLICATE KEY UPDATE complejo_clonal = 'nan'; 
INSERT INTO metadata_general(aislado_id, aislado_nombre) VALUES ('1062', 'GAL03-026') ON DUPLICATE KEY UPDATE aislado_nombre = 'GAL03-026'; 
INSERT INTO fenotipo(fenotipo_id, aislado_id, serotipo_invitro) VALUES ('999', '1062', 'O1') ON DUPLICATE KEY UPDATE serotipo_invitro = 'O1'; 
INSERT INTO secuencia(secuencia_id, aislado_id, complejo_clonal) VALUES ('1062', '1062', 'nan') ON DUPLICATE KEY UPDATE complejo_clonal = 'nan'; 
INSERT INTO metadata_general(aislado_id, aislado_nombre) VALUES ('1063', 'GAL03-028') ON DUPLICATE KEY UPDATE aislado_nombre = 'GAL03-028'; 
INSERT INTO fenotipo(fenotipo_id, aislado_id, serotipo_invitro) VALUES ('1000', '1063', 'O1') ON DUPLICATE KEY UPDATE serotipo_invitro = 'O1'; 
INSERT INTO secuencia(secuencia_id, aislado_id, complejo_clonal) VALUES ('1063', '1063', 'nan') ON DUPLICATE KEY UPDATE complejo_clonal = 'nan'; 
INSERT INTO metadata_general(aislado_id, aislado_nombre) VALUES ('1064', 'GAL03-033') ON DUPLICATE KEY UPDATE aislado_nombre = 'GAL03-033'; 
INSERT INTO fenotipo(fenotipo_id, aislado_id, serotipo_invitro) VALUES ('1001', '1064', 'O1') ON DUPLICATE KEY UPDATE serotipo_invitro = 'O1'; 
INSERT INTO secuencia(secuencia_id, aislado_id, complejo_clonal) VALUES ('1064', '1064', 'nan') ON DUPLICATE KEY UPDATE complejo_clonal = 'nan'; 
INSERT INTO metadata_general(aislado_id, aislado_nombre) VALUES ('1065', 'GAL03-027') ON DUPLICATE KEY UPDATE aislado_nombre = 'GAL03-027'; 
INSERT INTO fenotipo(fenotipo_id, aislado_id, serotipo_invitro) VALUES ('1002', '1065', 'O1+O6') ON DUPLICATE KEY UPDATE serotipo_invitro = 'O1+O6'; 
INSERT INTO secuencia(secuencia_id, aislado_id, complejo_clonal) VALUES ('1065', '1065', 'nan') ON DUPLICATE KEY UPDATE complejo_clonal = 'nan'; 
INSERT INTO metadata_general(aislado_id, aislado_nombre) VALUES ('1066', 'GAL03-007') ON DUPLICATE KEY UPDATE aislado_nombre = 'GAL03-007'; 
INSERT INTO fenotipo(fenotipo_id, aislado_id, serotipo_invitro) VALUES ('1003', '1066', 'O10') ON DUPLICATE KEY UPDATE serotipo_invitro = 'O10'; 
INSERT INTO secuencia(secuencia_id, aislado_id, complejo_clonal) VALUES ('1066', '1066', 'nan') ON DUPLICATE KEY UPDATE complejo_clonal = 'nan'; 
INSERT INTO metadata_general(aislado_id, aislado_nombre) VALUES ('1067', 'GAL03-005') ON DUPLICATE KEY UPDATE aislado_nombre = 'GAL03-005'; 
INSERT INTO fenotipo(fenotipo_id, aislado_id, serotipo_invitro) VALUES ('1004', '1067', 'O11') ON DUPLICATE KEY UPDATE serotipo_invitro = 'O11'; 
INSERT INTO secuencia(secuencia_id, aislado_id, complejo_clonal) VALUES ('1067', '1067', 'nan') ON DUPLICATE KEY UPDATE complejo_clonal = 'nan'; 
INSERT INTO metadata_general(aislado_id, aislado_nombre) VALUES ('1068', 'GAL03-031') ON DUPLICATE KEY UPDATE aislado_nombre = 'GAL03-031'; 
INSERT INTO fenotipo(fenotipo_id, aislado_id, serotipo_invitro) VALUES ('1005', '1068', 'O11') ON DUPLICATE KEY UPDATE serotipo_invitro = 'O11'; 
INSERT INTO secuencia(secuencia_id, aislado_id, complejo_clonal) VALUES ('1068', '1068', 'nan') ON DUPLICATE KEY UPDATE complejo_clonal = 'nan'; 
INSERT INTO metadata_general(aislado_id, aislado_nombre) VALUES ('1069', 'GAL03-001') ON DUPLICATE KEY UPDATE aislado_nombre = 'GAL03-001'; 
INSERT INTO fenotipo(fenotipo_id, aislado_id, serotipo_invitro) VALUES ('1006', '1069', 'O16') ON DUPLICATE KEY UPDATE serotipo_invitro = 'O16'; 
INSERT INTO secuencia(secuencia_id, aislado_id, complejo_clonal) VALUES ('1069', '1069', 'nan') ON DUPLICATE KEY UPDATE complejo_clonal = 'nan'; 
INSERT INTO metadata_general(aislado_id, aislado_nombre) VALUES ('1070', 'GAL03-002') ON DUPLICATE KEY UPDATE aislado_nombre = 'GAL03-002'; 
INSERT INTO fenotipo(fenotipo_id, aislado_id, serotipo_invitro) VALUES ('1007', '1070', 'O16') ON DUPLICATE KEY UPDATE serotipo_invitro = 'O16'; 
INSERT INTO secuencia(secuencia_id, aislado_id, complejo_clonal) VALUES ('1070', '1070', 'nan') ON DUPLICATE KEY UPDATE complejo_clonal = 'nan'; 
INSERT INTO metadata_general(aislado_id, aislado_nombre) VALUES ('1071', 'GAL03-009') ON DUPLICATE KEY UPDATE aislado_nombre = 'GAL03-009'; 
INSERT INTO fenotipo(fenotipo_id, aislado_id, serotipo_invitro) VALUES ('1008', '1071', 'O2') ON DUPLICATE KEY UPDATE serotipo_invitro = 'O2'; 
INSERT INTO secuencia(secuencia_id, aislado_id, complejo_clonal) VALUES ('1071', '1071', 'nan') ON DUPLICATE KEY UPDATE complejo_clonal = 'nan'; 
INSERT INTO metadata_general(aislado_id, aislado_nombre) VALUES ('1072', 'GAL03-003') ON DUPLICATE KEY UPDATE aislado_nombre = 'GAL03-003'; 
INSERT INTO fenotipo(fenotipo_id, aislado_id, serotipo_invitro) VALUES ('1009', '1072', 'O3') ON DUPLICATE KEY UPDATE serotipo_invitro = 'O3'; 
INSERT INTO secuencia(secuencia_id, aislado_id, complejo_clonal) VALUES ('1072', '1072', 'nan') ON DUPLICATE KEY UPDATE complejo_clonal = 'nan'; 
INSERT INTO metadata_general(aislado_id, aislado_nombre) VALUES ('1073', 'GAL03-017') ON DUPLICATE KEY UPDATE aislado_nombre = 'GAL03-017'; 
INSERT INTO fenotipo(fenotipo_id, aislado_id, serotipo_invitro) VALUES ('1010', '1073', 'O3') ON DUPLICATE KEY UPDATE serotipo_invitro = 'O3'; 
INSERT INTO secuencia(secuencia_id, aislado_id, complejo_clonal) VALUES ('1073', '1073', 'nan') ON DUPLICATE KEY UPDATE complejo_clonal = 'nan'; 
INSERT INTO metadata_general(aislado_id, aislado_nombre) VALUES ('1074', 'GAL03-029') ON DUPLICATE KEY UPDATE aislado_nombre = 'GAL03-029'; 
INSERT INTO fenotipo(fenotipo_id, aislado_id, serotipo_invitro) VALUES ('1011', '1074', 'O3') ON DUPLICATE KEY UPDATE serotipo_invitro = 'O3'; 
INSERT INTO secuencia(secuencia_id, aislado_id, complejo_clonal) VALUES ('1074', '1074', 'nan') ON DUPLICATE KEY UPDATE complejo_clonal = 'nan'; 
INSERT INTO metadata_general(aislado_id, aislado_nombre) VALUES ('1075', 'GAL03-014') ON DUPLICATE KEY UPDATE aislado_nombre = 'GAL03-014'; 
INSERT INTO fenotipo(fenotipo_id, aislado_id, serotipo_invitro) VALUES ('1012', '1075', 'O4') ON DUPLICATE KEY UPDATE serotipo_invitro = 'O4'; 
INSERT INTO secuencia(secuencia_id, aislado_id, complejo_clonal) VALUES ('1075', '1075', 'nan') ON DUPLICATE KEY UPDATE complejo_clonal = 'nan'; 
INSERT INTO metadata_general(aislado_id, aislado_nombre) VALUES ('1076', 'GAL03-020') ON DUPLICATE KEY UPDATE aislado_nombre = 'GAL03-020'; 
INSERT INTO fenotipo(fenotipo_id, aislado_id, serotipo_invitro) VALUES ('1013', '1076', 'O4') ON DUPLICATE KEY UPDATE serotipo_invitro = 'O4'; 
INSERT INTO secuencia(secuencia_id, aislado_id, complejo_clonal) VALUES ('1076', '1076', 'nan') ON DUPLICATE KEY UPDATE complejo_clonal = 'nan'; 
INSERT INTO metadata_general(aislado_id, aislado_nombre) VALUES ('1077', 'GAL03-022') ON DUPLICATE KEY UPDATE aislado_nombre = 'GAL03-022'; 
INSERT INTO fenotipo(fenotipo_id, aislado_id, serotipo_invitro) VALUES ('1014', '1077', 'O4') ON DUPLICATE KEY UPDATE serotipo_invitro = 'O4'; 
INSERT INTO secuencia(secuencia_id, aislado_id, complejo_clonal) VALUES ('1077', '1077', 'nan') ON DUPLICATE KEY UPDATE complejo_clonal = 'nan'; 
INSERT INTO metadata_general(aislado_id, aislado_nombre) VALUES ('1078', 'GAL03-032') ON DUPLICATE KEY UPDATE aislado_nombre = 'GAL03-032'; 
INSERT INTO fenotipo(fenotipo_id, aislado_id, serotipo_invitro) VALUES ('1015', '1078', 'O4') ON DUPLICATE KEY UPDATE serotipo_invitro = 'O4'; 
INSERT INTO secuencia(secuencia_id, aislado_id, complejo_clonal) VALUES ('1078', '1078', 'nan') ON DUPLICATE KEY UPDATE complejo_clonal = 'nan'; 
INSERT INTO metadata_general(aislado_id, aislado_nombre) VALUES ('1079', 'GAL03-004') ON DUPLICATE KEY UPDATE aislado_nombre = 'GAL03-004'; 
INSERT INTO fenotipo(fenotipo_id, aislado_id, serotipo_invitro) VALUES ('1016', '1079', 'O5') ON DUPLICATE KEY UPDATE serotipo_invitro = 'O5'; 
INSERT INTO secuencia(secuencia_id, aislado_id, complejo_clonal) VALUES ('1079', '1079', 'nan') ON DUPLICATE KEY UPDATE complejo_clonal = 'nan'; 
INSERT INTO metadata_general(aislado_id, aislado_nombre) VALUES ('1080', 'GAL03-006') ON DUPLICATE KEY UPDATE aislado_nombre = 'GAL03-006'; 
INSERT INTO fenotipo(fenotipo_id, aislado_id, serotipo_invitro) VALUES ('1017', '1080', 'O6') ON DUPLICATE KEY UPDATE serotipo_invitro = 'O6'; 
INSERT INTO secuencia(secuencia_id, aislado_id, complejo_clonal) VALUES ('1080', '1080', 'nan') ON DUPLICATE KEY UPDATE complejo_clonal = 'nan'; 
INSERT INTO metadata_general(aislado_id, aislado_nombre) VALUES ('1081', 'GAL03-011') ON DUPLICATE KEY UPDATE aislado_nombre = 'GAL03-011'; 
INSERT INTO fenotipo(fenotipo_id, aislado_id, serotipo_invitro) VALUES ('1018', '1081', 'O6') ON DUPLICATE KEY UPDATE serotipo_invitro = 'O6'; 
INSERT INTO secuencia(secuencia_id, aislado_id, complejo_clonal) VALUES ('1081', '1081', 'nan') ON DUPLICATE KEY UPDATE complejo_clonal = 'nan'; 
INSERT INTO metadata_general(aislado_id, aislado_nombre) VALUES ('1082', 'GAL03-012') ON DUPLICATE KEY UPDATE aislado_nombre = 'GAL03-012'; 
INSERT INTO fenotipo(fenotipo_id, aislado_id, serotipo_invitro) VALUES ('1019', '1082', 'O6') ON DUPLICATE KEY UPDATE serotipo_invitro = 'O6'; 
INSERT INTO secuencia(secuencia_id, aislado_id, complejo_clonal) VALUES ('1082', '1082', 'nan') ON DUPLICATE KEY UPDATE complejo_clonal = 'nan'; 
INSERT INTO metadata_general(aislado_id, aislado_nombre) VALUES ('1083', 'GAL03-016') ON DUPLICATE KEY UPDATE aislado_nombre = 'GAL03-016'; 
INSERT INTO fenotipo(fenotipo_id, aislado_id, serotipo_invitro) VALUES ('1020', '1083', 'O6') ON DUPLICATE KEY UPDATE serotipo_invitro = 'O6'; 
INSERT INTO secuencia(secuencia_id, aislado_id, complejo_clonal) VALUES ('1083', '1083', 'nan') ON DUPLICATE KEY UPDATE complejo_clonal = 'nan'; 
INSERT INTO metadata_general(aislado_id, aislado_nombre) VALUES ('1084', 'GAL03-023') ON DUPLICATE KEY UPDATE aislado_nombre = 'GAL03-023'; 
INSERT INTO fenotipo(fenotipo_id, aislado_id, serotipo_invitro) VALUES ('1021', '1084', 'O6') ON DUPLICATE KEY UPDATE serotipo_invitro = 'O6'; 
INSERT INTO secuencia(secuencia_id, aislado_id, complejo_clonal) VALUES ('1084', '1084', 'nan') ON DUPLICATE KEY UPDATE complejo_clonal = 'nan'; 
INSERT INTO metadata_general(aislado_id, aislado_nombre) VALUES ('1085', 'GAL03-018') ON DUPLICATE KEY UPDATE aislado_nombre = 'GAL03-018'; 
INSERT INTO fenotipo(fenotipo_id, aislado_id, serotipo_invitro) VALUES ('1022', '1085', 'O7') ON DUPLICATE KEY UPDATE serotipo_invitro = 'O7'; 
INSERT INTO secuencia(secuencia_id, aislado_id, complejo_clonal) VALUES ('1085', '1085', 'nan') ON DUPLICATE KEY UPDATE complejo_clonal = 'nan'; 
INSERT INTO metadata_general(aislado_id, aislado_nombre) VALUES ('1086', 'GAL03-024') ON DUPLICATE KEY UPDATE aislado_nombre = 'GAL03-024'; 
INSERT INTO fenotipo(fenotipo_id, aislado_id, serotipo_invitro) VALUES ('1023', '1086', 'O7') ON DUPLICATE KEY UPDATE serotipo_invitro = 'O7'; 
INSERT INTO secuencia(secuencia_id, aislado_id, complejo_clonal) VALUES ('1086', '1086', 'nan') ON DUPLICATE KEY UPDATE complejo_clonal = 'nan'; 
INSERT INTO metadata_general(aislado_id, aislado_nombre) VALUES ('1087', 'GAL03-010') ON DUPLICATE KEY UPDATE aislado_nombre = 'GAL03-010'; 
INSERT INTO fenotipo(fenotipo_id, aislado_id, serotipo_invitro) VALUES ('1024', '1087', 'O9') ON DUPLICATE KEY UPDATE serotipo_invitro = 'O9'; 
INSERT INTO secuencia(secuencia_id, aislado_id, complejo_clonal) VALUES ('1087', '1087', 'nan') ON DUPLICATE KEY UPDATE complejo_clonal = 'nan'; 
INSERT INTO metadata_general(aislado_id, aislado_nombre) VALUES ('125', 'GAL03-019') ON DUPLICATE KEY UPDATE aislado_nombre = 'GAL03-019'; 
INSERT INTO fenotipo(fenotipo_id, aislado_id, serotipo_invitro) VALUES ('1025', '125', 'O2') ON DUPLICATE KEY UPDATE serotipo_invitro = 'O2'; 
INSERT INTO secuencia(secuencia_id, aislado_id, complejo_clonal) VALUES ('125', '125', 'ST-244') ON DUPLICATE KEY UPDATE complejo_clonal = 'ST-244'; 
INSERT INTO metadata_general(aislado_id, aislado_nombre) VALUES ('124', 'GAL03-013') ON DUPLICATE KEY UPDATE aislado_nombre = 'GAL03-013'; 
INSERT INTO fenotipo(fenotipo_id, aislado_id, serotipo_invitro) VALUES ('1026', '124', 'O3') ON DUPLICATE KEY UPDATE serotipo_invitro = 'O3'; 
INSERT INTO secuencia(secuencia_id, aislado_id, complejo_clonal) VALUES ('124', '124', 'ST-1068') ON DUPLICATE KEY UPDATE complejo_clonal = 'ST-1068'; 
INSERT INTO metadata_general(aislado_id, aislado_nombre) VALUES ('1088', 'GAL04-010') ON DUPLICATE KEY UPDATE aislado_nombre = 'GAL04-010'; 
INSERT INTO fenotipo(fenotipo_id, aislado_id, serotipo_invitro) VALUES ('1027', '1088', 'O1') ON DUPLICATE KEY UPDATE serotipo_invitro = 'O1'; 
INSERT INTO secuencia(secuencia_id, aislado_id, complejo_clonal) VALUES ('1088', '1088', 'nan') ON DUPLICATE KEY UPDATE complejo_clonal = 'nan'; 
INSERT INTO metadata_general(aislado_id, aislado_nombre) VALUES ('1089', 'GAL04-015') ON DUPLICATE KEY UPDATE aislado_nombre = 'GAL04-015'; 
INSERT INTO fenotipo(fenotipo_id, aislado_id, serotipo_invitro) VALUES ('1028', '1089', 'O4') ON DUPLICATE KEY UPDATE serotipo_invitro = 'O4'; 
INSERT INTO secuencia(secuencia_id, aislado_id, complejo_clonal) VALUES ('1089', '1089', 'nan') ON DUPLICATE KEY UPDATE complejo_clonal = 'nan'; 
INSERT INTO metadata_general(aislado_id, aislado_nombre) VALUES ('1090', 'GAL04-008') ON DUPLICATE KEY UPDATE aislado_nombre = 'GAL04-008'; 
INSERT INTO fenotipo(fenotipo_id, aislado_id, serotipo_invitro) VALUES ('1029', '1090', 'No Aglutina') ON DUPLICATE KEY UPDATE serotipo_invitro = 'No Aglutina'; 
INSERT INTO secuencia(secuencia_id, aislado_id, complejo_clonal) VALUES ('1090', '1090', 'nan') ON DUPLICATE KEY UPDATE complejo_clonal = 'nan'; 
INSERT INTO metadata_general(aislado_id, aislado_nombre) VALUES ('1091', 'GAL04-001') ON DUPLICATE KEY UPDATE aislado_nombre = 'GAL04-001'; 
INSERT INTO fenotipo(fenotipo_id, aislado_id, serotipo_invitro) VALUES ('1030', '1091', 'O1') ON DUPLICATE KEY UPDATE serotipo_invitro = 'O1'; 
INSERT INTO secuencia(secuencia_id, aislado_id, complejo_clonal) VALUES ('1091', '1091', 'nan') ON DUPLICATE KEY UPDATE complejo_clonal = 'nan'; 
INSERT INTO metadata_general(aislado_id, aislado_nombre) VALUES ('1092', 'GAL04-019') ON DUPLICATE KEY UPDATE aislado_nombre = 'GAL04-019'; 
INSERT INTO fenotipo(fenotipo_id, aislado_id, serotipo_invitro) VALUES ('1031', '1092', 'O1') ON DUPLICATE KEY UPDATE serotipo_invitro = 'O1'; 
INSERT INTO secuencia(secuencia_id, aislado_id, complejo_clonal) VALUES ('1092', '1092', 'nan') ON DUPLICATE KEY UPDATE complejo_clonal = 'nan'; 
INSERT INTO metadata_general(aislado_id, aislado_nombre) VALUES ('1093', 'GAL04-025') ON DUPLICATE KEY UPDATE aislado_nombre = 'GAL04-025'; 
INSERT INTO fenotipo(fenotipo_id, aislado_id, serotipo_invitro) VALUES ('1032', '1093', 'O1') ON DUPLICATE KEY UPDATE serotipo_invitro = 'O1'; 
INSERT INTO secuencia(secuencia_id, aislado_id, complejo_clonal) VALUES ('1093', '1093', 'nan') ON DUPLICATE KEY UPDATE complejo_clonal = 'nan'; 
INSERT INTO metadata_general(aislado_id, aislado_nombre) VALUES ('1094', 'GAL04-028') ON DUPLICATE KEY UPDATE aislado_nombre = 'GAL04-028'; 
INSERT INTO fenotipo(fenotipo_id, aislado_id, serotipo_invitro) VALUES ('1033', '1094', 'O1') ON DUPLICATE KEY UPDATE serotipo_invitro = 'O1'; 
INSERT INTO secuencia(secuencia_id, aislado_id, complejo_clonal) VALUES ('1094', '1094', 'nan') ON DUPLICATE KEY UPDATE complejo_clonal = 'nan'; 
INSERT INTO metadata_general(aislado_id, aislado_nombre) VALUES ('1095', 'GAL04-031') ON DUPLICATE KEY UPDATE aislado_nombre = 'GAL04-031'; 
INSERT INTO fenotipo(fenotipo_id, aislado_id, serotipo_invitro) VALUES ('1034', '1095', 'O1') ON DUPLICATE KEY UPDATE serotipo_invitro = 'O1'; 
INSERT INTO secuencia(secuencia_id, aislado_id, complejo_clonal) VALUES ('1095', '1095', 'nan') ON DUPLICATE KEY UPDATE complejo_clonal = 'nan'; 
INSERT INTO metadata_general(aislado_id, aislado_nombre) VALUES ('1096', 'GAL04-047') ON DUPLICATE KEY UPDATE aislado_nombre = 'GAL04-047'; 
INSERT INTO fenotipo(fenotipo_id, aislado_id, serotipo_invitro) VALUES ('1035', '1096', 'O1') ON DUPLICATE KEY UPDATE serotipo_invitro = 'O1'; 
INSERT INTO secuencia(secuencia_id, aislado_id, complejo_clonal) VALUES ('1096', '1096', 'nan') ON DUPLICATE KEY UPDATE complejo_clonal = 'nan'; 
INSERT INTO metadata_general(aislado_id, aislado_nombre) VALUES ('1097', 'GAL04-007') ON DUPLICATE KEY UPDATE aislado_nombre = 'GAL04-007'; 
INSERT INTO fenotipo(fenotipo_id, aislado_id, serotipo_invitro) VALUES ('1036', '1097', 'O1+O6') ON DUPLICATE KEY UPDATE serotipo_invitro = 'O1+O6'; 
INSERT INTO secuencia(secuencia_id, aislado_id, complejo_clonal) VALUES ('1097', '1097', 'nan') ON DUPLICATE KEY UPDATE complejo_clonal = 'nan'; 
INSERT INTO metadata_general(aislado_id, aislado_nombre) VALUES ('1098', 'GAL04-002') ON DUPLICATE KEY UPDATE aislado_nombre = 'GAL04-002'; 
INSERT INTO fenotipo(fenotipo_id, aislado_id, serotipo_invitro) VALUES ('1037', '1098', 'O11') ON DUPLICATE KEY UPDATE serotipo_invitro = 'O11'; 
INSERT INTO secuencia(secuencia_id, aislado_id, complejo_clonal) VALUES ('1098', '1098', 'nan') ON DUPLICATE KEY UPDATE complejo_clonal = 'nan'; 
INSERT INTO metadata_general(aislado_id, aislado_nombre) VALUES ('1099', 'GAL04-009') ON DUPLICATE KEY UPDATE aislado_nombre = 'GAL04-009'; 
INSERT INTO fenotipo(fenotipo_id, aislado_id, serotipo_invitro) VALUES ('1038', '1099', 'O11') ON DUPLICATE KEY UPDATE serotipo_invitro = 'O11'; 
INSERT INTO secuencia(secuencia_id, aislado_id, complejo_clonal) VALUES ('1099', '1099', 'nan') ON DUPLICATE KEY UPDATE complejo_clonal = 'nan'; 
INSERT INTO metadata_general(aislado_id, aislado_nombre) VALUES ('1100', 'GAL04-016') ON DUPLICATE KEY UPDATE aislado_nombre = 'GAL04-016'; 
INSERT INTO fenotipo(fenotipo_id, aislado_id, serotipo_invitro) VALUES ('1039', '1100', 'O11') ON DUPLICATE KEY UPDATE serotipo_invitro = 'O11'; 
INSERT INTO secuencia(secuencia_id, aislado_id, complejo_clonal) VALUES ('1100', '1100', 'nan') ON DUPLICATE KEY UPDATE complejo_clonal = 'nan'; 
INSERT INTO metadata_general(aislado_id, aislado_nombre) VALUES ('1101', 'GAL04-020') ON DUPLICATE KEY UPDATE aislado_nombre = 'GAL04-020'; 
INSERT INTO fenotipo(fenotipo_id, aislado_id, serotipo_invitro) VALUES ('1040', '1101', 'O11') ON DUPLICATE KEY UPDATE serotipo_invitro = 'O11'; 
INSERT INTO secuencia(secuencia_id, aislado_id, complejo_clonal) VALUES ('1101', '1101', 'nan') ON DUPLICATE KEY UPDATE complejo_clonal = 'nan'; 
INSERT INTO metadata_general(aislado_id, aislado_nombre) VALUES ('1102', 'GAL04-043') ON DUPLICATE KEY UPDATE aislado_nombre = 'GAL04-043'; 
INSERT INTO fenotipo(fenotipo_id, aislado_id, serotipo_invitro) VALUES ('1041', '1102', 'O11') ON DUPLICATE KEY UPDATE serotipo_invitro = 'O11'; 
INSERT INTO secuencia(secuencia_id, aislado_id, complejo_clonal) VALUES ('1102', '1102', 'nan') ON DUPLICATE KEY UPDATE complejo_clonal = 'nan'; 
INSERT INTO metadata_general(aislado_id, aislado_nombre) VALUES ('1103', 'GAL04-045') ON DUPLICATE KEY UPDATE aislado_nombre = 'GAL04-045'; 
INSERT INTO fenotipo(fenotipo_id, aislado_id, serotipo_invitro) VALUES ('1042', '1103', 'O11') ON DUPLICATE KEY UPDATE serotipo_invitro = 'O11'; 
INSERT INTO secuencia(secuencia_id, aislado_id, complejo_clonal) VALUES ('1103', '1103', 'nan') ON DUPLICATE KEY UPDATE complejo_clonal = 'nan'; 
INSERT INTO metadata_general(aislado_id, aislado_nombre) VALUES ('1104', 'GAL04-023') ON DUPLICATE KEY UPDATE aislado_nombre = 'GAL04-023'; 
INSERT INTO fenotipo(fenotipo_id, aislado_id, serotipo_invitro) VALUES ('1043', '1104', 'O16') ON DUPLICATE KEY UPDATE serotipo_invitro = 'O16'; 
INSERT INTO secuencia(secuencia_id, aislado_id, complejo_clonal) VALUES ('1104', '1104', 'nan') ON DUPLICATE KEY UPDATE complejo_clonal = 'nan'; 
INSERT INTO metadata_general(aislado_id, aislado_nombre) VALUES ('1105', 'GAL04-017') ON DUPLICATE KEY UPDATE aislado_nombre = 'GAL04-017'; 
INSERT INTO fenotipo(fenotipo_id, aislado_id, serotipo_invitro) VALUES ('1044', '1105', 'O3') ON DUPLICATE KEY UPDATE serotipo_invitro = 'O3'; 
INSERT INTO secuencia(secuencia_id, aislado_id, complejo_clonal) VALUES ('1105', '1105', 'nan') ON DUPLICATE KEY UPDATE complejo_clonal = 'nan'; 
INSERT INTO metadata_general(aislado_id, aislado_nombre) VALUES ('1106', 'GAL04-006') ON DUPLICATE KEY UPDATE aislado_nombre = 'GAL04-006'; 
INSERT INTO fenotipo(fenotipo_id, aislado_id, serotipo_invitro) VALUES ('1045', '1106', 'O4') ON DUPLICATE KEY UPDATE serotipo_invitro = 'O4'; 
INSERT INTO secuencia(secuencia_id, aislado_id, complejo_clonal) VALUES ('1106', '1106', 'nan') ON DUPLICATE KEY UPDATE complejo_clonal = 'nan'; 
INSERT INTO metadata_general(aislado_id, aislado_nombre) VALUES ('1107', 'GAL04-005') ON DUPLICATE KEY UPDATE aislado_nombre = 'GAL04-005'; 
INSERT INTO fenotipo(fenotipo_id, aislado_id, serotipo_invitro) VALUES ('1046', '1107', 'O5') ON DUPLICATE KEY UPDATE serotipo_invitro = 'O5'; 
INSERT INTO secuencia(secuencia_id, aislado_id, complejo_clonal) VALUES ('1107', '1107', 'nan') ON DUPLICATE KEY UPDATE complejo_clonal = 'nan'; 
INSERT INTO metadata_general(aislado_id, aislado_nombre) VALUES ('1108', 'GAL04-040') ON DUPLICATE KEY UPDATE aislado_nombre = 'GAL04-040'; 
INSERT INTO fenotipo(fenotipo_id, aislado_id, serotipo_invitro) VALUES ('1047', '1108', 'O5') ON DUPLICATE KEY UPDATE serotipo_invitro = 'O5'; 
INSERT INTO secuencia(secuencia_id, aislado_id, complejo_clonal) VALUES ('1108', '1108', 'nan') ON DUPLICATE KEY UPDATE complejo_clonal = 'nan'; 
INSERT INTO metadata_general(aislado_id, aislado_nombre) VALUES ('1109', 'GAL04-004') ON DUPLICATE KEY UPDATE aislado_nombre = 'GAL04-004'; 
INSERT INTO fenotipo(fenotipo_id, aislado_id, serotipo_invitro) VALUES ('1048', '1109', 'O6') ON DUPLICATE KEY UPDATE serotipo_invitro = 'O6'; 
INSERT INTO secuencia(secuencia_id, aislado_id, complejo_clonal) VALUES ('1109', '1109', 'nan') ON DUPLICATE KEY UPDATE complejo_clonal = 'nan'; 
INSERT INTO metadata_general(aislado_id, aislado_nombre) VALUES ('1110', 'GAL04-014') ON DUPLICATE KEY UPDATE aislado_nombre = 'GAL04-014'; 
INSERT INTO fenotipo(fenotipo_id, aislado_id, serotipo_invitro) VALUES ('1049', '1110', 'O6') ON DUPLICATE KEY UPDATE serotipo_invitro = 'O6'; 
INSERT INTO secuencia(secuencia_id, aislado_id, complejo_clonal) VALUES ('1110', '1110', 'nan') ON DUPLICATE KEY UPDATE complejo_clonal = 'nan'; 
INSERT INTO metadata_general(aislado_id, aislado_nombre) VALUES ('1111', 'GAL04-038') ON DUPLICATE KEY UPDATE aislado_nombre = 'GAL04-038'; 
INSERT INTO fenotipo(fenotipo_id, aislado_id, serotipo_invitro) VALUES ('1050', '1111', 'O6') ON DUPLICATE KEY UPDATE serotipo_invitro = 'O6'; 
INSERT INTO secuencia(secuencia_id, aislado_id, complejo_clonal) VALUES ('1111', '1111', 'nan') ON DUPLICATE KEY UPDATE complejo_clonal = 'nan'; 
INSERT INTO metadata_general(aislado_id, aislado_nombre) VALUES ('1112', 'GAL04-046') ON DUPLICATE KEY UPDATE aislado_nombre = 'GAL04-046'; 
INSERT INTO fenotipo(fenotipo_id, aislado_id, serotipo_invitro) VALUES ('1051', '1112', 'O6') ON DUPLICATE KEY UPDATE serotipo_invitro = 'O6'; 
INSERT INTO secuencia(secuencia_id, aislado_id, complejo_clonal) VALUES ('1112', '1112', 'nan') ON DUPLICATE KEY UPDATE complejo_clonal = 'nan'; 
INSERT INTO metadata_general(aislado_id, aislado_nombre) VALUES ('1113', 'GAL04-039') ON DUPLICATE KEY UPDATE aislado_nombre = 'GAL04-039'; 
INSERT INTO fenotipo(fenotipo_id, aislado_id, serotipo_invitro) VALUES ('1052', '1113', 'O7') ON DUPLICATE KEY UPDATE serotipo_invitro = 'O7'; 
INSERT INTO secuencia(secuencia_id, aislado_id, complejo_clonal) VALUES ('1113', '1113', 'nan') ON DUPLICATE KEY UPDATE complejo_clonal = 'nan'; 
INSERT INTO metadata_general(aislado_id, aislado_nombre) VALUES ('127', 'GAL04-042') ON DUPLICATE KEY UPDATE aislado_nombre = 'GAL04-042'; 
INSERT INTO fenotipo(fenotipo_id, aislado_id, serotipo_invitro) VALUES ('1053', '127', 'O1') ON DUPLICATE KEY UPDATE serotipo_invitro = 'O1'; 
INSERT INTO secuencia(secuencia_id, aislado_id, complejo_clonal) VALUES ('127', '127', 'ST-17') ON DUPLICATE KEY UPDATE complejo_clonal = 'ST-17'; 
INSERT INTO metadata_general(aislado_id, aislado_nombre) VALUES ('1114', 'GAL04-037') ON DUPLICATE KEY UPDATE aislado_nombre = 'GAL04-037'; 
INSERT INTO fenotipo(fenotipo_id, aislado_id, serotipo_invitro) VALUES ('1054', '1114', 'O11') ON DUPLICATE KEY UPDATE serotipo_invitro = 'O11'; 
INSERT INTO secuencia(secuencia_id, aislado_id, complejo_clonal) VALUES ('1114', '1114', 'ST-235') ON DUPLICATE KEY UPDATE complejo_clonal = 'ST-235'; 
INSERT INTO metadata_general(aislado_id, aislado_nombre) VALUES ('126', 'GAL04-041') ON DUPLICATE KEY UPDATE aislado_nombre = 'GAL04-041'; 
INSERT INTO fenotipo(fenotipo_id, aislado_id, serotipo_invitro) VALUES ('1055', '126', 'O11') ON DUPLICATE KEY UPDATE serotipo_invitro = 'O11'; 
INSERT INTO secuencia(secuencia_id, aislado_id, complejo_clonal) VALUES ('126', '126', 'ST-235') ON DUPLICATE KEY UPDATE complejo_clonal = 'ST-235'; 
INSERT INTO metadata_general(aislado_id, aislado_nombre) VALUES ('128', 'GAL04-044') ON DUPLICATE KEY UPDATE aislado_nombre = 'GAL04-044'; 
INSERT INTO fenotipo(fenotipo_id, aislado_id, serotipo_invitro) VALUES ('1056', '128', 'O6') ON DUPLICATE KEY UPDATE serotipo_invitro = 'O6'; 
INSERT INTO secuencia(secuencia_id, aislado_id, complejo_clonal) VALUES ('128', '128', 'ST-649') ON DUPLICATE KEY UPDATE complejo_clonal = 'ST-649'; 
INSERT INTO metadata_general(aislado_id, aislado_nombre) VALUES ('1115', 'GAL05-017') ON DUPLICATE KEY UPDATE aislado_nombre = 'GAL05-017'; 
INSERT INTO fenotipo(fenotipo_id, aislado_id, serotipo_invitro) VALUES ('1057', '1115', 'O11') ON DUPLICATE KEY UPDATE serotipo_invitro = 'O11'; 
INSERT INTO secuencia(secuencia_id, aislado_id, complejo_clonal) VALUES ('1115', '1115', 'nan') ON DUPLICATE KEY UPDATE complejo_clonal = 'nan'; 
INSERT INTO metadata_general(aislado_id, aislado_nombre) VALUES ('1116', 'GAL05-024') ON DUPLICATE KEY UPDATE aislado_nombre = 'GAL05-024'; 
INSERT INTO fenotipo(fenotipo_id, aislado_id, serotipo_invitro) VALUES ('1058', '1116', 'O6') ON DUPLICATE KEY UPDATE serotipo_invitro = 'O6'; 
INSERT INTO secuencia(secuencia_id, aislado_id, complejo_clonal) VALUES ('1116', '1116', 'nan') ON DUPLICATE KEY UPDATE complejo_clonal = 'nan'; 
INSERT INTO metadata_general(aislado_id, aislado_nombre) VALUES ('1117', 'GAL05-004') ON DUPLICATE KEY UPDATE aislado_nombre = 'GAL05-004'; 
INSERT INTO fenotipo(fenotipo_id, aislado_id, serotipo_invitro) VALUES ('1059', '1117', 'O1') ON DUPLICATE KEY UPDATE serotipo_invitro = 'O1'; 
INSERT INTO secuencia(secuencia_id, aislado_id, complejo_clonal) VALUES ('1117', '1117', 'nan') ON DUPLICATE KEY UPDATE complejo_clonal = 'nan'; 
INSERT INTO metadata_general(aislado_id, aislado_nombre) VALUES ('1118', 'GAL05-005') ON DUPLICATE KEY UPDATE aislado_nombre = 'GAL05-005'; 
INSERT INTO fenotipo(fenotipo_id, aislado_id, serotipo_invitro) VALUES ('1060', '1118', 'O1') ON DUPLICATE KEY UPDATE serotipo_invitro = 'O1'; 
INSERT INTO secuencia(secuencia_id, aislado_id, complejo_clonal) VALUES ('1118', '1118', 'nan') ON DUPLICATE KEY UPDATE complejo_clonal = 'nan'; 
INSERT INTO metadata_general(aislado_id, aislado_nombre) VALUES ('1119', 'GAL05-022') ON DUPLICATE KEY UPDATE aislado_nombre = 'GAL05-022'; 
INSERT INTO fenotipo(fenotipo_id, aislado_id, serotipo_invitro) VALUES ('1061', '1119', 'O1') ON DUPLICATE KEY UPDATE serotipo_invitro = 'O1'; 
INSERT INTO secuencia(secuencia_id, aislado_id, complejo_clonal) VALUES ('1119', '1119', 'nan') ON DUPLICATE KEY UPDATE complejo_clonal = 'nan'; 
INSERT INTO metadata_general(aislado_id, aislado_nombre) VALUES ('1120', 'GAL05-025') ON DUPLICATE KEY UPDATE aislado_nombre = 'GAL05-025'; 
INSERT INTO fenotipo(fenotipo_id, aislado_id, serotipo_invitro) VALUES ('1062', '1120', 'O1') ON DUPLICATE KEY UPDATE serotipo_invitro = 'O1'; 
INSERT INTO secuencia(secuencia_id, aislado_id, complejo_clonal) VALUES ('1120', '1120', 'nan') ON DUPLICATE KEY UPDATE complejo_clonal = 'nan'; 
INSERT INTO metadata_general(aislado_id, aislado_nombre) VALUES ('1121', 'GAL05-028') ON DUPLICATE KEY UPDATE aislado_nombre = 'GAL05-028'; 
INSERT INTO fenotipo(fenotipo_id, aislado_id, serotipo_invitro) VALUES ('1063', '1121', 'O1') ON DUPLICATE KEY UPDATE serotipo_invitro = 'O1'; 
INSERT INTO secuencia(secuencia_id, aislado_id, complejo_clonal) VALUES ('1121', '1121', 'nan') ON DUPLICATE KEY UPDATE complejo_clonal = 'nan'; 
INSERT INTO metadata_general(aislado_id, aislado_nombre) VALUES ('1122', 'GAL05-036') ON DUPLICATE KEY UPDATE aislado_nombre = 'GAL05-036'; 
INSERT INTO fenotipo(fenotipo_id, aislado_id, serotipo_invitro) VALUES ('1064', '1122', 'O1') ON DUPLICATE KEY UPDATE serotipo_invitro = 'O1'; 
INSERT INTO secuencia(secuencia_id, aislado_id, complejo_clonal) VALUES ('1122', '1122', 'nan') ON DUPLICATE KEY UPDATE complejo_clonal = 'nan'; 
INSERT INTO metadata_general(aislado_id, aislado_nombre) VALUES ('1123', 'GAL05-002') ON DUPLICATE KEY UPDATE aislado_nombre = 'GAL05-002'; 
INSERT INTO fenotipo(fenotipo_id, aislado_id, serotipo_invitro) VALUES ('1065', '1123', 'O11') ON DUPLICATE KEY UPDATE serotipo_invitro = 'O11'; 
INSERT INTO secuencia(secuencia_id, aislado_id, complejo_clonal) VALUES ('1123', '1123', 'nan') ON DUPLICATE KEY UPDATE complejo_clonal = 'nan'; 
INSERT INTO metadata_general(aislado_id, aislado_nombre) VALUES ('1124', 'GAL05-011') ON DUPLICATE KEY UPDATE aislado_nombre = 'GAL05-011'; 
INSERT INTO fenotipo(fenotipo_id, aislado_id, serotipo_invitro) VALUES ('1066', '1124', 'O11') ON DUPLICATE KEY UPDATE serotipo_invitro = 'O11'; 
INSERT INTO secuencia(secuencia_id, aislado_id, complejo_clonal) VALUES ('1124', '1124', 'nan') ON DUPLICATE KEY UPDATE complejo_clonal = 'nan'; 
INSERT INTO metadata_general(aislado_id, aislado_nombre) VALUES ('1125', 'GAL05-012') ON DUPLICATE KEY UPDATE aislado_nombre = 'GAL05-012'; 
INSERT INTO fenotipo(fenotipo_id, aislado_id, serotipo_invitro) VALUES ('1067', '1125', 'O11') ON DUPLICATE KEY UPDATE serotipo_invitro = 'O11'; 
INSERT INTO secuencia(secuencia_id, aislado_id, complejo_clonal) VALUES ('1125', '1125', 'nan') ON DUPLICATE KEY UPDATE complejo_clonal = 'nan'; 
INSERT INTO metadata_general(aislado_id, aislado_nombre) VALUES ('1126', 'GAL05-015') ON DUPLICATE KEY UPDATE aislado_nombre = 'GAL05-015'; 
INSERT INTO fenotipo(fenotipo_id, aislado_id, serotipo_invitro) VALUES ('1068', '1126', 'O11') ON DUPLICATE KEY UPDATE serotipo_invitro = 'O11'; 
INSERT INTO secuencia(secuencia_id, aislado_id, complejo_clonal) VALUES ('1126', '1126', 'nan') ON DUPLICATE KEY UPDATE complejo_clonal = 'nan'; 
INSERT INTO metadata_general(aislado_id, aislado_nombre) VALUES ('1127', 'GAL05-016') ON DUPLICATE KEY UPDATE aislado_nombre = 'GAL05-016'; 
INSERT INTO fenotipo(fenotipo_id, aislado_id, serotipo_invitro) VALUES ('1069', '1127', 'O11') ON DUPLICATE KEY UPDATE serotipo_invitro = 'O11'; 
INSERT INTO secuencia(secuencia_id, aislado_id, complejo_clonal) VALUES ('1127', '1127', 'nan') ON DUPLICATE KEY UPDATE complejo_clonal = 'nan'; 
INSERT INTO metadata_general(aislado_id, aislado_nombre) VALUES ('1128', 'GAL05-021') ON DUPLICATE KEY UPDATE aislado_nombre = 'GAL05-021'; 
INSERT INTO fenotipo(fenotipo_id, aislado_id, serotipo_invitro) VALUES ('1070', '1128', 'O11') ON DUPLICATE KEY UPDATE serotipo_invitro = 'O11'; 
INSERT INTO secuencia(secuencia_id, aislado_id, complejo_clonal) VALUES ('1128', '1128', 'nan') ON DUPLICATE KEY UPDATE complejo_clonal = 'nan'; 
INSERT INTO metadata_general(aislado_id, aislado_nombre) VALUES ('1129', 'GAL05-027') ON DUPLICATE KEY UPDATE aislado_nombre = 'GAL05-027'; 
INSERT INTO fenotipo(fenotipo_id, aislado_id, serotipo_invitro) VALUES ('1071', '1129', 'O11') ON DUPLICATE KEY UPDATE serotipo_invitro = 'O11'; 
INSERT INTO secuencia(secuencia_id, aislado_id, complejo_clonal) VALUES ('1129', '1129', 'nan') ON DUPLICATE KEY UPDATE complejo_clonal = 'nan'; 
INSERT INTO metadata_general(aislado_id, aislado_nombre) VALUES ('1130', 'GAL05-034') ON DUPLICATE KEY UPDATE aislado_nombre = 'GAL05-034'; 
INSERT INTO fenotipo(fenotipo_id, aislado_id, serotipo_invitro) VALUES ('1072', '1130', 'O11') ON DUPLICATE KEY UPDATE serotipo_invitro = 'O11'; 
INSERT INTO secuencia(secuencia_id, aislado_id, complejo_clonal) VALUES ('1130', '1130', 'nan') ON DUPLICATE KEY UPDATE complejo_clonal = 'nan'; 
INSERT INTO metadata_general(aislado_id, aislado_nombre) VALUES ('1131', 'GAL05-038') ON DUPLICATE KEY UPDATE aislado_nombre = 'GAL05-038'; 
INSERT INTO fenotipo(fenotipo_id, aislado_id, serotipo_invitro) VALUES ('1073', '1131', 'O11') ON DUPLICATE KEY UPDATE serotipo_invitro = 'O11'; 
INSERT INTO secuencia(secuencia_id, aislado_id, complejo_clonal) VALUES ('1131', '1131', 'nan') ON DUPLICATE KEY UPDATE complejo_clonal = 'nan'; 
INSERT INTO metadata_general(aislado_id, aislado_nombre) VALUES ('1132', 'GAL05-037') ON DUPLICATE KEY UPDATE aislado_nombre = 'GAL05-037'; 
INSERT INTO fenotipo(fenotipo_id, aislado_id, serotipo_invitro) VALUES ('1074', '1132', 'O4') ON DUPLICATE KEY UPDATE serotipo_invitro = 'O4'; 
INSERT INTO secuencia(secuencia_id, aislado_id, complejo_clonal) VALUES ('1132', '1132', 'nan') ON DUPLICATE KEY UPDATE complejo_clonal = 'nan'; 
INSERT INTO metadata_general(aislado_id, aislado_nombre) VALUES ('1133', 'GAL05-039') ON DUPLICATE KEY UPDATE aislado_nombre = 'GAL05-039'; 
INSERT INTO fenotipo(fenotipo_id, aislado_id, serotipo_invitro) VALUES ('1075', '1133', 'O4') ON DUPLICATE KEY UPDATE serotipo_invitro = 'O4'; 
INSERT INTO secuencia(secuencia_id, aislado_id, complejo_clonal) VALUES ('1133', '1133', 'nan') ON DUPLICATE KEY UPDATE complejo_clonal = 'nan'; 
INSERT INTO metadata_general(aislado_id, aislado_nombre) VALUES ('1134', 'GAL05-008') ON DUPLICATE KEY UPDATE aislado_nombre = 'GAL05-008'; 
INSERT INTO fenotipo(fenotipo_id, aislado_id, serotipo_invitro) VALUES ('1076', '1134', 'O6') ON DUPLICATE KEY UPDATE serotipo_invitro = 'O6'; 
INSERT INTO secuencia(secuencia_id, aislado_id, complejo_clonal) VALUES ('1134', '1134', 'nan') ON DUPLICATE KEY UPDATE complejo_clonal = 'nan'; 
INSERT INTO metadata_general(aislado_id, aislado_nombre) VALUES ('1135', 'GAL05-013') ON DUPLICATE KEY UPDATE aislado_nombre = 'GAL05-013'; 
INSERT INTO fenotipo(fenotipo_id, aislado_id, serotipo_invitro) VALUES ('1077', '1135', 'O6') ON DUPLICATE KEY UPDATE serotipo_invitro = 'O6'; 
INSERT INTO secuencia(secuencia_id, aislado_id, complejo_clonal) VALUES ('1135', '1135', 'nan') ON DUPLICATE KEY UPDATE complejo_clonal = 'nan'; 
INSERT INTO metadata_general(aislado_id, aislado_nombre) VALUES ('1136', 'GAL05-023') ON DUPLICATE KEY UPDATE aislado_nombre = 'GAL05-023'; 
INSERT INTO fenotipo(fenotipo_id, aislado_id, serotipo_invitro) VALUES ('1078', '1136', 'O6') ON DUPLICATE KEY UPDATE serotipo_invitro = 'O6'; 
INSERT INTO secuencia(secuencia_id, aislado_id, complejo_clonal) VALUES ('1136', '1136', 'nan') ON DUPLICATE KEY UPDATE complejo_clonal = 'nan'; 
INSERT INTO metadata_general(aislado_id, aislado_nombre) VALUES ('1137', 'GAL05-026') ON DUPLICATE KEY UPDATE aislado_nombre = 'GAL05-026'; 
INSERT INTO fenotipo(fenotipo_id, aislado_id, serotipo_invitro) VALUES ('1079', '1137', 'O6') ON DUPLICATE KEY UPDATE serotipo_invitro = 'O6'; 
INSERT INTO secuencia(secuencia_id, aislado_id, complejo_clonal) VALUES ('1137', '1137', 'nan') ON DUPLICATE KEY UPDATE complejo_clonal = 'nan'; 
INSERT INTO metadata_general(aislado_id, aislado_nombre) VALUES ('1138', 'GAL05-030') ON DUPLICATE KEY UPDATE aislado_nombre = 'GAL05-030'; 
INSERT INTO fenotipo(fenotipo_id, aislado_id, serotipo_invitro) VALUES ('1080', '1138', 'O6') ON DUPLICATE KEY UPDATE serotipo_invitro = 'O6'; 
INSERT INTO secuencia(secuencia_id, aislado_id, complejo_clonal) VALUES ('1138', '1138', 'nan') ON DUPLICATE KEY UPDATE complejo_clonal = 'nan'; 
INSERT INTO metadata_general(aislado_id, aislado_nombre) VALUES ('1139', 'GAL05-029') ON DUPLICATE KEY UPDATE aislado_nombre = 'GAL05-029'; 
INSERT INTO fenotipo(fenotipo_id, aislado_id, serotipo_invitro) VALUES ('1081', '1139', 'O7') ON DUPLICATE KEY UPDATE serotipo_invitro = 'O7'; 
INSERT INTO secuencia(secuencia_id, aislado_id, complejo_clonal) VALUES ('1139', '1139', 'nan') ON DUPLICATE KEY UPDATE complejo_clonal = 'nan'; 
INSERT INTO metadata_general(aislado_id, aislado_nombre) VALUES ('1140', 'GAL05-033') ON DUPLICATE KEY UPDATE aislado_nombre = 'GAL05-033'; 
INSERT INTO fenotipo(fenotipo_id, aislado_id, serotipo_invitro) VALUES ('1082', '1140', 'O7') ON DUPLICATE KEY UPDATE serotipo_invitro = 'O7'; 
INSERT INTO secuencia(secuencia_id, aislado_id, complejo_clonal) VALUES ('1140', '1140', 'nan') ON DUPLICATE KEY UPDATE complejo_clonal = 'nan'; 
INSERT INTO metadata_general(aislado_id, aislado_nombre) VALUES ('1141', 'GAL05-035') ON DUPLICATE KEY UPDATE aislado_nombre = 'GAL05-035'; 
INSERT INTO fenotipo(fenotipo_id, aislado_id, serotipo_invitro) VALUES ('1083', '1141', 'O7') ON DUPLICATE KEY UPDATE serotipo_invitro = 'O7'; 
INSERT INTO secuencia(secuencia_id, aislado_id, complejo_clonal) VALUES ('1141', '1141', 'nan') ON DUPLICATE KEY UPDATE complejo_clonal = 'nan'; 
INSERT INTO metadata_general(aislado_id, aislado_nombre) VALUES ('130', 'GAL05-014') ON DUPLICATE KEY UPDATE aislado_nombre = 'GAL05-014'; 
INSERT INTO fenotipo(fenotipo_id, aislado_id, serotipo_invitro) VALUES ('1084', '130', 'No Aglutina') ON DUPLICATE KEY UPDATE serotipo_invitro = 'No Aglutina'; 
INSERT INTO secuencia(secuencia_id, aislado_id, complejo_clonal) VALUES ('130', '130', 'ST-274') ON DUPLICATE KEY UPDATE complejo_clonal = 'ST-274'; 
INSERT INTO metadata_general(aislado_id, aislado_nombre) VALUES ('129', 'GAL05-003') ON DUPLICATE KEY UPDATE aislado_nombre = 'GAL05-003'; 
INSERT INTO fenotipo(fenotipo_id, aislado_id, serotipo_invitro) VALUES ('1085', '129', 'O11') ON DUPLICATE KEY UPDATE serotipo_invitro = 'O11'; 
INSERT INTO secuencia(secuencia_id, aislado_id, complejo_clonal) VALUES ('129', '129', 'ST-308') ON DUPLICATE KEY UPDATE complejo_clonal = 'ST-308'; 
INSERT INTO metadata_general(aislado_id, aislado_nombre) VALUES ('1142', 'GAL06-003') ON DUPLICATE KEY UPDATE aislado_nombre = 'GAL06-003'; 
INSERT INTO fenotipo(fenotipo_id, aislado_id, serotipo_invitro) VALUES ('1086', '1142', 'O1') ON DUPLICATE KEY UPDATE serotipo_invitro = 'O1'; 
INSERT INTO secuencia(secuencia_id, aislado_id, complejo_clonal) VALUES ('1142', '1142', 'nan') ON DUPLICATE KEY UPDATE complejo_clonal = 'nan'; 
INSERT INTO metadata_general(aislado_id, aislado_nombre) VALUES ('1143', 'GAL06-036') ON DUPLICATE KEY UPDATE aislado_nombre = 'GAL06-036'; 
INSERT INTO fenotipo(fenotipo_id, aislado_id, serotipo_invitro) VALUES ('1087', '1143', 'O1') ON DUPLICATE KEY UPDATE serotipo_invitro = 'O1'; 
INSERT INTO secuencia(secuencia_id, aislado_id, complejo_clonal) VALUES ('1143', '1143', 'nan') ON DUPLICATE KEY UPDATE complejo_clonal = 'nan'; 
INSERT INTO metadata_general(aislado_id, aislado_nombre) VALUES ('1144', 'GAL06-030') ON DUPLICATE KEY UPDATE aislado_nombre = 'GAL06-030'; 
INSERT INTO fenotipo(fenotipo_id, aislado_id, serotipo_invitro) VALUES ('1088', '1144', 'O6') ON DUPLICATE KEY UPDATE serotipo_invitro = 'O6'; 
INSERT INTO secuencia(secuencia_id, aislado_id, complejo_clonal) VALUES ('1144', '1144', 'nan') ON DUPLICATE KEY UPDATE complejo_clonal = 'nan'; 
INSERT INTO metadata_general(aislado_id, aislado_nombre) VALUES ('1145', 'GAL06-001') ON DUPLICATE KEY UPDATE aislado_nombre = 'GAL06-001'; 
INSERT INTO fenotipo(fenotipo_id, aislado_id, serotipo_invitro) VALUES ('1089', '1145', 'No Aglutina') ON DUPLICATE KEY UPDATE serotipo_invitro = 'No Aglutina'; 
INSERT INTO secuencia(secuencia_id, aislado_id, complejo_clonal) VALUES ('1145', '1145', 'nan') ON DUPLICATE KEY UPDATE complejo_clonal = 'nan'; 
INSERT INTO metadata_general(aislado_id, aislado_nombre) VALUES ('1146', 'GAL06-014') ON DUPLICATE KEY UPDATE aislado_nombre = 'GAL06-014'; 
INSERT INTO fenotipo(fenotipo_id, aislado_id, serotipo_invitro) VALUES ('1090', '1146', 'No Aglutina') ON DUPLICATE KEY UPDATE serotipo_invitro = 'No Aglutina'; 
INSERT INTO secuencia(secuencia_id, aislado_id, complejo_clonal) VALUES ('1146', '1146', 'nan') ON DUPLICATE KEY UPDATE complejo_clonal = 'nan'; 
INSERT INTO metadata_general(aislado_id, aislado_nombre) VALUES ('1147', 'GAL06-040') ON DUPLICATE KEY UPDATE aislado_nombre = 'GAL06-040'; 
INSERT INTO fenotipo(fenotipo_id, aislado_id, serotipo_invitro) VALUES ('1091', '1147', 'No Aglutina') ON DUPLICATE KEY UPDATE serotipo_invitro = 'No Aglutina'; 
INSERT INTO secuencia(secuencia_id, aislado_id, complejo_clonal) VALUES ('1147', '1147', 'nan') ON DUPLICATE KEY UPDATE complejo_clonal = 'nan'; 
INSERT INTO metadata_general(aislado_id, aislado_nombre) VALUES ('1148', 'GAL06-009') ON DUPLICATE KEY UPDATE aislado_nombre = 'GAL06-009'; 
INSERT INTO fenotipo(fenotipo_id, aislado_id, serotipo_invitro) VALUES ('1092', '1148', 'O1') ON DUPLICATE KEY UPDATE serotipo_invitro = 'O1'; 
INSERT INTO secuencia(secuencia_id, aislado_id, complejo_clonal) VALUES ('1148', '1148', 'nan') ON DUPLICATE KEY UPDATE complejo_clonal = 'nan'; 
INSERT INTO metadata_general(aislado_id, aislado_nombre) VALUES ('1149', 'GAL06-011') ON DUPLICATE KEY UPDATE aislado_nombre = 'GAL06-011'; 
INSERT INTO fenotipo(fenotipo_id, aislado_id, serotipo_invitro) VALUES ('1093', '1149', 'O1') ON DUPLICATE KEY UPDATE serotipo_invitro = 'O1'; 
INSERT INTO secuencia(secuencia_id, aislado_id, complejo_clonal) VALUES ('1149', '1149', 'nan') ON DUPLICATE KEY UPDATE complejo_clonal = 'nan'; 
INSERT INTO metadata_general(aislado_id, aislado_nombre) VALUES ('1150', 'GAL06-013') ON DUPLICATE KEY UPDATE aislado_nombre = 'GAL06-013'; 
INSERT INTO fenotipo(fenotipo_id, aislado_id, serotipo_invitro) VALUES ('1094', '1150', 'O1') ON DUPLICATE KEY UPDATE serotipo_invitro = 'O1'; 
INSERT INTO secuencia(secuencia_id, aislado_id, complejo_clonal) VALUES ('1150', '1150', 'nan') ON DUPLICATE KEY UPDATE complejo_clonal = 'nan'; 
INSERT INTO metadata_general(aislado_id, aislado_nombre) VALUES ('1151', 'GAL06-029') ON DUPLICATE KEY UPDATE aislado_nombre = 'GAL06-029'; 
INSERT INTO fenotipo(fenotipo_id, aislado_id, serotipo_invitro) VALUES ('1095', '1151', 'O1') ON DUPLICATE KEY UPDATE serotipo_invitro = 'O1'; 
INSERT INTO secuencia(secuencia_id, aislado_id, complejo_clonal) VALUES ('1151', '1151', 'nan') ON DUPLICATE KEY UPDATE complejo_clonal = 'nan'; 
INSERT INTO metadata_general(aislado_id, aislado_nombre) VALUES ('1152', 'GAL06-035') ON DUPLICATE KEY UPDATE aislado_nombre = 'GAL06-035'; 
INSERT INTO fenotipo(fenotipo_id, aislado_id, serotipo_invitro) VALUES ('1096', '1152', 'O1') ON DUPLICATE KEY UPDATE serotipo_invitro = 'O1'; 
INSERT INTO secuencia(secuencia_id, aislado_id, complejo_clonal) VALUES ('1152', '1152', 'nan') ON DUPLICATE KEY UPDATE complejo_clonal = 'nan'; 
INSERT INTO metadata_general(aislado_id, aislado_nombre) VALUES ('1153', 'GAL06-039') ON DUPLICATE KEY UPDATE aislado_nombre = 'GAL06-039'; 
INSERT INTO fenotipo(fenotipo_id, aislado_id, serotipo_invitro) VALUES ('1097', '1153', 'O1') ON DUPLICATE KEY UPDATE serotipo_invitro = 'O1'; 
INSERT INTO secuencia(secuencia_id, aislado_id, complejo_clonal) VALUES ('1153', '1153', 'nan') ON DUPLICATE KEY UPDATE complejo_clonal = 'nan'; 
INSERT INTO metadata_general(aislado_id, aislado_nombre) VALUES ('1154', 'GAL06-005') ON DUPLICATE KEY UPDATE aislado_nombre = 'GAL06-005'; 
INSERT INTO fenotipo(fenotipo_id, aislado_id, serotipo_invitro) VALUES ('1098', '1154', 'O3') ON DUPLICATE KEY UPDATE serotipo_invitro = 'O3'; 
INSERT INTO secuencia(secuencia_id, aislado_id, complejo_clonal) VALUES ('1154', '1154', 'nan') ON DUPLICATE KEY UPDATE complejo_clonal = 'nan'; 
INSERT INTO metadata_general(aislado_id, aislado_nombre) VALUES ('1155', 'GAL06-025') ON DUPLICATE KEY UPDATE aislado_nombre = 'GAL06-025'; 
INSERT INTO fenotipo(fenotipo_id, aislado_id, serotipo_invitro) VALUES ('1099', '1155', 'O3') ON DUPLICATE KEY UPDATE serotipo_invitro = 'O3'; 
INSERT INTO secuencia(secuencia_id, aislado_id, complejo_clonal) VALUES ('1155', '1155', 'nan') ON DUPLICATE KEY UPDATE complejo_clonal = 'nan'; 
INSERT INTO metadata_general(aislado_id, aislado_nombre) VALUES ('1156', 'GAL06-031') ON DUPLICATE KEY UPDATE aislado_nombre = 'GAL06-031'; 
INSERT INTO fenotipo(fenotipo_id, aislado_id, serotipo_invitro) VALUES ('1100', '1156', 'O5') ON DUPLICATE KEY UPDATE serotipo_invitro = 'O5'; 
INSERT INTO secuencia(secuencia_id, aislado_id, complejo_clonal) VALUES ('1156', '1156', 'nan') ON DUPLICATE KEY UPDATE complejo_clonal = 'nan'; 
INSERT INTO metadata_general(aislado_id, aislado_nombre) VALUES ('1157', 'GAL06-016') ON DUPLICATE KEY UPDATE aislado_nombre = 'GAL06-016'; 
INSERT INTO fenotipo(fenotipo_id, aislado_id, serotipo_invitro) VALUES ('1101', '1157', 'O6') ON DUPLICATE KEY UPDATE serotipo_invitro = 'O6'; 
INSERT INTO secuencia(secuencia_id, aislado_id, complejo_clonal) VALUES ('1157', '1157', 'nan') ON DUPLICATE KEY UPDATE complejo_clonal = 'nan'; 
INSERT INTO metadata_general(aislado_id, aislado_nombre) VALUES ('1158', 'GAL06-019') ON DUPLICATE KEY UPDATE aislado_nombre = 'GAL06-019'; 
INSERT INTO fenotipo(fenotipo_id, aislado_id, serotipo_invitro) VALUES ('1102', '1158', 'O6') ON DUPLICATE KEY UPDATE serotipo_invitro = 'O6'; 
INSERT INTO secuencia(secuencia_id, aislado_id, complejo_clonal) VALUES ('1158', '1158', 'nan') ON DUPLICATE KEY UPDATE complejo_clonal = 'nan'; 
INSERT INTO metadata_general(aislado_id, aislado_nombre) VALUES ('1159', 'GAL06-021') ON DUPLICATE KEY UPDATE aislado_nombre = 'GAL06-021'; 
INSERT INTO fenotipo(fenotipo_id, aislado_id, serotipo_invitro) VALUES ('1103', '1159', 'O6') ON DUPLICATE KEY UPDATE serotipo_invitro = 'O6'; 
INSERT INTO secuencia(secuencia_id, aislado_id, complejo_clonal) VALUES ('1159', '1159', 'nan') ON DUPLICATE KEY UPDATE complejo_clonal = 'nan'; 
INSERT INTO metadata_general(aislado_id, aislado_nombre) VALUES ('1160', 'GAL06-037') ON DUPLICATE KEY UPDATE aislado_nombre = 'GAL06-037'; 
INSERT INTO fenotipo(fenotipo_id, aislado_id, serotipo_invitro) VALUES ('1104', '1160', 'O6') ON DUPLICATE KEY UPDATE serotipo_invitro = 'O6'; 
INSERT INTO secuencia(secuencia_id, aislado_id, complejo_clonal) VALUES ('1160', '1160', 'nan') ON DUPLICATE KEY UPDATE complejo_clonal = 'nan'; 
INSERT INTO metadata_general(aislado_id, aislado_nombre) VALUES ('137', 'GAL06-038') ON DUPLICATE KEY UPDATE aislado_nombre = 'GAL06-038'; 
INSERT INTO fenotipo(fenotipo_id, aislado_id, serotipo_invitro) VALUES ('1105', '137', 'No aglutina') ON DUPLICATE KEY UPDATE serotipo_invitro = 'No aglutina'; 
INSERT INTO secuencia(secuencia_id, aislado_id, complejo_clonal) VALUES ('137', '137', 'ST-2223') ON DUPLICATE KEY UPDATE complejo_clonal = 'ST-2223'; 
INSERT INTO metadata_general(aislado_id, aislado_nombre) VALUES ('131', 'GAL06-002') ON DUPLICATE KEY UPDATE aislado_nombre = 'GAL06-002'; 
INSERT INTO fenotipo(fenotipo_id, aislado_id, serotipo_invitro) VALUES ('1106', '131', 'O11') ON DUPLICATE KEY UPDATE serotipo_invitro = 'O11'; 
INSERT INTO secuencia(secuencia_id, aislado_id, complejo_clonal) VALUES ('131', '131', 'ST-2223') ON DUPLICATE KEY UPDATE complejo_clonal = 'ST-2223'; 
INSERT INTO metadata_general(aislado_id, aislado_nombre) VALUES ('133', 'GAL06-007') ON DUPLICATE KEY UPDATE aislado_nombre = 'GAL06-007'; 
INSERT INTO fenotipo(fenotipo_id, aislado_id, serotipo_invitro) VALUES ('1107', '133', 'O11') ON DUPLICATE KEY UPDATE serotipo_invitro = 'O11'; 
INSERT INTO secuencia(secuencia_id, aislado_id, complejo_clonal) VALUES ('133', '133', 'ST-2223') ON DUPLICATE KEY UPDATE complejo_clonal = 'ST-2223'; 
INSERT INTO metadata_general(aislado_id, aislado_nombre) VALUES ('1161', 'GAL06-026') ON DUPLICATE KEY UPDATE aislado_nombre = 'GAL06-026'; 
INSERT INTO fenotipo(fenotipo_id, aislado_id, serotipo_invitro) VALUES ('1108', '1161', 'O11') ON DUPLICATE KEY UPDATE serotipo_invitro = 'O11'; 
INSERT INTO secuencia(secuencia_id, aislado_id, complejo_clonal) VALUES ('1161', '1161', 'ST-2223') ON DUPLICATE KEY UPDATE complejo_clonal = 'ST-2223'; 
INSERT INTO metadata_general(aislado_id, aislado_nombre) VALUES ('1162', 'GAL06-028') ON DUPLICATE KEY UPDATE aislado_nombre = 'GAL06-028'; 
INSERT INTO fenotipo(fenotipo_id, aislado_id, serotipo_invitro) VALUES ('1109', '1162', 'O11') ON DUPLICATE KEY UPDATE serotipo_invitro = 'O11'; 
INSERT INTO secuencia(secuencia_id, aislado_id, complejo_clonal) VALUES ('1162', '1162', 'ST-2223') ON DUPLICATE KEY UPDATE complejo_clonal = 'ST-2223'; 
INSERT INTO metadata_general(aislado_id, aislado_nombre) VALUES ('136', 'GAL06-034') ON DUPLICATE KEY UPDATE aislado_nombre = 'GAL06-034'; 
INSERT INTO fenotipo(fenotipo_id, aislado_id, serotipo_invitro) VALUES ('1110', '136', 'O11') ON DUPLICATE KEY UPDATE serotipo_invitro = 'O11'; 
INSERT INTO secuencia(secuencia_id, aislado_id, complejo_clonal) VALUES ('136', '136', 'ST-3195') ON DUPLICATE KEY UPDATE complejo_clonal = 'ST-3195'; 
INSERT INTO metadata_general(aislado_id, aislado_nombre) VALUES ('132', 'GAL06-004') ON DUPLICATE KEY UPDATE aislado_nombre = 'GAL06-004'; 
INSERT INTO fenotipo(fenotipo_id, aislado_id, serotipo_invitro) VALUES ('1111', '132', 'O3') ON DUPLICATE KEY UPDATE serotipo_invitro = 'O3'; 
INSERT INTO secuencia(secuencia_id, aislado_id, complejo_clonal) VALUES ('132', '132', 'ST-3196') ON DUPLICATE KEY UPDATE complejo_clonal = 'ST-3196'; 
INSERT INTO metadata_general(aislado_id, aislado_nombre) VALUES ('134', 'GAL06-015') ON DUPLICATE KEY UPDATE aislado_nombre = 'GAL06-015'; 
INSERT INTO fenotipo(fenotipo_id, aislado_id, serotipo_invitro) VALUES ('1112', '134', 'O4') ON DUPLICATE KEY UPDATE serotipo_invitro = 'O4'; 
INSERT INTO secuencia(secuencia_id, aislado_id, complejo_clonal) VALUES ('134', '134', 'ST-175') ON DUPLICATE KEY UPDATE complejo_clonal = 'ST-175'; 
INSERT INTO metadata_general(aislado_id, aislado_nombre) VALUES ('1163', 'GAL06-022') ON DUPLICATE KEY UPDATE aislado_nombre = 'GAL06-022'; 
INSERT INTO fenotipo(fenotipo_id, aislado_id, serotipo_invitro) VALUES ('1113', '1163', 'O4') ON DUPLICATE KEY UPDATE serotipo_invitro = 'O4'; 
INSERT INTO secuencia(secuencia_id, aislado_id, complejo_clonal) VALUES ('1163', '1163', 'ST-175') ON DUPLICATE KEY UPDATE complejo_clonal = 'ST-175'; 
INSERT INTO metadata_general(aislado_id, aislado_nombre) VALUES ('1164', 'GAL06-032') ON DUPLICATE KEY UPDATE aislado_nombre = 'GAL06-032'; 
INSERT INTO fenotipo(fenotipo_id, aislado_id, serotipo_invitro) VALUES ('1114', '1164', 'O4') ON DUPLICATE KEY UPDATE serotipo_invitro = 'O4'; 
INSERT INTO secuencia(secuencia_id, aislado_id, complejo_clonal) VALUES ('1164', '1164', 'ST-175') ON DUPLICATE KEY UPDATE complejo_clonal = 'ST-175'; 
INSERT INTO metadata_general(aislado_id, aislado_nombre) VALUES ('135', 'GAL06-033') ON DUPLICATE KEY UPDATE aislado_nombre = 'GAL06-033'; 
INSERT INTO fenotipo(fenotipo_id, aislado_id, serotipo_invitro) VALUES ('1115', '135', 'No aglutina') ON DUPLICATE KEY UPDATE serotipo_invitro = 'No aglutina'; 
INSERT INTO secuencia(secuencia_id, aislado_id, complejo_clonal) VALUES ('135', '135', 'ST-2223') ON DUPLICATE KEY UPDATE complejo_clonal = 'ST-2223'; 
INSERT INTO metadata_general(aislado_id, aislado_nombre) VALUES ('1165', 'ICA01-035') ON DUPLICATE KEY UPDATE aislado_nombre = 'ICA01-035'; 
INSERT INTO fenotipo(fenotipo_id, aislado_id, serotipo_invitro) VALUES ('1116', '1165', 'O15') ON DUPLICATE KEY UPDATE serotipo_invitro = 'O15'; 
INSERT INTO secuencia(secuencia_id, aislado_id, complejo_clonal) VALUES ('1165', '1165', 'nan') ON DUPLICATE KEY UPDATE complejo_clonal = 'nan'; 
INSERT INTO metadata_general(aislado_id, aislado_nombre) VALUES ('1166', 'ICA01-011') ON DUPLICATE KEY UPDATE aislado_nombre = 'ICA01-011'; 
INSERT INTO fenotipo(fenotipo_id, aislado_id, serotipo_invitro) VALUES ('1117', '1166', 'O5+O8') ON DUPLICATE KEY UPDATE serotipo_invitro = 'O5+O8'; 
INSERT INTO secuencia(secuencia_id, aislado_id, complejo_clonal) VALUES ('1166', '1166', 'nan') ON DUPLICATE KEY UPDATE complejo_clonal = 'nan'; 
INSERT INTO metadata_general(aislado_id, aislado_nombre) VALUES ('1167', 'ICA01-003') ON DUPLICATE KEY UPDATE aislado_nombre = 'ICA01-003'; 
INSERT INTO fenotipo(fenotipo_id, aislado_id, serotipo_invitro) VALUES ('1118', '1167', 'No Aglutina') ON DUPLICATE KEY UPDATE serotipo_invitro = 'No Aglutina'; 
INSERT INTO secuencia(secuencia_id, aislado_id, complejo_clonal) VALUES ('1167', '1167', 'nan') ON DUPLICATE KEY UPDATE complejo_clonal = 'nan'; 
INSERT INTO metadata_general(aislado_id, aislado_nombre) VALUES ('1168', 'ICA01-010') ON DUPLICATE KEY UPDATE aislado_nombre = 'ICA01-010'; 
INSERT INTO fenotipo(fenotipo_id, aislado_id, serotipo_invitro) VALUES ('1119', '1168', 'No Aglutina') ON DUPLICATE KEY UPDATE serotipo_invitro = 'No Aglutina'; 
INSERT INTO secuencia(secuencia_id, aislado_id, complejo_clonal) VALUES ('1168', '1168', 'nan') ON DUPLICATE KEY UPDATE complejo_clonal = 'nan'; 
INSERT INTO metadata_general(aislado_id, aislado_nombre) VALUES ('1169', 'ICA01-006') ON DUPLICATE KEY UPDATE aislado_nombre = 'ICA01-006'; 
INSERT INTO fenotipo(fenotipo_id, aislado_id, serotipo_invitro) VALUES ('1120', '1169', 'O1') ON DUPLICATE KEY UPDATE serotipo_invitro = 'O1'; 
INSERT INTO secuencia(secuencia_id, aislado_id, complejo_clonal) VALUES ('1169', '1169', 'nan') ON DUPLICATE KEY UPDATE complejo_clonal = 'nan'; 
INSERT INTO metadata_general(aislado_id, aislado_nombre) VALUES ('1170', 'ICA01-016') ON DUPLICATE KEY UPDATE aislado_nombre = 'ICA01-016'; 
INSERT INTO fenotipo(fenotipo_id, aislado_id, serotipo_invitro) VALUES ('1121', '1170', 'O1') ON DUPLICATE KEY UPDATE serotipo_invitro = 'O1'; 
INSERT INTO secuencia(secuencia_id, aislado_id, complejo_clonal) VALUES ('1170', '1170', 'nan') ON DUPLICATE KEY UPDATE complejo_clonal = 'nan'; 
INSERT INTO metadata_general(aislado_id, aislado_nombre) VALUES ('1171', 'ICA01-020') ON DUPLICATE KEY UPDATE aislado_nombre = 'ICA01-020'; 
INSERT INTO fenotipo(fenotipo_id, aislado_id, serotipo_invitro) VALUES ('1122', '1171', 'O1') ON DUPLICATE KEY UPDATE serotipo_invitro = 'O1'; 
INSERT INTO secuencia(secuencia_id, aislado_id, complejo_clonal) VALUES ('1171', '1171', 'nan') ON DUPLICATE KEY UPDATE complejo_clonal = 'nan'; 
INSERT INTO metadata_general(aislado_id, aislado_nombre) VALUES ('1172', 'ICA01-027') ON DUPLICATE KEY UPDATE aislado_nombre = 'ICA01-027'; 
INSERT INTO fenotipo(fenotipo_id, aislado_id, serotipo_invitro) VALUES ('1123', '1172', 'O11') ON DUPLICATE KEY UPDATE serotipo_invitro = 'O11'; 
INSERT INTO secuencia(secuencia_id, aislado_id, complejo_clonal) VALUES ('1172', '1172', 'nan') ON DUPLICATE KEY UPDATE complejo_clonal = 'nan'; 
INSERT INTO metadata_general(aislado_id, aislado_nombre) VALUES ('1173', 'ICA01-038') ON DUPLICATE KEY UPDATE aislado_nombre = 'ICA01-038'; 
INSERT INTO fenotipo(fenotipo_id, aislado_id, serotipo_invitro) VALUES ('1124', '1173', 'O11') ON DUPLICATE KEY UPDATE serotipo_invitro = 'O11'; 
INSERT INTO secuencia(secuencia_id, aislado_id, complejo_clonal) VALUES ('1173', '1173', 'nan') ON DUPLICATE KEY UPDATE complejo_clonal = 'nan'; 
INSERT INTO metadata_general(aislado_id, aislado_nombre) VALUES ('1174', 'ICA01-009') ON DUPLICATE KEY UPDATE aislado_nombre = 'ICA01-009'; 
INSERT INTO fenotipo(fenotipo_id, aislado_id, serotipo_invitro) VALUES ('1125', '1174', 'O12') ON DUPLICATE KEY UPDATE serotipo_invitro = 'O12'; 
INSERT INTO secuencia(secuencia_id, aislado_id, complejo_clonal) VALUES ('1174', '1174', 'nan') ON DUPLICATE KEY UPDATE complejo_clonal = 'nan'; 
INSERT INTO metadata_general(aislado_id, aislado_nombre) VALUES ('1175', 'ICA01-002') ON DUPLICATE KEY UPDATE aislado_nombre = 'ICA01-002'; 
INSERT INTO fenotipo(fenotipo_id, aislado_id, serotipo_invitro) VALUES ('1126', '1175', 'O2') ON DUPLICATE KEY UPDATE serotipo_invitro = 'O2'; 
INSERT INTO secuencia(secuencia_id, aislado_id, complejo_clonal) VALUES ('1175', '1175', 'nan') ON DUPLICATE KEY UPDATE complejo_clonal = 'nan'; 
INSERT INTO metadata_general(aislado_id, aislado_nombre) VALUES ('1176', 'ICA01-015') ON DUPLICATE KEY UPDATE aislado_nombre = 'ICA01-015'; 
INSERT INTO fenotipo(fenotipo_id, aislado_id, serotipo_invitro) VALUES ('1127', '1176', 'O2') ON DUPLICATE KEY UPDATE serotipo_invitro = 'O2'; 
INSERT INTO secuencia(secuencia_id, aislado_id, complejo_clonal) VALUES ('1176', '1176', 'nan') ON DUPLICATE KEY UPDATE complejo_clonal = 'nan'; 
INSERT INTO metadata_general(aislado_id, aislado_nombre) VALUES ('1177', 'ICA01-033') ON DUPLICATE KEY UPDATE aislado_nombre = 'ICA01-033'; 
INSERT INTO fenotipo(fenotipo_id, aislado_id, serotipo_invitro) VALUES ('1128', '1177', 'O2+O3') ON DUPLICATE KEY UPDATE serotipo_invitro = 'O2+O3'; 
INSERT INTO secuencia(secuencia_id, aislado_id, complejo_clonal) VALUES ('1177', '1177', 'nan') ON DUPLICATE KEY UPDATE complejo_clonal = 'nan'; 
INSERT INTO metadata_general(aislado_id, aislado_nombre) VALUES ('1178', 'ICA01-021') ON DUPLICATE KEY UPDATE aislado_nombre = 'ICA01-021'; 
INSERT INTO fenotipo(fenotipo_id, aislado_id, serotipo_invitro) VALUES ('1129', '1178', 'O3') ON DUPLICATE KEY UPDATE serotipo_invitro = 'O3'; 
INSERT INTO secuencia(secuencia_id, aislado_id, complejo_clonal) VALUES ('1178', '1178', 'nan') ON DUPLICATE KEY UPDATE complejo_clonal = 'nan'; 
INSERT INTO metadata_general(aislado_id, aislado_nombre) VALUES ('1179', 'ICA01-004') ON DUPLICATE KEY UPDATE aislado_nombre = 'ICA01-004'; 
INSERT INTO fenotipo(fenotipo_id, aislado_id, serotipo_invitro) VALUES ('1130', '1179', 'O4') ON DUPLICATE KEY UPDATE serotipo_invitro = 'O4'; 
INSERT INTO secuencia(secuencia_id, aislado_id, complejo_clonal) VALUES ('1179', '1179', 'ST-698') ON DUPLICATE KEY UPDATE complejo_clonal = 'ST-698'; 
INSERT INTO metadata_general(aislado_id, aislado_nombre) VALUES ('1180', 'ICA01-012') ON DUPLICATE KEY UPDATE aislado_nombre = 'ICA01-012'; 
INSERT INTO fenotipo(fenotipo_id, aislado_id, serotipo_invitro) VALUES ('1131', '1180', 'O5') ON DUPLICATE KEY UPDATE serotipo_invitro = 'O5'; 
INSERT INTO secuencia(secuencia_id, aislado_id, complejo_clonal) VALUES ('1180', '1180', 'nan') ON DUPLICATE KEY UPDATE complejo_clonal = 'nan'; 
INSERT INTO metadata_general(aislado_id, aislado_nombre) VALUES ('1181', 'ICA01-022') ON DUPLICATE KEY UPDATE aislado_nombre = 'ICA01-022'; 
INSERT INTO fenotipo(fenotipo_id, aislado_id, serotipo_invitro) VALUES ('1132', '1181', 'O5') ON DUPLICATE KEY UPDATE serotipo_invitro = 'O5'; 
INSERT INTO secuencia(secuencia_id, aislado_id, complejo_clonal) VALUES ('1181', '1181', 'nan') ON DUPLICATE KEY UPDATE complejo_clonal = 'nan'; 
INSERT INTO metadata_general(aislado_id, aislado_nombre) VALUES ('1182', 'ICA01-028') ON DUPLICATE KEY UPDATE aislado_nombre = 'ICA01-028'; 
INSERT INTO fenotipo(fenotipo_id, aislado_id, serotipo_invitro) VALUES ('1133', '1182', 'O5') ON DUPLICATE KEY UPDATE serotipo_invitro = 'O5'; 
INSERT INTO secuencia(secuencia_id, aislado_id, complejo_clonal) VALUES ('1182', '1182', 'nan') ON DUPLICATE KEY UPDATE complejo_clonal = 'nan'; 
INSERT INTO metadata_general(aislado_id, aislado_nombre) VALUES ('1183', 'ICA01-017') ON DUPLICATE KEY UPDATE aislado_nombre = 'ICA01-017'; 
INSERT INTO fenotipo(fenotipo_id, aislado_id, serotipo_invitro) VALUES ('1134', '1183', 'O6') ON DUPLICATE KEY UPDATE serotipo_invitro = 'O6'; 
INSERT INTO secuencia(secuencia_id, aislado_id, complejo_clonal) VALUES ('1183', '1183', 'nan') ON DUPLICATE KEY UPDATE complejo_clonal = 'nan'; 
INSERT INTO metadata_general(aislado_id, aislado_nombre) VALUES ('1184', 'ICA01-039') ON DUPLICATE KEY UPDATE aislado_nombre = 'ICA01-039'; 
INSERT INTO fenotipo(fenotipo_id, aislado_id, serotipo_invitro) VALUES ('1135', '1184', 'O6') ON DUPLICATE KEY UPDATE serotipo_invitro = 'O6'; 
INSERT INTO secuencia(secuencia_id, aislado_id, complejo_clonal) VALUES ('1184', '1184', 'nan') ON DUPLICATE KEY UPDATE complejo_clonal = 'nan'; 
INSERT INTO metadata_general(aislado_id, aislado_nombre) VALUES ('1185', 'ICA01-007') ON DUPLICATE KEY UPDATE aislado_nombre = 'ICA01-007'; 
INSERT INTO fenotipo(fenotipo_id, aislado_id, serotipo_invitro) VALUES ('1136', '1185', 'O7') ON DUPLICATE KEY UPDATE serotipo_invitro = 'O7'; 
INSERT INTO secuencia(secuencia_id, aislado_id, complejo_clonal) VALUES ('1185', '1185', 'nan') ON DUPLICATE KEY UPDATE complejo_clonal = 'nan'; 
INSERT INTO metadata_general(aislado_id, aislado_nombre) VALUES ('1186', 'ICA01-014') ON DUPLICATE KEY UPDATE aislado_nombre = 'ICA01-014'; 
INSERT INTO fenotipo(fenotipo_id, aislado_id, serotipo_invitro) VALUES ('1137', '1186', 'O7') ON DUPLICATE KEY UPDATE serotipo_invitro = 'O7'; 
INSERT INTO secuencia(secuencia_id, aislado_id, complejo_clonal) VALUES ('1186', '1186', 'nan') ON DUPLICATE KEY UPDATE complejo_clonal = 'nan'; 
INSERT INTO metadata_general(aislado_id, aislado_nombre) VALUES ('1187', 'ICA01-008') ON DUPLICATE KEY UPDATE aislado_nombre = 'ICA01-008'; 
INSERT INTO fenotipo(fenotipo_id, aislado_id, serotipo_invitro) VALUES ('1138', '1187', 'O8') ON DUPLICATE KEY UPDATE serotipo_invitro = 'O8'; 
INSERT INTO secuencia(secuencia_id, aislado_id, complejo_clonal) VALUES ('1187', '1187', 'nan') ON DUPLICATE KEY UPDATE complejo_clonal = 'nan'; 
INSERT INTO metadata_general(aislado_id, aislado_nombre) VALUES ('141', 'ICA01-031') ON DUPLICATE KEY UPDATE aislado_nombre = 'ICA01-031'; 
INSERT INTO fenotipo(fenotipo_id, aislado_id, serotipo_invitro) VALUES ('1139', '141', 'No Aglutina') ON DUPLICATE KEY UPDATE serotipo_invitro = 'No Aglutina'; 
INSERT INTO secuencia(secuencia_id, aislado_id, complejo_clonal) VALUES ('141', '141', 'ST-175') ON DUPLICATE KEY UPDATE complejo_clonal = 'ST-175'; 
INSERT INTO metadata_general(aislado_id, aislado_nombre) VALUES ('140', 'ICA01-030') ON DUPLICATE KEY UPDATE aislado_nombre = 'ICA01-030'; 
INSERT INTO fenotipo(fenotipo_id, aislado_id, serotipo_invitro) VALUES ('1140', '140', 'No aglutina (O1* dbil)') ON DUPLICATE KEY UPDATE serotipo_invitro = 'No aglutina (O1* dbil)'; 
INSERT INTO secuencia(secuencia_id, aislado_id, complejo_clonal) VALUES ('140', '140', 'ST-175') ON DUPLICATE KEY UPDATE complejo_clonal = 'ST-175'; 
INSERT INTO metadata_general(aislado_id, aislado_nombre) VALUES ('138', 'ICA01-001') ON DUPLICATE KEY UPDATE aislado_nombre = 'ICA01-001'; 
INSERT INTO fenotipo(fenotipo_id, aislado_id, serotipo_invitro) VALUES ('1141', '138', 'O11') ON DUPLICATE KEY UPDATE serotipo_invitro = 'O11'; 
INSERT INTO secuencia(secuencia_id, aislado_id, complejo_clonal) VALUES ('138', '138', 'ST-308') ON DUPLICATE KEY UPDATE complejo_clonal = 'ST-308'; 
INSERT INTO metadata_general(aislado_id, aislado_nombre) VALUES ('142', 'ICA01-034') ON DUPLICATE KEY UPDATE aislado_nombre = 'ICA01-034'; 
INSERT INTO fenotipo(fenotipo_id, aislado_id, serotipo_invitro) VALUES ('1142', '142', 'No aglutina (O2* dbil)') ON DUPLICATE KEY UPDATE serotipo_invitro = 'No aglutina (O2* dbil)'; 
INSERT INTO secuencia(secuencia_id, aislado_id, complejo_clonal) VALUES ('142', '142', 'ST-261') ON DUPLICATE KEY UPDATE complejo_clonal = 'ST-261'; 
INSERT INTO metadata_general(aislado_id, aislado_nombre) VALUES ('1188', 'ICA01-005') ON DUPLICATE KEY UPDATE aislado_nombre = 'ICA01-005'; 
INSERT INTO fenotipo(fenotipo_id, aislado_id, serotipo_invitro) VALUES ('1143', '1188', 'No Aglutina') ON DUPLICATE KEY UPDATE serotipo_invitro = 'No Aglutina'; 
INSERT INTO secuencia(secuencia_id, aislado_id, complejo_clonal) VALUES ('1188', '1188', 'ST-447') ON DUPLICATE KEY UPDATE complejo_clonal = 'ST-447'; 
INSERT INTO metadata_general(aislado_id, aislado_nombre) VALUES ('139', 'ICA01-013') ON DUPLICATE KEY UPDATE aislado_nombre = 'ICA01-013'; 
INSERT INTO fenotipo(fenotipo_id, aislado_id, serotipo_invitro) VALUES ('1144', '139', 'No aglutina (O5* dbil)') ON DUPLICATE KEY UPDATE serotipo_invitro = 'No aglutina (O5* dbil)'; 
INSERT INTO secuencia(secuencia_id, aislado_id, complejo_clonal) VALUES ('139', '139', 'ST-447') ON DUPLICATE KEY UPDATE complejo_clonal = 'ST-447'; 
INSERT INTO metadata_general(aislado_id, aislado_nombre) VALUES ('1189', 'ICA01-032') ON DUPLICATE KEY UPDATE aislado_nombre = 'ICA01-032'; 
INSERT INTO fenotipo(fenotipo_id, aislado_id, serotipo_invitro) VALUES ('1145', '1189', 'No Aglutina') ON DUPLICATE KEY UPDATE serotipo_invitro = 'No Aglutina'; 
INSERT INTO secuencia(secuencia_id, aislado_id, complejo_clonal) VALUES ('1189', '1189', 'ST-447') ON DUPLICATE KEY UPDATE complejo_clonal = 'ST-447'; 
INSERT INTO metadata_general(aislado_id, aislado_nombre) VALUES ('1190', 'LRJ01-005') ON DUPLICATE KEY UPDATE aislado_nombre = 'LRJ01-005'; 
INSERT INTO fenotipo(fenotipo_id, aislado_id, serotipo_invitro) VALUES ('1146', '1190', 'O4') ON DUPLICATE KEY UPDATE serotipo_invitro = 'O4'; 
INSERT INTO secuencia(secuencia_id, aislado_id, complejo_clonal) VALUES ('1190', '1190', 'nan') ON DUPLICATE KEY UPDATE complejo_clonal = 'nan'; 
INSERT INTO metadata_general(aislado_id, aislado_nombre) VALUES ('1191', 'LRJ01-045') ON DUPLICATE KEY UPDATE aislado_nombre = 'LRJ01-045'; 
INSERT INTO fenotipo(fenotipo_id, aislado_id, serotipo_invitro) VALUES ('1147', '1191', 'O4') ON DUPLICATE KEY UPDATE serotipo_invitro = 'O4'; 
INSERT INTO secuencia(secuencia_id, aislado_id, complejo_clonal) VALUES ('1191', '1191', 'nan') ON DUPLICATE KEY UPDATE complejo_clonal = 'nan'; 
INSERT INTO metadata_general(aislado_id, aislado_nombre) VALUES ('1192', 'LRJ01-009') ON DUPLICATE KEY UPDATE aislado_nombre = 'LRJ01-009'; 
INSERT INTO fenotipo(fenotipo_id, aislado_id, serotipo_invitro) VALUES ('1148', '1192', 'No Aglutina') ON DUPLICATE KEY UPDATE serotipo_invitro = 'No Aglutina'; 
INSERT INTO secuencia(secuencia_id, aislado_id, complejo_clonal) VALUES ('1192', '1192', 'nan') ON DUPLICATE KEY UPDATE complejo_clonal = 'nan'; 
INSERT INTO metadata_general(aislado_id, aislado_nombre) VALUES ('1193', 'LRJ01-002') ON DUPLICATE KEY UPDATE aislado_nombre = 'LRJ01-002'; 
INSERT INTO fenotipo(fenotipo_id, aislado_id, serotipo_invitro) VALUES ('1149', '1193', 'O1') ON DUPLICATE KEY UPDATE serotipo_invitro = 'O1'; 
INSERT INTO secuencia(secuencia_id, aislado_id, complejo_clonal) VALUES ('1193', '1193', 'nan') ON DUPLICATE KEY UPDATE complejo_clonal = 'nan'; 
INSERT INTO metadata_general(aislado_id, aislado_nombre) VALUES ('1194', 'LRJ01-020') ON DUPLICATE KEY UPDATE aislado_nombre = 'LRJ01-020'; 
INSERT INTO fenotipo(fenotipo_id, aislado_id, serotipo_invitro) VALUES ('1150', '1194', 'O1') ON DUPLICATE KEY UPDATE serotipo_invitro = 'O1'; 
INSERT INTO secuencia(secuencia_id, aislado_id, complejo_clonal) VALUES ('1194', '1194', 'nan') ON DUPLICATE KEY UPDATE complejo_clonal = 'nan'; 
INSERT INTO metadata_general(aislado_id, aislado_nombre) VALUES ('1195', 'LRJ01-021') ON DUPLICATE KEY UPDATE aislado_nombre = 'LRJ01-021'; 
INSERT INTO fenotipo(fenotipo_id, aislado_id, serotipo_invitro) VALUES ('1151', '1195', 'O1') ON DUPLICATE KEY UPDATE serotipo_invitro = 'O1'; 
INSERT INTO secuencia(secuencia_id, aislado_id, complejo_clonal) VALUES ('1195', '1195', 'nan') ON DUPLICATE KEY UPDATE complejo_clonal = 'nan'; 
INSERT INTO metadata_general(aislado_id, aislado_nombre) VALUES ('1196', 'LRJ01-036') ON DUPLICATE KEY UPDATE aislado_nombre = 'LRJ01-036'; 
INSERT INTO fenotipo(fenotipo_id, aislado_id, serotipo_invitro) VALUES ('1152', '1196', 'O1') ON DUPLICATE KEY UPDATE serotipo_invitro = 'O1'; 
INSERT INTO secuencia(secuencia_id, aislado_id, complejo_clonal) VALUES ('1196', '1196', 'nan') ON DUPLICATE KEY UPDATE complejo_clonal = 'nan'; 
INSERT INTO metadata_general(aislado_id, aislado_nombre) VALUES ('1197', 'LRJ01-047') ON DUPLICATE KEY UPDATE aislado_nombre = 'LRJ01-047'; 
INSERT INTO fenotipo(fenotipo_id, aislado_id, serotipo_invitro) VALUES ('1153', '1197', 'O1') ON DUPLICATE KEY UPDATE serotipo_invitro = 'O1'; 
INSERT INTO secuencia(secuencia_id, aislado_id, complejo_clonal) VALUES ('1197', '1197', 'nan') ON DUPLICATE KEY UPDATE complejo_clonal = 'nan'; 
INSERT INTO metadata_general(aislado_id, aislado_nombre) VALUES ('1198', 'LRJ01-049') ON DUPLICATE KEY UPDATE aislado_nombre = 'LRJ01-049'; 
INSERT INTO fenotipo(fenotipo_id, aislado_id, serotipo_invitro) VALUES ('1154', '1198', 'O1') ON DUPLICATE KEY UPDATE serotipo_invitro = 'O1'; 
INSERT INTO secuencia(secuencia_id, aislado_id, complejo_clonal) VALUES ('1198', '1198', 'nan') ON DUPLICATE KEY UPDATE complejo_clonal = 'nan'; 
INSERT INTO metadata_general(aislado_id, aislado_nombre) VALUES ('1199', 'LRJ01-053') ON DUPLICATE KEY UPDATE aislado_nombre = 'LRJ01-053'; 
INSERT INTO fenotipo(fenotipo_id, aislado_id, serotipo_invitro) VALUES ('1155', '1199', 'O1') ON DUPLICATE KEY UPDATE serotipo_invitro = 'O1'; 
INSERT INTO secuencia(secuencia_id, aislado_id, complejo_clonal) VALUES ('1199', '1199', 'nan') ON DUPLICATE KEY UPDATE complejo_clonal = 'nan'; 
INSERT INTO metadata_general(aislado_id, aislado_nombre) VALUES ('1200', 'LRJ01-050') ON DUPLICATE KEY UPDATE aislado_nombre = 'LRJ01-050'; 
INSERT INTO fenotipo(fenotipo_id, aislado_id, serotipo_invitro) VALUES ('1156', '1200', 'O11') ON DUPLICATE KEY UPDATE serotipo_invitro = 'O11'; 
INSERT INTO secuencia(secuencia_id, aislado_id, complejo_clonal) VALUES ('1200', '1200', 'nan') ON DUPLICATE KEY UPDATE complejo_clonal = 'nan'; 
INSERT INTO metadata_general(aislado_id, aislado_nombre) VALUES ('1201', 'LRJ01-052') ON DUPLICATE KEY UPDATE aislado_nombre = 'LRJ01-052'; 
INSERT INTO fenotipo(fenotipo_id, aislado_id, serotipo_invitro) VALUES ('1157', '1201', 'O11') ON DUPLICATE KEY UPDATE serotipo_invitro = 'O11'; 
INSERT INTO secuencia(secuencia_id, aislado_id, complejo_clonal) VALUES ('1201', '1201', 'nan') ON DUPLICATE KEY UPDATE complejo_clonal = 'nan'; 
INSERT INTO metadata_general(aislado_id, aislado_nombre) VALUES ('1202', 'LRJ01-054') ON DUPLICATE KEY UPDATE aislado_nombre = 'LRJ01-054'; 
INSERT INTO fenotipo(fenotipo_id, aislado_id, serotipo_invitro) VALUES ('1158', '1202', 'O11') ON DUPLICATE KEY UPDATE serotipo_invitro = 'O11'; 
INSERT INTO secuencia(secuencia_id, aislado_id, complejo_clonal) VALUES ('1202', '1202', 'nan') ON DUPLICATE KEY UPDATE complejo_clonal = 'nan'; 
INSERT INTO metadata_general(aislado_id, aislado_nombre) VALUES ('1203', 'LRJ01-030') ON DUPLICATE KEY UPDATE aislado_nombre = 'LRJ01-030'; 
INSERT INTO fenotipo(fenotipo_id, aislado_id, serotipo_invitro) VALUES ('1159', '1203', 'O15') ON DUPLICATE KEY UPDATE serotipo_invitro = 'O15'; 
INSERT INTO secuencia(secuencia_id, aislado_id, complejo_clonal) VALUES ('1203', '1203', 'nan') ON DUPLICATE KEY UPDATE complejo_clonal = 'nan'; 
INSERT INTO metadata_general(aislado_id, aislado_nombre) VALUES ('1204', 'LRJ01-018') ON DUPLICATE KEY UPDATE aislado_nombre = 'LRJ01-018'; 
INSERT INTO fenotipo(fenotipo_id, aislado_id, serotipo_invitro) VALUES ('1160', '1204', 'O16') ON DUPLICATE KEY UPDATE serotipo_invitro = 'O16'; 
INSERT INTO secuencia(secuencia_id, aislado_id, complejo_clonal) VALUES ('1204', '1204', 'nan') ON DUPLICATE KEY UPDATE complejo_clonal = 'nan'; 
INSERT INTO metadata_general(aislado_id, aislado_nombre) VALUES ('1205', 'LRJ01-013') ON DUPLICATE KEY UPDATE aislado_nombre = 'LRJ01-013'; 
INSERT INTO fenotipo(fenotipo_id, aislado_id, serotipo_invitro) VALUES ('1161', '1205', 'O2') ON DUPLICATE KEY UPDATE serotipo_invitro = 'O2'; 
INSERT INTO secuencia(secuencia_id, aislado_id, complejo_clonal) VALUES ('1205', '1205', 'nan') ON DUPLICATE KEY UPDATE complejo_clonal = 'nan'; 
INSERT INTO metadata_general(aislado_id, aislado_nombre) VALUES ('1206', 'LRJ01-026') ON DUPLICATE KEY UPDATE aislado_nombre = 'LRJ01-026'; 
INSERT INTO fenotipo(fenotipo_id, aislado_id, serotipo_invitro) VALUES ('1162', '1206', 'O2') ON DUPLICATE KEY UPDATE serotipo_invitro = 'O2'; 
INSERT INTO secuencia(secuencia_id, aislado_id, complejo_clonal) VALUES ('1206', '1206', 'nan') ON DUPLICATE KEY UPDATE complejo_clonal = 'nan'; 
INSERT INTO metadata_general(aislado_id, aislado_nombre) VALUES ('1207', 'LRJ01-048') ON DUPLICATE KEY UPDATE aislado_nombre = 'LRJ01-048'; 
INSERT INTO fenotipo(fenotipo_id, aislado_id, serotipo_invitro) VALUES ('1163', '1207', 'O2+O5') ON DUPLICATE KEY UPDATE serotipo_invitro = 'O2+O5'; 
INSERT INTO secuencia(secuencia_id, aislado_id, complejo_clonal) VALUES ('1207', '1207', 'nan') ON DUPLICATE KEY UPDATE complejo_clonal = 'nan'; 
INSERT INTO metadata_general(aislado_id, aislado_nombre) VALUES ('1208', 'LRJ01-012') ON DUPLICATE KEY UPDATE aislado_nombre = 'LRJ01-012'; 
INSERT INTO fenotipo(fenotipo_id, aislado_id, serotipo_invitro) VALUES ('1164', '1208', 'O3') ON DUPLICATE KEY UPDATE serotipo_invitro = 'O3'; 
INSERT INTO secuencia(secuencia_id, aislado_id, complejo_clonal) VALUES ('1208', '1208', 'nan') ON DUPLICATE KEY UPDATE complejo_clonal = 'nan'; 
INSERT INTO metadata_general(aislado_id, aislado_nombre) VALUES ('1209', 'LRJ01-014') ON DUPLICATE KEY UPDATE aislado_nombre = 'LRJ01-014'; 
INSERT INTO fenotipo(fenotipo_id, aislado_id, serotipo_invitro) VALUES ('1165', '1209', 'O3') ON DUPLICATE KEY UPDATE serotipo_invitro = 'O3'; 
INSERT INTO secuencia(secuencia_id, aislado_id, complejo_clonal) VALUES ('1209', '1209', 'nan') ON DUPLICATE KEY UPDATE complejo_clonal = 'nan'; 
INSERT INTO metadata_general(aislado_id, aislado_nombre) VALUES ('1210', 'LRJ01-055') ON DUPLICATE KEY UPDATE aislado_nombre = 'LRJ01-055'; 
INSERT INTO fenotipo(fenotipo_id, aislado_id, serotipo_invitro) VALUES ('1166', '1210', 'O3') ON DUPLICATE KEY UPDATE serotipo_invitro = 'O3'; 
INSERT INTO secuencia(secuencia_id, aislado_id, complejo_clonal) VALUES ('1210', '1210', 'nan') ON DUPLICATE KEY UPDATE complejo_clonal = 'nan'; 
INSERT INTO metadata_general(aislado_id, aislado_nombre) VALUES ('1211', 'LRJ01-032') ON DUPLICATE KEY UPDATE aislado_nombre = 'LRJ01-032'; 
INSERT INTO fenotipo(fenotipo_id, aislado_id, serotipo_invitro) VALUES ('1167', '1211', 'O5') ON DUPLICATE KEY UPDATE serotipo_invitro = 'O5'; 
INSERT INTO secuencia(secuencia_id, aislado_id, complejo_clonal) VALUES ('1211', '1211', 'nan') ON DUPLICATE KEY UPDATE complejo_clonal = 'nan'; 
INSERT INTO metadata_general(aislado_id, aislado_nombre) VALUES ('1212', 'LRJ01-035') ON DUPLICATE KEY UPDATE aislado_nombre = 'LRJ01-035'; 
INSERT INTO fenotipo(fenotipo_id, aislado_id, serotipo_invitro) VALUES ('1168', '1212', 'O5') ON DUPLICATE KEY UPDATE serotipo_invitro = 'O5'; 
INSERT INTO secuencia(secuencia_id, aislado_id, complejo_clonal) VALUES ('1212', '1212', 'nan') ON DUPLICATE KEY UPDATE complejo_clonal = 'nan'; 
INSERT INTO metadata_general(aislado_id, aislado_nombre) VALUES ('1213', 'LRJ01-046') ON DUPLICATE KEY UPDATE aislado_nombre = 'LRJ01-046'; 
INSERT INTO fenotipo(fenotipo_id, aislado_id, serotipo_invitro) VALUES ('1169', '1213', 'O5') ON DUPLICATE KEY UPDATE serotipo_invitro = 'O5'; 
INSERT INTO secuencia(secuencia_id, aislado_id, complejo_clonal) VALUES ('1213', '1213', 'nan') ON DUPLICATE KEY UPDATE complejo_clonal = 'nan'; 
INSERT INTO metadata_general(aislado_id, aislado_nombre) VALUES ('1214', 'LRJ01-022') ON DUPLICATE KEY UPDATE aislado_nombre = 'LRJ01-022'; 
INSERT INTO fenotipo(fenotipo_id, aislado_id, serotipo_invitro) VALUES ('1170', '1214', 'O6') ON DUPLICATE KEY UPDATE serotipo_invitro = 'O6'; 
INSERT INTO secuencia(secuencia_id, aislado_id, complejo_clonal) VALUES ('1214', '1214', 'nan') ON DUPLICATE KEY UPDATE complejo_clonal = 'nan'; 
INSERT INTO metadata_general(aislado_id, aislado_nombre) VALUES ('1215', 'LRJ01-042') ON DUPLICATE KEY UPDATE aislado_nombre = 'LRJ01-042'; 
INSERT INTO fenotipo(fenotipo_id, aislado_id, serotipo_invitro) VALUES ('1171', '1215', 'O6') ON DUPLICATE KEY UPDATE serotipo_invitro = 'O6'; 
INSERT INTO secuencia(secuencia_id, aislado_id, complejo_clonal) VALUES ('1215', '1215', 'nan') ON DUPLICATE KEY UPDATE complejo_clonal = 'nan'; 
INSERT INTO metadata_general(aislado_id, aislado_nombre) VALUES ('1216', 'LRJ01-037') ON DUPLICATE KEY UPDATE aislado_nombre = 'LRJ01-037'; 
INSERT INTO fenotipo(fenotipo_id, aislado_id, serotipo_invitro) VALUES ('1172', '1216', 'O6+O1') ON DUPLICATE KEY UPDATE serotipo_invitro = 'O6+O1'; 
INSERT INTO secuencia(secuencia_id, aislado_id, complejo_clonal) VALUES ('1216', '1216', 'nan') ON DUPLICATE KEY UPDATE complejo_clonal = 'nan'; 
INSERT INTO metadata_general(aislado_id, aislado_nombre) VALUES ('1217', 'LRJ01-010') ON DUPLICATE KEY UPDATE aislado_nombre = 'LRJ01-010'; 
INSERT INTO fenotipo(fenotipo_id, aislado_id, serotipo_invitro) VALUES ('1173', '1217', 'O7') ON DUPLICATE KEY UPDATE serotipo_invitro = 'O7'; 
INSERT INTO secuencia(secuencia_id, aislado_id, complejo_clonal) VALUES ('1217', '1217', 'nan') ON DUPLICATE KEY UPDATE complejo_clonal = 'nan'; 
INSERT INTO metadata_general(aislado_id, aislado_nombre) VALUES ('1218', 'LRJ01-027') ON DUPLICATE KEY UPDATE aislado_nombre = 'LRJ01-027'; 
INSERT INTO fenotipo(fenotipo_id, aislado_id, serotipo_invitro) VALUES ('1174', '1218', 'O9') ON DUPLICATE KEY UPDATE serotipo_invitro = 'O9'; 
INSERT INTO secuencia(secuencia_id, aislado_id, complejo_clonal) VALUES ('1218', '1218', 'nan') ON DUPLICATE KEY UPDATE complejo_clonal = 'nan'; 
INSERT INTO metadata_general(aislado_id, aislado_nombre) VALUES ('1219', 'LRJ01-051') ON DUPLICATE KEY UPDATE aislado_nombre = 'LRJ01-051'; 
INSERT INTO fenotipo(fenotipo_id, aislado_id, serotipo_invitro) VALUES ('1175', '1219', 'O9') ON DUPLICATE KEY UPDATE serotipo_invitro = 'O9'; 
INSERT INTO secuencia(secuencia_id, aislado_id, complejo_clonal) VALUES ('1219', '1219', 'nan') ON DUPLICATE KEY UPDATE complejo_clonal = 'nan'; 
INSERT INTO metadata_general(aislado_id, aislado_nombre) VALUES ('1220', 'MAD01-031') ON DUPLICATE KEY UPDATE aislado_nombre = 'MAD01-031'; 
INSERT INTO fenotipo(fenotipo_id, aislado_id, serotipo_invitro) VALUES ('1176', '1220', 'O11') ON DUPLICATE KEY UPDATE serotipo_invitro = 'O11'; 
INSERT INTO secuencia(secuencia_id, aislado_id, complejo_clonal) VALUES ('1220', '1220', 'nan') ON DUPLICATE KEY UPDATE complejo_clonal = 'nan'; 
INSERT INTO metadata_general(aislado_id, aislado_nombre) VALUES ('1221', 'MAD01-029') ON DUPLICATE KEY UPDATE aislado_nombre = 'MAD01-029'; 
INSERT INTO fenotipo(fenotipo_id, aislado_id, serotipo_invitro) VALUES ('1177', '1221', 'No Aglutina') ON DUPLICATE KEY UPDATE serotipo_invitro = 'No Aglutina'; 
INSERT INTO secuencia(secuencia_id, aislado_id, complejo_clonal) VALUES ('1221', '1221', 'nan') ON DUPLICATE KEY UPDATE complejo_clonal = 'nan'; 
INSERT INTO metadata_general(aislado_id, aislado_nombre) VALUES ('1222', 'MAD01-005') ON DUPLICATE KEY UPDATE aislado_nombre = 'MAD01-005'; 
INSERT INTO fenotipo(fenotipo_id, aislado_id, serotipo_invitro) VALUES ('1178', '1222', 'O1') ON DUPLICATE KEY UPDATE serotipo_invitro = 'O1'; 
INSERT INTO secuencia(secuencia_id, aislado_id, complejo_clonal) VALUES ('1222', '1222', 'nan') ON DUPLICATE KEY UPDATE complejo_clonal = 'nan'; 
INSERT INTO metadata_general(aislado_id, aislado_nombre) VALUES ('1223', 'MAD01-007') ON DUPLICATE KEY UPDATE aislado_nombre = 'MAD01-007'; 
INSERT INTO fenotipo(fenotipo_id, aislado_id, serotipo_invitro) VALUES ('1179', '1223', 'O1') ON DUPLICATE KEY UPDATE serotipo_invitro = 'O1'; 
INSERT INTO secuencia(secuencia_id, aislado_id, complejo_clonal) VALUES ('1223', '1223', 'nan') ON DUPLICATE KEY UPDATE complejo_clonal = 'nan'; 
INSERT INTO metadata_general(aislado_id, aislado_nombre) VALUES ('1224', 'MAD01-012') ON DUPLICATE KEY UPDATE aislado_nombre = 'MAD01-012'; 
INSERT INTO fenotipo(fenotipo_id, aislado_id, serotipo_invitro) VALUES ('1180', '1224', 'O1') ON DUPLICATE KEY UPDATE serotipo_invitro = 'O1'; 
INSERT INTO secuencia(secuencia_id, aislado_id, complejo_clonal) VALUES ('1224', '1224', 'nan') ON DUPLICATE KEY UPDATE complejo_clonal = 'nan'; 
INSERT INTO metadata_general(aislado_id, aislado_nombre) VALUES ('1225', 'MAD01-023') ON DUPLICATE KEY UPDATE aislado_nombre = 'MAD01-023'; 
INSERT INTO fenotipo(fenotipo_id, aislado_id, serotipo_invitro) VALUES ('1181', '1225', 'O1') ON DUPLICATE KEY UPDATE serotipo_invitro = 'O1'; 
INSERT INTO secuencia(secuencia_id, aislado_id, complejo_clonal) VALUES ('1225', '1225', 'nan') ON DUPLICATE KEY UPDATE complejo_clonal = 'nan'; 
INSERT INTO metadata_general(aislado_id, aislado_nombre) VALUES ('1226', 'MAD01-025') ON DUPLICATE KEY UPDATE aislado_nombre = 'MAD01-025'; 
INSERT INTO fenotipo(fenotipo_id, aislado_id, serotipo_invitro) VALUES ('1182', '1226', 'O1') ON DUPLICATE KEY UPDATE serotipo_invitro = 'O1'; 
INSERT INTO secuencia(secuencia_id, aislado_id, complejo_clonal) VALUES ('1226', '1226', 'nan') ON DUPLICATE KEY UPDATE complejo_clonal = 'nan'; 
INSERT INTO metadata_general(aislado_id, aislado_nombre) VALUES ('1227', 'MAD01-035') ON DUPLICATE KEY UPDATE aislado_nombre = 'MAD01-035'; 
INSERT INTO fenotipo(fenotipo_id, aislado_id, serotipo_invitro) VALUES ('1183', '1227', 'O10') ON DUPLICATE KEY UPDATE serotipo_invitro = 'O10'; 
INSERT INTO secuencia(secuencia_id, aislado_id, complejo_clonal) VALUES ('1227', '1227', 'nan') ON DUPLICATE KEY UPDATE complejo_clonal = 'nan'; 
INSERT INTO metadata_general(aislado_id, aislado_nombre) VALUES ('1228', 'MAD01-038') ON DUPLICATE KEY UPDATE aislado_nombre = 'MAD01-038'; 
INSERT INTO fenotipo(fenotipo_id, aislado_id, serotipo_invitro) VALUES ('1184', '1228', 'O10') ON DUPLICATE KEY UPDATE serotipo_invitro = 'O10'; 
INSERT INTO secuencia(secuencia_id, aislado_id, complejo_clonal) VALUES ('1228', '1228', 'nan') ON DUPLICATE KEY UPDATE complejo_clonal = 'nan'; 
INSERT INTO metadata_general(aislado_id, aislado_nombre) VALUES ('1229', 'MAD01-011') ON DUPLICATE KEY UPDATE aislado_nombre = 'MAD01-011'; 
INSERT INTO fenotipo(fenotipo_id, aislado_id, serotipo_invitro) VALUES ('1185', '1229', 'O11') ON DUPLICATE KEY UPDATE serotipo_invitro = 'O11'; 
INSERT INTO secuencia(secuencia_id, aislado_id, complejo_clonal) VALUES ('1229', '1229', 'nan') ON DUPLICATE KEY UPDATE complejo_clonal = 'nan'; 
INSERT INTO metadata_general(aislado_id, aislado_nombre) VALUES ('1230', 'MAD01-014') ON DUPLICATE KEY UPDATE aislado_nombre = 'MAD01-014'; 
INSERT INTO fenotipo(fenotipo_id, aislado_id, serotipo_invitro) VALUES ('1186', '1230', 'O11') ON DUPLICATE KEY UPDATE serotipo_invitro = 'O11'; 
INSERT INTO secuencia(secuencia_id, aislado_id, complejo_clonal) VALUES ('1230', '1230', 'nan') ON DUPLICATE KEY UPDATE complejo_clonal = 'nan'; 
INSERT INTO metadata_general(aislado_id, aislado_nombre) VALUES ('1231', 'MAD01-024') ON DUPLICATE KEY UPDATE aislado_nombre = 'MAD01-024'; 
INSERT INTO fenotipo(fenotipo_id, aislado_id, serotipo_invitro) VALUES ('1187', '1231', 'O11') ON DUPLICATE KEY UPDATE serotipo_invitro = 'O11'; 
INSERT INTO secuencia(secuencia_id, aislado_id, complejo_clonal) VALUES ('1231', '1231', 'nan') ON DUPLICATE KEY UPDATE complejo_clonal = 'nan'; 
INSERT INTO metadata_general(aislado_id, aislado_nombre) VALUES ('1232', 'MAD01-001') ON DUPLICATE KEY UPDATE aislado_nombre = 'MAD01-001'; 
INSERT INTO fenotipo(fenotipo_id, aislado_id, serotipo_invitro) VALUES ('1188', '1232', 'O3') ON DUPLICATE KEY UPDATE serotipo_invitro = 'O3'; 
INSERT INTO secuencia(secuencia_id, aislado_id, complejo_clonal) VALUES ('1232', '1232', 'nan') ON DUPLICATE KEY UPDATE complejo_clonal = 'nan'; 
INSERT INTO metadata_general(aislado_id, aislado_nombre) VALUES ('1233', 'MAD01-010') ON DUPLICATE KEY UPDATE aislado_nombre = 'MAD01-010'; 
INSERT INTO fenotipo(fenotipo_id, aislado_id, serotipo_invitro) VALUES ('1189', '1233', 'O3') ON DUPLICATE KEY UPDATE serotipo_invitro = 'O3'; 
INSERT INTO secuencia(secuencia_id, aislado_id, complejo_clonal) VALUES ('1233', '1233', 'nan') ON DUPLICATE KEY UPDATE complejo_clonal = 'nan'; 
INSERT INTO metadata_general(aislado_id, aislado_nombre) VALUES ('1234', 'MAD01-015') ON DUPLICATE KEY UPDATE aislado_nombre = 'MAD01-015'; 
INSERT INTO fenotipo(fenotipo_id, aislado_id, serotipo_invitro) VALUES ('1190', '1234', 'O3') ON DUPLICATE KEY UPDATE serotipo_invitro = 'O3'; 
INSERT INTO secuencia(secuencia_id, aislado_id, complejo_clonal) VALUES ('1234', '1234', 'nan') ON DUPLICATE KEY UPDATE complejo_clonal = 'nan'; 
INSERT INTO metadata_general(aislado_id, aislado_nombre) VALUES ('1235', 'MAD01-016') ON DUPLICATE KEY UPDATE aislado_nombre = 'MAD01-016'; 
INSERT INTO fenotipo(fenotipo_id, aislado_id, serotipo_invitro) VALUES ('1191', '1235', 'O3') ON DUPLICATE KEY UPDATE serotipo_invitro = 'O3'; 
INSERT INTO secuencia(secuencia_id, aislado_id, complejo_clonal) VALUES ('1235', '1235', 'nan') ON DUPLICATE KEY UPDATE complejo_clonal = 'nan'; 
INSERT INTO metadata_general(aislado_id, aislado_nombre) VALUES ('1236', 'MAD01-027') ON DUPLICATE KEY UPDATE aislado_nombre = 'MAD01-027'; 
INSERT INTO fenotipo(fenotipo_id, aislado_id, serotipo_invitro) VALUES ('1192', '1236', 'O3') ON DUPLICATE KEY UPDATE serotipo_invitro = 'O3'; 
INSERT INTO secuencia(secuencia_id, aislado_id, complejo_clonal) VALUES ('1236', '1236', 'nan') ON DUPLICATE KEY UPDATE complejo_clonal = 'nan'; 
INSERT INTO metadata_general(aislado_id, aislado_nombre) VALUES ('1237', 'MAD01-034') ON DUPLICATE KEY UPDATE aislado_nombre = 'MAD01-034'; 
INSERT INTO fenotipo(fenotipo_id, aislado_id, serotipo_invitro) VALUES ('1193', '1237', 'O3') ON DUPLICATE KEY UPDATE serotipo_invitro = 'O3'; 
INSERT INTO secuencia(secuencia_id, aislado_id, complejo_clonal) VALUES ('1237', '1237', 'nan') ON DUPLICATE KEY UPDATE complejo_clonal = 'nan'; 
INSERT INTO metadata_general(aislado_id, aislado_nombre) VALUES ('1238', 'MAD01-003') ON DUPLICATE KEY UPDATE aislado_nombre = 'MAD01-003'; 
INSERT INTO fenotipo(fenotipo_id, aislado_id, serotipo_invitro) VALUES ('1194', '1238', 'O5') ON DUPLICATE KEY UPDATE serotipo_invitro = 'O5'; 
INSERT INTO secuencia(secuencia_id, aislado_id, complejo_clonal) VALUES ('1238', '1238', 'nan') ON DUPLICATE KEY UPDATE complejo_clonal = 'nan'; 
INSERT INTO metadata_general(aislado_id, aislado_nombre) VALUES ('1239', 'MAD01-019') ON DUPLICATE KEY UPDATE aislado_nombre = 'MAD01-019'; 
INSERT INTO fenotipo(fenotipo_id, aislado_id, serotipo_invitro) VALUES ('1195', '1239', 'O5') ON DUPLICATE KEY UPDATE serotipo_invitro = 'O5'; 
INSERT INTO secuencia(secuencia_id, aislado_id, complejo_clonal) VALUES ('1239', '1239', 'nan') ON DUPLICATE KEY UPDATE complejo_clonal = 'nan'; 
INSERT INTO metadata_general(aislado_id, aislado_nombre) VALUES ('1240', 'MAD01-002') ON DUPLICATE KEY UPDATE aislado_nombre = 'MAD01-002'; 
INSERT INTO fenotipo(fenotipo_id, aislado_id, serotipo_invitro) VALUES ('1196', '1240', 'O6') ON DUPLICATE KEY UPDATE serotipo_invitro = 'O6'; 
INSERT INTO secuencia(secuencia_id, aislado_id, complejo_clonal) VALUES ('1240', '1240', 'nan') ON DUPLICATE KEY UPDATE complejo_clonal = 'nan'; 
INSERT INTO metadata_general(aislado_id, aislado_nombre) VALUES ('1241', 'MAD01-004') ON DUPLICATE KEY UPDATE aislado_nombre = 'MAD01-004'; 
INSERT INTO fenotipo(fenotipo_id, aislado_id, serotipo_invitro) VALUES ('1197', '1241', 'O6') ON DUPLICATE KEY UPDATE serotipo_invitro = 'O6'; 
INSERT INTO secuencia(secuencia_id, aislado_id, complejo_clonal) VALUES ('1241', '1241', 'nan') ON DUPLICATE KEY UPDATE complejo_clonal = 'nan'; 
INSERT INTO metadata_general(aislado_id, aislado_nombre) VALUES ('1242', 'MAD01-018') ON DUPLICATE KEY UPDATE aislado_nombre = 'MAD01-018'; 
INSERT INTO fenotipo(fenotipo_id, aislado_id, serotipo_invitro) VALUES ('1198', '1242', 'O6') ON DUPLICATE KEY UPDATE serotipo_invitro = 'O6'; 
INSERT INTO secuencia(secuencia_id, aislado_id, complejo_clonal) VALUES ('1242', '1242', 'nan') ON DUPLICATE KEY UPDATE complejo_clonal = 'nan'; 
INSERT INTO metadata_general(aislado_id, aislado_nombre) VALUES ('1243', 'MAD01-026') ON DUPLICATE KEY UPDATE aislado_nombre = 'MAD01-026'; 
INSERT INTO fenotipo(fenotipo_id, aislado_id, serotipo_invitro) VALUES ('1199', '1243', 'O6') ON DUPLICATE KEY UPDATE serotipo_invitro = 'O6'; 
INSERT INTO secuencia(secuencia_id, aislado_id, complejo_clonal) VALUES ('1243', '1243', 'nan') ON DUPLICATE KEY UPDATE complejo_clonal = 'nan'; 
INSERT INTO metadata_general(aislado_id, aislado_nombre) VALUES ('1244', 'MAD01-028') ON DUPLICATE KEY UPDATE aislado_nombre = 'MAD01-028'; 
INSERT INTO fenotipo(fenotipo_id, aislado_id, serotipo_invitro) VALUES ('1200', '1244', 'O6') ON DUPLICATE KEY UPDATE serotipo_invitro = 'O6'; 
INSERT INTO secuencia(secuencia_id, aislado_id, complejo_clonal) VALUES ('1244', '1244', 'nan') ON DUPLICATE KEY UPDATE complejo_clonal = 'nan'; 
INSERT INTO metadata_general(aislado_id, aislado_nombre) VALUES ('1245', 'MAD01-033') ON DUPLICATE KEY UPDATE aislado_nombre = 'MAD01-033'; 
INSERT INTO fenotipo(fenotipo_id, aislado_id, serotipo_invitro) VALUES ('1201', '1245', 'O6') ON DUPLICATE KEY UPDATE serotipo_invitro = 'O6'; 
INSERT INTO secuencia(secuencia_id, aislado_id, complejo_clonal) VALUES ('1245', '1245', 'nan') ON DUPLICATE KEY UPDATE complejo_clonal = 'nan'; 
INSERT INTO metadata_general(aislado_id, aislado_nombre) VALUES ('1246', 'MAD01-022') ON DUPLICATE KEY UPDATE aislado_nombre = 'MAD01-022'; 
INSERT INTO fenotipo(fenotipo_id, aislado_id, serotipo_invitro) VALUES ('1202', '1246', 'O7') ON DUPLICATE KEY UPDATE serotipo_invitro = 'O7'; 
INSERT INTO secuencia(secuencia_id, aislado_id, complejo_clonal) VALUES ('1246', '1246', 'nan') ON DUPLICATE KEY UPDATE complejo_clonal = 'nan'; 
INSERT INTO metadata_general(aislado_id, aislado_nombre) VALUES ('144', 'MAD01-021') ON DUPLICATE KEY UPDATE aislado_nombre = 'MAD01-021'; 
INSERT INTO fenotipo(fenotipo_id, aislado_id, serotipo_invitro) VALUES ('1203', '144', 'O11') ON DUPLICATE KEY UPDATE serotipo_invitro = 'O11'; 
INSERT INTO secuencia(secuencia_id, aislado_id, complejo_clonal) VALUES ('144', '144', 'ST-235') ON DUPLICATE KEY UPDATE complejo_clonal = 'ST-235'; 
INSERT INTO metadata_general(aislado_id, aislado_nombre) VALUES ('1247', 'MAD01-030') ON DUPLICATE KEY UPDATE aislado_nombre = 'MAD01-030'; 
INSERT INTO fenotipo(fenotipo_id, aislado_id, serotipo_invitro) VALUES ('1204', '1247', 'O11') ON DUPLICATE KEY UPDATE serotipo_invitro = 'O11'; 
INSERT INTO secuencia(secuencia_id, aislado_id, complejo_clonal) VALUES ('1247', '1247', 'ST-235') ON DUPLICATE KEY UPDATE complejo_clonal = 'ST-235'; 
INSERT INTO metadata_general(aislado_id, aislado_nombre) VALUES ('143', 'MAD01-013') ON DUPLICATE KEY UPDATE aislado_nombre = 'MAD01-013'; 
INSERT INTO fenotipo(fenotipo_id, aislado_id, serotipo_invitro) VALUES ('1205', '143', 'No Aglutina') ON DUPLICATE KEY UPDATE serotipo_invitro = 'No Aglutina'; 
INSERT INTO secuencia(secuencia_id, aislado_id, complejo_clonal) VALUES ('143', '143', 'ST-3197') ON DUPLICATE KEY UPDATE complejo_clonal = 'ST-3197'; 
INSERT INTO metadata_general(aislado_id, aislado_nombre) VALUES ('1248', 'MAD02-028') ON DUPLICATE KEY UPDATE aislado_nombre = 'MAD02-028'; 
INSERT INTO fenotipo(fenotipo_id, aislado_id, serotipo_invitro) VALUES ('1206', '1248', 'O6') ON DUPLICATE KEY UPDATE serotipo_invitro = 'O6'; 
INSERT INTO secuencia(secuencia_id, aislado_id, complejo_clonal) VALUES ('1248', '1248', 'nan') ON DUPLICATE KEY UPDATE complejo_clonal = 'nan'; 
INSERT INTO metadata_general(aislado_id, aislado_nombre) VALUES ('1249', 'MAD02-023') ON DUPLICATE KEY UPDATE aislado_nombre = 'MAD02-023'; 
INSERT INTO fenotipo(fenotipo_id, aislado_id, serotipo_invitro) VALUES ('1207', '1249', 'No Aglutina') ON DUPLICATE KEY UPDATE serotipo_invitro = 'No Aglutina'; 
INSERT INTO secuencia(secuencia_id, aislado_id, complejo_clonal) VALUES ('1249', '1249', 'nan') ON DUPLICATE KEY UPDATE complejo_clonal = 'nan'; 
INSERT INTO metadata_general(aislado_id, aislado_nombre) VALUES ('1250', 'MAD02-008') ON DUPLICATE KEY UPDATE aislado_nombre = 'MAD02-008'; 
INSERT INTO fenotipo(fenotipo_id, aislado_id, serotipo_invitro) VALUES ('1208', '1250', 'O1') ON DUPLICATE KEY UPDATE serotipo_invitro = 'O1'; 
INSERT INTO secuencia(secuencia_id, aislado_id, complejo_clonal) VALUES ('1250', '1250', 'nan') ON DUPLICATE KEY UPDATE complejo_clonal = 'nan'; 
INSERT INTO metadata_general(aislado_id, aislado_nombre) VALUES ('1251', 'MAD02-015') ON DUPLICATE KEY UPDATE aislado_nombre = 'MAD02-015'; 
INSERT INTO fenotipo(fenotipo_id, aislado_id, serotipo_invitro) VALUES ('1209', '1251', 'O1') ON DUPLICATE KEY UPDATE serotipo_invitro = 'O1'; 
INSERT INTO secuencia(secuencia_id, aislado_id, complejo_clonal) VALUES ('1251', '1251', 'nan') ON DUPLICATE KEY UPDATE complejo_clonal = 'nan'; 
INSERT INTO metadata_general(aislado_id, aislado_nombre) VALUES ('1252', 'MAD02-017') ON DUPLICATE KEY UPDATE aislado_nombre = 'MAD02-017'; 
INSERT INTO fenotipo(fenotipo_id, aislado_id, serotipo_invitro) VALUES ('1210', '1252', 'O1') ON DUPLICATE KEY UPDATE serotipo_invitro = 'O1'; 
INSERT INTO secuencia(secuencia_id, aislado_id, complejo_clonal) VALUES ('1252', '1252', 'nan') ON DUPLICATE KEY UPDATE complejo_clonal = 'nan'; 
INSERT INTO metadata_general(aislado_id, aislado_nombre) VALUES ('1253', 'MAD02-033') ON DUPLICATE KEY UPDATE aislado_nombre = 'MAD02-033'; 
INSERT INTO fenotipo(fenotipo_id, aislado_id, serotipo_invitro) VALUES ('1211', '1253', 'O1') ON DUPLICATE KEY UPDATE serotipo_invitro = 'O1'; 
INSERT INTO secuencia(secuencia_id, aislado_id, complejo_clonal) VALUES ('1253', '1253', 'nan') ON DUPLICATE KEY UPDATE complejo_clonal = 'nan'; 
INSERT INTO metadata_general(aislado_id, aislado_nombre) VALUES ('1254', 'MAD02-004') ON DUPLICATE KEY UPDATE aislado_nombre = 'MAD02-004'; 
INSERT INTO fenotipo(fenotipo_id, aislado_id, serotipo_invitro) VALUES ('1212', '1254', 'O10') ON DUPLICATE KEY UPDATE serotipo_invitro = 'O10'; 
INSERT INTO secuencia(secuencia_id, aislado_id, complejo_clonal) VALUES ('1254', '1254', 'nan') ON DUPLICATE KEY UPDATE complejo_clonal = 'nan'; 
INSERT INTO metadata_general(aislado_id, aislado_nombre) VALUES ('1255', 'MAD02-031') ON DUPLICATE KEY UPDATE aislado_nombre = 'MAD02-031'; 
INSERT INTO fenotipo(fenotipo_id, aislado_id, serotipo_invitro) VALUES ('1213', '1255', 'O3') ON DUPLICATE KEY UPDATE serotipo_invitro = 'O3'; 
INSERT INTO secuencia(secuencia_id, aislado_id, complejo_clonal) VALUES ('1255', '1255', 'nan') ON DUPLICATE KEY UPDATE complejo_clonal = 'nan'; 
INSERT INTO metadata_general(aislado_id, aislado_nombre) VALUES ('1256', 'MAD02-010') ON DUPLICATE KEY UPDATE aislado_nombre = 'MAD02-010'; 
INSERT INTO fenotipo(fenotipo_id, aislado_id, serotipo_invitro) VALUES ('1214', '1256', 'O4') ON DUPLICATE KEY UPDATE serotipo_invitro = 'O4'; 
INSERT INTO secuencia(secuencia_id, aislado_id, complejo_clonal) VALUES ('1256', '1256', 'ST-463') ON DUPLICATE KEY UPDATE complejo_clonal = 'ST-463'; 
INSERT INTO metadata_general(aislado_id, aislado_nombre) VALUES ('1257', 'MAD02-027') ON DUPLICATE KEY UPDATE aislado_nombre = 'MAD02-027'; 
INSERT INTO fenotipo(fenotipo_id, aislado_id, serotipo_invitro) VALUES ('1215', '1257', 'O4') ON DUPLICATE KEY UPDATE serotipo_invitro = 'O4'; 
INSERT INTO secuencia(secuencia_id, aislado_id, complejo_clonal) VALUES ('1257', '1257', 'nan') ON DUPLICATE KEY UPDATE complejo_clonal = 'nan'; 
INSERT INTO metadata_general(aislado_id, aislado_nombre) VALUES ('1258', 'MAD02-034') ON DUPLICATE KEY UPDATE aislado_nombre = 'MAD02-034'; 
INSERT INTO fenotipo(fenotipo_id, aislado_id, serotipo_invitro) VALUES ('1216', '1258', 'O4') ON DUPLICATE KEY UPDATE serotipo_invitro = 'O4'; 
INSERT INTO secuencia(secuencia_id, aislado_id, complejo_clonal) VALUES ('1258', '1258', 'nan') ON DUPLICATE KEY UPDATE complejo_clonal = 'nan'; 
INSERT INTO metadata_general(aislado_id, aislado_nombre) VALUES ('1259', 'MAD02-002') ON DUPLICATE KEY UPDATE aislado_nombre = 'MAD02-002'; 
INSERT INTO fenotipo(fenotipo_id, aislado_id, serotipo_invitro) VALUES ('1217', '1259', 'O5') ON DUPLICATE KEY UPDATE serotipo_invitro = 'O5'; 
INSERT INTO secuencia(secuencia_id, aislado_id, complejo_clonal) VALUES ('1259', '1259', 'nan') ON DUPLICATE KEY UPDATE complejo_clonal = 'nan'; 
INSERT INTO metadata_general(aislado_id, aislado_nombre) VALUES ('1260', 'MAD02-001') ON DUPLICATE KEY UPDATE aislado_nombre = 'MAD02-001'; 
INSERT INTO fenotipo(fenotipo_id, aislado_id, serotipo_invitro) VALUES ('1218', '1260', 'O6') ON DUPLICATE KEY UPDATE serotipo_invitro = 'O6'; 
INSERT INTO secuencia(secuencia_id, aislado_id, complejo_clonal) VALUES ('1260', '1260', 'nan') ON DUPLICATE KEY UPDATE complejo_clonal = 'nan'; 
INSERT INTO metadata_general(aislado_id, aislado_nombre) VALUES ('1261', 'MAD02-018') ON DUPLICATE KEY UPDATE aislado_nombre = 'MAD02-018'; 
INSERT INTO fenotipo(fenotipo_id, aislado_id, serotipo_invitro) VALUES ('1219', '1261', 'O6') ON DUPLICATE KEY UPDATE serotipo_invitro = 'O6'; 
INSERT INTO secuencia(secuencia_id, aislado_id, complejo_clonal) VALUES ('1261', '1261', 'nan') ON DUPLICATE KEY UPDATE complejo_clonal = 'nan'; 
INSERT INTO metadata_general(aislado_id, aislado_nombre) VALUES ('1262', 'MAD02-022') ON DUPLICATE KEY UPDATE aislado_nombre = 'MAD02-022'; 
INSERT INTO fenotipo(fenotipo_id, aislado_id, serotipo_invitro) VALUES ('1220', '1262', 'O6') ON DUPLICATE KEY UPDATE serotipo_invitro = 'O6'; 
INSERT INTO secuencia(secuencia_id, aislado_id, complejo_clonal) VALUES ('1262', '1262', 'nan') ON DUPLICATE KEY UPDATE complejo_clonal = 'nan'; 
INSERT INTO metadata_general(aislado_id, aislado_nombre) VALUES ('1263', 'MAD02-026') ON DUPLICATE KEY UPDATE aislado_nombre = 'MAD02-026'; 
INSERT INTO fenotipo(fenotipo_id, aislado_id, serotipo_invitro) VALUES ('1221', '1263', 'O6') ON DUPLICATE KEY UPDATE serotipo_invitro = 'O6'; 
INSERT INTO secuencia(secuencia_id, aislado_id, complejo_clonal) VALUES ('1263', '1263', 'nan') ON DUPLICATE KEY UPDATE complejo_clonal = 'nan'; 
INSERT INTO metadata_general(aislado_id, aislado_nombre) VALUES ('1264', 'MAD02-030') ON DUPLICATE KEY UPDATE aislado_nombre = 'MAD02-030'; 
INSERT INTO fenotipo(fenotipo_id, aislado_id, serotipo_invitro) VALUES ('1222', '1264', 'O6') ON DUPLICATE KEY UPDATE serotipo_invitro = 'O6'; 
INSERT INTO secuencia(secuencia_id, aislado_id, complejo_clonal) VALUES ('1264', '1264', 'nan') ON DUPLICATE KEY UPDATE complejo_clonal = 'nan'; 
INSERT INTO metadata_general(aislado_id, aislado_nombre) VALUES ('147', 'MAD02-007') ON DUPLICATE KEY UPDATE aislado_nombre = 'MAD02-007'; 
INSERT INTO fenotipo(fenotipo_id, aislado_id, serotipo_invitro) VALUES ('1223', '147', 'O4') ON DUPLICATE KEY UPDATE serotipo_invitro = 'O4'; 
INSERT INTO secuencia(secuencia_id, aislado_id, complejo_clonal) VALUES ('147', '147', 'ST-175') ON DUPLICATE KEY UPDATE complejo_clonal = 'ST-175'; 
INSERT INTO metadata_general(aislado_id, aislado_nombre) VALUES ('148', 'MAD02-009') ON DUPLICATE KEY UPDATE aislado_nombre = 'MAD02-009'; 
INSERT INTO fenotipo(fenotipo_id, aislado_id, serotipo_invitro) VALUES ('1224', '148', 'No Aglutina') ON DUPLICATE KEY UPDATE serotipo_invitro = 'No Aglutina'; 
INSERT INTO secuencia(secuencia_id, aislado_id, complejo_clonal) VALUES ('148', '148', 'ST-235') ON DUPLICATE KEY UPDATE complejo_clonal = 'ST-235'; 
INSERT INTO metadata_general(aislado_id, aislado_nombre) VALUES ('150', 'MAD02-013') ON DUPLICATE KEY UPDATE aislado_nombre = 'MAD02-013'; 
INSERT INTO fenotipo(fenotipo_id, aislado_id, serotipo_invitro) VALUES ('1225', '150', 'O1') ON DUPLICATE KEY UPDATE serotipo_invitro = 'O1'; 
INSERT INTO secuencia(secuencia_id, aislado_id, complejo_clonal) VALUES ('150', '150', 'ST-17') ON DUPLICATE KEY UPDATE complejo_clonal = 'ST-17'; 
INSERT INTO metadata_general(aislado_id, aislado_nombre) VALUES ('154', 'MAD02-035') ON DUPLICATE KEY UPDATE aislado_nombre = 'MAD02-035'; 
INSERT INTO fenotipo(fenotipo_id, aislado_id, serotipo_invitro) VALUES ('1226', '154', 'No Aglutina') ON DUPLICATE KEY UPDATE serotipo_invitro = 'No Aglutina'; 
INSERT INTO secuencia(secuencia_id, aislado_id, complejo_clonal) VALUES ('154', '154', 'ST-235') ON DUPLICATE KEY UPDATE complejo_clonal = 'ST-235'; 
INSERT INTO metadata_general(aislado_id, aislado_nombre) VALUES ('152', 'MAD02-021') ON DUPLICATE KEY UPDATE aislado_nombre = 'MAD02-021'; 
INSERT INTO fenotipo(fenotipo_id, aislado_id, serotipo_invitro) VALUES ('1227', '152', 'O11') ON DUPLICATE KEY UPDATE serotipo_invitro = 'O11'; 
INSERT INTO secuencia(secuencia_id, aislado_id, complejo_clonal) VALUES ('152', '152', 'ST-235') ON DUPLICATE KEY UPDATE complejo_clonal = 'ST-235'; 
INSERT INTO metadata_general(aislado_id, aislado_nombre) VALUES ('1265', 'MAD02-024') ON DUPLICATE KEY UPDATE aislado_nombre = 'MAD02-024'; 
INSERT INTO fenotipo(fenotipo_id, aislado_id, serotipo_invitro) VALUES ('1228', '1265', 'O11') ON DUPLICATE KEY UPDATE serotipo_invitro = 'O11'; 
INSERT INTO secuencia(secuencia_id, aislado_id, complejo_clonal) VALUES ('1265', '1265', 'ST-235') ON DUPLICATE KEY UPDATE complejo_clonal = 'ST-235'; 
INSERT INTO metadata_general(aislado_id, aislado_nombre) VALUES ('153', 'MAD02-025') ON DUPLICATE KEY UPDATE aislado_nombre = 'MAD02-025'; 
INSERT INTO fenotipo(fenotipo_id, aislado_id, serotipo_invitro) VALUES ('1229', '153', 'O11') ON DUPLICATE KEY UPDATE serotipo_invitro = 'O11'; 
INSERT INTO secuencia(secuencia_id, aislado_id, complejo_clonal) VALUES ('153', '153', 'ST-235') ON DUPLICATE KEY UPDATE complejo_clonal = 'ST-235'; 
INSERT INTO metadata_general(aislado_id, aislado_nombre) VALUES ('1266', 'MAD02-032') ON DUPLICATE KEY UPDATE aislado_nombre = 'MAD02-032'; 
INSERT INTO fenotipo(fenotipo_id, aislado_id, serotipo_invitro) VALUES ('1230', '1266', 'O11') ON DUPLICATE KEY UPDATE serotipo_invitro = 'O11'; 
INSERT INTO secuencia(secuencia_id, aislado_id, complejo_clonal) VALUES ('1266', '1266', 'ST-235') ON DUPLICATE KEY UPDATE complejo_clonal = 'ST-235'; 
INSERT INTO metadata_general(aislado_id, aislado_nombre) VALUES ('145', 'MAD02-005') ON DUPLICATE KEY UPDATE aislado_nombre = 'MAD02-005'; 
INSERT INTO fenotipo(fenotipo_id, aislado_id, serotipo_invitro) VALUES ('1231', '145', 'O4') ON DUPLICATE KEY UPDATE serotipo_invitro = 'O4'; 
INSERT INTO secuencia(secuencia_id, aislado_id, complejo_clonal) VALUES ('145', '145', 'ST-175') ON DUPLICATE KEY UPDATE complejo_clonal = 'ST-175'; 
INSERT INTO metadata_general(aislado_id, aislado_nombre) VALUES ('146', 'MAD02-006') ON DUPLICATE KEY UPDATE aislado_nombre = 'MAD02-006'; 
INSERT INTO fenotipo(fenotipo_id, aislado_id, serotipo_invitro) VALUES ('1232', '146', 'O4') ON DUPLICATE KEY UPDATE serotipo_invitro = 'O4'; 
INSERT INTO secuencia(secuencia_id, aislado_id, complejo_clonal) VALUES ('146', '146', 'ST-273') ON DUPLICATE KEY UPDATE complejo_clonal = 'ST-273'; 
INSERT INTO metadata_general(aislado_id, aislado_nombre) VALUES ('151', 'MAD02-014') ON DUPLICATE KEY UPDATE aislado_nombre = 'MAD02-014'; 
INSERT INTO fenotipo(fenotipo_id, aislado_id, serotipo_invitro) VALUES ('1233', '151', 'O4') ON DUPLICATE KEY UPDATE serotipo_invitro = 'O4'; 
INSERT INTO secuencia(secuencia_id, aislado_id, complejo_clonal) VALUES ('151', '151', 'ST-175') ON DUPLICATE KEY UPDATE complejo_clonal = 'ST-175'; 
INSERT INTO metadata_general(aislado_id, aislado_nombre) VALUES ('1267', 'MAD02-016') ON DUPLICATE KEY UPDATE aislado_nombre = 'MAD02-016'; 
INSERT INTO fenotipo(fenotipo_id, aislado_id, serotipo_invitro) VALUES ('1234', '1267', 'O4') ON DUPLICATE KEY UPDATE serotipo_invitro = 'O4'; 
INSERT INTO secuencia(secuencia_id, aislado_id, complejo_clonal) VALUES ('1267', '1267', 'ST-175') ON DUPLICATE KEY UPDATE complejo_clonal = 'ST-175'; 
INSERT INTO metadata_general(aislado_id, aislado_nombre) VALUES ('149', 'MAD02-012') ON DUPLICATE KEY UPDATE aislado_nombre = 'MAD02-012'; 
INSERT INTO fenotipo(fenotipo_id, aislado_id, serotipo_invitro) VALUES ('1235', '149', 'O6') ON DUPLICATE KEY UPDATE serotipo_invitro = 'O6'; 
INSERT INTO secuencia(secuencia_id, aislado_id, complejo_clonal) VALUES ('149', '149', 'ST-3154') ON DUPLICATE KEY UPDATE complejo_clonal = 'ST-3154'; 
INSERT INTO metadata_general(aislado_id, aislado_nombre) VALUES ('1268', 'MAD03-002') ON DUPLICATE KEY UPDATE aislado_nombre = 'MAD03-002'; 
INSERT INTO fenotipo(fenotipo_id, aislado_id, serotipo_invitro) VALUES ('1236', '1268', 'O6') ON DUPLICATE KEY UPDATE serotipo_invitro = 'O6'; 
INSERT INTO secuencia(secuencia_id, aislado_id, complejo_clonal) VALUES ('1268', '1268', 'nan') ON DUPLICATE KEY UPDATE complejo_clonal = 'nan'; 
INSERT INTO metadata_general(aislado_id, aislado_nombre) VALUES ('1269', 'MAD03-016') ON DUPLICATE KEY UPDATE aislado_nombre = 'MAD03-016'; 
INSERT INTO fenotipo(fenotipo_id, aislado_id, serotipo_invitro) VALUES ('1237', '1269', 'O6') ON DUPLICATE KEY UPDATE serotipo_invitro = 'O6'; 
INSERT INTO secuencia(secuencia_id, aislado_id, complejo_clonal) VALUES ('1269', '1269', 'nan') ON DUPLICATE KEY UPDATE complejo_clonal = 'nan'; 
INSERT INTO metadata_general(aislado_id, aislado_nombre) VALUES ('1270', 'MAD03-032') ON DUPLICATE KEY UPDATE aislado_nombre = 'MAD03-032'; 
INSERT INTO fenotipo(fenotipo_id, aislado_id, serotipo_invitro) VALUES ('1238', '1270', 'O7+O8') ON DUPLICATE KEY UPDATE serotipo_invitro = 'O7+O8'; 
INSERT INTO secuencia(secuencia_id, aislado_id, complejo_clonal) VALUES ('1270', '1270', 'nan') ON DUPLICATE KEY UPDATE complejo_clonal = 'nan'; 
INSERT INTO metadata_general(aislado_id, aislado_nombre) VALUES ('1271', 'MAD03-017') ON DUPLICATE KEY UPDATE aislado_nombre = 'MAD03-017'; 
INSERT INTO fenotipo(fenotipo_id, aislado_id, serotipo_invitro) VALUES ('1239', '1271', 'No Aglutina') ON DUPLICATE KEY UPDATE serotipo_invitro = 'No Aglutina'; 
INSERT INTO secuencia(secuencia_id, aislado_id, complejo_clonal) VALUES ('1271', '1271', 'nan') ON DUPLICATE KEY UPDATE complejo_clonal = 'nan'; 
INSERT INTO metadata_general(aislado_id, aislado_nombre) VALUES ('1272', 'MAD03-020') ON DUPLICATE KEY UPDATE aislado_nombre = 'MAD03-020'; 
INSERT INTO fenotipo(fenotipo_id, aislado_id, serotipo_invitro) VALUES ('1240', '1272', 'No Aglutina') ON DUPLICATE KEY UPDATE serotipo_invitro = 'No Aglutina'; 
INSERT INTO secuencia(secuencia_id, aislado_id, complejo_clonal) VALUES ('1272', '1272', 'nan') ON DUPLICATE KEY UPDATE complejo_clonal = 'nan'; 
INSERT INTO metadata_general(aislado_id, aislado_nombre) VALUES ('1273', 'MAD03-023') ON DUPLICATE KEY UPDATE aislado_nombre = 'MAD03-023'; 
INSERT INTO fenotipo(fenotipo_id, aislado_id, serotipo_invitro) VALUES ('1241', '1273', 'No Aglutina') ON DUPLICATE KEY UPDATE serotipo_invitro = 'No Aglutina'; 
INSERT INTO secuencia(secuencia_id, aislado_id, complejo_clonal) VALUES ('1273', '1273', 'nan') ON DUPLICATE KEY UPDATE complejo_clonal = 'nan'; 
INSERT INTO metadata_general(aislado_id, aislado_nombre) VALUES ('1274', 'MAD03-008') ON DUPLICATE KEY UPDATE aislado_nombre = 'MAD03-008'; 
INSERT INTO fenotipo(fenotipo_id, aislado_id, serotipo_invitro) VALUES ('1242', '1274', 'O1') ON DUPLICATE KEY UPDATE serotipo_invitro = 'O1'; 
INSERT INTO secuencia(secuencia_id, aislado_id, complejo_clonal) VALUES ('1274', '1274', 'nan') ON DUPLICATE KEY UPDATE complejo_clonal = 'nan'; 
INSERT INTO metadata_general(aislado_id, aislado_nombre) VALUES ('1275', 'MAD03-013') ON DUPLICATE KEY UPDATE aislado_nombre = 'MAD03-013'; 
INSERT INTO fenotipo(fenotipo_id, aislado_id, serotipo_invitro) VALUES ('1243', '1275', 'O1') ON DUPLICATE KEY UPDATE serotipo_invitro = 'O1'; 
INSERT INTO secuencia(secuencia_id, aislado_id, complejo_clonal) VALUES ('1275', '1275', 'nan') ON DUPLICATE KEY UPDATE complejo_clonal = 'nan'; 
INSERT INTO metadata_general(aislado_id, aislado_nombre) VALUES ('1276', 'MAD03-019') ON DUPLICATE KEY UPDATE aislado_nombre = 'MAD03-019'; 
INSERT INTO fenotipo(fenotipo_id, aislado_id, serotipo_invitro) VALUES ('1244', '1276', 'O1') ON DUPLICATE KEY UPDATE serotipo_invitro = 'O1'; 
INSERT INTO secuencia(secuencia_id, aislado_id, complejo_clonal) VALUES ('1276', '1276', 'nan') ON DUPLICATE KEY UPDATE complejo_clonal = 'nan'; 
INSERT INTO metadata_general(aislado_id, aislado_nombre) VALUES ('1277', 'MAD03-030') ON DUPLICATE KEY UPDATE aislado_nombre = 'MAD03-030'; 
INSERT INTO fenotipo(fenotipo_id, aislado_id, serotipo_invitro) VALUES ('1245', '1277', 'O10') ON DUPLICATE KEY UPDATE serotipo_invitro = 'O10'; 
INSERT INTO secuencia(secuencia_id, aislado_id, complejo_clonal) VALUES ('1277', '1277', 'nan') ON DUPLICATE KEY UPDATE complejo_clonal = 'nan'; 
INSERT INTO metadata_general(aislado_id, aislado_nombre) VALUES ('1278', 'MAD03-006') ON DUPLICATE KEY UPDATE aislado_nombre = 'MAD03-006'; 
INSERT INTO fenotipo(fenotipo_id, aislado_id, serotipo_invitro) VALUES ('1246', '1278', 'O11') ON DUPLICATE KEY UPDATE serotipo_invitro = 'O11'; 
INSERT INTO secuencia(secuencia_id, aislado_id, complejo_clonal) VALUES ('1278', '1278', 'nan') ON DUPLICATE KEY UPDATE complejo_clonal = 'nan'; 
INSERT INTO metadata_general(aislado_id, aislado_nombre) VALUES ('1279', 'MAD03-009') ON DUPLICATE KEY UPDATE aislado_nombre = 'MAD03-009'; 
INSERT INTO fenotipo(fenotipo_id, aislado_id, serotipo_invitro) VALUES ('1247', '1279', 'O14') ON DUPLICATE KEY UPDATE serotipo_invitro = 'O14'; 
INSERT INTO secuencia(secuencia_id, aislado_id, complejo_clonal) VALUES ('1279', '1279', 'nan') ON DUPLICATE KEY UPDATE complejo_clonal = 'nan'; 
INSERT INTO metadata_general(aislado_id, aislado_nombre) VALUES ('1280', 'MAD03-018') ON DUPLICATE KEY UPDATE aislado_nombre = 'MAD03-018'; 
INSERT INTO fenotipo(fenotipo_id, aislado_id, serotipo_invitro) VALUES ('1248', '1280', 'O2') ON DUPLICATE KEY UPDATE serotipo_invitro = 'O2'; 
INSERT INTO secuencia(secuencia_id, aislado_id, complejo_clonal) VALUES ('1280', '1280', 'nan') ON DUPLICATE KEY UPDATE complejo_clonal = 'nan'; 
INSERT INTO metadata_general(aislado_id, aislado_nombre) VALUES ('1281', 'MAD03-004') ON DUPLICATE KEY UPDATE aislado_nombre = 'MAD03-004'; 
INSERT INTO fenotipo(fenotipo_id, aislado_id, serotipo_invitro) VALUES ('1249', '1281', 'O4') ON DUPLICATE KEY UPDATE serotipo_invitro = 'O4'; 
INSERT INTO secuencia(secuencia_id, aislado_id, complejo_clonal) VALUES ('1281', '1281', 'nan') ON DUPLICATE KEY UPDATE complejo_clonal = 'nan'; 
INSERT INTO metadata_general(aislado_id, aislado_nombre) VALUES ('1282', 'MAD03-012') ON DUPLICATE KEY UPDATE aislado_nombre = 'MAD03-012'; 
INSERT INTO fenotipo(fenotipo_id, aislado_id, serotipo_invitro) VALUES ('1250', '1282', 'O4') ON DUPLICATE KEY UPDATE serotipo_invitro = 'O4'; 
INSERT INTO secuencia(secuencia_id, aislado_id, complejo_clonal) VALUES ('1282', '1282', 'nan') ON DUPLICATE KEY UPDATE complejo_clonal = 'nan'; 
INSERT INTO metadata_general(aislado_id, aislado_nombre) VALUES ('1283', 'MAD03-021') ON DUPLICATE KEY UPDATE aislado_nombre = 'MAD03-021'; 
INSERT INTO fenotipo(fenotipo_id, aislado_id, serotipo_invitro) VALUES ('1251', '1283', 'O4') ON DUPLICATE KEY UPDATE serotipo_invitro = 'O4'; 
INSERT INTO secuencia(secuencia_id, aislado_id, complejo_clonal) VALUES ('1283', '1283', 'nan') ON DUPLICATE KEY UPDATE complejo_clonal = 'nan'; 
INSERT INTO metadata_general(aislado_id, aislado_nombre) VALUES ('1284', 'MAD03-031') ON DUPLICATE KEY UPDATE aislado_nombre = 'MAD03-031'; 
INSERT INTO fenotipo(fenotipo_id, aislado_id, serotipo_invitro) VALUES ('1252', '1284', 'O4') ON DUPLICATE KEY UPDATE serotipo_invitro = 'O4'; 
INSERT INTO secuencia(secuencia_id, aislado_id, complejo_clonal) VALUES ('1284', '1284', 'nan') ON DUPLICATE KEY UPDATE complejo_clonal = 'nan'; 
INSERT INTO metadata_general(aislado_id, aislado_nombre) VALUES ('1285', 'MAD03-011') ON DUPLICATE KEY UPDATE aislado_nombre = 'MAD03-011'; 
INSERT INTO fenotipo(fenotipo_id, aislado_id, serotipo_invitro) VALUES ('1253', '1285', 'O5') ON DUPLICATE KEY UPDATE serotipo_invitro = 'O5'; 
INSERT INTO secuencia(secuencia_id, aislado_id, complejo_clonal) VALUES ('1285', '1285', 'nan') ON DUPLICATE KEY UPDATE complejo_clonal = 'nan'; 
INSERT INTO metadata_general(aislado_id, aislado_nombre) VALUES ('1286', 'MAD03-022') ON DUPLICATE KEY UPDATE aislado_nombre = 'MAD03-022'; 
INSERT INTO fenotipo(fenotipo_id, aislado_id, serotipo_invitro) VALUES ('1254', '1286', 'O5') ON DUPLICATE KEY UPDATE serotipo_invitro = 'O5'; 
INSERT INTO secuencia(secuencia_id, aislado_id, complejo_clonal) VALUES ('1286', '1286', 'nan') ON DUPLICATE KEY UPDATE complejo_clonal = 'nan'; 
INSERT INTO metadata_general(aislado_id, aislado_nombre) VALUES ('1287', 'MAD03-014') ON DUPLICATE KEY UPDATE aislado_nombre = 'MAD03-014'; 
INSERT INTO fenotipo(fenotipo_id, aislado_id, serotipo_invitro) VALUES ('1255', '1287', 'O6') ON DUPLICATE KEY UPDATE serotipo_invitro = 'O6'; 
INSERT INTO secuencia(secuencia_id, aislado_id, complejo_clonal) VALUES ('1287', '1287', 'nan') ON DUPLICATE KEY UPDATE complejo_clonal = 'nan'; 
INSERT INTO metadata_general(aislado_id, aislado_nombre) VALUES ('1288', 'MAD03-029') ON DUPLICATE KEY UPDATE aislado_nombre = 'MAD03-029'; 
INSERT INTO fenotipo(fenotipo_id, aislado_id, serotipo_invitro) VALUES ('1256', '1288', 'O6') ON DUPLICATE KEY UPDATE serotipo_invitro = 'O6'; 
INSERT INTO secuencia(secuencia_id, aislado_id, complejo_clonal) VALUES ('1288', '1288', 'nan') ON DUPLICATE KEY UPDATE complejo_clonal = 'nan'; 
INSERT INTO metadata_general(aislado_id, aislado_nombre) VALUES ('1289', 'MAD03-034') ON DUPLICATE KEY UPDATE aislado_nombre = 'MAD03-034'; 
INSERT INTO fenotipo(fenotipo_id, aislado_id, serotipo_invitro) VALUES ('1257', '1289', 'O6') ON DUPLICATE KEY UPDATE serotipo_invitro = 'O6'; 
INSERT INTO secuencia(secuencia_id, aislado_id, complejo_clonal) VALUES ('1289', '1289', 'nan') ON DUPLICATE KEY UPDATE complejo_clonal = 'nan'; 
INSERT INTO metadata_general(aislado_id, aislado_nombre) VALUES ('1290', 'MAD03-005') ON DUPLICATE KEY UPDATE aislado_nombre = 'MAD03-005'; 
INSERT INTO fenotipo(fenotipo_id, aislado_id, serotipo_invitro) VALUES ('1258', '1290', 'O7') ON DUPLICATE KEY UPDATE serotipo_invitro = 'O7'; 
INSERT INTO secuencia(secuencia_id, aislado_id, complejo_clonal) VALUES ('1290', '1290', 'nan') ON DUPLICATE KEY UPDATE complejo_clonal = 'nan'; 
INSERT INTO metadata_general(aislado_id, aislado_nombre) VALUES ('1291', 'MAD03-007') ON DUPLICATE KEY UPDATE aislado_nombre = 'MAD03-007'; 
INSERT INTO fenotipo(fenotipo_id, aislado_id, serotipo_invitro) VALUES ('1259', '1291', 'O7') ON DUPLICATE KEY UPDATE serotipo_invitro = 'O7'; 
INSERT INTO secuencia(secuencia_id, aislado_id, complejo_clonal) VALUES ('1291', '1291', 'nan') ON DUPLICATE KEY UPDATE complejo_clonal = 'nan'; 
INSERT INTO metadata_general(aislado_id, aislado_nombre) VALUES ('1292', 'MAD03-028') ON DUPLICATE KEY UPDATE aislado_nombre = 'MAD03-028'; 
INSERT INTO fenotipo(fenotipo_id, aislado_id, serotipo_invitro) VALUES ('1260', '1292', 'O9') ON DUPLICATE KEY UPDATE serotipo_invitro = 'O9'; 
INSERT INTO secuencia(secuencia_id, aislado_id, complejo_clonal) VALUES ('1292', '1292', 'nan') ON DUPLICATE KEY UPDATE complejo_clonal = 'nan'; 
INSERT INTO metadata_general(aislado_id, aislado_nombre) VALUES ('155', 'MAD03-001') ON DUPLICATE KEY UPDATE aislado_nombre = 'MAD03-001'; 
INSERT INTO fenotipo(fenotipo_id, aislado_id, serotipo_invitro) VALUES ('1261', '155', 'O2') ON DUPLICATE KEY UPDATE serotipo_invitro = 'O2'; 
INSERT INTO secuencia(secuencia_id, aislado_id, complejo_clonal) VALUES ('155', '155', 'ST-244') ON DUPLICATE KEY UPDATE complejo_clonal = 'ST-244'; 
INSERT INTO metadata_general(aislado_id, aislado_nombre) VALUES ('158', 'MAD03-038') ON DUPLICATE KEY UPDATE aislado_nombre = 'MAD03-038'; 
INSERT INTO fenotipo(fenotipo_id, aislado_id, serotipo_invitro) VALUES ('1262', '158', 'O3') ON DUPLICATE KEY UPDATE serotipo_invitro = 'O3'; 
INSERT INTO secuencia(secuencia_id, aislado_id, complejo_clonal) VALUES ('158', '158', 'ST-217') ON DUPLICATE KEY UPDATE complejo_clonal = 'ST-217'; 
INSERT INTO metadata_general(aislado_id, aislado_nombre) VALUES ('156', 'MAD03-010') ON DUPLICATE KEY UPDATE aislado_nombre = 'MAD03-010'; 
INSERT INTO fenotipo(fenotipo_id, aislado_id, serotipo_invitro) VALUES ('1263', '156', 'O4') ON DUPLICATE KEY UPDATE serotipo_invitro = 'O4'; 
INSERT INTO secuencia(secuencia_id, aislado_id, complejo_clonal) VALUES ('156', '156', 'ST-175') ON DUPLICATE KEY UPDATE complejo_clonal = 'ST-175'; 
INSERT INTO metadata_general(aislado_id, aislado_nombre) VALUES ('157', 'MAD03-033') ON DUPLICATE KEY UPDATE aislado_nombre = 'MAD03-033'; 
INSERT INTO fenotipo(fenotipo_id, aislado_id, serotipo_invitro) VALUES ('1264', '157', 'O4') ON DUPLICATE KEY UPDATE serotipo_invitro = 'O4'; 
INSERT INTO secuencia(secuencia_id, aislado_id, complejo_clonal) VALUES ('157', '157', 'ST-175') ON DUPLICATE KEY UPDATE complejo_clonal = 'ST-175'; 
INSERT INTO metadata_general(aislado_id, aislado_nombre) VALUES ('1293', 'MAD03-039') ON DUPLICATE KEY UPDATE aislado_nombre = 'MAD03-039'; 
INSERT INTO fenotipo(fenotipo_id, aislado_id, serotipo_invitro) VALUES ('1265', '1293', 'O4') ON DUPLICATE KEY UPDATE serotipo_invitro = 'O4'; 
INSERT INTO secuencia(secuencia_id, aislado_id, complejo_clonal) VALUES ('1293', '1293', 'ST-175') ON DUPLICATE KEY UPDATE complejo_clonal = 'ST-175'; 
INSERT INTO metadata_general(aislado_id, aislado_nombre) VALUES ('1294', 'MAD04-013') ON DUPLICATE KEY UPDATE aislado_nombre = 'MAD04-013'; 
INSERT INTO fenotipo(fenotipo_id, aislado_id, serotipo_invitro) VALUES ('1266', '1294', 'No Aglutina') ON DUPLICATE KEY UPDATE serotipo_invitro = 'No Aglutina'; 
INSERT INTO secuencia(secuencia_id, aislado_id, complejo_clonal) VALUES ('1294', '1294', 'nan') ON DUPLICATE KEY UPDATE complejo_clonal = 'nan'; 
INSERT INTO metadata_general(aislado_id, aislado_nombre) VALUES ('1295', 'MAD04-029') ON DUPLICATE KEY UPDATE aislado_nombre = 'MAD04-029'; 
INSERT INTO fenotipo(fenotipo_id, aislado_id, serotipo_invitro) VALUES ('1267', '1295', 'No Aglutina') ON DUPLICATE KEY UPDATE serotipo_invitro = 'No Aglutina'; 
INSERT INTO secuencia(secuencia_id, aislado_id, complejo_clonal) VALUES ('1295', '1295', 'nan') ON DUPLICATE KEY UPDATE complejo_clonal = 'nan'; 
INSERT INTO metadata_general(aislado_id, aislado_nombre) VALUES ('1296', 'MAD04-002') ON DUPLICATE KEY UPDATE aislado_nombre = 'MAD04-002'; 
INSERT INTO fenotipo(fenotipo_id, aislado_id, serotipo_invitro) VALUES ('1268', '1296', 'O1') ON DUPLICATE KEY UPDATE serotipo_invitro = 'O1'; 
INSERT INTO secuencia(secuencia_id, aislado_id, complejo_clonal) VALUES ('1296', '1296', 'nan') ON DUPLICATE KEY UPDATE complejo_clonal = 'nan'; 
INSERT INTO metadata_general(aislado_id, aislado_nombre) VALUES ('1297', 'MAD04-003') ON DUPLICATE KEY UPDATE aislado_nombre = 'MAD04-003'; 
INSERT INTO fenotipo(fenotipo_id, aislado_id, serotipo_invitro) VALUES ('1269', '1297', 'O1') ON DUPLICATE KEY UPDATE serotipo_invitro = 'O1'; 
INSERT INTO secuencia(secuencia_id, aislado_id, complejo_clonal) VALUES ('1297', '1297', 'nan') ON DUPLICATE KEY UPDATE complejo_clonal = 'nan'; 
INSERT INTO metadata_general(aislado_id, aislado_nombre) VALUES ('1298', 'MAD04-027') ON DUPLICATE KEY UPDATE aislado_nombre = 'MAD04-027'; 
INSERT INTO fenotipo(fenotipo_id, aislado_id, serotipo_invitro) VALUES ('1270', '1298', 'O1+O6') ON DUPLICATE KEY UPDATE serotipo_invitro = 'O1+O6'; 
INSERT INTO secuencia(secuencia_id, aislado_id, complejo_clonal) VALUES ('1298', '1298', 'nan') ON DUPLICATE KEY UPDATE complejo_clonal = 'nan'; 
INSERT INTO metadata_general(aislado_id, aislado_nombre) VALUES ('1299', 'MAD04-021') ON DUPLICATE KEY UPDATE aislado_nombre = 'MAD04-021'; 
INSERT INTO fenotipo(fenotipo_id, aislado_id, serotipo_invitro) VALUES ('1271', '1299', 'O4') ON DUPLICATE KEY UPDATE serotipo_invitro = 'O4'; 
INSERT INTO secuencia(secuencia_id, aislado_id, complejo_clonal) VALUES ('1299', '1299', 'nan') ON DUPLICATE KEY UPDATE complejo_clonal = 'nan'; 
INSERT INTO metadata_general(aislado_id, aislado_nombre) VALUES ('1300', 'MAD04-009') ON DUPLICATE KEY UPDATE aislado_nombre = 'MAD04-009'; 
INSERT INTO fenotipo(fenotipo_id, aislado_id, serotipo_invitro) VALUES ('1272', '1300', 'O6') ON DUPLICATE KEY UPDATE serotipo_invitro = 'O6'; 
INSERT INTO secuencia(secuencia_id, aislado_id, complejo_clonal) VALUES ('1300', '1300', 'nan') ON DUPLICATE KEY UPDATE complejo_clonal = 'nan'; 
INSERT INTO metadata_general(aislado_id, aislado_nombre) VALUES ('1301', 'MAD04-012') ON DUPLICATE KEY UPDATE aislado_nombre = 'MAD04-012'; 
INSERT INTO fenotipo(fenotipo_id, aislado_id, serotipo_invitro) VALUES ('1273', '1301', 'O6') ON DUPLICATE KEY UPDATE serotipo_invitro = 'O6'; 
INSERT INTO secuencia(secuencia_id, aislado_id, complejo_clonal) VALUES ('1301', '1301', 'nan') ON DUPLICATE KEY UPDATE complejo_clonal = 'nan'; 
INSERT INTO metadata_general(aislado_id, aislado_nombre) VALUES ('1302', 'MAD04-018') ON DUPLICATE KEY UPDATE aislado_nombre = 'MAD04-018'; 
INSERT INTO fenotipo(fenotipo_id, aislado_id, serotipo_invitro) VALUES ('1274', '1302', 'No Aglutina') ON DUPLICATE KEY UPDATE serotipo_invitro = 'No Aglutina'; 
INSERT INTO secuencia(secuencia_id, aislado_id, complejo_clonal) VALUES ('1302', '1302', 'nan') ON DUPLICATE KEY UPDATE complejo_clonal = 'nan'; 
INSERT INTO metadata_general(aislado_id, aislado_nombre) VALUES ('1303', 'MAD04-034') ON DUPLICATE KEY UPDATE aislado_nombre = 'MAD04-034'; 
INSERT INTO fenotipo(fenotipo_id, aislado_id, serotipo_invitro) VALUES ('1275', '1303', 'No Aglutina') ON DUPLICATE KEY UPDATE serotipo_invitro = 'No Aglutina'; 
INSERT INTO secuencia(secuencia_id, aislado_id, complejo_clonal) VALUES ('1303', '1303', 'nan') ON DUPLICATE KEY UPDATE complejo_clonal = 'nan'; 
INSERT INTO metadata_general(aislado_id, aislado_nombre) VALUES ('1304', 'MAD04-037') ON DUPLICATE KEY UPDATE aislado_nombre = 'MAD04-037'; 
INSERT INTO fenotipo(fenotipo_id, aislado_id, serotipo_invitro) VALUES ('1276', '1304', 'No Aglutina') ON DUPLICATE KEY UPDATE serotipo_invitro = 'No Aglutina'; 
INSERT INTO secuencia(secuencia_id, aislado_id, complejo_clonal) VALUES ('1304', '1304', 'nan') ON DUPLICATE KEY UPDATE complejo_clonal = 'nan'; 
INSERT INTO metadata_general(aislado_id, aislado_nombre) VALUES ('1305', 'MAD04-001') ON DUPLICATE KEY UPDATE aislado_nombre = 'MAD04-001'; 
INSERT INTO fenotipo(fenotipo_id, aislado_id, serotipo_invitro) VALUES ('1277', '1305', 'O1') ON DUPLICATE KEY UPDATE serotipo_invitro = 'O1'; 
INSERT INTO secuencia(secuencia_id, aislado_id, complejo_clonal) VALUES ('1305', '1305', 'nan') ON DUPLICATE KEY UPDATE complejo_clonal = 'nan'; 
INSERT INTO metadata_general(aislado_id, aislado_nombre) VALUES ('1306', 'MAD04-017') ON DUPLICATE KEY UPDATE aislado_nombre = 'MAD04-017'; 
INSERT INTO fenotipo(fenotipo_id, aislado_id, serotipo_invitro) VALUES ('1278', '1306', 'O10') ON DUPLICATE KEY UPDATE serotipo_invitro = 'O10'; 
INSERT INTO secuencia(secuencia_id, aislado_id, complejo_clonal) VALUES ('1306', '1306', 'nan') ON DUPLICATE KEY UPDATE complejo_clonal = 'nan'; 
INSERT INTO metadata_general(aislado_id, aislado_nombre) VALUES ('1307', 'MAD04-038') ON DUPLICATE KEY UPDATE aislado_nombre = 'MAD04-038'; 
INSERT INTO fenotipo(fenotipo_id, aislado_id, serotipo_invitro) VALUES ('1279', '1307', 'O11') ON DUPLICATE KEY UPDATE serotipo_invitro = 'O11'; 
INSERT INTO secuencia(secuencia_id, aislado_id, complejo_clonal) VALUES ('1307', '1307', 'nan') ON DUPLICATE KEY UPDATE complejo_clonal = 'nan'; 
INSERT INTO metadata_general(aislado_id, aislado_nombre) VALUES ('1308', 'MAD04-020') ON DUPLICATE KEY UPDATE aislado_nombre = 'MAD04-020'; 
INSERT INTO fenotipo(fenotipo_id, aislado_id, serotipo_invitro) VALUES ('1280', '1308', 'O5') ON DUPLICATE KEY UPDATE serotipo_invitro = 'O5'; 
INSERT INTO secuencia(secuencia_id, aislado_id, complejo_clonal) VALUES ('1308', '1308', 'nan') ON DUPLICATE KEY UPDATE complejo_clonal = 'nan'; 
INSERT INTO metadata_general(aislado_id, aislado_nombre) VALUES ('1309', 'MAD04-031') ON DUPLICATE KEY UPDATE aislado_nombre = 'MAD04-031'; 
INSERT INTO fenotipo(fenotipo_id, aislado_id, serotipo_invitro) VALUES ('1281', '1309', 'O5') ON DUPLICATE KEY UPDATE serotipo_invitro = 'O5'; 
INSERT INTO secuencia(secuencia_id, aislado_id, complejo_clonal) VALUES ('1309', '1309', 'nan') ON DUPLICATE KEY UPDATE complejo_clonal = 'nan'; 
INSERT INTO metadata_general(aislado_id, aislado_nombre) VALUES ('1310', 'MAD04-004') ON DUPLICATE KEY UPDATE aislado_nombre = 'MAD04-004'; 
INSERT INTO fenotipo(fenotipo_id, aislado_id, serotipo_invitro) VALUES ('1282', '1310', 'O6') ON DUPLICATE KEY UPDATE serotipo_invitro = 'O6'; 
INSERT INTO secuencia(secuencia_id, aislado_id, complejo_clonal) VALUES ('1310', '1310', 'nan') ON DUPLICATE KEY UPDATE complejo_clonal = 'nan'; 
INSERT INTO metadata_general(aislado_id, aislado_nombre) VALUES ('1311', 'MAD04-026') ON DUPLICATE KEY UPDATE aislado_nombre = 'MAD04-026'; 
INSERT INTO fenotipo(fenotipo_id, aislado_id, serotipo_invitro) VALUES ('1283', '1311', 'O6') ON DUPLICATE KEY UPDATE serotipo_invitro = 'O6'; 
INSERT INTO secuencia(secuencia_id, aislado_id, complejo_clonal) VALUES ('1311', '1311', 'nan') ON DUPLICATE KEY UPDATE complejo_clonal = 'nan'; 
INSERT INTO metadata_general(aislado_id, aislado_nombre) VALUES ('1312', 'MAD04-030') ON DUPLICATE KEY UPDATE aislado_nombre = 'MAD04-030'; 
INSERT INTO fenotipo(fenotipo_id, aislado_id, serotipo_invitro) VALUES ('1284', '1312', 'O6') ON DUPLICATE KEY UPDATE serotipo_invitro = 'O6'; 
INSERT INTO secuencia(secuencia_id, aislado_id, complejo_clonal) VALUES ('1312', '1312', 'nan') ON DUPLICATE KEY UPDATE complejo_clonal = 'nan'; 
INSERT INTO metadata_general(aislado_id, aislado_nombre) VALUES ('1313', 'MAD04-035') ON DUPLICATE KEY UPDATE aislado_nombre = 'MAD04-035'; 
INSERT INTO fenotipo(fenotipo_id, aislado_id, serotipo_invitro) VALUES ('1285', '1313', 'O6') ON DUPLICATE KEY UPDATE serotipo_invitro = 'O6'; 
INSERT INTO secuencia(secuencia_id, aislado_id, complejo_clonal) VALUES ('1313', '1313', 'nan') ON DUPLICATE KEY UPDATE complejo_clonal = 'nan'; 
INSERT INTO metadata_general(aislado_id, aislado_nombre) VALUES ('1314', 'MAD04-025') ON DUPLICATE KEY UPDATE aislado_nombre = 'MAD04-025'; 
INSERT INTO fenotipo(fenotipo_id, aislado_id, serotipo_invitro) VALUES ('1286', '1314', 'O7+O8') ON DUPLICATE KEY UPDATE serotipo_invitro = 'O7+O8'; 
INSERT INTO secuencia(secuencia_id, aislado_id, complejo_clonal) VALUES ('1314', '1314', 'nan') ON DUPLICATE KEY UPDATE complejo_clonal = 'nan'; 
INSERT INTO metadata_general(aislado_id, aislado_nombre) VALUES ('1315', 'MAD04-036') ON DUPLICATE KEY UPDATE aislado_nombre = 'MAD04-036'; 
INSERT INTO fenotipo(fenotipo_id, aislado_id, serotipo_invitro) VALUES ('1287', '1315', 'O7+O8') ON DUPLICATE KEY UPDATE serotipo_invitro = 'O7+O8'; 
INSERT INTO secuencia(secuencia_id, aislado_id, complejo_clonal) VALUES ('1315', '1315', 'nan') ON DUPLICATE KEY UPDATE complejo_clonal = 'nan'; 
INSERT INTO metadata_general(aislado_id, aislado_nombre) VALUES ('159', 'MAD04-005') ON DUPLICATE KEY UPDATE aislado_nombre = 'MAD04-005'; 
INSERT INTO fenotipo(fenotipo_id, aislado_id, serotipo_invitro) VALUES ('1288', '159', 'No Aglutina') ON DUPLICATE KEY UPDATE serotipo_invitro = 'No Aglutina'; 
INSERT INTO secuencia(secuencia_id, aislado_id, complejo_clonal) VALUES ('159', '159', 'ST-1068') ON DUPLICATE KEY UPDATE complejo_clonal = 'ST-1068'; 
INSERT INTO metadata_general(aislado_id, aislado_nombre) VALUES ('160', 'MAD04-008') ON DUPLICATE KEY UPDATE aislado_nombre = 'MAD04-008'; 
INSERT INTO fenotipo(fenotipo_id, aislado_id, serotipo_invitro) VALUES ('1289', '160', 'O1') ON DUPLICATE KEY UPDATE serotipo_invitro = 'O1'; 
INSERT INTO secuencia(secuencia_id, aislado_id, complejo_clonal) VALUES ('160', '160', 'ST-27') ON DUPLICATE KEY UPDATE complejo_clonal = 'ST-27'; 
INSERT INTO metadata_general(aislado_id, aislado_nombre) VALUES ('161', 'MAD04-010') ON DUPLICATE KEY UPDATE aislado_nombre = 'MAD04-010'; 
INSERT INTO fenotipo(fenotipo_id, aislado_id, serotipo_invitro) VALUES ('1290', '161', 'No aglutina') ON DUPLICATE KEY UPDATE serotipo_invitro = 'No aglutina'; 
INSERT INTO secuencia(secuencia_id, aislado_id, complejo_clonal) VALUES ('161', '161', 'ST-175') ON DUPLICATE KEY UPDATE complejo_clonal = 'ST-175'; 
INSERT INTO metadata_general(aislado_id, aislado_nombre) VALUES ('162', 'MAD04-011') ON DUPLICATE KEY UPDATE aislado_nombre = 'MAD04-011'; 
INSERT INTO fenotipo(fenotipo_id, aislado_id, serotipo_invitro) VALUES ('1291', '162', 'O1') ON DUPLICATE KEY UPDATE serotipo_invitro = 'O1'; 
INSERT INTO secuencia(secuencia_id, aislado_id, complejo_clonal) VALUES ('162', '162', 'ST-235') ON DUPLICATE KEY UPDATE complejo_clonal = 'ST-235'; 
INSERT INTO metadata_general(aislado_id, aislado_nombre) VALUES ('164', 'MAD04-016') ON DUPLICATE KEY UPDATE aislado_nombre = 'MAD04-016'; 
INSERT INTO fenotipo(fenotipo_id, aislado_id, serotipo_invitro) VALUES ('1292', '164', 'O1') ON DUPLICATE KEY UPDATE serotipo_invitro = 'O1'; 
INSERT INTO secuencia(secuencia_id, aislado_id, complejo_clonal) VALUES ('164', '164', 'ST-499') ON DUPLICATE KEY UPDATE complejo_clonal = 'ST-499'; 
INSERT INTO metadata_general(aislado_id, aislado_nombre) VALUES ('163', 'MAD04-014') ON DUPLICATE KEY UPDATE aislado_nombre = 'MAD04-014'; 
INSERT INTO fenotipo(fenotipo_id, aislado_id, serotipo_invitro) VALUES ('1293', '163', 'O6') ON DUPLICATE KEY UPDATE serotipo_invitro = 'O6'; 
INSERT INTO secuencia(secuencia_id, aislado_id, complejo_clonal) VALUES ('163', '163', 'ST-189') ON DUPLICATE KEY UPDATE complejo_clonal = 'ST-189'; 
INSERT INTO metadata_general(aislado_id, aislado_nombre) VALUES ('165', 'MAD04-028') ON DUPLICATE KEY UPDATE aislado_nombre = 'MAD04-028'; 
INSERT INTO fenotipo(fenotipo_id, aislado_id, serotipo_invitro) VALUES ('1294', '165', 'O6') ON DUPLICATE KEY UPDATE serotipo_invitro = 'O6'; 
INSERT INTO secuencia(secuencia_id, aislado_id, complejo_clonal) VALUES ('165', '165', 'ST-792') ON DUPLICATE KEY UPDATE complejo_clonal = 'ST-792'; 
INSERT INTO metadata_general(aislado_id, aislado_nombre) VALUES ('166', 'MAD04-041') ON DUPLICATE KEY UPDATE aislado_nombre = 'MAD04-041'; 
INSERT INTO fenotipo(fenotipo_id, aislado_id, serotipo_invitro) VALUES ('1295', '166', 'O6') ON DUPLICATE KEY UPDATE serotipo_invitro = 'O6'; 
INSERT INTO secuencia(secuencia_id, aislado_id, complejo_clonal) VALUES ('166', '166', 'ST-155') ON DUPLICATE KEY UPDATE complejo_clonal = 'ST-155'; 
INSERT INTO metadata_general(aislado_id, aislado_nombre) VALUES ('1316', 'MAD05-009') ON DUPLICATE KEY UPDATE aislado_nombre = 'MAD05-009'; 
INSERT INTO fenotipo(fenotipo_id, aislado_id, serotipo_invitro) VALUES ('1296', '1316', 'O1') ON DUPLICATE KEY UPDATE serotipo_invitro = 'O1'; 
INSERT INTO secuencia(secuencia_id, aislado_id, complejo_clonal) VALUES ('1316', '1316', 'nan') ON DUPLICATE KEY UPDATE complejo_clonal = 'nan'; 
INSERT INTO metadata_general(aislado_id, aislado_nombre) VALUES ('1317', 'MAD05-032') ON DUPLICATE KEY UPDATE aislado_nombre = 'MAD05-032'; 
INSERT INTO fenotipo(fenotipo_id, aislado_id, serotipo_invitro) VALUES ('1297', '1317', 'O11') ON DUPLICATE KEY UPDATE serotipo_invitro = 'O11'; 
INSERT INTO secuencia(secuencia_id, aislado_id, complejo_clonal) VALUES ('1317', '1317', 'nan') ON DUPLICATE KEY UPDATE complejo_clonal = 'nan'; 
INSERT INTO metadata_general(aislado_id, aislado_nombre) VALUES ('1318', 'MAD05-018') ON DUPLICATE KEY UPDATE aislado_nombre = 'MAD05-018'; 
INSERT INTO fenotipo(fenotipo_id, aislado_id, serotipo_invitro) VALUES ('1298', '1318', 'O1') ON DUPLICATE KEY UPDATE serotipo_invitro = 'O1'; 
INSERT INTO secuencia(secuencia_id, aislado_id, complejo_clonal) VALUES ('1318', '1318', 'nan') ON DUPLICATE KEY UPDATE complejo_clonal = 'nan'; 
INSERT INTO metadata_general(aislado_id, aislado_nombre) VALUES ('1319', 'MAD05-043') ON DUPLICATE KEY UPDATE aislado_nombre = 'MAD05-043'; 
INSERT INTO fenotipo(fenotipo_id, aislado_id, serotipo_invitro) VALUES ('1299', '1319', 'O1') ON DUPLICATE KEY UPDATE serotipo_invitro = 'O1'; 
INSERT INTO secuencia(secuencia_id, aislado_id, complejo_clonal) VALUES ('1319', '1319', 'nan') ON DUPLICATE KEY UPDATE complejo_clonal = 'nan'; 
INSERT INTO metadata_general(aislado_id, aislado_nombre) VALUES ('1320', 'MAD05-021') ON DUPLICATE KEY UPDATE aislado_nombre = 'MAD05-021'; 
INSERT INTO fenotipo(fenotipo_id, aislado_id, serotipo_invitro) VALUES ('1300', '1320', 'O10') ON DUPLICATE KEY UPDATE serotipo_invitro = 'O10'; 
INSERT INTO secuencia(secuencia_id, aislado_id, complejo_clonal) VALUES ('1320', '1320', 'nan') ON DUPLICATE KEY UPDATE complejo_clonal = 'nan'; 
INSERT INTO metadata_general(aislado_id, aislado_nombre) VALUES ('1321', 'MAD05-006') ON DUPLICATE KEY UPDATE aislado_nombre = 'MAD05-006'; 
INSERT INTO fenotipo(fenotipo_id, aislado_id, serotipo_invitro) VALUES ('1301', '1321', 'O11') ON DUPLICATE KEY UPDATE serotipo_invitro = 'O11'; 
INSERT INTO secuencia(secuencia_id, aislado_id, complejo_clonal) VALUES ('1321', '1321', 'nan') ON DUPLICATE KEY UPDATE complejo_clonal = 'nan'; 
INSERT INTO metadata_general(aislado_id, aislado_nombre) VALUES ('1322', 'MAD05-016') ON DUPLICATE KEY UPDATE aislado_nombre = 'MAD05-016'; 
INSERT INTO fenotipo(fenotipo_id, aislado_id, serotipo_invitro) VALUES ('1302', '1322', 'O11') ON DUPLICATE KEY UPDATE serotipo_invitro = 'O11'; 
INSERT INTO secuencia(secuencia_id, aislado_id, complejo_clonal) VALUES ('1322', '1322', 'nan') ON DUPLICATE KEY UPDATE complejo_clonal = 'nan'; 
INSERT INTO metadata_general(aislado_id, aislado_nombre) VALUES ('1323', 'MAD05-030') ON DUPLICATE KEY UPDATE aislado_nombre = 'MAD05-030'; 
INSERT INTO fenotipo(fenotipo_id, aislado_id, serotipo_invitro) VALUES ('1303', '1323', 'O11') ON DUPLICATE KEY UPDATE serotipo_invitro = 'O11'; 
INSERT INTO secuencia(secuencia_id, aislado_id, complejo_clonal) VALUES ('1323', '1323', 'nan') ON DUPLICATE KEY UPDATE complejo_clonal = 'nan'; 
INSERT INTO metadata_general(aislado_id, aislado_nombre) VALUES ('1324', 'MAD05-040') ON DUPLICATE KEY UPDATE aislado_nombre = 'MAD05-040'; 
INSERT INTO fenotipo(fenotipo_id, aislado_id, serotipo_invitro) VALUES ('1304', '1324', 'O11') ON DUPLICATE KEY UPDATE serotipo_invitro = 'O11'; 
INSERT INTO secuencia(secuencia_id, aislado_id, complejo_clonal) VALUES ('1324', '1324', 'nan') ON DUPLICATE KEY UPDATE complejo_clonal = 'nan'; 
INSERT INTO metadata_general(aislado_id, aislado_nombre) VALUES ('1325', 'MAD05-044') ON DUPLICATE KEY UPDATE aislado_nombre = 'MAD05-044'; 
INSERT INTO fenotipo(fenotipo_id, aislado_id, serotipo_invitro) VALUES ('1305', '1325', 'O11') ON DUPLICATE KEY UPDATE serotipo_invitro = 'O11'; 
INSERT INTO secuencia(secuencia_id, aislado_id, complejo_clonal) VALUES ('1325', '1325', 'nan') ON DUPLICATE KEY UPDATE complejo_clonal = 'nan'; 
INSERT INTO metadata_general(aislado_id, aislado_nombre) VALUES ('1326', 'MAD05-038') ON DUPLICATE KEY UPDATE aislado_nombre = 'MAD05-038'; 
INSERT INTO fenotipo(fenotipo_id, aislado_id, serotipo_invitro) VALUES ('1306', '1326', 'O3') ON DUPLICATE KEY UPDATE serotipo_invitro = 'O3'; 
INSERT INTO secuencia(secuencia_id, aislado_id, complejo_clonal) VALUES ('1326', '1326', 'nan') ON DUPLICATE KEY UPDATE complejo_clonal = 'nan'; 
INSERT INTO metadata_general(aislado_id, aislado_nombre) VALUES ('1327', 'MAD05-011') ON DUPLICATE KEY UPDATE aislado_nombre = 'MAD05-011'; 
INSERT INTO fenotipo(fenotipo_id, aislado_id, serotipo_invitro) VALUES ('1307', '1327', 'O4') ON DUPLICATE KEY UPDATE serotipo_invitro = 'O4'; 
INSERT INTO secuencia(secuencia_id, aislado_id, complejo_clonal) VALUES ('1327', '1327', 'nan') ON DUPLICATE KEY UPDATE complejo_clonal = 'nan'; 
INSERT INTO metadata_general(aislado_id, aislado_nombre) VALUES ('1328', 'MAD05-022') ON DUPLICATE KEY UPDATE aislado_nombre = 'MAD05-022'; 
INSERT INTO fenotipo(fenotipo_id, aislado_id, serotipo_invitro) VALUES ('1308', '1328', 'O4') ON DUPLICATE KEY UPDATE serotipo_invitro = 'O4'; 
INSERT INTO secuencia(secuencia_id, aislado_id, complejo_clonal) VALUES ('1328', '1328', 'nan') ON DUPLICATE KEY UPDATE complejo_clonal = 'nan'; 
INSERT INTO metadata_general(aislado_id, aislado_nombre) VALUES ('1329', 'MAD05-045') ON DUPLICATE KEY UPDATE aislado_nombre = 'MAD05-045'; 
INSERT INTO fenotipo(fenotipo_id, aislado_id, serotipo_invitro) VALUES ('1309', '1329', 'O5') ON DUPLICATE KEY UPDATE serotipo_invitro = 'O5'; 
INSERT INTO secuencia(secuencia_id, aislado_id, complejo_clonal) VALUES ('1329', '1329', 'nan') ON DUPLICATE KEY UPDATE complejo_clonal = 'nan'; 
INSERT INTO metadata_general(aislado_id, aislado_nombre) VALUES ('1330', 'MAD05-003') ON DUPLICATE KEY UPDATE aislado_nombre = 'MAD05-003'; 
INSERT INTO fenotipo(fenotipo_id, aislado_id, serotipo_invitro) VALUES ('1310', '1330', 'O6') ON DUPLICATE KEY UPDATE serotipo_invitro = 'O6'; 
INSERT INTO secuencia(secuencia_id, aislado_id, complejo_clonal) VALUES ('1330', '1330', 'nan') ON DUPLICATE KEY UPDATE complejo_clonal = 'nan'; 
INSERT INTO metadata_general(aislado_id, aislado_nombre) VALUES ('1331', 'MAD05-008') ON DUPLICATE KEY UPDATE aislado_nombre = 'MAD05-008'; 
INSERT INTO fenotipo(fenotipo_id, aislado_id, serotipo_invitro) VALUES ('1311', '1331', 'O6') ON DUPLICATE KEY UPDATE serotipo_invitro = 'O6'; 
INSERT INTO secuencia(secuencia_id, aislado_id, complejo_clonal) VALUES ('1331', '1331', 'nan') ON DUPLICATE KEY UPDATE complejo_clonal = 'nan'; 
INSERT INTO metadata_general(aislado_id, aislado_nombre) VALUES ('1332', 'MAD05-013') ON DUPLICATE KEY UPDATE aislado_nombre = 'MAD05-013'; 
INSERT INTO fenotipo(fenotipo_id, aislado_id, serotipo_invitro) VALUES ('1312', '1332', 'O6') ON DUPLICATE KEY UPDATE serotipo_invitro = 'O6'; 
INSERT INTO secuencia(secuencia_id, aislado_id, complejo_clonal) VALUES ('1332', '1332', 'nan') ON DUPLICATE KEY UPDATE complejo_clonal = 'nan'; 
INSERT INTO metadata_general(aislado_id, aislado_nombre) VALUES ('1333', 'MAD05-014') ON DUPLICATE KEY UPDATE aislado_nombre = 'MAD05-014'; 
INSERT INTO fenotipo(fenotipo_id, aislado_id, serotipo_invitro) VALUES ('1313', '1333', 'O6') ON DUPLICATE KEY UPDATE serotipo_invitro = 'O6'; 
INSERT INTO secuencia(secuencia_id, aislado_id, complejo_clonal) VALUES ('1333', '1333', 'nan') ON DUPLICATE KEY UPDATE complejo_clonal = 'nan'; 
INSERT INTO metadata_general(aislado_id, aislado_nombre) VALUES ('1334', 'MAD05-015') ON DUPLICATE KEY UPDATE aislado_nombre = 'MAD05-015'; 
INSERT INTO fenotipo(fenotipo_id, aislado_id, serotipo_invitro) VALUES ('1314', '1334', 'O6') ON DUPLICATE KEY UPDATE serotipo_invitro = 'O6'; 
INSERT INTO secuencia(secuencia_id, aislado_id, complejo_clonal) VALUES ('1334', '1334', 'nan') ON DUPLICATE KEY UPDATE complejo_clonal = 'nan'; 
INSERT INTO metadata_general(aislado_id, aislado_nombre) VALUES ('1335', 'MAD05-025') ON DUPLICATE KEY UPDATE aislado_nombre = 'MAD05-025'; 
INSERT INTO fenotipo(fenotipo_id, aislado_id, serotipo_invitro) VALUES ('1315', '1335', 'O6') ON DUPLICATE KEY UPDATE serotipo_invitro = 'O6'; 
INSERT INTO secuencia(secuencia_id, aislado_id, complejo_clonal) VALUES ('1335', '1335', 'nan') ON DUPLICATE KEY UPDATE complejo_clonal = 'nan'; 
INSERT INTO metadata_general(aislado_id, aislado_nombre) VALUES ('1336', 'MAD05-028A') ON DUPLICATE KEY UPDATE aislado_nombre = 'MAD05-028A'; 
INSERT INTO fenotipo(fenotipo_id, aislado_id, serotipo_invitro) VALUES ('1316', '1336', 'O6') ON DUPLICATE KEY UPDATE serotipo_invitro = 'O6'; 
INSERT INTO secuencia(secuencia_id, aislado_id, complejo_clonal) VALUES ('1336', '1336', 'nan') ON DUPLICATE KEY UPDATE complejo_clonal = 'nan'; 
INSERT INTO metadata_general(aislado_id, aislado_nombre) VALUES ('1337', 'MAD05-031') ON DUPLICATE KEY UPDATE aislado_nombre = 'MAD05-031'; 
INSERT INTO fenotipo(fenotipo_id, aislado_id, serotipo_invitro) VALUES ('1317', '1337', 'O6') ON DUPLICATE KEY UPDATE serotipo_invitro = 'O6'; 
INSERT INTO secuencia(secuencia_id, aislado_id, complejo_clonal) VALUES ('1337', '1337', 'nan') ON DUPLICATE KEY UPDATE complejo_clonal = 'nan'; 
INSERT INTO metadata_general(aislado_id, aislado_nombre) VALUES ('1338', 'MAD05-036') ON DUPLICATE KEY UPDATE aislado_nombre = 'MAD05-036'; 
INSERT INTO fenotipo(fenotipo_id, aislado_id, serotipo_invitro) VALUES ('1318', '1338', 'O7') ON DUPLICATE KEY UPDATE serotipo_invitro = 'O7'; 
INSERT INTO secuencia(secuencia_id, aislado_id, complejo_clonal) VALUES ('1338', '1338', 'nan') ON DUPLICATE KEY UPDATE complejo_clonal = 'nan'; 
INSERT INTO metadata_general(aislado_id, aislado_nombre) VALUES ('1339', 'MAD05-037') ON DUPLICATE KEY UPDATE aislado_nombre = 'MAD05-037'; 
INSERT INTO fenotipo(fenotipo_id, aislado_id, serotipo_invitro) VALUES ('1319', '1339', 'O7') ON DUPLICATE KEY UPDATE serotipo_invitro = 'O7'; 
INSERT INTO secuencia(secuencia_id, aislado_id, complejo_clonal) VALUES ('1339', '1339', 'nan') ON DUPLICATE KEY UPDATE complejo_clonal = 'nan'; 
INSERT INTO metadata_general(aislado_id, aislado_nombre) VALUES ('1340', 'MAD05-042') ON DUPLICATE KEY UPDATE aislado_nombre = 'MAD05-042'; 
INSERT INTO fenotipo(fenotipo_id, aislado_id, serotipo_invitro) VALUES ('1320', '1340', 'O7') ON DUPLICATE KEY UPDATE serotipo_invitro = 'O7'; 
INSERT INTO secuencia(secuencia_id, aislado_id, complejo_clonal) VALUES ('1340', '1340', 'nan') ON DUPLICATE KEY UPDATE complejo_clonal = 'nan'; 
INSERT INTO metadata_general(aislado_id, aislado_nombre) VALUES ('1341', 'MAD05-026A') ON DUPLICATE KEY UPDATE aislado_nombre = 'MAD05-026A'; 
INSERT INTO fenotipo(fenotipo_id, aislado_id, serotipo_invitro) VALUES ('1321', '1341', 'O4') ON DUPLICATE KEY UPDATE serotipo_invitro = 'O4'; 
INSERT INTO secuencia(secuencia_id, aislado_id, complejo_clonal) VALUES ('1341', '1341', 'ST-175') ON DUPLICATE KEY UPDATE complejo_clonal = 'ST-175'; 
INSERT INTO metadata_general(aislado_id, aislado_nombre) VALUES ('168', 'MAD05-020') ON DUPLICATE KEY UPDATE aislado_nombre = 'MAD05-020'; 
INSERT INTO fenotipo(fenotipo_id, aislado_id, serotipo_invitro) VALUES ('1322', '168', 'O11') ON DUPLICATE KEY UPDATE serotipo_invitro = 'O11'; 
INSERT INTO secuencia(secuencia_id, aislado_id, complejo_clonal) VALUES ('168', '168', 'ST-3153') ON DUPLICATE KEY UPDATE complejo_clonal = 'ST-3153'; 
INSERT INTO metadata_general(aislado_id, aislado_nombre) VALUES ('170', 'MAD05-027') ON DUPLICATE KEY UPDATE aislado_nombre = 'MAD05-027'; 
INSERT INTO fenotipo(fenotipo_id, aislado_id, serotipo_invitro) VALUES ('1323', '170', 'O11') ON DUPLICATE KEY UPDATE serotipo_invitro = 'O11'; 
INSERT INTO secuencia(secuencia_id, aislado_id, complejo_clonal) VALUES ('170', '170', 'ST-3153') ON DUPLICATE KEY UPDATE complejo_clonal = 'ST-3153'; 
INSERT INTO metadata_general(aislado_id, aislado_nombre) VALUES ('167', 'MAD05-017') ON DUPLICATE KEY UPDATE aislado_nombre = 'MAD05-017'; 
INSERT INTO fenotipo(fenotipo_id, aislado_id, serotipo_invitro) VALUES ('1324', '167', 'O4') ON DUPLICATE KEY UPDATE serotipo_invitro = 'O4'; 
INSERT INTO secuencia(secuencia_id, aislado_id, complejo_clonal) VALUES ('167', '167', 'ST-175') ON DUPLICATE KEY UPDATE complejo_clonal = 'ST-175'; 
INSERT INTO metadata_general(aislado_id, aislado_nombre) VALUES ('171', 'MAD05-041') ON DUPLICATE KEY UPDATE aislado_nombre = 'MAD05-041'; 
INSERT INTO fenotipo(fenotipo_id, aislado_id, serotipo_invitro) VALUES ('1325', '171', 'No Aglutina') ON DUPLICATE KEY UPDATE serotipo_invitro = 'No Aglutina'; 
INSERT INTO secuencia(secuencia_id, aislado_id, complejo_clonal) VALUES ('171', '171', 'ST-111') ON DUPLICATE KEY UPDATE complejo_clonal = 'ST-111'; 
INSERT INTO metadata_general(aislado_id, aislado_nombre) VALUES ('1342', 'MAD06-010') ON DUPLICATE KEY UPDATE aislado_nombre = 'MAD06-010'; 
INSERT INTO fenotipo(fenotipo_id, aislado_id, serotipo_invitro) VALUES ('1326', '1342', 'O1') ON DUPLICATE KEY UPDATE serotipo_invitro = 'O1'; 
INSERT INTO secuencia(secuencia_id, aislado_id, complejo_clonal) VALUES ('1342', '1342', 'nan') ON DUPLICATE KEY UPDATE complejo_clonal = 'nan'; 
INSERT INTO metadata_general(aislado_id, aislado_nombre) VALUES ('1343', 'MAD06-031') ON DUPLICATE KEY UPDATE aislado_nombre = 'MAD06-031'; 
INSERT INTO fenotipo(fenotipo_id, aislado_id, serotipo_invitro) VALUES ('1327', '1343', 'O2') ON DUPLICATE KEY UPDATE serotipo_invitro = 'O2'; 
INSERT INTO secuencia(secuencia_id, aislado_id, complejo_clonal) VALUES ('1343', '1343', 'nan') ON DUPLICATE KEY UPDATE complejo_clonal = 'nan'; 
INSERT INTO metadata_general(aislado_id, aislado_nombre) VALUES ('1344', 'MAD06-008') ON DUPLICATE KEY UPDATE aislado_nombre = 'MAD06-008'; 
INSERT INTO fenotipo(fenotipo_id, aislado_id, serotipo_invitro) VALUES ('1328', '1344', 'O2+O6') ON DUPLICATE KEY UPDATE serotipo_invitro = 'O2+O6'; 
INSERT INTO secuencia(secuencia_id, aislado_id, complejo_clonal) VALUES ('1344', '1344', 'nan') ON DUPLICATE KEY UPDATE complejo_clonal = 'nan'; 
INSERT INTO metadata_general(aislado_id, aislado_nombre) VALUES ('1345', 'MAD06-027') ON DUPLICATE KEY UPDATE aislado_nombre = 'MAD06-027'; 
INSERT INTO fenotipo(fenotipo_id, aislado_id, serotipo_invitro) VALUES ('1329', '1345', 'O4') ON DUPLICATE KEY UPDATE serotipo_invitro = 'O4'; 
INSERT INTO secuencia(secuencia_id, aislado_id, complejo_clonal) VALUES ('1345', '1345', 'nan') ON DUPLICATE KEY UPDATE complejo_clonal = 'nan'; 
INSERT INTO metadata_general(aislado_id, aislado_nombre) VALUES ('1346', 'MAD06-025') ON DUPLICATE KEY UPDATE aislado_nombre = 'MAD06-025'; 
INSERT INTO fenotipo(fenotipo_id, aislado_id, serotipo_invitro) VALUES ('1330', '1346', 'O6') ON DUPLICATE KEY UPDATE serotipo_invitro = 'O6'; 
INSERT INTO secuencia(secuencia_id, aislado_id, complejo_clonal) VALUES ('1346', '1346', 'nan') ON DUPLICATE KEY UPDATE complejo_clonal = 'nan'; 
INSERT INTO metadata_general(aislado_id, aislado_nombre) VALUES ('1347', 'MAD06-002') ON DUPLICATE KEY UPDATE aislado_nombre = 'MAD06-002'; 
INSERT INTO fenotipo(fenotipo_id, aislado_id, serotipo_invitro) VALUES ('1331', '1347', 'No Aglutina') ON DUPLICATE KEY UPDATE serotipo_invitro = 'No Aglutina'; 
INSERT INTO secuencia(secuencia_id, aislado_id, complejo_clonal) VALUES ('1347', '1347', 'nan') ON DUPLICATE KEY UPDATE complejo_clonal = 'nan'; 
INSERT INTO metadata_general(aislado_id, aislado_nombre) VALUES ('1348', 'MAD06-016') ON DUPLICATE KEY UPDATE aislado_nombre = 'MAD06-016'; 
INSERT INTO fenotipo(fenotipo_id, aislado_id, serotipo_invitro) VALUES ('1332', '1348', 'No Aglutina') ON DUPLICATE KEY UPDATE serotipo_invitro = 'No Aglutina'; 
INSERT INTO secuencia(secuencia_id, aislado_id, complejo_clonal) VALUES ('1348', '1348', 'nan') ON DUPLICATE KEY UPDATE complejo_clonal = 'nan'; 
INSERT INTO metadata_general(aislado_id, aislado_nombre) VALUES ('1349', 'MAD06-003') ON DUPLICATE KEY UPDATE aislado_nombre = 'MAD06-003'; 
INSERT INTO fenotipo(fenotipo_id, aislado_id, serotipo_invitro) VALUES ('1333', '1349', 'O1') ON DUPLICATE KEY UPDATE serotipo_invitro = 'O1'; 
INSERT INTO secuencia(secuencia_id, aislado_id, complejo_clonal) VALUES ('1349', '1349', 'nan') ON DUPLICATE KEY UPDATE complejo_clonal = 'nan'; 
INSERT INTO metadata_general(aislado_id, aislado_nombre) VALUES ('1350', 'MAD06-011') ON DUPLICATE KEY UPDATE aislado_nombre = 'MAD06-011'; 
INSERT INTO fenotipo(fenotipo_id, aislado_id, serotipo_invitro) VALUES ('1334', '1350', 'O1') ON DUPLICATE KEY UPDATE serotipo_invitro = 'O1'; 
INSERT INTO secuencia(secuencia_id, aislado_id, complejo_clonal) VALUES ('1350', '1350', 'nan') ON DUPLICATE KEY UPDATE complejo_clonal = 'nan'; 
INSERT INTO metadata_general(aislado_id, aislado_nombre) VALUES ('1351', 'MAD06-014') ON DUPLICATE KEY UPDATE aislado_nombre = 'MAD06-014'; 
INSERT INTO fenotipo(fenotipo_id, aislado_id, serotipo_invitro) VALUES ('1335', '1351', 'O1') ON DUPLICATE KEY UPDATE serotipo_invitro = 'O1'; 
INSERT INTO secuencia(secuencia_id, aislado_id, complejo_clonal) VALUES ('1351', '1351', 'nan') ON DUPLICATE KEY UPDATE complejo_clonal = 'nan'; 
INSERT INTO metadata_general(aislado_id, aislado_nombre) VALUES ('1352', 'MAD06-018') ON DUPLICATE KEY UPDATE aislado_nombre = 'MAD06-018'; 
INSERT INTO fenotipo(fenotipo_id, aislado_id, serotipo_invitro) VALUES ('1336', '1352', 'O1') ON DUPLICATE KEY UPDATE serotipo_invitro = 'O1'; 
INSERT INTO secuencia(secuencia_id, aislado_id, complejo_clonal) VALUES ('1352', '1352', 'nan') ON DUPLICATE KEY UPDATE complejo_clonal = 'nan'; 
INSERT INTO metadata_general(aislado_id, aislado_nombre) VALUES ('1353', 'MAD06-023') ON DUPLICATE KEY UPDATE aislado_nombre = 'MAD06-023'; 
INSERT INTO fenotipo(fenotipo_id, aislado_id, serotipo_invitro) VALUES ('1337', '1353', 'O1') ON DUPLICATE KEY UPDATE serotipo_invitro = 'O1'; 
INSERT INTO secuencia(secuencia_id, aislado_id, complejo_clonal) VALUES ('1353', '1353', 'nan') ON DUPLICATE KEY UPDATE complejo_clonal = 'nan'; 
INSERT INTO metadata_general(aislado_id, aislado_nombre) VALUES ('1354', 'MAD06-030') ON DUPLICATE KEY UPDATE aislado_nombre = 'MAD06-030'; 
INSERT INTO fenotipo(fenotipo_id, aislado_id, serotipo_invitro) VALUES ('1338', '1354', 'O10') ON DUPLICATE KEY UPDATE serotipo_invitro = 'O10'; 
INSERT INTO secuencia(secuencia_id, aislado_id, complejo_clonal) VALUES ('1354', '1354', 'nan') ON DUPLICATE KEY UPDATE complejo_clonal = 'nan'; 
INSERT INTO metadata_general(aislado_id, aislado_nombre) VALUES ('1355', 'MAD06-033') ON DUPLICATE KEY UPDATE aislado_nombre = 'MAD06-033'; 
INSERT INTO fenotipo(fenotipo_id, aislado_id, serotipo_invitro) VALUES ('1339', '1355', 'O10') ON DUPLICATE KEY UPDATE serotipo_invitro = 'O10'; 
INSERT INTO secuencia(secuencia_id, aislado_id, complejo_clonal) VALUES ('1355', '1355', 'nan') ON DUPLICATE KEY UPDATE complejo_clonal = 'nan'; 
INSERT INTO metadata_general(aislado_id, aislado_nombre) VALUES ('1356', 'MAD06-005') ON DUPLICATE KEY UPDATE aislado_nombre = 'MAD06-005'; 
INSERT INTO fenotipo(fenotipo_id, aislado_id, serotipo_invitro) VALUES ('1340', '1356', 'O11') ON DUPLICATE KEY UPDATE serotipo_invitro = 'O11'; 
INSERT INTO secuencia(secuencia_id, aislado_id, complejo_clonal) VALUES ('1356', '1356', 'nan') ON DUPLICATE KEY UPDATE complejo_clonal = 'nan'; 
INSERT INTO metadata_general(aislado_id, aislado_nombre) VALUES ('1357', 'MAD06-036') ON DUPLICATE KEY UPDATE aislado_nombre = 'MAD06-036'; 
INSERT INTO fenotipo(fenotipo_id, aislado_id, serotipo_invitro) VALUES ('1341', '1357', 'O11') ON DUPLICATE KEY UPDATE serotipo_invitro = 'O11'; 
INSERT INTO secuencia(secuencia_id, aislado_id, complejo_clonal) VALUES ('1357', '1357', 'nan') ON DUPLICATE KEY UPDATE complejo_clonal = 'nan'; 
INSERT INTO metadata_general(aislado_id, aislado_nombre) VALUES ('1358', 'MAD06-006') ON DUPLICATE KEY UPDATE aislado_nombre = 'MAD06-006'; 
INSERT INTO fenotipo(fenotipo_id, aislado_id, serotipo_invitro) VALUES ('1342', '1358', 'O2') ON DUPLICATE KEY UPDATE serotipo_invitro = 'O2'; 
INSERT INTO secuencia(secuencia_id, aislado_id, complejo_clonal) VALUES ('1358', '1358', 'nan') ON DUPLICATE KEY UPDATE complejo_clonal = 'nan'; 
INSERT INTO metadata_general(aislado_id, aislado_nombre) VALUES ('1359', 'MAD06-007') ON DUPLICATE KEY UPDATE aislado_nombre = 'MAD06-007'; 
INSERT INTO fenotipo(fenotipo_id, aislado_id, serotipo_invitro) VALUES ('1343', '1359', 'O2') ON DUPLICATE KEY UPDATE serotipo_invitro = 'O2'; 
INSERT INTO secuencia(secuencia_id, aislado_id, complejo_clonal) VALUES ('1359', '1359', 'nan') ON DUPLICATE KEY UPDATE complejo_clonal = 'nan'; 
INSERT INTO metadata_general(aislado_id, aislado_nombre) VALUES ('1360', 'MAD06-015') ON DUPLICATE KEY UPDATE aislado_nombre = 'MAD06-015'; 
INSERT INTO fenotipo(fenotipo_id, aislado_id, serotipo_invitro) VALUES ('1344', '1360', 'O2') ON DUPLICATE KEY UPDATE serotipo_invitro = 'O2'; 
INSERT INTO secuencia(secuencia_id, aislado_id, complejo_clonal) VALUES ('1360', '1360', 'nan') ON DUPLICATE KEY UPDATE complejo_clonal = 'nan'; 
INSERT INTO metadata_general(aislado_id, aislado_nombre) VALUES ('1361', 'MAD06-024') ON DUPLICATE KEY UPDATE aislado_nombre = 'MAD06-024'; 
INSERT INTO fenotipo(fenotipo_id, aislado_id, serotipo_invitro) VALUES ('1345', '1361', 'O2') ON DUPLICATE KEY UPDATE serotipo_invitro = 'O2'; 
INSERT INTO secuencia(secuencia_id, aislado_id, complejo_clonal) VALUES ('1361', '1361', 'nan') ON DUPLICATE KEY UPDATE complejo_clonal = 'nan'; 
INSERT INTO metadata_general(aislado_id, aislado_nombre) VALUES ('1362', 'MAD06-029') ON DUPLICATE KEY UPDATE aislado_nombre = 'MAD06-029'; 
INSERT INTO fenotipo(fenotipo_id, aislado_id, serotipo_invitro) VALUES ('1346', '1362', 'O3') ON DUPLICATE KEY UPDATE serotipo_invitro = 'O3'; 
INSERT INTO secuencia(secuencia_id, aislado_id, complejo_clonal) VALUES ('1362', '1362', 'nan') ON DUPLICATE KEY UPDATE complejo_clonal = 'nan'; 
INSERT INTO metadata_general(aislado_id, aislado_nombre) VALUES ('1363', 'MAD06-035') ON DUPLICATE KEY UPDATE aislado_nombre = 'MAD06-035'; 
INSERT INTO fenotipo(fenotipo_id, aislado_id, serotipo_invitro) VALUES ('1347', '1363', 'O4') ON DUPLICATE KEY UPDATE serotipo_invitro = 'O4'; 
INSERT INTO secuencia(secuencia_id, aislado_id, complejo_clonal) VALUES ('1363', '1363', 'nan') ON DUPLICATE KEY UPDATE complejo_clonal = 'nan'; 
INSERT INTO metadata_general(aislado_id, aislado_nombre) VALUES ('1364', 'MAD06-012') ON DUPLICATE KEY UPDATE aislado_nombre = 'MAD06-012'; 
INSERT INTO fenotipo(fenotipo_id, aislado_id, serotipo_invitro) VALUES ('1348', '1364', 'O5') ON DUPLICATE KEY UPDATE serotipo_invitro = 'O5'; 
INSERT INTO secuencia(secuencia_id, aislado_id, complejo_clonal) VALUES ('1364', '1364', 'nan') ON DUPLICATE KEY UPDATE complejo_clonal = 'nan'; 
INSERT INTO metadata_general(aislado_id, aislado_nombre) VALUES ('1365', 'MAD06-001') ON DUPLICATE KEY UPDATE aislado_nombre = 'MAD06-001'; 
INSERT INTO fenotipo(fenotipo_id, aislado_id, serotipo_invitro) VALUES ('1349', '1365', 'O6') ON DUPLICATE KEY UPDATE serotipo_invitro = 'O6'; 
INSERT INTO secuencia(secuencia_id, aislado_id, complejo_clonal) VALUES ('1365', '1365', 'nan') ON DUPLICATE KEY UPDATE complejo_clonal = 'nan'; 
INSERT INTO metadata_general(aislado_id, aislado_nombre) VALUES ('1366', 'MAD06-004') ON DUPLICATE KEY UPDATE aislado_nombre = 'MAD06-004'; 
INSERT INTO fenotipo(fenotipo_id, aislado_id, serotipo_invitro) VALUES ('1350', '1366', 'O6') ON DUPLICATE KEY UPDATE serotipo_invitro = 'O6'; 
INSERT INTO secuencia(secuencia_id, aislado_id, complejo_clonal) VALUES ('1366', '1366', 'nan') ON DUPLICATE KEY UPDATE complejo_clonal = 'nan'; 
INSERT INTO metadata_general(aislado_id, aislado_nombre) VALUES ('1367', 'MAD06-019') ON DUPLICATE KEY UPDATE aislado_nombre = 'MAD06-019'; 
INSERT INTO fenotipo(fenotipo_id, aislado_id, serotipo_invitro) VALUES ('1351', '1367', 'O6') ON DUPLICATE KEY UPDATE serotipo_invitro = 'O6'; 
INSERT INTO secuencia(secuencia_id, aislado_id, complejo_clonal) VALUES ('1367', '1367', 'nan') ON DUPLICATE KEY UPDATE complejo_clonal = 'nan'; 
INSERT INTO metadata_general(aislado_id, aislado_nombre) VALUES ('1368', 'MAD06-037') ON DUPLICATE KEY UPDATE aislado_nombre = 'MAD06-037'; 
INSERT INTO fenotipo(fenotipo_id, aislado_id, serotipo_invitro) VALUES ('1352', '1368', 'O6') ON DUPLICATE KEY UPDATE serotipo_invitro = 'O6'; 
INSERT INTO secuencia(secuencia_id, aislado_id, complejo_clonal) VALUES ('1368', '1368', 'nan') ON DUPLICATE KEY UPDATE complejo_clonal = 'nan'; 
INSERT INTO metadata_general(aislado_id, aislado_nombre) VALUES ('1369', 'MAD06-040') ON DUPLICATE KEY UPDATE aislado_nombre = 'MAD06-040'; 
INSERT INTO fenotipo(fenotipo_id, aislado_id, serotipo_invitro) VALUES ('1353', '1369', 'O6') ON DUPLICATE KEY UPDATE serotipo_invitro = 'O6'; 
INSERT INTO secuencia(secuencia_id, aislado_id, complejo_clonal) VALUES ('1369', '1369', 'nan') ON DUPLICATE KEY UPDATE complejo_clonal = 'nan'; 
INSERT INTO metadata_general(aislado_id, aislado_nombre) VALUES ('1370', 'MAD06-026') ON DUPLICATE KEY UPDATE aislado_nombre = 'MAD06-026'; 
INSERT INTO fenotipo(fenotipo_id, aislado_id, serotipo_invitro) VALUES ('1354', '1370', 'O7') ON DUPLICATE KEY UPDATE serotipo_invitro = 'O7'; 
INSERT INTO secuencia(secuencia_id, aislado_id, complejo_clonal) VALUES ('1370', '1370', 'nan') ON DUPLICATE KEY UPDATE complejo_clonal = 'nan'; 
INSERT INTO metadata_general(aislado_id, aislado_nombre) VALUES ('172', 'MAD06-017') ON DUPLICATE KEY UPDATE aislado_nombre = 'MAD06-017'; 
INSERT INTO fenotipo(fenotipo_id, aislado_id, serotipo_invitro) VALUES ('1355', '172', 'O4') ON DUPLICATE KEY UPDATE serotipo_invitro = 'O4'; 
INSERT INTO secuencia(secuencia_id, aislado_id, complejo_clonal) VALUES ('172', '172', 'ST-175') ON DUPLICATE KEY UPDATE complejo_clonal = 'ST-175'; 
INSERT INTO metadata_general(aislado_id, aislado_nombre) VALUES ('1371', 'MUR01-003') ON DUPLICATE KEY UPDATE aislado_nombre = 'MUR01-003'; 
INSERT INTO fenotipo(fenotipo_id, aislado_id, serotipo_invitro) VALUES ('1356', '1371', 'O1') ON DUPLICATE KEY UPDATE serotipo_invitro = 'O1'; 
INSERT INTO secuencia(secuencia_id, aislado_id, complejo_clonal) VALUES ('1371', '1371', 'nan') ON DUPLICATE KEY UPDATE complejo_clonal = 'nan'; 
INSERT INTO metadata_general(aislado_id, aislado_nombre) VALUES ('1372', 'MUR01-004') ON DUPLICATE KEY UPDATE aislado_nombre = 'MUR01-004'; 
INSERT INTO fenotipo(fenotipo_id, aislado_id, serotipo_invitro) VALUES ('1357', '1372', 'O1') ON DUPLICATE KEY UPDATE serotipo_invitro = 'O1'; 
INSERT INTO secuencia(secuencia_id, aislado_id, complejo_clonal) VALUES ('1372', '1372', 'nan') ON DUPLICATE KEY UPDATE complejo_clonal = 'nan'; 
INSERT INTO metadata_general(aislado_id, aislado_nombre) VALUES ('1373', 'MUR01-005') ON DUPLICATE KEY UPDATE aislado_nombre = 'MUR01-005'; 
INSERT INTO fenotipo(fenotipo_id, aislado_id, serotipo_invitro) VALUES ('1358', '1373', 'O1') ON DUPLICATE KEY UPDATE serotipo_invitro = 'O1'; 
INSERT INTO secuencia(secuencia_id, aislado_id, complejo_clonal) VALUES ('1373', '1373', 'nan') ON DUPLICATE KEY UPDATE complejo_clonal = 'nan'; 
INSERT INTO metadata_general(aislado_id, aislado_nombre) VALUES ('1374', 'MUR01-011') ON DUPLICATE KEY UPDATE aislado_nombre = 'MUR01-011'; 
INSERT INTO fenotipo(fenotipo_id, aislado_id, serotipo_invitro) VALUES ('1359', '1374', 'O1') ON DUPLICATE KEY UPDATE serotipo_invitro = 'O1'; 
INSERT INTO secuencia(secuencia_id, aislado_id, complejo_clonal) VALUES ('1374', '1374', 'nan') ON DUPLICATE KEY UPDATE complejo_clonal = 'nan'; 
INSERT INTO metadata_general(aislado_id, aislado_nombre) VALUES ('1375', 'MUR01-013') ON DUPLICATE KEY UPDATE aislado_nombre = 'MUR01-013'; 
INSERT INTO fenotipo(fenotipo_id, aislado_id, serotipo_invitro) VALUES ('1360', '1375', 'O1') ON DUPLICATE KEY UPDATE serotipo_invitro = 'O1'; 
INSERT INTO secuencia(secuencia_id, aislado_id, complejo_clonal) VALUES ('1375', '1375', 'nan') ON DUPLICATE KEY UPDATE complejo_clonal = 'nan'; 
INSERT INTO metadata_general(aislado_id, aislado_nombre) VALUES ('1376', 'MUR01-015') ON DUPLICATE KEY UPDATE aislado_nombre = 'MUR01-015'; 
INSERT INTO fenotipo(fenotipo_id, aislado_id, serotipo_invitro) VALUES ('1361', '1376', 'O1') ON DUPLICATE KEY UPDATE serotipo_invitro = 'O1'; 
INSERT INTO secuencia(secuencia_id, aislado_id, complejo_clonal) VALUES ('1376', '1376', 'nan') ON DUPLICATE KEY UPDATE complejo_clonal = 'nan'; 
INSERT INTO metadata_general(aislado_id, aislado_nombre) VALUES ('1377', 'MUR01-024') ON DUPLICATE KEY UPDATE aislado_nombre = 'MUR01-024'; 
INSERT INTO fenotipo(fenotipo_id, aislado_id, serotipo_invitro) VALUES ('1362', '1377', 'O1') ON DUPLICATE KEY UPDATE serotipo_invitro = 'O1'; 
INSERT INTO secuencia(secuencia_id, aislado_id, complejo_clonal) VALUES ('1377', '1377', 'nan') ON DUPLICATE KEY UPDATE complejo_clonal = 'nan'; 
INSERT INTO metadata_general(aislado_id, aislado_nombre) VALUES ('1378', 'MUR01-032') ON DUPLICATE KEY UPDATE aislado_nombre = 'MUR01-032'; 
INSERT INTO fenotipo(fenotipo_id, aislado_id, serotipo_invitro) VALUES ('1363', '1378', 'O1') ON DUPLICATE KEY UPDATE serotipo_invitro = 'O1'; 
INSERT INTO secuencia(secuencia_id, aislado_id, complejo_clonal) VALUES ('1378', '1378', 'nan') ON DUPLICATE KEY UPDATE complejo_clonal = 'nan'; 
INSERT INTO metadata_general(aislado_id, aislado_nombre) VALUES ('1379', 'MUR01-006') ON DUPLICATE KEY UPDATE aislado_nombre = 'MUR01-006'; 
INSERT INTO fenotipo(fenotipo_id, aislado_id, serotipo_invitro) VALUES ('1364', '1379', 'O10') ON DUPLICATE KEY UPDATE serotipo_invitro = 'O10'; 
INSERT INTO secuencia(secuencia_id, aislado_id, complejo_clonal) VALUES ('1379', '1379', 'nan') ON DUPLICATE KEY UPDATE complejo_clonal = 'nan'; 
INSERT INTO metadata_general(aislado_id, aislado_nombre) VALUES ('1380', 'MUR01-007') ON DUPLICATE KEY UPDATE aislado_nombre = 'MUR01-007'; 
INSERT INTO fenotipo(fenotipo_id, aislado_id, serotipo_invitro) VALUES ('1365', '1380', 'O10') ON DUPLICATE KEY UPDATE serotipo_invitro = 'O10'; 
INSERT INTO secuencia(secuencia_id, aislado_id, complejo_clonal) VALUES ('1380', '1380', 'nan') ON DUPLICATE KEY UPDATE complejo_clonal = 'nan'; 
INSERT INTO metadata_general(aislado_id, aislado_nombre) VALUES ('1381', 'MUR01-017') ON DUPLICATE KEY UPDATE aislado_nombre = 'MUR01-017'; 
INSERT INTO fenotipo(fenotipo_id, aislado_id, serotipo_invitro) VALUES ('1366', '1381', 'O10') ON DUPLICATE KEY UPDATE serotipo_invitro = 'O10'; 
INSERT INTO secuencia(secuencia_id, aislado_id, complejo_clonal) VALUES ('1381', '1381', 'nan') ON DUPLICATE KEY UPDATE complejo_clonal = 'nan'; 
INSERT INTO metadata_general(aislado_id, aislado_nombre) VALUES ('1382', 'MUR01-002') ON DUPLICATE KEY UPDATE aislado_nombre = 'MUR01-002'; 
INSERT INTO fenotipo(fenotipo_id, aislado_id, serotipo_invitro) VALUES ('1367', '1382', 'O11') ON DUPLICATE KEY UPDATE serotipo_invitro = 'O11'; 
INSERT INTO secuencia(secuencia_id, aislado_id, complejo_clonal) VALUES ('1382', '1382', 'nan') ON DUPLICATE KEY UPDATE complejo_clonal = 'nan'; 
INSERT INTO metadata_general(aislado_id, aislado_nombre) VALUES ('1383', 'MUR01-027') ON DUPLICATE KEY UPDATE aislado_nombre = 'MUR01-027'; 
INSERT INTO fenotipo(fenotipo_id, aislado_id, serotipo_invitro) VALUES ('1368', '1383', 'O11') ON DUPLICATE KEY UPDATE serotipo_invitro = 'O11'; 
INSERT INTO secuencia(secuencia_id, aislado_id, complejo_clonal) VALUES ('1383', '1383', 'nan') ON DUPLICATE KEY UPDATE complejo_clonal = 'nan'; 
INSERT INTO metadata_general(aislado_id, aislado_nombre) VALUES ('1384', 'MUR01-014') ON DUPLICATE KEY UPDATE aislado_nombre = 'MUR01-014'; 
INSERT INTO fenotipo(fenotipo_id, aislado_id, serotipo_invitro) VALUES ('1369', '1384', 'O3') ON DUPLICATE KEY UPDATE serotipo_invitro = 'O3'; 
INSERT INTO secuencia(secuencia_id, aislado_id, complejo_clonal) VALUES ('1384', '1384', 'nan') ON DUPLICATE KEY UPDATE complejo_clonal = 'nan'; 
INSERT INTO metadata_general(aislado_id, aislado_nombre) VALUES ('1385', 'MUR01-010') ON DUPLICATE KEY UPDATE aislado_nombre = 'MUR01-010'; 
INSERT INTO fenotipo(fenotipo_id, aislado_id, serotipo_invitro) VALUES ('1370', '1385', 'O4') ON DUPLICATE KEY UPDATE serotipo_invitro = 'O4'; 
INSERT INTO secuencia(secuencia_id, aislado_id, complejo_clonal) VALUES ('1385', '1385', 'ST-988') ON DUPLICATE KEY UPDATE complejo_clonal = 'ST-988'; 
INSERT INTO metadata_general(aislado_id, aislado_nombre) VALUES ('1386', 'MUR01-029') ON DUPLICATE KEY UPDATE aislado_nombre = 'MUR01-029'; 
INSERT INTO fenotipo(fenotipo_id, aislado_id, serotipo_invitro) VALUES ('1371', '1386', 'O5') ON DUPLICATE KEY UPDATE serotipo_invitro = 'O5'; 
INSERT INTO secuencia(secuencia_id, aislado_id, complejo_clonal) VALUES ('1386', '1386', 'nan') ON DUPLICATE KEY UPDATE complejo_clonal = 'nan'; 
INSERT INTO metadata_general(aislado_id, aislado_nombre) VALUES ('1387', 'MUR01-001') ON DUPLICATE KEY UPDATE aislado_nombre = 'MUR01-001'; 
INSERT INTO fenotipo(fenotipo_id, aislado_id, serotipo_invitro) VALUES ('1372', '1387', 'O6') ON DUPLICATE KEY UPDATE serotipo_invitro = 'O6'; 
INSERT INTO secuencia(secuencia_id, aislado_id, complejo_clonal) VALUES ('1387', '1387', 'nan') ON DUPLICATE KEY UPDATE complejo_clonal = 'nan'; 
INSERT INTO metadata_general(aislado_id, aislado_nombre) VALUES ('1388', 'MUR01-012') ON DUPLICATE KEY UPDATE aislado_nombre = 'MUR01-012'; 
INSERT INTO fenotipo(fenotipo_id, aislado_id, serotipo_invitro) VALUES ('1373', '1388', 'O6') ON DUPLICATE KEY UPDATE serotipo_invitro = 'O6'; 
INSERT INTO secuencia(secuencia_id, aislado_id, complejo_clonal) VALUES ('1388', '1388', 'nan') ON DUPLICATE KEY UPDATE complejo_clonal = 'nan'; 
INSERT INTO metadata_general(aislado_id, aislado_nombre) VALUES ('1389', 'MUR01-023') ON DUPLICATE KEY UPDATE aislado_nombre = 'MUR01-023'; 
INSERT INTO fenotipo(fenotipo_id, aislado_id, serotipo_invitro) VALUES ('1374', '1389', 'O6') ON DUPLICATE KEY UPDATE serotipo_invitro = 'O6'; 
INSERT INTO secuencia(secuencia_id, aislado_id, complejo_clonal) VALUES ('1389', '1389', 'nan') ON DUPLICATE KEY UPDATE complejo_clonal = 'nan'; 
INSERT INTO metadata_general(aislado_id, aislado_nombre) VALUES ('1390', 'MUR01-028') ON DUPLICATE KEY UPDATE aislado_nombre = 'MUR01-028'; 
INSERT INTO fenotipo(fenotipo_id, aislado_id, serotipo_invitro) VALUES ('1375', '1390', 'O6') ON DUPLICATE KEY UPDATE serotipo_invitro = 'O6'; 
INSERT INTO secuencia(secuencia_id, aislado_id, complejo_clonal) VALUES ('1390', '1390', 'nan') ON DUPLICATE KEY UPDATE complejo_clonal = 'nan'; 
INSERT INTO metadata_general(aislado_id, aislado_nombre) VALUES ('1391', 'MUR01-035') ON DUPLICATE KEY UPDATE aislado_nombre = 'MUR01-035'; 
INSERT INTO fenotipo(fenotipo_id, aislado_id, serotipo_invitro) VALUES ('1376', '1391', 'O6') ON DUPLICATE KEY UPDATE serotipo_invitro = 'O6'; 
INSERT INTO secuencia(secuencia_id, aislado_id, complejo_clonal) VALUES ('1391', '1391', 'nan') ON DUPLICATE KEY UPDATE complejo_clonal = 'nan'; 
INSERT INTO metadata_general(aislado_id, aislado_nombre) VALUES ('1392', 'MUR01-020') ON DUPLICATE KEY UPDATE aislado_nombre = 'MUR01-020'; 
INSERT INTO fenotipo(fenotipo_id, aislado_id, serotipo_invitro) VALUES ('1377', '1392', 'O7') ON DUPLICATE KEY UPDATE serotipo_invitro = 'O7'; 
INSERT INTO secuencia(secuencia_id, aislado_id, complejo_clonal) VALUES ('1392', '1392', 'nan') ON DUPLICATE KEY UPDATE complejo_clonal = 'nan'; 
INSERT INTO metadata_general(aislado_id, aislado_nombre) VALUES ('1393', 'MUR01-022') ON DUPLICATE KEY UPDATE aislado_nombre = 'MUR01-022'; 
INSERT INTO fenotipo(fenotipo_id, aislado_id, serotipo_invitro) VALUES ('1378', '1393', 'O7') ON DUPLICATE KEY UPDATE serotipo_invitro = 'O7'; 
INSERT INTO secuencia(secuencia_id, aislado_id, complejo_clonal) VALUES ('1393', '1393', 'nan') ON DUPLICATE KEY UPDATE complejo_clonal = 'nan'; 
INSERT INTO metadata_general(aislado_id, aislado_nombre) VALUES ('174', 'MUR01-009') ON DUPLICATE KEY UPDATE aislado_nombre = 'MUR01-009'; 
INSERT INTO fenotipo(fenotipo_id, aislado_id, serotipo_invitro) VALUES ('1379', '174', 'No Aglutina') ON DUPLICATE KEY UPDATE serotipo_invitro = 'No Aglutina'; 
INSERT INTO secuencia(secuencia_id, aislado_id, complejo_clonal) VALUES ('174', '174', 'ST-175') ON DUPLICATE KEY UPDATE complejo_clonal = 'ST-175'; 
INSERT INTO metadata_general(aislado_id, aislado_nombre) VALUES ('178', 'MUR01-033') ON DUPLICATE KEY UPDATE aislado_nombre = 'MUR01-033'; 
INSERT INTO fenotipo(fenotipo_id, aislado_id, serotipo_invitro) VALUES ('1380', '178', 'No Aglutina') ON DUPLICATE KEY UPDATE serotipo_invitro = 'No Aglutina'; 
INSERT INTO secuencia(secuencia_id, aislado_id, complejo_clonal) VALUES ('178', '178', 'ST-308') ON DUPLICATE KEY UPDATE complejo_clonal = 'ST-308'; 
INSERT INTO metadata_general(aislado_id, aislado_nombre) VALUES ('175', 'MUR01-018') ON DUPLICATE KEY UPDATE aislado_nombre = 'MUR01-018'; 
INSERT INTO fenotipo(fenotipo_id, aislado_id, serotipo_invitro) VALUES ('1381', '175', 'No aglutina (O1* dbil)') ON DUPLICATE KEY UPDATE serotipo_invitro = 'No aglutina (O1* dbil)'; 
INSERT INTO secuencia(secuencia_id, aislado_id, complejo_clonal) VALUES ('175', '175', 'ST-111') ON DUPLICATE KEY UPDATE complejo_clonal = 'ST-111'; 
INSERT INTO metadata_general(aislado_id, aislado_nombre) VALUES ('177', 'MUR01-031') ON DUPLICATE KEY UPDATE aislado_nombre = 'MUR01-031'; 
INSERT INTO fenotipo(fenotipo_id, aislado_id, serotipo_invitro) VALUES ('1382', '177', 'No aglutina') ON DUPLICATE KEY UPDATE serotipo_invitro = 'No aglutina'; 
INSERT INTO secuencia(secuencia_id, aislado_id, complejo_clonal) VALUES ('177', '177', 'ST-395') ON DUPLICATE KEY UPDATE complejo_clonal = 'ST-395'; 
INSERT INTO metadata_general(aislado_id, aislado_nombre) VALUES ('173', 'MUR01-008') ON DUPLICATE KEY UPDATE aislado_nombre = 'MUR01-008'; 
INSERT INTO fenotipo(fenotipo_id, aislado_id, serotipo_invitro) VALUES ('1383', '173', 'O11') ON DUPLICATE KEY UPDATE serotipo_invitro = 'O11'; 
INSERT INTO secuencia(secuencia_id, aislado_id, complejo_clonal) VALUES ('173', '173', 'ST-308') ON DUPLICATE KEY UPDATE complejo_clonal = 'ST-308'; 
INSERT INTO metadata_general(aislado_id, aislado_nombre) VALUES ('176', 'MUR01-026') ON DUPLICATE KEY UPDATE aislado_nombre = 'MUR01-026'; 
INSERT INTO fenotipo(fenotipo_id, aislado_id, serotipo_invitro) VALUES ('1384', '176', 'O4') ON DUPLICATE KEY UPDATE serotipo_invitro = 'O4'; 
INSERT INTO secuencia(secuencia_id, aislado_id, complejo_clonal) VALUES ('176', '176', 'ST-175') ON DUPLICATE KEY UPDATE complejo_clonal = 'ST-175'; 
INSERT INTO metadata_general(aislado_id, aislado_nombre) VALUES ('1394', 'MUR01-030') ON DUPLICATE KEY UPDATE aislado_nombre = 'MUR01-030'; 
INSERT INTO fenotipo(fenotipo_id, aislado_id, serotipo_invitro) VALUES ('1385', '1394', 'O4') ON DUPLICATE KEY UPDATE serotipo_invitro = 'O4'; 
INSERT INTO secuencia(secuencia_id, aislado_id, complejo_clonal) VALUES ('1394', '1394', 'ST-175') ON DUPLICATE KEY UPDATE complejo_clonal = 'ST-175'; 
INSERT INTO metadata_general(aislado_id, aislado_nombre) VALUES ('1395', 'NAV01-008') ON DUPLICATE KEY UPDATE aislado_nombre = 'NAV01-008'; 
INSERT INTO fenotipo(fenotipo_id, aislado_id, serotipo_invitro) VALUES ('1386', '1395', 'O14') ON DUPLICATE KEY UPDATE serotipo_invitro = 'O14'; 
INSERT INTO secuencia(secuencia_id, aislado_id, complejo_clonal) VALUES ('1395', '1395', 'nan') ON DUPLICATE KEY UPDATE complejo_clonal = 'nan'; 
INSERT INTO metadata_general(aislado_id, aislado_nombre) VALUES ('1396', 'NAV01-032') ON DUPLICATE KEY UPDATE aislado_nombre = 'NAV01-032'; 
INSERT INTO fenotipo(fenotipo_id, aislado_id, serotipo_invitro) VALUES ('1387', '1396', 'O16') ON DUPLICATE KEY UPDATE serotipo_invitro = 'O16'; 
INSERT INTO secuencia(secuencia_id, aislado_id, complejo_clonal) VALUES ('1396', '1396', 'nan') ON DUPLICATE KEY UPDATE complejo_clonal = 'nan'; 
INSERT INTO metadata_general(aislado_id, aislado_nombre) VALUES ('1397', 'NAV01-005') ON DUPLICATE KEY UPDATE aislado_nombre = 'NAV01-005'; 
INSERT INTO fenotipo(fenotipo_id, aislado_id, serotipo_invitro) VALUES ('1388', '1397', 'O3') ON DUPLICATE KEY UPDATE serotipo_invitro = 'O3'; 
INSERT INTO secuencia(secuencia_id, aislado_id, complejo_clonal) VALUES ('1397', '1397', 'nan') ON DUPLICATE KEY UPDATE complejo_clonal = 'nan'; 
INSERT INTO metadata_general(aislado_id, aislado_nombre) VALUES ('1398', 'NAV01-019') ON DUPLICATE KEY UPDATE aislado_nombre = 'NAV01-019'; 
INSERT INTO fenotipo(fenotipo_id, aislado_id, serotipo_invitro) VALUES ('1389', '1398', 'O6') ON DUPLICATE KEY UPDATE serotipo_invitro = 'O6'; 
INSERT INTO secuencia(secuencia_id, aislado_id, complejo_clonal) VALUES ('1398', '1398', 'nan') ON DUPLICATE KEY UPDATE complejo_clonal = 'nan'; 
INSERT INTO metadata_general(aislado_id, aislado_nombre) VALUES ('1399', 'NAV01-018') ON DUPLICATE KEY UPDATE aislado_nombre = 'NAV01-018'; 
INSERT INTO fenotipo(fenotipo_id, aislado_id, serotipo_invitro) VALUES ('1390', '1399', 'No Aglutina') ON DUPLICATE KEY UPDATE serotipo_invitro = 'No Aglutina'; 
INSERT INTO secuencia(secuencia_id, aislado_id, complejo_clonal) VALUES ('1399', '1399', 'nan') ON DUPLICATE KEY UPDATE complejo_clonal = 'nan'; 
INSERT INTO metadata_general(aislado_id, aislado_nombre) VALUES ('1400', 'NAV01-009') ON DUPLICATE KEY UPDATE aislado_nombre = 'NAV01-009'; 
INSERT INTO fenotipo(fenotipo_id, aislado_id, serotipo_invitro) VALUES ('1391', '1400', 'O1') ON DUPLICATE KEY UPDATE serotipo_invitro = 'O1'; 
INSERT INTO secuencia(secuencia_id, aislado_id, complejo_clonal) VALUES ('1400', '1400', 'nan') ON DUPLICATE KEY UPDATE complejo_clonal = 'nan'; 
INSERT INTO metadata_general(aislado_id, aislado_nombre) VALUES ('1401', 'NAV01-016') ON DUPLICATE KEY UPDATE aislado_nombre = 'NAV01-016'; 
INSERT INTO fenotipo(fenotipo_id, aislado_id, serotipo_invitro) VALUES ('1392', '1401', 'O1') ON DUPLICATE KEY UPDATE serotipo_invitro = 'O1'; 
INSERT INTO secuencia(secuencia_id, aislado_id, complejo_clonal) VALUES ('1401', '1401', 'nan') ON DUPLICATE KEY UPDATE complejo_clonal = 'nan'; 
INSERT INTO metadata_general(aislado_id, aislado_nombre) VALUES ('1402', 'NAV01-026') ON DUPLICATE KEY UPDATE aislado_nombre = 'NAV01-026'; 
INSERT INTO fenotipo(fenotipo_id, aislado_id, serotipo_invitro) VALUES ('1393', '1402', 'O1') ON DUPLICATE KEY UPDATE serotipo_invitro = 'O1'; 
INSERT INTO secuencia(secuencia_id, aislado_id, complejo_clonal) VALUES ('1402', '1402', 'nan') ON DUPLICATE KEY UPDATE complejo_clonal = 'nan'; 
INSERT INTO metadata_general(aislado_id, aislado_nombre) VALUES ('1403', 'NAV01-031') ON DUPLICATE KEY UPDATE aislado_nombre = 'NAV01-031'; 
INSERT INTO fenotipo(fenotipo_id, aislado_id, serotipo_invitro) VALUES ('1394', '1403', 'O1') ON DUPLICATE KEY UPDATE serotipo_invitro = 'O1'; 
INSERT INTO secuencia(secuencia_id, aislado_id, complejo_clonal) VALUES ('1403', '1403', 'nan') ON DUPLICATE KEY UPDATE complejo_clonal = 'nan'; 
INSERT INTO metadata_general(aislado_id, aislado_nombre) VALUES ('1404', 'NAV01-025') ON DUPLICATE KEY UPDATE aislado_nombre = 'NAV01-025'; 
INSERT INTO fenotipo(fenotipo_id, aislado_id, serotipo_invitro) VALUES ('1395', '1404', 'O10') ON DUPLICATE KEY UPDATE serotipo_invitro = 'O10'; 
INSERT INTO secuencia(secuencia_id, aislado_id, complejo_clonal) VALUES ('1404', '1404', 'nan') ON DUPLICATE KEY UPDATE complejo_clonal = 'nan'; 
INSERT INTO metadata_general(aislado_id, aislado_nombre) VALUES ('1405', 'NAV01-010') ON DUPLICATE KEY UPDATE aislado_nombre = 'NAV01-010'; 
INSERT INTO fenotipo(fenotipo_id, aislado_id, serotipo_invitro) VALUES ('1396', '1405', 'O11') ON DUPLICATE KEY UPDATE serotipo_invitro = 'O11'; 
INSERT INTO secuencia(secuencia_id, aislado_id, complejo_clonal) VALUES ('1405', '1405', 'nan') ON DUPLICATE KEY UPDATE complejo_clonal = 'nan'; 
INSERT INTO metadata_general(aislado_id, aislado_nombre) VALUES ('1406', 'NAV01-011') ON DUPLICATE KEY UPDATE aislado_nombre = 'NAV01-011'; 
INSERT INTO fenotipo(fenotipo_id, aislado_id, serotipo_invitro) VALUES ('1397', '1406', 'O11') ON DUPLICATE KEY UPDATE serotipo_invitro = 'O11'; 
INSERT INTO secuencia(secuencia_id, aislado_id, complejo_clonal) VALUES ('1406', '1406', 'nan') ON DUPLICATE KEY UPDATE complejo_clonal = 'nan'; 
INSERT INTO metadata_general(aislado_id, aislado_nombre) VALUES ('1407', 'NAV01-015') ON DUPLICATE KEY UPDATE aislado_nombre = 'NAV01-015'; 
INSERT INTO fenotipo(fenotipo_id, aislado_id, serotipo_invitro) VALUES ('1398', '1407', 'O11') ON DUPLICATE KEY UPDATE serotipo_invitro = 'O11'; 
INSERT INTO secuencia(secuencia_id, aislado_id, complejo_clonal) VALUES ('1407', '1407', 'nan') ON DUPLICATE KEY UPDATE complejo_clonal = 'nan'; 
INSERT INTO metadata_general(aislado_id, aislado_nombre) VALUES ('1408', 'NAV01-020') ON DUPLICATE KEY UPDATE aislado_nombre = 'NAV01-020'; 
INSERT INTO fenotipo(fenotipo_id, aislado_id, serotipo_invitro) VALUES ('1399', '1408', 'O11') ON DUPLICATE KEY UPDATE serotipo_invitro = 'O11'; 
INSERT INTO secuencia(secuencia_id, aislado_id, complejo_clonal) VALUES ('1408', '1408', 'nan') ON DUPLICATE KEY UPDATE complejo_clonal = 'nan'; 
INSERT INTO metadata_general(aislado_id, aislado_nombre) VALUES ('1409', 'NAV01-027') ON DUPLICATE KEY UPDATE aislado_nombre = 'NAV01-027'; 
INSERT INTO fenotipo(fenotipo_id, aislado_id, serotipo_invitro) VALUES ('1400', '1409', 'O11') ON DUPLICATE KEY UPDATE serotipo_invitro = 'O11'; 
INSERT INTO secuencia(secuencia_id, aislado_id, complejo_clonal) VALUES ('1409', '1409', 'nan') ON DUPLICATE KEY UPDATE complejo_clonal = 'nan'; 
INSERT INTO metadata_general(aislado_id, aislado_nombre) VALUES ('1410', 'NAV01-030') ON DUPLICATE KEY UPDATE aislado_nombre = 'NAV01-030'; 
INSERT INTO fenotipo(fenotipo_id, aislado_id, serotipo_invitro) VALUES ('1401', '1410', 'O11') ON DUPLICATE KEY UPDATE serotipo_invitro = 'O11'; 
INSERT INTO secuencia(secuencia_id, aislado_id, complejo_clonal) VALUES ('1410', '1410', 'nan') ON DUPLICATE KEY UPDATE complejo_clonal = 'nan'; 
INSERT INTO metadata_general(aislado_id, aislado_nombre) VALUES ('1411', 'NAV01-024') ON DUPLICATE KEY UPDATE aislado_nombre = 'NAV01-024'; 
INSERT INTO fenotipo(fenotipo_id, aislado_id, serotipo_invitro) VALUES ('1402', '1411', 'O14') ON DUPLICATE KEY UPDATE serotipo_invitro = 'O14'; 
INSERT INTO secuencia(secuencia_id, aislado_id, complejo_clonal) VALUES ('1411', '1411', 'nan') ON DUPLICATE KEY UPDATE complejo_clonal = 'nan'; 
INSERT INTO metadata_general(aislado_id, aislado_nombre) VALUES ('1412', 'NAV01-002') ON DUPLICATE KEY UPDATE aislado_nombre = 'NAV01-002'; 
INSERT INTO fenotipo(fenotipo_id, aislado_id, serotipo_invitro) VALUES ('1403', '1412', 'O16') ON DUPLICATE KEY UPDATE serotipo_invitro = 'O16'; 
INSERT INTO secuencia(secuencia_id, aislado_id, complejo_clonal) VALUES ('1412', '1412', 'nan') ON DUPLICATE KEY UPDATE complejo_clonal = 'nan'; 
INSERT INTO metadata_general(aislado_id, aislado_nombre) VALUES ('1413', 'NAV01-006') ON DUPLICATE KEY UPDATE aislado_nombre = 'NAV01-006'; 
INSERT INTO fenotipo(fenotipo_id, aislado_id, serotipo_invitro) VALUES ('1404', '1413', 'O2') ON DUPLICATE KEY UPDATE serotipo_invitro = 'O2'; 
INSERT INTO secuencia(secuencia_id, aislado_id, complejo_clonal) VALUES ('1413', '1413', 'nan') ON DUPLICATE KEY UPDATE complejo_clonal = 'nan'; 
INSERT INTO metadata_general(aislado_id, aislado_nombre) VALUES ('1414', 'NAV01-013') ON DUPLICATE KEY UPDATE aislado_nombre = 'NAV01-013'; 
INSERT INTO fenotipo(fenotipo_id, aislado_id, serotipo_invitro) VALUES ('1405', '1414', 'O2') ON DUPLICATE KEY UPDATE serotipo_invitro = 'O2'; 
INSERT INTO secuencia(secuencia_id, aislado_id, complejo_clonal) VALUES ('1414', '1414', 'nan') ON DUPLICATE KEY UPDATE complejo_clonal = 'nan'; 
INSERT INTO metadata_general(aislado_id, aislado_nombre) VALUES ('1415', 'NAV01-023') ON DUPLICATE KEY UPDATE aislado_nombre = 'NAV01-023'; 
INSERT INTO fenotipo(fenotipo_id, aislado_id, serotipo_invitro) VALUES ('1406', '1415', 'O2') ON DUPLICATE KEY UPDATE serotipo_invitro = 'O2'; 
INSERT INTO secuencia(secuencia_id, aislado_id, complejo_clonal) VALUES ('1415', '1415', 'nan') ON DUPLICATE KEY UPDATE complejo_clonal = 'nan'; 
INSERT INTO metadata_general(aislado_id, aislado_nombre) VALUES ('1416', 'NAV01-029') ON DUPLICATE KEY UPDATE aislado_nombre = 'NAV01-029'; 
INSERT INTO fenotipo(fenotipo_id, aislado_id, serotipo_invitro) VALUES ('1407', '1416', 'O2') ON DUPLICATE KEY UPDATE serotipo_invitro = 'O2'; 
INSERT INTO secuencia(secuencia_id, aislado_id, complejo_clonal) VALUES ('1416', '1416', 'nan') ON DUPLICATE KEY UPDATE complejo_clonal = 'nan'; 
INSERT INTO metadata_general(aislado_id, aislado_nombre) VALUES ('1417', 'NAV01-004') ON DUPLICATE KEY UPDATE aislado_nombre = 'NAV01-004'; 
INSERT INTO fenotipo(fenotipo_id, aislado_id, serotipo_invitro) VALUES ('1408', '1417', 'O3') ON DUPLICATE KEY UPDATE serotipo_invitro = 'O3'; 
INSERT INTO secuencia(secuencia_id, aislado_id, complejo_clonal) VALUES ('1417', '1417', 'nan') ON DUPLICATE KEY UPDATE complejo_clonal = 'nan'; 
INSERT INTO metadata_general(aislado_id, aislado_nombre) VALUES ('1418', 'NAV01-003') ON DUPLICATE KEY UPDATE aislado_nombre = 'NAV01-003'; 
INSERT INTO fenotipo(fenotipo_id, aislado_id, serotipo_invitro) VALUES ('1409', '1418', 'O4') ON DUPLICATE KEY UPDATE serotipo_invitro = 'O4'; 
INSERT INTO secuencia(secuencia_id, aislado_id, complejo_clonal) VALUES ('1418', '1418', 'ST-527') ON DUPLICATE KEY UPDATE complejo_clonal = 'ST-527'; 
INSERT INTO metadata_general(aislado_id, aislado_nombre) VALUES ('1419', 'NAV01-028') ON DUPLICATE KEY UPDATE aislado_nombre = 'NAV01-028'; 
INSERT INTO fenotipo(fenotipo_id, aislado_id, serotipo_invitro) VALUES ('1410', '1419', 'O5') ON DUPLICATE KEY UPDATE serotipo_invitro = 'O5'; 
INSERT INTO secuencia(secuencia_id, aislado_id, complejo_clonal) VALUES ('1419', '1419', 'nan') ON DUPLICATE KEY UPDATE complejo_clonal = 'nan'; 
INSERT INTO metadata_general(aislado_id, aislado_nombre) VALUES ('1420', 'NAV01-001') ON DUPLICATE KEY UPDATE aislado_nombre = 'NAV01-001'; 
INSERT INTO fenotipo(fenotipo_id, aislado_id, serotipo_invitro) VALUES ('1411', '1420', 'O6') ON DUPLICATE KEY UPDATE serotipo_invitro = 'O6'; 
INSERT INTO secuencia(secuencia_id, aislado_id, complejo_clonal) VALUES ('1420', '1420', 'nan') ON DUPLICATE KEY UPDATE complejo_clonal = 'nan'; 
INSERT INTO metadata_general(aislado_id, aislado_nombre) VALUES ('1421', 'NAV01-007') ON DUPLICATE KEY UPDATE aislado_nombre = 'NAV01-007'; 
INSERT INTO fenotipo(fenotipo_id, aislado_id, serotipo_invitro) VALUES ('1412', '1421', 'O6') ON DUPLICATE KEY UPDATE serotipo_invitro = 'O6'; 
INSERT INTO secuencia(secuencia_id, aislado_id, complejo_clonal) VALUES ('1421', '1421', 'nan') ON DUPLICATE KEY UPDATE complejo_clonal = 'nan'; 
INSERT INTO metadata_general(aislado_id, aislado_nombre) VALUES ('1422', 'NAV01-014') ON DUPLICATE KEY UPDATE aislado_nombre = 'NAV01-014'; 
INSERT INTO fenotipo(fenotipo_id, aislado_id, serotipo_invitro) VALUES ('1413', '1422', 'O6') ON DUPLICATE KEY UPDATE serotipo_invitro = 'O6'; 
INSERT INTO secuencia(secuencia_id, aislado_id, complejo_clonal) VALUES ('1422', '1422', 'nan') ON DUPLICATE KEY UPDATE complejo_clonal = 'nan'; 
INSERT INTO metadata_general(aislado_id, aislado_nombre) VALUES ('179', 'NAV01-012') ON DUPLICATE KEY UPDATE aislado_nombre = 'NAV01-012'; 
INSERT INTO fenotipo(fenotipo_id, aislado_id, serotipo_invitro) VALUES ('1414', '179', 'O12') ON DUPLICATE KEY UPDATE serotipo_invitro = 'O12'; 
INSERT INTO secuencia(secuencia_id, aislado_id, complejo_clonal) VALUES ('179', '179', 'ST-111') ON DUPLICATE KEY UPDATE complejo_clonal = 'ST-111'; 
INSERT INTO metadata_general(aislado_id, aislado_nombre) VALUES ('180', 'NAV01-021') ON DUPLICATE KEY UPDATE aislado_nombre = 'NAV01-021'; 
INSERT INTO fenotipo(fenotipo_id, aislado_id, serotipo_invitro) VALUES ('1415', '180', 'O6') ON DUPLICATE KEY UPDATE serotipo_invitro = 'O6'; 
INSERT INTO secuencia(secuencia_id, aislado_id, complejo_clonal) VALUES ('180', '180', 'ST-2125') ON DUPLICATE KEY UPDATE complejo_clonal = 'ST-2125'; 
INSERT INTO metadata_general(aislado_id, aislado_nombre) VALUES ('1423', 'PVA01-047') ON DUPLICATE KEY UPDATE aislado_nombre = 'PVA01-047'; 
INSERT INTO fenotipo(fenotipo_id, aislado_id, serotipo_invitro) VALUES ('1416', '1423', 'O2') ON DUPLICATE KEY UPDATE serotipo_invitro = 'O2'; 
INSERT INTO secuencia(secuencia_id, aislado_id, complejo_clonal) VALUES ('1423', '1423', 'nan') ON DUPLICATE KEY UPDATE complejo_clonal = 'nan'; 
INSERT INTO metadata_general(aislado_id, aislado_nombre) VALUES ('1424', 'PVA01-038') ON DUPLICATE KEY UPDATE aislado_nombre = 'PVA01-038'; 
INSERT INTO fenotipo(fenotipo_id, aislado_id, serotipo_invitro) VALUES ('1417', '1424', 'O4') ON DUPLICATE KEY UPDATE serotipo_invitro = 'O4'; 
INSERT INTO secuencia(secuencia_id, aislado_id, complejo_clonal) VALUES ('1424', '1424', 'nan') ON DUPLICATE KEY UPDATE complejo_clonal = 'nan'; 
INSERT INTO metadata_general(aislado_id, aislado_nombre) VALUES ('1425', 'PVA01-029') ON DUPLICATE KEY UPDATE aislado_nombre = 'PVA01-029'; 
INSERT INTO fenotipo(fenotipo_id, aislado_id, serotipo_invitro) VALUES ('1418', '1425', 'O9') ON DUPLICATE KEY UPDATE serotipo_invitro = 'O9'; 
INSERT INTO secuencia(secuencia_id, aislado_id, complejo_clonal) VALUES ('1425', '1425', 'nan') ON DUPLICATE KEY UPDATE complejo_clonal = 'nan'; 
INSERT INTO metadata_general(aislado_id, aislado_nombre) VALUES ('1426', 'PVA01-020') ON DUPLICATE KEY UPDATE aislado_nombre = 'PVA01-020'; 
INSERT INTO fenotipo(fenotipo_id, aislado_id, serotipo_invitro) VALUES ('1419', '1426', 'No Aglutina') ON DUPLICATE KEY UPDATE serotipo_invitro = 'No Aglutina'; 
INSERT INTO secuencia(secuencia_id, aislado_id, complejo_clonal) VALUES ('1426', '1426', 'nan') ON DUPLICATE KEY UPDATE complejo_clonal = 'nan'; 
INSERT INTO metadata_general(aislado_id, aislado_nombre) VALUES ('1427', 'PVA01-022') ON DUPLICATE KEY UPDATE aislado_nombre = 'PVA01-022'; 
INSERT INTO fenotipo(fenotipo_id, aislado_id, serotipo_invitro) VALUES ('1420', '1427', 'No Aglutina') ON DUPLICATE KEY UPDATE serotipo_invitro = 'No Aglutina'; 
INSERT INTO secuencia(secuencia_id, aislado_id, complejo_clonal) VALUES ('1427', '1427', 'nan') ON DUPLICATE KEY UPDATE complejo_clonal = 'nan'; 
INSERT INTO metadata_general(aislado_id, aislado_nombre) VALUES ('1428', 'PVA01-026') ON DUPLICATE KEY UPDATE aislado_nombre = 'PVA01-026'; 
INSERT INTO fenotipo(fenotipo_id, aislado_id, serotipo_invitro) VALUES ('1421', '1428', 'O1') ON DUPLICATE KEY UPDATE serotipo_invitro = 'O1'; 
INSERT INTO secuencia(secuencia_id, aislado_id, complejo_clonal) VALUES ('1428', '1428', 'nan') ON DUPLICATE KEY UPDATE complejo_clonal = 'nan'; 
INSERT INTO metadata_general(aislado_id, aislado_nombre) VALUES ('1429', 'PVA01-032') ON DUPLICATE KEY UPDATE aislado_nombre = 'PVA01-032'; 
INSERT INTO fenotipo(fenotipo_id, aislado_id, serotipo_invitro) VALUES ('1422', '1429', 'O1') ON DUPLICATE KEY UPDATE serotipo_invitro = 'O1'; 
INSERT INTO secuencia(secuencia_id, aislado_id, complejo_clonal) VALUES ('1429', '1429', 'nan') ON DUPLICATE KEY UPDATE complejo_clonal = 'nan'; 
INSERT INTO metadata_general(aislado_id, aislado_nombre) VALUES ('1430', 'PVA01-034') ON DUPLICATE KEY UPDATE aislado_nombre = 'PVA01-034'; 
INSERT INTO fenotipo(fenotipo_id, aislado_id, serotipo_invitro) VALUES ('1423', '1430', 'O1') ON DUPLICATE KEY UPDATE serotipo_invitro = 'O1'; 
INSERT INTO secuencia(secuencia_id, aislado_id, complejo_clonal) VALUES ('1430', '1430', 'nan') ON DUPLICATE KEY UPDATE complejo_clonal = 'nan'; 
INSERT INTO metadata_general(aislado_id, aislado_nombre) VALUES ('1431', 'PVA01-014') ON DUPLICATE KEY UPDATE aislado_nombre = 'PVA01-014'; 
INSERT INTO fenotipo(fenotipo_id, aislado_id, serotipo_invitro) VALUES ('1424', '1431', 'O11') ON DUPLICATE KEY UPDATE serotipo_invitro = 'O11'; 
INSERT INTO secuencia(secuencia_id, aislado_id, complejo_clonal) VALUES ('1431', '1431', 'nan') ON DUPLICATE KEY UPDATE complejo_clonal = 'nan'; 
INSERT INTO metadata_general(aislado_id, aislado_nombre) VALUES ('1432', 'PVA01-017') ON DUPLICATE KEY UPDATE aislado_nombre = 'PVA01-017'; 
INSERT INTO fenotipo(fenotipo_id, aislado_id, serotipo_invitro) VALUES ('1425', '1432', 'O11') ON DUPLICATE KEY UPDATE serotipo_invitro = 'O11'; 
INSERT INTO secuencia(secuencia_id, aislado_id, complejo_clonal) VALUES ('1432', '1432', 'nan') ON DUPLICATE KEY UPDATE complejo_clonal = 'nan'; 
INSERT INTO metadata_general(aislado_id, aislado_nombre) VALUES ('1433', 'PVA01-035') ON DUPLICATE KEY UPDATE aislado_nombre = 'PVA01-035'; 
INSERT INTO fenotipo(fenotipo_id, aislado_id, serotipo_invitro) VALUES ('1426', '1433', 'O11') ON DUPLICATE KEY UPDATE serotipo_invitro = 'O11'; 
INSERT INTO secuencia(secuencia_id, aislado_id, complejo_clonal) VALUES ('1433', '1433', 'nan') ON DUPLICATE KEY UPDATE complejo_clonal = 'nan'; 
INSERT INTO metadata_general(aislado_id, aislado_nombre) VALUES ('1434', 'PVA01-003') ON DUPLICATE KEY UPDATE aislado_nombre = 'PVA01-003'; 
INSERT INTO fenotipo(fenotipo_id, aislado_id, serotipo_invitro) VALUES ('1427', '1434', 'O3') ON DUPLICATE KEY UPDATE serotipo_invitro = 'O3'; 
INSERT INTO secuencia(secuencia_id, aislado_id, complejo_clonal) VALUES ('1434', '1434', 'nan') ON DUPLICATE KEY UPDATE complejo_clonal = 'nan'; 
INSERT INTO metadata_general(aislado_id, aislado_nombre) VALUES ('1435', 'PVA01-040') ON DUPLICATE KEY UPDATE aislado_nombre = 'PVA01-040'; 
INSERT INTO fenotipo(fenotipo_id, aislado_id, serotipo_invitro) VALUES ('1428', '1435', 'O3') ON DUPLICATE KEY UPDATE serotipo_invitro = 'O3'; 
INSERT INTO secuencia(secuencia_id, aislado_id, complejo_clonal) VALUES ('1435', '1435', 'nan') ON DUPLICATE KEY UPDATE complejo_clonal = 'nan'; 
INSERT INTO metadata_general(aislado_id, aislado_nombre) VALUES ('1436', 'PVA01-006') ON DUPLICATE KEY UPDATE aislado_nombre = 'PVA01-006'; 
INSERT INTO fenotipo(fenotipo_id, aislado_id, serotipo_invitro) VALUES ('1429', '1436', 'O4') ON DUPLICATE KEY UPDATE serotipo_invitro = 'O4'; 
INSERT INTO secuencia(secuencia_id, aislado_id, complejo_clonal) VALUES ('1436', '1436', 'ST-111') ON DUPLICATE KEY UPDATE complejo_clonal = 'ST-111'; 
INSERT INTO metadata_general(aislado_id, aislado_nombre) VALUES ('1437', 'PVA01-024') ON DUPLICATE KEY UPDATE aislado_nombre = 'PVA01-024'; 
INSERT INTO fenotipo(fenotipo_id, aislado_id, serotipo_invitro) VALUES ('1430', '1437', 'O5') ON DUPLICATE KEY UPDATE serotipo_invitro = 'O5'; 
INSERT INTO secuencia(secuencia_id, aislado_id, complejo_clonal) VALUES ('1437', '1437', 'nan') ON DUPLICATE KEY UPDATE complejo_clonal = 'nan'; 
INSERT INTO metadata_general(aislado_id, aislado_nombre) VALUES ('1438', 'PVA01-025') ON DUPLICATE KEY UPDATE aislado_nombre = 'PVA01-025'; 
INSERT INTO fenotipo(fenotipo_id, aislado_id, serotipo_invitro) VALUES ('1431', '1438', 'O5') ON DUPLICATE KEY UPDATE serotipo_invitro = 'O5'; 
INSERT INTO secuencia(secuencia_id, aislado_id, complejo_clonal) VALUES ('1438', '1438', 'nan') ON DUPLICATE KEY UPDATE complejo_clonal = 'nan'; 
INSERT INTO metadata_general(aislado_id, aislado_nombre) VALUES ('1439', 'PVA01-011') ON DUPLICATE KEY UPDATE aislado_nombre = 'PVA01-011'; 
INSERT INTO fenotipo(fenotipo_id, aislado_id, serotipo_invitro) VALUES ('1432', '1439', 'O6') ON DUPLICATE KEY UPDATE serotipo_invitro = 'O6'; 
INSERT INTO secuencia(secuencia_id, aislado_id, complejo_clonal) VALUES ('1439', '1439', 'nan') ON DUPLICATE KEY UPDATE complejo_clonal = 'nan'; 
INSERT INTO metadata_general(aislado_id, aislado_nombre) VALUES ('1440', 'PVA01-023') ON DUPLICATE KEY UPDATE aislado_nombre = 'PVA01-023'; 
INSERT INTO fenotipo(fenotipo_id, aislado_id, serotipo_invitro) VALUES ('1433', '1440', 'O6') ON DUPLICATE KEY UPDATE serotipo_invitro = 'O6'; 
INSERT INTO secuencia(secuencia_id, aislado_id, complejo_clonal) VALUES ('1440', '1440', 'nan') ON DUPLICATE KEY UPDATE complejo_clonal = 'nan'; 
INSERT INTO metadata_general(aislado_id, aislado_nombre) VALUES ('1441', 'PVA01-028') ON DUPLICATE KEY UPDATE aislado_nombre = 'PVA01-028'; 
INSERT INTO fenotipo(fenotipo_id, aislado_id, serotipo_invitro) VALUES ('1434', '1441', 'O6') ON DUPLICATE KEY UPDATE serotipo_invitro = 'O6'; 
INSERT INTO secuencia(secuencia_id, aislado_id, complejo_clonal) VALUES ('1441', '1441', 'nan') ON DUPLICATE KEY UPDATE complejo_clonal = 'nan'; 
INSERT INTO metadata_general(aislado_id, aislado_nombre) VALUES ('1442', 'PVA01-018') ON DUPLICATE KEY UPDATE aislado_nombre = 'PVA01-018'; 
INSERT INTO fenotipo(fenotipo_id, aislado_id, serotipo_invitro) VALUES ('1435', '1442', 'O7') ON DUPLICATE KEY UPDATE serotipo_invitro = 'O7'; 
INSERT INTO secuencia(secuencia_id, aislado_id, complejo_clonal) VALUES ('1442', '1442', 'nan') ON DUPLICATE KEY UPDATE complejo_clonal = 'nan'; 
INSERT INTO metadata_general(aislado_id, aislado_nombre) VALUES ('185', 'PVA01-042') ON DUPLICATE KEY UPDATE aislado_nombre = 'PVA01-042'; 
INSERT INTO fenotipo(fenotipo_id, aislado_id, serotipo_invitro) VALUES ('1436', '185', 'No Aglutina') ON DUPLICATE KEY UPDATE serotipo_invitro = 'No Aglutina'; 
INSERT INTO secuencia(secuencia_id, aislado_id, complejo_clonal) VALUES ('185', '185', 'ST-244') ON DUPLICATE KEY UPDATE complejo_clonal = 'ST-244'; 
INSERT INTO metadata_general(aislado_id, aislado_nombre) VALUES ('182', 'PVA01-019') ON DUPLICATE KEY UPDATE aislado_nombre = 'PVA01-019'; 
INSERT INTO fenotipo(fenotipo_id, aislado_id, serotipo_invitro) VALUES ('1437', '182', 'No aglutina (O1* dbil)') ON DUPLICATE KEY UPDATE serotipo_invitro = 'No aglutina (O1* dbil)'; 
INSERT INTO secuencia(secuencia_id, aislado_id, complejo_clonal) VALUES ('182', '182', 'ST-175') ON DUPLICATE KEY UPDATE complejo_clonal = 'ST-175'; 
INSERT INTO metadata_general(aislado_id, aislado_nombre) VALUES ('183', 'PVA01-021') ON DUPLICATE KEY UPDATE aislado_nombre = 'PVA01-021'; 
INSERT INTO fenotipo(fenotipo_id, aislado_id, serotipo_invitro) VALUES ('1438', '183', 'O12') ON DUPLICATE KEY UPDATE serotipo_invitro = 'O12'; 
INSERT INTO secuencia(secuencia_id, aislado_id, complejo_clonal) VALUES ('183', '183', 'ST-111') ON DUPLICATE KEY UPDATE complejo_clonal = 'ST-111'; 
INSERT INTO metadata_general(aislado_id, aislado_nombre) VALUES ('181', 'PVA01-007') ON DUPLICATE KEY UPDATE aislado_nombre = 'PVA01-007'; 
INSERT INTO fenotipo(fenotipo_id, aislado_id, serotipo_invitro) VALUES ('1439', '181', 'O4') ON DUPLICATE KEY UPDATE serotipo_invitro = 'O4'; 
INSERT INTO secuencia(secuencia_id, aislado_id, complejo_clonal) VALUES ('181', '181', 'ST-175') ON DUPLICATE KEY UPDATE complejo_clonal = 'ST-175'; 
INSERT INTO metadata_general(aislado_id, aislado_nombre) VALUES ('1443', 'PVA01-012') ON DUPLICATE KEY UPDATE aislado_nombre = 'PVA01-012'; 
INSERT INTO fenotipo(fenotipo_id, aislado_id, serotipo_invitro) VALUES ('1440', '1443', 'O4') ON DUPLICATE KEY UPDATE serotipo_invitro = 'O4'; 
INSERT INTO secuencia(secuencia_id, aislado_id, complejo_clonal) VALUES ('1443', '1443', 'ST-175') ON DUPLICATE KEY UPDATE complejo_clonal = 'ST-175'; 
INSERT INTO metadata_general(aislado_id, aislado_nombre) VALUES ('1444', 'PVA01-037') ON DUPLICATE KEY UPDATE aislado_nombre = 'PVA01-037'; 
INSERT INTO fenotipo(fenotipo_id, aislado_id, serotipo_invitro) VALUES ('1441', '1444', 'O4') ON DUPLICATE KEY UPDATE serotipo_invitro = 'O4'; 
INSERT INTO secuencia(secuencia_id, aislado_id, complejo_clonal) VALUES ('1444', '1444', 'ST-175') ON DUPLICATE KEY UPDATE complejo_clonal = 'ST-175'; 
INSERT INTO metadata_general(aislado_id, aislado_nombre) VALUES ('1445', 'PVA01-039') ON DUPLICATE KEY UPDATE aislado_nombre = 'PVA01-039'; 
INSERT INTO fenotipo(fenotipo_id, aislado_id, serotipo_invitro) VALUES ('1442', '1445', 'O4') ON DUPLICATE KEY UPDATE serotipo_invitro = 'O4'; 
INSERT INTO secuencia(secuencia_id, aislado_id, complejo_clonal) VALUES ('1445', '1445', 'ST-175') ON DUPLICATE KEY UPDATE complejo_clonal = 'ST-175'; 
INSERT INTO metadata_general(aislado_id, aislado_nombre) VALUES ('1446', 'PVA01-045') ON DUPLICATE KEY UPDATE aislado_nombre = 'PVA01-045'; 
INSERT INTO fenotipo(fenotipo_id, aislado_id, serotipo_invitro) VALUES ('1443', '1446', 'O4') ON DUPLICATE KEY UPDATE serotipo_invitro = 'O4'; 
INSERT INTO secuencia(secuencia_id, aislado_id, complejo_clonal) VALUES ('1446', '1446', 'ST-175') ON DUPLICATE KEY UPDATE complejo_clonal = 'ST-175'; 
INSERT INTO metadata_general(aislado_id, aislado_nombre) VALUES ('1447', 'PVA01-046') ON DUPLICATE KEY UPDATE aislado_nombre = 'PVA01-046'; 
INSERT INTO fenotipo(fenotipo_id, aislado_id, serotipo_invitro) VALUES ('1444', '1447', 'O4') ON DUPLICATE KEY UPDATE serotipo_invitro = 'O4'; 
INSERT INTO secuencia(secuencia_id, aislado_id, complejo_clonal) VALUES ('1447', '1447', 'ST-175') ON DUPLICATE KEY UPDATE complejo_clonal = 'ST-175'; 
INSERT INTO metadata_general(aislado_id, aislado_nombre) VALUES ('184', 'PVA01-041') ON DUPLICATE KEY UPDATE aislado_nombre = 'PVA01-041'; 
INSERT INTO fenotipo(fenotipo_id, aislado_id, serotipo_invitro) VALUES ('1445', '184', 'O6') ON DUPLICATE KEY UPDATE serotipo_invitro = 'O6'; 
INSERT INTO secuencia(secuencia_id, aislado_id, complejo_clonal) VALUES ('184', '184', 'ST-1756') ON DUPLICATE KEY UPDATE complejo_clonal = 'ST-1756'; 
