INSERT INTO metadata_general(isolate_id, isolate_name, species, project_name) VALUES ('186', 'AND01-024', 'Pseudomonas aeruginosa', 'GEMARA') ON DUPLICATE KEY UPDATE isolate_name = 'AND01-024', species = 'Pseudomonas aeruginosa', project_name = 'GEMARA'; 
INSERT INTO metadata_clinic(clinic_id, isolate_id, sample_type, collection_ward) VALUES ('1', '186', '20', 'Servicios médicos adultos') ON DUPLICATE KEY UPDATE sample_type = '20', collection_ward = 'Servicios médicos adultos'; 
INSERT INTO phenotypic_data(phenotypic_data_id, isolate_id, ecdc_resistance_profile, cloxa_test, mbl_test) VALUES ('1', '186', 'MDR', '-', '-') ON DUPLICATE KEY UPDATE ecdc_resistance_profile = 'MDR', cloxa_test = '-', mbl_test = '-'; 
INSERT INTO sequence_analysis(sequence_analysis_id, isolate_id, ame_loci, beta_lactamase_loci, carbapenemase_loci, other_acq_ab_loci) VALUES ('186', '186', '-', '-', '-', '-') ON DUPLICATE KEY UPDATE ame_loci = '-', beta_lactamase_loci = '-', carbapenemase_loci = '-', other_acq_ab_loci = '-'; 
INSERT INTO metadata_general(isolate_id, isolate_name, species, project_name) VALUES ('187', 'AND01-012', 'Pseudomonas aeruginosa', 'GEMARA') ON DUPLICATE KEY UPDATE isolate_name = 'AND01-012', species = 'Pseudomonas aeruginosa', project_name = 'GEMARA'; 
INSERT INTO metadata_clinic(clinic_id, isolate_id, sample_type, collection_ward) VALUES ('2', '187', '5', 'Servicios médicos adultos') ON DUPLICATE KEY UPDATE sample_type = '5', collection_ward = 'Servicios médicos adultos'; 
INSERT INTO phenotypic_data(phenotypic_data_id, isolate_id, ecdc_resistance_profile, cloxa_test, mbl_test) VALUES ('2', '187', 'S', '-', '-') ON DUPLICATE KEY UPDATE ecdc_resistance_profile = 'S', cloxa_test = '-', mbl_test = '-'; 
INSERT INTO sequence_analysis(sequence_analysis_id, isolate_id, ame_loci, beta_lactamase_loci, carbapenemase_loci, other_acq_ab_loci) VALUES ('187', '187', '-', '-', '-', '-') ON DUPLICATE KEY UPDATE ame_loci = '-', beta_lactamase_loci = '-', carbapenemase_loci = '-', other_acq_ab_loci = '-'; 
INSERT INTO metadata_general(isolate_id, isolate_name, species, project_name) VALUES ('188', 'AND01-019', 'Pseudomonas aeruginosa', 'GEMARA') ON DUPLICATE KEY UPDATE isolate_name = 'AND01-019', species = 'Pseudomonas aeruginosa', project_name = 'GEMARA'; 
INSERT INTO metadata_clinic(clinic_id, isolate_id, sample_type, collection_ward) VALUES ('3', '188', '5', 'Consultas externas') ON DUPLICATE KEY UPDATE sample_type = '5', collection_ward = 'Consultas externas'; 
INSERT INTO phenotypic_data(phenotypic_data_id, isolate_id, ecdc_resistance_profile, cloxa_test, mbl_test) VALUES ('3', '188', 'S', '-', '-') ON DUPLICATE KEY UPDATE ecdc_resistance_profile = 'S', cloxa_test = '-', mbl_test = '-'; 
INSERT INTO sequence_analysis(sequence_analysis_id, isolate_id, ame_loci, beta_lactamase_loci, carbapenemase_loci, other_acq_ab_loci) VALUES ('188', '188', '-', '-', '-', '-') ON DUPLICATE KEY UPDATE ame_loci = '-', beta_lactamase_loci = '-', carbapenemase_loci = '-', other_acq_ab_loci = '-'; 
INSERT INTO metadata_general(isolate_id, isolate_name, species, project_name) VALUES ('189', 'AND01-028', 'Pseudomonas aeruginosa', 'GEMARA') ON DUPLICATE KEY UPDATE isolate_name = 'AND01-028', species = 'Pseudomonas aeruginosa', project_name = 'GEMARA'; 
INSERT INTO metadata_clinic(clinic_id, isolate_id, sample_type, collection_ward) VALUES ('4', '189', '17', 'Servicios quirúrgicos adultos') ON DUPLICATE KEY UPDATE sample_type = '17', collection_ward = 'Servicios quirúrgicos adultos'; 
INSERT INTO phenotypic_data(phenotypic_data_id, isolate_id, ecdc_resistance_profile, cloxa_test, mbl_test) VALUES ('4', '189', 'S', '-', '-') ON DUPLICATE KEY UPDATE ecdc_resistance_profile = 'S', cloxa_test = '-', mbl_test = '-'; 
INSERT INTO sequence_analysis(sequence_analysis_id, isolate_id, ame_loci, beta_lactamase_loci, carbapenemase_loci, other_acq_ab_loci) VALUES ('189', '189', '-', '-', '-', '-') ON DUPLICATE KEY UPDATE ame_loci = '-', beta_lactamase_loci = '-', carbapenemase_loci = '-', other_acq_ab_loci = '-'; 
INSERT INTO metadata_general(isolate_id, isolate_name, species, project_name) VALUES ('190', 'AND01-029', 'Pseudomonas aeruginosa', 'GEMARA') ON DUPLICATE KEY UPDATE isolate_name = 'AND01-029', species = 'Pseudomonas aeruginosa', project_name = 'GEMARA'; 
INSERT INTO metadata_clinic(clinic_id, isolate_id, sample_type, collection_ward) VALUES ('5', '190', '15', 'Servicios quirúrgicos adultos') ON DUPLICATE KEY UPDATE sample_type = '15', collection_ward = 'Servicios quirúrgicos adultos'; 
INSERT INTO phenotypic_data(phenotypic_data_id, isolate_id, ecdc_resistance_profile, cloxa_test, mbl_test) VALUES ('5', '190', 'S', '-', '-') ON DUPLICATE KEY UPDATE ecdc_resistance_profile = 'S', cloxa_test = '-', mbl_test = '-'; 
INSERT INTO sequence_analysis(sequence_analysis_id, isolate_id, ame_loci, beta_lactamase_loci, carbapenemase_loci, other_acq_ab_loci) VALUES ('190', '190', '-', '-', '-', '-') ON DUPLICATE KEY UPDATE ame_loci = '-', beta_lactamase_loci = '-', carbapenemase_loci = '-', other_acq_ab_loci = '-'; 
INSERT INTO metadata_general(isolate_id, isolate_name, species, project_name) VALUES ('191', 'AND01-036', 'Pseudomonas aeruginosa', 'GEMARA') ON DUPLICATE KEY UPDATE isolate_name = 'AND01-036', species = 'Pseudomonas aeruginosa', project_name = 'GEMARA'; 
INSERT INTO metadata_clinic(clinic_id, isolate_id, sample_type, collection_ward) VALUES ('6', '191', '6', 'Servicios médicos adultos') ON DUPLICATE KEY UPDATE sample_type = '6', collection_ward = 'Servicios médicos adultos'; 
INSERT INTO phenotypic_data(phenotypic_data_id, isolate_id, ecdc_resistance_profile, cloxa_test, mbl_test) VALUES ('6', '191', 'S', '-', '-') ON DUPLICATE KEY UPDATE ecdc_resistance_profile = 'S', cloxa_test = '-', mbl_test = '-'; 
INSERT INTO sequence_analysis(sequence_analysis_id, isolate_id, ame_loci, beta_lactamase_loci, carbapenemase_loci, other_acq_ab_loci) VALUES ('191', '191', '-', '-', '-', '-') ON DUPLICATE KEY UPDATE ame_loci = '-', beta_lactamase_loci = '-', carbapenemase_loci = '-', other_acq_ab_loci = '-'; 
INSERT INTO metadata_general(isolate_id, isolate_name, species, project_name) VALUES ('192', 'AND01-013', 'Pseudomonas aeruginosa', 'GEMARA') ON DUPLICATE KEY UPDATE isolate_name = 'AND01-013', species = 'Pseudomonas aeruginosa', project_name = 'GEMARA'; 
INSERT INTO metadata_clinic(clinic_id, isolate_id, sample_type, collection_ward) VALUES ('7', '192', '5', 'Consultas externas') ON DUPLICATE KEY UPDATE sample_type = '5', collection_ward = 'Consultas externas'; 
INSERT INTO phenotypic_data(phenotypic_data_id, isolate_id, ecdc_resistance_profile, cloxa_test, mbl_test) VALUES ('7', '192', 'S', '-', '-') ON DUPLICATE KEY UPDATE ecdc_resistance_profile = 'S', cloxa_test = '-', mbl_test = '-'; 
INSERT INTO sequence_analysis(sequence_analysis_id, isolate_id, ame_loci, beta_lactamase_loci, carbapenemase_loci, other_acq_ab_loci) VALUES ('192', '192', '-', '-', '-', '-') ON DUPLICATE KEY UPDATE ame_loci = '-', beta_lactamase_loci = '-', carbapenemase_loci = '-', other_acq_ab_loci = '-'; 
INSERT INTO metadata_general(isolate_id, isolate_name, species, project_name) VALUES ('193', 'AND01-004', 'Pseudomonas aeruginosa', 'GEMARA') ON DUPLICATE KEY UPDATE isolate_name = 'AND01-004', species = 'Pseudomonas aeruginosa', project_name = 'GEMARA'; 
INSERT INTO metadata_clinic(clinic_id, isolate_id, sample_type, collection_ward) VALUES ('8', '193', '22', 'Servicios quirúrgicos adultos') ON DUPLICATE KEY UPDATE sample_type = '22', collection_ward = 'Servicios quirúrgicos adultos'; 
INSERT INTO phenotypic_data(phenotypic_data_id, isolate_id, ecdc_resistance_profile, cloxa_test, mbl_test) VALUES ('8', '193', 'S', '-', '-') ON DUPLICATE KEY UPDATE ecdc_resistance_profile = 'S', cloxa_test = '-', mbl_test = '-'; 
INSERT INTO sequence_analysis(sequence_analysis_id, isolate_id, ame_loci, beta_lactamase_loci, carbapenemase_loci, other_acq_ab_loci) VALUES ('193', '193', '-', '-', '-', '-') ON DUPLICATE KEY UPDATE ame_loci = '-', beta_lactamase_loci = '-', carbapenemase_loci = '-', other_acq_ab_loci = '-'; 
INSERT INTO metadata_general(isolate_id, isolate_name, species, project_name) VALUES ('194', 'AND01-005', 'Pseudomonas aeruginosa', 'GEMARA') ON DUPLICATE KEY UPDATE isolate_name = 'AND01-005', species = 'Pseudomonas aeruginosa', project_name = 'GEMARA'; 
INSERT INTO metadata_clinic(clinic_id, isolate_id, sample_type, collection_ward) VALUES ('9', '194', '19', 'Urgencias adultos') ON DUPLICATE KEY UPDATE sample_type = '19', collection_ward = 'Urgencias adultos'; 
INSERT INTO phenotypic_data(phenotypic_data_id, isolate_id, ecdc_resistance_profile, cloxa_test, mbl_test) VALUES ('9', '194', 'S', '-', '-') ON DUPLICATE KEY UPDATE ecdc_resistance_profile = 'S', cloxa_test = '-', mbl_test = '-'; 
INSERT INTO sequence_analysis(sequence_analysis_id, isolate_id, ame_loci, beta_lactamase_loci, carbapenemase_loci, other_acq_ab_loci) VALUES ('194', '194', '-', '-', '-', '-') ON DUPLICATE KEY UPDATE ame_loci = '-', beta_lactamase_loci = '-', carbapenemase_loci = '-', other_acq_ab_loci = '-'; 
INSERT INTO metadata_general(isolate_id, isolate_name, species, project_name) VALUES ('195', 'AND01-009', 'Pseudomonas aeruginosa', 'GEMARA') ON DUPLICATE KEY UPDATE isolate_name = 'AND01-009', species = 'Pseudomonas aeruginosa', project_name = 'GEMARA'; 
INSERT INTO metadata_clinic(clinic_id, isolate_id, sample_type, collection_ward) VALUES ('10', '195', '31', 'Servicios médicos adultos') ON DUPLICATE KEY UPDATE sample_type = '31', collection_ward = 'Servicios médicos adultos'; 
INSERT INTO phenotypic_data(phenotypic_data_id, isolate_id, ecdc_resistance_profile, cloxa_test, mbl_test) VALUES ('10', '195', 'S', '-', '-') ON DUPLICATE KEY UPDATE ecdc_resistance_profile = 'S', cloxa_test = '-', mbl_test = '-'; 
INSERT INTO sequence_analysis(sequence_analysis_id, isolate_id, ame_loci, beta_lactamase_loci, carbapenemase_loci, other_acq_ab_loci) VALUES ('195', '195', '-', '-', '-', '-') ON DUPLICATE KEY UPDATE ame_loci = '-', beta_lactamase_loci = '-', carbapenemase_loci = '-', other_acq_ab_loci = '-'; 
INSERT INTO metadata_general(isolate_id, isolate_name, species, project_name) VALUES ('196', 'AND01-010', 'Pseudomonas aeruginosa', 'GEMARA') ON DUPLICATE KEY UPDATE isolate_name = 'AND01-010', species = 'Pseudomonas aeruginosa', project_name = 'GEMARA'; 
INSERT INTO metadata_clinic(clinic_id, isolate_id, sample_type, collection_ward) VALUES ('11', '196', '1', 'Servicios médicos adultos') ON DUPLICATE KEY UPDATE sample_type = '1', collection_ward = 'Servicios médicos adultos'; 
INSERT INTO phenotypic_data(phenotypic_data_id, isolate_id, ecdc_resistance_profile, cloxa_test, mbl_test) VALUES ('11', '196', 'S', '-', '-') ON DUPLICATE KEY UPDATE ecdc_resistance_profile = 'S', cloxa_test = '-', mbl_test = '-'; 
INSERT INTO sequence_analysis(sequence_analysis_id, isolate_id, ame_loci, beta_lactamase_loci, carbapenemase_loci, other_acq_ab_loci) VALUES ('196', '196', '-', '-', '-', '-') ON DUPLICATE KEY UPDATE ame_loci = '-', beta_lactamase_loci = '-', carbapenemase_loci = '-', other_acq_ab_loci = '-'; 
INSERT INTO metadata_general(isolate_id, isolate_name, species, project_name) VALUES ('197', 'AND01-022', 'Pseudomonas aeruginosa', 'GEMARA') ON DUPLICATE KEY UPDATE isolate_name = 'AND01-022', species = 'Pseudomonas aeruginosa', project_name = 'GEMARA'; 
INSERT INTO metadata_clinic(clinic_id, isolate_id, sample_type, collection_ward) VALUES ('12', '197', '14', 'Urgencias adultos') ON DUPLICATE KEY UPDATE sample_type = '14', collection_ward = 'Urgencias adultos'; 
INSERT INTO phenotypic_data(phenotypic_data_id, isolate_id, ecdc_resistance_profile, cloxa_test, mbl_test) VALUES ('12', '197', 'S', '-', '-') ON DUPLICATE KEY UPDATE ecdc_resistance_profile = 'S', cloxa_test = '-', mbl_test = '-'; 
INSERT INTO sequence_analysis(sequence_analysis_id, isolate_id, ame_loci, beta_lactamase_loci, carbapenemase_loci, other_acq_ab_loci) VALUES ('197', '197', '-', '-', '-', '-') ON DUPLICATE KEY UPDATE ame_loci = '-', beta_lactamase_loci = '-', carbapenemase_loci = '-', other_acq_ab_loci = '-'; 
INSERT INTO metadata_general(isolate_id, isolate_name, species, project_name) VALUES ('198', 'AND01-032', 'Pseudomonas aeruginosa', 'GEMARA') ON DUPLICATE KEY UPDATE isolate_name = 'AND01-032', species = 'Pseudomonas aeruginosa', project_name = 'GEMARA'; 
INSERT INTO metadata_clinic(clinic_id, isolate_id, sample_type, collection_ward) VALUES ('13', '198', '5', 'Servicios médicos adultos') ON DUPLICATE KEY UPDATE sample_type = '5', collection_ward = 'Servicios médicos adultos'; 
INSERT INTO phenotypic_data(phenotypic_data_id, isolate_id, ecdc_resistance_profile, cloxa_test, mbl_test) VALUES ('13', '198', 'S', '-', '-') ON DUPLICATE KEY UPDATE ecdc_resistance_profile = 'S', cloxa_test = '-', mbl_test = '-'; 
INSERT INTO sequence_analysis(sequence_analysis_id, isolate_id, ame_loci, beta_lactamase_loci, carbapenemase_loci, other_acq_ab_loci) VALUES ('198', '198', '-', '-', '-', '-') ON DUPLICATE KEY UPDATE ame_loci = '-', beta_lactamase_loci = '-', carbapenemase_loci = '-', other_acq_ab_loci = '-'; 
INSERT INTO metadata_general(isolate_id, isolate_name, species, project_name) VALUES ('199', 'AND01-037', 'Pseudomonas aeruginosa', 'GEMARA') ON DUPLICATE KEY UPDATE isolate_name = 'AND01-037', species = 'Pseudomonas aeruginosa', project_name = 'GEMARA'; 
INSERT INTO metadata_clinic(clinic_id, isolate_id, sample_type, collection_ward) VALUES ('14', '199', '5', 'Servicios médicos adultos') ON DUPLICATE KEY UPDATE sample_type = '5', collection_ward = 'Servicios médicos adultos'; 
INSERT INTO phenotypic_data(phenotypic_data_id, isolate_id, ecdc_resistance_profile, cloxa_test, mbl_test) VALUES ('14', '199', 'S', '-', '-') ON DUPLICATE KEY UPDATE ecdc_resistance_profile = 'S', cloxa_test = '-', mbl_test = '-'; 
INSERT INTO sequence_analysis(sequence_analysis_id, isolate_id, ame_loci, beta_lactamase_loci, carbapenemase_loci, other_acq_ab_loci) VALUES ('199', '199', '-', '-', '-', '-') ON DUPLICATE KEY UPDATE ame_loci = '-', beta_lactamase_loci = '-', carbapenemase_loci = '-', other_acq_ab_loci = '-'; 
INSERT INTO metadata_general(isolate_id, isolate_name, species, project_name) VALUES ('200', 'AND01-034', 'Pseudomonas aeruginosa', 'GEMARA') ON DUPLICATE KEY UPDATE isolate_name = 'AND01-034', species = 'Pseudomonas aeruginosa', project_name = 'GEMARA'; 
INSERT INTO metadata_clinic(clinic_id, isolate_id, sample_type, collection_ward) VALUES ('15', '200', '6', 'Urgencias adultos') ON DUPLICATE KEY UPDATE sample_type = '6', collection_ward = 'Urgencias adultos'; 
INSERT INTO phenotypic_data(phenotypic_data_id, isolate_id, ecdc_resistance_profile, cloxa_test, mbl_test) VALUES ('15', '200', 'S', '-', '-') ON DUPLICATE KEY UPDATE ecdc_resistance_profile = 'S', cloxa_test = '-', mbl_test = '-'; 
INSERT INTO sequence_analysis(sequence_analysis_id, isolate_id, ame_loci, beta_lactamase_loci, carbapenemase_loci, other_acq_ab_loci) VALUES ('200', '200', '-', '-', '-', '-') ON DUPLICATE KEY UPDATE ame_loci = '-', beta_lactamase_loci = '-', carbapenemase_loci = '-', other_acq_ab_loci = '-'; 
INSERT INTO metadata_general(isolate_id, isolate_name, species, project_name) VALUES ('201', 'AND01-035', 'Pseudomonas aeruginosa', 'GEMARA') ON DUPLICATE KEY UPDATE isolate_name = 'AND01-035', species = 'Pseudomonas aeruginosa', project_name = 'GEMARA'; 
INSERT INTO metadata_clinic(clinic_id, isolate_id, sample_type, collection_ward) VALUES ('16', '201', '5', 'Consultas externas') ON DUPLICATE KEY UPDATE sample_type = '5', collection_ward = 'Consultas externas'; 
INSERT INTO phenotypic_data(phenotypic_data_id, isolate_id, ecdc_resistance_profile, cloxa_test, mbl_test) VALUES ('16', '201', 'S', '-', '-') ON DUPLICATE KEY UPDATE ecdc_resistance_profile = 'S', cloxa_test = '-', mbl_test = '-'; 
INSERT INTO sequence_analysis(sequence_analysis_id, isolate_id, ame_loci, beta_lactamase_loci, carbapenemase_loci, other_acq_ab_loci) VALUES ('201', '201', '-', '-', '-', '-') ON DUPLICATE KEY UPDATE ame_loci = '-', beta_lactamase_loci = '-', carbapenemase_loci = '-', other_acq_ab_loci = '-'; 
INSERT INTO metadata_general(isolate_id, isolate_name, species, project_name) VALUES ('202', 'AND01-006', 'Pseudomonas aeruginosa', 'GEMARA') ON DUPLICATE KEY UPDATE isolate_name = 'AND01-006', species = 'Pseudomonas aeruginosa', project_name = 'GEMARA'; 
INSERT INTO metadata_clinic(clinic_id, isolate_id, sample_type, collection_ward) VALUES ('17', '202', '4', 'Servicios quirúrgicos adultos') ON DUPLICATE KEY UPDATE sample_type = '4', collection_ward = 'Servicios quirúrgicos adultos'; 
INSERT INTO phenotypic_data(phenotypic_data_id, isolate_id, ecdc_resistance_profile, cloxa_test, mbl_test) VALUES ('17', '202', 'S', '-', '-') ON DUPLICATE KEY UPDATE ecdc_resistance_profile = 'S', cloxa_test = '-', mbl_test = '-'; 
INSERT INTO sequence_analysis(sequence_analysis_id, isolate_id, ame_loci, beta_lactamase_loci, carbapenemase_loci, other_acq_ab_loci) VALUES ('202', '202', '-', '-', '-', '-') ON DUPLICATE KEY UPDATE ame_loci = '-', beta_lactamase_loci = '-', carbapenemase_loci = '-', other_acq_ab_loci = '-'; 
INSERT INTO metadata_general(isolate_id, isolate_name, species, project_name) VALUES ('203', 'AND01-008', 'Pseudomonas aeruginosa', 'GEMARA') ON DUPLICATE KEY UPDATE isolate_name = 'AND01-008', species = 'Pseudomonas aeruginosa', project_name = 'GEMARA'; 
INSERT INTO metadata_clinic(clinic_id, isolate_id, sample_type, collection_ward) VALUES ('18', '203', '12', 'Consultas externas') ON DUPLICATE KEY UPDATE sample_type = '12', collection_ward = 'Consultas externas'; 
INSERT INTO phenotypic_data(phenotypic_data_id, isolate_id, ecdc_resistance_profile, cloxa_test, mbl_test) VALUES ('18', '203', 'S', '-', '-') ON DUPLICATE KEY UPDATE ecdc_resistance_profile = 'S', cloxa_test = '-', mbl_test = '-'; 
INSERT INTO sequence_analysis(sequence_analysis_id, isolate_id, ame_loci, beta_lactamase_loci, carbapenemase_loci, other_acq_ab_loci) VALUES ('203', '203', '-', '-', '-', '-') ON DUPLICATE KEY UPDATE ame_loci = '-', beta_lactamase_loci = '-', carbapenemase_loci = '-', other_acq_ab_loci = '-'; 
INSERT INTO metadata_general(isolate_id, isolate_name, species, project_name) VALUES ('204', 'AND01-011', 'Pseudomonas aeruginosa', 'GEMARA') ON DUPLICATE KEY UPDATE isolate_name = 'AND01-011', species = 'Pseudomonas aeruginosa', project_name = 'GEMARA'; 
INSERT INTO metadata_clinic(clinic_id, isolate_id, sample_type, collection_ward) VALUES ('19', '204', '10', 'Urgencias pediatría') ON DUPLICATE KEY UPDATE sample_type = '10', collection_ward = 'Urgencias pediatría'; 
INSERT INTO phenotypic_data(phenotypic_data_id, isolate_id, ecdc_resistance_profile, cloxa_test, mbl_test) VALUES ('19', '204', 'S', '-', '-') ON DUPLICATE KEY UPDATE ecdc_resistance_profile = 'S', cloxa_test = '-', mbl_test = '-'; 
INSERT INTO sequence_analysis(sequence_analysis_id, isolate_id, ame_loci, beta_lactamase_loci, carbapenemase_loci, other_acq_ab_loci) VALUES ('204', '204', '-', '-', '-', '-') ON DUPLICATE KEY UPDATE ame_loci = '-', beta_lactamase_loci = '-', carbapenemase_loci = '-', other_acq_ab_loci = '-'; 
INSERT INTO metadata_general(isolate_id, isolate_name, species, project_name) VALUES ('205', 'AND01-015', 'Pseudomonas aeruginosa', 'GEMARA') ON DUPLICATE KEY UPDATE isolate_name = 'AND01-015', species = 'Pseudomonas aeruginosa', project_name = 'GEMARA'; 
INSERT INTO metadata_clinic(clinic_id, isolate_id, sample_type, collection_ward) VALUES ('20', '205', '5', 'Urgencias adultos') ON DUPLICATE KEY UPDATE sample_type = '5', collection_ward = 'Urgencias adultos'; 
INSERT INTO phenotypic_data(phenotypic_data_id, isolate_id, ecdc_resistance_profile, cloxa_test, mbl_test) VALUES ('20', '205', 'S', '-', '-') ON DUPLICATE KEY UPDATE ecdc_resistance_profile = 'S', cloxa_test = '-', mbl_test = '-'; 
INSERT INTO sequence_analysis(sequence_analysis_id, isolate_id, ame_loci, beta_lactamase_loci, carbapenemase_loci, other_acq_ab_loci) VALUES ('205', '205', '-', '-', '-', '-') ON DUPLICATE KEY UPDATE ame_loci = '-', beta_lactamase_loci = '-', carbapenemase_loci = '-', other_acq_ab_loci = '-'; 
INSERT INTO metadata_general(isolate_id, isolate_name, species, project_name) VALUES ('206', 'AND01-021', 'Pseudomonas aeruginosa', 'GEMARA') ON DUPLICATE KEY UPDATE isolate_name = 'AND01-021', species = 'Pseudomonas aeruginosa', project_name = 'GEMARA'; 
INSERT INTO metadata_clinic(clinic_id, isolate_id, sample_type, collection_ward) VALUES ('21', '206', '20', 'Servicios médicos adultos') ON DUPLICATE KEY UPDATE sample_type = '20', collection_ward = 'Servicios médicos adultos'; 
INSERT INTO phenotypic_data(phenotypic_data_id, isolate_id, ecdc_resistance_profile, cloxa_test, mbl_test) VALUES ('21', '206', 'S', '-', '-') ON DUPLICATE KEY UPDATE ecdc_resistance_profile = 'S', cloxa_test = '-', mbl_test = '-'; 
INSERT INTO sequence_analysis(sequence_analysis_id, isolate_id, ame_loci, beta_lactamase_loci, carbapenemase_loci, other_acq_ab_loci) VALUES ('206', '206', '-', '-', '-', '-') ON DUPLICATE KEY UPDATE ame_loci = '-', beta_lactamase_loci = '-', carbapenemase_loci = '-', other_acq_ab_loci = '-'; 
INSERT INTO metadata_general(isolate_id, isolate_name, species, project_name) VALUES ('207', 'AND01-023', 'Pseudomonas aeruginosa', 'GEMARA') ON DUPLICATE KEY UPDATE isolate_name = 'AND01-023', species = 'Pseudomonas aeruginosa', project_name = 'GEMARA'; 
INSERT INTO metadata_clinic(clinic_id, isolate_id, sample_type, collection_ward) VALUES ('22', '207', '15', 'Servicios quirúrgicos adultos') ON DUPLICATE KEY UPDATE sample_type = '15', collection_ward = 'Servicios quirúrgicos adultos'; 
INSERT INTO phenotypic_data(phenotypic_data_id, isolate_id, ecdc_resistance_profile, cloxa_test, mbl_test) VALUES ('22', '207', 'S', '-', '-') ON DUPLICATE KEY UPDATE ecdc_resistance_profile = 'S', cloxa_test = '-', mbl_test = '-'; 
INSERT INTO sequence_analysis(sequence_analysis_id, isolate_id, ame_loci, beta_lactamase_loci, carbapenemase_loci, other_acq_ab_loci) VALUES ('207', '207', '-', '-', '-', '-') ON DUPLICATE KEY UPDATE ame_loci = '-', beta_lactamase_loci = '-', carbapenemase_loci = '-', other_acq_ab_loci = '-'; 
INSERT INTO metadata_general(isolate_id, isolate_name, species, project_name) VALUES ('208', 'AND01-027', 'Pseudomonas aeruginosa', 'GEMARA') ON DUPLICATE KEY UPDATE isolate_name = 'AND01-027', species = 'Pseudomonas aeruginosa', project_name = 'GEMARA'; 
INSERT INTO metadata_clinic(clinic_id, isolate_id, sample_type, collection_ward) VALUES ('23', '208', '20', 'UCI Adultos') ON DUPLICATE KEY UPDATE sample_type = '20', collection_ward = 'UCI Adultos'; 
INSERT INTO phenotypic_data(phenotypic_data_id, isolate_id, ecdc_resistance_profile, cloxa_test, mbl_test) VALUES ('23', '208', 'S', '-', '-') ON DUPLICATE KEY UPDATE ecdc_resistance_profile = 'S', cloxa_test = '-', mbl_test = '-'; 
INSERT INTO sequence_analysis(sequence_analysis_id, isolate_id, ame_loci, beta_lactamase_loci, carbapenemase_loci, other_acq_ab_loci) VALUES ('208', '208', '-', '-', '-', '-') ON DUPLICATE KEY UPDATE ame_loci = '-', beta_lactamase_loci = '-', carbapenemase_loci = '-', other_acq_ab_loci = '-'; 
INSERT INTO metadata_general(isolate_id, isolate_name, species, project_name) VALUES ('209', 'AND01-031', 'Pseudomonas aeruginosa', 'GEMARA') ON DUPLICATE KEY UPDATE isolate_name = 'AND01-031', species = 'Pseudomonas aeruginosa', project_name = 'GEMARA'; 
INSERT INTO metadata_clinic(clinic_id, isolate_id, sample_type, collection_ward) VALUES ('24', '209', '5', 'Servicios médicos adultos') ON DUPLICATE KEY UPDATE sample_type = '5', collection_ward = 'Servicios médicos adultos'; 
INSERT INTO phenotypic_data(phenotypic_data_id, isolate_id, ecdc_resistance_profile, cloxa_test, mbl_test) VALUES ('24', '209', 'S', '-', '-') ON DUPLICATE KEY UPDATE ecdc_resistance_profile = 'S', cloxa_test = '-', mbl_test = '-'; 
INSERT INTO sequence_analysis(sequence_analysis_id, isolate_id, ame_loci, beta_lactamase_loci, carbapenemase_loci, other_acq_ab_loci) VALUES ('209', '209', '-', '-', '-', '-') ON DUPLICATE KEY UPDATE ame_loci = '-', beta_lactamase_loci = '-', carbapenemase_loci = '-', other_acq_ab_loci = '-'; 
INSERT INTO metadata_general(isolate_id, isolate_name, species, project_name) VALUES ('5', 'AND01-038', 'Pseudomonas aeruginosa', 'GEMARA') ON DUPLICATE KEY UPDATE isolate_name = 'AND01-038', species = 'Pseudomonas aeruginosa', project_name = 'GEMARA'; 
INSERT INTO metadata_clinic(clinic_id, isolate_id, sample_type, collection_ward) VALUES ('25', '5', '5', 'Consultas externas') ON DUPLICATE KEY UPDATE sample_type = '5', collection_ward = 'Consultas externas'; 
INSERT INTO phenotypic_data(phenotypic_data_id, isolate_id, ecdc_resistance_profile, cloxa_test, mbl_test) VALUES ('25', '5', 'XDR', '+/s', '-') ON DUPLICATE KEY UPDATE ecdc_resistance_profile = 'XDR', cloxa_test = '+/s', mbl_test = '-'; 
INSERT INTO sequence_analysis(sequence_analysis_id, isolate_id, ame_loci, beta_lactamase_loci, carbapenemase_loci, other_acq_ab_loci) VALUES ('5', '5', '-', '-', '-', '-') ON DUPLICATE KEY UPDATE ame_loci = '-', beta_lactamase_loci = '-', carbapenemase_loci = '-', other_acq_ab_loci = '-'; 
INSERT INTO metadata_general(isolate_id, isolate_name, species, project_name) VALUES ('3', 'AND01-020', 'Pseudomonas aeruginosa', 'GEMARA') ON DUPLICATE KEY UPDATE isolate_name = 'AND01-020', species = 'Pseudomonas aeruginosa', project_name = 'GEMARA'; 
INSERT INTO metadata_clinic(clinic_id, isolate_id, sample_type, collection_ward) VALUES ('26', '3', '1', 'Servicios médicos adultos') ON DUPLICATE KEY UPDATE sample_type = '1', collection_ward = 'Servicios médicos adultos'; 
INSERT INTO phenotypic_data(phenotypic_data_id, isolate_id, ecdc_resistance_profile, cloxa_test, mbl_test) VALUES ('26', '3', 'XDR', '+/+', '-') ON DUPLICATE KEY UPDATE ecdc_resistance_profile = 'XDR', cloxa_test = '+/+', mbl_test = '-'; 
INSERT INTO sequence_analysis(sequence_analysis_id, isolate_id, ame_loci, beta_lactamase_loci, carbapenemase_loci, other_acq_ab_loci) VALUES ('3', '3', '-', '-', '-', '-') ON DUPLICATE KEY UPDATE ame_loci = '-', beta_lactamase_loci = '-', carbapenemase_loci = '-', other_acq_ab_loci = '-'; 
INSERT INTO metadata_general(isolate_id, isolate_name, species, project_name) VALUES ('2', 'AND01-016', 'Pseudomonas aeruginosa', 'GEMARA') ON DUPLICATE KEY UPDATE isolate_name = 'AND01-016', species = 'Pseudomonas aeruginosa', project_name = 'GEMARA'; 
INSERT INTO metadata_clinic(clinic_id, isolate_id, sample_type, collection_ward) VALUES ('27', '2', '5', 'Consultas externas') ON DUPLICATE KEY UPDATE sample_type = '5', collection_ward = 'Consultas externas'; 
INSERT INTO phenotypic_data(phenotypic_data_id, isolate_id, ecdc_resistance_profile, cloxa_test, mbl_test) VALUES ('27', '2', 'XDR', '+/+', '-') ON DUPLICATE KEY UPDATE ecdc_resistance_profile = 'XDR', cloxa_test = '+/+', mbl_test = '-'; 
INSERT INTO sequence_analysis(sequence_analysis_id, isolate_id, ame_loci, beta_lactamase_loci, carbapenemase_loci, other_acq_ab_loci) VALUES ('2', '2', '-', '-', '-', '-') ON DUPLICATE KEY UPDATE ame_loci = '-', beta_lactamase_loci = '-', carbapenemase_loci = '-', other_acq_ab_loci = '-'; 
INSERT INTO metadata_general(isolate_id, isolate_name, species, project_name) VALUES ('4', 'AND01-030', 'Pseudomonas aeruginosa', 'GEMARA') ON DUPLICATE KEY UPDATE isolate_name = 'AND01-030', species = 'Pseudomonas aeruginosa', project_name = 'GEMARA'; 
INSERT INTO metadata_clinic(clinic_id, isolate_id, sample_type, collection_ward) VALUES ('28', '4', '1', 'Servicios médicos adultos') ON DUPLICATE KEY UPDATE sample_type = '1', collection_ward = 'Servicios médicos adultos'; 
INSERT INTO phenotypic_data(phenotypic_data_id, isolate_id, ecdc_resistance_profile, cloxa_test, mbl_test) VALUES ('28', '4', 'XDR', '-/- ', '+') ON DUPLICATE KEY UPDATE ecdc_resistance_profile = 'XDR', cloxa_test = '-/- ', mbl_test = '+'; 
INSERT INTO sequence_analysis(sequence_analysis_id, isolate_id, ame_loci, beta_lactamase_loci, carbapenemase_loci, other_acq_ab_loci) VALUES ('4', '4', 'aadB, aph(3\')-Via, aadA13, aacA4, aac(6\')Ib-cr', 'blaOXA-2', 'blaVIM-20', '-') ON DUPLICATE KEY UPDATE ame_loci = 'aadB, aph(3\')-Via, aadA13, aacA4, aac(6\')Ib-cr', beta_lactamase_loci = 'blaOXA-2', carbapenemase_loci = 'blaVIM-20', other_acq_ab_loci = '-'; 
INSERT INTO metadata_general(isolate_id, isolate_name, species, project_name) VALUES ('1', 'AND01-001', 'Pseudomonas aeruginosa', 'GEMARA') ON DUPLICATE KEY UPDATE isolate_name = 'AND01-001', species = 'Pseudomonas aeruginosa', project_name = 'GEMARA'; 
INSERT INTO metadata_clinic(clinic_id, isolate_id, sample_type, collection_ward) VALUES ('29', '1', '20', 'Servicios médicos adultos') ON DUPLICATE KEY UPDATE sample_type = '20', collection_ward = 'Servicios médicos adultos'; 
INSERT INTO phenotypic_data(phenotypic_data_id, isolate_id, ecdc_resistance_profile, cloxa_test, mbl_test) VALUES ('29', '1', 'XDR', '+/+', '-') ON DUPLICATE KEY UPDATE ecdc_resistance_profile = 'XDR', cloxa_test = '+/+', mbl_test = '-'; 
INSERT INTO sequence_analysis(sequence_analysis_id, isolate_id, ame_loci, beta_lactamase_loci, carbapenemase_loci, other_acq_ab_loci) VALUES ('1', '1', 'aac(6\')-Ic', '-', '-', '-') ON DUPLICATE KEY UPDATE ame_loci = 'aac(6\')-Ic', beta_lactamase_loci = '-', carbapenemase_loci = '-', other_acq_ab_loci = '-'; 
INSERT INTO metadata_general(isolate_id, isolate_name, species, project_name) VALUES ('6', 'AND01-040', 'Pseudomonas aeruginosa', 'GEMARA') ON DUPLICATE KEY UPDATE isolate_name = 'AND01-040', species = 'Pseudomonas aeruginosa', project_name = 'GEMARA'; 
INSERT INTO metadata_clinic(clinic_id, isolate_id, sample_type, collection_ward) VALUES ('30', '6', '20', 'Servicios médicos adultos') ON DUPLICATE KEY UPDATE sample_type = '20', collection_ward = 'Servicios médicos adultos'; 
INSERT INTO phenotypic_data(phenotypic_data_id, isolate_id, ecdc_resistance_profile, cloxa_test, mbl_test) VALUES ('30', '6', 'XDR', 's/+', '-') ON DUPLICATE KEY UPDATE ecdc_resistance_profile = 'XDR', cloxa_test = 's/+', mbl_test = '-'; 
INSERT INTO sequence_analysis(sequence_analysis_id, isolate_id, ame_loci, beta_lactamase_loci, carbapenemase_loci, other_acq_ab_loci) VALUES ('6', '6', '-', '-', '-', '-') ON DUPLICATE KEY UPDATE ame_loci = '-', beta_lactamase_loci = '-', carbapenemase_loci = '-', other_acq_ab_loci = '-'; 
INSERT INTO metadata_general(isolate_id, isolate_name, species, project_name) VALUES ('210', 'AND02-015', 'Pseudomonas aeruginosa', 'GEMARA') ON DUPLICATE KEY UPDATE isolate_name = 'AND02-015', species = 'Pseudomonas aeruginosa', project_name = 'GEMARA'; 
INSERT INTO metadata_clinic(clinic_id, isolate_id, sample_type, collection_ward) VALUES ('31', '210', '1', 'Consultas externas') ON DUPLICATE KEY UPDATE sample_type = '1', collection_ward = 'Consultas externas'; 
INSERT INTO phenotypic_data(phenotypic_data_id, isolate_id, ecdc_resistance_profile, cloxa_test, mbl_test) VALUES ('31', '210', 'MDR', '-', '-') ON DUPLICATE KEY UPDATE ecdc_resistance_profile = 'MDR', cloxa_test = '-', mbl_test = '-'; 
INSERT INTO sequence_analysis(sequence_analysis_id, isolate_id, ame_loci, beta_lactamase_loci, carbapenemase_loci, other_acq_ab_loci) VALUES ('210', '210', '-', '-', '-', '-') ON DUPLICATE KEY UPDATE ame_loci = '-', beta_lactamase_loci = '-', carbapenemase_loci = '-', other_acq_ab_loci = '-'; 
INSERT INTO metadata_general(isolate_id, isolate_name, species, project_name) VALUES ('211', 'AND02-008', 'Pseudomonas aeruginosa', 'GEMARA') ON DUPLICATE KEY UPDATE isolate_name = 'AND02-008', species = 'Pseudomonas aeruginosa', project_name = 'GEMARA'; 
INSERT INTO metadata_clinic(clinic_id, isolate_id, sample_type, collection_ward) VALUES ('32', '211', '7', 'UCI Adultos') ON DUPLICATE KEY UPDATE sample_type = '7', collection_ward = 'UCI Adultos'; 
INSERT INTO phenotypic_data(phenotypic_data_id, isolate_id, ecdc_resistance_profile, cloxa_test, mbl_test) VALUES ('32', '211', 'MDR', '-', '-') ON DUPLICATE KEY UPDATE ecdc_resistance_profile = 'MDR', cloxa_test = '-', mbl_test = '-'; 
INSERT INTO sequence_analysis(sequence_analysis_id, isolate_id, ame_loci, beta_lactamase_loci, carbapenemase_loci, other_acq_ab_loci) VALUES ('211', '211', '-', '-', '-', '-') ON DUPLICATE KEY UPDATE ame_loci = '-', beta_lactamase_loci = '-', carbapenemase_loci = '-', other_acq_ab_loci = '-'; 
INSERT INTO metadata_general(isolate_id, isolate_name, species, project_name) VALUES ('212', 'AND02-006', 'Pseudomonas aeruginosa', 'GEMARA') ON DUPLICATE KEY UPDATE isolate_name = 'AND02-006', species = 'Pseudomonas aeruginosa', project_name = 'GEMARA'; 
INSERT INTO metadata_clinic(clinic_id, isolate_id, sample_type, collection_ward) VALUES ('33', '212', '5', 'Servicios médicos adultos') ON DUPLICATE KEY UPDATE sample_type = '5', collection_ward = 'Servicios médicos adultos'; 
INSERT INTO phenotypic_data(phenotypic_data_id, isolate_id, ecdc_resistance_profile, cloxa_test, mbl_test) VALUES ('33', '212', 'S', '-', '-') ON DUPLICATE KEY UPDATE ecdc_resistance_profile = 'S', cloxa_test = '-', mbl_test = '-'; 
INSERT INTO sequence_analysis(sequence_analysis_id, isolate_id, ame_loci, beta_lactamase_loci, carbapenemase_loci, other_acq_ab_loci) VALUES ('212', '212', '-', '-', '-', '-') ON DUPLICATE KEY UPDATE ame_loci = '-', beta_lactamase_loci = '-', carbapenemase_loci = '-', other_acq_ab_loci = '-'; 
INSERT INTO metadata_general(isolate_id, isolate_name, species, project_name) VALUES ('213', 'AND02-028', 'Pseudomonas aeruginosa', 'GEMARA') ON DUPLICATE KEY UPDATE isolate_name = 'AND02-028', species = 'Pseudomonas aeruginosa', project_name = 'GEMARA'; 
INSERT INTO metadata_clinic(clinic_id, isolate_id, sample_type, collection_ward) VALUES ('34', '213', '10', 'Consultas externas') ON DUPLICATE KEY UPDATE sample_type = '10', collection_ward = 'Consultas externas'; 
INSERT INTO phenotypic_data(phenotypic_data_id, isolate_id, ecdc_resistance_profile, cloxa_test, mbl_test) VALUES ('34', '213', 'S', '-', '-') ON DUPLICATE KEY UPDATE ecdc_resistance_profile = 'S', cloxa_test = '-', mbl_test = '-'; 
INSERT INTO sequence_analysis(sequence_analysis_id, isolate_id, ame_loci, beta_lactamase_loci, carbapenemase_loci, other_acq_ab_loci) VALUES ('213', '213', '-', '-', '-', '-') ON DUPLICATE KEY UPDATE ame_loci = '-', beta_lactamase_loci = '-', carbapenemase_loci = '-', other_acq_ab_loci = '-'; 
INSERT INTO metadata_general(isolate_id, isolate_name, species, project_name) VALUES ('214', 'AND02-031', 'Pseudomonas aeruginosa', 'GEMARA') ON DUPLICATE KEY UPDATE isolate_name = 'AND02-031', species = 'Pseudomonas aeruginosa', project_name = 'GEMARA'; 
INSERT INTO metadata_clinic(clinic_id, isolate_id, sample_type, collection_ward) VALUES ('35', '214', '1', 'Servicios médicos adultos') ON DUPLICATE KEY UPDATE sample_type = '1', collection_ward = 'Servicios médicos adultos'; 
INSERT INTO phenotypic_data(phenotypic_data_id, isolate_id, ecdc_resistance_profile, cloxa_test, mbl_test) VALUES ('35', '214', 'S', '-', '-') ON DUPLICATE KEY UPDATE ecdc_resistance_profile = 'S', cloxa_test = '-', mbl_test = '-'; 
INSERT INTO sequence_analysis(sequence_analysis_id, isolate_id, ame_loci, beta_lactamase_loci, carbapenemase_loci, other_acq_ab_loci) VALUES ('214', '214', '-', '-', '-', '-') ON DUPLICATE KEY UPDATE ame_loci = '-', beta_lactamase_loci = '-', carbapenemase_loci = '-', other_acq_ab_loci = '-'; 
INSERT INTO metadata_general(isolate_id, isolate_name, species, project_name) VALUES ('215', 'AND02-002', 'Pseudomonas aeruginosa', 'GEMARA') ON DUPLICATE KEY UPDATE isolate_name = 'AND02-002', species = 'Pseudomonas aeruginosa', project_name = 'GEMARA'; 
INSERT INTO metadata_clinic(clinic_id, isolate_id, sample_type, collection_ward) VALUES ('36', '215', '20', 'UCI Adultos') ON DUPLICATE KEY UPDATE sample_type = '20', collection_ward = 'UCI Adultos'; 
INSERT INTO phenotypic_data(phenotypic_data_id, isolate_id, ecdc_resistance_profile, cloxa_test, mbl_test) VALUES ('36', '215', 'S', '-', '-') ON DUPLICATE KEY UPDATE ecdc_resistance_profile = 'S', cloxa_test = '-', mbl_test = '-'; 
INSERT INTO sequence_analysis(sequence_analysis_id, isolate_id, ame_loci, beta_lactamase_loci, carbapenemase_loci, other_acq_ab_loci) VALUES ('215', '215', '-', '-', '-', '-') ON DUPLICATE KEY UPDATE ame_loci = '-', beta_lactamase_loci = '-', carbapenemase_loci = '-', other_acq_ab_loci = '-'; 
INSERT INTO metadata_general(isolate_id, isolate_name, species, project_name) VALUES ('216', 'AND02-014', 'Pseudomonas aeruginosa', 'GEMARA') ON DUPLICATE KEY UPDATE isolate_name = 'AND02-014', species = 'Pseudomonas aeruginosa', project_name = 'GEMARA'; 
INSERT INTO metadata_clinic(clinic_id, isolate_id, sample_type, collection_ward) VALUES ('37', '216', '5', 'UCI Adultos') ON DUPLICATE KEY UPDATE sample_type = '5', collection_ward = 'UCI Adultos'; 
INSERT INTO phenotypic_data(phenotypic_data_id, isolate_id, ecdc_resistance_profile, cloxa_test, mbl_test) VALUES ('37', '216', 'S', '-', '-') ON DUPLICATE KEY UPDATE ecdc_resistance_profile = 'S', cloxa_test = '-', mbl_test = '-'; 
INSERT INTO sequence_analysis(sequence_analysis_id, isolate_id, ame_loci, beta_lactamase_loci, carbapenemase_loci, other_acq_ab_loci) VALUES ('216', '216', '-', '-', '-', '-') ON DUPLICATE KEY UPDATE ame_loci = '-', beta_lactamase_loci = '-', carbapenemase_loci = '-', other_acq_ab_loci = '-'; 
INSERT INTO metadata_general(isolate_id, isolate_name, species, project_name) VALUES ('217', 'AND02-019', 'Pseudomonas aeruginosa', 'GEMARA') ON DUPLICATE KEY UPDATE isolate_name = 'AND02-019', species = 'Pseudomonas aeruginosa', project_name = 'GEMARA'; 
INSERT INTO metadata_clinic(clinic_id, isolate_id, sample_type, collection_ward) VALUES ('38', '217', '1', 'Servicios médicos adultos') ON DUPLICATE KEY UPDATE sample_type = '1', collection_ward = 'Servicios médicos adultos'; 
INSERT INTO phenotypic_data(phenotypic_data_id, isolate_id, ecdc_resistance_profile, cloxa_test, mbl_test) VALUES ('38', '217', 'S', '-', '-') ON DUPLICATE KEY UPDATE ecdc_resistance_profile = 'S', cloxa_test = '-', mbl_test = '-'; 
INSERT INTO sequence_analysis(sequence_analysis_id, isolate_id, ame_loci, beta_lactamase_loci, carbapenemase_loci, other_acq_ab_loci) VALUES ('217', '217', '-', '-', '-', '-') ON DUPLICATE KEY UPDATE ame_loci = '-', beta_lactamase_loci = '-', carbapenemase_loci = '-', other_acq_ab_loci = '-'; 
INSERT INTO metadata_general(isolate_id, isolate_name, species, project_name) VALUES ('218', 'AND02-025', 'Pseudomonas aeruginosa', 'GEMARA') ON DUPLICATE KEY UPDATE isolate_name = 'AND02-025', species = 'Pseudomonas aeruginosa', project_name = 'GEMARA'; 
INSERT INTO metadata_clinic(clinic_id, isolate_id, sample_type, collection_ward) VALUES ('39', '218', '5', 'Servicios médicos adultos') ON DUPLICATE KEY UPDATE sample_type = '5', collection_ward = 'Servicios médicos adultos'; 
INSERT INTO phenotypic_data(phenotypic_data_id, isolate_id, ecdc_resistance_profile, cloxa_test, mbl_test) VALUES ('39', '218', 'S', '-', '-') ON DUPLICATE KEY UPDATE ecdc_resistance_profile = 'S', cloxa_test = '-', mbl_test = '-'; 
INSERT INTO sequence_analysis(sequence_analysis_id, isolate_id, ame_loci, beta_lactamase_loci, carbapenemase_loci, other_acq_ab_loci) VALUES ('218', '218', '-', '-', '-', '-') ON DUPLICATE KEY UPDATE ame_loci = '-', beta_lactamase_loci = '-', carbapenemase_loci = '-', other_acq_ab_loci = '-'; 
INSERT INTO metadata_general(isolate_id, isolate_name, species, project_name) VALUES ('219', 'AND02-041', 'Pseudomonas aeruginosa', 'GEMARA') ON DUPLICATE KEY UPDATE isolate_name = 'AND02-041', species = 'Pseudomonas aeruginosa', project_name = 'GEMARA'; 
INSERT INTO metadata_clinic(clinic_id, isolate_id, sample_type, collection_ward) VALUES ('40', '219', '16', 'Consultas externas') ON DUPLICATE KEY UPDATE sample_type = '16', collection_ward = 'Consultas externas'; 
INSERT INTO phenotypic_data(phenotypic_data_id, isolate_id, ecdc_resistance_profile, cloxa_test, mbl_test) VALUES ('40', '219', 'S', '-', '-') ON DUPLICATE KEY UPDATE ecdc_resistance_profile = 'S', cloxa_test = '-', mbl_test = '-'; 
INSERT INTO sequence_analysis(sequence_analysis_id, isolate_id, ame_loci, beta_lactamase_loci, carbapenemase_loci, other_acq_ab_loci) VALUES ('219', '219', '-', '-', '-', '-') ON DUPLICATE KEY UPDATE ame_loci = '-', beta_lactamase_loci = '-', carbapenemase_loci = '-', other_acq_ab_loci = '-'; 
INSERT INTO metadata_general(isolate_id, isolate_name, species, project_name) VALUES ('220', 'AND02-009', 'Pseudomonas aeruginosa', 'GEMARA') ON DUPLICATE KEY UPDATE isolate_name = 'AND02-009', species = 'Pseudomonas aeruginosa', project_name = 'GEMARA'; 
INSERT INTO metadata_clinic(clinic_id, isolate_id, sample_type, collection_ward) VALUES ('41', '220', '15', 'UCI Adultos') ON DUPLICATE KEY UPDATE sample_type = '15', collection_ward = 'UCI Adultos'; 
INSERT INTO phenotypic_data(phenotypic_data_id, isolate_id, ecdc_resistance_profile, cloxa_test, mbl_test) VALUES ('41', '220', 'S', '-', '-') ON DUPLICATE KEY UPDATE ecdc_resistance_profile = 'S', cloxa_test = '-', mbl_test = '-'; 
INSERT INTO sequence_analysis(sequence_analysis_id, isolate_id, ame_loci, beta_lactamase_loci, carbapenemase_loci, other_acq_ab_loci) VALUES ('220', '220', '-', '-', '-', '-') ON DUPLICATE KEY UPDATE ame_loci = '-', beta_lactamase_loci = '-', carbapenemase_loci = '-', other_acq_ab_loci = '-'; 
INSERT INTO metadata_general(isolate_id, isolate_name, species, project_name) VALUES ('221', 'AND02-033', 'Pseudomonas aeruginosa', 'GEMARA') ON DUPLICATE KEY UPDATE isolate_name = 'AND02-033', species = 'Pseudomonas aeruginosa', project_name = 'GEMARA'; 
INSERT INTO metadata_clinic(clinic_id, isolate_id, sample_type, collection_ward) VALUES ('42', '221', '1', 'Consultas externas') ON DUPLICATE KEY UPDATE sample_type = '1', collection_ward = 'Consultas externas'; 
INSERT INTO phenotypic_data(phenotypic_data_id, isolate_id, ecdc_resistance_profile, cloxa_test, mbl_test) VALUES ('42', '221', 'S', '-', '-') ON DUPLICATE KEY UPDATE ecdc_resistance_profile = 'S', cloxa_test = '-', mbl_test = '-'; 
INSERT INTO sequence_analysis(sequence_analysis_id, isolate_id, ame_loci, beta_lactamase_loci, carbapenemase_loci, other_acq_ab_loci) VALUES ('221', '221', '-', '-', '-', '-') ON DUPLICATE KEY UPDATE ame_loci = '-', beta_lactamase_loci = '-', carbapenemase_loci = '-', other_acq_ab_loci = '-'; 
INSERT INTO metadata_general(isolate_id, isolate_name, species, project_name) VALUES ('222', 'AND02-024', 'Pseudomonas aeruginosa', 'GEMARA') ON DUPLICATE KEY UPDATE isolate_name = 'AND02-024', species = 'Pseudomonas aeruginosa', project_name = 'GEMARA'; 
INSERT INTO metadata_clinic(clinic_id, isolate_id, sample_type, collection_ward) VALUES ('43', '222', '1', 'Servicios médicos adultos') ON DUPLICATE KEY UPDATE sample_type = '1', collection_ward = 'Servicios médicos adultos'; 
INSERT INTO phenotypic_data(phenotypic_data_id, isolate_id, ecdc_resistance_profile, cloxa_test, mbl_test) VALUES ('43', '222', 'S', '-', '-') ON DUPLICATE KEY UPDATE ecdc_resistance_profile = 'S', cloxa_test = '-', mbl_test = '-'; 
INSERT INTO sequence_analysis(sequence_analysis_id, isolate_id, ame_loci, beta_lactamase_loci, carbapenemase_loci, other_acq_ab_loci) VALUES ('222', '222', '-', '-', '-', '-') ON DUPLICATE KEY UPDATE ame_loci = '-', beta_lactamase_loci = '-', carbapenemase_loci = '-', other_acq_ab_loci = '-'; 
INSERT INTO metadata_general(isolate_id, isolate_name, species, project_name) VALUES ('223', 'AND02-013', 'Pseudomonas aeruginosa', 'GEMARA') ON DUPLICATE KEY UPDATE isolate_name = 'AND02-013', species = 'Pseudomonas aeruginosa', project_name = 'GEMARA'; 
INSERT INTO metadata_clinic(clinic_id, isolate_id, sample_type, collection_ward) VALUES ('44', '223', '16', 'Servicios quirúrgicos pediatría') ON DUPLICATE KEY UPDATE sample_type = '16', collection_ward = 'Servicios quirúrgicos pediatría'; 
INSERT INTO phenotypic_data(phenotypic_data_id, isolate_id, ecdc_resistance_profile, cloxa_test, mbl_test) VALUES ('44', '223', 'S', '-', '-') ON DUPLICATE KEY UPDATE ecdc_resistance_profile = 'S', cloxa_test = '-', mbl_test = '-'; 
INSERT INTO sequence_analysis(sequence_analysis_id, isolate_id, ame_loci, beta_lactamase_loci, carbapenemase_loci, other_acq_ab_loci) VALUES ('223', '223', '-', '-', '-', '-') ON DUPLICATE KEY UPDATE ame_loci = '-', beta_lactamase_loci = '-', carbapenemase_loci = '-', other_acq_ab_loci = '-'; 
INSERT INTO metadata_general(isolate_id, isolate_name, species, project_name) VALUES ('224', 'AND02-018', 'Pseudomonas aeruginosa', 'GEMARA') ON DUPLICATE KEY UPDATE isolate_name = 'AND02-018', species = 'Pseudomonas aeruginosa', project_name = 'GEMARA'; 
INSERT INTO metadata_clinic(clinic_id, isolate_id, sample_type, collection_ward) VALUES ('45', '224', '24', 'Servicios quirúrgicos adultos') ON DUPLICATE KEY UPDATE sample_type = '24', collection_ward = 'Servicios quirúrgicos adultos'; 
INSERT INTO phenotypic_data(phenotypic_data_id, isolate_id, ecdc_resistance_profile, cloxa_test, mbl_test) VALUES ('45', '224', 'S', '-', '-') ON DUPLICATE KEY UPDATE ecdc_resistance_profile = 'S', cloxa_test = '-', mbl_test = '-'; 
INSERT INTO sequence_analysis(sequence_analysis_id, isolate_id, ame_loci, beta_lactamase_loci, carbapenemase_loci, other_acq_ab_loci) VALUES ('224', '224', '-', '-', '-', '-') ON DUPLICATE KEY UPDATE ame_loci = '-', beta_lactamase_loci = '-', carbapenemase_loci = '-', other_acq_ab_loci = '-'; 
INSERT INTO metadata_general(isolate_id, isolate_name, species, project_name) VALUES ('225', 'AND02-021', 'Pseudomonas aeruginosa', 'GEMARA') ON DUPLICATE KEY UPDATE isolate_name = 'AND02-021', species = 'Pseudomonas aeruginosa', project_name = 'GEMARA'; 
INSERT INTO metadata_clinic(clinic_id, isolate_id, sample_type, collection_ward) VALUES ('46', '225', '1', 'Consultas externas') ON DUPLICATE KEY UPDATE sample_type = '1', collection_ward = 'Consultas externas'; 
INSERT INTO phenotypic_data(phenotypic_data_id, isolate_id, ecdc_resistance_profile, cloxa_test, mbl_test) VALUES ('46', '225', 'S', '-', '-') ON DUPLICATE KEY UPDATE ecdc_resistance_profile = 'S', cloxa_test = '-', mbl_test = '-'; 
INSERT INTO sequence_analysis(sequence_analysis_id, isolate_id, ame_loci, beta_lactamase_loci, carbapenemase_loci, other_acq_ab_loci) VALUES ('225', '225', '-', '-', '-', '-') ON DUPLICATE KEY UPDATE ame_loci = '-', beta_lactamase_loci = '-', carbapenemase_loci = '-', other_acq_ab_loci = '-'; 
INSERT INTO metadata_general(isolate_id, isolate_name, species, project_name) VALUES ('226', 'AND02-034', 'Pseudomonas aeruginosa', 'GEMARA') ON DUPLICATE KEY UPDATE isolate_name = 'AND02-034', species = 'Pseudomonas aeruginosa', project_name = 'GEMARA'; 
INSERT INTO metadata_clinic(clinic_id, isolate_id, sample_type, collection_ward) VALUES ('47', '226', '5', 'Consultas externas') ON DUPLICATE KEY UPDATE sample_type = '5', collection_ward = 'Consultas externas'; 
INSERT INTO phenotypic_data(phenotypic_data_id, isolate_id, ecdc_resistance_profile, cloxa_test, mbl_test) VALUES ('47', '226', 'S', '-', '-') ON DUPLICATE KEY UPDATE ecdc_resistance_profile = 'S', cloxa_test = '-', mbl_test = '-'; 
INSERT INTO sequence_analysis(sequence_analysis_id, isolate_id, ame_loci, beta_lactamase_loci, carbapenemase_loci, other_acq_ab_loci) VALUES ('226', '226', '-', '-', '-', '-') ON DUPLICATE KEY UPDATE ame_loci = '-', beta_lactamase_loci = '-', carbapenemase_loci = '-', other_acq_ab_loci = '-'; 
INSERT INTO metadata_general(isolate_id, isolate_name, species, project_name) VALUES ('227', 'AND02-036', 'Pseudomonas aeruginosa', 'GEMARA') ON DUPLICATE KEY UPDATE isolate_name = 'AND02-036', species = 'Pseudomonas aeruginosa', project_name = 'GEMARA'; 
INSERT INTO metadata_clinic(clinic_id, isolate_id, sample_type, collection_ward) VALUES ('48', '227', '31', 'Consultas externas') ON DUPLICATE KEY UPDATE sample_type = '31', collection_ward = 'Consultas externas'; 
INSERT INTO phenotypic_data(phenotypic_data_id, isolate_id, ecdc_resistance_profile, cloxa_test, mbl_test) VALUES ('48', '227', 'S', '-', '-') ON DUPLICATE KEY UPDATE ecdc_resistance_profile = 'S', cloxa_test = '-', mbl_test = '-'; 
INSERT INTO sequence_analysis(sequence_analysis_id, isolate_id, ame_loci, beta_lactamase_loci, carbapenemase_loci, other_acq_ab_loci) VALUES ('227', '227', '-', '-', '-', '-') ON DUPLICATE KEY UPDATE ame_loci = '-', beta_lactamase_loci = '-', carbapenemase_loci = '-', other_acq_ab_loci = '-'; 
INSERT INTO metadata_general(isolate_id, isolate_name, species, project_name) VALUES ('228', 'AND02-039', 'Pseudomonas aeruginosa', 'GEMARA') ON DUPLICATE KEY UPDATE isolate_name = 'AND02-039', species = 'Pseudomonas aeruginosa', project_name = 'GEMARA'; 
INSERT INTO metadata_clinic(clinic_id, isolate_id, sample_type, collection_ward) VALUES ('49', '228', '23', 'Servicios quirúrgicos adultos') ON DUPLICATE KEY UPDATE sample_type = '23', collection_ward = 'Servicios quirúrgicos adultos'; 
INSERT INTO phenotypic_data(phenotypic_data_id, isolate_id, ecdc_resistance_profile, cloxa_test, mbl_test) VALUES ('49', '228', 'S', '-', '-') ON DUPLICATE KEY UPDATE ecdc_resistance_profile = 'S', cloxa_test = '-', mbl_test = '-'; 
INSERT INTO sequence_analysis(sequence_analysis_id, isolate_id, ame_loci, beta_lactamase_loci, carbapenemase_loci, other_acq_ab_loci) VALUES ('228', '228', '-', '-', '-', '-') ON DUPLICATE KEY UPDATE ame_loci = '-', beta_lactamase_loci = '-', carbapenemase_loci = '-', other_acq_ab_loci = '-'; 
INSERT INTO metadata_general(isolate_id, isolate_name, species, project_name) VALUES ('229', 'AND02-040', 'Pseudomonas aeruginosa', 'GEMARA') ON DUPLICATE KEY UPDATE isolate_name = 'AND02-040', species = 'Pseudomonas aeruginosa', project_name = 'GEMARA'; 
INSERT INTO metadata_clinic(clinic_id, isolate_id, sample_type, collection_ward) VALUES ('50', '229', '16', 'Servicios quirúrgicos adultos') ON DUPLICATE KEY UPDATE sample_type = '16', collection_ward = 'Servicios quirúrgicos adultos'; 
INSERT INTO phenotypic_data(phenotypic_data_id, isolate_id, ecdc_resistance_profile, cloxa_test, mbl_test) VALUES ('50', '229', 'S', '-', '-') ON DUPLICATE KEY UPDATE ecdc_resistance_profile = 'S', cloxa_test = '-', mbl_test = '-'; 
INSERT INTO sequence_analysis(sequence_analysis_id, isolate_id, ame_loci, beta_lactamase_loci, carbapenemase_loci, other_acq_ab_loci) VALUES ('229', '229', '-', '-', '-', '-') ON DUPLICATE KEY UPDATE ame_loci = '-', beta_lactamase_loci = '-', carbapenemase_loci = '-', other_acq_ab_loci = '-'; 
INSERT INTO metadata_general(isolate_id, isolate_name, species, project_name) VALUES ('230', 'AND02-032', 'Pseudomonas aeruginosa', 'GEMARA') ON DUPLICATE KEY UPDATE isolate_name = 'AND02-032', species = 'Pseudomonas aeruginosa', project_name = 'GEMARA'; 
INSERT INTO metadata_clinic(clinic_id, isolate_id, sample_type, collection_ward) VALUES ('51', '230', '5', 'Servicios médicos adultos') ON DUPLICATE KEY UPDATE sample_type = '5', collection_ward = 'Servicios médicos adultos'; 
INSERT INTO phenotypic_data(phenotypic_data_id, isolate_id, ecdc_resistance_profile, cloxa_test, mbl_test) VALUES ('51', '230', 'S', '-', '-') ON DUPLICATE KEY UPDATE ecdc_resistance_profile = 'S', cloxa_test = '-', mbl_test = '-'; 
INSERT INTO sequence_analysis(sequence_analysis_id, isolate_id, ame_loci, beta_lactamase_loci, carbapenemase_loci, other_acq_ab_loci) VALUES ('230', '230', '-', '-', '-', '-') ON DUPLICATE KEY UPDATE ame_loci = '-', beta_lactamase_loci = '-', carbapenemase_loci = '-', other_acq_ab_loci = '-'; 
INSERT INTO metadata_general(isolate_id, isolate_name, species, project_name) VALUES ('231', 'AND02-029', 'Pseudomonas aeruginosa', 'GEMARA') ON DUPLICATE KEY UPDATE isolate_name = 'AND02-029', species = 'Pseudomonas aeruginosa', project_name = 'GEMARA'; 
INSERT INTO metadata_clinic(clinic_id, isolate_id, sample_type, collection_ward) VALUES ('52', '231', '15', 'Consultas externas') ON DUPLICATE KEY UPDATE sample_type = '15', collection_ward = 'Consultas externas'; 
INSERT INTO phenotypic_data(phenotypic_data_id, isolate_id, ecdc_resistance_profile, cloxa_test, mbl_test) VALUES ('52', '231', 'S', '-', '-') ON DUPLICATE KEY UPDATE ecdc_resistance_profile = 'S', cloxa_test = '-', mbl_test = '-'; 
INSERT INTO sequence_analysis(sequence_analysis_id, isolate_id, ame_loci, beta_lactamase_loci, carbapenemase_loci, other_acq_ab_loci) VALUES ('231', '231', '-', '-', '-', '-') ON DUPLICATE KEY UPDATE ame_loci = '-', beta_lactamase_loci = '-', carbapenemase_loci = '-', other_acq_ab_loci = '-'; 
INSERT INTO metadata_general(isolate_id, isolate_name, species, project_name) VALUES ('232', 'AND02-035', 'Pseudomonas aeruginosa', 'GEMARA') ON DUPLICATE KEY UPDATE isolate_name = 'AND02-035', species = 'Pseudomonas aeruginosa', project_name = 'GEMARA'; 
INSERT INTO metadata_clinic(clinic_id, isolate_id, sample_type, collection_ward) VALUES ('53', '232', '16', 'Consultas externas') ON DUPLICATE KEY UPDATE sample_type = '16', collection_ward = 'Consultas externas'; 
INSERT INTO phenotypic_data(phenotypic_data_id, isolate_id, ecdc_resistance_profile, cloxa_test, mbl_test) VALUES ('53', '232', 'S', '-', '-') ON DUPLICATE KEY UPDATE ecdc_resistance_profile = 'S', cloxa_test = '-', mbl_test = '-'; 
INSERT INTO sequence_analysis(sequence_analysis_id, isolate_id, ame_loci, beta_lactamase_loci, carbapenemase_loci, other_acq_ab_loci) VALUES ('232', '232', '-', '-', '-', '-') ON DUPLICATE KEY UPDATE ame_loci = '-', beta_lactamase_loci = '-', carbapenemase_loci = '-', other_acq_ab_loci = '-'; 
INSERT INTO metadata_general(isolate_id, isolate_name, species, project_name) VALUES ('233', 'AND02-007', 'Pseudomonas aeruginosa', 'GEMARA') ON DUPLICATE KEY UPDATE isolate_name = 'AND02-007', species = 'Pseudomonas aeruginosa', project_name = 'GEMARA'; 
INSERT INTO metadata_clinic(clinic_id, isolate_id, sample_type, collection_ward) VALUES ('54', '233', '5', 'Servicios médicos adultos') ON DUPLICATE KEY UPDATE sample_type = '5', collection_ward = 'Servicios médicos adultos'; 
INSERT INTO phenotypic_data(phenotypic_data_id, isolate_id, ecdc_resistance_profile, cloxa_test, mbl_test) VALUES ('54', '233', 'S', '-', '-') ON DUPLICATE KEY UPDATE ecdc_resistance_profile = 'S', cloxa_test = '-', mbl_test = '-'; 
INSERT INTO sequence_analysis(sequence_analysis_id, isolate_id, ame_loci, beta_lactamase_loci, carbapenemase_loci, other_acq_ab_loci) VALUES ('233', '233', '-', '-', '-', '-') ON DUPLICATE KEY UPDATE ame_loci = '-', beta_lactamase_loci = '-', carbapenemase_loci = '-', other_acq_ab_loci = '-'; 
INSERT INTO metadata_general(isolate_id, isolate_name, species, project_name) VALUES ('234', 'AND02-027', 'Pseudomonas aeruginosa', 'GEMARA') ON DUPLICATE KEY UPDATE isolate_name = 'AND02-027', species = 'Pseudomonas aeruginosa', project_name = 'GEMARA'; 
INSERT INTO metadata_clinic(clinic_id, isolate_id, sample_type, collection_ward) VALUES ('55', '234', '16', 'Consultas externas') ON DUPLICATE KEY UPDATE sample_type = '16', collection_ward = 'Consultas externas'; 
INSERT INTO phenotypic_data(phenotypic_data_id, isolate_id, ecdc_resistance_profile, cloxa_test, mbl_test) VALUES ('55', '234', 'S', '-', '-') ON DUPLICATE KEY UPDATE ecdc_resistance_profile = 'S', cloxa_test = '-', mbl_test = '-'; 
INSERT INTO sequence_analysis(sequence_analysis_id, isolate_id, ame_loci, beta_lactamase_loci, carbapenemase_loci, other_acq_ab_loci) VALUES ('234', '234', '-', '-', '-', '-') ON DUPLICATE KEY UPDATE ame_loci = '-', beta_lactamase_loci = '-', carbapenemase_loci = '-', other_acq_ab_loci = '-'; 
INSERT INTO metadata_general(isolate_id, isolate_name, species, project_name) VALUES ('235', 'AND02-037A', 'Pseudomonas aeruginosa', 'GEMARA') ON DUPLICATE KEY UPDATE isolate_name = 'AND02-037A', species = 'Pseudomonas aeruginosa', project_name = 'GEMARA'; 
INSERT INTO metadata_clinic(clinic_id, isolate_id, sample_type, collection_ward) VALUES ('56', '235', '7', 'Servicios médicos adultos') ON DUPLICATE KEY UPDATE sample_type = '7', collection_ward = 'Servicios médicos adultos'; 
INSERT INTO phenotypic_data(phenotypic_data_id, isolate_id, ecdc_resistance_profile, cloxa_test, mbl_test) VALUES ('56', '235', 'S', '-', '-') ON DUPLICATE KEY UPDATE ecdc_resistance_profile = 'S', cloxa_test = '-', mbl_test = '-'; 
INSERT INTO sequence_analysis(sequence_analysis_id, isolate_id, ame_loci, beta_lactamase_loci, carbapenemase_loci, other_acq_ab_loci) VALUES ('235', '235', '-', '-', '-', '-') ON DUPLICATE KEY UPDATE ame_loci = '-', beta_lactamase_loci = '-', carbapenemase_loci = '-', other_acq_ab_loci = '-'; 
INSERT INTO metadata_general(isolate_id, isolate_name, species, project_name) VALUES ('236', 'AND02-003', 'Pseudomonas aeruginosa', 'GEMARA') ON DUPLICATE KEY UPDATE isolate_name = 'AND02-003', species = 'Pseudomonas aeruginosa', project_name = 'GEMARA'; 
INSERT INTO metadata_clinic(clinic_id, isolate_id, sample_type, collection_ward) VALUES ('57', '236', '1', 'Servicios quirúrgicos adultos') ON DUPLICATE KEY UPDATE sample_type = '1', collection_ward = 'Servicios quirúrgicos adultos'; 
INSERT INTO phenotypic_data(phenotypic_data_id, isolate_id, ecdc_resistance_profile, cloxa_test, mbl_test) VALUES ('57', '236', 'XDR', '+/+ ', '-') ON DUPLICATE KEY UPDATE ecdc_resistance_profile = 'XDR', cloxa_test = '+/+ ', mbl_test = '-'; 
INSERT INTO sequence_analysis(sequence_analysis_id, isolate_id, ame_loci, beta_lactamase_loci, carbapenemase_loci, other_acq_ab_loci) VALUES ('236', '236', '-', '-', '-', '-') ON DUPLICATE KEY UPDATE ame_loci = '-', beta_lactamase_loci = '-', carbapenemase_loci = '-', other_acq_ab_loci = '-'; 
INSERT INTO metadata_general(isolate_id, isolate_name, species, project_name) VALUES ('9', 'AND02-023', 'Pseudomonas aeruginosa', 'GEMARA') ON DUPLICATE KEY UPDATE isolate_name = 'AND02-023', species = 'Pseudomonas aeruginosa', project_name = 'GEMARA'; 
INSERT INTO metadata_clinic(clinic_id, isolate_id, sample_type, collection_ward) VALUES ('58', '9', '6', 'Servicios quirúrgicos adultos') ON DUPLICATE KEY UPDATE sample_type = '6', collection_ward = 'Servicios quirúrgicos adultos'; 
INSERT INTO phenotypic_data(phenotypic_data_id, isolate_id, ecdc_resistance_profile, cloxa_test, mbl_test) VALUES ('58', '9', 'XDR', '+/+', '-') ON DUPLICATE KEY UPDATE ecdc_resistance_profile = 'XDR', cloxa_test = '+/+', mbl_test = '-'; 
INSERT INTO sequence_analysis(sequence_analysis_id, isolate_id, ame_loci, beta_lactamase_loci, carbapenemase_loci, other_acq_ab_loci) VALUES ('9', '9', 'aac(3)-Ib, aacA4, aac(6\')Ib-cr', '-', '-', 'strA, strB') ON DUPLICATE KEY UPDATE ame_loci = 'aac(3)-Ib, aacA4, aac(6\')Ib-cr', beta_lactamase_loci = '-', carbapenemase_loci = '-', other_acq_ab_loci = 'strA, strB'; 
INSERT INTO metadata_general(isolate_id, isolate_name, species, project_name) VALUES ('8', 'AND02-016', 'Pseudomonas aeruginosa', 'GEMARA') ON DUPLICATE KEY UPDATE isolate_name = 'AND02-016', species = 'Pseudomonas aeruginosa', project_name = 'GEMARA'; 
INSERT INTO metadata_clinic(clinic_id, isolate_id, sample_type, collection_ward) VALUES ('59', '8', '7', 'Consultas externas') ON DUPLICATE KEY UPDATE sample_type = '7', collection_ward = 'Consultas externas'; 
INSERT INTO phenotypic_data(phenotypic_data_id, isolate_id, ecdc_resistance_profile, cloxa_test, mbl_test) VALUES ('59', '8', 'XDR', '+/s', '-') ON DUPLICATE KEY UPDATE ecdc_resistance_profile = 'XDR', cloxa_test = '+/s', mbl_test = '-'; 
INSERT INTO sequence_analysis(sequence_analysis_id, isolate_id, ame_loci, beta_lactamase_loci, carbapenemase_loci, other_acq_ab_loci) VALUES ('8', '8', 'aac(6\')-31', '-', '-', 'strA, strB') ON DUPLICATE KEY UPDATE ame_loci = 'aac(6\')-31', beta_lactamase_loci = '-', carbapenemase_loci = '-', other_acq_ab_loci = 'strA, strB'; 
INSERT INTO metadata_general(isolate_id, isolate_name, species, project_name) VALUES ('7', 'AND02-001', 'Pseudomonas aeruginosa', 'GEMARA') ON DUPLICATE KEY UPDATE isolate_name = 'AND02-001', species = 'Pseudomonas aeruginosa', project_name = 'GEMARA'; 
INSERT INTO metadata_clinic(clinic_id, isolate_id, sample_type, collection_ward) VALUES ('60', '7', '16', 'Servicios médicos adultos') ON DUPLICATE KEY UPDATE sample_type = '16', collection_ward = 'Servicios médicos adultos'; 
INSERT INTO phenotypic_data(phenotypic_data_id, isolate_id, ecdc_resistance_profile, cloxa_test, mbl_test) VALUES ('60', '7', 'XDR', '+/+ ', '-') ON DUPLICATE KEY UPDATE ecdc_resistance_profile = 'XDR', cloxa_test = '+/+ ', mbl_test = '-'; 
INSERT INTO sequence_analysis(sequence_analysis_id, isolate_id, ame_loci, beta_lactamase_loci, carbapenemase_loci, other_acq_ab_loci) VALUES ('7', '7', '-', '-', '-', '-') ON DUPLICATE KEY UPDATE ame_loci = '-', beta_lactamase_loci = '-', carbapenemase_loci = '-', other_acq_ab_loci = '-'; 
INSERT INTO metadata_general(isolate_id, isolate_name, species, project_name) VALUES ('237', 'AND03-018', 'Pseudomonas aeruginosa', 'GEMARA') ON DUPLICATE KEY UPDATE isolate_name = 'AND03-018', species = 'Pseudomonas aeruginosa', project_name = 'GEMARA'; 
INSERT INTO metadata_clinic(clinic_id, isolate_id, sample_type, collection_ward) VALUES ('61', '237', '1', 'Servicios médicos adultos') ON DUPLICATE KEY UPDATE sample_type = '1', collection_ward = 'Servicios médicos adultos'; 
INSERT INTO phenotypic_data(phenotypic_data_id, isolate_id, ecdc_resistance_profile, cloxa_test, mbl_test) VALUES ('61', '237', 'S', '-', '-') ON DUPLICATE KEY UPDATE ecdc_resistance_profile = 'S', cloxa_test = '-', mbl_test = '-'; 
INSERT INTO sequence_analysis(sequence_analysis_id, isolate_id, ame_loci, beta_lactamase_loci, carbapenemase_loci, other_acq_ab_loci) VALUES ('237', '237', '-', '-', '-', '-') ON DUPLICATE KEY UPDATE ame_loci = '-', beta_lactamase_loci = '-', carbapenemase_loci = '-', other_acq_ab_loci = '-'; 
INSERT INTO metadata_general(isolate_id, isolate_name, species, project_name) VALUES ('238', 'AND03-009', 'Pseudomonas aeruginosa', 'GEMARA') ON DUPLICATE KEY UPDATE isolate_name = 'AND03-009', species = 'Pseudomonas aeruginosa', project_name = 'GEMARA'; 
INSERT INTO metadata_clinic(clinic_id, isolate_id, sample_type, collection_ward) VALUES ('62', '238', '1', 'Servicios médicos adultos') ON DUPLICATE KEY UPDATE sample_type = '1', collection_ward = 'Servicios médicos adultos'; 
INSERT INTO phenotypic_data(phenotypic_data_id, isolate_id, ecdc_resistance_profile, cloxa_test, mbl_test) VALUES ('62', '238', 'S', '-', '-') ON DUPLICATE KEY UPDATE ecdc_resistance_profile = 'S', cloxa_test = '-', mbl_test = '-'; 
INSERT INTO sequence_analysis(sequence_analysis_id, isolate_id, ame_loci, beta_lactamase_loci, carbapenemase_loci, other_acq_ab_loci) VALUES ('238', '238', '-', '-', '-', '-') ON DUPLICATE KEY UPDATE ame_loci = '-', beta_lactamase_loci = '-', carbapenemase_loci = '-', other_acq_ab_loci = '-'; 
INSERT INTO metadata_general(isolate_id, isolate_name, species, project_name) VALUES ('239', 'AND03-012', 'Pseudomonas aeruginosa', 'GEMARA') ON DUPLICATE KEY UPDATE isolate_name = 'AND03-012', species = 'Pseudomonas aeruginosa', project_name = 'GEMARA'; 
INSERT INTO metadata_clinic(clinic_id, isolate_id, sample_type, collection_ward) VALUES ('63', '239', '15', 'UCI Adultos') ON DUPLICATE KEY UPDATE sample_type = '15', collection_ward = 'UCI Adultos'; 
INSERT INTO phenotypic_data(phenotypic_data_id, isolate_id, ecdc_resistance_profile, cloxa_test, mbl_test) VALUES ('63', '239', 'S', '-', '-') ON DUPLICATE KEY UPDATE ecdc_resistance_profile = 'S', cloxa_test = '-', mbl_test = '-'; 
INSERT INTO sequence_analysis(sequence_analysis_id, isolate_id, ame_loci, beta_lactamase_loci, carbapenemase_loci, other_acq_ab_loci) VALUES ('239', '239', '-', '-', '-', '-') ON DUPLICATE KEY UPDATE ame_loci = '-', beta_lactamase_loci = '-', carbapenemase_loci = '-', other_acq_ab_loci = '-'; 
INSERT INTO metadata_general(isolate_id, isolate_name, species, project_name) VALUES ('240', 'AND03-015', 'Pseudomonas aeruginosa', 'GEMARA') ON DUPLICATE KEY UPDATE isolate_name = 'AND03-015', species = 'Pseudomonas aeruginosa', project_name = 'GEMARA'; 
INSERT INTO metadata_clinic(clinic_id, isolate_id, sample_type, collection_ward) VALUES ('64', '240', '3', 'Servicios quirúrgicos adultos') ON DUPLICATE KEY UPDATE sample_type = '3', collection_ward = 'Servicios quirúrgicos adultos'; 
INSERT INTO phenotypic_data(phenotypic_data_id, isolate_id, ecdc_resistance_profile, cloxa_test, mbl_test) VALUES ('64', '240', 'S', '-', '-') ON DUPLICATE KEY UPDATE ecdc_resistance_profile = 'S', cloxa_test = '-', mbl_test = '-'; 
INSERT INTO sequence_analysis(sequence_analysis_id, isolate_id, ame_loci, beta_lactamase_loci, carbapenemase_loci, other_acq_ab_loci) VALUES ('240', '240', '-', '-', '-', '-') ON DUPLICATE KEY UPDATE ame_loci = '-', beta_lactamase_loci = '-', carbapenemase_loci = '-', other_acq_ab_loci = '-'; 
INSERT INTO metadata_general(isolate_id, isolate_name, species, project_name) VALUES ('241', 'AND03-033', 'Pseudomonas aeruginosa', 'GEMARA') ON DUPLICATE KEY UPDATE isolate_name = 'AND03-033', species = 'Pseudomonas aeruginosa', project_name = 'GEMARA'; 
INSERT INTO metadata_clinic(clinic_id, isolate_id, sample_type, collection_ward) VALUES ('65', '241', '4', 'Servicios médicos pediatría') ON DUPLICATE KEY UPDATE sample_type = '4', collection_ward = 'Servicios médicos pediatría'; 
INSERT INTO phenotypic_data(phenotypic_data_id, isolate_id, ecdc_resistance_profile, cloxa_test, mbl_test) VALUES ('65', '241', 'S', '-', '-') ON DUPLICATE KEY UPDATE ecdc_resistance_profile = 'S', cloxa_test = '-', mbl_test = '-'; 
INSERT INTO sequence_analysis(sequence_analysis_id, isolate_id, ame_loci, beta_lactamase_loci, carbapenemase_loci, other_acq_ab_loci) VALUES ('241', '241', '-', '-', '-', '-') ON DUPLICATE KEY UPDATE ame_loci = '-', beta_lactamase_loci = '-', carbapenemase_loci = '-', other_acq_ab_loci = '-'; 
INSERT INTO metadata_general(isolate_id, isolate_name, species, project_name) VALUES ('242', 'AND03-043', 'Pseudomonas aeruginosa', 'GEMARA') ON DUPLICATE KEY UPDATE isolate_name = 'AND03-043', species = 'Pseudomonas aeruginosa', project_name = 'GEMARA'; 
INSERT INTO metadata_clinic(clinic_id, isolate_id, sample_type, collection_ward) VALUES ('66', '242', '5', 'Servicios médicos adultos') ON DUPLICATE KEY UPDATE sample_type = '5', collection_ward = 'Servicios médicos adultos'; 
INSERT INTO phenotypic_data(phenotypic_data_id, isolate_id, ecdc_resistance_profile, cloxa_test, mbl_test) VALUES ('66', '242', 'S', '-', '-') ON DUPLICATE KEY UPDATE ecdc_resistance_profile = 'S', cloxa_test = '-', mbl_test = '-'; 
INSERT INTO sequence_analysis(sequence_analysis_id, isolate_id, ame_loci, beta_lactamase_loci, carbapenemase_loci, other_acq_ab_loci) VALUES ('242', '242', '-', '-', '-', '-') ON DUPLICATE KEY UPDATE ame_loci = '-', beta_lactamase_loci = '-', carbapenemase_loci = '-', other_acq_ab_loci = '-'; 
INSERT INTO metadata_general(isolate_id, isolate_name, species, project_name) VALUES ('243', 'AND03-044', 'Pseudomonas aeruginosa', 'GEMARA') ON DUPLICATE KEY UPDATE isolate_name = 'AND03-044', species = 'Pseudomonas aeruginosa', project_name = 'GEMARA'; 
INSERT INTO metadata_clinic(clinic_id, isolate_id, sample_type, collection_ward) VALUES ('67', '243', '1', 'UCI Adultos') ON DUPLICATE KEY UPDATE sample_type = '1', collection_ward = 'UCI Adultos'; 
INSERT INTO phenotypic_data(phenotypic_data_id, isolate_id, ecdc_resistance_profile, cloxa_test, mbl_test) VALUES ('67', '243', 'S', '-', '-') ON DUPLICATE KEY UPDATE ecdc_resistance_profile = 'S', cloxa_test = '-', mbl_test = '-'; 
INSERT INTO sequence_analysis(sequence_analysis_id, isolate_id, ame_loci, beta_lactamase_loci, carbapenemase_loci, other_acq_ab_loci) VALUES ('243', '243', '-', '-', '-', '-') ON DUPLICATE KEY UPDATE ame_loci = '-', beta_lactamase_loci = '-', carbapenemase_loci = '-', other_acq_ab_loci = '-'; 
INSERT INTO metadata_general(isolate_id, isolate_name, species, project_name) VALUES ('244', 'AND03-048', 'Pseudomonas aeruginosa', 'GEMARA') ON DUPLICATE KEY UPDATE isolate_name = 'AND03-048', species = 'Pseudomonas aeruginosa', project_name = 'GEMARA'; 
INSERT INTO metadata_clinic(clinic_id, isolate_id, sample_type, collection_ward) VALUES ('68', '244', '6', 'Servicios quirúrgicos adultos') ON DUPLICATE KEY UPDATE sample_type = '6', collection_ward = 'Servicios quirúrgicos adultos'; 
INSERT INTO phenotypic_data(phenotypic_data_id, isolate_id, ecdc_resistance_profile, cloxa_test, mbl_test) VALUES ('68', '244', 'S', '-', '-') ON DUPLICATE KEY UPDATE ecdc_resistance_profile = 'S', cloxa_test = '-', mbl_test = '-'; 
INSERT INTO sequence_analysis(sequence_analysis_id, isolate_id, ame_loci, beta_lactamase_loci, carbapenemase_loci, other_acq_ab_loci) VALUES ('244', '244', '-', '-', '-', '-') ON DUPLICATE KEY UPDATE ame_loci = '-', beta_lactamase_loci = '-', carbapenemase_loci = '-', other_acq_ab_loci = '-'; 
INSERT INTO metadata_general(isolate_id, isolate_name, species, project_name) VALUES ('245', 'AND03-031', 'Pseudomonas aeruginosa', 'GEMARA') ON DUPLICATE KEY UPDATE isolate_name = 'AND03-031', species = 'Pseudomonas aeruginosa', project_name = 'GEMARA'; 
INSERT INTO metadata_clinic(clinic_id, isolate_id, sample_type, collection_ward) VALUES ('69', '245', '7', 'UCI Adultos') ON DUPLICATE KEY UPDATE sample_type = '7', collection_ward = 'UCI Adultos'; 
INSERT INTO phenotypic_data(phenotypic_data_id, isolate_id, ecdc_resistance_profile, cloxa_test, mbl_test) VALUES ('69', '245', 'S', '-', '-') ON DUPLICATE KEY UPDATE ecdc_resistance_profile = 'S', cloxa_test = '-', mbl_test = '-'; 
INSERT INTO sequence_analysis(sequence_analysis_id, isolate_id, ame_loci, beta_lactamase_loci, carbapenemase_loci, other_acq_ab_loci) VALUES ('245', '245', '-', '-', '-', '-') ON DUPLICATE KEY UPDATE ame_loci = '-', beta_lactamase_loci = '-', carbapenemase_loci = '-', other_acq_ab_loci = '-'; 
INSERT INTO metadata_general(isolate_id, isolate_name, species, project_name) VALUES ('246', 'AND03-037', 'Pseudomonas aeruginosa', 'GEMARA') ON DUPLICATE KEY UPDATE isolate_name = 'AND03-037', species = 'Pseudomonas aeruginosa', project_name = 'GEMARA'; 
INSERT INTO metadata_clinic(clinic_id, isolate_id, sample_type, collection_ward) VALUES ('70', '246', '1', 'Servicios médicos adultos') ON DUPLICATE KEY UPDATE sample_type = '1', collection_ward = 'Servicios médicos adultos'; 
INSERT INTO phenotypic_data(phenotypic_data_id, isolate_id, ecdc_resistance_profile, cloxa_test, mbl_test) VALUES ('70', '246', 'S', '-', '-') ON DUPLICATE KEY UPDATE ecdc_resistance_profile = 'S', cloxa_test = '-', mbl_test = '-'; 
INSERT INTO sequence_analysis(sequence_analysis_id, isolate_id, ame_loci, beta_lactamase_loci, carbapenemase_loci, other_acq_ab_loci) VALUES ('246', '246', '-', '-', '-', '-') ON DUPLICATE KEY UPDATE ame_loci = '-', beta_lactamase_loci = '-', carbapenemase_loci = '-', other_acq_ab_loci = '-'; 
INSERT INTO metadata_general(isolate_id, isolate_name, species, project_name) VALUES ('247', 'AND03-039', 'Pseudomonas aeruginosa', 'GEMARA') ON DUPLICATE KEY UPDATE isolate_name = 'AND03-039', species = 'Pseudomonas aeruginosa', project_name = 'GEMARA'; 
INSERT INTO metadata_clinic(clinic_id, isolate_id, sample_type, collection_ward) VALUES ('71', '247', '7', 'UCI Adultos') ON DUPLICATE KEY UPDATE sample_type = '7', collection_ward = 'UCI Adultos'; 
INSERT INTO phenotypic_data(phenotypic_data_id, isolate_id, ecdc_resistance_profile, cloxa_test, mbl_test) VALUES ('71', '247', 'S', '-', '-') ON DUPLICATE KEY UPDATE ecdc_resistance_profile = 'S', cloxa_test = '-', mbl_test = '-'; 
INSERT INTO sequence_analysis(sequence_analysis_id, isolate_id, ame_loci, beta_lactamase_loci, carbapenemase_loci, other_acq_ab_loci) VALUES ('247', '247', '-', '-', '-', '-') ON DUPLICATE KEY UPDATE ame_loci = '-', beta_lactamase_loci = '-', carbapenemase_loci = '-', other_acq_ab_loci = '-'; 
INSERT INTO metadata_general(isolate_id, isolate_name, species, project_name) VALUES ('248', 'AND03-046', 'Pseudomonas aeruginosa', 'GEMARA') ON DUPLICATE KEY UPDATE isolate_name = 'AND03-046', species = 'Pseudomonas aeruginosa', project_name = 'GEMARA'; 
INSERT INTO metadata_clinic(clinic_id, isolate_id, sample_type, collection_ward) VALUES ('72', '248', '3', 'UCI Adultos') ON DUPLICATE KEY UPDATE sample_type = '3', collection_ward = 'UCI Adultos'; 
INSERT INTO phenotypic_data(phenotypic_data_id, isolate_id, ecdc_resistance_profile, cloxa_test, mbl_test) VALUES ('72', '248', 'S', '-', '-') ON DUPLICATE KEY UPDATE ecdc_resistance_profile = 'S', cloxa_test = '-', mbl_test = '-'; 
INSERT INTO sequence_analysis(sequence_analysis_id, isolate_id, ame_loci, beta_lactamase_loci, carbapenemase_loci, other_acq_ab_loci) VALUES ('248', '248', '-', '-', '-', '-') ON DUPLICATE KEY UPDATE ame_loci = '-', beta_lactamase_loci = '-', carbapenemase_loci = '-', other_acq_ab_loci = '-'; 
INSERT INTO metadata_general(isolate_id, isolate_name, species, project_name) VALUES ('249', 'AND03-049', 'Pseudomonas aeruginosa', 'GEMARA') ON DUPLICATE KEY UPDATE isolate_name = 'AND03-049', species = 'Pseudomonas aeruginosa', project_name = 'GEMARA'; 
INSERT INTO metadata_clinic(clinic_id, isolate_id, sample_type, collection_ward) VALUES ('73', '249', '7', 'UCI Adultos') ON DUPLICATE KEY UPDATE sample_type = '7', collection_ward = 'UCI Adultos'; 
INSERT INTO phenotypic_data(phenotypic_data_id, isolate_id, ecdc_resistance_profile, cloxa_test, mbl_test) VALUES ('73', '249', 'S', '-', '-') ON DUPLICATE KEY UPDATE ecdc_resistance_profile = 'S', cloxa_test = '-', mbl_test = '-'; 
INSERT INTO sequence_analysis(sequence_analysis_id, isolate_id, ame_loci, beta_lactamase_loci, carbapenemase_loci, other_acq_ab_loci) VALUES ('249', '249', '-', '-', '-', '-') ON DUPLICATE KEY UPDATE ame_loci = '-', beta_lactamase_loci = '-', carbapenemase_loci = '-', other_acq_ab_loci = '-'; 
INSERT INTO metadata_general(isolate_id, isolate_name, species, project_name) VALUES ('250', 'AND03-003', 'Pseudomonas aeruginosa', 'GEMARA') ON DUPLICATE KEY UPDATE isolate_name = 'AND03-003', species = 'Pseudomonas aeruginosa', project_name = 'GEMARA'; 
INSERT INTO metadata_clinic(clinic_id, isolate_id, sample_type, collection_ward) VALUES ('74', '250', '5', 'Urgencias adultos') ON DUPLICATE KEY UPDATE sample_type = '5', collection_ward = 'Urgencias adultos'; 
INSERT INTO phenotypic_data(phenotypic_data_id, isolate_id, ecdc_resistance_profile, cloxa_test, mbl_test) VALUES ('74', '250', 'S', '-', '-') ON DUPLICATE KEY UPDATE ecdc_resistance_profile = 'S', cloxa_test = '-', mbl_test = '-'; 
INSERT INTO sequence_analysis(sequence_analysis_id, isolate_id, ame_loci, beta_lactamase_loci, carbapenemase_loci, other_acq_ab_loci) VALUES ('250', '250', '-', '-', '-', '-') ON DUPLICATE KEY UPDATE ame_loci = '-', beta_lactamase_loci = '-', carbapenemase_loci = '-', other_acq_ab_loci = '-'; 
INSERT INTO metadata_general(isolate_id, isolate_name, species, project_name) VALUES ('251', 'AND03-017', 'Pseudomonas aeruginosa', 'GEMARA') ON DUPLICATE KEY UPDATE isolate_name = 'AND03-017', species = 'Pseudomonas aeruginosa', project_name = 'GEMARA'; 
INSERT INTO metadata_clinic(clinic_id, isolate_id, sample_type, collection_ward) VALUES ('75', '251', '6', 'Servicios médicos adultos') ON DUPLICATE KEY UPDATE sample_type = '6', collection_ward = 'Servicios médicos adultos'; 
INSERT INTO phenotypic_data(phenotypic_data_id, isolate_id, ecdc_resistance_profile, cloxa_test, mbl_test) VALUES ('75', '251', 'S', '-', '-') ON DUPLICATE KEY UPDATE ecdc_resistance_profile = 'S', cloxa_test = '-', mbl_test = '-'; 
INSERT INTO sequence_analysis(sequence_analysis_id, isolate_id, ame_loci, beta_lactamase_loci, carbapenemase_loci, other_acq_ab_loci) VALUES ('251', '251', '-', '-', '-', '-') ON DUPLICATE KEY UPDATE ame_loci = '-', beta_lactamase_loci = '-', carbapenemase_loci = '-', other_acq_ab_loci = '-'; 
INSERT INTO metadata_general(isolate_id, isolate_name, species, project_name) VALUES ('252', 'AND03-001', 'Pseudomonas aeruginosa', 'GEMARA') ON DUPLICATE KEY UPDATE isolate_name = 'AND03-001', species = 'Pseudomonas aeruginosa', project_name = 'GEMARA'; 
INSERT INTO metadata_clinic(clinic_id, isolate_id, sample_type, collection_ward) VALUES ('76', '252', '5', 'Servicios médicos adultos') ON DUPLICATE KEY UPDATE sample_type = '5', collection_ward = 'Servicios médicos adultos'; 
INSERT INTO phenotypic_data(phenotypic_data_id, isolate_id, ecdc_resistance_profile, cloxa_test, mbl_test) VALUES ('76', '252', 'S', '-', '-') ON DUPLICATE KEY UPDATE ecdc_resistance_profile = 'S', cloxa_test = '-', mbl_test = '-'; 
INSERT INTO sequence_analysis(sequence_analysis_id, isolate_id, ame_loci, beta_lactamase_loci, carbapenemase_loci, other_acq_ab_loci) VALUES ('252', '252', '-', '-', '-', '-') ON DUPLICATE KEY UPDATE ame_loci = '-', beta_lactamase_loci = '-', carbapenemase_loci = '-', other_acq_ab_loci = '-'; 
INSERT INTO metadata_general(isolate_id, isolate_name, species, project_name) VALUES ('253', 'AND03-025', 'Pseudomonas aeruginosa', 'GEMARA') ON DUPLICATE KEY UPDATE isolate_name = 'AND03-025', species = 'Pseudomonas aeruginosa', project_name = 'GEMARA'; 
INSERT INTO metadata_clinic(clinic_id, isolate_id, sample_type, collection_ward) VALUES ('77', '253', '8', 'Servicios quirúrgicos adultos') ON DUPLICATE KEY UPDATE sample_type = '8', collection_ward = 'Servicios quirúrgicos adultos'; 
INSERT INTO phenotypic_data(phenotypic_data_id, isolate_id, ecdc_resistance_profile, cloxa_test, mbl_test) VALUES ('77', '253', 'S', '-', '-') ON DUPLICATE KEY UPDATE ecdc_resistance_profile = 'S', cloxa_test = '-', mbl_test = '-'; 
INSERT INTO sequence_analysis(sequence_analysis_id, isolate_id, ame_loci, beta_lactamase_loci, carbapenemase_loci, other_acq_ab_loci) VALUES ('253', '253', '-', '-', '-', '-') ON DUPLICATE KEY UPDATE ame_loci = '-', beta_lactamase_loci = '-', carbapenemase_loci = '-', other_acq_ab_loci = '-'; 
INSERT INTO metadata_general(isolate_id, isolate_name, species, project_name) VALUES ('254', 'AND03-040', 'Pseudomonas aeruginosa', 'GEMARA') ON DUPLICATE KEY UPDATE isolate_name = 'AND03-040', species = 'Pseudomonas aeruginosa', project_name = 'GEMARA'; 
INSERT INTO metadata_clinic(clinic_id, isolate_id, sample_type, collection_ward) VALUES ('78', '254', '1', 'Servicios médicos adultos') ON DUPLICATE KEY UPDATE sample_type = '1', collection_ward = 'Servicios médicos adultos'; 
INSERT INTO phenotypic_data(phenotypic_data_id, isolate_id, ecdc_resistance_profile, cloxa_test, mbl_test) VALUES ('78', '254', 'S', '-', '-') ON DUPLICATE KEY UPDATE ecdc_resistance_profile = 'S', cloxa_test = '-', mbl_test = '-'; 
INSERT INTO sequence_analysis(sequence_analysis_id, isolate_id, ame_loci, beta_lactamase_loci, carbapenemase_loci, other_acq_ab_loci) VALUES ('254', '254', '-', '-', '-', '-') ON DUPLICATE KEY UPDATE ame_loci = '-', beta_lactamase_loci = '-', carbapenemase_loci = '-', other_acq_ab_loci = '-'; 
INSERT INTO metadata_general(isolate_id, isolate_name, species, project_name) VALUES ('255', 'AND03-035', 'Pseudomonas aeruginosa', 'GEMARA') ON DUPLICATE KEY UPDATE isolate_name = 'AND03-035', species = 'Pseudomonas aeruginosa', project_name = 'GEMARA'; 
INSERT INTO metadata_clinic(clinic_id, isolate_id, sample_type, collection_ward) VALUES ('79', '255', '1', 'Servicios médicos adultos') ON DUPLICATE KEY UPDATE sample_type = '1', collection_ward = 'Servicios médicos adultos'; 
INSERT INTO phenotypic_data(phenotypic_data_id, isolate_id, ecdc_resistance_profile, cloxa_test, mbl_test) VALUES ('79', '255', 'S', '-', '-') ON DUPLICATE KEY UPDATE ecdc_resistance_profile = 'S', cloxa_test = '-', mbl_test = '-'; 
INSERT INTO sequence_analysis(sequence_analysis_id, isolate_id, ame_loci, beta_lactamase_loci, carbapenemase_loci, other_acq_ab_loci) VALUES ('255', '255', '-', '-', '-', '-') ON DUPLICATE KEY UPDATE ame_loci = '-', beta_lactamase_loci = '-', carbapenemase_loci = '-', other_acq_ab_loci = '-'; 
INSERT INTO metadata_general(isolate_id, isolate_name, species, project_name) VALUES ('256', 'AND03-045', 'Pseudomonas aeruginosa', 'GEMARA') ON DUPLICATE KEY UPDATE isolate_name = 'AND03-045', species = 'Pseudomonas aeruginosa', project_name = 'GEMARA'; 
INSERT INTO metadata_clinic(clinic_id, isolate_id, sample_type, collection_ward) VALUES ('80', '256', '7', 'UCI Adultos') ON DUPLICATE KEY UPDATE sample_type = '7', collection_ward = 'UCI Adultos'; 
INSERT INTO phenotypic_data(phenotypic_data_id, isolate_id, ecdc_resistance_profile, cloxa_test, mbl_test) VALUES ('80', '256', 'S', '-', '-') ON DUPLICATE KEY UPDATE ecdc_resistance_profile = 'S', cloxa_test = '-', mbl_test = '-'; 
INSERT INTO sequence_analysis(sequence_analysis_id, isolate_id, ame_loci, beta_lactamase_loci, carbapenemase_loci, other_acq_ab_loci) VALUES ('256', '256', '-', '-', '-', '-') ON DUPLICATE KEY UPDATE ame_loci = '-', beta_lactamase_loci = '-', carbapenemase_loci = '-', other_acq_ab_loci = '-'; 
INSERT INTO metadata_general(isolate_id, isolate_name, species, project_name) VALUES ('257', 'AND03-014', 'Pseudomonas aeruginosa', 'GEMARA') ON DUPLICATE KEY UPDATE isolate_name = 'AND03-014', species = 'Pseudomonas aeruginosa', project_name = 'GEMARA'; 
INSERT INTO metadata_clinic(clinic_id, isolate_id, sample_type, collection_ward) VALUES ('81', '257', '1', 'Servicios médicos adultos') ON DUPLICATE KEY UPDATE sample_type = '1', collection_ward = 'Servicios médicos adultos'; 
INSERT INTO phenotypic_data(phenotypic_data_id, isolate_id, ecdc_resistance_profile, cloxa_test, mbl_test) VALUES ('81', '257', 'S', '-', '-') ON DUPLICATE KEY UPDATE ecdc_resistance_profile = 'S', cloxa_test = '-', mbl_test = '-'; 
INSERT INTO sequence_analysis(sequence_analysis_id, isolate_id, ame_loci, beta_lactamase_loci, carbapenemase_loci, other_acq_ab_loci) VALUES ('257', '257', '-', '-', '-', '-') ON DUPLICATE KEY UPDATE ame_loci = '-', beta_lactamase_loci = '-', carbapenemase_loci = '-', other_acq_ab_loci = '-'; 
INSERT INTO metadata_general(isolate_id, isolate_name, species, project_name) VALUES ('258', 'AND03-016', 'Pseudomonas aeruginosa', 'GEMARA') ON DUPLICATE KEY UPDATE isolate_name = 'AND03-016', species = 'Pseudomonas aeruginosa', project_name = 'GEMARA'; 
INSERT INTO metadata_clinic(clinic_id, isolate_id, sample_type, collection_ward) VALUES ('82', '258', '1', 'Servicios médicos adultos') ON DUPLICATE KEY UPDATE sample_type = '1', collection_ward = 'Servicios médicos adultos'; 
INSERT INTO phenotypic_data(phenotypic_data_id, isolate_id, ecdc_resistance_profile, cloxa_test, mbl_test) VALUES ('82', '258', 'S', '-', '-') ON DUPLICATE KEY UPDATE ecdc_resistance_profile = 'S', cloxa_test = '-', mbl_test = '-'; 
INSERT INTO sequence_analysis(sequence_analysis_id, isolate_id, ame_loci, beta_lactamase_loci, carbapenemase_loci, other_acq_ab_loci) VALUES ('258', '258', '-', '-', '-', '-') ON DUPLICATE KEY UPDATE ame_loci = '-', beta_lactamase_loci = '-', carbapenemase_loci = '-', other_acq_ab_loci = '-'; 
INSERT INTO metadata_general(isolate_id, isolate_name, species, project_name) VALUES ('259', 'AND03-024', 'Pseudomonas aeruginosa', 'GEMARA') ON DUPLICATE KEY UPDATE isolate_name = 'AND03-024', species = 'Pseudomonas aeruginosa', project_name = 'GEMARA'; 
INSERT INTO metadata_clinic(clinic_id, isolate_id, sample_type, collection_ward) VALUES ('83', '259', '8', 'Servicios quirúrgicos adultos') ON DUPLICATE KEY UPDATE sample_type = '8', collection_ward = 'Servicios quirúrgicos adultos'; 
INSERT INTO phenotypic_data(phenotypic_data_id, isolate_id, ecdc_resistance_profile, cloxa_test, mbl_test) VALUES ('83', '259', 'S', '-', '-') ON DUPLICATE KEY UPDATE ecdc_resistance_profile = 'S', cloxa_test = '-', mbl_test = '-'; 
INSERT INTO sequence_analysis(sequence_analysis_id, isolate_id, ame_loci, beta_lactamase_loci, carbapenemase_loci, other_acq_ab_loci) VALUES ('259', '259', '-', '-', '-', '-') ON DUPLICATE KEY UPDATE ame_loci = '-', beta_lactamase_loci = '-', carbapenemase_loci = '-', other_acq_ab_loci = '-'; 
INSERT INTO metadata_general(isolate_id, isolate_name, species, project_name) VALUES ('260', 'AND03-027', 'Pseudomonas aeruginosa', 'GEMARA') ON DUPLICATE KEY UPDATE isolate_name = 'AND03-027', species = 'Pseudomonas aeruginosa', project_name = 'GEMARA'; 
INSERT INTO metadata_clinic(clinic_id, isolate_id, sample_type, collection_ward) VALUES ('84', '260', '1', 'Servicios médicos adultos') ON DUPLICATE KEY UPDATE sample_type = '1', collection_ward = 'Servicios médicos adultos'; 
INSERT INTO phenotypic_data(phenotypic_data_id, isolate_id, ecdc_resistance_profile, cloxa_test, mbl_test) VALUES ('84', '260', 'S', '-', '-') ON DUPLICATE KEY UPDATE ecdc_resistance_profile = 'S', cloxa_test = '-', mbl_test = '-'; 
INSERT INTO sequence_analysis(sequence_analysis_id, isolate_id, ame_loci, beta_lactamase_loci, carbapenemase_loci, other_acq_ab_loci) VALUES ('260', '260', '-', '-', '-', '-') ON DUPLICATE KEY UPDATE ame_loci = '-', beta_lactamase_loci = '-', carbapenemase_loci = '-', other_acq_ab_loci = '-'; 
INSERT INTO metadata_general(isolate_id, isolate_name, species, project_name) VALUES ('261', 'AND03-028', 'Pseudomonas aeruginosa', 'GEMARA') ON DUPLICATE KEY UPDATE isolate_name = 'AND03-028', species = 'Pseudomonas aeruginosa', project_name = 'GEMARA'; 
INSERT INTO metadata_clinic(clinic_id, isolate_id, sample_type, collection_ward) VALUES ('85', '261', '1', 'Servicios médicos adultos') ON DUPLICATE KEY UPDATE sample_type = '1', collection_ward = 'Servicios médicos adultos'; 
INSERT INTO phenotypic_data(phenotypic_data_id, isolate_id, ecdc_resistance_profile, cloxa_test, mbl_test) VALUES ('85', '261', 'S', '-', '-') ON DUPLICATE KEY UPDATE ecdc_resistance_profile = 'S', cloxa_test = '-', mbl_test = '-'; 
INSERT INTO sequence_analysis(sequence_analysis_id, isolate_id, ame_loci, beta_lactamase_loci, carbapenemase_loci, other_acq_ab_loci) VALUES ('261', '261', '-', '-', '-', '-') ON DUPLICATE KEY UPDATE ame_loci = '-', beta_lactamase_loci = '-', carbapenemase_loci = '-', other_acq_ab_loci = '-'; 
INSERT INTO metadata_general(isolate_id, isolate_name, species, project_name) VALUES ('262', 'AND03-029', 'Pseudomonas aeruginosa', 'GEMARA') ON DUPLICATE KEY UPDATE isolate_name = 'AND03-029', species = 'Pseudomonas aeruginosa', project_name = 'GEMARA'; 
INSERT INTO metadata_clinic(clinic_id, isolate_id, sample_type, collection_ward) VALUES ('86', '262', '15', 'Servicios médicos adultos') ON DUPLICATE KEY UPDATE sample_type = '15', collection_ward = 'Servicios médicos adultos'; 
INSERT INTO phenotypic_data(phenotypic_data_id, isolate_id, ecdc_resistance_profile, cloxa_test, mbl_test) VALUES ('86', '262', 'S', '-', '-') ON DUPLICATE KEY UPDATE ecdc_resistance_profile = 'S', cloxa_test = '-', mbl_test = '-'; 
INSERT INTO sequence_analysis(sequence_analysis_id, isolate_id, ame_loci, beta_lactamase_loci, carbapenemase_loci, other_acq_ab_loci) VALUES ('262', '262', '-', '-', '-', '-') ON DUPLICATE KEY UPDATE ame_loci = '-', beta_lactamase_loci = '-', carbapenemase_loci = '-', other_acq_ab_loci = '-'; 
INSERT INTO metadata_general(isolate_id, isolate_name, species, project_name) VALUES ('263', 'AND03-036', 'Pseudomonas aeruginosa', 'GEMARA') ON DUPLICATE KEY UPDATE isolate_name = 'AND03-036', species = 'Pseudomonas aeruginosa', project_name = 'GEMARA'; 
INSERT INTO metadata_clinic(clinic_id, isolate_id, sample_type, collection_ward) VALUES ('87', '263', '8', 'Servicios médicos adultos') ON DUPLICATE KEY UPDATE sample_type = '8', collection_ward = 'Servicios médicos adultos'; 
INSERT INTO phenotypic_data(phenotypic_data_id, isolate_id, ecdc_resistance_profile, cloxa_test, mbl_test) VALUES ('87', '263', 'S', '-', '-') ON DUPLICATE KEY UPDATE ecdc_resistance_profile = 'S', cloxa_test = '-', mbl_test = '-'; 
INSERT INTO sequence_analysis(sequence_analysis_id, isolate_id, ame_loci, beta_lactamase_loci, carbapenemase_loci, other_acq_ab_loci) VALUES ('263', '263', '-', '-', '-', '-') ON DUPLICATE KEY UPDATE ame_loci = '-', beta_lactamase_loci = '-', carbapenemase_loci = '-', other_acq_ab_loci = '-'; 
INSERT INTO metadata_general(isolate_id, isolate_name, species, project_name) VALUES ('264', 'AND03-042', 'Pseudomonas aeruginosa', 'GEMARA') ON DUPLICATE KEY UPDATE isolate_name = 'AND03-042', species = 'Pseudomonas aeruginosa', project_name = 'GEMARA'; 
INSERT INTO metadata_clinic(clinic_id, isolate_id, sample_type, collection_ward) VALUES ('88', '264', '1', 'Servicios médicos adultos') ON DUPLICATE KEY UPDATE sample_type = '1', collection_ward = 'Servicios médicos adultos'; 
INSERT INTO phenotypic_data(phenotypic_data_id, isolate_id, ecdc_resistance_profile, cloxa_test, mbl_test) VALUES ('88', '264', 'S', '-', '-') ON DUPLICATE KEY UPDATE ecdc_resistance_profile = 'S', cloxa_test = '-', mbl_test = '-'; 
INSERT INTO sequence_analysis(sequence_analysis_id, isolate_id, ame_loci, beta_lactamase_loci, carbapenemase_loci, other_acq_ab_loci) VALUES ('264', '264', '-', '-', '-', '-') ON DUPLICATE KEY UPDATE ame_loci = '-', beta_lactamase_loci = '-', carbapenemase_loci = '-', other_acq_ab_loci = '-'; 
INSERT INTO metadata_general(isolate_id, isolate_name, species, project_name) VALUES ('11', 'AND03-050', 'Pseudomonas aeruginosa', 'GEMARA') ON DUPLICATE KEY UPDATE isolate_name = 'AND03-050', species = 'Pseudomonas aeruginosa', project_name = 'GEMARA'; 
INSERT INTO metadata_clinic(clinic_id, isolate_id, sample_type, collection_ward) VALUES ('89', '11', '1', 'Servicios médicos adultos') ON DUPLICATE KEY UPDATE sample_type = '1', collection_ward = 'Servicios médicos adultos'; 
INSERT INTO phenotypic_data(phenotypic_data_id, isolate_id, ecdc_resistance_profile, cloxa_test, mbl_test) VALUES ('89', '11', 'XDR', '-/-', '-') ON DUPLICATE KEY UPDATE ecdc_resistance_profile = 'XDR', cloxa_test = '-/-', mbl_test = '-'; 
INSERT INTO sequence_analysis(sequence_analysis_id, isolate_id, ame_loci, beta_lactamase_loci, carbapenemase_loci, other_acq_ab_loci) VALUES ('11', '11', 'aac(3)-I', '-', 'blaIMP-8', '-') ON DUPLICATE KEY UPDATE ame_loci = 'aac(3)-I', beta_lactamase_loci = '-', carbapenemase_loci = 'blaIMP-8', other_acq_ab_loci = '-'; 
INSERT INTO metadata_general(isolate_id, isolate_name, species, project_name) VALUES ('10', 'AND03-041', 'Pseudomonas aeruginosa', 'GEMARA') ON DUPLICATE KEY UPDATE isolate_name = 'AND03-041', species = 'Pseudomonas aeruginosa', project_name = 'GEMARA'; 
INSERT INTO metadata_clinic(clinic_id, isolate_id, sample_type, collection_ward) VALUES ('90', '10', '7', 'UCI Adultos') ON DUPLICATE KEY UPDATE sample_type = '7', collection_ward = 'UCI Adultos'; 
INSERT INTO phenotypic_data(phenotypic_data_id, isolate_id, ecdc_resistance_profile, cloxa_test, mbl_test) VALUES ('90', '10', 'XDR', 's/s', '-') ON DUPLICATE KEY UPDATE ecdc_resistance_profile = 'XDR', cloxa_test = 's/s', mbl_test = '-'; 
INSERT INTO sequence_analysis(sequence_analysis_id, isolate_id, ame_loci, beta_lactamase_loci, carbapenemase_loci, other_acq_ab_loci) VALUES ('10', '10', '-', '-', '-', '-') ON DUPLICATE KEY UPDATE ame_loci = '-', beta_lactamase_loci = '-', carbapenemase_loci = '-', other_acq_ab_loci = '-'; 
INSERT INTO metadata_general(isolate_id, isolate_name, species, project_name) VALUES ('265', 'AND04-015', 'Pseudomonas aeruginosa', 'GEMARA') ON DUPLICATE KEY UPDATE isolate_name = 'AND04-015', species = 'Pseudomonas aeruginosa', project_name = 'GEMARA'; 
INSERT INTO metadata_clinic(clinic_id, isolate_id, sample_type, collection_ward) VALUES ('91', '265', '1', 'Consultas externas') ON DUPLICATE KEY UPDATE sample_type = '1', collection_ward = 'Consultas externas'; 
INSERT INTO phenotypic_data(phenotypic_data_id, isolate_id, ecdc_resistance_profile, cloxa_test, mbl_test) VALUES ('91', '265', 'S', '-', '-') ON DUPLICATE KEY UPDATE ecdc_resistance_profile = 'S', cloxa_test = '-', mbl_test = '-'; 
INSERT INTO sequence_analysis(sequence_analysis_id, isolate_id, ame_loci, beta_lactamase_loci, carbapenemase_loci, other_acq_ab_loci) VALUES ('265', '265', '-', '-', '-', '-') ON DUPLICATE KEY UPDATE ame_loci = '-', beta_lactamase_loci = '-', carbapenemase_loci = '-', other_acq_ab_loci = '-'; 
INSERT INTO metadata_general(isolate_id, isolate_name, species, project_name) VALUES ('266', 'AND04-024', 'Pseudomonas aeruginosa', 'GEMARA') ON DUPLICATE KEY UPDATE isolate_name = 'AND04-024', species = 'Pseudomonas aeruginosa', project_name = 'GEMARA'; 
INSERT INTO metadata_clinic(clinic_id, isolate_id, sample_type, collection_ward) VALUES ('92', '266', '5', 'Urgencias adultos') ON DUPLICATE KEY UPDATE sample_type = '5', collection_ward = 'Urgencias adultos'; 
INSERT INTO phenotypic_data(phenotypic_data_id, isolate_id, ecdc_resistance_profile, cloxa_test, mbl_test) VALUES ('92', '266', 'S', '-', '-') ON DUPLICATE KEY UPDATE ecdc_resistance_profile = 'S', cloxa_test = '-', mbl_test = '-'; 
INSERT INTO sequence_analysis(sequence_analysis_id, isolate_id, ame_loci, beta_lactamase_loci, carbapenemase_loci, other_acq_ab_loci) VALUES ('266', '266', '-', '-', '-', '-') ON DUPLICATE KEY UPDATE ame_loci = '-', beta_lactamase_loci = '-', carbapenemase_loci = '-', other_acq_ab_loci = '-'; 
INSERT INTO metadata_general(isolate_id, isolate_name, species, project_name) VALUES ('267', 'AND04-027', 'Pseudomonas aeruginosa', 'GEMARA') ON DUPLICATE KEY UPDATE isolate_name = 'AND04-027', species = 'Pseudomonas aeruginosa', project_name = 'GEMARA'; 
INSERT INTO metadata_clinic(clinic_id, isolate_id, sample_type, collection_ward) VALUES ('93', '267', '1', 'Servicios médicos adultos') ON DUPLICATE KEY UPDATE sample_type = '1', collection_ward = 'Servicios médicos adultos'; 
INSERT INTO phenotypic_data(phenotypic_data_id, isolate_id, ecdc_resistance_profile, cloxa_test, mbl_test) VALUES ('93', '267', 'S', '-', '-') ON DUPLICATE KEY UPDATE ecdc_resistance_profile = 'S', cloxa_test = '-', mbl_test = '-'; 
INSERT INTO sequence_analysis(sequence_analysis_id, isolate_id, ame_loci, beta_lactamase_loci, carbapenemase_loci, other_acq_ab_loci) VALUES ('267', '267', '-', '-', '-', '-') ON DUPLICATE KEY UPDATE ame_loci = '-', beta_lactamase_loci = '-', carbapenemase_loci = '-', other_acq_ab_loci = '-'; 
INSERT INTO metadata_general(isolate_id, isolate_name, species, project_name) VALUES ('268', 'AND04-029', 'Pseudomonas aeruginosa', 'GEMARA') ON DUPLICATE KEY UPDATE isolate_name = 'AND04-029', species = 'Pseudomonas aeruginosa', project_name = 'GEMARA'; 
INSERT INTO metadata_clinic(clinic_id, isolate_id, sample_type, collection_ward) VALUES ('94', '268', '1', 'Consultas externas') ON DUPLICATE KEY UPDATE sample_type = '1', collection_ward = 'Consultas externas'; 
INSERT INTO phenotypic_data(phenotypic_data_id, isolate_id, ecdc_resistance_profile, cloxa_test, mbl_test) VALUES ('94', '268', 'S', '-', '-') ON DUPLICATE KEY UPDATE ecdc_resistance_profile = 'S', cloxa_test = '-', mbl_test = '-'; 
INSERT INTO sequence_analysis(sequence_analysis_id, isolate_id, ame_loci, beta_lactamase_loci, carbapenemase_loci, other_acq_ab_loci) VALUES ('268', '268', '-', '-', '-', '-') ON DUPLICATE KEY UPDATE ame_loci = '-', beta_lactamase_loci = '-', carbapenemase_loci = '-', other_acq_ab_loci = '-'; 
INSERT INTO metadata_general(isolate_id, isolate_name, species, project_name) VALUES ('269', 'AND04-032', 'Pseudomonas aeruginosa', 'GEMARA') ON DUPLICATE KEY UPDATE isolate_name = 'AND04-032', species = 'Pseudomonas aeruginosa', project_name = 'GEMARA'; 
INSERT INTO metadata_clinic(clinic_id, isolate_id, sample_type, collection_ward) VALUES ('95', '269', '1', 'Servicios médicos adultos') ON DUPLICATE KEY UPDATE sample_type = '1', collection_ward = 'Servicios médicos adultos'; 
INSERT INTO phenotypic_data(phenotypic_data_id, isolate_id, ecdc_resistance_profile, cloxa_test, mbl_test) VALUES ('95', '269', 'S', '-', '-') ON DUPLICATE KEY UPDATE ecdc_resistance_profile = 'S', cloxa_test = '-', mbl_test = '-'; 
INSERT INTO sequence_analysis(sequence_analysis_id, isolate_id, ame_loci, beta_lactamase_loci, carbapenemase_loci, other_acq_ab_loci) VALUES ('269', '269', '-', '-', '-', '-') ON DUPLICATE KEY UPDATE ame_loci = '-', beta_lactamase_loci = '-', carbapenemase_loci = '-', other_acq_ab_loci = '-'; 
INSERT INTO metadata_general(isolate_id, isolate_name, species, project_name) VALUES ('270', 'AND04-043', 'Pseudomonas aeruginosa', 'GEMARA') ON DUPLICATE KEY UPDATE isolate_name = 'AND04-043', species = 'Pseudomonas aeruginosa', project_name = 'GEMARA'; 
INSERT INTO metadata_clinic(clinic_id, isolate_id, sample_type, collection_ward) VALUES ('96', '270', '1', 'Urgencias pediatría') ON DUPLICATE KEY UPDATE sample_type = '1', collection_ward = 'Urgencias pediatría'; 
INSERT INTO phenotypic_data(phenotypic_data_id, isolate_id, ecdc_resistance_profile, cloxa_test, mbl_test) VALUES ('96', '270', 'S', '-', '-') ON DUPLICATE KEY UPDATE ecdc_resistance_profile = 'S', cloxa_test = '-', mbl_test = '-'; 
INSERT INTO sequence_analysis(sequence_analysis_id, isolate_id, ame_loci, beta_lactamase_loci, carbapenemase_loci, other_acq_ab_loci) VALUES ('270', '270', '-', '-', '-', '-') ON DUPLICATE KEY UPDATE ame_loci = '-', beta_lactamase_loci = '-', carbapenemase_loci = '-', other_acq_ab_loci = '-'; 
INSERT INTO metadata_general(isolate_id, isolate_name, species, project_name) VALUES ('271', 'AND04-010', 'Pseudomonas aeruginosa', 'GEMARA') ON DUPLICATE KEY UPDATE isolate_name = 'AND04-010', species = 'Pseudomonas aeruginosa', project_name = 'GEMARA'; 
INSERT INTO metadata_clinic(clinic_id, isolate_id, sample_type, collection_ward) VALUES ('97', '271', '1', 'Servicios médicos adultos') ON DUPLICATE KEY UPDATE sample_type = '1', collection_ward = 'Servicios médicos adultos'; 
INSERT INTO phenotypic_data(phenotypic_data_id, isolate_id, ecdc_resistance_profile, cloxa_test, mbl_test) VALUES ('97', '271', 'S', '-', '-') ON DUPLICATE KEY UPDATE ecdc_resistance_profile = 'S', cloxa_test = '-', mbl_test = '-'; 
INSERT INTO sequence_analysis(sequence_analysis_id, isolate_id, ame_loci, beta_lactamase_loci, carbapenemase_loci, other_acq_ab_loci) VALUES ('271', '271', '-', '-', '-', '-') ON DUPLICATE KEY UPDATE ame_loci = '-', beta_lactamase_loci = '-', carbapenemase_loci = '-', other_acq_ab_loci = '-'; 
INSERT INTO metadata_general(isolate_id, isolate_name, species, project_name) VALUES ('272', 'AND04-011', 'Pseudomonas aeruginosa', 'GEMARA') ON DUPLICATE KEY UPDATE isolate_name = 'AND04-011', species = 'Pseudomonas aeruginosa', project_name = 'GEMARA'; 
INSERT INTO metadata_clinic(clinic_id, isolate_id, sample_type, collection_ward) VALUES ('98', '272', '9', 'Urgencias adultos') ON DUPLICATE KEY UPDATE sample_type = '9', collection_ward = 'Urgencias adultos'; 
INSERT INTO phenotypic_data(phenotypic_data_id, isolate_id, ecdc_resistance_profile, cloxa_test, mbl_test) VALUES ('98', '272', 'S', '-', '-') ON DUPLICATE KEY UPDATE ecdc_resistance_profile = 'S', cloxa_test = '-', mbl_test = '-'; 
INSERT INTO sequence_analysis(sequence_analysis_id, isolate_id, ame_loci, beta_lactamase_loci, carbapenemase_loci, other_acq_ab_loci) VALUES ('272', '272', '-', '-', '-', '-') ON DUPLICATE KEY UPDATE ame_loci = '-', beta_lactamase_loci = '-', carbapenemase_loci = '-', other_acq_ab_loci = '-'; 
INSERT INTO metadata_general(isolate_id, isolate_name, species, project_name) VALUES ('273', 'AND04-030', 'Pseudomonas aeruginosa', 'GEMARA') ON DUPLICATE KEY UPDATE isolate_name = 'AND04-030', species = 'Pseudomonas aeruginosa', project_name = 'GEMARA'; 
INSERT INTO metadata_clinic(clinic_id, isolate_id, sample_type, collection_ward) VALUES ('99', '273', '6', 'Urgencias adultos') ON DUPLICATE KEY UPDATE sample_type = '6', collection_ward = 'Urgencias adultos'; 
INSERT INTO phenotypic_data(phenotypic_data_id, isolate_id, ecdc_resistance_profile, cloxa_test, mbl_test) VALUES ('99', '273', 'S', '-', '-') ON DUPLICATE KEY UPDATE ecdc_resistance_profile = 'S', cloxa_test = '-', mbl_test = '-'; 
INSERT INTO sequence_analysis(sequence_analysis_id, isolate_id, ame_loci, beta_lactamase_loci, carbapenemase_loci, other_acq_ab_loci) VALUES ('273', '273', '-', '-', '-', '-') ON DUPLICATE KEY UPDATE ame_loci = '-', beta_lactamase_loci = '-', carbapenemase_loci = '-', other_acq_ab_loci = '-'; 
INSERT INTO metadata_general(isolate_id, isolate_name, species, project_name) VALUES ('274', 'AND04-035', 'Pseudomonas aeruginosa', 'GEMARA') ON DUPLICATE KEY UPDATE isolate_name = 'AND04-035', species = 'Pseudomonas aeruginosa', project_name = 'GEMARA'; 
INSERT INTO metadata_clinic(clinic_id, isolate_id, sample_type, collection_ward) VALUES ('100', '274', '15', 'Urgencias adultos') ON DUPLICATE KEY UPDATE sample_type = '15', collection_ward = 'Urgencias adultos'; 
INSERT INTO phenotypic_data(phenotypic_data_id, isolate_id, ecdc_resistance_profile, cloxa_test, mbl_test) VALUES ('100', '274', 'S', '-', '-') ON DUPLICATE KEY UPDATE ecdc_resistance_profile = 'S', cloxa_test = '-', mbl_test = '-'; 
INSERT INTO sequence_analysis(sequence_analysis_id, isolate_id, ame_loci, beta_lactamase_loci, carbapenemase_loci, other_acq_ab_loci) VALUES ('274', '274', '-', '-', '-', '-') ON DUPLICATE KEY UPDATE ame_loci = '-', beta_lactamase_loci = '-', carbapenemase_loci = '-', other_acq_ab_loci = '-'; 
INSERT INTO metadata_general(isolate_id, isolate_name, species, project_name) VALUES ('275', 'AND04-007', 'Pseudomonas aeruginosa', 'GEMARA') ON DUPLICATE KEY UPDATE isolate_name = 'AND04-007', species = 'Pseudomonas aeruginosa', project_name = 'GEMARA'; 
INSERT INTO metadata_clinic(clinic_id, isolate_id, sample_type, collection_ward) VALUES ('101', '275', '9', 'Servicios quirúrgicos adultos') ON DUPLICATE KEY UPDATE sample_type = '9', collection_ward = 'Servicios quirúrgicos adultos'; 
INSERT INTO phenotypic_data(phenotypic_data_id, isolate_id, ecdc_resistance_profile, cloxa_test, mbl_test) VALUES ('101', '275', 'S', '-/s', '-') ON DUPLICATE KEY UPDATE ecdc_resistance_profile = 'S', cloxa_test = '-/s', mbl_test = '-'; 
INSERT INTO sequence_analysis(sequence_analysis_id, isolate_id, ame_loci, beta_lactamase_loci, carbapenemase_loci, other_acq_ab_loci) VALUES ('275', '275', '-', '-', '-', '-') ON DUPLICATE KEY UPDATE ame_loci = '-', beta_lactamase_loci = '-', carbapenemase_loci = '-', other_acq_ab_loci = '-'; 
INSERT INTO metadata_general(isolate_id, isolate_name, species, project_name) VALUES ('276', 'AND04-009', 'Pseudomonas aeruginosa', 'GEMARA') ON DUPLICATE KEY UPDATE isolate_name = 'AND04-009', species = 'Pseudomonas aeruginosa', project_name = 'GEMARA'; 
INSERT INTO metadata_clinic(clinic_id, isolate_id, sample_type, collection_ward) VALUES ('102', '276', '8', 'Servicios médicos adultos') ON DUPLICATE KEY UPDATE sample_type = '8', collection_ward = 'Servicios médicos adultos'; 
INSERT INTO phenotypic_data(phenotypic_data_id, isolate_id, ecdc_resistance_profile, cloxa_test, mbl_test) VALUES ('102', '276', 'S', '-', '-') ON DUPLICATE KEY UPDATE ecdc_resistance_profile = 'S', cloxa_test = '-', mbl_test = '-'; 
INSERT INTO sequence_analysis(sequence_analysis_id, isolate_id, ame_loci, beta_lactamase_loci, carbapenemase_loci, other_acq_ab_loci) VALUES ('276', '276', '-', '-', '-', '-') ON DUPLICATE KEY UPDATE ame_loci = '-', beta_lactamase_loci = '-', carbapenemase_loci = '-', other_acq_ab_loci = '-'; 
INSERT INTO metadata_general(isolate_id, isolate_name, species, project_name) VALUES ('277', 'AND04-017', 'Pseudomonas aeruginosa', 'GEMARA') ON DUPLICATE KEY UPDATE isolate_name = 'AND04-017', species = 'Pseudomonas aeruginosa', project_name = 'GEMARA'; 
INSERT INTO metadata_clinic(clinic_id, isolate_id, sample_type, collection_ward) VALUES ('103', '277', '31', 'Consultas externas') ON DUPLICATE KEY UPDATE sample_type = '31', collection_ward = 'Consultas externas'; 
INSERT INTO phenotypic_data(phenotypic_data_id, isolate_id, ecdc_resistance_profile, cloxa_test, mbl_test) VALUES ('103', '277', 'S', '-', '-') ON DUPLICATE KEY UPDATE ecdc_resistance_profile = 'S', cloxa_test = '-', mbl_test = '-'; 
INSERT INTO sequence_analysis(sequence_analysis_id, isolate_id, ame_loci, beta_lactamase_loci, carbapenemase_loci, other_acq_ab_loci) VALUES ('277', '277', '-', '-', '-', '-') ON DUPLICATE KEY UPDATE ame_loci = '-', beta_lactamase_loci = '-', carbapenemase_loci = '-', other_acq_ab_loci = '-'; 
INSERT INTO metadata_general(isolate_id, isolate_name, species, project_name) VALUES ('278', 'AND04-033', 'Pseudomonas aeruginosa', 'GEMARA') ON DUPLICATE KEY UPDATE isolate_name = 'AND04-033', species = 'Pseudomonas aeruginosa', project_name = 'GEMARA'; 
INSERT INTO metadata_clinic(clinic_id, isolate_id, sample_type, collection_ward) VALUES ('104', '278', '15', 'Servicios médicos adultos') ON DUPLICATE KEY UPDATE sample_type = '15', collection_ward = 'Servicios médicos adultos'; 
INSERT INTO phenotypic_data(phenotypic_data_id, isolate_id, ecdc_resistance_profile, cloxa_test, mbl_test) VALUES ('104', '278', 'S', '-', '-') ON DUPLICATE KEY UPDATE ecdc_resistance_profile = 'S', cloxa_test = '-', mbl_test = '-'; 
INSERT INTO sequence_analysis(sequence_analysis_id, isolate_id, ame_loci, beta_lactamase_loci, carbapenemase_loci, other_acq_ab_loci) VALUES ('278', '278', '-', '-', '-', '-') ON DUPLICATE KEY UPDATE ame_loci = '-', beta_lactamase_loci = '-', carbapenemase_loci = '-', other_acq_ab_loci = '-'; 
INSERT INTO metadata_general(isolate_id, isolate_name, species, project_name) VALUES ('279', 'AND04-034', 'Pseudomonas aeruginosa', 'GEMARA') ON DUPLICATE KEY UPDATE isolate_name = 'AND04-034', species = 'Pseudomonas aeruginosa', project_name = 'GEMARA'; 
INSERT INTO metadata_clinic(clinic_id, isolate_id, sample_type, collection_ward) VALUES ('105', '279', '9', 'Servicios médicos pediatría') ON DUPLICATE KEY UPDATE sample_type = '9', collection_ward = 'Servicios médicos pediatría'; 
INSERT INTO phenotypic_data(phenotypic_data_id, isolate_id, ecdc_resistance_profile, cloxa_test, mbl_test) VALUES ('105', '279', 'S', '-', '-') ON DUPLICATE KEY UPDATE ecdc_resistance_profile = 'S', cloxa_test = '-', mbl_test = '-'; 
INSERT INTO sequence_analysis(sequence_analysis_id, isolate_id, ame_loci, beta_lactamase_loci, carbapenemase_loci, other_acq_ab_loci) VALUES ('279', '279', '-', '-', '-', '-') ON DUPLICATE KEY UPDATE ame_loci = '-', beta_lactamase_loci = '-', carbapenemase_loci = '-', other_acq_ab_loci = '-'; 
INSERT INTO metadata_general(isolate_id, isolate_name, species, project_name) VALUES ('280', 'AND04-001', 'Pseudomonas aeruginosa', 'GEMARA') ON DUPLICATE KEY UPDATE isolate_name = 'AND04-001', species = 'Pseudomonas aeruginosa', project_name = 'GEMARA'; 
INSERT INTO metadata_clinic(clinic_id, isolate_id, sample_type, collection_ward) VALUES ('106', '280', '10', 'Urgencias pediatría') ON DUPLICATE KEY UPDATE sample_type = '10', collection_ward = 'Urgencias pediatría'; 
INSERT INTO phenotypic_data(phenotypic_data_id, isolate_id, ecdc_resistance_profile, cloxa_test, mbl_test) VALUES ('106', '280', 'S', '-', '-') ON DUPLICATE KEY UPDATE ecdc_resistance_profile = 'S', cloxa_test = '-', mbl_test = '-'; 
INSERT INTO sequence_analysis(sequence_analysis_id, isolate_id, ame_loci, beta_lactamase_loci, carbapenemase_loci, other_acq_ab_loci) VALUES ('280', '280', '-', '-', '-', '-') ON DUPLICATE KEY UPDATE ame_loci = '-', beta_lactamase_loci = '-', carbapenemase_loci = '-', other_acq_ab_loci = '-'; 
INSERT INTO metadata_general(isolate_id, isolate_name, species, project_name) VALUES ('281', 'AND04-028', 'Pseudomonas aeruginosa', 'GEMARA') ON DUPLICATE KEY UPDATE isolate_name = 'AND04-028', species = 'Pseudomonas aeruginosa', project_name = 'GEMARA'; 
INSERT INTO metadata_clinic(clinic_id, isolate_id, sample_type, collection_ward) VALUES ('107', '281', '20', 'Servicios médicos adultos') ON DUPLICATE KEY UPDATE sample_type = '20', collection_ward = 'Servicios médicos adultos'; 
INSERT INTO phenotypic_data(phenotypic_data_id, isolate_id, ecdc_resistance_profile, cloxa_test, mbl_test) VALUES ('107', '281', 'S', '-', '-') ON DUPLICATE KEY UPDATE ecdc_resistance_profile = 'S', cloxa_test = '-', mbl_test = '-'; 
INSERT INTO sequence_analysis(sequence_analysis_id, isolate_id, ame_loci, beta_lactamase_loci, carbapenemase_loci, other_acq_ab_loci) VALUES ('281', '281', '-', '-', '-', '-') ON DUPLICATE KEY UPDATE ame_loci = '-', beta_lactamase_loci = '-', carbapenemase_loci = '-', other_acq_ab_loci = '-'; 
INSERT INTO metadata_general(isolate_id, isolate_name, species, project_name) VALUES ('282', 'AND04-044', 'Pseudomonas aeruginosa', 'GEMARA') ON DUPLICATE KEY UPDATE isolate_name = 'AND04-044', species = 'Pseudomonas aeruginosa', project_name = 'GEMARA'; 
INSERT INTO metadata_clinic(clinic_id, isolate_id, sample_type, collection_ward) VALUES ('108', '282', '7', 'Consultas externas') ON DUPLICATE KEY UPDATE sample_type = '7', collection_ward = 'Consultas externas'; 
INSERT INTO phenotypic_data(phenotypic_data_id, isolate_id, ecdc_resistance_profile, cloxa_test, mbl_test) VALUES ('108', '282', 'S', '-', '-') ON DUPLICATE KEY UPDATE ecdc_resistance_profile = 'S', cloxa_test = '-', mbl_test = '-'; 
INSERT INTO sequence_analysis(sequence_analysis_id, isolate_id, ame_loci, beta_lactamase_loci, carbapenemase_loci, other_acq_ab_loci) VALUES ('282', '282', '-', '-', '-', '-') ON DUPLICATE KEY UPDATE ame_loci = '-', beta_lactamase_loci = '-', carbapenemase_loci = '-', other_acq_ab_loci = '-'; 
INSERT INTO metadata_general(isolate_id, isolate_name, species, project_name) VALUES ('283', 'AND04-004A', 'Pseudomonas aeruginosa', 'GEMARA') ON DUPLICATE KEY UPDATE isolate_name = 'AND04-004A', species = 'Pseudomonas aeruginosa', project_name = 'GEMARA'; 
INSERT INTO metadata_clinic(clinic_id, isolate_id, sample_type, collection_ward) VALUES ('109', '283', '20', 'UCI Adultos') ON DUPLICATE KEY UPDATE sample_type = '20', collection_ward = 'UCI Adultos'; 
INSERT INTO phenotypic_data(phenotypic_data_id, isolate_id, ecdc_resistance_profile, cloxa_test, mbl_test) VALUES ('109', '283', 'S', '-', '-') ON DUPLICATE KEY UPDATE ecdc_resistance_profile = 'S', cloxa_test = '-', mbl_test = '-'; 
INSERT INTO sequence_analysis(sequence_analysis_id, isolate_id, ame_loci, beta_lactamase_loci, carbapenemase_loci, other_acq_ab_loci) VALUES ('283', '283', '-', '-', '-', '-') ON DUPLICATE KEY UPDATE ame_loci = '-', beta_lactamase_loci = '-', carbapenemase_loci = '-', other_acq_ab_loci = '-'; 
INSERT INTO metadata_general(isolate_id, isolate_name, species, project_name) VALUES ('284', 'AND04-008', 'Pseudomonas aeruginosa', 'GEMARA') ON DUPLICATE KEY UPDATE isolate_name = 'AND04-008', species = 'Pseudomonas aeruginosa', project_name = 'GEMARA'; 
INSERT INTO metadata_clinic(clinic_id, isolate_id, sample_type, collection_ward) VALUES ('110', '284', '15', 'Otros') ON DUPLICATE KEY UPDATE sample_type = '15', collection_ward = 'Otros'; 
INSERT INTO phenotypic_data(phenotypic_data_id, isolate_id, ecdc_resistance_profile, cloxa_test, mbl_test) VALUES ('110', '284', 'S', '-', '-') ON DUPLICATE KEY UPDATE ecdc_resistance_profile = 'S', cloxa_test = '-', mbl_test = '-'; 
INSERT INTO sequence_analysis(sequence_analysis_id, isolate_id, ame_loci, beta_lactamase_loci, carbapenemase_loci, other_acq_ab_loci) VALUES ('284', '284', '-', '-', '-', '-') ON DUPLICATE KEY UPDATE ame_loci = '-', beta_lactamase_loci = '-', carbapenemase_loci = '-', other_acq_ab_loci = '-'; 
INSERT INTO metadata_general(isolate_id, isolate_name, species, project_name) VALUES ('285', 'AND04-018', 'Pseudomonas aeruginosa', 'GEMARA') ON DUPLICATE KEY UPDATE isolate_name = 'AND04-018', species = 'Pseudomonas aeruginosa', project_name = 'GEMARA'; 
INSERT INTO metadata_clinic(clinic_id, isolate_id, sample_type, collection_ward) VALUES ('111', '285', '6', 'Urgencias adultos') ON DUPLICATE KEY UPDATE sample_type = '6', collection_ward = 'Urgencias adultos'; 
INSERT INTO phenotypic_data(phenotypic_data_id, isolate_id, ecdc_resistance_profile, cloxa_test, mbl_test) VALUES ('111', '285', 'S', '-', '-') ON DUPLICATE KEY UPDATE ecdc_resistance_profile = 'S', cloxa_test = '-', mbl_test = '-'; 
INSERT INTO sequence_analysis(sequence_analysis_id, isolate_id, ame_loci, beta_lactamase_loci, carbapenemase_loci, other_acq_ab_loci) VALUES ('285', '285', '-', '-', '-', '-') ON DUPLICATE KEY UPDATE ame_loci = '-', beta_lactamase_loci = '-', carbapenemase_loci = '-', other_acq_ab_loci = '-'; 
INSERT INTO metadata_general(isolate_id, isolate_name, species, project_name) VALUES ('286', 'AND04-038', 'Pseudomonas aeruginosa', 'GEMARA') ON DUPLICATE KEY UPDATE isolate_name = 'AND04-038', species = 'Pseudomonas aeruginosa', project_name = 'GEMARA'; 
INSERT INTO metadata_clinic(clinic_id, isolate_id, sample_type, collection_ward) VALUES ('112', '286', '1', 'Servicios médicos adultos') ON DUPLICATE KEY UPDATE sample_type = '1', collection_ward = 'Servicios médicos adultos'; 
INSERT INTO phenotypic_data(phenotypic_data_id, isolate_id, ecdc_resistance_profile, cloxa_test, mbl_test) VALUES ('112', '286', 'S', '-', '-') ON DUPLICATE KEY UPDATE ecdc_resistance_profile = 'S', cloxa_test = '-', mbl_test = '-'; 
INSERT INTO sequence_analysis(sequence_analysis_id, isolate_id, ame_loci, beta_lactamase_loci, carbapenemase_loci, other_acq_ab_loci) VALUES ('286', '286', '-', '-', '-', '-') ON DUPLICATE KEY UPDATE ame_loci = '-', beta_lactamase_loci = '-', carbapenemase_loci = '-', other_acq_ab_loci = '-'; 
INSERT INTO metadata_general(isolate_id, isolate_name, species, project_name) VALUES ('287', 'AND04-039', 'Pseudomonas aeruginosa', 'GEMARA') ON DUPLICATE KEY UPDATE isolate_name = 'AND04-039', species = 'Pseudomonas aeruginosa', project_name = 'GEMARA'; 
INSERT INTO metadata_clinic(clinic_id, isolate_id, sample_type, collection_ward) VALUES ('113', '287', '10', 'Urgencias pediatría') ON DUPLICATE KEY UPDATE sample_type = '10', collection_ward = 'Urgencias pediatría'; 
INSERT INTO phenotypic_data(phenotypic_data_id, isolate_id, ecdc_resistance_profile, cloxa_test, mbl_test) VALUES ('113', '287', 'S', '-', '-') ON DUPLICATE KEY UPDATE ecdc_resistance_profile = 'S', cloxa_test = '-', mbl_test = '-'; 
INSERT INTO sequence_analysis(sequence_analysis_id, isolate_id, ame_loci, beta_lactamase_loci, carbapenemase_loci, other_acq_ab_loci) VALUES ('287', '287', '-', '-', '-', '-') ON DUPLICATE KEY UPDATE ame_loci = '-', beta_lactamase_loci = '-', carbapenemase_loci = '-', other_acq_ab_loci = '-'; 
INSERT INTO metadata_general(isolate_id, isolate_name, species, project_name) VALUES ('288', 'AND04-049', 'Pseudomonas aeruginosa', 'GEMARA') ON DUPLICATE KEY UPDATE isolate_name = 'AND04-049', species = 'Pseudomonas aeruginosa', project_name = 'GEMARA'; 
INSERT INTO metadata_clinic(clinic_id, isolate_id, sample_type, collection_ward) VALUES ('114', '288', '1', 'Consultas externas') ON DUPLICATE KEY UPDATE sample_type = '1', collection_ward = 'Consultas externas'; 
INSERT INTO phenotypic_data(phenotypic_data_id, isolate_id, ecdc_resistance_profile, cloxa_test, mbl_test) VALUES ('114', '288', 'S', '-', '-') ON DUPLICATE KEY UPDATE ecdc_resistance_profile = 'S', cloxa_test = '-', mbl_test = '-'; 
INSERT INTO sequence_analysis(sequence_analysis_id, isolate_id, ame_loci, beta_lactamase_loci, carbapenemase_loci, other_acq_ab_loci) VALUES ('288', '288', '-', '-', '-', '-') ON DUPLICATE KEY UPDATE ame_loci = '-', beta_lactamase_loci = '-', carbapenemase_loci = '-', other_acq_ab_loci = '-'; 
INSERT INTO metadata_general(isolate_id, isolate_name, species, project_name) VALUES ('289', 'AND04-002', 'Pseudomonas aeruginosa', 'GEMARA') ON DUPLICATE KEY UPDATE isolate_name = 'AND04-002', species = 'Pseudomonas aeruginosa', project_name = 'GEMARA'; 
INSERT INTO metadata_clinic(clinic_id, isolate_id, sample_type, collection_ward) VALUES ('115', '289', '5', 'Urgencias adultos') ON DUPLICATE KEY UPDATE sample_type = '5', collection_ward = 'Urgencias adultos'; 
INSERT INTO phenotypic_data(phenotypic_data_id, isolate_id, ecdc_resistance_profile, cloxa_test, mbl_test) VALUES ('115', '289', 'S', '-', '-') ON DUPLICATE KEY UPDATE ecdc_resistance_profile = 'S', cloxa_test = '-', mbl_test = '-'; 
INSERT INTO sequence_analysis(sequence_analysis_id, isolate_id, ame_loci, beta_lactamase_loci, carbapenemase_loci, other_acq_ab_loci) VALUES ('289', '289', '-', '-', '-', '-') ON DUPLICATE KEY UPDATE ame_loci = '-', beta_lactamase_loci = '-', carbapenemase_loci = '-', other_acq_ab_loci = '-'; 
INSERT INTO metadata_general(isolate_id, isolate_name, species, project_name) VALUES ('290', 'AND04-005', 'Pseudomonas aeruginosa', 'GEMARA') ON DUPLICATE KEY UPDATE isolate_name = 'AND04-005', species = 'Pseudomonas aeruginosa', project_name = 'GEMARA'; 
INSERT INTO metadata_clinic(clinic_id, isolate_id, sample_type, collection_ward) VALUES ('116', '290', '31', 'Consultas externas') ON DUPLICATE KEY UPDATE sample_type = '31', collection_ward = 'Consultas externas'; 
INSERT INTO phenotypic_data(phenotypic_data_id, isolate_id, ecdc_resistance_profile, cloxa_test, mbl_test) VALUES ('116', '290', 'S', '-', '-') ON DUPLICATE KEY UPDATE ecdc_resistance_profile = 'S', cloxa_test = '-', mbl_test = '-'; 
INSERT INTO sequence_analysis(sequence_analysis_id, isolate_id, ame_loci, beta_lactamase_loci, carbapenemase_loci, other_acq_ab_loci) VALUES ('290', '290', '-', '-', '-', '-') ON DUPLICATE KEY UPDATE ame_loci = '-', beta_lactamase_loci = '-', carbapenemase_loci = '-', other_acq_ab_loci = '-'; 
INSERT INTO metadata_general(isolate_id, isolate_name, species, project_name) VALUES ('291', 'AND04-020', 'Pseudomonas aeruginosa', 'GEMARA') ON DUPLICATE KEY UPDATE isolate_name = 'AND04-020', species = 'Pseudomonas aeruginosa', project_name = 'GEMARA'; 
INSERT INTO metadata_clinic(clinic_id, isolate_id, sample_type, collection_ward) VALUES ('117', '291', '9', 'Servicios quirúrgicos adultos') ON DUPLICATE KEY UPDATE sample_type = '9', collection_ward = 'Servicios quirúrgicos adultos'; 
INSERT INTO phenotypic_data(phenotypic_data_id, isolate_id, ecdc_resistance_profile, cloxa_test, mbl_test) VALUES ('117', '291', 'S', '-', '-') ON DUPLICATE KEY UPDATE ecdc_resistance_profile = 'S', cloxa_test = '-', mbl_test = '-'; 
INSERT INTO sequence_analysis(sequence_analysis_id, isolate_id, ame_loci, beta_lactamase_loci, carbapenemase_loci, other_acq_ab_loci) VALUES ('291', '291', '-', '-', '-', '-') ON DUPLICATE KEY UPDATE ame_loci = '-', beta_lactamase_loci = '-', carbapenemase_loci = '-', other_acq_ab_loci = '-'; 
INSERT INTO metadata_general(isolate_id, isolate_name, species, project_name) VALUES ('13', 'AND04-016', 'Pseudomonas aeruginosa', 'GEMARA') ON DUPLICATE KEY UPDATE isolate_name = 'AND04-016', species = 'Pseudomonas aeruginosa', project_name = 'GEMARA'; 
INSERT INTO metadata_clinic(clinic_id, isolate_id, sample_type, collection_ward) VALUES ('118', '13', '1', 'Consultas externas') ON DUPLICATE KEY UPDATE sample_type = '1', collection_ward = 'Consultas externas'; 
INSERT INTO phenotypic_data(phenotypic_data_id, isolate_id, ecdc_resistance_profile, cloxa_test, mbl_test) VALUES ('118', '13', 'XDR', '+/s', '-') ON DUPLICATE KEY UPDATE ecdc_resistance_profile = 'XDR', cloxa_test = '+/s', mbl_test = '-'; 
INSERT INTO sequence_analysis(sequence_analysis_id, isolate_id, ame_loci, beta_lactamase_loci, carbapenemase_loci, other_acq_ab_loci) VALUES ('13', '13', '-', '-', '-', '-') ON DUPLICATE KEY UPDATE ame_loci = '-', beta_lactamase_loci = '-', carbapenemase_loci = '-', other_acq_ab_loci = '-'; 
INSERT INTO metadata_general(isolate_id, isolate_name, species, project_name) VALUES ('12', 'AND04-003', 'Pseudomonas aeruginosa', 'GEMARA') ON DUPLICATE KEY UPDATE isolate_name = 'AND04-003', species = 'Pseudomonas aeruginosa', project_name = 'GEMARA'; 
INSERT INTO metadata_clinic(clinic_id, isolate_id, sample_type, collection_ward) VALUES ('119', '12', '20', 'UCI Adultos') ON DUPLICATE KEY UPDATE sample_type = '20', collection_ward = 'UCI Adultos'; 
INSERT INTO phenotypic_data(phenotypic_data_id, isolate_id, ecdc_resistance_profile, cloxa_test, mbl_test) VALUES ('119', '12', 'XDR', 's/+', '-') ON DUPLICATE KEY UPDATE ecdc_resistance_profile = 'XDR', cloxa_test = 's/+', mbl_test = '-'; 
INSERT INTO sequence_analysis(sequence_analysis_id, isolate_id, ame_loci, beta_lactamase_loci, carbapenemase_loci, other_acq_ab_loci) VALUES ('12', '12', '-', '-', '-', '-') ON DUPLICATE KEY UPDATE ame_loci = '-', beta_lactamase_loci = '-', carbapenemase_loci = '-', other_acq_ab_loci = '-'; 
INSERT INTO metadata_general(isolate_id, isolate_name, species, project_name) VALUES ('14', 'AND04-037', 'Pseudomonas aeruginosa', 'GEMARA') ON DUPLICATE KEY UPDATE isolate_name = 'AND04-037', species = 'Pseudomonas aeruginosa', project_name = 'GEMARA'; 
INSERT INTO metadata_clinic(clinic_id, isolate_id, sample_type, collection_ward) VALUES ('120', '14', '5', 'Servicios quirúrgicos adultos') ON DUPLICATE KEY UPDATE sample_type = '5', collection_ward = 'Servicios quirúrgicos adultos'; 
INSERT INTO phenotypic_data(phenotypic_data_id, isolate_id, ecdc_resistance_profile, cloxa_test, mbl_test) VALUES ('120', '14', 'XDR', '+/+', '-') ON DUPLICATE KEY UPDATE ecdc_resistance_profile = 'XDR', cloxa_test = '+/+', mbl_test = '-'; 
INSERT INTO sequence_analysis(sequence_analysis_id, isolate_id, ame_loci, beta_lactamase_loci, carbapenemase_loci, other_acq_ab_loci) VALUES ('14', '14', '-', '-', '-', '-') ON DUPLICATE KEY UPDATE ame_loci = '-', beta_lactamase_loci = '-', carbapenemase_loci = '-', other_acq_ab_loci = '-'; 
INSERT INTO metadata_general(isolate_id, isolate_name, species, project_name) VALUES ('292', 'AND05-025', 'Pseudomonas aeruginosa', 'GEMARA') ON DUPLICATE KEY UPDATE isolate_name = 'AND05-025', species = 'Pseudomonas aeruginosa', project_name = 'GEMARA'; 
INSERT INTO metadata_clinic(clinic_id, isolate_id, sample_type, collection_ward) VALUES ('121', '292', '6', 'Otros') ON DUPLICATE KEY UPDATE sample_type = '6', collection_ward = 'Otros'; 
INSERT INTO phenotypic_data(phenotypic_data_id, isolate_id, ecdc_resistance_profile, cloxa_test, mbl_test) VALUES ('121', '292', 'MDR', '-', '-') ON DUPLICATE KEY UPDATE ecdc_resistance_profile = 'MDR', cloxa_test = '-', mbl_test = '-'; 
INSERT INTO sequence_analysis(sequence_analysis_id, isolate_id, ame_loci, beta_lactamase_loci, carbapenemase_loci, other_acq_ab_loci) VALUES ('292', '292', '-', '-', '-', '-') ON DUPLICATE KEY UPDATE ame_loci = '-', beta_lactamase_loci = '-', carbapenemase_loci = '-', other_acq_ab_loci = '-'; 
INSERT INTO metadata_general(isolate_id, isolate_name, species, project_name) VALUES ('293', 'AND05-051', 'Pseudomonas aeruginosa', 'GEMARA') ON DUPLICATE KEY UPDATE isolate_name = 'AND05-051', species = 'Pseudomonas aeruginosa', project_name = 'GEMARA'; 
INSERT INTO metadata_clinic(clinic_id, isolate_id, sample_type, collection_ward) VALUES ('122', '293', '7', 'UCI Adultos') ON DUPLICATE KEY UPDATE sample_type = '7', collection_ward = 'UCI Adultos'; 
INSERT INTO phenotypic_data(phenotypic_data_id, isolate_id, ecdc_resistance_profile, cloxa_test, mbl_test) VALUES ('122', '293', 'MDR', '-', '-') ON DUPLICATE KEY UPDATE ecdc_resistance_profile = 'MDR', cloxa_test = '-', mbl_test = '-'; 
INSERT INTO sequence_analysis(sequence_analysis_id, isolate_id, ame_loci, beta_lactamase_loci, carbapenemase_loci, other_acq_ab_loci) VALUES ('293', '293', '-', '-', '-', '-') ON DUPLICATE KEY UPDATE ame_loci = '-', beta_lactamase_loci = '-', carbapenemase_loci = '-', other_acq_ab_loci = '-'; 
INSERT INTO metadata_general(isolate_id, isolate_name, species, project_name) VALUES ('294', 'AND05-004', 'Pseudomonas aeruginosa', 'GEMARA') ON DUPLICATE KEY UPDATE isolate_name = 'AND05-004', species = 'Pseudomonas aeruginosa', project_name = 'GEMARA'; 
INSERT INTO metadata_clinic(clinic_id, isolate_id, sample_type, collection_ward) VALUES ('123', '294', '10', 'Consultas externas') ON DUPLICATE KEY UPDATE sample_type = '10', collection_ward = 'Consultas externas'; 
INSERT INTO phenotypic_data(phenotypic_data_id, isolate_id, ecdc_resistance_profile, cloxa_test, mbl_test) VALUES ('123', '294', 'S', '-', '-') ON DUPLICATE KEY UPDATE ecdc_resistance_profile = 'S', cloxa_test = '-', mbl_test = '-'; 
INSERT INTO sequence_analysis(sequence_analysis_id, isolate_id, ame_loci, beta_lactamase_loci, carbapenemase_loci, other_acq_ab_loci) VALUES ('294', '294', '-', '-', '-', '-') ON DUPLICATE KEY UPDATE ame_loci = '-', beta_lactamase_loci = '-', carbapenemase_loci = '-', other_acq_ab_loci = '-'; 
INSERT INTO metadata_general(isolate_id, isolate_name, species, project_name) VALUES ('295', 'AND05-016', 'Pseudomonas aeruginosa', 'GEMARA') ON DUPLICATE KEY UPDATE isolate_name = 'AND05-016', species = 'Pseudomonas aeruginosa', project_name = 'GEMARA'; 
INSERT INTO metadata_clinic(clinic_id, isolate_id, sample_type, collection_ward) VALUES ('124', '295', '6', 'Otros') ON DUPLICATE KEY UPDATE sample_type = '6', collection_ward = 'Otros'; 
INSERT INTO phenotypic_data(phenotypic_data_id, isolate_id, ecdc_resistance_profile, cloxa_test, mbl_test) VALUES ('124', '295', 'S', '-', '-') ON DUPLICATE KEY UPDATE ecdc_resistance_profile = 'S', cloxa_test = '-', mbl_test = '-'; 
INSERT INTO sequence_analysis(sequence_analysis_id, isolate_id, ame_loci, beta_lactamase_loci, carbapenemase_loci, other_acq_ab_loci) VALUES ('295', '295', '-', '-', '-', '-') ON DUPLICATE KEY UPDATE ame_loci = '-', beta_lactamase_loci = '-', carbapenemase_loci = '-', other_acq_ab_loci = '-'; 
INSERT INTO metadata_general(isolate_id, isolate_name, species, project_name) VALUES ('296', 'AND05-009', 'Pseudomonas aeruginosa', 'GEMARA') ON DUPLICATE KEY UPDATE isolate_name = 'AND05-009', species = 'Pseudomonas aeruginosa', project_name = 'GEMARA'; 
INSERT INTO metadata_clinic(clinic_id, isolate_id, sample_type, collection_ward) VALUES ('125', '296', '14', 'Urgencias adultos') ON DUPLICATE KEY UPDATE sample_type = '14', collection_ward = 'Urgencias adultos'; 
INSERT INTO phenotypic_data(phenotypic_data_id, isolate_id, ecdc_resistance_profile, cloxa_test, mbl_test) VALUES ('125', '296', 'S', '-', '-') ON DUPLICATE KEY UPDATE ecdc_resistance_profile = 'S', cloxa_test = '-', mbl_test = '-'; 
INSERT INTO sequence_analysis(sequence_analysis_id, isolate_id, ame_loci, beta_lactamase_loci, carbapenemase_loci, other_acq_ab_loci) VALUES ('296', '296', '-', '-', '-', '-') ON DUPLICATE KEY UPDATE ame_loci = '-', beta_lactamase_loci = '-', carbapenemase_loci = '-', other_acq_ab_loci = '-'; 
INSERT INTO metadata_general(isolate_id, isolate_name, species, project_name) VALUES ('297', 'AND05-023', 'Pseudomonas aeruginosa', 'GEMARA') ON DUPLICATE KEY UPDATE isolate_name = 'AND05-023', species = 'Pseudomonas aeruginosa', project_name = 'GEMARA'; 
INSERT INTO metadata_clinic(clinic_id, isolate_id, sample_type, collection_ward) VALUES ('126', '297', '7', 'Otros') ON DUPLICATE KEY UPDATE sample_type = '7', collection_ward = 'Otros'; 
INSERT INTO phenotypic_data(phenotypic_data_id, isolate_id, ecdc_resistance_profile, cloxa_test, mbl_test) VALUES ('126', '297', 'S', '-', '-') ON DUPLICATE KEY UPDATE ecdc_resistance_profile = 'S', cloxa_test = '-', mbl_test = '-'; 
INSERT INTO sequence_analysis(sequence_analysis_id, isolate_id, ame_loci, beta_lactamase_loci, carbapenemase_loci, other_acq_ab_loci) VALUES ('297', '297', '-', '-', '-', '-') ON DUPLICATE KEY UPDATE ame_loci = '-', beta_lactamase_loci = '-', carbapenemase_loci = '-', other_acq_ab_loci = '-'; 
INSERT INTO metadata_general(isolate_id, isolate_name, species, project_name) VALUES ('298', 'AND05-033', 'Pseudomonas aeruginosa', 'GEMARA') ON DUPLICATE KEY UPDATE isolate_name = 'AND05-033', species = 'Pseudomonas aeruginosa', project_name = 'GEMARA'; 
INSERT INTO metadata_clinic(clinic_id, isolate_id, sample_type, collection_ward) VALUES ('127', '298', '6', 'Urgencias adultos') ON DUPLICATE KEY UPDATE sample_type = '6', collection_ward = 'Urgencias adultos'; 
INSERT INTO phenotypic_data(phenotypic_data_id, isolate_id, ecdc_resistance_profile, cloxa_test, mbl_test) VALUES ('127', '298', 'S', '-', '-') ON DUPLICATE KEY UPDATE ecdc_resistance_profile = 'S', cloxa_test = '-', mbl_test = '-'; 
INSERT INTO sequence_analysis(sequence_analysis_id, isolate_id, ame_loci, beta_lactamase_loci, carbapenemase_loci, other_acq_ab_loci) VALUES ('298', '298', '-', '-', '-', '-') ON DUPLICATE KEY UPDATE ame_loci = '-', beta_lactamase_loci = '-', carbapenemase_loci = '-', other_acq_ab_loci = '-'; 
INSERT INTO metadata_general(isolate_id, isolate_name, species, project_name) VALUES ('299', 'AND05-039', 'Pseudomonas aeruginosa', 'GEMARA') ON DUPLICATE KEY UPDATE isolate_name = 'AND05-039', species = 'Pseudomonas aeruginosa', project_name = 'GEMARA'; 
INSERT INTO metadata_clinic(clinic_id, isolate_id, sample_type, collection_ward) VALUES ('128', '299', '6', 'Urgencias adultos') ON DUPLICATE KEY UPDATE sample_type = '6', collection_ward = 'Urgencias adultos'; 
INSERT INTO phenotypic_data(phenotypic_data_id, isolate_id, ecdc_resistance_profile, cloxa_test, mbl_test) VALUES ('128', '299', 'S', '-', '-') ON DUPLICATE KEY UPDATE ecdc_resistance_profile = 'S', cloxa_test = '-', mbl_test = '-'; 
INSERT INTO sequence_analysis(sequence_analysis_id, isolate_id, ame_loci, beta_lactamase_loci, carbapenemase_loci, other_acq_ab_loci) VALUES ('299', '299', '-', '-', '-', '-') ON DUPLICATE KEY UPDATE ame_loci = '-', beta_lactamase_loci = '-', carbapenemase_loci = '-', other_acq_ab_loci = '-'; 
INSERT INTO metadata_general(isolate_id, isolate_name, species, project_name) VALUES ('300', 'AND05-041', 'Pseudomonas aeruginosa', 'GEMARA') ON DUPLICATE KEY UPDATE isolate_name = 'AND05-041', species = 'Pseudomonas aeruginosa', project_name = 'GEMARA'; 
INSERT INTO metadata_clinic(clinic_id, isolate_id, sample_type, collection_ward) VALUES ('129', '300', '6', 'Urgencias adultos') ON DUPLICATE KEY UPDATE sample_type = '6', collection_ward = 'Urgencias adultos'; 
INSERT INTO phenotypic_data(phenotypic_data_id, isolate_id, ecdc_resistance_profile, cloxa_test, mbl_test) VALUES ('129', '300', 'S', '-', '-') ON DUPLICATE KEY UPDATE ecdc_resistance_profile = 'S', cloxa_test = '-', mbl_test = '-'; 
INSERT INTO sequence_analysis(sequence_analysis_id, isolate_id, ame_loci, beta_lactamase_loci, carbapenemase_loci, other_acq_ab_loci) VALUES ('300', '300', '-', '-', '-', '-') ON DUPLICATE KEY UPDATE ame_loci = '-', beta_lactamase_loci = '-', carbapenemase_loci = '-', other_acq_ab_loci = '-'; 
INSERT INTO metadata_general(isolate_id, isolate_name, species, project_name) VALUES ('301', 'AND05-045', 'Pseudomonas aeruginosa', 'GEMARA') ON DUPLICATE KEY UPDATE isolate_name = 'AND05-045', species = 'Pseudomonas aeruginosa', project_name = 'GEMARA'; 
INSERT INTO metadata_clinic(clinic_id, isolate_id, sample_type, collection_ward) VALUES ('130', '301', '5', 'Otros') ON DUPLICATE KEY UPDATE sample_type = '5', collection_ward = 'Otros'; 
INSERT INTO phenotypic_data(phenotypic_data_id, isolate_id, ecdc_resistance_profile, cloxa_test, mbl_test) VALUES ('130', '301', 'S', '-', '-') ON DUPLICATE KEY UPDATE ecdc_resistance_profile = 'S', cloxa_test = '-', mbl_test = '-'; 
INSERT INTO sequence_analysis(sequence_analysis_id, isolate_id, ame_loci, beta_lactamase_loci, carbapenemase_loci, other_acq_ab_loci) VALUES ('301', '301', '-', '-', '-', '-') ON DUPLICATE KEY UPDATE ame_loci = '-', beta_lactamase_loci = '-', carbapenemase_loci = '-', other_acq_ab_loci = '-'; 
INSERT INTO metadata_general(isolate_id, isolate_name, species, project_name) VALUES ('302', 'AND05-008', 'Pseudomonas aeruginosa', 'GEMARA') ON DUPLICATE KEY UPDATE isolate_name = 'AND05-008', species = 'Pseudomonas aeruginosa', project_name = 'GEMARA'; 
INSERT INTO metadata_clinic(clinic_id, isolate_id, sample_type, collection_ward) VALUES ('131', '302', '5', 'Urgencias adultos') ON DUPLICATE KEY UPDATE sample_type = '5', collection_ward = 'Urgencias adultos'; 
INSERT INTO phenotypic_data(phenotypic_data_id, isolate_id, ecdc_resistance_profile, cloxa_test, mbl_test) VALUES ('131', '302', 'S', '-', '-') ON DUPLICATE KEY UPDATE ecdc_resistance_profile = 'S', cloxa_test = '-', mbl_test = '-'; 
INSERT INTO sequence_analysis(sequence_analysis_id, isolate_id, ame_loci, beta_lactamase_loci, carbapenemase_loci, other_acq_ab_loci) VALUES ('302', '302', '-', '-', '-', '-') ON DUPLICATE KEY UPDATE ame_loci = '-', beta_lactamase_loci = '-', carbapenemase_loci = '-', other_acq_ab_loci = '-'; 
INSERT INTO metadata_general(isolate_id, isolate_name, species, project_name) VALUES ('303', 'AND05-013', 'Pseudomonas aeruginosa', 'GEMARA') ON DUPLICATE KEY UPDATE isolate_name = 'AND05-013', species = 'Pseudomonas aeruginosa', project_name = 'GEMARA'; 
INSERT INTO metadata_clinic(clinic_id, isolate_id, sample_type, collection_ward) VALUES ('132', '303', '6', 'Urgencias adultos') ON DUPLICATE KEY UPDATE sample_type = '6', collection_ward = 'Urgencias adultos'; 
INSERT INTO phenotypic_data(phenotypic_data_id, isolate_id, ecdc_resistance_profile, cloxa_test, mbl_test) VALUES ('132', '303', 'S', '-', '-') ON DUPLICATE KEY UPDATE ecdc_resistance_profile = 'S', cloxa_test = '-', mbl_test = '-'; 
INSERT INTO sequence_analysis(sequence_analysis_id, isolate_id, ame_loci, beta_lactamase_loci, carbapenemase_loci, other_acq_ab_loci) VALUES ('303', '303', '-', '-', '-', '-') ON DUPLICATE KEY UPDATE ame_loci = '-', beta_lactamase_loci = '-', carbapenemase_loci = '-', other_acq_ab_loci = '-'; 
INSERT INTO metadata_general(isolate_id, isolate_name, species, project_name) VALUES ('304', 'AND05-022', 'Pseudomonas aeruginosa', 'GEMARA') ON DUPLICATE KEY UPDATE isolate_name = 'AND05-022', species = 'Pseudomonas aeruginosa', project_name = 'GEMARA'; 
INSERT INTO metadata_clinic(clinic_id, isolate_id, sample_type, collection_ward) VALUES ('133', '304', '4', 'Otros') ON DUPLICATE KEY UPDATE sample_type = '4', collection_ward = 'Otros'; 
INSERT INTO phenotypic_data(phenotypic_data_id, isolate_id, ecdc_resistance_profile, cloxa_test, mbl_test) VALUES ('133', '304', 'S', '-', '-') ON DUPLICATE KEY UPDATE ecdc_resistance_profile = 'S', cloxa_test = '-', mbl_test = '-'; 
INSERT INTO sequence_analysis(sequence_analysis_id, isolate_id, ame_loci, beta_lactamase_loci, carbapenemase_loci, other_acq_ab_loci) VALUES ('304', '304', '-', '-', '-', '-') ON DUPLICATE KEY UPDATE ame_loci = '-', beta_lactamase_loci = '-', carbapenemase_loci = '-', other_acq_ab_loci = '-'; 
INSERT INTO metadata_general(isolate_id, isolate_name, species, project_name) VALUES ('305', 'AND05-012', 'Pseudomonas aeruginosa', 'GEMARA') ON DUPLICATE KEY UPDATE isolate_name = 'AND05-012', species = 'Pseudomonas aeruginosa', project_name = 'GEMARA'; 
INSERT INTO metadata_clinic(clinic_id, isolate_id, sample_type, collection_ward) VALUES ('134', '305', '5', 'Urgencias adultos') ON DUPLICATE KEY UPDATE sample_type = '5', collection_ward = 'Urgencias adultos'; 
INSERT INTO phenotypic_data(phenotypic_data_id, isolate_id, ecdc_resistance_profile, cloxa_test, mbl_test) VALUES ('134', '305', 'S', '-', '-') ON DUPLICATE KEY UPDATE ecdc_resistance_profile = 'S', cloxa_test = '-', mbl_test = '-'; 
INSERT INTO sequence_analysis(sequence_analysis_id, isolate_id, ame_loci, beta_lactamase_loci, carbapenemase_loci, other_acq_ab_loci) VALUES ('305', '305', '-', '-', '-', '-') ON DUPLICATE KEY UPDATE ame_loci = '-', beta_lactamase_loci = '-', carbapenemase_loci = '-', other_acq_ab_loci = '-'; 
INSERT INTO metadata_general(isolate_id, isolate_name, species, project_name) VALUES ('306', 'AND05-018', 'Pseudomonas aeruginosa', 'GEMARA') ON DUPLICATE KEY UPDATE isolate_name = 'AND05-018', species = 'Pseudomonas aeruginosa', project_name = 'GEMARA'; 
INSERT INTO metadata_clinic(clinic_id, isolate_id, sample_type, collection_ward) VALUES ('135', '306', '9', 'Urgencias adultos') ON DUPLICATE KEY UPDATE sample_type = '9', collection_ward = 'Urgencias adultos'; 
INSERT INTO phenotypic_data(phenotypic_data_id, isolate_id, ecdc_resistance_profile, cloxa_test, mbl_test) VALUES ('135', '306', 'S', '-', '-') ON DUPLICATE KEY UPDATE ecdc_resistance_profile = 'S', cloxa_test = '-', mbl_test = '-'; 
INSERT INTO sequence_analysis(sequence_analysis_id, isolate_id, ame_loci, beta_lactamase_loci, carbapenemase_loci, other_acq_ab_loci) VALUES ('306', '306', '-', '-', '-', '-') ON DUPLICATE KEY UPDATE ame_loci = '-', beta_lactamase_loci = '-', carbapenemase_loci = '-', other_acq_ab_loci = '-'; 
INSERT INTO metadata_general(isolate_id, isolate_name, species, project_name) VALUES ('307', 'AND05-038', 'Pseudomonas aeruginosa', 'GEMARA') ON DUPLICATE KEY UPDATE isolate_name = 'AND05-038', species = 'Pseudomonas aeruginosa', project_name = 'GEMARA'; 
INSERT INTO metadata_clinic(clinic_id, isolate_id, sample_type, collection_ward) VALUES ('136', '307', '5', 'Urgencias adultos') ON DUPLICATE KEY UPDATE sample_type = '5', collection_ward = 'Urgencias adultos'; 
INSERT INTO phenotypic_data(phenotypic_data_id, isolate_id, ecdc_resistance_profile, cloxa_test, mbl_test) VALUES ('136', '307', 'S', '-', '-') ON DUPLICATE KEY UPDATE ecdc_resistance_profile = 'S', cloxa_test = '-', mbl_test = '-'; 
INSERT INTO sequence_analysis(sequence_analysis_id, isolate_id, ame_loci, beta_lactamase_loci, carbapenemase_loci, other_acq_ab_loci) VALUES ('307', '307', '-', '-', '-', '-') ON DUPLICATE KEY UPDATE ame_loci = '-', beta_lactamase_loci = '-', carbapenemase_loci = '-', other_acq_ab_loci = '-'; 
INSERT INTO metadata_general(isolate_id, isolate_name, species, project_name) VALUES ('308', 'AND05-005', 'Pseudomonas aeruginosa', 'GEMARA') ON DUPLICATE KEY UPDATE isolate_name = 'AND05-005', species = 'Pseudomonas aeruginosa', project_name = 'GEMARA'; 
INSERT INTO metadata_clinic(clinic_id, isolate_id, sample_type, collection_ward) VALUES ('137', '308', '5', 'Otros') ON DUPLICATE KEY UPDATE sample_type = '5', collection_ward = 'Otros'; 
INSERT INTO phenotypic_data(phenotypic_data_id, isolate_id, ecdc_resistance_profile, cloxa_test, mbl_test) VALUES ('137', '308', 'S', '-', '-') ON DUPLICATE KEY UPDATE ecdc_resistance_profile = 'S', cloxa_test = '-', mbl_test = '-'; 
INSERT INTO sequence_analysis(sequence_analysis_id, isolate_id, ame_loci, beta_lactamase_loci, carbapenemase_loci, other_acq_ab_loci) VALUES ('308', '308', '-', '-', '-', '-') ON DUPLICATE KEY UPDATE ame_loci = '-', beta_lactamase_loci = '-', carbapenemase_loci = '-', other_acq_ab_loci = '-'; 
INSERT INTO metadata_general(isolate_id, isolate_name, species, project_name) VALUES ('309', 'AND06-018', 'Pseudomonas aeruginosa', 'GEMARA') ON DUPLICATE KEY UPDATE isolate_name = 'AND06-018', species = 'Pseudomonas aeruginosa', project_name = 'GEMARA'; 
INSERT INTO metadata_clinic(clinic_id, isolate_id, sample_type, collection_ward) VALUES ('138', '309', '7', 'Servicios quirúrgicos adultos') ON DUPLICATE KEY UPDATE sample_type = '7', collection_ward = 'Servicios quirúrgicos adultos'; 
INSERT INTO phenotypic_data(phenotypic_data_id, isolate_id, ecdc_resistance_profile, cloxa_test, mbl_test) VALUES ('138', '309', 'MDR', '-', '-') ON DUPLICATE KEY UPDATE ecdc_resistance_profile = 'MDR', cloxa_test = '-', mbl_test = '-'; 
INSERT INTO sequence_analysis(sequence_analysis_id, isolate_id, ame_loci, beta_lactamase_loci, carbapenemase_loci, other_acq_ab_loci) VALUES ('309', '309', '-', '-', '-', '-') ON DUPLICATE KEY UPDATE ame_loci = '-', beta_lactamase_loci = '-', carbapenemase_loci = '-', other_acq_ab_loci = '-'; 
INSERT INTO metadata_general(isolate_id, isolate_name, species, project_name) VALUES ('310', 'AND06-001', 'Pseudomonas aeruginosa', 'GEMARA') ON DUPLICATE KEY UPDATE isolate_name = 'AND06-001', species = 'Pseudomonas aeruginosa', project_name = 'GEMARA'; 
INSERT INTO metadata_clinic(clinic_id, isolate_id, sample_type, collection_ward) VALUES ('139', '310', '15', 'Servicios médicos adultos') ON DUPLICATE KEY UPDATE sample_type = '15', collection_ward = 'Servicios médicos adultos'; 
INSERT INTO phenotypic_data(phenotypic_data_id, isolate_id, ecdc_resistance_profile, cloxa_test, mbl_test) VALUES ('139', '310', 'S', '-', '-') ON DUPLICATE KEY UPDATE ecdc_resistance_profile = 'S', cloxa_test = '-', mbl_test = '-'; 
INSERT INTO sequence_analysis(sequence_analysis_id, isolate_id, ame_loci, beta_lactamase_loci, carbapenemase_loci, other_acq_ab_loci) VALUES ('310', '310', '-', '-', '-', '-') ON DUPLICATE KEY UPDATE ame_loci = '-', beta_lactamase_loci = '-', carbapenemase_loci = '-', other_acq_ab_loci = '-'; 
INSERT INTO metadata_general(isolate_id, isolate_name, species, project_name) VALUES ('311', 'AND06-002', 'Pseudomonas aeruginosa', 'GEMARA') ON DUPLICATE KEY UPDATE isolate_name = 'AND06-002', species = 'Pseudomonas aeruginosa', project_name = 'GEMARA'; 
INSERT INTO metadata_clinic(clinic_id, isolate_id, sample_type, collection_ward) VALUES ('140', '311', '5', 'Servicios médicos adultos') ON DUPLICATE KEY UPDATE sample_type = '5', collection_ward = 'Servicios médicos adultos'; 
INSERT INTO phenotypic_data(phenotypic_data_id, isolate_id, ecdc_resistance_profile, cloxa_test, mbl_test) VALUES ('140', '311', 'S', '-', '-') ON DUPLICATE KEY UPDATE ecdc_resistance_profile = 'S', cloxa_test = '-', mbl_test = '-'; 
INSERT INTO sequence_analysis(sequence_analysis_id, isolate_id, ame_loci, beta_lactamase_loci, carbapenemase_loci, other_acq_ab_loci) VALUES ('311', '311', '-', '-', '-', '-') ON DUPLICATE KEY UPDATE ame_loci = '-', beta_lactamase_loci = '-', carbapenemase_loci = '-', other_acq_ab_loci = '-'; 
INSERT INTO metadata_general(isolate_id, isolate_name, species, project_name) VALUES ('312', 'AND06-007', 'Pseudomonas aeruginosa', 'GEMARA') ON DUPLICATE KEY UPDATE isolate_name = 'AND06-007', species = 'Pseudomonas aeruginosa', project_name = 'GEMARA'; 
INSERT INTO metadata_clinic(clinic_id, isolate_id, sample_type, collection_ward) VALUES ('141', '312', '15', 'Servicios quirúrgicos adultos') ON DUPLICATE KEY UPDATE sample_type = '15', collection_ward = 'Servicios quirúrgicos adultos'; 
INSERT INTO phenotypic_data(phenotypic_data_id, isolate_id, ecdc_resistance_profile, cloxa_test, mbl_test) VALUES ('141', '312', 'S', '-', '-') ON DUPLICATE KEY UPDATE ecdc_resistance_profile = 'S', cloxa_test = '-', mbl_test = '-'; 
INSERT INTO sequence_analysis(sequence_analysis_id, isolate_id, ame_loci, beta_lactamase_loci, carbapenemase_loci, other_acq_ab_loci) VALUES ('312', '312', '-', '-', '-', '-') ON DUPLICATE KEY UPDATE ame_loci = '-', beta_lactamase_loci = '-', carbapenemase_loci = '-', other_acq_ab_loci = '-'; 
INSERT INTO metadata_general(isolate_id, isolate_name, species, project_name) VALUES ('313', 'AND06-013', 'Pseudomonas aeruginosa', 'GEMARA') ON DUPLICATE KEY UPDATE isolate_name = 'AND06-013', species = 'Pseudomonas aeruginosa', project_name = 'GEMARA'; 
INSERT INTO metadata_clinic(clinic_id, isolate_id, sample_type, collection_ward) VALUES ('142', '313', '9', 'Servicios médicos adultos') ON DUPLICATE KEY UPDATE sample_type = '9', collection_ward = 'Servicios médicos adultos'; 
INSERT INTO phenotypic_data(phenotypic_data_id, isolate_id, ecdc_resistance_profile, cloxa_test, mbl_test) VALUES ('142', '313', 'S', '-', '-') ON DUPLICATE KEY UPDATE ecdc_resistance_profile = 'S', cloxa_test = '-', mbl_test = '-'; 
INSERT INTO sequence_analysis(sequence_analysis_id, isolate_id, ame_loci, beta_lactamase_loci, carbapenemase_loci, other_acq_ab_loci) VALUES ('313', '313', '-', '-', '-', '-') ON DUPLICATE KEY UPDATE ame_loci = '-', beta_lactamase_loci = '-', carbapenemase_loci = '-', other_acq_ab_loci = '-'; 
INSERT INTO metadata_general(isolate_id, isolate_name, species, project_name) VALUES ('314', 'AND06-017', 'Pseudomonas aeruginosa', 'GEMARA') ON DUPLICATE KEY UPDATE isolate_name = 'AND06-017', species = 'Pseudomonas aeruginosa', project_name = 'GEMARA'; 
INSERT INTO metadata_clinic(clinic_id, isolate_id, sample_type, collection_ward) VALUES ('143', '314', '5', 'Servicios médicos adultos') ON DUPLICATE KEY UPDATE sample_type = '5', collection_ward = 'Servicios médicos adultos'; 
INSERT INTO phenotypic_data(phenotypic_data_id, isolate_id, ecdc_resistance_profile, cloxa_test, mbl_test) VALUES ('143', '314', 'S', '-', '-') ON DUPLICATE KEY UPDATE ecdc_resistance_profile = 'S', cloxa_test = '-', mbl_test = '-'; 
INSERT INTO sequence_analysis(sequence_analysis_id, isolate_id, ame_loci, beta_lactamase_loci, carbapenemase_loci, other_acq_ab_loci) VALUES ('314', '314', '-', '-', '-', '-') ON DUPLICATE KEY UPDATE ame_loci = '-', beta_lactamase_loci = '-', carbapenemase_loci = '-', other_acq_ab_loci = '-'; 
INSERT INTO metadata_general(isolate_id, isolate_name, species, project_name) VALUES ('315', 'AND06-023', 'Pseudomonas aeruginosa', 'GEMARA') ON DUPLICATE KEY UPDATE isolate_name = 'AND06-023', species = 'Pseudomonas aeruginosa', project_name = 'GEMARA'; 
INSERT INTO metadata_clinic(clinic_id, isolate_id, sample_type, collection_ward) VALUES ('144', '315', '6', 'Servicios médicos adultos') ON DUPLICATE KEY UPDATE sample_type = '6', collection_ward = 'Servicios médicos adultos'; 
INSERT INTO phenotypic_data(phenotypic_data_id, isolate_id, ecdc_resistance_profile, cloxa_test, mbl_test) VALUES ('144', '315', 'S', '-', '-') ON DUPLICATE KEY UPDATE ecdc_resistance_profile = 'S', cloxa_test = '-', mbl_test = '-'; 
INSERT INTO sequence_analysis(sequence_analysis_id, isolate_id, ame_loci, beta_lactamase_loci, carbapenemase_loci, other_acq_ab_loci) VALUES ('315', '315', '-', '-', '-', '-') ON DUPLICATE KEY UPDATE ame_loci = '-', beta_lactamase_loci = '-', carbapenemase_loci = '-', other_acq_ab_loci = '-'; 
INSERT INTO metadata_general(isolate_id, isolate_name, species, project_name) VALUES ('316', 'AND06-024', 'Pseudomonas aeruginosa', 'GEMARA') ON DUPLICATE KEY UPDATE isolate_name = 'AND06-024', species = 'Pseudomonas aeruginosa', project_name = 'GEMARA'; 
INSERT INTO metadata_clinic(clinic_id, isolate_id, sample_type, collection_ward) VALUES ('145', '316', '6', 'Servicios médicos adultos') ON DUPLICATE KEY UPDATE sample_type = '6', collection_ward = 'Servicios médicos adultos'; 
INSERT INTO phenotypic_data(phenotypic_data_id, isolate_id, ecdc_resistance_profile, cloxa_test, mbl_test) VALUES ('145', '316', 'S', '-', '-') ON DUPLICATE KEY UPDATE ecdc_resistance_profile = 'S', cloxa_test = '-', mbl_test = '-'; 
INSERT INTO sequence_analysis(sequence_analysis_id, isolate_id, ame_loci, beta_lactamase_loci, carbapenemase_loci, other_acq_ab_loci) VALUES ('316', '316', '-', '-', '-', '-') ON DUPLICATE KEY UPDATE ame_loci = '-', beta_lactamase_loci = '-', carbapenemase_loci = '-', other_acq_ab_loci = '-'; 
INSERT INTO metadata_general(isolate_id, isolate_name, species, project_name) VALUES ('317', 'AND06-032', 'Pseudomonas aeruginosa', 'GEMARA') ON DUPLICATE KEY UPDATE isolate_name = 'AND06-032', species = 'Pseudomonas aeruginosa', project_name = 'GEMARA'; 
INSERT INTO metadata_clinic(clinic_id, isolate_id, sample_type, collection_ward) VALUES ('146', '317', '5', 'Servicios quirúrgicos adultos') ON DUPLICATE KEY UPDATE sample_type = '5', collection_ward = 'Servicios quirúrgicos adultos'; 
INSERT INTO phenotypic_data(phenotypic_data_id, isolate_id, ecdc_resistance_profile, cloxa_test, mbl_test) VALUES ('146', '317', 'S', '-', '-') ON DUPLICATE KEY UPDATE ecdc_resistance_profile = 'S', cloxa_test = '-', mbl_test = '-'; 
INSERT INTO sequence_analysis(sequence_analysis_id, isolate_id, ame_loci, beta_lactamase_loci, carbapenemase_loci, other_acq_ab_loci) VALUES ('317', '317', '-', '-', '-', '-') ON DUPLICATE KEY UPDATE ame_loci = '-', beta_lactamase_loci = '-', carbapenemase_loci = '-', other_acq_ab_loci = '-'; 
INSERT INTO metadata_general(isolate_id, isolate_name, species, project_name) VALUES ('318', 'AND06-030', 'Pseudomonas aeruginosa', 'GEMARA') ON DUPLICATE KEY UPDATE isolate_name = 'AND06-030', species = 'Pseudomonas aeruginosa', project_name = 'GEMARA'; 
INSERT INTO metadata_clinic(clinic_id, isolate_id, sample_type, collection_ward) VALUES ('147', '318', '1', 'Servicios quirúrgicos adultos') ON DUPLICATE KEY UPDATE sample_type = '1', collection_ward = 'Servicios quirúrgicos adultos'; 
INSERT INTO phenotypic_data(phenotypic_data_id, isolate_id, ecdc_resistance_profile, cloxa_test, mbl_test) VALUES ('147', '318', 'S', '-', '-') ON DUPLICATE KEY UPDATE ecdc_resistance_profile = 'S', cloxa_test = '-', mbl_test = '-'; 
INSERT INTO sequence_analysis(sequence_analysis_id, isolate_id, ame_loci, beta_lactamase_loci, carbapenemase_loci, other_acq_ab_loci) VALUES ('318', '318', '-', '-', '-', '-') ON DUPLICATE KEY UPDATE ame_loci = '-', beta_lactamase_loci = '-', carbapenemase_loci = '-', other_acq_ab_loci = '-'; 
INSERT INTO metadata_general(isolate_id, isolate_name, species, project_name) VALUES ('319', 'AND06-003', 'Pseudomonas aeruginosa', 'GEMARA') ON DUPLICATE KEY UPDATE isolate_name = 'AND06-003', species = 'Pseudomonas aeruginosa', project_name = 'GEMARA'; 
INSERT INTO metadata_clinic(clinic_id, isolate_id, sample_type, collection_ward) VALUES ('148', '319', '1', 'Servicios médicos adultos') ON DUPLICATE KEY UPDATE sample_type = '1', collection_ward = 'Servicios médicos adultos'; 
INSERT INTO phenotypic_data(phenotypic_data_id, isolate_id, ecdc_resistance_profile, cloxa_test, mbl_test) VALUES ('148', '319', 'S', '-', '-') ON DUPLICATE KEY UPDATE ecdc_resistance_profile = 'S', cloxa_test = '-', mbl_test = '-'; 
INSERT INTO sequence_analysis(sequence_analysis_id, isolate_id, ame_loci, beta_lactamase_loci, carbapenemase_loci, other_acq_ab_loci) VALUES ('319', '319', '-', '-', '-', '-') ON DUPLICATE KEY UPDATE ame_loci = '-', beta_lactamase_loci = '-', carbapenemase_loci = '-', other_acq_ab_loci = '-'; 
INSERT INTO metadata_general(isolate_id, isolate_name, species, project_name) VALUES ('320', 'AND06-008', 'Pseudomonas aeruginosa', 'GEMARA') ON DUPLICATE KEY UPDATE isolate_name = 'AND06-008', species = 'Pseudomonas aeruginosa', project_name = 'GEMARA'; 
INSERT INTO metadata_clinic(clinic_id, isolate_id, sample_type, collection_ward) VALUES ('149', '320', '15', 'Servicios quirúrgicos adultos') ON DUPLICATE KEY UPDATE sample_type = '15', collection_ward = 'Servicios quirúrgicos adultos'; 
INSERT INTO phenotypic_data(phenotypic_data_id, isolate_id, ecdc_resistance_profile, cloxa_test, mbl_test) VALUES ('149', '320', 'S', '-', '-') ON DUPLICATE KEY UPDATE ecdc_resistance_profile = 'S', cloxa_test = '-', mbl_test = '-'; 
INSERT INTO sequence_analysis(sequence_analysis_id, isolate_id, ame_loci, beta_lactamase_loci, carbapenemase_loci, other_acq_ab_loci) VALUES ('320', '320', '-', '-', '-', '-') ON DUPLICATE KEY UPDATE ame_loci = '-', beta_lactamase_loci = '-', carbapenemase_loci = '-', other_acq_ab_loci = '-'; 
INSERT INTO metadata_general(isolate_id, isolate_name, species, project_name) VALUES ('321', 'AND06-016', 'Pseudomonas aeruginosa', 'GEMARA') ON DUPLICATE KEY UPDATE isolate_name = 'AND06-016', species = 'Pseudomonas aeruginosa', project_name = 'GEMARA'; 
INSERT INTO metadata_clinic(clinic_id, isolate_id, sample_type, collection_ward) VALUES ('150', '321', '25', 'Servicios médicos adultos') ON DUPLICATE KEY UPDATE sample_type = '25', collection_ward = 'Servicios médicos adultos'; 
INSERT INTO phenotypic_data(phenotypic_data_id, isolate_id, ecdc_resistance_profile, cloxa_test, mbl_test) VALUES ('150', '321', 'S', '-', '-') ON DUPLICATE KEY UPDATE ecdc_resistance_profile = 'S', cloxa_test = '-', mbl_test = '-'; 
INSERT INTO sequence_analysis(sequence_analysis_id, isolate_id, ame_loci, beta_lactamase_loci, carbapenemase_loci, other_acq_ab_loci) VALUES ('321', '321', '-', '-', '-', '-') ON DUPLICATE KEY UPDATE ame_loci = '-', beta_lactamase_loci = '-', carbapenemase_loci = '-', other_acq_ab_loci = '-'; 
INSERT INTO metadata_general(isolate_id, isolate_name, species, project_name) VALUES ('322', 'AND06-019', 'Pseudomonas aeruginosa', 'GEMARA') ON DUPLICATE KEY UPDATE isolate_name = 'AND06-019', species = 'Pseudomonas aeruginosa', project_name = 'GEMARA'; 
INSERT INTO metadata_clinic(clinic_id, isolate_id, sample_type, collection_ward) VALUES ('151', '322', '25', 'Servicios médicos adultos') ON DUPLICATE KEY UPDATE sample_type = '25', collection_ward = 'Servicios médicos adultos'; 
INSERT INTO phenotypic_data(phenotypic_data_id, isolate_id, ecdc_resistance_profile, cloxa_test, mbl_test) VALUES ('151', '322', 'S', '-', '-') ON DUPLICATE KEY UPDATE ecdc_resistance_profile = 'S', cloxa_test = '-', mbl_test = '-'; 
INSERT INTO sequence_analysis(sequence_analysis_id, isolate_id, ame_loci, beta_lactamase_loci, carbapenemase_loci, other_acq_ab_loci) VALUES ('322', '322', '-', '-', '-', '-') ON DUPLICATE KEY UPDATE ame_loci = '-', beta_lactamase_loci = '-', carbapenemase_loci = '-', other_acq_ab_loci = '-'; 
INSERT INTO metadata_general(isolate_id, isolate_name, species, project_name) VALUES ('323', 'AND06-020', 'Pseudomonas aeruginosa', 'GEMARA') ON DUPLICATE KEY UPDATE isolate_name = 'AND06-020', species = 'Pseudomonas aeruginosa', project_name = 'GEMARA'; 
INSERT INTO metadata_clinic(clinic_id, isolate_id, sample_type, collection_ward) VALUES ('152', '323', '1', 'Urgencias adultos') ON DUPLICATE KEY UPDATE sample_type = '1', collection_ward = 'Urgencias adultos'; 
INSERT INTO phenotypic_data(phenotypic_data_id, isolate_id, ecdc_resistance_profile, cloxa_test, mbl_test) VALUES ('152', '323', 'S', '-', '-') ON DUPLICATE KEY UPDATE ecdc_resistance_profile = 'S', cloxa_test = '-', mbl_test = '-'; 
INSERT INTO sequence_analysis(sequence_analysis_id, isolate_id, ame_loci, beta_lactamase_loci, carbapenemase_loci, other_acq_ab_loci) VALUES ('323', '323', '-', '-', '-', '-') ON DUPLICATE KEY UPDATE ame_loci = '-', beta_lactamase_loci = '-', carbapenemase_loci = '-', other_acq_ab_loci = '-'; 
INSERT INTO metadata_general(isolate_id, isolate_name, species, project_name) VALUES ('324', 'AND06-022', 'Pseudomonas aeruginosa', 'GEMARA') ON DUPLICATE KEY UPDATE isolate_name = 'AND06-022', species = 'Pseudomonas aeruginosa', project_name = 'GEMARA'; 
INSERT INTO metadata_clinic(clinic_id, isolate_id, sample_type, collection_ward) VALUES ('153', '324', '6', 'Servicios médicos adultos') ON DUPLICATE KEY UPDATE sample_type = '6', collection_ward = 'Servicios médicos adultos'; 
INSERT INTO phenotypic_data(phenotypic_data_id, isolate_id, ecdc_resistance_profile, cloxa_test, mbl_test) VALUES ('153', '324', 'S', '-', '-') ON DUPLICATE KEY UPDATE ecdc_resistance_profile = 'S', cloxa_test = '-', mbl_test = '-'; 
INSERT INTO sequence_analysis(sequence_analysis_id, isolate_id, ame_loci, beta_lactamase_loci, carbapenemase_loci, other_acq_ab_loci) VALUES ('324', '324', '-', '-', '-', '-') ON DUPLICATE KEY UPDATE ame_loci = '-', beta_lactamase_loci = '-', carbapenemase_loci = '-', other_acq_ab_loci = '-'; 
INSERT INTO metadata_general(isolate_id, isolate_name, species, project_name) VALUES ('325', 'AND06-035', 'Pseudomonas aeruginosa', 'GEMARA') ON DUPLICATE KEY UPDATE isolate_name = 'AND06-035', species = 'Pseudomonas aeruginosa', project_name = 'GEMARA'; 
INSERT INTO metadata_clinic(clinic_id, isolate_id, sample_type, collection_ward) VALUES ('154', '325', '15', 'UCI Adultos') ON DUPLICATE KEY UPDATE sample_type = '15', collection_ward = 'UCI Adultos'; 
INSERT INTO phenotypic_data(phenotypic_data_id, isolate_id, ecdc_resistance_profile, cloxa_test, mbl_test) VALUES ('154', '325', 'S', '-', '-') ON DUPLICATE KEY UPDATE ecdc_resistance_profile = 'S', cloxa_test = '-', mbl_test = '-'; 
INSERT INTO sequence_analysis(sequence_analysis_id, isolate_id, ame_loci, beta_lactamase_loci, carbapenemase_loci, other_acq_ab_loci) VALUES ('325', '325', '-', '-', '-', '-') ON DUPLICATE KEY UPDATE ame_loci = '-', beta_lactamase_loci = '-', carbapenemase_loci = '-', other_acq_ab_loci = '-'; 
INSERT INTO metadata_general(isolate_id, isolate_name, species, project_name) VALUES ('326', 'AND06-028', 'Pseudomonas aeruginosa', 'GEMARA') ON DUPLICATE KEY UPDATE isolate_name = 'AND06-028', species = 'Pseudomonas aeruginosa', project_name = 'GEMARA'; 
INSERT INTO metadata_clinic(clinic_id, isolate_id, sample_type, collection_ward) VALUES ('155', '326', '8', 'Servicios quirúrgicos adultos') ON DUPLICATE KEY UPDATE sample_type = '8', collection_ward = 'Servicios quirúrgicos adultos'; 
INSERT INTO phenotypic_data(phenotypic_data_id, isolate_id, ecdc_resistance_profile, cloxa_test, mbl_test) VALUES ('155', '326', 'S', '-', '-') ON DUPLICATE KEY UPDATE ecdc_resistance_profile = 'S', cloxa_test = '-', mbl_test = '-'; 
INSERT INTO sequence_analysis(sequence_analysis_id, isolate_id, ame_loci, beta_lactamase_loci, carbapenemase_loci, other_acq_ab_loci) VALUES ('326', '326', '-', '-', '-', '-') ON DUPLICATE KEY UPDATE ame_loci = '-', beta_lactamase_loci = '-', carbapenemase_loci = '-', other_acq_ab_loci = '-'; 
INSERT INTO metadata_general(isolate_id, isolate_name, species, project_name) VALUES ('327', 'AND06-010', 'Pseudomonas aeruginosa', 'GEMARA') ON DUPLICATE KEY UPDATE isolate_name = 'AND06-010', species = 'Pseudomonas aeruginosa', project_name = 'GEMARA'; 
INSERT INTO metadata_clinic(clinic_id, isolate_id, sample_type, collection_ward) VALUES ('156', '327', '6', 'Urgencias adultos') ON DUPLICATE KEY UPDATE sample_type = '6', collection_ward = 'Urgencias adultos'; 
INSERT INTO phenotypic_data(phenotypic_data_id, isolate_id, ecdc_resistance_profile, cloxa_test, mbl_test) VALUES ('156', '327', 'S', '-', '-') ON DUPLICATE KEY UPDATE ecdc_resistance_profile = 'S', cloxa_test = '-', mbl_test = '-'; 
INSERT INTO sequence_analysis(sequence_analysis_id, isolate_id, ame_loci, beta_lactamase_loci, carbapenemase_loci, other_acq_ab_loci) VALUES ('327', '327', '-', '-', '-', '-') ON DUPLICATE KEY UPDATE ame_loci = '-', beta_lactamase_loci = '-', carbapenemase_loci = '-', other_acq_ab_loci = '-'; 
INSERT INTO metadata_general(isolate_id, isolate_name, species, project_name) VALUES ('328', 'AND06-015', 'Pseudomonas aeruginosa', 'GEMARA') ON DUPLICATE KEY UPDATE isolate_name = 'AND06-015', species = 'Pseudomonas aeruginosa', project_name = 'GEMARA'; 
INSERT INTO metadata_clinic(clinic_id, isolate_id, sample_type, collection_ward) VALUES ('157', '328', '25', 'Servicios médicos adultos') ON DUPLICATE KEY UPDATE sample_type = '25', collection_ward = 'Servicios médicos adultos'; 
INSERT INTO phenotypic_data(phenotypic_data_id, isolate_id, ecdc_resistance_profile, cloxa_test, mbl_test) VALUES ('157', '328', 'S', '-', '-') ON DUPLICATE KEY UPDATE ecdc_resistance_profile = 'S', cloxa_test = '-', mbl_test = '-'; 
INSERT INTO sequence_analysis(sequence_analysis_id, isolate_id, ame_loci, beta_lactamase_loci, carbapenemase_loci, other_acq_ab_loci) VALUES ('328', '328', '-', '-', '-', '-') ON DUPLICATE KEY UPDATE ame_loci = '-', beta_lactamase_loci = '-', carbapenemase_loci = '-', other_acq_ab_loci = '-'; 
INSERT INTO metadata_general(isolate_id, isolate_name, species, project_name) VALUES ('329', 'AND06-021', 'Pseudomonas aeruginosa', 'GEMARA') ON DUPLICATE KEY UPDATE isolate_name = 'AND06-021', species = 'Pseudomonas aeruginosa', project_name = 'GEMARA'; 
INSERT INTO metadata_clinic(clinic_id, isolate_id, sample_type, collection_ward) VALUES ('158', '329', '9', 'Servicios médicos pediatría') ON DUPLICATE KEY UPDATE sample_type = '9', collection_ward = 'Servicios médicos pediatría'; 
INSERT INTO phenotypic_data(phenotypic_data_id, isolate_id, ecdc_resistance_profile, cloxa_test, mbl_test) VALUES ('158', '329', 'S', '-', '-') ON DUPLICATE KEY UPDATE ecdc_resistance_profile = 'S', cloxa_test = '-', mbl_test = '-'; 
INSERT INTO sequence_analysis(sequence_analysis_id, isolate_id, ame_loci, beta_lactamase_loci, carbapenemase_loci, other_acq_ab_loci) VALUES ('329', '329', '-', '-', '-', '-') ON DUPLICATE KEY UPDATE ame_loci = '-', beta_lactamase_loci = '-', carbapenemase_loci = '-', other_acq_ab_loci = '-'; 
INSERT INTO metadata_general(isolate_id, isolate_name, species, project_name) VALUES ('330', 'AND06-006', 'Pseudomonas aeruginosa', 'GEMARA') ON DUPLICATE KEY UPDATE isolate_name = 'AND06-006', species = 'Pseudomonas aeruginosa', project_name = 'GEMARA'; 
INSERT INTO metadata_clinic(clinic_id, isolate_id, sample_type, collection_ward) VALUES ('159', '330', '15', 'UCI pediatría') ON DUPLICATE KEY UPDATE sample_type = '15', collection_ward = 'UCI pediatría'; 
INSERT INTO phenotypic_data(phenotypic_data_id, isolate_id, ecdc_resistance_profile, cloxa_test, mbl_test) VALUES ('159', '330', 'S', '-', '-') ON DUPLICATE KEY UPDATE ecdc_resistance_profile = 'S', cloxa_test = '-', mbl_test = '-'; 
INSERT INTO sequence_analysis(sequence_analysis_id, isolate_id, ame_loci, beta_lactamase_loci, carbapenemase_loci, other_acq_ab_loci) VALUES ('330', '330', '-', '-', '-', '-') ON DUPLICATE KEY UPDATE ame_loci = '-', beta_lactamase_loci = '-', carbapenemase_loci = '-', other_acq_ab_loci = '-'; 
INSERT INTO metadata_general(isolate_id, isolate_name, species, project_name) VALUES ('331', 'AND06-025', 'Pseudomonas aeruginosa', 'GEMARA') ON DUPLICATE KEY UPDATE isolate_name = 'AND06-025', species = 'Pseudomonas aeruginosa', project_name = 'GEMARA'; 
INSERT INTO metadata_clinic(clinic_id, isolate_id, sample_type, collection_ward) VALUES ('160', '331', '8', 'Servicios quirúrgicos adultos') ON DUPLICATE KEY UPDATE sample_type = '8', collection_ward = 'Servicios quirúrgicos adultos'; 
INSERT INTO phenotypic_data(phenotypic_data_id, isolate_id, ecdc_resistance_profile, cloxa_test, mbl_test) VALUES ('160', '331', 'S', '-', '-') ON DUPLICATE KEY UPDATE ecdc_resistance_profile = 'S', cloxa_test = '-', mbl_test = '-'; 
INSERT INTO sequence_analysis(sequence_analysis_id, isolate_id, ame_loci, beta_lactamase_loci, carbapenemase_loci, other_acq_ab_loci) VALUES ('331', '331', '-', '-', '-', '-') ON DUPLICATE KEY UPDATE ame_loci = '-', beta_lactamase_loci = '-', carbapenemase_loci = '-', other_acq_ab_loci = '-'; 
INSERT INTO metadata_general(isolate_id, isolate_name, species, project_name) VALUES ('332', 'AND06-029', 'Pseudomonas aeruginosa', 'GEMARA') ON DUPLICATE KEY UPDATE isolate_name = 'AND06-029', species = 'Pseudomonas aeruginosa', project_name = 'GEMARA'; 
INSERT INTO metadata_clinic(clinic_id, isolate_id, sample_type, collection_ward) VALUES ('161', '332', '15', 'UCI pediatría') ON DUPLICATE KEY UPDATE sample_type = '15', collection_ward = 'UCI pediatría'; 
INSERT INTO phenotypic_data(phenotypic_data_id, isolate_id, ecdc_resistance_profile, cloxa_test, mbl_test) VALUES ('161', '332', 'S', '-', '-') ON DUPLICATE KEY UPDATE ecdc_resistance_profile = 'S', cloxa_test = '-', mbl_test = '-'; 
INSERT INTO sequence_analysis(sequence_analysis_id, isolate_id, ame_loci, beta_lactamase_loci, carbapenemase_loci, other_acq_ab_loci) VALUES ('332', '332', '-', '-', '-', '-') ON DUPLICATE KEY UPDATE ame_loci = '-', beta_lactamase_loci = '-', carbapenemase_loci = '-', other_acq_ab_loci = '-'; 
INSERT INTO metadata_general(isolate_id, isolate_name, species, project_name) VALUES ('333', 'AND06-031', 'Pseudomonas aeruginosa', 'GEMARA') ON DUPLICATE KEY UPDATE isolate_name = 'AND06-031', species = 'Pseudomonas aeruginosa', project_name = 'GEMARA'; 
INSERT INTO metadata_clinic(clinic_id, isolate_id, sample_type, collection_ward) VALUES ('162', '333', '5', 'Servicios quirúrgicos adultos') ON DUPLICATE KEY UPDATE sample_type = '5', collection_ward = 'Servicios quirúrgicos adultos'; 
INSERT INTO phenotypic_data(phenotypic_data_id, isolate_id, ecdc_resistance_profile, cloxa_test, mbl_test) VALUES ('162', '333', 'S', '-', '-') ON DUPLICATE KEY UPDATE ecdc_resistance_profile = 'S', cloxa_test = '-', mbl_test = '-'; 
INSERT INTO sequence_analysis(sequence_analysis_id, isolate_id, ame_loci, beta_lactamase_loci, carbapenemase_loci, other_acq_ab_loci) VALUES ('333', '333', '-', '-', '-', '-') ON DUPLICATE KEY UPDATE ame_loci = '-', beta_lactamase_loci = '-', carbapenemase_loci = '-', other_acq_ab_loci = '-'; 
INSERT INTO metadata_general(isolate_id, isolate_name, species, project_name) VALUES ('334', 'AND06-026', 'Pseudomonas aeruginosa', 'GEMARA') ON DUPLICATE KEY UPDATE isolate_name = 'AND06-026', species = 'Pseudomonas aeruginosa', project_name = 'GEMARA'; 
INSERT INTO metadata_clinic(clinic_id, isolate_id, sample_type, collection_ward) VALUES ('163', '334', '8', 'Urgencias adultos') ON DUPLICATE KEY UPDATE sample_type = '8', collection_ward = 'Urgencias adultos'; 
INSERT INTO phenotypic_data(phenotypic_data_id, isolate_id, ecdc_resistance_profile, cloxa_test, mbl_test) VALUES ('163', '334', 'S', '-', '-') ON DUPLICATE KEY UPDATE ecdc_resistance_profile = 'S', cloxa_test = '-', mbl_test = '-'; 
INSERT INTO sequence_analysis(sequence_analysis_id, isolate_id, ame_loci, beta_lactamase_loci, carbapenemase_loci, other_acq_ab_loci) VALUES ('334', '334', '-', '-', '-', '-') ON DUPLICATE KEY UPDATE ame_loci = '-', beta_lactamase_loci = '-', carbapenemase_loci = '-', other_acq_ab_loci = '-'; 
INSERT INTO metadata_general(isolate_id, isolate_name, species, project_name) VALUES ('335', 'AND06-014', 'Pseudomonas aeruginosa', 'GEMARA') ON DUPLICATE KEY UPDATE isolate_name = 'AND06-014', species = 'Pseudomonas aeruginosa', project_name = 'GEMARA'; 
INSERT INTO metadata_clinic(clinic_id, isolate_id, sample_type, collection_ward) VALUES ('164', '335', '24', 'Servicios médicos adultos') ON DUPLICATE KEY UPDATE sample_type = '24', collection_ward = 'Servicios médicos adultos'; 
INSERT INTO phenotypic_data(phenotypic_data_id, isolate_id, ecdc_resistance_profile, cloxa_test, mbl_test) VALUES ('164', '335', 'S', '-', '-') ON DUPLICATE KEY UPDATE ecdc_resistance_profile = 'S', cloxa_test = '-', mbl_test = '-'; 
INSERT INTO sequence_analysis(sequence_analysis_id, isolate_id, ame_loci, beta_lactamase_loci, carbapenemase_loci, other_acq_ab_loci) VALUES ('335', '335', '-', '-', '-', '-') ON DUPLICATE KEY UPDATE ame_loci = '-', beta_lactamase_loci = '-', carbapenemase_loci = '-', other_acq_ab_loci = '-'; 
INSERT INTO metadata_general(isolate_id, isolate_name, species, project_name) VALUES ('15', 'AND06-027', 'Pseudomonas aeruginosa', 'GEMARA') ON DUPLICATE KEY UPDATE isolate_name = 'AND06-027', species = 'Pseudomonas aeruginosa', project_name = 'GEMARA'; 
INSERT INTO metadata_clinic(clinic_id, isolate_id, sample_type, collection_ward) VALUES ('165', '15', '11', 'Otros') ON DUPLICATE KEY UPDATE sample_type = '11', collection_ward = 'Otros'; 
INSERT INTO phenotypic_data(phenotypic_data_id, isolate_id, ecdc_resistance_profile, cloxa_test, mbl_test) VALUES ('165', '15', 'XDR', '+/+ ', '-') ON DUPLICATE KEY UPDATE ecdc_resistance_profile = 'XDR', cloxa_test = '+/+ ', mbl_test = '-'; 
INSERT INTO sequence_analysis(sequence_analysis_id, isolate_id, ame_loci, beta_lactamase_loci, carbapenemase_loci, other_acq_ab_loci) VALUES ('15', '15', '-', '-', '-', '-') ON DUPLICATE KEY UPDATE ame_loci = '-', beta_lactamase_loci = '-', carbapenemase_loci = '-', other_acq_ab_loci = '-'; 
INSERT INTO metadata_general(isolate_id, isolate_name, species, project_name) VALUES ('17', 'AND06-034', 'Pseudomonas aeruginosa', 'GEMARA') ON DUPLICATE KEY UPDATE isolate_name = 'AND06-034', species = 'Pseudomonas aeruginosa', project_name = 'GEMARA'; 
INSERT INTO metadata_clinic(clinic_id, isolate_id, sample_type, collection_ward) VALUES ('166', '17', '1', 'Servicios médicos adultos') ON DUPLICATE KEY UPDATE sample_type = '1', collection_ward = 'Servicios médicos adultos'; 
INSERT INTO phenotypic_data(phenotypic_data_id, isolate_id, ecdc_resistance_profile, cloxa_test, mbl_test) VALUES ('166', '17', 'XDR', '+/+', '-') ON DUPLICATE KEY UPDATE ecdc_resistance_profile = 'XDR', cloxa_test = '+/+', mbl_test = '-'; 
INSERT INTO sequence_analysis(sequence_analysis_id, isolate_id, ame_loci, beta_lactamase_loci, carbapenemase_loci, other_acq_ab_loci) VALUES ('17', '17', '-', '-', '-', '-') ON DUPLICATE KEY UPDATE ame_loci = '-', beta_lactamase_loci = '-', carbapenemase_loci = '-', other_acq_ab_loci = '-'; 
INSERT INTO metadata_general(isolate_id, isolate_name, species, project_name) VALUES ('16', 'AND06-033', 'Pseudomonas aeruginosa', 'GEMARA') ON DUPLICATE KEY UPDATE isolate_name = 'AND06-033', species = 'Pseudomonas aeruginosa', project_name = 'GEMARA'; 
INSERT INTO metadata_clinic(clinic_id, isolate_id, sample_type, collection_ward) VALUES ('167', '16', '11', 'Otros') ON DUPLICATE KEY UPDATE sample_type = '11', collection_ward = 'Otros'; 
INSERT INTO phenotypic_data(phenotypic_data_id, isolate_id, ecdc_resistance_profile, cloxa_test, mbl_test) VALUES ('167', '16', 'XDR', '+/+', '-') ON DUPLICATE KEY UPDATE ecdc_resistance_profile = 'XDR', cloxa_test = '+/+', mbl_test = '-'; 
INSERT INTO sequence_analysis(sequence_analysis_id, isolate_id, ame_loci, beta_lactamase_loci, carbapenemase_loci, other_acq_ab_loci) VALUES ('16', '16', '-', '-', '-', '-') ON DUPLICATE KEY UPDATE ame_loci = '-', beta_lactamase_loci = '-', carbapenemase_loci = '-', other_acq_ab_loci = '-'; 
INSERT INTO metadata_general(isolate_id, isolate_name, species, project_name) VALUES ('336', 'AND07-024', 'Pseudomonas aeruginosa', 'GEMARA') ON DUPLICATE KEY UPDATE isolate_name = 'AND07-024', species = 'Pseudomonas aeruginosa', project_name = 'GEMARA'; 
INSERT INTO metadata_clinic(clinic_id, isolate_id, sample_type, collection_ward) VALUES ('168', '336', '8', 'Servicios quirúrgicos adultos') ON DUPLICATE KEY UPDATE sample_type = '8', collection_ward = 'Servicios quirúrgicos adultos'; 
INSERT INTO phenotypic_data(phenotypic_data_id, isolate_id, ecdc_resistance_profile, cloxa_test, mbl_test) VALUES ('168', '336', 'MDR', '-', '-') ON DUPLICATE KEY UPDATE ecdc_resistance_profile = 'MDR', cloxa_test = '-', mbl_test = '-'; 
INSERT INTO sequence_analysis(sequence_analysis_id, isolate_id, ame_loci, beta_lactamase_loci, carbapenemase_loci, other_acq_ab_loci) VALUES ('336', '336', '-', '-', '-', '-') ON DUPLICATE KEY UPDATE ame_loci = '-', beta_lactamase_loci = '-', carbapenemase_loci = '-', other_acq_ab_loci = '-'; 
INSERT INTO metadata_general(isolate_id, isolate_name, species, project_name) VALUES ('337', 'AND07-031', 'Pseudomonas aeruginosa', 'GEMARA') ON DUPLICATE KEY UPDATE isolate_name = 'AND07-031', species = 'Pseudomonas aeruginosa', project_name = 'GEMARA'; 
INSERT INTO metadata_clinic(clinic_id, isolate_id, sample_type, collection_ward) VALUES ('169', '337', '5', 'Urgencias adultos') ON DUPLICATE KEY UPDATE sample_type = '5', collection_ward = 'Urgencias adultos'; 
INSERT INTO phenotypic_data(phenotypic_data_id, isolate_id, ecdc_resistance_profile, cloxa_test, mbl_test) VALUES ('169', '337', 'MDR', '-', '-') ON DUPLICATE KEY UPDATE ecdc_resistance_profile = 'MDR', cloxa_test = '-', mbl_test = '-'; 
INSERT INTO sequence_analysis(sequence_analysis_id, isolate_id, ame_loci, beta_lactamase_loci, carbapenemase_loci, other_acq_ab_loci) VALUES ('337', '337', '-', '-', '-', '-') ON DUPLICATE KEY UPDATE ame_loci = '-', beta_lactamase_loci = '-', carbapenemase_loci = '-', other_acq_ab_loci = '-'; 
INSERT INTO metadata_general(isolate_id, isolate_name, species, project_name) VALUES ('338', 'AND07-043', 'Pseudomonas aeruginosa', 'GEMARA') ON DUPLICATE KEY UPDATE isolate_name = 'AND07-043', species = 'Pseudomonas aeruginosa', project_name = 'GEMARA'; 
INSERT INTO metadata_clinic(clinic_id, isolate_id, sample_type, collection_ward) VALUES ('170', '338', '16', 'Consultas externas') ON DUPLICATE KEY UPDATE sample_type = '16', collection_ward = 'Consultas externas'; 
INSERT INTO phenotypic_data(phenotypic_data_id, isolate_id, ecdc_resistance_profile, cloxa_test, mbl_test) VALUES ('170', '338', 'MDR', '-', '-') ON DUPLICATE KEY UPDATE ecdc_resistance_profile = 'MDR', cloxa_test = '-', mbl_test = '-'; 
INSERT INTO sequence_analysis(sequence_analysis_id, isolate_id, ame_loci, beta_lactamase_loci, carbapenemase_loci, other_acq_ab_loci) VALUES ('338', '338', '-', '-', '-', '-') ON DUPLICATE KEY UPDATE ame_loci = '-', beta_lactamase_loci = '-', carbapenemase_loci = '-', other_acq_ab_loci = '-'; 
INSERT INTO metadata_general(isolate_id, isolate_name, species, project_name) VALUES ('339', 'AND07-015', 'Pseudomonas aeruginosa', 'GEMARA') ON DUPLICATE KEY UPDATE isolate_name = 'AND07-015', species = 'Pseudomonas aeruginosa', project_name = 'GEMARA'; 
INSERT INTO metadata_clinic(clinic_id, isolate_id, sample_type, collection_ward) VALUES ('171', '339', '17', 'Consultas externas') ON DUPLICATE KEY UPDATE sample_type = '17', collection_ward = 'Consultas externas'; 
INSERT INTO phenotypic_data(phenotypic_data_id, isolate_id, ecdc_resistance_profile, cloxa_test, mbl_test) VALUES ('171', '339', 'MDR', '-', '-') ON DUPLICATE KEY UPDATE ecdc_resistance_profile = 'MDR', cloxa_test = '-', mbl_test = '-'; 
INSERT INTO sequence_analysis(sequence_analysis_id, isolate_id, ame_loci, beta_lactamase_loci, carbapenemase_loci, other_acq_ab_loci) VALUES ('339', '339', '-', '-', '-', '-') ON DUPLICATE KEY UPDATE ame_loci = '-', beta_lactamase_loci = '-', carbapenemase_loci = '-', other_acq_ab_loci = '-'; 
INSERT INTO metadata_general(isolate_id, isolate_name, species, project_name) VALUES ('340', 'AND07-021', 'Pseudomonas aeruginosa', 'GEMARA') ON DUPLICATE KEY UPDATE isolate_name = 'AND07-021', species = 'Pseudomonas aeruginosa', project_name = 'GEMARA'; 
INSERT INTO metadata_clinic(clinic_id, isolate_id, sample_type, collection_ward) VALUES ('172', '340', '6', 'Servicios médicos adultos') ON DUPLICATE KEY UPDATE sample_type = '6', collection_ward = 'Servicios médicos adultos'; 
INSERT INTO phenotypic_data(phenotypic_data_id, isolate_id, ecdc_resistance_profile, cloxa_test, mbl_test) VALUES ('172', '340', 'MDR', '-', '-') ON DUPLICATE KEY UPDATE ecdc_resistance_profile = 'MDR', cloxa_test = '-', mbl_test = '-'; 
INSERT INTO sequence_analysis(sequence_analysis_id, isolate_id, ame_loci, beta_lactamase_loci, carbapenemase_loci, other_acq_ab_loci) VALUES ('340', '340', '-', '-', '-', '-') ON DUPLICATE KEY UPDATE ame_loci = '-', beta_lactamase_loci = '-', carbapenemase_loci = '-', other_acq_ab_loci = '-'; 
INSERT INTO metadata_general(isolate_id, isolate_name, species, project_name) VALUES ('341', 'AND07-012', 'Pseudomonas aeruginosa', 'GEMARA') ON DUPLICATE KEY UPDATE isolate_name = 'AND07-012', species = 'Pseudomonas aeruginosa', project_name = 'GEMARA'; 
INSERT INTO metadata_clinic(clinic_id, isolate_id, sample_type, collection_ward) VALUES ('173', '341', '1', 'Consultas externas') ON DUPLICATE KEY UPDATE sample_type = '1', collection_ward = 'Consultas externas'; 
INSERT INTO phenotypic_data(phenotypic_data_id, isolate_id, ecdc_resistance_profile, cloxa_test, mbl_test) VALUES ('173', '341', 'MDR', '-', '-') ON DUPLICATE KEY UPDATE ecdc_resistance_profile = 'MDR', cloxa_test = '-', mbl_test = '-'; 
INSERT INTO sequence_analysis(sequence_analysis_id, isolate_id, ame_loci, beta_lactamase_loci, carbapenemase_loci, other_acq_ab_loci) VALUES ('341', '341', '-', '-', '-', '-') ON DUPLICATE KEY UPDATE ame_loci = '-', beta_lactamase_loci = '-', carbapenemase_loci = '-', other_acq_ab_loci = '-'; 
INSERT INTO metadata_general(isolate_id, isolate_name, species, project_name) VALUES ('342', 'AND07-010', 'Pseudomonas aeruginosa', 'GEMARA') ON DUPLICATE KEY UPDATE isolate_name = 'AND07-010', species = 'Pseudomonas aeruginosa', project_name = 'GEMARA'; 
INSERT INTO metadata_clinic(clinic_id, isolate_id, sample_type, collection_ward) VALUES ('174', '342', '8', 'Servicios quirúrgicos adultos') ON DUPLICATE KEY UPDATE sample_type = '8', collection_ward = 'Servicios quirúrgicos adultos'; 
INSERT INTO phenotypic_data(phenotypic_data_id, isolate_id, ecdc_resistance_profile, cloxa_test, mbl_test) VALUES ('174', '342', 'MDR', '-', '-') ON DUPLICATE KEY UPDATE ecdc_resistance_profile = 'MDR', cloxa_test = '-', mbl_test = '-'; 
INSERT INTO sequence_analysis(sequence_analysis_id, isolate_id, ame_loci, beta_lactamase_loci, carbapenemase_loci, other_acq_ab_loci) VALUES ('342', '342', '-', '-', '-', '-') ON DUPLICATE KEY UPDATE ame_loci = '-', beta_lactamase_loci = '-', carbapenemase_loci = '-', other_acq_ab_loci = '-'; 
INSERT INTO metadata_general(isolate_id, isolate_name, species, project_name) VALUES ('343', 'AND07-011', 'Pseudomonas aeruginosa', 'GEMARA') ON DUPLICATE KEY UPDATE isolate_name = 'AND07-011', species = 'Pseudomonas aeruginosa', project_name = 'GEMARA'; 
INSERT INTO metadata_clinic(clinic_id, isolate_id, sample_type, collection_ward) VALUES ('175', '343', '16', 'Servicios quirúrgicos adultos') ON DUPLICATE KEY UPDATE sample_type = '16', collection_ward = 'Servicios quirúrgicos adultos'; 
INSERT INTO phenotypic_data(phenotypic_data_id, isolate_id, ecdc_resistance_profile, cloxa_test, mbl_test) VALUES ('175', '343', 'MDR', '-', '-') ON DUPLICATE KEY UPDATE ecdc_resistance_profile = 'MDR', cloxa_test = '-', mbl_test = '-'; 
INSERT INTO sequence_analysis(sequence_analysis_id, isolate_id, ame_loci, beta_lactamase_loci, carbapenemase_loci, other_acq_ab_loci) VALUES ('343', '343', '-', '-', '-', '-') ON DUPLICATE KEY UPDATE ame_loci = '-', beta_lactamase_loci = '-', carbapenemase_loci = '-', other_acq_ab_loci = '-'; 
INSERT INTO metadata_general(isolate_id, isolate_name, species, project_name) VALUES ('344', 'AND07-022', 'Pseudomonas aeruginosa', 'GEMARA') ON DUPLICATE KEY UPDATE isolate_name = 'AND07-022', species = 'Pseudomonas aeruginosa', project_name = 'GEMARA'; 
INSERT INTO metadata_clinic(clinic_id, isolate_id, sample_type, collection_ward) VALUES ('176', '344', '6', 'Servicios médicos adultos') ON DUPLICATE KEY UPDATE sample_type = '6', collection_ward = 'Servicios médicos adultos'; 
INSERT INTO phenotypic_data(phenotypic_data_id, isolate_id, ecdc_resistance_profile, cloxa_test, mbl_test) VALUES ('176', '344', 'S', '-', '-') ON DUPLICATE KEY UPDATE ecdc_resistance_profile = 'S', cloxa_test = '-', mbl_test = '-'; 
INSERT INTO sequence_analysis(sequence_analysis_id, isolate_id, ame_loci, beta_lactamase_loci, carbapenemase_loci, other_acq_ab_loci) VALUES ('344', '344', '-', '-', '-', '-') ON DUPLICATE KEY UPDATE ame_loci = '-', beta_lactamase_loci = '-', carbapenemase_loci = '-', other_acq_ab_loci = '-'; 
INSERT INTO metadata_general(isolate_id, isolate_name, species, project_name) VALUES ('345', 'AND07-001', 'Pseudomonas aeruginosa', 'GEMARA') ON DUPLICATE KEY UPDATE isolate_name = 'AND07-001', species = 'Pseudomonas aeruginosa', project_name = 'GEMARA'; 
INSERT INTO metadata_clinic(clinic_id, isolate_id, sample_type, collection_ward) VALUES ('177', '345', '1', 'Consultas externas') ON DUPLICATE KEY UPDATE sample_type = '1', collection_ward = 'Consultas externas'; 
INSERT INTO phenotypic_data(phenotypic_data_id, isolate_id, ecdc_resistance_profile, cloxa_test, mbl_test) VALUES ('177', '345', 'S', '-', '-') ON DUPLICATE KEY UPDATE ecdc_resistance_profile = 'S', cloxa_test = '-', mbl_test = '-'; 
INSERT INTO sequence_analysis(sequence_analysis_id, isolate_id, ame_loci, beta_lactamase_loci, carbapenemase_loci, other_acq_ab_loci) VALUES ('345', '345', '-', '-', '-', '-') ON DUPLICATE KEY UPDATE ame_loci = '-', beta_lactamase_loci = '-', carbapenemase_loci = '-', other_acq_ab_loci = '-'; 
INSERT INTO metadata_general(isolate_id, isolate_name, species, project_name) VALUES ('346', 'AND07-002', 'Pseudomonas aeruginosa', 'GEMARA') ON DUPLICATE KEY UPDATE isolate_name = 'AND07-002', species = 'Pseudomonas aeruginosa', project_name = 'GEMARA'; 
INSERT INTO metadata_clinic(clinic_id, isolate_id, sample_type, collection_ward) VALUES ('178', '346', '8', 'Servicios quirúrgicos adultos') ON DUPLICATE KEY UPDATE sample_type = '8', collection_ward = 'Servicios quirúrgicos adultos'; 
INSERT INTO phenotypic_data(phenotypic_data_id, isolate_id, ecdc_resistance_profile, cloxa_test, mbl_test) VALUES ('178', '346', 'S', '-', '-') ON DUPLICATE KEY UPDATE ecdc_resistance_profile = 'S', cloxa_test = '-', mbl_test = '-'; 
INSERT INTO sequence_analysis(sequence_analysis_id, isolate_id, ame_loci, beta_lactamase_loci, carbapenemase_loci, other_acq_ab_loci) VALUES ('346', '346', '-', '-', '-', '-') ON DUPLICATE KEY UPDATE ame_loci = '-', beta_lactamase_loci = '-', carbapenemase_loci = '-', other_acq_ab_loci = '-'; 
INSERT INTO metadata_general(isolate_id, isolate_name, species, project_name) VALUES ('347', 'AND07-003', 'Pseudomonas aeruginosa', 'GEMARA') ON DUPLICATE KEY UPDATE isolate_name = 'AND07-003', species = 'Pseudomonas aeruginosa', project_name = 'GEMARA'; 
INSERT INTO metadata_clinic(clinic_id, isolate_id, sample_type, collection_ward) VALUES ('179', '347', '6', 'Servicios médicos adultos') ON DUPLICATE KEY UPDATE sample_type = '6', collection_ward = 'Servicios médicos adultos'; 
INSERT INTO phenotypic_data(phenotypic_data_id, isolate_id, ecdc_resistance_profile, cloxa_test, mbl_test) VALUES ('179', '347', 'S', '-', '-') ON DUPLICATE KEY UPDATE ecdc_resistance_profile = 'S', cloxa_test = '-', mbl_test = '-'; 
INSERT INTO sequence_analysis(sequence_analysis_id, isolate_id, ame_loci, beta_lactamase_loci, carbapenemase_loci, other_acq_ab_loci) VALUES ('347', '347', '-', '-', '-', '-') ON DUPLICATE KEY UPDATE ame_loci = '-', beta_lactamase_loci = '-', carbapenemase_loci = '-', other_acq_ab_loci = '-'; 
INSERT INTO metadata_general(isolate_id, isolate_name, species, project_name) VALUES ('348', 'AND07-006', 'Pseudomonas aeruginosa', 'GEMARA') ON DUPLICATE KEY UPDATE isolate_name = 'AND07-006', species = 'Pseudomonas aeruginosa', project_name = 'GEMARA'; 
INSERT INTO metadata_clinic(clinic_id, isolate_id, sample_type, collection_ward) VALUES ('180', '348', '5', 'Servicios médicos adultos') ON DUPLICATE KEY UPDATE sample_type = '5', collection_ward = 'Servicios médicos adultos'; 
INSERT INTO phenotypic_data(phenotypic_data_id, isolate_id, ecdc_resistance_profile, cloxa_test, mbl_test) VALUES ('180', '348', 'S', '-', '-') ON DUPLICATE KEY UPDATE ecdc_resistance_profile = 'S', cloxa_test = '-', mbl_test = '-'; 
INSERT INTO sequence_analysis(sequence_analysis_id, isolate_id, ame_loci, beta_lactamase_loci, carbapenemase_loci, other_acq_ab_loci) VALUES ('348', '348', '-', '-', '-', '-') ON DUPLICATE KEY UPDATE ame_loci = '-', beta_lactamase_loci = '-', carbapenemase_loci = '-', other_acq_ab_loci = '-'; 
INSERT INTO metadata_general(isolate_id, isolate_name, species, project_name) VALUES ('349', 'AND07-023', 'Pseudomonas aeruginosa', 'GEMARA') ON DUPLICATE KEY UPDATE isolate_name = 'AND07-023', species = 'Pseudomonas aeruginosa', project_name = 'GEMARA'; 
INSERT INTO metadata_clinic(clinic_id, isolate_id, sample_type, collection_ward) VALUES ('181', '349', '1', 'Servicios médicos adultos') ON DUPLICATE KEY UPDATE sample_type = '1', collection_ward = 'Servicios médicos adultos'; 
INSERT INTO phenotypic_data(phenotypic_data_id, isolate_id, ecdc_resistance_profile, cloxa_test, mbl_test) VALUES ('181', '349', 'S', '-', '-') ON DUPLICATE KEY UPDATE ecdc_resistance_profile = 'S', cloxa_test = '-', mbl_test = '-'; 
INSERT INTO sequence_analysis(sequence_analysis_id, isolate_id, ame_loci, beta_lactamase_loci, carbapenemase_loci, other_acq_ab_loci) VALUES ('349', '349', '-', '-', '-', '-') ON DUPLICATE KEY UPDATE ame_loci = '-', beta_lactamase_loci = '-', carbapenemase_loci = '-', other_acq_ab_loci = '-'; 
INSERT INTO metadata_general(isolate_id, isolate_name, species, project_name) VALUES ('350', 'AND07-032', 'Pseudomonas aeruginosa', 'GEMARA') ON DUPLICATE KEY UPDATE isolate_name = 'AND07-032', species = 'Pseudomonas aeruginosa', project_name = 'GEMARA'; 
INSERT INTO metadata_clinic(clinic_id, isolate_id, sample_type, collection_ward) VALUES ('182', '350', '3', 'Servicios médicos adultos') ON DUPLICATE KEY UPDATE sample_type = '3', collection_ward = 'Servicios médicos adultos'; 
INSERT INTO phenotypic_data(phenotypic_data_id, isolate_id, ecdc_resistance_profile, cloxa_test, mbl_test) VALUES ('182', '350', 'S', '-/s', '-') ON DUPLICATE KEY UPDATE ecdc_resistance_profile = 'S', cloxa_test = '-/s', mbl_test = '-'; 
INSERT INTO sequence_analysis(sequence_analysis_id, isolate_id, ame_loci, beta_lactamase_loci, carbapenemase_loci, other_acq_ab_loci) VALUES ('350', '350', '-', '-', '-', '-') ON DUPLICATE KEY UPDATE ame_loci = '-', beta_lactamase_loci = '-', carbapenemase_loci = '-', other_acq_ab_loci = '-'; 
INSERT INTO metadata_general(isolate_id, isolate_name, species, project_name) VALUES ('351', 'AND07-034', 'Pseudomonas aeruginosa', 'GEMARA') ON DUPLICATE KEY UPDATE isolate_name = 'AND07-034', species = 'Pseudomonas aeruginosa', project_name = 'GEMARA'; 
INSERT INTO metadata_clinic(clinic_id, isolate_id, sample_type, collection_ward) VALUES ('183', '351', '5', 'Urgencias adultos') ON DUPLICATE KEY UPDATE sample_type = '5', collection_ward = 'Urgencias adultos'; 
INSERT INTO phenotypic_data(phenotypic_data_id, isolate_id, ecdc_resistance_profile, cloxa_test, mbl_test) VALUES ('183', '351', 'S', '-', '-') ON DUPLICATE KEY UPDATE ecdc_resistance_profile = 'S', cloxa_test = '-', mbl_test = '-'; 
INSERT INTO sequence_analysis(sequence_analysis_id, isolate_id, ame_loci, beta_lactamase_loci, carbapenemase_loci, other_acq_ab_loci) VALUES ('351', '351', '-', '-', '-', '-') ON DUPLICATE KEY UPDATE ame_loci = '-', beta_lactamase_loci = '-', carbapenemase_loci = '-', other_acq_ab_loci = '-'; 
INSERT INTO metadata_general(isolate_id, isolate_name, species, project_name) VALUES ('352', 'AND07-038', 'Pseudomonas aeruginosa', 'GEMARA') ON DUPLICATE KEY UPDATE isolate_name = 'AND07-038', species = 'Pseudomonas aeruginosa', project_name = 'GEMARA'; 
INSERT INTO metadata_clinic(clinic_id, isolate_id, sample_type, collection_ward) VALUES ('184', '352', '1', 'Consultas externas') ON DUPLICATE KEY UPDATE sample_type = '1', collection_ward = 'Consultas externas'; 
INSERT INTO phenotypic_data(phenotypic_data_id, isolate_id, ecdc_resistance_profile, cloxa_test, mbl_test) VALUES ('184', '352', 'S', '-', '-') ON DUPLICATE KEY UPDATE ecdc_resistance_profile = 'S', cloxa_test = '-', mbl_test = '-'; 
INSERT INTO sequence_analysis(sequence_analysis_id, isolate_id, ame_loci, beta_lactamase_loci, carbapenemase_loci, other_acq_ab_loci) VALUES ('352', '352', '-', '-', '-', '-') ON DUPLICATE KEY UPDATE ame_loci = '-', beta_lactamase_loci = '-', carbapenemase_loci = '-', other_acq_ab_loci = '-'; 
INSERT INTO metadata_general(isolate_id, isolate_name, species, project_name) VALUES ('353', 'AND07-039', 'Pseudomonas aeruginosa', 'GEMARA') ON DUPLICATE KEY UPDATE isolate_name = 'AND07-039', species = 'Pseudomonas aeruginosa', project_name = 'GEMARA'; 
INSERT INTO metadata_clinic(clinic_id, isolate_id, sample_type, collection_ward) VALUES ('185', '353', '6', 'Urgencias adultos') ON DUPLICATE KEY UPDATE sample_type = '6', collection_ward = 'Urgencias adultos'; 
INSERT INTO phenotypic_data(phenotypic_data_id, isolate_id, ecdc_resistance_profile, cloxa_test, mbl_test) VALUES ('185', '353', 'S', '-', '-') ON DUPLICATE KEY UPDATE ecdc_resistance_profile = 'S', cloxa_test = '-', mbl_test = '-'; 
INSERT INTO sequence_analysis(sequence_analysis_id, isolate_id, ame_loci, beta_lactamase_loci, carbapenemase_loci, other_acq_ab_loci) VALUES ('353', '353', '-', '-', '-', '-') ON DUPLICATE KEY UPDATE ame_loci = '-', beta_lactamase_loci = '-', carbapenemase_loci = '-', other_acq_ab_loci = '-'; 
INSERT INTO metadata_general(isolate_id, isolate_name, species, project_name) VALUES ('354', 'AND07-040', 'Pseudomonas aeruginosa', 'GEMARA') ON DUPLICATE KEY UPDATE isolate_name = 'AND07-040', species = 'Pseudomonas aeruginosa', project_name = 'GEMARA'; 
INSERT INTO metadata_clinic(clinic_id, isolate_id, sample_type, collection_ward) VALUES ('186', '354', '16', 'UCI Adultos') ON DUPLICATE KEY UPDATE sample_type = '16', collection_ward = 'UCI Adultos'; 
INSERT INTO phenotypic_data(phenotypic_data_id, isolate_id, ecdc_resistance_profile, cloxa_test, mbl_test) VALUES ('186', '354', 'S', '-', '-') ON DUPLICATE KEY UPDATE ecdc_resistance_profile = 'S', cloxa_test = '-', mbl_test = '-'; 
INSERT INTO sequence_analysis(sequence_analysis_id, isolate_id, ame_loci, beta_lactamase_loci, carbapenemase_loci, other_acq_ab_loci) VALUES ('354', '354', '-', '-', '-', '-') ON DUPLICATE KEY UPDATE ame_loci = '-', beta_lactamase_loci = '-', carbapenemase_loci = '-', other_acq_ab_loci = '-'; 
INSERT INTO metadata_general(isolate_id, isolate_name, species, project_name) VALUES ('355', 'AND07-044', 'Pseudomonas aeruginosa', 'GEMARA') ON DUPLICATE KEY UPDATE isolate_name = 'AND07-044', species = 'Pseudomonas aeruginosa', project_name = 'GEMARA'; 
INSERT INTO metadata_clinic(clinic_id, isolate_id, sample_type, collection_ward) VALUES ('187', '355', '5', 'Servicios quirúrgicos adultos') ON DUPLICATE KEY UPDATE sample_type = '5', collection_ward = 'Servicios quirúrgicos adultos'; 
INSERT INTO phenotypic_data(phenotypic_data_id, isolate_id, ecdc_resistance_profile, cloxa_test, mbl_test) VALUES ('187', '355', 'S', '-', '-') ON DUPLICATE KEY UPDATE ecdc_resistance_profile = 'S', cloxa_test = '-', mbl_test = '-'; 
INSERT INTO sequence_analysis(sequence_analysis_id, isolate_id, ame_loci, beta_lactamase_loci, carbapenemase_loci, other_acq_ab_loci) VALUES ('355', '355', '-', '-', '-', '-') ON DUPLICATE KEY UPDATE ame_loci = '-', beta_lactamase_loci = '-', carbapenemase_loci = '-', other_acq_ab_loci = '-'; 
INSERT INTO metadata_general(isolate_id, isolate_name, species, project_name) VALUES ('356', 'AND07-016', 'Pseudomonas aeruginosa', 'GEMARA') ON DUPLICATE KEY UPDATE isolate_name = 'AND07-016', species = 'Pseudomonas aeruginosa', project_name = 'GEMARA'; 
INSERT INTO metadata_clinic(clinic_id, isolate_id, sample_type, collection_ward) VALUES ('188', '356', '21', 'Servicios quirúrgicos adultos') ON DUPLICATE KEY UPDATE sample_type = '21', collection_ward = 'Servicios quirúrgicos adultos'; 
INSERT INTO phenotypic_data(phenotypic_data_id, isolate_id, ecdc_resistance_profile, cloxa_test, mbl_test) VALUES ('188', '356', 'S', '-', '-') ON DUPLICATE KEY UPDATE ecdc_resistance_profile = 'S', cloxa_test = '-', mbl_test = '-'; 
INSERT INTO sequence_analysis(sequence_analysis_id, isolate_id, ame_loci, beta_lactamase_loci, carbapenemase_loci, other_acq_ab_loci) VALUES ('356', '356', '-', '-', '-', '-') ON DUPLICATE KEY UPDATE ame_loci = '-', beta_lactamase_loci = '-', carbapenemase_loci = '-', other_acq_ab_loci = '-'; 
INSERT INTO metadata_general(isolate_id, isolate_name, species, project_name) VALUES ('357', 'AND07-019', 'Pseudomonas aeruginosa', 'GEMARA') ON DUPLICATE KEY UPDATE isolate_name = 'AND07-019', species = 'Pseudomonas aeruginosa', project_name = 'GEMARA'; 
INSERT INTO metadata_clinic(clinic_id, isolate_id, sample_type, collection_ward) VALUES ('189', '357', '19', 'Servicios quirúrgicos adultos') ON DUPLICATE KEY UPDATE sample_type = '19', collection_ward = 'Servicios quirúrgicos adultos'; 
INSERT INTO phenotypic_data(phenotypic_data_id, isolate_id, ecdc_resistance_profile, cloxa_test, mbl_test) VALUES ('189', '357', 'S', '-', '-') ON DUPLICATE KEY UPDATE ecdc_resistance_profile = 'S', cloxa_test = '-', mbl_test = '-'; 
INSERT INTO sequence_analysis(sequence_analysis_id, isolate_id, ame_loci, beta_lactamase_loci, carbapenemase_loci, other_acq_ab_loci) VALUES ('357', '357', '-', '-', '-', '-') ON DUPLICATE KEY UPDATE ame_loci = '-', beta_lactamase_loci = '-', carbapenemase_loci = '-', other_acq_ab_loci = '-'; 
INSERT INTO metadata_general(isolate_id, isolate_name, species, project_name) VALUES ('358', 'AND07-028', 'Pseudomonas aeruginosa', 'GEMARA') ON DUPLICATE KEY UPDATE isolate_name = 'AND07-028', species = 'Pseudomonas aeruginosa', project_name = 'GEMARA'; 
INSERT INTO metadata_clinic(clinic_id, isolate_id, sample_type, collection_ward) VALUES ('190', '358', '31', 'Servicios quirúrgicos adultos') ON DUPLICATE KEY UPDATE sample_type = '31', collection_ward = 'Servicios quirúrgicos adultos'; 
INSERT INTO phenotypic_data(phenotypic_data_id, isolate_id, ecdc_resistance_profile, cloxa_test, mbl_test) VALUES ('190', '358', 'S', '-', '-') ON DUPLICATE KEY UPDATE ecdc_resistance_profile = 'S', cloxa_test = '-', mbl_test = '-'; 
INSERT INTO sequence_analysis(sequence_analysis_id, isolate_id, ame_loci, beta_lactamase_loci, carbapenemase_loci, other_acq_ab_loci) VALUES ('358', '358', '-', '-', '-', '-') ON DUPLICATE KEY UPDATE ame_loci = '-', beta_lactamase_loci = '-', carbapenemase_loci = '-', other_acq_ab_loci = '-'; 
INSERT INTO metadata_general(isolate_id, isolate_name, species, project_name) VALUES ('359', 'AND07-029', 'Pseudomonas aeruginosa', 'GEMARA') ON DUPLICATE KEY UPDATE isolate_name = 'AND07-029', species = 'Pseudomonas aeruginosa', project_name = 'GEMARA'; 
INSERT INTO metadata_clinic(clinic_id, isolate_id, sample_type, collection_ward) VALUES ('191', '359', '5', 'Servicios médicos adultos') ON DUPLICATE KEY UPDATE sample_type = '5', collection_ward = 'Servicios médicos adultos'; 
INSERT INTO phenotypic_data(phenotypic_data_id, isolate_id, ecdc_resistance_profile, cloxa_test, mbl_test) VALUES ('191', '359', 'S', '-', '-') ON DUPLICATE KEY UPDATE ecdc_resistance_profile = 'S', cloxa_test = '-', mbl_test = '-'; 
INSERT INTO sequence_analysis(sequence_analysis_id, isolate_id, ame_loci, beta_lactamase_loci, carbapenemase_loci, other_acq_ab_loci) VALUES ('359', '359', '-', '-', '-', '-') ON DUPLICATE KEY UPDATE ame_loci = '-', beta_lactamase_loci = '-', carbapenemase_loci = '-', other_acq_ab_loci = '-'; 
INSERT INTO metadata_general(isolate_id, isolate_name, species, project_name) VALUES ('360', 'AND07-036', 'Pseudomonas aeruginosa', 'GEMARA') ON DUPLICATE KEY UPDATE isolate_name = 'AND07-036', species = 'Pseudomonas aeruginosa', project_name = 'GEMARA'; 
INSERT INTO metadata_clinic(clinic_id, isolate_id, sample_type, collection_ward) VALUES ('192', '360', '1', 'Consultas externas') ON DUPLICATE KEY UPDATE sample_type = '1', collection_ward = 'Consultas externas'; 
INSERT INTO phenotypic_data(phenotypic_data_id, isolate_id, ecdc_resistance_profile, cloxa_test, mbl_test) VALUES ('192', '360', 'S', '-', '-') ON DUPLICATE KEY UPDATE ecdc_resistance_profile = 'S', cloxa_test = '-', mbl_test = '-'; 
INSERT INTO sequence_analysis(sequence_analysis_id, isolate_id, ame_loci, beta_lactamase_loci, carbapenemase_loci, other_acq_ab_loci) VALUES ('360', '360', '-', '-', '-', '-') ON DUPLICATE KEY UPDATE ame_loci = '-', beta_lactamase_loci = '-', carbapenemase_loci = '-', other_acq_ab_loci = '-'; 
INSERT INTO metadata_general(isolate_id, isolate_name, species, project_name) VALUES ('361', 'AND07-008', 'Pseudomonas aeruginosa', 'GEMARA') ON DUPLICATE KEY UPDATE isolate_name = 'AND07-008', species = 'Pseudomonas aeruginosa', project_name = 'GEMARA'; 
INSERT INTO metadata_clinic(clinic_id, isolate_id, sample_type, collection_ward) VALUES ('193', '361', '5', 'Urgencias adultos') ON DUPLICATE KEY UPDATE sample_type = '5', collection_ward = 'Urgencias adultos'; 
INSERT INTO phenotypic_data(phenotypic_data_id, isolate_id, ecdc_resistance_profile, cloxa_test, mbl_test) VALUES ('193', '361', 'S', '-', '-') ON DUPLICATE KEY UPDATE ecdc_resistance_profile = 'S', cloxa_test = '-', mbl_test = '-'; 
INSERT INTO sequence_analysis(sequence_analysis_id, isolate_id, ame_loci, beta_lactamase_loci, carbapenemase_loci, other_acq_ab_loci) VALUES ('361', '361', '-', '-', '-', '-') ON DUPLICATE KEY UPDATE ame_loci = '-', beta_lactamase_loci = '-', carbapenemase_loci = '-', other_acq_ab_loci = '-'; 
INSERT INTO metadata_general(isolate_id, isolate_name, species, project_name) VALUES ('362', 'AND07-005', 'Pseudomonas aeruginosa', 'GEMARA') ON DUPLICATE KEY UPDATE isolate_name = 'AND07-005', species = 'Pseudomonas aeruginosa', project_name = 'GEMARA'; 
INSERT INTO metadata_clinic(clinic_id, isolate_id, sample_type, collection_ward) VALUES ('194', '362', '16', 'Servicios médicos adultos') ON DUPLICATE KEY UPDATE sample_type = '16', collection_ward = 'Servicios médicos adultos'; 
INSERT INTO phenotypic_data(phenotypic_data_id, isolate_id, ecdc_resistance_profile, cloxa_test, mbl_test) VALUES ('194', '362', 'S', '-', '-') ON DUPLICATE KEY UPDATE ecdc_resistance_profile = 'S', cloxa_test = '-', mbl_test = '-'; 
INSERT INTO sequence_analysis(sequence_analysis_id, isolate_id, ame_loci, beta_lactamase_loci, carbapenemase_loci, other_acq_ab_loci) VALUES ('362', '362', '-', '-', '-', '-') ON DUPLICATE KEY UPDATE ame_loci = '-', beta_lactamase_loci = '-', carbapenemase_loci = '-', other_acq_ab_loci = '-'; 
INSERT INTO metadata_general(isolate_id, isolate_name, species, project_name) VALUES ('20', 'AND07-027', 'Pseudomonas aeruginosa', 'GEMARA') ON DUPLICATE KEY UPDATE isolate_name = 'AND07-027', species = 'Pseudomonas aeruginosa', project_name = 'GEMARA'; 
INSERT INTO metadata_clinic(clinic_id, isolate_id, sample_type, collection_ward) VALUES ('195', '20', '20', 'Servicios médicos adultos') ON DUPLICATE KEY UPDATE sample_type = '20', collection_ward = 'Servicios médicos adultos'; 
INSERT INTO phenotypic_data(phenotypic_data_id, isolate_id, ecdc_resistance_profile, cloxa_test, mbl_test) VALUES ('195', '20', 'XDR', '-/s', '-') ON DUPLICATE KEY UPDATE ecdc_resistance_profile = 'XDR', cloxa_test = '-/s', mbl_test = '-'; 
INSERT INTO sequence_analysis(sequence_analysis_id, isolate_id, ame_loci, beta_lactamase_loci, carbapenemase_loci, other_acq_ab_loci) VALUES ('20', '20', '-', 'blaOXA-10', '-', '-') ON DUPLICATE KEY UPDATE ame_loci = '-', beta_lactamase_loci = 'blaOXA-10', carbapenemase_loci = '-', other_acq_ab_loci = '-'; 
INSERT INTO metadata_general(isolate_id, isolate_name, species, project_name) VALUES ('18', 'AND07-007', 'Pseudomonas aeruginosa', 'GEMARA') ON DUPLICATE KEY UPDATE isolate_name = 'AND07-007', species = 'Pseudomonas aeruginosa', project_name = 'GEMARA'; 
INSERT INTO metadata_clinic(clinic_id, isolate_id, sample_type, collection_ward) VALUES ('196', '18', '1', 'Consultas externas') ON DUPLICATE KEY UPDATE sample_type = '1', collection_ward = 'Consultas externas'; 
INSERT INTO phenotypic_data(phenotypic_data_id, isolate_id, ecdc_resistance_profile, cloxa_test, mbl_test) VALUES ('196', '18', 'XDR', '+/s', '-') ON DUPLICATE KEY UPDATE ecdc_resistance_profile = 'XDR', cloxa_test = '+/s', mbl_test = '-'; 
INSERT INTO sequence_analysis(sequence_analysis_id, isolate_id, ame_loci, beta_lactamase_loci, carbapenemase_loci, other_acq_ab_loci) VALUES ('18', '18', '-', '-', '-', '-') ON DUPLICATE KEY UPDATE ame_loci = '-', beta_lactamase_loci = '-', carbapenemase_loci = '-', other_acq_ab_loci = '-'; 
INSERT INTO metadata_general(isolate_id, isolate_name, species, project_name) VALUES ('19', 'AND07-017', 'Pseudomonas aeruginosa', 'GEMARA') ON DUPLICATE KEY UPDATE isolate_name = 'AND07-017', species = 'Pseudomonas aeruginosa', project_name = 'GEMARA'; 
INSERT INTO metadata_clinic(clinic_id, isolate_id, sample_type, collection_ward) VALUES ('197', '19', '5', 'Urgencias adultos') ON DUPLICATE KEY UPDATE sample_type = '5', collection_ward = 'Urgencias adultos'; 
INSERT INTO phenotypic_data(phenotypic_data_id, isolate_id, ecdc_resistance_profile, cloxa_test, mbl_test) VALUES ('197', '19', 'XDR', 's/s', '-') ON DUPLICATE KEY UPDATE ecdc_resistance_profile = 'XDR', cloxa_test = 's/s', mbl_test = '-'; 
INSERT INTO sequence_analysis(sequence_analysis_id, isolate_id, ame_loci, beta_lactamase_loci, carbapenemase_loci, other_acq_ab_loci) VALUES ('19', '19', '-', '-', '-', '-') ON DUPLICATE KEY UPDATE ame_loci = '-', beta_lactamase_loci = '-', carbapenemase_loci = '-', other_acq_ab_loci = '-'; 
INSERT INTO metadata_general(isolate_id, isolate_name, species, project_name) VALUES ('363', 'ARA01-020', 'Pseudomonas aeruginosa', 'GEMARA') ON DUPLICATE KEY UPDATE isolate_name = 'ARA01-020', species = 'Pseudomonas aeruginosa', project_name = 'GEMARA'; 
INSERT INTO metadata_clinic(clinic_id, isolate_id, sample_type, collection_ward) VALUES ('198', '363', '31', 'Servicios quirúrgicos adultos') ON DUPLICATE KEY UPDATE sample_type = '31', collection_ward = 'Servicios quirúrgicos adultos'; 
INSERT INTO phenotypic_data(phenotypic_data_id, isolate_id, ecdc_resistance_profile, cloxa_test, mbl_test) VALUES ('198', '363', 'MDR', '-', '-') ON DUPLICATE KEY UPDATE ecdc_resistance_profile = 'MDR', cloxa_test = '-', mbl_test = '-'; 
INSERT INTO sequence_analysis(sequence_analysis_id, isolate_id, ame_loci, beta_lactamase_loci, carbapenemase_loci, other_acq_ab_loci) VALUES ('363', '363', '-', '-', '-', '-') ON DUPLICATE KEY UPDATE ame_loci = '-', beta_lactamase_loci = '-', carbapenemase_loci = '-', other_acq_ab_loci = '-'; 
INSERT INTO metadata_general(isolate_id, isolate_name, species, project_name) VALUES ('364', 'ARA01-023', 'Pseudomonas aeruginosa', 'GEMARA') ON DUPLICATE KEY UPDATE isolate_name = 'ARA01-023', species = 'Pseudomonas aeruginosa', project_name = 'GEMARA'; 
INSERT INTO metadata_clinic(clinic_id, isolate_id, sample_type, collection_ward) VALUES ('199', '364', '5', 'Servicios médicos adultos') ON DUPLICATE KEY UPDATE sample_type = '5', collection_ward = 'Servicios médicos adultos'; 
INSERT INTO phenotypic_data(phenotypic_data_id, isolate_id, ecdc_resistance_profile, cloxa_test, mbl_test) VALUES ('199', '364', 'MDR', '-', '-') ON DUPLICATE KEY UPDATE ecdc_resistance_profile = 'MDR', cloxa_test = '-', mbl_test = '-'; 
INSERT INTO sequence_analysis(sequence_analysis_id, isolate_id, ame_loci, beta_lactamase_loci, carbapenemase_loci, other_acq_ab_loci) VALUES ('364', '364', '-', '-', '-', '-') ON DUPLICATE KEY UPDATE ame_loci = '-', beta_lactamase_loci = '-', carbapenemase_loci = '-', other_acq_ab_loci = '-'; 
INSERT INTO metadata_general(isolate_id, isolate_name, species, project_name) VALUES ('23', 'ARA01-045', 'Pseudomonas aeruginosa', 'GEMARA') ON DUPLICATE KEY UPDATE isolate_name = 'ARA01-045', species = 'Pseudomonas aeruginosa', project_name = 'GEMARA'; 
INSERT INTO metadata_clinic(clinic_id, isolate_id, sample_type, collection_ward) VALUES ('200', '23', '15', 'UCI Adultos') ON DUPLICATE KEY UPDATE sample_type = '15', collection_ward = 'UCI Adultos'; 
INSERT INTO phenotypic_data(phenotypic_data_id, isolate_id, ecdc_resistance_profile, cloxa_test, mbl_test) VALUES ('200', '23', 'PDR', '-/-', '+') ON DUPLICATE KEY UPDATE ecdc_resistance_profile = 'PDR', cloxa_test = '-/-', mbl_test = '+'; 
INSERT INTO sequence_analysis(sequence_analysis_id, isolate_id, ame_loci, beta_lactamase_loci, carbapenemase_loci, other_acq_ab_loci) VALUES ('23', '23', 'aac(6\')Ib-cr', '-', 'blaVIM-2', '-') ON DUPLICATE KEY UPDATE ame_loci = 'aac(6\')Ib-cr', beta_lactamase_loci = '-', carbapenemase_loci = 'blaVIM-2', other_acq_ab_loci = '-'; 
INSERT INTO metadata_general(isolate_id, isolate_name, species, project_name) VALUES ('365', 'ARA01-003', 'Pseudomonas aeruginosa', 'GEMARA') ON DUPLICATE KEY UPDATE isolate_name = 'ARA01-003', species = 'Pseudomonas aeruginosa', project_name = 'GEMARA'; 
INSERT INTO metadata_clinic(clinic_id, isolate_id, sample_type, collection_ward) VALUES ('201', '365', '4', 'Servicios quirúrgicos adultos') ON DUPLICATE KEY UPDATE sample_type = '4', collection_ward = 'Servicios quirúrgicos adultos'; 
INSERT INTO phenotypic_data(phenotypic_data_id, isolate_id, ecdc_resistance_profile, cloxa_test, mbl_test) VALUES ('201', '365', 'S', '-', '-') ON DUPLICATE KEY UPDATE ecdc_resistance_profile = 'S', cloxa_test = '-', mbl_test = '-'; 
INSERT INTO sequence_analysis(sequence_analysis_id, isolate_id, ame_loci, beta_lactamase_loci, carbapenemase_loci, other_acq_ab_loci) VALUES ('365', '365', '-', '-', '-', '-') ON DUPLICATE KEY UPDATE ame_loci = '-', beta_lactamase_loci = '-', carbapenemase_loci = '-', other_acq_ab_loci = '-'; 
INSERT INTO metadata_general(isolate_id, isolate_name, species, project_name) VALUES ('366', 'ARA01-009', 'Pseudomonas aeruginosa', 'GEMARA') ON DUPLICATE KEY UPDATE isolate_name = 'ARA01-009', species = 'Pseudomonas aeruginosa', project_name = 'GEMARA'; 
INSERT INTO metadata_clinic(clinic_id, isolate_id, sample_type, collection_ward) VALUES ('202', '366', '5', 'Consultas externas') ON DUPLICATE KEY UPDATE sample_type = '5', collection_ward = 'Consultas externas'; 
INSERT INTO phenotypic_data(phenotypic_data_id, isolate_id, ecdc_resistance_profile, cloxa_test, mbl_test) VALUES ('202', '366', 'S', '-', '-') ON DUPLICATE KEY UPDATE ecdc_resistance_profile = 'S', cloxa_test = '-', mbl_test = '-'; 
INSERT INTO sequence_analysis(sequence_analysis_id, isolate_id, ame_loci, beta_lactamase_loci, carbapenemase_loci, other_acq_ab_loci) VALUES ('366', '366', '-', '-', '-', '-') ON DUPLICATE KEY UPDATE ame_loci = '-', beta_lactamase_loci = '-', carbapenemase_loci = '-', other_acq_ab_loci = '-'; 
INSERT INTO metadata_general(isolate_id, isolate_name, species, project_name) VALUES ('367', 'ARA01-012', 'Pseudomonas aeruginosa', 'GEMARA') ON DUPLICATE KEY UPDATE isolate_name = 'ARA01-012', species = 'Pseudomonas aeruginosa', project_name = 'GEMARA'; 
INSERT INTO metadata_clinic(clinic_id, isolate_id, sample_type, collection_ward) VALUES ('203', '367', '1', 'Consultas externas') ON DUPLICATE KEY UPDATE sample_type = '1', collection_ward = 'Consultas externas'; 
INSERT INTO phenotypic_data(phenotypic_data_id, isolate_id, ecdc_resistance_profile, cloxa_test, mbl_test) VALUES ('203', '367', 'S', '-', '-') ON DUPLICATE KEY UPDATE ecdc_resistance_profile = 'S', cloxa_test = '-', mbl_test = '-'; 
INSERT INTO sequence_analysis(sequence_analysis_id, isolate_id, ame_loci, beta_lactamase_loci, carbapenemase_loci, other_acq_ab_loci) VALUES ('367', '367', '-', '-', '-', '-') ON DUPLICATE KEY UPDATE ame_loci = '-', beta_lactamase_loci = '-', carbapenemase_loci = '-', other_acq_ab_loci = '-'; 
INSERT INTO metadata_general(isolate_id, isolate_name, species, project_name) VALUES ('368', 'ARA01-030', 'Pseudomonas aeruginosa', 'GEMARA') ON DUPLICATE KEY UPDATE isolate_name = 'ARA01-030', species = 'Pseudomonas aeruginosa', project_name = 'GEMARA'; 
INSERT INTO metadata_clinic(clinic_id, isolate_id, sample_type, collection_ward) VALUES ('204', '368', '4', 'Consultas externas') ON DUPLICATE KEY UPDATE sample_type = '4', collection_ward = 'Consultas externas'; 
INSERT INTO phenotypic_data(phenotypic_data_id, isolate_id, ecdc_resistance_profile, cloxa_test, mbl_test) VALUES ('204', '368', 'S', '-', '-') ON DUPLICATE KEY UPDATE ecdc_resistance_profile = 'S', cloxa_test = '-', mbl_test = '-'; 
INSERT INTO sequence_analysis(sequence_analysis_id, isolate_id, ame_loci, beta_lactamase_loci, carbapenemase_loci, other_acq_ab_loci) VALUES ('368', '368', '-', '-', '-', '-') ON DUPLICATE KEY UPDATE ame_loci = '-', beta_lactamase_loci = '-', carbapenemase_loci = '-', other_acq_ab_loci = '-'; 
INSERT INTO metadata_general(isolate_id, isolate_name, species, project_name) VALUES ('369', 'ARA01-002', 'Pseudomonas aeruginosa', 'GEMARA') ON DUPLICATE KEY UPDATE isolate_name = 'ARA01-002', species = 'Pseudomonas aeruginosa', project_name = 'GEMARA'; 
INSERT INTO metadata_clinic(clinic_id, isolate_id, sample_type, collection_ward) VALUES ('205', '369', '9', 'Consultas externas') ON DUPLICATE KEY UPDATE sample_type = '9', collection_ward = 'Consultas externas'; 
INSERT INTO phenotypic_data(phenotypic_data_id, isolate_id, ecdc_resistance_profile, cloxa_test, mbl_test) VALUES ('205', '369', 'S', '-', '-') ON DUPLICATE KEY UPDATE ecdc_resistance_profile = 'S', cloxa_test = '-', mbl_test = '-'; 
INSERT INTO sequence_analysis(sequence_analysis_id, isolate_id, ame_loci, beta_lactamase_loci, carbapenemase_loci, other_acq_ab_loci) VALUES ('369', '369', '-', '-', '-', '-') ON DUPLICATE KEY UPDATE ame_loci = '-', beta_lactamase_loci = '-', carbapenemase_loci = '-', other_acq_ab_loci = '-'; 
INSERT INTO metadata_general(isolate_id, isolate_name, species, project_name) VALUES ('370', 'ARA01-006', 'Pseudomonas aeruginosa', 'GEMARA') ON DUPLICATE KEY UPDATE isolate_name = 'ARA01-006', species = 'Pseudomonas aeruginosa', project_name = 'GEMARA'; 
INSERT INTO metadata_clinic(clinic_id, isolate_id, sample_type, collection_ward) VALUES ('206', '370', '15', 'Servicios quirúrgicos adultos') ON DUPLICATE KEY UPDATE sample_type = '15', collection_ward = 'Servicios quirúrgicos adultos'; 
INSERT INTO phenotypic_data(phenotypic_data_id, isolate_id, ecdc_resistance_profile, cloxa_test, mbl_test) VALUES ('206', '370', 'S', '-', '-') ON DUPLICATE KEY UPDATE ecdc_resistance_profile = 'S', cloxa_test = '-', mbl_test = '-'; 
INSERT INTO sequence_analysis(sequence_analysis_id, isolate_id, ame_loci, beta_lactamase_loci, carbapenemase_loci, other_acq_ab_loci) VALUES ('370', '370', '-', '-', '-', '-') ON DUPLICATE KEY UPDATE ame_loci = '-', beta_lactamase_loci = '-', carbapenemase_loci = '-', other_acq_ab_loci = '-'; 
INSERT INTO metadata_general(isolate_id, isolate_name, species, project_name) VALUES ('371', 'ARA01-014', 'Pseudomonas aeruginosa', 'GEMARA') ON DUPLICATE KEY UPDATE isolate_name = 'ARA01-014', species = 'Pseudomonas aeruginosa', project_name = 'GEMARA'; 
INSERT INTO metadata_clinic(clinic_id, isolate_id, sample_type, collection_ward) VALUES ('207', '371', '5', 'Servicios quirúrgicos adultos') ON DUPLICATE KEY UPDATE sample_type = '5', collection_ward = 'Servicios quirúrgicos adultos'; 
INSERT INTO phenotypic_data(phenotypic_data_id, isolate_id, ecdc_resistance_profile, cloxa_test, mbl_test) VALUES ('207', '371', 'S', '-', '-') ON DUPLICATE KEY UPDATE ecdc_resistance_profile = 'S', cloxa_test = '-', mbl_test = '-'; 
INSERT INTO sequence_analysis(sequence_analysis_id, isolate_id, ame_loci, beta_lactamase_loci, carbapenemase_loci, other_acq_ab_loci) VALUES ('371', '371', '-', '-', '-', '-') ON DUPLICATE KEY UPDATE ame_loci = '-', beta_lactamase_loci = '-', carbapenemase_loci = '-', other_acq_ab_loci = '-'; 
INSERT INTO metadata_general(isolate_id, isolate_name, species, project_name) VALUES ('372', 'ARA01-028', 'Pseudomonas aeruginosa', 'GEMARA') ON DUPLICATE KEY UPDATE isolate_name = 'ARA01-028', species = 'Pseudomonas aeruginosa', project_name = 'GEMARA'; 
INSERT INTO metadata_clinic(clinic_id, isolate_id, sample_type, collection_ward) VALUES ('208', '372', '7', 'UCI Adultos') ON DUPLICATE KEY UPDATE sample_type = '7', collection_ward = 'UCI Adultos'; 
INSERT INTO phenotypic_data(phenotypic_data_id, isolate_id, ecdc_resistance_profile, cloxa_test, mbl_test) VALUES ('208', '372', 'S', '-', '-') ON DUPLICATE KEY UPDATE ecdc_resistance_profile = 'S', cloxa_test = '-', mbl_test = '-'; 
INSERT INTO sequence_analysis(sequence_analysis_id, isolate_id, ame_loci, beta_lactamase_loci, carbapenemase_loci, other_acq_ab_loci) VALUES ('372', '372', '-', '-', '-', '-') ON DUPLICATE KEY UPDATE ame_loci = '-', beta_lactamase_loci = '-', carbapenemase_loci = '-', other_acq_ab_loci = '-'; 
INSERT INTO metadata_general(isolate_id, isolate_name, species, project_name) VALUES ('373', 'ARA01-031', 'Pseudomonas aeruginosa', 'GEMARA') ON DUPLICATE KEY UPDATE isolate_name = 'ARA01-031', species = 'Pseudomonas aeruginosa', project_name = 'GEMARA'; 
INSERT INTO metadata_clinic(clinic_id, isolate_id, sample_type, collection_ward) VALUES ('209', '373', '1', 'Urgencias adultos') ON DUPLICATE KEY UPDATE sample_type = '1', collection_ward = 'Urgencias adultos'; 
INSERT INTO phenotypic_data(phenotypic_data_id, isolate_id, ecdc_resistance_profile, cloxa_test, mbl_test) VALUES ('209', '373', 'S', '-', '-') ON DUPLICATE KEY UPDATE ecdc_resistance_profile = 'S', cloxa_test = '-', mbl_test = '-'; 
INSERT INTO sequence_analysis(sequence_analysis_id, isolate_id, ame_loci, beta_lactamase_loci, carbapenemase_loci, other_acq_ab_loci) VALUES ('373', '373', '-', '-', '-', '-') ON DUPLICATE KEY UPDATE ame_loci = '-', beta_lactamase_loci = '-', carbapenemase_loci = '-', other_acq_ab_loci = '-'; 
INSERT INTO metadata_general(isolate_id, isolate_name, species, project_name) VALUES ('374', 'ARA01-044', 'Pseudomonas aeruginosa', 'GEMARA') ON DUPLICATE KEY UPDATE isolate_name = 'ARA01-044', species = 'Pseudomonas aeruginosa', project_name = 'GEMARA'; 
INSERT INTO metadata_clinic(clinic_id, isolate_id, sample_type, collection_ward) VALUES ('210', '374', '1', 'Servicios médicos adultos') ON DUPLICATE KEY UPDATE sample_type = '1', collection_ward = 'Servicios médicos adultos'; 
INSERT INTO phenotypic_data(phenotypic_data_id, isolate_id, ecdc_resistance_profile, cloxa_test, mbl_test) VALUES ('210', '374', 'S', '-', '-') ON DUPLICATE KEY UPDATE ecdc_resistance_profile = 'S', cloxa_test = '-', mbl_test = '-'; 
INSERT INTO sequence_analysis(sequence_analysis_id, isolate_id, ame_loci, beta_lactamase_loci, carbapenemase_loci, other_acq_ab_loci) VALUES ('374', '374', '-', '-', '-', '-') ON DUPLICATE KEY UPDATE ame_loci = '-', beta_lactamase_loci = '-', carbapenemase_loci = '-', other_acq_ab_loci = '-'; 
INSERT INTO metadata_general(isolate_id, isolate_name, species, project_name) VALUES ('375', 'ARA01-036', 'Pseudomonas aeruginosa', 'GEMARA') ON DUPLICATE KEY UPDATE isolate_name = 'ARA01-036', species = 'Pseudomonas aeruginosa', project_name = 'GEMARA'; 
INSERT INTO metadata_clinic(clinic_id, isolate_id, sample_type, collection_ward) VALUES ('211', '375', '22', 'Urgencias adultos') ON DUPLICATE KEY UPDATE sample_type = '22', collection_ward = 'Urgencias adultos'; 
INSERT INTO phenotypic_data(phenotypic_data_id, isolate_id, ecdc_resistance_profile, cloxa_test, mbl_test) VALUES ('211', '375', 'S', '-', '-') ON DUPLICATE KEY UPDATE ecdc_resistance_profile = 'S', cloxa_test = '-', mbl_test = '-'; 
INSERT INTO sequence_analysis(sequence_analysis_id, isolate_id, ame_loci, beta_lactamase_loci, carbapenemase_loci, other_acq_ab_loci) VALUES ('375', '375', '-', '-', '-', '-') ON DUPLICATE KEY UPDATE ame_loci = '-', beta_lactamase_loci = '-', carbapenemase_loci = '-', other_acq_ab_loci = '-'; 
INSERT INTO metadata_general(isolate_id, isolate_name, species, project_name) VALUES ('376', 'ARA01-038', 'Pseudomonas aeruginosa', 'GEMARA') ON DUPLICATE KEY UPDATE isolate_name = 'ARA01-038', species = 'Pseudomonas aeruginosa', project_name = 'GEMARA'; 
INSERT INTO metadata_clinic(clinic_id, isolate_id, sample_type, collection_ward) VALUES ('212', '376', '8', 'Servicios quirúrgicos adultos') ON DUPLICATE KEY UPDATE sample_type = '8', collection_ward = 'Servicios quirúrgicos adultos'; 
INSERT INTO phenotypic_data(phenotypic_data_id, isolate_id, ecdc_resistance_profile, cloxa_test, mbl_test) VALUES ('212', '376', 'S', '-', '-') ON DUPLICATE KEY UPDATE ecdc_resistance_profile = 'S', cloxa_test = '-', mbl_test = '-'; 
INSERT INTO sequence_analysis(sequence_analysis_id, isolate_id, ame_loci, beta_lactamase_loci, carbapenemase_loci, other_acq_ab_loci) VALUES ('376', '376', '-', '-', '-', '-') ON DUPLICATE KEY UPDATE ame_loci = '-', beta_lactamase_loci = '-', carbapenemase_loci = '-', other_acq_ab_loci = '-'; 
INSERT INTO metadata_general(isolate_id, isolate_name, species, project_name) VALUES ('377', 'ARA01-046', 'Pseudomonas aeruginosa', 'GEMARA') ON DUPLICATE KEY UPDATE isolate_name = 'ARA01-046', species = 'Pseudomonas aeruginosa', project_name = 'GEMARA'; 
INSERT INTO metadata_clinic(clinic_id, isolate_id, sample_type, collection_ward) VALUES ('213', '377', '9', 'Urgencias adultos') ON DUPLICATE KEY UPDATE sample_type = '9', collection_ward = 'Urgencias adultos'; 
INSERT INTO phenotypic_data(phenotypic_data_id, isolate_id, ecdc_resistance_profile, cloxa_test, mbl_test) VALUES ('213', '377', 'S', '-', '-') ON DUPLICATE KEY UPDATE ecdc_resistance_profile = 'S', cloxa_test = '-', mbl_test = '-'; 
INSERT INTO sequence_analysis(sequence_analysis_id, isolate_id, ame_loci, beta_lactamase_loci, carbapenemase_loci, other_acq_ab_loci) VALUES ('377', '377', '-', '-', '-', '-') ON DUPLICATE KEY UPDATE ame_loci = '-', beta_lactamase_loci = '-', carbapenemase_loci = '-', other_acq_ab_loci = '-'; 
INSERT INTO metadata_general(isolate_id, isolate_name, species, project_name) VALUES ('378', 'ARA01-018', 'Pseudomonas aeruginosa', 'GEMARA') ON DUPLICATE KEY UPDATE isolate_name = 'ARA01-018', species = 'Pseudomonas aeruginosa', project_name = 'GEMARA'; 
INSERT INTO metadata_clinic(clinic_id, isolate_id, sample_type, collection_ward) VALUES ('214', '378', '5', 'Urgencias adultos') ON DUPLICATE KEY UPDATE sample_type = '5', collection_ward = 'Urgencias adultos'; 
INSERT INTO phenotypic_data(phenotypic_data_id, isolate_id, ecdc_resistance_profile, cloxa_test, mbl_test) VALUES ('214', '378', 'S', '+/s', '-') ON DUPLICATE KEY UPDATE ecdc_resistance_profile = 'S', cloxa_test = '+/s', mbl_test = '-'; 
INSERT INTO sequence_analysis(sequence_analysis_id, isolate_id, ame_loci, beta_lactamase_loci, carbapenemase_loci, other_acq_ab_loci) VALUES ('378', '378', '-', '-', '-', '-') ON DUPLICATE KEY UPDATE ame_loci = '-', beta_lactamase_loci = '-', carbapenemase_loci = '-', other_acq_ab_loci = '-'; 
INSERT INTO metadata_general(isolate_id, isolate_name, species, project_name) VALUES ('379', 'ARA01-022', 'Pseudomonas aeruginosa', 'GEMARA') ON DUPLICATE KEY UPDATE isolate_name = 'ARA01-022', species = 'Pseudomonas aeruginosa', project_name = 'GEMARA'; 
INSERT INTO metadata_clinic(clinic_id, isolate_id, sample_type, collection_ward) VALUES ('215', '379', '5', 'Servicios médicos adultos') ON DUPLICATE KEY UPDATE sample_type = '5', collection_ward = 'Servicios médicos adultos'; 
INSERT INTO phenotypic_data(phenotypic_data_id, isolate_id, ecdc_resistance_profile, cloxa_test, mbl_test) VALUES ('215', '379', 'S', '-', '-') ON DUPLICATE KEY UPDATE ecdc_resistance_profile = 'S', cloxa_test = '-', mbl_test = '-'; 
INSERT INTO sequence_analysis(sequence_analysis_id, isolate_id, ame_loci, beta_lactamase_loci, carbapenemase_loci, other_acq_ab_loci) VALUES ('379', '379', '-', '-', '-', '-') ON DUPLICATE KEY UPDATE ame_loci = '-', beta_lactamase_loci = '-', carbapenemase_loci = '-', other_acq_ab_loci = '-'; 
INSERT INTO metadata_general(isolate_id, isolate_name, species, project_name) VALUES ('380', 'ARA01-027', 'Pseudomonas aeruginosa', 'GEMARA') ON DUPLICATE KEY UPDATE isolate_name = 'ARA01-027', species = 'Pseudomonas aeruginosa', project_name = 'GEMARA'; 
INSERT INTO metadata_clinic(clinic_id, isolate_id, sample_type, collection_ward) VALUES ('216', '380', '16', 'Servicios médicos adultos') ON DUPLICATE KEY UPDATE sample_type = '16', collection_ward = 'Servicios médicos adultos'; 
INSERT INTO phenotypic_data(phenotypic_data_id, isolate_id, ecdc_resistance_profile, cloxa_test, mbl_test) VALUES ('216', '380', 'S', '-', '-') ON DUPLICATE KEY UPDATE ecdc_resistance_profile = 'S', cloxa_test = '-', mbl_test = '-'; 
INSERT INTO sequence_analysis(sequence_analysis_id, isolate_id, ame_loci, beta_lactamase_loci, carbapenemase_loci, other_acq_ab_loci) VALUES ('380', '380', '-', '-', '-', '-') ON DUPLICATE KEY UPDATE ame_loci = '-', beta_lactamase_loci = '-', carbapenemase_loci = '-', other_acq_ab_loci = '-'; 
INSERT INTO metadata_general(isolate_id, isolate_name, species, project_name) VALUES ('381', 'ARA01-040', 'Pseudomonas aeruginosa', 'GEMARA') ON DUPLICATE KEY UPDATE isolate_name = 'ARA01-040', species = 'Pseudomonas aeruginosa', project_name = 'GEMARA'; 
INSERT INTO metadata_clinic(clinic_id, isolate_id, sample_type, collection_ward) VALUES ('217', '381', '9', 'Consultas externas') ON DUPLICATE KEY UPDATE sample_type = '9', collection_ward = 'Consultas externas'; 
INSERT INTO phenotypic_data(phenotypic_data_id, isolate_id, ecdc_resistance_profile, cloxa_test, mbl_test) VALUES ('217', '381', 'S', '-', '-') ON DUPLICATE KEY UPDATE ecdc_resistance_profile = 'S', cloxa_test = '-', mbl_test = '-'; 
INSERT INTO sequence_analysis(sequence_analysis_id, isolate_id, ame_loci, beta_lactamase_loci, carbapenemase_loci, other_acq_ab_loci) VALUES ('381', '381', '-', '-', '-', '-') ON DUPLICATE KEY UPDATE ame_loci = '-', beta_lactamase_loci = '-', carbapenemase_loci = '-', other_acq_ab_loci = '-'; 
INSERT INTO metadata_general(isolate_id, isolate_name, species, project_name) VALUES ('382', 'ARA01-021', 'Pseudomonas aeruginosa', 'GEMARA') ON DUPLICATE KEY UPDATE isolate_name = 'ARA01-021', species = 'Pseudomonas aeruginosa', project_name = 'GEMARA'; 
INSERT INTO metadata_clinic(clinic_id, isolate_id, sample_type, collection_ward) VALUES ('218', '382', '5', 'Servicios quirúrgicos adultos') ON DUPLICATE KEY UPDATE sample_type = '5', collection_ward = 'Servicios quirúrgicos adultos'; 
INSERT INTO phenotypic_data(phenotypic_data_id, isolate_id, ecdc_resistance_profile, cloxa_test, mbl_test) VALUES ('218', '382', 'S', '-', '-') ON DUPLICATE KEY UPDATE ecdc_resistance_profile = 'S', cloxa_test = '-', mbl_test = '-'; 
INSERT INTO sequence_analysis(sequence_analysis_id, isolate_id, ame_loci, beta_lactamase_loci, carbapenemase_loci, other_acq_ab_loci) VALUES ('382', '382', '-', '-', '-', '-') ON DUPLICATE KEY UPDATE ame_loci = '-', beta_lactamase_loci = '-', carbapenemase_loci = '-', other_acq_ab_loci = '-'; 
INSERT INTO metadata_general(isolate_id, isolate_name, species, project_name) VALUES ('383', 'ARA01-041', 'Pseudomonas aeruginosa', 'GEMARA') ON DUPLICATE KEY UPDATE isolate_name = 'ARA01-041', species = 'Pseudomonas aeruginosa', project_name = 'GEMARA'; 
INSERT INTO metadata_clinic(clinic_id, isolate_id, sample_type, collection_ward) VALUES ('219', '383', '15', 'Servicios médicos adultos') ON DUPLICATE KEY UPDATE sample_type = '15', collection_ward = 'Servicios médicos adultos'; 
INSERT INTO phenotypic_data(phenotypic_data_id, isolate_id, ecdc_resistance_profile, cloxa_test, mbl_test) VALUES ('219', '383', 'S', '-', '-') ON DUPLICATE KEY UPDATE ecdc_resistance_profile = 'S', cloxa_test = '-', mbl_test = '-'; 
INSERT INTO sequence_analysis(sequence_analysis_id, isolate_id, ame_loci, beta_lactamase_loci, carbapenemase_loci, other_acq_ab_loci) VALUES ('383', '383', '-', '-', '-', '-') ON DUPLICATE KEY UPDATE ame_loci = '-', beta_lactamase_loci = '-', carbapenemase_loci = '-', other_acq_ab_loci = '-'; 
INSERT INTO metadata_general(isolate_id, isolate_name, species, project_name) VALUES ('384', 'ARA01-001', 'Pseudomonas aeruginosa', 'GEMARA') ON DUPLICATE KEY UPDATE isolate_name = 'ARA01-001', species = 'Pseudomonas aeruginosa', project_name = 'GEMARA'; 
INSERT INTO metadata_clinic(clinic_id, isolate_id, sample_type, collection_ward) VALUES ('220', '384', '9', 'Urgencias adultos') ON DUPLICATE KEY UPDATE sample_type = '9', collection_ward = 'Urgencias adultos'; 
INSERT INTO phenotypic_data(phenotypic_data_id, isolate_id, ecdc_resistance_profile, cloxa_test, mbl_test) VALUES ('220', '384', 'S', '-', '-') ON DUPLICATE KEY UPDATE ecdc_resistance_profile = 'S', cloxa_test = '-', mbl_test = '-'; 
INSERT INTO sequence_analysis(sequence_analysis_id, isolate_id, ame_loci, beta_lactamase_loci, carbapenemase_loci, other_acq_ab_loci) VALUES ('384', '384', '-', '-', '-', '-') ON DUPLICATE KEY UPDATE ame_loci = '-', beta_lactamase_loci = '-', carbapenemase_loci = '-', other_acq_ab_loci = '-'; 
INSERT INTO metadata_general(isolate_id, isolate_name, species, project_name) VALUES ('385', 'ARA01-033', 'Pseudomonas aeruginosa', 'GEMARA') ON DUPLICATE KEY UPDATE isolate_name = 'ARA01-033', species = 'Pseudomonas aeruginosa', project_name = 'GEMARA'; 
INSERT INTO metadata_clinic(clinic_id, isolate_id, sample_type, collection_ward) VALUES ('221', '385', '8', 'Urgencias adultos') ON DUPLICATE KEY UPDATE sample_type = '8', collection_ward = 'Urgencias adultos'; 
INSERT INTO phenotypic_data(phenotypic_data_id, isolate_id, ecdc_resistance_profile, cloxa_test, mbl_test) VALUES ('221', '385', 'S', '-', '-') ON DUPLICATE KEY UPDATE ecdc_resistance_profile = 'S', cloxa_test = '-', mbl_test = '-'; 
INSERT INTO sequence_analysis(sequence_analysis_id, isolate_id, ame_loci, beta_lactamase_loci, carbapenemase_loci, other_acq_ab_loci) VALUES ('385', '385', '-', '-', '-', '-') ON DUPLICATE KEY UPDATE ame_loci = '-', beta_lactamase_loci = '-', carbapenemase_loci = '-', other_acq_ab_loci = '-'; 
INSERT INTO metadata_general(isolate_id, isolate_name, species, project_name) VALUES ('386', 'ARA01-034', 'Pseudomonas aeruginosa', 'GEMARA') ON DUPLICATE KEY UPDATE isolate_name = 'ARA01-034', species = 'Pseudomonas aeruginosa', project_name = 'GEMARA'; 
INSERT INTO metadata_clinic(clinic_id, isolate_id, sample_type, collection_ward) VALUES ('222', '386', '8', 'Servicios médicos adultos') ON DUPLICATE KEY UPDATE sample_type = '8', collection_ward = 'Servicios médicos adultos'; 
INSERT INTO phenotypic_data(phenotypic_data_id, isolate_id, ecdc_resistance_profile, cloxa_test, mbl_test) VALUES ('222', '386', 'S', '-', '-') ON DUPLICATE KEY UPDATE ecdc_resistance_profile = 'S', cloxa_test = '-', mbl_test = '-'; 
INSERT INTO sequence_analysis(sequence_analysis_id, isolate_id, ame_loci, beta_lactamase_loci, carbapenemase_loci, other_acq_ab_loci) VALUES ('386', '386', '-', '-', '-', '-') ON DUPLICATE KEY UPDATE ame_loci = '-', beta_lactamase_loci = '-', carbapenemase_loci = '-', other_acq_ab_loci = '-'; 
INSERT INTO metadata_general(isolate_id, isolate_name, species, project_name) VALUES ('387', 'ARA01-050', 'Pseudomonas aeruginosa', 'GEMARA') ON DUPLICATE KEY UPDATE isolate_name = 'ARA01-050', species = 'Pseudomonas aeruginosa', project_name = 'GEMARA'; 
INSERT INTO metadata_clinic(clinic_id, isolate_id, sample_type, collection_ward) VALUES ('223', '387', '4', 'UCI Adultos') ON DUPLICATE KEY UPDATE sample_type = '4', collection_ward = 'UCI Adultos'; 
INSERT INTO phenotypic_data(phenotypic_data_id, isolate_id, ecdc_resistance_profile, cloxa_test, mbl_test) VALUES ('223', '387', 'S', '-', '-') ON DUPLICATE KEY UPDATE ecdc_resistance_profile = 'S', cloxa_test = '-', mbl_test = '-'; 
INSERT INTO sequence_analysis(sequence_analysis_id, isolate_id, ame_loci, beta_lactamase_loci, carbapenemase_loci, other_acq_ab_loci) VALUES ('387', '387', '-', '-', '-', '-') ON DUPLICATE KEY UPDATE ame_loci = '-', beta_lactamase_loci = '-', carbapenemase_loci = '-', other_acq_ab_loci = '-'; 
INSERT INTO metadata_general(isolate_id, isolate_name, species, project_name) VALUES ('22', 'ARA01-037', 'Pseudomonas aeruginosa', 'GEMARA') ON DUPLICATE KEY UPDATE isolate_name = 'ARA01-037', species = 'Pseudomonas aeruginosa', project_name = 'GEMARA'; 
INSERT INTO metadata_clinic(clinic_id, isolate_id, sample_type, collection_ward) VALUES ('224', '22', '15', 'UCI Adultos') ON DUPLICATE KEY UPDATE sample_type = '15', collection_ward = 'UCI Adultos'; 
INSERT INTO phenotypic_data(phenotypic_data_id, isolate_id, ecdc_resistance_profile, cloxa_test, mbl_test) VALUES ('224', '22', 'XDR', '+/+', '-') ON DUPLICATE KEY UPDATE ecdc_resistance_profile = 'XDR', cloxa_test = '+/+', mbl_test = '-'; 
INSERT INTO sequence_analysis(sequence_analysis_id, isolate_id, ame_loci, beta_lactamase_loci, carbapenemase_loci, other_acq_ab_loci) VALUES ('22', '22', 'aacA4, aac(6\')Ib-cr', 'blaOXA-46', '-', '-') ON DUPLICATE KEY UPDATE ame_loci = 'aacA4, aac(6\')Ib-cr', beta_lactamase_loci = 'blaOXA-46', carbapenemase_loci = '-', other_acq_ab_loci = '-'; 
INSERT INTO metadata_general(isolate_id, isolate_name, species, project_name) VALUES ('21', 'ARA01-015', 'Pseudomonas aeruginosa', 'GEMARA') ON DUPLICATE KEY UPDATE isolate_name = 'ARA01-015', species = 'Pseudomonas aeruginosa', project_name = 'GEMARA'; 
INSERT INTO metadata_clinic(clinic_id, isolate_id, sample_type, collection_ward) VALUES ('225', '21', '5', 'Servicios quirúrgicos adultos') ON DUPLICATE KEY UPDATE sample_type = '5', collection_ward = 'Servicios quirúrgicos adultos'; 
INSERT INTO phenotypic_data(phenotypic_data_id, isolate_id, ecdc_resistance_profile, cloxa_test, mbl_test) VALUES ('225', '21', 'XDR', '-/-', '+') ON DUPLICATE KEY UPDATE ecdc_resistance_profile = 'XDR', cloxa_test = '-/-', mbl_test = '+'; 
INSERT INTO sequence_analysis(sequence_analysis_id, isolate_id, ame_loci, beta_lactamase_loci, carbapenemase_loci, other_acq_ab_loci) VALUES ('21', '21', 'aadA1, aac(6\')Ib-cr', '-', 'blaVIM-2', '-') ON DUPLICATE KEY UPDATE ame_loci = 'aadA1, aac(6\')Ib-cr', beta_lactamase_loci = '-', carbapenemase_loci = 'blaVIM-2', other_acq_ab_loci = '-'; 
INSERT INTO metadata_general(isolate_id, isolate_name, species, project_name) VALUES ('388', 'ARA01-024', 'Pseudomonas aeruginosa', 'GEMARA') ON DUPLICATE KEY UPDATE isolate_name = 'ARA01-024', species = 'Pseudomonas aeruginosa', project_name = 'GEMARA'; 
INSERT INTO metadata_clinic(clinic_id, isolate_id, sample_type, collection_ward) VALUES ('226', '388', '5', 'UCI Adultos') ON DUPLICATE KEY UPDATE sample_type = '5', collection_ward = 'UCI Adultos'; 
INSERT INTO phenotypic_data(phenotypic_data_id, isolate_id, ecdc_resistance_profile, cloxa_test, mbl_test) VALUES ('226', '388', 'PDR', '-/- ', '+') ON DUPLICATE KEY UPDATE ecdc_resistance_profile = 'PDR', cloxa_test = '-/- ', mbl_test = '+'; 
INSERT INTO sequence_analysis(sequence_analysis_id, isolate_id, ame_loci, beta_lactamase_loci, carbapenemase_loci, other_acq_ab_loci) VALUES ('388', '388', '-', '-', 'blaVIM-2', '-') ON DUPLICATE KEY UPDATE ame_loci = '-', beta_lactamase_loci = '-', carbapenemase_loci = 'blaVIM-2', other_acq_ab_loci = '-'; 
INSERT INTO metadata_general(isolate_id, isolate_name, species, project_name) VALUES ('24', 'ARA01-049', 'Pseudomonas aeruginosa', 'GEMARA') ON DUPLICATE KEY UPDATE isolate_name = 'ARA01-049', species = 'Pseudomonas aeruginosa', project_name = 'GEMARA'; 
INSERT INTO metadata_clinic(clinic_id, isolate_id, sample_type, collection_ward) VALUES ('227', '24', '7', 'UCI Adultos') ON DUPLICATE KEY UPDATE sample_type = '7', collection_ward = 'UCI Adultos'; 
INSERT INTO phenotypic_data(phenotypic_data_id, isolate_id, ecdc_resistance_profile, cloxa_test, mbl_test) VALUES ('227', '24', 'XDR', '+/s ', '-') ON DUPLICATE KEY UPDATE ecdc_resistance_profile = 'XDR', cloxa_test = '+/s ', mbl_test = '-'; 
INSERT INTO sequence_analysis(sequence_analysis_id, isolate_id, ame_loci, beta_lactamase_loci, carbapenemase_loci, other_acq_ab_loci) VALUES ('24', '24', '-', '-', '-', '-') ON DUPLICATE KEY UPDATE ame_loci = '-', beta_lactamase_loci = '-', carbapenemase_loci = '-', other_acq_ab_loci = '-'; 
INSERT INTO metadata_general(isolate_id, isolate_name, species, project_name) VALUES ('389', 'ARA02-021', 'Pseudomonas aeruginosa', 'GEMARA') ON DUPLICATE KEY UPDATE isolate_name = 'ARA02-021', species = 'Pseudomonas aeruginosa', project_name = 'GEMARA'; 
INSERT INTO metadata_clinic(clinic_id, isolate_id, sample_type, collection_ward) VALUES ('228', '389', '5', 'Consultas externas') ON DUPLICATE KEY UPDATE sample_type = '5', collection_ward = 'Consultas externas'; 
INSERT INTO phenotypic_data(phenotypic_data_id, isolate_id, ecdc_resistance_profile, cloxa_test, mbl_test) VALUES ('228', '389', 'MDR', '-', '-') ON DUPLICATE KEY UPDATE ecdc_resistance_profile = 'MDR', cloxa_test = '-', mbl_test = '-'; 
INSERT INTO sequence_analysis(sequence_analysis_id, isolate_id, ame_loci, beta_lactamase_loci, carbapenemase_loci, other_acq_ab_loci) VALUES ('389', '389', '-', '-', '-', '-') ON DUPLICATE KEY UPDATE ame_loci = '-', beta_lactamase_loci = '-', carbapenemase_loci = '-', other_acq_ab_loci = '-'; 
INSERT INTO metadata_general(isolate_id, isolate_name, species, project_name) VALUES ('390', 'ARA02-001', 'Pseudomonas aeruginosa', 'GEMARA') ON DUPLICATE KEY UPDATE isolate_name = 'ARA02-001', species = 'Pseudomonas aeruginosa', project_name = 'GEMARA'; 
INSERT INTO metadata_clinic(clinic_id, isolate_id, sample_type, collection_ward) VALUES ('229', '390', '1', 'Servicios médicos adultos') ON DUPLICATE KEY UPDATE sample_type = '1', collection_ward = 'Servicios médicos adultos'; 
INSERT INTO phenotypic_data(phenotypic_data_id, isolate_id, ecdc_resistance_profile, cloxa_test, mbl_test) VALUES ('229', '390', 'MDR', '-', '-') ON DUPLICATE KEY UPDATE ecdc_resistance_profile = 'MDR', cloxa_test = '-', mbl_test = '-'; 
INSERT INTO sequence_analysis(sequence_analysis_id, isolate_id, ame_loci, beta_lactamase_loci, carbapenemase_loci, other_acq_ab_loci) VALUES ('390', '390', '-', '-', '-', '-') ON DUPLICATE KEY UPDATE ame_loci = '-', beta_lactamase_loci = '-', carbapenemase_loci = '-', other_acq_ab_loci = '-'; 
INSERT INTO metadata_general(isolate_id, isolate_name, species, project_name) VALUES ('391', 'ARA02-024', 'Pseudomonas aeruginosa', 'GEMARA') ON DUPLICATE KEY UPDATE isolate_name = 'ARA02-024', species = 'Pseudomonas aeruginosa', project_name = 'GEMARA'; 
INSERT INTO metadata_clinic(clinic_id, isolate_id, sample_type, collection_ward) VALUES ('230', '391', '5', 'Consultas externas') ON DUPLICATE KEY UPDATE sample_type = '5', collection_ward = 'Consultas externas'; 
INSERT INTO phenotypic_data(phenotypic_data_id, isolate_id, ecdc_resistance_profile, cloxa_test, mbl_test) VALUES ('230', '391', 'MDR', '-', '-') ON DUPLICATE KEY UPDATE ecdc_resistance_profile = 'MDR', cloxa_test = '-', mbl_test = '-'; 
INSERT INTO sequence_analysis(sequence_analysis_id, isolate_id, ame_loci, beta_lactamase_loci, carbapenemase_loci, other_acq_ab_loci) VALUES ('391', '391', '-', '-', '-', '-') ON DUPLICATE KEY UPDATE ame_loci = '-', beta_lactamase_loci = '-', carbapenemase_loci = '-', other_acq_ab_loci = '-'; 
INSERT INTO metadata_general(isolate_id, isolate_name, species, project_name) VALUES ('392', 'ARA02-041', 'Pseudomonas aeruginosa', 'GEMARA') ON DUPLICATE KEY UPDATE isolate_name = 'ARA02-041', species = 'Pseudomonas aeruginosa', project_name = 'GEMARA'; 
INSERT INTO metadata_clinic(clinic_id, isolate_id, sample_type, collection_ward) VALUES ('231', '392', '1', 'Servicios médicos adultos') ON DUPLICATE KEY UPDATE sample_type = '1', collection_ward = 'Servicios médicos adultos'; 
INSERT INTO phenotypic_data(phenotypic_data_id, isolate_id, ecdc_resistance_profile, cloxa_test, mbl_test) VALUES ('231', '392', 'MDR', '-', '-') ON DUPLICATE KEY UPDATE ecdc_resistance_profile = 'MDR', cloxa_test = '-', mbl_test = '-'; 
INSERT INTO sequence_analysis(sequence_analysis_id, isolate_id, ame_loci, beta_lactamase_loci, carbapenemase_loci, other_acq_ab_loci) VALUES ('392', '392', '-', '-', '-', '-') ON DUPLICATE KEY UPDATE ame_loci = '-', beta_lactamase_loci = '-', carbapenemase_loci = '-', other_acq_ab_loci = '-'; 
INSERT INTO metadata_general(isolate_id, isolate_name, species, project_name) VALUES ('393', 'ARA02-018', 'Pseudomonas aeruginosa', 'GEMARA') ON DUPLICATE KEY UPDATE isolate_name = 'ARA02-018', species = 'Pseudomonas aeruginosa', project_name = 'GEMARA'; 
INSERT INTO metadata_clinic(clinic_id, isolate_id, sample_type, collection_ward) VALUES ('232', '393', '7', 'Servicios quirúrgicos adultos') ON DUPLICATE KEY UPDATE sample_type = '7', collection_ward = 'Servicios quirúrgicos adultos'; 
INSERT INTO phenotypic_data(phenotypic_data_id, isolate_id, ecdc_resistance_profile, cloxa_test, mbl_test) VALUES ('232', '393', 'MDR', '-', '-') ON DUPLICATE KEY UPDATE ecdc_resistance_profile = 'MDR', cloxa_test = '-', mbl_test = '-'; 
INSERT INTO sequence_analysis(sequence_analysis_id, isolate_id, ame_loci, beta_lactamase_loci, carbapenemase_loci, other_acq_ab_loci) VALUES ('393', '393', '-', '-', '-', '-') ON DUPLICATE KEY UPDATE ame_loci = '-', beta_lactamase_loci = '-', carbapenemase_loci = '-', other_acq_ab_loci = '-'; 
INSERT INTO metadata_general(isolate_id, isolate_name, species, project_name) VALUES ('394', 'ARA02-010', 'Pseudomonas aeruginosa', 'GEMARA') ON DUPLICATE KEY UPDATE isolate_name = 'ARA02-010', species = 'Pseudomonas aeruginosa', project_name = 'GEMARA'; 
INSERT INTO metadata_clinic(clinic_id, isolate_id, sample_type, collection_ward) VALUES ('233', '394', '4', 'Servicios quirúrgicos adultos') ON DUPLICATE KEY UPDATE sample_type = '4', collection_ward = 'Servicios quirúrgicos adultos'; 
INSERT INTO phenotypic_data(phenotypic_data_id, isolate_id, ecdc_resistance_profile, cloxa_test, mbl_test) VALUES ('233', '394', 'S', '-', '-') ON DUPLICATE KEY UPDATE ecdc_resistance_profile = 'S', cloxa_test = '-', mbl_test = '-'; 
INSERT INTO sequence_analysis(sequence_analysis_id, isolate_id, ame_loci, beta_lactamase_loci, carbapenemase_loci, other_acq_ab_loci) VALUES ('394', '394', '-', '-', '-', '-') ON DUPLICATE KEY UPDATE ame_loci = '-', beta_lactamase_loci = '-', carbapenemase_loci = '-', other_acq_ab_loci = '-'; 
INSERT INTO metadata_general(isolate_id, isolate_name, species, project_name) VALUES ('395', 'ARA02-013', 'Pseudomonas aeruginosa', 'GEMARA') ON DUPLICATE KEY UPDATE isolate_name = 'ARA02-013', species = 'Pseudomonas aeruginosa', project_name = 'GEMARA'; 
INSERT INTO metadata_clinic(clinic_id, isolate_id, sample_type, collection_ward) VALUES ('234', '395', '15', 'Servicios quirúrgicos adultos') ON DUPLICATE KEY UPDATE sample_type = '15', collection_ward = 'Servicios quirúrgicos adultos'; 
INSERT INTO phenotypic_data(phenotypic_data_id, isolate_id, ecdc_resistance_profile, cloxa_test, mbl_test) VALUES ('234', '395', 'S', '-', '-') ON DUPLICATE KEY UPDATE ecdc_resistance_profile = 'S', cloxa_test = '-', mbl_test = '-'; 
INSERT INTO sequence_analysis(sequence_analysis_id, isolate_id, ame_loci, beta_lactamase_loci, carbapenemase_loci, other_acq_ab_loci) VALUES ('395', '395', '-', '-', '-', '-') ON DUPLICATE KEY UPDATE ame_loci = '-', beta_lactamase_loci = '-', carbapenemase_loci = '-', other_acq_ab_loci = '-'; 
INSERT INTO metadata_general(isolate_id, isolate_name, species, project_name) VALUES ('396', 'ARA02-014', 'Pseudomonas aeruginosa', 'GEMARA') ON DUPLICATE KEY UPDATE isolate_name = 'ARA02-014', species = 'Pseudomonas aeruginosa', project_name = 'GEMARA'; 
INSERT INTO metadata_clinic(clinic_id, isolate_id, sample_type, collection_ward) VALUES ('235', '396', '1', 'Consultas externas') ON DUPLICATE KEY UPDATE sample_type = '1', collection_ward = 'Consultas externas'; 
INSERT INTO phenotypic_data(phenotypic_data_id, isolate_id, ecdc_resistance_profile, cloxa_test, mbl_test) VALUES ('235', '396', 'S', '-', '-') ON DUPLICATE KEY UPDATE ecdc_resistance_profile = 'S', cloxa_test = '-', mbl_test = '-'; 
INSERT INTO sequence_analysis(sequence_analysis_id, isolate_id, ame_loci, beta_lactamase_loci, carbapenemase_loci, other_acq_ab_loci) VALUES ('396', '396', '-', '-', '-', '-') ON DUPLICATE KEY UPDATE ame_loci = '-', beta_lactamase_loci = '-', carbapenemase_loci = '-', other_acq_ab_loci = '-'; 
INSERT INTO metadata_general(isolate_id, isolate_name, species, project_name) VALUES ('397', 'ARA02-022', 'Pseudomonas aeruginosa', 'GEMARA') ON DUPLICATE KEY UPDATE isolate_name = 'ARA02-022', species = 'Pseudomonas aeruginosa', project_name = 'GEMARA'; 
INSERT INTO metadata_clinic(clinic_id, isolate_id, sample_type, collection_ward) VALUES ('236', '397', '5', 'Centro sociosanitario') ON DUPLICATE KEY UPDATE sample_type = '5', collection_ward = 'Centro sociosanitario'; 
INSERT INTO phenotypic_data(phenotypic_data_id, isolate_id, ecdc_resistance_profile, cloxa_test, mbl_test) VALUES ('236', '397', 'S', '-', '-') ON DUPLICATE KEY UPDATE ecdc_resistance_profile = 'S', cloxa_test = '-', mbl_test = '-'; 
INSERT INTO sequence_analysis(sequence_analysis_id, isolate_id, ame_loci, beta_lactamase_loci, carbapenemase_loci, other_acq_ab_loci) VALUES ('397', '397', '-', '-', '-', '-') ON DUPLICATE KEY UPDATE ame_loci = '-', beta_lactamase_loci = '-', carbapenemase_loci = '-', other_acq_ab_loci = '-'; 
INSERT INTO metadata_general(isolate_id, isolate_name, species, project_name) VALUES ('398', 'ARA02-016', 'Pseudomonas aeruginosa', 'GEMARA') ON DUPLICATE KEY UPDATE isolate_name = 'ARA02-016', species = 'Pseudomonas aeruginosa', project_name = 'GEMARA'; 
INSERT INTO metadata_clinic(clinic_id, isolate_id, sample_type, collection_ward) VALUES ('237', '398', '5', 'Urgencias adultos') ON DUPLICATE KEY UPDATE sample_type = '5', collection_ward = 'Urgencias adultos'; 
INSERT INTO phenotypic_data(phenotypic_data_id, isolate_id, ecdc_resistance_profile, cloxa_test, mbl_test) VALUES ('237', '398', 'S', '-', '-') ON DUPLICATE KEY UPDATE ecdc_resistance_profile = 'S', cloxa_test = '-', mbl_test = '-'; 
INSERT INTO sequence_analysis(sequence_analysis_id, isolate_id, ame_loci, beta_lactamase_loci, carbapenemase_loci, other_acq_ab_loci) VALUES ('398', '398', '-', '-', '-', '-') ON DUPLICATE KEY UPDATE ame_loci = '-', beta_lactamase_loci = '-', carbapenemase_loci = '-', other_acq_ab_loci = '-'; 
INSERT INTO metadata_general(isolate_id, isolate_name, species, project_name) VALUES ('399', 'ARA02-007', 'Pseudomonas aeruginosa', 'GEMARA') ON DUPLICATE KEY UPDATE isolate_name = 'ARA02-007', species = 'Pseudomonas aeruginosa', project_name = 'GEMARA'; 
INSERT INTO metadata_clinic(clinic_id, isolate_id, sample_type, collection_ward) VALUES ('238', '399', '15', 'Servicios quirúrgicos adultos') ON DUPLICATE KEY UPDATE sample_type = '15', collection_ward = 'Servicios quirúrgicos adultos'; 
INSERT INTO phenotypic_data(phenotypic_data_id, isolate_id, ecdc_resistance_profile, cloxa_test, mbl_test) VALUES ('238', '399', 'S', '-', '-') ON DUPLICATE KEY UPDATE ecdc_resistance_profile = 'S', cloxa_test = '-', mbl_test = '-'; 
INSERT INTO sequence_analysis(sequence_analysis_id, isolate_id, ame_loci, beta_lactamase_loci, carbapenemase_loci, other_acq_ab_loci) VALUES ('399', '399', '-', '-', '-', '-') ON DUPLICATE KEY UPDATE ame_loci = '-', beta_lactamase_loci = '-', carbapenemase_loci = '-', other_acq_ab_loci = '-'; 
INSERT INTO metadata_general(isolate_id, isolate_name, species, project_name) VALUES ('400', 'ARA02-039', 'Pseudomonas aeruginosa', 'GEMARA') ON DUPLICATE KEY UPDATE isolate_name = 'ARA02-039', species = 'Pseudomonas aeruginosa', project_name = 'GEMARA'; 
INSERT INTO metadata_clinic(clinic_id, isolate_id, sample_type, collection_ward) VALUES ('239', '400', '9', 'Servicios médicos adultos') ON DUPLICATE KEY UPDATE sample_type = '9', collection_ward = 'Servicios médicos adultos'; 
INSERT INTO phenotypic_data(phenotypic_data_id, isolate_id, ecdc_resistance_profile, cloxa_test, mbl_test) VALUES ('239', '400', 'S', '-', '-') ON DUPLICATE KEY UPDATE ecdc_resistance_profile = 'S', cloxa_test = '-', mbl_test = '-'; 
INSERT INTO sequence_analysis(sequence_analysis_id, isolate_id, ame_loci, beta_lactamase_loci, carbapenemase_loci, other_acq_ab_loci) VALUES ('400', '400', '-', '-', '-', '-') ON DUPLICATE KEY UPDATE ame_loci = '-', beta_lactamase_loci = '-', carbapenemase_loci = '-', other_acq_ab_loci = '-'; 
INSERT INTO metadata_general(isolate_id, isolate_name, species, project_name) VALUES ('401', 'ARA02-023', 'Pseudomonas aeruginosa', 'GEMARA') ON DUPLICATE KEY UPDATE isolate_name = 'ARA02-023', species = 'Pseudomonas aeruginosa', project_name = 'GEMARA'; 
INSERT INTO metadata_clinic(clinic_id, isolate_id, sample_type, collection_ward) VALUES ('240', '401', '22', 'Consultas externas') ON DUPLICATE KEY UPDATE sample_type = '22', collection_ward = 'Consultas externas'; 
INSERT INTO phenotypic_data(phenotypic_data_id, isolate_id, ecdc_resistance_profile, cloxa_test, mbl_test) VALUES ('240', '401', 'S', '-', '-') ON DUPLICATE KEY UPDATE ecdc_resistance_profile = 'S', cloxa_test = '-', mbl_test = '-'; 
INSERT INTO sequence_analysis(sequence_analysis_id, isolate_id, ame_loci, beta_lactamase_loci, carbapenemase_loci, other_acq_ab_loci) VALUES ('401', '401', '-', '-', '-', '-') ON DUPLICATE KEY UPDATE ame_loci = '-', beta_lactamase_loci = '-', carbapenemase_loci = '-', other_acq_ab_loci = '-'; 
INSERT INTO metadata_general(isolate_id, isolate_name, species, project_name) VALUES ('402', 'ARA02-034', 'Pseudomonas aeruginosa', 'GEMARA') ON DUPLICATE KEY UPDATE isolate_name = 'ARA02-034', species = 'Pseudomonas aeruginosa', project_name = 'GEMARA'; 
INSERT INTO metadata_clinic(clinic_id, isolate_id, sample_type, collection_ward) VALUES ('241', '402', '29', 'Servicios médicos adultos') ON DUPLICATE KEY UPDATE sample_type = '29', collection_ward = 'Servicios médicos adultos'; 
INSERT INTO phenotypic_data(phenotypic_data_id, isolate_id, ecdc_resistance_profile, cloxa_test, mbl_test) VALUES ('241', '402', 'S', '-', '-') ON DUPLICATE KEY UPDATE ecdc_resistance_profile = 'S', cloxa_test = '-', mbl_test = '-'; 
INSERT INTO sequence_analysis(sequence_analysis_id, isolate_id, ame_loci, beta_lactamase_loci, carbapenemase_loci, other_acq_ab_loci) VALUES ('402', '402', ' aadA6, aac(6´)-31', '-', '-', '-') ON DUPLICATE KEY UPDATE ame_loci = ' aadA6, aac(6´)-31', beta_lactamase_loci = '-', carbapenemase_loci = '-', other_acq_ab_loci = '-'; 
INSERT INTO metadata_general(isolate_id, isolate_name, species, project_name) VALUES ('403', 'ARA02-035', 'Pseudomonas aeruginosa', 'GEMARA') ON DUPLICATE KEY UPDATE isolate_name = 'ARA02-035', species = 'Pseudomonas aeruginosa', project_name = 'GEMARA'; 
INSERT INTO metadata_clinic(clinic_id, isolate_id, sample_type, collection_ward) VALUES ('242', '403', '1', 'Consultas externas') ON DUPLICATE KEY UPDATE sample_type = '1', collection_ward = 'Consultas externas'; 
INSERT INTO phenotypic_data(phenotypic_data_id, isolate_id, ecdc_resistance_profile, cloxa_test, mbl_test) VALUES ('242', '403', 'S', '-', '-') ON DUPLICATE KEY UPDATE ecdc_resistance_profile = 'S', cloxa_test = '-', mbl_test = '-'; 
INSERT INTO sequence_analysis(sequence_analysis_id, isolate_id, ame_loci, beta_lactamase_loci, carbapenemase_loci, other_acq_ab_loci) VALUES ('403', '403', '-', '-', '-', '-') ON DUPLICATE KEY UPDATE ame_loci = '-', beta_lactamase_loci = '-', carbapenemase_loci = '-', other_acq_ab_loci = '-'; 
INSERT INTO metadata_general(isolate_id, isolate_name, species, project_name) VALUES ('404', 'ARA02-038', 'Pseudomonas aeruginosa', 'GEMARA') ON DUPLICATE KEY UPDATE isolate_name = 'ARA02-038', species = 'Pseudomonas aeruginosa', project_name = 'GEMARA'; 
INSERT INTO metadata_clinic(clinic_id, isolate_id, sample_type, collection_ward) VALUES ('243', '404', '22', 'Urgencias adultos') ON DUPLICATE KEY UPDATE sample_type = '22', collection_ward = 'Urgencias adultos'; 
INSERT INTO phenotypic_data(phenotypic_data_id, isolate_id, ecdc_resistance_profile, cloxa_test, mbl_test) VALUES ('243', '404', 'S', '-', '-') ON DUPLICATE KEY UPDATE ecdc_resistance_profile = 'S', cloxa_test = '-', mbl_test = '-'; 
INSERT INTO sequence_analysis(sequence_analysis_id, isolate_id, ame_loci, beta_lactamase_loci, carbapenemase_loci, other_acq_ab_loci) VALUES ('404', '404', '-', '-', '-', '-') ON DUPLICATE KEY UPDATE ame_loci = '-', beta_lactamase_loci = '-', carbapenemase_loci = '-', other_acq_ab_loci = '-'; 
INSERT INTO metadata_general(isolate_id, isolate_name, species, project_name) VALUES ('405', 'ARA02-005', 'Pseudomonas aeruginosa', 'GEMARA') ON DUPLICATE KEY UPDATE isolate_name = 'ARA02-005', species = 'Pseudomonas aeruginosa', project_name = 'GEMARA'; 
INSERT INTO metadata_clinic(clinic_id, isolate_id, sample_type, collection_ward) VALUES ('244', '405', '6', 'Servicios quirúrgicos adultos') ON DUPLICATE KEY UPDATE sample_type = '6', collection_ward = 'Servicios quirúrgicos adultos'; 
INSERT INTO phenotypic_data(phenotypic_data_id, isolate_id, ecdc_resistance_profile, cloxa_test, mbl_test) VALUES ('244', '405', 'S', '-', '-') ON DUPLICATE KEY UPDATE ecdc_resistance_profile = 'S', cloxa_test = '-', mbl_test = '-'; 
INSERT INTO sequence_analysis(sequence_analysis_id, isolate_id, ame_loci, beta_lactamase_loci, carbapenemase_loci, other_acq_ab_loci) VALUES ('405', '405', '-', '-', '-', '-') ON DUPLICATE KEY UPDATE ame_loci = '-', beta_lactamase_loci = '-', carbapenemase_loci = '-', other_acq_ab_loci = '-'; 
INSERT INTO metadata_general(isolate_id, isolate_name, species, project_name) VALUES ('406', 'ARA02-002', 'Pseudomonas aeruginosa', 'GEMARA') ON DUPLICATE KEY UPDATE isolate_name = 'ARA02-002', species = 'Pseudomonas aeruginosa', project_name = 'GEMARA'; 
INSERT INTO metadata_clinic(clinic_id, isolate_id, sample_type, collection_ward) VALUES ('245', '406', '7', 'UCI Adultos') ON DUPLICATE KEY UPDATE sample_type = '7', collection_ward = 'UCI Adultos'; 
INSERT INTO phenotypic_data(phenotypic_data_id, isolate_id, ecdc_resistance_profile, cloxa_test, mbl_test) VALUES ('245', '406', 'S', '-', '-') ON DUPLICATE KEY UPDATE ecdc_resistance_profile = 'S', cloxa_test = '-', mbl_test = '-'; 
INSERT INTO sequence_analysis(sequence_analysis_id, isolate_id, ame_loci, beta_lactamase_loci, carbapenemase_loci, other_acq_ab_loci) VALUES ('406', '406', '-', '-', '-', '-') ON DUPLICATE KEY UPDATE ame_loci = '-', beta_lactamase_loci = '-', carbapenemase_loci = '-', other_acq_ab_loci = '-'; 
INSERT INTO metadata_general(isolate_id, isolate_name, species, project_name) VALUES ('407', 'ARA02-006', 'Pseudomonas aeruginosa', 'GEMARA') ON DUPLICATE KEY UPDATE isolate_name = 'ARA02-006', species = 'Pseudomonas aeruginosa', project_name = 'GEMARA'; 
INSERT INTO metadata_clinic(clinic_id, isolate_id, sample_type, collection_ward) VALUES ('246', '407', '5', 'Servicios médicos adultos') ON DUPLICATE KEY UPDATE sample_type = '5', collection_ward = 'Servicios médicos adultos'; 
INSERT INTO phenotypic_data(phenotypic_data_id, isolate_id, ecdc_resistance_profile, cloxa_test, mbl_test) VALUES ('246', '407', 'S', '-', '-') ON DUPLICATE KEY UPDATE ecdc_resistance_profile = 'S', cloxa_test = '-', mbl_test = '-'; 
INSERT INTO sequence_analysis(sequence_analysis_id, isolate_id, ame_loci, beta_lactamase_loci, carbapenemase_loci, other_acq_ab_loci) VALUES ('407', '407', '-', '-', '-', '-') ON DUPLICATE KEY UPDATE ame_loci = '-', beta_lactamase_loci = '-', carbapenemase_loci = '-', other_acq_ab_loci = '-'; 
INSERT INTO metadata_general(isolate_id, isolate_name, species, project_name) VALUES ('408', 'ARA02-011', 'Pseudomonas aeruginosa', 'GEMARA') ON DUPLICATE KEY UPDATE isolate_name = 'ARA02-011', species = 'Pseudomonas aeruginosa', project_name = 'GEMARA'; 
INSERT INTO metadata_clinic(clinic_id, isolate_id, sample_type, collection_ward) VALUES ('247', '408', '15', 'Servicios quirúrgicos adultos') ON DUPLICATE KEY UPDATE sample_type = '15', collection_ward = 'Servicios quirúrgicos adultos'; 
INSERT INTO phenotypic_data(phenotypic_data_id, isolate_id, ecdc_resistance_profile, cloxa_test, mbl_test) VALUES ('247', '408', 'S', '-', '-') ON DUPLICATE KEY UPDATE ecdc_resistance_profile = 'S', cloxa_test = '-', mbl_test = '-'; 
INSERT INTO sequence_analysis(sequence_analysis_id, isolate_id, ame_loci, beta_lactamase_loci, carbapenemase_loci, other_acq_ab_loci) VALUES ('408', '408', '-', '-', '-', '-') ON DUPLICATE KEY UPDATE ame_loci = '-', beta_lactamase_loci = '-', carbapenemase_loci = '-', other_acq_ab_loci = '-'; 
INSERT INTO metadata_general(isolate_id, isolate_name, species, project_name) VALUES ('409', 'ARA02-036', 'Pseudomonas aeruginosa', 'GEMARA') ON DUPLICATE KEY UPDATE isolate_name = 'ARA02-036', species = 'Pseudomonas aeruginosa', project_name = 'GEMARA'; 
INSERT INTO metadata_clinic(clinic_id, isolate_id, sample_type, collection_ward) VALUES ('248', '409', '1', 'Consultas externas') ON DUPLICATE KEY UPDATE sample_type = '1', collection_ward = 'Consultas externas'; 
INSERT INTO phenotypic_data(phenotypic_data_id, isolate_id, ecdc_resistance_profile, cloxa_test, mbl_test) VALUES ('248', '409', 'S', '-', '-') ON DUPLICATE KEY UPDATE ecdc_resistance_profile = 'S', cloxa_test = '-', mbl_test = '-'; 
INSERT INTO sequence_analysis(sequence_analysis_id, isolate_id, ame_loci, beta_lactamase_loci, carbapenemase_loci, other_acq_ab_loci) VALUES ('409', '409', '-', '-', '-', '-') ON DUPLICATE KEY UPDATE ame_loci = '-', beta_lactamase_loci = '-', carbapenemase_loci = '-', other_acq_ab_loci = '-'; 
INSERT INTO metadata_general(isolate_id, isolate_name, species, project_name) VALUES ('410', 'ARA02-037', 'Pseudomonas aeruginosa', 'GEMARA') ON DUPLICATE KEY UPDATE isolate_name = 'ARA02-037', species = 'Pseudomonas aeruginosa', project_name = 'GEMARA'; 
INSERT INTO metadata_clinic(clinic_id, isolate_id, sample_type, collection_ward) VALUES ('249', '410', '1', 'Consultas externas') ON DUPLICATE KEY UPDATE sample_type = '1', collection_ward = 'Consultas externas'; 
INSERT INTO phenotypic_data(phenotypic_data_id, isolate_id, ecdc_resistance_profile, cloxa_test, mbl_test) VALUES ('249', '410', 'S', '-', '-') ON DUPLICATE KEY UPDATE ecdc_resistance_profile = 'S', cloxa_test = '-', mbl_test = '-'; 
INSERT INTO sequence_analysis(sequence_analysis_id, isolate_id, ame_loci, beta_lactamase_loci, carbapenemase_loci, other_acq_ab_loci) VALUES ('410', '410', '-', '-', '-', '-') ON DUPLICATE KEY UPDATE ame_loci = '-', beta_lactamase_loci = '-', carbapenemase_loci = '-', other_acq_ab_loci = '-'; 
INSERT INTO metadata_general(isolate_id, isolate_name, species, project_name) VALUES ('411', 'ARA02-008', 'Pseudomonas aeruginosa', 'GEMARA') ON DUPLICATE KEY UPDATE isolate_name = 'ARA02-008', species = 'Pseudomonas aeruginosa', project_name = 'GEMARA'; 
INSERT INTO metadata_clinic(clinic_id, isolate_id, sample_type, collection_ward) VALUES ('250', '411', '22', 'Consultas externas') ON DUPLICATE KEY UPDATE sample_type = '22', collection_ward = 'Consultas externas'; 
INSERT INTO phenotypic_data(phenotypic_data_id, isolate_id, ecdc_resistance_profile, cloxa_test, mbl_test) VALUES ('250', '411', 'S', '-', '-') ON DUPLICATE KEY UPDATE ecdc_resistance_profile = 'S', cloxa_test = '-', mbl_test = '-'; 
INSERT INTO sequence_analysis(sequence_analysis_id, isolate_id, ame_loci, beta_lactamase_loci, carbapenemase_loci, other_acq_ab_loci) VALUES ('411', '411', '-', '-', '-', '-') ON DUPLICATE KEY UPDATE ame_loci = '-', beta_lactamase_loci = '-', carbapenemase_loci = '-', other_acq_ab_loci = '-'; 
INSERT INTO metadata_general(isolate_id, isolate_name, species, project_name) VALUES ('412', 'ARA02-019', 'Pseudomonas aeruginosa', 'GEMARA') ON DUPLICATE KEY UPDATE isolate_name = 'ARA02-019', species = 'Pseudomonas aeruginosa', project_name = 'GEMARA'; 
INSERT INTO metadata_clinic(clinic_id, isolate_id, sample_type, collection_ward) VALUES ('251', '412', '7', 'UCI Adultos') ON DUPLICATE KEY UPDATE sample_type = '7', collection_ward = 'UCI Adultos'; 
INSERT INTO phenotypic_data(phenotypic_data_id, isolate_id, ecdc_resistance_profile, cloxa_test, mbl_test) VALUES ('251', '412', 'S', '-', '-') ON DUPLICATE KEY UPDATE ecdc_resistance_profile = 'S', cloxa_test = '-', mbl_test = '-'; 
INSERT INTO sequence_analysis(sequence_analysis_id, isolate_id, ame_loci, beta_lactamase_loci, carbapenemase_loci, other_acq_ab_loci) VALUES ('412', '412', '-', '-', '-', '-') ON DUPLICATE KEY UPDATE ame_loci = '-', beta_lactamase_loci = '-', carbapenemase_loci = '-', other_acq_ab_loci = '-'; 
INSERT INTO metadata_general(isolate_id, isolate_name, species, project_name) VALUES ('26', 'ARA02-015', 'Pseudomonas aeruginosa', 'GEMARA') ON DUPLICATE KEY UPDATE isolate_name = 'ARA02-015', species = 'Pseudomonas aeruginosa', project_name = 'GEMARA'; 
INSERT INTO metadata_clinic(clinic_id, isolate_id, sample_type, collection_ward) VALUES ('252', '26', '5', 'Servicios quirúrgicos adultos') ON DUPLICATE KEY UPDATE sample_type = '5', collection_ward = 'Servicios quirúrgicos adultos'; 
INSERT INTO phenotypic_data(phenotypic_data_id, isolate_id, ecdc_resistance_profile, cloxa_test, mbl_test) VALUES ('252', '26', 'XDR', '-/-', '+') ON DUPLICATE KEY UPDATE ecdc_resistance_profile = 'XDR', cloxa_test = '-/-', mbl_test = '+'; 
INSERT INTO sequence_analysis(sequence_analysis_id, isolate_id, ame_loci, beta_lactamase_loci, carbapenemase_loci, other_acq_ab_loci) VALUES ('26', '26', 'aadB, aph(3\')-Via, aadA13', 'blaOXA-2', 'blaVIM-20', '-') ON DUPLICATE KEY UPDATE ame_loci = 'aadB, aph(3\')-Via, aadA13', beta_lactamase_loci = 'blaOXA-2', carbapenemase_loci = 'blaVIM-20', other_acq_ab_loci = '-'; 
INSERT INTO metadata_general(isolate_id, isolate_name, species, project_name) VALUES ('25', 'ARA02-009', 'Pseudomonas aeruginosa', 'GEMARA') ON DUPLICATE KEY UPDATE isolate_name = 'ARA02-009', species = 'Pseudomonas aeruginosa', project_name = 'GEMARA'; 
INSERT INTO metadata_clinic(clinic_id, isolate_id, sample_type, collection_ward) VALUES ('253', '25', '5', 'Servicios médicos adultos') ON DUPLICATE KEY UPDATE sample_type = '5', collection_ward = 'Servicios médicos adultos'; 
INSERT INTO phenotypic_data(phenotypic_data_id, isolate_id, ecdc_resistance_profile, cloxa_test, mbl_test) VALUES ('253', '25', 'XDR', '+/+', '-') ON DUPLICATE KEY UPDATE ecdc_resistance_profile = 'XDR', cloxa_test = '+/+', mbl_test = '-'; 
INSERT INTO sequence_analysis(sequence_analysis_id, isolate_id, ame_loci, beta_lactamase_loci, carbapenemase_loci, other_acq_ab_loci) VALUES ('25', '25', '-', '-', '-', 'cmIA1') ON DUPLICATE KEY UPDATE ame_loci = '-', beta_lactamase_loci = '-', carbapenemase_loci = '-', other_acq_ab_loci = 'cmIA1'; 
INSERT INTO metadata_general(isolate_id, isolate_name, species, project_name) VALUES ('28', 'ARA02-029', 'Pseudomonas aeruginosa', 'GEMARA') ON DUPLICATE KEY UPDATE isolate_name = 'ARA02-029', species = 'Pseudomonas aeruginosa', project_name = 'GEMARA'; 
INSERT INTO metadata_clinic(clinic_id, isolate_id, sample_type, collection_ward) VALUES ('254', '28', '22', 'Servicios quirúrgicos adultos') ON DUPLICATE KEY UPDATE sample_type = '22', collection_ward = 'Servicios quirúrgicos adultos'; 
INSERT INTO phenotypic_data(phenotypic_data_id, isolate_id, ecdc_resistance_profile, cloxa_test, mbl_test) VALUES ('254', '28', 'XDR', '+/+', '-') ON DUPLICATE KEY UPDATE ecdc_resistance_profile = 'XDR', cloxa_test = '+/+', mbl_test = '-'; 
INSERT INTO sequence_analysis(sequence_analysis_id, isolate_id, ame_loci, beta_lactamase_loci, carbapenemase_loci, other_acq_ab_loci) VALUES ('28', '28', 'aacA4, aadA2, aac(6\')Ib-cr', 'blaCARB-2', '-', '-') ON DUPLICATE KEY UPDATE ame_loci = 'aacA4, aadA2, aac(6\')Ib-cr', beta_lactamase_loci = 'blaCARB-2', carbapenemase_loci = '-', other_acq_ab_loci = '-'; 
INSERT INTO metadata_general(isolate_id, isolate_name, species, project_name) VALUES ('27', 'ARA02-017', 'Pseudomonas aeruginosa', 'GEMARA') ON DUPLICATE KEY UPDATE isolate_name = 'ARA02-017', species = 'Pseudomonas aeruginosa', project_name = 'GEMARA'; 
INSERT INTO metadata_clinic(clinic_id, isolate_id, sample_type, collection_ward) VALUES ('255', '27', '24', 'UCI Adultos') ON DUPLICATE KEY UPDATE sample_type = '24', collection_ward = 'UCI Adultos'; 
INSERT INTO phenotypic_data(phenotypic_data_id, isolate_id, ecdc_resistance_profile, cloxa_test, mbl_test) VALUES ('255', '27', 'XDR', '-/- ', '+') ON DUPLICATE KEY UPDATE ecdc_resistance_profile = 'XDR', cloxa_test = '-/- ', mbl_test = '+'; 
INSERT INTO sequence_analysis(sequence_analysis_id, isolate_id, ame_loci, beta_lactamase_loci, carbapenemase_loci, other_acq_ab_loci) VALUES ('27', '27', 'aph(3\')-Via, aadB', 'blaOXA-2', 'blaVIM-20', '-') ON DUPLICATE KEY UPDATE ame_loci = 'aph(3\')-Via, aadB', beta_lactamase_loci = 'blaOXA-2', carbapenemase_loci = 'blaVIM-20', other_acq_ab_loci = '-'; 
INSERT INTO metadata_general(isolate_id, isolate_name, species, project_name) VALUES ('413', 'ARA02-033', 'Pseudomonas aeruginosa', 'GEMARA') ON DUPLICATE KEY UPDATE isolate_name = 'ARA02-033', species = 'Pseudomonas aeruginosa', project_name = 'GEMARA'; 
INSERT INTO metadata_clinic(clinic_id, isolate_id, sample_type, collection_ward) VALUES ('256', '413', '15', 'Servicios quirúrgicos adultos') ON DUPLICATE KEY UPDATE sample_type = '15', collection_ward = 'Servicios quirúrgicos adultos'; 
INSERT INTO phenotypic_data(phenotypic_data_id, isolate_id, ecdc_resistance_profile, cloxa_test, mbl_test) VALUES ('256', '413', 'XDR', '-/- ', '+') ON DUPLICATE KEY UPDATE ecdc_resistance_profile = 'XDR', cloxa_test = '-/- ', mbl_test = '+'; 
INSERT INTO sequence_analysis(sequence_analysis_id, isolate_id, ame_loci, beta_lactamase_loci, carbapenemase_loci, other_acq_ab_loci) VALUES ('413', '413', '-', '-', 'blaVIM-20', '-') ON DUPLICATE KEY UPDATE ame_loci = '-', beta_lactamase_loci = '-', carbapenemase_loci = 'blaVIM-20', other_acq_ab_loci = '-'; 
INSERT INTO metadata_general(isolate_id, isolate_name, species, project_name) VALUES ('29', 'ARA02-040', 'Pseudomonas aeruginosa', 'GEMARA') ON DUPLICATE KEY UPDATE isolate_name = 'ARA02-040', species = 'Pseudomonas aeruginosa', project_name = 'GEMARA'; 
INSERT INTO metadata_clinic(clinic_id, isolate_id, sample_type, collection_ward) VALUES ('257', '29', '5', 'Consultas externas') ON DUPLICATE KEY UPDATE sample_type = '5', collection_ward = 'Consultas externas'; 
INSERT INTO phenotypic_data(phenotypic_data_id, isolate_id, ecdc_resistance_profile, cloxa_test, mbl_test) VALUES ('257', '29', 'XDR', '+/+', '-') ON DUPLICATE KEY UPDATE ecdc_resistance_profile = 'XDR', cloxa_test = '+/+', mbl_test = '-'; 
INSERT INTO sequence_analysis(sequence_analysis_id, isolate_id, ame_loci, beta_lactamase_loci, carbapenemase_loci, other_acq_ab_loci) VALUES ('29', '29', 'aadB', '-', '-', '-') ON DUPLICATE KEY UPDATE ame_loci = 'aadB', beta_lactamase_loci = '-', carbapenemase_loci = '-', other_acq_ab_loci = '-'; 
INSERT INTO metadata_general(isolate_id, isolate_name, species, project_name) VALUES ('414', 'ARA03-003', 'Pseudomonas aeruginosa', 'GEMARA') ON DUPLICATE KEY UPDATE isolate_name = 'ARA03-003', species = 'Pseudomonas aeruginosa', project_name = 'GEMARA'; 
INSERT INTO metadata_clinic(clinic_id, isolate_id, sample_type, collection_ward) VALUES ('258', '414', '4', 'Servicios quirúrgicos adultos') ON DUPLICATE KEY UPDATE sample_type = '4', collection_ward = 'Servicios quirúrgicos adultos'; 
INSERT INTO phenotypic_data(phenotypic_data_id, isolate_id, ecdc_resistance_profile, cloxa_test, mbl_test) VALUES ('258', '414', 'MDR', '-', '-') ON DUPLICATE KEY UPDATE ecdc_resistance_profile = 'MDR', cloxa_test = '-', mbl_test = '-'; 
INSERT INTO sequence_analysis(sequence_analysis_id, isolate_id, ame_loci, beta_lactamase_loci, carbapenemase_loci, other_acq_ab_loci) VALUES ('414', '414', '-', '-', '-', '-') ON DUPLICATE KEY UPDATE ame_loci = '-', beta_lactamase_loci = '-', carbapenemase_loci = '-', other_acq_ab_loci = '-'; 
INSERT INTO metadata_general(isolate_id, isolate_name, species, project_name) VALUES ('415', 'ARA03-016', 'Pseudomonas aeruginosa', 'GEMARA') ON DUPLICATE KEY UPDATE isolate_name = 'ARA03-016', species = 'Pseudomonas aeruginosa', project_name = 'GEMARA'; 
INSERT INTO metadata_clinic(clinic_id, isolate_id, sample_type, collection_ward) VALUES ('259', '415', '7', 'UCI Adultos') ON DUPLICATE KEY UPDATE sample_type = '7', collection_ward = 'UCI Adultos'; 
INSERT INTO phenotypic_data(phenotypic_data_id, isolate_id, ecdc_resistance_profile, cloxa_test, mbl_test) VALUES ('259', '415', 'MDR', '-', '-') ON DUPLICATE KEY UPDATE ecdc_resistance_profile = 'MDR', cloxa_test = '-', mbl_test = '-'; 
INSERT INTO sequence_analysis(sequence_analysis_id, isolate_id, ame_loci, beta_lactamase_loci, carbapenemase_loci, other_acq_ab_loci) VALUES ('415', '415', '-', '-', '-', '-') ON DUPLICATE KEY UPDATE ame_loci = '-', beta_lactamase_loci = '-', carbapenemase_loci = '-', other_acq_ab_loci = '-'; 
INSERT INTO metadata_general(isolate_id, isolate_name, species, project_name) VALUES ('416', 'ARA03-006', 'Pseudomonas aeruginosa', 'GEMARA') ON DUPLICATE KEY UPDATE isolate_name = 'ARA03-006', species = 'Pseudomonas aeruginosa', project_name = 'GEMARA'; 
INSERT INTO metadata_clinic(clinic_id, isolate_id, sample_type, collection_ward) VALUES ('260', '416', '5', 'Urgencias adultos') ON DUPLICATE KEY UPDATE sample_type = '5', collection_ward = 'Urgencias adultos'; 
INSERT INTO phenotypic_data(phenotypic_data_id, isolate_id, ecdc_resistance_profile, cloxa_test, mbl_test) VALUES ('260', '416', 'S', '-', '-') ON DUPLICATE KEY UPDATE ecdc_resistance_profile = 'S', cloxa_test = '-', mbl_test = '-'; 
INSERT INTO sequence_analysis(sequence_analysis_id, isolate_id, ame_loci, beta_lactamase_loci, carbapenemase_loci, other_acq_ab_loci) VALUES ('416', '416', '-', '-', '-', '-') ON DUPLICATE KEY UPDATE ame_loci = '-', beta_lactamase_loci = '-', carbapenemase_loci = '-', other_acq_ab_loci = '-'; 
INSERT INTO metadata_general(isolate_id, isolate_name, species, project_name) VALUES ('417', 'ARA03-013', 'Pseudomonas aeruginosa', 'GEMARA') ON DUPLICATE KEY UPDATE isolate_name = 'ARA03-013', species = 'Pseudomonas aeruginosa', project_name = 'GEMARA'; 
INSERT INTO metadata_clinic(clinic_id, isolate_id, sample_type, collection_ward) VALUES ('261', '417', '1', 'Otros') ON DUPLICATE KEY UPDATE sample_type = '1', collection_ward = 'Otros'; 
INSERT INTO phenotypic_data(phenotypic_data_id, isolate_id, ecdc_resistance_profile, cloxa_test, mbl_test) VALUES ('261', '417', 'S', '-', '-') ON DUPLICATE KEY UPDATE ecdc_resistance_profile = 'S', cloxa_test = '-', mbl_test = '-'; 
INSERT INTO sequence_analysis(sequence_analysis_id, isolate_id, ame_loci, beta_lactamase_loci, carbapenemase_loci, other_acq_ab_loci) VALUES ('417', '417', '-', '-', '-', '-') ON DUPLICATE KEY UPDATE ame_loci = '-', beta_lactamase_loci = '-', carbapenemase_loci = '-', other_acq_ab_loci = '-'; 
INSERT INTO metadata_general(isolate_id, isolate_name, species, project_name) VALUES ('418', 'ARA03-007', 'Pseudomonas aeruginosa', 'GEMARA') ON DUPLICATE KEY UPDATE isolate_name = 'ARA03-007', species = 'Pseudomonas aeruginosa', project_name = 'GEMARA'; 
INSERT INTO metadata_clinic(clinic_id, isolate_id, sample_type, collection_ward) VALUES ('262', '418', '1', 'Servicios médicos adultos') ON DUPLICATE KEY UPDATE sample_type = '1', collection_ward = 'Servicios médicos adultos'; 
INSERT INTO phenotypic_data(phenotypic_data_id, isolate_id, ecdc_resistance_profile, cloxa_test, mbl_test) VALUES ('262', '418', 'S', '-', '-') ON DUPLICATE KEY UPDATE ecdc_resistance_profile = 'S', cloxa_test = '-', mbl_test = '-'; 
INSERT INTO sequence_analysis(sequence_analysis_id, isolate_id, ame_loci, beta_lactamase_loci, carbapenemase_loci, other_acq_ab_loci) VALUES ('418', '418', '-', '-', '-', '-') ON DUPLICATE KEY UPDATE ame_loci = '-', beta_lactamase_loci = '-', carbapenemase_loci = '-', other_acq_ab_loci = '-'; 
INSERT INTO metadata_general(isolate_id, isolate_name, species, project_name) VALUES ('419', 'ARA03-011', 'Pseudomonas aeruginosa', 'GEMARA') ON DUPLICATE KEY UPDATE isolate_name = 'ARA03-011', species = 'Pseudomonas aeruginosa', project_name = 'GEMARA'; 
INSERT INTO metadata_clinic(clinic_id, isolate_id, sample_type, collection_ward) VALUES ('263', '419', '4', 'UCI Adultos') ON DUPLICATE KEY UPDATE sample_type = '4', collection_ward = 'UCI Adultos'; 
INSERT INTO phenotypic_data(phenotypic_data_id, isolate_id, ecdc_resistance_profile, cloxa_test, mbl_test) VALUES ('263', '419', 'S', '-', '-') ON DUPLICATE KEY UPDATE ecdc_resistance_profile = 'S', cloxa_test = '-', mbl_test = '-'; 
INSERT INTO sequence_analysis(sequence_analysis_id, isolate_id, ame_loci, beta_lactamase_loci, carbapenemase_loci, other_acq_ab_loci) VALUES ('419', '419', '-', '-', '-', '-') ON DUPLICATE KEY UPDATE ame_loci = '-', beta_lactamase_loci = '-', carbapenemase_loci = '-', other_acq_ab_loci = '-'; 
INSERT INTO metadata_general(isolate_id, isolate_name, species, project_name) VALUES ('420', 'ARA03-015', 'Pseudomonas aeruginosa', 'GEMARA') ON DUPLICATE KEY UPDATE isolate_name = 'ARA03-015', species = 'Pseudomonas aeruginosa', project_name = 'GEMARA'; 
INSERT INTO metadata_clinic(clinic_id, isolate_id, sample_type, collection_ward) VALUES ('264', '420', '1', 'Otros') ON DUPLICATE KEY UPDATE sample_type = '1', collection_ward = 'Otros'; 
INSERT INTO phenotypic_data(phenotypic_data_id, isolate_id, ecdc_resistance_profile, cloxa_test, mbl_test) VALUES ('264', '420', 'S', '-', '-') ON DUPLICATE KEY UPDATE ecdc_resistance_profile = 'S', cloxa_test = '-', mbl_test = '-'; 
INSERT INTO sequence_analysis(sequence_analysis_id, isolate_id, ame_loci, beta_lactamase_loci, carbapenemase_loci, other_acq_ab_loci) VALUES ('420', '420', '-', '-', '-', '-') ON DUPLICATE KEY UPDATE ame_loci = '-', beta_lactamase_loci = '-', carbapenemase_loci = '-', other_acq_ab_loci = '-'; 
INSERT INTO metadata_general(isolate_id, isolate_name, species, project_name) VALUES ('421', 'ARA03-017', 'Pseudomonas aeruginosa', 'GEMARA') ON DUPLICATE KEY UPDATE isolate_name = 'ARA03-017', species = 'Pseudomonas aeruginosa', project_name = 'GEMARA'; 
INSERT INTO metadata_clinic(clinic_id, isolate_id, sample_type, collection_ward) VALUES ('265', '421', '7', 'Servicios médicos adultos') ON DUPLICATE KEY UPDATE sample_type = '7', collection_ward = 'Servicios médicos adultos'; 
INSERT INTO phenotypic_data(phenotypic_data_id, isolate_id, ecdc_resistance_profile, cloxa_test, mbl_test) VALUES ('265', '421', 'S', '-', '-') ON DUPLICATE KEY UPDATE ecdc_resistance_profile = 'S', cloxa_test = '-', mbl_test = '-'; 
INSERT INTO sequence_analysis(sequence_analysis_id, isolate_id, ame_loci, beta_lactamase_loci, carbapenemase_loci, other_acq_ab_loci) VALUES ('421', '421', '-', '-', '-', '-') ON DUPLICATE KEY UPDATE ame_loci = '-', beta_lactamase_loci = '-', carbapenemase_loci = '-', other_acq_ab_loci = '-'; 
INSERT INTO metadata_general(isolate_id, isolate_name, species, project_name) VALUES ('422', 'ARA03-004', 'Pseudomonas aeruginosa', 'GEMARA') ON DUPLICATE KEY UPDATE isolate_name = 'ARA03-004', species = 'Pseudomonas aeruginosa', project_name = 'GEMARA'; 
INSERT INTO metadata_clinic(clinic_id, isolate_id, sample_type, collection_ward) VALUES ('266', '422', '1', 'Servicios médicos adultos') ON DUPLICATE KEY UPDATE sample_type = '1', collection_ward = 'Servicios médicos adultos'; 
INSERT INTO phenotypic_data(phenotypic_data_id, isolate_id, ecdc_resistance_profile, cloxa_test, mbl_test) VALUES ('266', '422', 'S', '-', '-') ON DUPLICATE KEY UPDATE ecdc_resistance_profile = 'S', cloxa_test = '-', mbl_test = '-'; 
INSERT INTO sequence_analysis(sequence_analysis_id, isolate_id, ame_loci, beta_lactamase_loci, carbapenemase_loci, other_acq_ab_loci) VALUES ('422', '422', '-', '-', '-', '-') ON DUPLICATE KEY UPDATE ame_loci = '-', beta_lactamase_loci = '-', carbapenemase_loci = '-', other_acq_ab_loci = '-'; 
INSERT INTO metadata_general(isolate_id, isolate_name, species, project_name) VALUES ('423', 'ARA03-001', 'Pseudomonas aeruginosa', 'GEMARA') ON DUPLICATE KEY UPDATE isolate_name = 'ARA03-001', species = 'Pseudomonas aeruginosa', project_name = 'GEMARA'; 
INSERT INTO metadata_clinic(clinic_id, isolate_id, sample_type, collection_ward) VALUES ('267', '423', '5', 'Servicios quirúrgicos adultos') ON DUPLICATE KEY UPDATE sample_type = '5', collection_ward = 'Servicios quirúrgicos adultos'; 
INSERT INTO phenotypic_data(phenotypic_data_id, isolate_id, ecdc_resistance_profile, cloxa_test, mbl_test) VALUES ('267', '423', 'S', '-', '-') ON DUPLICATE KEY UPDATE ecdc_resistance_profile = 'S', cloxa_test = '-', mbl_test = '-'; 
INSERT INTO sequence_analysis(sequence_analysis_id, isolate_id, ame_loci, beta_lactamase_loci, carbapenemase_loci, other_acq_ab_loci) VALUES ('423', '423', '-', '-', '-', '-') ON DUPLICATE KEY UPDATE ame_loci = '-', beta_lactamase_loci = '-', carbapenemase_loci = '-', other_acq_ab_loci = '-'; 
INSERT INTO metadata_general(isolate_id, isolate_name, species, project_name) VALUES ('424', 'ARA03-005', 'Pseudomonas aeruginosa', 'GEMARA') ON DUPLICATE KEY UPDATE isolate_name = 'ARA03-005', species = 'Pseudomonas aeruginosa', project_name = 'GEMARA'; 
INSERT INTO metadata_clinic(clinic_id, isolate_id, sample_type, collection_ward) VALUES ('268', '424', '15', 'Urgencias adultos') ON DUPLICATE KEY UPDATE sample_type = '15', collection_ward = 'Urgencias adultos'; 
INSERT INTO phenotypic_data(phenotypic_data_id, isolate_id, ecdc_resistance_profile, cloxa_test, mbl_test) VALUES ('268', '424', 'S', '-', '-') ON DUPLICATE KEY UPDATE ecdc_resistance_profile = 'S', cloxa_test = '-', mbl_test = '-'; 
INSERT INTO sequence_analysis(sequence_analysis_id, isolate_id, ame_loci, beta_lactamase_loci, carbapenemase_loci, other_acq_ab_loci) VALUES ('424', '424', '-', '-', '-', '-') ON DUPLICATE KEY UPDATE ame_loci = '-', beta_lactamase_loci = '-', carbapenemase_loci = '-', other_acq_ab_loci = '-'; 
INSERT INTO metadata_general(isolate_id, isolate_name, species, project_name) VALUES ('425', 'ARA03-012', 'Pseudomonas aeruginosa', 'GEMARA') ON DUPLICATE KEY UPDATE isolate_name = 'ARA03-012', species = 'Pseudomonas aeruginosa', project_name = 'GEMARA'; 
INSERT INTO metadata_clinic(clinic_id, isolate_id, sample_type, collection_ward) VALUES ('269', '425', '19', 'Servicios quirúrgicos adultos') ON DUPLICATE KEY UPDATE sample_type = '19', collection_ward = 'Servicios quirúrgicos adultos'; 
INSERT INTO phenotypic_data(phenotypic_data_id, isolate_id, ecdc_resistance_profile, cloxa_test, mbl_test) VALUES ('269', '425', 'S', '-', '-') ON DUPLICATE KEY UPDATE ecdc_resistance_profile = 'S', cloxa_test = '-', mbl_test = '-'; 
INSERT INTO sequence_analysis(sequence_analysis_id, isolate_id, ame_loci, beta_lactamase_loci, carbapenemase_loci, other_acq_ab_loci) VALUES ('425', '425', '-', '-', '-', '-') ON DUPLICATE KEY UPDATE ame_loci = '-', beta_lactamase_loci = '-', carbapenemase_loci = '-', other_acq_ab_loci = '-'; 
INSERT INTO metadata_general(isolate_id, isolate_name, species, project_name) VALUES ('426', 'ARA03-014', 'Pseudomonas aeruginosa', 'GEMARA') ON DUPLICATE KEY UPDATE isolate_name = 'ARA03-014', species = 'Pseudomonas aeruginosa', project_name = 'GEMARA'; 
INSERT INTO metadata_clinic(clinic_id, isolate_id, sample_type, collection_ward) VALUES ('270', '426', '15', 'Servicios quirúrgicos adultos') ON DUPLICATE KEY UPDATE sample_type = '15', collection_ward = 'Servicios quirúrgicos adultos'; 
INSERT INTO phenotypic_data(phenotypic_data_id, isolate_id, ecdc_resistance_profile, cloxa_test, mbl_test) VALUES ('270', '426', 'S', '-', '-') ON DUPLICATE KEY UPDATE ecdc_resistance_profile = 'S', cloxa_test = '-', mbl_test = '-'; 
INSERT INTO sequence_analysis(sequence_analysis_id, isolate_id, ame_loci, beta_lactamase_loci, carbapenemase_loci, other_acq_ab_loci) VALUES ('426', '426', '-', '-', '-', '-') ON DUPLICATE KEY UPDATE ame_loci = '-', beta_lactamase_loci = '-', carbapenemase_loci = '-', other_acq_ab_loci = '-'; 
INSERT INTO metadata_general(isolate_id, isolate_name, species, project_name) VALUES ('427', 'ARA03-009', 'Pseudomonas aeruginosa', 'GEMARA') ON DUPLICATE KEY UPDATE isolate_name = 'ARA03-009', species = 'Pseudomonas aeruginosa', project_name = 'GEMARA'; 
INSERT INTO metadata_clinic(clinic_id, isolate_id, sample_type, collection_ward) VALUES ('271', '427', '22', 'Otros') ON DUPLICATE KEY UPDATE sample_type = '22', collection_ward = 'Otros'; 
INSERT INTO phenotypic_data(phenotypic_data_id, isolate_id, ecdc_resistance_profile, cloxa_test, mbl_test) VALUES ('271', '427', 'S', '-', '-') ON DUPLICATE KEY UPDATE ecdc_resistance_profile = 'S', cloxa_test = '-', mbl_test = '-'; 
INSERT INTO sequence_analysis(sequence_analysis_id, isolate_id, ame_loci, beta_lactamase_loci, carbapenemase_loci, other_acq_ab_loci) VALUES ('427', '427', '-', '-', '-', '-') ON DUPLICATE KEY UPDATE ame_loci = '-', beta_lactamase_loci = '-', carbapenemase_loci = '-', other_acq_ab_loci = '-'; 
INSERT INTO metadata_general(isolate_id, isolate_name, species, project_name) VALUES ('428', 'ARA03-002', 'Pseudomonas aeruginosa', 'GEMARA') ON DUPLICATE KEY UPDATE isolate_name = 'ARA03-002', species = 'Pseudomonas aeruginosa', project_name = 'GEMARA'; 
INSERT INTO metadata_clinic(clinic_id, isolate_id, sample_type, collection_ward) VALUES ('272', '428', '19', 'Servicios quirúrgicos adultos') ON DUPLICATE KEY UPDATE sample_type = '19', collection_ward = 'Servicios quirúrgicos adultos'; 
INSERT INTO phenotypic_data(phenotypic_data_id, isolate_id, ecdc_resistance_profile, cloxa_test, mbl_test) VALUES ('272', '428', 'S', '-', '-') ON DUPLICATE KEY UPDATE ecdc_resistance_profile = 'S', cloxa_test = '-', mbl_test = '-'; 
INSERT INTO sequence_analysis(sequence_analysis_id, isolate_id, ame_loci, beta_lactamase_loci, carbapenemase_loci, other_acq_ab_loci) VALUES ('428', '428', '-', '-', '-', '-') ON DUPLICATE KEY UPDATE ame_loci = '-', beta_lactamase_loci = '-', carbapenemase_loci = '-', other_acq_ab_loci = '-'; 
INSERT INTO metadata_general(isolate_id, isolate_name, species, project_name) VALUES ('429', 'ARA03-010', 'Pseudomonas aeruginosa', 'GEMARA') ON DUPLICATE KEY UPDATE isolate_name = 'ARA03-010', species = 'Pseudomonas aeruginosa', project_name = 'GEMARA'; 
INSERT INTO metadata_clinic(clinic_id, isolate_id, sample_type, collection_ward) VALUES ('273', '429', '1', 'Servicios médicos adultos') ON DUPLICATE KEY UPDATE sample_type = '1', collection_ward = 'Servicios médicos adultos'; 
INSERT INTO phenotypic_data(phenotypic_data_id, isolate_id, ecdc_resistance_profile, cloxa_test, mbl_test) VALUES ('273', '429', 'S', '-', '-') ON DUPLICATE KEY UPDATE ecdc_resistance_profile = 'S', cloxa_test = '-', mbl_test = '-'; 
INSERT INTO sequence_analysis(sequence_analysis_id, isolate_id, ame_loci, beta_lactamase_loci, carbapenemase_loci, other_acq_ab_loci) VALUES ('429', '429', '-', '-', '-', '-') ON DUPLICATE KEY UPDATE ame_loci = '-', beta_lactamase_loci = '-', carbapenemase_loci = '-', other_acq_ab_loci = '-'; 
INSERT INTO metadata_general(isolate_id, isolate_name, species, project_name) VALUES ('30', 'ARA03-008', 'Pseudomonas aeruginosa', 'GEMARA') ON DUPLICATE KEY UPDATE isolate_name = 'ARA03-008', species = 'Pseudomonas aeruginosa', project_name = 'GEMARA'; 
INSERT INTO metadata_clinic(clinic_id, isolate_id, sample_type, collection_ward) VALUES ('274', '30', '22', 'Urgencias adultos') ON DUPLICATE KEY UPDATE sample_type = '22', collection_ward = 'Urgencias adultos'; 
INSERT INTO phenotypic_data(phenotypic_data_id, isolate_id, ecdc_resistance_profile, cloxa_test, mbl_test) VALUES ('274', '30', 'XDR', '+/+', '-') ON DUPLICATE KEY UPDATE ecdc_resistance_profile = 'XDR', cloxa_test = '+/+', mbl_test = '-'; 
INSERT INTO sequence_analysis(sequence_analysis_id, isolate_id, ame_loci, beta_lactamase_loci, carbapenemase_loci, other_acq_ab_loci) VALUES ('30', '30', '-', '-', '-', 'strA, strB') ON DUPLICATE KEY UPDATE ame_loci = '-', beta_lactamase_loci = '-', carbapenemase_loci = '-', other_acq_ab_loci = 'strA, strB'; 
INSERT INTO metadata_general(isolate_id, isolate_name, species, project_name) VALUES ('430', 'AST01-024', 'Pseudomonas aeruginosa', 'GEMARA') ON DUPLICATE KEY UPDATE isolate_name = 'AST01-024', species = 'Pseudomonas aeruginosa', project_name = 'GEMARA'; 
INSERT INTO metadata_clinic(clinic_id, isolate_id, sample_type, collection_ward) VALUES ('275', '430', '15', 'Servicios quirúrgicos adultos') ON DUPLICATE KEY UPDATE sample_type = '15', collection_ward = 'Servicios quirúrgicos adultos'; 
INSERT INTO phenotypic_data(phenotypic_data_id, isolate_id, ecdc_resistance_profile, cloxa_test, mbl_test) VALUES ('275', '430', 'MDR', '-', '-') ON DUPLICATE KEY UPDATE ecdc_resistance_profile = 'MDR', cloxa_test = '-', mbl_test = '-'; 
INSERT INTO sequence_analysis(sequence_analysis_id, isolate_id, ame_loci, beta_lactamase_loci, carbapenemase_loci, other_acq_ab_loci) VALUES ('430', '430', '-', '-', '-', '-') ON DUPLICATE KEY UPDATE ame_loci = '-', beta_lactamase_loci = '-', carbapenemase_loci = '-', other_acq_ab_loci = '-'; 
INSERT INTO metadata_general(isolate_id, isolate_name, species, project_name) VALUES ('431', 'AST01-036', 'Pseudomonas aeruginosa', 'GEMARA') ON DUPLICATE KEY UPDATE isolate_name = 'AST01-036', species = 'Pseudomonas aeruginosa', project_name = 'GEMARA'; 
INSERT INTO metadata_clinic(clinic_id, isolate_id, sample_type, collection_ward) VALUES ('276', '431', '15', 'Consultas externas') ON DUPLICATE KEY UPDATE sample_type = '15', collection_ward = 'Consultas externas'; 
INSERT INTO phenotypic_data(phenotypic_data_id, isolate_id, ecdc_resistance_profile, cloxa_test, mbl_test) VALUES ('276', '431', 'MDR', '-', '-') ON DUPLICATE KEY UPDATE ecdc_resistance_profile = 'MDR', cloxa_test = '-', mbl_test = '-'; 
INSERT INTO sequence_analysis(sequence_analysis_id, isolate_id, ame_loci, beta_lactamase_loci, carbapenemase_loci, other_acq_ab_loci) VALUES ('431', '431', '-', '-', '-', '-') ON DUPLICATE KEY UPDATE ame_loci = '-', beta_lactamase_loci = '-', carbapenemase_loci = '-', other_acq_ab_loci = '-'; 
INSERT INTO metadata_general(isolate_id, isolate_name, species, project_name) VALUES ('432', 'AST01-001', 'Pseudomonas aeruginosa', 'GEMARA') ON DUPLICATE KEY UPDATE isolate_name = 'AST01-001', species = 'Pseudomonas aeruginosa', project_name = 'GEMARA'; 
INSERT INTO metadata_clinic(clinic_id, isolate_id, sample_type, collection_ward) VALUES ('277', '432', '5', 'Servicios quirúrgicos adultos') ON DUPLICATE KEY UPDATE sample_type = '5', collection_ward = 'Servicios quirúrgicos adultos'; 
INSERT INTO phenotypic_data(phenotypic_data_id, isolate_id, ecdc_resistance_profile, cloxa_test, mbl_test) VALUES ('277', '432', 'S', '-', '-') ON DUPLICATE KEY UPDATE ecdc_resistance_profile = 'S', cloxa_test = '-', mbl_test = '-'; 
INSERT INTO sequence_analysis(sequence_analysis_id, isolate_id, ame_loci, beta_lactamase_loci, carbapenemase_loci, other_acq_ab_loci) VALUES ('432', '432', '-', '-', '-', '-') ON DUPLICATE KEY UPDATE ame_loci = '-', beta_lactamase_loci = '-', carbapenemase_loci = '-', other_acq_ab_loci = '-'; 
INSERT INTO metadata_general(isolate_id, isolate_name, species, project_name) VALUES ('433', 'AST01-018', 'Pseudomonas aeruginosa', 'GEMARA') ON DUPLICATE KEY UPDATE isolate_name = 'AST01-018', species = 'Pseudomonas aeruginosa', project_name = 'GEMARA'; 
INSERT INTO metadata_clinic(clinic_id, isolate_id, sample_type, collection_ward) VALUES ('278', '433', '15', 'Consultas externas') ON DUPLICATE KEY UPDATE sample_type = '15', collection_ward = 'Consultas externas'; 
INSERT INTO phenotypic_data(phenotypic_data_id, isolate_id, ecdc_resistance_profile, cloxa_test, mbl_test) VALUES ('278', '433', 'S', '-', '-') ON DUPLICATE KEY UPDATE ecdc_resistance_profile = 'S', cloxa_test = '-', mbl_test = '-'; 
INSERT INTO sequence_analysis(sequence_analysis_id, isolate_id, ame_loci, beta_lactamase_loci, carbapenemase_loci, other_acq_ab_loci) VALUES ('433', '433', '-', '-', '-', '-') ON DUPLICATE KEY UPDATE ame_loci = '-', beta_lactamase_loci = '-', carbapenemase_loci = '-', other_acq_ab_loci = '-'; 
INSERT INTO metadata_general(isolate_id, isolate_name, species, project_name) VALUES ('434', 'AST01-016', 'Pseudomonas aeruginosa', 'GEMARA') ON DUPLICATE KEY UPDATE isolate_name = 'AST01-016', species = 'Pseudomonas aeruginosa', project_name = 'GEMARA'; 
INSERT INTO metadata_clinic(clinic_id, isolate_id, sample_type, collection_ward) VALUES ('279', '434', '5', 'Servicios quirúrgicos adultos') ON DUPLICATE KEY UPDATE sample_type = '5', collection_ward = 'Servicios quirúrgicos adultos'; 
INSERT INTO phenotypic_data(phenotypic_data_id, isolate_id, ecdc_resistance_profile, cloxa_test, mbl_test) VALUES ('279', '434', 'S', '-', '-') ON DUPLICATE KEY UPDATE ecdc_resistance_profile = 'S', cloxa_test = '-', mbl_test = '-'; 
INSERT INTO sequence_analysis(sequence_analysis_id, isolate_id, ame_loci, beta_lactamase_loci, carbapenemase_loci, other_acq_ab_loci) VALUES ('434', '434', '-', '-', '-', '-') ON DUPLICATE KEY UPDATE ame_loci = '-', beta_lactamase_loci = '-', carbapenemase_loci = '-', other_acq_ab_loci = '-'; 
INSERT INTO metadata_general(isolate_id, isolate_name, species, project_name) VALUES ('435', 'AST01-038', 'Pseudomonas aeruginosa', 'GEMARA') ON DUPLICATE KEY UPDATE isolate_name = 'AST01-038', species = 'Pseudomonas aeruginosa', project_name = 'GEMARA'; 
INSERT INTO metadata_clinic(clinic_id, isolate_id, sample_type, collection_ward) VALUES ('280', '435', '9', 'Servicios médicos adultos') ON DUPLICATE KEY UPDATE sample_type = '9', collection_ward = 'Servicios médicos adultos'; 
INSERT INTO phenotypic_data(phenotypic_data_id, isolate_id, ecdc_resistance_profile, cloxa_test, mbl_test) VALUES ('280', '435', 'S', '-', '-') ON DUPLICATE KEY UPDATE ecdc_resistance_profile = 'S', cloxa_test = '-', mbl_test = '-'; 
INSERT INTO sequence_analysis(sequence_analysis_id, isolate_id, ame_loci, beta_lactamase_loci, carbapenemase_loci, other_acq_ab_loci) VALUES ('435', '435', '-', '-', '-', '-') ON DUPLICATE KEY UPDATE ame_loci = '-', beta_lactamase_loci = '-', carbapenemase_loci = '-', other_acq_ab_loci = '-'; 
INSERT INTO metadata_general(isolate_id, isolate_name, species, project_name) VALUES ('436', 'AST01-044', 'Pseudomonas aeruginosa', 'GEMARA') ON DUPLICATE KEY UPDATE isolate_name = 'AST01-044', species = 'Pseudomonas aeruginosa', project_name = 'GEMARA'; 
INSERT INTO metadata_clinic(clinic_id, isolate_id, sample_type, collection_ward) VALUES ('281', '436', '15', 'Servicios quirúrgicos adultos') ON DUPLICATE KEY UPDATE sample_type = '15', collection_ward = 'Servicios quirúrgicos adultos'; 
INSERT INTO phenotypic_data(phenotypic_data_id, isolate_id, ecdc_resistance_profile, cloxa_test, mbl_test) VALUES ('281', '436', 'S', '-', '-') ON DUPLICATE KEY UPDATE ecdc_resistance_profile = 'S', cloxa_test = '-', mbl_test = '-'; 
INSERT INTO sequence_analysis(sequence_analysis_id, isolate_id, ame_loci, beta_lactamase_loci, carbapenemase_loci, other_acq_ab_loci) VALUES ('436', '436', '-', '-', '-', '-') ON DUPLICATE KEY UPDATE ame_loci = '-', beta_lactamase_loci = '-', carbapenemase_loci = '-', other_acq_ab_loci = '-'; 
INSERT INTO metadata_general(isolate_id, isolate_name, species, project_name) VALUES ('437', 'AST01-045', 'Pseudomonas aeruginosa', 'GEMARA') ON DUPLICATE KEY UPDATE isolate_name = 'AST01-045', species = 'Pseudomonas aeruginosa', project_name = 'GEMARA'; 
INSERT INTO metadata_clinic(clinic_id, isolate_id, sample_type, collection_ward) VALUES ('282', '437', '5', 'Urgencias adultos') ON DUPLICATE KEY UPDATE sample_type = '5', collection_ward = 'Urgencias adultos'; 
INSERT INTO phenotypic_data(phenotypic_data_id, isolate_id, ecdc_resistance_profile, cloxa_test, mbl_test) VALUES ('282', '437', 'S', '-', '-') ON DUPLICATE KEY UPDATE ecdc_resistance_profile = 'S', cloxa_test = '-', mbl_test = '-'; 
INSERT INTO sequence_analysis(sequence_analysis_id, isolate_id, ame_loci, beta_lactamase_loci, carbapenemase_loci, other_acq_ab_loci) VALUES ('437', '437', '-', '-', '-', '-') ON DUPLICATE KEY UPDATE ame_loci = '-', beta_lactamase_loci = '-', carbapenemase_loci = '-', other_acq_ab_loci = '-'; 
INSERT INTO metadata_general(isolate_id, isolate_name, species, project_name) VALUES ('438', 'AST01-034', 'Pseudomonas aeruginosa', 'GEMARA') ON DUPLICATE KEY UPDATE isolate_name = 'AST01-034', species = 'Pseudomonas aeruginosa', project_name = 'GEMARA'; 
INSERT INTO metadata_clinic(clinic_id, isolate_id, sample_type, collection_ward) VALUES ('283', '438', '5', 'Urgencias adultos') ON DUPLICATE KEY UPDATE sample_type = '5', collection_ward = 'Urgencias adultos'; 
INSERT INTO phenotypic_data(phenotypic_data_id, isolate_id, ecdc_resistance_profile, cloxa_test, mbl_test) VALUES ('283', '438', 'S', '-', '-') ON DUPLICATE KEY UPDATE ecdc_resistance_profile = 'S', cloxa_test = '-', mbl_test = '-'; 
INSERT INTO sequence_analysis(sequence_analysis_id, isolate_id, ame_loci, beta_lactamase_loci, carbapenemase_loci, other_acq_ab_loci) VALUES ('438', '438', '-', '-', '-', '-') ON DUPLICATE KEY UPDATE ame_loci = '-', beta_lactamase_loci = '-', carbapenemase_loci = '-', other_acq_ab_loci = '-'; 
INSERT INTO metadata_general(isolate_id, isolate_name, species, project_name) VALUES ('439', 'AST01-019', 'Pseudomonas aeruginosa', 'GEMARA') ON DUPLICATE KEY UPDATE isolate_name = 'AST01-019', species = 'Pseudomonas aeruginosa', project_name = 'GEMARA'; 
INSERT INTO metadata_clinic(clinic_id, isolate_id, sample_type, collection_ward) VALUES ('284', '439', '5', 'Servicios médicos adultos') ON DUPLICATE KEY UPDATE sample_type = '5', collection_ward = 'Servicios médicos adultos'; 
INSERT INTO phenotypic_data(phenotypic_data_id, isolate_id, ecdc_resistance_profile, cloxa_test, mbl_test) VALUES ('284', '439', 'S', '-', '-') ON DUPLICATE KEY UPDATE ecdc_resistance_profile = 'S', cloxa_test = '-', mbl_test = '-'; 
INSERT INTO sequence_analysis(sequence_analysis_id, isolate_id, ame_loci, beta_lactamase_loci, carbapenemase_loci, other_acq_ab_loci) VALUES ('439', '439', '-', '-', '-', '-') ON DUPLICATE KEY UPDATE ame_loci = '-', beta_lactamase_loci = '-', carbapenemase_loci = '-', other_acq_ab_loci = '-'; 
INSERT INTO metadata_general(isolate_id, isolate_name, species, project_name) VALUES ('440', 'AST01-005', 'Pseudomonas aeruginosa', 'GEMARA') ON DUPLICATE KEY UPDATE isolate_name = 'AST01-005', species = 'Pseudomonas aeruginosa', project_name = 'GEMARA'; 
INSERT INTO metadata_clinic(clinic_id, isolate_id, sample_type, collection_ward) VALUES ('285', '440', '29', 'Servicios quirúrgicos adultos') ON DUPLICATE KEY UPDATE sample_type = '29', collection_ward = 'Servicios quirúrgicos adultos'; 
INSERT INTO phenotypic_data(phenotypic_data_id, isolate_id, ecdc_resistance_profile, cloxa_test, mbl_test) VALUES ('285', '440', 'S', '-', '-') ON DUPLICATE KEY UPDATE ecdc_resistance_profile = 'S', cloxa_test = '-', mbl_test = '-'; 
INSERT INTO sequence_analysis(sequence_analysis_id, isolate_id, ame_loci, beta_lactamase_loci, carbapenemase_loci, other_acq_ab_loci) VALUES ('440', '440', '-', '-', '-', '-') ON DUPLICATE KEY UPDATE ame_loci = '-', beta_lactamase_loci = '-', carbapenemase_loci = '-', other_acq_ab_loci = '-'; 
INSERT INTO metadata_general(isolate_id, isolate_name, species, project_name) VALUES ('441', 'AST01-014', 'Pseudomonas aeruginosa', 'GEMARA') ON DUPLICATE KEY UPDATE isolate_name = 'AST01-014', species = 'Pseudomonas aeruginosa', project_name = 'GEMARA'; 
INSERT INTO metadata_clinic(clinic_id, isolate_id, sample_type, collection_ward) VALUES ('286', '441', '5', 'Centro sociosanitario') ON DUPLICATE KEY UPDATE sample_type = '5', collection_ward = 'Centro sociosanitario'; 
INSERT INTO phenotypic_data(phenotypic_data_id, isolate_id, ecdc_resistance_profile, cloxa_test, mbl_test) VALUES ('286', '441', 'S', '-', '-') ON DUPLICATE KEY UPDATE ecdc_resistance_profile = 'S', cloxa_test = '-', mbl_test = '-'; 
INSERT INTO sequence_analysis(sequence_analysis_id, isolate_id, ame_loci, beta_lactamase_loci, carbapenemase_loci, other_acq_ab_loci) VALUES ('441', '441', 'aadB', '-', '-', '-') ON DUPLICATE KEY UPDATE ame_loci = 'aadB', beta_lactamase_loci = '-', carbapenemase_loci = '-', other_acq_ab_loci = '-'; 
INSERT INTO metadata_general(isolate_id, isolate_name, species, project_name) VALUES ('442', 'AST01-013', 'Pseudomonas aeruginosa', 'GEMARA') ON DUPLICATE KEY UPDATE isolate_name = 'AST01-013', species = 'Pseudomonas aeruginosa', project_name = 'GEMARA'; 
INSERT INTO metadata_clinic(clinic_id, isolate_id, sample_type, collection_ward) VALUES ('287', '442', '6', 'Servicios médicos adultos') ON DUPLICATE KEY UPDATE sample_type = '6', collection_ward = 'Servicios médicos adultos'; 
INSERT INTO phenotypic_data(phenotypic_data_id, isolate_id, ecdc_resistance_profile, cloxa_test, mbl_test) VALUES ('287', '442', 'S', '-', '-') ON DUPLICATE KEY UPDATE ecdc_resistance_profile = 'S', cloxa_test = '-', mbl_test = '-'; 
INSERT INTO sequence_analysis(sequence_analysis_id, isolate_id, ame_loci, beta_lactamase_loci, carbapenemase_loci, other_acq_ab_loci) VALUES ('442', '442', '-', '-', '-', '-') ON DUPLICATE KEY UPDATE ame_loci = '-', beta_lactamase_loci = '-', carbapenemase_loci = '-', other_acq_ab_loci = '-'; 
INSERT INTO metadata_general(isolate_id, isolate_name, species, project_name) VALUES ('443', 'AST01-010', 'Pseudomonas aeruginosa', 'GEMARA') ON DUPLICATE KEY UPDATE isolate_name = 'AST01-010', species = 'Pseudomonas aeruginosa', project_name = 'GEMARA'; 
INSERT INTO metadata_clinic(clinic_id, isolate_id, sample_type, collection_ward) VALUES ('288', '443', '10', 'Consultas externas') ON DUPLICATE KEY UPDATE sample_type = '10', collection_ward = 'Consultas externas'; 
INSERT INTO phenotypic_data(phenotypic_data_id, isolate_id, ecdc_resistance_profile, cloxa_test, mbl_test) VALUES ('288', '443', 'S', '-', '-') ON DUPLICATE KEY UPDATE ecdc_resistance_profile = 'S', cloxa_test = '-', mbl_test = '-'; 
INSERT INTO sequence_analysis(sequence_analysis_id, isolate_id, ame_loci, beta_lactamase_loci, carbapenemase_loci, other_acq_ab_loci) VALUES ('443', '443', '-', '-', '-', '-') ON DUPLICATE KEY UPDATE ame_loci = '-', beta_lactamase_loci = '-', carbapenemase_loci = '-', other_acq_ab_loci = '-'; 
INSERT INTO metadata_general(isolate_id, isolate_name, species, project_name) VALUES ('444', 'AST01-011', 'Pseudomonas aeruginosa', 'GEMARA') ON DUPLICATE KEY UPDATE isolate_name = 'AST01-011', species = 'Pseudomonas aeruginosa', project_name = 'GEMARA'; 
INSERT INTO metadata_clinic(clinic_id, isolate_id, sample_type, collection_ward) VALUES ('289', '444', '15', 'Consultas externas') ON DUPLICATE KEY UPDATE sample_type = '15', collection_ward = 'Consultas externas'; 
INSERT INTO phenotypic_data(phenotypic_data_id, isolate_id, ecdc_resistance_profile, cloxa_test, mbl_test) VALUES ('289', '444', 'S', '-', '-') ON DUPLICATE KEY UPDATE ecdc_resistance_profile = 'S', cloxa_test = '-', mbl_test = '-'; 
INSERT INTO sequence_analysis(sequence_analysis_id, isolate_id, ame_loci, beta_lactamase_loci, carbapenemase_loci, other_acq_ab_loci) VALUES ('444', '444', '-', '-', '-', '-') ON DUPLICATE KEY UPDATE ame_loci = '-', beta_lactamase_loci = '-', carbapenemase_loci = '-', other_acq_ab_loci = '-'; 
INSERT INTO metadata_general(isolate_id, isolate_name, species, project_name) VALUES ('445', 'AST01-037', 'Pseudomonas aeruginosa', 'GEMARA') ON DUPLICATE KEY UPDATE isolate_name = 'AST01-037', species = 'Pseudomonas aeruginosa', project_name = 'GEMARA'; 
INSERT INTO metadata_clinic(clinic_id, isolate_id, sample_type, collection_ward) VALUES ('290', '445', '24', 'Servicios médicos adultos') ON DUPLICATE KEY UPDATE sample_type = '24', collection_ward = 'Servicios médicos adultos'; 
INSERT INTO phenotypic_data(phenotypic_data_id, isolate_id, ecdc_resistance_profile, cloxa_test, mbl_test) VALUES ('290', '445', 'S', '-', '-') ON DUPLICATE KEY UPDATE ecdc_resistance_profile = 'S', cloxa_test = '-', mbl_test = '-'; 
INSERT INTO sequence_analysis(sequence_analysis_id, isolate_id, ame_loci, beta_lactamase_loci, carbapenemase_loci, other_acq_ab_loci) VALUES ('445', '445', '-', '-', '-', '-') ON DUPLICATE KEY UPDATE ame_loci = '-', beta_lactamase_loci = '-', carbapenemase_loci = '-', other_acq_ab_loci = '-'; 
INSERT INTO metadata_general(isolate_id, isolate_name, species, project_name) VALUES ('446', 'AST01-039', 'Pseudomonas aeruginosa', 'GEMARA') ON DUPLICATE KEY UPDATE isolate_name = 'AST01-039', species = 'Pseudomonas aeruginosa', project_name = 'GEMARA'; 
INSERT INTO metadata_clinic(clinic_id, isolate_id, sample_type, collection_ward) VALUES ('291', '446', '5', 'Servicios médicos adultos') ON DUPLICATE KEY UPDATE sample_type = '5', collection_ward = 'Servicios médicos adultos'; 
INSERT INTO phenotypic_data(phenotypic_data_id, isolate_id, ecdc_resistance_profile, cloxa_test, mbl_test) VALUES ('291', '446', 'S', '-', '-') ON DUPLICATE KEY UPDATE ecdc_resistance_profile = 'S', cloxa_test = '-', mbl_test = '-'; 
INSERT INTO sequence_analysis(sequence_analysis_id, isolate_id, ame_loci, beta_lactamase_loci, carbapenemase_loci, other_acq_ab_loci) VALUES ('446', '446', '-', '-', '-', '-') ON DUPLICATE KEY UPDATE ame_loci = '-', beta_lactamase_loci = '-', carbapenemase_loci = '-', other_acq_ab_loci = '-'; 
INSERT INTO metadata_general(isolate_id, isolate_name, species, project_name) VALUES ('447', 'AST01-040', 'Pseudomonas aeruginosa', 'GEMARA') ON DUPLICATE KEY UPDATE isolate_name = 'AST01-040', species = 'Pseudomonas aeruginosa', project_name = 'GEMARA'; 
INSERT INTO metadata_clinic(clinic_id, isolate_id, sample_type, collection_ward) VALUES ('292', '447', '15', 'Servicios quirúrgicos adultos') ON DUPLICATE KEY UPDATE sample_type = '15', collection_ward = 'Servicios quirúrgicos adultos'; 
INSERT INTO phenotypic_data(phenotypic_data_id, isolate_id, ecdc_resistance_profile, cloxa_test, mbl_test) VALUES ('292', '447', 'S', '-', '-') ON DUPLICATE KEY UPDATE ecdc_resistance_profile = 'S', cloxa_test = '-', mbl_test = '-'; 
INSERT INTO sequence_analysis(sequence_analysis_id, isolate_id, ame_loci, beta_lactamase_loci, carbapenemase_loci, other_acq_ab_loci) VALUES ('447', '447', '-', '-', '-', '-') ON DUPLICATE KEY UPDATE ame_loci = '-', beta_lactamase_loci = '-', carbapenemase_loci = '-', other_acq_ab_loci = '-'; 
INSERT INTO metadata_general(isolate_id, isolate_name, species, project_name) VALUES ('448', 'AST01-003', 'Pseudomonas aeruginosa', 'GEMARA') ON DUPLICATE KEY UPDATE isolate_name = 'AST01-003', species = 'Pseudomonas aeruginosa', project_name = 'GEMARA'; 
INSERT INTO metadata_clinic(clinic_id, isolate_id, sample_type, collection_ward) VALUES ('293', '448', '22', 'Consultas externas') ON DUPLICATE KEY UPDATE sample_type = '22', collection_ward = 'Consultas externas'; 
INSERT INTO phenotypic_data(phenotypic_data_id, isolate_id, ecdc_resistance_profile, cloxa_test, mbl_test) VALUES ('293', '448', 'S', '-', '-') ON DUPLICATE KEY UPDATE ecdc_resistance_profile = 'S', cloxa_test = '-', mbl_test = '-'; 
INSERT INTO sequence_analysis(sequence_analysis_id, isolate_id, ame_loci, beta_lactamase_loci, carbapenemase_loci, other_acq_ab_loci) VALUES ('448', '448', '-', '-', '-', '-') ON DUPLICATE KEY UPDATE ame_loci = '-', beta_lactamase_loci = '-', carbapenemase_loci = '-', other_acq_ab_loci = '-'; 
INSERT INTO metadata_general(isolate_id, isolate_name, species, project_name) VALUES ('449', 'AST01-006', 'Pseudomonas aeruginosa', 'GEMARA') ON DUPLICATE KEY UPDATE isolate_name = 'AST01-006', species = 'Pseudomonas aeruginosa', project_name = 'GEMARA'; 
INSERT INTO metadata_clinic(clinic_id, isolate_id, sample_type, collection_ward) VALUES ('294', '449', '16', 'Consultas externas') ON DUPLICATE KEY UPDATE sample_type = '16', collection_ward = 'Consultas externas'; 
INSERT INTO phenotypic_data(phenotypic_data_id, isolate_id, ecdc_resistance_profile, cloxa_test, mbl_test) VALUES ('294', '449', 'S', '-', '-') ON DUPLICATE KEY UPDATE ecdc_resistance_profile = 'S', cloxa_test = '-', mbl_test = '-'; 
INSERT INTO sequence_analysis(sequence_analysis_id, isolate_id, ame_loci, beta_lactamase_loci, carbapenemase_loci, other_acq_ab_loci) VALUES ('449', '449', '-', '-', '-', '-') ON DUPLICATE KEY UPDATE ame_loci = '-', beta_lactamase_loci = '-', carbapenemase_loci = '-', other_acq_ab_loci = '-'; 
INSERT INTO metadata_general(isolate_id, isolate_name, species, project_name) VALUES ('450', 'AST01-023', 'Pseudomonas aeruginosa', 'GEMARA') ON DUPLICATE KEY UPDATE isolate_name = 'AST01-023', species = 'Pseudomonas aeruginosa', project_name = 'GEMARA'; 
INSERT INTO metadata_clinic(clinic_id, isolate_id, sample_type, collection_ward) VALUES ('295', '450', '5', 'Servicios médicos adultos') ON DUPLICATE KEY UPDATE sample_type = '5', collection_ward = 'Servicios médicos adultos'; 
INSERT INTO phenotypic_data(phenotypic_data_id, isolate_id, ecdc_resistance_profile, cloxa_test, mbl_test) VALUES ('295', '450', 'S', '-', '-') ON DUPLICATE KEY UPDATE ecdc_resistance_profile = 'S', cloxa_test = '-', mbl_test = '-'; 
INSERT INTO sequence_analysis(sequence_analysis_id, isolate_id, ame_loci, beta_lactamase_loci, carbapenemase_loci, other_acq_ab_loci) VALUES ('450', '450', '-', '-', '-', '-') ON DUPLICATE KEY UPDATE ame_loci = '-', beta_lactamase_loci = '-', carbapenemase_loci = '-', other_acq_ab_loci = '-'; 
INSERT INTO metadata_general(isolate_id, isolate_name, species, project_name) VALUES ('34', 'AST01-042', 'Pseudomonas aeruginosa', 'GEMARA') ON DUPLICATE KEY UPDATE isolate_name = 'AST01-042', species = 'Pseudomonas aeruginosa', project_name = 'GEMARA'; 
INSERT INTO metadata_clinic(clinic_id, isolate_id, sample_type, collection_ward) VALUES ('296', '34', '5', 'Servicios quirúrgicos adultos') ON DUPLICATE KEY UPDATE sample_type = '5', collection_ward = 'Servicios quirúrgicos adultos'; 
INSERT INTO phenotypic_data(phenotypic_data_id, isolate_id, ecdc_resistance_profile, cloxa_test, mbl_test) VALUES ('296', '34', 'XDR', '+/s', '-') ON DUPLICATE KEY UPDATE ecdc_resistance_profile = 'XDR', cloxa_test = '+/s', mbl_test = '-'; 
INSERT INTO sequence_analysis(sequence_analysis_id, isolate_id, ame_loci, beta_lactamase_loci, carbapenemase_loci, other_acq_ab_loci) VALUES ('34', '34', 'aadA6', '-', '-', '-') ON DUPLICATE KEY UPDATE ame_loci = 'aadA6', beta_lactamase_loci = '-', carbapenemase_loci = '-', other_acq_ab_loci = '-'; 
INSERT INTO metadata_general(isolate_id, isolate_name, species, project_name) VALUES ('33', 'AST01-026', 'Pseudomonas aeruginosa', 'GEMARA') ON DUPLICATE KEY UPDATE isolate_name = 'AST01-026', species = 'Pseudomonas aeruginosa', project_name = 'GEMARA'; 
INSERT INTO metadata_clinic(clinic_id, isolate_id, sample_type, collection_ward) VALUES ('297', '33', '15', 'Servicios quirúrgicos adultos') ON DUPLICATE KEY UPDATE sample_type = '15', collection_ward = 'Servicios quirúrgicos adultos'; 
INSERT INTO phenotypic_data(phenotypic_data_id, isolate_id, ecdc_resistance_profile, cloxa_test, mbl_test) VALUES ('297', '33', 'XDR', '+/+', '-') ON DUPLICATE KEY UPDATE ecdc_resistance_profile = 'XDR', cloxa_test = '+/+', mbl_test = '-'; 
INSERT INTO sequence_analysis(sequence_analysis_id, isolate_id, ame_loci, beta_lactamase_loci, carbapenemase_loci, other_acq_ab_loci) VALUES ('33', '33', 'aadB', '-', '-', '-') ON DUPLICATE KEY UPDATE ame_loci = 'aadB', beta_lactamase_loci = '-', carbapenemase_loci = '-', other_acq_ab_loci = '-'; 
INSERT INTO metadata_general(isolate_id, isolate_name, species, project_name) VALUES ('451', 'AST01-015', 'Pseudomonas aeruginosa', 'GEMARA') ON DUPLICATE KEY UPDATE isolate_name = 'AST01-015', species = 'Pseudomonas aeruginosa', project_name = 'GEMARA'; 
INSERT INTO metadata_clinic(clinic_id, isolate_id, sample_type, collection_ward) VALUES ('298', '451', '15', 'Consultas externas') ON DUPLICATE KEY UPDATE sample_type = '15', collection_ward = 'Consultas externas'; 
INSERT INTO phenotypic_data(phenotypic_data_id, isolate_id, ecdc_resistance_profile, cloxa_test, mbl_test) VALUES ('298', '451', 'XDR', '+/s', '-') ON DUPLICATE KEY UPDATE ecdc_resistance_profile = 'XDR', cloxa_test = '+/s', mbl_test = '-'; 
INSERT INTO sequence_analysis(sequence_analysis_id, isolate_id, ame_loci, beta_lactamase_loci, carbapenemase_loci, other_acq_ab_loci) VALUES ('451', '451', '-', '-', '-', '-') ON DUPLICATE KEY UPDATE ame_loci = '-', beta_lactamase_loci = '-', carbapenemase_loci = '-', other_acq_ab_loci = '-'; 
INSERT INTO metadata_general(isolate_id, isolate_name, species, project_name) VALUES ('32', 'AST01-025', 'Pseudomonas aeruginosa', 'GEMARA') ON DUPLICATE KEY UPDATE isolate_name = 'AST01-025', species = 'Pseudomonas aeruginosa', project_name = 'GEMARA'; 
INSERT INTO metadata_clinic(clinic_id, isolate_id, sample_type, collection_ward) VALUES ('299', '32', '15', 'Servicios quirúrgicos adultos') ON DUPLICATE KEY UPDATE sample_type = '15', collection_ward = 'Servicios quirúrgicos adultos'; 
INSERT INTO phenotypic_data(phenotypic_data_id, isolate_id, ecdc_resistance_profile, cloxa_test, mbl_test) VALUES ('299', '32', 'XDR', '+/s', '-') ON DUPLICATE KEY UPDATE ecdc_resistance_profile = 'XDR', cloxa_test = '+/s', mbl_test = '-'; 
INSERT INTO sequence_analysis(sequence_analysis_id, isolate_id, ame_loci, beta_lactamase_loci, carbapenemase_loci, other_acq_ab_loci) VALUES ('32', '32', 'aacA4, aac(6\')Ib-cr', '-', '-', 'strA, strB') ON DUPLICATE KEY UPDATE ame_loci = 'aacA4, aac(6\')Ib-cr', beta_lactamase_loci = '-', carbapenemase_loci = '-', other_acq_ab_loci = 'strA, strB'; 
INSERT INTO metadata_general(isolate_id, isolate_name, species, project_name) VALUES ('31', 'AST01-007', 'Pseudomonas aeruginosa', 'GEMARA') ON DUPLICATE KEY UPDATE isolate_name = 'AST01-007', species = 'Pseudomonas aeruginosa', project_name = 'GEMARA'; 
INSERT INTO metadata_clinic(clinic_id, isolate_id, sample_type, collection_ward) VALUES ('300', '31', '15', 'Servicios quirúrgicos adultos') ON DUPLICATE KEY UPDATE sample_type = '15', collection_ward = 'Servicios quirúrgicos adultos'; 
INSERT INTO phenotypic_data(phenotypic_data_id, isolate_id, ecdc_resistance_profile, cloxa_test, mbl_test) VALUES ('300', '31', 'XDR', '+/+', '-') ON DUPLICATE KEY UPDATE ecdc_resistance_profile = 'XDR', cloxa_test = '+/+', mbl_test = '-'; 
INSERT INTO sequence_analysis(sequence_analysis_id, isolate_id, ame_loci, beta_lactamase_loci, carbapenemase_loci, other_acq_ab_loci) VALUES ('31', '31', '-', '-', '-', '-') ON DUPLICATE KEY UPDATE ame_loci = '-', beta_lactamase_loci = '-', carbapenemase_loci = '-', other_acq_ab_loci = '-'; 
INSERT INTO metadata_general(isolate_id, isolate_name, species, project_name) VALUES ('452', 'AST01-008', 'Pseudomonas aeruginosa', 'GEMARA') ON DUPLICATE KEY UPDATE isolate_name = 'AST01-008', species = 'Pseudomonas aeruginosa', project_name = 'GEMARA'; 
INSERT INTO metadata_clinic(clinic_id, isolate_id, sample_type, collection_ward) VALUES ('301', '452', '15', 'Servicios quirúrgicos adultos') ON DUPLICATE KEY UPDATE sample_type = '15', collection_ward = 'Servicios quirúrgicos adultos'; 
INSERT INTO phenotypic_data(phenotypic_data_id, isolate_id, ecdc_resistance_profile, cloxa_test, mbl_test) VALUES ('301', '452', 'XDR', '+/+', '-') ON DUPLICATE KEY UPDATE ecdc_resistance_profile = 'XDR', cloxa_test = '+/+', mbl_test = '-'; 
INSERT INTO sequence_analysis(sequence_analysis_id, isolate_id, ame_loci, beta_lactamase_loci, carbapenemase_loci, other_acq_ab_loci) VALUES ('452', '452', '-', '-', '-', '-') ON DUPLICATE KEY UPDATE ame_loci = '-', beta_lactamase_loci = '-', carbapenemase_loci = '-', other_acq_ab_loci = '-'; 
INSERT INTO metadata_general(isolate_id, isolate_name, species, project_name) VALUES ('453', 'AST01-009', 'Pseudomonas aeruginosa', 'GEMARA') ON DUPLICATE KEY UPDATE isolate_name = 'AST01-009', species = 'Pseudomonas aeruginosa', project_name = 'GEMARA'; 
INSERT INTO metadata_clinic(clinic_id, isolate_id, sample_type, collection_ward) VALUES ('302', '453', '15', 'Servicios quirúrgicos adultos') ON DUPLICATE KEY UPDATE sample_type = '15', collection_ward = 'Servicios quirúrgicos adultos'; 
INSERT INTO phenotypic_data(phenotypic_data_id, isolate_id, ecdc_resistance_profile, cloxa_test, mbl_test) VALUES ('302', '453', 'XDR', '+/+', '-') ON DUPLICATE KEY UPDATE ecdc_resistance_profile = 'XDR', cloxa_test = '+/+', mbl_test = '-'; 
INSERT INTO sequence_analysis(sequence_analysis_id, isolate_id, ame_loci, beta_lactamase_loci, carbapenemase_loci, other_acq_ab_loci) VALUES ('453', '453', '-', '-', '-', '-') ON DUPLICATE KEY UPDATE ame_loci = '-', beta_lactamase_loci = '-', carbapenemase_loci = '-', other_acq_ab_loci = '-'; 
INSERT INTO metadata_general(isolate_id, isolate_name, species, project_name) VALUES ('454', 'AST01-029', 'Pseudomonas aeruginosa', 'GEMARA') ON DUPLICATE KEY UPDATE isolate_name = 'AST01-029', species = 'Pseudomonas aeruginosa', project_name = 'GEMARA'; 
INSERT INTO metadata_clinic(clinic_id, isolate_id, sample_type, collection_ward) VALUES ('303', '454', '5', 'Servicios médicos adultos') ON DUPLICATE KEY UPDATE sample_type = '5', collection_ward = 'Servicios médicos adultos'; 
INSERT INTO phenotypic_data(phenotypic_data_id, isolate_id, ecdc_resistance_profile, cloxa_test, mbl_test) VALUES ('303', '454', 'XDR', '+/+', '-') ON DUPLICATE KEY UPDATE ecdc_resistance_profile = 'XDR', cloxa_test = '+/+', mbl_test = '-'; 
INSERT INTO sequence_analysis(sequence_analysis_id, isolate_id, ame_loci, beta_lactamase_loci, carbapenemase_loci, other_acq_ab_loci) VALUES ('454', '454', '-', '-', '-', '-') ON DUPLICATE KEY UPDATE ame_loci = '-', beta_lactamase_loci = '-', carbapenemase_loci = '-', other_acq_ab_loci = '-'; 
INSERT INTO metadata_general(isolate_id, isolate_name, species, project_name) VALUES ('455', 'AST01-033', 'Pseudomonas aeruginosa', 'GEMARA') ON DUPLICATE KEY UPDATE isolate_name = 'AST01-033', species = 'Pseudomonas aeruginosa', project_name = 'GEMARA'; 
INSERT INTO metadata_clinic(clinic_id, isolate_id, sample_type, collection_ward) VALUES ('304', '455', '5', 'Urgencias adultos') ON DUPLICATE KEY UPDATE sample_type = '5', collection_ward = 'Urgencias adultos'; 
INSERT INTO phenotypic_data(phenotypic_data_id, isolate_id, ecdc_resistance_profile, cloxa_test, mbl_test) VALUES ('304', '455', 'XDR', '+/+', '-') ON DUPLICATE KEY UPDATE ecdc_resistance_profile = 'XDR', cloxa_test = '+/+', mbl_test = '-'; 
INSERT INTO sequence_analysis(sequence_analysis_id, isolate_id, ame_loci, beta_lactamase_loci, carbapenemase_loci, other_acq_ab_loci) VALUES ('455', '455', '-', '-', '-', '-') ON DUPLICATE KEY UPDATE ame_loci = '-', beta_lactamase_loci = '-', carbapenemase_loci = '-', other_acq_ab_loci = '-'; 
INSERT INTO metadata_general(isolate_id, isolate_name, species, project_name) VALUES ('456', 'BAL01-004', 'Pseudomonas aeruginosa', 'GEMARA') ON DUPLICATE KEY UPDATE isolate_name = 'BAL01-004', species = 'Pseudomonas aeruginosa', project_name = 'GEMARA'; 
INSERT INTO metadata_clinic(clinic_id, isolate_id, sample_type, collection_ward) VALUES ('305', '456', '1', 'UCI Adultos') ON DUPLICATE KEY UPDATE sample_type = '1', collection_ward = 'UCI Adultos'; 
INSERT INTO phenotypic_data(phenotypic_data_id, isolate_id, ecdc_resistance_profile, cloxa_test, mbl_test) VALUES ('305', '456', 'MDR', '+/+', '-') ON DUPLICATE KEY UPDATE ecdc_resistance_profile = 'MDR', cloxa_test = '+/+', mbl_test = '-'; 
INSERT INTO sequence_analysis(sequence_analysis_id, isolate_id, ame_loci, beta_lactamase_loci, carbapenemase_loci, other_acq_ab_loci) VALUES ('456', '456', '-', '-', '-', '-') ON DUPLICATE KEY UPDATE ame_loci = '-', beta_lactamase_loci = '-', carbapenemase_loci = '-', other_acq_ab_loci = '-'; 
INSERT INTO metadata_general(isolate_id, isolate_name, species, project_name) VALUES ('457', 'BAL01-032', 'Pseudomonas aeruginosa', 'GEMARA') ON DUPLICATE KEY UPDATE isolate_name = 'BAL01-032', species = 'Pseudomonas aeruginosa', project_name = 'GEMARA'; 
INSERT INTO metadata_clinic(clinic_id, isolate_id, sample_type, collection_ward) VALUES ('306', '457', '29', 'Servicios quirúrgicos adultos') ON DUPLICATE KEY UPDATE sample_type = '29', collection_ward = 'Servicios quirúrgicos adultos'; 
INSERT INTO phenotypic_data(phenotypic_data_id, isolate_id, ecdc_resistance_profile, cloxa_test, mbl_test) VALUES ('306', '457', 'MDR', '-', '-') ON DUPLICATE KEY UPDATE ecdc_resistance_profile = 'MDR', cloxa_test = '-', mbl_test = '-'; 
INSERT INTO sequence_analysis(sequence_analysis_id, isolate_id, ame_loci, beta_lactamase_loci, carbapenemase_loci, other_acq_ab_loci) VALUES ('457', '457', '-', '-', '-', '-') ON DUPLICATE KEY UPDATE ame_loci = '-', beta_lactamase_loci = '-', carbapenemase_loci = '-', other_acq_ab_loci = '-'; 
INSERT INTO metadata_general(isolate_id, isolate_name, species, project_name) VALUES ('458', 'BAL01-033', 'Pseudomonas aeruginosa', 'GEMARA') ON DUPLICATE KEY UPDATE isolate_name = 'BAL01-033', species = 'Pseudomonas aeruginosa', project_name = 'GEMARA'; 
INSERT INTO metadata_clinic(clinic_id, isolate_id, sample_type, collection_ward) VALUES ('307', '458', '12', 'Centro sociosanitario') ON DUPLICATE KEY UPDATE sample_type = '12', collection_ward = 'Centro sociosanitario'; 
INSERT INTO phenotypic_data(phenotypic_data_id, isolate_id, ecdc_resistance_profile, cloxa_test, mbl_test) VALUES ('307', '458', 'S', '-', '-') ON DUPLICATE KEY UPDATE ecdc_resistance_profile = 'S', cloxa_test = '-', mbl_test = '-'; 
INSERT INTO sequence_analysis(sequence_analysis_id, isolate_id, ame_loci, beta_lactamase_loci, carbapenemase_loci, other_acq_ab_loci) VALUES ('458', '458', '-', '-', '-', '-') ON DUPLICATE KEY UPDATE ame_loci = '-', beta_lactamase_loci = '-', carbapenemase_loci = '-', other_acq_ab_loci = '-'; 
INSERT INTO metadata_general(isolate_id, isolate_name, species, project_name) VALUES ('459', 'BAL01-043', 'Pseudomonas aeruginosa', 'GEMARA') ON DUPLICATE KEY UPDATE isolate_name = 'BAL01-043', species = 'Pseudomonas aeruginosa', project_name = 'GEMARA'; 
INSERT INTO metadata_clinic(clinic_id, isolate_id, sample_type, collection_ward) VALUES ('308', '459', '5', 'Servicios médicos adultos') ON DUPLICATE KEY UPDATE sample_type = '5', collection_ward = 'Servicios médicos adultos'; 
INSERT INTO phenotypic_data(phenotypic_data_id, isolate_id, ecdc_resistance_profile, cloxa_test, mbl_test) VALUES ('308', '459', 'S', '-', '-') ON DUPLICATE KEY UPDATE ecdc_resistance_profile = 'S', cloxa_test = '-', mbl_test = '-'; 
INSERT INTO sequence_analysis(sequence_analysis_id, isolate_id, ame_loci, beta_lactamase_loci, carbapenemase_loci, other_acq_ab_loci) VALUES ('459', '459', '-', '-', '-', '-') ON DUPLICATE KEY UPDATE ame_loci = '-', beta_lactamase_loci = '-', carbapenemase_loci = '-', other_acq_ab_loci = '-'; 
INSERT INTO metadata_general(isolate_id, isolate_name, species, project_name) VALUES ('460', 'BAL01-050', 'Pseudomonas aeruginosa', 'GEMARA') ON DUPLICATE KEY UPDATE isolate_name = 'BAL01-050', species = 'Pseudomonas aeruginosa', project_name = 'GEMARA'; 
INSERT INTO metadata_clinic(clinic_id, isolate_id, sample_type, collection_ward) VALUES ('309', '460', '1', 'Urgencias adultos') ON DUPLICATE KEY UPDATE sample_type = '1', collection_ward = 'Urgencias adultos'; 
INSERT INTO phenotypic_data(phenotypic_data_id, isolate_id, ecdc_resistance_profile, cloxa_test, mbl_test) VALUES ('309', '460', 'S', '-', '-') ON DUPLICATE KEY UPDATE ecdc_resistance_profile = 'S', cloxa_test = '-', mbl_test = '-'; 
INSERT INTO sequence_analysis(sequence_analysis_id, isolate_id, ame_loci, beta_lactamase_loci, carbapenemase_loci, other_acq_ab_loci) VALUES ('460', '460', '-', '-', '-', '-') ON DUPLICATE KEY UPDATE ame_loci = '-', beta_lactamase_loci = '-', carbapenemase_loci = '-', other_acq_ab_loci = '-'; 
INSERT INTO metadata_general(isolate_id, isolate_name, species, project_name) VALUES ('461', 'BAL01-005', 'Pseudomonas aeruginosa', 'GEMARA') ON DUPLICATE KEY UPDATE isolate_name = 'BAL01-005', species = 'Pseudomonas aeruginosa', project_name = 'GEMARA'; 
INSERT INTO metadata_clinic(clinic_id, isolate_id, sample_type, collection_ward) VALUES ('310', '461', '4', 'Servicios quirúrgicos adultos') ON DUPLICATE KEY UPDATE sample_type = '4', collection_ward = 'Servicios quirúrgicos adultos'; 
INSERT INTO phenotypic_data(phenotypic_data_id, isolate_id, ecdc_resistance_profile, cloxa_test, mbl_test) VALUES ('310', '461', 'S', '-', '-') ON DUPLICATE KEY UPDATE ecdc_resistance_profile = 'S', cloxa_test = '-', mbl_test = '-'; 
INSERT INTO sequence_analysis(sequence_analysis_id, isolate_id, ame_loci, beta_lactamase_loci, carbapenemase_loci, other_acq_ab_loci) VALUES ('461', '461', '-', '-', '-', '-') ON DUPLICATE KEY UPDATE ame_loci = '-', beta_lactamase_loci = '-', carbapenemase_loci = '-', other_acq_ab_loci = '-'; 
INSERT INTO metadata_general(isolate_id, isolate_name, species, project_name) VALUES ('462', 'BAL01-019', 'Pseudomonas aeruginosa', 'GEMARA') ON DUPLICATE KEY UPDATE isolate_name = 'BAL01-019', species = 'Pseudomonas aeruginosa', project_name = 'GEMARA'; 
INSERT INTO metadata_clinic(clinic_id, isolate_id, sample_type, collection_ward) VALUES ('311', '462', '5', 'Servicios médicos adultos') ON DUPLICATE KEY UPDATE sample_type = '5', collection_ward = 'Servicios médicos adultos'; 
INSERT INTO phenotypic_data(phenotypic_data_id, isolate_id, ecdc_resistance_profile, cloxa_test, mbl_test) VALUES ('311', '462', 'S', '-', '-') ON DUPLICATE KEY UPDATE ecdc_resistance_profile = 'S', cloxa_test = '-', mbl_test = '-'; 
INSERT INTO sequence_analysis(sequence_analysis_id, isolate_id, ame_loci, beta_lactamase_loci, carbapenemase_loci, other_acq_ab_loci) VALUES ('462', '462', '-', '-', '-', '-') ON DUPLICATE KEY UPDATE ame_loci = '-', beta_lactamase_loci = '-', carbapenemase_loci = '-', other_acq_ab_loci = '-'; 
INSERT INTO metadata_general(isolate_id, isolate_name, species, project_name) VALUES ('463', 'BAL01-051', 'Pseudomonas aeruginosa', 'GEMARA') ON DUPLICATE KEY UPDATE isolate_name = 'BAL01-051', species = 'Pseudomonas aeruginosa', project_name = 'GEMARA'; 
INSERT INTO metadata_clinic(clinic_id, isolate_id, sample_type, collection_ward) VALUES ('312', '463', '7', 'UCI Adultos') ON DUPLICATE KEY UPDATE sample_type = '7', collection_ward = 'UCI Adultos'; 
INSERT INTO phenotypic_data(phenotypic_data_id, isolate_id, ecdc_resistance_profile, cloxa_test, mbl_test) VALUES ('312', '463', 'S', '-', '-') ON DUPLICATE KEY UPDATE ecdc_resistance_profile = 'S', cloxa_test = '-', mbl_test = '-'; 
INSERT INTO sequence_analysis(sequence_analysis_id, isolate_id, ame_loci, beta_lactamase_loci, carbapenemase_loci, other_acq_ab_loci) VALUES ('463', '463', '-', '-', '-', '-') ON DUPLICATE KEY UPDATE ame_loci = '-', beta_lactamase_loci = '-', carbapenemase_loci = '-', other_acq_ab_loci = '-'; 
INSERT INTO metadata_general(isolate_id, isolate_name, species, project_name) VALUES ('464', 'BAL01-007', 'Pseudomonas aeruginosa', 'GEMARA') ON DUPLICATE KEY UPDATE isolate_name = 'BAL01-007', species = 'Pseudomonas aeruginosa', project_name = 'GEMARA'; 
INSERT INTO metadata_clinic(clinic_id, isolate_id, sample_type, collection_ward) VALUES ('313', '464', '1', 'Servicios médicos adultos') ON DUPLICATE KEY UPDATE sample_type = '1', collection_ward = 'Servicios médicos adultos'; 
INSERT INTO phenotypic_data(phenotypic_data_id, isolate_id, ecdc_resistance_profile, cloxa_test, mbl_test) VALUES ('313', '464', 'S', '-', '-') ON DUPLICATE KEY UPDATE ecdc_resistance_profile = 'S', cloxa_test = '-', mbl_test = '-'; 
INSERT INTO sequence_analysis(sequence_analysis_id, isolate_id, ame_loci, beta_lactamase_loci, carbapenemase_loci, other_acq_ab_loci) VALUES ('464', '464', '-', '-', '-', '-') ON DUPLICATE KEY UPDATE ame_loci = '-', beta_lactamase_loci = '-', carbapenemase_loci = '-', other_acq_ab_loci = '-'; 
INSERT INTO metadata_general(isolate_id, isolate_name, species, project_name) VALUES ('465', 'BAL01-036', 'Pseudomonas aeruginosa', 'GEMARA') ON DUPLICATE KEY UPDATE isolate_name = 'BAL01-036', species = 'Pseudomonas aeruginosa', project_name = 'GEMARA'; 
INSERT INTO metadata_clinic(clinic_id, isolate_id, sample_type, collection_ward) VALUES ('314', '465', '5', 'Servicios quirúrgicos adultos') ON DUPLICATE KEY UPDATE sample_type = '5', collection_ward = 'Servicios quirúrgicos adultos'; 
INSERT INTO phenotypic_data(phenotypic_data_id, isolate_id, ecdc_resistance_profile, cloxa_test, mbl_test) VALUES ('314', '465', 'S', '-', '-') ON DUPLICATE KEY UPDATE ecdc_resistance_profile = 'S', cloxa_test = '-', mbl_test = '-'; 
INSERT INTO sequence_analysis(sequence_analysis_id, isolate_id, ame_loci, beta_lactamase_loci, carbapenemase_loci, other_acq_ab_loci) VALUES ('465', '465', '-', '-', '-', '-') ON DUPLICATE KEY UPDATE ame_loci = '-', beta_lactamase_loci = '-', carbapenemase_loci = '-', other_acq_ab_loci = '-'; 
INSERT INTO metadata_general(isolate_id, isolate_name, species, project_name) VALUES ('466', 'BAL01-048', 'Pseudomonas aeruginosa', 'GEMARA') ON DUPLICATE KEY UPDATE isolate_name = 'BAL01-048', species = 'Pseudomonas aeruginosa', project_name = 'GEMARA'; 
INSERT INTO metadata_clinic(clinic_id, isolate_id, sample_type, collection_ward) VALUES ('315', '466', '1', 'Servicios médicos adultos') ON DUPLICATE KEY UPDATE sample_type = '1', collection_ward = 'Servicios médicos adultos'; 
INSERT INTO phenotypic_data(phenotypic_data_id, isolate_id, ecdc_resistance_profile, cloxa_test, mbl_test) VALUES ('315', '466', 'S', '-', '-') ON DUPLICATE KEY UPDATE ecdc_resistance_profile = 'S', cloxa_test = '-', mbl_test = '-'; 
INSERT INTO sequence_analysis(sequence_analysis_id, isolate_id, ame_loci, beta_lactamase_loci, carbapenemase_loci, other_acq_ab_loci) VALUES ('466', '466', '-', '-', '-', '-') ON DUPLICATE KEY UPDATE ame_loci = '-', beta_lactamase_loci = '-', carbapenemase_loci = '-', other_acq_ab_loci = '-'; 
INSERT INTO metadata_general(isolate_id, isolate_name, species, project_name) VALUES ('467', 'BAL01-049', 'Pseudomonas aeruginosa', 'GEMARA') ON DUPLICATE KEY UPDATE isolate_name = 'BAL01-049', species = 'Pseudomonas aeruginosa', project_name = 'GEMARA'; 
INSERT INTO metadata_clinic(clinic_id, isolate_id, sample_type, collection_ward) VALUES ('316', '467', '5', 'Servicios médicos adultos') ON DUPLICATE KEY UPDATE sample_type = '5', collection_ward = 'Servicios médicos adultos'; 
INSERT INTO phenotypic_data(phenotypic_data_id, isolate_id, ecdc_resistance_profile, cloxa_test, mbl_test) VALUES ('316', '467', 'S', '-', '-') ON DUPLICATE KEY UPDATE ecdc_resistance_profile = 'S', cloxa_test = '-', mbl_test = '-'; 
INSERT INTO sequence_analysis(sequence_analysis_id, isolate_id, ame_loci, beta_lactamase_loci, carbapenemase_loci, other_acq_ab_loci) VALUES ('467', '467', '-', '-', '-', '-') ON DUPLICATE KEY UPDATE ame_loci = '-', beta_lactamase_loci = '-', carbapenemase_loci = '-', other_acq_ab_loci = '-'; 
INSERT INTO metadata_general(isolate_id, isolate_name, species, project_name) VALUES ('468', 'BAL01-001', 'Pseudomonas aeruginosa', 'GEMARA') ON DUPLICATE KEY UPDATE isolate_name = 'BAL01-001', species = 'Pseudomonas aeruginosa', project_name = 'GEMARA'; 
INSERT INTO metadata_clinic(clinic_id, isolate_id, sample_type, collection_ward) VALUES ('317', '468', '5', 'Centro sociosanitario') ON DUPLICATE KEY UPDATE sample_type = '5', collection_ward = 'Centro sociosanitario'; 
INSERT INTO phenotypic_data(phenotypic_data_id, isolate_id, ecdc_resistance_profile, cloxa_test, mbl_test) VALUES ('317', '468', 'S', '-', '-') ON DUPLICATE KEY UPDATE ecdc_resistance_profile = 'S', cloxa_test = '-', mbl_test = '-'; 
INSERT INTO sequence_analysis(sequence_analysis_id, isolate_id, ame_loci, beta_lactamase_loci, carbapenemase_loci, other_acq_ab_loci) VALUES ('468', '468', '-', '-', '-', '-') ON DUPLICATE KEY UPDATE ame_loci = '-', beta_lactamase_loci = '-', carbapenemase_loci = '-', other_acq_ab_loci = '-'; 
INSERT INTO metadata_general(isolate_id, isolate_name, species, project_name) VALUES ('469', 'BAL01-017', 'Pseudomonas aeruginosa', 'GEMARA') ON DUPLICATE KEY UPDATE isolate_name = 'BAL01-017', species = 'Pseudomonas aeruginosa', project_name = 'GEMARA'; 
INSERT INTO metadata_clinic(clinic_id, isolate_id, sample_type, collection_ward) VALUES ('318', '469', '12', 'Centro sociosanitario') ON DUPLICATE KEY UPDATE sample_type = '12', collection_ward = 'Centro sociosanitario'; 
INSERT INTO phenotypic_data(phenotypic_data_id, isolate_id, ecdc_resistance_profile, cloxa_test, mbl_test) VALUES ('318', '469', 'S', '-', '-') ON DUPLICATE KEY UPDATE ecdc_resistance_profile = 'S', cloxa_test = '-', mbl_test = '-'; 
INSERT INTO sequence_analysis(sequence_analysis_id, isolate_id, ame_loci, beta_lactamase_loci, carbapenemase_loci, other_acq_ab_loci) VALUES ('469', '469', '-', '-', '-', '-') ON DUPLICATE KEY UPDATE ame_loci = '-', beta_lactamase_loci = '-', carbapenemase_loci = '-', other_acq_ab_loci = '-'; 
INSERT INTO metadata_general(isolate_id, isolate_name, species, project_name) VALUES ('470', 'BAL01-012', 'Pseudomonas aeruginosa', 'GEMARA') ON DUPLICATE KEY UPDATE isolate_name = 'BAL01-012', species = 'Pseudomonas aeruginosa', project_name = 'GEMARA'; 
INSERT INTO metadata_clinic(clinic_id, isolate_id, sample_type, collection_ward) VALUES ('319', '470', '1', 'Servicios médicos adultos') ON DUPLICATE KEY UPDATE sample_type = '1', collection_ward = 'Servicios médicos adultos'; 
INSERT INTO phenotypic_data(phenotypic_data_id, isolate_id, ecdc_resistance_profile, cloxa_test, mbl_test) VALUES ('319', '470', 'S', '-', '-') ON DUPLICATE KEY UPDATE ecdc_resistance_profile = 'S', cloxa_test = '-', mbl_test = '-'; 
INSERT INTO sequence_analysis(sequence_analysis_id, isolate_id, ame_loci, beta_lactamase_loci, carbapenemase_loci, other_acq_ab_loci) VALUES ('470', '470', '-', '-', '-', '-') ON DUPLICATE KEY UPDATE ame_loci = '-', beta_lactamase_loci = '-', carbapenemase_loci = '-', other_acq_ab_loci = '-'; 
INSERT INTO metadata_general(isolate_id, isolate_name, species, project_name) VALUES ('471', 'BAL01-014', 'Pseudomonas aeruginosa', 'GEMARA') ON DUPLICATE KEY UPDATE isolate_name = 'BAL01-014', species = 'Pseudomonas aeruginosa', project_name = 'GEMARA'; 
INSERT INTO metadata_clinic(clinic_id, isolate_id, sample_type, collection_ward) VALUES ('320', '471', '7', 'Servicios médicos adultos') ON DUPLICATE KEY UPDATE sample_type = '7', collection_ward = 'Servicios médicos adultos'; 
INSERT INTO phenotypic_data(phenotypic_data_id, isolate_id, ecdc_resistance_profile, cloxa_test, mbl_test) VALUES ('320', '471', 'S', '-', '-') ON DUPLICATE KEY UPDATE ecdc_resistance_profile = 'S', cloxa_test = '-', mbl_test = '-'; 
INSERT INTO sequence_analysis(sequence_analysis_id, isolate_id, ame_loci, beta_lactamase_loci, carbapenemase_loci, other_acq_ab_loci) VALUES ('471', '471', '-', '-', '-', '-') ON DUPLICATE KEY UPDATE ame_loci = '-', beta_lactamase_loci = '-', carbapenemase_loci = '-', other_acq_ab_loci = '-'; 
INSERT INTO metadata_general(isolate_id, isolate_name, species, project_name) VALUES ('472', 'BAL01-029', 'Pseudomonas aeruginosa', 'GEMARA') ON DUPLICATE KEY UPDATE isolate_name = 'BAL01-029', species = 'Pseudomonas aeruginosa', project_name = 'GEMARA'; 
INSERT INTO metadata_clinic(clinic_id, isolate_id, sample_type, collection_ward) VALUES ('321', '472', '5', 'Servicios médicos adultos') ON DUPLICATE KEY UPDATE sample_type = '5', collection_ward = 'Servicios médicos adultos'; 
INSERT INTO phenotypic_data(phenotypic_data_id, isolate_id, ecdc_resistance_profile, cloxa_test, mbl_test) VALUES ('321', '472', 'S', '-', '-') ON DUPLICATE KEY UPDATE ecdc_resistance_profile = 'S', cloxa_test = '-', mbl_test = '-'; 
INSERT INTO sequence_analysis(sequence_analysis_id, isolate_id, ame_loci, beta_lactamase_loci, carbapenemase_loci, other_acq_ab_loci) VALUES ('472', '472', '-', '-', '-', '-') ON DUPLICATE KEY UPDATE ame_loci = '-', beta_lactamase_loci = '-', carbapenemase_loci = '-', other_acq_ab_loci = '-'; 
INSERT INTO metadata_general(isolate_id, isolate_name, species, project_name) VALUES ('473', 'BAL01-052', 'Pseudomonas aeruginosa', 'GEMARA') ON DUPLICATE KEY UPDATE isolate_name = 'BAL01-052', species = 'Pseudomonas aeruginosa', project_name = 'GEMARA'; 
INSERT INTO metadata_clinic(clinic_id, isolate_id, sample_type, collection_ward) VALUES ('322', '473', '5', 'Servicios quirúrgicos adultos') ON DUPLICATE KEY UPDATE sample_type = '5', collection_ward = 'Servicios quirúrgicos adultos'; 
INSERT INTO phenotypic_data(phenotypic_data_id, isolate_id, ecdc_resistance_profile, cloxa_test, mbl_test) VALUES ('322', '473', 'S', '-', '-') ON DUPLICATE KEY UPDATE ecdc_resistance_profile = 'S', cloxa_test = '-', mbl_test = '-'; 
INSERT INTO sequence_analysis(sequence_analysis_id, isolate_id, ame_loci, beta_lactamase_loci, carbapenemase_loci, other_acq_ab_loci) VALUES ('473', '473', '-', '-', '-', '-') ON DUPLICATE KEY UPDATE ame_loci = '-', beta_lactamase_loci = '-', carbapenemase_loci = '-', other_acq_ab_loci = '-'; 
INSERT INTO metadata_general(isolate_id, isolate_name, species, project_name) VALUES ('474', 'BAL01-053', 'Pseudomonas aeruginosa', 'GEMARA') ON DUPLICATE KEY UPDATE isolate_name = 'BAL01-053', species = 'Pseudomonas aeruginosa', project_name = 'GEMARA'; 
INSERT INTO metadata_clinic(clinic_id, isolate_id, sample_type, collection_ward) VALUES ('323', '474', '7', 'UCI Adultos') ON DUPLICATE KEY UPDATE sample_type = '7', collection_ward = 'UCI Adultos'; 
INSERT INTO phenotypic_data(phenotypic_data_id, isolate_id, ecdc_resistance_profile, cloxa_test, mbl_test) VALUES ('323', '474', 'S', '-', '-') ON DUPLICATE KEY UPDATE ecdc_resistance_profile = 'S', cloxa_test = '-', mbl_test = '-'; 
INSERT INTO sequence_analysis(sequence_analysis_id, isolate_id, ame_loci, beta_lactamase_loci, carbapenemase_loci, other_acq_ab_loci) VALUES ('474', '474', '-', '-', '-', '-') ON DUPLICATE KEY UPDATE ame_loci = '-', beta_lactamase_loci = '-', carbapenemase_loci = '-', other_acq_ab_loci = '-'; 
INSERT INTO metadata_general(isolate_id, isolate_name, species, project_name) VALUES ('475', 'BAL01-025', 'Pseudomonas aeruginosa', 'GEMARA') ON DUPLICATE KEY UPDATE isolate_name = 'BAL01-025', species = 'Pseudomonas aeruginosa', project_name = 'GEMARA'; 
INSERT INTO metadata_clinic(clinic_id, isolate_id, sample_type, collection_ward) VALUES ('324', '475', '10', 'Servicios médicos pediatría') ON DUPLICATE KEY UPDATE sample_type = '10', collection_ward = 'Servicios médicos pediatría'; 
INSERT INTO phenotypic_data(phenotypic_data_id, isolate_id, ecdc_resistance_profile, cloxa_test, mbl_test) VALUES ('324', '475', 'S', '-', '-') ON DUPLICATE KEY UPDATE ecdc_resistance_profile = 'S', cloxa_test = '-', mbl_test = '-'; 
INSERT INTO sequence_analysis(sequence_analysis_id, isolate_id, ame_loci, beta_lactamase_loci, carbapenemase_loci, other_acq_ab_loci) VALUES ('475', '475', '-', '-', '-', '-') ON DUPLICATE KEY UPDATE ame_loci = '-', beta_lactamase_loci = '-', carbapenemase_loci = '-', other_acq_ab_loci = '-'; 
INSERT INTO metadata_general(isolate_id, isolate_name, species, project_name) VALUES ('35', 'BAL01-003', 'Pseudomonas aeruginosa', 'GEMARA') ON DUPLICATE KEY UPDATE isolate_name = 'BAL01-003', species = 'Pseudomonas aeruginosa', project_name = 'GEMARA'; 
INSERT INTO metadata_clinic(clinic_id, isolate_id, sample_type, collection_ward) VALUES ('325', '35', '5', 'Urgencias adultos') ON DUPLICATE KEY UPDATE sample_type = '5', collection_ward = 'Urgencias adultos'; 
INSERT INTO phenotypic_data(phenotypic_data_id, isolate_id, ecdc_resistance_profile, cloxa_test, mbl_test) VALUES ('325', '35', 'XDR', '+/+', '-') ON DUPLICATE KEY UPDATE ecdc_resistance_profile = 'XDR', cloxa_test = '+/+', mbl_test = '-'; 
INSERT INTO sequence_analysis(sequence_analysis_id, isolate_id, ame_loci, beta_lactamase_loci, carbapenemase_loci, other_acq_ab_loci) VALUES ('35', '35', 'aadB', '-', '-', '-') ON DUPLICATE KEY UPDATE ame_loci = 'aadB', beta_lactamase_loci = '-', carbapenemase_loci = '-', other_acq_ab_loci = '-'; 
INSERT INTO metadata_general(isolate_id, isolate_name, species, project_name) VALUES ('476', 'BAL01-006', 'Pseudomonas aeruginosa', 'GEMARA') ON DUPLICATE KEY UPDATE isolate_name = 'BAL01-006', species = 'Pseudomonas aeruginosa', project_name = 'GEMARA'; 
INSERT INTO metadata_clinic(clinic_id, isolate_id, sample_type, collection_ward) VALUES ('326', '476', '1', 'Servicios médicos adultos') ON DUPLICATE KEY UPDATE sample_type = '1', collection_ward = 'Servicios médicos adultos'; 
INSERT INTO phenotypic_data(phenotypic_data_id, isolate_id, ecdc_resistance_profile, cloxa_test, mbl_test) VALUES ('326', '476', 'XDR', '+/+', '-') ON DUPLICATE KEY UPDATE ecdc_resistance_profile = 'XDR', cloxa_test = '+/+', mbl_test = '-'; 
INSERT INTO sequence_analysis(sequence_analysis_id, isolate_id, ame_loci, beta_lactamase_loci, carbapenemase_loci, other_acq_ab_loci) VALUES ('476', '476', '-', '-', '-', '-') ON DUPLICATE KEY UPDATE ame_loci = '-', beta_lactamase_loci = '-', carbapenemase_loci = '-', other_acq_ab_loci = '-'; 
INSERT INTO metadata_general(isolate_id, isolate_name, species, project_name) VALUES ('36', 'BAL01-013', 'Pseudomonas aeruginosa', 'GEMARA') ON DUPLICATE KEY UPDATE isolate_name = 'BAL01-013', species = 'Pseudomonas aeruginosa', project_name = 'GEMARA'; 
INSERT INTO metadata_clinic(clinic_id, isolate_id, sample_type, collection_ward) VALUES ('327', '36', '12', 'Servicios quirúrgicos adultos') ON DUPLICATE KEY UPDATE sample_type = '12', collection_ward = 'Servicios quirúrgicos adultos'; 
INSERT INTO phenotypic_data(phenotypic_data_id, isolate_id, ecdc_resistance_profile, cloxa_test, mbl_test) VALUES ('327', '36', 'XDR', '-/s', '-') ON DUPLICATE KEY UPDATE ecdc_resistance_profile = 'XDR', cloxa_test = '-/s', mbl_test = '-'; 
INSERT INTO sequence_analysis(sequence_analysis_id, isolate_id, ame_loci, beta_lactamase_loci, carbapenemase_loci, other_acq_ab_loci) VALUES ('36', '36', 'aadB', '-', '-', '-') ON DUPLICATE KEY UPDATE ame_loci = 'aadB', beta_lactamase_loci = '-', carbapenemase_loci = '-', other_acq_ab_loci = '-'; 
INSERT INTO metadata_general(isolate_id, isolate_name, species, project_name) VALUES ('477', 'BAL01-020', 'Pseudomonas aeruginosa', 'GEMARA') ON DUPLICATE KEY UPDATE isolate_name = 'BAL01-020', species = 'Pseudomonas aeruginosa', project_name = 'GEMARA'; 
INSERT INTO metadata_clinic(clinic_id, isolate_id, sample_type, collection_ward) VALUES ('328', '477', '5', 'Servicios médicos adultos') ON DUPLICATE KEY UPDATE sample_type = '5', collection_ward = 'Servicios médicos adultos'; 
INSERT INTO phenotypic_data(phenotypic_data_id, isolate_id, ecdc_resistance_profile, cloxa_test, mbl_test) VALUES ('328', '477', 'XDR', '+/+', '-') ON DUPLICATE KEY UPDATE ecdc_resistance_profile = 'XDR', cloxa_test = '+/+', mbl_test = '-'; 
INSERT INTO sequence_analysis(sequence_analysis_id, isolate_id, ame_loci, beta_lactamase_loci, carbapenemase_loci, other_acq_ab_loci) VALUES ('477', '477', '-', '-', '-', '-') ON DUPLICATE KEY UPDATE ame_loci = '-', beta_lactamase_loci = '-', carbapenemase_loci = '-', other_acq_ab_loci = '-'; 
INSERT INTO metadata_general(isolate_id, isolate_name, species, project_name) VALUES ('478', 'BAL01-031', 'Pseudomonas aeruginosa', 'GEMARA') ON DUPLICATE KEY UPDATE isolate_name = 'BAL01-031', species = 'Pseudomonas aeruginosa', project_name = 'GEMARA'; 
INSERT INTO metadata_clinic(clinic_id, isolate_id, sample_type, collection_ward) VALUES ('329', '478', '7', 'Servicios médicos adultos') ON DUPLICATE KEY UPDATE sample_type = '7', collection_ward = 'Servicios médicos adultos'; 
INSERT INTO phenotypic_data(phenotypic_data_id, isolate_id, ecdc_resistance_profile, cloxa_test, mbl_test) VALUES ('329', '478', 'XDR', '+/+', '-') ON DUPLICATE KEY UPDATE ecdc_resistance_profile = 'XDR', cloxa_test = '+/+', mbl_test = '-'; 
INSERT INTO sequence_analysis(sequence_analysis_id, isolate_id, ame_loci, beta_lactamase_loci, carbapenemase_loci, other_acq_ab_loci) VALUES ('478', '478', '-', '-', '-', '-') ON DUPLICATE KEY UPDATE ame_loci = '-', beta_lactamase_loci = '-', carbapenemase_loci = '-', other_acq_ab_loci = '-'; 
INSERT INTO metadata_general(isolate_id, isolate_name, species, project_name) VALUES ('479', 'BAL01-044', 'Pseudomonas aeruginosa', 'GEMARA') ON DUPLICATE KEY UPDATE isolate_name = 'BAL01-044', species = 'Pseudomonas aeruginosa', project_name = 'GEMARA'; 
INSERT INTO metadata_clinic(clinic_id, isolate_id, sample_type, collection_ward) VALUES ('330', '479', '5', 'Urgencias adultos') ON DUPLICATE KEY UPDATE sample_type = '5', collection_ward = 'Urgencias adultos'; 
INSERT INTO phenotypic_data(phenotypic_data_id, isolate_id, ecdc_resistance_profile, cloxa_test, mbl_test) VALUES ('330', '479', 'XDR', '+/+', '-') ON DUPLICATE KEY UPDATE ecdc_resistance_profile = 'XDR', cloxa_test = '+/+', mbl_test = '-'; 
INSERT INTO sequence_analysis(sequence_analysis_id, isolate_id, ame_loci, beta_lactamase_loci, carbapenemase_loci, other_acq_ab_loci) VALUES ('479', '479', '-', '-', '-', '-') ON DUPLICATE KEY UPDATE ame_loci = '-', beta_lactamase_loci = '-', carbapenemase_loci = '-', other_acq_ab_loci = '-'; 
INSERT INTO metadata_general(isolate_id, isolate_name, species, project_name) VALUES ('37', 'BAL01-034', 'Pseudomonas aeruginosa', 'GEMARA') ON DUPLICATE KEY UPDATE isolate_name = 'BAL01-034', species = 'Pseudomonas aeruginosa', project_name = 'GEMARA'; 
INSERT INTO metadata_clinic(clinic_id, isolate_id, sample_type, collection_ward) VALUES ('331', '37', '12', 'Centro sociosanitario') ON DUPLICATE KEY UPDATE sample_type = '12', collection_ward = 'Centro sociosanitario'; 
INSERT INTO phenotypic_data(phenotypic_data_id, isolate_id, ecdc_resistance_profile, cloxa_test, mbl_test) VALUES ('331', '37', 'XDR', 's/s', '-') ON DUPLICATE KEY UPDATE ecdc_resistance_profile = 'XDR', cloxa_test = 's/s', mbl_test = '-'; 
INSERT INTO sequence_analysis(sequence_analysis_id, isolate_id, ame_loci, beta_lactamase_loci, carbapenemase_loci, other_acq_ab_loci) VALUES ('37', '37', 'aacA4, aadA1, aac(6\')Ib-cr', 'blaOXA-10', '-', 'QnrVC1, dfrA14') ON DUPLICATE KEY UPDATE ame_loci = 'aacA4, aadA1, aac(6\')Ib-cr', beta_lactamase_loci = 'blaOXA-10', carbapenemase_loci = '-', other_acq_ab_loci = 'QnrVC1, dfrA14'; 
INSERT INTO metadata_general(isolate_id, isolate_name, species, project_name) VALUES ('480', 'BAL02-028', 'Pseudomonas aeruginosa', 'GEMARA') ON DUPLICATE KEY UPDATE isolate_name = 'BAL02-028', species = 'Pseudomonas aeruginosa', project_name = 'GEMARA'; 
INSERT INTO metadata_clinic(clinic_id, isolate_id, sample_type, collection_ward) VALUES ('332', '480', '5', 'Urgencias adultos') ON DUPLICATE KEY UPDATE sample_type = '5', collection_ward = 'Urgencias adultos'; 
INSERT INTO phenotypic_data(phenotypic_data_id, isolate_id, ecdc_resistance_profile, cloxa_test, mbl_test) VALUES ('332', '480', 'MDR', '-', '-') ON DUPLICATE KEY UPDATE ecdc_resistance_profile = 'MDR', cloxa_test = '-', mbl_test = '-'; 
INSERT INTO sequence_analysis(sequence_analysis_id, isolate_id, ame_loci, beta_lactamase_loci, carbapenemase_loci, other_acq_ab_loci) VALUES ('480', '480', '-', '-', '-', '-') ON DUPLICATE KEY UPDATE ame_loci = '-', beta_lactamase_loci = '-', carbapenemase_loci = '-', other_acq_ab_loci = '-'; 
INSERT INTO metadata_general(isolate_id, isolate_name, species, project_name) VALUES ('481', 'BAL02-009', 'Pseudomonas aeruginosa', 'GEMARA') ON DUPLICATE KEY UPDATE isolate_name = 'BAL02-009', species = 'Pseudomonas aeruginosa', project_name = 'GEMARA'; 
INSERT INTO metadata_clinic(clinic_id, isolate_id, sample_type, collection_ward) VALUES ('333', '481', '1', 'Urgencias adultos') ON DUPLICATE KEY UPDATE sample_type = '1', collection_ward = 'Urgencias adultos'; 
INSERT INTO phenotypic_data(phenotypic_data_id, isolate_id, ecdc_resistance_profile, cloxa_test, mbl_test) VALUES ('333', '481', 'MDR', '-', '-') ON DUPLICATE KEY UPDATE ecdc_resistance_profile = 'MDR', cloxa_test = '-', mbl_test = '-'; 
INSERT INTO sequence_analysis(sequence_analysis_id, isolate_id, ame_loci, beta_lactamase_loci, carbapenemase_loci, other_acq_ab_loci) VALUES ('481', '481', '-', '-', '-', '-') ON DUPLICATE KEY UPDATE ame_loci = '-', beta_lactamase_loci = '-', carbapenemase_loci = '-', other_acq_ab_loci = '-'; 
INSERT INTO metadata_general(isolate_id, isolate_name, species, project_name) VALUES ('482', 'BAL02-014', 'Pseudomonas aeruginosa', 'GEMARA') ON DUPLICATE KEY UPDATE isolate_name = 'BAL02-014', species = 'Pseudomonas aeruginosa', project_name = 'GEMARA'; 
INSERT INTO metadata_clinic(clinic_id, isolate_id, sample_type, collection_ward) VALUES ('334', '482', '22', 'Consultas externas') ON DUPLICATE KEY UPDATE sample_type = '22', collection_ward = 'Consultas externas'; 
INSERT INTO phenotypic_data(phenotypic_data_id, isolate_id, ecdc_resistance_profile, cloxa_test, mbl_test) VALUES ('334', '482', 'MDR', '-', '-') ON DUPLICATE KEY UPDATE ecdc_resistance_profile = 'MDR', cloxa_test = '-', mbl_test = '-'; 
INSERT INTO sequence_analysis(sequence_analysis_id, isolate_id, ame_loci, beta_lactamase_loci, carbapenemase_loci, other_acq_ab_loci) VALUES ('482', '482', '-', '-', '-', '-') ON DUPLICATE KEY UPDATE ame_loci = '-', beta_lactamase_loci = '-', carbapenemase_loci = '-', other_acq_ab_loci = '-'; 
INSERT INTO metadata_general(isolate_id, isolate_name, species, project_name) VALUES ('483', 'BAL02-017', 'Pseudomonas aeruginosa', 'GEMARA') ON DUPLICATE KEY UPDATE isolate_name = 'BAL02-017', species = 'Pseudomonas aeruginosa', project_name = 'GEMARA'; 
INSERT INTO metadata_clinic(clinic_id, isolate_id, sample_type, collection_ward) VALUES ('335', '483', '15', 'Urgencias adultos') ON DUPLICATE KEY UPDATE sample_type = '15', collection_ward = 'Urgencias adultos'; 
INSERT INTO phenotypic_data(phenotypic_data_id, isolate_id, ecdc_resistance_profile, cloxa_test, mbl_test) VALUES ('335', '483', 'MDR', '-', '-') ON DUPLICATE KEY UPDATE ecdc_resistance_profile = 'MDR', cloxa_test = '-', mbl_test = '-'; 
INSERT INTO sequence_analysis(sequence_analysis_id, isolate_id, ame_loci, beta_lactamase_loci, carbapenemase_loci, other_acq_ab_loci) VALUES ('483', '483', '-', '-', '-', '-') ON DUPLICATE KEY UPDATE ame_loci = '-', beta_lactamase_loci = '-', carbapenemase_loci = '-', other_acq_ab_loci = '-'; 
INSERT INTO metadata_general(isolate_id, isolate_name, species, project_name) VALUES ('484', 'BAL02-038', 'Pseudomonas aeruginosa', 'GEMARA') ON DUPLICATE KEY UPDATE isolate_name = 'BAL02-038', species = 'Pseudomonas aeruginosa', project_name = 'GEMARA'; 
INSERT INTO metadata_clinic(clinic_id, isolate_id, sample_type, collection_ward) VALUES ('336', '484', '22', 'Consultas externas') ON DUPLICATE KEY UPDATE sample_type = '22', collection_ward = 'Consultas externas'; 
INSERT INTO phenotypic_data(phenotypic_data_id, isolate_id, ecdc_resistance_profile, cloxa_test, mbl_test) VALUES ('336', '484', 'MDR', '-', '-') ON DUPLICATE KEY UPDATE ecdc_resistance_profile = 'MDR', cloxa_test = '-', mbl_test = '-'; 
INSERT INTO sequence_analysis(sequence_analysis_id, isolate_id, ame_loci, beta_lactamase_loci, carbapenemase_loci, other_acq_ab_loci) VALUES ('484', '484', '-', '-', '-', '-') ON DUPLICATE KEY UPDATE ame_loci = '-', beta_lactamase_loci = '-', carbapenemase_loci = '-', other_acq_ab_loci = '-'; 
INSERT INTO metadata_general(isolate_id, isolate_name, species, project_name) VALUES ('485', 'BAL02-032', 'Pseudomonas aeruginosa', 'GEMARA') ON DUPLICATE KEY UPDATE isolate_name = 'BAL02-032', species = 'Pseudomonas aeruginosa', project_name = 'GEMARA'; 
INSERT INTO metadata_clinic(clinic_id, isolate_id, sample_type, collection_ward) VALUES ('337', '485', '16', 'Consultas externas') ON DUPLICATE KEY UPDATE sample_type = '16', collection_ward = 'Consultas externas'; 
INSERT INTO phenotypic_data(phenotypic_data_id, isolate_id, ecdc_resistance_profile, cloxa_test, mbl_test) VALUES ('337', '485', 'S', '-', '-') ON DUPLICATE KEY UPDATE ecdc_resistance_profile = 'S', cloxa_test = '-', mbl_test = '-'; 
INSERT INTO sequence_analysis(sequence_analysis_id, isolate_id, ame_loci, beta_lactamase_loci, carbapenemase_loci, other_acq_ab_loci) VALUES ('485', '485', '-', '-', '-', '-') ON DUPLICATE KEY UPDATE ame_loci = '-', beta_lactamase_loci = '-', carbapenemase_loci = '-', other_acq_ab_loci = '-'; 
INSERT INTO metadata_general(isolate_id, isolate_name, species, project_name) VALUES ('486', 'BAL02-034', 'Pseudomonas aeruginosa', 'GEMARA') ON DUPLICATE KEY UPDATE isolate_name = 'BAL02-034', species = 'Pseudomonas aeruginosa', project_name = 'GEMARA'; 
INSERT INTO metadata_clinic(clinic_id, isolate_id, sample_type, collection_ward) VALUES ('338', '486', '1', 'Consultas externas') ON DUPLICATE KEY UPDATE sample_type = '1', collection_ward = 'Consultas externas'; 
INSERT INTO phenotypic_data(phenotypic_data_id, isolate_id, ecdc_resistance_profile, cloxa_test, mbl_test) VALUES ('338', '486', 'S', '-', '-') ON DUPLICATE KEY UPDATE ecdc_resistance_profile = 'S', cloxa_test = '-', mbl_test = '-'; 
INSERT INTO sequence_analysis(sequence_analysis_id, isolate_id, ame_loci, beta_lactamase_loci, carbapenemase_loci, other_acq_ab_loci) VALUES ('486', '486', '-', '-', '-', '-') ON DUPLICATE KEY UPDATE ame_loci = '-', beta_lactamase_loci = '-', carbapenemase_loci = '-', other_acq_ab_loci = '-'; 
INSERT INTO metadata_general(isolate_id, isolate_name, species, project_name) VALUES ('487', 'BAL02-036', 'Pseudomonas aeruginosa', 'GEMARA') ON DUPLICATE KEY UPDATE isolate_name = 'BAL02-036', species = 'Pseudomonas aeruginosa', project_name = 'GEMARA'; 
INSERT INTO metadata_clinic(clinic_id, isolate_id, sample_type, collection_ward) VALUES ('339', '487', '10', 'Consultas externas') ON DUPLICATE KEY UPDATE sample_type = '10', collection_ward = 'Consultas externas'; 
INSERT INTO phenotypic_data(phenotypic_data_id, isolate_id, ecdc_resistance_profile, cloxa_test, mbl_test) VALUES ('339', '487', 'S', '-', '-') ON DUPLICATE KEY UPDATE ecdc_resistance_profile = 'S', cloxa_test = '-', mbl_test = '-'; 
INSERT INTO sequence_analysis(sequence_analysis_id, isolate_id, ame_loci, beta_lactamase_loci, carbapenemase_loci, other_acq_ab_loci) VALUES ('487', '487', '-', '-', '-', '-') ON DUPLICATE KEY UPDATE ame_loci = '-', beta_lactamase_loci = '-', carbapenemase_loci = '-', other_acq_ab_loci = '-'; 
INSERT INTO metadata_general(isolate_id, isolate_name, species, project_name) VALUES ('488', 'BAL02-037', 'Pseudomonas aeruginosa', 'GEMARA') ON DUPLICATE KEY UPDATE isolate_name = 'BAL02-037', species = 'Pseudomonas aeruginosa', project_name = 'GEMARA'; 
INSERT INTO metadata_clinic(clinic_id, isolate_id, sample_type, collection_ward) VALUES ('340', '488', '1', 'Consultas externas') ON DUPLICATE KEY UPDATE sample_type = '1', collection_ward = 'Consultas externas'; 
INSERT INTO phenotypic_data(phenotypic_data_id, isolate_id, ecdc_resistance_profile, cloxa_test, mbl_test) VALUES ('340', '488', 'S', '-', '-') ON DUPLICATE KEY UPDATE ecdc_resistance_profile = 'S', cloxa_test = '-', mbl_test = '-'; 
INSERT INTO sequence_analysis(sequence_analysis_id, isolate_id, ame_loci, beta_lactamase_loci, carbapenemase_loci, other_acq_ab_loci) VALUES ('488', '488', '-', '-', '-', '-') ON DUPLICATE KEY UPDATE ame_loci = '-', beta_lactamase_loci = '-', carbapenemase_loci = '-', other_acq_ab_loci = '-'; 
INSERT INTO metadata_general(isolate_id, isolate_name, species, project_name) VALUES ('489', 'BAL02-041', 'Pseudomonas aeruginosa', 'GEMARA') ON DUPLICATE KEY UPDATE isolate_name = 'BAL02-041', species = 'Pseudomonas aeruginosa', project_name = 'GEMARA'; 
INSERT INTO metadata_clinic(clinic_id, isolate_id, sample_type, collection_ward) VALUES ('341', '489', '1', 'Consultas externas') ON DUPLICATE KEY UPDATE sample_type = '1', collection_ward = 'Consultas externas'; 
INSERT INTO phenotypic_data(phenotypic_data_id, isolate_id, ecdc_resistance_profile, cloxa_test, mbl_test) VALUES ('341', '489', 'S', '-', '-') ON DUPLICATE KEY UPDATE ecdc_resistance_profile = 'S', cloxa_test = '-', mbl_test = '-'; 
INSERT INTO sequence_analysis(sequence_analysis_id, isolate_id, ame_loci, beta_lactamase_loci, carbapenemase_loci, other_acq_ab_loci) VALUES ('489', '489', '-', '-', '-', '-') ON DUPLICATE KEY UPDATE ame_loci = '-', beta_lactamase_loci = '-', carbapenemase_loci = '-', other_acq_ab_loci = '-'; 
INSERT INTO metadata_general(isolate_id, isolate_name, species, project_name) VALUES ('490', 'BAL02-024', 'Pseudomonas aeruginosa', 'GEMARA') ON DUPLICATE KEY UPDATE isolate_name = 'BAL02-024', species = 'Pseudomonas aeruginosa', project_name = 'GEMARA'; 
INSERT INTO metadata_clinic(clinic_id, isolate_id, sample_type, collection_ward) VALUES ('342', '490', '10', 'Consultas externas') ON DUPLICATE KEY UPDATE sample_type = '10', collection_ward = 'Consultas externas'; 
INSERT INTO phenotypic_data(phenotypic_data_id, isolate_id, ecdc_resistance_profile, cloxa_test, mbl_test) VALUES ('342', '490', 'S', '-', '-') ON DUPLICATE KEY UPDATE ecdc_resistance_profile = 'S', cloxa_test = '-', mbl_test = '-'; 
INSERT INTO sequence_analysis(sequence_analysis_id, isolate_id, ame_loci, beta_lactamase_loci, carbapenemase_loci, other_acq_ab_loci) VALUES ('490', '490', '-', '-', '-', '-') ON DUPLICATE KEY UPDATE ame_loci = '-', beta_lactamase_loci = '-', carbapenemase_loci = '-', other_acq_ab_loci = '-'; 
INSERT INTO metadata_general(isolate_id, isolate_name, species, project_name) VALUES ('491', 'BAL02-010', 'Pseudomonas aeruginosa', 'GEMARA') ON DUPLICATE KEY UPDATE isolate_name = 'BAL02-010', species = 'Pseudomonas aeruginosa', project_name = 'GEMARA'; 
INSERT INTO metadata_clinic(clinic_id, isolate_id, sample_type, collection_ward) VALUES ('343', '491', '1', 'Servicios médicos adultos') ON DUPLICATE KEY UPDATE sample_type = '1', collection_ward = 'Servicios médicos adultos'; 
INSERT INTO phenotypic_data(phenotypic_data_id, isolate_id, ecdc_resistance_profile, cloxa_test, mbl_test) VALUES ('343', '491', 'S', '-', '-') ON DUPLICATE KEY UPDATE ecdc_resistance_profile = 'S', cloxa_test = '-', mbl_test = '-'; 
INSERT INTO sequence_analysis(sequence_analysis_id, isolate_id, ame_loci, beta_lactamase_loci, carbapenemase_loci, other_acq_ab_loci) VALUES ('491', '491', '-', '-', '-', '-') ON DUPLICATE KEY UPDATE ame_loci = '-', beta_lactamase_loci = '-', carbapenemase_loci = '-', other_acq_ab_loci = '-'; 
INSERT INTO metadata_general(isolate_id, isolate_name, species, project_name) VALUES ('492', 'BAL02-029', 'Pseudomonas aeruginosa', 'GEMARA') ON DUPLICATE KEY UPDATE isolate_name = 'BAL02-029', species = 'Pseudomonas aeruginosa', project_name = 'GEMARA'; 
INSERT INTO metadata_clinic(clinic_id, isolate_id, sample_type, collection_ward) VALUES ('344', '492', '1', 'Servicios médicos adultos') ON DUPLICATE KEY UPDATE sample_type = '1', collection_ward = 'Servicios médicos adultos'; 
INSERT INTO phenotypic_data(phenotypic_data_id, isolate_id, ecdc_resistance_profile, cloxa_test, mbl_test) VALUES ('344', '492', 'S', '-', '-') ON DUPLICATE KEY UPDATE ecdc_resistance_profile = 'S', cloxa_test = '-', mbl_test = '-'; 
INSERT INTO sequence_analysis(sequence_analysis_id, isolate_id, ame_loci, beta_lactamase_loci, carbapenemase_loci, other_acq_ab_loci) VALUES ('492', '492', '-', '-', '-', '-') ON DUPLICATE KEY UPDATE ame_loci = '-', beta_lactamase_loci = '-', carbapenemase_loci = '-', other_acq_ab_loci = '-'; 
INSERT INTO metadata_general(isolate_id, isolate_name, species, project_name) VALUES ('493', 'BAL02-025', 'Pseudomonas aeruginosa', 'GEMARA') ON DUPLICATE KEY UPDATE isolate_name = 'BAL02-025', species = 'Pseudomonas aeruginosa', project_name = 'GEMARA'; 
INSERT INTO metadata_clinic(clinic_id, isolate_id, sample_type, collection_ward) VALUES ('345', '493', '1', 'Servicios médicos adultos') ON DUPLICATE KEY UPDATE sample_type = '1', collection_ward = 'Servicios médicos adultos'; 
INSERT INTO phenotypic_data(phenotypic_data_id, isolate_id, ecdc_resistance_profile, cloxa_test, mbl_test) VALUES ('345', '493', 'S', '-', '-') ON DUPLICATE KEY UPDATE ecdc_resistance_profile = 'S', cloxa_test = '-', mbl_test = '-'; 
INSERT INTO sequence_analysis(sequence_analysis_id, isolate_id, ame_loci, beta_lactamase_loci, carbapenemase_loci, other_acq_ab_loci) VALUES ('493', '493', '-', '-', '-', '-') ON DUPLICATE KEY UPDATE ame_loci = '-', beta_lactamase_loci = '-', carbapenemase_loci = '-', other_acq_ab_loci = '-'; 
INSERT INTO metadata_general(isolate_id, isolate_name, species, project_name) VALUES ('494', 'BAL02-001', 'Pseudomonas aeruginosa', 'GEMARA') ON DUPLICATE KEY UPDATE isolate_name = 'BAL02-001', species = 'Pseudomonas aeruginosa', project_name = 'GEMARA'; 
INSERT INTO metadata_clinic(clinic_id, isolate_id, sample_type, collection_ward) VALUES ('346', '494', '1', 'Urgencias adultos') ON DUPLICATE KEY UPDATE sample_type = '1', collection_ward = 'Urgencias adultos'; 
INSERT INTO phenotypic_data(phenotypic_data_id, isolate_id, ecdc_resistance_profile, cloxa_test, mbl_test) VALUES ('346', '494', 'S', '-', '-') ON DUPLICATE KEY UPDATE ecdc_resistance_profile = 'S', cloxa_test = '-', mbl_test = '-'; 
INSERT INTO sequence_analysis(sequence_analysis_id, isolate_id, ame_loci, beta_lactamase_loci, carbapenemase_loci, other_acq_ab_loci) VALUES ('494', '494', '-', '-', '-', '-') ON DUPLICATE KEY UPDATE ame_loci = '-', beta_lactamase_loci = '-', carbapenemase_loci = '-', other_acq_ab_loci = '-'; 
INSERT INTO metadata_general(isolate_id, isolate_name, species, project_name) VALUES ('495', 'BAL02-019', 'Pseudomonas aeruginosa', 'GEMARA') ON DUPLICATE KEY UPDATE isolate_name = 'BAL02-019', species = 'Pseudomonas aeruginosa', project_name = 'GEMARA'; 
INSERT INTO metadata_clinic(clinic_id, isolate_id, sample_type, collection_ward) VALUES ('347', '495', '6', 'Urgencias adultos') ON DUPLICATE KEY UPDATE sample_type = '6', collection_ward = 'Urgencias adultos'; 
INSERT INTO phenotypic_data(phenotypic_data_id, isolate_id, ecdc_resistance_profile, cloxa_test, mbl_test) VALUES ('347', '495', 'S', '-', '-') ON DUPLICATE KEY UPDATE ecdc_resistance_profile = 'S', cloxa_test = '-', mbl_test = '-'; 
INSERT INTO sequence_analysis(sequence_analysis_id, isolate_id, ame_loci, beta_lactamase_loci, carbapenemase_loci, other_acq_ab_loci) VALUES ('495', '495', '-', '-', '-', '-') ON DUPLICATE KEY UPDATE ame_loci = '-', beta_lactamase_loci = '-', carbapenemase_loci = '-', other_acq_ab_loci = '-'; 
INSERT INTO metadata_general(isolate_id, isolate_name, species, project_name) VALUES ('496', 'BAL02-012', 'Pseudomonas aeruginosa', 'GEMARA') ON DUPLICATE KEY UPDATE isolate_name = 'BAL02-012', species = 'Pseudomonas aeruginosa', project_name = 'GEMARA'; 
INSERT INTO metadata_clinic(clinic_id, isolate_id, sample_type, collection_ward) VALUES ('348', '496', '22', 'Consultas externas') ON DUPLICATE KEY UPDATE sample_type = '22', collection_ward = 'Consultas externas'; 
INSERT INTO phenotypic_data(phenotypic_data_id, isolate_id, ecdc_resistance_profile, cloxa_test, mbl_test) VALUES ('348', '496', 'S', '-', '-') ON DUPLICATE KEY UPDATE ecdc_resistance_profile = 'S', cloxa_test = '-', mbl_test = '-'; 
INSERT INTO sequence_analysis(sequence_analysis_id, isolate_id, ame_loci, beta_lactamase_loci, carbapenemase_loci, other_acq_ab_loci) VALUES ('496', '496', '-', '-', '-', '-') ON DUPLICATE KEY UPDATE ame_loci = '-', beta_lactamase_loci = '-', carbapenemase_loci = '-', other_acq_ab_loci = '-'; 
INSERT INTO metadata_general(isolate_id, isolate_name, species, project_name) VALUES ('497', 'BAL02-030', 'Pseudomonas aeruginosa', 'GEMARA') ON DUPLICATE KEY UPDATE isolate_name = 'BAL02-030', species = 'Pseudomonas aeruginosa', project_name = 'GEMARA'; 
INSERT INTO metadata_clinic(clinic_id, isolate_id, sample_type, collection_ward) VALUES ('349', '497', '15', 'Servicios médicos adultos') ON DUPLICATE KEY UPDATE sample_type = '15', collection_ward = 'Servicios médicos adultos'; 
INSERT INTO phenotypic_data(phenotypic_data_id, isolate_id, ecdc_resistance_profile, cloxa_test, mbl_test) VALUES ('349', '497', 'S', '-', '-') ON DUPLICATE KEY UPDATE ecdc_resistance_profile = 'S', cloxa_test = '-', mbl_test = '-'; 
INSERT INTO sequence_analysis(sequence_analysis_id, isolate_id, ame_loci, beta_lactamase_loci, carbapenemase_loci, other_acq_ab_loci) VALUES ('497', '497', '-', '-', '-', '-') ON DUPLICATE KEY UPDATE ame_loci = '-', beta_lactamase_loci = '-', carbapenemase_loci = '-', other_acq_ab_loci = '-'; 
INSERT INTO metadata_general(isolate_id, isolate_name, species, project_name) VALUES ('498', 'BAL02-031', 'Pseudomonas aeruginosa', 'GEMARA') ON DUPLICATE KEY UPDATE isolate_name = 'BAL02-031', species = 'Pseudomonas aeruginosa', project_name = 'GEMARA'; 
INSERT INTO metadata_clinic(clinic_id, isolate_id, sample_type, collection_ward) VALUES ('350', '498', '2', 'Servicios médicos pediatría') ON DUPLICATE KEY UPDATE sample_type = '2', collection_ward = 'Servicios médicos pediatría'; 
INSERT INTO phenotypic_data(phenotypic_data_id, isolate_id, ecdc_resistance_profile, cloxa_test, mbl_test) VALUES ('350', '498', 'S', '-', '-') ON DUPLICATE KEY UPDATE ecdc_resistance_profile = 'S', cloxa_test = '-', mbl_test = '-'; 
INSERT INTO sequence_analysis(sequence_analysis_id, isolate_id, ame_loci, beta_lactamase_loci, carbapenemase_loci, other_acq_ab_loci) VALUES ('498', '498', '-', '-', '-', '-') ON DUPLICATE KEY UPDATE ame_loci = '-', beta_lactamase_loci = '-', carbapenemase_loci = '-', other_acq_ab_loci = '-'; 
INSERT INTO metadata_general(isolate_id, isolate_name, species, project_name) VALUES ('499', 'BAL02-005', 'Pseudomonas aeruginosa', 'GEMARA') ON DUPLICATE KEY UPDATE isolate_name = 'BAL02-005', species = 'Pseudomonas aeruginosa', project_name = 'GEMARA'; 
INSERT INTO metadata_clinic(clinic_id, isolate_id, sample_type, collection_ward) VALUES ('351', '499', '22', 'Servicios médicos adultos') ON DUPLICATE KEY UPDATE sample_type = '22', collection_ward = 'Servicios médicos adultos'; 
INSERT INTO phenotypic_data(phenotypic_data_id, isolate_id, ecdc_resistance_profile, cloxa_test, mbl_test) VALUES ('351', '499', 'S', '-', '-') ON DUPLICATE KEY UPDATE ecdc_resistance_profile = 'S', cloxa_test = '-', mbl_test = '-'; 
INSERT INTO sequence_analysis(sequence_analysis_id, isolate_id, ame_loci, beta_lactamase_loci, carbapenemase_loci, other_acq_ab_loci) VALUES ('499', '499', '-', '-', '-', '-') ON DUPLICATE KEY UPDATE ame_loci = '-', beta_lactamase_loci = '-', carbapenemase_loci = '-', other_acq_ab_loci = '-'; 
INSERT INTO metadata_general(isolate_id, isolate_name, species, project_name) VALUES ('500', 'BAL02-020', 'Pseudomonas aeruginosa', 'GEMARA') ON DUPLICATE KEY UPDATE isolate_name = 'BAL02-020', species = 'Pseudomonas aeruginosa', project_name = 'GEMARA'; 
INSERT INTO metadata_clinic(clinic_id, isolate_id, sample_type, collection_ward) VALUES ('352', '500', '16', 'Urgencias adultos') ON DUPLICATE KEY UPDATE sample_type = '16', collection_ward = 'Urgencias adultos'; 
INSERT INTO phenotypic_data(phenotypic_data_id, isolate_id, ecdc_resistance_profile, cloxa_test, mbl_test) VALUES ('352', '500', 'S', '-', '-') ON DUPLICATE KEY UPDATE ecdc_resistance_profile = 'S', cloxa_test = '-', mbl_test = '-'; 
INSERT INTO sequence_analysis(sequence_analysis_id, isolate_id, ame_loci, beta_lactamase_loci, carbapenemase_loci, other_acq_ab_loci) VALUES ('500', '500', '-', '-', '-', '-') ON DUPLICATE KEY UPDATE ame_loci = '-', beta_lactamase_loci = '-', carbapenemase_loci = '-', other_acq_ab_loci = '-'; 
INSERT INTO metadata_general(isolate_id, isolate_name, species, project_name) VALUES ('501', 'BAL02-033', 'Pseudomonas aeruginosa', 'GEMARA') ON DUPLICATE KEY UPDATE isolate_name = 'BAL02-033', species = 'Pseudomonas aeruginosa', project_name = 'GEMARA'; 
INSERT INTO metadata_clinic(clinic_id, isolate_id, sample_type, collection_ward) VALUES ('353', '501', '15', 'Consultas externas') ON DUPLICATE KEY UPDATE sample_type = '15', collection_ward = 'Consultas externas'; 
INSERT INTO phenotypic_data(phenotypic_data_id, isolate_id, ecdc_resistance_profile, cloxa_test, mbl_test) VALUES ('353', '501', 'S', '-', '-') ON DUPLICATE KEY UPDATE ecdc_resistance_profile = 'S', cloxa_test = '-', mbl_test = '-'; 
INSERT INTO sequence_analysis(sequence_analysis_id, isolate_id, ame_loci, beta_lactamase_loci, carbapenemase_loci, other_acq_ab_loci) VALUES ('501', '501', '-', '-', '-', '-') ON DUPLICATE KEY UPDATE ame_loci = '-', beta_lactamase_loci = '-', carbapenemase_loci = '-', other_acq_ab_loci = '-'; 
INSERT INTO metadata_general(isolate_id, isolate_name, species, project_name) VALUES ('502', 'BAL02-040', 'Pseudomonas aeruginosa', 'GEMARA') ON DUPLICATE KEY UPDATE isolate_name = 'BAL02-040', species = 'Pseudomonas aeruginosa', project_name = 'GEMARA'; 
INSERT INTO metadata_clinic(clinic_id, isolate_id, sample_type, collection_ward) VALUES ('354', '502', '12', 'Consultas externas') ON DUPLICATE KEY UPDATE sample_type = '12', collection_ward = 'Consultas externas'; 
INSERT INTO phenotypic_data(phenotypic_data_id, isolate_id, ecdc_resistance_profile, cloxa_test, mbl_test) VALUES ('354', '502', 'S', 's/s', '-') ON DUPLICATE KEY UPDATE ecdc_resistance_profile = 'S', cloxa_test = 's/s', mbl_test = '-'; 
INSERT INTO sequence_analysis(sequence_analysis_id, isolate_id, ame_loci, beta_lactamase_loci, carbapenemase_loci, other_acq_ab_loci) VALUES ('502', '502', '-', '-', '-', '-') ON DUPLICATE KEY UPDATE ame_loci = '-', beta_lactamase_loci = '-', carbapenemase_loci = '-', other_acq_ab_loci = '-'; 
INSERT INTO metadata_general(isolate_id, isolate_name, species, project_name) VALUES ('503', 'BAL02-044', 'Pseudomonas aeruginosa', 'GEMARA') ON DUPLICATE KEY UPDATE isolate_name = 'BAL02-044', species = 'Pseudomonas aeruginosa', project_name = 'GEMARA'; 
INSERT INTO metadata_clinic(clinic_id, isolate_id, sample_type, collection_ward) VALUES ('355', '503', '4', 'Servicios quirúrgicos adultos') ON DUPLICATE KEY UPDATE sample_type = '4', collection_ward = 'Servicios quirúrgicos adultos'; 
INSERT INTO phenotypic_data(phenotypic_data_id, isolate_id, ecdc_resistance_profile, cloxa_test, mbl_test) VALUES ('355', '503', 'S', '-', '-') ON DUPLICATE KEY UPDATE ecdc_resistance_profile = 'S', cloxa_test = '-', mbl_test = '-'; 
INSERT INTO sequence_analysis(sequence_analysis_id, isolate_id, ame_loci, beta_lactamase_loci, carbapenemase_loci, other_acq_ab_loci) VALUES ('503', '503', '-', '-', '-', '-') ON DUPLICATE KEY UPDATE ame_loci = '-', beta_lactamase_loci = '-', carbapenemase_loci = '-', other_acq_ab_loci = '-'; 
INSERT INTO metadata_general(isolate_id, isolate_name, species, project_name) VALUES ('504', 'BAL02-006', 'Pseudomonas aeruginosa', 'GEMARA') ON DUPLICATE KEY UPDATE isolate_name = 'BAL02-006', species = 'Pseudomonas aeruginosa', project_name = 'GEMARA'; 
INSERT INTO metadata_clinic(clinic_id, isolate_id, sample_type, collection_ward) VALUES ('356', '504', '1', 'Consultas externas') ON DUPLICATE KEY UPDATE sample_type = '1', collection_ward = 'Consultas externas'; 
INSERT INTO phenotypic_data(phenotypic_data_id, isolate_id, ecdc_resistance_profile, cloxa_test, mbl_test) VALUES ('356', '504', 'S', '-', '-') ON DUPLICATE KEY UPDATE ecdc_resistance_profile = 'S', cloxa_test = '-', mbl_test = '-'; 
INSERT INTO sequence_analysis(sequence_analysis_id, isolate_id, ame_loci, beta_lactamase_loci, carbapenemase_loci, other_acq_ab_loci) VALUES ('504', '504', '-', '-', '-', '-') ON DUPLICATE KEY UPDATE ame_loci = '-', beta_lactamase_loci = '-', carbapenemase_loci = '-', other_acq_ab_loci = '-'; 
INSERT INTO metadata_general(isolate_id, isolate_name, species, project_name) VALUES ('505', 'BAL02-027', 'Pseudomonas aeruginosa', 'GEMARA') ON DUPLICATE KEY UPDATE isolate_name = 'BAL02-027', species = 'Pseudomonas aeruginosa', project_name = 'GEMARA'; 
INSERT INTO metadata_clinic(clinic_id, isolate_id, sample_type, collection_ward) VALUES ('357', '505', '8', 'Urgencias adultos') ON DUPLICATE KEY UPDATE sample_type = '8', collection_ward = 'Urgencias adultos'; 
INSERT INTO phenotypic_data(phenotypic_data_id, isolate_id, ecdc_resistance_profile, cloxa_test, mbl_test) VALUES ('357', '505', 'S', '-', '-') ON DUPLICATE KEY UPDATE ecdc_resistance_profile = 'S', cloxa_test = '-', mbl_test = '-'; 
INSERT INTO sequence_analysis(sequence_analysis_id, isolate_id, ame_loci, beta_lactamase_loci, carbapenemase_loci, other_acq_ab_loci) VALUES ('505', '505', '-', '-', '-', '-') ON DUPLICATE KEY UPDATE ame_loci = '-', beta_lactamase_loci = '-', carbapenemase_loci = '-', other_acq_ab_loci = '-'; 
INSERT INTO metadata_general(isolate_id, isolate_name, species, project_name) VALUES ('38', 'BAL02-013', 'Pseudomonas aeruginosa', 'GEMARA') ON DUPLICATE KEY UPDATE isolate_name = 'BAL02-013', species = 'Pseudomonas aeruginosa', project_name = 'GEMARA'; 
INSERT INTO metadata_clinic(clinic_id, isolate_id, sample_type, collection_ward) VALUES ('358', '38', '10', 'Consultas externas') ON DUPLICATE KEY UPDATE sample_type = '10', collection_ward = 'Consultas externas'; 
INSERT INTO phenotypic_data(phenotypic_data_id, isolate_id, ecdc_resistance_profile, cloxa_test, mbl_test) VALUES ('358', '38', 'XDR', 's/+', '-') ON DUPLICATE KEY UPDATE ecdc_resistance_profile = 'XDR', cloxa_test = 's/+', mbl_test = '-'; 
INSERT INTO sequence_analysis(sequence_analysis_id, isolate_id, ame_loci, beta_lactamase_loci, carbapenemase_loci, other_acq_ab_loci) VALUES ('38', '38', 'aadA6, aac(6´)-31', 'blaOXA-2', '-', '-') ON DUPLICATE KEY UPDATE ame_loci = 'aadA6, aac(6´)-31', beta_lactamase_loci = 'blaOXA-2', carbapenemase_loci = '-', other_acq_ab_loci = '-'; 
INSERT INTO metadata_general(isolate_id, isolate_name, species, project_name) VALUES ('39', 'BAL02-015', 'Pseudomonas aeruginosa', 'GEMARA') ON DUPLICATE KEY UPDATE isolate_name = 'BAL02-015', species = 'Pseudomonas aeruginosa', project_name = 'GEMARA'; 
INSERT INTO metadata_clinic(clinic_id, isolate_id, sample_type, collection_ward) VALUES ('359', '39', '22', 'Consultas externas') ON DUPLICATE KEY UPDATE sample_type = '22', collection_ward = 'Consultas externas'; 
INSERT INTO phenotypic_data(phenotypic_data_id, isolate_id, ecdc_resistance_profile, cloxa_test, mbl_test) VALUES ('359', '39', 'XDR', '-/s', '-') ON DUPLICATE KEY UPDATE ecdc_resistance_profile = 'XDR', cloxa_test = '-/s', mbl_test = '-'; 
INSERT INTO sequence_analysis(sequence_analysis_id, isolate_id, ame_loci, beta_lactamase_loci, carbapenemase_loci, other_acq_ab_loci) VALUES ('39', '39', '-', '-', '-', '-') ON DUPLICATE KEY UPDATE ame_loci = '-', beta_lactamase_loci = '-', carbapenemase_loci = '-', other_acq_ab_loci = '-'; 
INSERT INTO metadata_general(isolate_id, isolate_name, species, project_name) VALUES ('506', 'BAL02-022', 'Pseudomonas aeruginosa', 'GEMARA') ON DUPLICATE KEY UPDATE isolate_name = 'BAL02-022', species = 'Pseudomonas aeruginosa', project_name = 'GEMARA'; 
INSERT INTO metadata_clinic(clinic_id, isolate_id, sample_type, collection_ward) VALUES ('360', '506', '5', 'Servicios médicos adultos') ON DUPLICATE KEY UPDATE sample_type = '5', collection_ward = 'Servicios médicos adultos'; 
INSERT INTO phenotypic_data(phenotypic_data_id, isolate_id, ecdc_resistance_profile, cloxa_test, mbl_test) VALUES ('360', '506', 'XDR', '-/s', '-') ON DUPLICATE KEY UPDATE ecdc_resistance_profile = 'XDR', cloxa_test = '-/s', mbl_test = '-'; 
INSERT INTO sequence_analysis(sequence_analysis_id, isolate_id, ame_loci, beta_lactamase_loci, carbapenemase_loci, other_acq_ab_loci) VALUES ('506', '506', '-', '-', '-', '-') ON DUPLICATE KEY UPDATE ame_loci = '-', beta_lactamase_loci = '-', carbapenemase_loci = '-', other_acq_ab_loci = '-'; 
INSERT INTO metadata_general(isolate_id, isolate_name, species, project_name) VALUES ('40', 'BAL02-023', 'Pseudomonas aeruginosa', 'GEMARA') ON DUPLICATE KEY UPDATE isolate_name = 'BAL02-023', species = 'Pseudomonas aeruginosa', project_name = 'GEMARA'; 
INSERT INTO metadata_clinic(clinic_id, isolate_id, sample_type, collection_ward) VALUES ('361', '40', '15', 'Servicios quirúrgicos adultos') ON DUPLICATE KEY UPDATE sample_type = '15', collection_ward = 'Servicios quirúrgicos adultos'; 
INSERT INTO phenotypic_data(phenotypic_data_id, isolate_id, ecdc_resistance_profile, cloxa_test, mbl_test) VALUES ('361', '40', 'XDR', 's/s', '-') ON DUPLICATE KEY UPDATE ecdc_resistance_profile = 'XDR', cloxa_test = 's/s', mbl_test = '-'; 
INSERT INTO sequence_analysis(sequence_analysis_id, isolate_id, ame_loci, beta_lactamase_loci, carbapenemase_loci, other_acq_ab_loci) VALUES ('40', '40', '-', '-', '-', '-') ON DUPLICATE KEY UPDATE ame_loci = '-', beta_lactamase_loci = '-', carbapenemase_loci = '-', other_acq_ab_loci = '-'; 
INSERT INTO metadata_general(isolate_id, isolate_name, species, project_name) VALUES ('507', 'BAL03-022', 'Pseudomonas aeruginosa', 'GEMARA') ON DUPLICATE KEY UPDATE isolate_name = 'BAL03-022', species = 'Pseudomonas aeruginosa', project_name = 'GEMARA'; 
INSERT INTO metadata_clinic(clinic_id, isolate_id, sample_type, collection_ward) VALUES ('362', '507', '2', 'Urgencias adultos') ON DUPLICATE KEY UPDATE sample_type = '2', collection_ward = 'Urgencias adultos'; 
INSERT INTO phenotypic_data(phenotypic_data_id, isolate_id, ecdc_resistance_profile, cloxa_test, mbl_test) VALUES ('362', '507', 'MDR', '-', '-') ON DUPLICATE KEY UPDATE ecdc_resistance_profile = 'MDR', cloxa_test = '-', mbl_test = '-'; 
INSERT INTO sequence_analysis(sequence_analysis_id, isolate_id, ame_loci, beta_lactamase_loci, carbapenemase_loci, other_acq_ab_loci) VALUES ('507', '507', '-', '-', '-', '-') ON DUPLICATE KEY UPDATE ame_loci = '-', beta_lactamase_loci = '-', carbapenemase_loci = '-', other_acq_ab_loci = '-'; 
INSERT INTO metadata_general(isolate_id, isolate_name, species, project_name) VALUES ('508', 'BAL03-014', 'Pseudomonas aeruginosa', 'GEMARA') ON DUPLICATE KEY UPDATE isolate_name = 'BAL03-014', species = 'Pseudomonas aeruginosa', project_name = 'GEMARA'; 
INSERT INTO metadata_clinic(clinic_id, isolate_id, sample_type, collection_ward) VALUES ('363', '508', '9', 'Servicios médicos adultos') ON DUPLICATE KEY UPDATE sample_type = '9', collection_ward = 'Servicios médicos adultos'; 
INSERT INTO phenotypic_data(phenotypic_data_id, isolate_id, ecdc_resistance_profile, cloxa_test, mbl_test) VALUES ('363', '508', 'MDR', '-', '-') ON DUPLICATE KEY UPDATE ecdc_resistance_profile = 'MDR', cloxa_test = '-', mbl_test = '-'; 
INSERT INTO sequence_analysis(sequence_analysis_id, isolate_id, ame_loci, beta_lactamase_loci, carbapenemase_loci, other_acq_ab_loci) VALUES ('508', '508', '-', '-', '-', '-') ON DUPLICATE KEY UPDATE ame_loci = '-', beta_lactamase_loci = '-', carbapenemase_loci = '-', other_acq_ab_loci = '-'; 
INSERT INTO metadata_general(isolate_id, isolate_name, species, project_name) VALUES ('509', 'BAL03-009', 'Pseudomonas aeruginosa', 'GEMARA') ON DUPLICATE KEY UPDATE isolate_name = 'BAL03-009', species = 'Pseudomonas aeruginosa', project_name = 'GEMARA'; 
INSERT INTO metadata_clinic(clinic_id, isolate_id, sample_type, collection_ward) VALUES ('364', '509', '5', 'Servicios médicos adultos') ON DUPLICATE KEY UPDATE sample_type = '5', collection_ward = 'Servicios médicos adultos'; 
INSERT INTO phenotypic_data(phenotypic_data_id, isolate_id, ecdc_resistance_profile, cloxa_test, mbl_test) VALUES ('364', '509', 'S', '-', '-') ON DUPLICATE KEY UPDATE ecdc_resistance_profile = 'S', cloxa_test = '-', mbl_test = '-'; 
INSERT INTO sequence_analysis(sequence_analysis_id, isolate_id, ame_loci, beta_lactamase_loci, carbapenemase_loci, other_acq_ab_loci) VALUES ('509', '509', '-', '-', '-', '-') ON DUPLICATE KEY UPDATE ame_loci = '-', beta_lactamase_loci = '-', carbapenemase_loci = '-', other_acq_ab_loci = '-'; 
INSERT INTO metadata_general(isolate_id, isolate_name, species, project_name) VALUES ('510', 'BAL03-001', 'Pseudomonas aeruginosa', 'GEMARA') ON DUPLICATE KEY UPDATE isolate_name = 'BAL03-001', species = 'Pseudomonas aeruginosa', project_name = 'GEMARA'; 
INSERT INTO metadata_clinic(clinic_id, isolate_id, sample_type, collection_ward) VALUES ('365', '510', '6', 'UCI Adultos') ON DUPLICATE KEY UPDATE sample_type = '6', collection_ward = 'UCI Adultos'; 
INSERT INTO phenotypic_data(phenotypic_data_id, isolate_id, ecdc_resistance_profile, cloxa_test, mbl_test) VALUES ('365', '510', 'S', '-', '-') ON DUPLICATE KEY UPDATE ecdc_resistance_profile = 'S', cloxa_test = '-', mbl_test = '-'; 
INSERT INTO sequence_analysis(sequence_analysis_id, isolate_id, ame_loci, beta_lactamase_loci, carbapenemase_loci, other_acq_ab_loci) VALUES ('510', '510', '-', '-', '-', '-') ON DUPLICATE KEY UPDATE ame_loci = '-', beta_lactamase_loci = '-', carbapenemase_loci = '-', other_acq_ab_loci = '-'; 
INSERT INTO metadata_general(isolate_id, isolate_name, species, project_name) VALUES ('511', 'BAL03-007', 'Pseudomonas aeruginosa', 'GEMARA') ON DUPLICATE KEY UPDATE isolate_name = 'BAL03-007', species = 'Pseudomonas aeruginosa', project_name = 'GEMARA'; 
INSERT INTO metadata_clinic(clinic_id, isolate_id, sample_type, collection_ward) VALUES ('366', '511', '10', 'Consultas externas') ON DUPLICATE KEY UPDATE sample_type = '10', collection_ward = 'Consultas externas'; 
INSERT INTO phenotypic_data(phenotypic_data_id, isolate_id, ecdc_resistance_profile, cloxa_test, mbl_test) VALUES ('366', '511', 'S', '-', '-') ON DUPLICATE KEY UPDATE ecdc_resistance_profile = 'S', cloxa_test = '-', mbl_test = '-'; 
INSERT INTO sequence_analysis(sequence_analysis_id, isolate_id, ame_loci, beta_lactamase_loci, carbapenemase_loci, other_acq_ab_loci) VALUES ('511', '511', '-', '-', '-', '-') ON DUPLICATE KEY UPDATE ame_loci = '-', beta_lactamase_loci = '-', carbapenemase_loci = '-', other_acq_ab_loci = '-'; 
INSERT INTO metadata_general(isolate_id, isolate_name, species, project_name) VALUES ('512', 'BAL03-013', 'Pseudomonas aeruginosa', 'GEMARA') ON DUPLICATE KEY UPDATE isolate_name = 'BAL03-013', species = 'Pseudomonas aeruginosa', project_name = 'GEMARA'; 
INSERT INTO metadata_clinic(clinic_id, isolate_id, sample_type, collection_ward) VALUES ('367', '512', '24', 'Servicios quirúrgicos adultos') ON DUPLICATE KEY UPDATE sample_type = '24', collection_ward = 'Servicios quirúrgicos adultos'; 
INSERT INTO phenotypic_data(phenotypic_data_id, isolate_id, ecdc_resistance_profile, cloxa_test, mbl_test) VALUES ('367', '512', 'S', '-', '-') ON DUPLICATE KEY UPDATE ecdc_resistance_profile = 'S', cloxa_test = '-', mbl_test = '-'; 
INSERT INTO sequence_analysis(sequence_analysis_id, isolate_id, ame_loci, beta_lactamase_loci, carbapenemase_loci, other_acq_ab_loci) VALUES ('512', '512', '-', '-', '-', '-') ON DUPLICATE KEY UPDATE ame_loci = '-', beta_lactamase_loci = '-', carbapenemase_loci = '-', other_acq_ab_loci = '-'; 
INSERT INTO metadata_general(isolate_id, isolate_name, species, project_name) VALUES ('513', 'BAL03-015', 'Pseudomonas aeruginosa', 'GEMARA') ON DUPLICATE KEY UPDATE isolate_name = 'BAL03-015', species = 'Pseudomonas aeruginosa', project_name = 'GEMARA'; 
INSERT INTO metadata_clinic(clinic_id, isolate_id, sample_type, collection_ward) VALUES ('368', '513', '20', 'UCI Adultos') ON DUPLICATE KEY UPDATE sample_type = '20', collection_ward = 'UCI Adultos'; 
INSERT INTO phenotypic_data(phenotypic_data_id, isolate_id, ecdc_resistance_profile, cloxa_test, mbl_test) VALUES ('368', '513', 'S', '-', '-') ON DUPLICATE KEY UPDATE ecdc_resistance_profile = 'S', cloxa_test = '-', mbl_test = '-'; 
INSERT INTO sequence_analysis(sequence_analysis_id, isolate_id, ame_loci, beta_lactamase_loci, carbapenemase_loci, other_acq_ab_loci) VALUES ('513', '513', '-', '-', '-', '-') ON DUPLICATE KEY UPDATE ame_loci = '-', beta_lactamase_loci = '-', carbapenemase_loci = '-', other_acq_ab_loci = '-'; 
INSERT INTO metadata_general(isolate_id, isolate_name, species, project_name) VALUES ('514', 'BAL03-032', 'Pseudomonas aeruginosa', 'GEMARA') ON DUPLICATE KEY UPDATE isolate_name = 'BAL03-032', species = 'Pseudomonas aeruginosa', project_name = 'GEMARA'; 
INSERT INTO metadata_clinic(clinic_id, isolate_id, sample_type, collection_ward) VALUES ('369', '514', '7', 'UCI Adultos') ON DUPLICATE KEY UPDATE sample_type = '7', collection_ward = 'UCI Adultos'; 
INSERT INTO phenotypic_data(phenotypic_data_id, isolate_id, ecdc_resistance_profile, cloxa_test, mbl_test) VALUES ('369', '514', 'S', '-', '-') ON DUPLICATE KEY UPDATE ecdc_resistance_profile = 'S', cloxa_test = '-', mbl_test = '-'; 
INSERT INTO sequence_analysis(sequence_analysis_id, isolate_id, ame_loci, beta_lactamase_loci, carbapenemase_loci, other_acq_ab_loci) VALUES ('514', '514', '-', '-', '-', '-') ON DUPLICATE KEY UPDATE ame_loci = '-', beta_lactamase_loci = '-', carbapenemase_loci = '-', other_acq_ab_loci = '-'; 
INSERT INTO metadata_general(isolate_id, isolate_name, species, project_name) VALUES ('515', 'BAL03-040', 'Pseudomonas aeruginosa', 'GEMARA') ON DUPLICATE KEY UPDATE isolate_name = 'BAL03-040', species = 'Pseudomonas aeruginosa', project_name = 'GEMARA'; 
INSERT INTO metadata_clinic(clinic_id, isolate_id, sample_type, collection_ward) VALUES ('370', '515', '6', 'Servicios quirúrgicos adultos') ON DUPLICATE KEY UPDATE sample_type = '6', collection_ward = 'Servicios quirúrgicos adultos'; 
INSERT INTO phenotypic_data(phenotypic_data_id, isolate_id, ecdc_resistance_profile, cloxa_test, mbl_test) VALUES ('370', '515', 'S', '-', '-') ON DUPLICATE KEY UPDATE ecdc_resistance_profile = 'S', cloxa_test = '-', mbl_test = '-'; 
INSERT INTO sequence_analysis(sequence_analysis_id, isolate_id, ame_loci, beta_lactamase_loci, carbapenemase_loci, other_acq_ab_loci) VALUES ('515', '515', '-', '-', '-', '-') ON DUPLICATE KEY UPDATE ame_loci = '-', beta_lactamase_loci = '-', carbapenemase_loci = '-', other_acq_ab_loci = '-'; 
INSERT INTO metadata_general(isolate_id, isolate_name, species, project_name) VALUES ('516', 'BAL03-043', 'Pseudomonas aeruginosa', 'GEMARA') ON DUPLICATE KEY UPDATE isolate_name = 'BAL03-043', species = 'Pseudomonas aeruginosa', project_name = 'GEMARA'; 
INSERT INTO metadata_clinic(clinic_id, isolate_id, sample_type, collection_ward) VALUES ('371', '516', '9', 'Servicios médicos adultos') ON DUPLICATE KEY UPDATE sample_type = '9', collection_ward = 'Servicios médicos adultos'; 
INSERT INTO phenotypic_data(phenotypic_data_id, isolate_id, ecdc_resistance_profile, cloxa_test, mbl_test) VALUES ('371', '516', 'S', '-', '-') ON DUPLICATE KEY UPDATE ecdc_resistance_profile = 'S', cloxa_test = '-', mbl_test = '-'; 
INSERT INTO sequence_analysis(sequence_analysis_id, isolate_id, ame_loci, beta_lactamase_loci, carbapenemase_loci, other_acq_ab_loci) VALUES ('516', '516', '-', '-', '-', '-') ON DUPLICATE KEY UPDATE ame_loci = '-', beta_lactamase_loci = '-', carbapenemase_loci = '-', other_acq_ab_loci = '-'; 
INSERT INTO metadata_general(isolate_id, isolate_name, species, project_name) VALUES ('517', 'BAL03-050', 'Pseudomonas aeruginosa', 'GEMARA') ON DUPLICATE KEY UPDATE isolate_name = 'BAL03-050', species = 'Pseudomonas aeruginosa', project_name = 'GEMARA'; 
INSERT INTO metadata_clinic(clinic_id, isolate_id, sample_type, collection_ward) VALUES ('372', '517', '5', 'Servicios médicos adultos') ON DUPLICATE KEY UPDATE sample_type = '5', collection_ward = 'Servicios médicos adultos'; 
INSERT INTO phenotypic_data(phenotypic_data_id, isolate_id, ecdc_resistance_profile, cloxa_test, mbl_test) VALUES ('372', '517', 'S', '-', '-') ON DUPLICATE KEY UPDATE ecdc_resistance_profile = 'S', cloxa_test = '-', mbl_test = '-'; 
INSERT INTO sequence_analysis(sequence_analysis_id, isolate_id, ame_loci, beta_lactamase_loci, carbapenemase_loci, other_acq_ab_loci) VALUES ('517', '517', '-', '-', '-', '-') ON DUPLICATE KEY UPDATE ame_loci = '-', beta_lactamase_loci = '-', carbapenemase_loci = '-', other_acq_ab_loci = '-'; 
INSERT INTO metadata_general(isolate_id, isolate_name, species, project_name) VALUES ('518', 'BAL03-010', 'Pseudomonas aeruginosa', 'GEMARA') ON DUPLICATE KEY UPDATE isolate_name = 'BAL03-010', species = 'Pseudomonas aeruginosa', project_name = 'GEMARA'; 
INSERT INTO metadata_clinic(clinic_id, isolate_id, sample_type, collection_ward) VALUES ('373', '518', '5', 'Servicios quirúrgicos pediatría') ON DUPLICATE KEY UPDATE sample_type = '5', collection_ward = 'Servicios quirúrgicos pediatría'; 
INSERT INTO phenotypic_data(phenotypic_data_id, isolate_id, ecdc_resistance_profile, cloxa_test, mbl_test) VALUES ('373', '518', 'S', '-', '-') ON DUPLICATE KEY UPDATE ecdc_resistance_profile = 'S', cloxa_test = '-', mbl_test = '-'; 
INSERT INTO sequence_analysis(sequence_analysis_id, isolate_id, ame_loci, beta_lactamase_loci, carbapenemase_loci, other_acq_ab_loci) VALUES ('518', '518', '-', '-', '-', '-') ON DUPLICATE KEY UPDATE ame_loci = '-', beta_lactamase_loci = '-', carbapenemase_loci = '-', other_acq_ab_loci = '-'; 
INSERT INTO metadata_general(isolate_id, isolate_name, species, project_name) VALUES ('519', 'BAL03-023', 'Pseudomonas aeruginosa', 'GEMARA') ON DUPLICATE KEY UPDATE isolate_name = 'BAL03-023', species = 'Pseudomonas aeruginosa', project_name = 'GEMARA'; 
INSERT INTO metadata_clinic(clinic_id, isolate_id, sample_type, collection_ward) VALUES ('374', '519', '5', 'Urgencias adultos') ON DUPLICATE KEY UPDATE sample_type = '5', collection_ward = 'Urgencias adultos'; 
INSERT INTO phenotypic_data(phenotypic_data_id, isolate_id, ecdc_resistance_profile, cloxa_test, mbl_test) VALUES ('374', '519', 'S', '-', '-') ON DUPLICATE KEY UPDATE ecdc_resistance_profile = 'S', cloxa_test = '-', mbl_test = '-'; 
INSERT INTO sequence_analysis(sequence_analysis_id, isolate_id, ame_loci, beta_lactamase_loci, carbapenemase_loci, other_acq_ab_loci) VALUES ('519', '519', '-', '-', '-', '-') ON DUPLICATE KEY UPDATE ame_loci = '-', beta_lactamase_loci = '-', carbapenemase_loci = '-', other_acq_ab_loci = '-'; 
INSERT INTO metadata_general(isolate_id, isolate_name, species, project_name) VALUES ('520', 'BAL03-037', 'Pseudomonas aeruginosa', 'GEMARA') ON DUPLICATE KEY UPDATE isolate_name = 'BAL03-037', species = 'Pseudomonas aeruginosa', project_name = 'GEMARA'; 
INSERT INTO metadata_clinic(clinic_id, isolate_id, sample_type, collection_ward) VALUES ('375', '520', '5', 'Servicios quirúrgicos adultos') ON DUPLICATE KEY UPDATE sample_type = '5', collection_ward = 'Servicios quirúrgicos adultos'; 
INSERT INTO phenotypic_data(phenotypic_data_id, isolate_id, ecdc_resistance_profile, cloxa_test, mbl_test) VALUES ('375', '520', 'S', '-', '-') ON DUPLICATE KEY UPDATE ecdc_resistance_profile = 'S', cloxa_test = '-', mbl_test = '-'; 
INSERT INTO sequence_analysis(sequence_analysis_id, isolate_id, ame_loci, beta_lactamase_loci, carbapenemase_loci, other_acq_ab_loci) VALUES ('520', '520', '-', '-', '-', '-') ON DUPLICATE KEY UPDATE ame_loci = '-', beta_lactamase_loci = '-', carbapenemase_loci = '-', other_acq_ab_loci = '-'; 
INSERT INTO metadata_general(isolate_id, isolate_name, species, project_name) VALUES ('521', 'BAL03-039', 'Pseudomonas aeruginosa', 'GEMARA') ON DUPLICATE KEY UPDATE isolate_name = 'BAL03-039', species = 'Pseudomonas aeruginosa', project_name = 'GEMARA'; 
INSERT INTO metadata_clinic(clinic_id, isolate_id, sample_type, collection_ward) VALUES ('376', '521', '19', 'Servicios quirúrgicos adultos') ON DUPLICATE KEY UPDATE sample_type = '19', collection_ward = 'Servicios quirúrgicos adultos'; 
INSERT INTO phenotypic_data(phenotypic_data_id, isolate_id, ecdc_resistance_profile, cloxa_test, mbl_test) VALUES ('376', '521', 'S', '-', '-') ON DUPLICATE KEY UPDATE ecdc_resistance_profile = 'S', cloxa_test = '-', mbl_test = '-'; 
INSERT INTO sequence_analysis(sequence_analysis_id, isolate_id, ame_loci, beta_lactamase_loci, carbapenemase_loci, other_acq_ab_loci) VALUES ('521', '521', '-', '-', '-', '-') ON DUPLICATE KEY UPDATE ame_loci = '-', beta_lactamase_loci = '-', carbapenemase_loci = '-', other_acq_ab_loci = '-'; 
INSERT INTO metadata_general(isolate_id, isolate_name, species, project_name) VALUES ('522', 'BAL03-041', 'Pseudomonas aeruginosa', 'GEMARA') ON DUPLICATE KEY UPDATE isolate_name = 'BAL03-041', species = 'Pseudomonas aeruginosa', project_name = 'GEMARA'; 
INSERT INTO metadata_clinic(clinic_id, isolate_id, sample_type, collection_ward) VALUES ('377', '522', '20', 'UCI pediatría') ON DUPLICATE KEY UPDATE sample_type = '20', collection_ward = 'UCI pediatría'; 
INSERT INTO phenotypic_data(phenotypic_data_id, isolate_id, ecdc_resistance_profile, cloxa_test, mbl_test) VALUES ('377', '522', 'S', '-', '-') ON DUPLICATE KEY UPDATE ecdc_resistance_profile = 'S', cloxa_test = '-', mbl_test = '-'; 
INSERT INTO sequence_analysis(sequence_analysis_id, isolate_id, ame_loci, beta_lactamase_loci, carbapenemase_loci, other_acq_ab_loci) VALUES ('522', '522', '-', '-', '-', '-') ON DUPLICATE KEY UPDATE ame_loci = '-', beta_lactamase_loci = '-', carbapenemase_loci = '-', other_acq_ab_loci = '-'; 
INSERT INTO metadata_general(isolate_id, isolate_name, species, project_name) VALUES ('523', 'BAL03-029', 'Pseudomonas aeruginosa', 'GEMARA') ON DUPLICATE KEY UPDATE isolate_name = 'BAL03-029', species = 'Pseudomonas aeruginosa', project_name = 'GEMARA'; 
INSERT INTO metadata_clinic(clinic_id, isolate_id, sample_type, collection_ward) VALUES ('378', '523', '5', 'Urgencias adultos') ON DUPLICATE KEY UPDATE sample_type = '5', collection_ward = 'Urgencias adultos'; 
INSERT INTO phenotypic_data(phenotypic_data_id, isolate_id, ecdc_resistance_profile, cloxa_test, mbl_test) VALUES ('378', '523', 'S', '-', '-') ON DUPLICATE KEY UPDATE ecdc_resistance_profile = 'S', cloxa_test = '-', mbl_test = '-'; 
INSERT INTO sequence_analysis(sequence_analysis_id, isolate_id, ame_loci, beta_lactamase_loci, carbapenemase_loci, other_acq_ab_loci) VALUES ('523', '523', '-', '-', '-', '-') ON DUPLICATE KEY UPDATE ame_loci = '-', beta_lactamase_loci = '-', carbapenemase_loci = '-', other_acq_ab_loci = '-'; 
INSERT INTO metadata_general(isolate_id, isolate_name, species, project_name) VALUES ('524', 'BAL03-036', 'Pseudomonas aeruginosa', 'GEMARA') ON DUPLICATE KEY UPDATE isolate_name = 'BAL03-036', species = 'Pseudomonas aeruginosa', project_name = 'GEMARA'; 
INSERT INTO metadata_clinic(clinic_id, isolate_id, sample_type, collection_ward) VALUES ('379', '524', '5', 'Urgencias adultos') ON DUPLICATE KEY UPDATE sample_type = '5', collection_ward = 'Urgencias adultos'; 
INSERT INTO phenotypic_data(phenotypic_data_id, isolate_id, ecdc_resistance_profile, cloxa_test, mbl_test) VALUES ('379', '524', 'S', '-', '-') ON DUPLICATE KEY UPDATE ecdc_resistance_profile = 'S', cloxa_test = '-', mbl_test = '-'; 
INSERT INTO sequence_analysis(sequence_analysis_id, isolate_id, ame_loci, beta_lactamase_loci, carbapenemase_loci, other_acq_ab_loci) VALUES ('524', '524', '-', '-', '-', '-') ON DUPLICATE KEY UPDATE ame_loci = '-', beta_lactamase_loci = '-', carbapenemase_loci = '-', other_acq_ab_loci = '-'; 
INSERT INTO metadata_general(isolate_id, isolate_name, species, project_name) VALUES ('525', 'BAL03-026', 'Pseudomonas aeruginosa', 'GEMARA') ON DUPLICATE KEY UPDATE isolate_name = 'BAL03-026', species = 'Pseudomonas aeruginosa', project_name = 'GEMARA'; 
INSERT INTO metadata_clinic(clinic_id, isolate_id, sample_type, collection_ward) VALUES ('380', '525', '8', 'Servicios médicos adultos') ON DUPLICATE KEY UPDATE sample_type = '8', collection_ward = 'Servicios médicos adultos'; 
INSERT INTO phenotypic_data(phenotypic_data_id, isolate_id, ecdc_resistance_profile, cloxa_test, mbl_test) VALUES ('380', '525', 'S', '-', '-') ON DUPLICATE KEY UPDATE ecdc_resistance_profile = 'S', cloxa_test = '-', mbl_test = '-'; 
INSERT INTO sequence_analysis(sequence_analysis_id, isolate_id, ame_loci, beta_lactamase_loci, carbapenemase_loci, other_acq_ab_loci) VALUES ('525', '525', '-', '-', '-', '-') ON DUPLICATE KEY UPDATE ame_loci = '-', beta_lactamase_loci = '-', carbapenemase_loci = '-', other_acq_ab_loci = '-'; 
INSERT INTO metadata_general(isolate_id, isolate_name, species, project_name) VALUES ('526', 'BAL03-048', 'Pseudomonas aeruginosa', 'GEMARA') ON DUPLICATE KEY UPDATE isolate_name = 'BAL03-048', species = 'Pseudomonas aeruginosa', project_name = 'GEMARA'; 
INSERT INTO metadata_clinic(clinic_id, isolate_id, sample_type, collection_ward) VALUES ('381', '526', '6', 'Urgencias adultos') ON DUPLICATE KEY UPDATE sample_type = '6', collection_ward = 'Urgencias adultos'; 
INSERT INTO phenotypic_data(phenotypic_data_id, isolate_id, ecdc_resistance_profile, cloxa_test, mbl_test) VALUES ('381', '526', 'S', '-', '-') ON DUPLICATE KEY UPDATE ecdc_resistance_profile = 'S', cloxa_test = '-', mbl_test = '-'; 
INSERT INTO sequence_analysis(sequence_analysis_id, isolate_id, ame_loci, beta_lactamase_loci, carbapenemase_loci, other_acq_ab_loci) VALUES ('526', '526', '-', '-', '-', '-') ON DUPLICATE KEY UPDATE ame_loci = '-', beta_lactamase_loci = '-', carbapenemase_loci = '-', other_acq_ab_loci = '-'; 
INSERT INTO metadata_general(isolate_id, isolate_name, species, project_name) VALUES ('527', 'BAL03-006', 'Pseudomonas aeruginosa', 'GEMARA') ON DUPLICATE KEY UPDATE isolate_name = 'BAL03-006', species = 'Pseudomonas aeruginosa', project_name = 'GEMARA'; 
INSERT INTO metadata_clinic(clinic_id, isolate_id, sample_type, collection_ward) VALUES ('382', '527', '5', 'Urgencias adultos') ON DUPLICATE KEY UPDATE sample_type = '5', collection_ward = 'Urgencias adultos'; 
INSERT INTO phenotypic_data(phenotypic_data_id, isolate_id, ecdc_resistance_profile, cloxa_test, mbl_test) VALUES ('382', '527', 'S', '-', '-') ON DUPLICATE KEY UPDATE ecdc_resistance_profile = 'S', cloxa_test = '-', mbl_test = '-'; 
INSERT INTO sequence_analysis(sequence_analysis_id, isolate_id, ame_loci, beta_lactamase_loci, carbapenemase_loci, other_acq_ab_loci) VALUES ('527', '527', '-', '-', '-', '-') ON DUPLICATE KEY UPDATE ame_loci = '-', beta_lactamase_loci = '-', carbapenemase_loci = '-', other_acq_ab_loci = '-'; 
INSERT INTO metadata_general(isolate_id, isolate_name, species, project_name) VALUES ('528', 'BAL03-020', 'Pseudomonas aeruginosa', 'GEMARA') ON DUPLICATE KEY UPDATE isolate_name = 'BAL03-020', species = 'Pseudomonas aeruginosa', project_name = 'GEMARA'; 
INSERT INTO metadata_clinic(clinic_id, isolate_id, sample_type, collection_ward) VALUES ('383', '528', '20', 'Servicios quirúrgicos adultos') ON DUPLICATE KEY UPDATE sample_type = '20', collection_ward = 'Servicios quirúrgicos adultos'; 
INSERT INTO phenotypic_data(phenotypic_data_id, isolate_id, ecdc_resistance_profile, cloxa_test, mbl_test) VALUES ('383', '528', 'S', '-', '-') ON DUPLICATE KEY UPDATE ecdc_resistance_profile = 'S', cloxa_test = '-', mbl_test = '-'; 
INSERT INTO sequence_analysis(sequence_analysis_id, isolate_id, ame_loci, beta_lactamase_loci, carbapenemase_loci, other_acq_ab_loci) VALUES ('528', '528', '-', '-', '-', '-') ON DUPLICATE KEY UPDATE ame_loci = '-', beta_lactamase_loci = '-', carbapenemase_loci = '-', other_acq_ab_loci = '-'; 
INSERT INTO metadata_general(isolate_id, isolate_name, species, project_name) VALUES ('529', 'BAL03-012', 'Pseudomonas aeruginosa', 'GEMARA') ON DUPLICATE KEY UPDATE isolate_name = 'BAL03-012', species = 'Pseudomonas aeruginosa', project_name = 'GEMARA'; 
INSERT INTO metadata_clinic(clinic_id, isolate_id, sample_type, collection_ward) VALUES ('384', '529', '5', 'Consultas externas') ON DUPLICATE KEY UPDATE sample_type = '5', collection_ward = 'Consultas externas'; 
INSERT INTO phenotypic_data(phenotypic_data_id, isolate_id, ecdc_resistance_profile, cloxa_test, mbl_test) VALUES ('384', '529', 'S', '-', '-') ON DUPLICATE KEY UPDATE ecdc_resistance_profile = 'S', cloxa_test = '-', mbl_test = '-'; 
INSERT INTO sequence_analysis(sequence_analysis_id, isolate_id, ame_loci, beta_lactamase_loci, carbapenemase_loci, other_acq_ab_loci) VALUES ('529', '529', '-', '-', '-', '-') ON DUPLICATE KEY UPDATE ame_loci = '-', beta_lactamase_loci = '-', carbapenemase_loci = '-', other_acq_ab_loci = '-'; 
INSERT INTO metadata_general(isolate_id, isolate_name, species, project_name) VALUES ('530', 'BAL03-021', 'Pseudomonas aeruginosa', 'GEMARA') ON DUPLICATE KEY UPDATE isolate_name = 'BAL03-021', species = 'Pseudomonas aeruginosa', project_name = 'GEMARA'; 
INSERT INTO metadata_clinic(clinic_id, isolate_id, sample_type, collection_ward) VALUES ('385', '530', '1', 'Consultas externas') ON DUPLICATE KEY UPDATE sample_type = '1', collection_ward = 'Consultas externas'; 
INSERT INTO phenotypic_data(phenotypic_data_id, isolate_id, ecdc_resistance_profile, cloxa_test, mbl_test) VALUES ('385', '530', 'S', '-', '-') ON DUPLICATE KEY UPDATE ecdc_resistance_profile = 'S', cloxa_test = '-', mbl_test = '-'; 
INSERT INTO sequence_analysis(sequence_analysis_id, isolate_id, ame_loci, beta_lactamase_loci, carbapenemase_loci, other_acq_ab_loci) VALUES ('530', '530', '-', '-', '-', '-') ON DUPLICATE KEY UPDATE ame_loci = '-', beta_lactamase_loci = '-', carbapenemase_loci = '-', other_acq_ab_loci = '-'; 
INSERT INTO metadata_general(isolate_id, isolate_name, species, project_name) VALUES ('531', 'BAL03-031', 'Pseudomonas aeruginosa', 'GEMARA') ON DUPLICATE KEY UPDATE isolate_name = 'BAL03-031', species = 'Pseudomonas aeruginosa', project_name = 'GEMARA'; 
INSERT INTO metadata_clinic(clinic_id, isolate_id, sample_type, collection_ward) VALUES ('386', '531', '7', 'UCI Adultos') ON DUPLICATE KEY UPDATE sample_type = '7', collection_ward = 'UCI Adultos'; 
INSERT INTO phenotypic_data(phenotypic_data_id, isolate_id, ecdc_resistance_profile, cloxa_test, mbl_test) VALUES ('386', '531', 'S', '-', '-') ON DUPLICATE KEY UPDATE ecdc_resistance_profile = 'S', cloxa_test = '-', mbl_test = '-'; 
INSERT INTO sequence_analysis(sequence_analysis_id, isolate_id, ame_loci, beta_lactamase_loci, carbapenemase_loci, other_acq_ab_loci) VALUES ('531', '531', '-', '-', '-', '-') ON DUPLICATE KEY UPDATE ame_loci = '-', beta_lactamase_loci = '-', carbapenemase_loci = '-', other_acq_ab_loci = '-'; 
INSERT INTO metadata_general(isolate_id, isolate_name, species, project_name) VALUES ('532', 'BAL03-042', 'Pseudomonas aeruginosa', 'GEMARA') ON DUPLICATE KEY UPDATE isolate_name = 'BAL03-042', species = 'Pseudomonas aeruginosa', project_name = 'GEMARA'; 
INSERT INTO metadata_clinic(clinic_id, isolate_id, sample_type, collection_ward) VALUES ('387', '532', '1', 'Consultas externas') ON DUPLICATE KEY UPDATE sample_type = '1', collection_ward = 'Consultas externas'; 
INSERT INTO phenotypic_data(phenotypic_data_id, isolate_id, ecdc_resistance_profile, cloxa_test, mbl_test) VALUES ('387', '532', 'S', '-', '-') ON DUPLICATE KEY UPDATE ecdc_resistance_profile = 'S', cloxa_test = '-', mbl_test = '-'; 
INSERT INTO sequence_analysis(sequence_analysis_id, isolate_id, ame_loci, beta_lactamase_loci, carbapenemase_loci, other_acq_ab_loci) VALUES ('532', '532', '-', '-', '-', '-') ON DUPLICATE KEY UPDATE ame_loci = '-', beta_lactamase_loci = '-', carbapenemase_loci = '-', other_acq_ab_loci = '-'; 
INSERT INTO metadata_general(isolate_id, isolate_name, species, project_name) VALUES ('43', 'BAL03-028', 'Pseudomonas aeruginosa', 'GEMARA') ON DUPLICATE KEY UPDATE isolate_name = 'BAL03-028', species = 'Pseudomonas aeruginosa', project_name = 'GEMARA'; 
INSERT INTO metadata_clinic(clinic_id, isolate_id, sample_type, collection_ward) VALUES ('388', '43', '5', 'UCI Adultos') ON DUPLICATE KEY UPDATE sample_type = '5', collection_ward = 'UCI Adultos'; 
INSERT INTO phenotypic_data(phenotypic_data_id, isolate_id, ecdc_resistance_profile, cloxa_test, mbl_test) VALUES ('388', '43', 'XDR', 's/s', '-') ON DUPLICATE KEY UPDATE ecdc_resistance_profile = 'XDR', cloxa_test = 's/s', mbl_test = '-'; 
INSERT INTO sequence_analysis(sequence_analysis_id, isolate_id, ame_loci, beta_lactamase_loci, carbapenemase_loci, other_acq_ab_loci) VALUES ('43', '43', ' aadA6, aac(6´)-31', 'blaOXA-2', '-', '-') ON DUPLICATE KEY UPDATE ame_loci = ' aadA6, aac(6´)-31', beta_lactamase_loci = 'blaOXA-2', carbapenemase_loci = '-', other_acq_ab_loci = '-'; 
INSERT INTO metadata_general(isolate_id, isolate_name, species, project_name) VALUES ('41', 'BAL03-002', 'Pseudomonas aeruginosa', 'GEMARA') ON DUPLICATE KEY UPDATE isolate_name = 'BAL03-002', species = 'Pseudomonas aeruginosa', project_name = 'GEMARA'; 
INSERT INTO metadata_clinic(clinic_id, isolate_id, sample_type, collection_ward) VALUES ('389', '41', '20', 'Servicios quirúrgicos adultos') ON DUPLICATE KEY UPDATE sample_type = '20', collection_ward = 'Servicios quirúrgicos adultos'; 
INSERT INTO phenotypic_data(phenotypic_data_id, isolate_id, ecdc_resistance_profile, cloxa_test, mbl_test) VALUES ('389', '41', 'XDR', '+/s ', '-') ON DUPLICATE KEY UPDATE ecdc_resistance_profile = 'XDR', cloxa_test = '+/s ', mbl_test = '-'; 
INSERT INTO sequence_analysis(sequence_analysis_id, isolate_id, ame_loci, beta_lactamase_loci, carbapenemase_loci, other_acq_ab_loci) VALUES ('41', '41', 'aadB', '-', '-', '-') ON DUPLICATE KEY UPDATE ame_loci = 'aadB', beta_lactamase_loci = '-', carbapenemase_loci = '-', other_acq_ab_loci = '-'; 
INSERT INTO metadata_general(isolate_id, isolate_name, species, project_name) VALUES ('533', 'BAL03-047', 'Pseudomonas aeruginosa', 'GEMARA') ON DUPLICATE KEY UPDATE isolate_name = 'BAL03-047', species = 'Pseudomonas aeruginosa', project_name = 'GEMARA'; 
INSERT INTO metadata_clinic(clinic_id, isolate_id, sample_type, collection_ward) VALUES ('390', '533', '1', 'Servicios médicos adultos') ON DUPLICATE KEY UPDATE sample_type = '1', collection_ward = 'Servicios médicos adultos'; 
INSERT INTO phenotypic_data(phenotypic_data_id, isolate_id, ecdc_resistance_profile, cloxa_test, mbl_test) VALUES ('390', '533', 'XDR', '+/+', '-') ON DUPLICATE KEY UPDATE ecdc_resistance_profile = 'XDR', cloxa_test = '+/+', mbl_test = '-'; 
INSERT INTO sequence_analysis(sequence_analysis_id, isolate_id, ame_loci, beta_lactamase_loci, carbapenemase_loci, other_acq_ab_loci) VALUES ('533', '533', '-', '-', '-', '-') ON DUPLICATE KEY UPDATE ame_loci = '-', beta_lactamase_loci = '-', carbapenemase_loci = '-', other_acq_ab_loci = '-'; 
INSERT INTO metadata_general(isolate_id, isolate_name, species, project_name) VALUES ('42', 'BAL03-003', 'Pseudomonas aeruginosa', 'GEMARA') ON DUPLICATE KEY UPDATE isolate_name = 'BAL03-003', species = 'Pseudomonas aeruginosa', project_name = 'GEMARA'; 
INSERT INTO metadata_clinic(clinic_id, isolate_id, sample_type, collection_ward) VALUES ('391', '42', '20', 'UCI Adultos') ON DUPLICATE KEY UPDATE sample_type = '20', collection_ward = 'UCI Adultos'; 
INSERT INTO phenotypic_data(phenotypic_data_id, isolate_id, ecdc_resistance_profile, cloxa_test, mbl_test) VALUES ('391', '42', 'XDR', '-/+', '-') ON DUPLICATE KEY UPDATE ecdc_resistance_profile = 'XDR', cloxa_test = '-/+', mbl_test = '-'; 
INSERT INTO sequence_analysis(sequence_analysis_id, isolate_id, ame_loci, beta_lactamase_loci, carbapenemase_loci, other_acq_ab_loci) VALUES ('42', '42', 'aacA4, aac(6\')Ib-cr', 'OXA-15 ', '-', '-') ON DUPLICATE KEY UPDATE ame_loci = 'aacA4, aac(6\')Ib-cr', beta_lactamase_loci = 'OXA-15 ', carbapenemase_loci = '-', other_acq_ab_loci = '-'; 
INSERT INTO metadata_general(isolate_id, isolate_name, species, project_name) VALUES ('534', 'BAL04-020', 'Pseudomonas aeruginosa', 'GEMARA') ON DUPLICATE KEY UPDATE isolate_name = 'BAL04-020', species = 'Pseudomonas aeruginosa', project_name = 'GEMARA'; 
INSERT INTO metadata_clinic(clinic_id, isolate_id, sample_type, collection_ward) VALUES ('392', '534', '1', 'Servicios médicos adultos') ON DUPLICATE KEY UPDATE sample_type = '1', collection_ward = 'Servicios médicos adultos'; 
INSERT INTO phenotypic_data(phenotypic_data_id, isolate_id, ecdc_resistance_profile, cloxa_test, mbl_test) VALUES ('392', '534', 'MDR', '-', '-') ON DUPLICATE KEY UPDATE ecdc_resistance_profile = 'MDR', cloxa_test = '-', mbl_test = '-'; 
INSERT INTO sequence_analysis(sequence_analysis_id, isolate_id, ame_loci, beta_lactamase_loci, carbapenemase_loci, other_acq_ab_loci) VALUES ('534', '534', '-', '-', '-', '-') ON DUPLICATE KEY UPDATE ame_loci = '-', beta_lactamase_loci = '-', carbapenemase_loci = '-', other_acq_ab_loci = '-'; 
INSERT INTO metadata_general(isolate_id, isolate_name, species, project_name) VALUES ('535', 'BAL04-009', 'Pseudomonas aeruginosa', 'GEMARA') ON DUPLICATE KEY UPDATE isolate_name = 'BAL04-009', species = 'Pseudomonas aeruginosa', project_name = 'GEMARA'; 
INSERT INTO metadata_clinic(clinic_id, isolate_id, sample_type, collection_ward) VALUES ('393', '535', '1', 'Servicios médicos adultos') ON DUPLICATE KEY UPDATE sample_type = '1', collection_ward = 'Servicios médicos adultos'; 
INSERT INTO phenotypic_data(phenotypic_data_id, isolate_id, ecdc_resistance_profile, cloxa_test, mbl_test) VALUES ('393', '535', 'S', '-', '-') ON DUPLICATE KEY UPDATE ecdc_resistance_profile = 'S', cloxa_test = '-', mbl_test = '-'; 
INSERT INTO sequence_analysis(sequence_analysis_id, isolate_id, ame_loci, beta_lactamase_loci, carbapenemase_loci, other_acq_ab_loci) VALUES ('535', '535', '-', '-', '-', '-') ON DUPLICATE KEY UPDATE ame_loci = '-', beta_lactamase_loci = '-', carbapenemase_loci = '-', other_acq_ab_loci = '-'; 
INSERT INTO metadata_general(isolate_id, isolate_name, species, project_name) VALUES ('536', 'BAL04-012', 'Pseudomonas aeruginosa', 'GEMARA') ON DUPLICATE KEY UPDATE isolate_name = 'BAL04-012', species = 'Pseudomonas aeruginosa', project_name = 'GEMARA'; 
INSERT INTO metadata_clinic(clinic_id, isolate_id, sample_type, collection_ward) VALUES ('394', '536', '7', 'UCI Adultos') ON DUPLICATE KEY UPDATE sample_type = '7', collection_ward = 'UCI Adultos'; 
INSERT INTO phenotypic_data(phenotypic_data_id, isolate_id, ecdc_resistance_profile, cloxa_test, mbl_test) VALUES ('394', '536', 'S', '-', '-') ON DUPLICATE KEY UPDATE ecdc_resistance_profile = 'S', cloxa_test = '-', mbl_test = '-'; 
INSERT INTO sequence_analysis(sequence_analysis_id, isolate_id, ame_loci, beta_lactamase_loci, carbapenemase_loci, other_acq_ab_loci) VALUES ('536', '536', '-', '-', '-', '-') ON DUPLICATE KEY UPDATE ame_loci = '-', beta_lactamase_loci = '-', carbapenemase_loci = '-', other_acq_ab_loci = '-'; 
INSERT INTO metadata_general(isolate_id, isolate_name, species, project_name) VALUES ('537', 'BAL04-030', 'Pseudomonas aeruginosa', 'GEMARA') ON DUPLICATE KEY UPDATE isolate_name = 'BAL04-030', species = 'Pseudomonas aeruginosa', project_name = 'GEMARA'; 
INSERT INTO metadata_clinic(clinic_id, isolate_id, sample_type, collection_ward) VALUES ('395', '537', '1', 'Servicios médicos adultos') ON DUPLICATE KEY UPDATE sample_type = '1', collection_ward = 'Servicios médicos adultos'; 
INSERT INTO phenotypic_data(phenotypic_data_id, isolate_id, ecdc_resistance_profile, cloxa_test, mbl_test) VALUES ('395', '537', 'S', '-', '-') ON DUPLICATE KEY UPDATE ecdc_resistance_profile = 'S', cloxa_test = '-', mbl_test = '-'; 
INSERT INTO sequence_analysis(sequence_analysis_id, isolate_id, ame_loci, beta_lactamase_loci, carbapenemase_loci, other_acq_ab_loci) VALUES ('537', '537', '-', '-', '-', '-') ON DUPLICATE KEY UPDATE ame_loci = '-', beta_lactamase_loci = '-', carbapenemase_loci = '-', other_acq_ab_loci = '-'; 
INSERT INTO metadata_general(isolate_id, isolate_name, species, project_name) VALUES ('538', 'BAL04-031', 'Pseudomonas aeruginosa', 'GEMARA') ON DUPLICATE KEY UPDATE isolate_name = 'BAL04-031', species = 'Pseudomonas aeruginosa', project_name = 'GEMARA'; 
INSERT INTO metadata_clinic(clinic_id, isolate_id, sample_type, collection_ward) VALUES ('396', '538', '5', 'Urgencias adultos') ON DUPLICATE KEY UPDATE sample_type = '5', collection_ward = 'Urgencias adultos'; 
INSERT INTO phenotypic_data(phenotypic_data_id, isolate_id, ecdc_resistance_profile, cloxa_test, mbl_test) VALUES ('396', '538', 'S', '-', '-') ON DUPLICATE KEY UPDATE ecdc_resistance_profile = 'S', cloxa_test = '-', mbl_test = '-'; 
INSERT INTO sequence_analysis(sequence_analysis_id, isolate_id, ame_loci, beta_lactamase_loci, carbapenemase_loci, other_acq_ab_loci) VALUES ('538', '538', '-', '-', '-', '-') ON DUPLICATE KEY UPDATE ame_loci = '-', beta_lactamase_loci = '-', carbapenemase_loci = '-', other_acq_ab_loci = '-'; 
INSERT INTO metadata_general(isolate_id, isolate_name, species, project_name) VALUES ('539', 'BAL04-005', 'Pseudomonas aeruginosa', 'GEMARA') ON DUPLICATE KEY UPDATE isolate_name = 'BAL04-005', species = 'Pseudomonas aeruginosa', project_name = 'GEMARA'; 
INSERT INTO metadata_clinic(clinic_id, isolate_id, sample_type, collection_ward) VALUES ('397', '539', '1', 'Servicios médicos adultos') ON DUPLICATE KEY UPDATE sample_type = '1', collection_ward = 'Servicios médicos adultos'; 
INSERT INTO phenotypic_data(phenotypic_data_id, isolate_id, ecdc_resistance_profile, cloxa_test, mbl_test) VALUES ('397', '539', 'S', '-', '-') ON DUPLICATE KEY UPDATE ecdc_resistance_profile = 'S', cloxa_test = '-', mbl_test = '-'; 
INSERT INTO sequence_analysis(sequence_analysis_id, isolate_id, ame_loci, beta_lactamase_loci, carbapenemase_loci, other_acq_ab_loci) VALUES ('539', '539', '-', '-', '-', '-') ON DUPLICATE KEY UPDATE ame_loci = '-', beta_lactamase_loci = '-', carbapenemase_loci = '-', other_acq_ab_loci = '-'; 
INSERT INTO metadata_general(isolate_id, isolate_name, species, project_name) VALUES ('540', 'BAL04-008', 'Pseudomonas aeruginosa', 'GEMARA') ON DUPLICATE KEY UPDATE isolate_name = 'BAL04-008', species = 'Pseudomonas aeruginosa', project_name = 'GEMARA'; 
INSERT INTO metadata_clinic(clinic_id, isolate_id, sample_type, collection_ward) VALUES ('398', '540', '5', 'Urgencias adultos') ON DUPLICATE KEY UPDATE sample_type = '5', collection_ward = 'Urgencias adultos'; 
INSERT INTO phenotypic_data(phenotypic_data_id, isolate_id, ecdc_resistance_profile, cloxa_test, mbl_test) VALUES ('398', '540', 'S', '-', '-') ON DUPLICATE KEY UPDATE ecdc_resistance_profile = 'S', cloxa_test = '-', mbl_test = '-'; 
INSERT INTO sequence_analysis(sequence_analysis_id, isolate_id, ame_loci, beta_lactamase_loci, carbapenemase_loci, other_acq_ab_loci) VALUES ('540', '540', '-', '-', '-', '-') ON DUPLICATE KEY UPDATE ame_loci = '-', beta_lactamase_loci = '-', carbapenemase_loci = '-', other_acq_ab_loci = '-'; 
INSERT INTO metadata_general(isolate_id, isolate_name, species, project_name) VALUES ('541', 'BAL04-023', 'Pseudomonas aeruginosa', 'GEMARA') ON DUPLICATE KEY UPDATE isolate_name = 'BAL04-023', species = 'Pseudomonas aeruginosa', project_name = 'GEMARA'; 
INSERT INTO metadata_clinic(clinic_id, isolate_id, sample_type, collection_ward) VALUES ('399', '541', '5', 'Servicios médicos adultos') ON DUPLICATE KEY UPDATE sample_type = '5', collection_ward = 'Servicios médicos adultos'; 
INSERT INTO phenotypic_data(phenotypic_data_id, isolate_id, ecdc_resistance_profile, cloxa_test, mbl_test) VALUES ('399', '541', 'S', '-', '-') ON DUPLICATE KEY UPDATE ecdc_resistance_profile = 'S', cloxa_test = '-', mbl_test = '-'; 
INSERT INTO sequence_analysis(sequence_analysis_id, isolate_id, ame_loci, beta_lactamase_loci, carbapenemase_loci, other_acq_ab_loci) VALUES ('541', '541', '-', '-', '-', '-') ON DUPLICATE KEY UPDATE ame_loci = '-', beta_lactamase_loci = '-', carbapenemase_loci = '-', other_acq_ab_loci = '-'; 
INSERT INTO metadata_general(isolate_id, isolate_name, species, project_name) VALUES ('542', 'BAL04-024', 'Pseudomonas aeruginosa', 'GEMARA') ON DUPLICATE KEY UPDATE isolate_name = 'BAL04-024', species = 'Pseudomonas aeruginosa', project_name = 'GEMARA'; 
INSERT INTO metadata_clinic(clinic_id, isolate_id, sample_type, collection_ward) VALUES ('400', '542', '1', 'Servicios médicos adultos') ON DUPLICATE KEY UPDATE sample_type = '1', collection_ward = 'Servicios médicos adultos'; 
INSERT INTO phenotypic_data(phenotypic_data_id, isolate_id, ecdc_resistance_profile, cloxa_test, mbl_test) VALUES ('400', '542', 'S', '-', '-') ON DUPLICATE KEY UPDATE ecdc_resistance_profile = 'S', cloxa_test = '-', mbl_test = '-'; 
INSERT INTO sequence_analysis(sequence_analysis_id, isolate_id, ame_loci, beta_lactamase_loci, carbapenemase_loci, other_acq_ab_loci) VALUES ('542', '542', '-', '-', '-', '-') ON DUPLICATE KEY UPDATE ame_loci = '-', beta_lactamase_loci = '-', carbapenemase_loci = '-', other_acq_ab_loci = '-'; 
INSERT INTO metadata_general(isolate_id, isolate_name, species, project_name) VALUES ('543', 'BAL04-006', 'Pseudomonas aeruginosa', 'GEMARA') ON DUPLICATE KEY UPDATE isolate_name = 'BAL04-006', species = 'Pseudomonas aeruginosa', project_name = 'GEMARA'; 
INSERT INTO metadata_clinic(clinic_id, isolate_id, sample_type, collection_ward) VALUES ('401', '543', '7', 'UCI Adultos') ON DUPLICATE KEY UPDATE sample_type = '7', collection_ward = 'UCI Adultos'; 
INSERT INTO phenotypic_data(phenotypic_data_id, isolate_id, ecdc_resistance_profile, cloxa_test, mbl_test) VALUES ('401', '543', 'S', '-', '-') ON DUPLICATE KEY UPDATE ecdc_resistance_profile = 'S', cloxa_test = '-', mbl_test = '-'; 
INSERT INTO sequence_analysis(sequence_analysis_id, isolate_id, ame_loci, beta_lactamase_loci, carbapenemase_loci, other_acq_ab_loci) VALUES ('543', '543', '-', '-', '-', '-') ON DUPLICATE KEY UPDATE ame_loci = '-', beta_lactamase_loci = '-', carbapenemase_loci = '-', other_acq_ab_loci = '-'; 
INSERT INTO metadata_general(isolate_id, isolate_name, species, project_name) VALUES ('544', 'BAL04-025', 'Pseudomonas aeruginosa', 'GEMARA') ON DUPLICATE KEY UPDATE isolate_name = 'BAL04-025', species = 'Pseudomonas aeruginosa', project_name = 'GEMARA'; 
INSERT INTO metadata_clinic(clinic_id, isolate_id, sample_type, collection_ward) VALUES ('402', '544', '5', 'Servicios médicos adultos') ON DUPLICATE KEY UPDATE sample_type = '5', collection_ward = 'Servicios médicos adultos'; 
INSERT INTO phenotypic_data(phenotypic_data_id, isolate_id, ecdc_resistance_profile, cloxa_test, mbl_test) VALUES ('402', '544', 'S', '-', '-') ON DUPLICATE KEY UPDATE ecdc_resistance_profile = 'S', cloxa_test = '-', mbl_test = '-'; 
INSERT INTO sequence_analysis(sequence_analysis_id, isolate_id, ame_loci, beta_lactamase_loci, carbapenemase_loci, other_acq_ab_loci) VALUES ('544', '544', '-', '-', '-', '-') ON DUPLICATE KEY UPDATE ame_loci = '-', beta_lactamase_loci = '-', carbapenemase_loci = '-', other_acq_ab_loci = '-'; 
INSERT INTO metadata_general(isolate_id, isolate_name, species, project_name) VALUES ('545', 'BAL04-026', 'Pseudomonas aeruginosa', 'GEMARA') ON DUPLICATE KEY UPDATE isolate_name = 'BAL04-026', species = 'Pseudomonas aeruginosa', project_name = 'GEMARA'; 
INSERT INTO metadata_clinic(clinic_id, isolate_id, sample_type, collection_ward) VALUES ('403', '545', '16', 'Urgencias pediatría') ON DUPLICATE KEY UPDATE sample_type = '16', collection_ward = 'Urgencias pediatría'; 
INSERT INTO phenotypic_data(phenotypic_data_id, isolate_id, ecdc_resistance_profile, cloxa_test, mbl_test) VALUES ('403', '545', 'S', '-', '-') ON DUPLICATE KEY UPDATE ecdc_resistance_profile = 'S', cloxa_test = '-', mbl_test = '-'; 
INSERT INTO sequence_analysis(sequence_analysis_id, isolate_id, ame_loci, beta_lactamase_loci, carbapenemase_loci, other_acq_ab_loci) VALUES ('545', '545', '-', '-', '-', '-') ON DUPLICATE KEY UPDATE ame_loci = '-', beta_lactamase_loci = '-', carbapenemase_loci = '-', other_acq_ab_loci = '-'; 
INSERT INTO metadata_general(isolate_id, isolate_name, species, project_name) VALUES ('546', 'BAL04-007', 'Pseudomonas aeruginosa', 'GEMARA') ON DUPLICATE KEY UPDATE isolate_name = 'BAL04-007', species = 'Pseudomonas aeruginosa', project_name = 'GEMARA'; 
INSERT INTO metadata_clinic(clinic_id, isolate_id, sample_type, collection_ward) VALUES ('404', '546', '5', 'Urgencias adultos') ON DUPLICATE KEY UPDATE sample_type = '5', collection_ward = 'Urgencias adultos'; 
INSERT INTO phenotypic_data(phenotypic_data_id, isolate_id, ecdc_resistance_profile, cloxa_test, mbl_test) VALUES ('404', '546', 'S', '-', '-') ON DUPLICATE KEY UPDATE ecdc_resistance_profile = 'S', cloxa_test = '-', mbl_test = '-'; 
INSERT INTO sequence_analysis(sequence_analysis_id, isolate_id, ame_loci, beta_lactamase_loci, carbapenemase_loci, other_acq_ab_loci) VALUES ('546', '546', '-', '-', '-', '-') ON DUPLICATE KEY UPDATE ame_loci = '-', beta_lactamase_loci = '-', carbapenemase_loci = '-', other_acq_ab_loci = '-'; 
INSERT INTO metadata_general(isolate_id, isolate_name, species, project_name) VALUES ('547', 'BAL04-019', 'Pseudomonas aeruginosa', 'GEMARA') ON DUPLICATE KEY UPDATE isolate_name = 'BAL04-019', species = 'Pseudomonas aeruginosa', project_name = 'GEMARA'; 
INSERT INTO metadata_clinic(clinic_id, isolate_id, sample_type, collection_ward) VALUES ('405', '547', '16', 'Servicios médicos adultos') ON DUPLICATE KEY UPDATE sample_type = '16', collection_ward = 'Servicios médicos adultos'; 
INSERT INTO phenotypic_data(phenotypic_data_id, isolate_id, ecdc_resistance_profile, cloxa_test, mbl_test) VALUES ('405', '547', 'S', '-', '-') ON DUPLICATE KEY UPDATE ecdc_resistance_profile = 'S', cloxa_test = '-', mbl_test = '-'; 
INSERT INTO sequence_analysis(sequence_analysis_id, isolate_id, ame_loci, beta_lactamase_loci, carbapenemase_loci, other_acq_ab_loci) VALUES ('547', '547', '-', '-', '-', '-') ON DUPLICATE KEY UPDATE ame_loci = '-', beta_lactamase_loci = '-', carbapenemase_loci = '-', other_acq_ab_loci = '-'; 
INSERT INTO metadata_general(isolate_id, isolate_name, species, project_name) VALUES ('548', 'BAL04-010', 'Pseudomonas aeruginosa', 'GEMARA') ON DUPLICATE KEY UPDATE isolate_name = 'BAL04-010', species = 'Pseudomonas aeruginosa', project_name = 'GEMARA'; 
INSERT INTO metadata_clinic(clinic_id, isolate_id, sample_type, collection_ward) VALUES ('406', '548', '7', 'UCI Adultos') ON DUPLICATE KEY UPDATE sample_type = '7', collection_ward = 'UCI Adultos'; 
INSERT INTO phenotypic_data(phenotypic_data_id, isolate_id, ecdc_resistance_profile, cloxa_test, mbl_test) VALUES ('406', '548', 'S', '-', '-') ON DUPLICATE KEY UPDATE ecdc_resistance_profile = 'S', cloxa_test = '-', mbl_test = '-'; 
INSERT INTO sequence_analysis(sequence_analysis_id, isolate_id, ame_loci, beta_lactamase_loci, carbapenemase_loci, other_acq_ab_loci) VALUES ('548', '548', '-', '-', '-', '-') ON DUPLICATE KEY UPDATE ame_loci = '-', beta_lactamase_loci = '-', carbapenemase_loci = '-', other_acq_ab_loci = '-'; 
INSERT INTO metadata_general(isolate_id, isolate_name, species, project_name) VALUES ('549', 'BAL04-001', 'Pseudomonas aeruginosa', 'GEMARA') ON DUPLICATE KEY UPDATE isolate_name = 'BAL04-001', species = 'Pseudomonas aeruginosa', project_name = 'GEMARA'; 
INSERT INTO metadata_clinic(clinic_id, isolate_id, sample_type, collection_ward) VALUES ('407', '549', '6', 'Servicios médicos adultos') ON DUPLICATE KEY UPDATE sample_type = '6', collection_ward = 'Servicios médicos adultos'; 
INSERT INTO phenotypic_data(phenotypic_data_id, isolate_id, ecdc_resistance_profile, cloxa_test, mbl_test) VALUES ('407', '549', 'S', '-', '-') ON DUPLICATE KEY UPDATE ecdc_resistance_profile = 'S', cloxa_test = '-', mbl_test = '-'; 
INSERT INTO sequence_analysis(sequence_analysis_id, isolate_id, ame_loci, beta_lactamase_loci, carbapenemase_loci, other_acq_ab_loci) VALUES ('549', '549', '-', '-', '-', '-') ON DUPLICATE KEY UPDATE ame_loci = '-', beta_lactamase_loci = '-', carbapenemase_loci = '-', other_acq_ab_loci = '-'; 
INSERT INTO metadata_general(isolate_id, isolate_name, species, project_name) VALUES ('550', 'BAL04-004', 'Pseudomonas aeruginosa', 'GEMARA') ON DUPLICATE KEY UPDATE isolate_name = 'BAL04-004', species = 'Pseudomonas aeruginosa', project_name = 'GEMARA'; 
INSERT INTO metadata_clinic(clinic_id, isolate_id, sample_type, collection_ward) VALUES ('408', '550', '1', 'Servicios médicos adultos') ON DUPLICATE KEY UPDATE sample_type = '1', collection_ward = 'Servicios médicos adultos'; 
INSERT INTO phenotypic_data(phenotypic_data_id, isolate_id, ecdc_resistance_profile, cloxa_test, mbl_test) VALUES ('408', '550', 'S', '-', '-') ON DUPLICATE KEY UPDATE ecdc_resistance_profile = 'S', cloxa_test = '-', mbl_test = '-'; 
INSERT INTO sequence_analysis(sequence_analysis_id, isolate_id, ame_loci, beta_lactamase_loci, carbapenemase_loci, other_acq_ab_loci) VALUES ('550', '550', '-', '-', '-', '-') ON DUPLICATE KEY UPDATE ame_loci = '-', beta_lactamase_loci = '-', carbapenemase_loci = '-', other_acq_ab_loci = '-'; 
INSERT INTO metadata_general(isolate_id, isolate_name, species, project_name) VALUES ('551', 'BAL04-018', 'Pseudomonas aeruginosa', 'GEMARA') ON DUPLICATE KEY UPDATE isolate_name = 'BAL04-018', species = 'Pseudomonas aeruginosa', project_name = 'GEMARA'; 
INSERT INTO metadata_clinic(clinic_id, isolate_id, sample_type, collection_ward) VALUES ('409', '551', '15', 'Urgencias adultos') ON DUPLICATE KEY UPDATE sample_type = '15', collection_ward = 'Urgencias adultos'; 
INSERT INTO phenotypic_data(phenotypic_data_id, isolate_id, ecdc_resistance_profile, cloxa_test, mbl_test) VALUES ('409', '551', 'S', '-', '-') ON DUPLICATE KEY UPDATE ecdc_resistance_profile = 'S', cloxa_test = '-', mbl_test = '-'; 
INSERT INTO sequence_analysis(sequence_analysis_id, isolate_id, ame_loci, beta_lactamase_loci, carbapenemase_loci, other_acq_ab_loci) VALUES ('551', '551', '-', '-', '-', '-') ON DUPLICATE KEY UPDATE ame_loci = '-', beta_lactamase_loci = '-', carbapenemase_loci = '-', other_acq_ab_loci = '-'; 
INSERT INTO metadata_general(isolate_id, isolate_name, species, project_name) VALUES ('552', 'BAL04-002', 'Pseudomonas aeruginosa', 'GEMARA') ON DUPLICATE KEY UPDATE isolate_name = 'BAL04-002', species = 'Pseudomonas aeruginosa', project_name = 'GEMARA'; 
INSERT INTO metadata_clinic(clinic_id, isolate_id, sample_type, collection_ward) VALUES ('410', '552', '6', 'Servicios médicos adultos') ON DUPLICATE KEY UPDATE sample_type = '6', collection_ward = 'Servicios médicos adultos'; 
INSERT INTO phenotypic_data(phenotypic_data_id, isolate_id, ecdc_resistance_profile, cloxa_test, mbl_test) VALUES ('410', '552', 'S', '-', '-') ON DUPLICATE KEY UPDATE ecdc_resistance_profile = 'S', cloxa_test = '-', mbl_test = '-'; 
INSERT INTO sequence_analysis(sequence_analysis_id, isolate_id, ame_loci, beta_lactamase_loci, carbapenemase_loci, other_acq_ab_loci) VALUES ('552', '552', '-', '-', '-', '-') ON DUPLICATE KEY UPDATE ame_loci = '-', beta_lactamase_loci = '-', carbapenemase_loci = '-', other_acq_ab_loci = '-'; 
INSERT INTO metadata_general(isolate_id, isolate_name, species, project_name) VALUES ('553', 'BAL04-011', 'Pseudomonas aeruginosa', 'GEMARA') ON DUPLICATE KEY UPDATE isolate_name = 'BAL04-011', species = 'Pseudomonas aeruginosa', project_name = 'GEMARA'; 
INSERT INTO metadata_clinic(clinic_id, isolate_id, sample_type, collection_ward) VALUES ('411', '553', '5', 'Urgencias adultos') ON DUPLICATE KEY UPDATE sample_type = '5', collection_ward = 'Urgencias adultos'; 
INSERT INTO phenotypic_data(phenotypic_data_id, isolate_id, ecdc_resistance_profile, cloxa_test, mbl_test) VALUES ('411', '553', 'S', '-', '-') ON DUPLICATE KEY UPDATE ecdc_resistance_profile = 'S', cloxa_test = '-', mbl_test = '-'; 
INSERT INTO sequence_analysis(sequence_analysis_id, isolate_id, ame_loci, beta_lactamase_loci, carbapenemase_loci, other_acq_ab_loci) VALUES ('553', '553', '-', '-', '-', '-') ON DUPLICATE KEY UPDATE ame_loci = '-', beta_lactamase_loci = '-', carbapenemase_loci = '-', other_acq_ab_loci = '-'; 
INSERT INTO metadata_general(isolate_id, isolate_name, species, project_name) VALUES ('554', 'BAL04-013', 'Pseudomonas aeruginosa', 'GEMARA') ON DUPLICATE KEY UPDATE isolate_name = 'BAL04-013', species = 'Pseudomonas aeruginosa', project_name = 'GEMARA'; 
INSERT INTO metadata_clinic(clinic_id, isolate_id, sample_type, collection_ward) VALUES ('412', '554', '5', 'Urgencias adultos') ON DUPLICATE KEY UPDATE sample_type = '5', collection_ward = 'Urgencias adultos'; 
INSERT INTO phenotypic_data(phenotypic_data_id, isolate_id, ecdc_resistance_profile, cloxa_test, mbl_test) VALUES ('412', '554', 'S', '-', '-') ON DUPLICATE KEY UPDATE ecdc_resistance_profile = 'S', cloxa_test = '-', mbl_test = '-'; 
INSERT INTO sequence_analysis(sequence_analysis_id, isolate_id, ame_loci, beta_lactamase_loci, carbapenemase_loci, other_acq_ab_loci) VALUES ('554', '554', '-', '-', '-', '-') ON DUPLICATE KEY UPDATE ame_loci = '-', beta_lactamase_loci = '-', carbapenemase_loci = '-', other_acq_ab_loci = '-'; 
INSERT INTO metadata_general(isolate_id, isolate_name, species, project_name) VALUES ('555', 'BAL04-016', 'Pseudomonas aeruginosa', 'GEMARA') ON DUPLICATE KEY UPDATE isolate_name = 'BAL04-016', species = 'Pseudomonas aeruginosa', project_name = 'GEMARA'; 
INSERT INTO metadata_clinic(clinic_id, isolate_id, sample_type, collection_ward) VALUES ('413', '555', '5', 'Servicios médicos adultos') ON DUPLICATE KEY UPDATE sample_type = '5', collection_ward = 'Servicios médicos adultos'; 
INSERT INTO phenotypic_data(phenotypic_data_id, isolate_id, ecdc_resistance_profile, cloxa_test, mbl_test) VALUES ('413', '555', 'S', '-', '-') ON DUPLICATE KEY UPDATE ecdc_resistance_profile = 'S', cloxa_test = '-', mbl_test = '-'; 
INSERT INTO sequence_analysis(sequence_analysis_id, isolate_id, ame_loci, beta_lactamase_loci, carbapenemase_loci, other_acq_ab_loci) VALUES ('555', '555', '-', '-', '-', '-') ON DUPLICATE KEY UPDATE ame_loci = '-', beta_lactamase_loci = '-', carbapenemase_loci = '-', other_acq_ab_loci = '-'; 
INSERT INTO metadata_general(isolate_id, isolate_name, species, project_name) VALUES ('556', 'BAL04-017', 'Pseudomonas aeruginosa', 'GEMARA') ON DUPLICATE KEY UPDATE isolate_name = 'BAL04-017', species = 'Pseudomonas aeruginosa', project_name = 'GEMARA'; 
INSERT INTO metadata_clinic(clinic_id, isolate_id, sample_type, collection_ward) VALUES ('414', '556', '7', 'UCI Adultos') ON DUPLICATE KEY UPDATE sample_type = '7', collection_ward = 'UCI Adultos'; 
INSERT INTO phenotypic_data(phenotypic_data_id, isolate_id, ecdc_resistance_profile, cloxa_test, mbl_test) VALUES ('414', '556', 'S', '-', '-') ON DUPLICATE KEY UPDATE ecdc_resistance_profile = 'S', cloxa_test = '-', mbl_test = '-'; 
INSERT INTO sequence_analysis(sequence_analysis_id, isolate_id, ame_loci, beta_lactamase_loci, carbapenemase_loci, other_acq_ab_loci) VALUES ('556', '556', '-', '-', '-', '-') ON DUPLICATE KEY UPDATE ame_loci = '-', beta_lactamase_loci = '-', carbapenemase_loci = '-', other_acq_ab_loci = '-'; 
INSERT INTO metadata_general(isolate_id, isolate_name, species, project_name) VALUES ('557', 'BAL04-022', 'Pseudomonas aeruginosa', 'GEMARA') ON DUPLICATE KEY UPDATE isolate_name = 'BAL04-022', species = 'Pseudomonas aeruginosa', project_name = 'GEMARA'; 
INSERT INTO metadata_clinic(clinic_id, isolate_id, sample_type, collection_ward) VALUES ('415', '557', '5', 'Servicios médicos adultos') ON DUPLICATE KEY UPDATE sample_type = '5', collection_ward = 'Servicios médicos adultos'; 
INSERT INTO phenotypic_data(phenotypic_data_id, isolate_id, ecdc_resistance_profile, cloxa_test, mbl_test) VALUES ('415', '557', 'S', '-', '-') ON DUPLICATE KEY UPDATE ecdc_resistance_profile = 'S', cloxa_test = '-', mbl_test = '-'; 
INSERT INTO sequence_analysis(sequence_analysis_id, isolate_id, ame_loci, beta_lactamase_loci, carbapenemase_loci, other_acq_ab_loci) VALUES ('557', '557', '-', '-', '-', '-') ON DUPLICATE KEY UPDATE ame_loci = '-', beta_lactamase_loci = '-', carbapenemase_loci = '-', other_acq_ab_loci = '-'; 
INSERT INTO metadata_general(isolate_id, isolate_name, species, project_name) VALUES ('558', 'BAL04-028', 'Pseudomonas aeruginosa', 'GEMARA') ON DUPLICATE KEY UPDATE isolate_name = 'BAL04-028', species = 'Pseudomonas aeruginosa', project_name = 'GEMARA'; 
INSERT INTO metadata_clinic(clinic_id, isolate_id, sample_type, collection_ward) VALUES ('416', '558', '16', 'Servicios médicos adultos') ON DUPLICATE KEY UPDATE sample_type = '16', collection_ward = 'Servicios médicos adultos'; 
INSERT INTO phenotypic_data(phenotypic_data_id, isolate_id, ecdc_resistance_profile, cloxa_test, mbl_test) VALUES ('416', '558', 'S', '-', '-') ON DUPLICATE KEY UPDATE ecdc_resistance_profile = 'S', cloxa_test = '-', mbl_test = '-'; 
INSERT INTO sequence_analysis(sequence_analysis_id, isolate_id, ame_loci, beta_lactamase_loci, carbapenemase_loci, other_acq_ab_loci) VALUES ('558', '558', '-', '-', '-', '-') ON DUPLICATE KEY UPDATE ame_loci = '-', beta_lactamase_loci = '-', carbapenemase_loci = '-', other_acq_ab_loci = '-'; 
INSERT INTO metadata_general(isolate_id, isolate_name, species, project_name) VALUES ('559', 'BAL04-029', 'Pseudomonas aeruginosa', 'GEMARA') ON DUPLICATE KEY UPDATE isolate_name = 'BAL04-029', species = 'Pseudomonas aeruginosa', project_name = 'GEMARA'; 
INSERT INTO metadata_clinic(clinic_id, isolate_id, sample_type, collection_ward) VALUES ('417', '559', '10', 'Urgencias pediatría') ON DUPLICATE KEY UPDATE sample_type = '10', collection_ward = 'Urgencias pediatría'; 
INSERT INTO phenotypic_data(phenotypic_data_id, isolate_id, ecdc_resistance_profile, cloxa_test, mbl_test) VALUES ('417', '559', 'S', '-', '-') ON DUPLICATE KEY UPDATE ecdc_resistance_profile = 'S', cloxa_test = '-', mbl_test = '-'; 
INSERT INTO sequence_analysis(sequence_analysis_id, isolate_id, ame_loci, beta_lactamase_loci, carbapenemase_loci, other_acq_ab_loci) VALUES ('559', '559', '-', '-', '-', '-') ON DUPLICATE KEY UPDATE ame_loci = '-', beta_lactamase_loci = '-', carbapenemase_loci = '-', other_acq_ab_loci = '-'; 
INSERT INTO metadata_general(isolate_id, isolate_name, species, project_name) VALUES ('44', 'BAL04-003', 'Pseudomonas aeruginosa', 'GEMARA') ON DUPLICATE KEY UPDATE isolate_name = 'BAL04-003', species = 'Pseudomonas aeruginosa', project_name = 'GEMARA'; 
INSERT INTO metadata_clinic(clinic_id, isolate_id, sample_type, collection_ward) VALUES ('418', '44', '15', 'UCI Adultos') ON DUPLICATE KEY UPDATE sample_type = '15', collection_ward = 'UCI Adultos'; 
INSERT INTO phenotypic_data(phenotypic_data_id, isolate_id, ecdc_resistance_profile, cloxa_test, mbl_test) VALUES ('418', '44', 'XDR', '+/+', '-') ON DUPLICATE KEY UPDATE ecdc_resistance_profile = 'XDR', cloxa_test = '+/+', mbl_test = '-'; 
INSERT INTO sequence_analysis(sequence_analysis_id, isolate_id, ame_loci, beta_lactamase_loci, carbapenemase_loci, other_acq_ab_loci) VALUES ('44', '44', '-', '-', '-', '-') ON DUPLICATE KEY UPDATE ame_loci = '-', beta_lactamase_loci = '-', carbapenemase_loci = '-', other_acq_ab_loci = '-'; 
INSERT INTO metadata_general(isolate_id, isolate_name, species, project_name) VALUES ('46', 'BAL04-027', 'Pseudomonas aeruginosa', 'GEMARA') ON DUPLICATE KEY UPDATE isolate_name = 'BAL04-027', species = 'Pseudomonas aeruginosa', project_name = 'GEMARA'; 
INSERT INTO metadata_clinic(clinic_id, isolate_id, sample_type, collection_ward) VALUES ('419', '46', '9', 'Urgencias adultos') ON DUPLICATE KEY UPDATE sample_type = '9', collection_ward = 'Urgencias adultos'; 
INSERT INTO phenotypic_data(phenotypic_data_id, isolate_id, ecdc_resistance_profile, cloxa_test, mbl_test) VALUES ('419', '46', 'XDR', '+/+', '-') ON DUPLICATE KEY UPDATE ecdc_resistance_profile = 'XDR', cloxa_test = '+/+', mbl_test = '-'; 
INSERT INTO sequence_analysis(sequence_analysis_id, isolate_id, ame_loci, beta_lactamase_loci, carbapenemase_loci, other_acq_ab_loci) VALUES ('46', '46', 'aadB', '-', '-', '-') ON DUPLICATE KEY UPDATE ame_loci = 'aadB', beta_lactamase_loci = '-', carbapenemase_loci = '-', other_acq_ab_loci = '-'; 
INSERT INTO metadata_general(isolate_id, isolate_name, species, project_name) VALUES ('45', 'BAL04-015', 'Pseudomonas aeruginosa', 'GEMARA') ON DUPLICATE KEY UPDATE isolate_name = 'BAL04-015', species = 'Pseudomonas aeruginosa', project_name = 'GEMARA'; 
INSERT INTO metadata_clinic(clinic_id, isolate_id, sample_type, collection_ward) VALUES ('420', '45', '1', 'Servicios médicos adultos') ON DUPLICATE KEY UPDATE sample_type = '1', collection_ward = 'Servicios médicos adultos'; 
INSERT INTO phenotypic_data(phenotypic_data_id, isolate_id, ecdc_resistance_profile, cloxa_test, mbl_test) VALUES ('420', '45', 'XDR', '+/+', '-') ON DUPLICATE KEY UPDATE ecdc_resistance_profile = 'XDR', cloxa_test = '+/+', mbl_test = '-'; 
INSERT INTO sequence_analysis(sequence_analysis_id, isolate_id, ame_loci, beta_lactamase_loci, carbapenemase_loci, other_acq_ab_loci) VALUES ('45', '45', 'aadB, aph(3\')-Vib', '-', '-', '-') ON DUPLICATE KEY UPDATE ame_loci = 'aadB, aph(3\')-Vib', beta_lactamase_loci = '-', carbapenemase_loci = '-', other_acq_ab_loci = '-'; 
INSERT INTO metadata_general(isolate_id, isolate_name, species, project_name) VALUES ('560', 'BAL04-021', 'Pseudomonas aeruginosa', 'GEMARA') ON DUPLICATE KEY UPDATE isolate_name = 'BAL04-021', species = 'Pseudomonas aeruginosa', project_name = 'GEMARA'; 
INSERT INTO metadata_clinic(clinic_id, isolate_id, sample_type, collection_ward) VALUES ('421', '560', '5', 'Servicios médicos adultos') ON DUPLICATE KEY UPDATE sample_type = '5', collection_ward = 'Servicios médicos adultos'; 
INSERT INTO phenotypic_data(phenotypic_data_id, isolate_id, ecdc_resistance_profile, cloxa_test, mbl_test) VALUES ('421', '560', 'XDR', '+/+', '-') ON DUPLICATE KEY UPDATE ecdc_resistance_profile = 'XDR', cloxa_test = '+/+', mbl_test = '-'; 
INSERT INTO sequence_analysis(sequence_analysis_id, isolate_id, ame_loci, beta_lactamase_loci, carbapenemase_loci, other_acq_ab_loci) VALUES ('560', '560', '-', '-', '-', '-') ON DUPLICATE KEY UPDATE ame_loci = '-', beta_lactamase_loci = '-', carbapenemase_loci = '-', other_acq_ab_loci = '-'; 
INSERT INTO metadata_general(isolate_id, isolate_name, species, project_name) VALUES ('561', 'CAN01-034', 'Pseudomonas aeruginosa', 'GEMARA') ON DUPLICATE KEY UPDATE isolate_name = 'CAN01-034', species = 'Pseudomonas aeruginosa', project_name = 'GEMARA'; 
INSERT INTO metadata_clinic(clinic_id, isolate_id, sample_type, collection_ward) VALUES ('422', '561', '5', 'Consultas externas') ON DUPLICATE KEY UPDATE sample_type = '5', collection_ward = 'Consultas externas'; 
INSERT INTO phenotypic_data(phenotypic_data_id, isolate_id, ecdc_resistance_profile, cloxa_test, mbl_test) VALUES ('422', '561', 'MDR', '-', '-') ON DUPLICATE KEY UPDATE ecdc_resistance_profile = 'MDR', cloxa_test = '-', mbl_test = '-'; 
INSERT INTO sequence_analysis(sequence_analysis_id, isolate_id, ame_loci, beta_lactamase_loci, carbapenemase_loci, other_acq_ab_loci) VALUES ('561', '561', '-', '-', '-', '-') ON DUPLICATE KEY UPDATE ame_loci = '-', beta_lactamase_loci = '-', carbapenemase_loci = '-', other_acq_ab_loci = '-'; 
INSERT INTO metadata_general(isolate_id, isolate_name, species, project_name) VALUES ('562', 'CAN01-005', 'Pseudomonas aeruginosa', 'GEMARA') ON DUPLICATE KEY UPDATE isolate_name = 'CAN01-005', species = 'Pseudomonas aeruginosa', project_name = 'GEMARA'; 
INSERT INTO metadata_clinic(clinic_id, isolate_id, sample_type, collection_ward) VALUES ('423', '562', '15', 'Consultas externas') ON DUPLICATE KEY UPDATE sample_type = '15', collection_ward = 'Consultas externas'; 
INSERT INTO phenotypic_data(phenotypic_data_id, isolate_id, ecdc_resistance_profile, cloxa_test, mbl_test) VALUES ('423', '562', 'MDR', '-', '-') ON DUPLICATE KEY UPDATE ecdc_resistance_profile = 'MDR', cloxa_test = '-', mbl_test = '-'; 
INSERT INTO sequence_analysis(sequence_analysis_id, isolate_id, ame_loci, beta_lactamase_loci, carbapenemase_loci, other_acq_ab_loci) VALUES ('562', '562', '-', '-', '-', '-') ON DUPLICATE KEY UPDATE ame_loci = '-', beta_lactamase_loci = '-', carbapenemase_loci = '-', other_acq_ab_loci = '-'; 
INSERT INTO metadata_general(isolate_id, isolate_name, species, project_name) VALUES ('563', 'CAN01-030', 'Pseudomonas aeruginosa', 'GEMARA') ON DUPLICATE KEY UPDATE isolate_name = 'CAN01-030', species = 'Pseudomonas aeruginosa', project_name = 'GEMARA'; 
INSERT INTO metadata_clinic(clinic_id, isolate_id, sample_type, collection_ward) VALUES ('424', '563', '1', 'Servicios médicos adultos') ON DUPLICATE KEY UPDATE sample_type = '1', collection_ward = 'Servicios médicos adultos'; 
INSERT INTO phenotypic_data(phenotypic_data_id, isolate_id, ecdc_resistance_profile, cloxa_test, mbl_test) VALUES ('424', '563', 'MDR', '-', '-') ON DUPLICATE KEY UPDATE ecdc_resistance_profile = 'MDR', cloxa_test = '-', mbl_test = '-'; 
INSERT INTO sequence_analysis(sequence_analysis_id, isolate_id, ame_loci, beta_lactamase_loci, carbapenemase_loci, other_acq_ab_loci) VALUES ('563', '563', '-', '-', '-', '-') ON DUPLICATE KEY UPDATE ame_loci = '-', beta_lactamase_loci = '-', carbapenemase_loci = '-', other_acq_ab_loci = '-'; 
INSERT INTO metadata_general(isolate_id, isolate_name, species, project_name) VALUES ('564', 'CAN01-008', 'Pseudomonas aeruginosa', 'GEMARA') ON DUPLICATE KEY UPDATE isolate_name = 'CAN01-008', species = 'Pseudomonas aeruginosa', project_name = 'GEMARA'; 
INSERT INTO metadata_clinic(clinic_id, isolate_id, sample_type, collection_ward) VALUES ('425', '564', '16', 'UCI Adultos') ON DUPLICATE KEY UPDATE sample_type = '16', collection_ward = 'UCI Adultos'; 
INSERT INTO phenotypic_data(phenotypic_data_id, isolate_id, ecdc_resistance_profile, cloxa_test, mbl_test) VALUES ('425', '564', 'MDR', '-', '-') ON DUPLICATE KEY UPDATE ecdc_resistance_profile = 'MDR', cloxa_test = '-', mbl_test = '-'; 
INSERT INTO sequence_analysis(sequence_analysis_id, isolate_id, ame_loci, beta_lactamase_loci, carbapenemase_loci, other_acq_ab_loci) VALUES ('564', '564', '-', '-', '-', '-') ON DUPLICATE KEY UPDATE ame_loci = '-', beta_lactamase_loci = '-', carbapenemase_loci = '-', other_acq_ab_loci = '-'; 
INSERT INTO metadata_general(isolate_id, isolate_name, species, project_name) VALUES ('565', 'CAN01-033', 'Pseudomonas aeruginosa', 'GEMARA') ON DUPLICATE KEY UPDATE isolate_name = 'CAN01-033', species = 'Pseudomonas aeruginosa', project_name = 'GEMARA'; 
INSERT INTO metadata_clinic(clinic_id, isolate_id, sample_type, collection_ward) VALUES ('426', '565', '16', 'Servicios quirúrgicos adultos') ON DUPLICATE KEY UPDATE sample_type = '16', collection_ward = 'Servicios quirúrgicos adultos'; 
INSERT INTO phenotypic_data(phenotypic_data_id, isolate_id, ecdc_resistance_profile, cloxa_test, mbl_test) VALUES ('426', '565', 'S', '-', '-') ON DUPLICATE KEY UPDATE ecdc_resistance_profile = 'S', cloxa_test = '-', mbl_test = '-'; 
INSERT INTO sequence_analysis(sequence_analysis_id, isolate_id, ame_loci, beta_lactamase_loci, carbapenemase_loci, other_acq_ab_loci) VALUES ('565', '565', '-', '-', '-', '-') ON DUPLICATE KEY UPDATE ame_loci = '-', beta_lactamase_loci = '-', carbapenemase_loci = '-', other_acq_ab_loci = '-'; 
INSERT INTO metadata_general(isolate_id, isolate_name, species, project_name) VALUES ('566', 'CAN01-002', 'Pseudomonas aeruginosa', 'GEMARA') ON DUPLICATE KEY UPDATE isolate_name = 'CAN01-002', species = 'Pseudomonas aeruginosa', project_name = 'GEMARA'; 
INSERT INTO metadata_clinic(clinic_id, isolate_id, sample_type, collection_ward) VALUES ('427', '566', '1', 'Urgencias adultos') ON DUPLICATE KEY UPDATE sample_type = '1', collection_ward = 'Urgencias adultos'; 
INSERT INTO phenotypic_data(phenotypic_data_id, isolate_id, ecdc_resistance_profile, cloxa_test, mbl_test) VALUES ('427', '566', 'S', '-', '-') ON DUPLICATE KEY UPDATE ecdc_resistance_profile = 'S', cloxa_test = '-', mbl_test = '-'; 
INSERT INTO sequence_analysis(sequence_analysis_id, isolate_id, ame_loci, beta_lactamase_loci, carbapenemase_loci, other_acq_ab_loci) VALUES ('566', '566', '-', '-', '-', '-') ON DUPLICATE KEY UPDATE ame_loci = '-', beta_lactamase_loci = '-', carbapenemase_loci = '-', other_acq_ab_loci = '-'; 
INSERT INTO metadata_general(isolate_id, isolate_name, species, project_name) VALUES ('567', 'CAN01-010', 'Pseudomonas aeruginosa', 'GEMARA') ON DUPLICATE KEY UPDATE isolate_name = 'CAN01-010', species = 'Pseudomonas aeruginosa', project_name = 'GEMARA'; 
INSERT INTO metadata_clinic(clinic_id, isolate_id, sample_type, collection_ward) VALUES ('428', '567', '5', 'Servicios médicos adultos') ON DUPLICATE KEY UPDATE sample_type = '5', collection_ward = 'Servicios médicos adultos'; 
INSERT INTO phenotypic_data(phenotypic_data_id, isolate_id, ecdc_resistance_profile, cloxa_test, mbl_test) VALUES ('428', '567', 'S', '-', '-') ON DUPLICATE KEY UPDATE ecdc_resistance_profile = 'S', cloxa_test = '-', mbl_test = '-'; 
INSERT INTO sequence_analysis(sequence_analysis_id, isolate_id, ame_loci, beta_lactamase_loci, carbapenemase_loci, other_acq_ab_loci) VALUES ('567', '567', '-', '-', '-', '-') ON DUPLICATE KEY UPDATE ame_loci = '-', beta_lactamase_loci = '-', carbapenemase_loci = '-', other_acq_ab_loci = '-'; 
INSERT INTO metadata_general(isolate_id, isolate_name, species, project_name) VALUES ('568', 'CAN01-014', 'Pseudomonas aeruginosa', 'GEMARA') ON DUPLICATE KEY UPDATE isolate_name = 'CAN01-014', species = 'Pseudomonas aeruginosa', project_name = 'GEMARA'; 
INSERT INTO metadata_clinic(clinic_id, isolate_id, sample_type, collection_ward) VALUES ('429', '568', '1', 'Consultas externas') ON DUPLICATE KEY UPDATE sample_type = '1', collection_ward = 'Consultas externas'; 
INSERT INTO phenotypic_data(phenotypic_data_id, isolate_id, ecdc_resistance_profile, cloxa_test, mbl_test) VALUES ('429', '568', 'S', '-', '-') ON DUPLICATE KEY UPDATE ecdc_resistance_profile = 'S', cloxa_test = '-', mbl_test = '-'; 
INSERT INTO sequence_analysis(sequence_analysis_id, isolate_id, ame_loci, beta_lactamase_loci, carbapenemase_loci, other_acq_ab_loci) VALUES ('568', '568', '-', '-', '-', '-') ON DUPLICATE KEY UPDATE ame_loci = '-', beta_lactamase_loci = '-', carbapenemase_loci = '-', other_acq_ab_loci = '-'; 
INSERT INTO metadata_general(isolate_id, isolate_name, species, project_name) VALUES ('569', 'CAN01-015', 'Pseudomonas aeruginosa', 'GEMARA') ON DUPLICATE KEY UPDATE isolate_name = 'CAN01-015', species = 'Pseudomonas aeruginosa', project_name = 'GEMARA'; 
INSERT INTO metadata_clinic(clinic_id, isolate_id, sample_type, collection_ward) VALUES ('430', '569', '1', 'Servicios médicos adultos') ON DUPLICATE KEY UPDATE sample_type = '1', collection_ward = 'Servicios médicos adultos'; 
INSERT INTO phenotypic_data(phenotypic_data_id, isolate_id, ecdc_resistance_profile, cloxa_test, mbl_test) VALUES ('430', '569', 'S', '-', '-') ON DUPLICATE KEY UPDATE ecdc_resistance_profile = 'S', cloxa_test = '-', mbl_test = '-'; 
INSERT INTO sequence_analysis(sequence_analysis_id, isolate_id, ame_loci, beta_lactamase_loci, carbapenemase_loci, other_acq_ab_loci) VALUES ('569', '569', '-', '-', '-', '-') ON DUPLICATE KEY UPDATE ame_loci = '-', beta_lactamase_loci = '-', carbapenemase_loci = '-', other_acq_ab_loci = '-'; 
INSERT INTO metadata_general(isolate_id, isolate_name, species, project_name) VALUES ('570', 'CAN01-016', 'Pseudomonas aeruginosa', 'GEMARA') ON DUPLICATE KEY UPDATE isolate_name = 'CAN01-016', species = 'Pseudomonas aeruginosa', project_name = 'GEMARA'; 
INSERT INTO metadata_clinic(clinic_id, isolate_id, sample_type, collection_ward) VALUES ('431', '570', '22', 'Urgencias adultos') ON DUPLICATE KEY UPDATE sample_type = '22', collection_ward = 'Urgencias adultos'; 
INSERT INTO phenotypic_data(phenotypic_data_id, isolate_id, ecdc_resistance_profile, cloxa_test, mbl_test) VALUES ('431', '570', 'S', '-', '-') ON DUPLICATE KEY UPDATE ecdc_resistance_profile = 'S', cloxa_test = '-', mbl_test = '-'; 
INSERT INTO sequence_analysis(sequence_analysis_id, isolate_id, ame_loci, beta_lactamase_loci, carbapenemase_loci, other_acq_ab_loci) VALUES ('570', '570', '-', '-', '-', '-') ON DUPLICATE KEY UPDATE ame_loci = '-', beta_lactamase_loci = '-', carbapenemase_loci = '-', other_acq_ab_loci = '-'; 
INSERT INTO metadata_general(isolate_id, isolate_name, species, project_name) VALUES ('571', 'CAN01-032', 'Pseudomonas aeruginosa', 'GEMARA') ON DUPLICATE KEY UPDATE isolate_name = 'CAN01-032', species = 'Pseudomonas aeruginosa', project_name = 'GEMARA'; 
INSERT INTO metadata_clinic(clinic_id, isolate_id, sample_type, collection_ward) VALUES ('432', '571', '1', 'Servicios médicos adultos') ON DUPLICATE KEY UPDATE sample_type = '1', collection_ward = 'Servicios médicos adultos'; 
INSERT INTO phenotypic_data(phenotypic_data_id, isolate_id, ecdc_resistance_profile, cloxa_test, mbl_test) VALUES ('432', '571', 'S', '-', '-') ON DUPLICATE KEY UPDATE ecdc_resistance_profile = 'S', cloxa_test = '-', mbl_test = '-'; 
INSERT INTO sequence_analysis(sequence_analysis_id, isolate_id, ame_loci, beta_lactamase_loci, carbapenemase_loci, other_acq_ab_loci) VALUES ('571', '571', '-', '-', '-', '-') ON DUPLICATE KEY UPDATE ame_loci = '-', beta_lactamase_loci = '-', carbapenemase_loci = '-', other_acq_ab_loci = '-'; 
INSERT INTO metadata_general(isolate_id, isolate_name, species, project_name) VALUES ('572', 'CAN01-029', 'Pseudomonas aeruginosa', 'GEMARA') ON DUPLICATE KEY UPDATE isolate_name = 'CAN01-029', species = 'Pseudomonas aeruginosa', project_name = 'GEMARA'; 
INSERT INTO metadata_clinic(clinic_id, isolate_id, sample_type, collection_ward) VALUES ('433', '572', '16', 'Urgencias adultos') ON DUPLICATE KEY UPDATE sample_type = '16', collection_ward = 'Urgencias adultos'; 
INSERT INTO phenotypic_data(phenotypic_data_id, isolate_id, ecdc_resistance_profile, cloxa_test, mbl_test) VALUES ('433', '572', 'S', '-', '-') ON DUPLICATE KEY UPDATE ecdc_resistance_profile = 'S', cloxa_test = '-', mbl_test = '-'; 
INSERT INTO sequence_analysis(sequence_analysis_id, isolate_id, ame_loci, beta_lactamase_loci, carbapenemase_loci, other_acq_ab_loci) VALUES ('572', '572', '-', '-', '-', '-') ON DUPLICATE KEY UPDATE ame_loci = '-', beta_lactamase_loci = '-', carbapenemase_loci = '-', other_acq_ab_loci = '-'; 
INSERT INTO metadata_general(isolate_id, isolate_name, species, project_name) VALUES ('573', 'CAN01-031', 'Pseudomonas aeruginosa', 'GEMARA') ON DUPLICATE KEY UPDATE isolate_name = 'CAN01-031', species = 'Pseudomonas aeruginosa', project_name = 'GEMARA'; 
INSERT INTO metadata_clinic(clinic_id, isolate_id, sample_type, collection_ward) VALUES ('434', '573', '1', 'Servicios médicos adultos') ON DUPLICATE KEY UPDATE sample_type = '1', collection_ward = 'Servicios médicos adultos'; 
INSERT INTO phenotypic_data(phenotypic_data_id, isolate_id, ecdc_resistance_profile, cloxa_test, mbl_test) VALUES ('434', '573', 'S', '-', '-') ON DUPLICATE KEY UPDATE ecdc_resistance_profile = 'S', cloxa_test = '-', mbl_test = '-'; 
INSERT INTO sequence_analysis(sequence_analysis_id, isolate_id, ame_loci, beta_lactamase_loci, carbapenemase_loci, other_acq_ab_loci) VALUES ('573', '573', '-', '-', '-', '-') ON DUPLICATE KEY UPDATE ame_loci = '-', beta_lactamase_loci = '-', carbapenemase_loci = '-', other_acq_ab_loci = '-'; 
INSERT INTO metadata_general(isolate_id, isolate_name, species, project_name) VALUES ('574', 'CAN01-007', 'Pseudomonas aeruginosa', 'GEMARA') ON DUPLICATE KEY UPDATE isolate_name = 'CAN01-007', species = 'Pseudomonas aeruginosa', project_name = 'GEMARA'; 
INSERT INTO metadata_clinic(clinic_id, isolate_id, sample_type, collection_ward) VALUES ('435', '574', '15', 'Urgencias adultos') ON DUPLICATE KEY UPDATE sample_type = '15', collection_ward = 'Urgencias adultos'; 
INSERT INTO phenotypic_data(phenotypic_data_id, isolate_id, ecdc_resistance_profile, cloxa_test, mbl_test) VALUES ('435', '574', 'S', '-', '-') ON DUPLICATE KEY UPDATE ecdc_resistance_profile = 'S', cloxa_test = '-', mbl_test = '-'; 
INSERT INTO sequence_analysis(sequence_analysis_id, isolate_id, ame_loci, beta_lactamase_loci, carbapenemase_loci, other_acq_ab_loci) VALUES ('574', '574', '-', '-', '-', '-') ON DUPLICATE KEY UPDATE ame_loci = '-', beta_lactamase_loci = '-', carbapenemase_loci = '-', other_acq_ab_loci = '-'; 
INSERT INTO metadata_general(isolate_id, isolate_name, species, project_name) VALUES ('575', 'CAN01-009', 'Pseudomonas aeruginosa', 'GEMARA') ON DUPLICATE KEY UPDATE isolate_name = 'CAN01-009', species = 'Pseudomonas aeruginosa', project_name = 'GEMARA'; 
INSERT INTO metadata_clinic(clinic_id, isolate_id, sample_type, collection_ward) VALUES ('436', '575', '16', 'Servicios médicos adultos') ON DUPLICATE KEY UPDATE sample_type = '16', collection_ward = 'Servicios médicos adultos'; 
INSERT INTO phenotypic_data(phenotypic_data_id, isolate_id, ecdc_resistance_profile, cloxa_test, mbl_test) VALUES ('436', '575', 'S', '-', '-') ON DUPLICATE KEY UPDATE ecdc_resistance_profile = 'S', cloxa_test = '-', mbl_test = '-'; 
INSERT INTO sequence_analysis(sequence_analysis_id, isolate_id, ame_loci, beta_lactamase_loci, carbapenemase_loci, other_acq_ab_loci) VALUES ('575', '575', '-', '-', '-', '-') ON DUPLICATE KEY UPDATE ame_loci = '-', beta_lactamase_loci = '-', carbapenemase_loci = '-', other_acq_ab_loci = '-'; 
INSERT INTO metadata_general(isolate_id, isolate_name, species, project_name) VALUES ('576', 'CAN01-013', 'Pseudomonas aeruginosa', 'GEMARA') ON DUPLICATE KEY UPDATE isolate_name = 'CAN01-013', species = 'Pseudomonas aeruginosa', project_name = 'GEMARA'; 
INSERT INTO metadata_clinic(clinic_id, isolate_id, sample_type, collection_ward) VALUES ('437', '576', '6', 'Servicios quirúrgicos adultos') ON DUPLICATE KEY UPDATE sample_type = '6', collection_ward = 'Servicios quirúrgicos adultos'; 
INSERT INTO phenotypic_data(phenotypic_data_id, isolate_id, ecdc_resistance_profile, cloxa_test, mbl_test) VALUES ('437', '576', 'S', '-', '-') ON DUPLICATE KEY UPDATE ecdc_resistance_profile = 'S', cloxa_test = '-', mbl_test = '-'; 
INSERT INTO sequence_analysis(sequence_analysis_id, isolate_id, ame_loci, beta_lactamase_loci, carbapenemase_loci, other_acq_ab_loci) VALUES ('576', '576', '-', '-', '-', '-') ON DUPLICATE KEY UPDATE ame_loci = '-', beta_lactamase_loci = '-', carbapenemase_loci = '-', other_acq_ab_loci = '-'; 
INSERT INTO metadata_general(isolate_id, isolate_name, species, project_name) VALUES ('577', 'CAN01-001', 'Pseudomonas aeruginosa', 'GEMARA') ON DUPLICATE KEY UPDATE isolate_name = 'CAN01-001', species = 'Pseudomonas aeruginosa', project_name = 'GEMARA'; 
INSERT INTO metadata_clinic(clinic_id, isolate_id, sample_type, collection_ward) VALUES ('438', '577', '31', 'Servicios médicos pediatría') ON DUPLICATE KEY UPDATE sample_type = '31', collection_ward = 'Servicios médicos pediatría'; 
INSERT INTO phenotypic_data(phenotypic_data_id, isolate_id, ecdc_resistance_profile, cloxa_test, mbl_test) VALUES ('438', '577', 'S', '-', '-') ON DUPLICATE KEY UPDATE ecdc_resistance_profile = 'S', cloxa_test = '-', mbl_test = '-'; 
INSERT INTO sequence_analysis(sequence_analysis_id, isolate_id, ame_loci, beta_lactamase_loci, carbapenemase_loci, other_acq_ab_loci) VALUES ('577', '577', '-', '-', '-', '-') ON DUPLICATE KEY UPDATE ame_loci = '-', beta_lactamase_loci = '-', carbapenemase_loci = '-', other_acq_ab_loci = '-'; 
INSERT INTO metadata_general(isolate_id, isolate_name, species, project_name) VALUES ('578', 'CAN01-006', 'Pseudomonas aeruginosa', 'GEMARA') ON DUPLICATE KEY UPDATE isolate_name = 'CAN01-006', species = 'Pseudomonas aeruginosa', project_name = 'GEMARA'; 
INSERT INTO metadata_clinic(clinic_id, isolate_id, sample_type, collection_ward) VALUES ('439', '578', '15', 'Urgencias adultos') ON DUPLICATE KEY UPDATE sample_type = '15', collection_ward = 'Urgencias adultos'; 
INSERT INTO phenotypic_data(phenotypic_data_id, isolate_id, ecdc_resistance_profile, cloxa_test, mbl_test) VALUES ('439', '578', 'S', '-', '-') ON DUPLICATE KEY UPDATE ecdc_resistance_profile = 'S', cloxa_test = '-', mbl_test = '-'; 
INSERT INTO sequence_analysis(sequence_analysis_id, isolate_id, ame_loci, beta_lactamase_loci, carbapenemase_loci, other_acq_ab_loci) VALUES ('578', '578', '-', '-', '-', '-') ON DUPLICATE KEY UPDATE ame_loci = '-', beta_lactamase_loci = '-', carbapenemase_loci = '-', other_acq_ab_loci = '-'; 
INSERT INTO metadata_general(isolate_id, isolate_name, species, project_name) VALUES ('579', 'CAN01-040', 'Pseudomonas aeruginosa', 'GEMARA') ON DUPLICATE KEY UPDATE isolate_name = 'CAN01-040', species = 'Pseudomonas aeruginosa', project_name = 'GEMARA'; 
INSERT INTO metadata_clinic(clinic_id, isolate_id, sample_type, collection_ward) VALUES ('440', '579', '25', 'UCI Adultos') ON DUPLICATE KEY UPDATE sample_type = '25', collection_ward = 'UCI Adultos'; 
INSERT INTO phenotypic_data(phenotypic_data_id, isolate_id, ecdc_resistance_profile, cloxa_test, mbl_test) VALUES ('440', '579', 'S', '-', '-') ON DUPLICATE KEY UPDATE ecdc_resistance_profile = 'S', cloxa_test = '-', mbl_test = '-'; 
INSERT INTO sequence_analysis(sequence_analysis_id, isolate_id, ame_loci, beta_lactamase_loci, carbapenemase_loci, other_acq_ab_loci) VALUES ('579', '579', '-', '-', '-', '-') ON DUPLICATE KEY UPDATE ame_loci = '-', beta_lactamase_loci = '-', carbapenemase_loci = '-', other_acq_ab_loci = '-'; 
INSERT INTO metadata_general(isolate_id, isolate_name, species, project_name) VALUES ('50', 'CAN01-025', 'Pseudomonas aeruginosa', 'GEMARA') ON DUPLICATE KEY UPDATE isolate_name = 'CAN01-025', species = 'Pseudomonas aeruginosa', project_name = 'GEMARA'; 
INSERT INTO metadata_clinic(clinic_id, isolate_id, sample_type, collection_ward) VALUES ('441', '50', '16', 'Servicios quirúrgicos adultos') ON DUPLICATE KEY UPDATE sample_type = '16', collection_ward = 'Servicios quirúrgicos adultos'; 
INSERT INTO phenotypic_data(phenotypic_data_id, isolate_id, ecdc_resistance_profile, cloxa_test, mbl_test) VALUES ('441', '50', 'XDR', '-/+', '-') ON DUPLICATE KEY UPDATE ecdc_resistance_profile = 'XDR', cloxa_test = '-/+', mbl_test = '-'; 
INSERT INTO sequence_analysis(sequence_analysis_id, isolate_id, ame_loci, beta_lactamase_loci, carbapenemase_loci, other_acq_ab_loci) VALUES ('50', '50', '-', '-', '-', '-') ON DUPLICATE KEY UPDATE ame_loci = '-', beta_lactamase_loci = '-', carbapenemase_loci = '-', other_acq_ab_loci = '-'; 
INSERT INTO metadata_general(isolate_id, isolate_name, species, project_name) VALUES ('52', 'CAN01-028', 'Pseudomonas aeruginosa', 'GEMARA') ON DUPLICATE KEY UPDATE isolate_name = 'CAN01-028', species = 'Pseudomonas aeruginosa', project_name = 'GEMARA'; 
INSERT INTO metadata_clinic(clinic_id, isolate_id, sample_type, collection_ward) VALUES ('442', '52', '5', 'Consultas externas') ON DUPLICATE KEY UPDATE sample_type = '5', collection_ward = 'Consultas externas'; 
INSERT INTO phenotypic_data(phenotypic_data_id, isolate_id, ecdc_resistance_profile, cloxa_test, mbl_test) VALUES ('442', '52', 'XDR', 's/+', '-') ON DUPLICATE KEY UPDATE ecdc_resistance_profile = 'XDR', cloxa_test = 's/+', mbl_test = '-'; 
INSERT INTO sequence_analysis(sequence_analysis_id, isolate_id, ame_loci, beta_lactamase_loci, carbapenemase_loci, other_acq_ab_loci) VALUES ('52', '52', '-', '-', '-', '-') ON DUPLICATE KEY UPDATE ame_loci = '-', beta_lactamase_loci = '-', carbapenemase_loci = '-', other_acq_ab_loci = '-'; 
INSERT INTO metadata_general(isolate_id, isolate_name, species, project_name) VALUES ('55', 'CAN01-039', 'Pseudomonas aeruginosa', 'GEMARA') ON DUPLICATE KEY UPDATE isolate_name = 'CAN01-039', species = 'Pseudomonas aeruginosa', project_name = 'GEMARA'; 
INSERT INTO metadata_clinic(clinic_id, isolate_id, sample_type, collection_ward) VALUES ('443', '55', '8', 'Servicios quirúrgicos adultos') ON DUPLICATE KEY UPDATE sample_type = '8', collection_ward = 'Servicios quirúrgicos adultos'; 
INSERT INTO phenotypic_data(phenotypic_data_id, isolate_id, ecdc_resistance_profile, cloxa_test, mbl_test) VALUES ('443', '55', 'XDR', '-/s', '-') ON DUPLICATE KEY UPDATE ecdc_resistance_profile = 'XDR', cloxa_test = '-/s', mbl_test = '-'; 
INSERT INTO sequence_analysis(sequence_analysis_id, isolate_id, ame_loci, beta_lactamase_loci, carbapenemase_loci, other_acq_ab_loci) VALUES ('55', '55', 'aacA4, aac(6\')Ib-cr', '-', '-', 'strA, strB') ON DUPLICATE KEY UPDATE ame_loci = 'aacA4, aac(6\')Ib-cr', beta_lactamase_loci = '-', carbapenemase_loci = '-', other_acq_ab_loci = 'strA, strB'; 
INSERT INTO metadata_general(isolate_id, isolate_name, species, project_name) VALUES ('47', 'CAN01-003', 'Pseudomonas aeruginosa', 'GEMARA') ON DUPLICATE KEY UPDATE isolate_name = 'CAN01-003', species = 'Pseudomonas aeruginosa', project_name = 'GEMARA'; 
INSERT INTO metadata_clinic(clinic_id, isolate_id, sample_type, collection_ward) VALUES ('444', '47', '1', 'Servicios quirúrgicos adultos') ON DUPLICATE KEY UPDATE sample_type = '1', collection_ward = 'Servicios quirúrgicos adultos'; 
INSERT INTO phenotypic_data(phenotypic_data_id, isolate_id, ecdc_resistance_profile, cloxa_test, mbl_test) VALUES ('444', '47', 'XDR', '+/+', '-') ON DUPLICATE KEY UPDATE ecdc_resistance_profile = 'XDR', cloxa_test = '+/+', mbl_test = '-'; 
INSERT INTO sequence_analysis(sequence_analysis_id, isolate_id, ame_loci, beta_lactamase_loci, carbapenemase_loci, other_acq_ab_loci) VALUES ('47', '47', 'aacA4, aac(6\')Ib-cr', 'blaOXA-46 (fatal comprobar los 24 nt del principio)', '-', '-') ON DUPLICATE KEY UPDATE ame_loci = 'aacA4, aac(6\')Ib-cr', beta_lactamase_loci = 'blaOXA-46 (fatal comprobar los 24 nt del principio)', carbapenemase_loci = '-', other_acq_ab_loci = '-'; 
INSERT INTO metadata_general(isolate_id, isolate_name, species, project_name) VALUES ('49', 'CAN01-017', 'Pseudomonas aeruginosa', 'GEMARA') ON DUPLICATE KEY UPDATE isolate_name = 'CAN01-017', species = 'Pseudomonas aeruginosa', project_name = 'GEMARA'; 
INSERT INTO metadata_clinic(clinic_id, isolate_id, sample_type, collection_ward) VALUES ('445', '49', '22', 'Servicios quirúrgicos adultos') ON DUPLICATE KEY UPDATE sample_type = '22', collection_ward = 'Servicios quirúrgicos adultos'; 
INSERT INTO phenotypic_data(phenotypic_data_id, isolate_id, ecdc_resistance_profile, cloxa_test, mbl_test) VALUES ('445', '49', 'XDR', '+/s', '-') ON DUPLICATE KEY UPDATE ecdc_resistance_profile = 'XDR', cloxa_test = '+/s', mbl_test = '-'; 
INSERT INTO sequence_analysis(sequence_analysis_id, isolate_id, ame_loci, beta_lactamase_loci, carbapenemase_loci, other_acq_ab_loci) VALUES ('49', '49', 'aac(3)-Ia', '-', '-', '-') ON DUPLICATE KEY UPDATE ame_loci = 'aac(3)-Ia', beta_lactamase_loci = '-', carbapenemase_loci = '-', other_acq_ab_loci = '-'; 
INSERT INTO metadata_general(isolate_id, isolate_name, species, project_name) VALUES ('53', 'CAN01-037', 'Pseudomonas aeruginosa', 'GEMARA') ON DUPLICATE KEY UPDATE isolate_name = 'CAN01-037', species = 'Pseudomonas aeruginosa', project_name = 'GEMARA'; 
INSERT INTO metadata_clinic(clinic_id, isolate_id, sample_type, collection_ward) VALUES ('446', '53', '1', 'Servicios médicos adultos') ON DUPLICATE KEY UPDATE sample_type = '1', collection_ward = 'Servicios médicos adultos'; 
INSERT INTO phenotypic_data(phenotypic_data_id, isolate_id, ecdc_resistance_profile, cloxa_test, mbl_test) VALUES ('446', '53', 'XDR', '+/+', '-') ON DUPLICATE KEY UPDATE ecdc_resistance_profile = 'XDR', cloxa_test = '+/+', mbl_test = '-'; 
INSERT INTO sequence_analysis(sequence_analysis_id, isolate_id, ame_loci, beta_lactamase_loci, carbapenemase_loci, other_acq_ab_loci) VALUES ('53', '53', '-', '-', '-', '-') ON DUPLICATE KEY UPDATE ame_loci = '-', beta_lactamase_loci = '-', carbapenemase_loci = '-', other_acq_ab_loci = '-'; 
INSERT INTO metadata_general(isolate_id, isolate_name, species, project_name) VALUES ('54', 'CAN01-038', 'Pseudomonas aeruginosa', 'GEMARA') ON DUPLICATE KEY UPDATE isolate_name = 'CAN01-038', species = 'Pseudomonas aeruginosa', project_name = 'GEMARA'; 
INSERT INTO metadata_clinic(clinic_id, isolate_id, sample_type, collection_ward) VALUES ('447', '54', '20', 'UCI Adultos') ON DUPLICATE KEY UPDATE sample_type = '20', collection_ward = 'UCI Adultos'; 
INSERT INTO phenotypic_data(phenotypic_data_id, isolate_id, ecdc_resistance_profile, cloxa_test, mbl_test) VALUES ('447', '54', 'XDR', '+/+', '-') ON DUPLICATE KEY UPDATE ecdc_resistance_profile = 'XDR', cloxa_test = '+/+', mbl_test = '-'; 
INSERT INTO sequence_analysis(sequence_analysis_id, isolate_id, ame_loci, beta_lactamase_loci, carbapenemase_loci, other_acq_ab_loci) VALUES ('54', '54', '-', '-', '-', '-') ON DUPLICATE KEY UPDATE ame_loci = '-', beta_lactamase_loci = '-', carbapenemase_loci = '-', other_acq_ab_loci = '-'; 
INSERT INTO metadata_general(isolate_id, isolate_name, species, project_name) VALUES ('48', 'CAN01-004', 'Pseudomonas aeruginosa', 'GEMARA') ON DUPLICATE KEY UPDATE isolate_name = 'CAN01-004', species = 'Pseudomonas aeruginosa', project_name = 'GEMARA'; 
INSERT INTO metadata_clinic(clinic_id, isolate_id, sample_type, collection_ward) VALUES ('448', '48', '15', 'Servicios quirúrgicos adultos') ON DUPLICATE KEY UPDATE sample_type = '15', collection_ward = 'Servicios quirúrgicos adultos'; 
INSERT INTO phenotypic_data(phenotypic_data_id, isolate_id, ecdc_resistance_profile, cloxa_test, mbl_test) VALUES ('448', '48', 'XDR', '+/+', '-') ON DUPLICATE KEY UPDATE ecdc_resistance_profile = 'XDR', cloxa_test = '+/+', mbl_test = '-'; 
INSERT INTO sequence_analysis(sequence_analysis_id, isolate_id, ame_loci, beta_lactamase_loci, carbapenemase_loci, other_acq_ab_loci) VALUES ('48', '48', 'aadB', '-', '-', '-') ON DUPLICATE KEY UPDATE ame_loci = 'aadB', beta_lactamase_loci = '-', carbapenemase_loci = '-', other_acq_ab_loci = '-'; 
INSERT INTO metadata_general(isolate_id, isolate_name, species, project_name) VALUES ('580', 'CAN01-021', 'Pseudomonas aeruginosa', 'GEMARA') ON DUPLICATE KEY UPDATE isolate_name = 'CAN01-021', species = 'Pseudomonas aeruginosa', project_name = 'GEMARA'; 
INSERT INTO metadata_clinic(clinic_id, isolate_id, sample_type, collection_ward) VALUES ('449', '580', '15', 'Servicios quirúrgicos adultos') ON DUPLICATE KEY UPDATE sample_type = '15', collection_ward = 'Servicios quirúrgicos adultos'; 
INSERT INTO phenotypic_data(phenotypic_data_id, isolate_id, ecdc_resistance_profile, cloxa_test, mbl_test) VALUES ('449', '580', 'XDR', '+/+', '-') ON DUPLICATE KEY UPDATE ecdc_resistance_profile = 'XDR', cloxa_test = '+/+', mbl_test = '-'; 
INSERT INTO sequence_analysis(sequence_analysis_id, isolate_id, ame_loci, beta_lactamase_loci, carbapenemase_loci, other_acq_ab_loci) VALUES ('580', '580', '-', '-', '-', '-') ON DUPLICATE KEY UPDATE ame_loci = '-', beta_lactamase_loci = '-', carbapenemase_loci = '-', other_acq_ab_loci = '-'; 
INSERT INTO metadata_general(isolate_id, isolate_name, species, project_name) VALUES ('581', 'CAN01-027', 'Pseudomonas aeruginosa', 'GEMARA') ON DUPLICATE KEY UPDATE isolate_name = 'CAN01-027', species = 'Pseudomonas aeruginosa', project_name = 'GEMARA'; 
INSERT INTO metadata_clinic(clinic_id, isolate_id, sample_type, collection_ward) VALUES ('450', '581', '5', 'Consultas externas') ON DUPLICATE KEY UPDATE sample_type = '5', collection_ward = 'Consultas externas'; 
INSERT INTO phenotypic_data(phenotypic_data_id, isolate_id, ecdc_resistance_profile, cloxa_test, mbl_test) VALUES ('450', '581', 'XDR', '-/+ ', '-') ON DUPLICATE KEY UPDATE ecdc_resistance_profile = 'XDR', cloxa_test = '-/+ ', mbl_test = '-'; 
INSERT INTO sequence_analysis(sequence_analysis_id, isolate_id, ame_loci, beta_lactamase_loci, carbapenemase_loci, other_acq_ab_loci) VALUES ('581', '581', '-', '-', '-', '-') ON DUPLICATE KEY UPDATE ame_loci = '-', beta_lactamase_loci = '-', carbapenemase_loci = '-', other_acq_ab_loci = '-'; 
INSERT INTO metadata_general(isolate_id, isolate_name, species, project_name) VALUES ('51', 'CAN01-026', 'Pseudomonas aeruginosa', 'GEMARA') ON DUPLICATE KEY UPDATE isolate_name = 'CAN01-026', species = 'Pseudomonas aeruginosa', project_name = 'GEMARA'; 
INSERT INTO metadata_clinic(clinic_id, isolate_id, sample_type, collection_ward) VALUES ('451', '51', '15', 'Servicios quirúrgicos adultos') ON DUPLICATE KEY UPDATE sample_type = '15', collection_ward = 'Servicios quirúrgicos adultos'; 
INSERT INTO phenotypic_data(phenotypic_data_id, isolate_id, ecdc_resistance_profile, cloxa_test, mbl_test) VALUES ('451', '51', 'XDR', 's/s', '-') ON DUPLICATE KEY UPDATE ecdc_resistance_profile = 'XDR', cloxa_test = 's/s', mbl_test = '-'; 
INSERT INTO sequence_analysis(sequence_analysis_id, isolate_id, ame_loci, beta_lactamase_loci, carbapenemase_loci, other_acq_ab_loci) VALUES ('51', '51', '-', '-', '-', '-') ON DUPLICATE KEY UPDATE ame_loci = '-', beta_lactamase_loci = '-', carbapenemase_loci = '-', other_acq_ab_loci = '-'; 
INSERT INTO metadata_general(isolate_id, isolate_name, species, project_name) VALUES ('582', 'CAT01-010', 'Pseudomonas aeruginosa', 'GEMARA') ON DUPLICATE KEY UPDATE isolate_name = 'CAT01-010', species = 'Pseudomonas aeruginosa', project_name = 'GEMARA'; 
INSERT INTO metadata_clinic(clinic_id, isolate_id, sample_type, collection_ward) VALUES ('452', '582', '1', 'Urgencias adultos') ON DUPLICATE KEY UPDATE sample_type = '1', collection_ward = 'Urgencias adultos'; 
INSERT INTO phenotypic_data(phenotypic_data_id, isolate_id, ecdc_resistance_profile, cloxa_test, mbl_test) VALUES ('452', '582', 'MDR', '-', '-') ON DUPLICATE KEY UPDATE ecdc_resistance_profile = 'MDR', cloxa_test = '-', mbl_test = '-'; 
INSERT INTO sequence_analysis(sequence_analysis_id, isolate_id, ame_loci, beta_lactamase_loci, carbapenemase_loci, other_acq_ab_loci) VALUES ('582', '582', '-', '-', '-', '-') ON DUPLICATE KEY UPDATE ame_loci = '-', beta_lactamase_loci = '-', carbapenemase_loci = '-', other_acq_ab_loci = '-'; 
INSERT INTO metadata_general(isolate_id, isolate_name, species, project_name) VALUES ('583', 'CAT01-030', 'Pseudomonas aeruginosa', 'GEMARA') ON DUPLICATE KEY UPDATE isolate_name = 'CAT01-030', species = 'Pseudomonas aeruginosa', project_name = 'GEMARA'; 
INSERT INTO metadata_clinic(clinic_id, isolate_id, sample_type, collection_ward) VALUES ('453', '583', '1', 'Servicios médicos adultos') ON DUPLICATE KEY UPDATE sample_type = '1', collection_ward = 'Servicios médicos adultos'; 
INSERT INTO phenotypic_data(phenotypic_data_id, isolate_id, ecdc_resistance_profile, cloxa_test, mbl_test) VALUES ('453', '583', 'MDR', '+/s', '-') ON DUPLICATE KEY UPDATE ecdc_resistance_profile = 'MDR', cloxa_test = '+/s', mbl_test = '-'; 
INSERT INTO sequence_analysis(sequence_analysis_id, isolate_id, ame_loci, beta_lactamase_loci, carbapenemase_loci, other_acq_ab_loci) VALUES ('583', '583', '-', '-', '-', '-') ON DUPLICATE KEY UPDATE ame_loci = '-', beta_lactamase_loci = '-', carbapenemase_loci = '-', other_acq_ab_loci = '-'; 
INSERT INTO metadata_general(isolate_id, isolate_name, species, project_name) VALUES ('584', 'CAT01-021', 'Pseudomonas aeruginosa', 'GEMARA') ON DUPLICATE KEY UPDATE isolate_name = 'CAT01-021', species = 'Pseudomonas aeruginosa', project_name = 'GEMARA'; 
INSERT INTO metadata_clinic(clinic_id, isolate_id, sample_type, collection_ward) VALUES ('454', '584', '9', 'Servicios médicos adultos') ON DUPLICATE KEY UPDATE sample_type = '9', collection_ward = 'Servicios médicos adultos'; 
INSERT INTO phenotypic_data(phenotypic_data_id, isolate_id, ecdc_resistance_profile, cloxa_test, mbl_test) VALUES ('454', '584', 'MDR', '-', '-') ON DUPLICATE KEY UPDATE ecdc_resistance_profile = 'MDR', cloxa_test = '-', mbl_test = '-'; 
INSERT INTO sequence_analysis(sequence_analysis_id, isolate_id, ame_loci, beta_lactamase_loci, carbapenemase_loci, other_acq_ab_loci) VALUES ('584', '584', '-', '-', '-', '-') ON DUPLICATE KEY UPDATE ame_loci = '-', beta_lactamase_loci = '-', carbapenemase_loci = '-', other_acq_ab_loci = '-'; 
INSERT INTO metadata_general(isolate_id, isolate_name, species, project_name) VALUES ('585', 'CAT01-036', 'Pseudomonas aeruginosa', 'GEMARA') ON DUPLICATE KEY UPDATE isolate_name = 'CAT01-036', species = 'Pseudomonas aeruginosa', project_name = 'GEMARA'; 
INSERT INTO metadata_clinic(clinic_id, isolate_id, sample_type, collection_ward) VALUES ('455', '585', '16', 'Servicios médicos adultos') ON DUPLICATE KEY UPDATE sample_type = '16', collection_ward = 'Servicios médicos adultos'; 
INSERT INTO phenotypic_data(phenotypic_data_id, isolate_id, ecdc_resistance_profile, cloxa_test, mbl_test) VALUES ('455', '585', 'S', '-', '-') ON DUPLICATE KEY UPDATE ecdc_resistance_profile = 'S', cloxa_test = '-', mbl_test = '-'; 
INSERT INTO sequence_analysis(sequence_analysis_id, isolate_id, ame_loci, beta_lactamase_loci, carbapenemase_loci, other_acq_ab_loci) VALUES ('585', '585', '-', '-', '-', '-') ON DUPLICATE KEY UPDATE ame_loci = '-', beta_lactamase_loci = '-', carbapenemase_loci = '-', other_acq_ab_loci = '-'; 
INSERT INTO metadata_general(isolate_id, isolate_name, species, project_name) VALUES ('586', 'CAT01-037', 'Pseudomonas aeruginosa', 'GEMARA') ON DUPLICATE KEY UPDATE isolate_name = 'CAT01-037', species = 'Pseudomonas aeruginosa', project_name = 'GEMARA'; 
INSERT INTO metadata_clinic(clinic_id, isolate_id, sample_type, collection_ward) VALUES ('456', '586', '9', 'Servicios médicos adultos') ON DUPLICATE KEY UPDATE sample_type = '9', collection_ward = 'Servicios médicos adultos'; 
INSERT INTO phenotypic_data(phenotypic_data_id, isolate_id, ecdc_resistance_profile, cloxa_test, mbl_test) VALUES ('456', '586', 'S', '-', '-') ON DUPLICATE KEY UPDATE ecdc_resistance_profile = 'S', cloxa_test = '-', mbl_test = '-'; 
INSERT INTO sequence_analysis(sequence_analysis_id, isolate_id, ame_loci, beta_lactamase_loci, carbapenemase_loci, other_acq_ab_loci) VALUES ('586', '586', '-', '-', '-', '-') ON DUPLICATE KEY UPDATE ame_loci = '-', beta_lactamase_loci = '-', carbapenemase_loci = '-', other_acq_ab_loci = '-'; 
INSERT INTO metadata_general(isolate_id, isolate_name, species, project_name) VALUES ('587', 'CAT01-022', 'Pseudomonas aeruginosa', 'GEMARA') ON DUPLICATE KEY UPDATE isolate_name = 'CAT01-022', species = 'Pseudomonas aeruginosa', project_name = 'GEMARA'; 
INSERT INTO metadata_clinic(clinic_id, isolate_id, sample_type, collection_ward) VALUES ('457', '587', '1', 'Servicios médicos adultos') ON DUPLICATE KEY UPDATE sample_type = '1', collection_ward = 'Servicios médicos adultos'; 
INSERT INTO phenotypic_data(phenotypic_data_id, isolate_id, ecdc_resistance_profile, cloxa_test, mbl_test) VALUES ('457', '587', 'S', '-', '-') ON DUPLICATE KEY UPDATE ecdc_resistance_profile = 'S', cloxa_test = '-', mbl_test = '-'; 
INSERT INTO sequence_analysis(sequence_analysis_id, isolate_id, ame_loci, beta_lactamase_loci, carbapenemase_loci, other_acq_ab_loci) VALUES ('587', '587', '-', '-', '-', '-') ON DUPLICATE KEY UPDATE ame_loci = '-', beta_lactamase_loci = '-', carbapenemase_loci = '-', other_acq_ab_loci = '-'; 
INSERT INTO metadata_general(isolate_id, isolate_name, species, project_name) VALUES ('588', 'CAT01-023', 'Pseudomonas aeruginosa', 'GEMARA') ON DUPLICATE KEY UPDATE isolate_name = 'CAT01-023', species = 'Pseudomonas aeruginosa', project_name = 'GEMARA'; 
INSERT INTO metadata_clinic(clinic_id, isolate_id, sample_type, collection_ward) VALUES ('458', '588', '1', 'Servicios médicos adultos') ON DUPLICATE KEY UPDATE sample_type = '1', collection_ward = 'Servicios médicos adultos'; 
INSERT INTO phenotypic_data(phenotypic_data_id, isolate_id, ecdc_resistance_profile, cloxa_test, mbl_test) VALUES ('458', '588', 'S', '-', '-') ON DUPLICATE KEY UPDATE ecdc_resistance_profile = 'S', cloxa_test = '-', mbl_test = '-'; 
INSERT INTO sequence_analysis(sequence_analysis_id, isolate_id, ame_loci, beta_lactamase_loci, carbapenemase_loci, other_acq_ab_loci) VALUES ('588', '588', '-', '-', '-', '-') ON DUPLICATE KEY UPDATE ame_loci = '-', beta_lactamase_loci = '-', carbapenemase_loci = '-', other_acq_ab_loci = '-'; 
INSERT INTO metadata_general(isolate_id, isolate_name, species, project_name) VALUES ('589', 'CAT01-033', 'Pseudomonas aeruginosa', 'GEMARA') ON DUPLICATE KEY UPDATE isolate_name = 'CAT01-033', species = 'Pseudomonas aeruginosa', project_name = 'GEMARA'; 
INSERT INTO metadata_clinic(clinic_id, isolate_id, sample_type, collection_ward) VALUES ('459', '589', '16', 'Servicios médicos adultos') ON DUPLICATE KEY UPDATE sample_type = '16', collection_ward = 'Servicios médicos adultos'; 
INSERT INTO phenotypic_data(phenotypic_data_id, isolate_id, ecdc_resistance_profile, cloxa_test, mbl_test) VALUES ('459', '589', 'S', '-', '-') ON DUPLICATE KEY UPDATE ecdc_resistance_profile = 'S', cloxa_test = '-', mbl_test = '-'; 
INSERT INTO sequence_analysis(sequence_analysis_id, isolate_id, ame_loci, beta_lactamase_loci, carbapenemase_loci, other_acq_ab_loci) VALUES ('589', '589', '-', '-', '-', '-') ON DUPLICATE KEY UPDATE ame_loci = '-', beta_lactamase_loci = '-', carbapenemase_loci = '-', other_acq_ab_loci = '-'; 
INSERT INTO metadata_general(isolate_id, isolate_name, species, project_name) VALUES ('590', 'CAT01-011', 'Pseudomonas aeruginosa', 'GEMARA') ON DUPLICATE KEY UPDATE isolate_name = 'CAT01-011', species = 'Pseudomonas aeruginosa', project_name = 'GEMARA'; 
INSERT INTO metadata_clinic(clinic_id, isolate_id, sample_type, collection_ward) VALUES ('460', '590', '5', 'Urgencias adultos') ON DUPLICATE KEY UPDATE sample_type = '5', collection_ward = 'Urgencias adultos'; 
INSERT INTO phenotypic_data(phenotypic_data_id, isolate_id, ecdc_resistance_profile, cloxa_test, mbl_test) VALUES ('460', '590', 'S', '-', '-') ON DUPLICATE KEY UPDATE ecdc_resistance_profile = 'S', cloxa_test = '-', mbl_test = '-'; 
INSERT INTO sequence_analysis(sequence_analysis_id, isolate_id, ame_loci, beta_lactamase_loci, carbapenemase_loci, other_acq_ab_loci) VALUES ('590', '590', '-', '-', '-', '-') ON DUPLICATE KEY UPDATE ame_loci = '-', beta_lactamase_loci = '-', carbapenemase_loci = '-', other_acq_ab_loci = '-'; 
INSERT INTO metadata_general(isolate_id, isolate_name, species, project_name) VALUES ('591', 'CAT01-014', 'Pseudomonas aeruginosa', 'GEMARA') ON DUPLICATE KEY UPDATE isolate_name = 'CAT01-014', species = 'Pseudomonas aeruginosa', project_name = 'GEMARA'; 
INSERT INTO metadata_clinic(clinic_id, isolate_id, sample_type, collection_ward) VALUES ('461', '591', '15', 'Servicios médicos adultos') ON DUPLICATE KEY UPDATE sample_type = '15', collection_ward = 'Servicios médicos adultos'; 
INSERT INTO phenotypic_data(phenotypic_data_id, isolate_id, ecdc_resistance_profile, cloxa_test, mbl_test) VALUES ('461', '591', 'S', '-', '-') ON DUPLICATE KEY UPDATE ecdc_resistance_profile = 'S', cloxa_test = '-', mbl_test = '-'; 
INSERT INTO sequence_analysis(sequence_analysis_id, isolate_id, ame_loci, beta_lactamase_loci, carbapenemase_loci, other_acq_ab_loci) VALUES ('591', '591', '-', '-', '-', '-') ON DUPLICATE KEY UPDATE ame_loci = '-', beta_lactamase_loci = '-', carbapenemase_loci = '-', other_acq_ab_loci = '-'; 
INSERT INTO metadata_general(isolate_id, isolate_name, species, project_name) VALUES ('592', 'CAT01-025', 'Pseudomonas aeruginosa', 'GEMARA') ON DUPLICATE KEY UPDATE isolate_name = 'CAT01-025', species = 'Pseudomonas aeruginosa', project_name = 'GEMARA'; 
INSERT INTO metadata_clinic(clinic_id, isolate_id, sample_type, collection_ward) VALUES ('462', '592', '7', 'Servicios médicos adultos') ON DUPLICATE KEY UPDATE sample_type = '7', collection_ward = 'Servicios médicos adultos'; 
INSERT INTO phenotypic_data(phenotypic_data_id, isolate_id, ecdc_resistance_profile, cloxa_test, mbl_test) VALUES ('462', '592', 'S', '-', '-') ON DUPLICATE KEY UPDATE ecdc_resistance_profile = 'S', cloxa_test = '-', mbl_test = '-'; 
INSERT INTO sequence_analysis(sequence_analysis_id, isolate_id, ame_loci, beta_lactamase_loci, carbapenemase_loci, other_acq_ab_loci) VALUES ('592', '592', '-', '-', '-', '-') ON DUPLICATE KEY UPDATE ame_loci = '-', beta_lactamase_loci = '-', carbapenemase_loci = '-', other_acq_ab_loci = '-'; 
INSERT INTO metadata_general(isolate_id, isolate_name, species, project_name) VALUES ('593', 'CAT01-032', 'Pseudomonas aeruginosa', 'GEMARA') ON DUPLICATE KEY UPDATE isolate_name = 'CAT01-032', species = 'Pseudomonas aeruginosa', project_name = 'GEMARA'; 
INSERT INTO metadata_clinic(clinic_id, isolate_id, sample_type, collection_ward) VALUES ('463', '593', '31', 'Servicios quirúrgicos adultos') ON DUPLICATE KEY UPDATE sample_type = '31', collection_ward = 'Servicios quirúrgicos adultos'; 
INSERT INTO phenotypic_data(phenotypic_data_id, isolate_id, ecdc_resistance_profile, cloxa_test, mbl_test) VALUES ('463', '593', 'S', '-', '-') ON DUPLICATE KEY UPDATE ecdc_resistance_profile = 'S', cloxa_test = '-', mbl_test = '-'; 
INSERT INTO sequence_analysis(sequence_analysis_id, isolate_id, ame_loci, beta_lactamase_loci, carbapenemase_loci, other_acq_ab_loci) VALUES ('593', '593', '-', '-', '-', '-') ON DUPLICATE KEY UPDATE ame_loci = '-', beta_lactamase_loci = '-', carbapenemase_loci = '-', other_acq_ab_loci = '-'; 
INSERT INTO metadata_general(isolate_id, isolate_name, species, project_name) VALUES ('594', 'CAT01-035', 'Pseudomonas aeruginosa', 'GEMARA') ON DUPLICATE KEY UPDATE isolate_name = 'CAT01-035', species = 'Pseudomonas aeruginosa', project_name = 'GEMARA'; 
INSERT INTO metadata_clinic(clinic_id, isolate_id, sample_type, collection_ward) VALUES ('464', '594', '15', 'Servicios quirúrgicos adultos') ON DUPLICATE KEY UPDATE sample_type = '15', collection_ward = 'Servicios quirúrgicos adultos'; 
INSERT INTO phenotypic_data(phenotypic_data_id, isolate_id, ecdc_resistance_profile, cloxa_test, mbl_test) VALUES ('464', '594', 'S', '-', '-') ON DUPLICATE KEY UPDATE ecdc_resistance_profile = 'S', cloxa_test = '-', mbl_test = '-'; 
INSERT INTO sequence_analysis(sequence_analysis_id, isolate_id, ame_loci, beta_lactamase_loci, carbapenemase_loci, other_acq_ab_loci) VALUES ('594', '594', '-', '-', '-', '-') ON DUPLICATE KEY UPDATE ame_loci = '-', beta_lactamase_loci = '-', carbapenemase_loci = '-', other_acq_ab_loci = '-'; 
INSERT INTO metadata_general(isolate_id, isolate_name, species, project_name) VALUES ('595', 'CAT01-031', 'Pseudomonas aeruginosa', 'GEMARA') ON DUPLICATE KEY UPDATE isolate_name = 'CAT01-031', species = 'Pseudomonas aeruginosa', project_name = 'GEMARA'; 
INSERT INTO metadata_clinic(clinic_id, isolate_id, sample_type, collection_ward) VALUES ('465', '595', '1', 'Servicios médicos adultos') ON DUPLICATE KEY UPDATE sample_type = '1', collection_ward = 'Servicios médicos adultos'; 
INSERT INTO phenotypic_data(phenotypic_data_id, isolate_id, ecdc_resistance_profile, cloxa_test, mbl_test) VALUES ('465', '595', 'S', '-', '-') ON DUPLICATE KEY UPDATE ecdc_resistance_profile = 'S', cloxa_test = '-', mbl_test = '-'; 
INSERT INTO sequence_analysis(sequence_analysis_id, isolate_id, ame_loci, beta_lactamase_loci, carbapenemase_loci, other_acq_ab_loci) VALUES ('595', '595', '-', '-', '-', '-') ON DUPLICATE KEY UPDATE ame_loci = '-', beta_lactamase_loci = '-', carbapenemase_loci = '-', other_acq_ab_loci = '-'; 
INSERT INTO metadata_general(isolate_id, isolate_name, species, project_name) VALUES ('596', 'CAT01-005', 'Pseudomonas aeruginosa', 'GEMARA') ON DUPLICATE KEY UPDATE isolate_name = 'CAT01-005', species = 'Pseudomonas aeruginosa', project_name = 'GEMARA'; 
INSERT INTO metadata_clinic(clinic_id, isolate_id, sample_type, collection_ward) VALUES ('466', '596', '5', 'Servicios médicos adultos') ON DUPLICATE KEY UPDATE sample_type = '5', collection_ward = 'Servicios médicos adultos'; 
INSERT INTO phenotypic_data(phenotypic_data_id, isolate_id, ecdc_resistance_profile, cloxa_test, mbl_test) VALUES ('466', '596', 'S', '-', '-') ON DUPLICATE KEY UPDATE ecdc_resistance_profile = 'S', cloxa_test = '-', mbl_test = '-'; 
INSERT INTO sequence_analysis(sequence_analysis_id, isolate_id, ame_loci, beta_lactamase_loci, carbapenemase_loci, other_acq_ab_loci) VALUES ('596', '596', '-', '-', '-', '-') ON DUPLICATE KEY UPDATE ame_loci = '-', beta_lactamase_loci = '-', carbapenemase_loci = '-', other_acq_ab_loci = '-'; 
INSERT INTO metadata_general(isolate_id, isolate_name, species, project_name) VALUES ('597', 'CAT01-009', 'Pseudomonas aeruginosa', 'GEMARA') ON DUPLICATE KEY UPDATE isolate_name = 'CAT01-009', species = 'Pseudomonas aeruginosa', project_name = 'GEMARA'; 
INSERT INTO metadata_clinic(clinic_id, isolate_id, sample_type, collection_ward) VALUES ('467', '597', '5', 'Servicios médicos adultos') ON DUPLICATE KEY UPDATE sample_type = '5', collection_ward = 'Servicios médicos adultos'; 
INSERT INTO phenotypic_data(phenotypic_data_id, isolate_id, ecdc_resistance_profile, cloxa_test, mbl_test) VALUES ('467', '597', 'S', '-', '-') ON DUPLICATE KEY UPDATE ecdc_resistance_profile = 'S', cloxa_test = '-', mbl_test = '-'; 
INSERT INTO sequence_analysis(sequence_analysis_id, isolate_id, ame_loci, beta_lactamase_loci, carbapenemase_loci, other_acq_ab_loci) VALUES ('597', '597', '-', '-', '-', '-') ON DUPLICATE KEY UPDATE ame_loci = '-', beta_lactamase_loci = '-', carbapenemase_loci = '-', other_acq_ab_loci = '-'; 
INSERT INTO metadata_general(isolate_id, isolate_name, species, project_name) VALUES ('598', 'CAT01-013', 'Pseudomonas aeruginosa', 'GEMARA') ON DUPLICATE KEY UPDATE isolate_name = 'CAT01-013', species = 'Pseudomonas aeruginosa', project_name = 'GEMARA'; 
INSERT INTO metadata_clinic(clinic_id, isolate_id, sample_type, collection_ward) VALUES ('468', '598', '5', 'Urgencias adultos') ON DUPLICATE KEY UPDATE sample_type = '5', collection_ward = 'Urgencias adultos'; 
INSERT INTO phenotypic_data(phenotypic_data_id, isolate_id, ecdc_resistance_profile, cloxa_test, mbl_test) VALUES ('468', '598', 'S', '-', '-') ON DUPLICATE KEY UPDATE ecdc_resistance_profile = 'S', cloxa_test = '-', mbl_test = '-'; 
INSERT INTO sequence_analysis(sequence_analysis_id, isolate_id, ame_loci, beta_lactamase_loci, carbapenemase_loci, other_acq_ab_loci) VALUES ('598', '598', '-', '-', '-', '-') ON DUPLICATE KEY UPDATE ame_loci = '-', beta_lactamase_loci = '-', carbapenemase_loci = '-', other_acq_ab_loci = '-'; 
INSERT INTO metadata_general(isolate_id, isolate_name, species, project_name) VALUES ('599', 'CAT01-019', 'Pseudomonas aeruginosa', 'GEMARA') ON DUPLICATE KEY UPDATE isolate_name = 'CAT01-019', species = 'Pseudomonas aeruginosa', project_name = 'GEMARA'; 
INSERT INTO metadata_clinic(clinic_id, isolate_id, sample_type, collection_ward) VALUES ('469', '599', '16', 'Servicios médicos adultos') ON DUPLICATE KEY UPDATE sample_type = '16', collection_ward = 'Servicios médicos adultos'; 
INSERT INTO phenotypic_data(phenotypic_data_id, isolate_id, ecdc_resistance_profile, cloxa_test, mbl_test) VALUES ('469', '599', 'S', '-', '-') ON DUPLICATE KEY UPDATE ecdc_resistance_profile = 'S', cloxa_test = '-', mbl_test = '-'; 
INSERT INTO sequence_analysis(sequence_analysis_id, isolate_id, ame_loci, beta_lactamase_loci, carbapenemase_loci, other_acq_ab_loci) VALUES ('599', '599', '-', '-', '-', '-') ON DUPLICATE KEY UPDATE ame_loci = '-', beta_lactamase_loci = '-', carbapenemase_loci = '-', other_acq_ab_loci = '-'; 
INSERT INTO metadata_general(isolate_id, isolate_name, species, project_name) VALUES ('600', 'CAT01-004', 'Pseudomonas aeruginosa', 'GEMARA') ON DUPLICATE KEY UPDATE isolate_name = 'CAT01-004', species = 'Pseudomonas aeruginosa', project_name = 'GEMARA'; 
INSERT INTO metadata_clinic(clinic_id, isolate_id, sample_type, collection_ward) VALUES ('470', '600', '5', 'UCI Adultos') ON DUPLICATE KEY UPDATE sample_type = '5', collection_ward = 'UCI Adultos'; 
INSERT INTO phenotypic_data(phenotypic_data_id, isolate_id, ecdc_resistance_profile, cloxa_test, mbl_test) VALUES ('470', '600', 'S', '-', '-') ON DUPLICATE KEY UPDATE ecdc_resistance_profile = 'S', cloxa_test = '-', mbl_test = '-'; 
INSERT INTO sequence_analysis(sequence_analysis_id, isolate_id, ame_loci, beta_lactamase_loci, carbapenemase_loci, other_acq_ab_loci) VALUES ('600', '600', '-', '-', '-', '-') ON DUPLICATE KEY UPDATE ame_loci = '-', beta_lactamase_loci = '-', carbapenemase_loci = '-', other_acq_ab_loci = '-'; 
INSERT INTO metadata_general(isolate_id, isolate_name, species, project_name) VALUES ('601', 'CAT01-008', 'Pseudomonas aeruginosa', 'GEMARA') ON DUPLICATE KEY UPDATE isolate_name = 'CAT01-008', species = 'Pseudomonas aeruginosa', project_name = 'GEMARA'; 
INSERT INTO metadata_clinic(clinic_id, isolate_id, sample_type, collection_ward) VALUES ('471', '601', '5', 'Urgencias adultos') ON DUPLICATE KEY UPDATE sample_type = '5', collection_ward = 'Urgencias adultos'; 
INSERT INTO phenotypic_data(phenotypic_data_id, isolate_id, ecdc_resistance_profile, cloxa_test, mbl_test) VALUES ('471', '601', 'S', '-', '-') ON DUPLICATE KEY UPDATE ecdc_resistance_profile = 'S', cloxa_test = '-', mbl_test = '-'; 
INSERT INTO sequence_analysis(sequence_analysis_id, isolate_id, ame_loci, beta_lactamase_loci, carbapenemase_loci, other_acq_ab_loci) VALUES ('601', '601', '-', '-', '-', '-') ON DUPLICATE KEY UPDATE ame_loci = '-', beta_lactamase_loci = '-', carbapenemase_loci = '-', other_acq_ab_loci = '-'; 
INSERT INTO metadata_general(isolate_id, isolate_name, species, project_name) VALUES ('602', 'CAT01-026', 'Pseudomonas aeruginosa', 'GEMARA') ON DUPLICATE KEY UPDATE isolate_name = 'CAT01-026', species = 'Pseudomonas aeruginosa', project_name = 'GEMARA'; 
INSERT INTO metadata_clinic(clinic_id, isolate_id, sample_type, collection_ward) VALUES ('472', '602', '7', 'Servicios médicos adultos') ON DUPLICATE KEY UPDATE sample_type = '7', collection_ward = 'Servicios médicos adultos'; 
INSERT INTO phenotypic_data(phenotypic_data_id, isolate_id, ecdc_resistance_profile, cloxa_test, mbl_test) VALUES ('472', '602', 'S', '-', '-') ON DUPLICATE KEY UPDATE ecdc_resistance_profile = 'S', cloxa_test = '-', mbl_test = '-'; 
INSERT INTO sequence_analysis(sequence_analysis_id, isolate_id, ame_loci, beta_lactamase_loci, carbapenemase_loci, other_acq_ab_loci) VALUES ('602', '602', '-', '-', '-', '-') ON DUPLICATE KEY UPDATE ame_loci = '-', beta_lactamase_loci = '-', carbapenemase_loci = '-', other_acq_ab_loci = '-'; 
INSERT INTO metadata_general(isolate_id, isolate_name, species, project_name) VALUES ('603', 'CAT01-038', 'Pseudomonas aeruginosa', 'GEMARA') ON DUPLICATE KEY UPDATE isolate_name = 'CAT01-038', species = 'Pseudomonas aeruginosa', project_name = 'GEMARA'; 
INSERT INTO metadata_clinic(clinic_id, isolate_id, sample_type, collection_ward) VALUES ('473', '603', '1', 'Servicios médicos adultos') ON DUPLICATE KEY UPDATE sample_type = '1', collection_ward = 'Servicios médicos adultos'; 
INSERT INTO phenotypic_data(phenotypic_data_id, isolate_id, ecdc_resistance_profile, cloxa_test, mbl_test) VALUES ('473', '603', 'S', '-', '-') ON DUPLICATE KEY UPDATE ecdc_resistance_profile = 'S', cloxa_test = '-', mbl_test = '-'; 
INSERT INTO sequence_analysis(sequence_analysis_id, isolate_id, ame_loci, beta_lactamase_loci, carbapenemase_loci, other_acq_ab_loci) VALUES ('603', '603', '-', '-', '-', '-') ON DUPLICATE KEY UPDATE ame_loci = '-', beta_lactamase_loci = '-', carbapenemase_loci = '-', other_acq_ab_loci = '-'; 
INSERT INTO metadata_general(isolate_id, isolate_name, species, project_name) VALUES ('604', 'CAT01-003', 'Pseudomonas aeruginosa', 'GEMARA') ON DUPLICATE KEY UPDATE isolate_name = 'CAT01-003', species = 'Pseudomonas aeruginosa', project_name = 'GEMARA'; 
INSERT INTO metadata_clinic(clinic_id, isolate_id, sample_type, collection_ward) VALUES ('474', '604', '16', 'Servicios médicos adultos') ON DUPLICATE KEY UPDATE sample_type = '16', collection_ward = 'Servicios médicos adultos'; 
INSERT INTO phenotypic_data(phenotypic_data_id, isolate_id, ecdc_resistance_profile, cloxa_test, mbl_test) VALUES ('474', '604', 'S', '-', '-') ON DUPLICATE KEY UPDATE ecdc_resistance_profile = 'S', cloxa_test = '-', mbl_test = '-'; 
INSERT INTO sequence_analysis(sequence_analysis_id, isolate_id, ame_loci, beta_lactamase_loci, carbapenemase_loci, other_acq_ab_loci) VALUES ('604', '604', '-', '-', '-', '-') ON DUPLICATE KEY UPDATE ame_loci = '-', beta_lactamase_loci = '-', carbapenemase_loci = '-', other_acq_ab_loci = '-'; 
INSERT INTO metadata_general(isolate_id, isolate_name, species, project_name) VALUES ('605', 'CAT01-027', 'Pseudomonas aeruginosa', 'GEMARA') ON DUPLICATE KEY UPDATE isolate_name = 'CAT01-027', species = 'Pseudomonas aeruginosa', project_name = 'GEMARA'; 
INSERT INTO metadata_clinic(clinic_id, isolate_id, sample_type, collection_ward) VALUES ('475', '605', '16', 'Servicios médicos adultos') ON DUPLICATE KEY UPDATE sample_type = '16', collection_ward = 'Servicios médicos adultos'; 
INSERT INTO phenotypic_data(phenotypic_data_id, isolate_id, ecdc_resistance_profile, cloxa_test, mbl_test) VALUES ('475', '605', 'S', '-', '-') ON DUPLICATE KEY UPDATE ecdc_resistance_profile = 'S', cloxa_test = '-', mbl_test = '-'; 
INSERT INTO sequence_analysis(sequence_analysis_id, isolate_id, ame_loci, beta_lactamase_loci, carbapenemase_loci, other_acq_ab_loci) VALUES ('605', '605', '-', '-', '-', '-') ON DUPLICATE KEY UPDATE ame_loci = '-', beta_lactamase_loci = '-', carbapenemase_loci = '-', other_acq_ab_loci = '-'; 
INSERT INTO metadata_general(isolate_id, isolate_name, species, project_name) VALUES ('606', 'CAT01-007', 'Pseudomonas aeruginosa', 'GEMARA') ON DUPLICATE KEY UPDATE isolate_name = 'CAT01-007', species = 'Pseudomonas aeruginosa', project_name = 'GEMARA'; 
INSERT INTO metadata_clinic(clinic_id, isolate_id, sample_type, collection_ward) VALUES ('476', '606', '5', 'Servicios médicos adultos') ON DUPLICATE KEY UPDATE sample_type = '5', collection_ward = 'Servicios médicos adultos'; 
INSERT INTO phenotypic_data(phenotypic_data_id, isolate_id, ecdc_resistance_profile, cloxa_test, mbl_test) VALUES ('476', '606', 'S', '-', '-') ON DUPLICATE KEY UPDATE ecdc_resistance_profile = 'S', cloxa_test = '-', mbl_test = '-'; 
INSERT INTO sequence_analysis(sequence_analysis_id, isolate_id, ame_loci, beta_lactamase_loci, carbapenemase_loci, other_acq_ab_loci) VALUES ('606', '606', '-', '-', '-', '-') ON DUPLICATE KEY UPDATE ame_loci = '-', beta_lactamase_loci = '-', carbapenemase_loci = '-', other_acq_ab_loci = '-'; 
INSERT INTO metadata_general(isolate_id, isolate_name, species, project_name) VALUES ('56', 'CAT01-001', 'Pseudomonas aeruginosa', 'GEMARA') ON DUPLICATE KEY UPDATE isolate_name = 'CAT01-001', species = 'Pseudomonas aeruginosa', project_name = 'GEMARA'; 
INSERT INTO metadata_clinic(clinic_id, isolate_id, sample_type, collection_ward) VALUES ('477', '56', '22', 'Servicios quirúrgicos adultos') ON DUPLICATE KEY UPDATE sample_type = '22', collection_ward = 'Servicios quirúrgicos adultos'; 
INSERT INTO phenotypic_data(phenotypic_data_id, isolate_id, ecdc_resistance_profile, cloxa_test, mbl_test) VALUES ('477', '56', 'XDR', '+/s', '-') ON DUPLICATE KEY UPDATE ecdc_resistance_profile = 'XDR', cloxa_test = '+/s', mbl_test = '-'; 
INSERT INTO sequence_analysis(sequence_analysis_id, isolate_id, ame_loci, beta_lactamase_loci, carbapenemase_loci, other_acq_ab_loci) VALUES ('56', '56', '-', '-', '-', '-') ON DUPLICATE KEY UPDATE ame_loci = '-', beta_lactamase_loci = '-', carbapenemase_loci = '-', other_acq_ab_loci = '-'; 
INSERT INTO metadata_general(isolate_id, isolate_name, species, project_name) VALUES ('57', 'CAT01-015', 'Pseudomonas aeruginosa', 'GEMARA') ON DUPLICATE KEY UPDATE isolate_name = 'CAT01-015', species = 'Pseudomonas aeruginosa', project_name = 'GEMARA'; 
INSERT INTO metadata_clinic(clinic_id, isolate_id, sample_type, collection_ward) VALUES ('478', '57', '7', 'Servicios médicos adultos') ON DUPLICATE KEY UPDATE sample_type = '7', collection_ward = 'Servicios médicos adultos'; 
INSERT INTO phenotypic_data(phenotypic_data_id, isolate_id, ecdc_resistance_profile, cloxa_test, mbl_test) VALUES ('478', '57', 'XDR', '+/+', '-') ON DUPLICATE KEY UPDATE ecdc_resistance_profile = 'XDR', cloxa_test = '+/+', mbl_test = '-'; 
INSERT INTO sequence_analysis(sequence_analysis_id, isolate_id, ame_loci, beta_lactamase_loci, carbapenemase_loci, other_acq_ab_loci) VALUES ('57', '57', 'aacA4, aac(6\')Ib-cr', '-', '-', '-') ON DUPLICATE KEY UPDATE ame_loci = 'aacA4, aac(6\')Ib-cr', beta_lactamase_loci = '-', carbapenemase_loci = '-', other_acq_ab_loci = '-'; 
INSERT INTO metadata_general(isolate_id, isolate_name, species, project_name) VALUES ('607', 'CAT01-017', 'Pseudomonas aeruginosa', 'GEMARA') ON DUPLICATE KEY UPDATE isolate_name = 'CAT01-017', species = 'Pseudomonas aeruginosa', project_name = 'GEMARA'; 
INSERT INTO metadata_clinic(clinic_id, isolate_id, sample_type, collection_ward) VALUES ('479', '607', '7', 'Servicios médicos adultos') ON DUPLICATE KEY UPDATE sample_type = '7', collection_ward = 'Servicios médicos adultos'; 
INSERT INTO phenotypic_data(phenotypic_data_id, isolate_id, ecdc_resistance_profile, cloxa_test, mbl_test) VALUES ('479', '607', 'XDR', '+/+', '-') ON DUPLICATE KEY UPDATE ecdc_resistance_profile = 'XDR', cloxa_test = '+/+', mbl_test = '-'; 
INSERT INTO sequence_analysis(sequence_analysis_id, isolate_id, ame_loci, beta_lactamase_loci, carbapenemase_loci, other_acq_ab_loci) VALUES ('607', '607', '-', '-', '-', '-') ON DUPLICATE KEY UPDATE ame_loci = '-', beta_lactamase_loci = '-', carbapenemase_loci = '-', other_acq_ab_loci = '-'; 
INSERT INTO metadata_general(isolate_id, isolate_name, species, project_name) VALUES ('608', 'CAT01-029', 'Pseudomonas aeruginosa', 'GEMARA') ON DUPLICATE KEY UPDATE isolate_name = 'CAT01-029', species = 'Pseudomonas aeruginosa', project_name = 'GEMARA'; 
INSERT INTO metadata_clinic(clinic_id, isolate_id, sample_type, collection_ward) VALUES ('480', '608', '5', 'Servicios médicos adultos') ON DUPLICATE KEY UPDATE sample_type = '5', collection_ward = 'Servicios médicos adultos'; 
INSERT INTO phenotypic_data(phenotypic_data_id, isolate_id, ecdc_resistance_profile, cloxa_test, mbl_test) VALUES ('480', '608', 'XDR', '+/+', '-') ON DUPLICATE KEY UPDATE ecdc_resistance_profile = 'XDR', cloxa_test = '+/+', mbl_test = '-'; 
INSERT INTO sequence_analysis(sequence_analysis_id, isolate_id, ame_loci, beta_lactamase_loci, carbapenemase_loci, other_acq_ab_loci) VALUES ('608', '608', '-', '-', '-', '-') ON DUPLICATE KEY UPDATE ame_loci = '-', beta_lactamase_loci = '-', carbapenemase_loci = '-', other_acq_ab_loci = '-'; 
INSERT INTO metadata_general(isolate_id, isolate_name, species, project_name) VALUES ('609', 'CAT01-034', 'Pseudomonas aeruginosa', 'GEMARA') ON DUPLICATE KEY UPDATE isolate_name = 'CAT01-034', species = 'Pseudomonas aeruginosa', project_name = 'GEMARA'; 
INSERT INTO metadata_clinic(clinic_id, isolate_id, sample_type, collection_ward) VALUES ('481', '609', '1', 'Servicios médicos adultos') ON DUPLICATE KEY UPDATE sample_type = '1', collection_ward = 'Servicios médicos adultos'; 
INSERT INTO phenotypic_data(phenotypic_data_id, isolate_id, ecdc_resistance_profile, cloxa_test, mbl_test) VALUES ('481', '609', 'XDR', '+/+', '-') ON DUPLICATE KEY UPDATE ecdc_resistance_profile = 'XDR', cloxa_test = '+/+', mbl_test = '-'; 
INSERT INTO sequence_analysis(sequence_analysis_id, isolate_id, ame_loci, beta_lactamase_loci, carbapenemase_loci, other_acq_ab_loci) VALUES ('609', '609', '-', '-', '-', '-') ON DUPLICATE KEY UPDATE ame_loci = '-', beta_lactamase_loci = '-', carbapenemase_loci = '-', other_acq_ab_loci = '-'; 
INSERT INTO metadata_general(isolate_id, isolate_name, species, project_name) VALUES ('610', 'CAT02-009', 'Pseudomonas aeruginosa', 'GEMARA') ON DUPLICATE KEY UPDATE isolate_name = 'CAT02-009', species = 'Pseudomonas aeruginosa', project_name = 'GEMARA'; 
INSERT INTO metadata_clinic(clinic_id, isolate_id, sample_type, collection_ward) VALUES ('482', '610', '1', 'Consultas externas') ON DUPLICATE KEY UPDATE sample_type = '1', collection_ward = 'Consultas externas'; 
INSERT INTO phenotypic_data(phenotypic_data_id, isolate_id, ecdc_resistance_profile, cloxa_test, mbl_test) VALUES ('482', '610', 'MDR', '-', '-') ON DUPLICATE KEY UPDATE ecdc_resistance_profile = 'MDR', cloxa_test = '-', mbl_test = '-'; 
INSERT INTO sequence_analysis(sequence_analysis_id, isolate_id, ame_loci, beta_lactamase_loci, carbapenemase_loci, other_acq_ab_loci) VALUES ('610', '610', '-', '-', '-', '-') ON DUPLICATE KEY UPDATE ame_loci = '-', beta_lactamase_loci = '-', carbapenemase_loci = '-', other_acq_ab_loci = '-'; 
INSERT INTO metadata_general(isolate_id, isolate_name, species, project_name) VALUES ('611', 'CAT02-011', 'Pseudomonas aeruginosa', 'GEMARA') ON DUPLICATE KEY UPDATE isolate_name = 'CAT02-011', species = 'Pseudomonas aeruginosa', project_name = 'GEMARA'; 
INSERT INTO metadata_clinic(clinic_id, isolate_id, sample_type, collection_ward) VALUES ('483', '611', '5', 'Urgencias adultos') ON DUPLICATE KEY UPDATE sample_type = '5', collection_ward = 'Urgencias adultos'; 
INSERT INTO phenotypic_data(phenotypic_data_id, isolate_id, ecdc_resistance_profile, cloxa_test, mbl_test) VALUES ('483', '611', 'MDR', '+/+', '-') ON DUPLICATE KEY UPDATE ecdc_resistance_profile = 'MDR', cloxa_test = '+/+', mbl_test = '-'; 
INSERT INTO sequence_analysis(sequence_analysis_id, isolate_id, ame_loci, beta_lactamase_loci, carbapenemase_loci, other_acq_ab_loci) VALUES ('611', '611', '-', '-', '-', '-') ON DUPLICATE KEY UPDATE ame_loci = '-', beta_lactamase_loci = '-', carbapenemase_loci = '-', other_acq_ab_loci = '-'; 
INSERT INTO metadata_general(isolate_id, isolate_name, species, project_name) VALUES ('612', 'CAT02-004', 'Pseudomonas aeruginosa', 'GEMARA') ON DUPLICATE KEY UPDATE isolate_name = 'CAT02-004', species = 'Pseudomonas aeruginosa', project_name = 'GEMARA'; 
INSERT INTO metadata_clinic(clinic_id, isolate_id, sample_type, collection_ward) VALUES ('484', '612', '6', 'Servicios médicos adultos') ON DUPLICATE KEY UPDATE sample_type = '6', collection_ward = 'Servicios médicos adultos'; 
INSERT INTO phenotypic_data(phenotypic_data_id, isolate_id, ecdc_resistance_profile, cloxa_test, mbl_test) VALUES ('484', '612', 'MDR', '-', '-') ON DUPLICATE KEY UPDATE ecdc_resistance_profile = 'MDR', cloxa_test = '-', mbl_test = '-'; 
INSERT INTO sequence_analysis(sequence_analysis_id, isolate_id, ame_loci, beta_lactamase_loci, carbapenemase_loci, other_acq_ab_loci) VALUES ('612', '612', '-', '-', '-', '-') ON DUPLICATE KEY UPDATE ame_loci = '-', beta_lactamase_loci = '-', carbapenemase_loci = '-', other_acq_ab_loci = '-'; 
INSERT INTO metadata_general(isolate_id, isolate_name, species, project_name) VALUES ('613', 'CAT02-013', 'Pseudomonas aeruginosa', 'GEMARA') ON DUPLICATE KEY UPDATE isolate_name = 'CAT02-013', species = 'Pseudomonas aeruginosa', project_name = 'GEMARA'; 
INSERT INTO metadata_clinic(clinic_id, isolate_id, sample_type, collection_ward) VALUES ('485', '613', '5', 'Servicios médicos adultos') ON DUPLICATE KEY UPDATE sample_type = '5', collection_ward = 'Servicios médicos adultos'; 
INSERT INTO phenotypic_data(phenotypic_data_id, isolate_id, ecdc_resistance_profile, cloxa_test, mbl_test) VALUES ('485', '613', 'MDR', '-', '-') ON DUPLICATE KEY UPDATE ecdc_resistance_profile = 'MDR', cloxa_test = '-', mbl_test = '-'; 
INSERT INTO sequence_analysis(sequence_analysis_id, isolate_id, ame_loci, beta_lactamase_loci, carbapenemase_loci, other_acq_ab_loci) VALUES ('613', '613', '-', '-', '-', '-') ON DUPLICATE KEY UPDATE ame_loci = '-', beta_lactamase_loci = '-', carbapenemase_loci = '-', other_acq_ab_loci = '-'; 
INSERT INTO metadata_general(isolate_id, isolate_name, species, project_name) VALUES ('614', 'CAT02-030', 'Pseudomonas aeruginosa', 'GEMARA') ON DUPLICATE KEY UPDATE isolate_name = 'CAT02-030', species = 'Pseudomonas aeruginosa', project_name = 'GEMARA'; 
INSERT INTO metadata_clinic(clinic_id, isolate_id, sample_type, collection_ward) VALUES ('486', '614', '5', 'UCI Adultos') ON DUPLICATE KEY UPDATE sample_type = '5', collection_ward = 'UCI Adultos'; 
INSERT INTO phenotypic_data(phenotypic_data_id, isolate_id, ecdc_resistance_profile, cloxa_test, mbl_test) VALUES ('486', '614', 'MDR', '-', '-') ON DUPLICATE KEY UPDATE ecdc_resistance_profile = 'MDR', cloxa_test = '-', mbl_test = '-'; 
INSERT INTO sequence_analysis(sequence_analysis_id, isolate_id, ame_loci, beta_lactamase_loci, carbapenemase_loci, other_acq_ab_loci) VALUES ('614', '614', '-', '-', '-', '-') ON DUPLICATE KEY UPDATE ame_loci = '-', beta_lactamase_loci = '-', carbapenemase_loci = '-', other_acq_ab_loci = '-'; 
INSERT INTO metadata_general(isolate_id, isolate_name, species, project_name) VALUES ('615', 'CAT02-005', 'Pseudomonas aeruginosa', 'GEMARA') ON DUPLICATE KEY UPDATE isolate_name = 'CAT02-005', species = 'Pseudomonas aeruginosa', project_name = 'GEMARA'; 
INSERT INTO metadata_clinic(clinic_id, isolate_id, sample_type, collection_ward) VALUES ('487', '615', '1', 'Consultas externas') ON DUPLICATE KEY UPDATE sample_type = '1', collection_ward = 'Consultas externas'; 
INSERT INTO phenotypic_data(phenotypic_data_id, isolate_id, ecdc_resistance_profile, cloxa_test, mbl_test) VALUES ('487', '615', 'S', '-', '-') ON DUPLICATE KEY UPDATE ecdc_resistance_profile = 'S', cloxa_test = '-', mbl_test = '-'; 
INSERT INTO sequence_analysis(sequence_analysis_id, isolate_id, ame_loci, beta_lactamase_loci, carbapenemase_loci, other_acq_ab_loci) VALUES ('615', '615', '-', '-', '-', '-') ON DUPLICATE KEY UPDATE ame_loci = '-', beta_lactamase_loci = '-', carbapenemase_loci = '-', other_acq_ab_loci = '-'; 
INSERT INTO metadata_general(isolate_id, isolate_name, species, project_name) VALUES ('616', 'CAT02-001', 'Pseudomonas aeruginosa', 'GEMARA') ON DUPLICATE KEY UPDATE isolate_name = 'CAT02-001', species = 'Pseudomonas aeruginosa', project_name = 'GEMARA'; 
INSERT INTO metadata_clinic(clinic_id, isolate_id, sample_type, collection_ward) VALUES ('488', '616', '16', 'Servicios médicos adultos') ON DUPLICATE KEY UPDATE sample_type = '16', collection_ward = 'Servicios médicos adultos'; 
INSERT INTO phenotypic_data(phenotypic_data_id, isolate_id, ecdc_resistance_profile, cloxa_test, mbl_test) VALUES ('488', '616', 'S', '-', '-') ON DUPLICATE KEY UPDATE ecdc_resistance_profile = 'S', cloxa_test = '-', mbl_test = '-'; 
INSERT INTO sequence_analysis(sequence_analysis_id, isolate_id, ame_loci, beta_lactamase_loci, carbapenemase_loci, other_acq_ab_loci) VALUES ('616', '616', '-', '-', '-', '-') ON DUPLICATE KEY UPDATE ame_loci = '-', beta_lactamase_loci = '-', carbapenemase_loci = '-', other_acq_ab_loci = '-'; 
INSERT INTO metadata_general(isolate_id, isolate_name, species, project_name) VALUES ('617', 'CAT02-003', 'Pseudomonas aeruginosa', 'GEMARA') ON DUPLICATE KEY UPDATE isolate_name = 'CAT02-003', species = 'Pseudomonas aeruginosa', project_name = 'GEMARA'; 
INSERT INTO metadata_clinic(clinic_id, isolate_id, sample_type, collection_ward) VALUES ('489', '617', '6', 'Servicios quirúrgicos adultos') ON DUPLICATE KEY UPDATE sample_type = '6', collection_ward = 'Servicios quirúrgicos adultos'; 
INSERT INTO phenotypic_data(phenotypic_data_id, isolate_id, ecdc_resistance_profile, cloxa_test, mbl_test) VALUES ('489', '617', 'S', '-', '-') ON DUPLICATE KEY UPDATE ecdc_resistance_profile = 'S', cloxa_test = '-', mbl_test = '-'; 
INSERT INTO sequence_analysis(sequence_analysis_id, isolate_id, ame_loci, beta_lactamase_loci, carbapenemase_loci, other_acq_ab_loci) VALUES ('617', '617', '-', '-', '-', '-') ON DUPLICATE KEY UPDATE ame_loci = '-', beta_lactamase_loci = '-', carbapenemase_loci = '-', other_acq_ab_loci = '-'; 
INSERT INTO metadata_general(isolate_id, isolate_name, species, project_name) VALUES ('618', 'CAT02-008', 'Pseudomonas aeruginosa', 'GEMARA') ON DUPLICATE KEY UPDATE isolate_name = 'CAT02-008', species = 'Pseudomonas aeruginosa', project_name = 'GEMARA'; 
INSERT INTO metadata_clinic(clinic_id, isolate_id, sample_type, collection_ward) VALUES ('490', '618', '1', 'Consultas externas') ON DUPLICATE KEY UPDATE sample_type = '1', collection_ward = 'Consultas externas'; 
INSERT INTO phenotypic_data(phenotypic_data_id, isolate_id, ecdc_resistance_profile, cloxa_test, mbl_test) VALUES ('490', '618', 'S', '-', '-') ON DUPLICATE KEY UPDATE ecdc_resistance_profile = 'S', cloxa_test = '-', mbl_test = '-'; 
INSERT INTO sequence_analysis(sequence_analysis_id, isolate_id, ame_loci, beta_lactamase_loci, carbapenemase_loci, other_acq_ab_loci) VALUES ('618', '618', '-', '-', '-', '-') ON DUPLICATE KEY UPDATE ame_loci = '-', beta_lactamase_loci = '-', carbapenemase_loci = '-', other_acq_ab_loci = '-'; 
INSERT INTO metadata_general(isolate_id, isolate_name, species, project_name) VALUES ('619', 'CAT02-014', 'Pseudomonas aeruginosa', 'GEMARA') ON DUPLICATE KEY UPDATE isolate_name = 'CAT02-014', species = 'Pseudomonas aeruginosa', project_name = 'GEMARA'; 
INSERT INTO metadata_clinic(clinic_id, isolate_id, sample_type, collection_ward) VALUES ('491', '619', '1', 'Servicios quirúrgicos adultos') ON DUPLICATE KEY UPDATE sample_type = '1', collection_ward = 'Servicios quirúrgicos adultos'; 
INSERT INTO phenotypic_data(phenotypic_data_id, isolate_id, ecdc_resistance_profile, cloxa_test, mbl_test) VALUES ('491', '619', 'S', '-', '-') ON DUPLICATE KEY UPDATE ecdc_resistance_profile = 'S', cloxa_test = '-', mbl_test = '-'; 
INSERT INTO sequence_analysis(sequence_analysis_id, isolate_id, ame_loci, beta_lactamase_loci, carbapenemase_loci, other_acq_ab_loci) VALUES ('619', '619', '-', '-', '-', '-') ON DUPLICATE KEY UPDATE ame_loci = '-', beta_lactamase_loci = '-', carbapenemase_loci = '-', other_acq_ab_loci = '-'; 
INSERT INTO metadata_general(isolate_id, isolate_name, species, project_name) VALUES ('620', 'CAT02-006', 'Pseudomonas aeruginosa', 'GEMARA') ON DUPLICATE KEY UPDATE isolate_name = 'CAT02-006', species = 'Pseudomonas aeruginosa', project_name = 'GEMARA'; 
INSERT INTO metadata_clinic(clinic_id, isolate_id, sample_type, collection_ward) VALUES ('492', '620', '5', 'Consultas externas') ON DUPLICATE KEY UPDATE sample_type = '5', collection_ward = 'Consultas externas'; 
INSERT INTO phenotypic_data(phenotypic_data_id, isolate_id, ecdc_resistance_profile, cloxa_test, mbl_test) VALUES ('492', '620', 'S', '-', '-') ON DUPLICATE KEY UPDATE ecdc_resistance_profile = 'S', cloxa_test = '-', mbl_test = '-'; 
INSERT INTO sequence_analysis(sequence_analysis_id, isolate_id, ame_loci, beta_lactamase_loci, carbapenemase_loci, other_acq_ab_loci) VALUES ('620', '620', '-', '-', '-', '-') ON DUPLICATE KEY UPDATE ame_loci = '-', beta_lactamase_loci = '-', carbapenemase_loci = '-', other_acq_ab_loci = '-'; 
INSERT INTO metadata_general(isolate_id, isolate_name, species, project_name) VALUES ('621', 'CAT02-026', 'Pseudomonas aeruginosa', 'GEMARA') ON DUPLICATE KEY UPDATE isolate_name = 'CAT02-026', species = 'Pseudomonas aeruginosa', project_name = 'GEMARA'; 
INSERT INTO metadata_clinic(clinic_id, isolate_id, sample_type, collection_ward) VALUES ('493', '621', '1', 'Consultas externas') ON DUPLICATE KEY UPDATE sample_type = '1', collection_ward = 'Consultas externas'; 
INSERT INTO phenotypic_data(phenotypic_data_id, isolate_id, ecdc_resistance_profile, cloxa_test, mbl_test) VALUES ('493', '621', 'S', '-', '-') ON DUPLICATE KEY UPDATE ecdc_resistance_profile = 'S', cloxa_test = '-', mbl_test = '-'; 
INSERT INTO sequence_analysis(sequence_analysis_id, isolate_id, ame_loci, beta_lactamase_loci, carbapenemase_loci, other_acq_ab_loci) VALUES ('621', '621', '-', '-', '-', '-') ON DUPLICATE KEY UPDATE ame_loci = '-', beta_lactamase_loci = '-', carbapenemase_loci = '-', other_acq_ab_loci = '-'; 
INSERT INTO metadata_general(isolate_id, isolate_name, species, project_name) VALUES ('622', 'CAT02-016', 'Pseudomonas aeruginosa', 'GEMARA') ON DUPLICATE KEY UPDATE isolate_name = 'CAT02-016', species = 'Pseudomonas aeruginosa', project_name = 'GEMARA'; 
INSERT INTO metadata_clinic(clinic_id, isolate_id, sample_type, collection_ward) VALUES ('494', '622', '22', 'Servicios médicos adultos') ON DUPLICATE KEY UPDATE sample_type = '22', collection_ward = 'Servicios médicos adultos'; 
INSERT INTO phenotypic_data(phenotypic_data_id, isolate_id, ecdc_resistance_profile, cloxa_test, mbl_test) VALUES ('494', '622', 'S', '-', '-') ON DUPLICATE KEY UPDATE ecdc_resistance_profile = 'S', cloxa_test = '-', mbl_test = '-'; 
INSERT INTO sequence_analysis(sequence_analysis_id, isolate_id, ame_loci, beta_lactamase_loci, carbapenemase_loci, other_acq_ab_loci) VALUES ('622', '622', '-', '-', '-', '-') ON DUPLICATE KEY UPDATE ame_loci = '-', beta_lactamase_loci = '-', carbapenemase_loci = '-', other_acq_ab_loci = '-'; 
INSERT INTO metadata_general(isolate_id, isolate_name, species, project_name) VALUES ('623', 'CAT02-029', 'Pseudomonas aeruginosa', 'GEMARA') ON DUPLICATE KEY UPDATE isolate_name = 'CAT02-029', species = 'Pseudomonas aeruginosa', project_name = 'GEMARA'; 
INSERT INTO metadata_clinic(clinic_id, isolate_id, sample_type, collection_ward) VALUES ('495', '623', '5', 'Urgencias adultos') ON DUPLICATE KEY UPDATE sample_type = '5', collection_ward = 'Urgencias adultos'; 
INSERT INTO phenotypic_data(phenotypic_data_id, isolate_id, ecdc_resistance_profile, cloxa_test, mbl_test) VALUES ('495', '623', 'S', '-', '-') ON DUPLICATE KEY UPDATE ecdc_resistance_profile = 'S', cloxa_test = '-', mbl_test = '-'; 
INSERT INTO sequence_analysis(sequence_analysis_id, isolate_id, ame_loci, beta_lactamase_loci, carbapenemase_loci, other_acq_ab_loci) VALUES ('623', '623', '-', '-', '-', '-') ON DUPLICATE KEY UPDATE ame_loci = '-', beta_lactamase_loci = '-', carbapenemase_loci = '-', other_acq_ab_loci = '-'; 
INSERT INTO metadata_general(isolate_id, isolate_name, species, project_name) VALUES ('624', 'CAT02-024', 'Pseudomonas aeruginosa', 'GEMARA') ON DUPLICATE KEY UPDATE isolate_name = 'CAT02-024', species = 'Pseudomonas aeruginosa', project_name = 'GEMARA'; 
INSERT INTO metadata_clinic(clinic_id, isolate_id, sample_type, collection_ward) VALUES ('496', '624', '1', 'Servicios médicos adultos') ON DUPLICATE KEY UPDATE sample_type = '1', collection_ward = 'Servicios médicos adultos'; 
INSERT INTO phenotypic_data(phenotypic_data_id, isolate_id, ecdc_resistance_profile, cloxa_test, mbl_test) VALUES ('496', '624', 'S', '-', '-') ON DUPLICATE KEY UPDATE ecdc_resistance_profile = 'S', cloxa_test = '-', mbl_test = '-'; 
INSERT INTO sequence_analysis(sequence_analysis_id, isolate_id, ame_loci, beta_lactamase_loci, carbapenemase_loci, other_acq_ab_loci) VALUES ('624', '624', '-', '-', '-', '-') ON DUPLICATE KEY UPDATE ame_loci = '-', beta_lactamase_loci = '-', carbapenemase_loci = '-', other_acq_ab_loci = '-'; 
INSERT INTO metadata_general(isolate_id, isolate_name, species, project_name) VALUES ('625', 'CAT02-010', 'Pseudomonas aeruginosa', 'GEMARA') ON DUPLICATE KEY UPDATE isolate_name = 'CAT02-010', species = 'Pseudomonas aeruginosa', project_name = 'GEMARA'; 
INSERT INTO metadata_clinic(clinic_id, isolate_id, sample_type, collection_ward) VALUES ('497', '625', '1', 'Servicios médicos adultos') ON DUPLICATE KEY UPDATE sample_type = '1', collection_ward = 'Servicios médicos adultos'; 
INSERT INTO phenotypic_data(phenotypic_data_id, isolate_id, ecdc_resistance_profile, cloxa_test, mbl_test) VALUES ('497', '625', 'S', '-', '-') ON DUPLICATE KEY UPDATE ecdc_resistance_profile = 'S', cloxa_test = '-', mbl_test = '-'; 
INSERT INTO sequence_analysis(sequence_analysis_id, isolate_id, ame_loci, beta_lactamase_loci, carbapenemase_loci, other_acq_ab_loci) VALUES ('625', '625', '-', '-', '-', '-') ON DUPLICATE KEY UPDATE ame_loci = '-', beta_lactamase_loci = '-', carbapenemase_loci = '-', other_acq_ab_loci = '-'; 
INSERT INTO metadata_general(isolate_id, isolate_name, species, project_name) VALUES ('626', 'CAT02-027', 'Pseudomonas aeruginosa', 'GEMARA') ON DUPLICATE KEY UPDATE isolate_name = 'CAT02-027', species = 'Pseudomonas aeruginosa', project_name = 'GEMARA'; 
INSERT INTO metadata_clinic(clinic_id, isolate_id, sample_type, collection_ward) VALUES ('498', '626', '1', 'Servicios médicos adultos') ON DUPLICATE KEY UPDATE sample_type = '1', collection_ward = 'Servicios médicos adultos'; 
INSERT INTO phenotypic_data(phenotypic_data_id, isolate_id, ecdc_resistance_profile, cloxa_test, mbl_test) VALUES ('498', '626', 'S', '-', '-') ON DUPLICATE KEY UPDATE ecdc_resistance_profile = 'S', cloxa_test = '-', mbl_test = '-'; 
INSERT INTO sequence_analysis(sequence_analysis_id, isolate_id, ame_loci, beta_lactamase_loci, carbapenemase_loci, other_acq_ab_loci) VALUES ('626', '626', '-', '-', '-', '-') ON DUPLICATE KEY UPDATE ame_loci = '-', beta_lactamase_loci = '-', carbapenemase_loci = '-', other_acq_ab_loci = '-'; 
INSERT INTO metadata_general(isolate_id, isolate_name, species, project_name) VALUES ('627', 'CAT02-028', 'Pseudomonas aeruginosa', 'GEMARA') ON DUPLICATE KEY UPDATE isolate_name = 'CAT02-028', species = 'Pseudomonas aeruginosa', project_name = 'GEMARA'; 
INSERT INTO metadata_clinic(clinic_id, isolate_id, sample_type, collection_ward) VALUES ('499', '627', '5', 'Urgencias adultos') ON DUPLICATE KEY UPDATE sample_type = '5', collection_ward = 'Urgencias adultos'; 
INSERT INTO phenotypic_data(phenotypic_data_id, isolate_id, ecdc_resistance_profile, cloxa_test, mbl_test) VALUES ('499', '627', 'S', '-', '-') ON DUPLICATE KEY UPDATE ecdc_resistance_profile = 'S', cloxa_test = '-', mbl_test = '-'; 
INSERT INTO sequence_analysis(sequence_analysis_id, isolate_id, ame_loci, beta_lactamase_loci, carbapenemase_loci, other_acq_ab_loci) VALUES ('627', '627', '-', '-', '-', '-') ON DUPLICATE KEY UPDATE ame_loci = '-', beta_lactamase_loci = '-', carbapenemase_loci = '-', other_acq_ab_loci = '-'; 
INSERT INTO metadata_general(isolate_id, isolate_name, species, project_name) VALUES ('628', 'CAT02-019', 'Pseudomonas aeruginosa', 'GEMARA') ON DUPLICATE KEY UPDATE isolate_name = 'CAT02-019', species = 'Pseudomonas aeruginosa', project_name = 'GEMARA'; 
INSERT INTO metadata_clinic(clinic_id, isolate_id, sample_type, collection_ward) VALUES ('500', '628', '5', 'Urgencias adultos') ON DUPLICATE KEY UPDATE sample_type = '5', collection_ward = 'Urgencias adultos'; 
INSERT INTO phenotypic_data(phenotypic_data_id, isolate_id, ecdc_resistance_profile, cloxa_test, mbl_test) VALUES ('500', '628', 'S', '-', '-') ON DUPLICATE KEY UPDATE ecdc_resistance_profile = 'S', cloxa_test = '-', mbl_test = '-'; 
INSERT INTO sequence_analysis(sequence_analysis_id, isolate_id, ame_loci, beta_lactamase_loci, carbapenemase_loci, other_acq_ab_loci) VALUES ('628', '628', '-', '-', '-', '-') ON DUPLICATE KEY UPDATE ame_loci = '-', beta_lactamase_loci = '-', carbapenemase_loci = '-', other_acq_ab_loci = '-'; 
INSERT INTO metadata_general(isolate_id, isolate_name, species, project_name) VALUES ('629', 'CAT02-023', 'Pseudomonas aeruginosa', 'GEMARA') ON DUPLICATE KEY UPDATE isolate_name = 'CAT02-023', species = 'Pseudomonas aeruginosa', project_name = 'GEMARA'; 
INSERT INTO metadata_clinic(clinic_id, isolate_id, sample_type, collection_ward) VALUES ('501', '629', '9', 'Servicios médicos adultos') ON DUPLICATE KEY UPDATE sample_type = '9', collection_ward = 'Servicios médicos adultos'; 
INSERT INTO phenotypic_data(phenotypic_data_id, isolate_id, ecdc_resistance_profile, cloxa_test, mbl_test) VALUES ('501', '629', 'S', '-', '-') ON DUPLICATE KEY UPDATE ecdc_resistance_profile = 'S', cloxa_test = '-', mbl_test = '-'; 
INSERT INTO sequence_analysis(sequence_analysis_id, isolate_id, ame_loci, beta_lactamase_loci, carbapenemase_loci, other_acq_ab_loci) VALUES ('629', '629', '-', '-', '-', '-') ON DUPLICATE KEY UPDATE ame_loci = '-', beta_lactamase_loci = '-', carbapenemase_loci = '-', other_acq_ab_loci = '-'; 
INSERT INTO metadata_general(isolate_id, isolate_name, species, project_name) VALUES ('630', 'CAT02-002', 'Pseudomonas aeruginosa', 'GEMARA') ON DUPLICATE KEY UPDATE isolate_name = 'CAT02-002', species = 'Pseudomonas aeruginosa', project_name = 'GEMARA'; 
INSERT INTO metadata_clinic(clinic_id, isolate_id, sample_type, collection_ward) VALUES ('502', '630', '1', 'Servicios médicos adultos') ON DUPLICATE KEY UPDATE sample_type = '1', collection_ward = 'Servicios médicos adultos'; 
INSERT INTO phenotypic_data(phenotypic_data_id, isolate_id, ecdc_resistance_profile, cloxa_test, mbl_test) VALUES ('502', '630', 'S', '-', '-') ON DUPLICATE KEY UPDATE ecdc_resistance_profile = 'S', cloxa_test = '-', mbl_test = '-'; 
INSERT INTO sequence_analysis(sequence_analysis_id, isolate_id, ame_loci, beta_lactamase_loci, carbapenemase_loci, other_acq_ab_loci) VALUES ('630', '630', '-', '-', '-', '-') ON DUPLICATE KEY UPDATE ame_loci = '-', beta_lactamase_loci = '-', carbapenemase_loci = '-', other_acq_ab_loci = '-'; 
INSERT INTO metadata_general(isolate_id, isolate_name, species, project_name) VALUES ('631', 'CAT02-025', 'Pseudomonas aeruginosa', 'GEMARA') ON DUPLICATE KEY UPDATE isolate_name = 'CAT02-025', species = 'Pseudomonas aeruginosa', project_name = 'GEMARA'; 
INSERT INTO metadata_clinic(clinic_id, isolate_id, sample_type, collection_ward) VALUES ('503', '631', '1', 'Consultas externas') ON DUPLICATE KEY UPDATE sample_type = '1', collection_ward = 'Consultas externas'; 
INSERT INTO phenotypic_data(phenotypic_data_id, isolate_id, ecdc_resistance_profile, cloxa_test, mbl_test) VALUES ('503', '631', 'S', '-', '-') ON DUPLICATE KEY UPDATE ecdc_resistance_profile = 'S', cloxa_test = '-', mbl_test = '-'; 
INSERT INTO sequence_analysis(sequence_analysis_id, isolate_id, ame_loci, beta_lactamase_loci, carbapenemase_loci, other_acq_ab_loci) VALUES ('631', '631', '-', '-', '-', '-') ON DUPLICATE KEY UPDATE ame_loci = '-', beta_lactamase_loci = '-', carbapenemase_loci = '-', other_acq_ab_loci = '-'; 
INSERT INTO metadata_general(isolate_id, isolate_name, species, project_name) VALUES ('59', 'CAT02-012', 'Pseudomonas aeruginosa', 'GEMARA') ON DUPLICATE KEY UPDATE isolate_name = 'CAT02-012', species = 'Pseudomonas aeruginosa', project_name = 'GEMARA'; 
INSERT INTO metadata_clinic(clinic_id, isolate_id, sample_type, collection_ward) VALUES ('504', '59', '5', 'Servicios médicos adultos') ON DUPLICATE KEY UPDATE sample_type = '5', collection_ward = 'Servicios médicos adultos'; 
INSERT INTO phenotypic_data(phenotypic_data_id, isolate_id, ecdc_resistance_profile, cloxa_test, mbl_test) VALUES ('504', '59', 'XDR', '+/+', '-') ON DUPLICATE KEY UPDATE ecdc_resistance_profile = 'XDR', cloxa_test = '+/+', mbl_test = '-'; 
INSERT INTO sequence_analysis(sequence_analysis_id, isolate_id, ame_loci, beta_lactamase_loci, carbapenemase_loci, other_acq_ab_loci) VALUES ('59', '59', 'aac(6´)-31, aadA6', 'blaOXA-2', '-', '-') ON DUPLICATE KEY UPDATE ame_loci = 'aac(6´)-31, aadA6', beta_lactamase_loci = 'blaOXA-2', carbapenemase_loci = '-', other_acq_ab_loci = '-'; 
INSERT INTO metadata_general(isolate_id, isolate_name, species, project_name) VALUES ('60', 'CAT02-015', 'Pseudomonas aeruginosa', 'GEMARA') ON DUPLICATE KEY UPDATE isolate_name = 'CAT02-015', species = 'Pseudomonas aeruginosa', project_name = 'GEMARA'; 
INSERT INTO metadata_clinic(clinic_id, isolate_id, sample_type, collection_ward) VALUES ('505', '60', '7', 'UCI Adultos') ON DUPLICATE KEY UPDATE sample_type = '7', collection_ward = 'UCI Adultos'; 
INSERT INTO phenotypic_data(phenotypic_data_id, isolate_id, ecdc_resistance_profile, cloxa_test, mbl_test) VALUES ('505', '60', 'XDR', '-/+', '-') ON DUPLICATE KEY UPDATE ecdc_resistance_profile = 'XDR', cloxa_test = '-/+', mbl_test = '-'; 
INSERT INTO sequence_analysis(sequence_analysis_id, isolate_id, ame_loci, beta_lactamase_loci, carbapenemase_loci, other_acq_ab_loci) VALUES ('60', '60', 'aph(3\')-VIb', 'blaPER-1, blaOXA-2', '-', 'strA, strB, cmIA1, tet(Y)') ON DUPLICATE KEY UPDATE ame_loci = 'aph(3\')-VIb', beta_lactamase_loci = 'blaPER-1, blaOXA-2', carbapenemase_loci = '-', other_acq_ab_loci = 'strA, strB, cmIA1, tet(Y)'; 
INSERT INTO metadata_general(isolate_id, isolate_name, species, project_name) VALUES ('632', 'CAT02-017', 'Pseudomonas aeruginosa', 'GEMARA') ON DUPLICATE KEY UPDATE isolate_name = 'CAT02-017', species = 'Pseudomonas aeruginosa', project_name = 'GEMARA'; 
INSERT INTO metadata_clinic(clinic_id, isolate_id, sample_type, collection_ward) VALUES ('506', '632', '1', 'Consultas externas') ON DUPLICATE KEY UPDATE sample_type = '1', collection_ward = 'Consultas externas'; 
INSERT INTO phenotypic_data(phenotypic_data_id, isolate_id, ecdc_resistance_profile, cloxa_test, mbl_test) VALUES ('506', '632', 'XDR', '-/+', '-') ON DUPLICATE KEY UPDATE ecdc_resistance_profile = 'XDR', cloxa_test = '-/+', mbl_test = '-'; 
INSERT INTO sequence_analysis(sequence_analysis_id, isolate_id, ame_loci, beta_lactamase_loci, carbapenemase_loci, other_acq_ab_loci) VALUES ('632', '632', '-', '-', '-', '-') ON DUPLICATE KEY UPDATE ame_loci = '-', beta_lactamase_loci = '-', carbapenemase_loci = '-', other_acq_ab_loci = '-'; 
INSERT INTO metadata_general(isolate_id, isolate_name, species, project_name) VALUES ('633', 'CAT02-021', 'Pseudomonas aeruginosa', 'GEMARA') ON DUPLICATE KEY UPDATE isolate_name = 'CAT02-021', species = 'Pseudomonas aeruginosa', project_name = 'GEMARA'; 
INSERT INTO metadata_clinic(clinic_id, isolate_id, sample_type, collection_ward) VALUES ('507', '633', '1', 'Servicios médicos adultos') ON DUPLICATE KEY UPDATE sample_type = '1', collection_ward = 'Servicios médicos adultos'; 
INSERT INTO phenotypic_data(phenotypic_data_id, isolate_id, ecdc_resistance_profile, cloxa_test, mbl_test) VALUES ('507', '633', 'XDR', '-/+', '-') ON DUPLICATE KEY UPDATE ecdc_resistance_profile = 'XDR', cloxa_test = '-/+', mbl_test = '-'; 
INSERT INTO sequence_analysis(sequence_analysis_id, isolate_id, ame_loci, beta_lactamase_loci, carbapenemase_loci, other_acq_ab_loci) VALUES ('633', '633', '-', '-', '-', '-') ON DUPLICATE KEY UPDATE ame_loci = '-', beta_lactamase_loci = '-', carbapenemase_loci = '-', other_acq_ab_loci = '-'; 
INSERT INTO metadata_general(isolate_id, isolate_name, species, project_name) VALUES ('58', 'CAT02-007', 'Pseudomonas aeruginosa', 'GEMARA') ON DUPLICATE KEY UPDATE isolate_name = 'CAT02-007', species = 'Pseudomonas aeruginosa', project_name = 'GEMARA'; 
INSERT INTO metadata_clinic(clinic_id, isolate_id, sample_type, collection_ward) VALUES ('508', '58', '5', 'Urgencias adultos') ON DUPLICATE KEY UPDATE sample_type = '5', collection_ward = 'Urgencias adultos'; 
INSERT INTO phenotypic_data(phenotypic_data_id, isolate_id, ecdc_resistance_profile, cloxa_test, mbl_test) VALUES ('508', '58', 'XDR', '+/+', '-') ON DUPLICATE KEY UPDATE ecdc_resistance_profile = 'XDR', cloxa_test = '+/+', mbl_test = '-'; 
INSERT INTO sequence_analysis(sequence_analysis_id, isolate_id, ame_loci, beta_lactamase_loci, carbapenemase_loci, other_acq_ab_loci) VALUES ('58', '58', 'aadB', '-', '-', '-') ON DUPLICATE KEY UPDATE ame_loci = 'aadB', beta_lactamase_loci = '-', carbapenemase_loci = '-', other_acq_ab_loci = '-'; 
INSERT INTO metadata_general(isolate_id, isolate_name, species, project_name) VALUES ('61', 'CAT02-018', 'Pseudomonas aeruginosa', 'GEMARA') ON DUPLICATE KEY UPDATE isolate_name = 'CAT02-018', species = 'Pseudomonas aeruginosa', project_name = 'GEMARA'; 
INSERT INTO metadata_clinic(clinic_id, isolate_id, sample_type, collection_ward) VALUES ('509', '61', '5', 'Servicios médicos adultos') ON DUPLICATE KEY UPDATE sample_type = '5', collection_ward = 'Servicios médicos adultos'; 
INSERT INTO phenotypic_data(phenotypic_data_id, isolate_id, ecdc_resistance_profile, cloxa_test, mbl_test) VALUES ('509', '61', 'XDR', '-/+', '-') ON DUPLICATE KEY UPDATE ecdc_resistance_profile = 'XDR', cloxa_test = '-/+', mbl_test = '-'; 
INSERT INTO sequence_analysis(sequence_analysis_id, isolate_id, ame_loci, beta_lactamase_loci, carbapenemase_loci, other_acq_ab_loci) VALUES ('61', '61', 'aph(3\')-VIb', 'blaPER-1, blaOXA-2', '-', 'strB, strA, cmIA1, tet(Y)') ON DUPLICATE KEY UPDATE ame_loci = 'aph(3\')-VIb', beta_lactamase_loci = 'blaPER-1, blaOXA-2', carbapenemase_loci = '-', other_acq_ab_loci = 'strB, strA, cmIA1, tet(Y)'; 
INSERT INTO metadata_general(isolate_id, isolate_name, species, project_name) VALUES ('62', 'CAT02-020', 'Pseudomonas aeruginosa', 'GEMARA') ON DUPLICATE KEY UPDATE isolate_name = 'CAT02-020', species = 'Pseudomonas aeruginosa', project_name = 'GEMARA'; 
INSERT INTO metadata_clinic(clinic_id, isolate_id, sample_type, collection_ward) VALUES ('510', '62', '24', 'Servicios médicos adultos') ON DUPLICATE KEY UPDATE sample_type = '24', collection_ward = 'Servicios médicos adultos'; 
INSERT INTO phenotypic_data(phenotypic_data_id, isolate_id, ecdc_resistance_profile, cloxa_test, mbl_test) VALUES ('510', '62', 'XDR', '+/+', '-') ON DUPLICATE KEY UPDATE ecdc_resistance_profile = 'XDR', cloxa_test = '+/+', mbl_test = '-'; 
INSERT INTO sequence_analysis(sequence_analysis_id, isolate_id, ame_loci, beta_lactamase_loci, carbapenemase_loci, other_acq_ab_loci) VALUES ('62', '62', 'aadB', '-', '-', '-') ON DUPLICATE KEY UPDATE ame_loci = 'aadB', beta_lactamase_loci = '-', carbapenemase_loci = '-', other_acq_ab_loci = '-'; 
INSERT INTO metadata_general(isolate_id, isolate_name, species, project_name) VALUES ('634', 'CAT02-022', 'Pseudomonas aeruginosa', 'GEMARA') ON DUPLICATE KEY UPDATE isolate_name = 'CAT02-022', species = 'Pseudomonas aeruginosa', project_name = 'GEMARA'; 
INSERT INTO metadata_clinic(clinic_id, isolate_id, sample_type, collection_ward) VALUES ('511', '634', '6', 'Servicios quirúrgicos adultos') ON DUPLICATE KEY UPDATE sample_type = '6', collection_ward = 'Servicios quirúrgicos adultos'; 
INSERT INTO phenotypic_data(phenotypic_data_id, isolate_id, ecdc_resistance_profile, cloxa_test, mbl_test) VALUES ('511', '634', 'XDR', '+/+', '-') ON DUPLICATE KEY UPDATE ecdc_resistance_profile = 'XDR', cloxa_test = '+/+', mbl_test = '-'; 
INSERT INTO sequence_analysis(sequence_analysis_id, isolate_id, ame_loci, beta_lactamase_loci, carbapenemase_loci, other_acq_ab_loci) VALUES ('634', '634', '-', '-', '-', '-') ON DUPLICATE KEY UPDATE ame_loci = '-', beta_lactamase_loci = '-', carbapenemase_loci = '-', other_acq_ab_loci = '-'; 
INSERT INTO metadata_general(isolate_id, isolate_name, species, project_name) VALUES ('635', 'CAT03-025', 'Pseudomonas aeruginosa', 'GEMARA') ON DUPLICATE KEY UPDATE isolate_name = 'CAT03-025', species = 'Pseudomonas aeruginosa', project_name = 'GEMARA'; 
INSERT INTO metadata_clinic(clinic_id, isolate_id, sample_type, collection_ward) VALUES ('512', '635', '5', 'Servicios quirúrgicos adultos') ON DUPLICATE KEY UPDATE sample_type = '5', collection_ward = 'Servicios quirúrgicos adultos'; 
INSERT INTO phenotypic_data(phenotypic_data_id, isolate_id, ecdc_resistance_profile, cloxa_test, mbl_test) VALUES ('512', '635', 'S', '-', '-') ON DUPLICATE KEY UPDATE ecdc_resistance_profile = 'S', cloxa_test = '-', mbl_test = '-'; 
INSERT INTO sequence_analysis(sequence_analysis_id, isolate_id, ame_loci, beta_lactamase_loci, carbapenemase_loci, other_acq_ab_loci) VALUES ('635', '635', '-', '-', '-', '-') ON DUPLICATE KEY UPDATE ame_loci = '-', beta_lactamase_loci = '-', carbapenemase_loci = '-', other_acq_ab_loci = '-'; 
INSERT INTO metadata_general(isolate_id, isolate_name, species, project_name) VALUES ('636', 'CAT03-001', 'Pseudomonas aeruginosa', 'GEMARA') ON DUPLICATE KEY UPDATE isolate_name = 'CAT03-001', species = 'Pseudomonas aeruginosa', project_name = 'GEMARA'; 
INSERT INTO metadata_clinic(clinic_id, isolate_id, sample_type, collection_ward) VALUES ('513', '636', '5', 'Servicios médicos adultos') ON DUPLICATE KEY UPDATE sample_type = '5', collection_ward = 'Servicios médicos adultos'; 
INSERT INTO phenotypic_data(phenotypic_data_id, isolate_id, ecdc_resistance_profile, cloxa_test, mbl_test) VALUES ('513', '636', 'S', '-', '-') ON DUPLICATE KEY UPDATE ecdc_resistance_profile = 'S', cloxa_test = '-', mbl_test = '-'; 
INSERT INTO sequence_analysis(sequence_analysis_id, isolate_id, ame_loci, beta_lactamase_loci, carbapenemase_loci, other_acq_ab_loci) VALUES ('636', '636', '-', '-', '-', '-') ON DUPLICATE KEY UPDATE ame_loci = '-', beta_lactamase_loci = '-', carbapenemase_loci = '-', other_acq_ab_loci = '-'; 
INSERT INTO metadata_general(isolate_id, isolate_name, species, project_name) VALUES ('637', 'CAT03-007', 'Pseudomonas aeruginosa', 'GEMARA') ON DUPLICATE KEY UPDATE isolate_name = 'CAT03-007', species = 'Pseudomonas aeruginosa', project_name = 'GEMARA'; 
INSERT INTO metadata_clinic(clinic_id, isolate_id, sample_type, collection_ward) VALUES ('514', '637', '25', 'Servicios médicos adultos') ON DUPLICATE KEY UPDATE sample_type = '25', collection_ward = 'Servicios médicos adultos'; 
INSERT INTO phenotypic_data(phenotypic_data_id, isolate_id, ecdc_resistance_profile, cloxa_test, mbl_test) VALUES ('514', '637', 'S', '-', '-') ON DUPLICATE KEY UPDATE ecdc_resistance_profile = 'S', cloxa_test = '-', mbl_test = '-'; 
INSERT INTO sequence_analysis(sequence_analysis_id, isolate_id, ame_loci, beta_lactamase_loci, carbapenemase_loci, other_acq_ab_loci) VALUES ('637', '637', '-', '-', '-', '-') ON DUPLICATE KEY UPDATE ame_loci = '-', beta_lactamase_loci = '-', carbapenemase_loci = '-', other_acq_ab_loci = '-'; 
INSERT INTO metadata_general(isolate_id, isolate_name, species, project_name) VALUES ('638', 'CAT03-011', 'Pseudomonas aeruginosa', 'GEMARA') ON DUPLICATE KEY UPDATE isolate_name = 'CAT03-011', species = 'Pseudomonas aeruginosa', project_name = 'GEMARA'; 
INSERT INTO metadata_clinic(clinic_id, isolate_id, sample_type, collection_ward) VALUES ('515', '638', '5', 'Servicios quirúrgicos adultos') ON DUPLICATE KEY UPDATE sample_type = '5', collection_ward = 'Servicios quirúrgicos adultos'; 
INSERT INTO phenotypic_data(phenotypic_data_id, isolate_id, ecdc_resistance_profile, cloxa_test, mbl_test) VALUES ('515', '638', 'S', '-', '-') ON DUPLICATE KEY UPDATE ecdc_resistance_profile = 'S', cloxa_test = '-', mbl_test = '-'; 
INSERT INTO sequence_analysis(sequence_analysis_id, isolate_id, ame_loci, beta_lactamase_loci, carbapenemase_loci, other_acq_ab_loci) VALUES ('638', '638', '-', '-', '-', '-') ON DUPLICATE KEY UPDATE ame_loci = '-', beta_lactamase_loci = '-', carbapenemase_loci = '-', other_acq_ab_loci = '-'; 
INSERT INTO metadata_general(isolate_id, isolate_name, species, project_name) VALUES ('639', 'CAT03-015', 'Pseudomonas aeruginosa', 'GEMARA') ON DUPLICATE KEY UPDATE isolate_name = 'CAT03-015', species = 'Pseudomonas aeruginosa', project_name = 'GEMARA'; 
INSERT INTO metadata_clinic(clinic_id, isolate_id, sample_type, collection_ward) VALUES ('516', '639', '25', 'Servicios médicos adultos') ON DUPLICATE KEY UPDATE sample_type = '25', collection_ward = 'Servicios médicos adultos'; 
INSERT INTO phenotypic_data(phenotypic_data_id, isolate_id, ecdc_resistance_profile, cloxa_test, mbl_test) VALUES ('516', '639', 'S', '-', '-') ON DUPLICATE KEY UPDATE ecdc_resistance_profile = 'S', cloxa_test = '-', mbl_test = '-'; 
INSERT INTO sequence_analysis(sequence_analysis_id, isolate_id, ame_loci, beta_lactamase_loci, carbapenemase_loci, other_acq_ab_loci) VALUES ('639', '639', '-', '-', '-', '-') ON DUPLICATE KEY UPDATE ame_loci = '-', beta_lactamase_loci = '-', carbapenemase_loci = '-', other_acq_ab_loci = '-'; 
INSERT INTO metadata_general(isolate_id, isolate_name, species, project_name) VALUES ('640', 'CAT03-005', 'Pseudomonas aeruginosa', 'GEMARA') ON DUPLICATE KEY UPDATE isolate_name = 'CAT03-005', species = 'Pseudomonas aeruginosa', project_name = 'GEMARA'; 
INSERT INTO metadata_clinic(clinic_id, isolate_id, sample_type, collection_ward) VALUES ('517', '640', '5', 'Servicios quirúrgicos adultos') ON DUPLICATE KEY UPDATE sample_type = '5', collection_ward = 'Servicios quirúrgicos adultos'; 
INSERT INTO phenotypic_data(phenotypic_data_id, isolate_id, ecdc_resistance_profile, cloxa_test, mbl_test) VALUES ('517', '640', 'S', '-', '-') ON DUPLICATE KEY UPDATE ecdc_resistance_profile = 'S', cloxa_test = '-', mbl_test = '-'; 
INSERT INTO sequence_analysis(sequence_analysis_id, isolate_id, ame_loci, beta_lactamase_loci, carbapenemase_loci, other_acq_ab_loci) VALUES ('640', '640', '-', '-', '-', '-') ON DUPLICATE KEY UPDATE ame_loci = '-', beta_lactamase_loci = '-', carbapenemase_loci = '-', other_acq_ab_loci = '-'; 
INSERT INTO metadata_general(isolate_id, isolate_name, species, project_name) VALUES ('641', 'CAT03-006', 'Pseudomonas aeruginosa', 'GEMARA') ON DUPLICATE KEY UPDATE isolate_name = 'CAT03-006', species = 'Pseudomonas aeruginosa', project_name = 'GEMARA'; 
INSERT INTO metadata_clinic(clinic_id, isolate_id, sample_type, collection_ward) VALUES ('518', '641', '5', 'Servicios quirúrgicos adultos') ON DUPLICATE KEY UPDATE sample_type = '5', collection_ward = 'Servicios quirúrgicos adultos'; 
INSERT INTO phenotypic_data(phenotypic_data_id, isolate_id, ecdc_resistance_profile, cloxa_test, mbl_test) VALUES ('518', '641', 'S', '-', '-') ON DUPLICATE KEY UPDATE ecdc_resistance_profile = 'S', cloxa_test = '-', mbl_test = '-'; 
INSERT INTO sequence_analysis(sequence_analysis_id, isolate_id, ame_loci, beta_lactamase_loci, carbapenemase_loci, other_acq_ab_loci) VALUES ('641', '641', '-', '-', '-', '-') ON DUPLICATE KEY UPDATE ame_loci = '-', beta_lactamase_loci = '-', carbapenemase_loci = '-', other_acq_ab_loci = '-'; 
INSERT INTO metadata_general(isolate_id, isolate_name, species, project_name) VALUES ('642', 'CAT03-028', 'Pseudomonas aeruginosa', 'GEMARA') ON DUPLICATE KEY UPDATE isolate_name = 'CAT03-028', species = 'Pseudomonas aeruginosa', project_name = 'GEMARA'; 
INSERT INTO metadata_clinic(clinic_id, isolate_id, sample_type, collection_ward) VALUES ('519', '642', '4', 'Servicios quirúrgicos adultos') ON DUPLICATE KEY UPDATE sample_type = '4', collection_ward = 'Servicios quirúrgicos adultos'; 
INSERT INTO phenotypic_data(phenotypic_data_id, isolate_id, ecdc_resistance_profile, cloxa_test, mbl_test) VALUES ('519', '642', 'S', '-', '-') ON DUPLICATE KEY UPDATE ecdc_resistance_profile = 'S', cloxa_test = '-', mbl_test = '-'; 
INSERT INTO sequence_analysis(sequence_analysis_id, isolate_id, ame_loci, beta_lactamase_loci, carbapenemase_loci, other_acq_ab_loci) VALUES ('642', '642', '-', '-', '-', '-') ON DUPLICATE KEY UPDATE ame_loci = '-', beta_lactamase_loci = '-', carbapenemase_loci = '-', other_acq_ab_loci = '-'; 
INSERT INTO metadata_general(isolate_id, isolate_name, species, project_name) VALUES ('643', 'CAT03-012', 'Pseudomonas aeruginosa', 'GEMARA') ON DUPLICATE KEY UPDATE isolate_name = 'CAT03-012', species = 'Pseudomonas aeruginosa', project_name = 'GEMARA'; 
INSERT INTO metadata_clinic(clinic_id, isolate_id, sample_type, collection_ward) VALUES ('520', '643', '5', 'Servicios médicos adultos') ON DUPLICATE KEY UPDATE sample_type = '5', collection_ward = 'Servicios médicos adultos'; 
INSERT INTO phenotypic_data(phenotypic_data_id, isolate_id, ecdc_resistance_profile, cloxa_test, mbl_test) VALUES ('520', '643', 'S', '-', '-') ON DUPLICATE KEY UPDATE ecdc_resistance_profile = 'S', cloxa_test = '-', mbl_test = '-'; 
INSERT INTO sequence_analysis(sequence_analysis_id, isolate_id, ame_loci, beta_lactamase_loci, carbapenemase_loci, other_acq_ab_loci) VALUES ('643', '643', '-', '-', '-', '-') ON DUPLICATE KEY UPDATE ame_loci = '-', beta_lactamase_loci = '-', carbapenemase_loci = '-', other_acq_ab_loci = '-'; 
INSERT INTO metadata_general(isolate_id, isolate_name, species, project_name) VALUES ('644', 'CAT03-019', 'Pseudomonas aeruginosa', 'GEMARA') ON DUPLICATE KEY UPDATE isolate_name = 'CAT03-019', species = 'Pseudomonas aeruginosa', project_name = 'GEMARA'; 
INSERT INTO metadata_clinic(clinic_id, isolate_id, sample_type, collection_ward) VALUES ('521', '644', '24', 'Servicios quirúrgicos adultos') ON DUPLICATE KEY UPDATE sample_type = '24', collection_ward = 'Servicios quirúrgicos adultos'; 
INSERT INTO phenotypic_data(phenotypic_data_id, isolate_id, ecdc_resistance_profile, cloxa_test, mbl_test) VALUES ('521', '644', 'S', '-', '-') ON DUPLICATE KEY UPDATE ecdc_resistance_profile = 'S', cloxa_test = '-', mbl_test = '-'; 
INSERT INTO sequence_analysis(sequence_analysis_id, isolate_id, ame_loci, beta_lactamase_loci, carbapenemase_loci, other_acq_ab_loci) VALUES ('644', '644', '-', '-', '-', '-') ON DUPLICATE KEY UPDATE ame_loci = '-', beta_lactamase_loci = '-', carbapenemase_loci = '-', other_acq_ab_loci = '-'; 
INSERT INTO metadata_general(isolate_id, isolate_name, species, project_name) VALUES ('645', 'CAT03-026', 'Pseudomonas aeruginosa', 'GEMARA') ON DUPLICATE KEY UPDATE isolate_name = 'CAT03-026', species = 'Pseudomonas aeruginosa', project_name = 'GEMARA'; 
INSERT INTO metadata_clinic(clinic_id, isolate_id, sample_type, collection_ward) VALUES ('522', '645', '5', 'Servicios médicos adultos') ON DUPLICATE KEY UPDATE sample_type = '5', collection_ward = 'Servicios médicos adultos'; 
INSERT INTO phenotypic_data(phenotypic_data_id, isolate_id, ecdc_resistance_profile, cloxa_test, mbl_test) VALUES ('522', '645', 'S', '-', '-') ON DUPLICATE KEY UPDATE ecdc_resistance_profile = 'S', cloxa_test = '-', mbl_test = '-'; 
INSERT INTO sequence_analysis(sequence_analysis_id, isolate_id, ame_loci, beta_lactamase_loci, carbapenemase_loci, other_acq_ab_loci) VALUES ('645', '645', '-', '-', '-', '-') ON DUPLICATE KEY UPDATE ame_loci = '-', beta_lactamase_loci = '-', carbapenemase_loci = '-', other_acq_ab_loci = '-'; 
INSERT INTO metadata_general(isolate_id, isolate_name, species, project_name) VALUES ('646', 'CAT03-022', 'Pseudomonas aeruginosa', 'GEMARA') ON DUPLICATE KEY UPDATE isolate_name = 'CAT03-022', species = 'Pseudomonas aeruginosa', project_name = 'GEMARA'; 
INSERT INTO metadata_clinic(clinic_id, isolate_id, sample_type, collection_ward) VALUES ('523', '646', '10', 'Urgencias adultos') ON DUPLICATE KEY UPDATE sample_type = '10', collection_ward = 'Urgencias adultos'; 
INSERT INTO phenotypic_data(phenotypic_data_id, isolate_id, ecdc_resistance_profile, cloxa_test, mbl_test) VALUES ('523', '646', 'S', '-', '-') ON DUPLICATE KEY UPDATE ecdc_resistance_profile = 'S', cloxa_test = '-', mbl_test = '-'; 
INSERT INTO sequence_analysis(sequence_analysis_id, isolate_id, ame_loci, beta_lactamase_loci, carbapenemase_loci, other_acq_ab_loci) VALUES ('646', '646', '-', '-', '-', '-') ON DUPLICATE KEY UPDATE ame_loci = '-', beta_lactamase_loci = '-', carbapenemase_loci = '-', other_acq_ab_loci = '-'; 
INSERT INTO metadata_general(isolate_id, isolate_name, species, project_name) VALUES ('647', 'CAT03-031', 'Pseudomonas aeruginosa', 'GEMARA') ON DUPLICATE KEY UPDATE isolate_name = 'CAT03-031', species = 'Pseudomonas aeruginosa', project_name = 'GEMARA'; 
INSERT INTO metadata_clinic(clinic_id, isolate_id, sample_type, collection_ward) VALUES ('524', '647', '7', 'Servicios quirúrgicos adultos') ON DUPLICATE KEY UPDATE sample_type = '7', collection_ward = 'Servicios quirúrgicos adultos'; 
INSERT INTO phenotypic_data(phenotypic_data_id, isolate_id, ecdc_resistance_profile, cloxa_test, mbl_test) VALUES ('524', '647', 'S', '-', '-') ON DUPLICATE KEY UPDATE ecdc_resistance_profile = 'S', cloxa_test = '-', mbl_test = '-'; 
INSERT INTO sequence_analysis(sequence_analysis_id, isolate_id, ame_loci, beta_lactamase_loci, carbapenemase_loci, other_acq_ab_loci) VALUES ('647', '647', '-', '-', '-', '-') ON DUPLICATE KEY UPDATE ame_loci = '-', beta_lactamase_loci = '-', carbapenemase_loci = '-', other_acq_ab_loci = '-'; 
INSERT INTO metadata_general(isolate_id, isolate_name, species, project_name) VALUES ('648', 'CAT03-020', 'Pseudomonas aeruginosa', 'GEMARA') ON DUPLICATE KEY UPDATE isolate_name = 'CAT03-020', species = 'Pseudomonas aeruginosa', project_name = 'GEMARA'; 
INSERT INTO metadata_clinic(clinic_id, isolate_id, sample_type, collection_ward) VALUES ('525', '648', '12', 'Urgencias adultos') ON DUPLICATE KEY UPDATE sample_type = '12', collection_ward = 'Urgencias adultos'; 
INSERT INTO phenotypic_data(phenotypic_data_id, isolate_id, ecdc_resistance_profile, cloxa_test, mbl_test) VALUES ('525', '648', 'S', '-', '-') ON DUPLICATE KEY UPDATE ecdc_resistance_profile = 'S', cloxa_test = '-', mbl_test = '-'; 
INSERT INTO sequence_analysis(sequence_analysis_id, isolate_id, ame_loci, beta_lactamase_loci, carbapenemase_loci, other_acq_ab_loci) VALUES ('648', '648', '-', '-', '-', '-') ON DUPLICATE KEY UPDATE ame_loci = '-', beta_lactamase_loci = '-', carbapenemase_loci = '-', other_acq_ab_loci = '-'; 
INSERT INTO metadata_general(isolate_id, isolate_name, species, project_name) VALUES ('649', 'CAT03-008', 'Pseudomonas aeruginosa', 'GEMARA') ON DUPLICATE KEY UPDATE isolate_name = 'CAT03-008', species = 'Pseudomonas aeruginosa', project_name = 'GEMARA'; 
INSERT INTO metadata_clinic(clinic_id, isolate_id, sample_type, collection_ward) VALUES ('526', '649', '1', 'Servicios médicos adultos') ON DUPLICATE KEY UPDATE sample_type = '1', collection_ward = 'Servicios médicos adultos'; 
INSERT INTO phenotypic_data(phenotypic_data_id, isolate_id, ecdc_resistance_profile, cloxa_test, mbl_test) VALUES ('526', '649', 'S', '-', '-') ON DUPLICATE KEY UPDATE ecdc_resistance_profile = 'S', cloxa_test = '-', mbl_test = '-'; 
INSERT INTO sequence_analysis(sequence_analysis_id, isolate_id, ame_loci, beta_lactamase_loci, carbapenemase_loci, other_acq_ab_loci) VALUES ('649', '649', '-', '-', '-', '-') ON DUPLICATE KEY UPDATE ame_loci = '-', beta_lactamase_loci = '-', carbapenemase_loci = '-', other_acq_ab_loci = '-'; 
INSERT INTO metadata_general(isolate_id, isolate_name, species, project_name) VALUES ('650', 'CAT03-027', 'Pseudomonas aeruginosa', 'GEMARA') ON DUPLICATE KEY UPDATE isolate_name = 'CAT03-027', species = 'Pseudomonas aeruginosa', project_name = 'GEMARA'; 
INSERT INTO metadata_clinic(clinic_id, isolate_id, sample_type, collection_ward) VALUES ('527', '650', '1', 'Servicios médicos adultos') ON DUPLICATE KEY UPDATE sample_type = '1', collection_ward = 'Servicios médicos adultos'; 
INSERT INTO phenotypic_data(phenotypic_data_id, isolate_id, ecdc_resistance_profile, cloxa_test, mbl_test) VALUES ('527', '650', 'S', '-', '-') ON DUPLICATE KEY UPDATE ecdc_resistance_profile = 'S', cloxa_test = '-', mbl_test = '-'; 
INSERT INTO sequence_analysis(sequence_analysis_id, isolate_id, ame_loci, beta_lactamase_loci, carbapenemase_loci, other_acq_ab_loci) VALUES ('650', '650', '-', '-', '-', '-') ON DUPLICATE KEY UPDATE ame_loci = '-', beta_lactamase_loci = '-', carbapenemase_loci = '-', other_acq_ab_loci = '-'; 
INSERT INTO metadata_general(isolate_id, isolate_name, species, project_name) VALUES ('651', 'CAT03-010', 'Pseudomonas aeruginosa', 'GEMARA') ON DUPLICATE KEY UPDATE isolate_name = 'CAT03-010', species = 'Pseudomonas aeruginosa', project_name = 'GEMARA'; 
INSERT INTO metadata_clinic(clinic_id, isolate_id, sample_type, collection_ward) VALUES ('528', '651', '5', 'Servicios quirúrgicos adultos') ON DUPLICATE KEY UPDATE sample_type = '5', collection_ward = 'Servicios quirúrgicos adultos'; 
INSERT INTO phenotypic_data(phenotypic_data_id, isolate_id, ecdc_resistance_profile, cloxa_test, mbl_test) VALUES ('528', '651', 'S', '-', '-') ON DUPLICATE KEY UPDATE ecdc_resistance_profile = 'S', cloxa_test = '-', mbl_test = '-'; 
INSERT INTO sequence_analysis(sequence_analysis_id, isolate_id, ame_loci, beta_lactamase_loci, carbapenemase_loci, other_acq_ab_loci) VALUES ('651', '651', '-', '-', '-', '-') ON DUPLICATE KEY UPDATE ame_loci = '-', beta_lactamase_loci = '-', carbapenemase_loci = '-', other_acq_ab_loci = '-'; 
INSERT INTO metadata_general(isolate_id, isolate_name, species, project_name) VALUES ('652', 'CAT03-018', 'Pseudomonas aeruginosa', 'GEMARA') ON DUPLICATE KEY UPDATE isolate_name = 'CAT03-018', species = 'Pseudomonas aeruginosa', project_name = 'GEMARA'; 
INSERT INTO metadata_clinic(clinic_id, isolate_id, sample_type, collection_ward) VALUES ('529', '652', '8', 'Servicios quirúrgicos adultos') ON DUPLICATE KEY UPDATE sample_type = '8', collection_ward = 'Servicios quirúrgicos adultos'; 
INSERT INTO phenotypic_data(phenotypic_data_id, isolate_id, ecdc_resistance_profile, cloxa_test, mbl_test) VALUES ('529', '652', 'S', '-', '-') ON DUPLICATE KEY UPDATE ecdc_resistance_profile = 'S', cloxa_test = '-', mbl_test = '-'; 
INSERT INTO sequence_analysis(sequence_analysis_id, isolate_id, ame_loci, beta_lactamase_loci, carbapenemase_loci, other_acq_ab_loci) VALUES ('652', '652', '-', '-', '-', '-') ON DUPLICATE KEY UPDATE ame_loci = '-', beta_lactamase_loci = '-', carbapenemase_loci = '-', other_acq_ab_loci = '-'; 
INSERT INTO metadata_general(isolate_id, isolate_name, species, project_name) VALUES ('653', 'CAT03-002', 'Pseudomonas aeruginosa', 'GEMARA') ON DUPLICATE KEY UPDATE isolate_name = 'CAT03-002', species = 'Pseudomonas aeruginosa', project_name = 'GEMARA'; 
INSERT INTO metadata_clinic(clinic_id, isolate_id, sample_type, collection_ward) VALUES ('530', '653', '5', 'Servicios médicos adultos') ON DUPLICATE KEY UPDATE sample_type = '5', collection_ward = 'Servicios médicos adultos'; 
INSERT INTO phenotypic_data(phenotypic_data_id, isolate_id, ecdc_resistance_profile, cloxa_test, mbl_test) VALUES ('530', '653', 'S', '-', '-') ON DUPLICATE KEY UPDATE ecdc_resistance_profile = 'S', cloxa_test = '-', mbl_test = '-'; 
INSERT INTO sequence_analysis(sequence_analysis_id, isolate_id, ame_loci, beta_lactamase_loci, carbapenemase_loci, other_acq_ab_loci) VALUES ('653', '653', '-', '-', '-', '-') ON DUPLICATE KEY UPDATE ame_loci = '-', beta_lactamase_loci = '-', carbapenemase_loci = '-', other_acq_ab_loci = '-'; 
INSERT INTO metadata_general(isolate_id, isolate_name, species, project_name) VALUES ('654', 'CAT03-013', 'Pseudomonas aeruginosa', 'GEMARA') ON DUPLICATE KEY UPDATE isolate_name = 'CAT03-013', species = 'Pseudomonas aeruginosa', project_name = 'GEMARA'; 
INSERT INTO metadata_clinic(clinic_id, isolate_id, sample_type, collection_ward) VALUES ('531', '654', '5', 'Urgencias adultos') ON DUPLICATE KEY UPDATE sample_type = '5', collection_ward = 'Urgencias adultos'; 
INSERT INTO phenotypic_data(phenotypic_data_id, isolate_id, ecdc_resistance_profile, cloxa_test, mbl_test) VALUES ('531', '654', 'S', '-', '-') ON DUPLICATE KEY UPDATE ecdc_resistance_profile = 'S', cloxa_test = '-', mbl_test = '-'; 
INSERT INTO sequence_analysis(sequence_analysis_id, isolate_id, ame_loci, beta_lactamase_loci, carbapenemase_loci, other_acq_ab_loci) VALUES ('654', '654', '-', '-', '-', '-') ON DUPLICATE KEY UPDATE ame_loci = '-', beta_lactamase_loci = '-', carbapenemase_loci = '-', other_acq_ab_loci = '-'; 
INSERT INTO metadata_general(isolate_id, isolate_name, species, project_name) VALUES ('655', 'CAT03-017', 'Pseudomonas aeruginosa', 'GEMARA') ON DUPLICATE KEY UPDATE isolate_name = 'CAT03-017', species = 'Pseudomonas aeruginosa', project_name = 'GEMARA'; 
INSERT INTO metadata_clinic(clinic_id, isolate_id, sample_type, collection_ward) VALUES ('532', '655', '1', 'Servicios médicos adultos') ON DUPLICATE KEY UPDATE sample_type = '1', collection_ward = 'Servicios médicos adultos'; 
INSERT INTO phenotypic_data(phenotypic_data_id, isolate_id, ecdc_resistance_profile, cloxa_test, mbl_test) VALUES ('532', '655', 'S', '-', '-') ON DUPLICATE KEY UPDATE ecdc_resistance_profile = 'S', cloxa_test = '-', mbl_test = '-'; 
INSERT INTO sequence_analysis(sequence_analysis_id, isolate_id, ame_loci, beta_lactamase_loci, carbapenemase_loci, other_acq_ab_loci) VALUES ('655', '655', '-', '-', '-', '-') ON DUPLICATE KEY UPDATE ame_loci = '-', beta_lactamase_loci = '-', carbapenemase_loci = '-', other_acq_ab_loci = '-'; 
INSERT INTO metadata_general(isolate_id, isolate_name, species, project_name) VALUES ('656', 'CAT03-021', 'Pseudomonas aeruginosa', 'GEMARA') ON DUPLICATE KEY UPDATE isolate_name = 'CAT03-021', species = 'Pseudomonas aeruginosa', project_name = 'GEMARA'; 
INSERT INTO metadata_clinic(clinic_id, isolate_id, sample_type, collection_ward) VALUES ('533', '656', '5', 'Servicios médicos adultos') ON DUPLICATE KEY UPDATE sample_type = '5', collection_ward = 'Servicios médicos adultos'; 
INSERT INTO phenotypic_data(phenotypic_data_id, isolate_id, ecdc_resistance_profile, cloxa_test, mbl_test) VALUES ('533', '656', 'S', '-', '-') ON DUPLICATE KEY UPDATE ecdc_resistance_profile = 'S', cloxa_test = '-', mbl_test = '-'; 
INSERT INTO sequence_analysis(sequence_analysis_id, isolate_id, ame_loci, beta_lactamase_loci, carbapenemase_loci, other_acq_ab_loci) VALUES ('656', '656', '-', '-', '-', '-') ON DUPLICATE KEY UPDATE ame_loci = '-', beta_lactamase_loci = '-', carbapenemase_loci = '-', other_acq_ab_loci = '-'; 
INSERT INTO metadata_general(isolate_id, isolate_name, species, project_name) VALUES ('657', 'CAT03-024', 'Pseudomonas aeruginosa', 'GEMARA') ON DUPLICATE KEY UPDATE isolate_name = 'CAT03-024', species = 'Pseudomonas aeruginosa', project_name = 'GEMARA'; 
INSERT INTO metadata_clinic(clinic_id, isolate_id, sample_type, collection_ward) VALUES ('534', '657', '1', 'Urgencias adultos') ON DUPLICATE KEY UPDATE sample_type = '1', collection_ward = 'Urgencias adultos'; 
INSERT INTO phenotypic_data(phenotypic_data_id, isolate_id, ecdc_resistance_profile, cloxa_test, mbl_test) VALUES ('534', '657', 'S', '-', '-') ON DUPLICATE KEY UPDATE ecdc_resistance_profile = 'S', cloxa_test = '-', mbl_test = '-'; 
INSERT INTO sequence_analysis(sequence_analysis_id, isolate_id, ame_loci, beta_lactamase_loci, carbapenemase_loci, other_acq_ab_loci) VALUES ('657', '657', '-', '-', '-', '-') ON DUPLICATE KEY UPDATE ame_loci = '-', beta_lactamase_loci = '-', carbapenemase_loci = '-', other_acq_ab_loci = '-'; 
INSERT INTO metadata_general(isolate_id, isolate_name, species, project_name) VALUES ('63', 'CAT03-004', 'Pseudomonas aeruginosa', 'GEMARA') ON DUPLICATE KEY UPDATE isolate_name = 'CAT03-004', species = 'Pseudomonas aeruginosa', project_name = 'GEMARA'; 
INSERT INTO metadata_clinic(clinic_id, isolate_id, sample_type, collection_ward) VALUES ('535', '63', '5', 'Servicios médicos adultos') ON DUPLICATE KEY UPDATE sample_type = '5', collection_ward = 'Servicios médicos adultos'; 
INSERT INTO phenotypic_data(phenotypic_data_id, isolate_id, ecdc_resistance_profile, cloxa_test, mbl_test) VALUES ('535', '63', 'XDR', '+/+', '-') ON DUPLICATE KEY UPDATE ecdc_resistance_profile = 'XDR', cloxa_test = '+/+', mbl_test = '-'; 
INSERT INTO sequence_analysis(sequence_analysis_id, isolate_id, ame_loci, beta_lactamase_loci, carbapenemase_loci, other_acq_ab_loci) VALUES ('63', '63', 'aadB', '-', '-', '-') ON DUPLICATE KEY UPDATE ame_loci = 'aadB', beta_lactamase_loci = '-', carbapenemase_loci = '-', other_acq_ab_loci = '-'; 
INSERT INTO metadata_general(isolate_id, isolate_name, species, project_name) VALUES ('658', 'CAT03-009', 'Pseudomonas aeruginosa', 'GEMARA') ON DUPLICATE KEY UPDATE isolate_name = 'CAT03-009', species = 'Pseudomonas aeruginosa', project_name = 'GEMARA'; 
INSERT INTO metadata_clinic(clinic_id, isolate_id, sample_type, collection_ward) VALUES ('536', '658', '1', 'Servicios médicos adultos') ON DUPLICATE KEY UPDATE sample_type = '1', collection_ward = 'Servicios médicos adultos'; 
INSERT INTO phenotypic_data(phenotypic_data_id, isolate_id, ecdc_resistance_profile, cloxa_test, mbl_test) VALUES ('536', '658', 'XDR', '+/+', '-') ON DUPLICATE KEY UPDATE ecdc_resistance_profile = 'XDR', cloxa_test = '+/+', mbl_test = '-'; 
INSERT INTO sequence_analysis(sequence_analysis_id, isolate_id, ame_loci, beta_lactamase_loci, carbapenemase_loci, other_acq_ab_loci) VALUES ('658', '658', '-', '-', '-', '-') ON DUPLICATE KEY UPDATE ame_loci = '-', beta_lactamase_loci = '-', carbapenemase_loci = '-', other_acq_ab_loci = '-'; 
INSERT INTO metadata_general(isolate_id, isolate_name, species, project_name) VALUES ('659', 'CAT03-014', 'Pseudomonas aeruginosa', 'GEMARA') ON DUPLICATE KEY UPDATE isolate_name = 'CAT03-014', species = 'Pseudomonas aeruginosa', project_name = 'GEMARA'; 
INSERT INTO metadata_clinic(clinic_id, isolate_id, sample_type, collection_ward) VALUES ('537', '659', '12', 'Servicios quirúrgicos adultos') ON DUPLICATE KEY UPDATE sample_type = '12', collection_ward = 'Servicios quirúrgicos adultos'; 
INSERT INTO phenotypic_data(phenotypic_data_id, isolate_id, ecdc_resistance_profile, cloxa_test, mbl_test) VALUES ('537', '659', 'XDR', '+/+', '-') ON DUPLICATE KEY UPDATE ecdc_resistance_profile = 'XDR', cloxa_test = '+/+', mbl_test = '-'; 
INSERT INTO sequence_analysis(sequence_analysis_id, isolate_id, ame_loci, beta_lactamase_loci, carbapenemase_loci, other_acq_ab_loci) VALUES ('659', '659', '-', '-', '-', '-') ON DUPLICATE KEY UPDATE ame_loci = '-', beta_lactamase_loci = '-', carbapenemase_loci = '-', other_acq_ab_loci = '-'; 
INSERT INTO metadata_general(isolate_id, isolate_name, species, project_name) VALUES ('660', 'CAT03-016', 'Pseudomonas aeruginosa', 'GEMARA') ON DUPLICATE KEY UPDATE isolate_name = 'CAT03-016', species = 'Pseudomonas aeruginosa', project_name = 'GEMARA'; 
INSERT INTO metadata_clinic(clinic_id, isolate_id, sample_type, collection_ward) VALUES ('538', '660', '16', 'Servicios quirúrgicos adultos') ON DUPLICATE KEY UPDATE sample_type = '16', collection_ward = 'Servicios quirúrgicos adultos'; 
INSERT INTO phenotypic_data(phenotypic_data_id, isolate_id, ecdc_resistance_profile, cloxa_test, mbl_test) VALUES ('538', '660', 'XDR', '+/+', '-') ON DUPLICATE KEY UPDATE ecdc_resistance_profile = 'XDR', cloxa_test = '+/+', mbl_test = '-'; 
INSERT INTO sequence_analysis(sequence_analysis_id, isolate_id, ame_loci, beta_lactamase_loci, carbapenemase_loci, other_acq_ab_loci) VALUES ('660', '660', '-', '-', '-', '-') ON DUPLICATE KEY UPDATE ame_loci = '-', beta_lactamase_loci = '-', carbapenemase_loci = '-', other_acq_ab_loci = '-'; 
INSERT INTO metadata_general(isolate_id, isolate_name, species, project_name) VALUES ('661', 'CAT03-023', 'Pseudomonas aeruginosa', 'GEMARA') ON DUPLICATE KEY UPDATE isolate_name = 'CAT03-023', species = 'Pseudomonas aeruginosa', project_name = 'GEMARA'; 
INSERT INTO metadata_clinic(clinic_id, isolate_id, sample_type, collection_ward) VALUES ('539', '661', '1', 'Servicios médicos adultos') ON DUPLICATE KEY UPDATE sample_type = '1', collection_ward = 'Servicios médicos adultos'; 
INSERT INTO phenotypic_data(phenotypic_data_id, isolate_id, ecdc_resistance_profile, cloxa_test, mbl_test) VALUES ('539', '661', 'XDR', '+/+', '-') ON DUPLICATE KEY UPDATE ecdc_resistance_profile = 'XDR', cloxa_test = '+/+', mbl_test = '-'; 
INSERT INTO sequence_analysis(sequence_analysis_id, isolate_id, ame_loci, beta_lactamase_loci, carbapenemase_loci, other_acq_ab_loci) VALUES ('661', '661', '-', '-', '-', '-') ON DUPLICATE KEY UPDATE ame_loci = '-', beta_lactamase_loci = '-', carbapenemase_loci = '-', other_acq_ab_loci = '-'; 
INSERT INTO metadata_general(isolate_id, isolate_name, species, project_name) VALUES ('662', 'CAT03-029', 'Pseudomonas aeruginosa', 'GEMARA') ON DUPLICATE KEY UPDATE isolate_name = 'CAT03-029', species = 'Pseudomonas aeruginosa', project_name = 'GEMARA'; 
INSERT INTO metadata_clinic(clinic_id, isolate_id, sample_type, collection_ward) VALUES ('540', '662', '12', 'Servicios médicos adultos') ON DUPLICATE KEY UPDATE sample_type = '12', collection_ward = 'Servicios médicos adultos'; 
INSERT INTO phenotypic_data(phenotypic_data_id, isolate_id, ecdc_resistance_profile, cloxa_test, mbl_test) VALUES ('540', '662', 'XDR', '+/+', '-') ON DUPLICATE KEY UPDATE ecdc_resistance_profile = 'XDR', cloxa_test = '+/+', mbl_test = '-'; 
INSERT INTO sequence_analysis(sequence_analysis_id, isolate_id, ame_loci, beta_lactamase_loci, carbapenemase_loci, other_acq_ab_loci) VALUES ('662', '662', '-', '-', '-', '-') ON DUPLICATE KEY UPDATE ame_loci = '-', beta_lactamase_loci = '-', carbapenemase_loci = '-', other_acq_ab_loci = '-'; 
INSERT INTO metadata_general(isolate_id, isolate_name, species, project_name) VALUES ('663', 'CAT04-031', 'Pseudomonas aeruginosa', 'GEMARA') ON DUPLICATE KEY UPDATE isolate_name = 'CAT04-031', species = 'Pseudomonas aeruginosa', project_name = 'GEMARA'; 
INSERT INTO metadata_clinic(clinic_id, isolate_id, sample_type, collection_ward) VALUES ('541', '663', '16', 'Consultas externas') ON DUPLICATE KEY UPDATE sample_type = '16', collection_ward = 'Consultas externas'; 
INSERT INTO phenotypic_data(phenotypic_data_id, isolate_id, ecdc_resistance_profile, cloxa_test, mbl_test) VALUES ('541', '663', 'MDR', '-', '-') ON DUPLICATE KEY UPDATE ecdc_resistance_profile = 'MDR', cloxa_test = '-', mbl_test = '-'; 
INSERT INTO sequence_analysis(sequence_analysis_id, isolate_id, ame_loci, beta_lactamase_loci, carbapenemase_loci, other_acq_ab_loci) VALUES ('663', '663', 'aadB', '-', '-', 'strB, cmIA1, tet(G)') ON DUPLICATE KEY UPDATE ame_loci = 'aadB', beta_lactamase_loci = '-', carbapenemase_loci = '-', other_acq_ab_loci = 'strB, cmIA1, tet(G)'; 
INSERT INTO metadata_general(isolate_id, isolate_name, species, project_name) VALUES ('664', 'CAT04-002', 'Pseudomonas aeruginosa', 'GEMARA') ON DUPLICATE KEY UPDATE isolate_name = 'CAT04-002', species = 'Pseudomonas aeruginosa', project_name = 'GEMARA'; 
INSERT INTO metadata_clinic(clinic_id, isolate_id, sample_type, collection_ward) VALUES ('542', '664', '15', 'Servicios quirúrgicos adultos') ON DUPLICATE KEY UPDATE sample_type = '15', collection_ward = 'Servicios quirúrgicos adultos'; 
INSERT INTO phenotypic_data(phenotypic_data_id, isolate_id, ecdc_resistance_profile, cloxa_test, mbl_test) VALUES ('542', '664', 'S', '-', '-') ON DUPLICATE KEY UPDATE ecdc_resistance_profile = 'S', cloxa_test = '-', mbl_test = '-'; 
INSERT INTO sequence_analysis(sequence_analysis_id, isolate_id, ame_loci, beta_lactamase_loci, carbapenemase_loci, other_acq_ab_loci) VALUES ('664', '664', '-', '-', '-', '-') ON DUPLICATE KEY UPDATE ame_loci = '-', beta_lactamase_loci = '-', carbapenemase_loci = '-', other_acq_ab_loci = '-'; 
INSERT INTO metadata_general(isolate_id, isolate_name, species, project_name) VALUES ('665', 'CAT04-018', 'Pseudomonas aeruginosa', 'GEMARA') ON DUPLICATE KEY UPDATE isolate_name = 'CAT04-018', species = 'Pseudomonas aeruginosa', project_name = 'GEMARA'; 
INSERT INTO metadata_clinic(clinic_id, isolate_id, sample_type, collection_ward) VALUES ('543', '665', '2', 'Consultas externas') ON DUPLICATE KEY UPDATE sample_type = '2', collection_ward = 'Consultas externas'; 
INSERT INTO phenotypic_data(phenotypic_data_id, isolate_id, ecdc_resistance_profile, cloxa_test, mbl_test) VALUES ('543', '665', 'S', '-', '-') ON DUPLICATE KEY UPDATE ecdc_resistance_profile = 'S', cloxa_test = '-', mbl_test = '-'; 
INSERT INTO sequence_analysis(sequence_analysis_id, isolate_id, ame_loci, beta_lactamase_loci, carbapenemase_loci, other_acq_ab_loci) VALUES ('665', '665', '-', '-', '-', '-') ON DUPLICATE KEY UPDATE ame_loci = '-', beta_lactamase_loci = '-', carbapenemase_loci = '-', other_acq_ab_loci = '-'; 
INSERT INTO metadata_general(isolate_id, isolate_name, species, project_name) VALUES ('666', 'CAT04-024', 'Pseudomonas aeruginosa', 'GEMARA') ON DUPLICATE KEY UPDATE isolate_name = 'CAT04-024', species = 'Pseudomonas aeruginosa', project_name = 'GEMARA'; 
INSERT INTO metadata_clinic(clinic_id, isolate_id, sample_type, collection_ward) VALUES ('544', '666', '22', 'Centro sociosanitario') ON DUPLICATE KEY UPDATE sample_type = '22', collection_ward = 'Centro sociosanitario'; 
INSERT INTO phenotypic_data(phenotypic_data_id, isolate_id, ecdc_resistance_profile, cloxa_test, mbl_test) VALUES ('544', '666', 'S', '-', '-') ON DUPLICATE KEY UPDATE ecdc_resistance_profile = 'S', cloxa_test = '-', mbl_test = '-'; 
INSERT INTO sequence_analysis(sequence_analysis_id, isolate_id, ame_loci, beta_lactamase_loci, carbapenemase_loci, other_acq_ab_loci) VALUES ('666', '666', '-', '-', '-', '-') ON DUPLICATE KEY UPDATE ame_loci = '-', beta_lactamase_loci = '-', carbapenemase_loci = '-', other_acq_ab_loci = '-'; 
INSERT INTO metadata_general(isolate_id, isolate_name, species, project_name) VALUES ('667', 'CAT04-012', 'Pseudomonas aeruginosa', 'GEMARA') ON DUPLICATE KEY UPDATE isolate_name = 'CAT04-012', species = 'Pseudomonas aeruginosa', project_name = 'GEMARA'; 
INSERT INTO metadata_clinic(clinic_id, isolate_id, sample_type, collection_ward) VALUES ('545', '667', '6', 'Servicios médicos adultos') ON DUPLICATE KEY UPDATE sample_type = '6', collection_ward = 'Servicios médicos adultos'; 
INSERT INTO phenotypic_data(phenotypic_data_id, isolate_id, ecdc_resistance_profile, cloxa_test, mbl_test) VALUES ('545', '667', 'S', '-', '-') ON DUPLICATE KEY UPDATE ecdc_resistance_profile = 'S', cloxa_test = '-', mbl_test = '-'; 
INSERT INTO sequence_analysis(sequence_analysis_id, isolate_id, ame_loci, beta_lactamase_loci, carbapenemase_loci, other_acq_ab_loci) VALUES ('667', '667', '-', '-', '-', '-') ON DUPLICATE KEY UPDATE ame_loci = '-', beta_lactamase_loci = '-', carbapenemase_loci = '-', other_acq_ab_loci = '-'; 
INSERT INTO metadata_general(isolate_id, isolate_name, species, project_name) VALUES ('668', 'CAT04-014', 'Pseudomonas aeruginosa', 'GEMARA') ON DUPLICATE KEY UPDATE isolate_name = 'CAT04-014', species = 'Pseudomonas aeruginosa', project_name = 'GEMARA'; 
INSERT INTO metadata_clinic(clinic_id, isolate_id, sample_type, collection_ward) VALUES ('546', '668', '7', 'Servicios médicos adultos') ON DUPLICATE KEY UPDATE sample_type = '7', collection_ward = 'Servicios médicos adultos'; 
INSERT INTO phenotypic_data(phenotypic_data_id, isolate_id, ecdc_resistance_profile, cloxa_test, mbl_test) VALUES ('546', '668', 'S', '-', '-') ON DUPLICATE KEY UPDATE ecdc_resistance_profile = 'S', cloxa_test = '-', mbl_test = '-'; 
INSERT INTO sequence_analysis(sequence_analysis_id, isolate_id, ame_loci, beta_lactamase_loci, carbapenemase_loci, other_acq_ab_loci) VALUES ('668', '668', '-', '-', '-', '-') ON DUPLICATE KEY UPDATE ame_loci = '-', beta_lactamase_loci = '-', carbapenemase_loci = '-', other_acq_ab_loci = '-'; 
INSERT INTO metadata_general(isolate_id, isolate_name, species, project_name) VALUES ('669', 'CAT04-025', 'Pseudomonas aeruginosa', 'GEMARA') ON DUPLICATE KEY UPDATE isolate_name = 'CAT04-025', species = 'Pseudomonas aeruginosa', project_name = 'GEMARA'; 
INSERT INTO metadata_clinic(clinic_id, isolate_id, sample_type, collection_ward) VALUES ('547', '669', '7', 'Servicios médicos adultos') ON DUPLICATE KEY UPDATE sample_type = '7', collection_ward = 'Servicios médicos adultos'; 
INSERT INTO phenotypic_data(phenotypic_data_id, isolate_id, ecdc_resistance_profile, cloxa_test, mbl_test) VALUES ('547', '669', 'S', '-', '-') ON DUPLICATE KEY UPDATE ecdc_resistance_profile = 'S', cloxa_test = '-', mbl_test = '-'; 
INSERT INTO sequence_analysis(sequence_analysis_id, isolate_id, ame_loci, beta_lactamase_loci, carbapenemase_loci, other_acq_ab_loci) VALUES ('669', '669', '-', '-', '-', '-') ON DUPLICATE KEY UPDATE ame_loci = '-', beta_lactamase_loci = '-', carbapenemase_loci = '-', other_acq_ab_loci = '-'; 
INSERT INTO metadata_general(isolate_id, isolate_name, species, project_name) VALUES ('670', 'CAT04-015', 'Pseudomonas aeruginosa', 'GEMARA') ON DUPLICATE KEY UPDATE isolate_name = 'CAT04-015', species = 'Pseudomonas aeruginosa', project_name = 'GEMARA'; 
INSERT INTO metadata_clinic(clinic_id, isolate_id, sample_type, collection_ward) VALUES ('548', '670', '1', 'Consultas externas') ON DUPLICATE KEY UPDATE sample_type = '1', collection_ward = 'Consultas externas'; 
INSERT INTO phenotypic_data(phenotypic_data_id, isolate_id, ecdc_resistance_profile, cloxa_test, mbl_test) VALUES ('548', '670', 'S', '-', '-') ON DUPLICATE KEY UPDATE ecdc_resistance_profile = 'S', cloxa_test = '-', mbl_test = '-'; 
INSERT INTO sequence_analysis(sequence_analysis_id, isolate_id, ame_loci, beta_lactamase_loci, carbapenemase_loci, other_acq_ab_loci) VALUES ('670', '670', '-', '-', '-', '-') ON DUPLICATE KEY UPDATE ame_loci = '-', beta_lactamase_loci = '-', carbapenemase_loci = '-', other_acq_ab_loci = '-'; 
INSERT INTO metadata_general(isolate_id, isolate_name, species, project_name) VALUES ('671', 'CAT04-007', 'Pseudomonas aeruginosa', 'GEMARA') ON DUPLICATE KEY UPDATE isolate_name = 'CAT04-007', species = 'Pseudomonas aeruginosa', project_name = 'GEMARA'; 
INSERT INTO metadata_clinic(clinic_id, isolate_id, sample_type, collection_ward) VALUES ('549', '671', '1', 'Centro sociosanitario') ON DUPLICATE KEY UPDATE sample_type = '1', collection_ward = 'Centro sociosanitario'; 
INSERT INTO phenotypic_data(phenotypic_data_id, isolate_id, ecdc_resistance_profile, cloxa_test, mbl_test) VALUES ('549', '671', 'S', '-', '-') ON DUPLICATE KEY UPDATE ecdc_resistance_profile = 'S', cloxa_test = '-', mbl_test = '-'; 
INSERT INTO sequence_analysis(sequence_analysis_id, isolate_id, ame_loci, beta_lactamase_loci, carbapenemase_loci, other_acq_ab_loci) VALUES ('671', '671', '-', '-', '-', '-') ON DUPLICATE KEY UPDATE ame_loci = '-', beta_lactamase_loci = '-', carbapenemase_loci = '-', other_acq_ab_loci = '-'; 
INSERT INTO metadata_general(isolate_id, isolate_name, species, project_name) VALUES ('672', 'CAT04-008', 'Pseudomonas aeruginosa', 'GEMARA') ON DUPLICATE KEY UPDATE isolate_name = 'CAT04-008', species = 'Pseudomonas aeruginosa', project_name = 'GEMARA'; 
INSERT INTO metadata_clinic(clinic_id, isolate_id, sample_type, collection_ward) VALUES ('550', '672', '1', 'Centro sociosanitario') ON DUPLICATE KEY UPDATE sample_type = '1', collection_ward = 'Centro sociosanitario'; 
INSERT INTO phenotypic_data(phenotypic_data_id, isolate_id, ecdc_resistance_profile, cloxa_test, mbl_test) VALUES ('550', '672', 'S', '-', '-') ON DUPLICATE KEY UPDATE ecdc_resistance_profile = 'S', cloxa_test = '-', mbl_test = '-'; 
INSERT INTO sequence_analysis(sequence_analysis_id, isolate_id, ame_loci, beta_lactamase_loci, carbapenemase_loci, other_acq_ab_loci) VALUES ('672', '672', '-', '-', '-', '-') ON DUPLICATE KEY UPDATE ame_loci = '-', beta_lactamase_loci = '-', carbapenemase_loci = '-', other_acq_ab_loci = '-'; 
INSERT INTO metadata_general(isolate_id, isolate_name, species, project_name) VALUES ('673', 'CAT04-010', 'Pseudomonas aeruginosa', 'GEMARA') ON DUPLICATE KEY UPDATE isolate_name = 'CAT04-010', species = 'Pseudomonas aeruginosa', project_name = 'GEMARA'; 
INSERT INTO metadata_clinic(clinic_id, isolate_id, sample_type, collection_ward) VALUES ('551', '673', '15', 'Servicios quirúrgicos adultos') ON DUPLICATE KEY UPDATE sample_type = '15', collection_ward = 'Servicios quirúrgicos adultos'; 
INSERT INTO phenotypic_data(phenotypic_data_id, isolate_id, ecdc_resistance_profile, cloxa_test, mbl_test) VALUES ('551', '673', 'S', '-', '-') ON DUPLICATE KEY UPDATE ecdc_resistance_profile = 'S', cloxa_test = '-', mbl_test = '-'; 
INSERT INTO sequence_analysis(sequence_analysis_id, isolate_id, ame_loci, beta_lactamase_loci, carbapenemase_loci, other_acq_ab_loci) VALUES ('673', '673', '-', '-', '-', '-') ON DUPLICATE KEY UPDATE ame_loci = '-', beta_lactamase_loci = '-', carbapenemase_loci = '-', other_acq_ab_loci = '-'; 
INSERT INTO metadata_general(isolate_id, isolate_name, species, project_name) VALUES ('674', 'CAT04-020', 'Pseudomonas aeruginosa', 'GEMARA') ON DUPLICATE KEY UPDATE isolate_name = 'CAT04-020', species = 'Pseudomonas aeruginosa', project_name = 'GEMARA'; 
INSERT INTO metadata_clinic(clinic_id, isolate_id, sample_type, collection_ward) VALUES ('552', '674', '1', 'Urgencias adultos') ON DUPLICATE KEY UPDATE sample_type = '1', collection_ward = 'Urgencias adultos'; 
INSERT INTO phenotypic_data(phenotypic_data_id, isolate_id, ecdc_resistance_profile, cloxa_test, mbl_test) VALUES ('552', '674', 'S', '-', '-') ON DUPLICATE KEY UPDATE ecdc_resistance_profile = 'S', cloxa_test = '-', mbl_test = '-'; 
INSERT INTO sequence_analysis(sequence_analysis_id, isolate_id, ame_loci, beta_lactamase_loci, carbapenemase_loci, other_acq_ab_loci) VALUES ('674', '674', '-', '-', '-', '-') ON DUPLICATE KEY UPDATE ame_loci = '-', beta_lactamase_loci = '-', carbapenemase_loci = '-', other_acq_ab_loci = '-'; 
INSERT INTO metadata_general(isolate_id, isolate_name, species, project_name) VALUES ('675', 'CAT04-022', 'Pseudomonas aeruginosa', 'GEMARA') ON DUPLICATE KEY UPDATE isolate_name = 'CAT04-022', species = 'Pseudomonas aeruginosa', project_name = 'GEMARA'; 
INSERT INTO metadata_clinic(clinic_id, isolate_id, sample_type, collection_ward) VALUES ('553', '675', '9', 'Servicios médicos pediatría') ON DUPLICATE KEY UPDATE sample_type = '9', collection_ward = 'Servicios médicos pediatría'; 
INSERT INTO phenotypic_data(phenotypic_data_id, isolate_id, ecdc_resistance_profile, cloxa_test, mbl_test) VALUES ('553', '675', 'S', '-', '-') ON DUPLICATE KEY UPDATE ecdc_resistance_profile = 'S', cloxa_test = '-', mbl_test = '-'; 
INSERT INTO sequence_analysis(sequence_analysis_id, isolate_id, ame_loci, beta_lactamase_loci, carbapenemase_loci, other_acq_ab_loci) VALUES ('675', '675', '-', '-', '-', '-') ON DUPLICATE KEY UPDATE ame_loci = '-', beta_lactamase_loci = '-', carbapenemase_loci = '-', other_acq_ab_loci = '-'; 
INSERT INTO metadata_general(isolate_id, isolate_name, species, project_name) VALUES ('676', 'CAT04-023', 'Pseudomonas aeruginosa', 'GEMARA') ON DUPLICATE KEY UPDATE isolate_name = 'CAT04-023', species = 'Pseudomonas aeruginosa', project_name = 'GEMARA'; 
INSERT INTO metadata_clinic(clinic_id, isolate_id, sample_type, collection_ward) VALUES ('554', '676', '9', 'UCI Adultos') ON DUPLICATE KEY UPDATE sample_type = '9', collection_ward = 'UCI Adultos'; 
INSERT INTO phenotypic_data(phenotypic_data_id, isolate_id, ecdc_resistance_profile, cloxa_test, mbl_test) VALUES ('554', '676', 'S', '-', '-') ON DUPLICATE KEY UPDATE ecdc_resistance_profile = 'S', cloxa_test = '-', mbl_test = '-'; 
INSERT INTO sequence_analysis(sequence_analysis_id, isolate_id, ame_loci, beta_lactamase_loci, carbapenemase_loci, other_acq_ab_loci) VALUES ('676', '676', '-', '-', '-', '-') ON DUPLICATE KEY UPDATE ame_loci = '-', beta_lactamase_loci = '-', carbapenemase_loci = '-', other_acq_ab_loci = '-'; 
INSERT INTO metadata_general(isolate_id, isolate_name, species, project_name) VALUES ('677', 'CAT04-013', 'Pseudomonas aeruginosa', 'GEMARA') ON DUPLICATE KEY UPDATE isolate_name = 'CAT04-013', species = 'Pseudomonas aeruginosa', project_name = 'GEMARA'; 
INSERT INTO metadata_clinic(clinic_id, isolate_id, sample_type, collection_ward) VALUES ('555', '677', '15', 'Otros') ON DUPLICATE KEY UPDATE sample_type = '15', collection_ward = 'Otros'; 
INSERT INTO phenotypic_data(phenotypic_data_id, isolate_id, ecdc_resistance_profile, cloxa_test, mbl_test) VALUES ('555', '677', 'S', '-', '-') ON DUPLICATE KEY UPDATE ecdc_resistance_profile = 'S', cloxa_test = '-', mbl_test = '-'; 
INSERT INTO sequence_analysis(sequence_analysis_id, isolate_id, ame_loci, beta_lactamase_loci, carbapenemase_loci, other_acq_ab_loci) VALUES ('677', '677', '-', '-', '-', '-') ON DUPLICATE KEY UPDATE ame_loci = '-', beta_lactamase_loci = '-', carbapenemase_loci = '-', other_acq_ab_loci = '-'; 
INSERT INTO metadata_general(isolate_id, isolate_name, species, project_name) VALUES ('678', 'CAT04-026', 'Pseudomonas aeruginosa', 'GEMARA') ON DUPLICATE KEY UPDATE isolate_name = 'CAT04-026', species = 'Pseudomonas aeruginosa', project_name = 'GEMARA'; 
INSERT INTO metadata_clinic(clinic_id, isolate_id, sample_type, collection_ward) VALUES ('556', '678', '7', 'Servicios médicos adultos') ON DUPLICATE KEY UPDATE sample_type = '7', collection_ward = 'Servicios médicos adultos'; 
INSERT INTO phenotypic_data(phenotypic_data_id, isolate_id, ecdc_resistance_profile, cloxa_test, mbl_test) VALUES ('556', '678', 'S', '-', '-') ON DUPLICATE KEY UPDATE ecdc_resistance_profile = 'S', cloxa_test = '-', mbl_test = '-'; 
INSERT INTO sequence_analysis(sequence_analysis_id, isolate_id, ame_loci, beta_lactamase_loci, carbapenemase_loci, other_acq_ab_loci) VALUES ('678', '678', '-', '-', '-', '-') ON DUPLICATE KEY UPDATE ame_loci = '-', beta_lactamase_loci = '-', carbapenemase_loci = '-', other_acq_ab_loci = '-'; 
INSERT INTO metadata_general(isolate_id, isolate_name, species, project_name) VALUES ('679', 'CAT04-030', 'Pseudomonas aeruginosa', 'GEMARA') ON DUPLICATE KEY UPDATE isolate_name = 'CAT04-030', species = 'Pseudomonas aeruginosa', project_name = 'GEMARA'; 
INSERT INTO metadata_clinic(clinic_id, isolate_id, sample_type, collection_ward) VALUES ('557', '679', '15', 'Servicios quirúrgicos adultos') ON DUPLICATE KEY UPDATE sample_type = '15', collection_ward = 'Servicios quirúrgicos adultos'; 
INSERT INTO phenotypic_data(phenotypic_data_id, isolate_id, ecdc_resistance_profile, cloxa_test, mbl_test) VALUES ('557', '679', 'S', '-', '-') ON DUPLICATE KEY UPDATE ecdc_resistance_profile = 'S', cloxa_test = '-', mbl_test = '-'; 
INSERT INTO sequence_analysis(sequence_analysis_id, isolate_id, ame_loci, beta_lactamase_loci, carbapenemase_loci, other_acq_ab_loci) VALUES ('679', '679', '-', '-', '-', '-') ON DUPLICATE KEY UPDATE ame_loci = '-', beta_lactamase_loci = '-', carbapenemase_loci = '-', other_acq_ab_loci = '-'; 
INSERT INTO metadata_general(isolate_id, isolate_name, species, project_name) VALUES ('680', 'CAT04-011', 'Pseudomonas aeruginosa', 'GEMARA') ON DUPLICATE KEY UPDATE isolate_name = 'CAT04-011', species = 'Pseudomonas aeruginosa', project_name = 'GEMARA'; 
INSERT INTO metadata_clinic(clinic_id, isolate_id, sample_type, collection_ward) VALUES ('558', '680', '2', 'Servicios médicos adultos') ON DUPLICATE KEY UPDATE sample_type = '2', collection_ward = 'Servicios médicos adultos'; 
INSERT INTO phenotypic_data(phenotypic_data_id, isolate_id, ecdc_resistance_profile, cloxa_test, mbl_test) VALUES ('558', '680', 'S', '-', '-') ON DUPLICATE KEY UPDATE ecdc_resistance_profile = 'S', cloxa_test = '-', mbl_test = '-'; 
INSERT INTO sequence_analysis(sequence_analysis_id, isolate_id, ame_loci, beta_lactamase_loci, carbapenemase_loci, other_acq_ab_loci) VALUES ('680', '680', '-', '-', '-', '-') ON DUPLICATE KEY UPDATE ame_loci = '-', beta_lactamase_loci = '-', carbapenemase_loci = '-', other_acq_ab_loci = '-'; 
INSERT INTO metadata_general(isolate_id, isolate_name, species, project_name) VALUES ('681', 'CAT04-009', 'Pseudomonas aeruginosa', 'GEMARA') ON DUPLICATE KEY UPDATE isolate_name = 'CAT04-009', species = 'Pseudomonas aeruginosa', project_name = 'GEMARA'; 
INSERT INTO metadata_clinic(clinic_id, isolate_id, sample_type, collection_ward) VALUES ('559', '681', '6', 'Servicios quirúrgicos adultos') ON DUPLICATE KEY UPDATE sample_type = '6', collection_ward = 'Servicios quirúrgicos adultos'; 
INSERT INTO phenotypic_data(phenotypic_data_id, isolate_id, ecdc_resistance_profile, cloxa_test, mbl_test) VALUES ('559', '681', 'S', '-', '-') ON DUPLICATE KEY UPDATE ecdc_resistance_profile = 'S', cloxa_test = '-', mbl_test = '-'; 
INSERT INTO sequence_analysis(sequence_analysis_id, isolate_id, ame_loci, beta_lactamase_loci, carbapenemase_loci, other_acq_ab_loci) VALUES ('681', '681', '-', '-', '-', '-') ON DUPLICATE KEY UPDATE ame_loci = '-', beta_lactamase_loci = '-', carbapenemase_loci = '-', other_acq_ab_loci = '-'; 
INSERT INTO metadata_general(isolate_id, isolate_name, species, project_name) VALUES ('682', 'CAT04-021', 'Pseudomonas aeruginosa', 'GEMARA') ON DUPLICATE KEY UPDATE isolate_name = 'CAT04-021', species = 'Pseudomonas aeruginosa', project_name = 'GEMARA'; 
INSERT INTO metadata_clinic(clinic_id, isolate_id, sample_type, collection_ward) VALUES ('560', '682', '1', 'Urgencias adultos') ON DUPLICATE KEY UPDATE sample_type = '1', collection_ward = 'Urgencias adultos'; 
INSERT INTO phenotypic_data(phenotypic_data_id, isolate_id, ecdc_resistance_profile, cloxa_test, mbl_test) VALUES ('560', '682', 'S', '-', '-') ON DUPLICATE KEY UPDATE ecdc_resistance_profile = 'S', cloxa_test = '-', mbl_test = '-'; 
INSERT INTO sequence_analysis(sequence_analysis_id, isolate_id, ame_loci, beta_lactamase_loci, carbapenemase_loci, other_acq_ab_loci) VALUES ('682', '682', '-', '-', '-', '-') ON DUPLICATE KEY UPDATE ame_loci = '-', beta_lactamase_loci = '-', carbapenemase_loci = '-', other_acq_ab_loci = '-'; 
INSERT INTO metadata_general(isolate_id, isolate_name, species, project_name) VALUES ('683', 'CAT04-003', 'Pseudomonas aeruginosa', 'GEMARA') ON DUPLICATE KEY UPDATE isolate_name = 'CAT04-003', species = 'Pseudomonas aeruginosa', project_name = 'GEMARA'; 
INSERT INTO metadata_clinic(clinic_id, isolate_id, sample_type, collection_ward) VALUES ('561', '683', '1', 'Servicios médicos adultos') ON DUPLICATE KEY UPDATE sample_type = '1', collection_ward = 'Servicios médicos adultos'; 
INSERT INTO phenotypic_data(phenotypic_data_id, isolate_id, ecdc_resistance_profile, cloxa_test, mbl_test) VALUES ('561', '683', 'S', '-', '-') ON DUPLICATE KEY UPDATE ecdc_resistance_profile = 'S', cloxa_test = '-', mbl_test = '-'; 
INSERT INTO sequence_analysis(sequence_analysis_id, isolate_id, ame_loci, beta_lactamase_loci, carbapenemase_loci, other_acq_ab_loci) VALUES ('683', '683', '-', '-', '-', '-') ON DUPLICATE KEY UPDATE ame_loci = '-', beta_lactamase_loci = '-', carbapenemase_loci = '-', other_acq_ab_loci = '-'; 
INSERT INTO metadata_general(isolate_id, isolate_name, species, project_name) VALUES ('684', 'CAT04-004', 'Pseudomonas aeruginosa', 'GEMARA') ON DUPLICATE KEY UPDATE isolate_name = 'CAT04-004', species = 'Pseudomonas aeruginosa', project_name = 'GEMARA'; 
INSERT INTO metadata_clinic(clinic_id, isolate_id, sample_type, collection_ward) VALUES ('562', '684', '8', 'Servicios quirúrgicos adultos') ON DUPLICATE KEY UPDATE sample_type = '8', collection_ward = 'Servicios quirúrgicos adultos'; 
INSERT INTO phenotypic_data(phenotypic_data_id, isolate_id, ecdc_resistance_profile, cloxa_test, mbl_test) VALUES ('562', '684', 'S', '-', '-') ON DUPLICATE KEY UPDATE ecdc_resistance_profile = 'S', cloxa_test = '-', mbl_test = '-'; 
INSERT INTO sequence_analysis(sequence_analysis_id, isolate_id, ame_loci, beta_lactamase_loci, carbapenemase_loci, other_acq_ab_loci) VALUES ('684', '684', '-', '-', '-', '-') ON DUPLICATE KEY UPDATE ame_loci = '-', beta_lactamase_loci = '-', carbapenemase_loci = '-', other_acq_ab_loci = '-'; 
INSERT INTO metadata_general(isolate_id, isolate_name, species, project_name) VALUES ('685', 'CAT04-005', 'Pseudomonas aeruginosa', 'GEMARA') ON DUPLICATE KEY UPDATE isolate_name = 'CAT04-005', species = 'Pseudomonas aeruginosa', project_name = 'GEMARA'; 
INSERT INTO metadata_clinic(clinic_id, isolate_id, sample_type, collection_ward) VALUES ('563', '685', '22', 'Consultas externas') ON DUPLICATE KEY UPDATE sample_type = '22', collection_ward = 'Consultas externas'; 
INSERT INTO phenotypic_data(phenotypic_data_id, isolate_id, ecdc_resistance_profile, cloxa_test, mbl_test) VALUES ('563', '685', 'S', '-', '-') ON DUPLICATE KEY UPDATE ecdc_resistance_profile = 'S', cloxa_test = '-', mbl_test = '-'; 
INSERT INTO sequence_analysis(sequence_analysis_id, isolate_id, ame_loci, beta_lactamase_loci, carbapenemase_loci, other_acq_ab_loci) VALUES ('685', '685', '-', '-', '-', '-') ON DUPLICATE KEY UPDATE ame_loci = '-', beta_lactamase_loci = '-', carbapenemase_loci = '-', other_acq_ab_loci = '-'; 
INSERT INTO metadata_general(isolate_id, isolate_name, species, project_name) VALUES ('686', 'CAT04-017', 'Pseudomonas aeruginosa', 'GEMARA') ON DUPLICATE KEY UPDATE isolate_name = 'CAT04-017', species = 'Pseudomonas aeruginosa', project_name = 'GEMARA'; 
INSERT INTO metadata_clinic(clinic_id, isolate_id, sample_type, collection_ward) VALUES ('564', '686', '1', 'Urgencias adultos') ON DUPLICATE KEY UPDATE sample_type = '1', collection_ward = 'Urgencias adultos'; 
INSERT INTO phenotypic_data(phenotypic_data_id, isolate_id, ecdc_resistance_profile, cloxa_test, mbl_test) VALUES ('564', '686', 'S', '-', '-') ON DUPLICATE KEY UPDATE ecdc_resistance_profile = 'S', cloxa_test = '-', mbl_test = '-'; 
INSERT INTO sequence_analysis(sequence_analysis_id, isolate_id, ame_loci, beta_lactamase_loci, carbapenemase_loci, other_acq_ab_loci) VALUES ('686', '686', '-', '-', '-', '-') ON DUPLICATE KEY UPDATE ame_loci = '-', beta_lactamase_loci = '-', carbapenemase_loci = '-', other_acq_ab_loci = '-'; 
INSERT INTO metadata_general(isolate_id, isolate_name, species, project_name) VALUES ('687', 'CAT04-019', 'Pseudomonas aeruginosa', 'GEMARA') ON DUPLICATE KEY UPDATE isolate_name = 'CAT04-019', species = 'Pseudomonas aeruginosa', project_name = 'GEMARA'; 
INSERT INTO metadata_clinic(clinic_id, isolate_id, sample_type, collection_ward) VALUES ('565', '687', '6', 'Servicios médicos adultos') ON DUPLICATE KEY UPDATE sample_type = '6', collection_ward = 'Servicios médicos adultos'; 
INSERT INTO phenotypic_data(phenotypic_data_id, isolate_id, ecdc_resistance_profile, cloxa_test, mbl_test) VALUES ('565', '687', 'S', '-', '-') ON DUPLICATE KEY UPDATE ecdc_resistance_profile = 'S', cloxa_test = '-', mbl_test = '-'; 
INSERT INTO sequence_analysis(sequence_analysis_id, isolate_id, ame_loci, beta_lactamase_loci, carbapenemase_loci, other_acq_ab_loci) VALUES ('687', '687', '-', '-', '-', '-') ON DUPLICATE KEY UPDATE ame_loci = '-', beta_lactamase_loci = '-', carbapenemase_loci = '-', other_acq_ab_loci = '-'; 
INSERT INTO metadata_general(isolate_id, isolate_name, species, project_name) VALUES ('688', 'CAT04-028', 'Pseudomonas aeruginosa', 'GEMARA') ON DUPLICATE KEY UPDATE isolate_name = 'CAT04-028', species = 'Pseudomonas aeruginosa', project_name = 'GEMARA'; 
INSERT INTO metadata_clinic(clinic_id, isolate_id, sample_type, collection_ward) VALUES ('566', '688', '1', 'Servicios médicos adultos') ON DUPLICATE KEY UPDATE sample_type = '1', collection_ward = 'Servicios médicos adultos'; 
INSERT INTO phenotypic_data(phenotypic_data_id, isolate_id, ecdc_resistance_profile, cloxa_test, mbl_test) VALUES ('566', '688', 'S', '-', '-') ON DUPLICATE KEY UPDATE ecdc_resistance_profile = 'S', cloxa_test = '-', mbl_test = '-'; 
INSERT INTO sequence_analysis(sequence_analysis_id, isolate_id, ame_loci, beta_lactamase_loci, carbapenemase_loci, other_acq_ab_loci) VALUES ('688', '688', '-', '-', '-', '-') ON DUPLICATE KEY UPDATE ame_loci = '-', beta_lactamase_loci = '-', carbapenemase_loci = '-', other_acq_ab_loci = '-'; 
INSERT INTO metadata_general(isolate_id, isolate_name, species, project_name) VALUES ('689', 'CAT04-029', 'Pseudomonas aeruginosa', 'GEMARA') ON DUPLICATE KEY UPDATE isolate_name = 'CAT04-029', species = 'Pseudomonas aeruginosa', project_name = 'GEMARA'; 
INSERT INTO metadata_clinic(clinic_id, isolate_id, sample_type, collection_ward) VALUES ('567', '689', '15', 'Servicios quirúrgicos adultos') ON DUPLICATE KEY UPDATE sample_type = '15', collection_ward = 'Servicios quirúrgicos adultos'; 
INSERT INTO phenotypic_data(phenotypic_data_id, isolate_id, ecdc_resistance_profile, cloxa_test, mbl_test) VALUES ('567', '689', 'S', '-', '-') ON DUPLICATE KEY UPDATE ecdc_resistance_profile = 'S', cloxa_test = '-', mbl_test = '-'; 
INSERT INTO sequence_analysis(sequence_analysis_id, isolate_id, ame_loci, beta_lactamase_loci, carbapenemase_loci, other_acq_ab_loci) VALUES ('689', '689', '-', '-', '-', '-') ON DUPLICATE KEY UPDATE ame_loci = '-', beta_lactamase_loci = '-', carbapenemase_loci = '-', other_acq_ab_loci = '-'; 
INSERT INTO metadata_general(isolate_id, isolate_name, species, project_name) VALUES ('66', 'CAT04-032', 'Pseudomonas aeruginosa', 'GEMARA') ON DUPLICATE KEY UPDATE isolate_name = 'CAT04-032', species = 'Pseudomonas aeruginosa', project_name = 'GEMARA'; 
INSERT INTO metadata_clinic(clinic_id, isolate_id, sample_type, collection_ward) VALUES ('568', '66', '1', 'Servicios médicos adultos') ON DUPLICATE KEY UPDATE sample_type = '1', collection_ward = 'Servicios médicos adultos'; 
INSERT INTO phenotypic_data(phenotypic_data_id, isolate_id, ecdc_resistance_profile, cloxa_test, mbl_test) VALUES ('568', '66', 'XDR', '+/+', '-') ON DUPLICATE KEY UPDATE ecdc_resistance_profile = 'XDR', cloxa_test = '+/+', mbl_test = '-'; 
INSERT INTO sequence_analysis(sequence_analysis_id, isolate_id, ame_loci, beta_lactamase_loci, carbapenemase_loci, other_acq_ab_loci) VALUES ('66', '66', 'aadB', '-', '-', '-') ON DUPLICATE KEY UPDATE ame_loci = 'aadB', beta_lactamase_loci = '-', carbapenemase_loci = '-', other_acq_ab_loci = '-'; 
INSERT INTO metadata_general(isolate_id, isolate_name, species, project_name) VALUES ('64', 'CAT04-001', 'Pseudomonas aeruginosa', 'GEMARA') ON DUPLICATE KEY UPDATE isolate_name = 'CAT04-001', species = 'Pseudomonas aeruginosa', project_name = 'GEMARA'; 
INSERT INTO metadata_clinic(clinic_id, isolate_id, sample_type, collection_ward) VALUES ('569', '64', '16', 'Servicios quirúrgicos adultos') ON DUPLICATE KEY UPDATE sample_type = '16', collection_ward = 'Servicios quirúrgicos adultos'; 
INSERT INTO phenotypic_data(phenotypic_data_id, isolate_id, ecdc_resistance_profile, cloxa_test, mbl_test) VALUES ('569', '64', 'XDR', '+/+', '-') ON DUPLICATE KEY UPDATE ecdc_resistance_profile = 'XDR', cloxa_test = '+/+', mbl_test = '-'; 
INSERT INTO sequence_analysis(sequence_analysis_id, isolate_id, ame_loci, beta_lactamase_loci, carbapenemase_loci, other_acq_ab_loci) VALUES ('64', '64', '-', '-', '-', '-') ON DUPLICATE KEY UPDATE ame_loci = '-', beta_lactamase_loci = '-', carbapenemase_loci = '-', other_acq_ab_loci = '-'; 
INSERT INTO metadata_general(isolate_id, isolate_name, species, project_name) VALUES ('65', 'CAT04-016', 'Pseudomonas aeruginosa', 'GEMARA') ON DUPLICATE KEY UPDATE isolate_name = 'CAT04-016', species = 'Pseudomonas aeruginosa', project_name = 'GEMARA'; 
INSERT INTO metadata_clinic(clinic_id, isolate_id, sample_type, collection_ward) VALUES ('570', '65', '15', 'UCI Adultos') ON DUPLICATE KEY UPDATE sample_type = '15', collection_ward = 'UCI Adultos'; 
INSERT INTO phenotypic_data(phenotypic_data_id, isolate_id, ecdc_resistance_profile, cloxa_test, mbl_test) VALUES ('570', '65', 'XDR', '-/+', '-') ON DUPLICATE KEY UPDATE ecdc_resistance_profile = 'XDR', cloxa_test = '-/+', mbl_test = '-'; 
INSERT INTO sequence_analysis(sequence_analysis_id, isolate_id, ame_loci, beta_lactamase_loci, carbapenemase_loci, other_acq_ab_loci) VALUES ('65', '65', '-', '-', '-', '-') ON DUPLICATE KEY UPDATE ame_loci = '-', beta_lactamase_loci = '-', carbapenemase_loci = '-', other_acq_ab_loci = '-'; 
INSERT INTO metadata_general(isolate_id, isolate_name, species, project_name) VALUES ('690', 'CAT05-002', 'Pseudomonas aeruginosa', 'GEMARA') ON DUPLICATE KEY UPDATE isolate_name = 'CAT05-002', species = 'Pseudomonas aeruginosa', project_name = 'GEMARA'; 
INSERT INTO metadata_clinic(clinic_id, isolate_id, sample_type, collection_ward) VALUES ('571', '690', '20', 'UCI Adultos') ON DUPLICATE KEY UPDATE sample_type = '20', collection_ward = 'UCI Adultos'; 
INSERT INTO phenotypic_data(phenotypic_data_id, isolate_id, ecdc_resistance_profile, cloxa_test, mbl_test) VALUES ('571', '690', 'MDR', '-', '-') ON DUPLICATE KEY UPDATE ecdc_resistance_profile = 'MDR', cloxa_test = '-', mbl_test = '-'; 
INSERT INTO sequence_analysis(sequence_analysis_id, isolate_id, ame_loci, beta_lactamase_loci, carbapenemase_loci, other_acq_ab_loci) VALUES ('690', '690', '-', '-', '-', '-') ON DUPLICATE KEY UPDATE ame_loci = '-', beta_lactamase_loci = '-', carbapenemase_loci = '-', other_acq_ab_loci = '-'; 
INSERT INTO metadata_general(isolate_id, isolate_name, species, project_name) VALUES ('691', 'CAT05-006', 'Pseudomonas aeruginosa', 'GEMARA') ON DUPLICATE KEY UPDATE isolate_name = 'CAT05-006', species = 'Pseudomonas aeruginosa', project_name = 'GEMARA'; 
INSERT INTO metadata_clinic(clinic_id, isolate_id, sample_type, collection_ward) VALUES ('572', '691', '7', 'Servicios médicos adultos') ON DUPLICATE KEY UPDATE sample_type = '7', collection_ward = 'Servicios médicos adultos'; 
INSERT INTO phenotypic_data(phenotypic_data_id, isolate_id, ecdc_resistance_profile, cloxa_test, mbl_test) VALUES ('572', '691', 'MDR', '-', '-') ON DUPLICATE KEY UPDATE ecdc_resistance_profile = 'MDR', cloxa_test = '-', mbl_test = '-'; 
INSERT INTO sequence_analysis(sequence_analysis_id, isolate_id, ame_loci, beta_lactamase_loci, carbapenemase_loci, other_acq_ab_loci) VALUES ('691', '691', '-', '-', '-', '-') ON DUPLICATE KEY UPDATE ame_loci = '-', beta_lactamase_loci = '-', carbapenemase_loci = '-', other_acq_ab_loci = '-'; 
INSERT INTO metadata_general(isolate_id, isolate_name, species, project_name) VALUES ('692', 'CAT05-024', 'Pseudomonas aeruginosa', 'GEMARA') ON DUPLICATE KEY UPDATE isolate_name = 'CAT05-024', species = 'Pseudomonas aeruginosa', project_name = 'GEMARA'; 
INSERT INTO metadata_clinic(clinic_id, isolate_id, sample_type, collection_ward) VALUES ('573', '692', '1', 'UCI Adultos') ON DUPLICATE KEY UPDATE sample_type = '1', collection_ward = 'UCI Adultos'; 
INSERT INTO phenotypic_data(phenotypic_data_id, isolate_id, ecdc_resistance_profile, cloxa_test, mbl_test) VALUES ('573', '692', 'MDR', '-', '-') ON DUPLICATE KEY UPDATE ecdc_resistance_profile = 'MDR', cloxa_test = '-', mbl_test = '-'; 
INSERT INTO sequence_analysis(sequence_analysis_id, isolate_id, ame_loci, beta_lactamase_loci, carbapenemase_loci, other_acq_ab_loci) VALUES ('692', '692', '-', '-', '-', '-') ON DUPLICATE KEY UPDATE ame_loci = '-', beta_lactamase_loci = '-', carbapenemase_loci = '-', other_acq_ab_loci = '-'; 
INSERT INTO metadata_general(isolate_id, isolate_name, species, project_name) VALUES ('693', 'CAT05-009', 'Pseudomonas aeruginosa', 'GEMARA') ON DUPLICATE KEY UPDATE isolate_name = 'CAT05-009', species = 'Pseudomonas aeruginosa', project_name = 'GEMARA'; 
INSERT INTO metadata_clinic(clinic_id, isolate_id, sample_type, collection_ward) VALUES ('574', '693', '1', 'Servicios médicos adultos') ON DUPLICATE KEY UPDATE sample_type = '1', collection_ward = 'Servicios médicos adultos'; 
INSERT INTO phenotypic_data(phenotypic_data_id, isolate_id, ecdc_resistance_profile, cloxa_test, mbl_test) VALUES ('574', '693', 'S', '-', '-') ON DUPLICATE KEY UPDATE ecdc_resistance_profile = 'S', cloxa_test = '-', mbl_test = '-'; 
INSERT INTO sequence_analysis(sequence_analysis_id, isolate_id, ame_loci, beta_lactamase_loci, carbapenemase_loci, other_acq_ab_loci) VALUES ('693', '693', '-', '-', '-', '-') ON DUPLICATE KEY UPDATE ame_loci = '-', beta_lactamase_loci = '-', carbapenemase_loci = '-', other_acq_ab_loci = '-'; 
INSERT INTO metadata_general(isolate_id, isolate_name, species, project_name) VALUES ('694', 'CAT05-027', 'Pseudomonas aeruginosa', 'GEMARA') ON DUPLICATE KEY UPDATE isolate_name = 'CAT05-027', species = 'Pseudomonas aeruginosa', project_name = 'GEMARA'; 
INSERT INTO metadata_clinic(clinic_id, isolate_id, sample_type, collection_ward) VALUES ('575', '694', '1', 'Servicios médicos adultos') ON DUPLICATE KEY UPDATE sample_type = '1', collection_ward = 'Servicios médicos adultos'; 
INSERT INTO phenotypic_data(phenotypic_data_id, isolate_id, ecdc_resistance_profile, cloxa_test, mbl_test) VALUES ('575', '694', 'S', '-', '-') ON DUPLICATE KEY UPDATE ecdc_resistance_profile = 'S', cloxa_test = '-', mbl_test = '-'; 
INSERT INTO sequence_analysis(sequence_analysis_id, isolate_id, ame_loci, beta_lactamase_loci, carbapenemase_loci, other_acq_ab_loci) VALUES ('694', '694', '-', '-', '-', '-') ON DUPLICATE KEY UPDATE ame_loci = '-', beta_lactamase_loci = '-', carbapenemase_loci = '-', other_acq_ab_loci = '-'; 
INSERT INTO metadata_general(isolate_id, isolate_name, species, project_name) VALUES ('695', 'CAT05-003', 'Pseudomonas aeruginosa', 'GEMARA') ON DUPLICATE KEY UPDATE isolate_name = 'CAT05-003', species = 'Pseudomonas aeruginosa', project_name = 'GEMARA'; 
INSERT INTO metadata_clinic(clinic_id, isolate_id, sample_type, collection_ward) VALUES ('576', '695', '9', 'Urgencias adultos') ON DUPLICATE KEY UPDATE sample_type = '9', collection_ward = 'Urgencias adultos'; 
INSERT INTO phenotypic_data(phenotypic_data_id, isolate_id, ecdc_resistance_profile, cloxa_test, mbl_test) VALUES ('576', '695', 'S', '-', '-') ON DUPLICATE KEY UPDATE ecdc_resistance_profile = 'S', cloxa_test = '-', mbl_test = '-'; 
INSERT INTO sequence_analysis(sequence_analysis_id, isolate_id, ame_loci, beta_lactamase_loci, carbapenemase_loci, other_acq_ab_loci) VALUES ('695', '695', '-', '-', '-', '-') ON DUPLICATE KEY UPDATE ame_loci = '-', beta_lactamase_loci = '-', carbapenemase_loci = '-', other_acq_ab_loci = '-'; 
INSERT INTO metadata_general(isolate_id, isolate_name, species, project_name) VALUES ('696', 'CAT05-031', 'Pseudomonas aeruginosa', 'GEMARA') ON DUPLICATE KEY UPDATE isolate_name = 'CAT05-031', species = 'Pseudomonas aeruginosa', project_name = 'GEMARA'; 
INSERT INTO metadata_clinic(clinic_id, isolate_id, sample_type, collection_ward) VALUES ('577', '696', '10', 'Urgencias adultos') ON DUPLICATE KEY UPDATE sample_type = '10', collection_ward = 'Urgencias adultos'; 
INSERT INTO phenotypic_data(phenotypic_data_id, isolate_id, ecdc_resistance_profile, cloxa_test, mbl_test) VALUES ('577', '696', 'S', '-', '-') ON DUPLICATE KEY UPDATE ecdc_resistance_profile = 'S', cloxa_test = '-', mbl_test = '-'; 
INSERT INTO sequence_analysis(sequence_analysis_id, isolate_id, ame_loci, beta_lactamase_loci, carbapenemase_loci, other_acq_ab_loci) VALUES ('696', '696', '-', '-', '-', '-') ON DUPLICATE KEY UPDATE ame_loci = '-', beta_lactamase_loci = '-', carbapenemase_loci = '-', other_acq_ab_loci = '-'; 
INSERT INTO metadata_general(isolate_id, isolate_name, species, project_name) VALUES ('697', 'CAT05-018', 'Pseudomonas aeruginosa', 'GEMARA') ON DUPLICATE KEY UPDATE isolate_name = 'CAT05-018', species = 'Pseudomonas aeruginosa', project_name = 'GEMARA'; 
INSERT INTO metadata_clinic(clinic_id, isolate_id, sample_type, collection_ward) VALUES ('578', '697', '9', 'Servicios médicos adultos') ON DUPLICATE KEY UPDATE sample_type = '9', collection_ward = 'Servicios médicos adultos'; 
INSERT INTO phenotypic_data(phenotypic_data_id, isolate_id, ecdc_resistance_profile, cloxa_test, mbl_test) VALUES ('578', '697', 'S', '-', '-') ON DUPLICATE KEY UPDATE ecdc_resistance_profile = 'S', cloxa_test = '-', mbl_test = '-'; 
INSERT INTO sequence_analysis(sequence_analysis_id, isolate_id, ame_loci, beta_lactamase_loci, carbapenemase_loci, other_acq_ab_loci) VALUES ('697', '697', '-', '-', '-', '-') ON DUPLICATE KEY UPDATE ame_loci = '-', beta_lactamase_loci = '-', carbapenemase_loci = '-', other_acq_ab_loci = '-'; 
INSERT INTO metadata_general(isolate_id, isolate_name, species, project_name) VALUES ('698', 'CAT05-020', 'Pseudomonas aeruginosa', 'GEMARA') ON DUPLICATE KEY UPDATE isolate_name = 'CAT05-020', species = 'Pseudomonas aeruginosa', project_name = 'GEMARA'; 
INSERT INTO metadata_clinic(clinic_id, isolate_id, sample_type, collection_ward) VALUES ('579', '698', '7', 'Servicios médicos adultos') ON DUPLICATE KEY UPDATE sample_type = '7', collection_ward = 'Servicios médicos adultos'; 
INSERT INTO phenotypic_data(phenotypic_data_id, isolate_id, ecdc_resistance_profile, cloxa_test, mbl_test) VALUES ('579', '698', 'S', '-', '-') ON DUPLICATE KEY UPDATE ecdc_resistance_profile = 'S', cloxa_test = '-', mbl_test = '-'; 
INSERT INTO sequence_analysis(sequence_analysis_id, isolate_id, ame_loci, beta_lactamase_loci, carbapenemase_loci, other_acq_ab_loci) VALUES ('698', '698', '-', '-', '-', '-') ON DUPLICATE KEY UPDATE ame_loci = '-', beta_lactamase_loci = '-', carbapenemase_loci = '-', other_acq_ab_loci = '-'; 
INSERT INTO metadata_general(isolate_id, isolate_name, species, project_name) VALUES ('699', 'CAT05-022', 'Pseudomonas aeruginosa', 'GEMARA') ON DUPLICATE KEY UPDATE isolate_name = 'CAT05-022', species = 'Pseudomonas aeruginosa', project_name = 'GEMARA'; 
INSERT INTO metadata_clinic(clinic_id, isolate_id, sample_type, collection_ward) VALUES ('580', '699', '17', 'Servicios quirúrgicos adultos') ON DUPLICATE KEY UPDATE sample_type = '17', collection_ward = 'Servicios quirúrgicos adultos'; 
INSERT INTO phenotypic_data(phenotypic_data_id, isolate_id, ecdc_resistance_profile, cloxa_test, mbl_test) VALUES ('580', '699', 'S', '-', '-') ON DUPLICATE KEY UPDATE ecdc_resistance_profile = 'S', cloxa_test = '-', mbl_test = '-'; 
INSERT INTO sequence_analysis(sequence_analysis_id, isolate_id, ame_loci, beta_lactamase_loci, carbapenemase_loci, other_acq_ab_loci) VALUES ('699', '699', '-', '-', '-', '-') ON DUPLICATE KEY UPDATE ame_loci = '-', beta_lactamase_loci = '-', carbapenemase_loci = '-', other_acq_ab_loci = '-'; 
INSERT INTO metadata_general(isolate_id, isolate_name, species, project_name) VALUES ('700', 'CAT05-011', 'Pseudomonas aeruginosa', 'GEMARA') ON DUPLICATE KEY UPDATE isolate_name = 'CAT05-011', species = 'Pseudomonas aeruginosa', project_name = 'GEMARA'; 
INSERT INTO metadata_clinic(clinic_id, isolate_id, sample_type, collection_ward) VALUES ('581', '700', '9', 'Servicios quirúrgicos adultos') ON DUPLICATE KEY UPDATE sample_type = '9', collection_ward = 'Servicios quirúrgicos adultos'; 
INSERT INTO phenotypic_data(phenotypic_data_id, isolate_id, ecdc_resistance_profile, cloxa_test, mbl_test) VALUES ('581', '700', 'S', '-', '-') ON DUPLICATE KEY UPDATE ecdc_resistance_profile = 'S', cloxa_test = '-', mbl_test = '-'; 
INSERT INTO sequence_analysis(sequence_analysis_id, isolate_id, ame_loci, beta_lactamase_loci, carbapenemase_loci, other_acq_ab_loci) VALUES ('700', '700', '-', '-', '-', '-') ON DUPLICATE KEY UPDATE ame_loci = '-', beta_lactamase_loci = '-', carbapenemase_loci = '-', other_acq_ab_loci = '-'; 
INSERT INTO metadata_general(isolate_id, isolate_name, species, project_name) VALUES ('701', 'CAT05-023', 'Pseudomonas aeruginosa', 'GEMARA') ON DUPLICATE KEY UPDATE isolate_name = 'CAT05-023', species = 'Pseudomonas aeruginosa', project_name = 'GEMARA'; 
INSERT INTO metadata_clinic(clinic_id, isolate_id, sample_type, collection_ward) VALUES ('582', '701', '9', 'Servicios quirúrgicos adultos') ON DUPLICATE KEY UPDATE sample_type = '9', collection_ward = 'Servicios quirúrgicos adultos'; 
INSERT INTO phenotypic_data(phenotypic_data_id, isolate_id, ecdc_resistance_profile, cloxa_test, mbl_test) VALUES ('582', '701', 'S', '-', '-') ON DUPLICATE KEY UPDATE ecdc_resistance_profile = 'S', cloxa_test = '-', mbl_test = '-'; 
INSERT INTO sequence_analysis(sequence_analysis_id, isolate_id, ame_loci, beta_lactamase_loci, carbapenemase_loci, other_acq_ab_loci) VALUES ('701', '701', '-', '-', '-', '-') ON DUPLICATE KEY UPDATE ame_loci = '-', beta_lactamase_loci = '-', carbapenemase_loci = '-', other_acq_ab_loci = '-'; 
INSERT INTO metadata_general(isolate_id, isolate_name, species, project_name) VALUES ('702', 'CAT05-025', 'Pseudomonas aeruginosa', 'GEMARA') ON DUPLICATE KEY UPDATE isolate_name = 'CAT05-025', species = 'Pseudomonas aeruginosa', project_name = 'GEMARA'; 
INSERT INTO metadata_clinic(clinic_id, isolate_id, sample_type, collection_ward) VALUES ('583', '702', '21', 'Servicios quirúrgicos adultos') ON DUPLICATE KEY UPDATE sample_type = '21', collection_ward = 'Servicios quirúrgicos adultos'; 
INSERT INTO phenotypic_data(phenotypic_data_id, isolate_id, ecdc_resistance_profile, cloxa_test, mbl_test) VALUES ('583', '702', 'S', '-', '-') ON DUPLICATE KEY UPDATE ecdc_resistance_profile = 'S', cloxa_test = '-', mbl_test = '-'; 
INSERT INTO sequence_analysis(sequence_analysis_id, isolate_id, ame_loci, beta_lactamase_loci, carbapenemase_loci, other_acq_ab_loci) VALUES ('702', '702', '-', '-', '-', '-') ON DUPLICATE KEY UPDATE ame_loci = '-', beta_lactamase_loci = '-', carbapenemase_loci = '-', other_acq_ab_loci = '-'; 
INSERT INTO metadata_general(isolate_id, isolate_name, species, project_name) VALUES ('703', 'CAT05-016', 'Pseudomonas aeruginosa', 'GEMARA') ON DUPLICATE KEY UPDATE isolate_name = 'CAT05-016', species = 'Pseudomonas aeruginosa', project_name = 'GEMARA'; 
INSERT INTO metadata_clinic(clinic_id, isolate_id, sample_type, collection_ward) VALUES ('584', '703', '7', 'Servicios médicos adultos') ON DUPLICATE KEY UPDATE sample_type = '7', collection_ward = 'Servicios médicos adultos'; 
INSERT INTO phenotypic_data(phenotypic_data_id, isolate_id, ecdc_resistance_profile, cloxa_test, mbl_test) VALUES ('584', '703', 'S', '-', '-') ON DUPLICATE KEY UPDATE ecdc_resistance_profile = 'S', cloxa_test = '-', mbl_test = '-'; 
INSERT INTO sequence_analysis(sequence_analysis_id, isolate_id, ame_loci, beta_lactamase_loci, carbapenemase_loci, other_acq_ab_loci) VALUES ('703', '703', '-', '-', '-', '-') ON DUPLICATE KEY UPDATE ame_loci = '-', beta_lactamase_loci = '-', carbapenemase_loci = '-', other_acq_ab_loci = '-'; 
INSERT INTO metadata_general(isolate_id, isolate_name, species, project_name) VALUES ('704', 'CAT05-010', 'Pseudomonas aeruginosa', 'GEMARA') ON DUPLICATE KEY UPDATE isolate_name = 'CAT05-010', species = 'Pseudomonas aeruginosa', project_name = 'GEMARA'; 
INSERT INTO metadata_clinic(clinic_id, isolate_id, sample_type, collection_ward) VALUES ('585', '704', '1', 'Servicios médicos adultos') ON DUPLICATE KEY UPDATE sample_type = '1', collection_ward = 'Servicios médicos adultos'; 
INSERT INTO phenotypic_data(phenotypic_data_id, isolate_id, ecdc_resistance_profile, cloxa_test, mbl_test) VALUES ('585', '704', 'S', '-', '-') ON DUPLICATE KEY UPDATE ecdc_resistance_profile = 'S', cloxa_test = '-', mbl_test = '-'; 
INSERT INTO sequence_analysis(sequence_analysis_id, isolate_id, ame_loci, beta_lactamase_loci, carbapenemase_loci, other_acq_ab_loci) VALUES ('704', '704', '-', '-', '-', '-') ON DUPLICATE KEY UPDATE ame_loci = '-', beta_lactamase_loci = '-', carbapenemase_loci = '-', other_acq_ab_loci = '-'; 
INSERT INTO metadata_general(isolate_id, isolate_name, species, project_name) VALUES ('705', 'CAT05-021', 'Pseudomonas aeruginosa', 'GEMARA') ON DUPLICATE KEY UPDATE isolate_name = 'CAT05-021', species = 'Pseudomonas aeruginosa', project_name = 'GEMARA'; 
INSERT INTO metadata_clinic(clinic_id, isolate_id, sample_type, collection_ward) VALUES ('586', '705', '23', 'Servicios quirúrgicos adultos') ON DUPLICATE KEY UPDATE sample_type = '23', collection_ward = 'Servicios quirúrgicos adultos'; 
INSERT INTO phenotypic_data(phenotypic_data_id, isolate_id, ecdc_resistance_profile, cloxa_test, mbl_test) VALUES ('586', '705', 'S', '-', '-') ON DUPLICATE KEY UPDATE ecdc_resistance_profile = 'S', cloxa_test = '-', mbl_test = '-'; 
INSERT INTO sequence_analysis(sequence_analysis_id, isolate_id, ame_loci, beta_lactamase_loci, carbapenemase_loci, other_acq_ab_loci) VALUES ('705', '705', '-', '-', '-', '-') ON DUPLICATE KEY UPDATE ame_loci = '-', beta_lactamase_loci = '-', carbapenemase_loci = '-', other_acq_ab_loci = '-'; 
INSERT INTO metadata_general(isolate_id, isolate_name, species, project_name) VALUES ('706', 'CAT05-007', 'Pseudomonas aeruginosa', 'GEMARA') ON DUPLICATE KEY UPDATE isolate_name = 'CAT05-007', species = 'Pseudomonas aeruginosa', project_name = 'GEMARA'; 
INSERT INTO metadata_clinic(clinic_id, isolate_id, sample_type, collection_ward) VALUES ('587', '706', '1', 'Servicios médicos adultos') ON DUPLICATE KEY UPDATE sample_type = '1', collection_ward = 'Servicios médicos adultos'; 
INSERT INTO phenotypic_data(phenotypic_data_id, isolate_id, ecdc_resistance_profile, cloxa_test, mbl_test) VALUES ('587', '706', 'S', '-', '-') ON DUPLICATE KEY UPDATE ecdc_resistance_profile = 'S', cloxa_test = '-', mbl_test = '-'; 
INSERT INTO sequence_analysis(sequence_analysis_id, isolate_id, ame_loci, beta_lactamase_loci, carbapenemase_loci, other_acq_ab_loci) VALUES ('706', '706', '-', '-', '-', '-') ON DUPLICATE KEY UPDATE ame_loci = '-', beta_lactamase_loci = '-', carbapenemase_loci = '-', other_acq_ab_loci = '-'; 
INSERT INTO metadata_general(isolate_id, isolate_name, species, project_name) VALUES ('707', 'CAT05-015', 'Pseudomonas aeruginosa', 'GEMARA') ON DUPLICATE KEY UPDATE isolate_name = 'CAT05-015', species = 'Pseudomonas aeruginosa', project_name = 'GEMARA'; 
INSERT INTO metadata_clinic(clinic_id, isolate_id, sample_type, collection_ward) VALUES ('588', '707', '1', 'Urgencias adultos') ON DUPLICATE KEY UPDATE sample_type = '1', collection_ward = 'Urgencias adultos'; 
INSERT INTO phenotypic_data(phenotypic_data_id, isolate_id, ecdc_resistance_profile, cloxa_test, mbl_test) VALUES ('588', '707', 'S', '-', '-') ON DUPLICATE KEY UPDATE ecdc_resistance_profile = 'S', cloxa_test = '-', mbl_test = '-'; 
INSERT INTO sequence_analysis(sequence_analysis_id, isolate_id, ame_loci, beta_lactamase_loci, carbapenemase_loci, other_acq_ab_loci) VALUES ('707', '707', '-', '-', '-', '-') ON DUPLICATE KEY UPDATE ame_loci = '-', beta_lactamase_loci = '-', carbapenemase_loci = '-', other_acq_ab_loci = '-'; 
INSERT INTO metadata_general(isolate_id, isolate_name, species, project_name) VALUES ('708', 'CAT05-026', 'Pseudomonas aeruginosa', 'GEMARA') ON DUPLICATE KEY UPDATE isolate_name = 'CAT05-026', species = 'Pseudomonas aeruginosa', project_name = 'GEMARA'; 
INSERT INTO metadata_clinic(clinic_id, isolate_id, sample_type, collection_ward) VALUES ('589', '708', '6', 'Urgencias adultos') ON DUPLICATE KEY UPDATE sample_type = '6', collection_ward = 'Urgencias adultos'; 
INSERT INTO phenotypic_data(phenotypic_data_id, isolate_id, ecdc_resistance_profile, cloxa_test, mbl_test) VALUES ('589', '708', 'S', '-', '-') ON DUPLICATE KEY UPDATE ecdc_resistance_profile = 'S', cloxa_test = '-', mbl_test = '-'; 
INSERT INTO sequence_analysis(sequence_analysis_id, isolate_id, ame_loci, beta_lactamase_loci, carbapenemase_loci, other_acq_ab_loci) VALUES ('708', '708', '-', '-', '-', '-') ON DUPLICATE KEY UPDATE ame_loci = '-', beta_lactamase_loci = '-', carbapenemase_loci = '-', other_acq_ab_loci = '-'; 
INSERT INTO metadata_general(isolate_id, isolate_name, species, project_name) VALUES ('709', 'CAT05-028', 'Pseudomonas aeruginosa', 'GEMARA') ON DUPLICATE KEY UPDATE isolate_name = 'CAT05-028', species = 'Pseudomonas aeruginosa', project_name = 'GEMARA'; 
INSERT INTO metadata_clinic(clinic_id, isolate_id, sample_type, collection_ward) VALUES ('590', '709', '7', 'UCI Adultos') ON DUPLICATE KEY UPDATE sample_type = '7', collection_ward = 'UCI Adultos'; 
INSERT INTO phenotypic_data(phenotypic_data_id, isolate_id, ecdc_resistance_profile, cloxa_test, mbl_test) VALUES ('590', '709', 'S', '-', '-') ON DUPLICATE KEY UPDATE ecdc_resistance_profile = 'S', cloxa_test = '-', mbl_test = '-'; 
INSERT INTO sequence_analysis(sequence_analysis_id, isolate_id, ame_loci, beta_lactamase_loci, carbapenemase_loci, other_acq_ab_loci) VALUES ('709', '709', '-', '-', '-', '-') ON DUPLICATE KEY UPDATE ame_loci = '-', beta_lactamase_loci = '-', carbapenemase_loci = '-', other_acq_ab_loci = '-'; 
INSERT INTO metadata_general(isolate_id, isolate_name, species, project_name) VALUES ('710', 'CAT05-030', 'Pseudomonas aeruginosa', 'GEMARA') ON DUPLICATE KEY UPDATE isolate_name = 'CAT05-030', species = 'Pseudomonas aeruginosa', project_name = 'GEMARA'; 
INSERT INTO metadata_clinic(clinic_id, isolate_id, sample_type, collection_ward) VALUES ('591', '710', '7', 'UCI Adultos') ON DUPLICATE KEY UPDATE sample_type = '7', collection_ward = 'UCI Adultos'; 
INSERT INTO phenotypic_data(phenotypic_data_id, isolate_id, ecdc_resistance_profile, cloxa_test, mbl_test) VALUES ('591', '710', 'S', '-', '-') ON DUPLICATE KEY UPDATE ecdc_resistance_profile = 'S', cloxa_test = '-', mbl_test = '-'; 
INSERT INTO sequence_analysis(sequence_analysis_id, isolate_id, ame_loci, beta_lactamase_loci, carbapenemase_loci, other_acq_ab_loci) VALUES ('710', '710', '-', '-', '-', '-') ON DUPLICATE KEY UPDATE ame_loci = '-', beta_lactamase_loci = '-', carbapenemase_loci = '-', other_acq_ab_loci = '-'; 
INSERT INTO metadata_general(isolate_id, isolate_name, species, project_name) VALUES ('69', 'CAT05-005', 'Pseudomonas aeruginosa', 'GEMARA') ON DUPLICATE KEY UPDATE isolate_name = 'CAT05-005', species = 'Pseudomonas aeruginosa', project_name = 'GEMARA'; 
INSERT INTO metadata_clinic(clinic_id, isolate_id, sample_type, collection_ward) VALUES ('592', '69', '1', 'Servicios médicos adultos') ON DUPLICATE KEY UPDATE sample_type = '1', collection_ward = 'Servicios médicos adultos'; 
INSERT INTO phenotypic_data(phenotypic_data_id, isolate_id, ecdc_resistance_profile, cloxa_test, mbl_test) VALUES ('592', '69', 'XDR', '+/+', '-') ON DUPLICATE KEY UPDATE ecdc_resistance_profile = 'XDR', cloxa_test = '+/+', mbl_test = '-'; 
INSERT INTO sequence_analysis(sequence_analysis_id, isolate_id, ame_loci, beta_lactamase_loci, carbapenemase_loci, other_acq_ab_loci) VALUES ('69', '69', 'aadB', '-', '-', '-') ON DUPLICATE KEY UPDATE ame_loci = 'aadB', beta_lactamase_loci = '-', carbapenemase_loci = '-', other_acq_ab_loci = '-'; 
INSERT INTO metadata_general(isolate_id, isolate_name, species, project_name) VALUES ('68', 'CAT05-004', 'Pseudomonas aeruginosa', 'GEMARA') ON DUPLICATE KEY UPDATE isolate_name = 'CAT05-004', species = 'Pseudomonas aeruginosa', project_name = 'GEMARA'; 
INSERT INTO metadata_clinic(clinic_id, isolate_id, sample_type, collection_ward) VALUES ('593', '68', '5', 'Servicios médicos adultos') ON DUPLICATE KEY UPDATE sample_type = '5', collection_ward = 'Servicios médicos adultos'; 
INSERT INTO phenotypic_data(phenotypic_data_id, isolate_id, ecdc_resistance_profile, cloxa_test, mbl_test) VALUES ('593', '68', 'XDR', '-/-', '+') ON DUPLICATE KEY UPDATE ecdc_resistance_profile = 'XDR', cloxa_test = '-/-', mbl_test = '+'; 
INSERT INTO sequence_analysis(sequence_analysis_id, isolate_id, ame_loci, beta_lactamase_loci, carbapenemase_loci, other_acq_ab_loci) VALUES ('68', '68', 'aadA1, aph(3\')-XV, aac(3)-I', '-', 'blaVIM-1', '-') ON DUPLICATE KEY UPDATE ame_loci = 'aadA1, aph(3\')-XV, aac(3)-I', beta_lactamase_loci = '-', carbapenemase_loci = 'blaVIM-1', other_acq_ab_loci = '-'; 
INSERT INTO metadata_general(isolate_id, isolate_name, species, project_name) VALUES ('70', 'CAT05-008', 'Pseudomonas aeruginosa', 'GEMARA') ON DUPLICATE KEY UPDATE isolate_name = 'CAT05-008', species = 'Pseudomonas aeruginosa', project_name = 'GEMARA'; 
INSERT INTO metadata_clinic(clinic_id, isolate_id, sample_type, collection_ward) VALUES ('594', '70', '9', 'Servicios médicos adultos') ON DUPLICATE KEY UPDATE sample_type = '9', collection_ward = 'Servicios médicos adultos'; 
INSERT INTO phenotypic_data(phenotypic_data_id, isolate_id, ecdc_resistance_profile, cloxa_test, mbl_test) VALUES ('594', '70', 'XDR', '+/+', '-') ON DUPLICATE KEY UPDATE ecdc_resistance_profile = 'XDR', cloxa_test = '+/+', mbl_test = '-'; 
INSERT INTO sequence_analysis(sequence_analysis_id, isolate_id, ame_loci, beta_lactamase_loci, carbapenemase_loci, other_acq_ab_loci) VALUES ('70', '70', 'aadA2, aacA4, aac(6\')Ib-cr', 'blaCARB-2', '-', '-') ON DUPLICATE KEY UPDATE ame_loci = 'aadA2, aacA4, aac(6\')Ib-cr', beta_lactamase_loci = 'blaCARB-2', carbapenemase_loci = '-', other_acq_ab_loci = '-'; 
INSERT INTO metadata_general(isolate_id, isolate_name, species, project_name) VALUES ('711', 'CAT05-012', 'Pseudomonas aeruginosa', 'GEMARA') ON DUPLICATE KEY UPDATE isolate_name = 'CAT05-012', species = 'Pseudomonas aeruginosa', project_name = 'GEMARA'; 
INSERT INTO metadata_clinic(clinic_id, isolate_id, sample_type, collection_ward) VALUES ('595', '711', '5', 'Urgencias adultos') ON DUPLICATE KEY UPDATE sample_type = '5', collection_ward = 'Urgencias adultos'; 
INSERT INTO phenotypic_data(phenotypic_data_id, isolate_id, ecdc_resistance_profile, cloxa_test, mbl_test) VALUES ('595', '711', 'XDR', '-/-', '+') ON DUPLICATE KEY UPDATE ecdc_resistance_profile = 'XDR', cloxa_test = '-/-', mbl_test = '+'; 
INSERT INTO sequence_analysis(sequence_analysis_id, isolate_id, ame_loci, beta_lactamase_loci, carbapenemase_loci, other_acq_ab_loci) VALUES ('711', '711', '-', '-', '-', '-') ON DUPLICATE KEY UPDATE ame_loci = '-', beta_lactamase_loci = '-', carbapenemase_loci = '-', other_acq_ab_loci = '-'; 
INSERT INTO metadata_general(isolate_id, isolate_name, species, project_name) VALUES ('712', 'CAT05-017', 'Pseudomonas aeruginosa', 'GEMARA') ON DUPLICATE KEY UPDATE isolate_name = 'CAT05-017', species = 'Pseudomonas aeruginosa', project_name = 'GEMARA'; 
INSERT INTO metadata_clinic(clinic_id, isolate_id, sample_type, collection_ward) VALUES ('596', '712', '6', 'Urgencias adultos') ON DUPLICATE KEY UPDATE sample_type = '6', collection_ward = 'Urgencias adultos'; 
INSERT INTO phenotypic_data(phenotypic_data_id, isolate_id, ecdc_resistance_profile, cloxa_test, mbl_test) VALUES ('596', '712', 'XDR', '-/-', '+') ON DUPLICATE KEY UPDATE ecdc_resistance_profile = 'XDR', cloxa_test = '-/-', mbl_test = '+'; 
INSERT INTO sequence_analysis(sequence_analysis_id, isolate_id, ame_loci, beta_lactamase_loci, carbapenemase_loci, other_acq_ab_loci) VALUES ('712', '712', '-', '-', '-', '-') ON DUPLICATE KEY UPDATE ame_loci = '-', beta_lactamase_loci = '-', carbapenemase_loci = '-', other_acq_ab_loci = '-'; 
INSERT INTO metadata_general(isolate_id, isolate_name, species, project_name) VALUES ('67', 'CAT05-001', 'Pseudomonas aeruginosa', 'GEMARA') ON DUPLICATE KEY UPDATE isolate_name = 'CAT05-001', species = 'Pseudomonas aeruginosa', project_name = 'GEMARA'; 
INSERT INTO metadata_clinic(clinic_id, isolate_id, sample_type, collection_ward) VALUES ('597', '67', '6', 'Urgencias adultos') ON DUPLICATE KEY UPDATE sample_type = '6', collection_ward = 'Urgencias adultos'; 
INSERT INTO phenotypic_data(phenotypic_data_id, isolate_id, ecdc_resistance_profile, cloxa_test, mbl_test) VALUES ('597', '67', 'XDR', '+/+', '-') ON DUPLICATE KEY UPDATE ecdc_resistance_profile = 'XDR', cloxa_test = '+/+', mbl_test = '-'; 
INSERT INTO sequence_analysis(sequence_analysis_id, isolate_id, ame_loci, beta_lactamase_loci, carbapenemase_loci, other_acq_ab_loci) VALUES ('67', '67', '-', '-', '-', '-') ON DUPLICATE KEY UPDATE ame_loci = '-', beta_lactamase_loci = '-', carbapenemase_loci = '-', other_acq_ab_loci = '-'; 
INSERT INTO metadata_general(isolate_id, isolate_name, species, project_name) VALUES ('713', 'CAT05-013', 'Pseudomonas aeruginosa', 'GEMARA') ON DUPLICATE KEY UPDATE isolate_name = 'CAT05-013', species = 'Pseudomonas aeruginosa', project_name = 'GEMARA'; 
INSERT INTO metadata_clinic(clinic_id, isolate_id, sample_type, collection_ward) VALUES ('598', '713', '5', 'Servicios médicos adultos') ON DUPLICATE KEY UPDATE sample_type = '5', collection_ward = 'Servicios médicos adultos'; 
INSERT INTO phenotypic_data(phenotypic_data_id, isolate_id, ecdc_resistance_profile, cloxa_test, mbl_test) VALUES ('598', '713', 'XDR', '+/+', '-') ON DUPLICATE KEY UPDATE ecdc_resistance_profile = 'XDR', cloxa_test = '+/+', mbl_test = '-'; 
INSERT INTO sequence_analysis(sequence_analysis_id, isolate_id, ame_loci, beta_lactamase_loci, carbapenemase_loci, other_acq_ab_loci) VALUES ('713', '713', '-', '-', '-', '-') ON DUPLICATE KEY UPDATE ame_loci = '-', beta_lactamase_loci = '-', carbapenemase_loci = '-', other_acq_ab_loci = '-'; 
INSERT INTO metadata_general(isolate_id, isolate_name, species, project_name) VALUES ('714', 'CAT05-014', 'Pseudomonas aeruginosa', 'GEMARA') ON DUPLICATE KEY UPDATE isolate_name = 'CAT05-014', species = 'Pseudomonas aeruginosa', project_name = 'GEMARA'; 
INSERT INTO metadata_clinic(clinic_id, isolate_id, sample_type, collection_ward) VALUES ('599', '714', '15', 'Servicios quirúrgicos adultos') ON DUPLICATE KEY UPDATE sample_type = '15', collection_ward = 'Servicios quirúrgicos adultos'; 
INSERT INTO phenotypic_data(phenotypic_data_id, isolate_id, ecdc_resistance_profile, cloxa_test, mbl_test) VALUES ('599', '714', 'XDR', '+/+', '-') ON DUPLICATE KEY UPDATE ecdc_resistance_profile = 'XDR', cloxa_test = '+/+', mbl_test = '-'; 
INSERT INTO sequence_analysis(sequence_analysis_id, isolate_id, ame_loci, beta_lactamase_loci, carbapenemase_loci, other_acq_ab_loci) VALUES ('714', '714', '-', '-', '-', '-') ON DUPLICATE KEY UPDATE ame_loci = '-', beta_lactamase_loci = '-', carbapenemase_loci = '-', other_acq_ab_loci = '-'; 
INSERT INTO metadata_general(isolate_id, isolate_name, species, project_name) VALUES ('71', 'CAT05-019', 'Pseudomonas aeruginosa', 'GEMARA') ON DUPLICATE KEY UPDATE isolate_name = 'CAT05-019', species = 'Pseudomonas aeruginosa', project_name = 'GEMARA'; 
INSERT INTO metadata_clinic(clinic_id, isolate_id, sample_type, collection_ward) VALUES ('600', '71', '6', 'Servicios quirúrgicos adultos') ON DUPLICATE KEY UPDATE sample_type = '6', collection_ward = 'Servicios quirúrgicos adultos'; 
INSERT INTO phenotypic_data(phenotypic_data_id, isolate_id, ecdc_resistance_profile, cloxa_test, mbl_test) VALUES ('600', '71', 'XDR', '-/+', '-') ON DUPLICATE KEY UPDATE ecdc_resistance_profile = 'XDR', cloxa_test = '-/+', mbl_test = '-'; 
INSERT INTO sequence_analysis(sequence_analysis_id, isolate_id, ame_loci, beta_lactamase_loci, carbapenemase_loci, other_acq_ab_loci) VALUES ('71', '71', 'aadB', 'blaOXA-2', '-', '-') ON DUPLICATE KEY UPDATE ame_loci = 'aadB', beta_lactamase_loci = 'blaOXA-2', carbapenemase_loci = '-', other_acq_ab_loci = '-'; 
INSERT INTO metadata_general(isolate_id, isolate_name, species, project_name) VALUES ('715', 'CAT06-014', 'Pseudomonas aeruginosa', 'GEMARA') ON DUPLICATE KEY UPDATE isolate_name = 'CAT06-014', species = 'Pseudomonas aeruginosa', project_name = 'GEMARA'; 
INSERT INTO metadata_clinic(clinic_id, isolate_id, sample_type, collection_ward) VALUES ('601', '715', '1', 'UCI Adultos') ON DUPLICATE KEY UPDATE sample_type = '1', collection_ward = 'UCI Adultos'; 
INSERT INTO phenotypic_data(phenotypic_data_id, isolate_id, ecdc_resistance_profile, cloxa_test, mbl_test) VALUES ('601', '715', 'MDR', '-', '-') ON DUPLICATE KEY UPDATE ecdc_resistance_profile = 'MDR', cloxa_test = '-', mbl_test = '-'; 
INSERT INTO sequence_analysis(sequence_analysis_id, isolate_id, ame_loci, beta_lactamase_loci, carbapenemase_loci, other_acq_ab_loci) VALUES ('715', '715', '-', '-', '-', '-') ON DUPLICATE KEY UPDATE ame_loci = '-', beta_lactamase_loci = '-', carbapenemase_loci = '-', other_acq_ab_loci = '-'; 
INSERT INTO metadata_general(isolate_id, isolate_name, species, project_name) VALUES ('716', 'CAT06-024', 'Pseudomonas aeruginosa', 'GEMARA') ON DUPLICATE KEY UPDATE isolate_name = 'CAT06-024', species = 'Pseudomonas aeruginosa', project_name = 'GEMARA'; 
INSERT INTO metadata_clinic(clinic_id, isolate_id, sample_type, collection_ward) VALUES ('602', '716', '5', 'Urgencias adultos') ON DUPLICATE KEY UPDATE sample_type = '5', collection_ward = 'Urgencias adultos'; 
INSERT INTO phenotypic_data(phenotypic_data_id, isolate_id, ecdc_resistance_profile, cloxa_test, mbl_test) VALUES ('602', '716', 'MDR', '-', '-') ON DUPLICATE KEY UPDATE ecdc_resistance_profile = 'MDR', cloxa_test = '-', mbl_test = '-'; 
INSERT INTO sequence_analysis(sequence_analysis_id, isolate_id, ame_loci, beta_lactamase_loci, carbapenemase_loci, other_acq_ab_loci) VALUES ('716', '716', '-', '-', '-', '-') ON DUPLICATE KEY UPDATE ame_loci = '-', beta_lactamase_loci = '-', carbapenemase_loci = '-', other_acq_ab_loci = '-'; 
INSERT INTO metadata_general(isolate_id, isolate_name, species, project_name) VALUES ('717', 'CAT06-029', 'Pseudomonas aeruginosa', 'GEMARA') ON DUPLICATE KEY UPDATE isolate_name = 'CAT06-029', species = 'Pseudomonas aeruginosa', project_name = 'GEMARA'; 
INSERT INTO metadata_clinic(clinic_id, isolate_id, sample_type, collection_ward) VALUES ('603', '717', '17', 'Consultas externas') ON DUPLICATE KEY UPDATE sample_type = '17', collection_ward = 'Consultas externas'; 
INSERT INTO phenotypic_data(phenotypic_data_id, isolate_id, ecdc_resistance_profile, cloxa_test, mbl_test) VALUES ('603', '717', 'MDR', '-', '-') ON DUPLICATE KEY UPDATE ecdc_resistance_profile = 'MDR', cloxa_test = '-', mbl_test = '-'; 
INSERT INTO sequence_analysis(sequence_analysis_id, isolate_id, ame_loci, beta_lactamase_loci, carbapenemase_loci, other_acq_ab_loci) VALUES ('717', '717', '-', '-', '-', '-') ON DUPLICATE KEY UPDATE ame_loci = '-', beta_lactamase_loci = '-', carbapenemase_loci = '-', other_acq_ab_loci = '-'; 
INSERT INTO metadata_general(isolate_id, isolate_name, species, project_name) VALUES ('718', 'CAT06-015', 'Pseudomonas aeruginosa', 'GEMARA') ON DUPLICATE KEY UPDATE isolate_name = 'CAT06-015', species = 'Pseudomonas aeruginosa', project_name = 'GEMARA'; 
INSERT INTO metadata_clinic(clinic_id, isolate_id, sample_type, collection_ward) VALUES ('604', '718', '1', 'Servicios médicos adultos') ON DUPLICATE KEY UPDATE sample_type = '1', collection_ward = 'Servicios médicos adultos'; 
INSERT INTO phenotypic_data(phenotypic_data_id, isolate_id, ecdc_resistance_profile, cloxa_test, mbl_test) VALUES ('604', '718', 'MDR', '-', '-') ON DUPLICATE KEY UPDATE ecdc_resistance_profile = 'MDR', cloxa_test = '-', mbl_test = '-'; 
INSERT INTO sequence_analysis(sequence_analysis_id, isolate_id, ame_loci, beta_lactamase_loci, carbapenemase_loci, other_acq_ab_loci) VALUES ('718', '718', '-', '-', '-', '-') ON DUPLICATE KEY UPDATE ame_loci = '-', beta_lactamase_loci = '-', carbapenemase_loci = '-', other_acq_ab_loci = '-'; 
INSERT INTO metadata_general(isolate_id, isolate_name, species, project_name) VALUES ('719', 'CAT06-005', 'Pseudomonas aeruginosa', 'GEMARA') ON DUPLICATE KEY UPDATE isolate_name = 'CAT06-005', species = 'Pseudomonas aeruginosa', project_name = 'GEMARA'; 
INSERT INTO metadata_clinic(clinic_id, isolate_id, sample_type, collection_ward) VALUES ('605', '719', '1', 'Urgencias adultos') ON DUPLICATE KEY UPDATE sample_type = '1', collection_ward = 'Urgencias adultos'; 
INSERT INTO phenotypic_data(phenotypic_data_id, isolate_id, ecdc_resistance_profile, cloxa_test, mbl_test) VALUES ('605', '719', 'MDR', '-', '-') ON DUPLICATE KEY UPDATE ecdc_resistance_profile = 'MDR', cloxa_test = '-', mbl_test = '-'; 
INSERT INTO sequence_analysis(sequence_analysis_id, isolate_id, ame_loci, beta_lactamase_loci, carbapenemase_loci, other_acq_ab_loci) VALUES ('719', '719', '-', '-', '-', '-') ON DUPLICATE KEY UPDATE ame_loci = '-', beta_lactamase_loci = '-', carbapenemase_loci = '-', other_acq_ab_loci = '-'; 
INSERT INTO metadata_general(isolate_id, isolate_name, species, project_name) VALUES ('720', 'CAT06-027', 'Pseudomonas aeruginosa', 'GEMARA') ON DUPLICATE KEY UPDATE isolate_name = 'CAT06-027', species = 'Pseudomonas aeruginosa', project_name = 'GEMARA'; 
INSERT INTO metadata_clinic(clinic_id, isolate_id, sample_type, collection_ward) VALUES ('606', '720', '7', 'UCI Adultos') ON DUPLICATE KEY UPDATE sample_type = '7', collection_ward = 'UCI Adultos'; 
INSERT INTO phenotypic_data(phenotypic_data_id, isolate_id, ecdc_resistance_profile, cloxa_test, mbl_test) VALUES ('606', '720', 'MDR', '-', '-') ON DUPLICATE KEY UPDATE ecdc_resistance_profile = 'MDR', cloxa_test = '-', mbl_test = '-'; 
INSERT INTO sequence_analysis(sequence_analysis_id, isolate_id, ame_loci, beta_lactamase_loci, carbapenemase_loci, other_acq_ab_loci) VALUES ('720', '720', '-', '-', '-', '-') ON DUPLICATE KEY UPDATE ame_loci = '-', beta_lactamase_loci = '-', carbapenemase_loci = '-', other_acq_ab_loci = '-'; 
INSERT INTO metadata_general(isolate_id, isolate_name, species, project_name) VALUES ('721', 'CAT06-001', 'Pseudomonas aeruginosa', 'GEMARA') ON DUPLICATE KEY UPDATE isolate_name = 'CAT06-001', species = 'Pseudomonas aeruginosa', project_name = 'GEMARA'; 
INSERT INTO metadata_clinic(clinic_id, isolate_id, sample_type, collection_ward) VALUES ('607', '721', '1', 'Centro sociosanitario') ON DUPLICATE KEY UPDATE sample_type = '1', collection_ward = 'Centro sociosanitario'; 
INSERT INTO phenotypic_data(phenotypic_data_id, isolate_id, ecdc_resistance_profile, cloxa_test, mbl_test) VALUES ('607', '721', 'MDR', '-', '-') ON DUPLICATE KEY UPDATE ecdc_resistance_profile = 'MDR', cloxa_test = '-', mbl_test = '-'; 
INSERT INTO sequence_analysis(sequence_analysis_id, isolate_id, ame_loci, beta_lactamase_loci, carbapenemase_loci, other_acq_ab_loci) VALUES ('721', '721', '-', '-', '-', '-') ON DUPLICATE KEY UPDATE ame_loci = '-', beta_lactamase_loci = '-', carbapenemase_loci = '-', other_acq_ab_loci = '-'; 
INSERT INTO metadata_general(isolate_id, isolate_name, species, project_name) VALUES ('722', 'CAT06-025', 'Pseudomonas aeruginosa', 'GEMARA') ON DUPLICATE KEY UPDATE isolate_name = 'CAT06-025', species = 'Pseudomonas aeruginosa', project_name = 'GEMARA'; 
INSERT INTO metadata_clinic(clinic_id, isolate_id, sample_type, collection_ward) VALUES ('608', '722', '1', 'Consultas externas') ON DUPLICATE KEY UPDATE sample_type = '1', collection_ward = 'Consultas externas'; 
INSERT INTO phenotypic_data(phenotypic_data_id, isolate_id, ecdc_resistance_profile, cloxa_test, mbl_test) VALUES ('608', '722', 'MDR', '-', '-') ON DUPLICATE KEY UPDATE ecdc_resistance_profile = 'MDR', cloxa_test = '-', mbl_test = '-'; 
INSERT INTO sequence_analysis(sequence_analysis_id, isolate_id, ame_loci, beta_lactamase_loci, carbapenemase_loci, other_acq_ab_loci) VALUES ('722', '722', '-', '-', '-', '-') ON DUPLICATE KEY UPDATE ame_loci = '-', beta_lactamase_loci = '-', carbapenemase_loci = '-', other_acq_ab_loci = '-'; 
INSERT INTO metadata_general(isolate_id, isolate_name, species, project_name) VALUES ('723', 'CAT06-012', 'Pseudomonas aeruginosa', 'GEMARA') ON DUPLICATE KEY UPDATE isolate_name = 'CAT06-012', species = 'Pseudomonas aeruginosa', project_name = 'GEMARA'; 
INSERT INTO metadata_clinic(clinic_id, isolate_id, sample_type, collection_ward) VALUES ('609', '723', '15', 'Urgencias adultos') ON DUPLICATE KEY UPDATE sample_type = '15', collection_ward = 'Urgencias adultos'; 
INSERT INTO phenotypic_data(phenotypic_data_id, isolate_id, ecdc_resistance_profile, cloxa_test, mbl_test) VALUES ('609', '723', 'S', '-', '-') ON DUPLICATE KEY UPDATE ecdc_resistance_profile = 'S', cloxa_test = '-', mbl_test = '-'; 
INSERT INTO sequence_analysis(sequence_analysis_id, isolate_id, ame_loci, beta_lactamase_loci, carbapenemase_loci, other_acq_ab_loci) VALUES ('723', '723', '-', '-', '-', '-') ON DUPLICATE KEY UPDATE ame_loci = '-', beta_lactamase_loci = '-', carbapenemase_loci = '-', other_acq_ab_loci = '-'; 
INSERT INTO metadata_general(isolate_id, isolate_name, species, project_name) VALUES ('724', 'CAT06-026', 'Pseudomonas aeruginosa', 'GEMARA') ON DUPLICATE KEY UPDATE isolate_name = 'CAT06-026', species = 'Pseudomonas aeruginosa', project_name = 'GEMARA'; 
INSERT INTO metadata_clinic(clinic_id, isolate_id, sample_type, collection_ward) VALUES ('610', '724', '1', 'Consultas externas') ON DUPLICATE KEY UPDATE sample_type = '1', collection_ward = 'Consultas externas'; 
INSERT INTO phenotypic_data(phenotypic_data_id, isolate_id, ecdc_resistance_profile, cloxa_test, mbl_test) VALUES ('610', '724', 'S', '-', '-') ON DUPLICATE KEY UPDATE ecdc_resistance_profile = 'S', cloxa_test = '-', mbl_test = '-'; 
INSERT INTO sequence_analysis(sequence_analysis_id, isolate_id, ame_loci, beta_lactamase_loci, carbapenemase_loci, other_acq_ab_loci) VALUES ('724', '724', '-', '-', '-', '-') ON DUPLICATE KEY UPDATE ame_loci = '-', beta_lactamase_loci = '-', carbapenemase_loci = '-', other_acq_ab_loci = '-'; 
INSERT INTO metadata_general(isolate_id, isolate_name, species, project_name) VALUES ('725', 'CAT06-033', 'Pseudomonas aeruginosa', 'GEMARA') ON DUPLICATE KEY UPDATE isolate_name = 'CAT06-033', species = 'Pseudomonas aeruginosa', project_name = 'GEMARA'; 
INSERT INTO metadata_clinic(clinic_id, isolate_id, sample_type, collection_ward) VALUES ('611', '725', '1', 'Consultas externas') ON DUPLICATE KEY UPDATE sample_type = '1', collection_ward = 'Consultas externas'; 
INSERT INTO phenotypic_data(phenotypic_data_id, isolate_id, ecdc_resistance_profile, cloxa_test, mbl_test) VALUES ('611', '725', 'S', '-', '-') ON DUPLICATE KEY UPDATE ecdc_resistance_profile = 'S', cloxa_test = '-', mbl_test = '-'; 
INSERT INTO sequence_analysis(sequence_analysis_id, isolate_id, ame_loci, beta_lactamase_loci, carbapenemase_loci, other_acq_ab_loci) VALUES ('725', '725', '-', '-', '-', '-') ON DUPLICATE KEY UPDATE ame_loci = '-', beta_lactamase_loci = '-', carbapenemase_loci = '-', other_acq_ab_loci = '-'; 
INSERT INTO metadata_general(isolate_id, isolate_name, species, project_name) VALUES ('726', 'CAT06-010', 'Pseudomonas aeruginosa', 'GEMARA') ON DUPLICATE KEY UPDATE isolate_name = 'CAT06-010', species = 'Pseudomonas aeruginosa', project_name = 'GEMARA'; 
INSERT INTO metadata_clinic(clinic_id, isolate_id, sample_type, collection_ward) VALUES ('612', '726', '15', 'Servicios médicos adultos') ON DUPLICATE KEY UPDATE sample_type = '15', collection_ward = 'Servicios médicos adultos'; 
INSERT INTO phenotypic_data(phenotypic_data_id, isolate_id, ecdc_resistance_profile, cloxa_test, mbl_test) VALUES ('612', '726', 'S', '-', '-') ON DUPLICATE KEY UPDATE ecdc_resistance_profile = 'S', cloxa_test = '-', mbl_test = '-'; 
INSERT INTO sequence_analysis(sequence_analysis_id, isolate_id, ame_loci, beta_lactamase_loci, carbapenemase_loci, other_acq_ab_loci) VALUES ('726', '726', '-', '-', '-', '-') ON DUPLICATE KEY UPDATE ame_loci = '-', beta_lactamase_loci = '-', carbapenemase_loci = '-', other_acq_ab_loci = '-'; 
INSERT INTO metadata_general(isolate_id, isolate_name, species, project_name) VALUES ('727', 'CAT06-011', 'Pseudomonas aeruginosa', 'GEMARA') ON DUPLICATE KEY UPDATE isolate_name = 'CAT06-011', species = 'Pseudomonas aeruginosa', project_name = 'GEMARA'; 
INSERT INTO metadata_clinic(clinic_id, isolate_id, sample_type, collection_ward) VALUES ('613', '727', '15', 'Servicios médicos adultos') ON DUPLICATE KEY UPDATE sample_type = '15', collection_ward = 'Servicios médicos adultos'; 
INSERT INTO phenotypic_data(phenotypic_data_id, isolate_id, ecdc_resistance_profile, cloxa_test, mbl_test) VALUES ('613', '727', 'S', '-', '-') ON DUPLICATE KEY UPDATE ecdc_resistance_profile = 'S', cloxa_test = '-', mbl_test = '-'; 
INSERT INTO sequence_analysis(sequence_analysis_id, isolate_id, ame_loci, beta_lactamase_loci, carbapenemase_loci, other_acq_ab_loci) VALUES ('727', '727', '-', '-', '-', '-') ON DUPLICATE KEY UPDATE ame_loci = '-', beta_lactamase_loci = '-', carbapenemase_loci = '-', other_acq_ab_loci = '-'; 
INSERT INTO metadata_general(isolate_id, isolate_name, species, project_name) VALUES ('728', 'CAT06-017', 'Pseudomonas aeruginosa', 'GEMARA') ON DUPLICATE KEY UPDATE isolate_name = 'CAT06-017', species = 'Pseudomonas aeruginosa', project_name = 'GEMARA'; 
INSERT INTO metadata_clinic(clinic_id, isolate_id, sample_type, collection_ward) VALUES ('614', '728', '4', 'Servicios médicos adultos') ON DUPLICATE KEY UPDATE sample_type = '4', collection_ward = 'Servicios médicos adultos'; 
INSERT INTO phenotypic_data(phenotypic_data_id, isolate_id, ecdc_resistance_profile, cloxa_test, mbl_test) VALUES ('614', '728', 'S', '-', '-') ON DUPLICATE KEY UPDATE ecdc_resistance_profile = 'S', cloxa_test = '-', mbl_test = '-'; 
INSERT INTO sequence_analysis(sequence_analysis_id, isolate_id, ame_loci, beta_lactamase_loci, carbapenemase_loci, other_acq_ab_loci) VALUES ('728', '728', '-', '-', '-', '-') ON DUPLICATE KEY UPDATE ame_loci = '-', beta_lactamase_loci = '-', carbapenemase_loci = '-', other_acq_ab_loci = '-'; 
INSERT INTO metadata_general(isolate_id, isolate_name, species, project_name) VALUES ('729', 'CAT06-030', 'Pseudomonas aeruginosa', 'GEMARA') ON DUPLICATE KEY UPDATE isolate_name = 'CAT06-030', species = 'Pseudomonas aeruginosa', project_name = 'GEMARA'; 
INSERT INTO metadata_clinic(clinic_id, isolate_id, sample_type, collection_ward) VALUES ('615', '729', '7', 'Urgencias adultos') ON DUPLICATE KEY UPDATE sample_type = '7', collection_ward = 'Urgencias adultos'; 
INSERT INTO phenotypic_data(phenotypic_data_id, isolate_id, ecdc_resistance_profile, cloxa_test, mbl_test) VALUES ('615', '729', 'S', '-', '-') ON DUPLICATE KEY UPDATE ecdc_resistance_profile = 'S', cloxa_test = '-', mbl_test = '-'; 
INSERT INTO sequence_analysis(sequence_analysis_id, isolate_id, ame_loci, beta_lactamase_loci, carbapenemase_loci, other_acq_ab_loci) VALUES ('729', '729', '-', '-', '-', '-') ON DUPLICATE KEY UPDATE ame_loci = '-', beta_lactamase_loci = '-', carbapenemase_loci = '-', other_acq_ab_loci = '-'; 
INSERT INTO metadata_general(isolate_id, isolate_name, species, project_name) VALUES ('730', 'CAT06-032', 'Pseudomonas aeruginosa', 'GEMARA') ON DUPLICATE KEY UPDATE isolate_name = 'CAT06-032', species = 'Pseudomonas aeruginosa', project_name = 'GEMARA'; 
INSERT INTO metadata_clinic(clinic_id, isolate_id, sample_type, collection_ward) VALUES ('616', '730', '15', 'Consultas externas') ON DUPLICATE KEY UPDATE sample_type = '15', collection_ward = 'Consultas externas'; 
INSERT INTO phenotypic_data(phenotypic_data_id, isolate_id, ecdc_resistance_profile, cloxa_test, mbl_test) VALUES ('616', '730', 'S', '-', '-') ON DUPLICATE KEY UPDATE ecdc_resistance_profile = 'S', cloxa_test = '-', mbl_test = '-'; 
INSERT INTO sequence_analysis(sequence_analysis_id, isolate_id, ame_loci, beta_lactamase_loci, carbapenemase_loci, other_acq_ab_loci) VALUES ('730', '730', '-', '-', '-', '-') ON DUPLICATE KEY UPDATE ame_loci = '-', beta_lactamase_loci = '-', carbapenemase_loci = '-', other_acq_ab_loci = '-'; 
INSERT INTO metadata_general(isolate_id, isolate_name, species, project_name) VALUES ('731', 'CAT06-013', 'Pseudomonas aeruginosa', 'GEMARA') ON DUPLICATE KEY UPDATE isolate_name = 'CAT06-013', species = 'Pseudomonas aeruginosa', project_name = 'GEMARA'; 
INSERT INTO metadata_clinic(clinic_id, isolate_id, sample_type, collection_ward) VALUES ('617', '731', '19', 'Consultas externas') ON DUPLICATE KEY UPDATE sample_type = '19', collection_ward = 'Consultas externas'; 
INSERT INTO phenotypic_data(phenotypic_data_id, isolate_id, ecdc_resistance_profile, cloxa_test, mbl_test) VALUES ('617', '731', 'S', '-', '-') ON DUPLICATE KEY UPDATE ecdc_resistance_profile = 'S', cloxa_test = '-', mbl_test = '-'; 
INSERT INTO sequence_analysis(sequence_analysis_id, isolate_id, ame_loci, beta_lactamase_loci, carbapenemase_loci, other_acq_ab_loci) VALUES ('731', '731', '-', '-', '-', '-') ON DUPLICATE KEY UPDATE ame_loci = '-', beta_lactamase_loci = '-', carbapenemase_loci = '-', other_acq_ab_loci = '-'; 
INSERT INTO metadata_general(isolate_id, isolate_name, species, project_name) VALUES ('732', 'CAT06-020', 'Pseudomonas aeruginosa', 'GEMARA') ON DUPLICATE KEY UPDATE isolate_name = 'CAT06-020', species = 'Pseudomonas aeruginosa', project_name = 'GEMARA'; 
INSERT INTO metadata_clinic(clinic_id, isolate_id, sample_type, collection_ward) VALUES ('618', '732', '5', 'Servicios médicos adultos') ON DUPLICATE KEY UPDATE sample_type = '5', collection_ward = 'Servicios médicos adultos'; 
INSERT INTO phenotypic_data(phenotypic_data_id, isolate_id, ecdc_resistance_profile, cloxa_test, mbl_test) VALUES ('618', '732', 'S', '-', '-') ON DUPLICATE KEY UPDATE ecdc_resistance_profile = 'S', cloxa_test = '-', mbl_test = '-'; 
INSERT INTO sequence_analysis(sequence_analysis_id, isolate_id, ame_loci, beta_lactamase_loci, carbapenemase_loci, other_acq_ab_loci) VALUES ('732', '732', '-', '-', '-', '-') ON DUPLICATE KEY UPDATE ame_loci = '-', beta_lactamase_loci = '-', carbapenemase_loci = '-', other_acq_ab_loci = '-'; 
INSERT INTO metadata_general(isolate_id, isolate_name, species, project_name) VALUES ('733', 'CAT06-031', 'Pseudomonas aeruginosa', 'GEMARA') ON DUPLICATE KEY UPDATE isolate_name = 'CAT06-031', species = 'Pseudomonas aeruginosa', project_name = 'GEMARA'; 
INSERT INTO metadata_clinic(clinic_id, isolate_id, sample_type, collection_ward) VALUES ('619', '733', '5', 'Urgencias adultos') ON DUPLICATE KEY UPDATE sample_type = '5', collection_ward = 'Urgencias adultos'; 
INSERT INTO phenotypic_data(phenotypic_data_id, isolate_id, ecdc_resistance_profile, cloxa_test, mbl_test) VALUES ('619', '733', 'S', '-', '-') ON DUPLICATE KEY UPDATE ecdc_resistance_profile = 'S', cloxa_test = '-', mbl_test = '-'; 
INSERT INTO sequence_analysis(sequence_analysis_id, isolate_id, ame_loci, beta_lactamase_loci, carbapenemase_loci, other_acq_ab_loci) VALUES ('733', '733', '-', '-', '-', '-') ON DUPLICATE KEY UPDATE ame_loci = '-', beta_lactamase_loci = '-', carbapenemase_loci = '-', other_acq_ab_loci = '-'; 
INSERT INTO metadata_general(isolate_id, isolate_name, species, project_name) VALUES ('734', 'CAT06-004', 'Pseudomonas aeruginosa', 'GEMARA') ON DUPLICATE KEY UPDATE isolate_name = 'CAT06-004', species = 'Pseudomonas aeruginosa', project_name = 'GEMARA'; 
INSERT INTO metadata_clinic(clinic_id, isolate_id, sample_type, collection_ward) VALUES ('620', '734', '16', 'Servicios médicos adultos') ON DUPLICATE KEY UPDATE sample_type = '16', collection_ward = 'Servicios médicos adultos'; 
INSERT INTO phenotypic_data(phenotypic_data_id, isolate_id, ecdc_resistance_profile, cloxa_test, mbl_test) VALUES ('620', '734', 'S', '-', '-') ON DUPLICATE KEY UPDATE ecdc_resistance_profile = 'S', cloxa_test = '-', mbl_test = '-'; 
INSERT INTO sequence_analysis(sequence_analysis_id, isolate_id, ame_loci, beta_lactamase_loci, carbapenemase_loci, other_acq_ab_loci) VALUES ('734', '734', '-', '-', '-', '-') ON DUPLICATE KEY UPDATE ame_loci = '-', beta_lactamase_loci = '-', carbapenemase_loci = '-', other_acq_ab_loci = '-'; 
INSERT INTO metadata_general(isolate_id, isolate_name, species, project_name) VALUES ('735', 'CAT06-009', 'Pseudomonas aeruginosa', 'GEMARA') ON DUPLICATE KEY UPDATE isolate_name = 'CAT06-009', species = 'Pseudomonas aeruginosa', project_name = 'GEMARA'; 
INSERT INTO metadata_clinic(clinic_id, isolate_id, sample_type, collection_ward) VALUES ('621', '735', '15', 'Servicios médicos adultos') ON DUPLICATE KEY UPDATE sample_type = '15', collection_ward = 'Servicios médicos adultos'; 
INSERT INTO phenotypic_data(phenotypic_data_id, isolate_id, ecdc_resistance_profile, cloxa_test, mbl_test) VALUES ('621', '735', 'S', '-', '-') ON DUPLICATE KEY UPDATE ecdc_resistance_profile = 'S', cloxa_test = '-', mbl_test = '-'; 
INSERT INTO sequence_analysis(sequence_analysis_id, isolate_id, ame_loci, beta_lactamase_loci, carbapenemase_loci, other_acq_ab_loci) VALUES ('735', '735', '-', '-', '-', '-') ON DUPLICATE KEY UPDATE ame_loci = '-', beta_lactamase_loci = '-', carbapenemase_loci = '-', other_acq_ab_loci = '-'; 
INSERT INTO metadata_general(isolate_id, isolate_name, species, project_name) VALUES ('736', 'CAT06-028', 'Pseudomonas aeruginosa', 'GEMARA') ON DUPLICATE KEY UPDATE isolate_name = 'CAT06-028', species = 'Pseudomonas aeruginosa', project_name = 'GEMARA'; 
INSERT INTO metadata_clinic(clinic_id, isolate_id, sample_type, collection_ward) VALUES ('622', '736', '5', 'Centro sociosanitario') ON DUPLICATE KEY UPDATE sample_type = '5', collection_ward = 'Centro sociosanitario'; 
INSERT INTO phenotypic_data(phenotypic_data_id, isolate_id, ecdc_resistance_profile, cloxa_test, mbl_test) VALUES ('622', '736', 'S', '-', '-') ON DUPLICATE KEY UPDATE ecdc_resistance_profile = 'S', cloxa_test = '-', mbl_test = '-'; 
INSERT INTO sequence_analysis(sequence_analysis_id, isolate_id, ame_loci, beta_lactamase_loci, carbapenemase_loci, other_acq_ab_loci) VALUES ('736', '736', '-', '-', '-', '-') ON DUPLICATE KEY UPDATE ame_loci = '-', beta_lactamase_loci = '-', carbapenemase_loci = '-', other_acq_ab_loci = '-'; 
INSERT INTO metadata_general(isolate_id, isolate_name, species, project_name) VALUES ('74', 'CAT06-019', 'Pseudomonas aeruginosa', 'GEMARA') ON DUPLICATE KEY UPDATE isolate_name = 'CAT06-019', species = 'Pseudomonas aeruginosa', project_name = 'GEMARA'; 
INSERT INTO metadata_clinic(clinic_id, isolate_id, sample_type, collection_ward) VALUES ('623', '74', '1', 'Consultas externas') ON DUPLICATE KEY UPDATE sample_type = '1', collection_ward = 'Consultas externas'; 
INSERT INTO phenotypic_data(phenotypic_data_id, isolate_id, ecdc_resistance_profile, cloxa_test, mbl_test) VALUES ('623', '74', 'XDR', '+/+', '-') ON DUPLICATE KEY UPDATE ecdc_resistance_profile = 'XDR', cloxa_test = '+/+', mbl_test = '-'; 
INSERT INTO sequence_analysis(sequence_analysis_id, isolate_id, ame_loci, beta_lactamase_loci, carbapenemase_loci, other_acq_ab_loci) VALUES ('74', '74', 'aadB', '-', '-', '-') ON DUPLICATE KEY UPDATE ame_loci = 'aadB', beta_lactamase_loci = '-', carbapenemase_loci = '-', other_acq_ab_loci = '-'; 
INSERT INTO metadata_general(isolate_id, isolate_name, species, project_name) VALUES ('75', 'CAT06-021', 'Pseudomonas aeruginosa', 'GEMARA') ON DUPLICATE KEY UPDATE isolate_name = 'CAT06-021', species = 'Pseudomonas aeruginosa', project_name = 'GEMARA'; 
INSERT INTO metadata_clinic(clinic_id, isolate_id, sample_type, collection_ward) VALUES ('624', '75', '1', 'Servicios médicos adultos') ON DUPLICATE KEY UPDATE sample_type = '1', collection_ward = 'Servicios médicos adultos'; 
INSERT INTO phenotypic_data(phenotypic_data_id, isolate_id, ecdc_resistance_profile, cloxa_test, mbl_test) VALUES ('624', '75', 'XDR', 's/s', '-') ON DUPLICATE KEY UPDATE ecdc_resistance_profile = 'XDR', cloxa_test = 's/s', mbl_test = '-'; 
INSERT INTO sequence_analysis(sequence_analysis_id, isolate_id, ame_loci, beta_lactamase_loci, carbapenemase_loci, other_acq_ab_loci) VALUES ('75', '75', '-', '-', '-', '-') ON DUPLICATE KEY UPDATE ame_loci = '-', beta_lactamase_loci = '-', carbapenemase_loci = '-', other_acq_ab_loci = '-'; 
INSERT INTO metadata_general(isolate_id, isolate_name, species, project_name) VALUES ('76', 'CAT06-022', 'Pseudomonas aeruginosa', 'GEMARA') ON DUPLICATE KEY UPDATE isolate_name = 'CAT06-022', species = 'Pseudomonas aeruginosa', project_name = 'GEMARA'; 
INSERT INTO metadata_clinic(clinic_id, isolate_id, sample_type, collection_ward) VALUES ('625', '76', '1', 'Servicios médicos adultos') ON DUPLICATE KEY UPDATE sample_type = '1', collection_ward = 'Servicios médicos adultos'; 
INSERT INTO phenotypic_data(phenotypic_data_id, isolate_id, ecdc_resistance_profile, cloxa_test, mbl_test) VALUES ('625', '76', 'XDR', 's/s', '-') ON DUPLICATE KEY UPDATE ecdc_resistance_profile = 'XDR', cloxa_test = 's/s', mbl_test = '-'; 
INSERT INTO sequence_analysis(sequence_analysis_id, isolate_id, ame_loci, beta_lactamase_loci, carbapenemase_loci, other_acq_ab_loci) VALUES ('76', '76', '-', '-', '-', '-') ON DUPLICATE KEY UPDATE ame_loci = '-', beta_lactamase_loci = '-', carbapenemase_loci = '-', other_acq_ab_loci = '-'; 
INSERT INTO metadata_general(isolate_id, isolate_name, species, project_name) VALUES ('72', 'CAT06-008', 'Pseudomonas aeruginosa', 'GEMARA') ON DUPLICATE KEY UPDATE isolate_name = 'CAT06-008', species = 'Pseudomonas aeruginosa', project_name = 'GEMARA'; 
INSERT INTO metadata_clinic(clinic_id, isolate_id, sample_type, collection_ward) VALUES ('626', '72', '1', 'Urgencias adultos') ON DUPLICATE KEY UPDATE sample_type = '1', collection_ward = 'Urgencias adultos'; 
INSERT INTO phenotypic_data(phenotypic_data_id, isolate_id, ecdc_resistance_profile, cloxa_test, mbl_test) VALUES ('626', '72', 'XDR', '+/+', '-') ON DUPLICATE KEY UPDATE ecdc_resistance_profile = 'XDR', cloxa_test = '+/+', mbl_test = '-'; 
INSERT INTO sequence_analysis(sequence_analysis_id, isolate_id, ame_loci, beta_lactamase_loci, carbapenemase_loci, other_acq_ab_loci) VALUES ('72', '72', 'aadB', '-', '-', '-') ON DUPLICATE KEY UPDATE ame_loci = 'aadB', beta_lactamase_loci = '-', carbapenemase_loci = '-', other_acq_ab_loci = '-'; 
INSERT INTO metadata_general(isolate_id, isolate_name, species, project_name) VALUES ('737', 'CAT06-018', 'Pseudomonas aeruginosa', 'GEMARA') ON DUPLICATE KEY UPDATE isolate_name = 'CAT06-018', species = 'Pseudomonas aeruginosa', project_name = 'GEMARA'; 
INSERT INTO metadata_clinic(clinic_id, isolate_id, sample_type, collection_ward) VALUES ('627', '737', '1', 'Consultas externas') ON DUPLICATE KEY UPDATE sample_type = '1', collection_ward = 'Consultas externas'; 
INSERT INTO phenotypic_data(phenotypic_data_id, isolate_id, ecdc_resistance_profile, cloxa_test, mbl_test) VALUES ('627', '737', 'XDR', '+/+', '-') ON DUPLICATE KEY UPDATE ecdc_resistance_profile = 'XDR', cloxa_test = '+/+', mbl_test = '-'; 
INSERT INTO sequence_analysis(sequence_analysis_id, isolate_id, ame_loci, beta_lactamase_loci, carbapenemase_loci, other_acq_ab_loci) VALUES ('737', '737', '-', '-', '-', '-') ON DUPLICATE KEY UPDATE ame_loci = '-', beta_lactamase_loci = '-', carbapenemase_loci = '-', other_acq_ab_loci = '-'; 
INSERT INTO metadata_general(isolate_id, isolate_name, species, project_name) VALUES ('77', 'CAT06-023', 'Pseudomonas aeruginosa', 'GEMARA') ON DUPLICATE KEY UPDATE isolate_name = 'CAT06-023', species = 'Pseudomonas aeruginosa', project_name = 'GEMARA'; 
INSERT INTO metadata_clinic(clinic_id, isolate_id, sample_type, collection_ward) VALUES ('628', '77', '5', 'Servicios médicos adultos') ON DUPLICATE KEY UPDATE sample_type = '5', collection_ward = 'Servicios médicos adultos'; 
INSERT INTO phenotypic_data(phenotypic_data_id, isolate_id, ecdc_resistance_profile, cloxa_test, mbl_test) VALUES ('628', '77', 'XDR', 's/s', '-') ON DUPLICATE KEY UPDATE ecdc_resistance_profile = 'XDR', cloxa_test = 's/s', mbl_test = '-'; 
INSERT INTO sequence_analysis(sequence_analysis_id, isolate_id, ame_loci, beta_lactamase_loci, carbapenemase_loci, other_acq_ab_loci) VALUES ('77', '77', '-', '-', '-', '-') ON DUPLICATE KEY UPDATE ame_loci = '-', beta_lactamase_loci = '-', carbapenemase_loci = '-', other_acq_ab_loci = '-'; 
INSERT INTO metadata_general(isolate_id, isolate_name, species, project_name) VALUES ('73', 'CAT06-016', 'Pseudomonas aeruginosa', 'GEMARA') ON DUPLICATE KEY UPDATE isolate_name = 'CAT06-016', species = 'Pseudomonas aeruginosa', project_name = 'GEMARA'; 
INSERT INTO metadata_clinic(clinic_id, isolate_id, sample_type, collection_ward) VALUES ('629', '73', '15', 'UCI Adultos') ON DUPLICATE KEY UPDATE sample_type = '15', collection_ward = 'UCI Adultos'; 
INSERT INTO phenotypic_data(phenotypic_data_id, isolate_id, ecdc_resistance_profile, cloxa_test, mbl_test) VALUES ('629', '73', 'XDR', '+/+', '-') ON DUPLICATE KEY UPDATE ecdc_resistance_profile = 'XDR', cloxa_test = '+/+', mbl_test = '-'; 
INSERT INTO sequence_analysis(sequence_analysis_id, isolate_id, ame_loci, beta_lactamase_loci, carbapenemase_loci, other_acq_ab_loci) VALUES ('73', '73', 'aadB', '-', '-', '-') ON DUPLICATE KEY UPDATE ame_loci = 'aadB', beta_lactamase_loci = '-', carbapenemase_loci = '-', other_acq_ab_loci = '-'; 
INSERT INTO metadata_general(isolate_id, isolate_name, species, project_name) VALUES ('738', 'CAT07-010 ', 'Pseudomonas aeruginosa', 'GEMARA') ON DUPLICATE KEY UPDATE isolate_name = 'CAT07-010 ', species = 'Pseudomonas aeruginosa', project_name = 'GEMARA'; 
INSERT INTO metadata_clinic(clinic_id, isolate_id, sample_type, collection_ward) VALUES ('630', '738', '22', 'Urgencias adultos') ON DUPLICATE KEY UPDATE sample_type = '22', collection_ward = 'Urgencias adultos'; 
INSERT INTO phenotypic_data(phenotypic_data_id, isolate_id, ecdc_resistance_profile, cloxa_test, mbl_test) VALUES ('630', '738', 'MDR', '-', '-') ON DUPLICATE KEY UPDATE ecdc_resistance_profile = 'MDR', cloxa_test = '-', mbl_test = '-'; 
INSERT INTO sequence_analysis(sequence_analysis_id, isolate_id, ame_loci, beta_lactamase_loci, carbapenemase_loci, other_acq_ab_loci) VALUES ('738', '738', '-', '-', '-', '-') ON DUPLICATE KEY UPDATE ame_loci = '-', beta_lactamase_loci = '-', carbapenemase_loci = '-', other_acq_ab_loci = '-'; 
INSERT INTO metadata_general(isolate_id, isolate_name, species, project_name) VALUES ('739', 'CAT07-002  ', 'Pseudomonas aeruginosa', 'GEMARA') ON DUPLICATE KEY UPDATE isolate_name = 'CAT07-002  ', species = 'Pseudomonas aeruginosa', project_name = 'GEMARA'; 
INSERT INTO metadata_clinic(clinic_id, isolate_id, sample_type, collection_ward) VALUES ('631', '739', '5', 'Urgencias adultos') ON DUPLICATE KEY UPDATE sample_type = '5', collection_ward = 'Urgencias adultos'; 
INSERT INTO phenotypic_data(phenotypic_data_id, isolate_id, ecdc_resistance_profile, cloxa_test, mbl_test) VALUES ('631', '739', 'S', '-', '-') ON DUPLICATE KEY UPDATE ecdc_resistance_profile = 'S', cloxa_test = '-', mbl_test = '-'; 
INSERT INTO sequence_analysis(sequence_analysis_id, isolate_id, ame_loci, beta_lactamase_loci, carbapenemase_loci, other_acq_ab_loci) VALUES ('739', '739', '-', '-', '-', '-') ON DUPLICATE KEY UPDATE ame_loci = '-', beta_lactamase_loci = '-', carbapenemase_loci = '-', other_acq_ab_loci = '-'; 
INSERT INTO metadata_general(isolate_id, isolate_name, species, project_name) VALUES ('740', 'CAT07-019 ', 'Pseudomonas aeruginosa', 'GEMARA') ON DUPLICATE KEY UPDATE isolate_name = 'CAT07-019 ', species = 'Pseudomonas aeruginosa', project_name = 'GEMARA'; 
INSERT INTO metadata_clinic(clinic_id, isolate_id, sample_type, collection_ward) VALUES ('632', '740', '5', 'Consultas externas') ON DUPLICATE KEY UPDATE sample_type = '5', collection_ward = 'Consultas externas'; 
INSERT INTO phenotypic_data(phenotypic_data_id, isolate_id, ecdc_resistance_profile, cloxa_test, mbl_test) VALUES ('632', '740', 'S', '-', '-') ON DUPLICATE KEY UPDATE ecdc_resistance_profile = 'S', cloxa_test = '-', mbl_test = '-'; 
INSERT INTO sequence_analysis(sequence_analysis_id, isolate_id, ame_loci, beta_lactamase_loci, carbapenemase_loci, other_acq_ab_loci) VALUES ('740', '740', '-', '-', '-', '-') ON DUPLICATE KEY UPDATE ame_loci = '-', beta_lactamase_loci = '-', carbapenemase_loci = '-', other_acq_ab_loci = '-'; 
INSERT INTO metadata_general(isolate_id, isolate_name, species, project_name) VALUES ('741', 'CAT07-001 ', 'Pseudomonas aeruginosa', 'GEMARA') ON DUPLICATE KEY UPDATE isolate_name = 'CAT07-001 ', species = 'Pseudomonas aeruginosa', project_name = 'GEMARA'; 
INSERT INTO metadata_clinic(clinic_id, isolate_id, sample_type, collection_ward) VALUES ('633', '741', '1', 'Urgencias adultos') ON DUPLICATE KEY UPDATE sample_type = '1', collection_ward = 'Urgencias adultos'; 
INSERT INTO phenotypic_data(phenotypic_data_id, isolate_id, ecdc_resistance_profile, cloxa_test, mbl_test) VALUES ('633', '741', 'S', '-', '-') ON DUPLICATE KEY UPDATE ecdc_resistance_profile = 'S', cloxa_test = '-', mbl_test = '-'; 
INSERT INTO sequence_analysis(sequence_analysis_id, isolate_id, ame_loci, beta_lactamase_loci, carbapenemase_loci, other_acq_ab_loci) VALUES ('741', '741', '-', '-', '-', '-') ON DUPLICATE KEY UPDATE ame_loci = '-', beta_lactamase_loci = '-', carbapenemase_loci = '-', other_acq_ab_loci = '-'; 
INSERT INTO metadata_general(isolate_id, isolate_name, species, project_name) VALUES ('742', 'CAT07-028 ', 'Pseudomonas aeruginosa', 'GEMARA') ON DUPLICATE KEY UPDATE isolate_name = 'CAT07-028 ', species = 'Pseudomonas aeruginosa', project_name = 'GEMARA'; 
INSERT INTO metadata_clinic(clinic_id, isolate_id, sample_type, collection_ward) VALUES ('634', '742', '14', 'Consultas externas') ON DUPLICATE KEY UPDATE sample_type = '14', collection_ward = 'Consultas externas'; 
INSERT INTO phenotypic_data(phenotypic_data_id, isolate_id, ecdc_resistance_profile, cloxa_test, mbl_test) VALUES ('634', '742', 'S', '-', '-') ON DUPLICATE KEY UPDATE ecdc_resistance_profile = 'S', cloxa_test = '-', mbl_test = '-'; 
INSERT INTO sequence_analysis(sequence_analysis_id, isolate_id, ame_loci, beta_lactamase_loci, carbapenemase_loci, other_acq_ab_loci) VALUES ('742', '742', '-', '-', '-', '-') ON DUPLICATE KEY UPDATE ame_loci = '-', beta_lactamase_loci = '-', carbapenemase_loci = '-', other_acq_ab_loci = '-'; 
INSERT INTO metadata_general(isolate_id, isolate_name, species, project_name) VALUES ('743', 'CAT07-004', 'Pseudomonas aeruginosa', 'GEMARA') ON DUPLICATE KEY UPDATE isolate_name = 'CAT07-004', species = 'Pseudomonas aeruginosa', project_name = 'GEMARA'; 
INSERT INTO metadata_clinic(clinic_id, isolate_id, sample_type, collection_ward) VALUES ('635', '743', '5', 'Urgencias adultos') ON DUPLICATE KEY UPDATE sample_type = '5', collection_ward = 'Urgencias adultos'; 
INSERT INTO phenotypic_data(phenotypic_data_id, isolate_id, ecdc_resistance_profile, cloxa_test, mbl_test) VALUES ('635', '743', 'S', '-', '-') ON DUPLICATE KEY UPDATE ecdc_resistance_profile = 'S', cloxa_test = '-', mbl_test = '-'; 
INSERT INTO sequence_analysis(sequence_analysis_id, isolate_id, ame_loci, beta_lactamase_loci, carbapenemase_loci, other_acq_ab_loci) VALUES ('743', '743', '-', '-', '-', '-') ON DUPLICATE KEY UPDATE ame_loci = '-', beta_lactamase_loci = '-', carbapenemase_loci = '-', other_acq_ab_loci = '-'; 
INSERT INTO metadata_general(isolate_id, isolate_name, species, project_name) VALUES ('744', 'CAT07-025 ', 'Pseudomonas aeruginosa', 'GEMARA') ON DUPLICATE KEY UPDATE isolate_name = 'CAT07-025 ', species = 'Pseudomonas aeruginosa', project_name = 'GEMARA'; 
INSERT INTO metadata_clinic(clinic_id, isolate_id, sample_type, collection_ward) VALUES ('636', '744', '5', 'Urgencias adultos') ON DUPLICATE KEY UPDATE sample_type = '5', collection_ward = 'Urgencias adultos'; 
INSERT INTO phenotypic_data(phenotypic_data_id, isolate_id, ecdc_resistance_profile, cloxa_test, mbl_test) VALUES ('636', '744', 'S', '-', '-') ON DUPLICATE KEY UPDATE ecdc_resistance_profile = 'S', cloxa_test = '-', mbl_test = '-'; 
INSERT INTO sequence_analysis(sequence_analysis_id, isolate_id, ame_loci, beta_lactamase_loci, carbapenemase_loci, other_acq_ab_loci) VALUES ('744', '744', '-', '-', '-', '-') ON DUPLICATE KEY UPDATE ame_loci = '-', beta_lactamase_loci = '-', carbapenemase_loci = '-', other_acq_ab_loci = '-'; 
INSERT INTO metadata_general(isolate_id, isolate_name, species, project_name) VALUES ('745', 'CAT07-017 ', 'Pseudomonas aeruginosa', 'GEMARA') ON DUPLICATE KEY UPDATE isolate_name = 'CAT07-017 ', species = 'Pseudomonas aeruginosa', project_name = 'GEMARA'; 
INSERT INTO metadata_clinic(clinic_id, isolate_id, sample_type, collection_ward) VALUES ('637', '745', '7', 'Consultas externas') ON DUPLICATE KEY UPDATE sample_type = '7', collection_ward = 'Consultas externas'; 
INSERT INTO phenotypic_data(phenotypic_data_id, isolate_id, ecdc_resistance_profile, cloxa_test, mbl_test) VALUES ('637', '745', 'S', '-', '-') ON DUPLICATE KEY UPDATE ecdc_resistance_profile = 'S', cloxa_test = '-', mbl_test = '-'; 
INSERT INTO sequence_analysis(sequence_analysis_id, isolate_id, ame_loci, beta_lactamase_loci, carbapenemase_loci, other_acq_ab_loci) VALUES ('745', '745', '-', '-', '-', '-') ON DUPLICATE KEY UPDATE ame_loci = '-', beta_lactamase_loci = '-', carbapenemase_loci = '-', other_acq_ab_loci = '-'; 
INSERT INTO metadata_general(isolate_id, isolate_name, species, project_name) VALUES ('746', 'CAT07-027 ', 'Pseudomonas aeruginosa', 'GEMARA') ON DUPLICATE KEY UPDATE isolate_name = 'CAT07-027 ', species = 'Pseudomonas aeruginosa', project_name = 'GEMARA'; 
INSERT INTO metadata_clinic(clinic_id, isolate_id, sample_type, collection_ward) VALUES ('638', '746', '22', 'Urgencias adultos') ON DUPLICATE KEY UPDATE sample_type = '22', collection_ward = 'Urgencias adultos'; 
INSERT INTO phenotypic_data(phenotypic_data_id, isolate_id, ecdc_resistance_profile, cloxa_test, mbl_test) VALUES ('638', '746', 'S', '-', '-') ON DUPLICATE KEY UPDATE ecdc_resistance_profile = 'S', cloxa_test = '-', mbl_test = '-'; 
INSERT INTO sequence_analysis(sequence_analysis_id, isolate_id, ame_loci, beta_lactamase_loci, carbapenemase_loci, other_acq_ab_loci) VALUES ('746', '746', '-', '-', '-', '-') ON DUPLICATE KEY UPDATE ame_loci = '-', beta_lactamase_loci = '-', carbapenemase_loci = '-', other_acq_ab_loci = '-'; 
INSERT INTO metadata_general(isolate_id, isolate_name, species, project_name) VALUES ('747', 'CAT07-007', 'Pseudomonas aeruginosa', 'GEMARA') ON DUPLICATE KEY UPDATE isolate_name = 'CAT07-007', species = 'Pseudomonas aeruginosa', project_name = 'GEMARA'; 
INSERT INTO metadata_clinic(clinic_id, isolate_id, sample_type, collection_ward) VALUES ('639', '747', '2', 'Consultas externas') ON DUPLICATE KEY UPDATE sample_type = '2', collection_ward = 'Consultas externas'; 
INSERT INTO phenotypic_data(phenotypic_data_id, isolate_id, ecdc_resistance_profile, cloxa_test, mbl_test) VALUES ('639', '747', 'S', '-', '-') ON DUPLICATE KEY UPDATE ecdc_resistance_profile = 'S', cloxa_test = '-', mbl_test = '-'; 
INSERT INTO sequence_analysis(sequence_analysis_id, isolate_id, ame_loci, beta_lactamase_loci, carbapenemase_loci, other_acq_ab_loci) VALUES ('747', '747', '-', '-', '-', '-') ON DUPLICATE KEY UPDATE ame_loci = '-', beta_lactamase_loci = '-', carbapenemase_loci = '-', other_acq_ab_loci = '-'; 
INSERT INTO metadata_general(isolate_id, isolate_name, species, project_name) VALUES ('748', 'CAT07-011 ', 'Pseudomonas aeruginosa', 'GEMARA') ON DUPLICATE KEY UPDATE isolate_name = 'CAT07-011 ', species = 'Pseudomonas aeruginosa', project_name = 'GEMARA'; 
INSERT INTO metadata_clinic(clinic_id, isolate_id, sample_type, collection_ward) VALUES ('640', '748', '21', 'Servicios quirúrgicos adultos') ON DUPLICATE KEY UPDATE sample_type = '21', collection_ward = 'Servicios quirúrgicos adultos'; 
INSERT INTO phenotypic_data(phenotypic_data_id, isolate_id, ecdc_resistance_profile, cloxa_test, mbl_test) VALUES ('640', '748', 'S', '-', '-') ON DUPLICATE KEY UPDATE ecdc_resistance_profile = 'S', cloxa_test = '-', mbl_test = '-'; 
INSERT INTO sequence_analysis(sequence_analysis_id, isolate_id, ame_loci, beta_lactamase_loci, carbapenemase_loci, other_acq_ab_loci) VALUES ('748', '748', '-', '-', '-', '-') ON DUPLICATE KEY UPDATE ame_loci = '-', beta_lactamase_loci = '-', carbapenemase_loci = '-', other_acq_ab_loci = '-'; 
INSERT INTO metadata_general(isolate_id, isolate_name, species, project_name) VALUES ('749', 'CAT07-015 ', 'Pseudomonas aeruginosa', 'GEMARA') ON DUPLICATE KEY UPDATE isolate_name = 'CAT07-015 ', species = 'Pseudomonas aeruginosa', project_name = 'GEMARA'; 
INSERT INTO metadata_clinic(clinic_id, isolate_id, sample_type, collection_ward) VALUES ('641', '749', '5', 'Urgencias adultos') ON DUPLICATE KEY UPDATE sample_type = '5', collection_ward = 'Urgencias adultos'; 
INSERT INTO phenotypic_data(phenotypic_data_id, isolate_id, ecdc_resistance_profile, cloxa_test, mbl_test) VALUES ('641', '749', 'S', '-', '-') ON DUPLICATE KEY UPDATE ecdc_resistance_profile = 'S', cloxa_test = '-', mbl_test = '-'; 
INSERT INTO sequence_analysis(sequence_analysis_id, isolate_id, ame_loci, beta_lactamase_loci, carbapenemase_loci, other_acq_ab_loci) VALUES ('749', '749', '-', '-', '-', '-') ON DUPLICATE KEY UPDATE ame_loci = '-', beta_lactamase_loci = '-', carbapenemase_loci = '-', other_acq_ab_loci = '-'; 
INSERT INTO metadata_general(isolate_id, isolate_name, species, project_name) VALUES ('750', 'CAT07-026 ', 'Pseudomonas aeruginosa', 'GEMARA') ON DUPLICATE KEY UPDATE isolate_name = 'CAT07-026 ', species = 'Pseudomonas aeruginosa', project_name = 'GEMARA'; 
INSERT INTO metadata_clinic(clinic_id, isolate_id, sample_type, collection_ward) VALUES ('642', '750', '24', 'UCI Adultos') ON DUPLICATE KEY UPDATE sample_type = '24', collection_ward = 'UCI Adultos'; 
INSERT INTO phenotypic_data(phenotypic_data_id, isolate_id, ecdc_resistance_profile, cloxa_test, mbl_test) VALUES ('642', '750', 'S', '-', '-') ON DUPLICATE KEY UPDATE ecdc_resistance_profile = 'S', cloxa_test = '-', mbl_test = '-'; 
INSERT INTO sequence_analysis(sequence_analysis_id, isolate_id, ame_loci, beta_lactamase_loci, carbapenemase_loci, other_acq_ab_loci) VALUES ('750', '750', '-', '-', '-', '-') ON DUPLICATE KEY UPDATE ame_loci = '-', beta_lactamase_loci = '-', carbapenemase_loci = '-', other_acq_ab_loci = '-'; 
INSERT INTO metadata_general(isolate_id, isolate_name, species, project_name) VALUES ('751', 'CAT07-003 ', 'Pseudomonas aeruginosa', 'GEMARA') ON DUPLICATE KEY UPDATE isolate_name = 'CAT07-003 ', species = 'Pseudomonas aeruginosa', project_name = 'GEMARA'; 
INSERT INTO metadata_clinic(clinic_id, isolate_id, sample_type, collection_ward) VALUES ('643', '751', '22', 'Servicios médicos adultos') ON DUPLICATE KEY UPDATE sample_type = '22', collection_ward = 'Servicios médicos adultos'; 
INSERT INTO phenotypic_data(phenotypic_data_id, isolate_id, ecdc_resistance_profile, cloxa_test, mbl_test) VALUES ('643', '751', 'S', '-', '-') ON DUPLICATE KEY UPDATE ecdc_resistance_profile = 'S', cloxa_test = '-', mbl_test = '-'; 
INSERT INTO sequence_analysis(sequence_analysis_id, isolate_id, ame_loci, beta_lactamase_loci, carbapenemase_loci, other_acq_ab_loci) VALUES ('751', '751', '-', '-', '-', '-') ON DUPLICATE KEY UPDATE ame_loci = '-', beta_lactamase_loci = '-', carbapenemase_loci = '-', other_acq_ab_loci = '-'; 
INSERT INTO metadata_general(isolate_id, isolate_name, species, project_name) VALUES ('752', 'CAT07-005', 'Pseudomonas aeruginosa', 'GEMARA') ON DUPLICATE KEY UPDATE isolate_name = 'CAT07-005', species = 'Pseudomonas aeruginosa', project_name = 'GEMARA'; 
INSERT INTO metadata_clinic(clinic_id, isolate_id, sample_type, collection_ward) VALUES ('644', '752', '5', 'Consultas externas') ON DUPLICATE KEY UPDATE sample_type = '5', collection_ward = 'Consultas externas'; 
INSERT INTO phenotypic_data(phenotypic_data_id, isolate_id, ecdc_resistance_profile, cloxa_test, mbl_test) VALUES ('644', '752', 'S', '-', '-') ON DUPLICATE KEY UPDATE ecdc_resistance_profile = 'S', cloxa_test = '-', mbl_test = '-'; 
INSERT INTO sequence_analysis(sequence_analysis_id, isolate_id, ame_loci, beta_lactamase_loci, carbapenemase_loci, other_acq_ab_loci) VALUES ('752', '752', '-', '-', '-', '-') ON DUPLICATE KEY UPDATE ame_loci = '-', beta_lactamase_loci = '-', carbapenemase_loci = '-', other_acq_ab_loci = '-'; 
INSERT INTO metadata_general(isolate_id, isolate_name, species, project_name) VALUES ('753', 'CAT07-008 ', 'Pseudomonas aeruginosa', 'GEMARA') ON DUPLICATE KEY UPDATE isolate_name = 'CAT07-008 ', species = 'Pseudomonas aeruginosa', project_name = 'GEMARA'; 
INSERT INTO metadata_clinic(clinic_id, isolate_id, sample_type, collection_ward) VALUES ('645', '753', '10', 'Consultas externas') ON DUPLICATE KEY UPDATE sample_type = '10', collection_ward = 'Consultas externas'; 
INSERT INTO phenotypic_data(phenotypic_data_id, isolate_id, ecdc_resistance_profile, cloxa_test, mbl_test) VALUES ('645', '753', 'S', '-', '-') ON DUPLICATE KEY UPDATE ecdc_resistance_profile = 'S', cloxa_test = '-', mbl_test = '-'; 
INSERT INTO sequence_analysis(sequence_analysis_id, isolate_id, ame_loci, beta_lactamase_loci, carbapenemase_loci, other_acq_ab_loci) VALUES ('753', '753', '-', '-', '-', '-') ON DUPLICATE KEY UPDATE ame_loci = '-', beta_lactamase_loci = '-', carbapenemase_loci = '-', other_acq_ab_loci = '-'; 
INSERT INTO metadata_general(isolate_id, isolate_name, species, project_name) VALUES ('754', 'CAT07-014', 'Pseudomonas aeruginosa', 'GEMARA') ON DUPLICATE KEY UPDATE isolate_name = 'CAT07-014', species = 'Pseudomonas aeruginosa', project_name = 'GEMARA'; 
INSERT INTO metadata_clinic(clinic_id, isolate_id, sample_type, collection_ward) VALUES ('646', '754', '20', 'Servicios quirúrgicos adultos') ON DUPLICATE KEY UPDATE sample_type = '20', collection_ward = 'Servicios quirúrgicos adultos'; 
INSERT INTO phenotypic_data(phenotypic_data_id, isolate_id, ecdc_resistance_profile, cloxa_test, mbl_test) VALUES ('646', '754', 'S', '-', '-') ON DUPLICATE KEY UPDATE ecdc_resistance_profile = 'S', cloxa_test = '-', mbl_test = '-'; 
INSERT INTO sequence_analysis(sequence_analysis_id, isolate_id, ame_loci, beta_lactamase_loci, carbapenemase_loci, other_acq_ab_loci) VALUES ('754', '754', '-', '-', '-', '-') ON DUPLICATE KEY UPDATE ame_loci = '-', beta_lactamase_loci = '-', carbapenemase_loci = '-', other_acq_ab_loci = '-'; 
INSERT INTO metadata_general(isolate_id, isolate_name, species, project_name) VALUES ('755', 'CAT07-023 ', 'Pseudomonas aeruginosa', 'GEMARA') ON DUPLICATE KEY UPDATE isolate_name = 'CAT07-023 ', species = 'Pseudomonas aeruginosa', project_name = 'GEMARA'; 
INSERT INTO metadata_clinic(clinic_id, isolate_id, sample_type, collection_ward) VALUES ('647', '755', '22', 'UCI Adultos') ON DUPLICATE KEY UPDATE sample_type = '22', collection_ward = 'UCI Adultos'; 
INSERT INTO phenotypic_data(phenotypic_data_id, isolate_id, ecdc_resistance_profile, cloxa_test, mbl_test) VALUES ('647', '755', 'S', '-', '-') ON DUPLICATE KEY UPDATE ecdc_resistance_profile = 'S', cloxa_test = '-', mbl_test = '-'; 
INSERT INTO sequence_analysis(sequence_analysis_id, isolate_id, ame_loci, beta_lactamase_loci, carbapenemase_loci, other_acq_ab_loci) VALUES ('755', '755', '-', '-', '-', '-') ON DUPLICATE KEY UPDATE ame_loci = '-', beta_lactamase_loci = '-', carbapenemase_loci = '-', other_acq_ab_loci = '-'; 
INSERT INTO metadata_general(isolate_id, isolate_name, species, project_name) VALUES ('756', 'CAT07-006 ', 'Pseudomonas aeruginosa', 'GEMARA') ON DUPLICATE KEY UPDATE isolate_name = 'CAT07-006 ', species = 'Pseudomonas aeruginosa', project_name = 'GEMARA'; 
INSERT INTO metadata_clinic(clinic_id, isolate_id, sample_type, collection_ward) VALUES ('648', '756', '22', 'Urgencias adultos') ON DUPLICATE KEY UPDATE sample_type = '22', collection_ward = 'Urgencias adultos'; 
INSERT INTO phenotypic_data(phenotypic_data_id, isolate_id, ecdc_resistance_profile, cloxa_test, mbl_test) VALUES ('648', '756', 'S', '-', '-') ON DUPLICATE KEY UPDATE ecdc_resistance_profile = 'S', cloxa_test = '-', mbl_test = '-'; 
INSERT INTO sequence_analysis(sequence_analysis_id, isolate_id, ame_loci, beta_lactamase_loci, carbapenemase_loci, other_acq_ab_loci) VALUES ('756', '756', '-', '-', '-', '-') ON DUPLICATE KEY UPDATE ame_loci = '-', beta_lactamase_loci = '-', carbapenemase_loci = '-', other_acq_ab_loci = '-'; 
INSERT INTO metadata_general(isolate_id, isolate_name, species, project_name) VALUES ('757', 'CAT07-020 ', 'Pseudomonas aeruginosa', 'GEMARA') ON DUPLICATE KEY UPDATE isolate_name = 'CAT07-020 ', species = 'Pseudomonas aeruginosa', project_name = 'GEMARA'; 
INSERT INTO metadata_clinic(clinic_id, isolate_id, sample_type, collection_ward) VALUES ('649', '757', '1', 'Consultas externas') ON DUPLICATE KEY UPDATE sample_type = '1', collection_ward = 'Consultas externas'; 
INSERT INTO phenotypic_data(phenotypic_data_id, isolate_id, ecdc_resistance_profile, cloxa_test, mbl_test) VALUES ('649', '757', 'S', '-', '-') ON DUPLICATE KEY UPDATE ecdc_resistance_profile = 'S', cloxa_test = '-', mbl_test = '-'; 
INSERT INTO sequence_analysis(sequence_analysis_id, isolate_id, ame_loci, beta_lactamase_loci, carbapenemase_loci, other_acq_ab_loci) VALUES ('757', '757', '-', '-', '-', '-') ON DUPLICATE KEY UPDATE ame_loci = '-', beta_lactamase_loci = '-', carbapenemase_loci = '-', other_acq_ab_loci = '-'; 
INSERT INTO metadata_general(isolate_id, isolate_name, species, project_name) VALUES ('758', 'CAT08-030', 'Pseudomonas aeruginosa', 'GEMARA') ON DUPLICATE KEY UPDATE isolate_name = 'CAT08-030', species = 'Pseudomonas aeruginosa', project_name = 'GEMARA'; 
INSERT INTO metadata_clinic(clinic_id, isolate_id, sample_type, collection_ward) VALUES ('650', '758', '5', 'Urgencias adultos') ON DUPLICATE KEY UPDATE sample_type = '5', collection_ward = 'Urgencias adultos'; 
INSERT INTO phenotypic_data(phenotypic_data_id, isolate_id, ecdc_resistance_profile, cloxa_test, mbl_test) VALUES ('650', '758', 'MDR', '-', '-') ON DUPLICATE KEY UPDATE ecdc_resistance_profile = 'MDR', cloxa_test = '-', mbl_test = '-'; 
INSERT INTO sequence_analysis(sequence_analysis_id, isolate_id, ame_loci, beta_lactamase_loci, carbapenemase_loci, other_acq_ab_loci) VALUES ('758', '758', '-', '-', '-', '-') ON DUPLICATE KEY UPDATE ame_loci = '-', beta_lactamase_loci = '-', carbapenemase_loci = '-', other_acq_ab_loci = '-'; 
INSERT INTO metadata_general(isolate_id, isolate_name, species, project_name) VALUES ('759', 'CAT08-039', 'Pseudomonas aeruginosa', 'GEMARA') ON DUPLICATE KEY UPDATE isolate_name = 'CAT08-039', species = 'Pseudomonas aeruginosa', project_name = 'GEMARA'; 
INSERT INTO metadata_clinic(clinic_id, isolate_id, sample_type, collection_ward) VALUES ('651', '759', '6', 'Servicios médicos adultos') ON DUPLICATE KEY UPDATE sample_type = '6', collection_ward = 'Servicios médicos adultos'; 
INSERT INTO phenotypic_data(phenotypic_data_id, isolate_id, ecdc_resistance_profile, cloxa_test, mbl_test) VALUES ('651', '759', 'MDR', '-/+', '-') ON DUPLICATE KEY UPDATE ecdc_resistance_profile = 'MDR', cloxa_test = '-/+', mbl_test = '-'; 
INSERT INTO sequence_analysis(sequence_analysis_id, isolate_id, ame_loci, beta_lactamase_loci, carbapenemase_loci, other_acq_ab_loci) VALUES ('759', '759', '-', '-', '-', '-') ON DUPLICATE KEY UPDATE ame_loci = '-', beta_lactamase_loci = '-', carbapenemase_loci = '-', other_acq_ab_loci = '-'; 
INSERT INTO metadata_general(isolate_id, isolate_name, species, project_name) VALUES ('760', 'CAT08-022', 'Pseudomonas aeruginosa', 'GEMARA') ON DUPLICATE KEY UPDATE isolate_name = 'CAT08-022', species = 'Pseudomonas aeruginosa', project_name = 'GEMARA'; 
INSERT INTO metadata_clinic(clinic_id, isolate_id, sample_type, collection_ward) VALUES ('652', '760', '24', 'Servicios médicos adultos') ON DUPLICATE KEY UPDATE sample_type = '24', collection_ward = 'Servicios médicos adultos'; 
INSERT INTO phenotypic_data(phenotypic_data_id, isolate_id, ecdc_resistance_profile, cloxa_test, mbl_test) VALUES ('652', '760', 'S', '-', '-') ON DUPLICATE KEY UPDATE ecdc_resistance_profile = 'S', cloxa_test = '-', mbl_test = '-'; 
INSERT INTO sequence_analysis(sequence_analysis_id, isolate_id, ame_loci, beta_lactamase_loci, carbapenemase_loci, other_acq_ab_loci) VALUES ('760', '760', '-', '-', '-', '-') ON DUPLICATE KEY UPDATE ame_loci = '-', beta_lactamase_loci = '-', carbapenemase_loci = '-', other_acq_ab_loci = '-'; 
INSERT INTO metadata_general(isolate_id, isolate_name, species, project_name) VALUES ('761', 'CAT08-031', 'Pseudomonas aeruginosa', 'GEMARA') ON DUPLICATE KEY UPDATE isolate_name = 'CAT08-031', species = 'Pseudomonas aeruginosa', project_name = 'GEMARA'; 
INSERT INTO metadata_clinic(clinic_id, isolate_id, sample_type, collection_ward) VALUES ('653', '761', '5', 'Urgencias adultos') ON DUPLICATE KEY UPDATE sample_type = '5', collection_ward = 'Urgencias adultos'; 
INSERT INTO phenotypic_data(phenotypic_data_id, isolate_id, ecdc_resistance_profile, cloxa_test, mbl_test) VALUES ('653', '761', 'S', '-', '-') ON DUPLICATE KEY UPDATE ecdc_resistance_profile = 'S', cloxa_test = '-', mbl_test = '-'; 
INSERT INTO sequence_analysis(sequence_analysis_id, isolate_id, ame_loci, beta_lactamase_loci, carbapenemase_loci, other_acq_ab_loci) VALUES ('761', '761', '-', '-', '-', '-') ON DUPLICATE KEY UPDATE ame_loci = '-', beta_lactamase_loci = '-', carbapenemase_loci = '-', other_acq_ab_loci = '-'; 
INSERT INTO metadata_general(isolate_id, isolate_name, species, project_name) VALUES ('762', 'CAT08-036', 'Pseudomonas aeruginosa', 'GEMARA') ON DUPLICATE KEY UPDATE isolate_name = 'CAT08-036', species = 'Pseudomonas aeruginosa', project_name = 'GEMARA'; 
INSERT INTO metadata_clinic(clinic_id, isolate_id, sample_type, collection_ward) VALUES ('654', '762', '1', 'Consultas externas') ON DUPLICATE KEY UPDATE sample_type = '1', collection_ward = 'Consultas externas'; 
INSERT INTO phenotypic_data(phenotypic_data_id, isolate_id, ecdc_resistance_profile, cloxa_test, mbl_test) VALUES ('654', '762', 'S', '-', '-') ON DUPLICATE KEY UPDATE ecdc_resistance_profile = 'S', cloxa_test = '-', mbl_test = '-'; 
INSERT INTO sequence_analysis(sequence_analysis_id, isolate_id, ame_loci, beta_lactamase_loci, carbapenemase_loci, other_acq_ab_loci) VALUES ('762', '762', '-', '-', '-', '-') ON DUPLICATE KEY UPDATE ame_loci = '-', beta_lactamase_loci = '-', carbapenemase_loci = '-', other_acq_ab_loci = '-'; 
INSERT INTO metadata_general(isolate_id, isolate_name, species, project_name) VALUES ('763', 'CAT08-038', 'Pseudomonas aeruginosa', 'GEMARA') ON DUPLICATE KEY UPDATE isolate_name = 'CAT08-038', species = 'Pseudomonas aeruginosa', project_name = 'GEMARA'; 
INSERT INTO metadata_clinic(clinic_id, isolate_id, sample_type, collection_ward) VALUES ('655', '763', '4', 'Consultas externas') ON DUPLICATE KEY UPDATE sample_type = '4', collection_ward = 'Consultas externas'; 
INSERT INTO phenotypic_data(phenotypic_data_id, isolate_id, ecdc_resistance_profile, cloxa_test, mbl_test) VALUES ('655', '763', 'S', '-', '-') ON DUPLICATE KEY UPDATE ecdc_resistance_profile = 'S', cloxa_test = '-', mbl_test = '-'; 
INSERT INTO sequence_analysis(sequence_analysis_id, isolate_id, ame_loci, beta_lactamase_loci, carbapenemase_loci, other_acq_ab_loci) VALUES ('763', '763', '-', '-', '-', '-') ON DUPLICATE KEY UPDATE ame_loci = '-', beta_lactamase_loci = '-', carbapenemase_loci = '-', other_acq_ab_loci = '-'; 
INSERT INTO metadata_general(isolate_id, isolate_name, species, project_name) VALUES ('764', 'CAT08-028', 'Pseudomonas aeruginosa', 'GEMARA') ON DUPLICATE KEY UPDATE isolate_name = 'CAT08-028', species = 'Pseudomonas aeruginosa', project_name = 'GEMARA'; 
INSERT INTO metadata_clinic(clinic_id, isolate_id, sample_type, collection_ward) VALUES ('656', '764', '6', 'Urgencias adultos') ON DUPLICATE KEY UPDATE sample_type = '6', collection_ward = 'Urgencias adultos'; 
INSERT INTO phenotypic_data(phenotypic_data_id, isolate_id, ecdc_resistance_profile, cloxa_test, mbl_test) VALUES ('656', '764', 'S', '-', '-') ON DUPLICATE KEY UPDATE ecdc_resistance_profile = 'S', cloxa_test = '-', mbl_test = '-'; 
INSERT INTO sequence_analysis(sequence_analysis_id, isolate_id, ame_loci, beta_lactamase_loci, carbapenemase_loci, other_acq_ab_loci) VALUES ('764', '764', '-', '-', '-', '-') ON DUPLICATE KEY UPDATE ame_loci = '-', beta_lactamase_loci = '-', carbapenemase_loci = '-', other_acq_ab_loci = '-'; 
INSERT INTO metadata_general(isolate_id, isolate_name, species, project_name) VALUES ('765', 'CAT08-024', 'Pseudomonas aeruginosa', 'GEMARA') ON DUPLICATE KEY UPDATE isolate_name = 'CAT08-024', species = 'Pseudomonas aeruginosa', project_name = 'GEMARA'; 
INSERT INTO metadata_clinic(clinic_id, isolate_id, sample_type, collection_ward) VALUES ('657', '765', '5', 'Consultas externas') ON DUPLICATE KEY UPDATE sample_type = '5', collection_ward = 'Consultas externas'; 
INSERT INTO phenotypic_data(phenotypic_data_id, isolate_id, ecdc_resistance_profile, cloxa_test, mbl_test) VALUES ('657', '765', 'S', '-', '-') ON DUPLICATE KEY UPDATE ecdc_resistance_profile = 'S', cloxa_test = '-', mbl_test = '-'; 
INSERT INTO sequence_analysis(sequence_analysis_id, isolate_id, ame_loci, beta_lactamase_loci, carbapenemase_loci, other_acq_ab_loci) VALUES ('765', '765', '-', '-', '-', '-') ON DUPLICATE KEY UPDATE ame_loci = '-', beta_lactamase_loci = '-', carbapenemase_loci = '-', other_acq_ab_loci = '-'; 
INSERT INTO metadata_general(isolate_id, isolate_name, species, project_name) VALUES ('766', 'CAT08-042', 'Pseudomonas aeruginosa', 'GEMARA') ON DUPLICATE KEY UPDATE isolate_name = 'CAT08-042', species = 'Pseudomonas aeruginosa', project_name = 'GEMARA'; 
INSERT INTO metadata_clinic(clinic_id, isolate_id, sample_type, collection_ward) VALUES ('658', '766', '5', 'Servicios quirúrgicos adultos') ON DUPLICATE KEY UPDATE sample_type = '5', collection_ward = 'Servicios quirúrgicos adultos'; 
INSERT INTO phenotypic_data(phenotypic_data_id, isolate_id, ecdc_resistance_profile, cloxa_test, mbl_test) VALUES ('658', '766', 'S', '-', '-') ON DUPLICATE KEY UPDATE ecdc_resistance_profile = 'S', cloxa_test = '-', mbl_test = '-'; 
INSERT INTO sequence_analysis(sequence_analysis_id, isolate_id, ame_loci, beta_lactamase_loci, carbapenemase_loci, other_acq_ab_loci) VALUES ('766', '766', '-', '-', '-', '-') ON DUPLICATE KEY UPDATE ame_loci = '-', beta_lactamase_loci = '-', carbapenemase_loci = '-', other_acq_ab_loci = '-'; 
INSERT INTO metadata_general(isolate_id, isolate_name, species, project_name) VALUES ('767', 'CAT08-029', 'Pseudomonas aeruginosa', 'GEMARA') ON DUPLICATE KEY UPDATE isolate_name = 'CAT08-029', species = 'Pseudomonas aeruginosa', project_name = 'GEMARA'; 
INSERT INTO metadata_clinic(clinic_id, isolate_id, sample_type, collection_ward) VALUES ('659', '767', '6', 'Servicios médicos adultos') ON DUPLICATE KEY UPDATE sample_type = '6', collection_ward = 'Servicios médicos adultos'; 
INSERT INTO phenotypic_data(phenotypic_data_id, isolate_id, ecdc_resistance_profile, cloxa_test, mbl_test) VALUES ('659', '767', 'S', '-', '-') ON DUPLICATE KEY UPDATE ecdc_resistance_profile = 'S', cloxa_test = '-', mbl_test = '-'; 
INSERT INTO sequence_analysis(sequence_analysis_id, isolate_id, ame_loci, beta_lactamase_loci, carbapenemase_loci, other_acq_ab_loci) VALUES ('767', '767', '-', '-', '-', '-') ON DUPLICATE KEY UPDATE ame_loci = '-', beta_lactamase_loci = '-', carbapenemase_loci = '-', other_acq_ab_loci = '-'; 
INSERT INTO metadata_general(isolate_id, isolate_name, species, project_name) VALUES ('768', 'CAT08-040', 'Pseudomonas aeruginosa', 'GEMARA') ON DUPLICATE KEY UPDATE isolate_name = 'CAT08-040', species = 'Pseudomonas aeruginosa', project_name = 'GEMARA'; 
INSERT INTO metadata_clinic(clinic_id, isolate_id, sample_type, collection_ward) VALUES ('660', '768', '1', 'Servicios médicos adultos') ON DUPLICATE KEY UPDATE sample_type = '1', collection_ward = 'Servicios médicos adultos'; 
INSERT INTO phenotypic_data(phenotypic_data_id, isolate_id, ecdc_resistance_profile, cloxa_test, mbl_test) VALUES ('660', '768', 'S', '-', '-') ON DUPLICATE KEY UPDATE ecdc_resistance_profile = 'S', cloxa_test = '-', mbl_test = '-'; 
INSERT INTO sequence_analysis(sequence_analysis_id, isolate_id, ame_loci, beta_lactamase_loci, carbapenemase_loci, other_acq_ab_loci) VALUES ('768', '768', '-', '-', '-', '-') ON DUPLICATE KEY UPDATE ame_loci = '-', beta_lactamase_loci = '-', carbapenemase_loci = '-', other_acq_ab_loci = '-'; 
INSERT INTO metadata_general(isolate_id, isolate_name, species, project_name) VALUES ('769', 'CAT08-014', 'Pseudomonas aeruginosa', 'GEMARA') ON DUPLICATE KEY UPDATE isolate_name = 'CAT08-014', species = 'Pseudomonas aeruginosa', project_name = 'GEMARA'; 
INSERT INTO metadata_clinic(clinic_id, isolate_id, sample_type, collection_ward) VALUES ('661', '769', '5', 'Urgencias adultos') ON DUPLICATE KEY UPDATE sample_type = '5', collection_ward = 'Urgencias adultos'; 
INSERT INTO phenotypic_data(phenotypic_data_id, isolate_id, ecdc_resistance_profile, cloxa_test, mbl_test) VALUES ('661', '769', 'S', '-', '-') ON DUPLICATE KEY UPDATE ecdc_resistance_profile = 'S', cloxa_test = '-', mbl_test = '-'; 
INSERT INTO sequence_analysis(sequence_analysis_id, isolate_id, ame_loci, beta_lactamase_loci, carbapenemase_loci, other_acq_ab_loci) VALUES ('769', '769', '-', '-', '-', '-') ON DUPLICATE KEY UPDATE ame_loci = '-', beta_lactamase_loci = '-', carbapenemase_loci = '-', other_acq_ab_loci = '-'; 
INSERT INTO metadata_general(isolate_id, isolate_name, species, project_name) VALUES ('770', 'CAT08-021', 'Pseudomonas aeruginosa', 'GEMARA') ON DUPLICATE KEY UPDATE isolate_name = 'CAT08-021', species = 'Pseudomonas aeruginosa', project_name = 'GEMARA'; 
INSERT INTO metadata_clinic(clinic_id, isolate_id, sample_type, collection_ward) VALUES ('662', '770', '22', 'Servicios médicos adultos') ON DUPLICATE KEY UPDATE sample_type = '22', collection_ward = 'Servicios médicos adultos'; 
INSERT INTO phenotypic_data(phenotypic_data_id, isolate_id, ecdc_resistance_profile, cloxa_test, mbl_test) VALUES ('662', '770', 'S', '-', '-') ON DUPLICATE KEY UPDATE ecdc_resistance_profile = 'S', cloxa_test = '-', mbl_test = '-'; 
INSERT INTO sequence_analysis(sequence_analysis_id, isolate_id, ame_loci, beta_lactamase_loci, carbapenemase_loci, other_acq_ab_loci) VALUES ('770', '770', '-', '-', '-', '-') ON DUPLICATE KEY UPDATE ame_loci = '-', beta_lactamase_loci = '-', carbapenemase_loci = '-', other_acq_ab_loci = '-'; 
INSERT INTO metadata_general(isolate_id, isolate_name, species, project_name) VALUES ('771', 'CAT08-032', 'Pseudomonas aeruginosa', 'GEMARA') ON DUPLICATE KEY UPDATE isolate_name = 'CAT08-032', species = 'Pseudomonas aeruginosa', project_name = 'GEMARA'; 
INSERT INTO metadata_clinic(clinic_id, isolate_id, sample_type, collection_ward) VALUES ('663', '771', '6', 'Servicios quirúrgicos adultos') ON DUPLICATE KEY UPDATE sample_type = '6', collection_ward = 'Servicios quirúrgicos adultos'; 
INSERT INTO phenotypic_data(phenotypic_data_id, isolate_id, ecdc_resistance_profile, cloxa_test, mbl_test) VALUES ('663', '771', 'S', '-', '-') ON DUPLICATE KEY UPDATE ecdc_resistance_profile = 'S', cloxa_test = '-', mbl_test = '-'; 
INSERT INTO sequence_analysis(sequence_analysis_id, isolate_id, ame_loci, beta_lactamase_loci, carbapenemase_loci, other_acq_ab_loci) VALUES ('771', '771', '-', '-', '-', '-') ON DUPLICATE KEY UPDATE ame_loci = '-', beta_lactamase_loci = '-', carbapenemase_loci = '-', other_acq_ab_loci = '-'; 
INSERT INTO metadata_general(isolate_id, isolate_name, species, project_name) VALUES ('772', 'CAT08-041', 'Pseudomonas aeruginosa', 'GEMARA') ON DUPLICATE KEY UPDATE isolate_name = 'CAT08-041', species = 'Pseudomonas aeruginosa', project_name = 'GEMARA'; 
INSERT INTO metadata_clinic(clinic_id, isolate_id, sample_type, collection_ward) VALUES ('664', '772', '8', 'Consultas externas') ON DUPLICATE KEY UPDATE sample_type = '8', collection_ward = 'Consultas externas'; 
INSERT INTO phenotypic_data(phenotypic_data_id, isolate_id, ecdc_resistance_profile, cloxa_test, mbl_test) VALUES ('664', '772', 'S', '-', '-') ON DUPLICATE KEY UPDATE ecdc_resistance_profile = 'S', cloxa_test = '-', mbl_test = '-'; 
INSERT INTO sequence_analysis(sequence_analysis_id, isolate_id, ame_loci, beta_lactamase_loci, carbapenemase_loci, other_acq_ab_loci) VALUES ('772', '772', '-', '-', '-', '-') ON DUPLICATE KEY UPDATE ame_loci = '-', beta_lactamase_loci = '-', carbapenemase_loci = '-', other_acq_ab_loci = '-'; 
INSERT INTO metadata_general(isolate_id, isolate_name, species, project_name) VALUES ('773', 'CAT08-023', 'Pseudomonas aeruginosa', 'GEMARA') ON DUPLICATE KEY UPDATE isolate_name = 'CAT08-023', species = 'Pseudomonas aeruginosa', project_name = 'GEMARA'; 
INSERT INTO metadata_clinic(clinic_id, isolate_id, sample_type, collection_ward) VALUES ('665', '773', '1', 'Consultas externas') ON DUPLICATE KEY UPDATE sample_type = '1', collection_ward = 'Consultas externas'; 
INSERT INTO phenotypic_data(phenotypic_data_id, isolate_id, ecdc_resistance_profile, cloxa_test, mbl_test) VALUES ('665', '773', 'S', '-', '-') ON DUPLICATE KEY UPDATE ecdc_resistance_profile = 'S', cloxa_test = '-', mbl_test = '-'; 
INSERT INTO sequence_analysis(sequence_analysis_id, isolate_id, ame_loci, beta_lactamase_loci, carbapenemase_loci, other_acq_ab_loci) VALUES ('773', '773', '-', '-', '-', '-') ON DUPLICATE KEY UPDATE ame_loci = '-', beta_lactamase_loci = '-', carbapenemase_loci = '-', other_acq_ab_loci = '-'; 
INSERT INTO metadata_general(isolate_id, isolate_name, species, project_name) VALUES ('774', 'CAT08-027', 'Pseudomonas aeruginosa', 'GEMARA') ON DUPLICATE KEY UPDATE isolate_name = 'CAT08-027', species = 'Pseudomonas aeruginosa', project_name = 'GEMARA'; 
INSERT INTO metadata_clinic(clinic_id, isolate_id, sample_type, collection_ward) VALUES ('666', '774', '1', 'Consultas externas') ON DUPLICATE KEY UPDATE sample_type = '1', collection_ward = 'Consultas externas'; 
INSERT INTO phenotypic_data(phenotypic_data_id, isolate_id, ecdc_resistance_profile, cloxa_test, mbl_test) VALUES ('666', '774', 'S', '-', '-') ON DUPLICATE KEY UPDATE ecdc_resistance_profile = 'S', cloxa_test = '-', mbl_test = '-'; 
INSERT INTO sequence_analysis(sequence_analysis_id, isolate_id, ame_loci, beta_lactamase_loci, carbapenemase_loci, other_acq_ab_loci) VALUES ('774', '774', '-', '-', '-', '-') ON DUPLICATE KEY UPDATE ame_loci = '-', beta_lactamase_loci = '-', carbapenemase_loci = '-', other_acq_ab_loci = '-'; 
INSERT INTO metadata_general(isolate_id, isolate_name, species, project_name) VALUES ('775', 'CAT08-013', 'Pseudomonas aeruginosa', 'GEMARA') ON DUPLICATE KEY UPDATE isolate_name = 'CAT08-013', species = 'Pseudomonas aeruginosa', project_name = 'GEMARA'; 
INSERT INTO metadata_clinic(clinic_id, isolate_id, sample_type, collection_ward) VALUES ('667', '775', '1', 'Urgencias adultos') ON DUPLICATE KEY UPDATE sample_type = '1', collection_ward = 'Urgencias adultos'; 
INSERT INTO phenotypic_data(phenotypic_data_id, isolate_id, ecdc_resistance_profile, cloxa_test, mbl_test) VALUES ('667', '775', 'S', '-', '-') ON DUPLICATE KEY UPDATE ecdc_resistance_profile = 'S', cloxa_test = '-', mbl_test = '-'; 
INSERT INTO sequence_analysis(sequence_analysis_id, isolate_id, ame_loci, beta_lactamase_loci, carbapenemase_loci, other_acq_ab_loci) VALUES ('775', '775', '-', '-', '-', '-') ON DUPLICATE KEY UPDATE ame_loci = '-', beta_lactamase_loci = '-', carbapenemase_loci = '-', other_acq_ab_loci = '-'; 
INSERT INTO metadata_general(isolate_id, isolate_name, species, project_name) VALUES ('776', 'CAT08-015', 'Pseudomonas aeruginosa', 'GEMARA') ON DUPLICATE KEY UPDATE isolate_name = 'CAT08-015', species = 'Pseudomonas aeruginosa', project_name = 'GEMARA'; 
INSERT INTO metadata_clinic(clinic_id, isolate_id, sample_type, collection_ward) VALUES ('668', '776', '4', 'Servicios quirúrgicos adultos') ON DUPLICATE KEY UPDATE sample_type = '4', collection_ward = 'Servicios quirúrgicos adultos'; 
INSERT INTO phenotypic_data(phenotypic_data_id, isolate_id, ecdc_resistance_profile, cloxa_test, mbl_test) VALUES ('668', '776', 'S', '-', '-') ON DUPLICATE KEY UPDATE ecdc_resistance_profile = 'S', cloxa_test = '-', mbl_test = '-'; 
INSERT INTO sequence_analysis(sequence_analysis_id, isolate_id, ame_loci, beta_lactamase_loci, carbapenemase_loci, other_acq_ab_loci) VALUES ('776', '776', '-', '-', '-', '-') ON DUPLICATE KEY UPDATE ame_loci = '-', beta_lactamase_loci = '-', carbapenemase_loci = '-', other_acq_ab_loci = '-'; 
INSERT INTO metadata_general(isolate_id, isolate_name, species, project_name) VALUES ('777', 'CAT08-016', 'Pseudomonas aeruginosa', 'GEMARA') ON DUPLICATE KEY UPDATE isolate_name = 'CAT08-016', species = 'Pseudomonas aeruginosa', project_name = 'GEMARA'; 
INSERT INTO metadata_clinic(clinic_id, isolate_id, sample_type, collection_ward) VALUES ('669', '777', '5', 'Servicios médicos adultos') ON DUPLICATE KEY UPDATE sample_type = '5', collection_ward = 'Servicios médicos adultos'; 
INSERT INTO phenotypic_data(phenotypic_data_id, isolate_id, ecdc_resistance_profile, cloxa_test, mbl_test) VALUES ('669', '777', 'S', '-', '-') ON DUPLICATE KEY UPDATE ecdc_resistance_profile = 'S', cloxa_test = '-', mbl_test = '-'; 
INSERT INTO sequence_analysis(sequence_analysis_id, isolate_id, ame_loci, beta_lactamase_loci, carbapenemase_loci, other_acq_ab_loci) VALUES ('777', '777', '-', '-', '-', '-') ON DUPLICATE KEY UPDATE ame_loci = '-', beta_lactamase_loci = '-', carbapenemase_loci = '-', other_acq_ab_loci = '-'; 
INSERT INTO metadata_general(isolate_id, isolate_name, species, project_name) VALUES ('778', 'CAT08-033', 'Pseudomonas aeruginosa', 'GEMARA') ON DUPLICATE KEY UPDATE isolate_name = 'CAT08-033', species = 'Pseudomonas aeruginosa', project_name = 'GEMARA'; 
INSERT INTO metadata_clinic(clinic_id, isolate_id, sample_type, collection_ward) VALUES ('670', '778', '5', 'Servicios médicos adultos') ON DUPLICATE KEY UPDATE sample_type = '5', collection_ward = 'Servicios médicos adultos'; 
INSERT INTO phenotypic_data(phenotypic_data_id, isolate_id, ecdc_resistance_profile, cloxa_test, mbl_test) VALUES ('670', '778', 'S', '-', '-') ON DUPLICATE KEY UPDATE ecdc_resistance_profile = 'S', cloxa_test = '-', mbl_test = '-'; 
INSERT INTO sequence_analysis(sequence_analysis_id, isolate_id, ame_loci, beta_lactamase_loci, carbapenemase_loci, other_acq_ab_loci) VALUES ('778', '778', '-', '-', '-', '-') ON DUPLICATE KEY UPDATE ame_loci = '-', beta_lactamase_loci = '-', carbapenemase_loci = '-', other_acq_ab_loci = '-'; 
INSERT INTO metadata_general(isolate_id, isolate_name, species, project_name) VALUES ('779', 'CAT08-037', 'Pseudomonas aeruginosa', 'GEMARA') ON DUPLICATE KEY UPDATE isolate_name = 'CAT08-037', species = 'Pseudomonas aeruginosa', project_name = 'GEMARA'; 
INSERT INTO metadata_clinic(clinic_id, isolate_id, sample_type, collection_ward) VALUES ('671', '779', '1', 'Servicios quirúrgicos adultos') ON DUPLICATE KEY UPDATE sample_type = '1', collection_ward = 'Servicios quirúrgicos adultos'; 
INSERT INTO phenotypic_data(phenotypic_data_id, isolate_id, ecdc_resistance_profile, cloxa_test, mbl_test) VALUES ('671', '779', 'S', '-', '-') ON DUPLICATE KEY UPDATE ecdc_resistance_profile = 'S', cloxa_test = '-', mbl_test = '-'; 
INSERT INTO sequence_analysis(sequence_analysis_id, isolate_id, ame_loci, beta_lactamase_loci, carbapenemase_loci, other_acq_ab_loci) VALUES ('779', '779', '-', '-', '-', '-') ON DUPLICATE KEY UPDATE ame_loci = '-', beta_lactamase_loci = '-', carbapenemase_loci = '-', other_acq_ab_loci = '-'; 
INSERT INTO metadata_general(isolate_id, isolate_name, species, project_name) VALUES ('780', 'CAT08-017', 'Pseudomonas aeruginosa', 'GEMARA') ON DUPLICATE KEY UPDATE isolate_name = 'CAT08-017', species = 'Pseudomonas aeruginosa', project_name = 'GEMARA'; 
INSERT INTO metadata_clinic(clinic_id, isolate_id, sample_type, collection_ward) VALUES ('672', '780', '1', 'Servicios médicos adultos') ON DUPLICATE KEY UPDATE sample_type = '1', collection_ward = 'Servicios médicos adultos'; 
INSERT INTO phenotypic_data(phenotypic_data_id, isolate_id, ecdc_resistance_profile, cloxa_test, mbl_test) VALUES ('672', '780', 'S', '-', '-') ON DUPLICATE KEY UPDATE ecdc_resistance_profile = 'S', cloxa_test = '-', mbl_test = '-'; 
INSERT INTO sequence_analysis(sequence_analysis_id, isolate_id, ame_loci, beta_lactamase_loci, carbapenemase_loci, other_acq_ab_loci) VALUES ('780', '780', '-', '-', '-', '-') ON DUPLICATE KEY UPDATE ame_loci = '-', beta_lactamase_loci = '-', carbapenemase_loci = '-', other_acq_ab_loci = '-'; 
INSERT INTO metadata_general(isolate_id, isolate_name, species, project_name) VALUES ('781', 'CAT08-018', 'Pseudomonas aeruginosa', 'GEMARA') ON DUPLICATE KEY UPDATE isolate_name = 'CAT08-018', species = 'Pseudomonas aeruginosa', project_name = 'GEMARA'; 
INSERT INTO metadata_clinic(clinic_id, isolate_id, sample_type, collection_ward) VALUES ('673', '781', '1', 'Servicios médicos adultos') ON DUPLICATE KEY UPDATE sample_type = '1', collection_ward = 'Servicios médicos adultos'; 
INSERT INTO phenotypic_data(phenotypic_data_id, isolate_id, ecdc_resistance_profile, cloxa_test, mbl_test) VALUES ('673', '781', 'S', '-', '-') ON DUPLICATE KEY UPDATE ecdc_resistance_profile = 'S', cloxa_test = '-', mbl_test = '-'; 
INSERT INTO sequence_analysis(sequence_analysis_id, isolate_id, ame_loci, beta_lactamase_loci, carbapenemase_loci, other_acq_ab_loci) VALUES ('781', '781', '-', '-', '-', '-') ON DUPLICATE KEY UPDATE ame_loci = '-', beta_lactamase_loci = '-', carbapenemase_loci = '-', other_acq_ab_loci = '-'; 
INSERT INTO metadata_general(isolate_id, isolate_name, species, project_name) VALUES ('782', 'CAT08-019', 'Pseudomonas aeruginosa', 'GEMARA') ON DUPLICATE KEY UPDATE isolate_name = 'CAT08-019', species = 'Pseudomonas aeruginosa', project_name = 'GEMARA'; 
INSERT INTO metadata_clinic(clinic_id, isolate_id, sample_type, collection_ward) VALUES ('674', '782', '15', 'Servicios quirúrgicos adultos') ON DUPLICATE KEY UPDATE sample_type = '15', collection_ward = 'Servicios quirúrgicos adultos'; 
INSERT INTO phenotypic_data(phenotypic_data_id, isolate_id, ecdc_resistance_profile, cloxa_test, mbl_test) VALUES ('674', '782', 'S', '-', '-') ON DUPLICATE KEY UPDATE ecdc_resistance_profile = 'S', cloxa_test = '-', mbl_test = '-'; 
INSERT INTO sequence_analysis(sequence_analysis_id, isolate_id, ame_loci, beta_lactamase_loci, carbapenemase_loci, other_acq_ab_loci) VALUES ('782', '782', '-', '-', '-', '-') ON DUPLICATE KEY UPDATE ame_loci = '-', beta_lactamase_loci = '-', carbapenemase_loci = '-', other_acq_ab_loci = '-'; 
INSERT INTO metadata_general(isolate_id, isolate_name, species, project_name) VALUES ('81', 'CAT08-034', 'Pseudomonas aeruginosa', 'GEMARA') ON DUPLICATE KEY UPDATE isolate_name = 'CAT08-034', species = 'Pseudomonas aeruginosa', project_name = 'GEMARA'; 
INSERT INTO metadata_clinic(clinic_id, isolate_id, sample_type, collection_ward) VALUES ('675', '81', '5', 'Centro sociosanitario') ON DUPLICATE KEY UPDATE sample_type = '5', collection_ward = 'Centro sociosanitario'; 
INSERT INTO phenotypic_data(phenotypic_data_id, isolate_id, ecdc_resistance_profile, cloxa_test, mbl_test) VALUES ('675', '81', 'XDR', '+/+', '-') ON DUPLICATE KEY UPDATE ecdc_resistance_profile = 'XDR', cloxa_test = '+/+', mbl_test = '-'; 
INSERT INTO sequence_analysis(sequence_analysis_id, isolate_id, ame_loci, beta_lactamase_loci, carbapenemase_loci, other_acq_ab_loci) VALUES ('81', '81', 'aadB', '-', '-', '-') ON DUPLICATE KEY UPDATE ame_loci = 'aadB', beta_lactamase_loci = '-', carbapenemase_loci = '-', other_acq_ab_loci = '-'; 
INSERT INTO metadata_general(isolate_id, isolate_name, species, project_name) VALUES ('783', 'CAT08-035', 'Pseudomonas aeruginosa', 'GEMARA') ON DUPLICATE KEY UPDATE isolate_name = 'CAT08-035', species = 'Pseudomonas aeruginosa', project_name = 'GEMARA'; 
INSERT INTO metadata_clinic(clinic_id, isolate_id, sample_type, collection_ward) VALUES ('676', '783', '1', 'Consultas externas') ON DUPLICATE KEY UPDATE sample_type = '1', collection_ward = 'Consultas externas'; 
INSERT INTO phenotypic_data(phenotypic_data_id, isolate_id, ecdc_resistance_profile, cloxa_test, mbl_test) VALUES ('676', '783', 'XDR', '+/+', '-') ON DUPLICATE KEY UPDATE ecdc_resistance_profile = 'XDR', cloxa_test = '+/+', mbl_test = '-'; 
INSERT INTO sequence_analysis(sequence_analysis_id, isolate_id, ame_loci, beta_lactamase_loci, carbapenemase_loci, other_acq_ab_loci) VALUES ('783', '783', '-', '-', '-', '-') ON DUPLICATE KEY UPDATE ame_loci = '-', beta_lactamase_loci = '-', carbapenemase_loci = '-', other_acq_ab_loci = '-'; 
INSERT INTO metadata_general(isolate_id, isolate_name, species, project_name) VALUES ('80', 'CAT08-026', 'Pseudomonas aeruginosa', 'GEMARA') ON DUPLICATE KEY UPDATE isolate_name = 'CAT08-026', species = 'Pseudomonas aeruginosa', project_name = 'GEMARA'; 
INSERT INTO metadata_clinic(clinic_id, isolate_id, sample_type, collection_ward) VALUES ('677', '80', '22', 'Consultas externas') ON DUPLICATE KEY UPDATE sample_type = '22', collection_ward = 'Consultas externas'; 
INSERT INTO phenotypic_data(phenotypic_data_id, isolate_id, ecdc_resistance_profile, cloxa_test, mbl_test) VALUES ('677', '80', 'XDR', 's/s', '-') ON DUPLICATE KEY UPDATE ecdc_resistance_profile = 'XDR', cloxa_test = 's/s', mbl_test = '-'; 
INSERT INTO sequence_analysis(sequence_analysis_id, isolate_id, ame_loci, beta_lactamase_loci, carbapenemase_loci, other_acq_ab_loci) VALUES ('80', '80', 'aacA4, aadA1, aph(3\')-Ib, aac(6\')Ib-cr', ' blaCARB-12', 'class-A beta-lactamase (blaAER - Aeromonas hydrophyla like)', 'QnrVC1, dfrA1') ON DUPLICATE KEY UPDATE ame_loci = 'aacA4, aadA1, aph(3\')-Ib, aac(6\')Ib-cr', beta_lactamase_loci = ' blaCARB-12', carbapenemase_loci = 'class-A beta-lactamase (blaAER - Aeromonas hydrophyla like)', other_acq_ab_loci = 'QnrVC1, dfrA1'; 
INSERT INTO metadata_general(isolate_id, isolate_name, species, project_name) VALUES ('78', 'CAT08-020', 'Pseudomonas aeruginosa', 'GEMARA') ON DUPLICATE KEY UPDATE isolate_name = 'CAT08-020', species = 'Pseudomonas aeruginosa', project_name = 'GEMARA'; 
INSERT INTO metadata_clinic(clinic_id, isolate_id, sample_type, collection_ward) VALUES ('678', '78', '5', 'Urgencias adultos') ON DUPLICATE KEY UPDATE sample_type = '5', collection_ward = 'Urgencias adultos'; 
INSERT INTO phenotypic_data(phenotypic_data_id, isolate_id, ecdc_resistance_profile, cloxa_test, mbl_test) VALUES ('678', '78', 'XDR', '+/+', '-') ON DUPLICATE KEY UPDATE ecdc_resistance_profile = 'XDR', cloxa_test = '+/+', mbl_test = '-'; 
INSERT INTO sequence_analysis(sequence_analysis_id, isolate_id, ame_loci, beta_lactamase_loci, carbapenemase_loci, other_acq_ab_loci) VALUES ('78', '78', 'aadB', '-', '-', '-') ON DUPLICATE KEY UPDATE ame_loci = 'aadB', beta_lactamase_loci = '-', carbapenemase_loci = '-', other_acq_ab_loci = '-'; 
INSERT INTO metadata_general(isolate_id, isolate_name, species, project_name) VALUES ('79', 'CAT08-025', 'Pseudomonas aeruginosa', 'GEMARA') ON DUPLICATE KEY UPDATE isolate_name = 'CAT08-025', species = 'Pseudomonas aeruginosa', project_name = 'GEMARA'; 
INSERT INTO metadata_clinic(clinic_id, isolate_id, sample_type, collection_ward) VALUES ('679', '79', '5', 'Urgencias adultos') ON DUPLICATE KEY UPDATE sample_type = '5', collection_ward = 'Urgencias adultos'; 
INSERT INTO phenotypic_data(phenotypic_data_id, isolate_id, ecdc_resistance_profile, cloxa_test, mbl_test) VALUES ('679', '79', 'XDR', '-/+', '-') ON DUPLICATE KEY UPDATE ecdc_resistance_profile = 'XDR', cloxa_test = '-/+', mbl_test = '-'; 
INSERT INTO sequence_analysis(sequence_analysis_id, isolate_id, ame_loci, beta_lactamase_loci, carbapenemase_loci, other_acq_ab_loci) VALUES ('79', '79', '-', '-', '-', '-') ON DUPLICATE KEY UPDATE ame_loci = '-', beta_lactamase_loci = '-', carbapenemase_loci = '-', other_acq_ab_loci = '-'; 
INSERT INTO metadata_general(isolate_id, isolate_name, species, project_name) VALUES ('784', 'CAT09-019', 'Pseudomonas aeruginosa', 'GEMARA') ON DUPLICATE KEY UPDATE isolate_name = 'CAT09-019', species = 'Pseudomonas aeruginosa', project_name = 'GEMARA'; 
INSERT INTO metadata_clinic(clinic_id, isolate_id, sample_type, collection_ward) VALUES ('680', '784', '6', 'Urgencias adultos') ON DUPLICATE KEY UPDATE sample_type = '6', collection_ward = 'Urgencias adultos'; 
INSERT INTO phenotypic_data(phenotypic_data_id, isolate_id, ecdc_resistance_profile, cloxa_test, mbl_test) VALUES ('680', '784', 'MDR', '-', '-') ON DUPLICATE KEY UPDATE ecdc_resistance_profile = 'MDR', cloxa_test = '-', mbl_test = '-'; 
INSERT INTO sequence_analysis(sequence_analysis_id, isolate_id, ame_loci, beta_lactamase_loci, carbapenemase_loci, other_acq_ab_loci) VALUES ('784', '784', '-', '-', '-', '-') ON DUPLICATE KEY UPDATE ame_loci = '-', beta_lactamase_loci = '-', carbapenemase_loci = '-', other_acq_ab_loci = '-'; 
INSERT INTO metadata_general(isolate_id, isolate_name, species, project_name) VALUES ('785', 'CAT09-030', 'Pseudomonas aeruginosa', 'GEMARA') ON DUPLICATE KEY UPDATE isolate_name = 'CAT09-030', species = 'Pseudomonas aeruginosa', project_name = 'GEMARA'; 
INSERT INTO metadata_clinic(clinic_id, isolate_id, sample_type, collection_ward) VALUES ('681', '785', '1', 'Urgencias adultos') ON DUPLICATE KEY UPDATE sample_type = '1', collection_ward = 'Urgencias adultos'; 
INSERT INTO phenotypic_data(phenotypic_data_id, isolate_id, ecdc_resistance_profile, cloxa_test, mbl_test) VALUES ('681', '785', 'MDR', '-', '-') ON DUPLICATE KEY UPDATE ecdc_resistance_profile = 'MDR', cloxa_test = '-', mbl_test = '-'; 
INSERT INTO sequence_analysis(sequence_analysis_id, isolate_id, ame_loci, beta_lactamase_loci, carbapenemase_loci, other_acq_ab_loci) VALUES ('785', '785', '-', '-', '-', '-') ON DUPLICATE KEY UPDATE ame_loci = '-', beta_lactamase_loci = '-', carbapenemase_loci = '-', other_acq_ab_loci = '-'; 
INSERT INTO metadata_general(isolate_id, isolate_name, species, project_name) VALUES ('786', 'CAT09-010', 'Pseudomonas aeruginosa', 'GEMARA') ON DUPLICATE KEY UPDATE isolate_name = 'CAT09-010', species = 'Pseudomonas aeruginosa', project_name = 'GEMARA'; 
INSERT INTO metadata_clinic(clinic_id, isolate_id, sample_type, collection_ward) VALUES ('682', '786', '1', 'Consultas externas') ON DUPLICATE KEY UPDATE sample_type = '1', collection_ward = 'Consultas externas'; 
INSERT INTO phenotypic_data(phenotypic_data_id, isolate_id, ecdc_resistance_profile, cloxa_test, mbl_test) VALUES ('682', '786', 'MDR', '-', '-') ON DUPLICATE KEY UPDATE ecdc_resistance_profile = 'MDR', cloxa_test = '-', mbl_test = '-'; 
INSERT INTO sequence_analysis(sequence_analysis_id, isolate_id, ame_loci, beta_lactamase_loci, carbapenemase_loci, other_acq_ab_loci) VALUES ('786', '786', '-', '-', '-', '-') ON DUPLICATE KEY UPDATE ame_loci = '-', beta_lactamase_loci = '-', carbapenemase_loci = '-', other_acq_ab_loci = '-'; 
INSERT INTO metadata_general(isolate_id, isolate_name, species, project_name) VALUES ('787', 'CAT09-005', 'Pseudomonas aeruginosa', 'GEMARA') ON DUPLICATE KEY UPDATE isolate_name = 'CAT09-005', species = 'Pseudomonas aeruginosa', project_name = 'GEMARA'; 
INSERT INTO metadata_clinic(clinic_id, isolate_id, sample_type, collection_ward) VALUES ('683', '787', '5', 'Urgencias adultos') ON DUPLICATE KEY UPDATE sample_type = '5', collection_ward = 'Urgencias adultos'; 
INSERT INTO phenotypic_data(phenotypic_data_id, isolate_id, ecdc_resistance_profile, cloxa_test, mbl_test) VALUES ('683', '787', 'S', '-', '-') ON DUPLICATE KEY UPDATE ecdc_resistance_profile = 'S', cloxa_test = '-', mbl_test = '-'; 
INSERT INTO sequence_analysis(sequence_analysis_id, isolate_id, ame_loci, beta_lactamase_loci, carbapenemase_loci, other_acq_ab_loci) VALUES ('787', '787', '-', '-', '-', '-') ON DUPLICATE KEY UPDATE ame_loci = '-', beta_lactamase_loci = '-', carbapenemase_loci = '-', other_acq_ab_loci = '-'; 
INSERT INTO metadata_general(isolate_id, isolate_name, species, project_name) VALUES ('788', 'CAT09-007', 'Pseudomonas aeruginosa', 'GEMARA') ON DUPLICATE KEY UPDATE isolate_name = 'CAT09-007', species = 'Pseudomonas aeruginosa', project_name = 'GEMARA'; 
INSERT INTO metadata_clinic(clinic_id, isolate_id, sample_type, collection_ward) VALUES ('684', '788', '1', 'Consultas externas') ON DUPLICATE KEY UPDATE sample_type = '1', collection_ward = 'Consultas externas'; 
INSERT INTO phenotypic_data(phenotypic_data_id, isolate_id, ecdc_resistance_profile, cloxa_test, mbl_test) VALUES ('684', '788', 'S', '-', '-') ON DUPLICATE KEY UPDATE ecdc_resistance_profile = 'S', cloxa_test = '-', mbl_test = '-'; 
INSERT INTO sequence_analysis(sequence_analysis_id, isolate_id, ame_loci, beta_lactamase_loci, carbapenemase_loci, other_acq_ab_loci) VALUES ('788', '788', '-', '-', '-', '-') ON DUPLICATE KEY UPDATE ame_loci = '-', beta_lactamase_loci = '-', carbapenemase_loci = '-', other_acq_ab_loci = '-'; 
INSERT INTO metadata_general(isolate_id, isolate_name, species, project_name) VALUES ('789', 'CAT09-017', 'Pseudomonas aeruginosa', 'GEMARA') ON DUPLICATE KEY UPDATE isolate_name = 'CAT09-017', species = 'Pseudomonas aeruginosa', project_name = 'GEMARA'; 
INSERT INTO metadata_clinic(clinic_id, isolate_id, sample_type, collection_ward) VALUES ('685', '789', '1', 'Urgencias adultos') ON DUPLICATE KEY UPDATE sample_type = '1', collection_ward = 'Urgencias adultos'; 
INSERT INTO phenotypic_data(phenotypic_data_id, isolate_id, ecdc_resistance_profile, cloxa_test, mbl_test) VALUES ('685', '789', 'S', '-', '-') ON DUPLICATE KEY UPDATE ecdc_resistance_profile = 'S', cloxa_test = '-', mbl_test = '-'; 
INSERT INTO sequence_analysis(sequence_analysis_id, isolate_id, ame_loci, beta_lactamase_loci, carbapenemase_loci, other_acq_ab_loci) VALUES ('789', '789', '-', '-', '-', '-') ON DUPLICATE KEY UPDATE ame_loci = '-', beta_lactamase_loci = '-', carbapenemase_loci = '-', other_acq_ab_loci = '-'; 
INSERT INTO metadata_general(isolate_id, isolate_name, species, project_name) VALUES ('790', 'CAT09-006', 'Pseudomonas aeruginosa', 'GEMARA') ON DUPLICATE KEY UPDATE isolate_name = 'CAT09-006', species = 'Pseudomonas aeruginosa', project_name = 'GEMARA'; 
INSERT INTO metadata_clinic(clinic_id, isolate_id, sample_type, collection_ward) VALUES ('686', '790', '5', 'Urgencias adultos') ON DUPLICATE KEY UPDATE sample_type = '5', collection_ward = 'Urgencias adultos'; 
INSERT INTO phenotypic_data(phenotypic_data_id, isolate_id, ecdc_resistance_profile, cloxa_test, mbl_test) VALUES ('686', '790', 'S', '-', '-') ON DUPLICATE KEY UPDATE ecdc_resistance_profile = 'S', cloxa_test = '-', mbl_test = '-'; 
INSERT INTO sequence_analysis(sequence_analysis_id, isolate_id, ame_loci, beta_lactamase_loci, carbapenemase_loci, other_acq_ab_loci) VALUES ('790', '790', '-', '-', '-', '-') ON DUPLICATE KEY UPDATE ame_loci = '-', beta_lactamase_loci = '-', carbapenemase_loci = '-', other_acq_ab_loci = '-'; 
INSERT INTO metadata_general(isolate_id, isolate_name, species, project_name) VALUES ('791', 'CAT09-031', 'Pseudomonas aeruginosa', 'GEMARA') ON DUPLICATE KEY UPDATE isolate_name = 'CAT09-031', species = 'Pseudomonas aeruginosa', project_name = 'GEMARA'; 
INSERT INTO metadata_clinic(clinic_id, isolate_id, sample_type, collection_ward) VALUES ('687', '791', '21', 'Servicios quirúrgicos adultos') ON DUPLICATE KEY UPDATE sample_type = '21', collection_ward = 'Servicios quirúrgicos adultos'; 
INSERT INTO phenotypic_data(phenotypic_data_id, isolate_id, ecdc_resistance_profile, cloxa_test, mbl_test) VALUES ('687', '791', 'S', '-', '-') ON DUPLICATE KEY UPDATE ecdc_resistance_profile = 'S', cloxa_test = '-', mbl_test = '-'; 
INSERT INTO sequence_analysis(sequence_analysis_id, isolate_id, ame_loci, beta_lactamase_loci, carbapenemase_loci, other_acq_ab_loci) VALUES ('791', '791', '-', '-', '-', '-') ON DUPLICATE KEY UPDATE ame_loci = '-', beta_lactamase_loci = '-', carbapenemase_loci = '-', other_acq_ab_loci = '-'; 
INSERT INTO metadata_general(isolate_id, isolate_name, species, project_name) VALUES ('792', 'CAT09-003', 'Pseudomonas aeruginosa', 'GEMARA') ON DUPLICATE KEY UPDATE isolate_name = 'CAT09-003', species = 'Pseudomonas aeruginosa', project_name = 'GEMARA'; 
INSERT INTO metadata_clinic(clinic_id, isolate_id, sample_type, collection_ward) VALUES ('688', '792', '1', 'Otros') ON DUPLICATE KEY UPDATE sample_type = '1', collection_ward = 'Otros'; 
INSERT INTO phenotypic_data(phenotypic_data_id, isolate_id, ecdc_resistance_profile, cloxa_test, mbl_test) VALUES ('688', '792', 'S', '-', '-') ON DUPLICATE KEY UPDATE ecdc_resistance_profile = 'S', cloxa_test = '-', mbl_test = '-'; 
INSERT INTO sequence_analysis(sequence_analysis_id, isolate_id, ame_loci, beta_lactamase_loci, carbapenemase_loci, other_acq_ab_loci) VALUES ('792', '792', '-', '-', '-', '-') ON DUPLICATE KEY UPDATE ame_loci = '-', beta_lactamase_loci = '-', carbapenemase_loci = '-', other_acq_ab_loci = '-'; 
INSERT INTO metadata_general(isolate_id, isolate_name, species, project_name) VALUES ('793', 'CAT09-025', 'Pseudomonas aeruginosa', 'GEMARA') ON DUPLICATE KEY UPDATE isolate_name = 'CAT09-025', species = 'Pseudomonas aeruginosa', project_name = 'GEMARA'; 
INSERT INTO metadata_clinic(clinic_id, isolate_id, sample_type, collection_ward) VALUES ('689', '793', '5', 'Servicios médicos adultos') ON DUPLICATE KEY UPDATE sample_type = '5', collection_ward = 'Servicios médicos adultos'; 
INSERT INTO phenotypic_data(phenotypic_data_id, isolate_id, ecdc_resistance_profile, cloxa_test, mbl_test) VALUES ('689', '793', 'S', '-', '-') ON DUPLICATE KEY UPDATE ecdc_resistance_profile = 'S', cloxa_test = '-', mbl_test = '-'; 
INSERT INTO sequence_analysis(sequence_analysis_id, isolate_id, ame_loci, beta_lactamase_loci, carbapenemase_loci, other_acq_ab_loci) VALUES ('793', '793', '-', '-', '-', '-') ON DUPLICATE KEY UPDATE ame_loci = '-', beta_lactamase_loci = '-', carbapenemase_loci = '-', other_acq_ab_loci = '-'; 
INSERT INTO metadata_general(isolate_id, isolate_name, species, project_name) VALUES ('794', 'CAT09-021', 'Pseudomonas aeruginosa', 'GEMARA') ON DUPLICATE KEY UPDATE isolate_name = 'CAT09-021', species = 'Pseudomonas aeruginosa', project_name = 'GEMARA'; 
INSERT INTO metadata_clinic(clinic_id, isolate_id, sample_type, collection_ward) VALUES ('690', '794', '15', 'Urgencias adultos') ON DUPLICATE KEY UPDATE sample_type = '15', collection_ward = 'Urgencias adultos'; 
INSERT INTO phenotypic_data(phenotypic_data_id, isolate_id, ecdc_resistance_profile, cloxa_test, mbl_test) VALUES ('690', '794', 'S', '-', '-') ON DUPLICATE KEY UPDATE ecdc_resistance_profile = 'S', cloxa_test = '-', mbl_test = '-'; 
INSERT INTO sequence_analysis(sequence_analysis_id, isolate_id, ame_loci, beta_lactamase_loci, carbapenemase_loci, other_acq_ab_loci) VALUES ('794', '794', '-', '-', '-', '-') ON DUPLICATE KEY UPDATE ame_loci = '-', beta_lactamase_loci = '-', carbapenemase_loci = '-', other_acq_ab_loci = '-'; 
INSERT INTO metadata_general(isolate_id, isolate_name, species, project_name) VALUES ('795', 'CAT09-004', 'Pseudomonas aeruginosa', 'GEMARA') ON DUPLICATE KEY UPDATE isolate_name = 'CAT09-004', species = 'Pseudomonas aeruginosa', project_name = 'GEMARA'; 
INSERT INTO metadata_clinic(clinic_id, isolate_id, sample_type, collection_ward) VALUES ('691', '795', '6', 'Servicios médicos adultos') ON DUPLICATE KEY UPDATE sample_type = '6', collection_ward = 'Servicios médicos adultos'; 
INSERT INTO phenotypic_data(phenotypic_data_id, isolate_id, ecdc_resistance_profile, cloxa_test, mbl_test) VALUES ('691', '795', 'S', '-', '-') ON DUPLICATE KEY UPDATE ecdc_resistance_profile = 'S', cloxa_test = '-', mbl_test = '-'; 
INSERT INTO sequence_analysis(sequence_analysis_id, isolate_id, ame_loci, beta_lactamase_loci, carbapenemase_loci, other_acq_ab_loci) VALUES ('795', '795', '-', '-', '-', '-') ON DUPLICATE KEY UPDATE ame_loci = '-', beta_lactamase_loci = '-', carbapenemase_loci = '-', other_acq_ab_loci = '-'; 
INSERT INTO metadata_general(isolate_id, isolate_name, species, project_name) VALUES ('796', 'CAT09-008', 'Pseudomonas aeruginosa', 'GEMARA') ON DUPLICATE KEY UPDATE isolate_name = 'CAT09-008', species = 'Pseudomonas aeruginosa', project_name = 'GEMARA'; 
INSERT INTO metadata_clinic(clinic_id, isolate_id, sample_type, collection_ward) VALUES ('692', '796', '1', 'Servicios médicos adultos') ON DUPLICATE KEY UPDATE sample_type = '1', collection_ward = 'Servicios médicos adultos'; 
INSERT INTO phenotypic_data(phenotypic_data_id, isolate_id, ecdc_resistance_profile, cloxa_test, mbl_test) VALUES ('692', '796', 'S', '-', '-') ON DUPLICATE KEY UPDATE ecdc_resistance_profile = 'S', cloxa_test = '-', mbl_test = '-'; 
INSERT INTO sequence_analysis(sequence_analysis_id, isolate_id, ame_loci, beta_lactamase_loci, carbapenemase_loci, other_acq_ab_loci) VALUES ('796', '796', '-', '-', '-', '-') ON DUPLICATE KEY UPDATE ame_loci = '-', beta_lactamase_loci = '-', carbapenemase_loci = '-', other_acq_ab_loci = '-'; 
INSERT INTO metadata_general(isolate_id, isolate_name, species, project_name) VALUES ('797', 'CAT09-011', 'Pseudomonas aeruginosa', 'GEMARA') ON DUPLICATE KEY UPDATE isolate_name = 'CAT09-011', species = 'Pseudomonas aeruginosa', project_name = 'GEMARA'; 
INSERT INTO metadata_clinic(clinic_id, isolate_id, sample_type, collection_ward) VALUES ('693', '797', '1', 'Servicios médicos adultos') ON DUPLICATE KEY UPDATE sample_type = '1', collection_ward = 'Servicios médicos adultos'; 
INSERT INTO phenotypic_data(phenotypic_data_id, isolate_id, ecdc_resistance_profile, cloxa_test, mbl_test) VALUES ('693', '797', 'S', '-', '-') ON DUPLICATE KEY UPDATE ecdc_resistance_profile = 'S', cloxa_test = '-', mbl_test = '-'; 
INSERT INTO sequence_analysis(sequence_analysis_id, isolate_id, ame_loci, beta_lactamase_loci, carbapenemase_loci, other_acq_ab_loci) VALUES ('797', '797', '-', '-', '-', '-') ON DUPLICATE KEY UPDATE ame_loci = '-', beta_lactamase_loci = '-', carbapenemase_loci = '-', other_acq_ab_loci = '-'; 
INSERT INTO metadata_general(isolate_id, isolate_name, species, project_name) VALUES ('798', 'CAT09-020', 'Pseudomonas aeruginosa', 'GEMARA') ON DUPLICATE KEY UPDATE isolate_name = 'CAT09-020', species = 'Pseudomonas aeruginosa', project_name = 'GEMARA'; 
INSERT INTO metadata_clinic(clinic_id, isolate_id, sample_type, collection_ward) VALUES ('694', '798', '5', 'Servicios médicos adultos') ON DUPLICATE KEY UPDATE sample_type = '5', collection_ward = 'Servicios médicos adultos'; 
INSERT INTO phenotypic_data(phenotypic_data_id, isolate_id, ecdc_resistance_profile, cloxa_test, mbl_test) VALUES ('694', '798', 'S', '-', '-') ON DUPLICATE KEY UPDATE ecdc_resistance_profile = 'S', cloxa_test = '-', mbl_test = '-'; 
INSERT INTO sequence_analysis(sequence_analysis_id, isolate_id, ame_loci, beta_lactamase_loci, carbapenemase_loci, other_acq_ab_loci) VALUES ('798', '798', '-', '-', '-', '-') ON DUPLICATE KEY UPDATE ame_loci = '-', beta_lactamase_loci = '-', carbapenemase_loci = '-', other_acq_ab_loci = '-'; 
INSERT INTO metadata_general(isolate_id, isolate_name, species, project_name) VALUES ('799', 'CAT09-002', 'Pseudomonas aeruginosa', 'GEMARA') ON DUPLICATE KEY UPDATE isolate_name = 'CAT09-002', species = 'Pseudomonas aeruginosa', project_name = 'GEMARA'; 
INSERT INTO metadata_clinic(clinic_id, isolate_id, sample_type, collection_ward) VALUES ('695', '799', '14', 'Urgencias adultos') ON DUPLICATE KEY UPDATE sample_type = '14', collection_ward = 'Urgencias adultos'; 
INSERT INTO phenotypic_data(phenotypic_data_id, isolate_id, ecdc_resistance_profile, cloxa_test, mbl_test) VALUES ('695', '799', 'S', '-', '-') ON DUPLICATE KEY UPDATE ecdc_resistance_profile = 'S', cloxa_test = '-', mbl_test = '-'; 
INSERT INTO sequence_analysis(sequence_analysis_id, isolate_id, ame_loci, beta_lactamase_loci, carbapenemase_loci, other_acq_ab_loci) VALUES ('799', '799', '-', '-', '-', '-') ON DUPLICATE KEY UPDATE ame_loci = '-', beta_lactamase_loci = '-', carbapenemase_loci = '-', other_acq_ab_loci = '-'; 
INSERT INTO metadata_general(isolate_id, isolate_name, species, project_name) VALUES ('800', 'CAT09-012', 'Pseudomonas aeruginosa', 'GEMARA') ON DUPLICATE KEY UPDATE isolate_name = 'CAT09-012', species = 'Pseudomonas aeruginosa', project_name = 'GEMARA'; 
INSERT INTO metadata_clinic(clinic_id, isolate_id, sample_type, collection_ward) VALUES ('696', '800', '6', 'Servicios médicos pediatría') ON DUPLICATE KEY UPDATE sample_type = '6', collection_ward = 'Servicios médicos pediatría'; 
INSERT INTO phenotypic_data(phenotypic_data_id, isolate_id, ecdc_resistance_profile, cloxa_test, mbl_test) VALUES ('696', '800', 'S', '-', '-') ON DUPLICATE KEY UPDATE ecdc_resistance_profile = 'S', cloxa_test = '-', mbl_test = '-'; 
INSERT INTO sequence_analysis(sequence_analysis_id, isolate_id, ame_loci, beta_lactamase_loci, carbapenemase_loci, other_acq_ab_loci) VALUES ('800', '800', '-', '-', '-', '-') ON DUPLICATE KEY UPDATE ame_loci = '-', beta_lactamase_loci = '-', carbapenemase_loci = '-', other_acq_ab_loci = '-'; 
INSERT INTO metadata_general(isolate_id, isolate_name, species, project_name) VALUES ('87', 'CAT09-028', 'Pseudomonas aeruginosa', 'GEMARA') ON DUPLICATE KEY UPDATE isolate_name = 'CAT09-028', species = 'Pseudomonas aeruginosa', project_name = 'GEMARA'; 
INSERT INTO metadata_clinic(clinic_id, isolate_id, sample_type, collection_ward) VALUES ('697', '87', '28', 'UCI Adultos') ON DUPLICATE KEY UPDATE sample_type = '28', collection_ward = 'UCI Adultos'; 
INSERT INTO phenotypic_data(phenotypic_data_id, isolate_id, ecdc_resistance_profile, cloxa_test, mbl_test) VALUES ('697', '87', 'XDR', '+/s', '-') ON DUPLICATE KEY UPDATE ecdc_resistance_profile = 'XDR', cloxa_test = '+/s', mbl_test = '-'; 
INSERT INTO sequence_analysis(sequence_analysis_id, isolate_id, ame_loci, beta_lactamase_loci, carbapenemase_loci, other_acq_ab_loci) VALUES ('87', '87', '-', '-', '-', '-') ON DUPLICATE KEY UPDATE ame_loci = '-', beta_lactamase_loci = '-', carbapenemase_loci = '-', other_acq_ab_loci = '-'; 
INSERT INTO metadata_general(isolate_id, isolate_name, species, project_name) VALUES ('84', 'CAT09-018', 'Pseudomonas aeruginosa', 'GEMARA') ON DUPLICATE KEY UPDATE isolate_name = 'CAT09-018', species = 'Pseudomonas aeruginosa', project_name = 'GEMARA'; 
INSERT INTO metadata_clinic(clinic_id, isolate_id, sample_type, collection_ward) VALUES ('698', '84', '1', 'Urgencias adultos') ON DUPLICATE KEY UPDATE sample_type = '1', collection_ward = 'Urgencias adultos'; 
INSERT INTO phenotypic_data(phenotypic_data_id, isolate_id, ecdc_resistance_profile, cloxa_test, mbl_test) VALUES ('698', '84', 'XDR', '+/+', '-') ON DUPLICATE KEY UPDATE ecdc_resistance_profile = 'XDR', cloxa_test = '+/+', mbl_test = '-'; 
INSERT INTO sequence_analysis(sequence_analysis_id, isolate_id, ame_loci, beta_lactamase_loci, carbapenemase_loci, other_acq_ab_loci) VALUES ('84', '84', 'aadB', '-', '-', '-') ON DUPLICATE KEY UPDATE ame_loci = 'aadB', beta_lactamase_loci = '-', carbapenemase_loci = '-', other_acq_ab_loci = '-'; 
INSERT INTO metadata_general(isolate_id, isolate_name, species, project_name) VALUES ('85', 'CAT09-026', 'Pseudomonas aeruginosa', 'GEMARA') ON DUPLICATE KEY UPDATE isolate_name = 'CAT09-026', species = 'Pseudomonas aeruginosa', project_name = 'GEMARA'; 
INSERT INTO metadata_clinic(clinic_id, isolate_id, sample_type, collection_ward) VALUES ('699', '85', '7', 'Consultas externas') ON DUPLICATE KEY UPDATE sample_type = '7', collection_ward = 'Consultas externas'; 
INSERT INTO phenotypic_data(phenotypic_data_id, isolate_id, ecdc_resistance_profile, cloxa_test, mbl_test) VALUES ('699', '85', 'XDR', 's/+', '-') ON DUPLICATE KEY UPDATE ecdc_resistance_profile = 'XDR', cloxa_test = 's/+', mbl_test = '-'; 
INSERT INTO sequence_analysis(sequence_analysis_id, isolate_id, ame_loci, beta_lactamase_loci, carbapenemase_loci, other_acq_ab_loci) VALUES ('85', '85', 'aadA2, aacA4, aac(6\')Ib-cr', 'blaCARB-2', '-', '-') ON DUPLICATE KEY UPDATE ame_loci = 'aadA2, aacA4, aac(6\')Ib-cr', beta_lactamase_loci = 'blaCARB-2', carbapenemase_loci = '-', other_acq_ab_loci = '-'; 
INSERT INTO metadata_general(isolate_id, isolate_name, species, project_name) VALUES ('82', 'CAT09-001', 'Pseudomonas aeruginosa', 'GEMARA') ON DUPLICATE KEY UPDATE isolate_name = 'CAT09-001', species = 'Pseudomonas aeruginosa', project_name = 'GEMARA'; 
INSERT INTO metadata_clinic(clinic_id, isolate_id, sample_type, collection_ward) VALUES ('700', '82', '5', 'Urgencias adultos') ON DUPLICATE KEY UPDATE sample_type = '5', collection_ward = 'Urgencias adultos'; 
INSERT INTO phenotypic_data(phenotypic_data_id, isolate_id, ecdc_resistance_profile, cloxa_test, mbl_test) VALUES ('700', '82', 'XDR', 's/s', '-') ON DUPLICATE KEY UPDATE ecdc_resistance_profile = 'XDR', cloxa_test = 's/s', mbl_test = '-'; 
INSERT INTO sequence_analysis(sequence_analysis_id, isolate_id, ame_loci, beta_lactamase_loci, carbapenemase_loci, other_acq_ab_loci) VALUES ('82', '82', 'aadA6, aadB', 'blaOXA-2', '-', 'strA, strB, tet(C)') ON DUPLICATE KEY UPDATE ame_loci = 'aadA6, aadB', beta_lactamase_loci = 'blaOXA-2', carbapenemase_loci = '-', other_acq_ab_loci = 'strA, strB, tet(C)'; 
INSERT INTO metadata_general(isolate_id, isolate_name, species, project_name) VALUES ('86', 'CAT09-027', 'Pseudomonas aeruginosa', 'GEMARA') ON DUPLICATE KEY UPDATE isolate_name = 'CAT09-027', species = 'Pseudomonas aeruginosa', project_name = 'GEMARA'; 
INSERT INTO metadata_clinic(clinic_id, isolate_id, sample_type, collection_ward) VALUES ('701', '86', '9', 'Servicios médicos adultos') ON DUPLICATE KEY UPDATE sample_type = '9', collection_ward = 'Servicios médicos adultos'; 
INSERT INTO phenotypic_data(phenotypic_data_id, isolate_id, ecdc_resistance_profile, cloxa_test, mbl_test) VALUES ('701', '86', 'XDR', 's/s', '-') ON DUPLICATE KEY UPDATE ecdc_resistance_profile = 'XDR', cloxa_test = 's/s', mbl_test = '-'; 
INSERT INTO sequence_analysis(sequence_analysis_id, isolate_id, ame_loci, beta_lactamase_loci, carbapenemase_loci, other_acq_ab_loci) VALUES ('86', '86', '-', '-', '-', '-') ON DUPLICATE KEY UPDATE ame_loci = '-', beta_lactamase_loci = '-', carbapenemase_loci = '-', other_acq_ab_loci = '-'; 
INSERT INTO metadata_general(isolate_id, isolate_name, species, project_name) VALUES ('83', 'CAT09-009', 'Pseudomonas aeruginosa', 'GEMARA') ON DUPLICATE KEY UPDATE isolate_name = 'CAT09-009', species = 'Pseudomonas aeruginosa', project_name = 'GEMARA'; 
INSERT INTO metadata_clinic(clinic_id, isolate_id, sample_type, collection_ward) VALUES ('702', '83', '5', 'Urgencias adultos') ON DUPLICATE KEY UPDATE sample_type = '5', collection_ward = 'Urgencias adultos'; 
INSERT INTO phenotypic_data(phenotypic_data_id, isolate_id, ecdc_resistance_profile, cloxa_test, mbl_test) VALUES ('702', '83', 'XDR', '+/+', '-') ON DUPLICATE KEY UPDATE ecdc_resistance_profile = 'XDR', cloxa_test = '+/+', mbl_test = '-'; 
INSERT INTO sequence_analysis(sequence_analysis_id, isolate_id, ame_loci, beta_lactamase_loci, carbapenemase_loci, other_acq_ab_loci) VALUES ('83', '83', 'aadB', '-', '-', '-') ON DUPLICATE KEY UPDATE ame_loci = 'aadB', beta_lactamase_loci = '-', carbapenemase_loci = '-', other_acq_ab_loci = '-'; 
INSERT INTO metadata_general(isolate_id, isolate_name, species, project_name) VALUES ('801', 'CAT09-013', 'Pseudomonas aeruginosa', 'GEMARA') ON DUPLICATE KEY UPDATE isolate_name = 'CAT09-013', species = 'Pseudomonas aeruginosa', project_name = 'GEMARA'; 
INSERT INTO metadata_clinic(clinic_id, isolate_id, sample_type, collection_ward) VALUES ('703', '801', '5', 'Urgencias adultos') ON DUPLICATE KEY UPDATE sample_type = '5', collection_ward = 'Urgencias adultos'; 
INSERT INTO phenotypic_data(phenotypic_data_id, isolate_id, ecdc_resistance_profile, cloxa_test, mbl_test) VALUES ('703', '801', 'XDR', '+/+', '-') ON DUPLICATE KEY UPDATE ecdc_resistance_profile = 'XDR', cloxa_test = '+/+', mbl_test = '-'; 
INSERT INTO sequence_analysis(sequence_analysis_id, isolate_id, ame_loci, beta_lactamase_loci, carbapenemase_loci, other_acq_ab_loci) VALUES ('801', '801', '-', '-', '-', '-') ON DUPLICATE KEY UPDATE ame_loci = '-', beta_lactamase_loci = '-', carbapenemase_loci = '-', other_acq_ab_loci = '-'; 
INSERT INTO metadata_general(isolate_id, isolate_name, species, project_name) VALUES ('802', 'CAT09-014', 'Pseudomonas aeruginosa', 'GEMARA') ON DUPLICATE KEY UPDATE isolate_name = 'CAT09-014', species = 'Pseudomonas aeruginosa', project_name = 'GEMARA'; 
INSERT INTO metadata_clinic(clinic_id, isolate_id, sample_type, collection_ward) VALUES ('704', '802', '16', 'Urgencias adultos') ON DUPLICATE KEY UPDATE sample_type = '16', collection_ward = 'Urgencias adultos'; 
INSERT INTO phenotypic_data(phenotypic_data_id, isolate_id, ecdc_resistance_profile, cloxa_test, mbl_test) VALUES ('704', '802', 'XDR', '+/+', '-') ON DUPLICATE KEY UPDATE ecdc_resistance_profile = 'XDR', cloxa_test = '+/+', mbl_test = '-'; 
INSERT INTO sequence_analysis(sequence_analysis_id, isolate_id, ame_loci, beta_lactamase_loci, carbapenemase_loci, other_acq_ab_loci) VALUES ('802', '802', '-', '-', '-', '-') ON DUPLICATE KEY UPDATE ame_loci = '-', beta_lactamase_loci = '-', carbapenemase_loci = '-', other_acq_ab_loci = '-'; 
INSERT INTO metadata_general(isolate_id, isolate_name, species, project_name) VALUES ('803', 'CAT09-015', 'Pseudomonas aeruginosa', 'GEMARA') ON DUPLICATE KEY UPDATE isolate_name = 'CAT09-015', species = 'Pseudomonas aeruginosa', project_name = 'GEMARA'; 
INSERT INTO metadata_clinic(clinic_id, isolate_id, sample_type, collection_ward) VALUES ('705', '803', '5', 'Otros') ON DUPLICATE KEY UPDATE sample_type = '5', collection_ward = 'Otros'; 
INSERT INTO phenotypic_data(phenotypic_data_id, isolate_id, ecdc_resistance_profile, cloxa_test, mbl_test) VALUES ('705', '803', 'XDR', '+/+', '-') ON DUPLICATE KEY UPDATE ecdc_resistance_profile = 'XDR', cloxa_test = '+/+', mbl_test = '-'; 
INSERT INTO sequence_analysis(sequence_analysis_id, isolate_id, ame_loci, beta_lactamase_loci, carbapenemase_loci, other_acq_ab_loci) VALUES ('803', '803', '-', '-', '-', '-') ON DUPLICATE KEY UPDATE ame_loci = '-', beta_lactamase_loci = '-', carbapenemase_loci = '-', other_acq_ab_loci = '-'; 
INSERT INTO metadata_general(isolate_id, isolate_name, species, project_name) VALUES ('804', 'CAT09-022', 'Pseudomonas aeruginosa', 'GEMARA') ON DUPLICATE KEY UPDATE isolate_name = 'CAT09-022', species = 'Pseudomonas aeruginosa', project_name = 'GEMARA'; 
INSERT INTO metadata_clinic(clinic_id, isolate_id, sample_type, collection_ward) VALUES ('706', '804', '15', 'Servicios quirúrgicos adultos') ON DUPLICATE KEY UPDATE sample_type = '15', collection_ward = 'Servicios quirúrgicos adultos'; 
INSERT INTO phenotypic_data(phenotypic_data_id, isolate_id, ecdc_resistance_profile, cloxa_test, mbl_test) VALUES ('706', '804', 'XDR', '+/+', '-') ON DUPLICATE KEY UPDATE ecdc_resistance_profile = 'XDR', cloxa_test = '+/+', mbl_test = '-'; 
INSERT INTO sequence_analysis(sequence_analysis_id, isolate_id, ame_loci, beta_lactamase_loci, carbapenemase_loci, other_acq_ab_loci) VALUES ('804', '804', '-', '-', '-', '-') ON DUPLICATE KEY UPDATE ame_loci = '-', beta_lactamase_loci = '-', carbapenemase_loci = '-', other_acq_ab_loci = '-'; 
INSERT INTO metadata_general(isolate_id, isolate_name, species, project_name) VALUES ('805', 'CAT09-023', 'Pseudomonas aeruginosa', 'GEMARA') ON DUPLICATE KEY UPDATE isolate_name = 'CAT09-023', species = 'Pseudomonas aeruginosa', project_name = 'GEMARA'; 
INSERT INTO metadata_clinic(clinic_id, isolate_id, sample_type, collection_ward) VALUES ('707', '805', '9', 'Consultas externas') ON DUPLICATE KEY UPDATE sample_type = '9', collection_ward = 'Consultas externas'; 
INSERT INTO phenotypic_data(phenotypic_data_id, isolate_id, ecdc_resistance_profile, cloxa_test, mbl_test) VALUES ('707', '805', 'XDR', '+/+', '-') ON DUPLICATE KEY UPDATE ecdc_resistance_profile = 'XDR', cloxa_test = '+/+', mbl_test = '-'; 
INSERT INTO sequence_analysis(sequence_analysis_id, isolate_id, ame_loci, beta_lactamase_loci, carbapenemase_loci, other_acq_ab_loci) VALUES ('805', '805', '-', '-', '-', '-') ON DUPLICATE KEY UPDATE ame_loci = '-', beta_lactamase_loci = '-', carbapenemase_loci = '-', other_acq_ab_loci = '-'; 
INSERT INTO metadata_general(isolate_id, isolate_name, species, project_name) VALUES ('806', 'CAT09-024', 'Pseudomonas aeruginosa', 'GEMARA') ON DUPLICATE KEY UPDATE isolate_name = 'CAT09-024', species = 'Pseudomonas aeruginosa', project_name = 'GEMARA'; 
INSERT INTO metadata_clinic(clinic_id, isolate_id, sample_type, collection_ward) VALUES ('708', '806', '4', 'Servicios quirúrgicos adultos') ON DUPLICATE KEY UPDATE sample_type = '4', collection_ward = 'Servicios quirúrgicos adultos'; 
INSERT INTO phenotypic_data(phenotypic_data_id, isolate_id, ecdc_resistance_profile, cloxa_test, mbl_test) VALUES ('708', '806', 'XDR', '+/+', '-') ON DUPLICATE KEY UPDATE ecdc_resistance_profile = 'XDR', cloxa_test = '+/+', mbl_test = '-'; 
INSERT INTO sequence_analysis(sequence_analysis_id, isolate_id, ame_loci, beta_lactamase_loci, carbapenemase_loci, other_acq_ab_loci) VALUES ('806', '806', '-', '-', '-', '-') ON DUPLICATE KEY UPDATE ame_loci = '-', beta_lactamase_loci = '-', carbapenemase_loci = '-', other_acq_ab_loci = '-'; 
INSERT INTO metadata_general(isolate_id, isolate_name, species, project_name) VALUES ('807', 'CAT09-029', 'Pseudomonas aeruginosa', 'GEMARA') ON DUPLICATE KEY UPDATE isolate_name = 'CAT09-029', species = 'Pseudomonas aeruginosa', project_name = 'GEMARA'; 
INSERT INTO metadata_clinic(clinic_id, isolate_id, sample_type, collection_ward) VALUES ('709', '807', '5', 'UCI Adultos') ON DUPLICATE KEY UPDATE sample_type = '5', collection_ward = 'UCI Adultos'; 
INSERT INTO phenotypic_data(phenotypic_data_id, isolate_id, ecdc_resistance_profile, cloxa_test, mbl_test) VALUES ('709', '807', 'XDR', '+/+', '-') ON DUPLICATE KEY UPDATE ecdc_resistance_profile = 'XDR', cloxa_test = '+/+', mbl_test = '-'; 
INSERT INTO sequence_analysis(sequence_analysis_id, isolate_id, ame_loci, beta_lactamase_loci, carbapenemase_loci, other_acq_ab_loci) VALUES ('807', '807', '-', '-', '-', '-') ON DUPLICATE KEY UPDATE ame_loci = '-', beta_lactamase_loci = '-', carbapenemase_loci = '-', other_acq_ab_loci = '-'; 
INSERT INTO metadata_general(isolate_id, isolate_name, species, project_name) VALUES ('808', 'CLE01-002', 'Pseudomonas aeruginosa', 'GEMARA') ON DUPLICATE KEY UPDATE isolate_name = 'CLE01-002', species = 'Pseudomonas aeruginosa', project_name = 'GEMARA'; 
INSERT INTO metadata_clinic(clinic_id, isolate_id, sample_type, collection_ward) VALUES ('710', '808', '5', 'Urgencias adultos') ON DUPLICATE KEY UPDATE sample_type = '5', collection_ward = 'Urgencias adultos'; 
INSERT INTO phenotypic_data(phenotypic_data_id, isolate_id, ecdc_resistance_profile, cloxa_test, mbl_test) VALUES ('710', '808', 'S', '-', '-') ON DUPLICATE KEY UPDATE ecdc_resistance_profile = 'S', cloxa_test = '-', mbl_test = '-'; 
INSERT INTO sequence_analysis(sequence_analysis_id, isolate_id, ame_loci, beta_lactamase_loci, carbapenemase_loci, other_acq_ab_loci) VALUES ('808', '808', '-', '-', '-', '-') ON DUPLICATE KEY UPDATE ame_loci = '-', beta_lactamase_loci = '-', carbapenemase_loci = '-', other_acq_ab_loci = '-'; 
INSERT INTO metadata_general(isolate_id, isolate_name, species, project_name) VALUES ('809', 'CLE01-003', 'Pseudomonas aeruginosa', 'GEMARA') ON DUPLICATE KEY UPDATE isolate_name = 'CLE01-003', species = 'Pseudomonas aeruginosa', project_name = 'GEMARA'; 
INSERT INTO metadata_clinic(clinic_id, isolate_id, sample_type, collection_ward) VALUES ('711', '809', '5', 'Consultas externas') ON DUPLICATE KEY UPDATE sample_type = '5', collection_ward = 'Consultas externas'; 
INSERT INTO phenotypic_data(phenotypic_data_id, isolate_id, ecdc_resistance_profile, cloxa_test, mbl_test) VALUES ('711', '809', 'S', '-', '-') ON DUPLICATE KEY UPDATE ecdc_resistance_profile = 'S', cloxa_test = '-', mbl_test = '-'; 
INSERT INTO sequence_analysis(sequence_analysis_id, isolate_id, ame_loci, beta_lactamase_loci, carbapenemase_loci, other_acq_ab_loci) VALUES ('809', '809', '-', '-', '-', '-') ON DUPLICATE KEY UPDATE ame_loci = '-', beta_lactamase_loci = '-', carbapenemase_loci = '-', other_acq_ab_loci = '-'; 
INSERT INTO metadata_general(isolate_id, isolate_name, species, project_name) VALUES ('810', 'CLE01-007', 'Pseudomonas aeruginosa', 'GEMARA') ON DUPLICATE KEY UPDATE isolate_name = 'CLE01-007', species = 'Pseudomonas aeruginosa', project_name = 'GEMARA'; 
INSERT INTO metadata_clinic(clinic_id, isolate_id, sample_type, collection_ward) VALUES ('712', '810', '5', 'Servicios médicos adultos') ON DUPLICATE KEY UPDATE sample_type = '5', collection_ward = 'Servicios médicos adultos'; 
INSERT INTO phenotypic_data(phenotypic_data_id, isolate_id, ecdc_resistance_profile, cloxa_test, mbl_test) VALUES ('712', '810', 'S', '-', '-') ON DUPLICATE KEY UPDATE ecdc_resistance_profile = 'S', cloxa_test = '-', mbl_test = '-'; 
INSERT INTO sequence_analysis(sequence_analysis_id, isolate_id, ame_loci, beta_lactamase_loci, carbapenemase_loci, other_acq_ab_loci) VALUES ('810', '810', '-', '-', '-', '-') ON DUPLICATE KEY UPDATE ame_loci = '-', beta_lactamase_loci = '-', carbapenemase_loci = '-', other_acq_ab_loci = '-'; 
INSERT INTO metadata_general(isolate_id, isolate_name, species, project_name) VALUES ('811', 'CLE01-006', 'Pseudomonas aeruginosa', 'GEMARA') ON DUPLICATE KEY UPDATE isolate_name = 'CLE01-006', species = 'Pseudomonas aeruginosa', project_name = 'GEMARA'; 
INSERT INTO metadata_clinic(clinic_id, isolate_id, sample_type, collection_ward) VALUES ('713', '811', '19', 'Consultas externas') ON DUPLICATE KEY UPDATE sample_type = '19', collection_ward = 'Consultas externas'; 
INSERT INTO phenotypic_data(phenotypic_data_id, isolate_id, ecdc_resistance_profile, cloxa_test, mbl_test) VALUES ('713', '811', 'S', '-', '-') ON DUPLICATE KEY UPDATE ecdc_resistance_profile = 'S', cloxa_test = '-', mbl_test = '-'; 
INSERT INTO sequence_analysis(sequence_analysis_id, isolate_id, ame_loci, beta_lactamase_loci, carbapenemase_loci, other_acq_ab_loci) VALUES ('811', '811', '-', '-', '-', '-') ON DUPLICATE KEY UPDATE ame_loci = '-', beta_lactamase_loci = '-', carbapenemase_loci = '-', other_acq_ab_loci = '-'; 
INSERT INTO metadata_general(isolate_id, isolate_name, species, project_name) VALUES ('812', 'CLE01-009', 'Pseudomonas aeruginosa', 'GEMARA') ON DUPLICATE KEY UPDATE isolate_name = 'CLE01-009', species = 'Pseudomonas aeruginosa', project_name = 'GEMARA'; 
INSERT INTO metadata_clinic(clinic_id, isolate_id, sample_type, collection_ward) VALUES ('714', '812', '6', 'Servicios médicos adultos') ON DUPLICATE KEY UPDATE sample_type = '6', collection_ward = 'Servicios médicos adultos'; 
INSERT INTO phenotypic_data(phenotypic_data_id, isolate_id, ecdc_resistance_profile, cloxa_test, mbl_test) VALUES ('714', '812', 'S', '-', '-') ON DUPLICATE KEY UPDATE ecdc_resistance_profile = 'S', cloxa_test = '-', mbl_test = '-'; 
INSERT INTO sequence_analysis(sequence_analysis_id, isolate_id, ame_loci, beta_lactamase_loci, carbapenemase_loci, other_acq_ab_loci) VALUES ('812', '812', '-', '-', '-', '-') ON DUPLICATE KEY UPDATE ame_loci = '-', beta_lactamase_loci = '-', carbapenemase_loci = '-', other_acq_ab_loci = '-'; 
INSERT INTO metadata_general(isolate_id, isolate_name, species, project_name) VALUES ('813', 'CLE01-008', 'Pseudomonas aeruginosa', 'GEMARA') ON DUPLICATE KEY UPDATE isolate_name = 'CLE01-008', species = 'Pseudomonas aeruginosa', project_name = 'GEMARA'; 
INSERT INTO metadata_clinic(clinic_id, isolate_id, sample_type, collection_ward) VALUES ('715', '813', '8', 'Servicios médicos adultos') ON DUPLICATE KEY UPDATE sample_type = '8', collection_ward = 'Servicios médicos adultos'; 
INSERT INTO phenotypic_data(phenotypic_data_id, isolate_id, ecdc_resistance_profile, cloxa_test, mbl_test) VALUES ('715', '813', 'S', '-', '-') ON DUPLICATE KEY UPDATE ecdc_resistance_profile = 'S', cloxa_test = '-', mbl_test = '-'; 
INSERT INTO sequence_analysis(sequence_analysis_id, isolate_id, ame_loci, beta_lactamase_loci, carbapenemase_loci, other_acq_ab_loci) VALUES ('813', '813', '-', '-', '-', '-') ON DUPLICATE KEY UPDATE ame_loci = '-', beta_lactamase_loci = '-', carbapenemase_loci = '-', other_acq_ab_loci = '-'; 
INSERT INTO metadata_general(isolate_id, isolate_name, species, project_name) VALUES ('814', 'CLE02-022', 'Pseudomonas aeruginosa', 'GEMARA') ON DUPLICATE KEY UPDATE isolate_name = 'CLE02-022', species = 'Pseudomonas aeruginosa', project_name = 'GEMARA'; 
INSERT INTO metadata_clinic(clinic_id, isolate_id, sample_type, collection_ward) VALUES ('716', '814', '1', 'Servicios médicos adultos') ON DUPLICATE KEY UPDATE sample_type = '1', collection_ward = 'Servicios médicos adultos'; 
INSERT INTO phenotypic_data(phenotypic_data_id, isolate_id, ecdc_resistance_profile, cloxa_test, mbl_test) VALUES ('716', '814', 'MDR', '-', '-') ON DUPLICATE KEY UPDATE ecdc_resistance_profile = 'MDR', cloxa_test = '-', mbl_test = '-'; 
INSERT INTO sequence_analysis(sequence_analysis_id, isolate_id, ame_loci, beta_lactamase_loci, carbapenemase_loci, other_acq_ab_loci) VALUES ('814', '814', '-', '-', '-', '-') ON DUPLICATE KEY UPDATE ame_loci = '-', beta_lactamase_loci = '-', carbapenemase_loci = '-', other_acq_ab_loci = '-'; 
INSERT INTO metadata_general(isolate_id, isolate_name, species, project_name) VALUES ('815', 'CLE02-008', 'Pseudomonas aeruginosa', 'GEMARA') ON DUPLICATE KEY UPDATE isolate_name = 'CLE02-008', species = 'Pseudomonas aeruginosa', project_name = 'GEMARA'; 
INSERT INTO metadata_clinic(clinic_id, isolate_id, sample_type, collection_ward) VALUES ('717', '815', '1', 'Servicios médicos adultos') ON DUPLICATE KEY UPDATE sample_type = '1', collection_ward = 'Servicios médicos adultos'; 
INSERT INTO phenotypic_data(phenotypic_data_id, isolate_id, ecdc_resistance_profile, cloxa_test, mbl_test) VALUES ('717', '815', 'MDR', '-', '-') ON DUPLICATE KEY UPDATE ecdc_resistance_profile = 'MDR', cloxa_test = '-', mbl_test = '-'; 
INSERT INTO sequence_analysis(sequence_analysis_id, isolate_id, ame_loci, beta_lactamase_loci, carbapenemase_loci, other_acq_ab_loci) VALUES ('815', '815', '-', '-', '-', '-') ON DUPLICATE KEY UPDATE ame_loci = '-', beta_lactamase_loci = '-', carbapenemase_loci = '-', other_acq_ab_loci = '-'; 
INSERT INTO metadata_general(isolate_id, isolate_name, species, project_name) VALUES ('816', 'CLE02-053', 'Pseudomonas aeruginosa', 'GEMARA') ON DUPLICATE KEY UPDATE isolate_name = 'CLE02-053', species = 'Pseudomonas aeruginosa', project_name = 'GEMARA'; 
INSERT INTO metadata_clinic(clinic_id, isolate_id, sample_type, collection_ward) VALUES ('718', '816', '22', 'Servicios quirúrgicos adultos') ON DUPLICATE KEY UPDATE sample_type = '22', collection_ward = 'Servicios quirúrgicos adultos'; 
INSERT INTO phenotypic_data(phenotypic_data_id, isolate_id, ecdc_resistance_profile, cloxa_test, mbl_test) VALUES ('718', '816', 'MDR', '-', '-') ON DUPLICATE KEY UPDATE ecdc_resistance_profile = 'MDR', cloxa_test = '-', mbl_test = '-'; 
INSERT INTO sequence_analysis(sequence_analysis_id, isolate_id, ame_loci, beta_lactamase_loci, carbapenemase_loci, other_acq_ab_loci) VALUES ('816', '816', '-', '-', '-', '-') ON DUPLICATE KEY UPDATE ame_loci = '-', beta_lactamase_loci = '-', carbapenemase_loci = '-', other_acq_ab_loci = '-'; 
INSERT INTO metadata_general(isolate_id, isolate_name, species, project_name) VALUES ('817', 'CLE02-004', 'Pseudomonas aeruginosa', 'GEMARA') ON DUPLICATE KEY UPDATE isolate_name = 'CLE02-004', species = 'Pseudomonas aeruginosa', project_name = 'GEMARA'; 
INSERT INTO metadata_clinic(clinic_id, isolate_id, sample_type, collection_ward) VALUES ('719', '817', '15', 'Servicios quirúrgicos adultos') ON DUPLICATE KEY UPDATE sample_type = '15', collection_ward = 'Servicios quirúrgicos adultos'; 
INSERT INTO phenotypic_data(phenotypic_data_id, isolate_id, ecdc_resistance_profile, cloxa_test, mbl_test) VALUES ('719', '817', 'S', '-', '-') ON DUPLICATE KEY UPDATE ecdc_resistance_profile = 'S', cloxa_test = '-', mbl_test = '-'; 
INSERT INTO sequence_analysis(sequence_analysis_id, isolate_id, ame_loci, beta_lactamase_loci, carbapenemase_loci, other_acq_ab_loci) VALUES ('817', '817', '-', '-', '-', '-') ON DUPLICATE KEY UPDATE ame_loci = '-', beta_lactamase_loci = '-', carbapenemase_loci = '-', other_acq_ab_loci = '-'; 
INSERT INTO metadata_general(isolate_id, isolate_name, species, project_name) VALUES ('818', 'CLE02-011', 'Pseudomonas aeruginosa', 'GEMARA') ON DUPLICATE KEY UPDATE isolate_name = 'CLE02-011', species = 'Pseudomonas aeruginosa', project_name = 'GEMARA'; 
INSERT INTO metadata_clinic(clinic_id, isolate_id, sample_type, collection_ward) VALUES ('720', '818', '22', 'Servicios quirúrgicos adultos') ON DUPLICATE KEY UPDATE sample_type = '22', collection_ward = 'Servicios quirúrgicos adultos'; 
INSERT INTO phenotypic_data(phenotypic_data_id, isolate_id, ecdc_resistance_profile, cloxa_test, mbl_test) VALUES ('720', '818', 'S', '-', '-') ON DUPLICATE KEY UPDATE ecdc_resistance_profile = 'S', cloxa_test = '-', mbl_test = '-'; 
INSERT INTO sequence_analysis(sequence_analysis_id, isolate_id, ame_loci, beta_lactamase_loci, carbapenemase_loci, other_acq_ab_loci) VALUES ('818', '818', '-', '-', '-', '-') ON DUPLICATE KEY UPDATE ame_loci = '-', beta_lactamase_loci = '-', carbapenemase_loci = '-', other_acq_ab_loci = '-'; 
INSERT INTO metadata_general(isolate_id, isolate_name, species, project_name) VALUES ('819', 'CLE02-049', 'Pseudomonas aeruginosa', 'GEMARA') ON DUPLICATE KEY UPDATE isolate_name = 'CLE02-049', species = 'Pseudomonas aeruginosa', project_name = 'GEMARA'; 
INSERT INTO metadata_clinic(clinic_id, isolate_id, sample_type, collection_ward) VALUES ('721', '819', '1', 'Servicios médicos adultos') ON DUPLICATE KEY UPDATE sample_type = '1', collection_ward = 'Servicios médicos adultos'; 
INSERT INTO phenotypic_data(phenotypic_data_id, isolate_id, ecdc_resistance_profile, cloxa_test, mbl_test) VALUES ('721', '819', 'S', '-', '-') ON DUPLICATE KEY UPDATE ecdc_resistance_profile = 'S', cloxa_test = '-', mbl_test = '-'; 
INSERT INTO sequence_analysis(sequence_analysis_id, isolate_id, ame_loci, beta_lactamase_loci, carbapenemase_loci, other_acq_ab_loci) VALUES ('819', '819', '-', '-', '-', '-') ON DUPLICATE KEY UPDATE ame_loci = '-', beta_lactamase_loci = '-', carbapenemase_loci = '-', other_acq_ab_loci = '-'; 
INSERT INTO metadata_general(isolate_id, isolate_name, species, project_name) VALUES ('820', 'CLE02-017', 'Pseudomonas aeruginosa', 'GEMARA') ON DUPLICATE KEY UPDATE isolate_name = 'CLE02-017', species = 'Pseudomonas aeruginosa', project_name = 'GEMARA'; 
INSERT INTO metadata_clinic(clinic_id, isolate_id, sample_type, collection_ward) VALUES ('722', '820', '5', 'Servicios quirúrgicos adultos') ON DUPLICATE KEY UPDATE sample_type = '5', collection_ward = 'Servicios quirúrgicos adultos'; 
INSERT INTO phenotypic_data(phenotypic_data_id, isolate_id, ecdc_resistance_profile, cloxa_test, mbl_test) VALUES ('722', '820', 'S', '-', '-') ON DUPLICATE KEY UPDATE ecdc_resistance_profile = 'S', cloxa_test = '-', mbl_test = '-'; 
INSERT INTO sequence_analysis(sequence_analysis_id, isolate_id, ame_loci, beta_lactamase_loci, carbapenemase_loci, other_acq_ab_loci) VALUES ('820', '820', '-', '-', '-', '-') ON DUPLICATE KEY UPDATE ame_loci = '-', beta_lactamase_loci = '-', carbapenemase_loci = '-', other_acq_ab_loci = '-'; 
INSERT INTO metadata_general(isolate_id, isolate_name, species, project_name) VALUES ('821', 'CLE02-020', 'Pseudomonas aeruginosa', 'GEMARA') ON DUPLICATE KEY UPDATE isolate_name = 'CLE02-020', species = 'Pseudomonas aeruginosa', project_name = 'GEMARA'; 
INSERT INTO metadata_clinic(clinic_id, isolate_id, sample_type, collection_ward) VALUES ('723', '821', '5', 'Servicios quirúrgicos adultos') ON DUPLICATE KEY UPDATE sample_type = '5', collection_ward = 'Servicios quirúrgicos adultos'; 
INSERT INTO phenotypic_data(phenotypic_data_id, isolate_id, ecdc_resistance_profile, cloxa_test, mbl_test) VALUES ('723', '821', 'S', '-', '-') ON DUPLICATE KEY UPDATE ecdc_resistance_profile = 'S', cloxa_test = '-', mbl_test = '-'; 
INSERT INTO sequence_analysis(sequence_analysis_id, isolate_id, ame_loci, beta_lactamase_loci, carbapenemase_loci, other_acq_ab_loci) VALUES ('821', '821', '-', '-', '-', '-') ON DUPLICATE KEY UPDATE ame_loci = '-', beta_lactamase_loci = '-', carbapenemase_loci = '-', other_acq_ab_loci = '-'; 
INSERT INTO metadata_general(isolate_id, isolate_name, species, project_name) VALUES ('822', 'CLE02-021', 'Pseudomonas aeruginosa', 'GEMARA') ON DUPLICATE KEY UPDATE isolate_name = 'CLE02-021', species = 'Pseudomonas aeruginosa', project_name = 'GEMARA'; 
INSERT INTO metadata_clinic(clinic_id, isolate_id, sample_type, collection_ward) VALUES ('724', '822', '1', 'Servicios médicos adultos') ON DUPLICATE KEY UPDATE sample_type = '1', collection_ward = 'Servicios médicos adultos'; 
INSERT INTO phenotypic_data(phenotypic_data_id, isolate_id, ecdc_resistance_profile, cloxa_test, mbl_test) VALUES ('724', '822', 'S', '-', '-') ON DUPLICATE KEY UPDATE ecdc_resistance_profile = 'S', cloxa_test = '-', mbl_test = '-'; 
INSERT INTO sequence_analysis(sequence_analysis_id, isolate_id, ame_loci, beta_lactamase_loci, carbapenemase_loci, other_acq_ab_loci) VALUES ('822', '822', '-', '-', '-', '-') ON DUPLICATE KEY UPDATE ame_loci = '-', beta_lactamase_loci = '-', carbapenemase_loci = '-', other_acq_ab_loci = '-'; 
INSERT INTO metadata_general(isolate_id, isolate_name, species, project_name) VALUES ('823', 'CLE02-039', 'Pseudomonas aeruginosa', 'GEMARA') ON DUPLICATE KEY UPDATE isolate_name = 'CLE02-039', species = 'Pseudomonas aeruginosa', project_name = 'GEMARA'; 
INSERT INTO metadata_clinic(clinic_id, isolate_id, sample_type, collection_ward) VALUES ('725', '823', '5', 'Servicios quirúrgicos adultos') ON DUPLICATE KEY UPDATE sample_type = '5', collection_ward = 'Servicios quirúrgicos adultos'; 
INSERT INTO phenotypic_data(phenotypic_data_id, isolate_id, ecdc_resistance_profile, cloxa_test, mbl_test) VALUES ('725', '823', 'S', '-', '-') ON DUPLICATE KEY UPDATE ecdc_resistance_profile = 'S', cloxa_test = '-', mbl_test = '-'; 
INSERT INTO sequence_analysis(sequence_analysis_id, isolate_id, ame_loci, beta_lactamase_loci, carbapenemase_loci, other_acq_ab_loci) VALUES ('823', '823', '-', '-', '-', '-') ON DUPLICATE KEY UPDATE ame_loci = '-', beta_lactamase_loci = '-', carbapenemase_loci = '-', other_acq_ab_loci = '-'; 
INSERT INTO metadata_general(isolate_id, isolate_name, species, project_name) VALUES ('824', 'CLE02-001', 'Pseudomonas aeruginosa', 'GEMARA') ON DUPLICATE KEY UPDATE isolate_name = 'CLE02-001', species = 'Pseudomonas aeruginosa', project_name = 'GEMARA'; 
INSERT INTO metadata_clinic(clinic_id, isolate_id, sample_type, collection_ward) VALUES ('726', '824', '5', 'Urgencias adultos') ON DUPLICATE KEY UPDATE sample_type = '5', collection_ward = 'Urgencias adultos'; 
INSERT INTO phenotypic_data(phenotypic_data_id, isolate_id, ecdc_resistance_profile, cloxa_test, mbl_test) VALUES ('726', '824', 'S', '-', '-') ON DUPLICATE KEY UPDATE ecdc_resistance_profile = 'S', cloxa_test = '-', mbl_test = '-'; 
INSERT INTO sequence_analysis(sequence_analysis_id, isolate_id, ame_loci, beta_lactamase_loci, carbapenemase_loci, other_acq_ab_loci) VALUES ('824', '824', '-', '-', '-', '-') ON DUPLICATE KEY UPDATE ame_loci = '-', beta_lactamase_loci = '-', carbapenemase_loci = '-', other_acq_ab_loci = '-'; 
INSERT INTO metadata_general(isolate_id, isolate_name, species, project_name) VALUES ('825', 'CLE02-027', 'Pseudomonas aeruginosa', 'GEMARA') ON DUPLICATE KEY UPDATE isolate_name = 'CLE02-027', species = 'Pseudomonas aeruginosa', project_name = 'GEMARA'; 
INSERT INTO metadata_clinic(clinic_id, isolate_id, sample_type, collection_ward) VALUES ('727', '825', '5', 'Servicios médicos adultos') ON DUPLICATE KEY UPDATE sample_type = '5', collection_ward = 'Servicios médicos adultos'; 
INSERT INTO phenotypic_data(phenotypic_data_id, isolate_id, ecdc_resistance_profile, cloxa_test, mbl_test) VALUES ('727', '825', 'S', '-', '-') ON DUPLICATE KEY UPDATE ecdc_resistance_profile = 'S', cloxa_test = '-', mbl_test = '-'; 
INSERT INTO sequence_analysis(sequence_analysis_id, isolate_id, ame_loci, beta_lactamase_loci, carbapenemase_loci, other_acq_ab_loci) VALUES ('825', '825', '-', '-', '-', '-') ON DUPLICATE KEY UPDATE ame_loci = '-', beta_lactamase_loci = '-', carbapenemase_loci = '-', other_acq_ab_loci = '-'; 
INSERT INTO metadata_general(isolate_id, isolate_name, species, project_name) VALUES ('826', 'CLE02-052', 'Pseudomonas aeruginosa', 'GEMARA') ON DUPLICATE KEY UPDATE isolate_name = 'CLE02-052', species = 'Pseudomonas aeruginosa', project_name = 'GEMARA'; 
INSERT INTO metadata_clinic(clinic_id, isolate_id, sample_type, collection_ward) VALUES ('728', '826', '1', 'Servicios médicos adultos') ON DUPLICATE KEY UPDATE sample_type = '1', collection_ward = 'Servicios médicos adultos'; 
INSERT INTO phenotypic_data(phenotypic_data_id, isolate_id, ecdc_resistance_profile, cloxa_test, mbl_test) VALUES ('728', '826', 'S', '-', '-') ON DUPLICATE KEY UPDATE ecdc_resistance_profile = 'S', cloxa_test = '-', mbl_test = '-'; 
INSERT INTO sequence_analysis(sequence_analysis_id, isolate_id, ame_loci, beta_lactamase_loci, carbapenemase_loci, other_acq_ab_loci) VALUES ('826', '826', '-', '-', '-', '-') ON DUPLICATE KEY UPDATE ame_loci = '-', beta_lactamase_loci = '-', carbapenemase_loci = '-', other_acq_ab_loci = '-'; 
INSERT INTO metadata_general(isolate_id, isolate_name, species, project_name) VALUES ('827', 'CLE02-038', 'Pseudomonas aeruginosa', 'GEMARA') ON DUPLICATE KEY UPDATE isolate_name = 'CLE02-038', species = 'Pseudomonas aeruginosa', project_name = 'GEMARA'; 
INSERT INTO metadata_clinic(clinic_id, isolate_id, sample_type, collection_ward) VALUES ('729', '827', '1', 'Servicios quirúrgicos adultos') ON DUPLICATE KEY UPDATE sample_type = '1', collection_ward = 'Servicios quirúrgicos adultos'; 
INSERT INTO phenotypic_data(phenotypic_data_id, isolate_id, ecdc_resistance_profile, cloxa_test, mbl_test) VALUES ('729', '827', 'S', '-', '-') ON DUPLICATE KEY UPDATE ecdc_resistance_profile = 'S', cloxa_test = '-', mbl_test = '-'; 
INSERT INTO sequence_analysis(sequence_analysis_id, isolate_id, ame_loci, beta_lactamase_loci, carbapenemase_loci, other_acq_ab_loci) VALUES ('827', '827', '-', '-', '-', '-') ON DUPLICATE KEY UPDATE ame_loci = '-', beta_lactamase_loci = '-', carbapenemase_loci = '-', other_acq_ab_loci = '-'; 
INSERT INTO metadata_general(isolate_id, isolate_name, species, project_name) VALUES ('828', 'CLE02-042', 'Pseudomonas aeruginosa', 'GEMARA') ON DUPLICATE KEY UPDATE isolate_name = 'CLE02-042', species = 'Pseudomonas aeruginosa', project_name = 'GEMARA'; 
INSERT INTO metadata_clinic(clinic_id, isolate_id, sample_type, collection_ward) VALUES ('730', '828', '8', 'Servicios quirúrgicos adultos') ON DUPLICATE KEY UPDATE sample_type = '8', collection_ward = 'Servicios quirúrgicos adultos'; 
INSERT INTO phenotypic_data(phenotypic_data_id, isolate_id, ecdc_resistance_profile, cloxa_test, mbl_test) VALUES ('730', '828', 'S', '-', '-') ON DUPLICATE KEY UPDATE ecdc_resistance_profile = 'S', cloxa_test = '-', mbl_test = '-'; 
INSERT INTO sequence_analysis(sequence_analysis_id, isolate_id, ame_loci, beta_lactamase_loci, carbapenemase_loci, other_acq_ab_loci) VALUES ('828', '828', '-', '-', '-', '-') ON DUPLICATE KEY UPDATE ame_loci = '-', beta_lactamase_loci = '-', carbapenemase_loci = '-', other_acq_ab_loci = '-'; 
INSERT INTO metadata_general(isolate_id, isolate_name, species, project_name) VALUES ('829', 'CLE02-051', 'Pseudomonas aeruginosa', 'GEMARA') ON DUPLICATE KEY UPDATE isolate_name = 'CLE02-051', species = 'Pseudomonas aeruginosa', project_name = 'GEMARA'; 
INSERT INTO metadata_clinic(clinic_id, isolate_id, sample_type, collection_ward) VALUES ('731', '829', '1', 'Servicios médicos adultos') ON DUPLICATE KEY UPDATE sample_type = '1', collection_ward = 'Servicios médicos adultos'; 
INSERT INTO phenotypic_data(phenotypic_data_id, isolate_id, ecdc_resistance_profile, cloxa_test, mbl_test) VALUES ('731', '829', 'S', '-', '-') ON DUPLICATE KEY UPDATE ecdc_resistance_profile = 'S', cloxa_test = '-', mbl_test = '-'; 
INSERT INTO sequence_analysis(sequence_analysis_id, isolate_id, ame_loci, beta_lactamase_loci, carbapenemase_loci, other_acq_ab_loci) VALUES ('829', '829', '-', '-', '-', '-') ON DUPLICATE KEY UPDATE ame_loci = '-', beta_lactamase_loci = '-', carbapenemase_loci = '-', other_acq_ab_loci = '-'; 
INSERT INTO metadata_general(isolate_id, isolate_name, species, project_name) VALUES ('830', 'CLE02-054', 'Pseudomonas aeruginosa', 'GEMARA') ON DUPLICATE KEY UPDATE isolate_name = 'CLE02-054', species = 'Pseudomonas aeruginosa', project_name = 'GEMARA'; 
INSERT INTO metadata_clinic(clinic_id, isolate_id, sample_type, collection_ward) VALUES ('732', '830', '4', 'Servicios quirúrgicos adultos') ON DUPLICATE KEY UPDATE sample_type = '4', collection_ward = 'Servicios quirúrgicos adultos'; 
INSERT INTO phenotypic_data(phenotypic_data_id, isolate_id, ecdc_resistance_profile, cloxa_test, mbl_test) VALUES ('732', '830', 'S', '-', '-') ON DUPLICATE KEY UPDATE ecdc_resistance_profile = 'S', cloxa_test = '-', mbl_test = '-'; 
INSERT INTO sequence_analysis(sequence_analysis_id, isolate_id, ame_loci, beta_lactamase_loci, carbapenemase_loci, other_acq_ab_loci) VALUES ('830', '830', '-', '-', '-', '-') ON DUPLICATE KEY UPDATE ame_loci = '-', beta_lactamase_loci = '-', carbapenemase_loci = '-', other_acq_ab_loci = '-'; 
INSERT INTO metadata_general(isolate_id, isolate_name, species, project_name) VALUES ('831', 'CLE02-047', 'Pseudomonas aeruginosa', 'GEMARA') ON DUPLICATE KEY UPDATE isolate_name = 'CLE02-047', species = 'Pseudomonas aeruginosa', project_name = 'GEMARA'; 
INSERT INTO metadata_clinic(clinic_id, isolate_id, sample_type, collection_ward) VALUES ('733', '831', '21', 'Servicios quirúrgicos adultos') ON DUPLICATE KEY UPDATE sample_type = '21', collection_ward = 'Servicios quirúrgicos adultos'; 
INSERT INTO phenotypic_data(phenotypic_data_id, isolate_id, ecdc_resistance_profile, cloxa_test, mbl_test) VALUES ('733', '831', 'S', '-', '-') ON DUPLICATE KEY UPDATE ecdc_resistance_profile = 'S', cloxa_test = '-', mbl_test = '-'; 
INSERT INTO sequence_analysis(sequence_analysis_id, isolate_id, ame_loci, beta_lactamase_loci, carbapenemase_loci, other_acq_ab_loci) VALUES ('831', '831', '-', '-', '-', '-') ON DUPLICATE KEY UPDATE ame_loci = '-', beta_lactamase_loci = '-', carbapenemase_loci = '-', other_acq_ab_loci = '-'; 
INSERT INTO metadata_general(isolate_id, isolate_name, species, project_name) VALUES ('832', 'CLE02-043', 'Pseudomonas aeruginosa', 'GEMARA') ON DUPLICATE KEY UPDATE isolate_name = 'CLE02-043', species = 'Pseudomonas aeruginosa', project_name = 'GEMARA'; 
INSERT INTO metadata_clinic(clinic_id, isolate_id, sample_type, collection_ward) VALUES ('734', '832', '15', 'Servicios quirúrgicos adultos') ON DUPLICATE KEY UPDATE sample_type = '15', collection_ward = 'Servicios quirúrgicos adultos'; 
INSERT INTO phenotypic_data(phenotypic_data_id, isolate_id, ecdc_resistance_profile, cloxa_test, mbl_test) VALUES ('734', '832', 'S', '-', '-') ON DUPLICATE KEY UPDATE ecdc_resistance_profile = 'S', cloxa_test = '-', mbl_test = '-'; 
INSERT INTO sequence_analysis(sequence_analysis_id, isolate_id, ame_loci, beta_lactamase_loci, carbapenemase_loci, other_acq_ab_loci) VALUES ('832', '832', '-', '-', '-', '-') ON DUPLICATE KEY UPDATE ame_loci = '-', beta_lactamase_loci = '-', carbapenemase_loci = '-', other_acq_ab_loci = '-'; 
INSERT INTO metadata_general(isolate_id, isolate_name, species, project_name) VALUES ('833', 'CLE02-045', 'Pseudomonas aeruginosa', 'GEMARA') ON DUPLICATE KEY UPDATE isolate_name = 'CLE02-045', species = 'Pseudomonas aeruginosa', project_name = 'GEMARA'; 
INSERT INTO metadata_clinic(clinic_id, isolate_id, sample_type, collection_ward) VALUES ('735', '833', '22', 'Servicios médicos adultos') ON DUPLICATE KEY UPDATE sample_type = '22', collection_ward = 'Servicios médicos adultos'; 
INSERT INTO phenotypic_data(phenotypic_data_id, isolate_id, ecdc_resistance_profile, cloxa_test, mbl_test) VALUES ('735', '833', 'S', '-', '-') ON DUPLICATE KEY UPDATE ecdc_resistance_profile = 'S', cloxa_test = '-', mbl_test = '-'; 
INSERT INTO sequence_analysis(sequence_analysis_id, isolate_id, ame_loci, beta_lactamase_loci, carbapenemase_loci, other_acq_ab_loci) VALUES ('833', '833', '-', '-', '-', '-') ON DUPLICATE KEY UPDATE ame_loci = '-', beta_lactamase_loci = '-', carbapenemase_loci = '-', other_acq_ab_loci = '-'; 
INSERT INTO metadata_general(isolate_id, isolate_name, species, project_name) VALUES ('834', 'CLE02-015', 'Pseudomonas aeruginosa', 'GEMARA') ON DUPLICATE KEY UPDATE isolate_name = 'CLE02-015', species = 'Pseudomonas aeruginosa', project_name = 'GEMARA'; 
INSERT INTO metadata_clinic(clinic_id, isolate_id, sample_type, collection_ward) VALUES ('736', '834', '5', 'UCI Adultos') ON DUPLICATE KEY UPDATE sample_type = '5', collection_ward = 'UCI Adultos'; 
INSERT INTO phenotypic_data(phenotypic_data_id, isolate_id, ecdc_resistance_profile, cloxa_test, mbl_test) VALUES ('736', '834', 'S', '-', '-') ON DUPLICATE KEY UPDATE ecdc_resistance_profile = 'S', cloxa_test = '-', mbl_test = '-'; 
INSERT INTO sequence_analysis(sequence_analysis_id, isolate_id, ame_loci, beta_lactamase_loci, carbapenemase_loci, other_acq_ab_loci) VALUES ('834', '834', '-', '-', '-', '-') ON DUPLICATE KEY UPDATE ame_loci = '-', beta_lactamase_loci = '-', carbapenemase_loci = '-', other_acq_ab_loci = '-'; 
INSERT INTO metadata_general(isolate_id, isolate_name, species, project_name) VALUES ('835', 'CLE02-026', 'Pseudomonas aeruginosa', 'GEMARA') ON DUPLICATE KEY UPDATE isolate_name = 'CLE02-026', species = 'Pseudomonas aeruginosa', project_name = 'GEMARA'; 
INSERT INTO metadata_clinic(clinic_id, isolate_id, sample_type, collection_ward) VALUES ('737', '835', '1', 'Servicios médicos adultos') ON DUPLICATE KEY UPDATE sample_type = '1', collection_ward = 'Servicios médicos adultos'; 
INSERT INTO phenotypic_data(phenotypic_data_id, isolate_id, ecdc_resistance_profile, cloxa_test, mbl_test) VALUES ('737', '835', 'S', '-', '-') ON DUPLICATE KEY UPDATE ecdc_resistance_profile = 'S', cloxa_test = '-', mbl_test = '-'; 
INSERT INTO sequence_analysis(sequence_analysis_id, isolate_id, ame_loci, beta_lactamase_loci, carbapenemase_loci, other_acq_ab_loci) VALUES ('835', '835', '-', '-', '-', '-') ON DUPLICATE KEY UPDATE ame_loci = '-', beta_lactamase_loci = '-', carbapenemase_loci = '-', other_acq_ab_loci = '-'; 
INSERT INTO metadata_general(isolate_id, isolate_name, species, project_name) VALUES ('836', 'CLE02-030', 'Pseudomonas aeruginosa', 'GEMARA') ON DUPLICATE KEY UPDATE isolate_name = 'CLE02-030', species = 'Pseudomonas aeruginosa', project_name = 'GEMARA'; 
INSERT INTO metadata_clinic(clinic_id, isolate_id, sample_type, collection_ward) VALUES ('738', '836', '6', 'Servicios médicos adultos') ON DUPLICATE KEY UPDATE sample_type = '6', collection_ward = 'Servicios médicos adultos'; 
INSERT INTO phenotypic_data(phenotypic_data_id, isolate_id, ecdc_resistance_profile, cloxa_test, mbl_test) VALUES ('738', '836', 'S', '-', '-') ON DUPLICATE KEY UPDATE ecdc_resistance_profile = 'S', cloxa_test = '-', mbl_test = '-'; 
INSERT INTO sequence_analysis(sequence_analysis_id, isolate_id, ame_loci, beta_lactamase_loci, carbapenemase_loci, other_acq_ab_loci) VALUES ('836', '836', '-', '-', '-', '-') ON DUPLICATE KEY UPDATE ame_loci = '-', beta_lactamase_loci = '-', carbapenemase_loci = '-', other_acq_ab_loci = '-'; 
INSERT INTO metadata_general(isolate_id, isolate_name, species, project_name) VALUES ('837', 'CLE02-010', 'Pseudomonas aeruginosa', 'GEMARA') ON DUPLICATE KEY UPDATE isolate_name = 'CLE02-010', species = 'Pseudomonas aeruginosa', project_name = 'GEMARA'; 
INSERT INTO metadata_clinic(clinic_id, isolate_id, sample_type, collection_ward) VALUES ('739', '837', '22', 'Servicios quirúrgicos adultos') ON DUPLICATE KEY UPDATE sample_type = '22', collection_ward = 'Servicios quirúrgicos adultos'; 
INSERT INTO phenotypic_data(phenotypic_data_id, isolate_id, ecdc_resistance_profile, cloxa_test, mbl_test) VALUES ('739', '837', 'S', '-', '-') ON DUPLICATE KEY UPDATE ecdc_resistance_profile = 'S', cloxa_test = '-', mbl_test = '-'; 
INSERT INTO sequence_analysis(sequence_analysis_id, isolate_id, ame_loci, beta_lactamase_loci, carbapenemase_loci, other_acq_ab_loci) VALUES ('837', '837', '-', '-', '-', '-') ON DUPLICATE KEY UPDATE ame_loci = '-', beta_lactamase_loci = '-', carbapenemase_loci = '-', other_acq_ab_loci = '-'; 
INSERT INTO metadata_general(isolate_id, isolate_name, species, project_name) VALUES ('838', 'CLE02-036', 'Pseudomonas aeruginosa', 'GEMARA') ON DUPLICATE KEY UPDATE isolate_name = 'CLE02-036', species = 'Pseudomonas aeruginosa', project_name = 'GEMARA'; 
INSERT INTO metadata_clinic(clinic_id, isolate_id, sample_type, collection_ward) VALUES ('740', '838', '15', 'Servicios quirúrgicos adultos') ON DUPLICATE KEY UPDATE sample_type = '15', collection_ward = 'Servicios quirúrgicos adultos'; 
INSERT INTO phenotypic_data(phenotypic_data_id, isolate_id, ecdc_resistance_profile, cloxa_test, mbl_test) VALUES ('740', '838', 'S', '-', '-') ON DUPLICATE KEY UPDATE ecdc_resistance_profile = 'S', cloxa_test = '-', mbl_test = '-'; 
INSERT INTO sequence_analysis(sequence_analysis_id, isolate_id, ame_loci, beta_lactamase_loci, carbapenemase_loci, other_acq_ab_loci) VALUES ('838', '838', '-', '-', '-', '-') ON DUPLICATE KEY UPDATE ame_loci = '-', beta_lactamase_loci = '-', carbapenemase_loci = '-', other_acq_ab_loci = '-'; 
INSERT INTO metadata_general(isolate_id, isolate_name, species, project_name) VALUES ('89', 'CLE02-006', 'Pseudomonas aeruginosa', 'GEMARA') ON DUPLICATE KEY UPDATE isolate_name = 'CLE02-006', species = 'Pseudomonas aeruginosa', project_name = 'GEMARA'; 
INSERT INTO metadata_clinic(clinic_id, isolate_id, sample_type, collection_ward) VALUES ('741', '89', '5', 'Servicios médicos adultos') ON DUPLICATE KEY UPDATE sample_type = '5', collection_ward = 'Servicios médicos adultos'; 
INSERT INTO phenotypic_data(phenotypic_data_id, isolate_id, ecdc_resistance_profile, cloxa_test, mbl_test) VALUES ('741', '89', 'XDR', '-/-', '+') ON DUPLICATE KEY UPDATE ecdc_resistance_profile = 'XDR', cloxa_test = '-/-', mbl_test = '+'; 
INSERT INTO sequence_analysis(sequence_analysis_id, isolate_id, ame_loci, beta_lactamase_loci, carbapenemase_loci, other_acq_ab_loci) VALUES ('89', '89', 'aadB, aph(3\')-Via', '-', 'blaIMP-1', 'strA, strB') ON DUPLICATE KEY UPDATE ame_loci = 'aadB, aph(3\')-Via', beta_lactamase_loci = '-', carbapenemase_loci = 'blaIMP-1', other_acq_ab_loci = 'strA, strB'; 
INSERT INTO metadata_general(isolate_id, isolate_name, species, project_name) VALUES ('839', 'CLE02-016A', 'Pseudomonas aeruginosa', 'GEMARA') ON DUPLICATE KEY UPDATE isolate_name = 'CLE02-016A', species = 'Pseudomonas aeruginosa', project_name = 'GEMARA'; 
INSERT INTO metadata_clinic(clinic_id, isolate_id, sample_type, collection_ward) VALUES ('742', '839', '20', 'UCI Adultos') ON DUPLICATE KEY UPDATE sample_type = '20', collection_ward = 'UCI Adultos'; 
INSERT INTO phenotypic_data(phenotypic_data_id, isolate_id, ecdc_resistance_profile, cloxa_test, mbl_test) VALUES ('742', '839', 'XDR', '+/+', '-') ON DUPLICATE KEY UPDATE ecdc_resistance_profile = 'XDR', cloxa_test = '+/+', mbl_test = '-'; 
INSERT INTO sequence_analysis(sequence_analysis_id, isolate_id, ame_loci, beta_lactamase_loci, carbapenemase_loci, other_acq_ab_loci) VALUES ('839', '839', 'aadB', '-', '-', '-') ON DUPLICATE KEY UPDATE ame_loci = 'aadB', beta_lactamase_loci = '-', carbapenemase_loci = '-', other_acq_ab_loci = '-'; 
INSERT INTO metadata_general(isolate_id, isolate_name, species, project_name) VALUES ('91', 'CLE02-032', 'Pseudomonas aeruginosa', 'GEMARA') ON DUPLICATE KEY UPDATE isolate_name = 'CLE02-032', species = 'Pseudomonas aeruginosa', project_name = 'GEMARA'; 
INSERT INTO metadata_clinic(clinic_id, isolate_id, sample_type, collection_ward) VALUES ('743', '91', '1', 'Servicios médicos adultos') ON DUPLICATE KEY UPDATE sample_type = '1', collection_ward = 'Servicios médicos adultos'; 
INSERT INTO phenotypic_data(phenotypic_data_id, isolate_id, ecdc_resistance_profile, cloxa_test, mbl_test) VALUES ('743', '91', 'XDR', '+/+', '-') ON DUPLICATE KEY UPDATE ecdc_resistance_profile = 'XDR', cloxa_test = '+/+', mbl_test = '-'; 
INSERT INTO sequence_analysis(sequence_analysis_id, isolate_id, ame_loci, beta_lactamase_loci, carbapenemase_loci, other_acq_ab_loci) VALUES ('91', '91', 'aadB', '-', '-', '-') ON DUPLICATE KEY UPDATE ame_loci = 'aadB', beta_lactamase_loci = '-', carbapenemase_loci = '-', other_acq_ab_loci = '-'; 
INSERT INTO metadata_general(isolate_id, isolate_name, species, project_name) VALUES ('88', 'CLE02-002', 'Pseudomonas aeruginosa', 'GEMARA') ON DUPLICATE KEY UPDATE isolate_name = 'CLE02-002', species = 'Pseudomonas aeruginosa', project_name = 'GEMARA'; 
INSERT INTO metadata_clinic(clinic_id, isolate_id, sample_type, collection_ward) VALUES ('744', '88', '5', 'Urgencias adultos') ON DUPLICATE KEY UPDATE sample_type = '5', collection_ward = 'Urgencias adultos'; 
INSERT INTO phenotypic_data(phenotypic_data_id, isolate_id, ecdc_resistance_profile, cloxa_test, mbl_test) VALUES ('744', '88', 'XDR', '+/+', '-') ON DUPLICATE KEY UPDATE ecdc_resistance_profile = 'XDR', cloxa_test = '+/+', mbl_test = '-'; 
INSERT INTO sequence_analysis(sequence_analysis_id, isolate_id, ame_loci, beta_lactamase_loci, carbapenemase_loci, other_acq_ab_loci) VALUES ('88', '88', '-', '-', '-', '-') ON DUPLICATE KEY UPDATE ame_loci = '-', beta_lactamase_loci = '-', carbapenemase_loci = '-', other_acq_ab_loci = '-'; 
INSERT INTO metadata_general(isolate_id, isolate_name, species, project_name) VALUES ('92', 'CLE02-055', 'Pseudomonas aeruginosa', 'GEMARA') ON DUPLICATE KEY UPDATE isolate_name = 'CLE02-055', species = 'Pseudomonas aeruginosa', project_name = 'GEMARA'; 
INSERT INTO metadata_clinic(clinic_id, isolate_id, sample_type, collection_ward) VALUES ('745', '92', '5', 'Servicios quirúrgicos adultos') ON DUPLICATE KEY UPDATE sample_type = '5', collection_ward = 'Servicios quirúrgicos adultos'; 
INSERT INTO phenotypic_data(phenotypic_data_id, isolate_id, ecdc_resistance_profile, cloxa_test, mbl_test) VALUES ('745', '92', 'XDR', 's/s', '-') ON DUPLICATE KEY UPDATE ecdc_resistance_profile = 'XDR', cloxa_test = 's/s', mbl_test = '-'; 
INSERT INTO sequence_analysis(sequence_analysis_id, isolate_id, ame_loci, beta_lactamase_loci, carbapenemase_loci, other_acq_ab_loci) VALUES ('92', '92', 'aph(3\')-Via, aac(3)-Ia', '-', '-', 'strA') ON DUPLICATE KEY UPDATE ame_loci = 'aph(3\')-Via, aac(3)-Ia', beta_lactamase_loci = '-', carbapenemase_loci = '-', other_acq_ab_loci = 'strA'; 
INSERT INTO metadata_general(isolate_id, isolate_name, species, project_name) VALUES ('840', 'CLE03-003', 'Pseudomonas aeruginosa', 'GEMARA') ON DUPLICATE KEY UPDATE isolate_name = 'CLE03-003', species = 'Pseudomonas aeruginosa', project_name = 'GEMARA'; 
INSERT INTO metadata_clinic(clinic_id, isolate_id, sample_type, collection_ward) VALUES ('746', '840', '1', 'Servicios médicos adultos') ON DUPLICATE KEY UPDATE sample_type = '1', collection_ward = 'Servicios médicos adultos'; 
INSERT INTO phenotypic_data(phenotypic_data_id, isolate_id, ecdc_resistance_profile, cloxa_test, mbl_test) VALUES ('746', '840', 'MDR', '-', '-') ON DUPLICATE KEY UPDATE ecdc_resistance_profile = 'MDR', cloxa_test = '-', mbl_test = '-'; 
INSERT INTO sequence_analysis(sequence_analysis_id, isolate_id, ame_loci, beta_lactamase_loci, carbapenemase_loci, other_acq_ab_loci) VALUES ('840', '840', '-', '-', '-', '-') ON DUPLICATE KEY UPDATE ame_loci = '-', beta_lactamase_loci = '-', carbapenemase_loci = '-', other_acq_ab_loci = '-'; 
INSERT INTO metadata_general(isolate_id, isolate_name, species, project_name) VALUES ('841', 'CLE03-030', 'Pseudomonas aeruginosa', 'GEMARA') ON DUPLICATE KEY UPDATE isolate_name = 'CLE03-030', species = 'Pseudomonas aeruginosa', project_name = 'GEMARA'; 
INSERT INTO metadata_clinic(clinic_id, isolate_id, sample_type, collection_ward) VALUES ('747', '841', '1', 'Servicios médicos adultos') ON DUPLICATE KEY UPDATE sample_type = '1', collection_ward = 'Servicios médicos adultos'; 
INSERT INTO phenotypic_data(phenotypic_data_id, isolate_id, ecdc_resistance_profile, cloxa_test, mbl_test) VALUES ('747', '841', 'MDR', '-', '-') ON DUPLICATE KEY UPDATE ecdc_resistance_profile = 'MDR', cloxa_test = '-', mbl_test = '-'; 
INSERT INTO sequence_analysis(sequence_analysis_id, isolate_id, ame_loci, beta_lactamase_loci, carbapenemase_loci, other_acq_ab_loci) VALUES ('841', '841', '-', '-', '-', '-') ON DUPLICATE KEY UPDATE ame_loci = '-', beta_lactamase_loci = '-', carbapenemase_loci = '-', other_acq_ab_loci = '-'; 
INSERT INTO metadata_general(isolate_id, isolate_name, species, project_name) VALUES ('842', 'CLE03-001', 'Pseudomonas aeruginosa', 'GEMARA') ON DUPLICATE KEY UPDATE isolate_name = 'CLE03-001', species = 'Pseudomonas aeruginosa', project_name = 'GEMARA'; 
INSERT INTO metadata_clinic(clinic_id, isolate_id, sample_type, collection_ward) VALUES ('748', '842', '22', 'Servicios médicos adultos') ON DUPLICATE KEY UPDATE sample_type = '22', collection_ward = 'Servicios médicos adultos'; 
INSERT INTO phenotypic_data(phenotypic_data_id, isolate_id, ecdc_resistance_profile, cloxa_test, mbl_test) VALUES ('748', '842', 'MDR', '-', '-') ON DUPLICATE KEY UPDATE ecdc_resistance_profile = 'MDR', cloxa_test = '-', mbl_test = '-'; 
INSERT INTO sequence_analysis(sequence_analysis_id, isolate_id, ame_loci, beta_lactamase_loci, carbapenemase_loci, other_acq_ab_loci) VALUES ('842', '842', '-', '-', '-', '-') ON DUPLICATE KEY UPDATE ame_loci = '-', beta_lactamase_loci = '-', carbapenemase_loci = '-', other_acq_ab_loci = '-'; 
INSERT INTO metadata_general(isolate_id, isolate_name, species, project_name) VALUES ('843', 'CLE03-006', 'Pseudomonas aeruginosa', 'GEMARA') ON DUPLICATE KEY UPDATE isolate_name = 'CLE03-006', species = 'Pseudomonas aeruginosa', project_name = 'GEMARA'; 
INSERT INTO metadata_clinic(clinic_id, isolate_id, sample_type, collection_ward) VALUES ('749', '843', '6', 'Urgencias adultos') ON DUPLICATE KEY UPDATE sample_type = '6', collection_ward = 'Urgencias adultos'; 
INSERT INTO phenotypic_data(phenotypic_data_id, isolate_id, ecdc_resistance_profile, cloxa_test, mbl_test) VALUES ('749', '843', 'MDR', '-', '-') ON DUPLICATE KEY UPDATE ecdc_resistance_profile = 'MDR', cloxa_test = '-', mbl_test = '-'; 
INSERT INTO sequence_analysis(sequence_analysis_id, isolate_id, ame_loci, beta_lactamase_loci, carbapenemase_loci, other_acq_ab_loci) VALUES ('843', '843', '-', '-', '-', '-') ON DUPLICATE KEY UPDATE ame_loci = '-', beta_lactamase_loci = '-', carbapenemase_loci = '-', other_acq_ab_loci = '-'; 
INSERT INTO metadata_general(isolate_id, isolate_name, species, project_name) VALUES ('844', 'CLE03-007', 'Pseudomonas aeruginosa', 'GEMARA') ON DUPLICATE KEY UPDATE isolate_name = 'CLE03-007', species = 'Pseudomonas aeruginosa', project_name = 'GEMARA'; 
INSERT INTO metadata_clinic(clinic_id, isolate_id, sample_type, collection_ward) VALUES ('750', '844', '8', 'Servicios quirúrgicos adultos') ON DUPLICATE KEY UPDATE sample_type = '8', collection_ward = 'Servicios quirúrgicos adultos'; 
INSERT INTO phenotypic_data(phenotypic_data_id, isolate_id, ecdc_resistance_profile, cloxa_test, mbl_test) VALUES ('750', '844', 'MDR', '-', '-') ON DUPLICATE KEY UPDATE ecdc_resistance_profile = 'MDR', cloxa_test = '-', mbl_test = '-'; 
INSERT INTO sequence_analysis(sequence_analysis_id, isolate_id, ame_loci, beta_lactamase_loci, carbapenemase_loci, other_acq_ab_loci) VALUES ('844', '844', '-', '-', '-', '-') ON DUPLICATE KEY UPDATE ame_loci = '-', beta_lactamase_loci = '-', carbapenemase_loci = '-', other_acq_ab_loci = '-'; 
INSERT INTO metadata_general(isolate_id, isolate_name, species, project_name) VALUES ('845', 'CLE03-010', 'Pseudomonas aeruginosa', 'GEMARA') ON DUPLICATE KEY UPDATE isolate_name = 'CLE03-010', species = 'Pseudomonas aeruginosa', project_name = 'GEMARA'; 
INSERT INTO metadata_clinic(clinic_id, isolate_id, sample_type, collection_ward) VALUES ('751', '845', '22', 'Servicios quirúrgicos adultos') ON DUPLICATE KEY UPDATE sample_type = '22', collection_ward = 'Servicios quirúrgicos adultos'; 
INSERT INTO phenotypic_data(phenotypic_data_id, isolate_id, ecdc_resistance_profile, cloxa_test, mbl_test) VALUES ('751', '845', 'S', '-', '-') ON DUPLICATE KEY UPDATE ecdc_resistance_profile = 'S', cloxa_test = '-', mbl_test = '-'; 
INSERT INTO sequence_analysis(sequence_analysis_id, isolate_id, ame_loci, beta_lactamase_loci, carbapenemase_loci, other_acq_ab_loci) VALUES ('845', '845', '-', '-', '-', '-') ON DUPLICATE KEY UPDATE ame_loci = '-', beta_lactamase_loci = '-', carbapenemase_loci = '-', other_acq_ab_loci = '-'; 
INSERT INTO metadata_general(isolate_id, isolate_name, species, project_name) VALUES ('846', 'CLE03-015', 'Pseudomonas aeruginosa', 'GEMARA') ON DUPLICATE KEY UPDATE isolate_name = 'CLE03-015', species = 'Pseudomonas aeruginosa', project_name = 'GEMARA'; 
INSERT INTO metadata_clinic(clinic_id, isolate_id, sample_type, collection_ward) VALUES ('752', '846', '17', 'Servicios quirúrgicos adultos') ON DUPLICATE KEY UPDATE sample_type = '17', collection_ward = 'Servicios quirúrgicos adultos'; 
INSERT INTO phenotypic_data(phenotypic_data_id, isolate_id, ecdc_resistance_profile, cloxa_test, mbl_test) VALUES ('752', '846', 'S', '-', '-') ON DUPLICATE KEY UPDATE ecdc_resistance_profile = 'S', cloxa_test = '-', mbl_test = '-'; 
INSERT INTO sequence_analysis(sequence_analysis_id, isolate_id, ame_loci, beta_lactamase_loci, carbapenemase_loci, other_acq_ab_loci) VALUES ('846', '846', '-', '-', '-', '-') ON DUPLICATE KEY UPDATE ame_loci = '-', beta_lactamase_loci = '-', carbapenemase_loci = '-', other_acq_ab_loci = '-'; 
INSERT INTO metadata_general(isolate_id, isolate_name, species, project_name) VALUES ('847', 'CLE03-018', 'Pseudomonas aeruginosa', 'GEMARA') ON DUPLICATE KEY UPDATE isolate_name = 'CLE03-018', species = 'Pseudomonas aeruginosa', project_name = 'GEMARA'; 
INSERT INTO metadata_clinic(clinic_id, isolate_id, sample_type, collection_ward) VALUES ('753', '847', '4', 'Servicios quirúrgicos adultos') ON DUPLICATE KEY UPDATE sample_type = '4', collection_ward = 'Servicios quirúrgicos adultos'; 
INSERT INTO phenotypic_data(phenotypic_data_id, isolate_id, ecdc_resistance_profile, cloxa_test, mbl_test) VALUES ('753', '847', 'S', '-', '-') ON DUPLICATE KEY UPDATE ecdc_resistance_profile = 'S', cloxa_test = '-', mbl_test = '-'; 
INSERT INTO sequence_analysis(sequence_analysis_id, isolate_id, ame_loci, beta_lactamase_loci, carbapenemase_loci, other_acq_ab_loci) VALUES ('847', '847', '-', '-', '-', '-') ON DUPLICATE KEY UPDATE ame_loci = '-', beta_lactamase_loci = '-', carbapenemase_loci = '-', other_acq_ab_loci = '-'; 
INSERT INTO metadata_general(isolate_id, isolate_name, species, project_name) VALUES ('848', 'CLE03-021', 'Pseudomonas aeruginosa', 'GEMARA') ON DUPLICATE KEY UPDATE isolate_name = 'CLE03-021', species = 'Pseudomonas aeruginosa', project_name = 'GEMARA'; 
INSERT INTO metadata_clinic(clinic_id, isolate_id, sample_type, collection_ward) VALUES ('754', '848', '12', 'Consultas externas') ON DUPLICATE KEY UPDATE sample_type = '12', collection_ward = 'Consultas externas'; 
INSERT INTO phenotypic_data(phenotypic_data_id, isolate_id, ecdc_resistance_profile, cloxa_test, mbl_test) VALUES ('754', '848', 'S', '-', '-') ON DUPLICATE KEY UPDATE ecdc_resistance_profile = 'S', cloxa_test = '-', mbl_test = '-'; 
INSERT INTO sequence_analysis(sequence_analysis_id, isolate_id, ame_loci, beta_lactamase_loci, carbapenemase_loci, other_acq_ab_loci) VALUES ('848', '848', '-', '-', '-', '-') ON DUPLICATE KEY UPDATE ame_loci = '-', beta_lactamase_loci = '-', carbapenemase_loci = '-', other_acq_ab_loci = '-'; 
INSERT INTO metadata_general(isolate_id, isolate_name, species, project_name) VALUES ('849', 'CLE03-029', 'Pseudomonas aeruginosa', 'GEMARA') ON DUPLICATE KEY UPDATE isolate_name = 'CLE03-029', species = 'Pseudomonas aeruginosa', project_name = 'GEMARA'; 
INSERT INTO metadata_clinic(clinic_id, isolate_id, sample_type, collection_ward) VALUES ('755', '849', '5', 'Servicios quirúrgicos adultos') ON DUPLICATE KEY UPDATE sample_type = '5', collection_ward = 'Servicios quirúrgicos adultos'; 
INSERT INTO phenotypic_data(phenotypic_data_id, isolate_id, ecdc_resistance_profile, cloxa_test, mbl_test) VALUES ('755', '849', 'S', '-', '-') ON DUPLICATE KEY UPDATE ecdc_resistance_profile = 'S', cloxa_test = '-', mbl_test = '-'; 
INSERT INTO sequence_analysis(sequence_analysis_id, isolate_id, ame_loci, beta_lactamase_loci, carbapenemase_loci, other_acq_ab_loci) VALUES ('849', '849', '-', '-', '-', '-') ON DUPLICATE KEY UPDATE ame_loci = '-', beta_lactamase_loci = '-', carbapenemase_loci = '-', other_acq_ab_loci = '-'; 
INSERT INTO metadata_general(isolate_id, isolate_name, species, project_name) VALUES ('850', 'CLE03-025', 'Pseudomonas aeruginosa', 'GEMARA') ON DUPLICATE KEY UPDATE isolate_name = 'CLE03-025', species = 'Pseudomonas aeruginosa', project_name = 'GEMARA'; 
INSERT INTO metadata_clinic(clinic_id, isolate_id, sample_type, collection_ward) VALUES ('756', '850', '20', 'Consultas externas') ON DUPLICATE KEY UPDATE sample_type = '20', collection_ward = 'Consultas externas'; 
INSERT INTO phenotypic_data(phenotypic_data_id, isolate_id, ecdc_resistance_profile, cloxa_test, mbl_test) VALUES ('756', '850', 'S', '-', '-') ON DUPLICATE KEY UPDATE ecdc_resistance_profile = 'S', cloxa_test = '-', mbl_test = '-'; 
INSERT INTO sequence_analysis(sequence_analysis_id, isolate_id, ame_loci, beta_lactamase_loci, carbapenemase_loci, other_acq_ab_loci) VALUES ('850', '850', '-', '-', '-', '-') ON DUPLICATE KEY UPDATE ame_loci = '-', beta_lactamase_loci = '-', carbapenemase_loci = '-', other_acq_ab_loci = '-'; 
INSERT INTO metadata_general(isolate_id, isolate_name, species, project_name) VALUES ('851', 'CLE03-009', 'Pseudomonas aeruginosa', 'GEMARA') ON DUPLICATE KEY UPDATE isolate_name = 'CLE03-009', species = 'Pseudomonas aeruginosa', project_name = 'GEMARA'; 
INSERT INTO metadata_clinic(clinic_id, isolate_id, sample_type, collection_ward) VALUES ('757', '851', '22', 'Servicios médicos adultos') ON DUPLICATE KEY UPDATE sample_type = '22', collection_ward = 'Servicios médicos adultos'; 
INSERT INTO phenotypic_data(phenotypic_data_id, isolate_id, ecdc_resistance_profile, cloxa_test, mbl_test) VALUES ('757', '851', 'S', '-', '-') ON DUPLICATE KEY UPDATE ecdc_resistance_profile = 'S', cloxa_test = '-', mbl_test = '-'; 
INSERT INTO sequence_analysis(sequence_analysis_id, isolate_id, ame_loci, beta_lactamase_loci, carbapenemase_loci, other_acq_ab_loci) VALUES ('851', '851', '-', '-', '-', '-') ON DUPLICATE KEY UPDATE ame_loci = '-', beta_lactamase_loci = '-', carbapenemase_loci = '-', other_acq_ab_loci = '-'; 
INSERT INTO metadata_general(isolate_id, isolate_name, species, project_name) VALUES ('852', 'CLE03-013', 'Pseudomonas aeruginosa', 'GEMARA') ON DUPLICATE KEY UPDATE isolate_name = 'CLE03-013', species = 'Pseudomonas aeruginosa', project_name = 'GEMARA'; 
INSERT INTO metadata_clinic(clinic_id, isolate_id, sample_type, collection_ward) VALUES ('758', '852', '31', 'Servicios quirúrgicos adultos') ON DUPLICATE KEY UPDATE sample_type = '31', collection_ward = 'Servicios quirúrgicos adultos'; 
INSERT INTO phenotypic_data(phenotypic_data_id, isolate_id, ecdc_resistance_profile, cloxa_test, mbl_test) VALUES ('758', '852', 'S', '-', '-') ON DUPLICATE KEY UPDATE ecdc_resistance_profile = 'S', cloxa_test = '-', mbl_test = '-'; 
INSERT INTO sequence_analysis(sequence_analysis_id, isolate_id, ame_loci, beta_lactamase_loci, carbapenemase_loci, other_acq_ab_loci) VALUES ('852', '852', '-', '-', '-', '-') ON DUPLICATE KEY UPDATE ame_loci = '-', beta_lactamase_loci = '-', carbapenemase_loci = '-', other_acq_ab_loci = '-'; 
INSERT INTO metadata_general(isolate_id, isolate_name, species, project_name) VALUES ('853', 'CLE03-027', 'Pseudomonas aeruginosa', 'GEMARA') ON DUPLICATE KEY UPDATE isolate_name = 'CLE03-027', species = 'Pseudomonas aeruginosa', project_name = 'GEMARA'; 
INSERT INTO metadata_clinic(clinic_id, isolate_id, sample_type, collection_ward) VALUES ('759', '853', '1', 'Servicios médicos adultos') ON DUPLICATE KEY UPDATE sample_type = '1', collection_ward = 'Servicios médicos adultos'; 
INSERT INTO phenotypic_data(phenotypic_data_id, isolate_id, ecdc_resistance_profile, cloxa_test, mbl_test) VALUES ('759', '853', 'S', '-', '-') ON DUPLICATE KEY UPDATE ecdc_resistance_profile = 'S', cloxa_test = '-', mbl_test = '-'; 
INSERT INTO sequence_analysis(sequence_analysis_id, isolate_id, ame_loci, beta_lactamase_loci, carbapenemase_loci, other_acq_ab_loci) VALUES ('853', '853', '-', '-', '-', '-') ON DUPLICATE KEY UPDATE ame_loci = '-', beta_lactamase_loci = '-', carbapenemase_loci = '-', other_acq_ab_loci = '-'; 
INSERT INTO metadata_general(isolate_id, isolate_name, species, project_name) VALUES ('854', 'CLE03-004', 'Pseudomonas aeruginosa', 'GEMARA') ON DUPLICATE KEY UPDATE isolate_name = 'CLE03-004', species = 'Pseudomonas aeruginosa', project_name = 'GEMARA'; 
INSERT INTO metadata_clinic(clinic_id, isolate_id, sample_type, collection_ward) VALUES ('760', '854', '20', 'Servicios quirúrgicos adultos') ON DUPLICATE KEY UPDATE sample_type = '20', collection_ward = 'Servicios quirúrgicos adultos'; 
INSERT INTO phenotypic_data(phenotypic_data_id, isolate_id, ecdc_resistance_profile, cloxa_test, mbl_test) VALUES ('760', '854', 'S', '-', '-') ON DUPLICATE KEY UPDATE ecdc_resistance_profile = 'S', cloxa_test = '-', mbl_test = '-'; 
INSERT INTO sequence_analysis(sequence_analysis_id, isolate_id, ame_loci, beta_lactamase_loci, carbapenemase_loci, other_acq_ab_loci) VALUES ('854', '854', '-', '-', '-', '-') ON DUPLICATE KEY UPDATE ame_loci = '-', beta_lactamase_loci = '-', carbapenemase_loci = '-', other_acq_ab_loci = '-'; 
INSERT INTO metadata_general(isolate_id, isolate_name, species, project_name) VALUES ('855', 'CLE03-005', 'Pseudomonas aeruginosa', 'GEMARA') ON DUPLICATE KEY UPDATE isolate_name = 'CLE03-005', species = 'Pseudomonas aeruginosa', project_name = 'GEMARA'; 
INSERT INTO metadata_clinic(clinic_id, isolate_id, sample_type, collection_ward) VALUES ('761', '855', '6', 'Urgencias adultos') ON DUPLICATE KEY UPDATE sample_type = '6', collection_ward = 'Urgencias adultos'; 
INSERT INTO phenotypic_data(phenotypic_data_id, isolate_id, ecdc_resistance_profile, cloxa_test, mbl_test) VALUES ('761', '855', 'S', '-', '-') ON DUPLICATE KEY UPDATE ecdc_resistance_profile = 'S', cloxa_test = '-', mbl_test = '-'; 
INSERT INTO sequence_analysis(sequence_analysis_id, isolate_id, ame_loci, beta_lactamase_loci, carbapenemase_loci, other_acq_ab_loci) VALUES ('855', '855', '-', '-', '-', '-') ON DUPLICATE KEY UPDATE ame_loci = '-', beta_lactamase_loci = '-', carbapenemase_loci = '-', other_acq_ab_loci = '-'; 
INSERT INTO metadata_general(isolate_id, isolate_name, species, project_name) VALUES ('856', 'CLE03-008', 'Pseudomonas aeruginosa', 'GEMARA') ON DUPLICATE KEY UPDATE isolate_name = 'CLE03-008', species = 'Pseudomonas aeruginosa', project_name = 'GEMARA'; 
INSERT INTO metadata_clinic(clinic_id, isolate_id, sample_type, collection_ward) VALUES ('762', '856', '22', 'Servicios médicos adultos') ON DUPLICATE KEY UPDATE sample_type = '22', collection_ward = 'Servicios médicos adultos'; 
INSERT INTO phenotypic_data(phenotypic_data_id, isolate_id, ecdc_resistance_profile, cloxa_test, mbl_test) VALUES ('762', '856', 'S', '-', '-') ON DUPLICATE KEY UPDATE ecdc_resistance_profile = 'S', cloxa_test = '-', mbl_test = '-'; 
INSERT INTO sequence_analysis(sequence_analysis_id, isolate_id, ame_loci, beta_lactamase_loci, carbapenemase_loci, other_acq_ab_loci) VALUES ('856', '856', '-', '-', '-', '-') ON DUPLICATE KEY UPDATE ame_loci = '-', beta_lactamase_loci = '-', carbapenemase_loci = '-', other_acq_ab_loci = '-'; 
INSERT INTO metadata_general(isolate_id, isolate_name, species, project_name) VALUES ('857', 'CLE03-012', 'Pseudomonas aeruginosa', 'GEMARA') ON DUPLICATE KEY UPDATE isolate_name = 'CLE03-012', species = 'Pseudomonas aeruginosa', project_name = 'GEMARA'; 
INSERT INTO metadata_clinic(clinic_id, isolate_id, sample_type, collection_ward) VALUES ('763', '857', '12', 'Servicios quirúrgicos adultos') ON DUPLICATE KEY UPDATE sample_type = '12', collection_ward = 'Servicios quirúrgicos adultos'; 
INSERT INTO phenotypic_data(phenotypic_data_id, isolate_id, ecdc_resistance_profile, cloxa_test, mbl_test) VALUES ('763', '857', 'S', '-', '-') ON DUPLICATE KEY UPDATE ecdc_resistance_profile = 'S', cloxa_test = '-', mbl_test = '-'; 
INSERT INTO sequence_analysis(sequence_analysis_id, isolate_id, ame_loci, beta_lactamase_loci, carbapenemase_loci, other_acq_ab_loci) VALUES ('857', '857', '-', '-', '-', '-') ON DUPLICATE KEY UPDATE ame_loci = '-', beta_lactamase_loci = '-', carbapenemase_loci = '-', other_acq_ab_loci = '-'; 
INSERT INTO metadata_general(isolate_id, isolate_name, species, project_name) VALUES ('858', 'CLE03-014', 'Pseudomonas aeruginosa', 'GEMARA') ON DUPLICATE KEY UPDATE isolate_name = 'CLE03-014', species = 'Pseudomonas aeruginosa', project_name = 'GEMARA'; 
INSERT INTO metadata_clinic(clinic_id, isolate_id, sample_type, collection_ward) VALUES ('764', '858', '5', 'Urgencias adultos') ON DUPLICATE KEY UPDATE sample_type = '5', collection_ward = 'Urgencias adultos'; 
INSERT INTO phenotypic_data(phenotypic_data_id, isolate_id, ecdc_resistance_profile, cloxa_test, mbl_test) VALUES ('764', '858', 'S', '-', '-') ON DUPLICATE KEY UPDATE ecdc_resistance_profile = 'S', cloxa_test = '-', mbl_test = '-'; 
INSERT INTO sequence_analysis(sequence_analysis_id, isolate_id, ame_loci, beta_lactamase_loci, carbapenemase_loci, other_acq_ab_loci) VALUES ('858', '858', '-', '-', '-', '-') ON DUPLICATE KEY UPDATE ame_loci = '-', beta_lactamase_loci = '-', carbapenemase_loci = '-', other_acq_ab_loci = '-'; 
INSERT INTO metadata_general(isolate_id, isolate_name, species, project_name) VALUES ('859', 'CLE03-016', 'Pseudomonas aeruginosa', 'GEMARA') ON DUPLICATE KEY UPDATE isolate_name = 'CLE03-016', species = 'Pseudomonas aeruginosa', project_name = 'GEMARA'; 
INSERT INTO metadata_clinic(clinic_id, isolate_id, sample_type, collection_ward) VALUES ('765', '859', '17', 'Servicios quirúrgicos adultos') ON DUPLICATE KEY UPDATE sample_type = '17', collection_ward = 'Servicios quirúrgicos adultos'; 
INSERT INTO phenotypic_data(phenotypic_data_id, isolate_id, ecdc_resistance_profile, cloxa_test, mbl_test) VALUES ('765', '859', 'S', '-', '-') ON DUPLICATE KEY UPDATE ecdc_resistance_profile = 'S', cloxa_test = '-', mbl_test = '-'; 
INSERT INTO sequence_analysis(sequence_analysis_id, isolate_id, ame_loci, beta_lactamase_loci, carbapenemase_loci, other_acq_ab_loci) VALUES ('859', '859', '-', '-', '-', '-') ON DUPLICATE KEY UPDATE ame_loci = '-', beta_lactamase_loci = '-', carbapenemase_loci = '-', other_acq_ab_loci = '-'; 
INSERT INTO metadata_general(isolate_id, isolate_name, species, project_name) VALUES ('860', 'CLE03-019', 'Pseudomonas aeruginosa', 'GEMARA') ON DUPLICATE KEY UPDATE isolate_name = 'CLE03-019', species = 'Pseudomonas aeruginosa', project_name = 'GEMARA'; 
INSERT INTO metadata_clinic(clinic_id, isolate_id, sample_type, collection_ward) VALUES ('766', '860', '10', 'Consultas externas') ON DUPLICATE KEY UPDATE sample_type = '10', collection_ward = 'Consultas externas'; 
INSERT INTO phenotypic_data(phenotypic_data_id, isolate_id, ecdc_resistance_profile, cloxa_test, mbl_test) VALUES ('766', '860', 'S', '-', '-') ON DUPLICATE KEY UPDATE ecdc_resistance_profile = 'S', cloxa_test = '-', mbl_test = '-'; 
INSERT INTO sequence_analysis(sequence_analysis_id, isolate_id, ame_loci, beta_lactamase_loci, carbapenemase_loci, other_acq_ab_loci) VALUES ('860', '860', '-', '-', '-', '-') ON DUPLICATE KEY UPDATE ame_loci = '-', beta_lactamase_loci = '-', carbapenemase_loci = '-', other_acq_ab_loci = '-'; 
INSERT INTO metadata_general(isolate_id, isolate_name, species, project_name) VALUES ('861', 'CLE03-026', 'Pseudomonas aeruginosa', 'GEMARA') ON DUPLICATE KEY UPDATE isolate_name = 'CLE03-026', species = 'Pseudomonas aeruginosa', project_name = 'GEMARA'; 
INSERT INTO metadata_clinic(clinic_id, isolate_id, sample_type, collection_ward) VALUES ('767', '861', '6', 'Urgencias adultos') ON DUPLICATE KEY UPDATE sample_type = '6', collection_ward = 'Urgencias adultos'; 
INSERT INTO phenotypic_data(phenotypic_data_id, isolate_id, ecdc_resistance_profile, cloxa_test, mbl_test) VALUES ('767', '861', 'S', '-', '-') ON DUPLICATE KEY UPDATE ecdc_resistance_profile = 'S', cloxa_test = '-', mbl_test = '-'; 
INSERT INTO sequence_analysis(sequence_analysis_id, isolate_id, ame_loci, beta_lactamase_loci, carbapenemase_loci, other_acq_ab_loci) VALUES ('861', '861', '-', '-', '-', '-') ON DUPLICATE KEY UPDATE ame_loci = '-', beta_lactamase_loci = '-', carbapenemase_loci = '-', other_acq_ab_loci = '-'; 
INSERT INTO metadata_general(isolate_id, isolate_name, species, project_name) VALUES ('93', 'CLE03-022', 'Pseudomonas aeruginosa', 'GEMARA') ON DUPLICATE KEY UPDATE isolate_name = 'CLE03-022', species = 'Pseudomonas aeruginosa', project_name = 'GEMARA'; 
INSERT INTO metadata_clinic(clinic_id, isolate_id, sample_type, collection_ward) VALUES ('768', '93', '1', 'Consultas externas') ON DUPLICATE KEY UPDATE sample_type = '1', collection_ward = 'Consultas externas'; 
INSERT INTO phenotypic_data(phenotypic_data_id, isolate_id, ecdc_resistance_profile, cloxa_test, mbl_test) VALUES ('768', '93', 'XDR', '+/+', '-') ON DUPLICATE KEY UPDATE ecdc_resistance_profile = 'XDR', cloxa_test = '+/+', mbl_test = '-'; 
INSERT INTO sequence_analysis(sequence_analysis_id, isolate_id, ame_loci, beta_lactamase_loci, carbapenemase_loci, other_acq_ab_loci) VALUES ('93', '93', '-', '-', '-', '-') ON DUPLICATE KEY UPDATE ame_loci = '-', beta_lactamase_loci = '-', carbapenemase_loci = '-', other_acq_ab_loci = '-'; 
INSERT INTO metadata_general(isolate_id, isolate_name, species, project_name) VALUES ('94', 'CLE03-023', 'Pseudomonas aeruginosa', 'GEMARA') ON DUPLICATE KEY UPDATE isolate_name = 'CLE03-023', species = 'Pseudomonas aeruginosa', project_name = 'GEMARA'; 
INSERT INTO metadata_clinic(clinic_id, isolate_id, sample_type, collection_ward) VALUES ('769', '94', '1', 'Consultas externas') ON DUPLICATE KEY UPDATE sample_type = '1', collection_ward = 'Consultas externas'; 
INSERT INTO phenotypic_data(phenotypic_data_id, isolate_id, ecdc_resistance_profile, cloxa_test, mbl_test) VALUES ('769', '94', 'XDR', '+/+', '-') ON DUPLICATE KEY UPDATE ecdc_resistance_profile = 'XDR', cloxa_test = '+/+', mbl_test = '-'; 
INSERT INTO sequence_analysis(sequence_analysis_id, isolate_id, ame_loci, beta_lactamase_loci, carbapenemase_loci, other_acq_ab_loci) VALUES ('94', '94', '-', '-', '-', '-') ON DUPLICATE KEY UPDATE ame_loci = '-', beta_lactamase_loci = '-', carbapenemase_loci = '-', other_acq_ab_loci = '-'; 
INSERT INTO metadata_general(isolate_id, isolate_name, species, project_name) VALUES ('862', 'CLM01-003', 'Pseudomonas aeruginosa', 'GEMARA') ON DUPLICATE KEY UPDATE isolate_name = 'CLM01-003', species = 'Pseudomonas aeruginosa', project_name = 'GEMARA'; 
INSERT INTO metadata_clinic(clinic_id, isolate_id, sample_type, collection_ward) VALUES ('770', '862', '1', 'Servicios médicos adultos') ON DUPLICATE KEY UPDATE sample_type = '1', collection_ward = 'Servicios médicos adultos'; 
INSERT INTO phenotypic_data(phenotypic_data_id, isolate_id, ecdc_resistance_profile, cloxa_test, mbl_test) VALUES ('770', '862', 'MDR', '-', '-') ON DUPLICATE KEY UPDATE ecdc_resistance_profile = 'MDR', cloxa_test = '-', mbl_test = '-'; 
INSERT INTO sequence_analysis(sequence_analysis_id, isolate_id, ame_loci, beta_lactamase_loci, carbapenemase_loci, other_acq_ab_loci) VALUES ('862', '862', '-', '-', '-', '-') ON DUPLICATE KEY UPDATE ame_loci = '-', beta_lactamase_loci = '-', carbapenemase_loci = '-', other_acq_ab_loci = '-'; 
INSERT INTO metadata_general(isolate_id, isolate_name, species, project_name) VALUES ('863', 'CLM01-020', 'Pseudomonas aeruginosa', 'GEMARA') ON DUPLICATE KEY UPDATE isolate_name = 'CLM01-020', species = 'Pseudomonas aeruginosa', project_name = 'GEMARA'; 
INSERT INTO metadata_clinic(clinic_id, isolate_id, sample_type, collection_ward) VALUES ('771', '863', '5', 'UCI Adultos') ON DUPLICATE KEY UPDATE sample_type = '5', collection_ward = 'UCI Adultos'; 
INSERT INTO phenotypic_data(phenotypic_data_id, isolate_id, ecdc_resistance_profile, cloxa_test, mbl_test) VALUES ('771', '863', 'MDR', 's/+', '+') ON DUPLICATE KEY UPDATE ecdc_resistance_profile = 'MDR', cloxa_test = 's/+', mbl_test = '+'; 
INSERT INTO sequence_analysis(sequence_analysis_id, isolate_id, ame_loci, beta_lactamase_loci, carbapenemase_loci, other_acq_ab_loci) VALUES ('863', '863', 'aacA4, aadA1, aac(6\')-Iia, aph(3\')-Ib', '-', 'blaVIM-2, class-A beta-lactamase (blaAER - Aeromonas hydrophyla like)', 'QnrVC1, dfrA1') ON DUPLICATE KEY UPDATE ame_loci = 'aacA4, aadA1, aac(6\')-Iia, aph(3\')-Ib', beta_lactamase_loci = '-', carbapenemase_loci = 'blaVIM-2, class-A beta-lactamase (blaAER - Aeromonas hydrophyla like)', other_acq_ab_loci = 'QnrVC1, dfrA1'; 
INSERT INTO metadata_general(isolate_id, isolate_name, species, project_name) VALUES ('864', 'CLM01-031', 'Pseudomonas aeruginosa', 'GEMARA') ON DUPLICATE KEY UPDATE isolate_name = 'CLM01-031', species = 'Pseudomonas aeruginosa', project_name = 'GEMARA'; 
INSERT INTO metadata_clinic(clinic_id, isolate_id, sample_type, collection_ward) VALUES ('772', '864', '20', 'UCI Adultos') ON DUPLICATE KEY UPDATE sample_type = '20', collection_ward = 'UCI Adultos'; 
INSERT INTO phenotypic_data(phenotypic_data_id, isolate_id, ecdc_resistance_profile, cloxa_test, mbl_test) VALUES ('772', '864', 'MDR', 's/+', '+') ON DUPLICATE KEY UPDATE ecdc_resistance_profile = 'MDR', cloxa_test = 's/+', mbl_test = '+'; 
INSERT INTO sequence_analysis(sequence_analysis_id, isolate_id, ame_loci, beta_lactamase_loci, carbapenemase_loci, other_acq_ab_loci) VALUES ('864', '864', 'aadA1, aph(3´)-Ib, aacA4, aac(6´)-Iia, aac(6\')Ib-cr', '-', 'blaVIM-2, blaAER-1', 'QnrVC1, dfrA1') ON DUPLICATE KEY UPDATE ame_loci = 'aadA1, aph(3´)-Ib, aacA4, aac(6´)-Iia, aac(6\')Ib-cr', beta_lactamase_loci = '-', carbapenemase_loci = 'blaVIM-2, blaAER-1', other_acq_ab_loci = 'QnrVC1, dfrA1'; 
INSERT INTO metadata_general(isolate_id, isolate_name, species, project_name) VALUES ('865', 'CLM01-034', 'Pseudomonas aeruginosa', 'GEMARA') ON DUPLICATE KEY UPDATE isolate_name = 'CLM01-034', species = 'Pseudomonas aeruginosa', project_name = 'GEMARA'; 
INSERT INTO metadata_clinic(clinic_id, isolate_id, sample_type, collection_ward) VALUES ('773', '865', '20', 'UCI Adultos') ON DUPLICATE KEY UPDATE sample_type = '20', collection_ward = 'UCI Adultos'; 
INSERT INTO phenotypic_data(phenotypic_data_id, isolate_id, ecdc_resistance_profile, cloxa_test, mbl_test) VALUES ('773', '865', 'MDR', 's/+', '+') ON DUPLICATE KEY UPDATE ecdc_resistance_profile = 'MDR', cloxa_test = 's/+', mbl_test = '+'; 
INSERT INTO sequence_analysis(sequence_analysis_id, isolate_id, ame_loci, beta_lactamase_loci, carbapenemase_loci, other_acq_ab_loci) VALUES ('865', '865', '-', '-', 'blaVIM-2', '-') ON DUPLICATE KEY UPDATE ame_loci = '-', beta_lactamase_loci = '-', carbapenemase_loci = 'blaVIM-2', other_acq_ab_loci = '-'; 
INSERT INTO metadata_general(isolate_id, isolate_name, species, project_name) VALUES ('866', 'CLM01-022', 'Pseudomonas aeruginosa', 'GEMARA') ON DUPLICATE KEY UPDATE isolate_name = 'CLM01-022', species = 'Pseudomonas aeruginosa', project_name = 'GEMARA'; 
INSERT INTO metadata_clinic(clinic_id, isolate_id, sample_type, collection_ward) VALUES ('774', '866', '5', 'Centro sociosanitario') ON DUPLICATE KEY UPDATE sample_type = '5', collection_ward = 'Centro sociosanitario'; 
INSERT INTO phenotypic_data(phenotypic_data_id, isolate_id, ecdc_resistance_profile, cloxa_test, mbl_test) VALUES ('774', '866', 'S', '-', '-') ON DUPLICATE KEY UPDATE ecdc_resistance_profile = 'S', cloxa_test = '-', mbl_test = '-'; 
INSERT INTO sequence_analysis(sequence_analysis_id, isolate_id, ame_loci, beta_lactamase_loci, carbapenemase_loci, other_acq_ab_loci) VALUES ('866', '866', '-', '-', '-', '-') ON DUPLICATE KEY UPDATE ame_loci = '-', beta_lactamase_loci = '-', carbapenemase_loci = '-', other_acq_ab_loci = '-'; 
INSERT INTO metadata_general(isolate_id, isolate_name, species, project_name) VALUES ('867', 'CLM01-032', 'Pseudomonas aeruginosa', 'GEMARA') ON DUPLICATE KEY UPDATE isolate_name = 'CLM01-032', species = 'Pseudomonas aeruginosa', project_name = 'GEMARA'; 
INSERT INTO metadata_clinic(clinic_id, isolate_id, sample_type, collection_ward) VALUES ('775', '867', '5', 'Urgencias adultos') ON DUPLICATE KEY UPDATE sample_type = '5', collection_ward = 'Urgencias adultos'; 
INSERT INTO phenotypic_data(phenotypic_data_id, isolate_id, ecdc_resistance_profile, cloxa_test, mbl_test) VALUES ('775', '867', 'S', '-', '-') ON DUPLICATE KEY UPDATE ecdc_resistance_profile = 'S', cloxa_test = '-', mbl_test = '-'; 
INSERT INTO sequence_analysis(sequence_analysis_id, isolate_id, ame_loci, beta_lactamase_loci, carbapenemase_loci, other_acq_ab_loci) VALUES ('867', '867', '-', '-', '-', '-') ON DUPLICATE KEY UPDATE ame_loci = '-', beta_lactamase_loci = '-', carbapenemase_loci = '-', other_acq_ab_loci = '-'; 
INSERT INTO metadata_general(isolate_id, isolate_name, species, project_name) VALUES ('868', 'CLM01-038', 'Pseudomonas aeruginosa', 'GEMARA') ON DUPLICATE KEY UPDATE isolate_name = 'CLM01-038', species = 'Pseudomonas aeruginosa', project_name = 'GEMARA'; 
INSERT INTO metadata_clinic(clinic_id, isolate_id, sample_type, collection_ward) VALUES ('776', '868', '1', 'Servicios médicos adultos') ON DUPLICATE KEY UPDATE sample_type = '1', collection_ward = 'Servicios médicos adultos'; 
INSERT INTO phenotypic_data(phenotypic_data_id, isolate_id, ecdc_resistance_profile, cloxa_test, mbl_test) VALUES ('776', '868', 'S', '-', '-') ON DUPLICATE KEY UPDATE ecdc_resistance_profile = 'S', cloxa_test = '-', mbl_test = '-'; 
INSERT INTO sequence_analysis(sequence_analysis_id, isolate_id, ame_loci, beta_lactamase_loci, carbapenemase_loci, other_acq_ab_loci) VALUES ('868', '868', '-', '-', '-', '-') ON DUPLICATE KEY UPDATE ame_loci = '-', beta_lactamase_loci = '-', carbapenemase_loci = '-', other_acq_ab_loci = '-'; 
INSERT INTO metadata_general(isolate_id, isolate_name, species, project_name) VALUES ('869', 'CLM01-039', 'Pseudomonas aeruginosa', 'GEMARA') ON DUPLICATE KEY UPDATE isolate_name = 'CLM01-039', species = 'Pseudomonas aeruginosa', project_name = 'GEMARA'; 
INSERT INTO metadata_clinic(clinic_id, isolate_id, sample_type, collection_ward) VALUES ('777', '869', '6', 'Urgencias adultos') ON DUPLICATE KEY UPDATE sample_type = '6', collection_ward = 'Urgencias adultos'; 
INSERT INTO phenotypic_data(phenotypic_data_id, isolate_id, ecdc_resistance_profile, cloxa_test, mbl_test) VALUES ('777', '869', 'S', '-', '-') ON DUPLICATE KEY UPDATE ecdc_resistance_profile = 'S', cloxa_test = '-', mbl_test = '-'; 
INSERT INTO sequence_analysis(sequence_analysis_id, isolate_id, ame_loci, beta_lactamase_loci, carbapenemase_loci, other_acq_ab_loci) VALUES ('869', '869', '-', '-', '-', '-') ON DUPLICATE KEY UPDATE ame_loci = '-', beta_lactamase_loci = '-', carbapenemase_loci = '-', other_acq_ab_loci = '-'; 
INSERT INTO metadata_general(isolate_id, isolate_name, species, project_name) VALUES ('870', 'CLM01-007', 'Pseudomonas aeruginosa', 'GEMARA') ON DUPLICATE KEY UPDATE isolate_name = 'CLM01-007', species = 'Pseudomonas aeruginosa', project_name = 'GEMARA'; 
INSERT INTO metadata_clinic(clinic_id, isolate_id, sample_type, collection_ward) VALUES ('778', '870', '22', 'Servicios quirúrgicos adultos') ON DUPLICATE KEY UPDATE sample_type = '22', collection_ward = 'Servicios quirúrgicos adultos'; 
INSERT INTO phenotypic_data(phenotypic_data_id, isolate_id, ecdc_resistance_profile, cloxa_test, mbl_test) VALUES ('778', '870', 'S', '-', '-') ON DUPLICATE KEY UPDATE ecdc_resistance_profile = 'S', cloxa_test = '-', mbl_test = '-'; 
INSERT INTO sequence_analysis(sequence_analysis_id, isolate_id, ame_loci, beta_lactamase_loci, carbapenemase_loci, other_acq_ab_loci) VALUES ('870', '870', '-', '-', '-', '-') ON DUPLICATE KEY UPDATE ame_loci = '-', beta_lactamase_loci = '-', carbapenemase_loci = '-', other_acq_ab_loci = '-'; 
INSERT INTO metadata_general(isolate_id, isolate_name, species, project_name) VALUES ('871', 'CLM01-002', 'Pseudomonas aeruginosa', 'GEMARA') ON DUPLICATE KEY UPDATE isolate_name = 'CLM01-002', species = 'Pseudomonas aeruginosa', project_name = 'GEMARA'; 
INSERT INTO metadata_clinic(clinic_id, isolate_id, sample_type, collection_ward) VALUES ('779', '871', '5', 'Urgencias adultos') ON DUPLICATE KEY UPDATE sample_type = '5', collection_ward = 'Urgencias adultos'; 
INSERT INTO phenotypic_data(phenotypic_data_id, isolate_id, ecdc_resistance_profile, cloxa_test, mbl_test) VALUES ('779', '871', 'S', '-', '-') ON DUPLICATE KEY UPDATE ecdc_resistance_profile = 'S', cloxa_test = '-', mbl_test = '-'; 
INSERT INTO sequence_analysis(sequence_analysis_id, isolate_id, ame_loci, beta_lactamase_loci, carbapenemase_loci, other_acq_ab_loci) VALUES ('871', '871', '-', '-', '-', '-') ON DUPLICATE KEY UPDATE ame_loci = '-', beta_lactamase_loci = '-', carbapenemase_loci = '-', other_acq_ab_loci = '-'; 
INSERT INTO metadata_general(isolate_id, isolate_name, species, project_name) VALUES ('872', 'CLM01-014', 'Pseudomonas aeruginosa', 'GEMARA') ON DUPLICATE KEY UPDATE isolate_name = 'CLM01-014', species = 'Pseudomonas aeruginosa', project_name = 'GEMARA'; 
INSERT INTO metadata_clinic(clinic_id, isolate_id, sample_type, collection_ward) VALUES ('780', '872', '5', 'Urgencias adultos') ON DUPLICATE KEY UPDATE sample_type = '5', collection_ward = 'Urgencias adultos'; 
INSERT INTO phenotypic_data(phenotypic_data_id, isolate_id, ecdc_resistance_profile, cloxa_test, mbl_test) VALUES ('780', '872', 'S', '-', '-') ON DUPLICATE KEY UPDATE ecdc_resistance_profile = 'S', cloxa_test = '-', mbl_test = '-'; 
INSERT INTO sequence_analysis(sequence_analysis_id, isolate_id, ame_loci, beta_lactamase_loci, carbapenemase_loci, other_acq_ab_loci) VALUES ('872', '872', '-', '-', '-', '-') ON DUPLICATE KEY UPDATE ame_loci = '-', beta_lactamase_loci = '-', carbapenemase_loci = '-', other_acq_ab_loci = '-'; 
INSERT INTO metadata_general(isolate_id, isolate_name, species, project_name) VALUES ('873', 'CLM01-001', 'Pseudomonas aeruginosa', 'GEMARA') ON DUPLICATE KEY UPDATE isolate_name = 'CLM01-001', species = 'Pseudomonas aeruginosa', project_name = 'GEMARA'; 
INSERT INTO metadata_clinic(clinic_id, isolate_id, sample_type, collection_ward) VALUES ('781', '873', '22', 'Servicios médicos adultos') ON DUPLICATE KEY UPDATE sample_type = '22', collection_ward = 'Servicios médicos adultos'; 
INSERT INTO phenotypic_data(phenotypic_data_id, isolate_id, ecdc_resistance_profile, cloxa_test, mbl_test) VALUES ('781', '873', 'S', '-', '-') ON DUPLICATE KEY UPDATE ecdc_resistance_profile = 'S', cloxa_test = '-', mbl_test = '-'; 
INSERT INTO sequence_analysis(sequence_analysis_id, isolate_id, ame_loci, beta_lactamase_loci, carbapenemase_loci, other_acq_ab_loci) VALUES ('873', '873', '-', '-', '-', '-') ON DUPLICATE KEY UPDATE ame_loci = '-', beta_lactamase_loci = '-', carbapenemase_loci = '-', other_acq_ab_loci = '-'; 
INSERT INTO metadata_general(isolate_id, isolate_name, species, project_name) VALUES ('874', 'CLM01-006', 'Pseudomonas aeruginosa', 'GEMARA') ON DUPLICATE KEY UPDATE isolate_name = 'CLM01-006', species = 'Pseudomonas aeruginosa', project_name = 'GEMARA'; 
INSERT INTO metadata_clinic(clinic_id, isolate_id, sample_type, collection_ward) VALUES ('782', '874', '15', 'Servicios médicos adultos') ON DUPLICATE KEY UPDATE sample_type = '15', collection_ward = 'Servicios médicos adultos'; 
INSERT INTO phenotypic_data(phenotypic_data_id, isolate_id, ecdc_resistance_profile, cloxa_test, mbl_test) VALUES ('782', '874', 'S', '-', '-') ON DUPLICATE KEY UPDATE ecdc_resistance_profile = 'S', cloxa_test = '-', mbl_test = '-'; 
INSERT INTO sequence_analysis(sequence_analysis_id, isolate_id, ame_loci, beta_lactamase_loci, carbapenemase_loci, other_acq_ab_loci) VALUES ('874', '874', '-', '-', '-', '-') ON DUPLICATE KEY UPDATE ame_loci = '-', beta_lactamase_loci = '-', carbapenemase_loci = '-', other_acq_ab_loci = '-'; 
INSERT INTO metadata_general(isolate_id, isolate_name, species, project_name) VALUES ('875', 'CLM01-009', 'Pseudomonas aeruginosa', 'GEMARA') ON DUPLICATE KEY UPDATE isolate_name = 'CLM01-009', species = 'Pseudomonas aeruginosa', project_name = 'GEMARA'; 
INSERT INTO metadata_clinic(clinic_id, isolate_id, sample_type, collection_ward) VALUES ('783', '875', '22', 'Servicios médicos adultos') ON DUPLICATE KEY UPDATE sample_type = '22', collection_ward = 'Servicios médicos adultos'; 
INSERT INTO phenotypic_data(phenotypic_data_id, isolate_id, ecdc_resistance_profile, cloxa_test, mbl_test) VALUES ('783', '875', 'S', '-', '-') ON DUPLICATE KEY UPDATE ecdc_resistance_profile = 'S', cloxa_test = '-', mbl_test = '-'; 
INSERT INTO sequence_analysis(sequence_analysis_id, isolate_id, ame_loci, beta_lactamase_loci, carbapenemase_loci, other_acq_ab_loci) VALUES ('875', '875', '-', '-', '-', '-') ON DUPLICATE KEY UPDATE ame_loci = '-', beta_lactamase_loci = '-', carbapenemase_loci = '-', other_acq_ab_loci = '-'; 
INSERT INTO metadata_general(isolate_id, isolate_name, species, project_name) VALUES ('876', 'CLM01-012', 'Pseudomonas aeruginosa', 'GEMARA') ON DUPLICATE KEY UPDATE isolate_name = 'CLM01-012', species = 'Pseudomonas aeruginosa', project_name = 'GEMARA'; 
INSERT INTO metadata_clinic(clinic_id, isolate_id, sample_type, collection_ward) VALUES ('784', '876', '5', 'Servicios quirúrgicos adultos') ON DUPLICATE KEY UPDATE sample_type = '5', collection_ward = 'Servicios quirúrgicos adultos'; 
INSERT INTO phenotypic_data(phenotypic_data_id, isolate_id, ecdc_resistance_profile, cloxa_test, mbl_test) VALUES ('784', '876', 'S', '-', '-') ON DUPLICATE KEY UPDATE ecdc_resistance_profile = 'S', cloxa_test = '-', mbl_test = '-'; 
INSERT INTO sequence_analysis(sequence_analysis_id, isolate_id, ame_loci, beta_lactamase_loci, carbapenemase_loci, other_acq_ab_loci) VALUES ('876', '876', '-', '-', '-', '-') ON DUPLICATE KEY UPDATE ame_loci = '-', beta_lactamase_loci = '-', carbapenemase_loci = '-', other_acq_ab_loci = '-'; 
INSERT INTO metadata_general(isolate_id, isolate_name, species, project_name) VALUES ('877', 'CLM01-025', 'Pseudomonas aeruginosa', 'GEMARA') ON DUPLICATE KEY UPDATE isolate_name = 'CLM01-025', species = 'Pseudomonas aeruginosa', project_name = 'GEMARA'; 
INSERT INTO metadata_clinic(clinic_id, isolate_id, sample_type, collection_ward) VALUES ('785', '877', '5', 'Servicios médicos adultos') ON DUPLICATE KEY UPDATE sample_type = '5', collection_ward = 'Servicios médicos adultos'; 
INSERT INTO phenotypic_data(phenotypic_data_id, isolate_id, ecdc_resistance_profile, cloxa_test, mbl_test) VALUES ('785', '877', 'S', '-', '-') ON DUPLICATE KEY UPDATE ecdc_resistance_profile = 'S', cloxa_test = '-', mbl_test = '-'; 
INSERT INTO sequence_analysis(sequence_analysis_id, isolate_id, ame_loci, beta_lactamase_loci, carbapenemase_loci, other_acq_ab_loci) VALUES ('877', '877', '-', '-', '-', '-') ON DUPLICATE KEY UPDATE ame_loci = '-', beta_lactamase_loci = '-', carbapenemase_loci = '-', other_acq_ab_loci = '-'; 
INSERT INTO metadata_general(isolate_id, isolate_name, species, project_name) VALUES ('878', 'CLM01-024', 'Pseudomonas aeruginosa', 'GEMARA') ON DUPLICATE KEY UPDATE isolate_name = 'CLM01-024', species = 'Pseudomonas aeruginosa', project_name = 'GEMARA'; 
INSERT INTO metadata_clinic(clinic_id, isolate_id, sample_type, collection_ward) VALUES ('786', '878', '1', 'Servicios quirúrgicos adultos') ON DUPLICATE KEY UPDATE sample_type = '1', collection_ward = 'Servicios quirúrgicos adultos'; 
INSERT INTO phenotypic_data(phenotypic_data_id, isolate_id, ecdc_resistance_profile, cloxa_test, mbl_test) VALUES ('786', '878', 'S', '-', '-') ON DUPLICATE KEY UPDATE ecdc_resistance_profile = 'S', cloxa_test = '-', mbl_test = '-'; 
INSERT INTO sequence_analysis(sequence_analysis_id, isolate_id, ame_loci, beta_lactamase_loci, carbapenemase_loci, other_acq_ab_loci) VALUES ('878', '878', '-', '-', '-', '-') ON DUPLICATE KEY UPDATE ame_loci = '-', beta_lactamase_loci = '-', carbapenemase_loci = '-', other_acq_ab_loci = '-'; 
INSERT INTO metadata_general(isolate_id, isolate_name, species, project_name) VALUES ('879', 'CLM01-030', 'Pseudomonas aeruginosa', 'GEMARA') ON DUPLICATE KEY UPDATE isolate_name = 'CLM01-030', species = 'Pseudomonas aeruginosa', project_name = 'GEMARA'; 
INSERT INTO metadata_clinic(clinic_id, isolate_id, sample_type, collection_ward) VALUES ('787', '879', '5', 'UCI Adultos') ON DUPLICATE KEY UPDATE sample_type = '5', collection_ward = 'UCI Adultos'; 
INSERT INTO phenotypic_data(phenotypic_data_id, isolate_id, ecdc_resistance_profile, cloxa_test, mbl_test) VALUES ('787', '879', 'S', '-', '-') ON DUPLICATE KEY UPDATE ecdc_resistance_profile = 'S', cloxa_test = '-', mbl_test = '-'; 
INSERT INTO sequence_analysis(sequence_analysis_id, isolate_id, ame_loci, beta_lactamase_loci, carbapenemase_loci, other_acq_ab_loci) VALUES ('879', '879', '-', '-', '-', '-') ON DUPLICATE KEY UPDATE ame_loci = '-', beta_lactamase_loci = '-', carbapenemase_loci = '-', other_acq_ab_loci = '-'; 
INSERT INTO metadata_general(isolate_id, isolate_name, species, project_name) VALUES ('880', 'CLM01-008', 'Pseudomonas aeruginosa', 'GEMARA') ON DUPLICATE KEY UPDATE isolate_name = 'CLM01-008', species = 'Pseudomonas aeruginosa', project_name = 'GEMARA'; 
INSERT INTO metadata_clinic(clinic_id, isolate_id, sample_type, collection_ward) VALUES ('788', '880', '15', 'Servicios quirúrgicos adultos') ON DUPLICATE KEY UPDATE sample_type = '15', collection_ward = 'Servicios quirúrgicos adultos'; 
INSERT INTO phenotypic_data(phenotypic_data_id, isolate_id, ecdc_resistance_profile, cloxa_test, mbl_test) VALUES ('788', '880', 'S', '-', '-') ON DUPLICATE KEY UPDATE ecdc_resistance_profile = 'S', cloxa_test = '-', mbl_test = '-'; 
INSERT INTO sequence_analysis(sequence_analysis_id, isolate_id, ame_loci, beta_lactamase_loci, carbapenemase_loci, other_acq_ab_loci) VALUES ('880', '880', '-', '-', '-', '-') ON DUPLICATE KEY UPDATE ame_loci = '-', beta_lactamase_loci = '-', carbapenemase_loci = '-', other_acq_ab_loci = '-'; 
INSERT INTO metadata_general(isolate_id, isolate_name, species, project_name) VALUES ('881', 'CLM01-011', 'Pseudomonas aeruginosa', 'GEMARA') ON DUPLICATE KEY UPDATE isolate_name = 'CLM01-011', species = 'Pseudomonas aeruginosa', project_name = 'GEMARA'; 
INSERT INTO metadata_clinic(clinic_id, isolate_id, sample_type, collection_ward) VALUES ('789', '881', '4', 'Servicios quirúrgicos adultos') ON DUPLICATE KEY UPDATE sample_type = '4', collection_ward = 'Servicios quirúrgicos adultos'; 
INSERT INTO phenotypic_data(phenotypic_data_id, isolate_id, ecdc_resistance_profile, cloxa_test, mbl_test) VALUES ('789', '881', 'S', '-', '-') ON DUPLICATE KEY UPDATE ecdc_resistance_profile = 'S', cloxa_test = '-', mbl_test = '-'; 
INSERT INTO sequence_analysis(sequence_analysis_id, isolate_id, ame_loci, beta_lactamase_loci, carbapenemase_loci, other_acq_ab_loci) VALUES ('881', '881', '-', '-', '-', '-') ON DUPLICATE KEY UPDATE ame_loci = '-', beta_lactamase_loci = '-', carbapenemase_loci = '-', other_acq_ab_loci = '-'; 
INSERT INTO metadata_general(isolate_id, isolate_name, species, project_name) VALUES ('882', 'CLM01-019', 'Pseudomonas aeruginosa', 'GEMARA') ON DUPLICATE KEY UPDATE isolate_name = 'CLM01-019', species = 'Pseudomonas aeruginosa', project_name = 'GEMARA'; 
INSERT INTO metadata_clinic(clinic_id, isolate_id, sample_type, collection_ward) VALUES ('790', '882', '9', 'UCI Adultos') ON DUPLICATE KEY UPDATE sample_type = '9', collection_ward = 'UCI Adultos'; 
INSERT INTO phenotypic_data(phenotypic_data_id, isolate_id, ecdc_resistance_profile, cloxa_test, mbl_test) VALUES ('790', '882', 'S', '-', '-') ON DUPLICATE KEY UPDATE ecdc_resistance_profile = 'S', cloxa_test = '-', mbl_test = '-'; 
INSERT INTO sequence_analysis(sequence_analysis_id, isolate_id, ame_loci, beta_lactamase_loci, carbapenemase_loci, other_acq_ab_loci) VALUES ('882', '882', '-', '-', '-', '-') ON DUPLICATE KEY UPDATE ame_loci = '-', beta_lactamase_loci = '-', carbapenemase_loci = '-', other_acq_ab_loci = '-'; 
INSERT INTO metadata_general(isolate_id, isolate_name, species, project_name) VALUES ('883', 'CLM01-021', 'Pseudomonas aeruginosa', 'GEMARA') ON DUPLICATE KEY UPDATE isolate_name = 'CLM01-021', species = 'Pseudomonas aeruginosa', project_name = 'GEMARA'; 
INSERT INTO metadata_clinic(clinic_id, isolate_id, sample_type, collection_ward) VALUES ('791', '883', '7', 'UCI Adultos') ON DUPLICATE KEY UPDATE sample_type = '7', collection_ward = 'UCI Adultos'; 
INSERT INTO phenotypic_data(phenotypic_data_id, isolate_id, ecdc_resistance_profile, cloxa_test, mbl_test) VALUES ('791', '883', 'S', '-', '-') ON DUPLICATE KEY UPDATE ecdc_resistance_profile = 'S', cloxa_test = '-', mbl_test = '-'; 
INSERT INTO sequence_analysis(sequence_analysis_id, isolate_id, ame_loci, beta_lactamase_loci, carbapenemase_loci, other_acq_ab_loci) VALUES ('883', '883', '-', '-', '-', '-') ON DUPLICATE KEY UPDATE ame_loci = '-', beta_lactamase_loci = '-', carbapenemase_loci = '-', other_acq_ab_loci = '-'; 
INSERT INTO metadata_general(isolate_id, isolate_name, species, project_name) VALUES ('884', 'CLM01-036', 'Pseudomonas aeruginosa', 'GEMARA') ON DUPLICATE KEY UPDATE isolate_name = 'CLM01-036', species = 'Pseudomonas aeruginosa', project_name = 'GEMARA'; 
INSERT INTO metadata_clinic(clinic_id, isolate_id, sample_type, collection_ward) VALUES ('792', '884', '5', 'Urgencias adultos') ON DUPLICATE KEY UPDATE sample_type = '5', collection_ward = 'Urgencias adultos'; 
INSERT INTO phenotypic_data(phenotypic_data_id, isolate_id, ecdc_resistance_profile, cloxa_test, mbl_test) VALUES ('792', '884', 'S', '-', '-') ON DUPLICATE KEY UPDATE ecdc_resistance_profile = 'S', cloxa_test = '-', mbl_test = '-'; 
INSERT INTO sequence_analysis(sequence_analysis_id, isolate_id, ame_loci, beta_lactamase_loci, carbapenemase_loci, other_acq_ab_loci) VALUES ('884', '884', '-', '-', '-', '-') ON DUPLICATE KEY UPDATE ame_loci = '-', beta_lactamase_loci = '-', carbapenemase_loci = '-', other_acq_ab_loci = '-'; 
INSERT INTO metadata_general(isolate_id, isolate_name, species, project_name) VALUES ('885', 'CLM01-037', 'Pseudomonas aeruginosa', 'GEMARA') ON DUPLICATE KEY UPDATE isolate_name = 'CLM01-037', species = 'Pseudomonas aeruginosa', project_name = 'GEMARA'; 
INSERT INTO metadata_clinic(clinic_id, isolate_id, sample_type, collection_ward) VALUES ('793', '885', '15', 'Urgencias adultos') ON DUPLICATE KEY UPDATE sample_type = '15', collection_ward = 'Urgencias adultos'; 
INSERT INTO phenotypic_data(phenotypic_data_id, isolate_id, ecdc_resistance_profile, cloxa_test, mbl_test) VALUES ('793', '885', 'S', '-', '-') ON DUPLICATE KEY UPDATE ecdc_resistance_profile = 'S', cloxa_test = '-', mbl_test = '-'; 
INSERT INTO sequence_analysis(sequence_analysis_id, isolate_id, ame_loci, beta_lactamase_loci, carbapenemase_loci, other_acq_ab_loci) VALUES ('885', '885', '-', '-', '-', '-') ON DUPLICATE KEY UPDATE ame_loci = '-', beta_lactamase_loci = '-', carbapenemase_loci = '-', other_acq_ab_loci = '-'; 
INSERT INTO metadata_general(isolate_id, isolate_name, species, project_name) VALUES ('886', 'CLM01-040', 'Pseudomonas aeruginosa', 'GEMARA') ON DUPLICATE KEY UPDATE isolate_name = 'CLM01-040', species = 'Pseudomonas aeruginosa', project_name = 'GEMARA'; 
INSERT INTO metadata_clinic(clinic_id, isolate_id, sample_type, collection_ward) VALUES ('794', '886', '5', 'UCI Adultos') ON DUPLICATE KEY UPDATE sample_type = '5', collection_ward = 'UCI Adultos'; 
INSERT INTO phenotypic_data(phenotypic_data_id, isolate_id, ecdc_resistance_profile, cloxa_test, mbl_test) VALUES ('794', '886', 'S', '-', '-') ON DUPLICATE KEY UPDATE ecdc_resistance_profile = 'S', cloxa_test = '-', mbl_test = '-'; 
INSERT INTO sequence_analysis(sequence_analysis_id, isolate_id, ame_loci, beta_lactamase_loci, carbapenemase_loci, other_acq_ab_loci) VALUES ('886', '886', '-', '-', '-', '-') ON DUPLICATE KEY UPDATE ame_loci = '-', beta_lactamase_loci = '-', carbapenemase_loci = '-', other_acq_ab_loci = '-'; 
INSERT INTO metadata_general(isolate_id, isolate_name, species, project_name) VALUES ('887', 'CLM01-018', 'Pseudomonas aeruginosa', 'GEMARA') ON DUPLICATE KEY UPDATE isolate_name = 'CLM01-018', species = 'Pseudomonas aeruginosa', project_name = 'GEMARA'; 
INSERT INTO metadata_clinic(clinic_id, isolate_id, sample_type, collection_ward) VALUES ('795', '887', '9', 'Servicios médicos adultos') ON DUPLICATE KEY UPDATE sample_type = '9', collection_ward = 'Servicios médicos adultos'; 
INSERT INTO phenotypic_data(phenotypic_data_id, isolate_id, ecdc_resistance_profile, cloxa_test, mbl_test) VALUES ('795', '887', 'S', '-', '-') ON DUPLICATE KEY UPDATE ecdc_resistance_profile = 'S', cloxa_test = '-', mbl_test = '-'; 
INSERT INTO sequence_analysis(sequence_analysis_id, isolate_id, ame_loci, beta_lactamase_loci, carbapenemase_loci, other_acq_ab_loci) VALUES ('887', '887', '-', '-', '-', '-') ON DUPLICATE KEY UPDATE ame_loci = '-', beta_lactamase_loci = '-', carbapenemase_loci = '-', other_acq_ab_loci = '-'; 
INSERT INTO metadata_general(isolate_id, isolate_name, species, project_name) VALUES ('888', 'CLM01-023', 'Pseudomonas aeruginosa', 'GEMARA') ON DUPLICATE KEY UPDATE isolate_name = 'CLM01-023', species = 'Pseudomonas aeruginosa', project_name = 'GEMARA'; 
INSERT INTO metadata_clinic(clinic_id, isolate_id, sample_type, collection_ward) VALUES ('796', '888', '5', 'Consultas externas') ON DUPLICATE KEY UPDATE sample_type = '5', collection_ward = 'Consultas externas'; 
INSERT INTO phenotypic_data(phenotypic_data_id, isolate_id, ecdc_resistance_profile, cloxa_test, mbl_test) VALUES ('796', '888', 'S', '-', '-') ON DUPLICATE KEY UPDATE ecdc_resistance_profile = 'S', cloxa_test = '-', mbl_test = '-'; 
INSERT INTO sequence_analysis(sequence_analysis_id, isolate_id, ame_loci, beta_lactamase_loci, carbapenemase_loci, other_acq_ab_loci) VALUES ('888', '888', '-', '-', '-', '-') ON DUPLICATE KEY UPDATE ame_loci = '-', beta_lactamase_loci = '-', carbapenemase_loci = '-', other_acq_ab_loci = '-'; 
INSERT INTO metadata_general(isolate_id, isolate_name, species, project_name) VALUES ('889', 'CLM01-004', 'Pseudomonas aeruginosa', 'GEMARA') ON DUPLICATE KEY UPDATE isolate_name = 'CLM01-004', species = 'Pseudomonas aeruginosa', project_name = 'GEMARA'; 
INSERT INTO metadata_clinic(clinic_id, isolate_id, sample_type, collection_ward) VALUES ('797', '889', '15', 'Servicios quirúrgicos adultos') ON DUPLICATE KEY UPDATE sample_type = '15', collection_ward = 'Servicios quirúrgicos adultos'; 
INSERT INTO phenotypic_data(phenotypic_data_id, isolate_id, ecdc_resistance_profile, cloxa_test, mbl_test) VALUES ('797', '889', 'S', '-', '-') ON DUPLICATE KEY UPDATE ecdc_resistance_profile = 'S', cloxa_test = '-', mbl_test = '-'; 
INSERT INTO sequence_analysis(sequence_analysis_id, isolate_id, ame_loci, beta_lactamase_loci, carbapenemase_loci, other_acq_ab_loci) VALUES ('889', '889', '-', '-', '-', '-') ON DUPLICATE KEY UPDATE ame_loci = '-', beta_lactamase_loci = '-', carbapenemase_loci = '-', other_acq_ab_loci = '-'; 
INSERT INTO metadata_general(isolate_id, isolate_name, species, project_name) VALUES ('890', 'CLM01-015', 'Pseudomonas aeruginosa', 'GEMARA') ON DUPLICATE KEY UPDATE isolate_name = 'CLM01-015', species = 'Pseudomonas aeruginosa', project_name = 'GEMARA'; 
INSERT INTO metadata_clinic(clinic_id, isolate_id, sample_type, collection_ward) VALUES ('798', '890', '1', 'Urgencias adultos') ON DUPLICATE KEY UPDATE sample_type = '1', collection_ward = 'Urgencias adultos'; 
INSERT INTO phenotypic_data(phenotypic_data_id, isolate_id, ecdc_resistance_profile, cloxa_test, mbl_test) VALUES ('798', '890', 'S', '-', '-') ON DUPLICATE KEY UPDATE ecdc_resistance_profile = 'S', cloxa_test = '-', mbl_test = '-'; 
INSERT INTO sequence_analysis(sequence_analysis_id, isolate_id, ame_loci, beta_lactamase_loci, carbapenemase_loci, other_acq_ab_loci) VALUES ('890', '890', '-', '-', '-', '-') ON DUPLICATE KEY UPDATE ame_loci = '-', beta_lactamase_loci = '-', carbapenemase_loci = '-', other_acq_ab_loci = '-'; 
INSERT INTO metadata_general(isolate_id, isolate_name, species, project_name) VALUES ('891', 'CLM01-033', 'Pseudomonas aeruginosa', 'GEMARA') ON DUPLICATE KEY UPDATE isolate_name = 'CLM01-033', species = 'Pseudomonas aeruginosa', project_name = 'GEMARA'; 
INSERT INTO metadata_clinic(clinic_id, isolate_id, sample_type, collection_ward) VALUES ('799', '891', '5', 'Urgencias adultos') ON DUPLICATE KEY UPDATE sample_type = '5', collection_ward = 'Urgencias adultos'; 
INSERT INTO phenotypic_data(phenotypic_data_id, isolate_id, ecdc_resistance_profile, cloxa_test, mbl_test) VALUES ('799', '891', 'S', '-', '-') ON DUPLICATE KEY UPDATE ecdc_resistance_profile = 'S', cloxa_test = '-', mbl_test = '-'; 
INSERT INTO sequence_analysis(sequence_analysis_id, isolate_id, ame_loci, beta_lactamase_loci, carbapenemase_loci, other_acq_ab_loci) VALUES ('891', '891', '-', '-', '-', '-') ON DUPLICATE KEY UPDATE ame_loci = '-', beta_lactamase_loci = '-', carbapenemase_loci = '-', other_acq_ab_loci = '-'; 
INSERT INTO metadata_general(isolate_id, isolate_name, species, project_name) VALUES ('892', 'CLM02-019 ', 'Pseudomonas aeruginosa', 'GEMARA') ON DUPLICATE KEY UPDATE isolate_name = 'CLM02-019 ', species = 'Pseudomonas aeruginosa', project_name = 'GEMARA'; 
INSERT INTO metadata_clinic(clinic_id, isolate_id, sample_type, collection_ward) VALUES ('800', '892', '1', 'Servicios médicos adultos') ON DUPLICATE KEY UPDATE sample_type = '1', collection_ward = 'Servicios médicos adultos'; 
INSERT INTO phenotypic_data(phenotypic_data_id, isolate_id, ecdc_resistance_profile, cloxa_test, mbl_test) VALUES ('800', '892', 'MDR', '-', '-') ON DUPLICATE KEY UPDATE ecdc_resistance_profile = 'MDR', cloxa_test = '-', mbl_test = '-'; 
INSERT INTO sequence_analysis(sequence_analysis_id, isolate_id, ame_loci, beta_lactamase_loci, carbapenemase_loci, other_acq_ab_loci) VALUES ('892', '892', '-', '-', '-', '-') ON DUPLICATE KEY UPDATE ame_loci = '-', beta_lactamase_loci = '-', carbapenemase_loci = '-', other_acq_ab_loci = '-'; 
INSERT INTO metadata_general(isolate_id, isolate_name, species, project_name) VALUES ('893', 'CLM02-022 ', 'Pseudomonas aeruginosa', 'GEMARA') ON DUPLICATE KEY UPDATE isolate_name = 'CLM02-022 ', species = 'Pseudomonas aeruginosa', project_name = 'GEMARA'; 
INSERT INTO metadata_clinic(clinic_id, isolate_id, sample_type, collection_ward) VALUES ('801', '893', '22', 'Servicios médicos adultos') ON DUPLICATE KEY UPDATE sample_type = '22', collection_ward = 'Servicios médicos adultos'; 
INSERT INTO phenotypic_data(phenotypic_data_id, isolate_id, ecdc_resistance_profile, cloxa_test, mbl_test) VALUES ('801', '893', 'MDR', '-', '-') ON DUPLICATE KEY UPDATE ecdc_resistance_profile = 'MDR', cloxa_test = '-', mbl_test = '-'; 
INSERT INTO sequence_analysis(sequence_analysis_id, isolate_id, ame_loci, beta_lactamase_loci, carbapenemase_loci, other_acq_ab_loci) VALUES ('893', '893', '-', '-', '-', '-') ON DUPLICATE KEY UPDATE ame_loci = '-', beta_lactamase_loci = '-', carbapenemase_loci = '-', other_acq_ab_loci = '-'; 
INSERT INTO metadata_general(isolate_id, isolate_name, species, project_name) VALUES ('894', 'CLM02-032', 'Pseudomonas aeruginosa', 'GEMARA') ON DUPLICATE KEY UPDATE isolate_name = 'CLM02-032', species = 'Pseudomonas aeruginosa', project_name = 'GEMARA'; 
INSERT INTO metadata_clinic(clinic_id, isolate_id, sample_type, collection_ward) VALUES ('802', '894', '5', 'Servicios médicos adultos') ON DUPLICATE KEY UPDATE sample_type = '5', collection_ward = 'Servicios médicos adultos'; 
INSERT INTO phenotypic_data(phenotypic_data_id, isolate_id, ecdc_resistance_profile, cloxa_test, mbl_test) VALUES ('802', '894', 'S', '-', '-') ON DUPLICATE KEY UPDATE ecdc_resistance_profile = 'S', cloxa_test = '-', mbl_test = '-'; 
INSERT INTO sequence_analysis(sequence_analysis_id, isolate_id, ame_loci, beta_lactamase_loci, carbapenemase_loci, other_acq_ab_loci) VALUES ('894', '894', '-', '-', '-', '-') ON DUPLICATE KEY UPDATE ame_loci = '-', beta_lactamase_loci = '-', carbapenemase_loci = '-', other_acq_ab_loci = '-'; 
INSERT INTO metadata_general(isolate_id, isolate_name, species, project_name) VALUES ('895', 'CLM02-025 ', 'Pseudomonas aeruginosa', 'GEMARA') ON DUPLICATE KEY UPDATE isolate_name = 'CLM02-025 ', species = 'Pseudomonas aeruginosa', project_name = 'GEMARA'; 
INSERT INTO metadata_clinic(clinic_id, isolate_id, sample_type, collection_ward) VALUES ('803', '895', '20', 'UCI Adultos') ON DUPLICATE KEY UPDATE sample_type = '20', collection_ward = 'UCI Adultos'; 
INSERT INTO phenotypic_data(phenotypic_data_id, isolate_id, ecdc_resistance_profile, cloxa_test, mbl_test) VALUES ('803', '895', 'S', '-', '-') ON DUPLICATE KEY UPDATE ecdc_resistance_profile = 'S', cloxa_test = '-', mbl_test = '-'; 
INSERT INTO sequence_analysis(sequence_analysis_id, isolate_id, ame_loci, beta_lactamase_loci, carbapenemase_loci, other_acq_ab_loci) VALUES ('895', '895', '-', '-', '-', '-') ON DUPLICATE KEY UPDATE ame_loci = '-', beta_lactamase_loci = '-', carbapenemase_loci = '-', other_acq_ab_loci = '-'; 
INSERT INTO metadata_general(isolate_id, isolate_name, species, project_name) VALUES ('896', 'CLM02-033 ', 'Pseudomonas aeruginosa', 'GEMARA') ON DUPLICATE KEY UPDATE isolate_name = 'CLM02-033 ', species = 'Pseudomonas aeruginosa', project_name = 'GEMARA'; 
INSERT INTO metadata_clinic(clinic_id, isolate_id, sample_type, collection_ward) VALUES ('804', '896', '1', 'Servicios médicos adultos') ON DUPLICATE KEY UPDATE sample_type = '1', collection_ward = 'Servicios médicos adultos'; 
INSERT INTO phenotypic_data(phenotypic_data_id, isolate_id, ecdc_resistance_profile, cloxa_test, mbl_test) VALUES ('804', '896', 'S', '-', '-') ON DUPLICATE KEY UPDATE ecdc_resistance_profile = 'S', cloxa_test = '-', mbl_test = '-'; 
INSERT INTO sequence_analysis(sequence_analysis_id, isolate_id, ame_loci, beta_lactamase_loci, carbapenemase_loci, other_acq_ab_loci) VALUES ('896', '896', '-', '-', '-', '-') ON DUPLICATE KEY UPDATE ame_loci = '-', beta_lactamase_loci = '-', carbapenemase_loci = '-', other_acq_ab_loci = '-'; 
INSERT INTO metadata_general(isolate_id, isolate_name, species, project_name) VALUES ('897', 'CLM02-037', 'Pseudomonas aeruginosa', 'GEMARA') ON DUPLICATE KEY UPDATE isolate_name = 'CLM02-037', species = 'Pseudomonas aeruginosa', project_name = 'GEMARA'; 
INSERT INTO metadata_clinic(clinic_id, isolate_id, sample_type, collection_ward) VALUES ('805', '897', '9', 'Servicios médicos adultos') ON DUPLICATE KEY UPDATE sample_type = '9', collection_ward = 'Servicios médicos adultos'; 
INSERT INTO phenotypic_data(phenotypic_data_id, isolate_id, ecdc_resistance_profile, cloxa_test, mbl_test) VALUES ('805', '897', 'S', '-', '-') ON DUPLICATE KEY UPDATE ecdc_resistance_profile = 'S', cloxa_test = '-', mbl_test = '-'; 
INSERT INTO sequence_analysis(sequence_analysis_id, isolate_id, ame_loci, beta_lactamase_loci, carbapenemase_loci, other_acq_ab_loci) VALUES ('897', '897', '-', '-', '-', '-') ON DUPLICATE KEY UPDATE ame_loci = '-', beta_lactamase_loci = '-', carbapenemase_loci = '-', other_acq_ab_loci = '-'; 
INSERT INTO metadata_general(isolate_id, isolate_name, species, project_name) VALUES ('898', 'CLM02-031  ', 'Pseudomonas aeruginosa', 'GEMARA') ON DUPLICATE KEY UPDATE isolate_name = 'CLM02-031  ', species = 'Pseudomonas aeruginosa', project_name = 'GEMARA'; 
INSERT INTO metadata_clinic(clinic_id, isolate_id, sample_type, collection_ward) VALUES ('806', '898', '1', 'Consultas externas') ON DUPLICATE KEY UPDATE sample_type = '1', collection_ward = 'Consultas externas'; 
INSERT INTO phenotypic_data(phenotypic_data_id, isolate_id, ecdc_resistance_profile, cloxa_test, mbl_test) VALUES ('806', '898', 'S', '-', '-') ON DUPLICATE KEY UPDATE ecdc_resistance_profile = 'S', cloxa_test = '-', mbl_test = '-'; 
INSERT INTO sequence_analysis(sequence_analysis_id, isolate_id, ame_loci, beta_lactamase_loci, carbapenemase_loci, other_acq_ab_loci) VALUES ('898', '898', '-', '-', '-', '-') ON DUPLICATE KEY UPDATE ame_loci = '-', beta_lactamase_loci = '-', carbapenemase_loci = '-', other_acq_ab_loci = '-'; 
INSERT INTO metadata_general(isolate_id, isolate_name, species, project_name) VALUES ('899', 'CLM02-016 ', 'Pseudomonas aeruginosa', 'GEMARA') ON DUPLICATE KEY UPDATE isolate_name = 'CLM02-016 ', species = 'Pseudomonas aeruginosa', project_name = 'GEMARA'; 
INSERT INTO metadata_clinic(clinic_id, isolate_id, sample_type, collection_ward) VALUES ('807', '899', '5', 'Servicios médicos adultos') ON DUPLICATE KEY UPDATE sample_type = '5', collection_ward = 'Servicios médicos adultos'; 
INSERT INTO phenotypic_data(phenotypic_data_id, isolate_id, ecdc_resistance_profile, cloxa_test, mbl_test) VALUES ('807', '899', 'S', '-', '-') ON DUPLICATE KEY UPDATE ecdc_resistance_profile = 'S', cloxa_test = '-', mbl_test = '-'; 
INSERT INTO sequence_analysis(sequence_analysis_id, isolate_id, ame_loci, beta_lactamase_loci, carbapenemase_loci, other_acq_ab_loci) VALUES ('899', '899', '-', '-', '-', '-') ON DUPLICATE KEY UPDATE ame_loci = '-', beta_lactamase_loci = '-', carbapenemase_loci = '-', other_acq_ab_loci = '-'; 
INSERT INTO metadata_general(isolate_id, isolate_name, species, project_name) VALUES ('900', 'CLM02-034', 'Pseudomonas aeruginosa', 'GEMARA') ON DUPLICATE KEY UPDATE isolate_name = 'CLM02-034', species = 'Pseudomonas aeruginosa', project_name = 'GEMARA'; 
INSERT INTO metadata_clinic(clinic_id, isolate_id, sample_type, collection_ward) VALUES ('808', '900', '1', 'Consultas externas') ON DUPLICATE KEY UPDATE sample_type = '1', collection_ward = 'Consultas externas'; 
INSERT INTO phenotypic_data(phenotypic_data_id, isolate_id, ecdc_resistance_profile, cloxa_test, mbl_test) VALUES ('808', '900', 'S', '-', '-') ON DUPLICATE KEY UPDATE ecdc_resistance_profile = 'S', cloxa_test = '-', mbl_test = '-'; 
INSERT INTO sequence_analysis(sequence_analysis_id, isolate_id, ame_loci, beta_lactamase_loci, carbapenemase_loci, other_acq_ab_loci) VALUES ('900', '900', '-', '-', '-', '-') ON DUPLICATE KEY UPDATE ame_loci = '-', beta_lactamase_loci = '-', carbapenemase_loci = '-', other_acq_ab_loci = '-'; 
INSERT INTO metadata_general(isolate_id, isolate_name, species, project_name) VALUES ('901', 'CLM02-004 ', 'Pseudomonas aeruginosa', 'GEMARA') ON DUPLICATE KEY UPDATE isolate_name = 'CLM02-004 ', species = 'Pseudomonas aeruginosa', project_name = 'GEMARA'; 
INSERT INTO metadata_clinic(clinic_id, isolate_id, sample_type, collection_ward) VALUES ('809', '901', '5', 'UCI Adultos') ON DUPLICATE KEY UPDATE sample_type = '5', collection_ward = 'UCI Adultos'; 
INSERT INTO phenotypic_data(phenotypic_data_id, isolate_id, ecdc_resistance_profile, cloxa_test, mbl_test) VALUES ('809', '901', 'S', '-', '-') ON DUPLICATE KEY UPDATE ecdc_resistance_profile = 'S', cloxa_test = '-', mbl_test = '-'; 
INSERT INTO sequence_analysis(sequence_analysis_id, isolate_id, ame_loci, beta_lactamase_loci, carbapenemase_loci, other_acq_ab_loci) VALUES ('901', '901', '-', '-', '-', '-') ON DUPLICATE KEY UPDATE ame_loci = '-', beta_lactamase_loci = '-', carbapenemase_loci = '-', other_acq_ab_loci = '-'; 
INSERT INTO metadata_general(isolate_id, isolate_name, species, project_name) VALUES ('902', 'CLM02-036 ', 'Pseudomonas aeruginosa', 'GEMARA') ON DUPLICATE KEY UPDATE isolate_name = 'CLM02-036 ', species = 'Pseudomonas aeruginosa', project_name = 'GEMARA'; 
INSERT INTO metadata_clinic(clinic_id, isolate_id, sample_type, collection_ward) VALUES ('810', '902', '5', 'Servicios médicos adultos') ON DUPLICATE KEY UPDATE sample_type = '5', collection_ward = 'Servicios médicos adultos'; 
INSERT INTO phenotypic_data(phenotypic_data_id, isolate_id, ecdc_resistance_profile, cloxa_test, mbl_test) VALUES ('810', '902', 'S', '-', '-') ON DUPLICATE KEY UPDATE ecdc_resistance_profile = 'S', cloxa_test = '-', mbl_test = '-'; 
INSERT INTO sequence_analysis(sequence_analysis_id, isolate_id, ame_loci, beta_lactamase_loci, carbapenemase_loci, other_acq_ab_loci) VALUES ('902', '902', '-', '-', '-', '-') ON DUPLICATE KEY UPDATE ame_loci = '-', beta_lactamase_loci = '-', carbapenemase_loci = '-', other_acq_ab_loci = '-'; 
INSERT INTO metadata_general(isolate_id, isolate_name, species, project_name) VALUES ('903', 'CLM02-013 ', 'Pseudomonas aeruginosa', 'GEMARA') ON DUPLICATE KEY UPDATE isolate_name = 'CLM02-013 ', species = 'Pseudomonas aeruginosa', project_name = 'GEMARA'; 
INSERT INTO metadata_clinic(clinic_id, isolate_id, sample_type, collection_ward) VALUES ('811', '903', '9', 'Consultas externas') ON DUPLICATE KEY UPDATE sample_type = '9', collection_ward = 'Consultas externas'; 
INSERT INTO phenotypic_data(phenotypic_data_id, isolate_id, ecdc_resistance_profile, cloxa_test, mbl_test) VALUES ('811', '903', 'S', '-', '-') ON DUPLICATE KEY UPDATE ecdc_resistance_profile = 'S', cloxa_test = '-', mbl_test = '-'; 
INSERT INTO sequence_analysis(sequence_analysis_id, isolate_id, ame_loci, beta_lactamase_loci, carbapenemase_loci, other_acq_ab_loci) VALUES ('903', '903', '-', '-', '-', '-') ON DUPLICATE KEY UPDATE ame_loci = '-', beta_lactamase_loci = '-', carbapenemase_loci = '-', other_acq_ab_loci = '-'; 
INSERT INTO metadata_general(isolate_id, isolate_name, species, project_name) VALUES ('904', 'CLM02-023 ', 'Pseudomonas aeruginosa', 'GEMARA') ON DUPLICATE KEY UPDATE isolate_name = 'CLM02-023 ', species = 'Pseudomonas aeruginosa', project_name = 'GEMARA'; 
INSERT INTO metadata_clinic(clinic_id, isolate_id, sample_type, collection_ward) VALUES ('812', '904', '15', 'Consultas externas') ON DUPLICATE KEY UPDATE sample_type = '15', collection_ward = 'Consultas externas'; 
INSERT INTO phenotypic_data(phenotypic_data_id, isolate_id, ecdc_resistance_profile, cloxa_test, mbl_test) VALUES ('812', '904', 'S', '-', '-') ON DUPLICATE KEY UPDATE ecdc_resistance_profile = 'S', cloxa_test = '-', mbl_test = '-'; 
INSERT INTO sequence_analysis(sequence_analysis_id, isolate_id, ame_loci, beta_lactamase_loci, carbapenemase_loci, other_acq_ab_loci) VALUES ('904', '904', '-', '-', '-', '-') ON DUPLICATE KEY UPDATE ame_loci = '-', beta_lactamase_loci = '-', carbapenemase_loci = '-', other_acq_ab_loci = '-'; 
INSERT INTO metadata_general(isolate_id, isolate_name, species, project_name) VALUES ('905', 'CLM02-020 ', 'Pseudomonas aeruginosa', 'GEMARA') ON DUPLICATE KEY UPDATE isolate_name = 'CLM02-020 ', species = 'Pseudomonas aeruginosa', project_name = 'GEMARA'; 
INSERT INTO metadata_clinic(clinic_id, isolate_id, sample_type, collection_ward) VALUES ('813', '905', '5', 'Consultas externas') ON DUPLICATE KEY UPDATE sample_type = '5', collection_ward = 'Consultas externas'; 
INSERT INTO phenotypic_data(phenotypic_data_id, isolate_id, ecdc_resistance_profile, cloxa_test, mbl_test) VALUES ('813', '905', 'S', '-', '-') ON DUPLICATE KEY UPDATE ecdc_resistance_profile = 'S', cloxa_test = '-', mbl_test = '-'; 
INSERT INTO sequence_analysis(sequence_analysis_id, isolate_id, ame_loci, beta_lactamase_loci, carbapenemase_loci, other_acq_ab_loci) VALUES ('905', '905', '-', '-', '-', '-') ON DUPLICATE KEY UPDATE ame_loci = '-', beta_lactamase_loci = '-', carbapenemase_loci = '-', other_acq_ab_loci = '-'; 
INSERT INTO metadata_general(isolate_id, isolate_name, species, project_name) VALUES ('906', 'CLM02-021', 'Pseudomonas aeruginosa', 'GEMARA') ON DUPLICATE KEY UPDATE isolate_name = 'CLM02-021', species = 'Pseudomonas aeruginosa', project_name = 'GEMARA'; 
INSERT INTO metadata_clinic(clinic_id, isolate_id, sample_type, collection_ward) VALUES ('814', '906', '5', 'Servicios quirúrgicos adultos') ON DUPLICATE KEY UPDATE sample_type = '5', collection_ward = 'Servicios quirúrgicos adultos'; 
INSERT INTO phenotypic_data(phenotypic_data_id, isolate_id, ecdc_resistance_profile, cloxa_test, mbl_test) VALUES ('814', '906', 'S', '-', '-') ON DUPLICATE KEY UPDATE ecdc_resistance_profile = 'S', cloxa_test = '-', mbl_test = '-'; 
INSERT INTO sequence_analysis(sequence_analysis_id, isolate_id, ame_loci, beta_lactamase_loci, carbapenemase_loci, other_acq_ab_loci) VALUES ('906', '906', '-', '-', '-', '-') ON DUPLICATE KEY UPDATE ame_loci = '-', beta_lactamase_loci = '-', carbapenemase_loci = '-', other_acq_ab_loci = '-'; 
INSERT INTO metadata_general(isolate_id, isolate_name, species, project_name) VALUES ('907', 'CLM02-027 ', 'Pseudomonas aeruginosa', 'GEMARA') ON DUPLICATE KEY UPDATE isolate_name = 'CLM02-027 ', species = 'Pseudomonas aeruginosa', project_name = 'GEMARA'; 
INSERT INTO metadata_clinic(clinic_id, isolate_id, sample_type, collection_ward) VALUES ('815', '907', '5', 'Servicios médicos adultos') ON DUPLICATE KEY UPDATE sample_type = '5', collection_ward = 'Servicios médicos adultos'; 
INSERT INTO phenotypic_data(phenotypic_data_id, isolate_id, ecdc_resistance_profile, cloxa_test, mbl_test) VALUES ('815', '907', 'S', '-', '-') ON DUPLICATE KEY UPDATE ecdc_resistance_profile = 'S', cloxa_test = '-', mbl_test = '-'; 
INSERT INTO sequence_analysis(sequence_analysis_id, isolate_id, ame_loci, beta_lactamase_loci, carbapenemase_loci, other_acq_ab_loci) VALUES ('907', '907', '-', '-', '-', '-') ON DUPLICATE KEY UPDATE ame_loci = '-', beta_lactamase_loci = '-', carbapenemase_loci = '-', other_acq_ab_loci = '-'; 
INSERT INTO metadata_general(isolate_id, isolate_name, species, project_name) VALUES ('908', 'CLM02-028', 'Pseudomonas aeruginosa', 'GEMARA') ON DUPLICATE KEY UPDATE isolate_name = 'CLM02-028', species = 'Pseudomonas aeruginosa', project_name = 'GEMARA'; 
INSERT INTO metadata_clinic(clinic_id, isolate_id, sample_type, collection_ward) VALUES ('816', '908', '1', 'Servicios médicos adultos') ON DUPLICATE KEY UPDATE sample_type = '1', collection_ward = 'Servicios médicos adultos'; 
INSERT INTO phenotypic_data(phenotypic_data_id, isolate_id, ecdc_resistance_profile, cloxa_test, mbl_test) VALUES ('816', '908', 'S', '-', '-') ON DUPLICATE KEY UPDATE ecdc_resistance_profile = 'S', cloxa_test = '-', mbl_test = '-'; 
INSERT INTO sequence_analysis(sequence_analysis_id, isolate_id, ame_loci, beta_lactamase_loci, carbapenemase_loci, other_acq_ab_loci) VALUES ('908', '908', '-', '-', '-', '-') ON DUPLICATE KEY UPDATE ame_loci = '-', beta_lactamase_loci = '-', carbapenemase_loci = '-', other_acq_ab_loci = '-'; 
INSERT INTO metadata_general(isolate_id, isolate_name, species, project_name) VALUES ('909', 'CLM02-038 ', 'Pseudomonas aeruginosa', 'GEMARA') ON DUPLICATE KEY UPDATE isolate_name = 'CLM02-038 ', species = 'Pseudomonas aeruginosa', project_name = 'GEMARA'; 
INSERT INTO metadata_clinic(clinic_id, isolate_id, sample_type, collection_ward) VALUES ('817', '909', '5', 'Consultas externas') ON DUPLICATE KEY UPDATE sample_type = '5', collection_ward = 'Consultas externas'; 
INSERT INTO phenotypic_data(phenotypic_data_id, isolate_id, ecdc_resistance_profile, cloxa_test, mbl_test) VALUES ('817', '909', 'S', '-', '-') ON DUPLICATE KEY UPDATE ecdc_resistance_profile = 'S', cloxa_test = '-', mbl_test = '-'; 
INSERT INTO sequence_analysis(sequence_analysis_id, isolate_id, ame_loci, beta_lactamase_loci, carbapenemase_loci, other_acq_ab_loci) VALUES ('909', '909', '-', '-', '-', '-') ON DUPLICATE KEY UPDATE ame_loci = '-', beta_lactamase_loci = '-', carbapenemase_loci = '-', other_acq_ab_loci = '-'; 
INSERT INTO metadata_general(isolate_id, isolate_name, species, project_name) VALUES ('910', 'CLM02-039 ', 'Pseudomonas aeruginosa', 'GEMARA') ON DUPLICATE KEY UPDATE isolate_name = 'CLM02-039 ', species = 'Pseudomonas aeruginosa', project_name = 'GEMARA'; 
INSERT INTO metadata_clinic(clinic_id, isolate_id, sample_type, collection_ward) VALUES ('818', '910', '6', 'Servicios quirúrgicos adultos') ON DUPLICATE KEY UPDATE sample_type = '6', collection_ward = 'Servicios quirúrgicos adultos'; 
INSERT INTO phenotypic_data(phenotypic_data_id, isolate_id, ecdc_resistance_profile, cloxa_test, mbl_test) VALUES ('818', '910', 'S', '-', '-') ON DUPLICATE KEY UPDATE ecdc_resistance_profile = 'S', cloxa_test = '-', mbl_test = '-'; 
INSERT INTO sequence_analysis(sequence_analysis_id, isolate_id, ame_loci, beta_lactamase_loci, carbapenemase_loci, other_acq_ab_loci) VALUES ('910', '910', '-', '-', '-', '-') ON DUPLICATE KEY UPDATE ame_loci = '-', beta_lactamase_loci = '-', carbapenemase_loci = '-', other_acq_ab_loci = '-'; 
INSERT INTO metadata_general(isolate_id, isolate_name, species, project_name) VALUES ('911', 'CLM02-040 ', 'Pseudomonas aeruginosa', 'GEMARA') ON DUPLICATE KEY UPDATE isolate_name = 'CLM02-040 ', species = 'Pseudomonas aeruginosa', project_name = 'GEMARA'; 
INSERT INTO metadata_clinic(clinic_id, isolate_id, sample_type, collection_ward) VALUES ('819', '911', '6', 'Servicios médicos adultos') ON DUPLICATE KEY UPDATE sample_type = '6', collection_ward = 'Servicios médicos adultos'; 
INSERT INTO phenotypic_data(phenotypic_data_id, isolate_id, ecdc_resistance_profile, cloxa_test, mbl_test) VALUES ('819', '911', 'S', '-', '-') ON DUPLICATE KEY UPDATE ecdc_resistance_profile = 'S', cloxa_test = '-', mbl_test = '-'; 
INSERT INTO sequence_analysis(sequence_analysis_id, isolate_id, ame_loci, beta_lactamase_loci, carbapenemase_loci, other_acq_ab_loci) VALUES ('911', '911', '-', '-', '-', '-') ON DUPLICATE KEY UPDATE ame_loci = '-', beta_lactamase_loci = '-', carbapenemase_loci = '-', other_acq_ab_loci = '-'; 
INSERT INTO metadata_general(isolate_id, isolate_name, species, project_name) VALUES ('912', 'CLM02-041', 'Pseudomonas aeruginosa', 'GEMARA') ON DUPLICATE KEY UPDATE isolate_name = 'CLM02-041', species = 'Pseudomonas aeruginosa', project_name = 'GEMARA'; 
INSERT INTO metadata_clinic(clinic_id, isolate_id, sample_type, collection_ward) VALUES ('820', '912', '6', 'Servicios médicos adultos') ON DUPLICATE KEY UPDATE sample_type = '6', collection_ward = 'Servicios médicos adultos'; 
INSERT INTO phenotypic_data(phenotypic_data_id, isolate_id, ecdc_resistance_profile, cloxa_test, mbl_test) VALUES ('820', '912', 'S', '-', '-') ON DUPLICATE KEY UPDATE ecdc_resistance_profile = 'S', cloxa_test = '-', mbl_test = '-'; 
INSERT INTO sequence_analysis(sequence_analysis_id, isolate_id, ame_loci, beta_lactamase_loci, carbapenemase_loci, other_acq_ab_loci) VALUES ('912', '912', '-', '-', '-', '-') ON DUPLICATE KEY UPDATE ame_loci = '-', beta_lactamase_loci = '-', carbapenemase_loci = '-', other_acq_ab_loci = '-'; 
INSERT INTO metadata_general(isolate_id, isolate_name, species, project_name) VALUES ('913', 'CLM02-045 ', 'Pseudomonas aeruginosa', 'GEMARA') ON DUPLICATE KEY UPDATE isolate_name = 'CLM02-045 ', species = 'Pseudomonas aeruginosa', project_name = 'GEMARA'; 
INSERT INTO metadata_clinic(clinic_id, isolate_id, sample_type, collection_ward) VALUES ('821', '913', '5', 'Servicios quirúrgicos adultos') ON DUPLICATE KEY UPDATE sample_type = '5', collection_ward = 'Servicios quirúrgicos adultos'; 
INSERT INTO phenotypic_data(phenotypic_data_id, isolate_id, ecdc_resistance_profile, cloxa_test, mbl_test) VALUES ('821', '913', 'S', '-', '-') ON DUPLICATE KEY UPDATE ecdc_resistance_profile = 'S', cloxa_test = '-', mbl_test = '-'; 
INSERT INTO sequence_analysis(sequence_analysis_id, isolate_id, ame_loci, beta_lactamase_loci, carbapenemase_loci, other_acq_ab_loci) VALUES ('913', '913', '-', '-', '-', '-') ON DUPLICATE KEY UPDATE ame_loci = '-', beta_lactamase_loci = '-', carbapenemase_loci = '-', other_acq_ab_loci = '-'; 
INSERT INTO metadata_general(isolate_id, isolate_name, species, project_name) VALUES ('914', 'CLM02-018', 'Pseudomonas aeruginosa', 'GEMARA') ON DUPLICATE KEY UPDATE isolate_name = 'CLM02-018', species = 'Pseudomonas aeruginosa', project_name = 'GEMARA'; 
INSERT INTO metadata_clinic(clinic_id, isolate_id, sample_type, collection_ward) VALUES ('822', '914', '1', 'Consultas externas') ON DUPLICATE KEY UPDATE sample_type = '1', collection_ward = 'Consultas externas'; 
INSERT INTO phenotypic_data(phenotypic_data_id, isolate_id, ecdc_resistance_profile, cloxa_test, mbl_test) VALUES ('822', '914', 'S', '-', '-') ON DUPLICATE KEY UPDATE ecdc_resistance_profile = 'S', cloxa_test = '-', mbl_test = '-'; 
INSERT INTO sequence_analysis(sequence_analysis_id, isolate_id, ame_loci, beta_lactamase_loci, carbapenemase_loci, other_acq_ab_loci) VALUES ('914', '914', '-', '-', '-', '-') ON DUPLICATE KEY UPDATE ame_loci = '-', beta_lactamase_loci = '-', carbapenemase_loci = '-', other_acq_ab_loci = '-'; 
INSERT INTO metadata_general(isolate_id, isolate_name, species, project_name) VALUES ('96', 'CLM02-017 ', 'Pseudomonas aeruginosa', 'GEMARA') ON DUPLICATE KEY UPDATE isolate_name = 'CLM02-017 ', species = 'Pseudomonas aeruginosa', project_name = 'GEMARA'; 
INSERT INTO metadata_clinic(clinic_id, isolate_id, sample_type, collection_ward) VALUES ('823', '96', '1', 'Consultas externas') ON DUPLICATE KEY UPDATE sample_type = '1', collection_ward = 'Consultas externas'; 
INSERT INTO phenotypic_data(phenotypic_data_id, isolate_id, ecdc_resistance_profile, cloxa_test, mbl_test) VALUES ('823', '96', 'XDR', 's/s', '-') ON DUPLICATE KEY UPDATE ecdc_resistance_profile = 'XDR', cloxa_test = 's/s', mbl_test = '-'; 
INSERT INTO sequence_analysis(sequence_analysis_id, isolate_id, ame_loci, beta_lactamase_loci, carbapenemase_loci, other_acq_ab_loci) VALUES ('96', '96', '-', '-', '-', '-') ON DUPLICATE KEY UPDATE ame_loci = '-', beta_lactamase_loci = '-', carbapenemase_loci = '-', other_acq_ab_loci = '-'; 
INSERT INTO metadata_general(isolate_id, isolate_name, species, project_name) VALUES ('98', 'CLM02-046', 'Pseudomonas aeruginosa', 'GEMARA') ON DUPLICATE KEY UPDATE isolate_name = 'CLM02-046', species = 'Pseudomonas aeruginosa', project_name = 'GEMARA'; 
INSERT INTO metadata_clinic(clinic_id, isolate_id, sample_type, collection_ward) VALUES ('824', '98', '5', 'Servicios médicos adultos') ON DUPLICATE KEY UPDATE sample_type = '5', collection_ward = 'Servicios médicos adultos'; 
INSERT INTO phenotypic_data(phenotypic_data_id, isolate_id, ecdc_resistance_profile, cloxa_test, mbl_test) VALUES ('824', '98', 'XDR', '+/+', '-') ON DUPLICATE KEY UPDATE ecdc_resistance_profile = 'XDR', cloxa_test = '+/+', mbl_test = '-'; 
INSERT INTO sequence_analysis(sequence_analysis_id, isolate_id, ame_loci, beta_lactamase_loci, carbapenemase_loci, other_acq_ab_loci) VALUES ('98', '98', '-', '-', '-', '-') ON DUPLICATE KEY UPDATE ame_loci = '-', beta_lactamase_loci = '-', carbapenemase_loci = '-', other_acq_ab_loci = '-'; 
INSERT INTO metadata_general(isolate_id, isolate_name, species, project_name) VALUES ('95', 'CLM02-005 ', 'Pseudomonas aeruginosa', 'GEMARA') ON DUPLICATE KEY UPDATE isolate_name = 'CLM02-005 ', species = 'Pseudomonas aeruginosa', project_name = 'GEMARA'; 
INSERT INTO metadata_clinic(clinic_id, isolate_id, sample_type, collection_ward) VALUES ('825', '95', '5', 'Urgencias adultos') ON DUPLICATE KEY UPDATE sample_type = '5', collection_ward = 'Urgencias adultos'; 
INSERT INTO phenotypic_data(phenotypic_data_id, isolate_id, ecdc_resistance_profile, cloxa_test, mbl_test) VALUES ('825', '95', 'XDR', 's/+', '-') ON DUPLICATE KEY UPDATE ecdc_resistance_profile = 'XDR', cloxa_test = 's/+', mbl_test = '-'; 
INSERT INTO sequence_analysis(sequence_analysis_id, isolate_id, ame_loci, beta_lactamase_loci, carbapenemase_loci, other_acq_ab_loci) VALUES ('95', '95', 'aadB', '-', '-', '-') ON DUPLICATE KEY UPDATE ame_loci = 'aadB', beta_lactamase_loci = '-', carbapenemase_loci = '-', other_acq_ab_loci = '-'; 
INSERT INTO metadata_general(isolate_id, isolate_name, species, project_name) VALUES ('915', 'CLM02-014', 'Pseudomonas aeruginosa', 'GEMARA') ON DUPLICATE KEY UPDATE isolate_name = 'CLM02-014', species = 'Pseudomonas aeruginosa', project_name = 'GEMARA'; 
INSERT INTO metadata_clinic(clinic_id, isolate_id, sample_type, collection_ward) VALUES ('826', '915', '8', 'UCI Adultos') ON DUPLICATE KEY UPDATE sample_type = '8', collection_ward = 'UCI Adultos'; 
INSERT INTO phenotypic_data(phenotypic_data_id, isolate_id, ecdc_resistance_profile, cloxa_test, mbl_test) VALUES ('826', '915', 'XDR', 's/+', '-') ON DUPLICATE KEY UPDATE ecdc_resistance_profile = 'XDR', cloxa_test = 's/+', mbl_test = '-'; 
INSERT INTO sequence_analysis(sequence_analysis_id, isolate_id, ame_loci, beta_lactamase_loci, carbapenemase_loci, other_acq_ab_loci) VALUES ('915', '915', '-', '-', '-', '-') ON DUPLICATE KEY UPDATE ame_loci = '-', beta_lactamase_loci = '-', carbapenemase_loci = '-', other_acq_ab_loci = '-'; 
INSERT INTO metadata_general(isolate_id, isolate_name, species, project_name) VALUES ('916', 'CLM02-026 ', 'Pseudomonas aeruginosa', 'GEMARA') ON DUPLICATE KEY UPDATE isolate_name = 'CLM02-026 ', species = 'Pseudomonas aeruginosa', project_name = 'GEMARA'; 
INSERT INTO metadata_clinic(clinic_id, isolate_id, sample_type, collection_ward) VALUES ('827', '916', '20', 'UCI Adultos') ON DUPLICATE KEY UPDATE sample_type = '20', collection_ward = 'UCI Adultos'; 
INSERT INTO phenotypic_data(phenotypic_data_id, isolate_id, ecdc_resistance_profile, cloxa_test, mbl_test) VALUES ('827', '916', 'XDR', '+/+', '-') ON DUPLICATE KEY UPDATE ecdc_resistance_profile = 'XDR', cloxa_test = '+/+', mbl_test = '-'; 
INSERT INTO sequence_analysis(sequence_analysis_id, isolate_id, ame_loci, beta_lactamase_loci, carbapenemase_loci, other_acq_ab_loci) VALUES ('916', '916', '-', '-', '-', '-') ON DUPLICATE KEY UPDATE ame_loci = '-', beta_lactamase_loci = '-', carbapenemase_loci = '-', other_acq_ab_loci = '-'; 
INSERT INTO metadata_general(isolate_id, isolate_name, species, project_name) VALUES ('97', 'CLM02-043 ', 'Pseudomonas aeruginosa', 'GEMARA') ON DUPLICATE KEY UPDATE isolate_name = 'CLM02-043 ', species = 'Pseudomonas aeruginosa', project_name = 'GEMARA'; 
INSERT INTO metadata_clinic(clinic_id, isolate_id, sample_type, collection_ward) VALUES ('828', '97', '10', 'Servicios médicos adultos') ON DUPLICATE KEY UPDATE sample_type = '10', collection_ward = 'Servicios médicos adultos'; 
INSERT INTO phenotypic_data(phenotypic_data_id, isolate_id, ecdc_resistance_profile, cloxa_test, mbl_test) VALUES ('828', '97', 'XDR', '+/+', '-') ON DUPLICATE KEY UPDATE ecdc_resistance_profile = 'XDR', cloxa_test = '+/+', mbl_test = '-'; 
INSERT INTO sequence_analysis(sequence_analysis_id, isolate_id, ame_loci, beta_lactamase_loci, carbapenemase_loci, other_acq_ab_loci) VALUES ('97', '97', 'aadB', '-', '-', '-') ON DUPLICATE KEY UPDATE ame_loci = 'aadB', beta_lactamase_loci = '-', carbapenemase_loci = '-', other_acq_ab_loci = '-'; 
INSERT INTO metadata_general(isolate_id, isolate_name, species, project_name) VALUES ('917', 'CLM02-048', 'Pseudomonas aeruginosa', 'GEMARA') ON DUPLICATE KEY UPDATE isolate_name = 'CLM02-048', species = 'Pseudomonas aeruginosa', project_name = 'GEMARA'; 
INSERT INTO metadata_clinic(clinic_id, isolate_id, sample_type, collection_ward) VALUES ('829', '917', '9', 'Consultas externas') ON DUPLICATE KEY UPDATE sample_type = '9', collection_ward = 'Consultas externas'; 
INSERT INTO phenotypic_data(phenotypic_data_id, isolate_id, ecdc_resistance_profile, cloxa_test, mbl_test) VALUES ('829', '917', 'S', '-', '-') ON DUPLICATE KEY UPDATE ecdc_resistance_profile = 'S', cloxa_test = '-', mbl_test = '-'; 
INSERT INTO sequence_analysis(sequence_analysis_id, isolate_id, ame_loci, beta_lactamase_loci, carbapenemase_loci, other_acq_ab_loci) VALUES ('917', '917', '-', '-', '-', '-') ON DUPLICATE KEY UPDATE ame_loci = '-', beta_lactamase_loci = '-', carbapenemase_loci = '-', other_acq_ab_loci = '-'; 
INSERT INTO metadata_general(isolate_id, isolate_name, species, project_name) VALUES ('918', 'CVA01-007', 'Pseudomonas aeruginosa', 'GEMARA') ON DUPLICATE KEY UPDATE isolate_name = 'CVA01-007', species = 'Pseudomonas aeruginosa', project_name = 'GEMARA'; 
INSERT INTO metadata_clinic(clinic_id, isolate_id, sample_type, collection_ward) VALUES ('830', '918', '22', 'Servicios quirúrgicos adultos') ON DUPLICATE KEY UPDATE sample_type = '22', collection_ward = 'Servicios quirúrgicos adultos'; 
INSERT INTO phenotypic_data(phenotypic_data_id, isolate_id, ecdc_resistance_profile, cloxa_test, mbl_test) VALUES ('830', '918', 'S', '-', '-') ON DUPLICATE KEY UPDATE ecdc_resistance_profile = 'S', cloxa_test = '-', mbl_test = '-'; 
INSERT INTO sequence_analysis(sequence_analysis_id, isolate_id, ame_loci, beta_lactamase_loci, carbapenemase_loci, other_acq_ab_loci) VALUES ('918', '918', '-', '-', '-', '-') ON DUPLICATE KEY UPDATE ame_loci = '-', beta_lactamase_loci = '-', carbapenemase_loci = '-', other_acq_ab_loci = '-'; 
INSERT INTO metadata_general(isolate_id, isolate_name, species, project_name) VALUES ('919', 'CVA01-005', 'Pseudomonas aeruginosa', 'GEMARA') ON DUPLICATE KEY UPDATE isolate_name = 'CVA01-005', species = 'Pseudomonas aeruginosa', project_name = 'GEMARA'; 
INSERT INTO metadata_clinic(clinic_id, isolate_id, sample_type, collection_ward) VALUES ('831', '919', '22', 'Servicios médicos adultos') ON DUPLICATE KEY UPDATE sample_type = '22', collection_ward = 'Servicios médicos adultos'; 
INSERT INTO phenotypic_data(phenotypic_data_id, isolate_id, ecdc_resistance_profile, cloxa_test, mbl_test) VALUES ('831', '919', 'S', '-', '-') ON DUPLICATE KEY UPDATE ecdc_resistance_profile = 'S', cloxa_test = '-', mbl_test = '-'; 
INSERT INTO sequence_analysis(sequence_analysis_id, isolate_id, ame_loci, beta_lactamase_loci, carbapenemase_loci, other_acq_ab_loci) VALUES ('919', '919', '-', '-', '-', '-') ON DUPLICATE KEY UPDATE ame_loci = '-', beta_lactamase_loci = '-', carbapenemase_loci = '-', other_acq_ab_loci = '-'; 
INSERT INTO metadata_general(isolate_id, isolate_name, species, project_name) VALUES ('920', 'CVA01-009', 'Pseudomonas aeruginosa', 'GEMARA') ON DUPLICATE KEY UPDATE isolate_name = 'CVA01-009', species = 'Pseudomonas aeruginosa', project_name = 'GEMARA'; 
INSERT INTO metadata_clinic(clinic_id, isolate_id, sample_type, collection_ward) VALUES ('832', '920', '10', 'Urgencias adultos') ON DUPLICATE KEY UPDATE sample_type = '10', collection_ward = 'Urgencias adultos'; 
INSERT INTO phenotypic_data(phenotypic_data_id, isolate_id, ecdc_resistance_profile, cloxa_test, mbl_test) VALUES ('832', '920', 'S', '-', '-') ON DUPLICATE KEY UPDATE ecdc_resistance_profile = 'S', cloxa_test = '-', mbl_test = '-'; 
INSERT INTO sequence_analysis(sequence_analysis_id, isolate_id, ame_loci, beta_lactamase_loci, carbapenemase_loci, other_acq_ab_loci) VALUES ('920', '920', '-', '-', '-', '-') ON DUPLICATE KEY UPDATE ame_loci = '-', beta_lactamase_loci = '-', carbapenemase_loci = '-', other_acq_ab_loci = '-'; 
INSERT INTO metadata_general(isolate_id, isolate_name, species, project_name) VALUES ('921', 'CVA01-010', 'Pseudomonas aeruginosa', 'GEMARA') ON DUPLICATE KEY UPDATE isolate_name = 'CVA01-010', species = 'Pseudomonas aeruginosa', project_name = 'GEMARA'; 
INSERT INTO metadata_clinic(clinic_id, isolate_id, sample_type, collection_ward) VALUES ('833', '921', '15', 'Servicios quirúrgicos adultos') ON DUPLICATE KEY UPDATE sample_type = '15', collection_ward = 'Servicios quirúrgicos adultos'; 
INSERT INTO phenotypic_data(phenotypic_data_id, isolate_id, ecdc_resistance_profile, cloxa_test, mbl_test) VALUES ('833', '921', 'S', '-', '-') ON DUPLICATE KEY UPDATE ecdc_resistance_profile = 'S', cloxa_test = '-', mbl_test = '-'; 
INSERT INTO sequence_analysis(sequence_analysis_id, isolate_id, ame_loci, beta_lactamase_loci, carbapenemase_loci, other_acq_ab_loci) VALUES ('921', '921', '-', '-', '-', '-') ON DUPLICATE KEY UPDATE ame_loci = '-', beta_lactamase_loci = '-', carbapenemase_loci = '-', other_acq_ab_loci = '-'; 
INSERT INTO metadata_general(isolate_id, isolate_name, species, project_name) VALUES ('922', 'CVA01-017', 'Pseudomonas aeruginosa', 'GEMARA') ON DUPLICATE KEY UPDATE isolate_name = 'CVA01-017', species = 'Pseudomonas aeruginosa', project_name = 'GEMARA'; 
INSERT INTO metadata_clinic(clinic_id, isolate_id, sample_type, collection_ward) VALUES ('834', '922', '22', 'Servicios médicos adultos') ON DUPLICATE KEY UPDATE sample_type = '22', collection_ward = 'Servicios médicos adultos'; 
INSERT INTO phenotypic_data(phenotypic_data_id, isolate_id, ecdc_resistance_profile, cloxa_test, mbl_test) VALUES ('834', '922', 'S', '-', '-') ON DUPLICATE KEY UPDATE ecdc_resistance_profile = 'S', cloxa_test = '-', mbl_test = '-'; 
INSERT INTO sequence_analysis(sequence_analysis_id, isolate_id, ame_loci, beta_lactamase_loci, carbapenemase_loci, other_acq_ab_loci) VALUES ('922', '922', '-', '-', '-', '-') ON DUPLICATE KEY UPDATE ame_loci = '-', beta_lactamase_loci = '-', carbapenemase_loci = '-', other_acq_ab_loci = '-'; 
INSERT INTO metadata_general(isolate_id, isolate_name, species, project_name) VALUES ('923', 'CVA01-032', 'Pseudomonas aeruginosa', 'GEMARA') ON DUPLICATE KEY UPDATE isolate_name = 'CVA01-032', species = 'Pseudomonas aeruginosa', project_name = 'GEMARA'; 
INSERT INTO metadata_clinic(clinic_id, isolate_id, sample_type, collection_ward) VALUES ('835', '923', '22', 'UCI Adultos') ON DUPLICATE KEY UPDATE sample_type = '22', collection_ward = 'UCI Adultos'; 
INSERT INTO phenotypic_data(phenotypic_data_id, isolate_id, ecdc_resistance_profile, cloxa_test, mbl_test) VALUES ('835', '923', 'S', '-', '-') ON DUPLICATE KEY UPDATE ecdc_resistance_profile = 'S', cloxa_test = '-', mbl_test = '-'; 
INSERT INTO sequence_analysis(sequence_analysis_id, isolate_id, ame_loci, beta_lactamase_loci, carbapenemase_loci, other_acq_ab_loci) VALUES ('923', '923', '-', '-', '-', '-') ON DUPLICATE KEY UPDATE ame_loci = '-', beta_lactamase_loci = '-', carbapenemase_loci = '-', other_acq_ab_loci = '-'; 
INSERT INTO metadata_general(isolate_id, isolate_name, species, project_name) VALUES ('924', 'CVA01-011', 'Pseudomonas aeruginosa', 'GEMARA') ON DUPLICATE KEY UPDATE isolate_name = 'CVA01-011', species = 'Pseudomonas aeruginosa', project_name = 'GEMARA'; 
INSERT INTO metadata_clinic(clinic_id, isolate_id, sample_type, collection_ward) VALUES ('836', '924', '8', 'Servicios quirúrgicos adultos') ON DUPLICATE KEY UPDATE sample_type = '8', collection_ward = 'Servicios quirúrgicos adultos'; 
INSERT INTO phenotypic_data(phenotypic_data_id, isolate_id, ecdc_resistance_profile, cloxa_test, mbl_test) VALUES ('836', '924', 'S', '-', '-') ON DUPLICATE KEY UPDATE ecdc_resistance_profile = 'S', cloxa_test = '-', mbl_test = '-'; 
INSERT INTO sequence_analysis(sequence_analysis_id, isolate_id, ame_loci, beta_lactamase_loci, carbapenemase_loci, other_acq_ab_loci) VALUES ('924', '924', '-', '-', '-', '-') ON DUPLICATE KEY UPDATE ame_loci = '-', beta_lactamase_loci = '-', carbapenemase_loci = '-', other_acq_ab_loci = '-'; 
INSERT INTO metadata_general(isolate_id, isolate_name, species, project_name) VALUES ('925', 'CVA01-016', 'Pseudomonas aeruginosa', 'GEMARA') ON DUPLICATE KEY UPDATE isolate_name = 'CVA01-016', species = 'Pseudomonas aeruginosa', project_name = 'GEMARA'; 
INSERT INTO metadata_clinic(clinic_id, isolate_id, sample_type, collection_ward) VALUES ('837', '925', '22', 'Servicios médicos adultos') ON DUPLICATE KEY UPDATE sample_type = '22', collection_ward = 'Servicios médicos adultos'; 
INSERT INTO phenotypic_data(phenotypic_data_id, isolate_id, ecdc_resistance_profile, cloxa_test, mbl_test) VALUES ('837', '925', 'S', '-', '-') ON DUPLICATE KEY UPDATE ecdc_resistance_profile = 'S', cloxa_test = '-', mbl_test = '-'; 
INSERT INTO sequence_analysis(sequence_analysis_id, isolate_id, ame_loci, beta_lactamase_loci, carbapenemase_loci, other_acq_ab_loci) VALUES ('925', '925', '-', '-', '-', '-') ON DUPLICATE KEY UPDATE ame_loci = '-', beta_lactamase_loci = '-', carbapenemase_loci = '-', other_acq_ab_loci = '-'; 
INSERT INTO metadata_general(isolate_id, isolate_name, species, project_name) VALUES ('926', 'CVA01-047', 'Pseudomonas aeruginosa', 'GEMARA') ON DUPLICATE KEY UPDATE isolate_name = 'CVA01-047', species = 'Pseudomonas aeruginosa', project_name = 'GEMARA'; 
INSERT INTO metadata_clinic(clinic_id, isolate_id, sample_type, collection_ward) VALUES ('838', '926', '26', 'Servicios médicos pediatría') ON DUPLICATE KEY UPDATE sample_type = '26', collection_ward = 'Servicios médicos pediatría'; 
INSERT INTO phenotypic_data(phenotypic_data_id, isolate_id, ecdc_resistance_profile, cloxa_test, mbl_test) VALUES ('838', '926', 'S', '-', '-') ON DUPLICATE KEY UPDATE ecdc_resistance_profile = 'S', cloxa_test = '-', mbl_test = '-'; 
INSERT INTO sequence_analysis(sequence_analysis_id, isolate_id, ame_loci, beta_lactamase_loci, carbapenemase_loci, other_acq_ab_loci) VALUES ('926', '926', '-', '-', '-', '-') ON DUPLICATE KEY UPDATE ame_loci = '-', beta_lactamase_loci = '-', carbapenemase_loci = '-', other_acq_ab_loci = '-'; 
INSERT INTO metadata_general(isolate_id, isolate_name, species, project_name) VALUES ('927', 'CVA01-015', 'Pseudomonas aeruginosa', 'GEMARA') ON DUPLICATE KEY UPDATE isolate_name = 'CVA01-015', species = 'Pseudomonas aeruginosa', project_name = 'GEMARA'; 
INSERT INTO metadata_clinic(clinic_id, isolate_id, sample_type, collection_ward) VALUES ('839', '927', '5', 'Servicios médicos adultos') ON DUPLICATE KEY UPDATE sample_type = '5', collection_ward = 'Servicios médicos adultos'; 
INSERT INTO phenotypic_data(phenotypic_data_id, isolate_id, ecdc_resistance_profile, cloxa_test, mbl_test) VALUES ('839', '927', 'S', '-', '-') ON DUPLICATE KEY UPDATE ecdc_resistance_profile = 'S', cloxa_test = '-', mbl_test = '-'; 
INSERT INTO sequence_analysis(sequence_analysis_id, isolate_id, ame_loci, beta_lactamase_loci, carbapenemase_loci, other_acq_ab_loci) VALUES ('927', '927', '-', '-', '-', '-') ON DUPLICATE KEY UPDATE ame_loci = '-', beta_lactamase_loci = '-', carbapenemase_loci = '-', other_acq_ab_loci = '-'; 
INSERT INTO metadata_general(isolate_id, isolate_name, species, project_name) VALUES ('928', 'CVA01-018', 'Pseudomonas aeruginosa', 'GEMARA') ON DUPLICATE KEY UPDATE isolate_name = 'CVA01-018', species = 'Pseudomonas aeruginosa', project_name = 'GEMARA'; 
INSERT INTO metadata_clinic(clinic_id, isolate_id, sample_type, collection_ward) VALUES ('840', '928', '29', 'Servicios quirúrgicos adultos') ON DUPLICATE KEY UPDATE sample_type = '29', collection_ward = 'Servicios quirúrgicos adultos'; 
INSERT INTO phenotypic_data(phenotypic_data_id, isolate_id, ecdc_resistance_profile, cloxa_test, mbl_test) VALUES ('840', '928', 'S', '-', '-') ON DUPLICATE KEY UPDATE ecdc_resistance_profile = 'S', cloxa_test = '-', mbl_test = '-'; 
INSERT INTO sequence_analysis(sequence_analysis_id, isolate_id, ame_loci, beta_lactamase_loci, carbapenemase_loci, other_acq_ab_loci) VALUES ('928', '928', '-', '-', '-', '-') ON DUPLICATE KEY UPDATE ame_loci = '-', beta_lactamase_loci = '-', carbapenemase_loci = '-', other_acq_ab_loci = '-'; 
INSERT INTO metadata_general(isolate_id, isolate_name, species, project_name) VALUES ('929', 'CVA01-036', 'Pseudomonas aeruginosa', 'GEMARA') ON DUPLICATE KEY UPDATE isolate_name = 'CVA01-036', species = 'Pseudomonas aeruginosa', project_name = 'GEMARA'; 
INSERT INTO metadata_clinic(clinic_id, isolate_id, sample_type, collection_ward) VALUES ('841', '929', '1', 'Consultas externas') ON DUPLICATE KEY UPDATE sample_type = '1', collection_ward = 'Consultas externas'; 
INSERT INTO phenotypic_data(phenotypic_data_id, isolate_id, ecdc_resistance_profile, cloxa_test, mbl_test) VALUES ('841', '929', 'S', '-', '-') ON DUPLICATE KEY UPDATE ecdc_resistance_profile = 'S', cloxa_test = '-', mbl_test = '-'; 
INSERT INTO sequence_analysis(sequence_analysis_id, isolate_id, ame_loci, beta_lactamase_loci, carbapenemase_loci, other_acq_ab_loci) VALUES ('929', '929', '-', '-', '-', '-') ON DUPLICATE KEY UPDATE ame_loci = '-', beta_lactamase_loci = '-', carbapenemase_loci = '-', other_acq_ab_loci = '-'; 
INSERT INTO metadata_general(isolate_id, isolate_name, species, project_name) VALUES ('930', 'CVA01-024', 'Pseudomonas aeruginosa', 'GEMARA') ON DUPLICATE KEY UPDATE isolate_name = 'CVA01-024', species = 'Pseudomonas aeruginosa', project_name = 'GEMARA'; 
INSERT INTO metadata_clinic(clinic_id, isolate_id, sample_type, collection_ward) VALUES ('842', '930', '22', 'Servicios quirúrgicos adultos') ON DUPLICATE KEY UPDATE sample_type = '22', collection_ward = 'Servicios quirúrgicos adultos'; 
INSERT INTO phenotypic_data(phenotypic_data_id, isolate_id, ecdc_resistance_profile, cloxa_test, mbl_test) VALUES ('842', '930', 'S', '-', '-') ON DUPLICATE KEY UPDATE ecdc_resistance_profile = 'S', cloxa_test = '-', mbl_test = '-'; 
INSERT INTO sequence_analysis(sequence_analysis_id, isolate_id, ame_loci, beta_lactamase_loci, carbapenemase_loci, other_acq_ab_loci) VALUES ('930', '930', 'aac(3)-Ia', '-', '-', '-') ON DUPLICATE KEY UPDATE ame_loci = 'aac(3)-Ia', beta_lactamase_loci = '-', carbapenemase_loci = '-', other_acq_ab_loci = '-'; 
INSERT INTO metadata_general(isolate_id, isolate_name, species, project_name) VALUES ('931', 'CVA01-050', 'Pseudomonas aeruginosa', 'GEMARA') ON DUPLICATE KEY UPDATE isolate_name = 'CVA01-050', species = 'Pseudomonas aeruginosa', project_name = 'GEMARA'; 
INSERT INTO metadata_clinic(clinic_id, isolate_id, sample_type, collection_ward) VALUES ('843', '931', '20', 'UCI pediatría') ON DUPLICATE KEY UPDATE sample_type = '20', collection_ward = 'UCI pediatría'; 
INSERT INTO phenotypic_data(phenotypic_data_id, isolate_id, ecdc_resistance_profile, cloxa_test, mbl_test) VALUES ('843', '931', 'S', '-', '-') ON DUPLICATE KEY UPDATE ecdc_resistance_profile = 'S', cloxa_test = '-', mbl_test = '-'; 
INSERT INTO sequence_analysis(sequence_analysis_id, isolate_id, ame_loci, beta_lactamase_loci, carbapenemase_loci, other_acq_ab_loci) VALUES ('931', '931', '-', '-', '-', '-') ON DUPLICATE KEY UPDATE ame_loci = '-', beta_lactamase_loci = '-', carbapenemase_loci = '-', other_acq_ab_loci = '-'; 
INSERT INTO metadata_general(isolate_id, isolate_name, species, project_name) VALUES ('932', 'CVA01-020', 'Pseudomonas aeruginosa', 'GEMARA') ON DUPLICATE KEY UPDATE isolate_name = 'CVA01-020', species = 'Pseudomonas aeruginosa', project_name = 'GEMARA'; 
INSERT INTO metadata_clinic(clinic_id, isolate_id, sample_type, collection_ward) VALUES ('844', '932', '22', 'Consultas externas') ON DUPLICATE KEY UPDATE sample_type = '22', collection_ward = 'Consultas externas'; 
INSERT INTO phenotypic_data(phenotypic_data_id, isolate_id, ecdc_resistance_profile, cloxa_test, mbl_test) VALUES ('844', '932', 'S', '-', '-') ON DUPLICATE KEY UPDATE ecdc_resistance_profile = 'S', cloxa_test = '-', mbl_test = '-'; 
INSERT INTO sequence_analysis(sequence_analysis_id, isolate_id, ame_loci, beta_lactamase_loci, carbapenemase_loci, other_acq_ab_loci) VALUES ('932', '932', '-', '-', '-', '-') ON DUPLICATE KEY UPDATE ame_loci = '-', beta_lactamase_loci = '-', carbapenemase_loci = '-', other_acq_ab_loci = '-'; 
INSERT INTO metadata_general(isolate_id, isolate_name, species, project_name) VALUES ('933', 'CVA01-001', 'Pseudomonas aeruginosa', 'GEMARA') ON DUPLICATE KEY UPDATE isolate_name = 'CVA01-001', species = 'Pseudomonas aeruginosa', project_name = 'GEMARA'; 
INSERT INTO metadata_clinic(clinic_id, isolate_id, sample_type, collection_ward) VALUES ('845', '933', '22', 'UCI Adultos') ON DUPLICATE KEY UPDATE sample_type = '22', collection_ward = 'UCI Adultos'; 
INSERT INTO phenotypic_data(phenotypic_data_id, isolate_id, ecdc_resistance_profile, cloxa_test, mbl_test) VALUES ('845', '933', 'S', '-', '-') ON DUPLICATE KEY UPDATE ecdc_resistance_profile = 'S', cloxa_test = '-', mbl_test = '-'; 
INSERT INTO sequence_analysis(sequence_analysis_id, isolate_id, ame_loci, beta_lactamase_loci, carbapenemase_loci, other_acq_ab_loci) VALUES ('933', '933', '-', '-', '-', '-') ON DUPLICATE KEY UPDATE ame_loci = '-', beta_lactamase_loci = '-', carbapenemase_loci = '-', other_acq_ab_loci = '-'; 
INSERT INTO metadata_general(isolate_id, isolate_name, species, project_name) VALUES ('934', 'CVA01-034', 'Pseudomonas aeruginosa', 'GEMARA') ON DUPLICATE KEY UPDATE isolate_name = 'CVA01-034', species = 'Pseudomonas aeruginosa', project_name = 'GEMARA'; 
INSERT INTO metadata_clinic(clinic_id, isolate_id, sample_type, collection_ward) VALUES ('846', '934', '22', 'Servicios médicos adultos') ON DUPLICATE KEY UPDATE sample_type = '22', collection_ward = 'Servicios médicos adultos'; 
INSERT INTO phenotypic_data(phenotypic_data_id, isolate_id, ecdc_resistance_profile, cloxa_test, mbl_test) VALUES ('846', '934', 'S', '-', '-') ON DUPLICATE KEY UPDATE ecdc_resistance_profile = 'S', cloxa_test = '-', mbl_test = '-'; 
INSERT INTO sequence_analysis(sequence_analysis_id, isolate_id, ame_loci, beta_lactamase_loci, carbapenemase_loci, other_acq_ab_loci) VALUES ('934', '934', '-', '-', '-', '-') ON DUPLICATE KEY UPDATE ame_loci = '-', beta_lactamase_loci = '-', carbapenemase_loci = '-', other_acq_ab_loci = '-'; 
INSERT INTO metadata_general(isolate_id, isolate_name, species, project_name) VALUES ('935', 'CVA01-040', 'Pseudomonas aeruginosa', 'GEMARA') ON DUPLICATE KEY UPDATE isolate_name = 'CVA01-040', species = 'Pseudomonas aeruginosa', project_name = 'GEMARA'; 
INSERT INTO metadata_clinic(clinic_id, isolate_id, sample_type, collection_ward) VALUES ('847', '935', '5', 'Urgencias adultos') ON DUPLICATE KEY UPDATE sample_type = '5', collection_ward = 'Urgencias adultos'; 
INSERT INTO phenotypic_data(phenotypic_data_id, isolate_id, ecdc_resistance_profile, cloxa_test, mbl_test) VALUES ('847', '935', 'S', '-', '-') ON DUPLICATE KEY UPDATE ecdc_resistance_profile = 'S', cloxa_test = '-', mbl_test = '-'; 
INSERT INTO sequence_analysis(sequence_analysis_id, isolate_id, ame_loci, beta_lactamase_loci, carbapenemase_loci, other_acq_ab_loci) VALUES ('935', '935', '-', '-', '-', '-') ON DUPLICATE KEY UPDATE ame_loci = '-', beta_lactamase_loci = '-', carbapenemase_loci = '-', other_acq_ab_loci = '-'; 
INSERT INTO metadata_general(isolate_id, isolate_name, species, project_name) VALUES ('936', 'CVA01-049', 'Pseudomonas aeruginosa', 'GEMARA') ON DUPLICATE KEY UPDATE isolate_name = 'CVA01-049', species = 'Pseudomonas aeruginosa', project_name = 'GEMARA'; 
INSERT INTO metadata_clinic(clinic_id, isolate_id, sample_type, collection_ward) VALUES ('848', '936', '5', 'Urgencias adultos') ON DUPLICATE KEY UPDATE sample_type = '5', collection_ward = 'Urgencias adultos'; 
INSERT INTO phenotypic_data(phenotypic_data_id, isolate_id, ecdc_resistance_profile, cloxa_test, mbl_test) VALUES ('848', '936', 'S', '-', '-') ON DUPLICATE KEY UPDATE ecdc_resistance_profile = 'S', cloxa_test = '-', mbl_test = '-'; 
INSERT INTO sequence_analysis(sequence_analysis_id, isolate_id, ame_loci, beta_lactamase_loci, carbapenemase_loci, other_acq_ab_loci) VALUES ('936', '936', '-', '-', '-', '-') ON DUPLICATE KEY UPDATE ame_loci = '-', beta_lactamase_loci = '-', carbapenemase_loci = '-', other_acq_ab_loci = '-'; 
INSERT INTO metadata_general(isolate_id, isolate_name, species, project_name) VALUES ('937', 'CVA01-051', 'Pseudomonas aeruginosa', 'GEMARA') ON DUPLICATE KEY UPDATE isolate_name = 'CVA01-051', species = 'Pseudomonas aeruginosa', project_name = 'GEMARA'; 
INSERT INTO metadata_clinic(clinic_id, isolate_id, sample_type, collection_ward) VALUES ('849', '937', '8', 'Servicios quirúrgicos adultos') ON DUPLICATE KEY UPDATE sample_type = '8', collection_ward = 'Servicios quirúrgicos adultos'; 
INSERT INTO phenotypic_data(phenotypic_data_id, isolate_id, ecdc_resistance_profile, cloxa_test, mbl_test) VALUES ('849', '937', 'S', '-', '-') ON DUPLICATE KEY UPDATE ecdc_resistance_profile = 'S', cloxa_test = '-', mbl_test = '-'; 
INSERT INTO sequence_analysis(sequence_analysis_id, isolate_id, ame_loci, beta_lactamase_loci, carbapenemase_loci, other_acq_ab_loci) VALUES ('937', '937', '-', '-', '-', '-') ON DUPLICATE KEY UPDATE ame_loci = '-', beta_lactamase_loci = '-', carbapenemase_loci = '-', other_acq_ab_loci = '-'; 
INSERT INTO metadata_general(isolate_id, isolate_name, species, project_name) VALUES ('938', 'CVA01-052', 'Pseudomonas aeruginosa', 'GEMARA') ON DUPLICATE KEY UPDATE isolate_name = 'CVA01-052', species = 'Pseudomonas aeruginosa', project_name = 'GEMARA'; 
INSERT INTO metadata_clinic(clinic_id, isolate_id, sample_type, collection_ward) VALUES ('850', '938', '6', 'Servicios médicos adultos') ON DUPLICATE KEY UPDATE sample_type = '6', collection_ward = 'Servicios médicos adultos'; 
INSERT INTO phenotypic_data(phenotypic_data_id, isolate_id, ecdc_resistance_profile, cloxa_test, mbl_test) VALUES ('850', '938', 'S', '-', '-') ON DUPLICATE KEY UPDATE ecdc_resistance_profile = 'S', cloxa_test = '-', mbl_test = '-'; 
INSERT INTO sequence_analysis(sequence_analysis_id, isolate_id, ame_loci, beta_lactamase_loci, carbapenemase_loci, other_acq_ab_loci) VALUES ('938', '938', '-', '-', '-', '-') ON DUPLICATE KEY UPDATE ame_loci = '-', beta_lactamase_loci = '-', carbapenemase_loci = '-', other_acq_ab_loci = '-'; 
INSERT INTO metadata_general(isolate_id, isolate_name, species, project_name) VALUES ('939', 'CVA01-027', 'Pseudomonas aeruginosa', 'GEMARA') ON DUPLICATE KEY UPDATE isolate_name = 'CVA01-027', species = 'Pseudomonas aeruginosa', project_name = 'GEMARA'; 
INSERT INTO metadata_clinic(clinic_id, isolate_id, sample_type, collection_ward) VALUES ('851', '939', '5', 'Servicios médicos adultos') ON DUPLICATE KEY UPDATE sample_type = '5', collection_ward = 'Servicios médicos adultos'; 
INSERT INTO phenotypic_data(phenotypic_data_id, isolate_id, ecdc_resistance_profile, cloxa_test, mbl_test) VALUES ('851', '939', 'S', '-', '-') ON DUPLICATE KEY UPDATE ecdc_resistance_profile = 'S', cloxa_test = '-', mbl_test = '-'; 
INSERT INTO sequence_analysis(sequence_analysis_id, isolate_id, ame_loci, beta_lactamase_loci, carbapenemase_loci, other_acq_ab_loci) VALUES ('939', '939', '-', '-', '-', '-') ON DUPLICATE KEY UPDATE ame_loci = '-', beta_lactamase_loci = '-', carbapenemase_loci = '-', other_acq_ab_loci = '-'; 
INSERT INTO metadata_general(isolate_id, isolate_name, species, project_name) VALUES ('940', 'CVA01-046', 'Pseudomonas aeruginosa', 'GEMARA') ON DUPLICATE KEY UPDATE isolate_name = 'CVA01-046', species = 'Pseudomonas aeruginosa', project_name = 'GEMARA'; 
INSERT INTO metadata_clinic(clinic_id, isolate_id, sample_type, collection_ward) VALUES ('852', '940', '16', 'Urgencias adultos') ON DUPLICATE KEY UPDATE sample_type = '16', collection_ward = 'Urgencias adultos'; 
INSERT INTO phenotypic_data(phenotypic_data_id, isolate_id, ecdc_resistance_profile, cloxa_test, mbl_test) VALUES ('852', '940', 'S', '-', '-') ON DUPLICATE KEY UPDATE ecdc_resistance_profile = 'S', cloxa_test = '-', mbl_test = '-'; 
INSERT INTO sequence_analysis(sequence_analysis_id, isolate_id, ame_loci, beta_lactamase_loci, carbapenemase_loci, other_acq_ab_loci) VALUES ('940', '940', '-', '-', '-', '-') ON DUPLICATE KEY UPDATE ame_loci = '-', beta_lactamase_loci = '-', carbapenemase_loci = '-', other_acq_ab_loci = '-'; 
INSERT INTO metadata_general(isolate_id, isolate_name, species, project_name) VALUES ('100', 'CVA01-006', 'Pseudomonas aeruginosa', 'GEMARA') ON DUPLICATE KEY UPDATE isolate_name = 'CVA01-006', species = 'Pseudomonas aeruginosa', project_name = 'GEMARA'; 
INSERT INTO metadata_clinic(clinic_id, isolate_id, sample_type, collection_ward) VALUES ('853', '100', '1', 'Servicios médicos adultos') ON DUPLICATE KEY UPDATE sample_type = '1', collection_ward = 'Servicios médicos adultos'; 
INSERT INTO phenotypic_data(phenotypic_data_id, isolate_id, ecdc_resistance_profile, cloxa_test, mbl_test) VALUES ('853', '100', 'XDR', '-/-', '+') ON DUPLICATE KEY UPDATE ecdc_resistance_profile = 'XDR', cloxa_test = '-/-', mbl_test = '+'; 
INSERT INTO sequence_analysis(sequence_analysis_id, isolate_id, ame_loci, beta_lactamase_loci, carbapenemase_loci, other_acq_ab_loci) VALUES ('100', '100', 'aac(3)-Ia, aadB', 'blaOXA-2', 'blaVIM-20', '-') ON DUPLICATE KEY UPDATE ame_loci = 'aac(3)-Ia, aadB', beta_lactamase_loci = 'blaOXA-2', carbapenemase_loci = 'blaVIM-20', other_acq_ab_loci = '-'; 
INSERT INTO metadata_general(isolate_id, isolate_name, species, project_name) VALUES ('102', 'CVA01-033', 'Pseudomonas aeruginosa', 'GEMARA') ON DUPLICATE KEY UPDATE isolate_name = 'CVA01-033', species = 'Pseudomonas aeruginosa', project_name = 'GEMARA'; 
INSERT INTO metadata_clinic(clinic_id, isolate_id, sample_type, collection_ward) VALUES ('854', '102', '6', 'Servicios médicos adultos') ON DUPLICATE KEY UPDATE sample_type = '6', collection_ward = 'Servicios médicos adultos'; 
INSERT INTO phenotypic_data(phenotypic_data_id, isolate_id, ecdc_resistance_profile, cloxa_test, mbl_test) VALUES ('854', '102', 'XDR', '+/+', '-') ON DUPLICATE KEY UPDATE ecdc_resistance_profile = 'XDR', cloxa_test = '+/+', mbl_test = '-'; 
INSERT INTO sequence_analysis(sequence_analysis_id, isolate_id, ame_loci, beta_lactamase_loci, carbapenemase_loci, other_acq_ab_loci) VALUES ('102', '102', 'aac(6\')-Iic, aac(3)-Ic', 'blaOXA-2', '-', 'cmIA1') ON DUPLICATE KEY UPDATE ame_loci = 'aac(6\')-Iic, aac(3)-Ic', beta_lactamase_loci = 'blaOXA-2', carbapenemase_loci = '-', other_acq_ab_loci = 'cmIA1'; 
INSERT INTO metadata_general(isolate_id, isolate_name, species, project_name) VALUES ('103', 'CVA01-035', 'Pseudomonas aeruginosa', 'GEMARA') ON DUPLICATE KEY UPDATE isolate_name = 'CVA01-035', species = 'Pseudomonas aeruginosa', project_name = 'GEMARA'; 
INSERT INTO metadata_clinic(clinic_id, isolate_id, sample_type, collection_ward) VALUES ('855', '103', '3', 'UCI Adultos') ON DUPLICATE KEY UPDATE sample_type = '3', collection_ward = 'UCI Adultos'; 
INSERT INTO phenotypic_data(phenotypic_data_id, isolate_id, ecdc_resistance_profile, cloxa_test, mbl_test) VALUES ('855', '103', 'XDR', '-/+', '-') ON DUPLICATE KEY UPDATE ecdc_resistance_profile = 'XDR', cloxa_test = '-/+', mbl_test = '-'; 
INSERT INTO sequence_analysis(sequence_analysis_id, isolate_id, ame_loci, beta_lactamase_loci, carbapenemase_loci, other_acq_ab_loci) VALUES ('103', '103', 'aadA6, aac(6\')-Iic, aac(3)-Ic', 'blaOXA-2', '-', 'cmIA1') ON DUPLICATE KEY UPDATE ame_loci = 'aadA6, aac(6\')-Iic, aac(3)-Ic', beta_lactamase_loci = 'blaOXA-2', carbapenemase_loci = '-', other_acq_ab_loci = 'cmIA1'; 
INSERT INTO metadata_general(isolate_id, isolate_name, species, project_name) VALUES ('941', 'CVA01-038', 'Pseudomonas aeruginosa', 'GEMARA') ON DUPLICATE KEY UPDATE isolate_name = 'CVA01-038', species = 'Pseudomonas aeruginosa', project_name = 'GEMARA'; 
INSERT INTO metadata_clinic(clinic_id, isolate_id, sample_type, collection_ward) VALUES ('856', '941', '24', 'Servicios médicos adultos') ON DUPLICATE KEY UPDATE sample_type = '24', collection_ward = 'Servicios médicos adultos'; 
INSERT INTO phenotypic_data(phenotypic_data_id, isolate_id, ecdc_resistance_profile, cloxa_test, mbl_test) VALUES ('856', '941', 'XDR', '-/+', '-') ON DUPLICATE KEY UPDATE ecdc_resistance_profile = 'XDR', cloxa_test = '-/+', mbl_test = '-'; 
INSERT INTO sequence_analysis(sequence_analysis_id, isolate_id, ame_loci, beta_lactamase_loci, carbapenemase_loci, other_acq_ab_loci) VALUES ('941', '941', '-', '-', '-', '-') ON DUPLICATE KEY UPDATE ame_loci = '-', beta_lactamase_loci = '-', carbapenemase_loci = '-', other_acq_ab_loci = '-'; 
INSERT INTO metadata_general(isolate_id, isolate_name, species, project_name) VALUES ('101', 'CVA01-029', 'Pseudomonas aeruginosa', 'GEMARA') ON DUPLICATE KEY UPDATE isolate_name = 'CVA01-029', species = 'Pseudomonas aeruginosa', project_name = 'GEMARA'; 
INSERT INTO metadata_clinic(clinic_id, isolate_id, sample_type, collection_ward) VALUES ('857', '101', '1', 'Servicios médicos adultos') ON DUPLICATE KEY UPDATE sample_type = '1', collection_ward = 'Servicios médicos adultos'; 
INSERT INTO phenotypic_data(phenotypic_data_id, isolate_id, ecdc_resistance_profile, cloxa_test, mbl_test) VALUES ('857', '101', 'XDR', '+/+', '-') ON DUPLICATE KEY UPDATE ecdc_resistance_profile = 'XDR', cloxa_test = '+/+', mbl_test = '-'; 
INSERT INTO sequence_analysis(sequence_analysis_id, isolate_id, ame_loci, beta_lactamase_loci, carbapenemase_loci, other_acq_ab_loci) VALUES ('101', '101', 'aadB', '-', '-', '-') ON DUPLICATE KEY UPDATE ame_loci = 'aadB', beta_lactamase_loci = '-', carbapenemase_loci = '-', other_acq_ab_loci = '-'; 
INSERT INTO metadata_general(isolate_id, isolate_name, species, project_name) VALUES ('942', 'CVA01-045', 'Pseudomonas aeruginosa', 'GEMARA') ON DUPLICATE KEY UPDATE isolate_name = 'CVA01-045', species = 'Pseudomonas aeruginosa', project_name = 'GEMARA'; 
INSERT INTO metadata_clinic(clinic_id, isolate_id, sample_type, collection_ward) VALUES ('858', '942', '6', 'Servicios médicos adultos') ON DUPLICATE KEY UPDATE sample_type = '6', collection_ward = 'Servicios médicos adultos'; 
INSERT INTO phenotypic_data(phenotypic_data_id, isolate_id, ecdc_resistance_profile, cloxa_test, mbl_test) VALUES ('858', '942', 'XDR', '+/+', '-') ON DUPLICATE KEY UPDATE ecdc_resistance_profile = 'XDR', cloxa_test = '+/+', mbl_test = '-'; 
INSERT INTO sequence_analysis(sequence_analysis_id, isolate_id, ame_loci, beta_lactamase_loci, carbapenemase_loci, other_acq_ab_loci) VALUES ('942', '942', '-', '-', '-', '-') ON DUPLICATE KEY UPDATE ame_loci = '-', beta_lactamase_loci = '-', carbapenemase_loci = '-', other_acq_ab_loci = '-'; 
INSERT INTO metadata_general(isolate_id, isolate_name, species, project_name) VALUES ('99', 'CVA01-002', 'Pseudomonas aeruginosa', 'GEMARA') ON DUPLICATE KEY UPDATE isolate_name = 'CVA01-002', species = 'Pseudomonas aeruginosa', project_name = 'GEMARA'; 
INSERT INTO metadata_clinic(clinic_id, isolate_id, sample_type, collection_ward) VALUES ('859', '99', '22', 'Servicios quirúrgicos adultos') ON DUPLICATE KEY UPDATE sample_type = '22', collection_ward = 'Servicios quirúrgicos adultos'; 
INSERT INTO phenotypic_data(phenotypic_data_id, isolate_id, ecdc_resistance_profile, cloxa_test, mbl_test) VALUES ('859', '99', 'XDR', '+/+', '-') ON DUPLICATE KEY UPDATE ecdc_resistance_profile = 'XDR', cloxa_test = '+/+', mbl_test = '-'; 
INSERT INTO sequence_analysis(sequence_analysis_id, isolate_id, ame_loci, beta_lactamase_loci, carbapenemase_loci, other_acq_ab_loci) VALUES ('99', '99', '-', '-', '-', '-') ON DUPLICATE KEY UPDATE ame_loci = '-', beta_lactamase_loci = '-', carbapenemase_loci = '-', other_acq_ab_loci = '-'; 
INSERT INTO metadata_general(isolate_id, isolate_name, species, project_name) VALUES ('943', 'CVA02-035', 'Pseudomonas aeruginosa', 'GEMARA') ON DUPLICATE KEY UPDATE isolate_name = 'CVA02-035', species = 'Pseudomonas aeruginosa', project_name = 'GEMARA'; 
INSERT INTO metadata_clinic(clinic_id, isolate_id, sample_type, collection_ward) VALUES ('860', '943', '4', 'Servicios quirúrgicos adultos') ON DUPLICATE KEY UPDATE sample_type = '4', collection_ward = 'Servicios quirúrgicos adultos'; 
INSERT INTO phenotypic_data(phenotypic_data_id, isolate_id, ecdc_resistance_profile, cloxa_test, mbl_test) VALUES ('860', '943', 'MDR', '-', '-') ON DUPLICATE KEY UPDATE ecdc_resistance_profile = 'MDR', cloxa_test = '-', mbl_test = '-'; 
INSERT INTO sequence_analysis(sequence_analysis_id, isolate_id, ame_loci, beta_lactamase_loci, carbapenemase_loci, other_acq_ab_loci) VALUES ('943', '943', '-', '-', '-', '-') ON DUPLICATE KEY UPDATE ame_loci = '-', beta_lactamase_loci = '-', carbapenemase_loci = '-', other_acq_ab_loci = '-'; 
INSERT INTO metadata_general(isolate_id, isolate_name, species, project_name) VALUES ('944', 'CVA02-001', 'Pseudomonas aeruginosa', 'GEMARA') ON DUPLICATE KEY UPDATE isolate_name = 'CVA02-001', species = 'Pseudomonas aeruginosa', project_name = 'GEMARA'; 
INSERT INTO metadata_clinic(clinic_id, isolate_id, sample_type, collection_ward) VALUES ('861', '944', '25', 'Servicios quirúrgicos adultos') ON DUPLICATE KEY UPDATE sample_type = '25', collection_ward = 'Servicios quirúrgicos adultos'; 
INSERT INTO phenotypic_data(phenotypic_data_id, isolate_id, ecdc_resistance_profile, cloxa_test, mbl_test) VALUES ('861', '944', 'S', '-', '-') ON DUPLICATE KEY UPDATE ecdc_resistance_profile = 'S', cloxa_test = '-', mbl_test = '-'; 
INSERT INTO sequence_analysis(sequence_analysis_id, isolate_id, ame_loci, beta_lactamase_loci, carbapenemase_loci, other_acq_ab_loci) VALUES ('944', '944', '-', '-', '-', '-') ON DUPLICATE KEY UPDATE ame_loci = '-', beta_lactamase_loci = '-', carbapenemase_loci = '-', other_acq_ab_loci = '-'; 
INSERT INTO metadata_general(isolate_id, isolate_name, species, project_name) VALUES ('945', 'CVA02-037', 'Pseudomonas aeruginosa', 'GEMARA') ON DUPLICATE KEY UPDATE isolate_name = 'CVA02-037', species = 'Pseudomonas aeruginosa', project_name = 'GEMARA'; 
INSERT INTO metadata_clinic(clinic_id, isolate_id, sample_type, collection_ward) VALUES ('862', '945', '5', 'Servicios médicos pediatría') ON DUPLICATE KEY UPDATE sample_type = '5', collection_ward = 'Servicios médicos pediatría'; 
INSERT INTO phenotypic_data(phenotypic_data_id, isolate_id, ecdc_resistance_profile, cloxa_test, mbl_test) VALUES ('862', '945', 'S', '-', '-') ON DUPLICATE KEY UPDATE ecdc_resistance_profile = 'S', cloxa_test = '-', mbl_test = '-'; 
INSERT INTO sequence_analysis(sequence_analysis_id, isolate_id, ame_loci, beta_lactamase_loci, carbapenemase_loci, other_acq_ab_loci) VALUES ('945', '945', '-', '-', '-', '-') ON DUPLICATE KEY UPDATE ame_loci = '-', beta_lactamase_loci = '-', carbapenemase_loci = '-', other_acq_ab_loci = '-'; 
INSERT INTO metadata_general(isolate_id, isolate_name, species, project_name) VALUES ('946', 'CVA02-003', 'Pseudomonas aeruginosa', 'GEMARA') ON DUPLICATE KEY UPDATE isolate_name = 'CVA02-003', species = 'Pseudomonas aeruginosa', project_name = 'GEMARA'; 
INSERT INTO metadata_clinic(clinic_id, isolate_id, sample_type, collection_ward) VALUES ('863', '946', '1', 'Servicios quirúrgicos adultos') ON DUPLICATE KEY UPDATE sample_type = '1', collection_ward = 'Servicios quirúrgicos adultos'; 
INSERT INTO phenotypic_data(phenotypic_data_id, isolate_id, ecdc_resistance_profile, cloxa_test, mbl_test) VALUES ('863', '946', 'S', '-', '-') ON DUPLICATE KEY UPDATE ecdc_resistance_profile = 'S', cloxa_test = '-', mbl_test = '-'; 
INSERT INTO sequence_analysis(sequence_analysis_id, isolate_id, ame_loci, beta_lactamase_loci, carbapenemase_loci, other_acq_ab_loci) VALUES ('946', '946', '-', '-', '-', '-') ON DUPLICATE KEY UPDATE ame_loci = '-', beta_lactamase_loci = '-', carbapenemase_loci = '-', other_acq_ab_loci = '-'; 
INSERT INTO metadata_general(isolate_id, isolate_name, species, project_name) VALUES ('947', 'CVA02-010', 'Pseudomonas aeruginosa', 'GEMARA') ON DUPLICATE KEY UPDATE isolate_name = 'CVA02-010', species = 'Pseudomonas aeruginosa', project_name = 'GEMARA'; 
INSERT INTO metadata_clinic(clinic_id, isolate_id, sample_type, collection_ward) VALUES ('864', '947', '1', 'Servicios médicos adultos') ON DUPLICATE KEY UPDATE sample_type = '1', collection_ward = 'Servicios médicos adultos'; 
INSERT INTO phenotypic_data(phenotypic_data_id, isolate_id, ecdc_resistance_profile, cloxa_test, mbl_test) VALUES ('864', '947', 'S', '-', '-') ON DUPLICATE KEY UPDATE ecdc_resistance_profile = 'S', cloxa_test = '-', mbl_test = '-'; 
INSERT INTO sequence_analysis(sequence_analysis_id, isolate_id, ame_loci, beta_lactamase_loci, carbapenemase_loci, other_acq_ab_loci) VALUES ('947', '947', '-', '-', '-', '-') ON DUPLICATE KEY UPDATE ame_loci = '-', beta_lactamase_loci = '-', carbapenemase_loci = '-', other_acq_ab_loci = '-'; 
INSERT INTO metadata_general(isolate_id, isolate_name, species, project_name) VALUES ('948', 'CVA02-013', 'Pseudomonas aeruginosa', 'GEMARA') ON DUPLICATE KEY UPDATE isolate_name = 'CVA02-013', species = 'Pseudomonas aeruginosa', project_name = 'GEMARA'; 
INSERT INTO metadata_clinic(clinic_id, isolate_id, sample_type, collection_ward) VALUES ('865', '948', '22', 'Servicios quirúrgicos adultos') ON DUPLICATE KEY UPDATE sample_type = '22', collection_ward = 'Servicios quirúrgicos adultos'; 
INSERT INTO phenotypic_data(phenotypic_data_id, isolate_id, ecdc_resistance_profile, cloxa_test, mbl_test) VALUES ('865', '948', 'S', '-', '-') ON DUPLICATE KEY UPDATE ecdc_resistance_profile = 'S', cloxa_test = '-', mbl_test = '-'; 
INSERT INTO sequence_analysis(sequence_analysis_id, isolate_id, ame_loci, beta_lactamase_loci, carbapenemase_loci, other_acq_ab_loci) VALUES ('948', '948', '-', '-', '-', '-') ON DUPLICATE KEY UPDATE ame_loci = '-', beta_lactamase_loci = '-', carbapenemase_loci = '-', other_acq_ab_loci = '-'; 
INSERT INTO metadata_general(isolate_id, isolate_name, species, project_name) VALUES ('949', 'CVA02-014', 'Pseudomonas aeruginosa', 'GEMARA') ON DUPLICATE KEY UPDATE isolate_name = 'CVA02-014', species = 'Pseudomonas aeruginosa', project_name = 'GEMARA'; 
INSERT INTO metadata_clinic(clinic_id, isolate_id, sample_type, collection_ward) VALUES ('866', '949', '31', 'Urgencias adultos') ON DUPLICATE KEY UPDATE sample_type = '31', collection_ward = 'Urgencias adultos'; 
INSERT INTO phenotypic_data(phenotypic_data_id, isolate_id, ecdc_resistance_profile, cloxa_test, mbl_test) VALUES ('866', '949', 'S', '-', '-') ON DUPLICATE KEY UPDATE ecdc_resistance_profile = 'S', cloxa_test = '-', mbl_test = '-'; 
INSERT INTO sequence_analysis(sequence_analysis_id, isolate_id, ame_loci, beta_lactamase_loci, carbapenemase_loci, other_acq_ab_loci) VALUES ('949', '949', '-', '-', '-', '-') ON DUPLICATE KEY UPDATE ame_loci = '-', beta_lactamase_loci = '-', carbapenemase_loci = '-', other_acq_ab_loci = '-'; 
INSERT INTO metadata_general(isolate_id, isolate_name, species, project_name) VALUES ('950', 'CVA02-036', 'Pseudomonas aeruginosa', 'GEMARA') ON DUPLICATE KEY UPDATE isolate_name = 'CVA02-036', species = 'Pseudomonas aeruginosa', project_name = 'GEMARA'; 
INSERT INTO metadata_clinic(clinic_id, isolate_id, sample_type, collection_ward) VALUES ('867', '950', '31', 'Urgencias adultos') ON DUPLICATE KEY UPDATE sample_type = '31', collection_ward = 'Urgencias adultos'; 
INSERT INTO phenotypic_data(phenotypic_data_id, isolate_id, ecdc_resistance_profile, cloxa_test, mbl_test) VALUES ('867', '950', 'S', '-', '-') ON DUPLICATE KEY UPDATE ecdc_resistance_profile = 'S', cloxa_test = '-', mbl_test = '-'; 
INSERT INTO sequence_analysis(sequence_analysis_id, isolate_id, ame_loci, beta_lactamase_loci, carbapenemase_loci, other_acq_ab_loci) VALUES ('950', '950', '-', '-', '-', '-') ON DUPLICATE KEY UPDATE ame_loci = '-', beta_lactamase_loci = '-', carbapenemase_loci = '-', other_acq_ab_loci = '-'; 
INSERT INTO metadata_general(isolate_id, isolate_name, species, project_name) VALUES ('951', 'CVA02-015', 'Pseudomonas aeruginosa', 'GEMARA') ON DUPLICATE KEY UPDATE isolate_name = 'CVA02-015', species = 'Pseudomonas aeruginosa', project_name = 'GEMARA'; 
INSERT INTO metadata_clinic(clinic_id, isolate_id, sample_type, collection_ward) VALUES ('868', '951', '7', 'Servicios quirúrgicos adultos') ON DUPLICATE KEY UPDATE sample_type = '7', collection_ward = 'Servicios quirúrgicos adultos'; 
INSERT INTO phenotypic_data(phenotypic_data_id, isolate_id, ecdc_resistance_profile, cloxa_test, mbl_test) VALUES ('868', '951', 'S', '-', '-') ON DUPLICATE KEY UPDATE ecdc_resistance_profile = 'S', cloxa_test = '-', mbl_test = '-'; 
INSERT INTO sequence_analysis(sequence_analysis_id, isolate_id, ame_loci, beta_lactamase_loci, carbapenemase_loci, other_acq_ab_loci) VALUES ('951', '951', '-', '-', '-', '-') ON DUPLICATE KEY UPDATE ame_loci = '-', beta_lactamase_loci = '-', carbapenemase_loci = '-', other_acq_ab_loci = '-'; 
INSERT INTO metadata_general(isolate_id, isolate_name, species, project_name) VALUES ('952', 'CVA02-024', 'Pseudomonas aeruginosa', 'GEMARA') ON DUPLICATE KEY UPDATE isolate_name = 'CVA02-024', species = 'Pseudomonas aeruginosa', project_name = 'GEMARA'; 
INSERT INTO metadata_clinic(clinic_id, isolate_id, sample_type, collection_ward) VALUES ('869', '952', '5', 'Consultas externas') ON DUPLICATE KEY UPDATE sample_type = '5', collection_ward = 'Consultas externas'; 
INSERT INTO phenotypic_data(phenotypic_data_id, isolate_id, ecdc_resistance_profile, cloxa_test, mbl_test) VALUES ('869', '952', 'S', '-', '-') ON DUPLICATE KEY UPDATE ecdc_resistance_profile = 'S', cloxa_test = '-', mbl_test = '-'; 
INSERT INTO sequence_analysis(sequence_analysis_id, isolate_id, ame_loci, beta_lactamase_loci, carbapenemase_loci, other_acq_ab_loci) VALUES ('952', '952', '-', '-', '-', '-') ON DUPLICATE KEY UPDATE ame_loci = '-', beta_lactamase_loci = '-', carbapenemase_loci = '-', other_acq_ab_loci = '-'; 
INSERT INTO metadata_general(isolate_id, isolate_name, species, project_name) VALUES ('953', 'CVA02-027', 'Pseudomonas aeruginosa', 'GEMARA') ON DUPLICATE KEY UPDATE isolate_name = 'CVA02-027', species = 'Pseudomonas aeruginosa', project_name = 'GEMARA'; 
INSERT INTO metadata_clinic(clinic_id, isolate_id, sample_type, collection_ward) VALUES ('870', '953', '1', 'Servicios médicos adultos') ON DUPLICATE KEY UPDATE sample_type = '1', collection_ward = 'Servicios médicos adultos'; 
INSERT INTO phenotypic_data(phenotypic_data_id, isolate_id, ecdc_resistance_profile, cloxa_test, mbl_test) VALUES ('870', '953', 'S', '-', '-') ON DUPLICATE KEY UPDATE ecdc_resistance_profile = 'S', cloxa_test = '-', mbl_test = '-'; 
INSERT INTO sequence_analysis(sequence_analysis_id, isolate_id, ame_loci, beta_lactamase_loci, carbapenemase_loci, other_acq_ab_loci) VALUES ('953', '953', '-', '-', '-', '-') ON DUPLICATE KEY UPDATE ame_loci = '-', beta_lactamase_loci = '-', carbapenemase_loci = '-', other_acq_ab_loci = '-'; 
INSERT INTO metadata_general(isolate_id, isolate_name, species, project_name) VALUES ('954', 'CVA02-029', 'Pseudomonas aeruginosa', 'GEMARA') ON DUPLICATE KEY UPDATE isolate_name = 'CVA02-029', species = 'Pseudomonas aeruginosa', project_name = 'GEMARA'; 
INSERT INTO metadata_clinic(clinic_id, isolate_id, sample_type, collection_ward) VALUES ('871', '954', '1', 'Servicios médicos adultos') ON DUPLICATE KEY UPDATE sample_type = '1', collection_ward = 'Servicios médicos adultos'; 
INSERT INTO phenotypic_data(phenotypic_data_id, isolate_id, ecdc_resistance_profile, cloxa_test, mbl_test) VALUES ('871', '954', 'S', '-', '-') ON DUPLICATE KEY UPDATE ecdc_resistance_profile = 'S', cloxa_test = '-', mbl_test = '-'; 
INSERT INTO sequence_analysis(sequence_analysis_id, isolate_id, ame_loci, beta_lactamase_loci, carbapenemase_loci, other_acq_ab_loci) VALUES ('954', '954', '-', '-', '-', '-') ON DUPLICATE KEY UPDATE ame_loci = '-', beta_lactamase_loci = '-', carbapenemase_loci = '-', other_acq_ab_loci = '-'; 
INSERT INTO metadata_general(isolate_id, isolate_name, species, project_name) VALUES ('955', 'CVA02-008', 'Pseudomonas aeruginosa', 'GEMARA') ON DUPLICATE KEY UPDATE isolate_name = 'CVA02-008', species = 'Pseudomonas aeruginosa', project_name = 'GEMARA'; 
INSERT INTO metadata_clinic(clinic_id, isolate_id, sample_type, collection_ward) VALUES ('872', '955', '2', 'Servicios médicos pediatría') ON DUPLICATE KEY UPDATE sample_type = '2', collection_ward = 'Servicios médicos pediatría'; 
INSERT INTO phenotypic_data(phenotypic_data_id, isolate_id, ecdc_resistance_profile, cloxa_test, mbl_test) VALUES ('872', '955', 'S', '-', '-') ON DUPLICATE KEY UPDATE ecdc_resistance_profile = 'S', cloxa_test = '-', mbl_test = '-'; 
INSERT INTO sequence_analysis(sequence_analysis_id, isolate_id, ame_loci, beta_lactamase_loci, carbapenemase_loci, other_acq_ab_loci) VALUES ('955', '955', '-', '-', '-', '-') ON DUPLICATE KEY UPDATE ame_loci = '-', beta_lactamase_loci = '-', carbapenemase_loci = '-', other_acq_ab_loci = '-'; 
INSERT INTO metadata_general(isolate_id, isolate_name, species, project_name) VALUES ('956', 'CVA02-034', 'Pseudomonas aeruginosa', 'GEMARA') ON DUPLICATE KEY UPDATE isolate_name = 'CVA02-034', species = 'Pseudomonas aeruginosa', project_name = 'GEMARA'; 
INSERT INTO metadata_clinic(clinic_id, isolate_id, sample_type, collection_ward) VALUES ('873', '956', '22', 'Consultas externas') ON DUPLICATE KEY UPDATE sample_type = '22', collection_ward = 'Consultas externas'; 
INSERT INTO phenotypic_data(phenotypic_data_id, isolate_id, ecdc_resistance_profile, cloxa_test, mbl_test) VALUES ('873', '956', 'S', '-', '-') ON DUPLICATE KEY UPDATE ecdc_resistance_profile = 'S', cloxa_test = '-', mbl_test = '-'; 
INSERT INTO sequence_analysis(sequence_analysis_id, isolate_id, ame_loci, beta_lactamase_loci, carbapenemase_loci, other_acq_ab_loci) VALUES ('956', '956', '-', '-', '-', '-') ON DUPLICATE KEY UPDATE ame_loci = '-', beta_lactamase_loci = '-', carbapenemase_loci = '-', other_acq_ab_loci = '-'; 
INSERT INTO metadata_general(isolate_id, isolate_name, species, project_name) VALUES ('957', 'CVA02-002', 'Pseudomonas aeruginosa', 'GEMARA') ON DUPLICATE KEY UPDATE isolate_name = 'CVA02-002', species = 'Pseudomonas aeruginosa', project_name = 'GEMARA'; 
INSERT INTO metadata_clinic(clinic_id, isolate_id, sample_type, collection_ward) VALUES ('874', '957', '1', 'Servicios quirúrgicos adultos') ON DUPLICATE KEY UPDATE sample_type = '1', collection_ward = 'Servicios quirúrgicos adultos'; 
INSERT INTO phenotypic_data(phenotypic_data_id, isolate_id, ecdc_resistance_profile, cloxa_test, mbl_test) VALUES ('874', '957', 'S', '-', '-') ON DUPLICATE KEY UPDATE ecdc_resistance_profile = 'S', cloxa_test = '-', mbl_test = '-'; 
INSERT INTO sequence_analysis(sequence_analysis_id, isolate_id, ame_loci, beta_lactamase_loci, carbapenemase_loci, other_acq_ab_loci) VALUES ('957', '957', '-', '-', '-', '-') ON DUPLICATE KEY UPDATE ame_loci = '-', beta_lactamase_loci = '-', carbapenemase_loci = '-', other_acq_ab_loci = '-'; 
INSERT INTO metadata_general(isolate_id, isolate_name, species, project_name) VALUES ('958', 'CVA02-009', 'Pseudomonas aeruginosa', 'GEMARA') ON DUPLICATE KEY UPDATE isolate_name = 'CVA02-009', species = 'Pseudomonas aeruginosa', project_name = 'GEMARA'; 
INSERT INTO metadata_clinic(clinic_id, isolate_id, sample_type, collection_ward) VALUES ('875', '958', '7', 'Servicios quirúrgicos adultos') ON DUPLICATE KEY UPDATE sample_type = '7', collection_ward = 'Servicios quirúrgicos adultos'; 
INSERT INTO phenotypic_data(phenotypic_data_id, isolate_id, ecdc_resistance_profile, cloxa_test, mbl_test) VALUES ('875', '958', 'S', '-', '-') ON DUPLICATE KEY UPDATE ecdc_resistance_profile = 'S', cloxa_test = '-', mbl_test = '-'; 
INSERT INTO sequence_analysis(sequence_analysis_id, isolate_id, ame_loci, beta_lactamase_loci, carbapenemase_loci, other_acq_ab_loci) VALUES ('958', '958', '-', '-', '-', '-') ON DUPLICATE KEY UPDATE ame_loci = '-', beta_lactamase_loci = '-', carbapenemase_loci = '-', other_acq_ab_loci = '-'; 
INSERT INTO metadata_general(isolate_id, isolate_name, species, project_name) VALUES ('959', 'CVA02-011', 'Pseudomonas aeruginosa', 'GEMARA') ON DUPLICATE KEY UPDATE isolate_name = 'CVA02-011', species = 'Pseudomonas aeruginosa', project_name = 'GEMARA'; 
INSERT INTO metadata_clinic(clinic_id, isolate_id, sample_type, collection_ward) VALUES ('876', '959', '5', 'Servicios médicos adultos') ON DUPLICATE KEY UPDATE sample_type = '5', collection_ward = 'Servicios médicos adultos'; 
INSERT INTO phenotypic_data(phenotypic_data_id, isolate_id, ecdc_resistance_profile, cloxa_test, mbl_test) VALUES ('876', '959', 'S', '-', '-') ON DUPLICATE KEY UPDATE ecdc_resistance_profile = 'S', cloxa_test = '-', mbl_test = '-'; 
INSERT INTO sequence_analysis(sequence_analysis_id, isolate_id, ame_loci, beta_lactamase_loci, carbapenemase_loci, other_acq_ab_loci) VALUES ('959', '959', '-', '-', '-', '-') ON DUPLICATE KEY UPDATE ame_loci = '-', beta_lactamase_loci = '-', carbapenemase_loci = '-', other_acq_ab_loci = '-'; 
INSERT INTO metadata_general(isolate_id, isolate_name, species, project_name) VALUES ('960', 'CVA02-012', 'Pseudomonas aeruginosa', 'GEMARA') ON DUPLICATE KEY UPDATE isolate_name = 'CVA02-012', species = 'Pseudomonas aeruginosa', project_name = 'GEMARA'; 
INSERT INTO metadata_clinic(clinic_id, isolate_id, sample_type, collection_ward) VALUES ('877', '960', '1', 'Servicios médicos adultos') ON DUPLICATE KEY UPDATE sample_type = '1', collection_ward = 'Servicios médicos adultos'; 
INSERT INTO phenotypic_data(phenotypic_data_id, isolate_id, ecdc_resistance_profile, cloxa_test, mbl_test) VALUES ('877', '960', 'S', '-', '-') ON DUPLICATE KEY UPDATE ecdc_resistance_profile = 'S', cloxa_test = '-', mbl_test = '-'; 
INSERT INTO sequence_analysis(sequence_analysis_id, isolate_id, ame_loci, beta_lactamase_loci, carbapenemase_loci, other_acq_ab_loci) VALUES ('960', '960', '-', '-', '-', '-') ON DUPLICATE KEY UPDATE ame_loci = '-', beta_lactamase_loci = '-', carbapenemase_loci = '-', other_acq_ab_loci = '-'; 
INSERT INTO metadata_general(isolate_id, isolate_name, species, project_name) VALUES ('961', 'CVA02-028', 'Pseudomonas aeruginosa', 'GEMARA') ON DUPLICATE KEY UPDATE isolate_name = 'CVA02-028', species = 'Pseudomonas aeruginosa', project_name = 'GEMARA'; 
INSERT INTO metadata_clinic(clinic_id, isolate_id, sample_type, collection_ward) VALUES ('878', '961', '31', 'Consultas externas') ON DUPLICATE KEY UPDATE sample_type = '31', collection_ward = 'Consultas externas'; 
INSERT INTO phenotypic_data(phenotypic_data_id, isolate_id, ecdc_resistance_profile, cloxa_test, mbl_test) VALUES ('878', '961', 'S', '-', '-') ON DUPLICATE KEY UPDATE ecdc_resistance_profile = 'S', cloxa_test = '-', mbl_test = '-'; 
INSERT INTO sequence_analysis(sequence_analysis_id, isolate_id, ame_loci, beta_lactamase_loci, carbapenemase_loci, other_acq_ab_loci) VALUES ('961', '961', '-', '-', '-', '-') ON DUPLICATE KEY UPDATE ame_loci = '-', beta_lactamase_loci = '-', carbapenemase_loci = '-', other_acq_ab_loci = '-'; 
INSERT INTO metadata_general(isolate_id, isolate_name, species, project_name) VALUES ('962', 'CVA02-031', 'Pseudomonas aeruginosa', 'GEMARA') ON DUPLICATE KEY UPDATE isolate_name = 'CVA02-031', species = 'Pseudomonas aeruginosa', project_name = 'GEMARA'; 
INSERT INTO metadata_clinic(clinic_id, isolate_id, sample_type, collection_ward) VALUES ('879', '962', '5', 'Consultas externas') ON DUPLICATE KEY UPDATE sample_type = '5', collection_ward = 'Consultas externas'; 
INSERT INTO phenotypic_data(phenotypic_data_id, isolate_id, ecdc_resistance_profile, cloxa_test, mbl_test) VALUES ('879', '962', 'S', '-', '-') ON DUPLICATE KEY UPDATE ecdc_resistance_profile = 'S', cloxa_test = '-', mbl_test = '-'; 
INSERT INTO sequence_analysis(sequence_analysis_id, isolate_id, ame_loci, beta_lactamase_loci, carbapenemase_loci, other_acq_ab_loci) VALUES ('962', '962', '-', '-', '-', '-') ON DUPLICATE KEY UPDATE ame_loci = '-', beta_lactamase_loci = '-', carbapenemase_loci = '-', other_acq_ab_loci = '-'; 
INSERT INTO metadata_general(isolate_id, isolate_name, species, project_name) VALUES ('963', 'CVA02-033', 'Pseudomonas aeruginosa', 'GEMARA') ON DUPLICATE KEY UPDATE isolate_name = 'CVA02-033', species = 'Pseudomonas aeruginosa', project_name = 'GEMARA'; 
INSERT INTO metadata_clinic(clinic_id, isolate_id, sample_type, collection_ward) VALUES ('880', '963', '1', 'Consultas externas') ON DUPLICATE KEY UPDATE sample_type = '1', collection_ward = 'Consultas externas'; 
INSERT INTO phenotypic_data(phenotypic_data_id, isolate_id, ecdc_resistance_profile, cloxa_test, mbl_test) VALUES ('880', '963', 'S', '-', '-') ON DUPLICATE KEY UPDATE ecdc_resistance_profile = 'S', cloxa_test = '-', mbl_test = '-'; 
INSERT INTO sequence_analysis(sequence_analysis_id, isolate_id, ame_loci, beta_lactamase_loci, carbapenemase_loci, other_acq_ab_loci) VALUES ('963', '963', '-', '-', '-', '-') ON DUPLICATE KEY UPDATE ame_loci = '-', beta_lactamase_loci = '-', carbapenemase_loci = '-', other_acq_ab_loci = '-'; 
INSERT INTO metadata_general(isolate_id, isolate_name, species, project_name) VALUES ('109', 'CVA02-023', 'Pseudomonas aeruginosa', 'GEMARA') ON DUPLICATE KEY UPDATE isolate_name = 'CVA02-023', species = 'Pseudomonas aeruginosa', project_name = 'GEMARA'; 
INSERT INTO metadata_clinic(clinic_id, isolate_id, sample_type, collection_ward) VALUES ('881', '109', '5', 'Servicios médicos adultos') ON DUPLICATE KEY UPDATE sample_type = '5', collection_ward = 'Servicios médicos adultos'; 
INSERT INTO phenotypic_data(phenotypic_data_id, isolate_id, ecdc_resistance_profile, cloxa_test, mbl_test) VALUES ('881', '109', 'XDR', '-/-', '+') ON DUPLICATE KEY UPDATE ecdc_resistance_profile = 'XDR', cloxa_test = '-/-', mbl_test = '+'; 
INSERT INTO sequence_analysis(sequence_analysis_id, isolate_id, ame_loci, beta_lactamase_loci, carbapenemase_loci, other_acq_ab_loci) VALUES ('109', '109', 'aadB, aph(3\')-Via, aadA13', 'blaOXA-210', 'blaVIM-20', '-') ON DUPLICATE KEY UPDATE ame_loci = 'aadB, aph(3\')-Via, aadA13', beta_lactamase_loci = 'blaOXA-210', carbapenemase_loci = 'blaVIM-20', other_acq_ab_loci = '-'; 
INSERT INTO metadata_general(isolate_id, isolate_name, species, project_name) VALUES ('105', 'CVA02-017', 'Pseudomonas aeruginosa', 'GEMARA') ON DUPLICATE KEY UPDATE isolate_name = 'CVA02-017', species = 'Pseudomonas aeruginosa', project_name = 'GEMARA'; 
INSERT INTO metadata_clinic(clinic_id, isolate_id, sample_type, collection_ward) VALUES ('882', '105', '20', 'Servicios médicos adultos') ON DUPLICATE KEY UPDATE sample_type = '20', collection_ward = 'Servicios médicos adultos'; 
INSERT INTO phenotypic_data(phenotypic_data_id, isolate_id, ecdc_resistance_profile, cloxa_test, mbl_test) VALUES ('882', '105', 'XDR', '+/+', '-') ON DUPLICATE KEY UPDATE ecdc_resistance_profile = 'XDR', cloxa_test = '+/+', mbl_test = '-'; 
INSERT INTO sequence_analysis(sequence_analysis_id, isolate_id, ame_loci, beta_lactamase_loci, carbapenemase_loci, other_acq_ab_loci) VALUES ('105', '105', 'aadA6', '-', '-', '-') ON DUPLICATE KEY UPDATE ame_loci = 'aadA6', beta_lactamase_loci = '-', carbapenemase_loci = '-', other_acq_ab_loci = '-'; 
INSERT INTO metadata_general(isolate_id, isolate_name, species, project_name) VALUES ('107', 'CVA02-019', 'Pseudomonas aeruginosa', 'GEMARA') ON DUPLICATE KEY UPDATE isolate_name = 'CVA02-019', species = 'Pseudomonas aeruginosa', project_name = 'GEMARA'; 
INSERT INTO metadata_clinic(clinic_id, isolate_id, sample_type, collection_ward) VALUES ('883', '107', '1', 'Consultas externas') ON DUPLICATE KEY UPDATE sample_type = '1', collection_ward = 'Consultas externas'; 
INSERT INTO phenotypic_data(phenotypic_data_id, isolate_id, ecdc_resistance_profile, cloxa_test, mbl_test) VALUES ('883', '107', 'XDR', '+/+', '-') ON DUPLICATE KEY UPDATE ecdc_resistance_profile = 'XDR', cloxa_test = '+/+', mbl_test = '-'; 
INSERT INTO sequence_analysis(sequence_analysis_id, isolate_id, ame_loci, beta_lactamase_loci, carbapenemase_loci, other_acq_ab_loci) VALUES ('107', '107', 'aac(3)-Ic', '-', '-', 'cmIA1') ON DUPLICATE KEY UPDATE ame_loci = 'aac(3)-Ic', beta_lactamase_loci = '-', carbapenemase_loci = '-', other_acq_ab_loci = 'cmIA1'; 
INSERT INTO metadata_general(isolate_id, isolate_name, species, project_name) VALUES ('108', 'CVA02-020', 'Pseudomonas aeruginosa', 'GEMARA') ON DUPLICATE KEY UPDATE isolate_name = 'CVA02-020', species = 'Pseudomonas aeruginosa', project_name = 'GEMARA'; 
INSERT INTO metadata_clinic(clinic_id, isolate_id, sample_type, collection_ward) VALUES ('884', '108', '7', 'UCI Adultos') ON DUPLICATE KEY UPDATE sample_type = '7', collection_ward = 'UCI Adultos'; 
INSERT INTO phenotypic_data(phenotypic_data_id, isolate_id, ecdc_resistance_profile, cloxa_test, mbl_test) VALUES ('884', '108', 'XDR', '-/s', '-') ON DUPLICATE KEY UPDATE ecdc_resistance_profile = 'XDR', cloxa_test = '-/s', mbl_test = '-'; 
INSERT INTO sequence_analysis(sequence_analysis_id, isolate_id, ame_loci, beta_lactamase_loci, carbapenemase_loci, other_acq_ab_loci) VALUES ('108', '108', 'aacA4, aac(6\')Ib-cr', '-', '-', 'strA, strB') ON DUPLICATE KEY UPDATE ame_loci = 'aacA4, aac(6\')Ib-cr', beta_lactamase_loci = '-', carbapenemase_loci = '-', other_acq_ab_loci = 'strA, strB'; 
INSERT INTO metadata_general(isolate_id, isolate_name, species, project_name) VALUES ('964', 'CVA02-021', 'Pseudomonas aeruginosa', 'GEMARA') ON DUPLICATE KEY UPDATE isolate_name = 'CVA02-021', species = 'Pseudomonas aeruginosa', project_name = 'GEMARA'; 
INSERT INTO metadata_clinic(clinic_id, isolate_id, sample_type, collection_ward) VALUES ('885', '964', '11', 'Servicios médicos adultos') ON DUPLICATE KEY UPDATE sample_type = '11', collection_ward = 'Servicios médicos adultos'; 
INSERT INTO phenotypic_data(phenotypic_data_id, isolate_id, ecdc_resistance_profile, cloxa_test, mbl_test) VALUES ('885', '964', 'XDR', '-/s', '-') ON DUPLICATE KEY UPDATE ecdc_resistance_profile = 'XDR', cloxa_test = '-/s', mbl_test = '-'; 
INSERT INTO sequence_analysis(sequence_analysis_id, isolate_id, ame_loci, beta_lactamase_loci, carbapenemase_loci, other_acq_ab_loci) VALUES ('964', '964', '-', '-', '-', '-') ON DUPLICATE KEY UPDATE ame_loci = '-', beta_lactamase_loci = '-', carbapenemase_loci = '-', other_acq_ab_loci = '-'; 
INSERT INTO metadata_general(isolate_id, isolate_name, species, project_name) VALUES ('965', 'CVA02-022', 'Pseudomonas aeruginosa', 'GEMARA') ON DUPLICATE KEY UPDATE isolate_name = 'CVA02-022', species = 'Pseudomonas aeruginosa', project_name = 'GEMARA'; 
INSERT INTO metadata_clinic(clinic_id, isolate_id, sample_type, collection_ward) VALUES ('886', '965', '16', 'Servicios médicos adultos') ON DUPLICATE KEY UPDATE sample_type = '16', collection_ward = 'Servicios médicos adultos'; 
INSERT INTO phenotypic_data(phenotypic_data_id, isolate_id, ecdc_resistance_profile, cloxa_test, mbl_test) VALUES ('886', '965', 'XDR', '-/s', '-') ON DUPLICATE KEY UPDATE ecdc_resistance_profile = 'XDR', cloxa_test = '-/s', mbl_test = '-'; 
INSERT INTO sequence_analysis(sequence_analysis_id, isolate_id, ame_loci, beta_lactamase_loci, carbapenemase_loci, other_acq_ab_loci) VALUES ('965', '965', '-', '-', '-', '-') ON DUPLICATE KEY UPDATE ame_loci = '-', beta_lactamase_loci = '-', carbapenemase_loci = '-', other_acq_ab_loci = '-'; 
INSERT INTO metadata_general(isolate_id, isolate_name, species, project_name) VALUES ('106', 'CVA02-018', 'Pseudomonas aeruginosa', 'GEMARA') ON DUPLICATE KEY UPDATE isolate_name = 'CVA02-018', species = 'Pseudomonas aeruginosa', project_name = 'GEMARA'; 
INSERT INTO metadata_clinic(clinic_id, isolate_id, sample_type, collection_ward) VALUES ('887', '106', '20', 'Centro sociosanitario') ON DUPLICATE KEY UPDATE sample_type = '20', collection_ward = 'Centro sociosanitario'; 
INSERT INTO phenotypic_data(phenotypic_data_id, isolate_id, ecdc_resistance_profile, cloxa_test, mbl_test) VALUES ('887', '106', 'XDR', '+/+', '-') ON DUPLICATE KEY UPDATE ecdc_resistance_profile = 'XDR', cloxa_test = '+/+', mbl_test = '-'; 
INSERT INTO sequence_analysis(sequence_analysis_id, isolate_id, ame_loci, beta_lactamase_loci, carbapenemase_loci, other_acq_ab_loci) VALUES ('106', '106', '-', '-', '-', '-') ON DUPLICATE KEY UPDATE ame_loci = '-', beta_lactamase_loci = '-', carbapenemase_loci = '-', other_acq_ab_loci = '-'; 
INSERT INTO metadata_general(isolate_id, isolate_name, species, project_name) VALUES ('104', 'CVA02-005', 'Pseudomonas aeruginosa', 'GEMARA') ON DUPLICATE KEY UPDATE isolate_name = 'CVA02-005', species = 'Pseudomonas aeruginosa', project_name = 'GEMARA'; 
INSERT INTO metadata_clinic(clinic_id, isolate_id, sample_type, collection_ward) VALUES ('888', '104', '16', 'Servicios médicos adultos') ON DUPLICATE KEY UPDATE sample_type = '16', collection_ward = 'Servicios médicos adultos'; 
INSERT INTO phenotypic_data(phenotypic_data_id, isolate_id, ecdc_resistance_profile, cloxa_test, mbl_test) VALUES ('888', '104', 'XDR', '-/-', '+') ON DUPLICATE KEY UPDATE ecdc_resistance_profile = 'XDR', cloxa_test = '-/-', mbl_test = '+'; 
INSERT INTO sequence_analysis(sequence_analysis_id, isolate_id, ame_loci, beta_lactamase_loci, carbapenemase_loci, other_acq_ab_loci) VALUES ('104', '104', 'aadB, aph(3\')-Via, aadA13, aacA4, aac(6\')Ib-cr', 'blaOXA-210', 'blaVIM-20', '-') ON DUPLICATE KEY UPDATE ame_loci = 'aadB, aph(3\')-Via, aadA13, aacA4, aac(6\')Ib-cr', beta_lactamase_loci = 'blaOXA-210', carbapenemase_loci = 'blaVIM-20', other_acq_ab_loci = '-'; 
INSERT INTO metadata_general(isolate_id, isolate_name, species, project_name) VALUES ('966', 'CVA02-038', 'Pseudomonas aeruginosa', 'GEMARA') ON DUPLICATE KEY UPDATE isolate_name = 'CVA02-038', species = 'Pseudomonas aeruginosa', project_name = 'GEMARA'; 
INSERT INTO metadata_clinic(clinic_id, isolate_id, sample_type, collection_ward) VALUES ('889', '966', '5', 'Centro sociosanitario') ON DUPLICATE KEY UPDATE sample_type = '5', collection_ward = 'Centro sociosanitario'; 
INSERT INTO phenotypic_data(phenotypic_data_id, isolate_id, ecdc_resistance_profile, cloxa_test, mbl_test) VALUES ('889', '966', 'XDR', '-/-', '+') ON DUPLICATE KEY UPDATE ecdc_resistance_profile = 'XDR', cloxa_test = '-/-', mbl_test = '+'; 
INSERT INTO sequence_analysis(sequence_analysis_id, isolate_id, ame_loci, beta_lactamase_loci, carbapenemase_loci, other_acq_ab_loci) VALUES ('966', '966', '-', '-', 'blaVIM-20', '-') ON DUPLICATE KEY UPDATE ame_loci = '-', beta_lactamase_loci = '-', carbapenemase_loci = 'blaVIM-20', other_acq_ab_loci = '-'; 
INSERT INTO metadata_general(isolate_id, isolate_name, species, project_name) VALUES ('967', 'CVA03-039', 'Pseudomonas aeruginosa', 'GEMARA') ON DUPLICATE KEY UPDATE isolate_name = 'CVA03-039', species = 'Pseudomonas aeruginosa', project_name = 'GEMARA'; 
INSERT INTO metadata_clinic(clinic_id, isolate_id, sample_type, collection_ward) VALUES ('890', '967', '1', 'Otros') ON DUPLICATE KEY UPDATE sample_type = '1', collection_ward = 'Otros'; 
INSERT INTO phenotypic_data(phenotypic_data_id, isolate_id, ecdc_resistance_profile, cloxa_test, mbl_test) VALUES ('890', '967', 'MDR', '-', '-') ON DUPLICATE KEY UPDATE ecdc_resistance_profile = 'MDR', cloxa_test = '-', mbl_test = '-'; 
INSERT INTO sequence_analysis(sequence_analysis_id, isolate_id, ame_loci, beta_lactamase_loci, carbapenemase_loci, other_acq_ab_loci) VALUES ('967', '967', '-', '-', '-', '-') ON DUPLICATE KEY UPDATE ame_loci = '-', beta_lactamase_loci = '-', carbapenemase_loci = '-', other_acq_ab_loci = '-'; 
INSERT INTO metadata_general(isolate_id, isolate_name, species, project_name) VALUES ('968', 'CVA03-001', 'Pseudomonas aeruginosa', 'GEMARA') ON DUPLICATE KEY UPDATE isolate_name = 'CVA03-001', species = 'Pseudomonas aeruginosa', project_name = 'GEMARA'; 
INSERT INTO metadata_clinic(clinic_id, isolate_id, sample_type, collection_ward) VALUES ('891', '968', '5', 'Servicios médicos adultos') ON DUPLICATE KEY UPDATE sample_type = '5', collection_ward = 'Servicios médicos adultos'; 
INSERT INTO phenotypic_data(phenotypic_data_id, isolate_id, ecdc_resistance_profile, cloxa_test, mbl_test) VALUES ('891', '968', 'S', '-', '-') ON DUPLICATE KEY UPDATE ecdc_resistance_profile = 'S', cloxa_test = '-', mbl_test = '-'; 
INSERT INTO sequence_analysis(sequence_analysis_id, isolate_id, ame_loci, beta_lactamase_loci, carbapenemase_loci, other_acq_ab_loci) VALUES ('968', '968', '-', '-', '-', '-') ON DUPLICATE KEY UPDATE ame_loci = '-', beta_lactamase_loci = '-', carbapenemase_loci = '-', other_acq_ab_loci = '-'; 
INSERT INTO metadata_general(isolate_id, isolate_name, species, project_name) VALUES ('969', 'CVA03-011', 'Pseudomonas aeruginosa', 'GEMARA') ON DUPLICATE KEY UPDATE isolate_name = 'CVA03-011', species = 'Pseudomonas aeruginosa', project_name = 'GEMARA'; 
INSERT INTO metadata_clinic(clinic_id, isolate_id, sample_type, collection_ward) VALUES ('892', '969', '1', 'Servicios médicos adultos') ON DUPLICATE KEY UPDATE sample_type = '1', collection_ward = 'Servicios médicos adultos'; 
INSERT INTO phenotypic_data(phenotypic_data_id, isolate_id, ecdc_resistance_profile, cloxa_test, mbl_test) VALUES ('892', '969', 'S', '-', '-') ON DUPLICATE KEY UPDATE ecdc_resistance_profile = 'S', cloxa_test = '-', mbl_test = '-'; 
INSERT INTO sequence_analysis(sequence_analysis_id, isolate_id, ame_loci, beta_lactamase_loci, carbapenemase_loci, other_acq_ab_loci) VALUES ('969', '969', '-', '-', '-', '-') ON DUPLICATE KEY UPDATE ame_loci = '-', beta_lactamase_loci = '-', carbapenemase_loci = '-', other_acq_ab_loci = '-'; 
INSERT INTO metadata_general(isolate_id, isolate_name, species, project_name) VALUES ('970', 'CVA03-035', 'Pseudomonas aeruginosa', 'GEMARA') ON DUPLICATE KEY UPDATE isolate_name = 'CVA03-035', species = 'Pseudomonas aeruginosa', project_name = 'GEMARA'; 
INSERT INTO metadata_clinic(clinic_id, isolate_id, sample_type, collection_ward) VALUES ('893', '970', '6', 'Servicios médicos adultos') ON DUPLICATE KEY UPDATE sample_type = '6', collection_ward = 'Servicios médicos adultos'; 
INSERT INTO phenotypic_data(phenotypic_data_id, isolate_id, ecdc_resistance_profile, cloxa_test, mbl_test) VALUES ('893', '970', 'S', '-', '-') ON DUPLICATE KEY UPDATE ecdc_resistance_profile = 'S', cloxa_test = '-', mbl_test = '-'; 
INSERT INTO sequence_analysis(sequence_analysis_id, isolate_id, ame_loci, beta_lactamase_loci, carbapenemase_loci, other_acq_ab_loci) VALUES ('970', '970', '-', '-', '-', '-') ON DUPLICATE KEY UPDATE ame_loci = '-', beta_lactamase_loci = '-', carbapenemase_loci = '-', other_acq_ab_loci = '-'; 
INSERT INTO metadata_general(isolate_id, isolate_name, species, project_name) VALUES ('971', 'CVA03-020', 'Pseudomonas aeruginosa', 'GEMARA') ON DUPLICATE KEY UPDATE isolate_name = 'CVA03-020', species = 'Pseudomonas aeruginosa', project_name = 'GEMARA'; 
INSERT INTO metadata_clinic(clinic_id, isolate_id, sample_type, collection_ward) VALUES ('894', '971', '1', 'Consultas externas') ON DUPLICATE KEY UPDATE sample_type = '1', collection_ward = 'Consultas externas'; 
INSERT INTO phenotypic_data(phenotypic_data_id, isolate_id, ecdc_resistance_profile, cloxa_test, mbl_test) VALUES ('894', '971', 'S', '-', '-') ON DUPLICATE KEY UPDATE ecdc_resistance_profile = 'S', cloxa_test = '-', mbl_test = '-'; 
INSERT INTO sequence_analysis(sequence_analysis_id, isolate_id, ame_loci, beta_lactamase_loci, carbapenemase_loci, other_acq_ab_loci) VALUES ('971', '971', '-', '-', '-', '-') ON DUPLICATE KEY UPDATE ame_loci = '-', beta_lactamase_loci = '-', carbapenemase_loci = '-', other_acq_ab_loci = '-'; 
INSERT INTO metadata_general(isolate_id, isolate_name, species, project_name) VALUES ('972', 'CVA03-034', 'Pseudomonas aeruginosa', 'GEMARA') ON DUPLICATE KEY UPDATE isolate_name = 'CVA03-034', species = 'Pseudomonas aeruginosa', project_name = 'GEMARA'; 
INSERT INTO metadata_clinic(clinic_id, isolate_id, sample_type, collection_ward) VALUES ('895', '972', '22', 'Servicios médicos adultos') ON DUPLICATE KEY UPDATE sample_type = '22', collection_ward = 'Servicios médicos adultos'; 
INSERT INTO phenotypic_data(phenotypic_data_id, isolate_id, ecdc_resistance_profile, cloxa_test, mbl_test) VALUES ('895', '972', 'S', '-', '-') ON DUPLICATE KEY UPDATE ecdc_resistance_profile = 'S', cloxa_test = '-', mbl_test = '-'; 
INSERT INTO sequence_analysis(sequence_analysis_id, isolate_id, ame_loci, beta_lactamase_loci, carbapenemase_loci, other_acq_ab_loci) VALUES ('972', '972', '-', '-', '-', '-') ON DUPLICATE KEY UPDATE ame_loci = '-', beta_lactamase_loci = '-', carbapenemase_loci = '-', other_acq_ab_loci = '-'; 
INSERT INTO metadata_general(isolate_id, isolate_name, species, project_name) VALUES ('973', 'CVA03-007', 'Pseudomonas aeruginosa', 'GEMARA') ON DUPLICATE KEY UPDATE isolate_name = 'CVA03-007', species = 'Pseudomonas aeruginosa', project_name = 'GEMARA'; 
INSERT INTO metadata_clinic(clinic_id, isolate_id, sample_type, collection_ward) VALUES ('896', '973', '22', 'Consultas externas') ON DUPLICATE KEY UPDATE sample_type = '22', collection_ward = 'Consultas externas'; 
INSERT INTO phenotypic_data(phenotypic_data_id, isolate_id, ecdc_resistance_profile, cloxa_test, mbl_test) VALUES ('896', '973', 'S', '-', '-') ON DUPLICATE KEY UPDATE ecdc_resistance_profile = 'S', cloxa_test = '-', mbl_test = '-'; 
INSERT INTO sequence_analysis(sequence_analysis_id, isolate_id, ame_loci, beta_lactamase_loci, carbapenemase_loci, other_acq_ab_loci) VALUES ('973', '973', '-', '-', '-', '-') ON DUPLICATE KEY UPDATE ame_loci = '-', beta_lactamase_loci = '-', carbapenemase_loci = '-', other_acq_ab_loci = '-'; 
INSERT INTO metadata_general(isolate_id, isolate_name, species, project_name) VALUES ('974', 'CVA03-009', 'Pseudomonas aeruginosa', 'GEMARA') ON DUPLICATE KEY UPDATE isolate_name = 'CVA03-009', species = 'Pseudomonas aeruginosa', project_name = 'GEMARA'; 
INSERT INTO metadata_clinic(clinic_id, isolate_id, sample_type, collection_ward) VALUES ('897', '974', '22', 'Consultas externas') ON DUPLICATE KEY UPDATE sample_type = '22', collection_ward = 'Consultas externas'; 
INSERT INTO phenotypic_data(phenotypic_data_id, isolate_id, ecdc_resistance_profile, cloxa_test, mbl_test) VALUES ('897', '974', 'S', '-', '-') ON DUPLICATE KEY UPDATE ecdc_resistance_profile = 'S', cloxa_test = '-', mbl_test = '-'; 
INSERT INTO sequence_analysis(sequence_analysis_id, isolate_id, ame_loci, beta_lactamase_loci, carbapenemase_loci, other_acq_ab_loci) VALUES ('974', '974', '-', '-', '-', '-') ON DUPLICATE KEY UPDATE ame_loci = '-', beta_lactamase_loci = '-', carbapenemase_loci = '-', other_acq_ab_loci = '-'; 
INSERT INTO metadata_general(isolate_id, isolate_name, species, project_name) VALUES ('975', 'CVA03-012', 'Pseudomonas aeruginosa', 'GEMARA') ON DUPLICATE KEY UPDATE isolate_name = 'CVA03-012', species = 'Pseudomonas aeruginosa', project_name = 'GEMARA'; 
INSERT INTO metadata_clinic(clinic_id, isolate_id, sample_type, collection_ward) VALUES ('898', '975', '1', 'Consultas externas') ON DUPLICATE KEY UPDATE sample_type = '1', collection_ward = 'Consultas externas'; 
INSERT INTO phenotypic_data(phenotypic_data_id, isolate_id, ecdc_resistance_profile, cloxa_test, mbl_test) VALUES ('898', '975', 'S', '-', '-') ON DUPLICATE KEY UPDATE ecdc_resistance_profile = 'S', cloxa_test = '-', mbl_test = '-'; 
INSERT INTO sequence_analysis(sequence_analysis_id, isolate_id, ame_loci, beta_lactamase_loci, carbapenemase_loci, other_acq_ab_loci) VALUES ('975', '975', '-', '-', '-', '-') ON DUPLICATE KEY UPDATE ame_loci = '-', beta_lactamase_loci = '-', carbapenemase_loci = '-', other_acq_ab_loci = '-'; 
INSERT INTO metadata_general(isolate_id, isolate_name, species, project_name) VALUES ('976', 'CVA03-013', 'Pseudomonas aeruginosa', 'GEMARA') ON DUPLICATE KEY UPDATE isolate_name = 'CVA03-013', species = 'Pseudomonas aeruginosa', project_name = 'GEMARA'; 
INSERT INTO metadata_clinic(clinic_id, isolate_id, sample_type, collection_ward) VALUES ('899', '976', '15', 'Urgencias adultos') ON DUPLICATE KEY UPDATE sample_type = '15', collection_ward = 'Urgencias adultos'; 
INSERT INTO phenotypic_data(phenotypic_data_id, isolate_id, ecdc_resistance_profile, cloxa_test, mbl_test) VALUES ('899', '976', 'S', '-', '-') ON DUPLICATE KEY UPDATE ecdc_resistance_profile = 'S', cloxa_test = '-', mbl_test = '-'; 
INSERT INTO sequence_analysis(sequence_analysis_id, isolate_id, ame_loci, beta_lactamase_loci, carbapenemase_loci, other_acq_ab_loci) VALUES ('976', '976', '-', '-', '-', '-') ON DUPLICATE KEY UPDATE ame_loci = '-', beta_lactamase_loci = '-', carbapenemase_loci = '-', other_acq_ab_loci = '-'; 
INSERT INTO metadata_general(isolate_id, isolate_name, species, project_name) VALUES ('977', 'CVA03-018', 'Pseudomonas aeruginosa', 'GEMARA') ON DUPLICATE KEY UPDATE isolate_name = 'CVA03-018', species = 'Pseudomonas aeruginosa', project_name = 'GEMARA'; 
INSERT INTO metadata_clinic(clinic_id, isolate_id, sample_type, collection_ward) VALUES ('900', '977', '22', 'Otros') ON DUPLICATE KEY UPDATE sample_type = '22', collection_ward = 'Otros'; 
INSERT INTO phenotypic_data(phenotypic_data_id, isolate_id, ecdc_resistance_profile, cloxa_test, mbl_test) VALUES ('900', '977', 'S', '-', '-') ON DUPLICATE KEY UPDATE ecdc_resistance_profile = 'S', cloxa_test = '-', mbl_test = '-'; 
INSERT INTO sequence_analysis(sequence_analysis_id, isolate_id, ame_loci, beta_lactamase_loci, carbapenemase_loci, other_acq_ab_loci) VALUES ('977', '977', '-', '-', '-', '-') ON DUPLICATE KEY UPDATE ame_loci = '-', beta_lactamase_loci = '-', carbapenemase_loci = '-', other_acq_ab_loci = '-'; 
INSERT INTO metadata_general(isolate_id, isolate_name, species, project_name) VALUES ('978', 'CVA03-029', 'Pseudomonas aeruginosa', 'GEMARA') ON DUPLICATE KEY UPDATE isolate_name = 'CVA03-029', species = 'Pseudomonas aeruginosa', project_name = 'GEMARA'; 
INSERT INTO metadata_clinic(clinic_id, isolate_id, sample_type, collection_ward) VALUES ('901', '978', '16', 'Consultas externas') ON DUPLICATE KEY UPDATE sample_type = '16', collection_ward = 'Consultas externas'; 
INSERT INTO phenotypic_data(phenotypic_data_id, isolate_id, ecdc_resistance_profile, cloxa_test, mbl_test) VALUES ('901', '978', 'S', '-', '-') ON DUPLICATE KEY UPDATE ecdc_resistance_profile = 'S', cloxa_test = '-', mbl_test = '-'; 
INSERT INTO sequence_analysis(sequence_analysis_id, isolate_id, ame_loci, beta_lactamase_loci, carbapenemase_loci, other_acq_ab_loci) VALUES ('978', '978', '-', '-', '-', '-') ON DUPLICATE KEY UPDATE ame_loci = '-', beta_lactamase_loci = '-', carbapenemase_loci = '-', other_acq_ab_loci = '-'; 
INSERT INTO metadata_general(isolate_id, isolate_name, species, project_name) VALUES ('979', 'CVA03-044', 'Pseudomonas aeruginosa', 'GEMARA') ON DUPLICATE KEY UPDATE isolate_name = 'CVA03-044', species = 'Pseudomonas aeruginosa', project_name = 'GEMARA'; 
INSERT INTO metadata_clinic(clinic_id, isolate_id, sample_type, collection_ward) VALUES ('902', '979', '5', 'Servicios médicos adultos') ON DUPLICATE KEY UPDATE sample_type = '5', collection_ward = 'Servicios médicos adultos'; 
INSERT INTO phenotypic_data(phenotypic_data_id, isolate_id, ecdc_resistance_profile, cloxa_test, mbl_test) VALUES ('902', '979', 'S', '-', '-') ON DUPLICATE KEY UPDATE ecdc_resistance_profile = 'S', cloxa_test = '-', mbl_test = '-'; 
INSERT INTO sequence_analysis(sequence_analysis_id, isolate_id, ame_loci, beta_lactamase_loci, carbapenemase_loci, other_acq_ab_loci) VALUES ('979', '979', '-', '-', '-', '-') ON DUPLICATE KEY UPDATE ame_loci = '-', beta_lactamase_loci = '-', carbapenemase_loci = '-', other_acq_ab_loci = '-'; 
INSERT INTO metadata_general(isolate_id, isolate_name, species, project_name) VALUES ('980', 'CVA03-027', 'Pseudomonas aeruginosa', 'GEMARA') ON DUPLICATE KEY UPDATE isolate_name = 'CVA03-027', species = 'Pseudomonas aeruginosa', project_name = 'GEMARA'; 
INSERT INTO metadata_clinic(clinic_id, isolate_id, sample_type, collection_ward) VALUES ('903', '980', '1', 'Servicios médicos adultos') ON DUPLICATE KEY UPDATE sample_type = '1', collection_ward = 'Servicios médicos adultos'; 
INSERT INTO phenotypic_data(phenotypic_data_id, isolate_id, ecdc_resistance_profile, cloxa_test, mbl_test) VALUES ('903', '980', 'S', '-', '-') ON DUPLICATE KEY UPDATE ecdc_resistance_profile = 'S', cloxa_test = '-', mbl_test = '-'; 
INSERT INTO sequence_analysis(sequence_analysis_id, isolate_id, ame_loci, beta_lactamase_loci, carbapenemase_loci, other_acq_ab_loci) VALUES ('980', '980', '-', '-', '-', '-') ON DUPLICATE KEY UPDATE ame_loci = '-', beta_lactamase_loci = '-', carbapenemase_loci = '-', other_acq_ab_loci = '-'; 
INSERT INTO metadata_general(isolate_id, isolate_name, species, project_name) VALUES ('981', 'CVA03-006', 'Pseudomonas aeruginosa', 'GEMARA') ON DUPLICATE KEY UPDATE isolate_name = 'CVA03-006', species = 'Pseudomonas aeruginosa', project_name = 'GEMARA'; 
INSERT INTO metadata_clinic(clinic_id, isolate_id, sample_type, collection_ward) VALUES ('904', '981', '7', 'Servicios médicos adultos') ON DUPLICATE KEY UPDATE sample_type = '7', collection_ward = 'Servicios médicos adultos'; 
INSERT INTO phenotypic_data(phenotypic_data_id, isolate_id, ecdc_resistance_profile, cloxa_test, mbl_test) VALUES ('904', '981', 'S', '-', '-') ON DUPLICATE KEY UPDATE ecdc_resistance_profile = 'S', cloxa_test = '-', mbl_test = '-'; 
INSERT INTO sequence_analysis(sequence_analysis_id, isolate_id, ame_loci, beta_lactamase_loci, carbapenemase_loci, other_acq_ab_loci) VALUES ('981', '981', '-', '-', '-', '-') ON DUPLICATE KEY UPDATE ame_loci = '-', beta_lactamase_loci = '-', carbapenemase_loci = '-', other_acq_ab_loci = '-'; 
INSERT INTO metadata_general(isolate_id, isolate_name, species, project_name) VALUES ('982', 'CVA03-021', 'Pseudomonas aeruginosa', 'GEMARA') ON DUPLICATE KEY UPDATE isolate_name = 'CVA03-021', species = 'Pseudomonas aeruginosa', project_name = 'GEMARA'; 
INSERT INTO metadata_clinic(clinic_id, isolate_id, sample_type, collection_ward) VALUES ('905', '982', '5', 'Urgencias adultos') ON DUPLICATE KEY UPDATE sample_type = '5', collection_ward = 'Urgencias adultos'; 
INSERT INTO phenotypic_data(phenotypic_data_id, isolate_id, ecdc_resistance_profile, cloxa_test, mbl_test) VALUES ('905', '982', 'S', '-', '-') ON DUPLICATE KEY UPDATE ecdc_resistance_profile = 'S', cloxa_test = '-', mbl_test = '-'; 
INSERT INTO sequence_analysis(sequence_analysis_id, isolate_id, ame_loci, beta_lactamase_loci, carbapenemase_loci, other_acq_ab_loci) VALUES ('982', '982', '-', '-', '-', '-') ON DUPLICATE KEY UPDATE ame_loci = '-', beta_lactamase_loci = '-', carbapenemase_loci = '-', other_acq_ab_loci = '-'; 
INSERT INTO metadata_general(isolate_id, isolate_name, species, project_name) VALUES ('983', 'CVA03-038', 'Pseudomonas aeruginosa', 'GEMARA') ON DUPLICATE KEY UPDATE isolate_name = 'CVA03-038', species = 'Pseudomonas aeruginosa', project_name = 'GEMARA'; 
INSERT INTO metadata_clinic(clinic_id, isolate_id, sample_type, collection_ward) VALUES ('906', '983', '1', 'Servicios médicos adultos') ON DUPLICATE KEY UPDATE sample_type = '1', collection_ward = 'Servicios médicos adultos'; 
INSERT INTO phenotypic_data(phenotypic_data_id, isolate_id, ecdc_resistance_profile, cloxa_test, mbl_test) VALUES ('906', '983', 'S', '-', '-') ON DUPLICATE KEY UPDATE ecdc_resistance_profile = 'S', cloxa_test = '-', mbl_test = '-'; 
INSERT INTO sequence_analysis(sequence_analysis_id, isolate_id, ame_loci, beta_lactamase_loci, carbapenemase_loci, other_acq_ab_loci) VALUES ('983', '983', '-', '-', '-', '-') ON DUPLICATE KEY UPDATE ame_loci = '-', beta_lactamase_loci = '-', carbapenemase_loci = '-', other_acq_ab_loci = '-'; 
INSERT INTO metadata_general(isolate_id, isolate_name, species, project_name) VALUES ('984', 'CVA03-041', 'Pseudomonas aeruginosa', 'GEMARA') ON DUPLICATE KEY UPDATE isolate_name = 'CVA03-041', species = 'Pseudomonas aeruginosa', project_name = 'GEMARA'; 
INSERT INTO metadata_clinic(clinic_id, isolate_id, sample_type, collection_ward) VALUES ('907', '984', '4', 'Servicios quirúrgicos adultos') ON DUPLICATE KEY UPDATE sample_type = '4', collection_ward = 'Servicios quirúrgicos adultos'; 
INSERT INTO phenotypic_data(phenotypic_data_id, isolate_id, ecdc_resistance_profile, cloxa_test, mbl_test) VALUES ('907', '984', 'S', '-', '-') ON DUPLICATE KEY UPDATE ecdc_resistance_profile = 'S', cloxa_test = '-', mbl_test = '-'; 
INSERT INTO sequence_analysis(sequence_analysis_id, isolate_id, ame_loci, beta_lactamase_loci, carbapenemase_loci, other_acq_ab_loci) VALUES ('984', '984', '-', '-', '-', '-') ON DUPLICATE KEY UPDATE ame_loci = '-', beta_lactamase_loci = '-', carbapenemase_loci = '-', other_acq_ab_loci = '-'; 
INSERT INTO metadata_general(isolate_id, isolate_name, species, project_name) VALUES ('985', 'CVA03-022', 'Pseudomonas aeruginosa', 'GEMARA') ON DUPLICATE KEY UPDATE isolate_name = 'CVA03-022', species = 'Pseudomonas aeruginosa', project_name = 'GEMARA'; 
INSERT INTO metadata_clinic(clinic_id, isolate_id, sample_type, collection_ward) VALUES ('908', '985', '15', 'Consultas externas') ON DUPLICATE KEY UPDATE sample_type = '15', collection_ward = 'Consultas externas'; 
INSERT INTO phenotypic_data(phenotypic_data_id, isolate_id, ecdc_resistance_profile, cloxa_test, mbl_test) VALUES ('908', '985', 'S', '-', '-') ON DUPLICATE KEY UPDATE ecdc_resistance_profile = 'S', cloxa_test = '-', mbl_test = '-'; 
INSERT INTO sequence_analysis(sequence_analysis_id, isolate_id, ame_loci, beta_lactamase_loci, carbapenemase_loci, other_acq_ab_loci) VALUES ('985', '985', '-', '-', '-', '-') ON DUPLICATE KEY UPDATE ame_loci = '-', beta_lactamase_loci = '-', carbapenemase_loci = '-', other_acq_ab_loci = '-'; 
INSERT INTO metadata_general(isolate_id, isolate_name, species, project_name) VALUES ('986', 'CVA03-008', 'Pseudomonas aeruginosa', 'GEMARA') ON DUPLICATE KEY UPDATE isolate_name = 'CVA03-008', species = 'Pseudomonas aeruginosa', project_name = 'GEMARA'; 
INSERT INTO metadata_clinic(clinic_id, isolate_id, sample_type, collection_ward) VALUES ('909', '986', '9', 'Servicios médicos adultos') ON DUPLICATE KEY UPDATE sample_type = '9', collection_ward = 'Servicios médicos adultos'; 
INSERT INTO phenotypic_data(phenotypic_data_id, isolate_id, ecdc_resistance_profile, cloxa_test, mbl_test) VALUES ('909', '986', 'S', '-', '-') ON DUPLICATE KEY UPDATE ecdc_resistance_profile = 'S', cloxa_test = '-', mbl_test = '-'; 
INSERT INTO sequence_analysis(sequence_analysis_id, isolate_id, ame_loci, beta_lactamase_loci, carbapenemase_loci, other_acq_ab_loci) VALUES ('986', '986', '-', '-', '-', '-') ON DUPLICATE KEY UPDATE ame_loci = '-', beta_lactamase_loci = '-', carbapenemase_loci = '-', other_acq_ab_loci = '-'; 
INSERT INTO metadata_general(isolate_id, isolate_name, species, project_name) VALUES ('987', 'CVA03-023', 'Pseudomonas aeruginosa', 'GEMARA') ON DUPLICATE KEY UPDATE isolate_name = 'CVA03-023', species = 'Pseudomonas aeruginosa', project_name = 'GEMARA'; 
INSERT INTO metadata_clinic(clinic_id, isolate_id, sample_type, collection_ward) VALUES ('910', '987', '30', 'Servicios quirúrgicos adultos') ON DUPLICATE KEY UPDATE sample_type = '30', collection_ward = 'Servicios quirúrgicos adultos'; 
INSERT INTO phenotypic_data(phenotypic_data_id, isolate_id, ecdc_resistance_profile, cloxa_test, mbl_test) VALUES ('910', '987', 'S', '-', '-') ON DUPLICATE KEY UPDATE ecdc_resistance_profile = 'S', cloxa_test = '-', mbl_test = '-'; 
INSERT INTO sequence_analysis(sequence_analysis_id, isolate_id, ame_loci, beta_lactamase_loci, carbapenemase_loci, other_acq_ab_loci) VALUES ('987', '987', '-', '-', '-', '-') ON DUPLICATE KEY UPDATE ame_loci = '-', beta_lactamase_loci = '-', carbapenemase_loci = '-', other_acq_ab_loci = '-'; 
INSERT INTO metadata_general(isolate_id, isolate_name, species, project_name) VALUES ('988', 'CVA03-043', 'Pseudomonas aeruginosa', 'GEMARA') ON DUPLICATE KEY UPDATE isolate_name = 'CVA03-043', species = 'Pseudomonas aeruginosa', project_name = 'GEMARA'; 
INSERT INTO metadata_clinic(clinic_id, isolate_id, sample_type, collection_ward) VALUES ('911', '988', '1', 'Servicios médicos adultos') ON DUPLICATE KEY UPDATE sample_type = '1', collection_ward = 'Servicios médicos adultos'; 
INSERT INTO phenotypic_data(phenotypic_data_id, isolate_id, ecdc_resistance_profile, cloxa_test, mbl_test) VALUES ('911', '988', 'S', '-', '-') ON DUPLICATE KEY UPDATE ecdc_resistance_profile = 'S', cloxa_test = '-', mbl_test = '-'; 
INSERT INTO sequence_analysis(sequence_analysis_id, isolate_id, ame_loci, beta_lactamase_loci, carbapenemase_loci, other_acq_ab_loci) VALUES ('988', '988', '-', '-', '-', '-') ON DUPLICATE KEY UPDATE ame_loci = '-', beta_lactamase_loci = '-', carbapenemase_loci = '-', other_acq_ab_loci = '-'; 
INSERT INTO metadata_general(isolate_id, isolate_name, species, project_name) VALUES ('989', 'CVA03-002', 'Pseudomonas aeruginosa', 'GEMARA') ON DUPLICATE KEY UPDATE isolate_name = 'CVA03-002', species = 'Pseudomonas aeruginosa', project_name = 'GEMARA'; 
INSERT INTO metadata_clinic(clinic_id, isolate_id, sample_type, collection_ward) VALUES ('912', '989', '1', 'Consultas externas') ON DUPLICATE KEY UPDATE sample_type = '1', collection_ward = 'Consultas externas'; 
INSERT INTO phenotypic_data(phenotypic_data_id, isolate_id, ecdc_resistance_profile, cloxa_test, mbl_test) VALUES ('912', '989', 'S', '-', '-') ON DUPLICATE KEY UPDATE ecdc_resistance_profile = 'S', cloxa_test = '-', mbl_test = '-'; 
INSERT INTO sequence_analysis(sequence_analysis_id, isolate_id, ame_loci, beta_lactamase_loci, carbapenemase_loci, other_acq_ab_loci) VALUES ('989', '989', '-', '-', '-', '-') ON DUPLICATE KEY UPDATE ame_loci = '-', beta_lactamase_loci = '-', carbapenemase_loci = '-', other_acq_ab_loci = '-'; 
INSERT INTO metadata_general(isolate_id, isolate_name, species, project_name) VALUES ('990', 'CVA03-036', 'Pseudomonas aeruginosa', 'GEMARA') ON DUPLICATE KEY UPDATE isolate_name = 'CVA03-036', species = 'Pseudomonas aeruginosa', project_name = 'GEMARA'; 
INSERT INTO metadata_clinic(clinic_id, isolate_id, sample_type, collection_ward) VALUES ('913', '990', '1', 'Consultas externas') ON DUPLICATE KEY UPDATE sample_type = '1', collection_ward = 'Consultas externas'; 
INSERT INTO phenotypic_data(phenotypic_data_id, isolate_id, ecdc_resistance_profile, cloxa_test, mbl_test) VALUES ('913', '990', 'S', '-', '-') ON DUPLICATE KEY UPDATE ecdc_resistance_profile = 'S', cloxa_test = '-', mbl_test = '-'; 
INSERT INTO sequence_analysis(sequence_analysis_id, isolate_id, ame_loci, beta_lactamase_loci, carbapenemase_loci, other_acq_ab_loci) VALUES ('990', '990', '-', '-', '-', '-') ON DUPLICATE KEY UPDATE ame_loci = '-', beta_lactamase_loci = '-', carbapenemase_loci = '-', other_acq_ab_loci = '-'; 
INSERT INTO metadata_general(isolate_id, isolate_name, species, project_name) VALUES ('111', 'CVA03-019', 'Pseudomonas aeruginosa', 'GEMARA') ON DUPLICATE KEY UPDATE isolate_name = 'CVA03-019', species = 'Pseudomonas aeruginosa', project_name = 'GEMARA'; 
INSERT INTO metadata_clinic(clinic_id, isolate_id, sample_type, collection_ward) VALUES ('914', '111', '5', 'Servicios médicos adultos') ON DUPLICATE KEY UPDATE sample_type = '5', collection_ward = 'Servicios médicos adultos'; 
INSERT INTO phenotypic_data(phenotypic_data_id, isolate_id, ecdc_resistance_profile, cloxa_test, mbl_test) VALUES ('914', '111', 'XDR', '-/-', '+') ON DUPLICATE KEY UPDATE ecdc_resistance_profile = 'XDR', cloxa_test = '-/-', mbl_test = '+'; 
INSERT INTO sequence_analysis(sequence_analysis_id, isolate_id, ame_loci, beta_lactamase_loci, carbapenemase_loci, other_acq_ab_loci) VALUES ('111', '111', 'aadB, aacA4, aph(3\')-Via, aadA13, aac(6\')Ib-cr', 'blaOXA-2', 'blaVIM-20', '-') ON DUPLICATE KEY UPDATE ame_loci = 'aadB, aacA4, aph(3\')-Via, aadA13, aac(6\')Ib-cr', beta_lactamase_loci = 'blaOXA-2', carbapenemase_loci = 'blaVIM-20', other_acq_ab_loci = '-'; 
INSERT INTO metadata_general(isolate_id, isolate_name, species, project_name) VALUES ('114', 'CVA03-033', 'Pseudomonas aeruginosa', 'GEMARA') ON DUPLICATE KEY UPDATE isolate_name = 'CVA03-033', species = 'Pseudomonas aeruginosa', project_name = 'GEMARA'; 
INSERT INTO metadata_clinic(clinic_id, isolate_id, sample_type, collection_ward) VALUES ('915', '114', '5', 'Urgencias adultos') ON DUPLICATE KEY UPDATE sample_type = '5', collection_ward = 'Urgencias adultos'; 
INSERT INTO phenotypic_data(phenotypic_data_id, isolate_id, ecdc_resistance_profile, cloxa_test, mbl_test) VALUES ('915', '114', 'XDR', '-/-', '+') ON DUPLICATE KEY UPDATE ecdc_resistance_profile = 'XDR', cloxa_test = '-/-', mbl_test = '+'; 
INSERT INTO sequence_analysis(sequence_analysis_id, isolate_id, ame_loci, beta_lactamase_loci, carbapenemase_loci, other_acq_ab_loci) VALUES ('114', '114', 'aadB, aacA4, aph(3\')-Via, aac(6\')Ib-cr', 'blaOXA-2', 'blaVIM-20', '-') ON DUPLICATE KEY UPDATE ame_loci = 'aadB, aacA4, aph(3\')-Via, aac(6\')Ib-cr', beta_lactamase_loci = 'blaOXA-2', carbapenemase_loci = 'blaVIM-20', other_acq_ab_loci = '-'; 
INSERT INTO metadata_general(isolate_id, isolate_name, species, project_name) VALUES ('113', 'CVA03-025', 'Pseudomonas aeruginosa', 'GEMARA') ON DUPLICATE KEY UPDATE isolate_name = 'CVA03-025', species = 'Pseudomonas aeruginosa', project_name = 'GEMARA'; 
INSERT INTO metadata_clinic(clinic_id, isolate_id, sample_type, collection_ward) VALUES ('916', '113', '5', 'Servicios médicos adultos') ON DUPLICATE KEY UPDATE sample_type = '5', collection_ward = 'Servicios médicos adultos'; 
INSERT INTO phenotypic_data(phenotypic_data_id, isolate_id, ecdc_resistance_profile, cloxa_test, mbl_test) VALUES ('916', '113', 'XDR', '+/+', '-') ON DUPLICATE KEY UPDATE ecdc_resistance_profile = 'XDR', cloxa_test = '+/+', mbl_test = '-'; 
INSERT INTO sequence_analysis(sequence_analysis_id, isolate_id, ame_loci, beta_lactamase_loci, carbapenemase_loci, other_acq_ab_loci) VALUES ('113', '113', 'aadB', '-', '-', '-') ON DUPLICATE KEY UPDATE ame_loci = 'aadB', beta_lactamase_loci = '-', carbapenemase_loci = '-', other_acq_ab_loci = '-'; 
INSERT INTO metadata_general(isolate_id, isolate_name, species, project_name) VALUES ('110', 'CVA03-004', 'Pseudomonas aeruginosa', 'GEMARA') ON DUPLICATE KEY UPDATE isolate_name = 'CVA03-004', species = 'Pseudomonas aeruginosa', project_name = 'GEMARA'; 
INSERT INTO metadata_clinic(clinic_id, isolate_id, sample_type, collection_ward) VALUES ('917', '110', '5', 'Servicios médicos adultos') ON DUPLICATE KEY UPDATE sample_type = '5', collection_ward = 'Servicios médicos adultos'; 
INSERT INTO phenotypic_data(phenotypic_data_id, isolate_id, ecdc_resistance_profile, cloxa_test, mbl_test) VALUES ('917', '110', 'XDR', '+/+', '-') ON DUPLICATE KEY UPDATE ecdc_resistance_profile = 'XDR', cloxa_test = '+/+', mbl_test = '-'; 
INSERT INTO sequence_analysis(sequence_analysis_id, isolate_id, ame_loci, beta_lactamase_loci, carbapenemase_loci, other_acq_ab_loci) VALUES ('110', '110', '-', '-', '-', '-') ON DUPLICATE KEY UPDATE ame_loci = '-', beta_lactamase_loci = '-', carbapenemase_loci = '-', other_acq_ab_loci = '-'; 
INSERT INTO metadata_general(isolate_id, isolate_name, species, project_name) VALUES ('112', 'CVA03-024', 'Pseudomonas aeruginosa', 'GEMARA') ON DUPLICATE KEY UPDATE isolate_name = 'CVA03-024', species = 'Pseudomonas aeruginosa', project_name = 'GEMARA'; 
INSERT INTO metadata_clinic(clinic_id, isolate_id, sample_type, collection_ward) VALUES ('918', '112', '7', 'UCI Adultos') ON DUPLICATE KEY UPDATE sample_type = '7', collection_ward = 'UCI Adultos'; 
INSERT INTO phenotypic_data(phenotypic_data_id, isolate_id, ecdc_resistance_profile, cloxa_test, mbl_test) VALUES ('918', '112', 'XDR', '-/-', '+') ON DUPLICATE KEY UPDATE ecdc_resistance_profile = 'XDR', cloxa_test = '-/-', mbl_test = '+'; 
INSERT INTO sequence_analysis(sequence_analysis_id, isolate_id, ame_loci, beta_lactamase_loci, carbapenemase_loci, other_acq_ab_loci) VALUES ('112', '112', 'aadB, aacA4, aph(3\')-Via, aadA13, aac(6\')Ib-cr ', 'blaOXA-2', 'blaVIM-20', '-') ON DUPLICATE KEY UPDATE ame_loci = 'aadB, aacA4, aph(3\')-Via, aadA13, aac(6\')Ib-cr ', beta_lactamase_loci = 'blaOXA-2', carbapenemase_loci = 'blaVIM-20', other_acq_ab_loci = '-'; 
INSERT INTO metadata_general(isolate_id, isolate_name, species, project_name) VALUES ('991', 'CVA03-031', 'Pseudomonas aeruginosa', 'GEMARA') ON DUPLICATE KEY UPDATE isolate_name = 'CVA03-031', species = 'Pseudomonas aeruginosa', project_name = 'GEMARA'; 
INSERT INTO metadata_clinic(clinic_id, isolate_id, sample_type, collection_ward) VALUES ('919', '991', '7', 'UCI Adultos') ON DUPLICATE KEY UPDATE sample_type = '7', collection_ward = 'UCI Adultos'; 
INSERT INTO phenotypic_data(phenotypic_data_id, isolate_id, ecdc_resistance_profile, cloxa_test, mbl_test) VALUES ('919', '991', 'XDR', '-/-', '+') ON DUPLICATE KEY UPDATE ecdc_resistance_profile = 'XDR', cloxa_test = '-/-', mbl_test = '+'; 
INSERT INTO sequence_analysis(sequence_analysis_id, isolate_id, ame_loci, beta_lactamase_loci, carbapenemase_loci, other_acq_ab_loci) VALUES ('991', '991', '-', '-', 'blaVIM-20', '-') ON DUPLICATE KEY UPDATE ame_loci = '-', beta_lactamase_loci = '-', carbapenemase_loci = 'blaVIM-20', other_acq_ab_loci = '-'; 
INSERT INTO metadata_general(isolate_id, isolate_name, species, project_name) VALUES ('992', 'EXT01-042', 'Pseudomonas aeruginosa', 'GEMARA') ON DUPLICATE KEY UPDATE isolate_name = 'EXT01-042', species = 'Pseudomonas aeruginosa', project_name = 'GEMARA'; 
INSERT INTO metadata_clinic(clinic_id, isolate_id, sample_type, collection_ward) VALUES ('920', '992', '22', 'Servicios quirúrgicos adultos') ON DUPLICATE KEY UPDATE sample_type = '22', collection_ward = 'Servicios quirúrgicos adultos'; 
INSERT INTO phenotypic_data(phenotypic_data_id, isolate_id, ecdc_resistance_profile, cloxa_test, mbl_test) VALUES ('920', '992', 'MDR', '-', '-') ON DUPLICATE KEY UPDATE ecdc_resistance_profile = 'MDR', cloxa_test = '-', mbl_test = '-'; 
INSERT INTO sequence_analysis(sequence_analysis_id, isolate_id, ame_loci, beta_lactamase_loci, carbapenemase_loci, other_acq_ab_loci) VALUES ('992', '992', '-', '-', '-', '-') ON DUPLICATE KEY UPDATE ame_loci = '-', beta_lactamase_loci = '-', carbapenemase_loci = '-', other_acq_ab_loci = '-'; 
INSERT INTO metadata_general(isolate_id, isolate_name, species, project_name) VALUES ('993', 'EXT01-003', 'Pseudomonas aeruginosa', 'GEMARA') ON DUPLICATE KEY UPDATE isolate_name = 'EXT01-003', species = 'Pseudomonas aeruginosa', project_name = 'GEMARA'; 
INSERT INTO metadata_clinic(clinic_id, isolate_id, sample_type, collection_ward) VALUES ('921', '993', '10', 'Servicios médicos adultos') ON DUPLICATE KEY UPDATE sample_type = '10', collection_ward = 'Servicios médicos adultos'; 
INSERT INTO phenotypic_data(phenotypic_data_id, isolate_id, ecdc_resistance_profile, cloxa_test, mbl_test) VALUES ('921', '993', 'S', '-', '-') ON DUPLICATE KEY UPDATE ecdc_resistance_profile = 'S', cloxa_test = '-', mbl_test = '-'; 
INSERT INTO sequence_analysis(sequence_analysis_id, isolate_id, ame_loci, beta_lactamase_loci, carbapenemase_loci, other_acq_ab_loci) VALUES ('993', '993', '-', '-', '-', '-') ON DUPLICATE KEY UPDATE ame_loci = '-', beta_lactamase_loci = '-', carbapenemase_loci = '-', other_acq_ab_loci = '-'; 
INSERT INTO metadata_general(isolate_id, isolate_name, species, project_name) VALUES ('994', 'EXT01-031', 'Pseudomonas aeruginosa', 'GEMARA') ON DUPLICATE KEY UPDATE isolate_name = 'EXT01-031', species = 'Pseudomonas aeruginosa', project_name = 'GEMARA'; 
INSERT INTO metadata_clinic(clinic_id, isolate_id, sample_type, collection_ward) VALUES ('922', '994', '22', 'Consultas externas') ON DUPLICATE KEY UPDATE sample_type = '22', collection_ward = 'Consultas externas'; 
INSERT INTO phenotypic_data(phenotypic_data_id, isolate_id, ecdc_resistance_profile, cloxa_test, mbl_test) VALUES ('922', '994', 'S', '-', '-') ON DUPLICATE KEY UPDATE ecdc_resistance_profile = 'S', cloxa_test = '-', mbl_test = '-'; 
INSERT INTO sequence_analysis(sequence_analysis_id, isolate_id, ame_loci, beta_lactamase_loci, carbapenemase_loci, other_acq_ab_loci) VALUES ('994', '994', '-', '-', '-', '-') ON DUPLICATE KEY UPDATE ame_loci = '-', beta_lactamase_loci = '-', carbapenemase_loci = '-', other_acq_ab_loci = '-'; 
INSERT INTO metadata_general(isolate_id, isolate_name, species, project_name) VALUES ('995', 'EXT01-035', 'Pseudomonas aeruginosa', 'GEMARA') ON DUPLICATE KEY UPDATE isolate_name = 'EXT01-035', species = 'Pseudomonas aeruginosa', project_name = 'GEMARA'; 
INSERT INTO metadata_clinic(clinic_id, isolate_id, sample_type, collection_ward) VALUES ('923', '995', '6', 'Servicios quirúrgicos adultos') ON DUPLICATE KEY UPDATE sample_type = '6', collection_ward = 'Servicios quirúrgicos adultos'; 
INSERT INTO phenotypic_data(phenotypic_data_id, isolate_id, ecdc_resistance_profile, cloxa_test, mbl_test) VALUES ('923', '995', 'S', '-', '-') ON DUPLICATE KEY UPDATE ecdc_resistance_profile = 'S', cloxa_test = '-', mbl_test = '-'; 
INSERT INTO sequence_analysis(sequence_analysis_id, isolate_id, ame_loci, beta_lactamase_loci, carbapenemase_loci, other_acq_ab_loci) VALUES ('995', '995', '-', '-', '-', '-') ON DUPLICATE KEY UPDATE ame_loci = '-', beta_lactamase_loci = '-', carbapenemase_loci = '-', other_acq_ab_loci = '-'; 
INSERT INTO metadata_general(isolate_id, isolate_name, species, project_name) VALUES ('996', 'EXT01-009', 'Pseudomonas aeruginosa', 'GEMARA') ON DUPLICATE KEY UPDATE isolate_name = 'EXT01-009', species = 'Pseudomonas aeruginosa', project_name = 'GEMARA'; 
INSERT INTO metadata_clinic(clinic_id, isolate_id, sample_type, collection_ward) VALUES ('924', '996', '22', 'Centro sociosanitario') ON DUPLICATE KEY UPDATE sample_type = '22', collection_ward = 'Centro sociosanitario'; 
INSERT INTO phenotypic_data(phenotypic_data_id, isolate_id, ecdc_resistance_profile, cloxa_test, mbl_test) VALUES ('924', '996', 'S', '-', '-') ON DUPLICATE KEY UPDATE ecdc_resistance_profile = 'S', cloxa_test = '-', mbl_test = '-'; 
INSERT INTO sequence_analysis(sequence_analysis_id, isolate_id, ame_loci, beta_lactamase_loci, carbapenemase_loci, other_acq_ab_loci) VALUES ('996', '996', '-', '-', '-', '-') ON DUPLICATE KEY UPDATE ame_loci = '-', beta_lactamase_loci = '-', carbapenemase_loci = '-', other_acq_ab_loci = '-'; 
INSERT INTO metadata_general(isolate_id, isolate_name, species, project_name) VALUES ('997', 'EXT01-038', 'Pseudomonas aeruginosa', 'GEMARA') ON DUPLICATE KEY UPDATE isolate_name = 'EXT01-038', species = 'Pseudomonas aeruginosa', project_name = 'GEMARA'; 
INSERT INTO metadata_clinic(clinic_id, isolate_id, sample_type, collection_ward) VALUES ('925', '997', '1', 'Servicios médicos adultos') ON DUPLICATE KEY UPDATE sample_type = '1', collection_ward = 'Servicios médicos adultos'; 
INSERT INTO phenotypic_data(phenotypic_data_id, isolate_id, ecdc_resistance_profile, cloxa_test, mbl_test) VALUES ('925', '997', 'S', '-', '-') ON DUPLICATE KEY UPDATE ecdc_resistance_profile = 'S', cloxa_test = '-', mbl_test = '-'; 
INSERT INTO sequence_analysis(sequence_analysis_id, isolate_id, ame_loci, beta_lactamase_loci, carbapenemase_loci, other_acq_ab_loci) VALUES ('997', '997', '-', '-', '-', '-') ON DUPLICATE KEY UPDATE ame_loci = '-', beta_lactamase_loci = '-', carbapenemase_loci = '-', other_acq_ab_loci = '-'; 
INSERT INTO metadata_general(isolate_id, isolate_name, species, project_name) VALUES ('998', 'EXT01-039', 'Pseudomonas aeruginosa', 'GEMARA') ON DUPLICATE KEY UPDATE isolate_name = 'EXT01-039', species = 'Pseudomonas aeruginosa', project_name = 'GEMARA'; 
INSERT INTO metadata_clinic(clinic_id, isolate_id, sample_type, collection_ward) VALUES ('926', '998', '10', 'Consultas externas') ON DUPLICATE KEY UPDATE sample_type = '10', collection_ward = 'Consultas externas'; 
INSERT INTO phenotypic_data(phenotypic_data_id, isolate_id, ecdc_resistance_profile, cloxa_test, mbl_test) VALUES ('926', '998', 'S', '-', '-') ON DUPLICATE KEY UPDATE ecdc_resistance_profile = 'S', cloxa_test = '-', mbl_test = '-'; 
INSERT INTO sequence_analysis(sequence_analysis_id, isolate_id, ame_loci, beta_lactamase_loci, carbapenemase_loci, other_acq_ab_loci) VALUES ('998', '998', '-', '-', '-', '-') ON DUPLICATE KEY UPDATE ame_loci = '-', beta_lactamase_loci = '-', carbapenemase_loci = '-', other_acq_ab_loci = '-'; 
INSERT INTO metadata_general(isolate_id, isolate_name, species, project_name) VALUES ('999', 'EXT01-040', 'Pseudomonas aeruginosa', 'GEMARA') ON DUPLICATE KEY UPDATE isolate_name = 'EXT01-040', species = 'Pseudomonas aeruginosa', project_name = 'GEMARA'; 
INSERT INTO metadata_clinic(clinic_id, isolate_id, sample_type, collection_ward) VALUES ('927', '999', '30', 'Servicios quirúrgicos adultos') ON DUPLICATE KEY UPDATE sample_type = '30', collection_ward = 'Servicios quirúrgicos adultos'; 
INSERT INTO phenotypic_data(phenotypic_data_id, isolate_id, ecdc_resistance_profile, cloxa_test, mbl_test) VALUES ('927', '999', 'S', '-', '-') ON DUPLICATE KEY UPDATE ecdc_resistance_profile = 'S', cloxa_test = '-', mbl_test = '-'; 
INSERT INTO sequence_analysis(sequence_analysis_id, isolate_id, ame_loci, beta_lactamase_loci, carbapenemase_loci, other_acq_ab_loci) VALUES ('999', '999', '-', '-', '-', '-') ON DUPLICATE KEY UPDATE ame_loci = '-', beta_lactamase_loci = '-', carbapenemase_loci = '-', other_acq_ab_loci = '-'; 
INSERT INTO metadata_general(isolate_id, isolate_name, species, project_name) VALUES ('1000', 'EXT01-041', 'Pseudomonas aeruginosa', 'GEMARA') ON DUPLICATE KEY UPDATE isolate_name = 'EXT01-041', species = 'Pseudomonas aeruginosa', project_name = 'GEMARA'; 
INSERT INTO metadata_clinic(clinic_id, isolate_id, sample_type, collection_ward) VALUES ('928', '1000', '22', 'Consultas externas') ON DUPLICATE KEY UPDATE sample_type = '22', collection_ward = 'Consultas externas'; 
INSERT INTO phenotypic_data(phenotypic_data_id, isolate_id, ecdc_resistance_profile, cloxa_test, mbl_test) VALUES ('928', '1000', 'S', '-', '-') ON DUPLICATE KEY UPDATE ecdc_resistance_profile = 'S', cloxa_test = '-', mbl_test = '-'; 
INSERT INTO sequence_analysis(sequence_analysis_id, isolate_id, ame_loci, beta_lactamase_loci, carbapenemase_loci, other_acq_ab_loci) VALUES ('1000', '1000', '-', '-', '-', '-') ON DUPLICATE KEY UPDATE ame_loci = '-', beta_lactamase_loci = '-', carbapenemase_loci = '-', other_acq_ab_loci = '-'; 
INSERT INTO metadata_general(isolate_id, isolate_name, species, project_name) VALUES ('1001', 'EXT01-044', 'Pseudomonas aeruginosa', 'GEMARA') ON DUPLICATE KEY UPDATE isolate_name = 'EXT01-044', species = 'Pseudomonas aeruginosa', project_name = 'GEMARA'; 
INSERT INTO metadata_clinic(clinic_id, isolate_id, sample_type, collection_ward) VALUES ('929', '1001', '1', 'Servicios médicos adultos') ON DUPLICATE KEY UPDATE sample_type = '1', collection_ward = 'Servicios médicos adultos'; 
INSERT INTO phenotypic_data(phenotypic_data_id, isolate_id, ecdc_resistance_profile, cloxa_test, mbl_test) VALUES ('929', '1001', 'S', '-', '-') ON DUPLICATE KEY UPDATE ecdc_resistance_profile = 'S', cloxa_test = '-', mbl_test = '-'; 
INSERT INTO sequence_analysis(sequence_analysis_id, isolate_id, ame_loci, beta_lactamase_loci, carbapenemase_loci, other_acq_ab_loci) VALUES ('1001', '1001', '-', '-', '-', '-') ON DUPLICATE KEY UPDATE ame_loci = '-', beta_lactamase_loci = '-', carbapenemase_loci = '-', other_acq_ab_loci = '-'; 
INSERT INTO metadata_general(isolate_id, isolate_name, species, project_name) VALUES ('1002', 'EXT01-001', 'Pseudomonas aeruginosa', 'GEMARA') ON DUPLICATE KEY UPDATE isolate_name = 'EXT01-001', species = 'Pseudomonas aeruginosa', project_name = 'GEMARA'; 
INSERT INTO metadata_clinic(clinic_id, isolate_id, sample_type, collection_ward) VALUES ('930', '1002', '5', 'Urgencias adultos') ON DUPLICATE KEY UPDATE sample_type = '5', collection_ward = 'Urgencias adultos'; 
INSERT INTO phenotypic_data(phenotypic_data_id, isolate_id, ecdc_resistance_profile, cloxa_test, mbl_test) VALUES ('930', '1002', 'S', '-', '-') ON DUPLICATE KEY UPDATE ecdc_resistance_profile = 'S', cloxa_test = '-', mbl_test = '-'; 
INSERT INTO sequence_analysis(sequence_analysis_id, isolate_id, ame_loci, beta_lactamase_loci, carbapenemase_loci, other_acq_ab_loci) VALUES ('1002', '1002', '-', '-', '-', '-') ON DUPLICATE KEY UPDATE ame_loci = '-', beta_lactamase_loci = '-', carbapenemase_loci = '-', other_acq_ab_loci = '-'; 
INSERT INTO metadata_general(isolate_id, isolate_name, species, project_name) VALUES ('1003', 'EXT01-004', 'Pseudomonas aeruginosa', 'GEMARA') ON DUPLICATE KEY UPDATE isolate_name = 'EXT01-004', species = 'Pseudomonas aeruginosa', project_name = 'GEMARA'; 
INSERT INTO metadata_clinic(clinic_id, isolate_id, sample_type, collection_ward) VALUES ('931', '1003', '1', 'Servicios médicos adultos') ON DUPLICATE KEY UPDATE sample_type = '1', collection_ward = 'Servicios médicos adultos'; 
INSERT INTO phenotypic_data(phenotypic_data_id, isolate_id, ecdc_resistance_profile, cloxa_test, mbl_test) VALUES ('931', '1003', 'S', '-', '-') ON DUPLICATE KEY UPDATE ecdc_resistance_profile = 'S', cloxa_test = '-', mbl_test = '-'; 
INSERT INTO sequence_analysis(sequence_analysis_id, isolate_id, ame_loci, beta_lactamase_loci, carbapenemase_loci, other_acq_ab_loci) VALUES ('1003', '1003', '-', '-', '-', '-') ON DUPLICATE KEY UPDATE ame_loci = '-', beta_lactamase_loci = '-', carbapenemase_loci = '-', other_acq_ab_loci = '-'; 
INSERT INTO metadata_general(isolate_id, isolate_name, species, project_name) VALUES ('1004', 'EXT01-017', 'Pseudomonas aeruginosa', 'GEMARA') ON DUPLICATE KEY UPDATE isolate_name = 'EXT01-017', species = 'Pseudomonas aeruginosa', project_name = 'GEMARA'; 
INSERT INTO metadata_clinic(clinic_id, isolate_id, sample_type, collection_ward) VALUES ('932', '1004', '22', 'Centro sociosanitario') ON DUPLICATE KEY UPDATE sample_type = '22', collection_ward = 'Centro sociosanitario'; 
INSERT INTO phenotypic_data(phenotypic_data_id, isolate_id, ecdc_resistance_profile, cloxa_test, mbl_test) VALUES ('932', '1004', 'S', '-', '-') ON DUPLICATE KEY UPDATE ecdc_resistance_profile = 'S', cloxa_test = '-', mbl_test = '-'; 
INSERT INTO sequence_analysis(sequence_analysis_id, isolate_id, ame_loci, beta_lactamase_loci, carbapenemase_loci, other_acq_ab_loci) VALUES ('1004', '1004', '-', '-', '-', '-') ON DUPLICATE KEY UPDATE ame_loci = '-', beta_lactamase_loci = '-', carbapenemase_loci = '-', other_acq_ab_loci = '-'; 
INSERT INTO metadata_general(isolate_id, isolate_name, species, project_name) VALUES ('1005', 'EXT01-020', 'Pseudomonas aeruginosa', 'GEMARA') ON DUPLICATE KEY UPDATE isolate_name = 'EXT01-020', species = 'Pseudomonas aeruginosa', project_name = 'GEMARA'; 
INSERT INTO metadata_clinic(clinic_id, isolate_id, sample_type, collection_ward) VALUES ('933', '1005', '8', 'Servicios quirúrgicos adultos') ON DUPLICATE KEY UPDATE sample_type = '8', collection_ward = 'Servicios quirúrgicos adultos'; 
INSERT INTO phenotypic_data(phenotypic_data_id, isolate_id, ecdc_resistance_profile, cloxa_test, mbl_test) VALUES ('933', '1005', 'S', '-', '-') ON DUPLICATE KEY UPDATE ecdc_resistance_profile = 'S', cloxa_test = '-', mbl_test = '-'; 
INSERT INTO sequence_analysis(sequence_analysis_id, isolate_id, ame_loci, beta_lactamase_loci, carbapenemase_loci, other_acq_ab_loci) VALUES ('1005', '1005', '-', '-', '-', '-') ON DUPLICATE KEY UPDATE ame_loci = '-', beta_lactamase_loci = '-', carbapenemase_loci = '-', other_acq_ab_loci = '-'; 
INSERT INTO metadata_general(isolate_id, isolate_name, species, project_name) VALUES ('1006', 'EXT01-034', 'Pseudomonas aeruginosa', 'GEMARA') ON DUPLICATE KEY UPDATE isolate_name = 'EXT01-034', species = 'Pseudomonas aeruginosa', project_name = 'GEMARA'; 
INSERT INTO metadata_clinic(clinic_id, isolate_id, sample_type, collection_ward) VALUES ('934', '1006', '20', 'Servicios médicos pediatría') ON DUPLICATE KEY UPDATE sample_type = '20', collection_ward = 'Servicios médicos pediatría'; 
INSERT INTO phenotypic_data(phenotypic_data_id, isolate_id, ecdc_resistance_profile, cloxa_test, mbl_test) VALUES ('934', '1006', 'S', '-', '-') ON DUPLICATE KEY UPDATE ecdc_resistance_profile = 'S', cloxa_test = '-', mbl_test = '-'; 
INSERT INTO sequence_analysis(sequence_analysis_id, isolate_id, ame_loci, beta_lactamase_loci, carbapenemase_loci, other_acq_ab_loci) VALUES ('1006', '1006', '-', '-', '-', '-') ON DUPLICATE KEY UPDATE ame_loci = '-', beta_lactamase_loci = '-', carbapenemase_loci = '-', other_acq_ab_loci = '-'; 
INSERT INTO metadata_general(isolate_id, isolate_name, species, project_name) VALUES ('1007', 'EXT01-016', 'Pseudomonas aeruginosa', 'GEMARA') ON DUPLICATE KEY UPDATE isolate_name = 'EXT01-016', species = 'Pseudomonas aeruginosa', project_name = 'GEMARA'; 
INSERT INTO metadata_clinic(clinic_id, isolate_id, sample_type, collection_ward) VALUES ('935', '1007', '22', 'Servicios quirúrgicos adultos') ON DUPLICATE KEY UPDATE sample_type = '22', collection_ward = 'Servicios quirúrgicos adultos'; 
INSERT INTO phenotypic_data(phenotypic_data_id, isolate_id, ecdc_resistance_profile, cloxa_test, mbl_test) VALUES ('935', '1007', 'S', '-', '-') ON DUPLICATE KEY UPDATE ecdc_resistance_profile = 'S', cloxa_test = '-', mbl_test = '-'; 
INSERT INTO sequence_analysis(sequence_analysis_id, isolate_id, ame_loci, beta_lactamase_loci, carbapenemase_loci, other_acq_ab_loci) VALUES ('1007', '1007', '-', '-', '-', '-') ON DUPLICATE KEY UPDATE ame_loci = '-', beta_lactamase_loci = '-', carbapenemase_loci = '-', other_acq_ab_loci = '-'; 
INSERT INTO metadata_general(isolate_id, isolate_name, species, project_name) VALUES ('1008', 'EXT01-043', 'Pseudomonas aeruginosa', 'GEMARA') ON DUPLICATE KEY UPDATE isolate_name = 'EXT01-043', species = 'Pseudomonas aeruginosa', project_name = 'GEMARA'; 
INSERT INTO metadata_clinic(clinic_id, isolate_id, sample_type, collection_ward) VALUES ('936', '1008', '10', 'Consultas externas') ON DUPLICATE KEY UPDATE sample_type = '10', collection_ward = 'Consultas externas'; 
INSERT INTO phenotypic_data(phenotypic_data_id, isolate_id, ecdc_resistance_profile, cloxa_test, mbl_test) VALUES ('936', '1008', 'S', '-', '-') ON DUPLICATE KEY UPDATE ecdc_resistance_profile = 'S', cloxa_test = '-', mbl_test = '-'; 
INSERT INTO sequence_analysis(sequence_analysis_id, isolate_id, ame_loci, beta_lactamase_loci, carbapenemase_loci, other_acq_ab_loci) VALUES ('1008', '1008', '-', '-', '-', '-') ON DUPLICATE KEY UPDATE ame_loci = '-', beta_lactamase_loci = '-', carbapenemase_loci = '-', other_acq_ab_loci = '-'; 
INSERT INTO metadata_general(isolate_id, isolate_name, species, project_name) VALUES ('1009', 'EXT01-014', 'Pseudomonas aeruginosa', 'GEMARA') ON DUPLICATE KEY UPDATE isolate_name = 'EXT01-014', species = 'Pseudomonas aeruginosa', project_name = 'GEMARA'; 
INSERT INTO metadata_clinic(clinic_id, isolate_id, sample_type, collection_ward) VALUES ('937', '1009', '22', 'Servicios médicos adultos') ON DUPLICATE KEY UPDATE sample_type = '22', collection_ward = 'Servicios médicos adultos'; 
INSERT INTO phenotypic_data(phenotypic_data_id, isolate_id, ecdc_resistance_profile, cloxa_test, mbl_test) VALUES ('937', '1009', 'S', '-', '-') ON DUPLICATE KEY UPDATE ecdc_resistance_profile = 'S', cloxa_test = '-', mbl_test = '-'; 
INSERT INTO sequence_analysis(sequence_analysis_id, isolate_id, ame_loci, beta_lactamase_loci, carbapenemase_loci, other_acq_ab_loci) VALUES ('1009', '1009', '-', '-', '-', '-') ON DUPLICATE KEY UPDATE ame_loci = '-', beta_lactamase_loci = '-', carbapenemase_loci = '-', other_acq_ab_loci = '-'; 
INSERT INTO metadata_general(isolate_id, isolate_name, species, project_name) VALUES ('1010', 'EXT01-023', 'Pseudomonas aeruginosa', 'GEMARA') ON DUPLICATE KEY UPDATE isolate_name = 'EXT01-023', species = 'Pseudomonas aeruginosa', project_name = 'GEMARA'; 
INSERT INTO metadata_clinic(clinic_id, isolate_id, sample_type, collection_ward) VALUES ('938', '1010', '22', 'Servicios médicos adultos') ON DUPLICATE KEY UPDATE sample_type = '22', collection_ward = 'Servicios médicos adultos'; 
INSERT INTO phenotypic_data(phenotypic_data_id, isolate_id, ecdc_resistance_profile, cloxa_test, mbl_test) VALUES ('938', '1010', 'S', '-', '-') ON DUPLICATE KEY UPDATE ecdc_resistance_profile = 'S', cloxa_test = '-', mbl_test = '-'; 
INSERT INTO sequence_analysis(sequence_analysis_id, isolate_id, ame_loci, beta_lactamase_loci, carbapenemase_loci, other_acq_ab_loci) VALUES ('1010', '1010', '-', '-', '-', '-') ON DUPLICATE KEY UPDATE ame_loci = '-', beta_lactamase_loci = '-', carbapenemase_loci = '-', other_acq_ab_loci = '-'; 
INSERT INTO metadata_general(isolate_id, isolate_name, species, project_name) VALUES ('1011', 'EXT01-036', 'Pseudomonas aeruginosa', 'GEMARA') ON DUPLICATE KEY UPDATE isolate_name = 'EXT01-036', species = 'Pseudomonas aeruginosa', project_name = 'GEMARA'; 
INSERT INTO metadata_clinic(clinic_id, isolate_id, sample_type, collection_ward) VALUES ('939', '1011', '15', 'Servicios quirúrgicos adultos') ON DUPLICATE KEY UPDATE sample_type = '15', collection_ward = 'Servicios quirúrgicos adultos'; 
INSERT INTO phenotypic_data(phenotypic_data_id, isolate_id, ecdc_resistance_profile, cloxa_test, mbl_test) VALUES ('939', '1011', 'S', '-', '-') ON DUPLICATE KEY UPDATE ecdc_resistance_profile = 'S', cloxa_test = '-', mbl_test = '-'; 
INSERT INTO sequence_analysis(sequence_analysis_id, isolate_id, ame_loci, beta_lactamase_loci, carbapenemase_loci, other_acq_ab_loci) VALUES ('1011', '1011', '-', '-', '-', '-') ON DUPLICATE KEY UPDATE ame_loci = '-', beta_lactamase_loci = '-', carbapenemase_loci = '-', other_acq_ab_loci = '-'; 
INSERT INTO metadata_general(isolate_id, isolate_name, species, project_name) VALUES ('1012', 'EXT01-006', 'Pseudomonas aeruginosa', 'GEMARA') ON DUPLICATE KEY UPDATE isolate_name = 'EXT01-006', species = 'Pseudomonas aeruginosa', project_name = 'GEMARA'; 
INSERT INTO metadata_clinic(clinic_id, isolate_id, sample_type, collection_ward) VALUES ('940', '1012', '15', 'Servicios médicos adultos') ON DUPLICATE KEY UPDATE sample_type = '15', collection_ward = 'Servicios médicos adultos'; 
INSERT INTO phenotypic_data(phenotypic_data_id, isolate_id, ecdc_resistance_profile, cloxa_test, mbl_test) VALUES ('940', '1012', 'S', '-', '-') ON DUPLICATE KEY UPDATE ecdc_resistance_profile = 'S', cloxa_test = '-', mbl_test = '-'; 
INSERT INTO sequence_analysis(sequence_analysis_id, isolate_id, ame_loci, beta_lactamase_loci, carbapenemase_loci, other_acq_ab_loci) VALUES ('1012', '1012', '-', '-', '-', '-') ON DUPLICATE KEY UPDATE ame_loci = '-', beta_lactamase_loci = '-', carbapenemase_loci = '-', other_acq_ab_loci = '-'; 
INSERT INTO metadata_general(isolate_id, isolate_name, species, project_name) VALUES ('1013', 'EXT01-011', 'Pseudomonas aeruginosa', 'GEMARA') ON DUPLICATE KEY UPDATE isolate_name = 'EXT01-011', species = 'Pseudomonas aeruginosa', project_name = 'GEMARA'; 
INSERT INTO metadata_clinic(clinic_id, isolate_id, sample_type, collection_ward) VALUES ('941', '1013', '22', 'Servicios médicos adultos') ON DUPLICATE KEY UPDATE sample_type = '22', collection_ward = 'Servicios médicos adultos'; 
INSERT INTO phenotypic_data(phenotypic_data_id, isolate_id, ecdc_resistance_profile, cloxa_test, mbl_test) VALUES ('941', '1013', 'S', '-', '-') ON DUPLICATE KEY UPDATE ecdc_resistance_profile = 'S', cloxa_test = '-', mbl_test = '-'; 
INSERT INTO sequence_analysis(sequence_analysis_id, isolate_id, ame_loci, beta_lactamase_loci, carbapenemase_loci, other_acq_ab_loci) VALUES ('1013', '1013', '-', '-', '-', '-') ON DUPLICATE KEY UPDATE ame_loci = '-', beta_lactamase_loci = '-', carbapenemase_loci = '-', other_acq_ab_loci = '-'; 
INSERT INTO metadata_general(isolate_id, isolate_name, species, project_name) VALUES ('1014', 'EXT01-005', 'Pseudomonas aeruginosa', 'GEMARA') ON DUPLICATE KEY UPDATE isolate_name = 'EXT01-005', species = 'Pseudomonas aeruginosa', project_name = 'GEMARA'; 
INSERT INTO metadata_clinic(clinic_id, isolate_id, sample_type, collection_ward) VALUES ('942', '1014', '16', 'Servicios médicos pediatría') ON DUPLICATE KEY UPDATE sample_type = '16', collection_ward = 'Servicios médicos pediatría'; 
INSERT INTO phenotypic_data(phenotypic_data_id, isolate_id, ecdc_resistance_profile, cloxa_test, mbl_test) VALUES ('942', '1014', 'S', '-', '-') ON DUPLICATE KEY UPDATE ecdc_resistance_profile = 'S', cloxa_test = '-', mbl_test = '-'; 
INSERT INTO sequence_analysis(sequence_analysis_id, isolate_id, ame_loci, beta_lactamase_loci, carbapenemase_loci, other_acq_ab_loci) VALUES ('1014', '1014', '-', '-', '-', '-') ON DUPLICATE KEY UPDATE ame_loci = '-', beta_lactamase_loci = '-', carbapenemase_loci = '-', other_acq_ab_loci = '-'; 
INSERT INTO metadata_general(isolate_id, isolate_name, species, project_name) VALUES ('1015', 'EXT01-022', 'Pseudomonas aeruginosa', 'GEMARA') ON DUPLICATE KEY UPDATE isolate_name = 'EXT01-022', species = 'Pseudomonas aeruginosa', project_name = 'GEMARA'; 
INSERT INTO metadata_clinic(clinic_id, isolate_id, sample_type, collection_ward) VALUES ('943', '1015', '22', 'Servicios médicos adultos') ON DUPLICATE KEY UPDATE sample_type = '22', collection_ward = 'Servicios médicos adultos'; 
INSERT INTO phenotypic_data(phenotypic_data_id, isolate_id, ecdc_resistance_profile, cloxa_test, mbl_test) VALUES ('943', '1015', 'S', '-', '-') ON DUPLICATE KEY UPDATE ecdc_resistance_profile = 'S', cloxa_test = '-', mbl_test = '-'; 
INSERT INTO sequence_analysis(sequence_analysis_id, isolate_id, ame_loci, beta_lactamase_loci, carbapenemase_loci, other_acq_ab_loci) VALUES ('1015', '1015', '-', '-', '-', '-') ON DUPLICATE KEY UPDATE ame_loci = '-', beta_lactamase_loci = '-', carbapenemase_loci = '-', other_acq_ab_loci = '-'; 
INSERT INTO metadata_general(isolate_id, isolate_name, species, project_name) VALUES ('1016', 'EXT01-019', 'Pseudomonas aeruginosa', 'GEMARA') ON DUPLICATE KEY UPDATE isolate_name = 'EXT01-019', species = 'Pseudomonas aeruginosa', project_name = 'GEMARA'; 
INSERT INTO metadata_clinic(clinic_id, isolate_id, sample_type, collection_ward) VALUES ('944', '1016', '15', 'Servicios médicos pediatría') ON DUPLICATE KEY UPDATE sample_type = '15', collection_ward = 'Servicios médicos pediatría'; 
INSERT INTO phenotypic_data(phenotypic_data_id, isolate_id, ecdc_resistance_profile, cloxa_test, mbl_test) VALUES ('944', '1016', 'S', '-', '-') ON DUPLICATE KEY UPDATE ecdc_resistance_profile = 'S', cloxa_test = '-', mbl_test = '-'; 
INSERT INTO sequence_analysis(sequence_analysis_id, isolate_id, ame_loci, beta_lactamase_loci, carbapenemase_loci, other_acq_ab_loci) VALUES ('1016', '1016', '-', '-', '-', '-') ON DUPLICATE KEY UPDATE ame_loci = '-', beta_lactamase_loci = '-', carbapenemase_loci = '-', other_acq_ab_loci = '-'; 
INSERT INTO metadata_general(isolate_id, isolate_name, species, project_name) VALUES ('1017', 'EXT01-027', 'Pseudomonas aeruginosa', 'GEMARA') ON DUPLICATE KEY UPDATE isolate_name = 'EXT01-027', species = 'Pseudomonas aeruginosa', project_name = 'GEMARA'; 
INSERT INTO metadata_clinic(clinic_id, isolate_id, sample_type, collection_ward) VALUES ('945', '1017', '5', 'Servicios médicos adultos') ON DUPLICATE KEY UPDATE sample_type = '5', collection_ward = 'Servicios médicos adultos'; 
INSERT INTO phenotypic_data(phenotypic_data_id, isolate_id, ecdc_resistance_profile, cloxa_test, mbl_test) VALUES ('945', '1017', 'S', '-', '-') ON DUPLICATE KEY UPDATE ecdc_resistance_profile = 'S', cloxa_test = '-', mbl_test = '-'; 
INSERT INTO sequence_analysis(sequence_analysis_id, isolate_id, ame_loci, beta_lactamase_loci, carbapenemase_loci, other_acq_ab_loci) VALUES ('1017', '1017', '-', '-', '-', '-') ON DUPLICATE KEY UPDATE ame_loci = '-', beta_lactamase_loci = '-', carbapenemase_loci = '-', other_acq_ab_loci = '-'; 
INSERT INTO metadata_general(isolate_id, isolate_name, species, project_name) VALUES ('118', 'EXT01-026', 'Pseudomonas aeruginosa', 'GEMARA') ON DUPLICATE KEY UPDATE isolate_name = 'EXT01-026', species = 'Pseudomonas aeruginosa', project_name = 'GEMARA'; 
INSERT INTO metadata_clinic(clinic_id, isolate_id, sample_type, collection_ward) VALUES ('946', '118', '20', 'UCI Adultos') ON DUPLICATE KEY UPDATE sample_type = '20', collection_ward = 'UCI Adultos'; 
INSERT INTO phenotypic_data(phenotypic_data_id, isolate_id, ecdc_resistance_profile, cloxa_test, mbl_test) VALUES ('946', '118', 'XDR', 's/+', '-') ON DUPLICATE KEY UPDATE ecdc_resistance_profile = 'XDR', cloxa_test = 's/+', mbl_test = '-'; 
INSERT INTO sequence_analysis(sequence_analysis_id, isolate_id, ame_loci, beta_lactamase_loci, carbapenemase_loci, other_acq_ab_loci) VALUES ('118', '118', '-', '-', '-', '-') ON DUPLICATE KEY UPDATE ame_loci = '-', beta_lactamase_loci = '-', carbapenemase_loci = '-', other_acq_ab_loci = '-'; 
INSERT INTO metadata_general(isolate_id, isolate_name, species, project_name) VALUES ('115', 'EXT01-008', 'Pseudomonas aeruginosa', 'GEMARA') ON DUPLICATE KEY UPDATE isolate_name = 'EXT01-008', species = 'Pseudomonas aeruginosa', project_name = 'GEMARA'; 
INSERT INTO metadata_clinic(clinic_id, isolate_id, sample_type, collection_ward) VALUES ('947', '115', '15', 'UCI pediatría') ON DUPLICATE KEY UPDATE sample_type = '15', collection_ward = 'UCI pediatría'; 
INSERT INTO phenotypic_data(phenotypic_data_id, isolate_id, ecdc_resistance_profile, cloxa_test, mbl_test) VALUES ('947', '115', 'XDR', '+/+', '-') ON DUPLICATE KEY UPDATE ecdc_resistance_profile = 'XDR', cloxa_test = '+/+', mbl_test = '-'; 
INSERT INTO sequence_analysis(sequence_analysis_id, isolate_id, ame_loci, beta_lactamase_loci, carbapenemase_loci, other_acq_ab_loci) VALUES ('115', '115', '-', '-', '-', '-') ON DUPLICATE KEY UPDATE ame_loci = '-', beta_lactamase_loci = '-', carbapenemase_loci = '-', other_acq_ab_loci = '-'; 
INSERT INTO metadata_general(isolate_id, isolate_name, species, project_name) VALUES ('116', 'EXT01-010', 'Pseudomonas aeruginosa', 'GEMARA') ON DUPLICATE KEY UPDATE isolate_name = 'EXT01-010', species = 'Pseudomonas aeruginosa', project_name = 'GEMARA'; 
INSERT INTO metadata_clinic(clinic_id, isolate_id, sample_type, collection_ward) VALUES ('948', '116', '22', 'Consultas externas') ON DUPLICATE KEY UPDATE sample_type = '22', collection_ward = 'Consultas externas'; 
INSERT INTO phenotypic_data(phenotypic_data_id, isolate_id, ecdc_resistance_profile, cloxa_test, mbl_test) VALUES ('948', '116', 'XDR', 's/+', '-') ON DUPLICATE KEY UPDATE ecdc_resistance_profile = 'XDR', cloxa_test = 's/+', mbl_test = '-'; 
INSERT INTO sequence_analysis(sequence_analysis_id, isolate_id, ame_loci, beta_lactamase_loci, carbapenemase_loci, other_acq_ab_loci) VALUES ('116', '116', '-', '-', '-', '-') ON DUPLICATE KEY UPDATE ame_loci = '-', beta_lactamase_loci = '-', carbapenemase_loci = '-', other_acq_ab_loci = '-'; 
INSERT INTO metadata_general(isolate_id, isolate_name, species, project_name) VALUES ('117', 'EXT01-024', 'Pseudomonas aeruginosa', 'GEMARA') ON DUPLICATE KEY UPDATE isolate_name = 'EXT01-024', species = 'Pseudomonas aeruginosa', project_name = 'GEMARA'; 
INSERT INTO metadata_clinic(clinic_id, isolate_id, sample_type, collection_ward) VALUES ('949', '117', '22', 'Servicios quirúrgicos adultos') ON DUPLICATE KEY UPDATE sample_type = '22', collection_ward = 'Servicios quirúrgicos adultos'; 
INSERT INTO phenotypic_data(phenotypic_data_id, isolate_id, ecdc_resistance_profile, cloxa_test, mbl_test) VALUES ('949', '117', 'XDR', 's/+', '-') ON DUPLICATE KEY UPDATE ecdc_resistance_profile = 'XDR', cloxa_test = 's/+', mbl_test = '-'; 
INSERT INTO sequence_analysis(sequence_analysis_id, isolate_id, ame_loci, beta_lactamase_loci, carbapenemase_loci, other_acq_ab_loci) VALUES ('117', '117', '-', '-', '-', '-') ON DUPLICATE KEY UPDATE ame_loci = '-', beta_lactamase_loci = '-', carbapenemase_loci = '-', other_acq_ab_loci = '-'; 
INSERT INTO metadata_general(isolate_id, isolate_name, species, project_name) VALUES ('1018', 'GAL01-001', 'Pseudomonas aeruginosa', 'GEMARA') ON DUPLICATE KEY UPDATE isolate_name = 'GAL01-001', species = 'Pseudomonas aeruginosa', project_name = 'GEMARA'; 
INSERT INTO metadata_clinic(clinic_id, isolate_id, sample_type, collection_ward) VALUES ('950', '1018', '1', 'Servicios médicos adultos') ON DUPLICATE KEY UPDATE sample_type = '1', collection_ward = 'Servicios médicos adultos'; 
INSERT INTO phenotypic_data(phenotypic_data_id, isolate_id, ecdc_resistance_profile, cloxa_test, mbl_test) VALUES ('950', '1018', 'MDR', '-', '-') ON DUPLICATE KEY UPDATE ecdc_resistance_profile = 'MDR', cloxa_test = '-', mbl_test = '-'; 
INSERT INTO sequence_analysis(sequence_analysis_id, isolate_id, ame_loci, beta_lactamase_loci, carbapenemase_loci, other_acq_ab_loci) VALUES ('1018', '1018', '-', '-', '-', '-') ON DUPLICATE KEY UPDATE ame_loci = '-', beta_lactamase_loci = '-', carbapenemase_loci = '-', other_acq_ab_loci = '-'; 
INSERT INTO metadata_general(isolate_id, isolate_name, species, project_name) VALUES ('1019', 'GAL01-002', 'Pseudomonas aeruginosa', 'GEMARA') ON DUPLICATE KEY UPDATE isolate_name = 'GAL01-002', species = 'Pseudomonas aeruginosa', project_name = 'GEMARA'; 
INSERT INTO metadata_clinic(clinic_id, isolate_id, sample_type, collection_ward) VALUES ('951', '1019', '22', 'Consultas externas') ON DUPLICATE KEY UPDATE sample_type = '22', collection_ward = 'Consultas externas'; 
INSERT INTO phenotypic_data(phenotypic_data_id, isolate_id, ecdc_resistance_profile, cloxa_test, mbl_test) VALUES ('951', '1019', 'S', '-', '-') ON DUPLICATE KEY UPDATE ecdc_resistance_profile = 'S', cloxa_test = '-', mbl_test = '-'; 
INSERT INTO sequence_analysis(sequence_analysis_id, isolate_id, ame_loci, beta_lactamase_loci, carbapenemase_loci, other_acq_ab_loci) VALUES ('1019', '1019', '-', '-', '-', '-') ON DUPLICATE KEY UPDATE ame_loci = '-', beta_lactamase_loci = '-', carbapenemase_loci = '-', other_acq_ab_loci = '-'; 
INSERT INTO metadata_general(isolate_id, isolate_name, species, project_name) VALUES ('1020', 'GAL01-020', 'Pseudomonas aeruginosa', 'GEMARA') ON DUPLICATE KEY UPDATE isolate_name = 'GAL01-020', species = 'Pseudomonas aeruginosa', project_name = 'GEMARA'; 
INSERT INTO metadata_clinic(clinic_id, isolate_id, sample_type, collection_ward) VALUES ('952', '1020', '5', 'Consultas externas') ON DUPLICATE KEY UPDATE sample_type = '5', collection_ward = 'Consultas externas'; 
INSERT INTO phenotypic_data(phenotypic_data_id, isolate_id, ecdc_resistance_profile, cloxa_test, mbl_test) VALUES ('952', '1020', 'S', '-', '-') ON DUPLICATE KEY UPDATE ecdc_resistance_profile = 'S', cloxa_test = '-', mbl_test = '-'; 
INSERT INTO sequence_analysis(sequence_analysis_id, isolate_id, ame_loci, beta_lactamase_loci, carbapenemase_loci, other_acq_ab_loci) VALUES ('1020', '1020', '-', '-', '-', '-') ON DUPLICATE KEY UPDATE ame_loci = '-', beta_lactamase_loci = '-', carbapenemase_loci = '-', other_acq_ab_loci = '-'; 
INSERT INTO metadata_general(isolate_id, isolate_name, species, project_name) VALUES ('1021', 'GAL01-032', 'Pseudomonas aeruginosa', 'GEMARA') ON DUPLICATE KEY UPDATE isolate_name = 'GAL01-032', species = 'Pseudomonas aeruginosa', project_name = 'GEMARA'; 
INSERT INTO metadata_clinic(clinic_id, isolate_id, sample_type, collection_ward) VALUES ('953', '1021', '1', 'Consultas externas') ON DUPLICATE KEY UPDATE sample_type = '1', collection_ward = 'Consultas externas'; 
INSERT INTO phenotypic_data(phenotypic_data_id, isolate_id, ecdc_resistance_profile, cloxa_test, mbl_test) VALUES ('953', '1021', 'S', '-', '-') ON DUPLICATE KEY UPDATE ecdc_resistance_profile = 'S', cloxa_test = '-', mbl_test = '-'; 
INSERT INTO sequence_analysis(sequence_analysis_id, isolate_id, ame_loci, beta_lactamase_loci, carbapenemase_loci, other_acq_ab_loci) VALUES ('1021', '1021', '-', '-', '-', '-') ON DUPLICATE KEY UPDATE ame_loci = '-', beta_lactamase_loci = '-', carbapenemase_loci = '-', other_acq_ab_loci = '-'; 
INSERT INTO metadata_general(isolate_id, isolate_name, species, project_name) VALUES ('1022', 'GAL01-043', 'Pseudomonas aeruginosa', 'GEMARA') ON DUPLICATE KEY UPDATE isolate_name = 'GAL01-043', species = 'Pseudomonas aeruginosa', project_name = 'GEMARA'; 
INSERT INTO metadata_clinic(clinic_id, isolate_id, sample_type, collection_ward) VALUES ('954', '1022', '14', 'Servicios médicos pediatría') ON DUPLICATE KEY UPDATE sample_type = '14', collection_ward = 'Servicios médicos pediatría'; 
INSERT INTO phenotypic_data(phenotypic_data_id, isolate_id, ecdc_resistance_profile, cloxa_test, mbl_test) VALUES ('954', '1022', 'S', '-', '-') ON DUPLICATE KEY UPDATE ecdc_resistance_profile = 'S', cloxa_test = '-', mbl_test = '-'; 
INSERT INTO sequence_analysis(sequence_analysis_id, isolate_id, ame_loci, beta_lactamase_loci, carbapenemase_loci, other_acq_ab_loci) VALUES ('1022', '1022', '-', '-', '-', '-') ON DUPLICATE KEY UPDATE ame_loci = '-', beta_lactamase_loci = '-', carbapenemase_loci = '-', other_acq_ab_loci = '-'; 
INSERT INTO metadata_general(isolate_id, isolate_name, species, project_name) VALUES ('1023', 'GAL01-003', 'Pseudomonas aeruginosa', 'GEMARA') ON DUPLICATE KEY UPDATE isolate_name = 'GAL01-003', species = 'Pseudomonas aeruginosa', project_name = 'GEMARA'; 
INSERT INTO metadata_clinic(clinic_id, isolate_id, sample_type, collection_ward) VALUES ('955', '1023', '22', 'Consultas externas') ON DUPLICATE KEY UPDATE sample_type = '22', collection_ward = 'Consultas externas'; 
INSERT INTO phenotypic_data(phenotypic_data_id, isolate_id, ecdc_resistance_profile, cloxa_test, mbl_test) VALUES ('955', '1023', 'S', '-', '-') ON DUPLICATE KEY UPDATE ecdc_resistance_profile = 'S', cloxa_test = '-', mbl_test = '-'; 
INSERT INTO sequence_analysis(sequence_analysis_id, isolate_id, ame_loci, beta_lactamase_loci, carbapenemase_loci, other_acq_ab_loci) VALUES ('1023', '1023', '-', '-', '-', '-') ON DUPLICATE KEY UPDATE ame_loci = '-', beta_lactamase_loci = '-', carbapenemase_loci = '-', other_acq_ab_loci = '-'; 
INSERT INTO metadata_general(isolate_id, isolate_name, species, project_name) VALUES ('1024', 'GAL01-008', 'Pseudomonas aeruginosa', 'GEMARA') ON DUPLICATE KEY UPDATE isolate_name = 'GAL01-008', species = 'Pseudomonas aeruginosa', project_name = 'GEMARA'; 
INSERT INTO metadata_clinic(clinic_id, isolate_id, sample_type, collection_ward) VALUES ('956', '1024', '22', 'Urgencias adultos') ON DUPLICATE KEY UPDATE sample_type = '22', collection_ward = 'Urgencias adultos'; 
INSERT INTO phenotypic_data(phenotypic_data_id, isolate_id, ecdc_resistance_profile, cloxa_test, mbl_test) VALUES ('956', '1024', 'S', '-', '-') ON DUPLICATE KEY UPDATE ecdc_resistance_profile = 'S', cloxa_test = '-', mbl_test = '-'; 
INSERT INTO sequence_analysis(sequence_analysis_id, isolate_id, ame_loci, beta_lactamase_loci, carbapenemase_loci, other_acq_ab_loci) VALUES ('1024', '1024', '-', '-', '-', '-') ON DUPLICATE KEY UPDATE ame_loci = '-', beta_lactamase_loci = '-', carbapenemase_loci = '-', other_acq_ab_loci = '-'; 
INSERT INTO metadata_general(isolate_id, isolate_name, species, project_name) VALUES ('1025', 'GAL01-017', 'Pseudomonas aeruginosa', 'GEMARA') ON DUPLICATE KEY UPDATE isolate_name = 'GAL01-017', species = 'Pseudomonas aeruginosa', project_name = 'GEMARA'; 
INSERT INTO metadata_clinic(clinic_id, isolate_id, sample_type, collection_ward) VALUES ('957', '1025', '5', 'Centro sociosanitario') ON DUPLICATE KEY UPDATE sample_type = '5', collection_ward = 'Centro sociosanitario'; 
INSERT INTO phenotypic_data(phenotypic_data_id, isolate_id, ecdc_resistance_profile, cloxa_test, mbl_test) VALUES ('957', '1025', 'S', '-', '-') ON DUPLICATE KEY UPDATE ecdc_resistance_profile = 'S', cloxa_test = '-', mbl_test = '-'; 
INSERT INTO sequence_analysis(sequence_analysis_id, isolate_id, ame_loci, beta_lactamase_loci, carbapenemase_loci, other_acq_ab_loci) VALUES ('1025', '1025', '-', '-', '-', '-') ON DUPLICATE KEY UPDATE ame_loci = '-', beta_lactamase_loci = '-', carbapenemase_loci = '-', other_acq_ab_loci = '-'; 
INSERT INTO metadata_general(isolate_id, isolate_name, species, project_name) VALUES ('1026', 'GAL01-031', 'Pseudomonas aeruginosa', 'GEMARA') ON DUPLICATE KEY UPDATE isolate_name = 'GAL01-031', species = 'Pseudomonas aeruginosa', project_name = 'GEMARA'; 
INSERT INTO metadata_clinic(clinic_id, isolate_id, sample_type, collection_ward) VALUES ('958', '1026', '5', 'Centro sociosanitario') ON DUPLICATE KEY UPDATE sample_type = '5', collection_ward = 'Centro sociosanitario'; 
INSERT INTO phenotypic_data(phenotypic_data_id, isolate_id, ecdc_resistance_profile, cloxa_test, mbl_test) VALUES ('958', '1026', 'S', '-', '-') ON DUPLICATE KEY UPDATE ecdc_resistance_profile = 'S', cloxa_test = '-', mbl_test = '-'; 
INSERT INTO sequence_analysis(sequence_analysis_id, isolate_id, ame_loci, beta_lactamase_loci, carbapenemase_loci, other_acq_ab_loci) VALUES ('1026', '1026', '-', '-', '-', '-') ON DUPLICATE KEY UPDATE ame_loci = '-', beta_lactamase_loci = '-', carbapenemase_loci = '-', other_acq_ab_loci = '-'; 
INSERT INTO metadata_general(isolate_id, isolate_name, species, project_name) VALUES ('1027', 'GAL01-013', 'Pseudomonas aeruginosa', 'GEMARA') ON DUPLICATE KEY UPDATE isolate_name = 'GAL01-013', species = 'Pseudomonas aeruginosa', project_name = 'GEMARA'; 
INSERT INTO metadata_clinic(clinic_id, isolate_id, sample_type, collection_ward) VALUES ('959', '1027', '5', 'Centro sociosanitario') ON DUPLICATE KEY UPDATE sample_type = '5', collection_ward = 'Centro sociosanitario'; 
INSERT INTO phenotypic_data(phenotypic_data_id, isolate_id, ecdc_resistance_profile, cloxa_test, mbl_test) VALUES ('959', '1027', 'S', '-', '-') ON DUPLICATE KEY UPDATE ecdc_resistance_profile = 'S', cloxa_test = '-', mbl_test = '-'; 
INSERT INTO sequence_analysis(sequence_analysis_id, isolate_id, ame_loci, beta_lactamase_loci, carbapenemase_loci, other_acq_ab_loci) VALUES ('1027', '1027', 'aadB', '-', '-', '-') ON DUPLICATE KEY UPDATE ame_loci = 'aadB', beta_lactamase_loci = '-', carbapenemase_loci = '-', other_acq_ab_loci = '-'; 
INSERT INTO metadata_general(isolate_id, isolate_name, species, project_name) VALUES ('1028', 'GAL01-041', 'Pseudomonas aeruginosa', 'GEMARA') ON DUPLICATE KEY UPDATE isolate_name = 'GAL01-041', species = 'Pseudomonas aeruginosa', project_name = 'GEMARA'; 
INSERT INTO metadata_clinic(clinic_id, isolate_id, sample_type, collection_ward) VALUES ('960', '1028', '16', 'Consultas externas') ON DUPLICATE KEY UPDATE sample_type = '16', collection_ward = 'Consultas externas'; 
INSERT INTO phenotypic_data(phenotypic_data_id, isolate_id, ecdc_resistance_profile, cloxa_test, mbl_test) VALUES ('960', '1028', 'S', '-', '-') ON DUPLICATE KEY UPDATE ecdc_resistance_profile = 'S', cloxa_test = '-', mbl_test = '-'; 
INSERT INTO sequence_analysis(sequence_analysis_id, isolate_id, ame_loci, beta_lactamase_loci, carbapenemase_loci, other_acq_ab_loci) VALUES ('1028', '1028', '-', '-', '-', '-') ON DUPLICATE KEY UPDATE ame_loci = '-', beta_lactamase_loci = '-', carbapenemase_loci = '-', other_acq_ab_loci = '-'; 
INSERT INTO metadata_general(isolate_id, isolate_name, species, project_name) VALUES ('1029', 'GAL01-021', 'Pseudomonas aeruginosa', 'GEMARA') ON DUPLICATE KEY UPDATE isolate_name = 'GAL01-021', species = 'Pseudomonas aeruginosa', project_name = 'GEMARA'; 
INSERT INTO metadata_clinic(clinic_id, isolate_id, sample_type, collection_ward) VALUES ('961', '1029', '5', 'Servicios médicos adultos') ON DUPLICATE KEY UPDATE sample_type = '5', collection_ward = 'Servicios médicos adultos'; 
INSERT INTO phenotypic_data(phenotypic_data_id, isolate_id, ecdc_resistance_profile, cloxa_test, mbl_test) VALUES ('961', '1029', 'S', '-', '-') ON DUPLICATE KEY UPDATE ecdc_resistance_profile = 'S', cloxa_test = '-', mbl_test = '-'; 
INSERT INTO sequence_analysis(sequence_analysis_id, isolate_id, ame_loci, beta_lactamase_loci, carbapenemase_loci, other_acq_ab_loci) VALUES ('1029', '1029', '-', '-', '-', '-') ON DUPLICATE KEY UPDATE ame_loci = '-', beta_lactamase_loci = '-', carbapenemase_loci = '-', other_acq_ab_loci = '-'; 
INSERT INTO metadata_general(isolate_id, isolate_name, species, project_name) VALUES ('1030', 'GAL01-022', 'Pseudomonas aeruginosa', 'GEMARA') ON DUPLICATE KEY UPDATE isolate_name = 'GAL01-022', species = 'Pseudomonas aeruginosa', project_name = 'GEMARA'; 
INSERT INTO metadata_clinic(clinic_id, isolate_id, sample_type, collection_ward) VALUES ('962', '1030', '1', 'Consultas externas') ON DUPLICATE KEY UPDATE sample_type = '1', collection_ward = 'Consultas externas'; 
INSERT INTO phenotypic_data(phenotypic_data_id, isolate_id, ecdc_resistance_profile, cloxa_test, mbl_test) VALUES ('962', '1030', 'S', '-', '-') ON DUPLICATE KEY UPDATE ecdc_resistance_profile = 'S', cloxa_test = '-', mbl_test = '-'; 
INSERT INTO sequence_analysis(sequence_analysis_id, isolate_id, ame_loci, beta_lactamase_loci, carbapenemase_loci, other_acq_ab_loci) VALUES ('1030', '1030', '-', '-', '-', '-') ON DUPLICATE KEY UPDATE ame_loci = '-', beta_lactamase_loci = '-', carbapenemase_loci = '-', other_acq_ab_loci = '-'; 
INSERT INTO metadata_general(isolate_id, isolate_name, species, project_name) VALUES ('1031', 'GAL01-045', 'Pseudomonas aeruginosa', 'GEMARA') ON DUPLICATE KEY UPDATE isolate_name = 'GAL01-045', species = 'Pseudomonas aeruginosa', project_name = 'GEMARA'; 
INSERT INTO metadata_clinic(clinic_id, isolate_id, sample_type, collection_ward) VALUES ('963', '1031', '1', 'Consultas externas') ON DUPLICATE KEY UPDATE sample_type = '1', collection_ward = 'Consultas externas'; 
INSERT INTO phenotypic_data(phenotypic_data_id, isolate_id, ecdc_resistance_profile, cloxa_test, mbl_test) VALUES ('963', '1031', 'S', '-', '-') ON DUPLICATE KEY UPDATE ecdc_resistance_profile = 'S', cloxa_test = '-', mbl_test = '-'; 
INSERT INTO sequence_analysis(sequence_analysis_id, isolate_id, ame_loci, beta_lactamase_loci, carbapenemase_loci, other_acq_ab_loci) VALUES ('1031', '1031', '-', '-', '-', '-') ON DUPLICATE KEY UPDATE ame_loci = '-', beta_lactamase_loci = '-', carbapenemase_loci = '-', other_acq_ab_loci = '-'; 
INSERT INTO metadata_general(isolate_id, isolate_name, species, project_name) VALUES ('1032', 'GAL01-012', 'Pseudomonas aeruginosa', 'GEMARA') ON DUPLICATE KEY UPDATE isolate_name = 'GAL01-012', species = 'Pseudomonas aeruginosa', project_name = 'GEMARA'; 
INSERT INTO metadata_clinic(clinic_id, isolate_id, sample_type, collection_ward) VALUES ('964', '1032', '22', 'Consultas externas') ON DUPLICATE KEY UPDATE sample_type = '22', collection_ward = 'Consultas externas'; 
INSERT INTO phenotypic_data(phenotypic_data_id, isolate_id, ecdc_resistance_profile, cloxa_test, mbl_test) VALUES ('964', '1032', 'S', '-', '-') ON DUPLICATE KEY UPDATE ecdc_resistance_profile = 'S', cloxa_test = '-', mbl_test = '-'; 
INSERT INTO sequence_analysis(sequence_analysis_id, isolate_id, ame_loci, beta_lactamase_loci, carbapenemase_loci, other_acq_ab_loci) VALUES ('1032', '1032', '-', '-', '-', '-') ON DUPLICATE KEY UPDATE ame_loci = '-', beta_lactamase_loci = '-', carbapenemase_loci = '-', other_acq_ab_loci = '-'; 
INSERT INTO metadata_general(isolate_id, isolate_name, species, project_name) VALUES ('119', 'GAL01-029', 'Pseudomonas aeruginosa', 'GEMARA') ON DUPLICATE KEY UPDATE isolate_name = 'GAL01-029', species = 'Pseudomonas aeruginosa', project_name = 'GEMARA'; 
INSERT INTO metadata_clinic(clinic_id, isolate_id, sample_type, collection_ward) VALUES ('965', '119', '1', 'Servicios médicos adultos') ON DUPLICATE KEY UPDATE sample_type = '1', collection_ward = 'Servicios médicos adultos'; 
INSERT INTO phenotypic_data(phenotypic_data_id, isolate_id, ecdc_resistance_profile, cloxa_test, mbl_test) VALUES ('965', '119', 'XDR', '-/s', '-') ON DUPLICATE KEY UPDATE ecdc_resistance_profile = 'XDR', cloxa_test = '-/s', mbl_test = '-'; 
INSERT INTO sequence_analysis(sequence_analysis_id, isolate_id, ame_loci, beta_lactamase_loci, carbapenemase_loci, other_acq_ab_loci) VALUES ('119', '119', '-', '-', '-', '-') ON DUPLICATE KEY UPDATE ame_loci = '-', beta_lactamase_loci = '-', carbapenemase_loci = '-', other_acq_ab_loci = '-'; 
INSERT INTO metadata_general(isolate_id, isolate_name, species, project_name) VALUES ('120', 'GAL01-030', 'Pseudomonas aeruginosa', 'GEMARA') ON DUPLICATE KEY UPDATE isolate_name = 'GAL01-030', species = 'Pseudomonas aeruginosa', project_name = 'GEMARA'; 
INSERT INTO metadata_clinic(clinic_id, isolate_id, sample_type, collection_ward) VALUES ('966', '120', '1', 'Servicios médicos adultos') ON DUPLICATE KEY UPDATE sample_type = '1', collection_ward = 'Servicios médicos adultos'; 
INSERT INTO phenotypic_data(phenotypic_data_id, isolate_id, ecdc_resistance_profile, cloxa_test, mbl_test) VALUES ('966', '120', 'XDR', '+/+', '-') ON DUPLICATE KEY UPDATE ecdc_resistance_profile = 'XDR', cloxa_test = '+/+', mbl_test = '-'; 
INSERT INTO sequence_analysis(sequence_analysis_id, isolate_id, ame_loci, beta_lactamase_loci, carbapenemase_loci, other_acq_ab_loci) VALUES ('120', '120', 'aadA6', '-', '-', 'strA, strB') ON DUPLICATE KEY UPDATE ame_loci = 'aadA6', beta_lactamase_loci = '-', carbapenemase_loci = '-', other_acq_ab_loci = 'strA, strB'; 
INSERT INTO metadata_general(isolate_id, isolate_name, species, project_name) VALUES ('1033', 'GAL02-004', 'Pseudomonas aeruginosa', 'GEMARA') ON DUPLICATE KEY UPDATE isolate_name = 'GAL02-004', species = 'Pseudomonas aeruginosa', project_name = 'GEMARA'; 
INSERT INTO metadata_clinic(clinic_id, isolate_id, sample_type, collection_ward) VALUES ('967', '1033', '1', 'Servicios médicos adultos') ON DUPLICATE KEY UPDATE sample_type = '1', collection_ward = 'Servicios médicos adultos'; 
INSERT INTO phenotypic_data(phenotypic_data_id, isolate_id, ecdc_resistance_profile, cloxa_test, mbl_test) VALUES ('967', '1033', 'MDR', '-', '-') ON DUPLICATE KEY UPDATE ecdc_resistance_profile = 'MDR', cloxa_test = '-', mbl_test = '-'; 
INSERT INTO sequence_analysis(sequence_analysis_id, isolate_id, ame_loci, beta_lactamase_loci, carbapenemase_loci, other_acq_ab_loci) VALUES ('1033', '1033', '-', '-', '-', '-') ON DUPLICATE KEY UPDATE ame_loci = '-', beta_lactamase_loci = '-', carbapenemase_loci = '-', other_acq_ab_loci = '-'; 
INSERT INTO metadata_general(isolate_id, isolate_name, species, project_name) VALUES ('1034', 'GAL02-015', 'Pseudomonas aeruginosa', 'GEMARA') ON DUPLICATE KEY UPDATE isolate_name = 'GAL02-015', species = 'Pseudomonas aeruginosa', project_name = 'GEMARA'; 
INSERT INTO metadata_clinic(clinic_id, isolate_id, sample_type, collection_ward) VALUES ('968', '1034', '7', 'Servicios médicos adultos') ON DUPLICATE KEY UPDATE sample_type = '7', collection_ward = 'Servicios médicos adultos'; 
INSERT INTO phenotypic_data(phenotypic_data_id, isolate_id, ecdc_resistance_profile, cloxa_test, mbl_test) VALUES ('968', '1034', 'MDR', '-', '-') ON DUPLICATE KEY UPDATE ecdc_resistance_profile = 'MDR', cloxa_test = '-', mbl_test = '-'; 
INSERT INTO sequence_analysis(sequence_analysis_id, isolate_id, ame_loci, beta_lactamase_loci, carbapenemase_loci, other_acq_ab_loci) VALUES ('1034', '1034', '-', '-', '-', '-') ON DUPLICATE KEY UPDATE ame_loci = '-', beta_lactamase_loci = '-', carbapenemase_loci = '-', other_acq_ab_loci = '-'; 
INSERT INTO metadata_general(isolate_id, isolate_name, species, project_name) VALUES ('1035', 'GAL02-032', 'Pseudomonas aeruginosa', 'GEMARA') ON DUPLICATE KEY UPDATE isolate_name = 'GAL02-032', species = 'Pseudomonas aeruginosa', project_name = 'GEMARA'; 
INSERT INTO metadata_clinic(clinic_id, isolate_id, sample_type, collection_ward) VALUES ('969', '1035', '22', 'Otros') ON DUPLICATE KEY UPDATE sample_type = '22', collection_ward = 'Otros'; 
INSERT INTO phenotypic_data(phenotypic_data_id, isolate_id, ecdc_resistance_profile, cloxa_test, mbl_test) VALUES ('969', '1035', 'MDR', '-', '-') ON DUPLICATE KEY UPDATE ecdc_resistance_profile = 'MDR', cloxa_test = '-', mbl_test = '-'; 
INSERT INTO sequence_analysis(sequence_analysis_id, isolate_id, ame_loci, beta_lactamase_loci, carbapenemase_loci, other_acq_ab_loci) VALUES ('1035', '1035', '-', '-', '-', '-') ON DUPLICATE KEY UPDATE ame_loci = '-', beta_lactamase_loci = '-', carbapenemase_loci = '-', other_acq_ab_loci = '-'; 
INSERT INTO metadata_general(isolate_id, isolate_name, species, project_name) VALUES ('1036', 'GAL02-040', 'Pseudomonas aeruginosa', 'GEMARA') ON DUPLICATE KEY UPDATE isolate_name = 'GAL02-040', species = 'Pseudomonas aeruginosa', project_name = 'GEMARA'; 
INSERT INTO metadata_clinic(clinic_id, isolate_id, sample_type, collection_ward) VALUES ('970', '1036', '12', 'Servicios quirúrgicos adultos') ON DUPLICATE KEY UPDATE sample_type = '12', collection_ward = 'Servicios quirúrgicos adultos'; 
INSERT INTO phenotypic_data(phenotypic_data_id, isolate_id, ecdc_resistance_profile, cloxa_test, mbl_test) VALUES ('970', '1036', 'MDR', '-', '-') ON DUPLICATE KEY UPDATE ecdc_resistance_profile = 'MDR', cloxa_test = '-', mbl_test = '-'; 
INSERT INTO sequence_analysis(sequence_analysis_id, isolate_id, ame_loci, beta_lactamase_loci, carbapenemase_loci, other_acq_ab_loci) VALUES ('1036', '1036', '-', '-', '-', '-') ON DUPLICATE KEY UPDATE ame_loci = '-', beta_lactamase_loci = '-', carbapenemase_loci = '-', other_acq_ab_loci = '-'; 
INSERT INTO metadata_general(isolate_id, isolate_name, species, project_name) VALUES ('1037', 'GAL02-006', 'Pseudomonas aeruginosa', 'GEMARA') ON DUPLICATE KEY UPDATE isolate_name = 'GAL02-006', species = 'Pseudomonas aeruginosa', project_name = 'GEMARA'; 
INSERT INTO metadata_clinic(clinic_id, isolate_id, sample_type, collection_ward) VALUES ('971', '1037', '1', 'Servicios médicos adultos') ON DUPLICATE KEY UPDATE sample_type = '1', collection_ward = 'Servicios médicos adultos'; 
INSERT INTO phenotypic_data(phenotypic_data_id, isolate_id, ecdc_resistance_profile, cloxa_test, mbl_test) VALUES ('971', '1037', 'MDR', '-', '-') ON DUPLICATE KEY UPDATE ecdc_resistance_profile = 'MDR', cloxa_test = '-', mbl_test = '-'; 
INSERT INTO sequence_analysis(sequence_analysis_id, isolate_id, ame_loci, beta_lactamase_loci, carbapenemase_loci, other_acq_ab_loci) VALUES ('1037', '1037', '-', '-', '-', '-') ON DUPLICATE KEY UPDATE ame_loci = '-', beta_lactamase_loci = '-', carbapenemase_loci = '-', other_acq_ab_loci = '-'; 
INSERT INTO metadata_general(isolate_id, isolate_name, species, project_name) VALUES ('1038', 'GAL02-045', 'Pseudomonas aeruginosa', 'GEMARA') ON DUPLICATE KEY UPDATE isolate_name = 'GAL02-045', species = 'Pseudomonas aeruginosa', project_name = 'GEMARA'; 
INSERT INTO metadata_clinic(clinic_id, isolate_id, sample_type, collection_ward) VALUES ('972', '1038', '8', 'Servicios médicos adultos') ON DUPLICATE KEY UPDATE sample_type = '8', collection_ward = 'Servicios médicos adultos'; 
INSERT INTO phenotypic_data(phenotypic_data_id, isolate_id, ecdc_resistance_profile, cloxa_test, mbl_test) VALUES ('972', '1038', 'S', '-', '-') ON DUPLICATE KEY UPDATE ecdc_resistance_profile = 'S', cloxa_test = '-', mbl_test = '-'; 
INSERT INTO sequence_analysis(sequence_analysis_id, isolate_id, ame_loci, beta_lactamase_loci, carbapenemase_loci, other_acq_ab_loci) VALUES ('1038', '1038', '-', '-', '-', '-') ON DUPLICATE KEY UPDATE ame_loci = '-', beta_lactamase_loci = '-', carbapenemase_loci = '-', other_acq_ab_loci = '-'; 
INSERT INTO metadata_general(isolate_id, isolate_name, species, project_name) VALUES ('1039', 'GAL02-049', 'Pseudomonas aeruginosa', 'GEMARA') ON DUPLICATE KEY UPDATE isolate_name = 'GAL02-049', species = 'Pseudomonas aeruginosa', project_name = 'GEMARA'; 
INSERT INTO metadata_clinic(clinic_id, isolate_id, sample_type, collection_ward) VALUES ('973', '1039', '4', 'Servicios médicos adultos') ON DUPLICATE KEY UPDATE sample_type = '4', collection_ward = 'Servicios médicos adultos'; 
INSERT INTO phenotypic_data(phenotypic_data_id, isolate_id, ecdc_resistance_profile, cloxa_test, mbl_test) VALUES ('973', '1039', 'S', '-', '-') ON DUPLICATE KEY UPDATE ecdc_resistance_profile = 'S', cloxa_test = '-', mbl_test = '-'; 
INSERT INTO sequence_analysis(sequence_analysis_id, isolate_id, ame_loci, beta_lactamase_loci, carbapenemase_loci, other_acq_ab_loci) VALUES ('1039', '1039', '-', '-', '-', '-') ON DUPLICATE KEY UPDATE ame_loci = '-', beta_lactamase_loci = '-', carbapenemase_loci = '-', other_acq_ab_loci = '-'; 
INSERT INTO metadata_general(isolate_id, isolate_name, species, project_name) VALUES ('1040', 'GAL02-055', 'Pseudomonas aeruginosa', 'GEMARA') ON DUPLICATE KEY UPDATE isolate_name = 'GAL02-055', species = 'Pseudomonas aeruginosa', project_name = 'GEMARA'; 
INSERT INTO metadata_clinic(clinic_id, isolate_id, sample_type, collection_ward) VALUES ('974', '1040', '7', 'UCI Adultos') ON DUPLICATE KEY UPDATE sample_type = '7', collection_ward = 'UCI Adultos'; 
INSERT INTO phenotypic_data(phenotypic_data_id, isolate_id, ecdc_resistance_profile, cloxa_test, mbl_test) VALUES ('974', '1040', 'S', '-', '-') ON DUPLICATE KEY UPDATE ecdc_resistance_profile = 'S', cloxa_test = '-', mbl_test = '-'; 
INSERT INTO sequence_analysis(sequence_analysis_id, isolate_id, ame_loci, beta_lactamase_loci, carbapenemase_loci, other_acq_ab_loci) VALUES ('1040', '1040', '-', '-', '-', '-') ON DUPLICATE KEY UPDATE ame_loci = '-', beta_lactamase_loci = '-', carbapenemase_loci = '-', other_acq_ab_loci = '-'; 
INSERT INTO metadata_general(isolate_id, isolate_name, species, project_name) VALUES ('1041', 'GAL02-008', 'Pseudomonas aeruginosa', 'GEMARA') ON DUPLICATE KEY UPDATE isolate_name = 'GAL02-008', species = 'Pseudomonas aeruginosa', project_name = 'GEMARA'; 
INSERT INTO metadata_clinic(clinic_id, isolate_id, sample_type, collection_ward) VALUES ('975', '1041', '12', 'Servicios médicos adultos') ON DUPLICATE KEY UPDATE sample_type = '12', collection_ward = 'Servicios médicos adultos'; 
INSERT INTO phenotypic_data(phenotypic_data_id, isolate_id, ecdc_resistance_profile, cloxa_test, mbl_test) VALUES ('975', '1041', 'S', '-', '-') ON DUPLICATE KEY UPDATE ecdc_resistance_profile = 'S', cloxa_test = '-', mbl_test = '-'; 
INSERT INTO sequence_analysis(sequence_analysis_id, isolate_id, ame_loci, beta_lactamase_loci, carbapenemase_loci, other_acq_ab_loci) VALUES ('1041', '1041', '-', '-', '-', '-') ON DUPLICATE KEY UPDATE ame_loci = '-', beta_lactamase_loci = '-', carbapenemase_loci = '-', other_acq_ab_loci = '-'; 
INSERT INTO metadata_general(isolate_id, isolate_name, species, project_name) VALUES ('1042', 'GAL02-044', 'Pseudomonas aeruginosa', 'GEMARA') ON DUPLICATE KEY UPDATE isolate_name = 'GAL02-044', species = 'Pseudomonas aeruginosa', project_name = 'GEMARA'; 
INSERT INTO metadata_clinic(clinic_id, isolate_id, sample_type, collection_ward) VALUES ('976', '1042', '12', 'Servicios quirúrgicos adultos') ON DUPLICATE KEY UPDATE sample_type = '12', collection_ward = 'Servicios quirúrgicos adultos'; 
INSERT INTO phenotypic_data(phenotypic_data_id, isolate_id, ecdc_resistance_profile, cloxa_test, mbl_test) VALUES ('976', '1042', 'S', '-', '-') ON DUPLICATE KEY UPDATE ecdc_resistance_profile = 'S', cloxa_test = '-', mbl_test = '-'; 
INSERT INTO sequence_analysis(sequence_analysis_id, isolate_id, ame_loci, beta_lactamase_loci, carbapenemase_loci, other_acq_ab_loci) VALUES ('1042', '1042', '-', '-', '-', '-') ON DUPLICATE KEY UPDATE ame_loci = '-', beta_lactamase_loci = '-', carbapenemase_loci = '-', other_acq_ab_loci = '-'; 
INSERT INTO metadata_general(isolate_id, isolate_name, species, project_name) VALUES ('1043', 'GAL02-010', 'Pseudomonas aeruginosa', 'GEMARA') ON DUPLICATE KEY UPDATE isolate_name = 'GAL02-010', species = 'Pseudomonas aeruginosa', project_name = 'GEMARA'; 
INSERT INTO metadata_clinic(clinic_id, isolate_id, sample_type, collection_ward) VALUES ('977', '1043', '12', 'Servicios médicos adultos') ON DUPLICATE KEY UPDATE sample_type = '12', collection_ward = 'Servicios médicos adultos'; 
INSERT INTO phenotypic_data(phenotypic_data_id, isolate_id, ecdc_resistance_profile, cloxa_test, mbl_test) VALUES ('977', '1043', 'S', '-', '-') ON DUPLICATE KEY UPDATE ecdc_resistance_profile = 'S', cloxa_test = '-', mbl_test = '-'; 
INSERT INTO sequence_analysis(sequence_analysis_id, isolate_id, ame_loci, beta_lactamase_loci, carbapenemase_loci, other_acq_ab_loci) VALUES ('1043', '1043', '-', '-', '-', '-') ON DUPLICATE KEY UPDATE ame_loci = '-', beta_lactamase_loci = '-', carbapenemase_loci = '-', other_acq_ab_loci = '-'; 
INSERT INTO metadata_general(isolate_id, isolate_name, species, project_name) VALUES ('1044', 'GAL02-037', 'Pseudomonas aeruginosa', 'GEMARA') ON DUPLICATE KEY UPDATE isolate_name = 'GAL02-037', species = 'Pseudomonas aeruginosa', project_name = 'GEMARA'; 
INSERT INTO metadata_clinic(clinic_id, isolate_id, sample_type, collection_ward) VALUES ('978', '1044', '4', 'Servicios quirúrgicos adultos') ON DUPLICATE KEY UPDATE sample_type = '4', collection_ward = 'Servicios quirúrgicos adultos'; 
INSERT INTO phenotypic_data(phenotypic_data_id, isolate_id, ecdc_resistance_profile, cloxa_test, mbl_test) VALUES ('978', '1044', 'S', '-', '-') ON DUPLICATE KEY UPDATE ecdc_resistance_profile = 'S', cloxa_test = '-', mbl_test = '-'; 
INSERT INTO sequence_analysis(sequence_analysis_id, isolate_id, ame_loci, beta_lactamase_loci, carbapenemase_loci, other_acq_ab_loci) VALUES ('1044', '1044', '-', '-', '-', '-') ON DUPLICATE KEY UPDATE ame_loci = '-', beta_lactamase_loci = '-', carbapenemase_loci = '-', other_acq_ab_loci = '-'; 
INSERT INTO metadata_general(isolate_id, isolate_name, species, project_name) VALUES ('1045', 'GAL02-009', 'Pseudomonas aeruginosa', 'GEMARA') ON DUPLICATE KEY UPDATE isolate_name = 'GAL02-009', species = 'Pseudomonas aeruginosa', project_name = 'GEMARA'; 
INSERT INTO metadata_clinic(clinic_id, isolate_id, sample_type, collection_ward) VALUES ('979', '1045', '1', 'Servicios quirúrgicos adultos') ON DUPLICATE KEY UPDATE sample_type = '1', collection_ward = 'Servicios quirúrgicos adultos'; 
INSERT INTO phenotypic_data(phenotypic_data_id, isolate_id, ecdc_resistance_profile, cloxa_test, mbl_test) VALUES ('979', '1045', 'S', '-', '-') ON DUPLICATE KEY UPDATE ecdc_resistance_profile = 'S', cloxa_test = '-', mbl_test = '-'; 
INSERT INTO sequence_analysis(sequence_analysis_id, isolate_id, ame_loci, beta_lactamase_loci, carbapenemase_loci, other_acq_ab_loci) VALUES ('1045', '1045', '-', '-', '-', '-') ON DUPLICATE KEY UPDATE ame_loci = '-', beta_lactamase_loci = '-', carbapenemase_loci = '-', other_acq_ab_loci = '-'; 
INSERT INTO metadata_general(isolate_id, isolate_name, species, project_name) VALUES ('1046', 'GAL02-001', 'Pseudomonas aeruginosa', 'GEMARA') ON DUPLICATE KEY UPDATE isolate_name = 'GAL02-001', species = 'Pseudomonas aeruginosa', project_name = 'GEMARA'; 
INSERT INTO metadata_clinic(clinic_id, isolate_id, sample_type, collection_ward) VALUES ('980', '1046', '1', 'Servicios médicos adultos') ON DUPLICATE KEY UPDATE sample_type = '1', collection_ward = 'Servicios médicos adultos'; 
INSERT INTO phenotypic_data(phenotypic_data_id, isolate_id, ecdc_resistance_profile, cloxa_test, mbl_test) VALUES ('980', '1046', 'S', '-', '-') ON DUPLICATE KEY UPDATE ecdc_resistance_profile = 'S', cloxa_test = '-', mbl_test = '-'; 
INSERT INTO sequence_analysis(sequence_analysis_id, isolate_id, ame_loci, beta_lactamase_loci, carbapenemase_loci, other_acq_ab_loci) VALUES ('1046', '1046', '-', '-', '-', '-') ON DUPLICATE KEY UPDATE ame_loci = '-', beta_lactamase_loci = '-', carbapenemase_loci = '-', other_acq_ab_loci = '-'; 
INSERT INTO metadata_general(isolate_id, isolate_name, species, project_name) VALUES ('1047', 'GAL02-036', 'Pseudomonas aeruginosa', 'GEMARA') ON DUPLICATE KEY UPDATE isolate_name = 'GAL02-036', species = 'Pseudomonas aeruginosa', project_name = 'GEMARA'; 
INSERT INTO metadata_clinic(clinic_id, isolate_id, sample_type, collection_ward) VALUES ('981', '1047', '12', 'Servicios médicos adultos') ON DUPLICATE KEY UPDATE sample_type = '12', collection_ward = 'Servicios médicos adultos'; 
INSERT INTO phenotypic_data(phenotypic_data_id, isolate_id, ecdc_resistance_profile, cloxa_test, mbl_test) VALUES ('981', '1047', 'S', '-', '-') ON DUPLICATE KEY UPDATE ecdc_resistance_profile = 'S', cloxa_test = '-', mbl_test = '-'; 
INSERT INTO sequence_analysis(sequence_analysis_id, isolate_id, ame_loci, beta_lactamase_loci, carbapenemase_loci, other_acq_ab_loci) VALUES ('1047', '1047', '-', '-', '-', '-') ON DUPLICATE KEY UPDATE ame_loci = '-', beta_lactamase_loci = '-', carbapenemase_loci = '-', other_acq_ab_loci = '-'; 
INSERT INTO metadata_general(isolate_id, isolate_name, species, project_name) VALUES ('1048', 'GAL02-054', 'Pseudomonas aeruginosa', 'GEMARA') ON DUPLICATE KEY UPDATE isolate_name = 'GAL02-054', species = 'Pseudomonas aeruginosa', project_name = 'GEMARA'; 
INSERT INTO metadata_clinic(clinic_id, isolate_id, sample_type, collection_ward) VALUES ('982', '1048', '1', 'Servicios médicos adultos') ON DUPLICATE KEY UPDATE sample_type = '1', collection_ward = 'Servicios médicos adultos'; 
INSERT INTO phenotypic_data(phenotypic_data_id, isolate_id, ecdc_resistance_profile, cloxa_test, mbl_test) VALUES ('982', '1048', 'S', '-', '-') ON DUPLICATE KEY UPDATE ecdc_resistance_profile = 'S', cloxa_test = '-', mbl_test = '-'; 
INSERT INTO sequence_analysis(sequence_analysis_id, isolate_id, ame_loci, beta_lactamase_loci, carbapenemase_loci, other_acq_ab_loci) VALUES ('1048', '1048', '-', '-', '-', '-') ON DUPLICATE KEY UPDATE ame_loci = '-', beta_lactamase_loci = '-', carbapenemase_loci = '-', other_acq_ab_loci = '-'; 
INSERT INTO metadata_general(isolate_id, isolate_name, species, project_name) VALUES ('1049', 'GAL02-018', 'Pseudomonas aeruginosa', 'GEMARA') ON DUPLICATE KEY UPDATE isolate_name = 'GAL02-018', species = 'Pseudomonas aeruginosa', project_name = 'GEMARA'; 
INSERT INTO metadata_clinic(clinic_id, isolate_id, sample_type, collection_ward) VALUES ('983', '1049', '1', 'Servicios médicos adultos') ON DUPLICATE KEY UPDATE sample_type = '1', collection_ward = 'Servicios médicos adultos'; 
INSERT INTO phenotypic_data(phenotypic_data_id, isolate_id, ecdc_resistance_profile, cloxa_test, mbl_test) VALUES ('983', '1049', 'S', '-', '-') ON DUPLICATE KEY UPDATE ecdc_resistance_profile = 'S', cloxa_test = '-', mbl_test = '-'; 
INSERT INTO sequence_analysis(sequence_analysis_id, isolate_id, ame_loci, beta_lactamase_loci, carbapenemase_loci, other_acq_ab_loci) VALUES ('1049', '1049', '-', '-', '-', '-') ON DUPLICATE KEY UPDATE ame_loci = '-', beta_lactamase_loci = '-', carbapenemase_loci = '-', other_acq_ab_loci = '-'; 
INSERT INTO metadata_general(isolate_id, isolate_name, species, project_name) VALUES ('1050', 'GAL02-024', 'Pseudomonas aeruginosa', 'GEMARA') ON DUPLICATE KEY UPDATE isolate_name = 'GAL02-024', species = 'Pseudomonas aeruginosa', project_name = 'GEMARA'; 
INSERT INTO metadata_clinic(clinic_id, isolate_id, sample_type, collection_ward) VALUES ('984', '1050', '22', 'Servicios médicos adultos') ON DUPLICATE KEY UPDATE sample_type = '22', collection_ward = 'Servicios médicos adultos'; 
INSERT INTO phenotypic_data(phenotypic_data_id, isolate_id, ecdc_resistance_profile, cloxa_test, mbl_test) VALUES ('984', '1050', 'S', '-', '-') ON DUPLICATE KEY UPDATE ecdc_resistance_profile = 'S', cloxa_test = '-', mbl_test = '-'; 
INSERT INTO sequence_analysis(sequence_analysis_id, isolate_id, ame_loci, beta_lactamase_loci, carbapenemase_loci, other_acq_ab_loci) VALUES ('1050', '1050', '-', '-', '-', '-') ON DUPLICATE KEY UPDATE ame_loci = '-', beta_lactamase_loci = '-', carbapenemase_loci = '-', other_acq_ab_loci = '-'; 
INSERT INTO metadata_general(isolate_id, isolate_name, species, project_name) VALUES ('1051', 'GAL02-039', 'Pseudomonas aeruginosa', 'GEMARA') ON DUPLICATE KEY UPDATE isolate_name = 'GAL02-039', species = 'Pseudomonas aeruginosa', project_name = 'GEMARA'; 
INSERT INTO metadata_clinic(clinic_id, isolate_id, sample_type, collection_ward) VALUES ('985', '1051', '12', 'Servicios médicos adultos') ON DUPLICATE KEY UPDATE sample_type = '12', collection_ward = 'Servicios médicos adultos'; 
INSERT INTO phenotypic_data(phenotypic_data_id, isolate_id, ecdc_resistance_profile, cloxa_test, mbl_test) VALUES ('985', '1051', 'S', '-', '-') ON DUPLICATE KEY UPDATE ecdc_resistance_profile = 'S', cloxa_test = '-', mbl_test = '-'; 
INSERT INTO sequence_analysis(sequence_analysis_id, isolate_id, ame_loci, beta_lactamase_loci, carbapenemase_loci, other_acq_ab_loci) VALUES ('1051', '1051', '-', '-', '-', '-') ON DUPLICATE KEY UPDATE ame_loci = '-', beta_lactamase_loci = '-', carbapenemase_loci = '-', other_acq_ab_loci = '-'; 
INSERT INTO metadata_general(isolate_id, isolate_name, species, project_name) VALUES ('1052', 'GAL02-002', 'Pseudomonas aeruginosa', 'GEMARA') ON DUPLICATE KEY UPDATE isolate_name = 'GAL02-002', species = 'Pseudomonas aeruginosa', project_name = 'GEMARA'; 
INSERT INTO metadata_clinic(clinic_id, isolate_id, sample_type, collection_ward) VALUES ('986', '1052', '1', 'Servicios médicos adultos') ON DUPLICATE KEY UPDATE sample_type = '1', collection_ward = 'Servicios médicos adultos'; 
INSERT INTO phenotypic_data(phenotypic_data_id, isolate_id, ecdc_resistance_profile, cloxa_test, mbl_test) VALUES ('986', '1052', 'S', '-', '-') ON DUPLICATE KEY UPDATE ecdc_resistance_profile = 'S', cloxa_test = '-', mbl_test = '-'; 
INSERT INTO sequence_analysis(sequence_analysis_id, isolate_id, ame_loci, beta_lactamase_loci, carbapenemase_loci, other_acq_ab_loci) VALUES ('1052', '1052', '-', '-', '-', '-') ON DUPLICATE KEY UPDATE ame_loci = '-', beta_lactamase_loci = '-', carbapenemase_loci = '-', other_acq_ab_loci = '-'; 
INSERT INTO metadata_general(isolate_id, isolate_name, species, project_name) VALUES ('1053', 'GAL02-012', 'Pseudomonas aeruginosa', 'GEMARA') ON DUPLICATE KEY UPDATE isolate_name = 'GAL02-012', species = 'Pseudomonas aeruginosa', project_name = 'GEMARA'; 
INSERT INTO metadata_clinic(clinic_id, isolate_id, sample_type, collection_ward) VALUES ('987', '1053', '7', 'UCI Adultos') ON DUPLICATE KEY UPDATE sample_type = '7', collection_ward = 'UCI Adultos'; 
INSERT INTO phenotypic_data(phenotypic_data_id, isolate_id, ecdc_resistance_profile, cloxa_test, mbl_test) VALUES ('987', '1053', 'S', '-', '-') ON DUPLICATE KEY UPDATE ecdc_resistance_profile = 'S', cloxa_test = '-', mbl_test = '-'; 
INSERT INTO sequence_analysis(sequence_analysis_id, isolate_id, ame_loci, beta_lactamase_loci, carbapenemase_loci, other_acq_ab_loci) VALUES ('1053', '1053', '-', '-', '-', '-') ON DUPLICATE KEY UPDATE ame_loci = '-', beta_lactamase_loci = '-', carbapenemase_loci = '-', other_acq_ab_loci = '-'; 
INSERT INTO metadata_general(isolate_id, isolate_name, species, project_name) VALUES ('1054', 'GAL02-017', 'Pseudomonas aeruginosa', 'GEMARA') ON DUPLICATE KEY UPDATE isolate_name = 'GAL02-017', species = 'Pseudomonas aeruginosa', project_name = 'GEMARA'; 
INSERT INTO metadata_clinic(clinic_id, isolate_id, sample_type, collection_ward) VALUES ('988', '1054', '1', 'Servicios médicos adultos') ON DUPLICATE KEY UPDATE sample_type = '1', collection_ward = 'Servicios médicos adultos'; 
INSERT INTO phenotypic_data(phenotypic_data_id, isolate_id, ecdc_resistance_profile, cloxa_test, mbl_test) VALUES ('988', '1054', 'S', '-', '-') ON DUPLICATE KEY UPDATE ecdc_resistance_profile = 'S', cloxa_test = '-', mbl_test = '-'; 
INSERT INTO sequence_analysis(sequence_analysis_id, isolate_id, ame_loci, beta_lactamase_loci, carbapenemase_loci, other_acq_ab_loci) VALUES ('1054', '1054', '-', '-', '-', '-') ON DUPLICATE KEY UPDATE ame_loci = '-', beta_lactamase_loci = '-', carbapenemase_loci = '-', other_acq_ab_loci = '-'; 
INSERT INTO metadata_general(isolate_id, isolate_name, species, project_name) VALUES ('1055', 'GAL02-027', 'Pseudomonas aeruginosa', 'GEMARA') ON DUPLICATE KEY UPDATE isolate_name = 'GAL02-027', species = 'Pseudomonas aeruginosa', project_name = 'GEMARA'; 
INSERT INTO metadata_clinic(clinic_id, isolate_id, sample_type, collection_ward) VALUES ('989', '1055', '4', 'Servicios médicos adultos') ON DUPLICATE KEY UPDATE sample_type = '4', collection_ward = 'Servicios médicos adultos'; 
INSERT INTO phenotypic_data(phenotypic_data_id, isolate_id, ecdc_resistance_profile, cloxa_test, mbl_test) VALUES ('989', '1055', 'S', '-', '-') ON DUPLICATE KEY UPDATE ecdc_resistance_profile = 'S', cloxa_test = '-', mbl_test = '-'; 
INSERT INTO sequence_analysis(sequence_analysis_id, isolate_id, ame_loci, beta_lactamase_loci, carbapenemase_loci, other_acq_ab_loci) VALUES ('1055', '1055', '-', '-', '-', '-') ON DUPLICATE KEY UPDATE ame_loci = '-', beta_lactamase_loci = '-', carbapenemase_loci = '-', other_acq_ab_loci = '-'; 
INSERT INTO metadata_general(isolate_id, isolate_name, species, project_name) VALUES ('1056', 'GAL02-046', 'Pseudomonas aeruginosa', 'GEMARA') ON DUPLICATE KEY UPDATE isolate_name = 'GAL02-046', species = 'Pseudomonas aeruginosa', project_name = 'GEMARA'; 
INSERT INTO metadata_clinic(clinic_id, isolate_id, sample_type, collection_ward) VALUES ('990', '1056', '9', 'Servicios médicos adultos') ON DUPLICATE KEY UPDATE sample_type = '9', collection_ward = 'Servicios médicos adultos'; 
INSERT INTO phenotypic_data(phenotypic_data_id, isolate_id, ecdc_resistance_profile, cloxa_test, mbl_test) VALUES ('990', '1056', 'S', '-', '-') ON DUPLICATE KEY UPDATE ecdc_resistance_profile = 'S', cloxa_test = '-', mbl_test = '-'; 
INSERT INTO sequence_analysis(sequence_analysis_id, isolate_id, ame_loci, beta_lactamase_loci, carbapenemase_loci, other_acq_ab_loci) VALUES ('1056', '1056', '-', '-', '-', '-') ON DUPLICATE KEY UPDATE ame_loci = '-', beta_lactamase_loci = '-', carbapenemase_loci = '-', other_acq_ab_loci = '-'; 
INSERT INTO metadata_general(isolate_id, isolate_name, species, project_name) VALUES ('1057', 'GAL02-048', 'Pseudomonas aeruginosa', 'GEMARA') ON DUPLICATE KEY UPDATE isolate_name = 'GAL02-048', species = 'Pseudomonas aeruginosa', project_name = 'GEMARA'; 
INSERT INTO metadata_clinic(clinic_id, isolate_id, sample_type, collection_ward) VALUES ('991', '1057', '8', 'Servicios quirúrgicos adultos') ON DUPLICATE KEY UPDATE sample_type = '8', collection_ward = 'Servicios quirúrgicos adultos'; 
INSERT INTO phenotypic_data(phenotypic_data_id, isolate_id, ecdc_resistance_profile, cloxa_test, mbl_test) VALUES ('991', '1057', 'S', '-', '-') ON DUPLICATE KEY UPDATE ecdc_resistance_profile = 'S', cloxa_test = '-', mbl_test = '-'; 
INSERT INTO sequence_analysis(sequence_analysis_id, isolate_id, ame_loci, beta_lactamase_loci, carbapenemase_loci, other_acq_ab_loci) VALUES ('1057', '1057', '-', '-', '-', '-') ON DUPLICATE KEY UPDATE ame_loci = '-', beta_lactamase_loci = '-', carbapenemase_loci = '-', other_acq_ab_loci = '-'; 
INSERT INTO metadata_general(isolate_id, isolate_name, species, project_name) VALUES ('1058', 'GAL02-014', 'Pseudomonas aeruginosa', 'GEMARA') ON DUPLICATE KEY UPDATE isolate_name = 'GAL02-014', species = 'Pseudomonas aeruginosa', project_name = 'GEMARA'; 
INSERT INTO metadata_clinic(clinic_id, isolate_id, sample_type, collection_ward) VALUES ('992', '1058', '1', 'UCI Adultos') ON DUPLICATE KEY UPDATE sample_type = '1', collection_ward = 'UCI Adultos'; 
INSERT INTO phenotypic_data(phenotypic_data_id, isolate_id, ecdc_resistance_profile, cloxa_test, mbl_test) VALUES ('992', '1058', 'S', '-', '-') ON DUPLICATE KEY UPDATE ecdc_resistance_profile = 'S', cloxa_test = '-', mbl_test = '-'; 
INSERT INTO sequence_analysis(sequence_analysis_id, isolate_id, ame_loci, beta_lactamase_loci, carbapenemase_loci, other_acq_ab_loci) VALUES ('1058', '1058', '-', '-', '-', '-') ON DUPLICATE KEY UPDATE ame_loci = '-', beta_lactamase_loci = '-', carbapenemase_loci = '-', other_acq_ab_loci = '-'; 
INSERT INTO metadata_general(isolate_id, isolate_name, species, project_name) VALUES ('1059', 'GAL02-026', 'Pseudomonas aeruginosa', 'GEMARA') ON DUPLICATE KEY UPDATE isolate_name = 'GAL02-026', species = 'Pseudomonas aeruginosa', project_name = 'GEMARA'; 
INSERT INTO metadata_clinic(clinic_id, isolate_id, sample_type, collection_ward) VALUES ('993', '1059', '8', 'Servicios quirúrgicos adultos') ON DUPLICATE KEY UPDATE sample_type = '8', collection_ward = 'Servicios quirúrgicos adultos'; 
INSERT INTO phenotypic_data(phenotypic_data_id, isolate_id, ecdc_resistance_profile, cloxa_test, mbl_test) VALUES ('993', '1059', 'S', '-', '-') ON DUPLICATE KEY UPDATE ecdc_resistance_profile = 'S', cloxa_test = '-', mbl_test = '-'; 
INSERT INTO sequence_analysis(sequence_analysis_id, isolate_id, ame_loci, beta_lactamase_loci, carbapenemase_loci, other_acq_ab_loci) VALUES ('1059', '1059', '-', '-', '-', '-') ON DUPLICATE KEY UPDATE ame_loci = '-', beta_lactamase_loci = '-', carbapenemase_loci = '-', other_acq_ab_loci = '-'; 
INSERT INTO metadata_general(isolate_id, isolate_name, species, project_name) VALUES ('121', 'GAL02-011', 'Pseudomonas aeruginosa', 'GEMARA') ON DUPLICATE KEY UPDATE isolate_name = 'GAL02-011', species = 'Pseudomonas aeruginosa', project_name = 'GEMARA'; 
INSERT INTO metadata_clinic(clinic_id, isolate_id, sample_type, collection_ward) VALUES ('994', '121', '7', 'UCI Adultos') ON DUPLICATE KEY UPDATE sample_type = '7', collection_ward = 'UCI Adultos'; 
INSERT INTO phenotypic_data(phenotypic_data_id, isolate_id, ecdc_resistance_profile, cloxa_test, mbl_test) VALUES ('994', '121', 'XDR', '+/+', '-') ON DUPLICATE KEY UPDATE ecdc_resistance_profile = 'XDR', cloxa_test = '+/+', mbl_test = '-'; 
INSERT INTO sequence_analysis(sequence_analysis_id, isolate_id, ame_loci, beta_lactamase_loci, carbapenemase_loci, other_acq_ab_loci) VALUES ('121', '121', 'aacA4, aac(6\')Ib-cr', '-', '-', 'cmIA1') ON DUPLICATE KEY UPDATE ame_loci = 'aacA4, aac(6\')Ib-cr', beta_lactamase_loci = '-', carbapenemase_loci = '-', other_acq_ab_loci = 'cmIA1'; 
INSERT INTO metadata_general(isolate_id, isolate_name, species, project_name) VALUES ('123', 'GAL02-022', 'Pseudomonas aeruginosa', 'GEMARA') ON DUPLICATE KEY UPDATE isolate_name = 'GAL02-022', species = 'Pseudomonas aeruginosa', project_name = 'GEMARA'; 
INSERT INTO metadata_clinic(clinic_id, isolate_id, sample_type, collection_ward) VALUES ('995', '123', '21', 'Servicios quirúrgicos adultos') ON DUPLICATE KEY UPDATE sample_type = '21', collection_ward = 'Servicios quirúrgicos adultos'; 
INSERT INTO phenotypic_data(phenotypic_data_id, isolate_id, ecdc_resistance_profile, cloxa_test, mbl_test) VALUES ('995', '123', 'XDR', '+/+', '-') ON DUPLICATE KEY UPDATE ecdc_resistance_profile = 'XDR', cloxa_test = '+/+', mbl_test = '-'; 
INSERT INTO sequence_analysis(sequence_analysis_id, isolate_id, ame_loci, beta_lactamase_loci, carbapenemase_loci, other_acq_ab_loci) VALUES ('123', '123', 'aadA6', '-', '-', 'strA, strB') ON DUPLICATE KEY UPDATE ame_loci = 'aadA6', beta_lactamase_loci = '-', carbapenemase_loci = '-', other_acq_ab_loci = 'strA, strB'; 
INSERT INTO metadata_general(isolate_id, isolate_name, species, project_name) VALUES ('122', 'GAL02-019', 'Pseudomonas aeruginosa', 'GEMARA') ON DUPLICATE KEY UPDATE isolate_name = 'GAL02-019', species = 'Pseudomonas aeruginosa', project_name = 'GEMARA'; 
INSERT INTO metadata_clinic(clinic_id, isolate_id, sample_type, collection_ward) VALUES ('996', '122', '15', 'Servicios quirúrgicos adultos') ON DUPLICATE KEY UPDATE sample_type = '15', collection_ward = 'Servicios quirúrgicos adultos'; 
INSERT INTO phenotypic_data(phenotypic_data_id, isolate_id, ecdc_resistance_profile, cloxa_test, mbl_test) VALUES ('996', '122', 'XDR', '-/+', '-') ON DUPLICATE KEY UPDATE ecdc_resistance_profile = 'XDR', cloxa_test = '-/+', mbl_test = '-'; 
INSERT INTO sequence_analysis(sequence_analysis_id, isolate_id, ame_loci, beta_lactamase_loci, carbapenemase_loci, other_acq_ab_loci) VALUES ('122', '122', '-', '-', '-', '-') ON DUPLICATE KEY UPDATE ame_loci = '-', beta_lactamase_loci = '-', carbapenemase_loci = '-', other_acq_ab_loci = '-'; 
INSERT INTO metadata_general(isolate_id, isolate_name, species, project_name) VALUES ('1060', 'GAL03-008', 'Pseudomonas aeruginosa', 'GEMARA') ON DUPLICATE KEY UPDATE isolate_name = 'GAL03-008', species = 'Pseudomonas aeruginosa', project_name = 'GEMARA'; 
INSERT INTO metadata_clinic(clinic_id, isolate_id, sample_type, collection_ward) VALUES ('997', '1060', '3', 'Consultas externas') ON DUPLICATE KEY UPDATE sample_type = '3', collection_ward = 'Consultas externas'; 
INSERT INTO phenotypic_data(phenotypic_data_id, isolate_id, ecdc_resistance_profile, cloxa_test, mbl_test) VALUES ('997', '1060', 'MDR', '-', '-') ON DUPLICATE KEY UPDATE ecdc_resistance_profile = 'MDR', cloxa_test = '-', mbl_test = '-'; 
INSERT INTO sequence_analysis(sequence_analysis_id, isolate_id, ame_loci, beta_lactamase_loci, carbapenemase_loci, other_acq_ab_loci) VALUES ('1060', '1060', '-', '-', '-', '-') ON DUPLICATE KEY UPDATE ame_loci = '-', beta_lactamase_loci = '-', carbapenemase_loci = '-', other_acq_ab_loci = '-'; 
INSERT INTO metadata_general(isolate_id, isolate_name, species, project_name) VALUES ('1061', 'GAL03-015', 'Pseudomonas aeruginosa', 'GEMARA') ON DUPLICATE KEY UPDATE isolate_name = 'GAL03-015', species = 'Pseudomonas aeruginosa', project_name = 'GEMARA'; 
INSERT INTO metadata_clinic(clinic_id, isolate_id, sample_type, collection_ward) VALUES ('998', '1061', '15', 'Consultas externas') ON DUPLICATE KEY UPDATE sample_type = '15', collection_ward = 'Consultas externas'; 
INSERT INTO phenotypic_data(phenotypic_data_id, isolate_id, ecdc_resistance_profile, cloxa_test, mbl_test) VALUES ('998', '1061', 'S', '-', '-') ON DUPLICATE KEY UPDATE ecdc_resistance_profile = 'S', cloxa_test = '-', mbl_test = '-'; 
INSERT INTO sequence_analysis(sequence_analysis_id, isolate_id, ame_loci, beta_lactamase_loci, carbapenemase_loci, other_acq_ab_loci) VALUES ('1061', '1061', '-', '-', '-', '-') ON DUPLICATE KEY UPDATE ame_loci = '-', beta_lactamase_loci = '-', carbapenemase_loci = '-', other_acq_ab_loci = '-'; 
INSERT INTO metadata_general(isolate_id, isolate_name, species, project_name) VALUES ('1062', 'GAL03-026', 'Pseudomonas aeruginosa', 'GEMARA') ON DUPLICATE KEY UPDATE isolate_name = 'GAL03-026', species = 'Pseudomonas aeruginosa', project_name = 'GEMARA'; 
INSERT INTO metadata_clinic(clinic_id, isolate_id, sample_type, collection_ward) VALUES ('999', '1062', '22', 'Centro sociosanitario') ON DUPLICATE KEY UPDATE sample_type = '22', collection_ward = 'Centro sociosanitario'; 
INSERT INTO phenotypic_data(phenotypic_data_id, isolate_id, ecdc_resistance_profile, cloxa_test, mbl_test) VALUES ('999', '1062', 'S', '-', '-') ON DUPLICATE KEY UPDATE ecdc_resistance_profile = 'S', cloxa_test = '-', mbl_test = '-'; 
INSERT INTO sequence_analysis(sequence_analysis_id, isolate_id, ame_loci, beta_lactamase_loci, carbapenemase_loci, other_acq_ab_loci) VALUES ('1062', '1062', '-', '-', '-', '-') ON DUPLICATE KEY UPDATE ame_loci = '-', beta_lactamase_loci = '-', carbapenemase_loci = '-', other_acq_ab_loci = '-'; 
INSERT INTO metadata_general(isolate_id, isolate_name, species, project_name) VALUES ('1063', 'GAL03-028', 'Pseudomonas aeruginosa', 'GEMARA') ON DUPLICATE KEY UPDATE isolate_name = 'GAL03-028', species = 'Pseudomonas aeruginosa', project_name = 'GEMARA'; 
INSERT INTO metadata_clinic(clinic_id, isolate_id, sample_type, collection_ward) VALUES ('1000', '1063', '5', 'Urgencias adultos') ON DUPLICATE KEY UPDATE sample_type = '5', collection_ward = 'Urgencias adultos'; 
INSERT INTO phenotypic_data(phenotypic_data_id, isolate_id, ecdc_resistance_profile, cloxa_test, mbl_test) VALUES ('1000', '1063', 'S', '-', '-') ON DUPLICATE KEY UPDATE ecdc_resistance_profile = 'S', cloxa_test = '-', mbl_test = '-'; 
INSERT INTO sequence_analysis(sequence_analysis_id, isolate_id, ame_loci, beta_lactamase_loci, carbapenemase_loci, other_acq_ab_loci) VALUES ('1063', '1063', '-', '-', '-', '-') ON DUPLICATE KEY UPDATE ame_loci = '-', beta_lactamase_loci = '-', carbapenemase_loci = '-', other_acq_ab_loci = '-'; 
INSERT INTO metadata_general(isolate_id, isolate_name, species, project_name) VALUES ('1064', 'GAL03-033', 'Pseudomonas aeruginosa', 'GEMARA') ON DUPLICATE KEY UPDATE isolate_name = 'GAL03-033', species = 'Pseudomonas aeruginosa', project_name = 'GEMARA'; 
INSERT INTO metadata_clinic(clinic_id, isolate_id, sample_type, collection_ward) VALUES ('1001', '1064', '15', 'Servicios médicos adultos') ON DUPLICATE KEY UPDATE sample_type = '15', collection_ward = 'Servicios médicos adultos'; 
INSERT INTO phenotypic_data(phenotypic_data_id, isolate_id, ecdc_resistance_profile, cloxa_test, mbl_test) VALUES ('1001', '1064', 'S', '-', '-') ON DUPLICATE KEY UPDATE ecdc_resistance_profile = 'S', cloxa_test = '-', mbl_test = '-'; 
INSERT INTO sequence_analysis(sequence_analysis_id, isolate_id, ame_loci, beta_lactamase_loci, carbapenemase_loci, other_acq_ab_loci) VALUES ('1064', '1064', '-', '-', '-', '-') ON DUPLICATE KEY UPDATE ame_loci = '-', beta_lactamase_loci = '-', carbapenemase_loci = '-', other_acq_ab_loci = '-'; 
INSERT INTO metadata_general(isolate_id, isolate_name, species, project_name) VALUES ('1065', 'GAL03-027', 'Pseudomonas aeruginosa', 'GEMARA') ON DUPLICATE KEY UPDATE isolate_name = 'GAL03-027', species = 'Pseudomonas aeruginosa', project_name = 'GEMARA'; 
INSERT INTO metadata_clinic(clinic_id, isolate_id, sample_type, collection_ward) VALUES ('1002', '1065', '5', 'Servicios médicos adultos') ON DUPLICATE KEY UPDATE sample_type = '5', collection_ward = 'Servicios médicos adultos'; 
INSERT INTO phenotypic_data(phenotypic_data_id, isolate_id, ecdc_resistance_profile, cloxa_test, mbl_test) VALUES ('1002', '1065', 'S', '-', '-') ON DUPLICATE KEY UPDATE ecdc_resistance_profile = 'S', cloxa_test = '-', mbl_test = '-'; 
INSERT INTO sequence_analysis(sequence_analysis_id, isolate_id, ame_loci, beta_lactamase_loci, carbapenemase_loci, other_acq_ab_loci) VALUES ('1065', '1065', '-', '-', '-', '-') ON DUPLICATE KEY UPDATE ame_loci = '-', beta_lactamase_loci = '-', carbapenemase_loci = '-', other_acq_ab_loci = '-'; 
INSERT INTO metadata_general(isolate_id, isolate_name, species, project_name) VALUES ('1066', 'GAL03-007', 'Pseudomonas aeruginosa', 'GEMARA') ON DUPLICATE KEY UPDATE isolate_name = 'GAL03-007', species = 'Pseudomonas aeruginosa', project_name = 'GEMARA'; 
INSERT INTO metadata_clinic(clinic_id, isolate_id, sample_type, collection_ward) VALUES ('1003', '1066', '8', 'Servicios médicos adultos') ON DUPLICATE KEY UPDATE sample_type = '8', collection_ward = 'Servicios médicos adultos'; 
INSERT INTO phenotypic_data(phenotypic_data_id, isolate_id, ecdc_resistance_profile, cloxa_test, mbl_test) VALUES ('1003', '1066', 'S', '-', '-') ON DUPLICATE KEY UPDATE ecdc_resistance_profile = 'S', cloxa_test = '-', mbl_test = '-'; 
INSERT INTO sequence_analysis(sequence_analysis_id, isolate_id, ame_loci, beta_lactamase_loci, carbapenemase_loci, other_acq_ab_loci) VALUES ('1066', '1066', '-', '-', '-', '-') ON DUPLICATE KEY UPDATE ame_loci = '-', beta_lactamase_loci = '-', carbapenemase_loci = '-', other_acq_ab_loci = '-'; 
INSERT INTO metadata_general(isolate_id, isolate_name, species, project_name) VALUES ('1067', 'GAL03-005', 'Pseudomonas aeruginosa', 'GEMARA') ON DUPLICATE KEY UPDATE isolate_name = 'GAL03-005', species = 'Pseudomonas aeruginosa', project_name = 'GEMARA'; 
INSERT INTO metadata_clinic(clinic_id, isolate_id, sample_type, collection_ward) VALUES ('1004', '1067', '7', 'Servicios médicos pediatría') ON DUPLICATE KEY UPDATE sample_type = '7', collection_ward = 'Servicios médicos pediatría'; 
INSERT INTO phenotypic_data(phenotypic_data_id, isolate_id, ecdc_resistance_profile, cloxa_test, mbl_test) VALUES ('1004', '1067', 'S', '-', '-') ON DUPLICATE KEY UPDATE ecdc_resistance_profile = 'S', cloxa_test = '-', mbl_test = '-'; 
INSERT INTO sequence_analysis(sequence_analysis_id, isolate_id, ame_loci, beta_lactamase_loci, carbapenemase_loci, other_acq_ab_loci) VALUES ('1067', '1067', '-', '-', '-', '-') ON DUPLICATE KEY UPDATE ame_loci = '-', beta_lactamase_loci = '-', carbapenemase_loci = '-', other_acq_ab_loci = '-'; 
INSERT INTO metadata_general(isolate_id, isolate_name, species, project_name) VALUES ('1068', 'GAL03-031', 'Pseudomonas aeruginosa', 'GEMARA') ON DUPLICATE KEY UPDATE isolate_name = 'GAL03-031', species = 'Pseudomonas aeruginosa', project_name = 'GEMARA'; 
INSERT INTO metadata_clinic(clinic_id, isolate_id, sample_type, collection_ward) VALUES ('1005', '1068', '15', 'Urgencias adultos') ON DUPLICATE KEY UPDATE sample_type = '15', collection_ward = 'Urgencias adultos'; 
INSERT INTO phenotypic_data(phenotypic_data_id, isolate_id, ecdc_resistance_profile, cloxa_test, mbl_test) VALUES ('1005', '1068', 'S', '-', '-') ON DUPLICATE KEY UPDATE ecdc_resistance_profile = 'S', cloxa_test = '-', mbl_test = '-'; 
INSERT INTO sequence_analysis(sequence_analysis_id, isolate_id, ame_loci, beta_lactamase_loci, carbapenemase_loci, other_acq_ab_loci) VALUES ('1068', '1068', '-', '-', '-', '-') ON DUPLICATE KEY UPDATE ame_loci = '-', beta_lactamase_loci = '-', carbapenemase_loci = '-', other_acq_ab_loci = '-'; 
INSERT INTO metadata_general(isolate_id, isolate_name, species, project_name) VALUES ('1069', 'GAL03-001', 'Pseudomonas aeruginosa', 'GEMARA') ON DUPLICATE KEY UPDATE isolate_name = 'GAL03-001', species = 'Pseudomonas aeruginosa', project_name = 'GEMARA'; 
INSERT INTO metadata_clinic(clinic_id, isolate_id, sample_type, collection_ward) VALUES ('1006', '1069', '21', 'Servicios quirúrgicos adultos') ON DUPLICATE KEY UPDATE sample_type = '21', collection_ward = 'Servicios quirúrgicos adultos'; 
INSERT INTO phenotypic_data(phenotypic_data_id, isolate_id, ecdc_resistance_profile, cloxa_test, mbl_test) VALUES ('1006', '1069', 'S', '-', '-') ON DUPLICATE KEY UPDATE ecdc_resistance_profile = 'S', cloxa_test = '-', mbl_test = '-'; 
INSERT INTO sequence_analysis(sequence_analysis_id, isolate_id, ame_loci, beta_lactamase_loci, carbapenemase_loci, other_acq_ab_loci) VALUES ('1069', '1069', '-', '-', '-', '-') ON DUPLICATE KEY UPDATE ame_loci = '-', beta_lactamase_loci = '-', carbapenemase_loci = '-', other_acq_ab_loci = '-'; 
INSERT INTO metadata_general(isolate_id, isolate_name, species, project_name) VALUES ('1070', 'GAL03-002', 'Pseudomonas aeruginosa', 'GEMARA') ON DUPLICATE KEY UPDATE isolate_name = 'GAL03-002', species = 'Pseudomonas aeruginosa', project_name = 'GEMARA'; 
INSERT INTO metadata_clinic(clinic_id, isolate_id, sample_type, collection_ward) VALUES ('1007', '1070', '22', 'Consultas externas') ON DUPLICATE KEY UPDATE sample_type = '22', collection_ward = 'Consultas externas'; 
INSERT INTO phenotypic_data(phenotypic_data_id, isolate_id, ecdc_resistance_profile, cloxa_test, mbl_test) VALUES ('1007', '1070', 'S', '-', '-') ON DUPLICATE KEY UPDATE ecdc_resistance_profile = 'S', cloxa_test = '-', mbl_test = '-'; 
INSERT INTO sequence_analysis(sequence_analysis_id, isolate_id, ame_loci, beta_lactamase_loci, carbapenemase_loci, other_acq_ab_loci) VALUES ('1070', '1070', '-', '-', '-', '-') ON DUPLICATE KEY UPDATE ame_loci = '-', beta_lactamase_loci = '-', carbapenemase_loci = '-', other_acq_ab_loci = '-'; 
INSERT INTO metadata_general(isolate_id, isolate_name, species, project_name) VALUES ('1071', 'GAL03-009', 'Pseudomonas aeruginosa', 'GEMARA') ON DUPLICATE KEY UPDATE isolate_name = 'GAL03-009', species = 'Pseudomonas aeruginosa', project_name = 'GEMARA'; 
INSERT INTO metadata_clinic(clinic_id, isolate_id, sample_type, collection_ward) VALUES ('1008', '1071', '5', 'Urgencias adultos') ON DUPLICATE KEY UPDATE sample_type = '5', collection_ward = 'Urgencias adultos'; 
INSERT INTO phenotypic_data(phenotypic_data_id, isolate_id, ecdc_resistance_profile, cloxa_test, mbl_test) VALUES ('1008', '1071', 'S', '-', '-') ON DUPLICATE KEY UPDATE ecdc_resistance_profile = 'S', cloxa_test = '-', mbl_test = '-'; 
INSERT INTO sequence_analysis(sequence_analysis_id, isolate_id, ame_loci, beta_lactamase_loci, carbapenemase_loci, other_acq_ab_loci) VALUES ('1071', '1071', '-', '-', '-', '-') ON DUPLICATE KEY UPDATE ame_loci = '-', beta_lactamase_loci = '-', carbapenemase_loci = '-', other_acq_ab_loci = '-'; 
INSERT INTO metadata_general(isolate_id, isolate_name, species, project_name) VALUES ('1072', 'GAL03-003', 'Pseudomonas aeruginosa', 'GEMARA') ON DUPLICATE KEY UPDATE isolate_name = 'GAL03-003', species = 'Pseudomonas aeruginosa', project_name = 'GEMARA'; 
INSERT INTO metadata_clinic(clinic_id, isolate_id, sample_type, collection_ward) VALUES ('1009', '1072', '15', 'Servicios quirúrgicos adultos') ON DUPLICATE KEY UPDATE sample_type = '15', collection_ward = 'Servicios quirúrgicos adultos'; 
INSERT INTO phenotypic_data(phenotypic_data_id, isolate_id, ecdc_resistance_profile, cloxa_test, mbl_test) VALUES ('1009', '1072', 'S', '-', '-') ON DUPLICATE KEY UPDATE ecdc_resistance_profile = 'S', cloxa_test = '-', mbl_test = '-'; 
INSERT INTO sequence_analysis(sequence_analysis_id, isolate_id, ame_loci, beta_lactamase_loci, carbapenemase_loci, other_acq_ab_loci) VALUES ('1072', '1072', '-', '-', '-', '-') ON DUPLICATE KEY UPDATE ame_loci = '-', beta_lactamase_loci = '-', carbapenemase_loci = '-', other_acq_ab_loci = '-'; 
INSERT INTO metadata_general(isolate_id, isolate_name, species, project_name) VALUES ('1073', 'GAL03-017', 'Pseudomonas aeruginosa', 'GEMARA') ON DUPLICATE KEY UPDATE isolate_name = 'GAL03-017', species = 'Pseudomonas aeruginosa', project_name = 'GEMARA'; 
INSERT INTO metadata_clinic(clinic_id, isolate_id, sample_type, collection_ward) VALUES ('1010', '1073', '5', 'Consultas externas') ON DUPLICATE KEY UPDATE sample_type = '5', collection_ward = 'Consultas externas'; 
INSERT INTO phenotypic_data(phenotypic_data_id, isolate_id, ecdc_resistance_profile, cloxa_test, mbl_test) VALUES ('1010', '1073', 'S', '-', '-') ON DUPLICATE KEY UPDATE ecdc_resistance_profile = 'S', cloxa_test = '-', mbl_test = '-'; 
INSERT INTO sequence_analysis(sequence_analysis_id, isolate_id, ame_loci, beta_lactamase_loci, carbapenemase_loci, other_acq_ab_loci) VALUES ('1073', '1073', '-', '-', '-', '-') ON DUPLICATE KEY UPDATE ame_loci = '-', beta_lactamase_loci = '-', carbapenemase_loci = '-', other_acq_ab_loci = '-'; 
INSERT INTO metadata_general(isolate_id, isolate_name, species, project_name) VALUES ('1074', 'GAL03-029', 'Pseudomonas aeruginosa', 'GEMARA') ON DUPLICATE KEY UPDATE isolate_name = 'GAL03-029', species = 'Pseudomonas aeruginosa', project_name = 'GEMARA'; 
INSERT INTO metadata_clinic(clinic_id, isolate_id, sample_type, collection_ward) VALUES ('1011', '1074', '5', 'Consultas externas') ON DUPLICATE KEY UPDATE sample_type = '5', collection_ward = 'Consultas externas'; 
INSERT INTO phenotypic_data(phenotypic_data_id, isolate_id, ecdc_resistance_profile, cloxa_test, mbl_test) VALUES ('1011', '1074', 'S', '-', '-') ON DUPLICATE KEY UPDATE ecdc_resistance_profile = 'S', cloxa_test = '-', mbl_test = '-'; 
INSERT INTO sequence_analysis(sequence_analysis_id, isolate_id, ame_loci, beta_lactamase_loci, carbapenemase_loci, other_acq_ab_loci) VALUES ('1074', '1074', '-', '-', '-', '-') ON DUPLICATE KEY UPDATE ame_loci = '-', beta_lactamase_loci = '-', carbapenemase_loci = '-', other_acq_ab_loci = '-'; 
INSERT INTO metadata_general(isolate_id, isolate_name, species, project_name) VALUES ('1075', 'GAL03-014', 'Pseudomonas aeruginosa', 'GEMARA') ON DUPLICATE KEY UPDATE isolate_name = 'GAL03-014', species = 'Pseudomonas aeruginosa', project_name = 'GEMARA'; 
INSERT INTO metadata_clinic(clinic_id, isolate_id, sample_type, collection_ward) VALUES ('1012', '1075', '31', 'Servicios médicos adultos') ON DUPLICATE KEY UPDATE sample_type = '31', collection_ward = 'Servicios médicos adultos'; 
INSERT INTO phenotypic_data(phenotypic_data_id, isolate_id, ecdc_resistance_profile, cloxa_test, mbl_test) VALUES ('1012', '1075', 'S', '-', '-') ON DUPLICATE KEY UPDATE ecdc_resistance_profile = 'S', cloxa_test = '-', mbl_test = '-'; 
INSERT INTO sequence_analysis(sequence_analysis_id, isolate_id, ame_loci, beta_lactamase_loci, carbapenemase_loci, other_acq_ab_loci) VALUES ('1075', '1075', '-', '-', '-', '-') ON DUPLICATE KEY UPDATE ame_loci = '-', beta_lactamase_loci = '-', carbapenemase_loci = '-', other_acq_ab_loci = '-'; 
INSERT INTO metadata_general(isolate_id, isolate_name, species, project_name) VALUES ('1076', 'GAL03-020', 'Pseudomonas aeruginosa', 'GEMARA') ON DUPLICATE KEY UPDATE isolate_name = 'GAL03-020', species = 'Pseudomonas aeruginosa', project_name = 'GEMARA'; 
INSERT INTO metadata_clinic(clinic_id, isolate_id, sample_type, collection_ward) VALUES ('1013', '1076', '1', 'UCI Adultos') ON DUPLICATE KEY UPDATE sample_type = '1', collection_ward = 'UCI Adultos'; 
INSERT INTO phenotypic_data(phenotypic_data_id, isolate_id, ecdc_resistance_profile, cloxa_test, mbl_test) VALUES ('1013', '1076', 'S', '-', '-') ON DUPLICATE KEY UPDATE ecdc_resistance_profile = 'S', cloxa_test = '-', mbl_test = '-'; 
INSERT INTO sequence_analysis(sequence_analysis_id, isolate_id, ame_loci, beta_lactamase_loci, carbapenemase_loci, other_acq_ab_loci) VALUES ('1076', '1076', '-', '-', '-', '-') ON DUPLICATE KEY UPDATE ame_loci = '-', beta_lactamase_loci = '-', carbapenemase_loci = '-', other_acq_ab_loci = '-'; 
INSERT INTO metadata_general(isolate_id, isolate_name, species, project_name) VALUES ('1077', 'GAL03-022', 'Pseudomonas aeruginosa', 'GEMARA') ON DUPLICATE KEY UPDATE isolate_name = 'GAL03-022', species = 'Pseudomonas aeruginosa', project_name = 'GEMARA'; 
INSERT INTO metadata_clinic(clinic_id, isolate_id, sample_type, collection_ward) VALUES ('1014', '1077', '5', 'Servicios quirúrgicos adultos') ON DUPLICATE KEY UPDATE sample_type = '5', collection_ward = 'Servicios quirúrgicos adultos'; 
INSERT INTO phenotypic_data(phenotypic_data_id, isolate_id, ecdc_resistance_profile, cloxa_test, mbl_test) VALUES ('1014', '1077', 'S', '-', '-') ON DUPLICATE KEY UPDATE ecdc_resistance_profile = 'S', cloxa_test = '-', mbl_test = '-'; 
INSERT INTO sequence_analysis(sequence_analysis_id, isolate_id, ame_loci, beta_lactamase_loci, carbapenemase_loci, other_acq_ab_loci) VALUES ('1077', '1077', '-', '-', '-', '-') ON DUPLICATE KEY UPDATE ame_loci = '-', beta_lactamase_loci = '-', carbapenemase_loci = '-', other_acq_ab_loci = '-'; 
INSERT INTO metadata_general(isolate_id, isolate_name, species, project_name) VALUES ('1078', 'GAL03-032', 'Pseudomonas aeruginosa', 'GEMARA') ON DUPLICATE KEY UPDATE isolate_name = 'GAL03-032', species = 'Pseudomonas aeruginosa', project_name = 'GEMARA'; 
INSERT INTO metadata_clinic(clinic_id, isolate_id, sample_type, collection_ward) VALUES ('1015', '1078', '25', 'Servicios médicos adultos') ON DUPLICATE KEY UPDATE sample_type = '25', collection_ward = 'Servicios médicos adultos'; 
INSERT INTO phenotypic_data(phenotypic_data_id, isolate_id, ecdc_resistance_profile, cloxa_test, mbl_test) VALUES ('1015', '1078', 'S', '-', '-') ON DUPLICATE KEY UPDATE ecdc_resistance_profile = 'S', cloxa_test = '-', mbl_test = '-'; 
INSERT INTO sequence_analysis(sequence_analysis_id, isolate_id, ame_loci, beta_lactamase_loci, carbapenemase_loci, other_acq_ab_loci) VALUES ('1078', '1078', '-', '-', '-', '-') ON DUPLICATE KEY UPDATE ame_loci = '-', beta_lactamase_loci = '-', carbapenemase_loci = '-', other_acq_ab_loci = '-'; 
INSERT INTO metadata_general(isolate_id, isolate_name, species, project_name) VALUES ('1079', 'GAL03-004', 'Pseudomonas aeruginosa', 'GEMARA') ON DUPLICATE KEY UPDATE isolate_name = 'GAL03-004', species = 'Pseudomonas aeruginosa', project_name = 'GEMARA'; 
INSERT INTO metadata_clinic(clinic_id, isolate_id, sample_type, collection_ward) VALUES ('1016', '1079', '6', 'Servicios médicos adultos') ON DUPLICATE KEY UPDATE sample_type = '6', collection_ward = 'Servicios médicos adultos'; 
INSERT INTO phenotypic_data(phenotypic_data_id, isolate_id, ecdc_resistance_profile, cloxa_test, mbl_test) VALUES ('1016', '1079', 'S', '-', '-') ON DUPLICATE KEY UPDATE ecdc_resistance_profile = 'S', cloxa_test = '-', mbl_test = '-'; 
INSERT INTO sequence_analysis(sequence_analysis_id, isolate_id, ame_loci, beta_lactamase_loci, carbapenemase_loci, other_acq_ab_loci) VALUES ('1079', '1079', '-', '-', '-', '-') ON DUPLICATE KEY UPDATE ame_loci = '-', beta_lactamase_loci = '-', carbapenemase_loci = '-', other_acq_ab_loci = '-'; 
INSERT INTO metadata_general(isolate_id, isolate_name, species, project_name) VALUES ('1080', 'GAL03-006', 'Pseudomonas aeruginosa', 'GEMARA') ON DUPLICATE KEY UPDATE isolate_name = 'GAL03-006', species = 'Pseudomonas aeruginosa', project_name = 'GEMARA'; 
INSERT INTO metadata_clinic(clinic_id, isolate_id, sample_type, collection_ward) VALUES ('1017', '1080', '15', 'Servicios quirúrgicos adultos') ON DUPLICATE KEY UPDATE sample_type = '15', collection_ward = 'Servicios quirúrgicos adultos'; 
INSERT INTO phenotypic_data(phenotypic_data_id, isolate_id, ecdc_resistance_profile, cloxa_test, mbl_test) VALUES ('1017', '1080', 'S', '-', '-') ON DUPLICATE KEY UPDATE ecdc_resistance_profile = 'S', cloxa_test = '-', mbl_test = '-'; 
INSERT INTO sequence_analysis(sequence_analysis_id, isolate_id, ame_loci, beta_lactamase_loci, carbapenemase_loci, other_acq_ab_loci) VALUES ('1080', '1080', '-', '-', '-', '-') ON DUPLICATE KEY UPDATE ame_loci = '-', beta_lactamase_loci = '-', carbapenemase_loci = '-', other_acq_ab_loci = '-'; 
INSERT INTO metadata_general(isolate_id, isolate_name, species, project_name) VALUES ('1081', 'GAL03-011', 'Pseudomonas aeruginosa', 'GEMARA') ON DUPLICATE KEY UPDATE isolate_name = 'GAL03-011', species = 'Pseudomonas aeruginosa', project_name = 'GEMARA'; 
INSERT INTO metadata_clinic(clinic_id, isolate_id, sample_type, collection_ward) VALUES ('1018', '1081', '6', 'Urgencias adultos') ON DUPLICATE KEY UPDATE sample_type = '6', collection_ward = 'Urgencias adultos'; 
INSERT INTO phenotypic_data(phenotypic_data_id, isolate_id, ecdc_resistance_profile, cloxa_test, mbl_test) VALUES ('1018', '1081', 'S', '-', '-') ON DUPLICATE KEY UPDATE ecdc_resistance_profile = 'S', cloxa_test = '-', mbl_test = '-'; 
INSERT INTO sequence_analysis(sequence_analysis_id, isolate_id, ame_loci, beta_lactamase_loci, carbapenemase_loci, other_acq_ab_loci) VALUES ('1081', '1081', '-', '-', '-', '-') ON DUPLICATE KEY UPDATE ame_loci = '-', beta_lactamase_loci = '-', carbapenemase_loci = '-', other_acq_ab_loci = '-'; 
INSERT INTO metadata_general(isolate_id, isolate_name, species, project_name) VALUES ('1082', 'GAL03-012', 'Pseudomonas aeruginosa', 'GEMARA') ON DUPLICATE KEY UPDATE isolate_name = 'GAL03-012', species = 'Pseudomonas aeruginosa', project_name = 'GEMARA'; 
INSERT INTO metadata_clinic(clinic_id, isolate_id, sample_type, collection_ward) VALUES ('1019', '1082', '15', 'Servicios médicos adultos') ON DUPLICATE KEY UPDATE sample_type = '15', collection_ward = 'Servicios médicos adultos'; 
INSERT INTO phenotypic_data(phenotypic_data_id, isolate_id, ecdc_resistance_profile, cloxa_test, mbl_test) VALUES ('1019', '1082', 'S', '-', '-') ON DUPLICATE KEY UPDATE ecdc_resistance_profile = 'S', cloxa_test = '-', mbl_test = '-'; 
INSERT INTO sequence_analysis(sequence_analysis_id, isolate_id, ame_loci, beta_lactamase_loci, carbapenemase_loci, other_acq_ab_loci) VALUES ('1082', '1082', '-', '-', '-', '-') ON DUPLICATE KEY UPDATE ame_loci = '-', beta_lactamase_loci = '-', carbapenemase_loci = '-', other_acq_ab_loci = '-'; 
INSERT INTO metadata_general(isolate_id, isolate_name, species, project_name) VALUES ('1083', 'GAL03-016', 'Pseudomonas aeruginosa', 'GEMARA') ON DUPLICATE KEY UPDATE isolate_name = 'GAL03-016', species = 'Pseudomonas aeruginosa', project_name = 'GEMARA'; 
INSERT INTO metadata_clinic(clinic_id, isolate_id, sample_type, collection_ward) VALUES ('1020', '1083', '15', 'Servicios quirúrgicos adultos') ON DUPLICATE KEY UPDATE sample_type = '15', collection_ward = 'Servicios quirúrgicos adultos'; 
INSERT INTO phenotypic_data(phenotypic_data_id, isolate_id, ecdc_resistance_profile, cloxa_test, mbl_test) VALUES ('1020', '1083', 'S', '-', '-') ON DUPLICATE KEY UPDATE ecdc_resistance_profile = 'S', cloxa_test = '-', mbl_test = '-'; 
INSERT INTO sequence_analysis(sequence_analysis_id, isolate_id, ame_loci, beta_lactamase_loci, carbapenemase_loci, other_acq_ab_loci) VALUES ('1083', '1083', '-', '-', '-', '-') ON DUPLICATE KEY UPDATE ame_loci = '-', beta_lactamase_loci = '-', carbapenemase_loci = '-', other_acq_ab_loci = '-'; 
INSERT INTO metadata_general(isolate_id, isolate_name, species, project_name) VALUES ('1084', 'GAL03-023', 'Pseudomonas aeruginosa', 'GEMARA') ON DUPLICATE KEY UPDATE isolate_name = 'GAL03-023', species = 'Pseudomonas aeruginosa', project_name = 'GEMARA'; 
INSERT INTO metadata_clinic(clinic_id, isolate_id, sample_type, collection_ward) VALUES ('1021', '1084', '6', 'Servicios quirúrgicos adultos') ON DUPLICATE KEY UPDATE sample_type = '6', collection_ward = 'Servicios quirúrgicos adultos'; 
INSERT INTO phenotypic_data(phenotypic_data_id, isolate_id, ecdc_resistance_profile, cloxa_test, mbl_test) VALUES ('1021', '1084', 'S', '-', '-') ON DUPLICATE KEY UPDATE ecdc_resistance_profile = 'S', cloxa_test = '-', mbl_test = '-'; 
INSERT INTO sequence_analysis(sequence_analysis_id, isolate_id, ame_loci, beta_lactamase_loci, carbapenemase_loci, other_acq_ab_loci) VALUES ('1084', '1084', '-', '-', '-', '-') ON DUPLICATE KEY UPDATE ame_loci = '-', beta_lactamase_loci = '-', carbapenemase_loci = '-', other_acq_ab_loci = '-'; 
INSERT INTO metadata_general(isolate_id, isolate_name, species, project_name) VALUES ('1085', 'GAL03-018', 'Pseudomonas aeruginosa', 'GEMARA') ON DUPLICATE KEY UPDATE isolate_name = 'GAL03-018', species = 'Pseudomonas aeruginosa', project_name = 'GEMARA'; 
INSERT INTO metadata_clinic(clinic_id, isolate_id, sample_type, collection_ward) VALUES ('1022', '1085', '5', 'Servicios médicos adultos') ON DUPLICATE KEY UPDATE sample_type = '5', collection_ward = 'Servicios médicos adultos'; 
INSERT INTO phenotypic_data(phenotypic_data_id, isolate_id, ecdc_resistance_profile, cloxa_test, mbl_test) VALUES ('1022', '1085', 'S', '-', '-') ON DUPLICATE KEY UPDATE ecdc_resistance_profile = 'S', cloxa_test = '-', mbl_test = '-'; 
INSERT INTO sequence_analysis(sequence_analysis_id, isolate_id, ame_loci, beta_lactamase_loci, carbapenemase_loci, other_acq_ab_loci) VALUES ('1085', '1085', '-', '-', '-', '-') ON DUPLICATE KEY UPDATE ame_loci = '-', beta_lactamase_loci = '-', carbapenemase_loci = '-', other_acq_ab_loci = '-'; 
INSERT INTO metadata_general(isolate_id, isolate_name, species, project_name) VALUES ('1086', 'GAL03-024', 'Pseudomonas aeruginosa', 'GEMARA') ON DUPLICATE KEY UPDATE isolate_name = 'GAL03-024', species = 'Pseudomonas aeruginosa', project_name = 'GEMARA'; 
INSERT INTO metadata_clinic(clinic_id, isolate_id, sample_type, collection_ward) VALUES ('1023', '1086', '5', 'Urgencias adultos') ON DUPLICATE KEY UPDATE sample_type = '5', collection_ward = 'Urgencias adultos'; 
INSERT INTO phenotypic_data(phenotypic_data_id, isolate_id, ecdc_resistance_profile, cloxa_test, mbl_test) VALUES ('1023', '1086', 'S', '-', '-') ON DUPLICATE KEY UPDATE ecdc_resistance_profile = 'S', cloxa_test = '-', mbl_test = '-'; 
INSERT INTO sequence_analysis(sequence_analysis_id, isolate_id, ame_loci, beta_lactamase_loci, carbapenemase_loci, other_acq_ab_loci) VALUES ('1086', '1086', '-', '-', '-', '-') ON DUPLICATE KEY UPDATE ame_loci = '-', beta_lactamase_loci = '-', carbapenemase_loci = '-', other_acq_ab_loci = '-'; 
INSERT INTO metadata_general(isolate_id, isolate_name, species, project_name) VALUES ('1087', 'GAL03-010', 'Pseudomonas aeruginosa', 'GEMARA') ON DUPLICATE KEY UPDATE isolate_name = 'GAL03-010', species = 'Pseudomonas aeruginosa', project_name = 'GEMARA'; 
INSERT INTO metadata_clinic(clinic_id, isolate_id, sample_type, collection_ward) VALUES ('1024', '1087', '5', 'Urgencias adultos') ON DUPLICATE KEY UPDATE sample_type = '5', collection_ward = 'Urgencias adultos'; 
INSERT INTO phenotypic_data(phenotypic_data_id, isolate_id, ecdc_resistance_profile, cloxa_test, mbl_test) VALUES ('1024', '1087', 'S', '-', '-') ON DUPLICATE KEY UPDATE ecdc_resistance_profile = 'S', cloxa_test = '-', mbl_test = '-'; 
INSERT INTO sequence_analysis(sequence_analysis_id, isolate_id, ame_loci, beta_lactamase_loci, carbapenemase_loci, other_acq_ab_loci) VALUES ('1087', '1087', '-', '-', '-', '-') ON DUPLICATE KEY UPDATE ame_loci = '-', beta_lactamase_loci = '-', carbapenemase_loci = '-', other_acq_ab_loci = '-'; 
INSERT INTO metadata_general(isolate_id, isolate_name, species, project_name) VALUES ('125', 'GAL03-019', 'Pseudomonas aeruginosa', 'GEMARA') ON DUPLICATE KEY UPDATE isolate_name = 'GAL03-019', species = 'Pseudomonas aeruginosa', project_name = 'GEMARA'; 
INSERT INTO metadata_clinic(clinic_id, isolate_id, sample_type, collection_ward) VALUES ('1025', '125', '6', 'Urgencias adultos') ON DUPLICATE KEY UPDATE sample_type = '6', collection_ward = 'Urgencias adultos'; 
INSERT INTO phenotypic_data(phenotypic_data_id, isolate_id, ecdc_resistance_profile, cloxa_test, mbl_test) VALUES ('1025', '125', 'XDR', '+/s', '-') ON DUPLICATE KEY UPDATE ecdc_resistance_profile = 'XDR', cloxa_test = '+/s', mbl_test = '-'; 
INSERT INTO sequence_analysis(sequence_analysis_id, isolate_id, ame_loci, beta_lactamase_loci, carbapenemase_loci, other_acq_ab_loci) VALUES ('125', '125', '-', '-', '-', '-') ON DUPLICATE KEY UPDATE ame_loci = '-', beta_lactamase_loci = '-', carbapenemase_loci = '-', other_acq_ab_loci = '-'; 
INSERT INTO metadata_general(isolate_id, isolate_name, species, project_name) VALUES ('124', 'GAL03-013', 'Pseudomonas aeruginosa', 'GEMARA') ON DUPLICATE KEY UPDATE isolate_name = 'GAL03-013', species = 'Pseudomonas aeruginosa', project_name = 'GEMARA'; 
INSERT INTO metadata_clinic(clinic_id, isolate_id, sample_type, collection_ward) VALUES ('1026', '124', '15', 'Servicios quirúrgicos adultos') ON DUPLICATE KEY UPDATE sample_type = '15', collection_ward = 'Servicios quirúrgicos adultos'; 
INSERT INTO phenotypic_data(phenotypic_data_id, isolate_id, ecdc_resistance_profile, cloxa_test, mbl_test) VALUES ('1026', '124', 'XDR', '+/+', '-') ON DUPLICATE KEY UPDATE ecdc_resistance_profile = 'XDR', cloxa_test = '+/+', mbl_test = '-'; 
INSERT INTO sequence_analysis(sequence_analysis_id, isolate_id, ame_loci, beta_lactamase_loci, carbapenemase_loci, other_acq_ab_loci) VALUES ('124', '124', '-', '-', '-', '-') ON DUPLICATE KEY UPDATE ame_loci = '-', beta_lactamase_loci = '-', carbapenemase_loci = '-', other_acq_ab_loci = '-'; 
INSERT INTO metadata_general(isolate_id, isolate_name, species, project_name) VALUES ('1088', 'GAL04-010', 'Pseudomonas aeruginosa', 'GEMARA') ON DUPLICATE KEY UPDATE isolate_name = 'GAL04-010', species = 'Pseudomonas aeruginosa', project_name = 'GEMARA'; 
INSERT INTO metadata_clinic(clinic_id, isolate_id, sample_type, collection_ward) VALUES ('1027', '1088', '24', 'UCI Adultos') ON DUPLICATE KEY UPDATE sample_type = '24', collection_ward = 'UCI Adultos'; 
INSERT INTO phenotypic_data(phenotypic_data_id, isolate_id, ecdc_resistance_profile, cloxa_test, mbl_test) VALUES ('1027', '1088', 'MDR', '-', '-') ON DUPLICATE KEY UPDATE ecdc_resistance_profile = 'MDR', cloxa_test = '-', mbl_test = '-'; 
INSERT INTO sequence_analysis(sequence_analysis_id, isolate_id, ame_loci, beta_lactamase_loci, carbapenemase_loci, other_acq_ab_loci) VALUES ('1088', '1088', '-', '-', '-', '-') ON DUPLICATE KEY UPDATE ame_loci = '-', beta_lactamase_loci = '-', carbapenemase_loci = '-', other_acq_ab_loci = '-'; 
INSERT INTO metadata_general(isolate_id, isolate_name, species, project_name) VALUES ('1089', 'GAL04-015', 'Pseudomonas aeruginosa', 'GEMARA') ON DUPLICATE KEY UPDATE isolate_name = 'GAL04-015', species = 'Pseudomonas aeruginosa', project_name = 'GEMARA'; 
INSERT INTO metadata_clinic(clinic_id, isolate_id, sample_type, collection_ward) VALUES ('1028', '1089', '16', 'UCI Adultos') ON DUPLICATE KEY UPDATE sample_type = '16', collection_ward = 'UCI Adultos'; 
INSERT INTO phenotypic_data(phenotypic_data_id, isolate_id, ecdc_resistance_profile, cloxa_test, mbl_test) VALUES ('1028', '1089', 'MDR', '-/s', '-') ON DUPLICATE KEY UPDATE ecdc_resistance_profile = 'MDR', cloxa_test = '-/s', mbl_test = '-'; 
INSERT INTO sequence_analysis(sequence_analysis_id, isolate_id, ame_loci, beta_lactamase_loci, carbapenemase_loci, other_acq_ab_loci) VALUES ('1089', '1089', '-', '-', '-', '-') ON DUPLICATE KEY UPDATE ame_loci = '-', beta_lactamase_loci = '-', carbapenemase_loci = '-', other_acq_ab_loci = '-'; 
INSERT INTO metadata_general(isolate_id, isolate_name, species, project_name) VALUES ('1090', 'GAL04-008', 'Pseudomonas aeruginosa', 'GEMARA') ON DUPLICATE KEY UPDATE isolate_name = 'GAL04-008', species = 'Pseudomonas aeruginosa', project_name = 'GEMARA'; 
INSERT INTO metadata_clinic(clinic_id, isolate_id, sample_type, collection_ward) VALUES ('1029', '1090', '1', 'Servicios médicos adultos') ON DUPLICATE KEY UPDATE sample_type = '1', collection_ward = 'Servicios médicos adultos'; 
INSERT INTO phenotypic_data(phenotypic_data_id, isolate_id, ecdc_resistance_profile, cloxa_test, mbl_test) VALUES ('1029', '1090', 'S', '-', '-') ON DUPLICATE KEY UPDATE ecdc_resistance_profile = 'S', cloxa_test = '-', mbl_test = '-'; 
INSERT INTO sequence_analysis(sequence_analysis_id, isolate_id, ame_loci, beta_lactamase_loci, carbapenemase_loci, other_acq_ab_loci) VALUES ('1090', '1090', '-', '-', '-', '-') ON DUPLICATE KEY UPDATE ame_loci = '-', beta_lactamase_loci = '-', carbapenemase_loci = '-', other_acq_ab_loci = '-'; 
INSERT INTO metadata_general(isolate_id, isolate_name, species, project_name) VALUES ('1091', 'GAL04-001', 'Pseudomonas aeruginosa', 'GEMARA') ON DUPLICATE KEY UPDATE isolate_name = 'GAL04-001', species = 'Pseudomonas aeruginosa', project_name = 'GEMARA'; 
INSERT INTO metadata_clinic(clinic_id, isolate_id, sample_type, collection_ward) VALUES ('1030', '1091', '16', 'Servicios quirúrgicos adultos') ON DUPLICATE KEY UPDATE sample_type = '16', collection_ward = 'Servicios quirúrgicos adultos'; 
INSERT INTO phenotypic_data(phenotypic_data_id, isolate_id, ecdc_resistance_profile, cloxa_test, mbl_test) VALUES ('1030', '1091', 'S', '-', '-') ON DUPLICATE KEY UPDATE ecdc_resistance_profile = 'S', cloxa_test = '-', mbl_test = '-'; 
INSERT INTO sequence_analysis(sequence_analysis_id, isolate_id, ame_loci, beta_lactamase_loci, carbapenemase_loci, other_acq_ab_loci) VALUES ('1091', '1091', '-', '-', '-', '-') ON DUPLICATE KEY UPDATE ame_loci = '-', beta_lactamase_loci = '-', carbapenemase_loci = '-', other_acq_ab_loci = '-'; 
INSERT INTO metadata_general(isolate_id, isolate_name, species, project_name) VALUES ('1092', 'GAL04-019', 'Pseudomonas aeruginosa', 'GEMARA') ON DUPLICATE KEY UPDATE isolate_name = 'GAL04-019', species = 'Pseudomonas aeruginosa', project_name = 'GEMARA'; 
INSERT INTO metadata_clinic(clinic_id, isolate_id, sample_type, collection_ward) VALUES ('1031', '1092', '5', 'Servicios médicos adultos') ON DUPLICATE KEY UPDATE sample_type = '5', collection_ward = 'Servicios médicos adultos'; 
INSERT INTO phenotypic_data(phenotypic_data_id, isolate_id, ecdc_resistance_profile, cloxa_test, mbl_test) VALUES ('1031', '1092', 'S', '-', '-') ON DUPLICATE KEY UPDATE ecdc_resistance_profile = 'S', cloxa_test = '-', mbl_test = '-'; 
INSERT INTO sequence_analysis(sequence_analysis_id, isolate_id, ame_loci, beta_lactamase_loci, carbapenemase_loci, other_acq_ab_loci) VALUES ('1092', '1092', '-', '-', '-', '-') ON DUPLICATE KEY UPDATE ame_loci = '-', beta_lactamase_loci = '-', carbapenemase_loci = '-', other_acq_ab_loci = '-'; 
INSERT INTO metadata_general(isolate_id, isolate_name, species, project_name) VALUES ('1093', 'GAL04-025', 'Pseudomonas aeruginosa', 'GEMARA') ON DUPLICATE KEY UPDATE isolate_name = 'GAL04-025', species = 'Pseudomonas aeruginosa', project_name = 'GEMARA'; 
INSERT INTO metadata_clinic(clinic_id, isolate_id, sample_type, collection_ward) VALUES ('1032', '1093', '1', 'Servicios quirúrgicos adultos') ON DUPLICATE KEY UPDATE sample_type = '1', collection_ward = 'Servicios quirúrgicos adultos'; 
INSERT INTO phenotypic_data(phenotypic_data_id, isolate_id, ecdc_resistance_profile, cloxa_test, mbl_test) VALUES ('1032', '1093', 'S', '-', '-') ON DUPLICATE KEY UPDATE ecdc_resistance_profile = 'S', cloxa_test = '-', mbl_test = '-'; 
INSERT INTO sequence_analysis(sequence_analysis_id, isolate_id, ame_loci, beta_lactamase_loci, carbapenemase_loci, other_acq_ab_loci) VALUES ('1093', '1093', '-', '-', '-', '-') ON DUPLICATE KEY UPDATE ame_loci = '-', beta_lactamase_loci = '-', carbapenemase_loci = '-', other_acq_ab_loci = '-'; 
INSERT INTO metadata_general(isolate_id, isolate_name, species, project_name) VALUES ('1094', 'GAL04-028', 'Pseudomonas aeruginosa', 'GEMARA') ON DUPLICATE KEY UPDATE isolate_name = 'GAL04-028', species = 'Pseudomonas aeruginosa', project_name = 'GEMARA'; 
INSERT INTO metadata_clinic(clinic_id, isolate_id, sample_type, collection_ward) VALUES ('1033', '1094', '1', 'Servicios médicos adultos') ON DUPLICATE KEY UPDATE sample_type = '1', collection_ward = 'Servicios médicos adultos'; 
INSERT INTO phenotypic_data(phenotypic_data_id, isolate_id, ecdc_resistance_profile, cloxa_test, mbl_test) VALUES ('1033', '1094', 'S', '-', '-') ON DUPLICATE KEY UPDATE ecdc_resistance_profile = 'S', cloxa_test = '-', mbl_test = '-'; 
INSERT INTO sequence_analysis(sequence_analysis_id, isolate_id, ame_loci, beta_lactamase_loci, carbapenemase_loci, other_acq_ab_loci) VALUES ('1094', '1094', '-', '-', '-', '-') ON DUPLICATE KEY UPDATE ame_loci = '-', beta_lactamase_loci = '-', carbapenemase_loci = '-', other_acq_ab_loci = '-'; 
INSERT INTO metadata_general(isolate_id, isolate_name, species, project_name) VALUES ('1095', 'GAL04-031', 'Pseudomonas aeruginosa', 'GEMARA') ON DUPLICATE KEY UPDATE isolate_name = 'GAL04-031', species = 'Pseudomonas aeruginosa', project_name = 'GEMARA'; 
INSERT INTO metadata_clinic(clinic_id, isolate_id, sample_type, collection_ward) VALUES ('1034', '1095', '5', 'Servicios médicos adultos') ON DUPLICATE KEY UPDATE sample_type = '5', collection_ward = 'Servicios médicos adultos'; 
INSERT INTO phenotypic_data(phenotypic_data_id, isolate_id, ecdc_resistance_profile, cloxa_test, mbl_test) VALUES ('1034', '1095', 'S', '-', '-') ON DUPLICATE KEY UPDATE ecdc_resistance_profile = 'S', cloxa_test = '-', mbl_test = '-'; 
INSERT INTO sequence_analysis(sequence_analysis_id, isolate_id, ame_loci, beta_lactamase_loci, carbapenemase_loci, other_acq_ab_loci) VALUES ('1095', '1095', '-', '-', '-', '-') ON DUPLICATE KEY UPDATE ame_loci = '-', beta_lactamase_loci = '-', carbapenemase_loci = '-', other_acq_ab_loci = '-'; 
INSERT INTO metadata_general(isolate_id, isolate_name, species, project_name) VALUES ('1096', 'GAL04-047', 'Pseudomonas aeruginosa', 'GEMARA') ON DUPLICATE KEY UPDATE isolate_name = 'GAL04-047', species = 'Pseudomonas aeruginosa', project_name = 'GEMARA'; 
INSERT INTO metadata_clinic(clinic_id, isolate_id, sample_type, collection_ward) VALUES ('1035', '1096', '15', 'Servicios quirúrgicos adultos') ON DUPLICATE KEY UPDATE sample_type = '15', collection_ward = 'Servicios quirúrgicos adultos'; 
INSERT INTO phenotypic_data(phenotypic_data_id, isolate_id, ecdc_resistance_profile, cloxa_test, mbl_test) VALUES ('1035', '1096', 'S', '-', '-') ON DUPLICATE KEY UPDATE ecdc_resistance_profile = 'S', cloxa_test = '-', mbl_test = '-'; 
INSERT INTO sequence_analysis(sequence_analysis_id, isolate_id, ame_loci, beta_lactamase_loci, carbapenemase_loci, other_acq_ab_loci) VALUES ('1096', '1096', '-', '-', '-', '-') ON DUPLICATE KEY UPDATE ame_loci = '-', beta_lactamase_loci = '-', carbapenemase_loci = '-', other_acq_ab_loci = '-'; 
INSERT INTO metadata_general(isolate_id, isolate_name, species, project_name) VALUES ('1097', 'GAL04-007', 'Pseudomonas aeruginosa', 'GEMARA') ON DUPLICATE KEY UPDATE isolate_name = 'GAL04-007', species = 'Pseudomonas aeruginosa', project_name = 'GEMARA'; 
INSERT INTO metadata_clinic(clinic_id, isolate_id, sample_type, collection_ward) VALUES ('1036', '1097', '5', 'Urgencias adultos') ON DUPLICATE KEY UPDATE sample_type = '5', collection_ward = 'Urgencias adultos'; 
INSERT INTO phenotypic_data(phenotypic_data_id, isolate_id, ecdc_resistance_profile, cloxa_test, mbl_test) VALUES ('1036', '1097', 'S', '-', '-') ON DUPLICATE KEY UPDATE ecdc_resistance_profile = 'S', cloxa_test = '-', mbl_test = '-'; 
INSERT INTO sequence_analysis(sequence_analysis_id, isolate_id, ame_loci, beta_lactamase_loci, carbapenemase_loci, other_acq_ab_loci) VALUES ('1097', '1097', '-', '-', '-', '-') ON DUPLICATE KEY UPDATE ame_loci = '-', beta_lactamase_loci = '-', carbapenemase_loci = '-', other_acq_ab_loci = '-'; 
INSERT INTO metadata_general(isolate_id, isolate_name, species, project_name) VALUES ('1098', 'GAL04-002', 'Pseudomonas aeruginosa', 'GEMARA') ON DUPLICATE KEY UPDATE isolate_name = 'GAL04-002', species = 'Pseudomonas aeruginosa', project_name = 'GEMARA'; 
INSERT INTO metadata_clinic(clinic_id, isolate_id, sample_type, collection_ward) VALUES ('1037', '1098', '5', 'Urgencias adultos') ON DUPLICATE KEY UPDATE sample_type = '5', collection_ward = 'Urgencias adultos'; 
INSERT INTO phenotypic_data(phenotypic_data_id, isolate_id, ecdc_resistance_profile, cloxa_test, mbl_test) VALUES ('1037', '1098', 'S', '-', '-') ON DUPLICATE KEY UPDATE ecdc_resistance_profile = 'S', cloxa_test = '-', mbl_test = '-'; 
INSERT INTO sequence_analysis(sequence_analysis_id, isolate_id, ame_loci, beta_lactamase_loci, carbapenemase_loci, other_acq_ab_loci) VALUES ('1098', '1098', '-', '-', '-', '-') ON DUPLICATE KEY UPDATE ame_loci = '-', beta_lactamase_loci = '-', carbapenemase_loci = '-', other_acq_ab_loci = '-'; 
INSERT INTO metadata_general(isolate_id, isolate_name, species, project_name) VALUES ('1099', 'GAL04-009', 'Pseudomonas aeruginosa', 'GEMARA') ON DUPLICATE KEY UPDATE isolate_name = 'GAL04-009', species = 'Pseudomonas aeruginosa', project_name = 'GEMARA'; 
INSERT INTO metadata_clinic(clinic_id, isolate_id, sample_type, collection_ward) VALUES ('1038', '1099', '10', 'Servicios quirúrgicos adultos') ON DUPLICATE KEY UPDATE sample_type = '10', collection_ward = 'Servicios quirúrgicos adultos'; 
INSERT INTO phenotypic_data(phenotypic_data_id, isolate_id, ecdc_resistance_profile, cloxa_test, mbl_test) VALUES ('1038', '1099', 'S', '-', '-') ON DUPLICATE KEY UPDATE ecdc_resistance_profile = 'S', cloxa_test = '-', mbl_test = '-'; 
INSERT INTO sequence_analysis(sequence_analysis_id, isolate_id, ame_loci, beta_lactamase_loci, carbapenemase_loci, other_acq_ab_loci) VALUES ('1099', '1099', '-', '-', '-', '-') ON DUPLICATE KEY UPDATE ame_loci = '-', beta_lactamase_loci = '-', carbapenemase_loci = '-', other_acq_ab_loci = '-'; 
INSERT INTO metadata_general(isolate_id, isolate_name, species, project_name) VALUES ('1100', 'GAL04-016', 'Pseudomonas aeruginosa', 'GEMARA') ON DUPLICATE KEY UPDATE isolate_name = 'GAL04-016', species = 'Pseudomonas aeruginosa', project_name = 'GEMARA'; 
INSERT INTO metadata_clinic(clinic_id, isolate_id, sample_type, collection_ward) VALUES ('1039', '1100', '1', 'Servicios médicos adultos') ON DUPLICATE KEY UPDATE sample_type = '1', collection_ward = 'Servicios médicos adultos'; 
INSERT INTO phenotypic_data(phenotypic_data_id, isolate_id, ecdc_resistance_profile, cloxa_test, mbl_test) VALUES ('1039', '1100', 'S', '-', '-') ON DUPLICATE KEY UPDATE ecdc_resistance_profile = 'S', cloxa_test = '-', mbl_test = '-'; 
INSERT INTO sequence_analysis(sequence_analysis_id, isolate_id, ame_loci, beta_lactamase_loci, carbapenemase_loci, other_acq_ab_loci) VALUES ('1100', '1100', '-', '-', '-', '-') ON DUPLICATE KEY UPDATE ame_loci = '-', beta_lactamase_loci = '-', carbapenemase_loci = '-', other_acq_ab_loci = '-'; 
INSERT INTO metadata_general(isolate_id, isolate_name, species, project_name) VALUES ('1101', 'GAL04-020', 'Pseudomonas aeruginosa', 'GEMARA') ON DUPLICATE KEY UPDATE isolate_name = 'GAL04-020', species = 'Pseudomonas aeruginosa', project_name = 'GEMARA'; 
INSERT INTO metadata_clinic(clinic_id, isolate_id, sample_type, collection_ward) VALUES ('1040', '1101', '5', 'Servicios médicos adultos') ON DUPLICATE KEY UPDATE sample_type = '5', collection_ward = 'Servicios médicos adultos'; 
INSERT INTO phenotypic_data(phenotypic_data_id, isolate_id, ecdc_resistance_profile, cloxa_test, mbl_test) VALUES ('1040', '1101', 'S', '-', '-') ON DUPLICATE KEY UPDATE ecdc_resistance_profile = 'S', cloxa_test = '-', mbl_test = '-'; 
INSERT INTO sequence_analysis(sequence_analysis_id, isolate_id, ame_loci, beta_lactamase_loci, carbapenemase_loci, other_acq_ab_loci) VALUES ('1101', '1101', '-', '-', '-', '-') ON DUPLICATE KEY UPDATE ame_loci = '-', beta_lactamase_loci = '-', carbapenemase_loci = '-', other_acq_ab_loci = '-'; 
INSERT INTO metadata_general(isolate_id, isolate_name, species, project_name) VALUES ('1102', 'GAL04-043', 'Pseudomonas aeruginosa', 'GEMARA') ON DUPLICATE KEY UPDATE isolate_name = 'GAL04-043', species = 'Pseudomonas aeruginosa', project_name = 'GEMARA'; 
INSERT INTO metadata_clinic(clinic_id, isolate_id, sample_type, collection_ward) VALUES ('1041', '1102', '15', 'UCI Adultos') ON DUPLICATE KEY UPDATE sample_type = '15', collection_ward = 'UCI Adultos'; 
INSERT INTO phenotypic_data(phenotypic_data_id, isolate_id, ecdc_resistance_profile, cloxa_test, mbl_test) VALUES ('1041', '1102', 'S', '-', '-') ON DUPLICATE KEY UPDATE ecdc_resistance_profile = 'S', cloxa_test = '-', mbl_test = '-'; 
INSERT INTO sequence_analysis(sequence_analysis_id, isolate_id, ame_loci, beta_lactamase_loci, carbapenemase_loci, other_acq_ab_loci) VALUES ('1102', '1102', '-', '-', '-', '-') ON DUPLICATE KEY UPDATE ame_loci = '-', beta_lactamase_loci = '-', carbapenemase_loci = '-', other_acq_ab_loci = '-'; 
INSERT INTO metadata_general(isolate_id, isolate_name, species, project_name) VALUES ('1103', 'GAL04-045', 'Pseudomonas aeruginosa', 'GEMARA') ON DUPLICATE KEY UPDATE isolate_name = 'GAL04-045', species = 'Pseudomonas aeruginosa', project_name = 'GEMARA'; 
INSERT INTO metadata_clinic(clinic_id, isolate_id, sample_type, collection_ward) VALUES ('1042', '1103', '5', 'Servicios médicos pediatría') ON DUPLICATE KEY UPDATE sample_type = '5', collection_ward = 'Servicios médicos pediatría'; 
INSERT INTO phenotypic_data(phenotypic_data_id, isolate_id, ecdc_resistance_profile, cloxa_test, mbl_test) VALUES ('1042', '1103', 'S', '-', '-') ON DUPLICATE KEY UPDATE ecdc_resistance_profile = 'S', cloxa_test = '-', mbl_test = '-'; 
INSERT INTO sequence_analysis(sequence_analysis_id, isolate_id, ame_loci, beta_lactamase_loci, carbapenemase_loci, other_acq_ab_loci) VALUES ('1103', '1103', '-', '-', '-', '-') ON DUPLICATE KEY UPDATE ame_loci = '-', beta_lactamase_loci = '-', carbapenemase_loci = '-', other_acq_ab_loci = '-'; 
INSERT INTO metadata_general(isolate_id, isolate_name, species, project_name) VALUES ('1104', 'GAL04-023', 'Pseudomonas aeruginosa', 'GEMARA') ON DUPLICATE KEY UPDATE isolate_name = 'GAL04-023', species = 'Pseudomonas aeruginosa', project_name = 'GEMARA'; 
INSERT INTO metadata_clinic(clinic_id, isolate_id, sample_type, collection_ward) VALUES ('1043', '1104', '5', 'Servicios quirúrgicos adultos') ON DUPLICATE KEY UPDATE sample_type = '5', collection_ward = 'Servicios quirúrgicos adultos'; 
INSERT INTO phenotypic_data(phenotypic_data_id, isolate_id, ecdc_resistance_profile, cloxa_test, mbl_test) VALUES ('1043', '1104', 'S', '-', '-') ON DUPLICATE KEY UPDATE ecdc_resistance_profile = 'S', cloxa_test = '-', mbl_test = '-'; 
INSERT INTO sequence_analysis(sequence_analysis_id, isolate_id, ame_loci, beta_lactamase_loci, carbapenemase_loci, other_acq_ab_loci) VALUES ('1104', '1104', '-', '-', '-', '-') ON DUPLICATE KEY UPDATE ame_loci = '-', beta_lactamase_loci = '-', carbapenemase_loci = '-', other_acq_ab_loci = '-'; 
INSERT INTO metadata_general(isolate_id, isolate_name, species, project_name) VALUES ('1105', 'GAL04-017', 'Pseudomonas aeruginosa', 'GEMARA') ON DUPLICATE KEY UPDATE isolate_name = 'GAL04-017', species = 'Pseudomonas aeruginosa', project_name = 'GEMARA'; 
INSERT INTO metadata_clinic(clinic_id, isolate_id, sample_type, collection_ward) VALUES ('1044', '1105', '5', 'Servicios quirúrgicos adultos') ON DUPLICATE KEY UPDATE sample_type = '5', collection_ward = 'Servicios quirúrgicos adultos'; 
INSERT INTO phenotypic_data(phenotypic_data_id, isolate_id, ecdc_resistance_profile, cloxa_test, mbl_test) VALUES ('1044', '1105', 'S', '-', '-') ON DUPLICATE KEY UPDATE ecdc_resistance_profile = 'S', cloxa_test = '-', mbl_test = '-'; 
INSERT INTO sequence_analysis(sequence_analysis_id, isolate_id, ame_loci, beta_lactamase_loci, carbapenemase_loci, other_acq_ab_loci) VALUES ('1105', '1105', '-', '-', '-', '-') ON DUPLICATE KEY UPDATE ame_loci = '-', beta_lactamase_loci = '-', carbapenemase_loci = '-', other_acq_ab_loci = '-'; 
INSERT INTO metadata_general(isolate_id, isolate_name, species, project_name) VALUES ('1106', 'GAL04-006', 'Pseudomonas aeruginosa', 'GEMARA') ON DUPLICATE KEY UPDATE isolate_name = 'GAL04-006', species = 'Pseudomonas aeruginosa', project_name = 'GEMARA'; 
INSERT INTO metadata_clinic(clinic_id, isolate_id, sample_type, collection_ward) VALUES ('1045', '1106', '7', 'UCI Adultos') ON DUPLICATE KEY UPDATE sample_type = '7', collection_ward = 'UCI Adultos'; 
INSERT INTO phenotypic_data(phenotypic_data_id, isolate_id, ecdc_resistance_profile, cloxa_test, mbl_test) VALUES ('1045', '1106', 'S', '-', '-') ON DUPLICATE KEY UPDATE ecdc_resistance_profile = 'S', cloxa_test = '-', mbl_test = '-'; 
INSERT INTO sequence_analysis(sequence_analysis_id, isolate_id, ame_loci, beta_lactamase_loci, carbapenemase_loci, other_acq_ab_loci) VALUES ('1106', '1106', '-', '-', '-', '-') ON DUPLICATE KEY UPDATE ame_loci = '-', beta_lactamase_loci = '-', carbapenemase_loci = '-', other_acq_ab_loci = '-'; 
INSERT INTO metadata_general(isolate_id, isolate_name, species, project_name) VALUES ('1107', 'GAL04-005', 'Pseudomonas aeruginosa', 'GEMARA') ON DUPLICATE KEY UPDATE isolate_name = 'GAL04-005', species = 'Pseudomonas aeruginosa', project_name = 'GEMARA'; 
INSERT INTO metadata_clinic(clinic_id, isolate_id, sample_type, collection_ward) VALUES ('1046', '1107', '1', 'Servicios médicos adultos') ON DUPLICATE KEY UPDATE sample_type = '1', collection_ward = 'Servicios médicos adultos'; 
INSERT INTO phenotypic_data(phenotypic_data_id, isolate_id, ecdc_resistance_profile, cloxa_test, mbl_test) VALUES ('1046', '1107', 'S', '-', '-') ON DUPLICATE KEY UPDATE ecdc_resistance_profile = 'S', cloxa_test = '-', mbl_test = '-'; 
INSERT INTO sequence_analysis(sequence_analysis_id, isolate_id, ame_loci, beta_lactamase_loci, carbapenemase_loci, other_acq_ab_loci) VALUES ('1107', '1107', '-', '-', '-', '-') ON DUPLICATE KEY UPDATE ame_loci = '-', beta_lactamase_loci = '-', carbapenemase_loci = '-', other_acq_ab_loci = '-'; 
INSERT INTO metadata_general(isolate_id, isolate_name, species, project_name) VALUES ('1108', 'GAL04-040', 'Pseudomonas aeruginosa', 'GEMARA') ON DUPLICATE KEY UPDATE isolate_name = 'GAL04-040', species = 'Pseudomonas aeruginosa', project_name = 'GEMARA'; 
INSERT INTO metadata_clinic(clinic_id, isolate_id, sample_type, collection_ward) VALUES ('1047', '1108', '1', 'Consultas externas') ON DUPLICATE KEY UPDATE sample_type = '1', collection_ward = 'Consultas externas'; 
INSERT INTO phenotypic_data(phenotypic_data_id, isolate_id, ecdc_resistance_profile, cloxa_test, mbl_test) VALUES ('1047', '1108', 'S', '-', '-') ON DUPLICATE KEY UPDATE ecdc_resistance_profile = 'S', cloxa_test = '-', mbl_test = '-'; 
INSERT INTO sequence_analysis(sequence_analysis_id, isolate_id, ame_loci, beta_lactamase_loci, carbapenemase_loci, other_acq_ab_loci) VALUES ('1108', '1108', '-', '-', '-', '-') ON DUPLICATE KEY UPDATE ame_loci = '-', beta_lactamase_loci = '-', carbapenemase_loci = '-', other_acq_ab_loci = '-'; 
INSERT INTO metadata_general(isolate_id, isolate_name, species, project_name) VALUES ('1109', 'GAL04-004', 'Pseudomonas aeruginosa', 'GEMARA') ON DUPLICATE KEY UPDATE isolate_name = 'GAL04-004', species = 'Pseudomonas aeruginosa', project_name = 'GEMARA'; 
INSERT INTO metadata_clinic(clinic_id, isolate_id, sample_type, collection_ward) VALUES ('1048', '1109', '30', 'Servicios quirúrgicos adultos') ON DUPLICATE KEY UPDATE sample_type = '30', collection_ward = 'Servicios quirúrgicos adultos'; 
INSERT INTO phenotypic_data(phenotypic_data_id, isolate_id, ecdc_resistance_profile, cloxa_test, mbl_test) VALUES ('1048', '1109', 'S', '-', '-') ON DUPLICATE KEY UPDATE ecdc_resistance_profile = 'S', cloxa_test = '-', mbl_test = '-'; 
INSERT INTO sequence_analysis(sequence_analysis_id, isolate_id, ame_loci, beta_lactamase_loci, carbapenemase_loci, other_acq_ab_loci) VALUES ('1109', '1109', '-', '-', '-', '-') ON DUPLICATE KEY UPDATE ame_loci = '-', beta_lactamase_loci = '-', carbapenemase_loci = '-', other_acq_ab_loci = '-'; 
INSERT INTO metadata_general(isolate_id, isolate_name, species, project_name) VALUES ('1110', 'GAL04-014', 'Pseudomonas aeruginosa', 'GEMARA') ON DUPLICATE KEY UPDATE isolate_name = 'GAL04-014', species = 'Pseudomonas aeruginosa', project_name = 'GEMARA'; 
INSERT INTO metadata_clinic(clinic_id, isolate_id, sample_type, collection_ward) VALUES ('1049', '1110', '1', 'Servicios médicos adultos') ON DUPLICATE KEY UPDATE sample_type = '1', collection_ward = 'Servicios médicos adultos'; 
INSERT INTO phenotypic_data(phenotypic_data_id, isolate_id, ecdc_resistance_profile, cloxa_test, mbl_test) VALUES ('1049', '1110', 'S', '-', '-') ON DUPLICATE KEY UPDATE ecdc_resistance_profile = 'S', cloxa_test = '-', mbl_test = '-'; 
INSERT INTO sequence_analysis(sequence_analysis_id, isolate_id, ame_loci, beta_lactamase_loci, carbapenemase_loci, other_acq_ab_loci) VALUES ('1110', '1110', '-', '-', '-', '-') ON DUPLICATE KEY UPDATE ame_loci = '-', beta_lactamase_loci = '-', carbapenemase_loci = '-', other_acq_ab_loci = '-'; 
INSERT INTO metadata_general(isolate_id, isolate_name, species, project_name) VALUES ('1111', 'GAL04-038', 'Pseudomonas aeruginosa', 'GEMARA') ON DUPLICATE KEY UPDATE isolate_name = 'GAL04-038', species = 'Pseudomonas aeruginosa', project_name = 'GEMARA'; 
INSERT INTO metadata_clinic(clinic_id, isolate_id, sample_type, collection_ward) VALUES ('1050', '1111', '7', 'Servicios médicos adultos') ON DUPLICATE KEY UPDATE sample_type = '7', collection_ward = 'Servicios médicos adultos'; 
INSERT INTO phenotypic_data(phenotypic_data_id, isolate_id, ecdc_resistance_profile, cloxa_test, mbl_test) VALUES ('1050', '1111', 'S', '-', '-') ON DUPLICATE KEY UPDATE ecdc_resistance_profile = 'S', cloxa_test = '-', mbl_test = '-'; 
INSERT INTO sequence_analysis(sequence_analysis_id, isolate_id, ame_loci, beta_lactamase_loci, carbapenemase_loci, other_acq_ab_loci) VALUES ('1111', '1111', '-', '-', '-', '-') ON DUPLICATE KEY UPDATE ame_loci = '-', beta_lactamase_loci = '-', carbapenemase_loci = '-', other_acq_ab_loci = '-'; 
INSERT INTO metadata_general(isolate_id, isolate_name, species, project_name) VALUES ('1112', 'GAL04-046', 'Pseudomonas aeruginosa', 'GEMARA') ON DUPLICATE KEY UPDATE isolate_name = 'GAL04-046', species = 'Pseudomonas aeruginosa', project_name = 'GEMARA'; 
INSERT INTO metadata_clinic(clinic_id, isolate_id, sample_type, collection_ward) VALUES ('1051', '1112', '5', 'Servicios médicos adultos') ON DUPLICATE KEY UPDATE sample_type = '5', collection_ward = 'Servicios médicos adultos'; 
INSERT INTO phenotypic_data(phenotypic_data_id, isolate_id, ecdc_resistance_profile, cloxa_test, mbl_test) VALUES ('1051', '1112', 'S', '-', '-') ON DUPLICATE KEY UPDATE ecdc_resistance_profile = 'S', cloxa_test = '-', mbl_test = '-'; 
INSERT INTO sequence_analysis(sequence_analysis_id, isolate_id, ame_loci, beta_lactamase_loci, carbapenemase_loci, other_acq_ab_loci) VALUES ('1112', '1112', '-', '-', '-', '-') ON DUPLICATE KEY UPDATE ame_loci = '-', beta_lactamase_loci = '-', carbapenemase_loci = '-', other_acq_ab_loci = '-'; 
INSERT INTO metadata_general(isolate_id, isolate_name, species, project_name) VALUES ('1113', 'GAL04-039', 'Pseudomonas aeruginosa', 'GEMARA') ON DUPLICATE KEY UPDATE isolate_name = 'GAL04-039', species = 'Pseudomonas aeruginosa', project_name = 'GEMARA'; 
INSERT INTO metadata_clinic(clinic_id, isolate_id, sample_type, collection_ward) VALUES ('1052', '1113', '1', 'Consultas externas') ON DUPLICATE KEY UPDATE sample_type = '1', collection_ward = 'Consultas externas'; 
INSERT INTO phenotypic_data(phenotypic_data_id, isolate_id, ecdc_resistance_profile, cloxa_test, mbl_test) VALUES ('1052', '1113', 'S', '-', '-') ON DUPLICATE KEY UPDATE ecdc_resistance_profile = 'S', cloxa_test = '-', mbl_test = '-'; 
INSERT INTO sequence_analysis(sequence_analysis_id, isolate_id, ame_loci, beta_lactamase_loci, carbapenemase_loci, other_acq_ab_loci) VALUES ('1113', '1113', '-', '-', '-', '-') ON DUPLICATE KEY UPDATE ame_loci = '-', beta_lactamase_loci = '-', carbapenemase_loci = '-', other_acq_ab_loci = '-'; 
INSERT INTO metadata_general(isolate_id, isolate_name, species, project_name) VALUES ('127', 'GAL04-042', 'Pseudomonas aeruginosa', 'GEMARA') ON DUPLICATE KEY UPDATE isolate_name = 'GAL04-042', species = 'Pseudomonas aeruginosa', project_name = 'GEMARA'; 
INSERT INTO metadata_clinic(clinic_id, isolate_id, sample_type, collection_ward) VALUES ('1053', '127', '15', 'Servicios quirúrgicos adultos') ON DUPLICATE KEY UPDATE sample_type = '15', collection_ward = 'Servicios quirúrgicos adultos'; 
INSERT INTO phenotypic_data(phenotypic_data_id, isolate_id, ecdc_resistance_profile, cloxa_test, mbl_test) VALUES ('1053', '127', 'XDR', '+/+', '-') ON DUPLICATE KEY UPDATE ecdc_resistance_profile = 'XDR', cloxa_test = '+/+', mbl_test = '-'; 
INSERT INTO sequence_analysis(sequence_analysis_id, isolate_id, ame_loci, beta_lactamase_loci, carbapenemase_loci, other_acq_ab_loci) VALUES ('127', '127', '-', '-', '-', '-') ON DUPLICATE KEY UPDATE ame_loci = '-', beta_lactamase_loci = '-', carbapenemase_loci = '-', other_acq_ab_loci = '-'; 
INSERT INTO metadata_general(isolate_id, isolate_name, species, project_name) VALUES ('1114', 'GAL04-037', 'Pseudomonas aeruginosa', 'GEMARA') ON DUPLICATE KEY UPDATE isolate_name = 'GAL04-037', species = 'Pseudomonas aeruginosa', project_name = 'GEMARA'; 
INSERT INTO metadata_clinic(clinic_id, isolate_id, sample_type, collection_ward) VALUES ('1054', '1114', '7', 'UCI Adultos') ON DUPLICATE KEY UPDATE sample_type = '7', collection_ward = 'UCI Adultos'; 
INSERT INTO phenotypic_data(phenotypic_data_id, isolate_id, ecdc_resistance_profile, cloxa_test, mbl_test) VALUES ('1054', '1114', 'XDR', '+/+', '-') ON DUPLICATE KEY UPDATE ecdc_resistance_profile = 'XDR', cloxa_test = '+/+', mbl_test = '-'; 
INSERT INTO sequence_analysis(sequence_analysis_id, isolate_id, ame_loci, beta_lactamase_loci, carbapenemase_loci, other_acq_ab_loci) VALUES ('1114', '1114', '-', '-', '-', '-') ON DUPLICATE KEY UPDATE ame_loci = '-', beta_lactamase_loci = '-', carbapenemase_loci = '-', other_acq_ab_loci = '-'; 
INSERT INTO metadata_general(isolate_id, isolate_name, species, project_name) VALUES ('126', 'GAL04-041', 'Pseudomonas aeruginosa', 'GEMARA') ON DUPLICATE KEY UPDATE isolate_name = 'GAL04-041', species = 'Pseudomonas aeruginosa', project_name = 'GEMARA'; 
INSERT INTO metadata_clinic(clinic_id, isolate_id, sample_type, collection_ward) VALUES ('1055', '126', '16', 'UCI Adultos') ON DUPLICATE KEY UPDATE sample_type = '16', collection_ward = 'UCI Adultos'; 
INSERT INTO phenotypic_data(phenotypic_data_id, isolate_id, ecdc_resistance_profile, cloxa_test, mbl_test) VALUES ('1055', '126', 'XDR', '-/+', '-') ON DUPLICATE KEY UPDATE ecdc_resistance_profile = 'XDR', cloxa_test = '-/+', mbl_test = '-'; 
INSERT INTO sequence_analysis(sequence_analysis_id, isolate_id, ame_loci, beta_lactamase_loci, carbapenemase_loci, other_acq_ab_loci) VALUES ('126', '126', 'aadA6', '-', '-', '-') ON DUPLICATE KEY UPDATE ame_loci = 'aadA6', beta_lactamase_loci = '-', carbapenemase_loci = '-', other_acq_ab_loci = '-'; 
INSERT INTO metadata_general(isolate_id, isolate_name, species, project_name) VALUES ('128', 'GAL04-044', 'Pseudomonas aeruginosa', 'GEMARA') ON DUPLICATE KEY UPDATE isolate_name = 'GAL04-044', species = 'Pseudomonas aeruginosa', project_name = 'GEMARA'; 
INSERT INTO metadata_clinic(clinic_id, isolate_id, sample_type, collection_ward) VALUES ('1056', '128', '15', 'Servicios quirúrgicos adultos') ON DUPLICATE KEY UPDATE sample_type = '15', collection_ward = 'Servicios quirúrgicos adultos'; 
INSERT INTO phenotypic_data(phenotypic_data_id, isolate_id, ecdc_resistance_profile, cloxa_test, mbl_test) VALUES ('1056', '128', 'XDR', '-/+', '-') ON DUPLICATE KEY UPDATE ecdc_resistance_profile = 'XDR', cloxa_test = '-/+', mbl_test = '-'; 
INSERT INTO sequence_analysis(sequence_analysis_id, isolate_id, ame_loci, beta_lactamase_loci, carbapenemase_loci, other_acq_ab_loci) VALUES ('128', '128', '-', '-', '-', '-') ON DUPLICATE KEY UPDATE ame_loci = '-', beta_lactamase_loci = '-', carbapenemase_loci = '-', other_acq_ab_loci = '-'; 
INSERT INTO metadata_general(isolate_id, isolate_name, species, project_name) VALUES ('1115', 'GAL05-017', 'Pseudomonas aeruginosa', 'GEMARA') ON DUPLICATE KEY UPDATE isolate_name = 'GAL05-017', species = 'Pseudomonas aeruginosa', project_name = 'GEMARA'; 
INSERT INTO metadata_clinic(clinic_id, isolate_id, sample_type, collection_ward) VALUES ('1057', '1115', '22', 'Servicios médicos adultos') ON DUPLICATE KEY UPDATE sample_type = '22', collection_ward = 'Servicios médicos adultos'; 
INSERT INTO phenotypic_data(phenotypic_data_id, isolate_id, ecdc_resistance_profile, cloxa_test, mbl_test) VALUES ('1057', '1115', 'MDR', '-', '-') ON DUPLICATE KEY UPDATE ecdc_resistance_profile = 'MDR', cloxa_test = '-', mbl_test = '-'; 
INSERT INTO sequence_analysis(sequence_analysis_id, isolate_id, ame_loci, beta_lactamase_loci, carbapenemase_loci, other_acq_ab_loci) VALUES ('1115', '1115', '-', '-', '-', '-') ON DUPLICATE KEY UPDATE ame_loci = '-', beta_lactamase_loci = '-', carbapenemase_loci = '-', other_acq_ab_loci = '-'; 
INSERT INTO metadata_general(isolate_id, isolate_name, species, project_name) VALUES ('1116', 'GAL05-024', 'Pseudomonas aeruginosa', 'GEMARA') ON DUPLICATE KEY UPDATE isolate_name = 'GAL05-024', species = 'Pseudomonas aeruginosa', project_name = 'GEMARA'; 
INSERT INTO metadata_clinic(clinic_id, isolate_id, sample_type, collection_ward) VALUES ('1058', '1116', '8', 'Servicios quirúrgicos adultos') ON DUPLICATE KEY UPDATE sample_type = '8', collection_ward = 'Servicios quirúrgicos adultos'; 
INSERT INTO phenotypic_data(phenotypic_data_id, isolate_id, ecdc_resistance_profile, cloxa_test, mbl_test) VALUES ('1058', '1116', 'MDR', '-', '-') ON DUPLICATE KEY UPDATE ecdc_resistance_profile = 'MDR', cloxa_test = '-', mbl_test = '-'; 
INSERT INTO sequence_analysis(sequence_analysis_id, isolate_id, ame_loci, beta_lactamase_loci, carbapenemase_loci, other_acq_ab_loci) VALUES ('1116', '1116', '-', '-', '-', '-') ON DUPLICATE KEY UPDATE ame_loci = '-', beta_lactamase_loci = '-', carbapenemase_loci = '-', other_acq_ab_loci = '-'; 
INSERT INTO metadata_general(isolate_id, isolate_name, species, project_name) VALUES ('1117', 'GAL05-004', 'Pseudomonas aeruginosa', 'GEMARA') ON DUPLICATE KEY UPDATE isolate_name = 'GAL05-004', species = 'Pseudomonas aeruginosa', project_name = 'GEMARA'; 
INSERT INTO metadata_clinic(clinic_id, isolate_id, sample_type, collection_ward) VALUES ('1059', '1117', '22', 'Urgencias adultos') ON DUPLICATE KEY UPDATE sample_type = '22', collection_ward = 'Urgencias adultos'; 
INSERT INTO phenotypic_data(phenotypic_data_id, isolate_id, ecdc_resistance_profile, cloxa_test, mbl_test) VALUES ('1059', '1117', 'S', '-', '-') ON DUPLICATE KEY UPDATE ecdc_resistance_profile = 'S', cloxa_test = '-', mbl_test = '-'; 
INSERT INTO sequence_analysis(sequence_analysis_id, isolate_id, ame_loci, beta_lactamase_loci, carbapenemase_loci, other_acq_ab_loci) VALUES ('1117', '1117', '-', '-', '-', '-') ON DUPLICATE KEY UPDATE ame_loci = '-', beta_lactamase_loci = '-', carbapenemase_loci = '-', other_acq_ab_loci = '-'; 
INSERT INTO metadata_general(isolate_id, isolate_name, species, project_name) VALUES ('1118', 'GAL05-005', 'Pseudomonas aeruginosa', 'GEMARA') ON DUPLICATE KEY UPDATE isolate_name = 'GAL05-005', species = 'Pseudomonas aeruginosa', project_name = 'GEMARA'; 
INSERT INTO metadata_clinic(clinic_id, isolate_id, sample_type, collection_ward) VALUES ('1060', '1118', '23', 'Urgencias adultos') ON DUPLICATE KEY UPDATE sample_type = '23', collection_ward = 'Urgencias adultos'; 
INSERT INTO phenotypic_data(phenotypic_data_id, isolate_id, ecdc_resistance_profile, cloxa_test, mbl_test) VALUES ('1060', '1118', 'S', '-', '-') ON DUPLICATE KEY UPDATE ecdc_resistance_profile = 'S', cloxa_test = '-', mbl_test = '-'; 
INSERT INTO sequence_analysis(sequence_analysis_id, isolate_id, ame_loci, beta_lactamase_loci, carbapenemase_loci, other_acq_ab_loci) VALUES ('1118', '1118', '-', '-', '-', '-') ON DUPLICATE KEY UPDATE ame_loci = '-', beta_lactamase_loci = '-', carbapenemase_loci = '-', other_acq_ab_loci = '-'; 
INSERT INTO metadata_general(isolate_id, isolate_name, species, project_name) VALUES ('1119', 'GAL05-022', 'Pseudomonas aeruginosa', 'GEMARA') ON DUPLICATE KEY UPDATE isolate_name = 'GAL05-022', species = 'Pseudomonas aeruginosa', project_name = 'GEMARA'; 
INSERT INTO metadata_clinic(clinic_id, isolate_id, sample_type, collection_ward) VALUES ('1061', '1119', '22', 'Consultas externas') ON DUPLICATE KEY UPDATE sample_type = '22', collection_ward = 'Consultas externas'; 
INSERT INTO phenotypic_data(phenotypic_data_id, isolate_id, ecdc_resistance_profile, cloxa_test, mbl_test) VALUES ('1061', '1119', 'S', '-', '-') ON DUPLICATE KEY UPDATE ecdc_resistance_profile = 'S', cloxa_test = '-', mbl_test = '-'; 
INSERT INTO sequence_analysis(sequence_analysis_id, isolate_id, ame_loci, beta_lactamase_loci, carbapenemase_loci, other_acq_ab_loci) VALUES ('1119', '1119', '-', '-', '-', '-') ON DUPLICATE KEY UPDATE ame_loci = '-', beta_lactamase_loci = '-', carbapenemase_loci = '-', other_acq_ab_loci = '-'; 
INSERT INTO metadata_general(isolate_id, isolate_name, species, project_name) VALUES ('1120', 'GAL05-025', 'Pseudomonas aeruginosa', 'GEMARA') ON DUPLICATE KEY UPDATE isolate_name = 'GAL05-025', species = 'Pseudomonas aeruginosa', project_name = 'GEMARA'; 
INSERT INTO metadata_clinic(clinic_id, isolate_id, sample_type, collection_ward) VALUES ('1062', '1120', '15', 'Consultas externas') ON DUPLICATE KEY UPDATE sample_type = '15', collection_ward = 'Consultas externas'; 
INSERT INTO phenotypic_data(phenotypic_data_id, isolate_id, ecdc_resistance_profile, cloxa_test, mbl_test) VALUES ('1062', '1120', 'S', '-', '-') ON DUPLICATE KEY UPDATE ecdc_resistance_profile = 'S', cloxa_test = '-', mbl_test = '-'; 
INSERT INTO sequence_analysis(sequence_analysis_id, isolate_id, ame_loci, beta_lactamase_loci, carbapenemase_loci, other_acq_ab_loci) VALUES ('1120', '1120', '-', '-', '-', '-') ON DUPLICATE KEY UPDATE ame_loci = '-', beta_lactamase_loci = '-', carbapenemase_loci = '-', other_acq_ab_loci = '-'; 
INSERT INTO metadata_general(isolate_id, isolate_name, species, project_name) VALUES ('1121', 'GAL05-028', 'Pseudomonas aeruginosa', 'GEMARA') ON DUPLICATE KEY UPDATE isolate_name = 'GAL05-028', species = 'Pseudomonas aeruginosa', project_name = 'GEMARA'; 
INSERT INTO metadata_clinic(clinic_id, isolate_id, sample_type, collection_ward) VALUES ('1063', '1121', '9', 'Servicios médicos adultos') ON DUPLICATE KEY UPDATE sample_type = '9', collection_ward = 'Servicios médicos adultos'; 
INSERT INTO phenotypic_data(phenotypic_data_id, isolate_id, ecdc_resistance_profile, cloxa_test, mbl_test) VALUES ('1063', '1121', 'S', '-', '-') ON DUPLICATE KEY UPDATE ecdc_resistance_profile = 'S', cloxa_test = '-', mbl_test = '-'; 
INSERT INTO sequence_analysis(sequence_analysis_id, isolate_id, ame_loci, beta_lactamase_loci, carbapenemase_loci, other_acq_ab_loci) VALUES ('1121', '1121', '-', '-', '-', '-') ON DUPLICATE KEY UPDATE ame_loci = '-', beta_lactamase_loci = '-', carbapenemase_loci = '-', other_acq_ab_loci = '-'; 
INSERT INTO metadata_general(isolate_id, isolate_name, species, project_name) VALUES ('1122', 'GAL05-036', 'Pseudomonas aeruginosa', 'GEMARA') ON DUPLICATE KEY UPDATE isolate_name = 'GAL05-036', species = 'Pseudomonas aeruginosa', project_name = 'GEMARA'; 
INSERT INTO metadata_clinic(clinic_id, isolate_id, sample_type, collection_ward) VALUES ('1064', '1122', '5', 'Urgencias adultos') ON DUPLICATE KEY UPDATE sample_type = '5', collection_ward = 'Urgencias adultos'; 
INSERT INTO phenotypic_data(phenotypic_data_id, isolate_id, ecdc_resistance_profile, cloxa_test, mbl_test) VALUES ('1064', '1122', 'S', '-', '-') ON DUPLICATE KEY UPDATE ecdc_resistance_profile = 'S', cloxa_test = '-', mbl_test = '-'; 
INSERT INTO sequence_analysis(sequence_analysis_id, isolate_id, ame_loci, beta_lactamase_loci, carbapenemase_loci, other_acq_ab_loci) VALUES ('1122', '1122', '-', '-', '-', '-') ON DUPLICATE KEY UPDATE ame_loci = '-', beta_lactamase_loci = '-', carbapenemase_loci = '-', other_acq_ab_loci = '-'; 
INSERT INTO metadata_general(isolate_id, isolate_name, species, project_name) VALUES ('1123', 'GAL05-002', 'Pseudomonas aeruginosa', 'GEMARA') ON DUPLICATE KEY UPDATE isolate_name = 'GAL05-002', species = 'Pseudomonas aeruginosa', project_name = 'GEMARA'; 
INSERT INTO metadata_clinic(clinic_id, isolate_id, sample_type, collection_ward) VALUES ('1065', '1123', '10', 'Urgencias adultos') ON DUPLICATE KEY UPDATE sample_type = '10', collection_ward = 'Urgencias adultos'; 
INSERT INTO phenotypic_data(phenotypic_data_id, isolate_id, ecdc_resistance_profile, cloxa_test, mbl_test) VALUES ('1065', '1123', 'S', '-', '-') ON DUPLICATE KEY UPDATE ecdc_resistance_profile = 'S', cloxa_test = '-', mbl_test = '-'; 
INSERT INTO sequence_analysis(sequence_analysis_id, isolate_id, ame_loci, beta_lactamase_loci, carbapenemase_loci, other_acq_ab_loci) VALUES ('1123', '1123', '-', '-', '-', '-') ON DUPLICATE KEY UPDATE ame_loci = '-', beta_lactamase_loci = '-', carbapenemase_loci = '-', other_acq_ab_loci = '-'; 
INSERT INTO metadata_general(isolate_id, isolate_name, species, project_name) VALUES ('1124', 'GAL05-011', 'Pseudomonas aeruginosa', 'GEMARA') ON DUPLICATE KEY UPDATE isolate_name = 'GAL05-011', species = 'Pseudomonas aeruginosa', project_name = 'GEMARA'; 
INSERT INTO metadata_clinic(clinic_id, isolate_id, sample_type, collection_ward) VALUES ('1066', '1124', '9', 'Servicios médicos adultos') ON DUPLICATE KEY UPDATE sample_type = '9', collection_ward = 'Servicios médicos adultos'; 
INSERT INTO phenotypic_data(phenotypic_data_id, isolate_id, ecdc_resistance_profile, cloxa_test, mbl_test) VALUES ('1066', '1124', 'S', '-', '-') ON DUPLICATE KEY UPDATE ecdc_resistance_profile = 'S', cloxa_test = '-', mbl_test = '-'; 
INSERT INTO sequence_analysis(sequence_analysis_id, isolate_id, ame_loci, beta_lactamase_loci, carbapenemase_loci, other_acq_ab_loci) VALUES ('1124', '1124', '-', '-', '-', '-') ON DUPLICATE KEY UPDATE ame_loci = '-', beta_lactamase_loci = '-', carbapenemase_loci = '-', other_acq_ab_loci = '-'; 
INSERT INTO metadata_general(isolate_id, isolate_name, species, project_name) VALUES ('1125', 'GAL05-012', 'Pseudomonas aeruginosa', 'GEMARA') ON DUPLICATE KEY UPDATE isolate_name = 'GAL05-012', species = 'Pseudomonas aeruginosa', project_name = 'GEMARA'; 
INSERT INTO metadata_clinic(clinic_id, isolate_id, sample_type, collection_ward) VALUES ('1067', '1125', '22', 'Servicios quirúrgicos adultos') ON DUPLICATE KEY UPDATE sample_type = '22', collection_ward = 'Servicios quirúrgicos adultos'; 
INSERT INTO phenotypic_data(phenotypic_data_id, isolate_id, ecdc_resistance_profile, cloxa_test, mbl_test) VALUES ('1067', '1125', 'S', '-', '-') ON DUPLICATE KEY UPDATE ecdc_resistance_profile = 'S', cloxa_test = '-', mbl_test = '-'; 
INSERT INTO sequence_analysis(sequence_analysis_id, isolate_id, ame_loci, beta_lactamase_loci, carbapenemase_loci, other_acq_ab_loci) VALUES ('1125', '1125', '-', '-', '-', '-') ON DUPLICATE KEY UPDATE ame_loci = '-', beta_lactamase_loci = '-', carbapenemase_loci = '-', other_acq_ab_loci = '-'; 
INSERT INTO metadata_general(isolate_id, isolate_name, species, project_name) VALUES ('1126', 'GAL05-015', 'Pseudomonas aeruginosa', 'GEMARA') ON DUPLICATE KEY UPDATE isolate_name = 'GAL05-015', species = 'Pseudomonas aeruginosa', project_name = 'GEMARA'; 
INSERT INTO metadata_clinic(clinic_id, isolate_id, sample_type, collection_ward) VALUES ('1068', '1126', '22', 'Urgencias adultos') ON DUPLICATE KEY UPDATE sample_type = '22', collection_ward = 'Urgencias adultos'; 
INSERT INTO phenotypic_data(phenotypic_data_id, isolate_id, ecdc_resistance_profile, cloxa_test, mbl_test) VALUES ('1068', '1126', 'S', '-', '-') ON DUPLICATE KEY UPDATE ecdc_resistance_profile = 'S', cloxa_test = '-', mbl_test = '-'; 
INSERT INTO sequence_analysis(sequence_analysis_id, isolate_id, ame_loci, beta_lactamase_loci, carbapenemase_loci, other_acq_ab_loci) VALUES ('1126', '1126', '-', '-', '-', '-') ON DUPLICATE KEY UPDATE ame_loci = '-', beta_lactamase_loci = '-', carbapenemase_loci = '-', other_acq_ab_loci = '-'; 
INSERT INTO metadata_general(isolate_id, isolate_name, species, project_name) VALUES ('1127', 'GAL05-016', 'Pseudomonas aeruginosa', 'GEMARA') ON DUPLICATE KEY UPDATE isolate_name = 'GAL05-016', species = 'Pseudomonas aeruginosa', project_name = 'GEMARA'; 
INSERT INTO metadata_clinic(clinic_id, isolate_id, sample_type, collection_ward) VALUES ('1069', '1127', '22', 'Urgencias adultos') ON DUPLICATE KEY UPDATE sample_type = '22', collection_ward = 'Urgencias adultos'; 
INSERT INTO phenotypic_data(phenotypic_data_id, isolate_id, ecdc_resistance_profile, cloxa_test, mbl_test) VALUES ('1069', '1127', 'S', '-', '-') ON DUPLICATE KEY UPDATE ecdc_resistance_profile = 'S', cloxa_test = '-', mbl_test = '-'; 
INSERT INTO sequence_analysis(sequence_analysis_id, isolate_id, ame_loci, beta_lactamase_loci, carbapenemase_loci, other_acq_ab_loci) VALUES ('1127', '1127', '-', '-', '-', '-') ON DUPLICATE KEY UPDATE ame_loci = '-', beta_lactamase_loci = '-', carbapenemase_loci = '-', other_acq_ab_loci = '-'; 
INSERT INTO metadata_general(isolate_id, isolate_name, species, project_name) VALUES ('1128', 'GAL05-021', 'Pseudomonas aeruginosa', 'GEMARA') ON DUPLICATE KEY UPDATE isolate_name = 'GAL05-021', species = 'Pseudomonas aeruginosa', project_name = 'GEMARA'; 
INSERT INTO metadata_clinic(clinic_id, isolate_id, sample_type, collection_ward) VALUES ('1070', '1128', '22', 'Servicios médicos adultos') ON DUPLICATE KEY UPDATE sample_type = '22', collection_ward = 'Servicios médicos adultos'; 
INSERT INTO phenotypic_data(phenotypic_data_id, isolate_id, ecdc_resistance_profile, cloxa_test, mbl_test) VALUES ('1070', '1128', 'S', '-', '-') ON DUPLICATE KEY UPDATE ecdc_resistance_profile = 'S', cloxa_test = '-', mbl_test = '-'; 
INSERT INTO sequence_analysis(sequence_analysis_id, isolate_id, ame_loci, beta_lactamase_loci, carbapenemase_loci, other_acq_ab_loci) VALUES ('1128', '1128', '-', '-', '-', '-') ON DUPLICATE KEY UPDATE ame_loci = '-', beta_lactamase_loci = '-', carbapenemase_loci = '-', other_acq_ab_loci = '-'; 
INSERT INTO metadata_general(isolate_id, isolate_name, species, project_name) VALUES ('1129', 'GAL05-027', 'Pseudomonas aeruginosa', 'GEMARA') ON DUPLICATE KEY UPDATE isolate_name = 'GAL05-027', species = 'Pseudomonas aeruginosa', project_name = 'GEMARA'; 
INSERT INTO metadata_clinic(clinic_id, isolate_id, sample_type, collection_ward) VALUES ('1071', '1129', '7', 'UCI Adultos') ON DUPLICATE KEY UPDATE sample_type = '7', collection_ward = 'UCI Adultos'; 
INSERT INTO phenotypic_data(phenotypic_data_id, isolate_id, ecdc_resistance_profile, cloxa_test, mbl_test) VALUES ('1071', '1129', 'S', '-', '-') ON DUPLICATE KEY UPDATE ecdc_resistance_profile = 'S', cloxa_test = '-', mbl_test = '-'; 
INSERT INTO sequence_analysis(sequence_analysis_id, isolate_id, ame_loci, beta_lactamase_loci, carbapenemase_loci, other_acq_ab_loci) VALUES ('1129', '1129', '-', '-', '-', '-') ON DUPLICATE KEY UPDATE ame_loci = '-', beta_lactamase_loci = '-', carbapenemase_loci = '-', other_acq_ab_loci = '-'; 
INSERT INTO metadata_general(isolate_id, isolate_name, species, project_name) VALUES ('1130', 'GAL05-034', 'Pseudomonas aeruginosa', 'GEMARA') ON DUPLICATE KEY UPDATE isolate_name = 'GAL05-034', species = 'Pseudomonas aeruginosa', project_name = 'GEMARA'; 
INSERT INTO metadata_clinic(clinic_id, isolate_id, sample_type, collection_ward) VALUES ('1072', '1130', '6', 'UCI Adultos') ON DUPLICATE KEY UPDATE sample_type = '6', collection_ward = 'UCI Adultos'; 
INSERT INTO phenotypic_data(phenotypic_data_id, isolate_id, ecdc_resistance_profile, cloxa_test, mbl_test) VALUES ('1072', '1130', 'S', '-', '-') ON DUPLICATE KEY UPDATE ecdc_resistance_profile = 'S', cloxa_test = '-', mbl_test = '-'; 
INSERT INTO sequence_analysis(sequence_analysis_id, isolate_id, ame_loci, beta_lactamase_loci, carbapenemase_loci, other_acq_ab_loci) VALUES ('1130', '1130', '-', '-', '-', '-') ON DUPLICATE KEY UPDATE ame_loci = '-', beta_lactamase_loci = '-', carbapenemase_loci = '-', other_acq_ab_loci = '-'; 
INSERT INTO metadata_general(isolate_id, isolate_name, species, project_name) VALUES ('1131', 'GAL05-038', 'Pseudomonas aeruginosa', 'GEMARA') ON DUPLICATE KEY UPDATE isolate_name = 'GAL05-038', species = 'Pseudomonas aeruginosa', project_name = 'GEMARA'; 
INSERT INTO metadata_clinic(clinic_id, isolate_id, sample_type, collection_ward) VALUES ('1073', '1131', '9', 'Servicios médicos adultos') ON DUPLICATE KEY UPDATE sample_type = '9', collection_ward = 'Servicios médicos adultos'; 
INSERT INTO phenotypic_data(phenotypic_data_id, isolate_id, ecdc_resistance_profile, cloxa_test, mbl_test) VALUES ('1073', '1131', 'S', '-', '-') ON DUPLICATE KEY UPDATE ecdc_resistance_profile = 'S', cloxa_test = '-', mbl_test = '-'; 
INSERT INTO sequence_analysis(sequence_analysis_id, isolate_id, ame_loci, beta_lactamase_loci, carbapenemase_loci, other_acq_ab_loci) VALUES ('1131', '1131', '-', '-', '-', '-') ON DUPLICATE KEY UPDATE ame_loci = '-', beta_lactamase_loci = '-', carbapenemase_loci = '-', other_acq_ab_loci = '-'; 
INSERT INTO metadata_general(isolate_id, isolate_name, species, project_name) VALUES ('1132', 'GAL05-037', 'Pseudomonas aeruginosa', 'GEMARA') ON DUPLICATE KEY UPDATE isolate_name = 'GAL05-037', species = 'Pseudomonas aeruginosa', project_name = 'GEMARA'; 
INSERT INTO metadata_clinic(clinic_id, isolate_id, sample_type, collection_ward) VALUES ('1074', '1132', '7', 'Servicios médicos adultos') ON DUPLICATE KEY UPDATE sample_type = '7', collection_ward = 'Servicios médicos adultos'; 
INSERT INTO phenotypic_data(phenotypic_data_id, isolate_id, ecdc_resistance_profile, cloxa_test, mbl_test) VALUES ('1074', '1132', 'S', '-', '-') ON DUPLICATE KEY UPDATE ecdc_resistance_profile = 'S', cloxa_test = '-', mbl_test = '-'; 
INSERT INTO sequence_analysis(sequence_analysis_id, isolate_id, ame_loci, beta_lactamase_loci, carbapenemase_loci, other_acq_ab_loci) VALUES ('1132', '1132', '-', '-', '-', '-') ON DUPLICATE KEY UPDATE ame_loci = '-', beta_lactamase_loci = '-', carbapenemase_loci = '-', other_acq_ab_loci = '-'; 
INSERT INTO metadata_general(isolate_id, isolate_name, species, project_name) VALUES ('1133', 'GAL05-039', 'Pseudomonas aeruginosa', 'GEMARA') ON DUPLICATE KEY UPDATE isolate_name = 'GAL05-039', species = 'Pseudomonas aeruginosa', project_name = 'GEMARA'; 
INSERT INTO metadata_clinic(clinic_id, isolate_id, sample_type, collection_ward) VALUES ('1075', '1133', '20', 'Servicios médicos adultos') ON DUPLICATE KEY UPDATE sample_type = '20', collection_ward = 'Servicios médicos adultos'; 
INSERT INTO phenotypic_data(phenotypic_data_id, isolate_id, ecdc_resistance_profile, cloxa_test, mbl_test) VALUES ('1075', '1133', 'S', '-', '-') ON DUPLICATE KEY UPDATE ecdc_resistance_profile = 'S', cloxa_test = '-', mbl_test = '-'; 
INSERT INTO sequence_analysis(sequence_analysis_id, isolate_id, ame_loci, beta_lactamase_loci, carbapenemase_loci, other_acq_ab_loci) VALUES ('1133', '1133', '-', '-', '-', '-') ON DUPLICATE KEY UPDATE ame_loci = '-', beta_lactamase_loci = '-', carbapenemase_loci = '-', other_acq_ab_loci = '-'; 
INSERT INTO metadata_general(isolate_id, isolate_name, species, project_name) VALUES ('1134', 'GAL05-008', 'Pseudomonas aeruginosa', 'GEMARA') ON DUPLICATE KEY UPDATE isolate_name = 'GAL05-008', species = 'Pseudomonas aeruginosa', project_name = 'GEMARA'; 
INSERT INTO metadata_clinic(clinic_id, isolate_id, sample_type, collection_ward) VALUES ('1076', '1134', '22', 'Servicios médicos adultos') ON DUPLICATE KEY UPDATE sample_type = '22', collection_ward = 'Servicios médicos adultos'; 
INSERT INTO phenotypic_data(phenotypic_data_id, isolate_id, ecdc_resistance_profile, cloxa_test, mbl_test) VALUES ('1076', '1134', 'S', '-', '-') ON DUPLICATE KEY UPDATE ecdc_resistance_profile = 'S', cloxa_test = '-', mbl_test = '-'; 
INSERT INTO sequence_analysis(sequence_analysis_id, isolate_id, ame_loci, beta_lactamase_loci, carbapenemase_loci, other_acq_ab_loci) VALUES ('1134', '1134', '-', '-', '-', '-') ON DUPLICATE KEY UPDATE ame_loci = '-', beta_lactamase_loci = '-', carbapenemase_loci = '-', other_acq_ab_loci = '-'; 
INSERT INTO metadata_general(isolate_id, isolate_name, species, project_name) VALUES ('1135', 'GAL05-013', 'Pseudomonas aeruginosa', 'GEMARA') ON DUPLICATE KEY UPDATE isolate_name = 'GAL05-013', species = 'Pseudomonas aeruginosa', project_name = 'GEMARA'; 
INSERT INTO metadata_clinic(clinic_id, isolate_id, sample_type, collection_ward) VALUES ('1077', '1135', '5', 'Urgencias adultos') ON DUPLICATE KEY UPDATE sample_type = '5', collection_ward = 'Urgencias adultos'; 
INSERT INTO phenotypic_data(phenotypic_data_id, isolate_id, ecdc_resistance_profile, cloxa_test, mbl_test) VALUES ('1077', '1135', 'S', '-', '-') ON DUPLICATE KEY UPDATE ecdc_resistance_profile = 'S', cloxa_test = '-', mbl_test = '-'; 
INSERT INTO sequence_analysis(sequence_analysis_id, isolate_id, ame_loci, beta_lactamase_loci, carbapenemase_loci, other_acq_ab_loci) VALUES ('1135', '1135', '-', '-', '-', '-') ON DUPLICATE KEY UPDATE ame_loci = '-', beta_lactamase_loci = '-', carbapenemase_loci = '-', other_acq_ab_loci = '-'; 
INSERT INTO metadata_general(isolate_id, isolate_name, species, project_name) VALUES ('1136', 'GAL05-023', 'Pseudomonas aeruginosa', 'GEMARA') ON DUPLICATE KEY UPDATE isolate_name = 'GAL05-023', species = 'Pseudomonas aeruginosa', project_name = 'GEMARA'; 
INSERT INTO metadata_clinic(clinic_id, isolate_id, sample_type, collection_ward) VALUES ('1078', '1136', '1', 'Servicios médicos adultos') ON DUPLICATE KEY UPDATE sample_type = '1', collection_ward = 'Servicios médicos adultos'; 
INSERT INTO phenotypic_data(phenotypic_data_id, isolate_id, ecdc_resistance_profile, cloxa_test, mbl_test) VALUES ('1078', '1136', 'S', '-', '-') ON DUPLICATE KEY UPDATE ecdc_resistance_profile = 'S', cloxa_test = '-', mbl_test = '-'; 
INSERT INTO sequence_analysis(sequence_analysis_id, isolate_id, ame_loci, beta_lactamase_loci, carbapenemase_loci, other_acq_ab_loci) VALUES ('1136', '1136', '-', '-', '-', '-') ON DUPLICATE KEY UPDATE ame_loci = '-', beta_lactamase_loci = '-', carbapenemase_loci = '-', other_acq_ab_loci = '-'; 
INSERT INTO metadata_general(isolate_id, isolate_name, species, project_name) VALUES ('1137', 'GAL05-026', 'Pseudomonas aeruginosa', 'GEMARA') ON DUPLICATE KEY UPDATE isolate_name = 'GAL05-026', species = 'Pseudomonas aeruginosa', project_name = 'GEMARA'; 
INSERT INTO metadata_clinic(clinic_id, isolate_id, sample_type, collection_ward) VALUES ('1079', '1137', '8', 'Servicios quirúrgicos adultos') ON DUPLICATE KEY UPDATE sample_type = '8', collection_ward = 'Servicios quirúrgicos adultos'; 
INSERT INTO phenotypic_data(phenotypic_data_id, isolate_id, ecdc_resistance_profile, cloxa_test, mbl_test) VALUES ('1079', '1137', 'S', '-', '-') ON DUPLICATE KEY UPDATE ecdc_resistance_profile = 'S', cloxa_test = '-', mbl_test = '-'; 
INSERT INTO sequence_analysis(sequence_analysis_id, isolate_id, ame_loci, beta_lactamase_loci, carbapenemase_loci, other_acq_ab_loci) VALUES ('1137', '1137', '-', '-', '-', '-') ON DUPLICATE KEY UPDATE ame_loci = '-', beta_lactamase_loci = '-', carbapenemase_loci = '-', other_acq_ab_loci = '-'; 
INSERT INTO metadata_general(isolate_id, isolate_name, species, project_name) VALUES ('1138', 'GAL05-030', 'Pseudomonas aeruginosa', 'GEMARA') ON DUPLICATE KEY UPDATE isolate_name = 'GAL05-030', species = 'Pseudomonas aeruginosa', project_name = 'GEMARA'; 
INSERT INTO metadata_clinic(clinic_id, isolate_id, sample_type, collection_ward) VALUES ('1080', '1138', '9', 'Servicios médicos adultos') ON DUPLICATE KEY UPDATE sample_type = '9', collection_ward = 'Servicios médicos adultos'; 
INSERT INTO phenotypic_data(phenotypic_data_id, isolate_id, ecdc_resistance_profile, cloxa_test, mbl_test) VALUES ('1080', '1138', 'S', '-', '-') ON DUPLICATE KEY UPDATE ecdc_resistance_profile = 'S', cloxa_test = '-', mbl_test = '-'; 
INSERT INTO sequence_analysis(sequence_analysis_id, isolate_id, ame_loci, beta_lactamase_loci, carbapenemase_loci, other_acq_ab_loci) VALUES ('1138', '1138', '-', '-', '-', '-') ON DUPLICATE KEY UPDATE ame_loci = '-', beta_lactamase_loci = '-', carbapenemase_loci = '-', other_acq_ab_loci = '-'; 
INSERT INTO metadata_general(isolate_id, isolate_name, species, project_name) VALUES ('1139', 'GAL05-029', 'Pseudomonas aeruginosa', 'GEMARA') ON DUPLICATE KEY UPDATE isolate_name = 'GAL05-029', species = 'Pseudomonas aeruginosa', project_name = 'GEMARA'; 
INSERT INTO metadata_clinic(clinic_id, isolate_id, sample_type, collection_ward) VALUES ('1081', '1139', '22', 'Urgencias adultos') ON DUPLICATE KEY UPDATE sample_type = '22', collection_ward = 'Urgencias adultos'; 
INSERT INTO phenotypic_data(phenotypic_data_id, isolate_id, ecdc_resistance_profile, cloxa_test, mbl_test) VALUES ('1081', '1139', 'S', '-', '-') ON DUPLICATE KEY UPDATE ecdc_resistance_profile = 'S', cloxa_test = '-', mbl_test = '-'; 
INSERT INTO sequence_analysis(sequence_analysis_id, isolate_id, ame_loci, beta_lactamase_loci, carbapenemase_loci, other_acq_ab_loci) VALUES ('1139', '1139', '-', '-', '-', '-') ON DUPLICATE KEY UPDATE ame_loci = '-', beta_lactamase_loci = '-', carbapenemase_loci = '-', other_acq_ab_loci = '-'; 
INSERT INTO metadata_general(isolate_id, isolate_name, species, project_name) VALUES ('1140', 'GAL05-033', 'Pseudomonas aeruginosa', 'GEMARA') ON DUPLICATE KEY UPDATE isolate_name = 'GAL05-033', species = 'Pseudomonas aeruginosa', project_name = 'GEMARA'; 
INSERT INTO metadata_clinic(clinic_id, isolate_id, sample_type, collection_ward) VALUES ('1082', '1140', '9', 'Servicios médicos adultos') ON DUPLICATE KEY UPDATE sample_type = '9', collection_ward = 'Servicios médicos adultos'; 
INSERT INTO phenotypic_data(phenotypic_data_id, isolate_id, ecdc_resistance_profile, cloxa_test, mbl_test) VALUES ('1082', '1140', 'S', '-', '-') ON DUPLICATE KEY UPDATE ecdc_resistance_profile = 'S', cloxa_test = '-', mbl_test = '-'; 
INSERT INTO sequence_analysis(sequence_analysis_id, isolate_id, ame_loci, beta_lactamase_loci, carbapenemase_loci, other_acq_ab_loci) VALUES ('1140', '1140', '-', '-', '-', '-') ON DUPLICATE KEY UPDATE ame_loci = '-', beta_lactamase_loci = '-', carbapenemase_loci = '-', other_acq_ab_loci = '-'; 
INSERT INTO metadata_general(isolate_id, isolate_name, species, project_name) VALUES ('1141', 'GAL05-035', 'Pseudomonas aeruginosa', 'GEMARA') ON DUPLICATE KEY UPDATE isolate_name = 'GAL05-035', species = 'Pseudomonas aeruginosa', project_name = 'GEMARA'; 
INSERT INTO metadata_clinic(clinic_id, isolate_id, sample_type, collection_ward) VALUES ('1083', '1141', '1', 'Servicios médicos adultos') ON DUPLICATE KEY UPDATE sample_type = '1', collection_ward = 'Servicios médicos adultos'; 
INSERT INTO phenotypic_data(phenotypic_data_id, isolate_id, ecdc_resistance_profile, cloxa_test, mbl_test) VALUES ('1083', '1141', 'S', '-', '-') ON DUPLICATE KEY UPDATE ecdc_resistance_profile = 'S', cloxa_test = '-', mbl_test = '-'; 
INSERT INTO sequence_analysis(sequence_analysis_id, isolate_id, ame_loci, beta_lactamase_loci, carbapenemase_loci, other_acq_ab_loci) VALUES ('1141', '1141', '-', '-', '-', '-') ON DUPLICATE KEY UPDATE ame_loci = '-', beta_lactamase_loci = '-', carbapenemase_loci = '-', other_acq_ab_loci = '-'; 
INSERT INTO metadata_general(isolate_id, isolate_name, species, project_name) VALUES ('130', 'GAL05-014', 'Pseudomonas aeruginosa', 'GEMARA') ON DUPLICATE KEY UPDATE isolate_name = 'GAL05-014', species = 'Pseudomonas aeruginosa', project_name = 'GEMARA'; 
INSERT INTO metadata_clinic(clinic_id, isolate_id, sample_type, collection_ward) VALUES ('1084', '130', '5', 'Urgencias adultos') ON DUPLICATE KEY UPDATE sample_type = '5', collection_ward = 'Urgencias adultos'; 
INSERT INTO phenotypic_data(phenotypic_data_id, isolate_id, ecdc_resistance_profile, cloxa_test, mbl_test) VALUES ('1084', '130', 'XDR', '+/s', '-') ON DUPLICATE KEY UPDATE ecdc_resistance_profile = 'XDR', cloxa_test = '+/s', mbl_test = '-'; 
INSERT INTO sequence_analysis(sequence_analysis_id, isolate_id, ame_loci, beta_lactamase_loci, carbapenemase_loci, other_acq_ab_loci) VALUES ('130', '130', '-', '-', '-', '-') ON DUPLICATE KEY UPDATE ame_loci = '-', beta_lactamase_loci = '-', carbapenemase_loci = '-', other_acq_ab_loci = '-'; 
INSERT INTO metadata_general(isolate_id, isolate_name, species, project_name) VALUES ('129', 'GAL05-003', 'Pseudomonas aeruginosa', 'GEMARA') ON DUPLICATE KEY UPDATE isolate_name = 'GAL05-003', species = 'Pseudomonas aeruginosa', project_name = 'GEMARA'; 
INSERT INTO metadata_clinic(clinic_id, isolate_id, sample_type, collection_ward) VALUES ('1085', '129', '9', 'Servicios quirúrgicos adultos') ON DUPLICATE KEY UPDATE sample_type = '9', collection_ward = 'Servicios quirúrgicos adultos'; 
INSERT INTO phenotypic_data(phenotypic_data_id, isolate_id, ecdc_resistance_profile, cloxa_test, mbl_test) VALUES ('1085', '129', 'XDR', 's/+', '-') ON DUPLICATE KEY UPDATE ecdc_resistance_profile = 'XDR', cloxa_test = 's/+', mbl_test = '-'; 
INSERT INTO sequence_analysis(sequence_analysis_id, isolate_id, ame_loci, beta_lactamase_loci, carbapenemase_loci, other_acq_ab_loci) VALUES ('129', '129', 'aacA4, aac(6\')Ib-cr', '-', '-', 'strA, strB') ON DUPLICATE KEY UPDATE ame_loci = 'aacA4, aac(6\')Ib-cr', beta_lactamase_loci = '-', carbapenemase_loci = '-', other_acq_ab_loci = 'strA, strB'; 
INSERT INTO metadata_general(isolate_id, isolate_name, species, project_name) VALUES ('1142', 'GAL06-003', 'Pseudomonas aeruginosa', 'GEMARA') ON DUPLICATE KEY UPDATE isolate_name = 'GAL06-003', species = 'Pseudomonas aeruginosa', project_name = 'GEMARA'; 
INSERT INTO metadata_clinic(clinic_id, isolate_id, sample_type, collection_ward) VALUES ('1086', '1142', '8', 'Urgencias adultos') ON DUPLICATE KEY UPDATE sample_type = '8', collection_ward = 'Urgencias adultos'; 
INSERT INTO phenotypic_data(phenotypic_data_id, isolate_id, ecdc_resistance_profile, cloxa_test, mbl_test) VALUES ('1086', '1142', 'MDR', '-', '-') ON DUPLICATE KEY UPDATE ecdc_resistance_profile = 'MDR', cloxa_test = '-', mbl_test = '-'; 
INSERT INTO sequence_analysis(sequence_analysis_id, isolate_id, ame_loci, beta_lactamase_loci, carbapenemase_loci, other_acq_ab_loci) VALUES ('1142', '1142', '-', '-', '-', '-') ON DUPLICATE KEY UPDATE ame_loci = '-', beta_lactamase_loci = '-', carbapenemase_loci = '-', other_acq_ab_loci = '-'; 
INSERT INTO metadata_general(isolate_id, isolate_name, species, project_name) VALUES ('1143', 'GAL06-036', 'Pseudomonas aeruginosa', 'GEMARA') ON DUPLICATE KEY UPDATE isolate_name = 'GAL06-036', species = 'Pseudomonas aeruginosa', project_name = 'GEMARA'; 
INSERT INTO metadata_clinic(clinic_id, isolate_id, sample_type, collection_ward) VALUES ('1087', '1143', '1', 'Consultas externas') ON DUPLICATE KEY UPDATE sample_type = '1', collection_ward = 'Consultas externas'; 
INSERT INTO phenotypic_data(phenotypic_data_id, isolate_id, ecdc_resistance_profile, cloxa_test, mbl_test) VALUES ('1087', '1143', 'MDR', '-', '-') ON DUPLICATE KEY UPDATE ecdc_resistance_profile = 'MDR', cloxa_test = '-', mbl_test = '-'; 
INSERT INTO sequence_analysis(sequence_analysis_id, isolate_id, ame_loci, beta_lactamase_loci, carbapenemase_loci, other_acq_ab_loci) VALUES ('1143', '1143', '-', '-', '-', '-') ON DUPLICATE KEY UPDATE ame_loci = '-', beta_lactamase_loci = '-', carbapenemase_loci = '-', other_acq_ab_loci = '-'; 
INSERT INTO metadata_general(isolate_id, isolate_name, species, project_name) VALUES ('1144', 'GAL06-030', 'Pseudomonas aeruginosa', 'GEMARA') ON DUPLICATE KEY UPDATE isolate_name = 'GAL06-030', species = 'Pseudomonas aeruginosa', project_name = 'GEMARA'; 
INSERT INTO metadata_clinic(clinic_id, isolate_id, sample_type, collection_ward) VALUES ('1088', '1144', '2', 'Consultas externas') ON DUPLICATE KEY UPDATE sample_type = '2', collection_ward = 'Consultas externas'; 
INSERT INTO phenotypic_data(phenotypic_data_id, isolate_id, ecdc_resistance_profile, cloxa_test, mbl_test) VALUES ('1088', '1144', 'MDR', '-/s', '-') ON DUPLICATE KEY UPDATE ecdc_resistance_profile = 'MDR', cloxa_test = '-/s', mbl_test = '-'; 
INSERT INTO sequence_analysis(sequence_analysis_id, isolate_id, ame_loci, beta_lactamase_loci, carbapenemase_loci, other_acq_ab_loci) VALUES ('1144', '1144', '-', '-', '-', '-') ON DUPLICATE KEY UPDATE ame_loci = '-', beta_lactamase_loci = '-', carbapenemase_loci = '-', other_acq_ab_loci = '-'; 
INSERT INTO metadata_general(isolate_id, isolate_name, species, project_name) VALUES ('1145', 'GAL06-001', 'Pseudomonas aeruginosa', 'GEMARA') ON DUPLICATE KEY UPDATE isolate_name = 'GAL06-001', species = 'Pseudomonas aeruginosa', project_name = 'GEMARA'; 
INSERT INTO metadata_clinic(clinic_id, isolate_id, sample_type, collection_ward) VALUES ('1089', '1145', '22', 'Consultas externas') ON DUPLICATE KEY UPDATE sample_type = '22', collection_ward = 'Consultas externas'; 
INSERT INTO phenotypic_data(phenotypic_data_id, isolate_id, ecdc_resistance_profile, cloxa_test, mbl_test) VALUES ('1089', '1145', 'S', '-', '-') ON DUPLICATE KEY UPDATE ecdc_resistance_profile = 'S', cloxa_test = '-', mbl_test = '-'; 
INSERT INTO sequence_analysis(sequence_analysis_id, isolate_id, ame_loci, beta_lactamase_loci, carbapenemase_loci, other_acq_ab_loci) VALUES ('1145', '1145', '-', '-', '-', '-') ON DUPLICATE KEY UPDATE ame_loci = '-', beta_lactamase_loci = '-', carbapenemase_loci = '-', other_acq_ab_loci = '-'; 
INSERT INTO metadata_general(isolate_id, isolate_name, species, project_name) VALUES ('1146', 'GAL06-014', 'Pseudomonas aeruginosa', 'GEMARA') ON DUPLICATE KEY UPDATE isolate_name = 'GAL06-014', species = 'Pseudomonas aeruginosa', project_name = 'GEMARA'; 
INSERT INTO metadata_clinic(clinic_id, isolate_id, sample_type, collection_ward) VALUES ('1090', '1146', '29', 'Servicios quirúrgicos adultos') ON DUPLICATE KEY UPDATE sample_type = '29', collection_ward = 'Servicios quirúrgicos adultos'; 
INSERT INTO phenotypic_data(phenotypic_data_id, isolate_id, ecdc_resistance_profile, cloxa_test, mbl_test) VALUES ('1090', '1146', 'S', '-', '-') ON DUPLICATE KEY UPDATE ecdc_resistance_profile = 'S', cloxa_test = '-', mbl_test = '-'; 
INSERT INTO sequence_analysis(sequence_analysis_id, isolate_id, ame_loci, beta_lactamase_loci, carbapenemase_loci, other_acq_ab_loci) VALUES ('1146', '1146', '-', '-', '-', '-') ON DUPLICATE KEY UPDATE ame_loci = '-', beta_lactamase_loci = '-', carbapenemase_loci = '-', other_acq_ab_loci = '-'; 
INSERT INTO metadata_general(isolate_id, isolate_name, species, project_name) VALUES ('1147', 'GAL06-040', 'Pseudomonas aeruginosa', 'GEMARA') ON DUPLICATE KEY UPDATE isolate_name = 'GAL06-040', species = 'Pseudomonas aeruginosa', project_name = 'GEMARA'; 
INSERT INTO metadata_clinic(clinic_id, isolate_id, sample_type, collection_ward) VALUES ('1091', '1147', '1', 'Consultas externas') ON DUPLICATE KEY UPDATE sample_type = '1', collection_ward = 'Consultas externas'; 
INSERT INTO phenotypic_data(phenotypic_data_id, isolate_id, ecdc_resistance_profile, cloxa_test, mbl_test) VALUES ('1091', '1147', 'S', '-', '-') ON DUPLICATE KEY UPDATE ecdc_resistance_profile = 'S', cloxa_test = '-', mbl_test = '-'; 
INSERT INTO sequence_analysis(sequence_analysis_id, isolate_id, ame_loci, beta_lactamase_loci, carbapenemase_loci, other_acq_ab_loci) VALUES ('1147', '1147', '-', '-', '-', '-') ON DUPLICATE KEY UPDATE ame_loci = '-', beta_lactamase_loci = '-', carbapenemase_loci = '-', other_acq_ab_loci = '-'; 
INSERT INTO metadata_general(isolate_id, isolate_name, species, project_name) VALUES ('1148', 'GAL06-009', 'Pseudomonas aeruginosa', 'GEMARA') ON DUPLICATE KEY UPDATE isolate_name = 'GAL06-009', species = 'Pseudomonas aeruginosa', project_name = 'GEMARA'; 
INSERT INTO metadata_clinic(clinic_id, isolate_id, sample_type, collection_ward) VALUES ('1092', '1148', '1', 'Consultas externas') ON DUPLICATE KEY UPDATE sample_type = '1', collection_ward = 'Consultas externas'; 
INSERT INTO phenotypic_data(phenotypic_data_id, isolate_id, ecdc_resistance_profile, cloxa_test, mbl_test) VALUES ('1092', '1148', 'S', '-', '-') ON DUPLICATE KEY UPDATE ecdc_resistance_profile = 'S', cloxa_test = '-', mbl_test = '-'; 
INSERT INTO sequence_analysis(sequence_analysis_id, isolate_id, ame_loci, beta_lactamase_loci, carbapenemase_loci, other_acq_ab_loci) VALUES ('1148', '1148', '-', '-', '-', '-') ON DUPLICATE KEY UPDATE ame_loci = '-', beta_lactamase_loci = '-', carbapenemase_loci = '-', other_acq_ab_loci = '-'; 
INSERT INTO metadata_general(isolate_id, isolate_name, species, project_name) VALUES ('1149', 'GAL06-011', 'Pseudomonas aeruginosa', 'GEMARA') ON DUPLICATE KEY UPDATE isolate_name = 'GAL06-011', species = 'Pseudomonas aeruginosa', project_name = 'GEMARA'; 
INSERT INTO metadata_clinic(clinic_id, isolate_id, sample_type, collection_ward) VALUES ('1093', '1149', '5', 'Servicios médicos adultos') ON DUPLICATE KEY UPDATE sample_type = '5', collection_ward = 'Servicios médicos adultos'; 
INSERT INTO phenotypic_data(phenotypic_data_id, isolate_id, ecdc_resistance_profile, cloxa_test, mbl_test) VALUES ('1093', '1149', 'S', '-', '-') ON DUPLICATE KEY UPDATE ecdc_resistance_profile = 'S', cloxa_test = '-', mbl_test = '-'; 
INSERT INTO sequence_analysis(sequence_analysis_id, isolate_id, ame_loci, beta_lactamase_loci, carbapenemase_loci, other_acq_ab_loci) VALUES ('1149', '1149', '-', '-', '-', '-') ON DUPLICATE KEY UPDATE ame_loci = '-', beta_lactamase_loci = '-', carbapenemase_loci = '-', other_acq_ab_loci = '-'; 
INSERT INTO metadata_general(isolate_id, isolate_name, species, project_name) VALUES ('1150', 'GAL06-013', 'Pseudomonas aeruginosa', 'GEMARA') ON DUPLICATE KEY UPDATE isolate_name = 'GAL06-013', species = 'Pseudomonas aeruginosa', project_name = 'GEMARA'; 
INSERT INTO metadata_clinic(clinic_id, isolate_id, sample_type, collection_ward) VALUES ('1094', '1150', '1', 'Consultas externas') ON DUPLICATE KEY UPDATE sample_type = '1', collection_ward = 'Consultas externas'; 
INSERT INTO phenotypic_data(phenotypic_data_id, isolate_id, ecdc_resistance_profile, cloxa_test, mbl_test) VALUES ('1094', '1150', 'S', '-', '-') ON DUPLICATE KEY UPDATE ecdc_resistance_profile = 'S', cloxa_test = '-', mbl_test = '-'; 
INSERT INTO sequence_analysis(sequence_analysis_id, isolate_id, ame_loci, beta_lactamase_loci, carbapenemase_loci, other_acq_ab_loci) VALUES ('1150', '1150', '-', '-', '-', '-') ON DUPLICATE KEY UPDATE ame_loci = '-', beta_lactamase_loci = '-', carbapenemase_loci = '-', other_acq_ab_loci = '-'; 
INSERT INTO metadata_general(isolate_id, isolate_name, species, project_name) VALUES ('1151', 'GAL06-029', 'Pseudomonas aeruginosa', 'GEMARA') ON DUPLICATE KEY UPDATE isolate_name = 'GAL06-029', species = 'Pseudomonas aeruginosa', project_name = 'GEMARA'; 
INSERT INTO metadata_clinic(clinic_id, isolate_id, sample_type, collection_ward) VALUES ('1095', '1151', '20', 'Servicios médicos adultos') ON DUPLICATE KEY UPDATE sample_type = '20', collection_ward = 'Servicios médicos adultos'; 
INSERT INTO phenotypic_data(phenotypic_data_id, isolate_id, ecdc_resistance_profile, cloxa_test, mbl_test) VALUES ('1095', '1151', 'S', '-', '-') ON DUPLICATE KEY UPDATE ecdc_resistance_profile = 'S', cloxa_test = '-', mbl_test = '-'; 
INSERT INTO sequence_analysis(sequence_analysis_id, isolate_id, ame_loci, beta_lactamase_loci, carbapenemase_loci, other_acq_ab_loci) VALUES ('1151', '1151', '-', '-', '-', '-') ON DUPLICATE KEY UPDATE ame_loci = '-', beta_lactamase_loci = '-', carbapenemase_loci = '-', other_acq_ab_loci = '-'; 
INSERT INTO metadata_general(isolate_id, isolate_name, species, project_name) VALUES ('1152', 'GAL06-035', 'Pseudomonas aeruginosa', 'GEMARA') ON DUPLICATE KEY UPDATE isolate_name = 'GAL06-035', species = 'Pseudomonas aeruginosa', project_name = 'GEMARA'; 
INSERT INTO metadata_clinic(clinic_id, isolate_id, sample_type, collection_ward) VALUES ('1096', '1152', '1', 'Consultas externas') ON DUPLICATE KEY UPDATE sample_type = '1', collection_ward = 'Consultas externas'; 
INSERT INTO phenotypic_data(phenotypic_data_id, isolate_id, ecdc_resistance_profile, cloxa_test, mbl_test) VALUES ('1096', '1152', 'S', '-', '-') ON DUPLICATE KEY UPDATE ecdc_resistance_profile = 'S', cloxa_test = '-', mbl_test = '-'; 
INSERT INTO sequence_analysis(sequence_analysis_id, isolate_id, ame_loci, beta_lactamase_loci, carbapenemase_loci, other_acq_ab_loci) VALUES ('1152', '1152', '-', '-', '-', '-') ON DUPLICATE KEY UPDATE ame_loci = '-', beta_lactamase_loci = '-', carbapenemase_loci = '-', other_acq_ab_loci = '-'; 
INSERT INTO metadata_general(isolate_id, isolate_name, species, project_name) VALUES ('1153', 'GAL06-039', 'Pseudomonas aeruginosa', 'GEMARA') ON DUPLICATE KEY UPDATE isolate_name = 'GAL06-039', species = 'Pseudomonas aeruginosa', project_name = 'GEMARA'; 
INSERT INTO metadata_clinic(clinic_id, isolate_id, sample_type, collection_ward) VALUES ('1097', '1153', '16', 'UCI Adultos') ON DUPLICATE KEY UPDATE sample_type = '16', collection_ward = 'UCI Adultos'; 
INSERT INTO phenotypic_data(phenotypic_data_id, isolate_id, ecdc_resistance_profile, cloxa_test, mbl_test) VALUES ('1097', '1153', 'S', '-', '-') ON DUPLICATE KEY UPDATE ecdc_resistance_profile = 'S', cloxa_test = '-', mbl_test = '-'; 
INSERT INTO sequence_analysis(sequence_analysis_id, isolate_id, ame_loci, beta_lactamase_loci, carbapenemase_loci, other_acq_ab_loci) VALUES ('1153', '1153', '-', '-', '-', '-') ON DUPLICATE KEY UPDATE ame_loci = '-', beta_lactamase_loci = '-', carbapenemase_loci = '-', other_acq_ab_loci = '-'; 
INSERT INTO metadata_general(isolate_id, isolate_name, species, project_name) VALUES ('1154', 'GAL06-005', 'Pseudomonas aeruginosa', 'GEMARA') ON DUPLICATE KEY UPDATE isolate_name = 'GAL06-005', species = 'Pseudomonas aeruginosa', project_name = 'GEMARA'; 
INSERT INTO metadata_clinic(clinic_id, isolate_id, sample_type, collection_ward) VALUES ('1098', '1154', '8', 'Servicios médicos adultos') ON DUPLICATE KEY UPDATE sample_type = '8', collection_ward = 'Servicios médicos adultos'; 
INSERT INTO phenotypic_data(phenotypic_data_id, isolate_id, ecdc_resistance_profile, cloxa_test, mbl_test) VALUES ('1098', '1154', 'S', '-', '-') ON DUPLICATE KEY UPDATE ecdc_resistance_profile = 'S', cloxa_test = '-', mbl_test = '-'; 
INSERT INTO sequence_analysis(sequence_analysis_id, isolate_id, ame_loci, beta_lactamase_loci, carbapenemase_loci, other_acq_ab_loci) VALUES ('1154', '1154', '-', '-', '-', '-') ON DUPLICATE KEY UPDATE ame_loci = '-', beta_lactamase_loci = '-', carbapenemase_loci = '-', other_acq_ab_loci = '-'; 
INSERT INTO metadata_general(isolate_id, isolate_name, species, project_name) VALUES ('1155', 'GAL06-025', 'Pseudomonas aeruginosa', 'GEMARA') ON DUPLICATE KEY UPDATE isolate_name = 'GAL06-025', species = 'Pseudomonas aeruginosa', project_name = 'GEMARA'; 
INSERT INTO metadata_clinic(clinic_id, isolate_id, sample_type, collection_ward) VALUES ('1099', '1155', '15', 'Servicios quirúrgicos adultos') ON DUPLICATE KEY UPDATE sample_type = '15', collection_ward = 'Servicios quirúrgicos adultos'; 
INSERT INTO phenotypic_data(phenotypic_data_id, isolate_id, ecdc_resistance_profile, cloxa_test, mbl_test) VALUES ('1099', '1155', 'S', '-', '-') ON DUPLICATE KEY UPDATE ecdc_resistance_profile = 'S', cloxa_test = '-', mbl_test = '-'; 
INSERT INTO sequence_analysis(sequence_analysis_id, isolate_id, ame_loci, beta_lactamase_loci, carbapenemase_loci, other_acq_ab_loci) VALUES ('1155', '1155', '-', '-', '-', '-') ON DUPLICATE KEY UPDATE ame_loci = '-', beta_lactamase_loci = '-', carbapenemase_loci = '-', other_acq_ab_loci = '-'; 
INSERT INTO metadata_general(isolate_id, isolate_name, species, project_name) VALUES ('1156', 'GAL06-031', 'Pseudomonas aeruginosa', 'GEMARA') ON DUPLICATE KEY UPDATE isolate_name = 'GAL06-031', species = 'Pseudomonas aeruginosa', project_name = 'GEMARA'; 
INSERT INTO metadata_clinic(clinic_id, isolate_id, sample_type, collection_ward) VALUES ('1100', '1156', '22', 'Urgencias adultos') ON DUPLICATE KEY UPDATE sample_type = '22', collection_ward = 'Urgencias adultos'; 
INSERT INTO phenotypic_data(phenotypic_data_id, isolate_id, ecdc_resistance_profile, cloxa_test, mbl_test) VALUES ('1100', '1156', 'S', '-', '-') ON DUPLICATE KEY UPDATE ecdc_resistance_profile = 'S', cloxa_test = '-', mbl_test = '-'; 
INSERT INTO sequence_analysis(sequence_analysis_id, isolate_id, ame_loci, beta_lactamase_loci, carbapenemase_loci, other_acq_ab_loci) VALUES ('1156', '1156', '-', '-', '-', '-') ON DUPLICATE KEY UPDATE ame_loci = '-', beta_lactamase_loci = '-', carbapenemase_loci = '-', other_acq_ab_loci = '-'; 
INSERT INTO metadata_general(isolate_id, isolate_name, species, project_name) VALUES ('1157', 'GAL06-016', 'Pseudomonas aeruginosa', 'GEMARA') ON DUPLICATE KEY UPDATE isolate_name = 'GAL06-016', species = 'Pseudomonas aeruginosa', project_name = 'GEMARA'; 
INSERT INTO metadata_clinic(clinic_id, isolate_id, sample_type, collection_ward) VALUES ('1101', '1157', '1', 'Consultas externas') ON DUPLICATE KEY UPDATE sample_type = '1', collection_ward = 'Consultas externas'; 
INSERT INTO phenotypic_data(phenotypic_data_id, isolate_id, ecdc_resistance_profile, cloxa_test, mbl_test) VALUES ('1101', '1157', 'S', '-', '-') ON DUPLICATE KEY UPDATE ecdc_resistance_profile = 'S', cloxa_test = '-', mbl_test = '-'; 
INSERT INTO sequence_analysis(sequence_analysis_id, isolate_id, ame_loci, beta_lactamase_loci, carbapenemase_loci, other_acq_ab_loci) VALUES ('1157', '1157', '-', '-', '-', '-') ON DUPLICATE KEY UPDATE ame_loci = '-', beta_lactamase_loci = '-', carbapenemase_loci = '-', other_acq_ab_loci = '-'; 
INSERT INTO metadata_general(isolate_id, isolate_name, species, project_name) VALUES ('1158', 'GAL06-019', 'Pseudomonas aeruginosa', 'GEMARA') ON DUPLICATE KEY UPDATE isolate_name = 'GAL06-019', species = 'Pseudomonas aeruginosa', project_name = 'GEMARA'; 
INSERT INTO metadata_clinic(clinic_id, isolate_id, sample_type, collection_ward) VALUES ('1102', '1158', '31', 'Servicios médicos adultos') ON DUPLICATE KEY UPDATE sample_type = '31', collection_ward = 'Servicios médicos adultos'; 
INSERT INTO phenotypic_data(phenotypic_data_id, isolate_id, ecdc_resistance_profile, cloxa_test, mbl_test) VALUES ('1102', '1158', 'S', '-', '-') ON DUPLICATE KEY UPDATE ecdc_resistance_profile = 'S', cloxa_test = '-', mbl_test = '-'; 
INSERT INTO sequence_analysis(sequence_analysis_id, isolate_id, ame_loci, beta_lactamase_loci, carbapenemase_loci, other_acq_ab_loci) VALUES ('1158', '1158', '-', '-', '-', '-') ON DUPLICATE KEY UPDATE ame_loci = '-', beta_lactamase_loci = '-', carbapenemase_loci = '-', other_acq_ab_loci = '-'; 
INSERT INTO metadata_general(isolate_id, isolate_name, species, project_name) VALUES ('1159', 'GAL06-021', 'Pseudomonas aeruginosa', 'GEMARA') ON DUPLICATE KEY UPDATE isolate_name = 'GAL06-021', species = 'Pseudomonas aeruginosa', project_name = 'GEMARA'; 
INSERT INTO metadata_clinic(clinic_id, isolate_id, sample_type, collection_ward) VALUES ('1103', '1159', '22', 'Consultas externas') ON DUPLICATE KEY UPDATE sample_type = '22', collection_ward = 'Consultas externas'; 
INSERT INTO phenotypic_data(phenotypic_data_id, isolate_id, ecdc_resistance_profile, cloxa_test, mbl_test) VALUES ('1103', '1159', 'S', '-', '-') ON DUPLICATE KEY UPDATE ecdc_resistance_profile = 'S', cloxa_test = '-', mbl_test = '-'; 
INSERT INTO sequence_analysis(sequence_analysis_id, isolate_id, ame_loci, beta_lactamase_loci, carbapenemase_loci, other_acq_ab_loci) VALUES ('1159', '1159', '-', '-', '-', '-') ON DUPLICATE KEY UPDATE ame_loci = '-', beta_lactamase_loci = '-', carbapenemase_loci = '-', other_acq_ab_loci = '-'; 
INSERT INTO metadata_general(isolate_id, isolate_name, species, project_name) VALUES ('1160', 'GAL06-037', 'Pseudomonas aeruginosa', 'GEMARA') ON DUPLICATE KEY UPDATE isolate_name = 'GAL06-037', species = 'Pseudomonas aeruginosa', project_name = 'GEMARA'; 
INSERT INTO metadata_clinic(clinic_id, isolate_id, sample_type, collection_ward) VALUES ('1104', '1160', '22', 'Servicios médicos adultos') ON DUPLICATE KEY UPDATE sample_type = '22', collection_ward = 'Servicios médicos adultos'; 
INSERT INTO phenotypic_data(phenotypic_data_id, isolate_id, ecdc_resistance_profile, cloxa_test, mbl_test) VALUES ('1104', '1160', 'S', '-', '-') ON DUPLICATE KEY UPDATE ecdc_resistance_profile = 'S', cloxa_test = '-', mbl_test = '-'; 
INSERT INTO sequence_analysis(sequence_analysis_id, isolate_id, ame_loci, beta_lactamase_loci, carbapenemase_loci, other_acq_ab_loci) VALUES ('1160', '1160', '-', '-', '-', '-') ON DUPLICATE KEY UPDATE ame_loci = '-', beta_lactamase_loci = '-', carbapenemase_loci = '-', other_acq_ab_loci = '-'; 
INSERT INTO metadata_general(isolate_id, isolate_name, species, project_name) VALUES ('137', 'GAL06-038', 'Pseudomonas aeruginosa', 'GEMARA') ON DUPLICATE KEY UPDATE isolate_name = 'GAL06-038', species = 'Pseudomonas aeruginosa', project_name = 'GEMARA'; 
INSERT INTO metadata_clinic(clinic_id, isolate_id, sample_type, collection_ward) VALUES ('1105', '137', '1', 'Consultas externas') ON DUPLICATE KEY UPDATE sample_type = '1', collection_ward = 'Consultas externas'; 
INSERT INTO phenotypic_data(phenotypic_data_id, isolate_id, ecdc_resistance_profile, cloxa_test, mbl_test) VALUES ('1105', '137', 'XDR', '+/s', '-') ON DUPLICATE KEY UPDATE ecdc_resistance_profile = 'XDR', cloxa_test = '+/s', mbl_test = '-'; 
INSERT INTO sequence_analysis(sequence_analysis_id, isolate_id, ame_loci, beta_lactamase_loci, carbapenemase_loci, other_acq_ab_loci) VALUES ('137', '137', 'aacA4, aac(6\')Ib-cr', 'blaCARB-3', '-', 'cmIA1') ON DUPLICATE KEY UPDATE ame_loci = 'aacA4, aac(6\')Ib-cr', beta_lactamase_loci = 'blaCARB-3', carbapenemase_loci = '-', other_acq_ab_loci = 'cmIA1'; 
INSERT INTO metadata_general(isolate_id, isolate_name, species, project_name) VALUES ('131', 'GAL06-002', 'Pseudomonas aeruginosa', 'GEMARA') ON DUPLICATE KEY UPDATE isolate_name = 'GAL06-002', species = 'Pseudomonas aeruginosa', project_name = 'GEMARA'; 
INSERT INTO metadata_clinic(clinic_id, isolate_id, sample_type, collection_ward) VALUES ('1106', '131', '22', 'Consultas externas') ON DUPLICATE KEY UPDATE sample_type = '22', collection_ward = 'Consultas externas'; 
INSERT INTO phenotypic_data(phenotypic_data_id, isolate_id, ecdc_resistance_profile, cloxa_test, mbl_test) VALUES ('1106', '131', 'XDR', 's/s', '-') ON DUPLICATE KEY UPDATE ecdc_resistance_profile = 'XDR', cloxa_test = 's/s', mbl_test = '-'; 
INSERT INTO sequence_analysis(sequence_analysis_id, isolate_id, ame_loci, beta_lactamase_loci, carbapenemase_loci, other_acq_ab_loci) VALUES ('131', '131', 'aacA4, aac(6´)Ib-cr', 'blaCARB-3', '-', '-') ON DUPLICATE KEY UPDATE ame_loci = 'aacA4, aac(6´)Ib-cr', beta_lactamase_loci = 'blaCARB-3', carbapenemase_loci = '-', other_acq_ab_loci = '-'; 
INSERT INTO metadata_general(isolate_id, isolate_name, species, project_name) VALUES ('133', 'GAL06-007', 'Pseudomonas aeruginosa', 'GEMARA') ON DUPLICATE KEY UPDATE isolate_name = 'GAL06-007', species = 'Pseudomonas aeruginosa', project_name = 'GEMARA'; 
INSERT INTO metadata_clinic(clinic_id, isolate_id, sample_type, collection_ward) VALUES ('1107', '133', '8', 'Servicios médicos adultos') ON DUPLICATE KEY UPDATE sample_type = '8', collection_ward = 'Servicios médicos adultos'; 
INSERT INTO phenotypic_data(phenotypic_data_id, isolate_id, ecdc_resistance_profile, cloxa_test, mbl_test) VALUES ('1107', '133', 'XDR', '-/+', '-') ON DUPLICATE KEY UPDATE ecdc_resistance_profile = 'XDR', cloxa_test = '-/+', mbl_test = '-'; 
INSERT INTO sequence_analysis(sequence_analysis_id, isolate_id, ame_loci, beta_lactamase_loci, carbapenemase_loci, other_acq_ab_loci) VALUES ('133', '133', 'aacA4, aac(6\')Ib-cr', '-', '-', 'cmIA1') ON DUPLICATE KEY UPDATE ame_loci = 'aacA4, aac(6\')Ib-cr', beta_lactamase_loci = '-', carbapenemase_loci = '-', other_acq_ab_loci = 'cmIA1'; 
INSERT INTO metadata_general(isolate_id, isolate_name, species, project_name) VALUES ('1161', 'GAL06-026', 'Pseudomonas aeruginosa', 'GEMARA') ON DUPLICATE KEY UPDATE isolate_name = 'GAL06-026', species = 'Pseudomonas aeruginosa', project_name = 'GEMARA'; 
INSERT INTO metadata_clinic(clinic_id, isolate_id, sample_type, collection_ward) VALUES ('1108', '1161', '5', 'Urgencias adultos') ON DUPLICATE KEY UPDATE sample_type = '5', collection_ward = 'Urgencias adultos'; 
INSERT INTO phenotypic_data(phenotypic_data_id, isolate_id, ecdc_resistance_profile, cloxa_test, mbl_test) VALUES ('1108', '1161', 'XDR', '-/s', '-') ON DUPLICATE KEY UPDATE ecdc_resistance_profile = 'XDR', cloxa_test = '-/s', mbl_test = '-'; 
INSERT INTO sequence_analysis(sequence_analysis_id, isolate_id, ame_loci, beta_lactamase_loci, carbapenemase_loci, other_acq_ab_loci) VALUES ('1161', '1161', '-', '-', '-', '-') ON DUPLICATE KEY UPDATE ame_loci = '-', beta_lactamase_loci = '-', carbapenemase_loci = '-', other_acq_ab_loci = '-'; 
INSERT INTO metadata_general(isolate_id, isolate_name, species, project_name) VALUES ('1162', 'GAL06-028', 'Pseudomonas aeruginosa', 'GEMARA') ON DUPLICATE KEY UPDATE isolate_name = 'GAL06-028', species = 'Pseudomonas aeruginosa', project_name = 'GEMARA'; 
INSERT INTO metadata_clinic(clinic_id, isolate_id, sample_type, collection_ward) VALUES ('1109', '1162', '20', 'Servicios quirúrgicos adultos') ON DUPLICATE KEY UPDATE sample_type = '20', collection_ward = 'Servicios quirúrgicos adultos'; 
INSERT INTO phenotypic_data(phenotypic_data_id, isolate_id, ecdc_resistance_profile, cloxa_test, mbl_test) VALUES ('1109', '1162', 'XDR', '+/+', '-') ON DUPLICATE KEY UPDATE ecdc_resistance_profile = 'XDR', cloxa_test = '+/+', mbl_test = '-'; 
INSERT INTO sequence_analysis(sequence_analysis_id, isolate_id, ame_loci, beta_lactamase_loci, carbapenemase_loci, other_acq_ab_loci) VALUES ('1162', '1162', '-', '-', '-', '-') ON DUPLICATE KEY UPDATE ame_loci = '-', beta_lactamase_loci = '-', carbapenemase_loci = '-', other_acq_ab_loci = '-'; 
INSERT INTO metadata_general(isolate_id, isolate_name, species, project_name) VALUES ('136', 'GAL06-034', 'Pseudomonas aeruginosa', 'GEMARA') ON DUPLICATE KEY UPDATE isolate_name = 'GAL06-034', species = 'Pseudomonas aeruginosa', project_name = 'GEMARA'; 
INSERT INTO metadata_clinic(clinic_id, isolate_id, sample_type, collection_ward) VALUES ('1110', '136', '1', 'Consultas externas') ON DUPLICATE KEY UPDATE sample_type = '1', collection_ward = 'Consultas externas'; 
INSERT INTO phenotypic_data(phenotypic_data_id, isolate_id, ecdc_resistance_profile, cloxa_test, mbl_test) VALUES ('1110', '136', 'XDR', '+/+', '-') ON DUPLICATE KEY UPDATE ecdc_resistance_profile = 'XDR', cloxa_test = '+/+', mbl_test = '-'; 
INSERT INTO sequence_analysis(sequence_analysis_id, isolate_id, ame_loci, beta_lactamase_loci, carbapenemase_loci, other_acq_ab_loci) VALUES ('136', '136', 'aacA4, aac(6\')Ib-cr', '-', '-', '-') ON DUPLICATE KEY UPDATE ame_loci = 'aacA4, aac(6\')Ib-cr', beta_lactamase_loci = '-', carbapenemase_loci = '-', other_acq_ab_loci = '-'; 
INSERT INTO metadata_general(isolate_id, isolate_name, species, project_name) VALUES ('132', 'GAL06-004', 'Pseudomonas aeruginosa', 'GEMARA') ON DUPLICATE KEY UPDATE isolate_name = 'GAL06-004', species = 'Pseudomonas aeruginosa', project_name = 'GEMARA'; 
INSERT INTO metadata_clinic(clinic_id, isolate_id, sample_type, collection_ward) VALUES ('1111', '132', '22', 'Servicios quirúrgicos adultos') ON DUPLICATE KEY UPDATE sample_type = '22', collection_ward = 'Servicios quirúrgicos adultos'; 
INSERT INTO phenotypic_data(phenotypic_data_id, isolate_id, ecdc_resistance_profile, cloxa_test, mbl_test) VALUES ('1111', '132', 'XDR', 's/+', '-') ON DUPLICATE KEY UPDATE ecdc_resistance_profile = 'XDR', cloxa_test = 's/+', mbl_test = '-'; 
INSERT INTO sequence_analysis(sequence_analysis_id, isolate_id, ame_loci, beta_lactamase_loci, carbapenemase_loci, other_acq_ab_loci) VALUES ('132', '132', '-', '-', '-', '-') ON DUPLICATE KEY UPDATE ame_loci = '-', beta_lactamase_loci = '-', carbapenemase_loci = '-', other_acq_ab_loci = '-'; 
INSERT INTO metadata_general(isolate_id, isolate_name, species, project_name) VALUES ('134', 'GAL06-015', 'Pseudomonas aeruginosa', 'GEMARA') ON DUPLICATE KEY UPDATE isolate_name = 'GAL06-015', species = 'Pseudomonas aeruginosa', project_name = 'GEMARA'; 
INSERT INTO metadata_clinic(clinic_id, isolate_id, sample_type, collection_ward) VALUES ('1112', '134', '1', 'Consultas externas') ON DUPLICATE KEY UPDATE sample_type = '1', collection_ward = 'Consultas externas'; 
INSERT INTO phenotypic_data(phenotypic_data_id, isolate_id, ecdc_resistance_profile, cloxa_test, mbl_test) VALUES ('1112', '134', 'XDR', '+/+', '-') ON DUPLICATE KEY UPDATE ecdc_resistance_profile = 'XDR', cloxa_test = '+/+', mbl_test = '-'; 
INSERT INTO sequence_analysis(sequence_analysis_id, isolate_id, ame_loci, beta_lactamase_loci, carbapenemase_loci, other_acq_ab_loci) VALUES ('134', '134', 'aadB', '-', '-', '-') ON DUPLICATE KEY UPDATE ame_loci = 'aadB', beta_lactamase_loci = '-', carbapenemase_loci = '-', other_acq_ab_loci = '-'; 
INSERT INTO metadata_general(isolate_id, isolate_name, species, project_name) VALUES ('1163', 'GAL06-022', 'Pseudomonas aeruginosa', 'GEMARA') ON DUPLICATE KEY UPDATE isolate_name = 'GAL06-022', species = 'Pseudomonas aeruginosa', project_name = 'GEMARA'; 
INSERT INTO metadata_clinic(clinic_id, isolate_id, sample_type, collection_ward) VALUES ('1113', '1163', '15', 'Servicios quirúrgicos adultos') ON DUPLICATE KEY UPDATE sample_type = '15', collection_ward = 'Servicios quirúrgicos adultos'; 
INSERT INTO phenotypic_data(phenotypic_data_id, isolate_id, ecdc_resistance_profile, cloxa_test, mbl_test) VALUES ('1113', '1163', 'XDR', '-/+', '-') ON DUPLICATE KEY UPDATE ecdc_resistance_profile = 'XDR', cloxa_test = '-/+', mbl_test = '-'; 
INSERT INTO sequence_analysis(sequence_analysis_id, isolate_id, ame_loci, beta_lactamase_loci, carbapenemase_loci, other_acq_ab_loci) VALUES ('1163', '1163', '-', '-', '-', '-') ON DUPLICATE KEY UPDATE ame_loci = '-', beta_lactamase_loci = '-', carbapenemase_loci = '-', other_acq_ab_loci = '-'; 
INSERT INTO metadata_general(isolate_id, isolate_name, species, project_name) VALUES ('1164', 'GAL06-032', 'Pseudomonas aeruginosa', 'GEMARA') ON DUPLICATE KEY UPDATE isolate_name = 'GAL06-032', species = 'Pseudomonas aeruginosa', project_name = 'GEMARA'; 
INSERT INTO metadata_clinic(clinic_id, isolate_id, sample_type, collection_ward) VALUES ('1114', '1164', '16', 'Servicios médicos adultos') ON DUPLICATE KEY UPDATE sample_type = '16', collection_ward = 'Servicios médicos adultos'; 
INSERT INTO phenotypic_data(phenotypic_data_id, isolate_id, ecdc_resistance_profile, cloxa_test, mbl_test) VALUES ('1114', '1164', 'XDR', '+/+', '-') ON DUPLICATE KEY UPDATE ecdc_resistance_profile = 'XDR', cloxa_test = '+/+', mbl_test = '-'; 
INSERT INTO sequence_analysis(sequence_analysis_id, isolate_id, ame_loci, beta_lactamase_loci, carbapenemase_loci, other_acq_ab_loci) VALUES ('1164', '1164', '-', '-', '-', '-') ON DUPLICATE KEY UPDATE ame_loci = '-', beta_lactamase_loci = '-', carbapenemase_loci = '-', other_acq_ab_loci = '-'; 
INSERT INTO metadata_general(isolate_id, isolate_name, species, project_name) VALUES ('135', 'GAL06-033', 'Pseudomonas aeruginosa', 'GEMARA') ON DUPLICATE KEY UPDATE isolate_name = 'GAL06-033', species = 'Pseudomonas aeruginosa', project_name = 'GEMARA'; 
INSERT INTO metadata_clinic(clinic_id, isolate_id, sample_type, collection_ward) VALUES ('1115', '135', '20', 'Servicios quirúrgicos adultos') ON DUPLICATE KEY UPDATE sample_type = '20', collection_ward = 'Servicios quirúrgicos adultos'; 
INSERT INTO phenotypic_data(phenotypic_data_id, isolate_id, ecdc_resistance_profile, cloxa_test, mbl_test) VALUES ('1115', '135', 'XDR', '-/-', '-') ON DUPLICATE KEY UPDATE ecdc_resistance_profile = 'XDR', cloxa_test = '-/-', mbl_test = '-'; 
INSERT INTO sequence_analysis(sequence_analysis_id, isolate_id, ame_loci, beta_lactamase_loci, carbapenemase_loci, other_acq_ab_loci) VALUES ('135', '135', 'aacA4, aac(6´)Ib-cr', '-', '-', 'cmIA1') ON DUPLICATE KEY UPDATE ame_loci = 'aacA4, aac(6´)Ib-cr', beta_lactamase_loci = '-', carbapenemase_loci = '-', other_acq_ab_loci = 'cmIA1'; 
INSERT INTO metadata_general(isolate_id, isolate_name, species, project_name) VALUES ('1165', 'ICA01-035', 'Pseudomonas aeruginosa', 'GEMARA') ON DUPLICATE KEY UPDATE isolate_name = 'ICA01-035', species = 'Pseudomonas aeruginosa', project_name = 'GEMARA'; 
INSERT INTO metadata_clinic(clinic_id, isolate_id, sample_type, collection_ward) VALUES ('1116', '1165', '1', 'Servicios médicos adultos') ON DUPLICATE KEY UPDATE sample_type = '1', collection_ward = 'Servicios médicos adultos'; 
INSERT INTO phenotypic_data(phenotypic_data_id, isolate_id, ecdc_resistance_profile, cloxa_test, mbl_test) VALUES ('1116', '1165', 'MDR', '-', '-') ON DUPLICATE KEY UPDATE ecdc_resistance_profile = 'MDR', cloxa_test = '-', mbl_test = '-'; 
INSERT INTO sequence_analysis(sequence_analysis_id, isolate_id, ame_loci, beta_lactamase_loci, carbapenemase_loci, other_acq_ab_loci) VALUES ('1165', '1165', '-', '-', '-', '-') ON DUPLICATE KEY UPDATE ame_loci = '-', beta_lactamase_loci = '-', carbapenemase_loci = '-', other_acq_ab_loci = '-'; 
INSERT INTO metadata_general(isolate_id, isolate_name, species, project_name) VALUES ('1166', 'ICA01-011', 'Pseudomonas aeruginosa', 'GEMARA') ON DUPLICATE KEY UPDATE isolate_name = 'ICA01-011', species = 'Pseudomonas aeruginosa', project_name = 'GEMARA'; 
INSERT INTO metadata_clinic(clinic_id, isolate_id, sample_type, collection_ward) VALUES ('1117', '1166', '1', 'Consultas externas') ON DUPLICATE KEY UPDATE sample_type = '1', collection_ward = 'Consultas externas'; 
INSERT INTO phenotypic_data(phenotypic_data_id, isolate_id, ecdc_resistance_profile, cloxa_test, mbl_test) VALUES ('1117', '1166', 'MDR', '-/s', '-') ON DUPLICATE KEY UPDATE ecdc_resistance_profile = 'MDR', cloxa_test = '-/s', mbl_test = '-'; 
INSERT INTO sequence_analysis(sequence_analysis_id, isolate_id, ame_loci, beta_lactamase_loci, carbapenemase_loci, other_acq_ab_loci) VALUES ('1166', '1166', '-', '-', '-', '-') ON DUPLICATE KEY UPDATE ame_loci = '-', beta_lactamase_loci = '-', carbapenemase_loci = '-', other_acq_ab_loci = '-'; 
INSERT INTO metadata_general(isolate_id, isolate_name, species, project_name) VALUES ('1167', 'ICA01-003', 'Pseudomonas aeruginosa', 'GEMARA') ON DUPLICATE KEY UPDATE isolate_name = 'ICA01-003', species = 'Pseudomonas aeruginosa', project_name = 'GEMARA'; 
INSERT INTO metadata_clinic(clinic_id, isolate_id, sample_type, collection_ward) VALUES ('1118', '1167', '16', 'Servicios médicos pediatría') ON DUPLICATE KEY UPDATE sample_type = '16', collection_ward = 'Servicios médicos pediatría'; 
INSERT INTO phenotypic_data(phenotypic_data_id, isolate_id, ecdc_resistance_profile, cloxa_test, mbl_test) VALUES ('1118', '1167', 'S', '-', '-') ON DUPLICATE KEY UPDATE ecdc_resistance_profile = 'S', cloxa_test = '-', mbl_test = '-'; 
INSERT INTO sequence_analysis(sequence_analysis_id, isolate_id, ame_loci, beta_lactamase_loci, carbapenemase_loci, other_acq_ab_loci) VALUES ('1167', '1167', '-', '-', '-', '-') ON DUPLICATE KEY UPDATE ame_loci = '-', beta_lactamase_loci = '-', carbapenemase_loci = '-', other_acq_ab_loci = '-'; 
INSERT INTO metadata_general(isolate_id, isolate_name, species, project_name) VALUES ('1168', 'ICA01-010', 'Pseudomonas aeruginosa', 'GEMARA') ON DUPLICATE KEY UPDATE isolate_name = 'ICA01-010', species = 'Pseudomonas aeruginosa', project_name = 'GEMARA'; 
INSERT INTO metadata_clinic(clinic_id, isolate_id, sample_type, collection_ward) VALUES ('1119', '1168', '5', 'Consultas externas') ON DUPLICATE KEY UPDATE sample_type = '5', collection_ward = 'Consultas externas'; 
INSERT INTO phenotypic_data(phenotypic_data_id, isolate_id, ecdc_resistance_profile, cloxa_test, mbl_test) VALUES ('1119', '1168', 'S', '-', '-') ON DUPLICATE KEY UPDATE ecdc_resistance_profile = 'S', cloxa_test = '-', mbl_test = '-'; 
INSERT INTO sequence_analysis(sequence_analysis_id, isolate_id, ame_loci, beta_lactamase_loci, carbapenemase_loci, other_acq_ab_loci) VALUES ('1168', '1168', '-', '-', '-', '-') ON DUPLICATE KEY UPDATE ame_loci = '-', beta_lactamase_loci = '-', carbapenemase_loci = '-', other_acq_ab_loci = '-'; 
INSERT INTO metadata_general(isolate_id, isolate_name, species, project_name) VALUES ('1169', 'ICA01-006', 'Pseudomonas aeruginosa', 'GEMARA') ON DUPLICATE KEY UPDATE isolate_name = 'ICA01-006', species = 'Pseudomonas aeruginosa', project_name = 'GEMARA'; 
INSERT INTO metadata_clinic(clinic_id, isolate_id, sample_type, collection_ward) VALUES ('1120', '1169', '1', 'Consultas externas') ON DUPLICATE KEY UPDATE sample_type = '1', collection_ward = 'Consultas externas'; 
INSERT INTO phenotypic_data(phenotypic_data_id, isolate_id, ecdc_resistance_profile, cloxa_test, mbl_test) VALUES ('1120', '1169', 'S', '-', '-') ON DUPLICATE KEY UPDATE ecdc_resistance_profile = 'S', cloxa_test = '-', mbl_test = '-'; 
INSERT INTO sequence_analysis(sequence_analysis_id, isolate_id, ame_loci, beta_lactamase_loci, carbapenemase_loci, other_acq_ab_loci) VALUES ('1169', '1169', '-', '-', '-', '-') ON DUPLICATE KEY UPDATE ame_loci = '-', beta_lactamase_loci = '-', carbapenemase_loci = '-', other_acq_ab_loci = '-'; 
INSERT INTO metadata_general(isolate_id, isolate_name, species, project_name) VALUES ('1170', 'ICA01-016', 'Pseudomonas aeruginosa', 'GEMARA') ON DUPLICATE KEY UPDATE isolate_name = 'ICA01-016', species = 'Pseudomonas aeruginosa', project_name = 'GEMARA'; 
INSERT INTO metadata_clinic(clinic_id, isolate_id, sample_type, collection_ward) VALUES ('1121', '1170', '5', 'Consultas externas') ON DUPLICATE KEY UPDATE sample_type = '5', collection_ward = 'Consultas externas'; 
INSERT INTO phenotypic_data(phenotypic_data_id, isolate_id, ecdc_resistance_profile, cloxa_test, mbl_test) VALUES ('1121', '1170', 'S', '-', '-') ON DUPLICATE KEY UPDATE ecdc_resistance_profile = 'S', cloxa_test = '-', mbl_test = '-'; 
INSERT INTO sequence_analysis(sequence_analysis_id, isolate_id, ame_loci, beta_lactamase_loci, carbapenemase_loci, other_acq_ab_loci) VALUES ('1170', '1170', '-', '-', '-', '-') ON DUPLICATE KEY UPDATE ame_loci = '-', beta_lactamase_loci = '-', carbapenemase_loci = '-', other_acq_ab_loci = '-'; 
INSERT INTO metadata_general(isolate_id, isolate_name, species, project_name) VALUES ('1171', 'ICA01-020', 'Pseudomonas aeruginosa', 'GEMARA') ON DUPLICATE KEY UPDATE isolate_name = 'ICA01-020', species = 'Pseudomonas aeruginosa', project_name = 'GEMARA'; 
INSERT INTO metadata_clinic(clinic_id, isolate_id, sample_type, collection_ward) VALUES ('1122', '1171', '1', 'Consultas externas') ON DUPLICATE KEY UPDATE sample_type = '1', collection_ward = 'Consultas externas'; 
INSERT INTO phenotypic_data(phenotypic_data_id, isolate_id, ecdc_resistance_profile, cloxa_test, mbl_test) VALUES ('1122', '1171', 'S', '-', '-') ON DUPLICATE KEY UPDATE ecdc_resistance_profile = 'S', cloxa_test = '-', mbl_test = '-'; 
INSERT INTO sequence_analysis(sequence_analysis_id, isolate_id, ame_loci, beta_lactamase_loci, carbapenemase_loci, other_acq_ab_loci) VALUES ('1171', '1171', '-', '-', '-', '-') ON DUPLICATE KEY UPDATE ame_loci = '-', beta_lactamase_loci = '-', carbapenemase_loci = '-', other_acq_ab_loci = '-'; 
INSERT INTO metadata_general(isolate_id, isolate_name, species, project_name) VALUES ('1172', 'ICA01-027', 'Pseudomonas aeruginosa', 'GEMARA') ON DUPLICATE KEY UPDATE isolate_name = 'ICA01-027', species = 'Pseudomonas aeruginosa', project_name = 'GEMARA'; 
INSERT INTO metadata_clinic(clinic_id, isolate_id, sample_type, collection_ward) VALUES ('1123', '1172', '9', 'Consultas externas') ON DUPLICATE KEY UPDATE sample_type = '9', collection_ward = 'Consultas externas'; 
INSERT INTO phenotypic_data(phenotypic_data_id, isolate_id, ecdc_resistance_profile, cloxa_test, mbl_test) VALUES ('1123', '1172', 'S', '-', '-') ON DUPLICATE KEY UPDATE ecdc_resistance_profile = 'S', cloxa_test = '-', mbl_test = '-'; 
INSERT INTO sequence_analysis(sequence_analysis_id, isolate_id, ame_loci, beta_lactamase_loci, carbapenemase_loci, other_acq_ab_loci) VALUES ('1172', '1172', '-', '-', '-', '-') ON DUPLICATE KEY UPDATE ame_loci = '-', beta_lactamase_loci = '-', carbapenemase_loci = '-', other_acq_ab_loci = '-'; 
INSERT INTO metadata_general(isolate_id, isolate_name, species, project_name) VALUES ('1173', 'ICA01-038', 'Pseudomonas aeruginosa', 'GEMARA') ON DUPLICATE KEY UPDATE isolate_name = 'ICA01-038', species = 'Pseudomonas aeruginosa', project_name = 'GEMARA'; 
INSERT INTO metadata_clinic(clinic_id, isolate_id, sample_type, collection_ward) VALUES ('1124', '1173', '7', 'UCI Adultos') ON DUPLICATE KEY UPDATE sample_type = '7', collection_ward = 'UCI Adultos'; 
INSERT INTO phenotypic_data(phenotypic_data_id, isolate_id, ecdc_resistance_profile, cloxa_test, mbl_test) VALUES ('1124', '1173', 'S', '-', '-') ON DUPLICATE KEY UPDATE ecdc_resistance_profile = 'S', cloxa_test = '-', mbl_test = '-'; 
INSERT INTO sequence_analysis(sequence_analysis_id, isolate_id, ame_loci, beta_lactamase_loci, carbapenemase_loci, other_acq_ab_loci) VALUES ('1173', '1173', '-', '-', '-', '-') ON DUPLICATE KEY UPDATE ame_loci = '-', beta_lactamase_loci = '-', carbapenemase_loci = '-', other_acq_ab_loci = '-'; 
INSERT INTO metadata_general(isolate_id, isolate_name, species, project_name) VALUES ('1174', 'ICA01-009', 'Pseudomonas aeruginosa', 'GEMARA') ON DUPLICATE KEY UPDATE isolate_name = 'ICA01-009', species = 'Pseudomonas aeruginosa', project_name = 'GEMARA'; 
INSERT INTO metadata_clinic(clinic_id, isolate_id, sample_type, collection_ward) VALUES ('1125', '1174', '1', 'Servicios médicos adultos') ON DUPLICATE KEY UPDATE sample_type = '1', collection_ward = 'Servicios médicos adultos'; 
INSERT INTO phenotypic_data(phenotypic_data_id, isolate_id, ecdc_resistance_profile, cloxa_test, mbl_test) VALUES ('1125', '1174', 'S', '-', '-') ON DUPLICATE KEY UPDATE ecdc_resistance_profile = 'S', cloxa_test = '-', mbl_test = '-'; 
INSERT INTO sequence_analysis(sequence_analysis_id, isolate_id, ame_loci, beta_lactamase_loci, carbapenemase_loci, other_acq_ab_loci) VALUES ('1174', '1174', '-', '-', '-', '-') ON DUPLICATE KEY UPDATE ame_loci = '-', beta_lactamase_loci = '-', carbapenemase_loci = '-', other_acq_ab_loci = '-'; 
INSERT INTO metadata_general(isolate_id, isolate_name, species, project_name) VALUES ('1175', 'ICA01-002', 'Pseudomonas aeruginosa', 'GEMARA') ON DUPLICATE KEY UPDATE isolate_name = 'ICA01-002', species = 'Pseudomonas aeruginosa', project_name = 'GEMARA'; 
INSERT INTO metadata_clinic(clinic_id, isolate_id, sample_type, collection_ward) VALUES ('1126', '1175', '6', 'Servicios médicos adultos') ON DUPLICATE KEY UPDATE sample_type = '6', collection_ward = 'Servicios médicos adultos'; 
INSERT INTO phenotypic_data(phenotypic_data_id, isolate_id, ecdc_resistance_profile, cloxa_test, mbl_test) VALUES ('1126', '1175', 'S', '-', '-') ON DUPLICATE KEY UPDATE ecdc_resistance_profile = 'S', cloxa_test = '-', mbl_test = '-'; 
INSERT INTO sequence_analysis(sequence_analysis_id, isolate_id, ame_loci, beta_lactamase_loci, carbapenemase_loci, other_acq_ab_loci) VALUES ('1175', '1175', '-', '-', '-', '-') ON DUPLICATE KEY UPDATE ame_loci = '-', beta_lactamase_loci = '-', carbapenemase_loci = '-', other_acq_ab_loci = '-'; 
INSERT INTO metadata_general(isolate_id, isolate_name, species, project_name) VALUES ('1176', 'ICA01-015', 'Pseudomonas aeruginosa', 'GEMARA') ON DUPLICATE KEY UPDATE isolate_name = 'ICA01-015', species = 'Pseudomonas aeruginosa', project_name = 'GEMARA'; 
INSERT INTO metadata_clinic(clinic_id, isolate_id, sample_type, collection_ward) VALUES ('1127', '1176', '10', 'Consultas externas') ON DUPLICATE KEY UPDATE sample_type = '10', collection_ward = 'Consultas externas'; 
INSERT INTO phenotypic_data(phenotypic_data_id, isolate_id, ecdc_resistance_profile, cloxa_test, mbl_test) VALUES ('1127', '1176', 'S', '-', '-') ON DUPLICATE KEY UPDATE ecdc_resistance_profile = 'S', cloxa_test = '-', mbl_test = '-'; 
INSERT INTO sequence_analysis(sequence_analysis_id, isolate_id, ame_loci, beta_lactamase_loci, carbapenemase_loci, other_acq_ab_loci) VALUES ('1176', '1176', '-', '-', '-', '-') ON DUPLICATE KEY UPDATE ame_loci = '-', beta_lactamase_loci = '-', carbapenemase_loci = '-', other_acq_ab_loci = '-'; 
INSERT INTO metadata_general(isolate_id, isolate_name, species, project_name) VALUES ('1177', 'ICA01-033', 'Pseudomonas aeruginosa', 'GEMARA') ON DUPLICATE KEY UPDATE isolate_name = 'ICA01-033', species = 'Pseudomonas aeruginosa', project_name = 'GEMARA'; 
INSERT INTO metadata_clinic(clinic_id, isolate_id, sample_type, collection_ward) VALUES ('1128', '1177', '5', 'Servicios médicos adultos') ON DUPLICATE KEY UPDATE sample_type = '5', collection_ward = 'Servicios médicos adultos'; 
INSERT INTO phenotypic_data(phenotypic_data_id, isolate_id, ecdc_resistance_profile, cloxa_test, mbl_test) VALUES ('1128', '1177', 'S', '-', '-') ON DUPLICATE KEY UPDATE ecdc_resistance_profile = 'S', cloxa_test = '-', mbl_test = '-'; 
INSERT INTO sequence_analysis(sequence_analysis_id, isolate_id, ame_loci, beta_lactamase_loci, carbapenemase_loci, other_acq_ab_loci) VALUES ('1177', '1177', '-', '-', '-', '-') ON DUPLICATE KEY UPDATE ame_loci = '-', beta_lactamase_loci = '-', carbapenemase_loci = '-', other_acq_ab_loci = '-'; 
INSERT INTO metadata_general(isolate_id, isolate_name, species, project_name) VALUES ('1178', 'ICA01-021', 'Pseudomonas aeruginosa', 'GEMARA') ON DUPLICATE KEY UPDATE isolate_name = 'ICA01-021', species = 'Pseudomonas aeruginosa', project_name = 'GEMARA'; 
INSERT INTO metadata_clinic(clinic_id, isolate_id, sample_type, collection_ward) VALUES ('1129', '1178', '1', 'Servicios médicos adultos') ON DUPLICATE KEY UPDATE sample_type = '1', collection_ward = 'Servicios médicos adultos'; 
INSERT INTO phenotypic_data(phenotypic_data_id, isolate_id, ecdc_resistance_profile, cloxa_test, mbl_test) VALUES ('1129', '1178', 'S', '-', '-') ON DUPLICATE KEY UPDATE ecdc_resistance_profile = 'S', cloxa_test = '-', mbl_test = '-'; 
INSERT INTO sequence_analysis(sequence_analysis_id, isolate_id, ame_loci, beta_lactamase_loci, carbapenemase_loci, other_acq_ab_loci) VALUES ('1178', '1178', '-', '-', '-', '-') ON DUPLICATE KEY UPDATE ame_loci = '-', beta_lactamase_loci = '-', carbapenemase_loci = '-', other_acq_ab_loci = '-'; 
INSERT INTO metadata_general(isolate_id, isolate_name, species, project_name) VALUES ('1179', 'ICA01-004', 'Pseudomonas aeruginosa', 'GEMARA') ON DUPLICATE KEY UPDATE isolate_name = 'ICA01-004', species = 'Pseudomonas aeruginosa', project_name = 'GEMARA'; 
INSERT INTO metadata_clinic(clinic_id, isolate_id, sample_type, collection_ward) VALUES ('1130', '1179', '1', 'Servicios médicos pediatría') ON DUPLICATE KEY UPDATE sample_type = '1', collection_ward = 'Servicios médicos pediatría'; 
INSERT INTO phenotypic_data(phenotypic_data_id, isolate_id, ecdc_resistance_profile, cloxa_test, mbl_test) VALUES ('1130', '1179', 'S', '-', '-') ON DUPLICATE KEY UPDATE ecdc_resistance_profile = 'S', cloxa_test = '-', mbl_test = '-'; 
INSERT INTO sequence_analysis(sequence_analysis_id, isolate_id, ame_loci, beta_lactamase_loci, carbapenemase_loci, other_acq_ab_loci) VALUES ('1179', '1179', '-', '-', '-', '-') ON DUPLICATE KEY UPDATE ame_loci = '-', beta_lactamase_loci = '-', carbapenemase_loci = '-', other_acq_ab_loci = '-'; 
INSERT INTO metadata_general(isolate_id, isolate_name, species, project_name) VALUES ('1180', 'ICA01-012', 'Pseudomonas aeruginosa', 'GEMARA') ON DUPLICATE KEY UPDATE isolate_name = 'ICA01-012', species = 'Pseudomonas aeruginosa', project_name = 'GEMARA'; 
INSERT INTO metadata_clinic(clinic_id, isolate_id, sample_type, collection_ward) VALUES ('1131', '1180', '7', 'Servicios quirúrgicos adultos') ON DUPLICATE KEY UPDATE sample_type = '7', collection_ward = 'Servicios quirúrgicos adultos'; 
INSERT INTO phenotypic_data(phenotypic_data_id, isolate_id, ecdc_resistance_profile, cloxa_test, mbl_test) VALUES ('1131', '1180', 'S', '-', '-') ON DUPLICATE KEY UPDATE ecdc_resistance_profile = 'S', cloxa_test = '-', mbl_test = '-'; 
INSERT INTO sequence_analysis(sequence_analysis_id, isolate_id, ame_loci, beta_lactamase_loci, carbapenemase_loci, other_acq_ab_loci) VALUES ('1180', '1180', '-', '-', '-', '-') ON DUPLICATE KEY UPDATE ame_loci = '-', beta_lactamase_loci = '-', carbapenemase_loci = '-', other_acq_ab_loci = '-'; 
INSERT INTO metadata_general(isolate_id, isolate_name, species, project_name) VALUES ('1181', 'ICA01-022', 'Pseudomonas aeruginosa', 'GEMARA') ON DUPLICATE KEY UPDATE isolate_name = 'ICA01-022', species = 'Pseudomonas aeruginosa', project_name = 'GEMARA'; 
INSERT INTO metadata_clinic(clinic_id, isolate_id, sample_type, collection_ward) VALUES ('1132', '1181', '1', 'Otros') ON DUPLICATE KEY UPDATE sample_type = '1', collection_ward = 'Otros'; 
INSERT INTO phenotypic_data(phenotypic_data_id, isolate_id, ecdc_resistance_profile, cloxa_test, mbl_test) VALUES ('1132', '1181', 'S', '-', '-') ON DUPLICATE KEY UPDATE ecdc_resistance_profile = 'S', cloxa_test = '-', mbl_test = '-'; 
INSERT INTO sequence_analysis(sequence_analysis_id, isolate_id, ame_loci, beta_lactamase_loci, carbapenemase_loci, other_acq_ab_loci) VALUES ('1181', '1181', '-', '-', '-', '-') ON DUPLICATE KEY UPDATE ame_loci = '-', beta_lactamase_loci = '-', carbapenemase_loci = '-', other_acq_ab_loci = '-'; 
INSERT INTO metadata_general(isolate_id, isolate_name, species, project_name) VALUES ('1182', 'ICA01-028', 'Pseudomonas aeruginosa', 'GEMARA') ON DUPLICATE KEY UPDATE isolate_name = 'ICA01-028', species = 'Pseudomonas aeruginosa', project_name = 'GEMARA'; 
INSERT INTO metadata_clinic(clinic_id, isolate_id, sample_type, collection_ward) VALUES ('1133', '1182', '5', 'Servicios médicos adultos') ON DUPLICATE KEY UPDATE sample_type = '5', collection_ward = 'Servicios médicos adultos'; 
INSERT INTO phenotypic_data(phenotypic_data_id, isolate_id, ecdc_resistance_profile, cloxa_test, mbl_test) VALUES ('1133', '1182', 'S', '-', '-') ON DUPLICATE KEY UPDATE ecdc_resistance_profile = 'S', cloxa_test = '-', mbl_test = '-'; 
INSERT INTO sequence_analysis(sequence_analysis_id, isolate_id, ame_loci, beta_lactamase_loci, carbapenemase_loci, other_acq_ab_loci) VALUES ('1182', '1182', '-', '-', '-', '-') ON DUPLICATE KEY UPDATE ame_loci = '-', beta_lactamase_loci = '-', carbapenemase_loci = '-', other_acq_ab_loci = '-'; 
INSERT INTO metadata_general(isolate_id, isolate_name, species, project_name) VALUES ('1183', 'ICA01-017', 'Pseudomonas aeruginosa', 'GEMARA') ON DUPLICATE KEY UPDATE isolate_name = 'ICA01-017', species = 'Pseudomonas aeruginosa', project_name = 'GEMARA'; 
INSERT INTO metadata_clinic(clinic_id, isolate_id, sample_type, collection_ward) VALUES ('1134', '1183', '6', 'Servicios médicos adultos') ON DUPLICATE KEY UPDATE sample_type = '6', collection_ward = 'Servicios médicos adultos'; 
INSERT INTO phenotypic_data(phenotypic_data_id, isolate_id, ecdc_resistance_profile, cloxa_test, mbl_test) VALUES ('1134', '1183', 'S', '-', '-') ON DUPLICATE KEY UPDATE ecdc_resistance_profile = 'S', cloxa_test = '-', mbl_test = '-'; 
INSERT INTO sequence_analysis(sequence_analysis_id, isolate_id, ame_loci, beta_lactamase_loci, carbapenemase_loci, other_acq_ab_loci) VALUES ('1183', '1183', '-', '-', '-', '-') ON DUPLICATE KEY UPDATE ame_loci = '-', beta_lactamase_loci = '-', carbapenemase_loci = '-', other_acq_ab_loci = '-'; 
INSERT INTO metadata_general(isolate_id, isolate_name, species, project_name) VALUES ('1184', 'ICA01-039', 'Pseudomonas aeruginosa', 'GEMARA') ON DUPLICATE KEY UPDATE isolate_name = 'ICA01-039', species = 'Pseudomonas aeruginosa', project_name = 'GEMARA'; 
INSERT INTO metadata_clinic(clinic_id, isolate_id, sample_type, collection_ward) VALUES ('1135', '1184', '6', 'UCI pediatría') ON DUPLICATE KEY UPDATE sample_type = '6', collection_ward = 'UCI pediatría'; 
INSERT INTO phenotypic_data(phenotypic_data_id, isolate_id, ecdc_resistance_profile, cloxa_test, mbl_test) VALUES ('1135', '1184', 'S', '-', '-') ON DUPLICATE KEY UPDATE ecdc_resistance_profile = 'S', cloxa_test = '-', mbl_test = '-'; 
INSERT INTO sequence_analysis(sequence_analysis_id, isolate_id, ame_loci, beta_lactamase_loci, carbapenemase_loci, other_acq_ab_loci) VALUES ('1184', '1184', '-', '-', '-', '-') ON DUPLICATE KEY UPDATE ame_loci = '-', beta_lactamase_loci = '-', carbapenemase_loci = '-', other_acq_ab_loci = '-'; 
INSERT INTO metadata_general(isolate_id, isolate_name, species, project_name) VALUES ('1185', 'ICA01-007', 'Pseudomonas aeruginosa', 'GEMARA') ON DUPLICATE KEY UPDATE isolate_name = 'ICA01-007', species = 'Pseudomonas aeruginosa', project_name = 'GEMARA'; 
INSERT INTO metadata_clinic(clinic_id, isolate_id, sample_type, collection_ward) VALUES ('1136', '1185', '5', 'Consultas externas') ON DUPLICATE KEY UPDATE sample_type = '5', collection_ward = 'Consultas externas'; 
INSERT INTO phenotypic_data(phenotypic_data_id, isolate_id, ecdc_resistance_profile, cloxa_test, mbl_test) VALUES ('1136', '1185', 'S', '-', '-') ON DUPLICATE KEY UPDATE ecdc_resistance_profile = 'S', cloxa_test = '-', mbl_test = '-'; 
INSERT INTO sequence_analysis(sequence_analysis_id, isolate_id, ame_loci, beta_lactamase_loci, carbapenemase_loci, other_acq_ab_loci) VALUES ('1185', '1185', '-', '-', '-', '-') ON DUPLICATE KEY UPDATE ame_loci = '-', beta_lactamase_loci = '-', carbapenemase_loci = '-', other_acq_ab_loci = '-'; 
INSERT INTO metadata_general(isolate_id, isolate_name, species, project_name) VALUES ('1186', 'ICA01-014', 'Pseudomonas aeruginosa', 'GEMARA') ON DUPLICATE KEY UPDATE isolate_name = 'ICA01-014', species = 'Pseudomonas aeruginosa', project_name = 'GEMARA'; 
INSERT INTO metadata_clinic(clinic_id, isolate_id, sample_type, collection_ward) VALUES ('1137', '1186', '1', 'Consultas externas') ON DUPLICATE KEY UPDATE sample_type = '1', collection_ward = 'Consultas externas'; 
INSERT INTO phenotypic_data(phenotypic_data_id, isolate_id, ecdc_resistance_profile, cloxa_test, mbl_test) VALUES ('1137', '1186', 'S', '-', '-') ON DUPLICATE KEY UPDATE ecdc_resistance_profile = 'S', cloxa_test = '-', mbl_test = '-'; 
INSERT INTO sequence_analysis(sequence_analysis_id, isolate_id, ame_loci, beta_lactamase_loci, carbapenemase_loci, other_acq_ab_loci) VALUES ('1186', '1186', '-', '-', '-', '-') ON DUPLICATE KEY UPDATE ame_loci = '-', beta_lactamase_loci = '-', carbapenemase_loci = '-', other_acq_ab_loci = '-'; 
INSERT INTO metadata_general(isolate_id, isolate_name, species, project_name) VALUES ('1187', 'ICA01-008', 'Pseudomonas aeruginosa', 'GEMARA') ON DUPLICATE KEY UPDATE isolate_name = 'ICA01-008', species = 'Pseudomonas aeruginosa', project_name = 'GEMARA'; 
INSERT INTO metadata_clinic(clinic_id, isolate_id, sample_type, collection_ward) VALUES ('1138', '1187', '5', 'Consultas externas') ON DUPLICATE KEY UPDATE sample_type = '5', collection_ward = 'Consultas externas'; 
INSERT INTO phenotypic_data(phenotypic_data_id, isolate_id, ecdc_resistance_profile, cloxa_test, mbl_test) VALUES ('1138', '1187', 'S', '-', '-') ON DUPLICATE KEY UPDATE ecdc_resistance_profile = 'S', cloxa_test = '-', mbl_test = '-'; 
INSERT INTO sequence_analysis(sequence_analysis_id, isolate_id, ame_loci, beta_lactamase_loci, carbapenemase_loci, other_acq_ab_loci) VALUES ('1187', '1187', '-', '-', '-', '-') ON DUPLICATE KEY UPDATE ame_loci = '-', beta_lactamase_loci = '-', carbapenemase_loci = '-', other_acq_ab_loci = '-'; 
INSERT INTO metadata_general(isolate_id, isolate_name, species, project_name) VALUES ('141', 'ICA01-031', 'Pseudomonas aeruginosa', 'GEMARA') ON DUPLICATE KEY UPDATE isolate_name = 'ICA01-031', species = 'Pseudomonas aeruginosa', project_name = 'GEMARA'; 
INSERT INTO metadata_clinic(clinic_id, isolate_id, sample_type, collection_ward) VALUES ('1139', '141', '5', 'Consultas externas') ON DUPLICATE KEY UPDATE sample_type = '5', collection_ward = 'Consultas externas'; 
INSERT INTO phenotypic_data(phenotypic_data_id, isolate_id, ecdc_resistance_profile, cloxa_test, mbl_test) VALUES ('1139', '141', 'XDR', '+/+', '-') ON DUPLICATE KEY UPDATE ecdc_resistance_profile = 'XDR', cloxa_test = '+/+', mbl_test = '-'; 
INSERT INTO sequence_analysis(sequence_analysis_id, isolate_id, ame_loci, beta_lactamase_loci, carbapenemase_loci, other_acq_ab_loci) VALUES ('141', '141', 'aadB', '-', '-', '-') ON DUPLICATE KEY UPDATE ame_loci = 'aadB', beta_lactamase_loci = '-', carbapenemase_loci = '-', other_acq_ab_loci = '-'; 
INSERT INTO metadata_general(isolate_id, isolate_name, species, project_name) VALUES ('140', 'ICA01-030', 'Pseudomonas aeruginosa', 'GEMARA') ON DUPLICATE KEY UPDATE isolate_name = 'ICA01-030', species = 'Pseudomonas aeruginosa', project_name = 'GEMARA'; 
INSERT INTO metadata_clinic(clinic_id, isolate_id, sample_type, collection_ward) VALUES ('1140', '140', '5', 'Urgencias adultos') ON DUPLICATE KEY UPDATE sample_type = '5', collection_ward = 'Urgencias adultos'; 
INSERT INTO phenotypic_data(phenotypic_data_id, isolate_id, ecdc_resistance_profile, cloxa_test, mbl_test) VALUES ('1140', '140', 'XDR', '+/+', '-') ON DUPLICATE KEY UPDATE ecdc_resistance_profile = 'XDR', cloxa_test = '+/+', mbl_test = '-'; 
INSERT INTO sequence_analysis(sequence_analysis_id, isolate_id, ame_loci, beta_lactamase_loci, carbapenemase_loci, other_acq_ab_loci) VALUES ('140', '140', 'aadB', '-', '-', '-') ON DUPLICATE KEY UPDATE ame_loci = 'aadB', beta_lactamase_loci = '-', carbapenemase_loci = '-', other_acq_ab_loci = '-'; 
INSERT INTO metadata_general(isolate_id, isolate_name, species, project_name) VALUES ('138', 'ICA01-001', 'Pseudomonas aeruginosa', 'GEMARA') ON DUPLICATE KEY UPDATE isolate_name = 'ICA01-001', species = 'Pseudomonas aeruginosa', project_name = 'GEMARA'; 
INSERT INTO metadata_clinic(clinic_id, isolate_id, sample_type, collection_ward) VALUES ('1141', '138', '7', 'UCI Adultos') ON DUPLICATE KEY UPDATE sample_type = '7', collection_ward = 'UCI Adultos'; 
INSERT INTO phenotypic_data(phenotypic_data_id, isolate_id, ecdc_resistance_profile, cloxa_test, mbl_test) VALUES ('1141', '138', 'XDR', '+/s', '-') ON DUPLICATE KEY UPDATE ecdc_resistance_profile = 'XDR', cloxa_test = '+/s', mbl_test = '-'; 
INSERT INTO sequence_analysis(sequence_analysis_id, isolate_id, ame_loci, beta_lactamase_loci, carbapenemase_loci, other_acq_ab_loci) VALUES ('138', '138', 'aacA4, aac(6\')Ib-cr', '-', '-', 'strA, strB, catA2, tet (C )') ON DUPLICATE KEY UPDATE ame_loci = 'aacA4, aac(6\')Ib-cr', beta_lactamase_loci = '-', carbapenemase_loci = '-', other_acq_ab_loci = 'strA, strB, catA2, tet (C )'; 
INSERT INTO metadata_general(isolate_id, isolate_name, species, project_name) VALUES ('142', 'ICA01-034', 'Pseudomonas aeruginosa', 'GEMARA') ON DUPLICATE KEY UPDATE isolate_name = 'ICA01-034', species = 'Pseudomonas aeruginosa', project_name = 'GEMARA'; 
INSERT INTO metadata_clinic(clinic_id, isolate_id, sample_type, collection_ward) VALUES ('1142', '142', '2', 'Consultas externas') ON DUPLICATE KEY UPDATE sample_type = '2', collection_ward = 'Consultas externas'; 
INSERT INTO phenotypic_data(phenotypic_data_id, isolate_id, ecdc_resistance_profile, cloxa_test, mbl_test) VALUES ('1142', '142', 'XDR', '+/+', '-') ON DUPLICATE KEY UPDATE ecdc_resistance_profile = 'XDR', cloxa_test = '+/+', mbl_test = '-'; 
INSERT INTO sequence_analysis(sequence_analysis_id, isolate_id, ame_loci, beta_lactamase_loci, carbapenemase_loci, other_acq_ab_loci) VALUES ('142', '142', '-', '-', '-', '-') ON DUPLICATE KEY UPDATE ame_loci = '-', beta_lactamase_loci = '-', carbapenemase_loci = '-', other_acq_ab_loci = '-'; 
INSERT INTO metadata_general(isolate_id, isolate_name, species, project_name) VALUES ('1188', 'ICA01-005', 'Pseudomonas aeruginosa', 'GEMARA') ON DUPLICATE KEY UPDATE isolate_name = 'ICA01-005', species = 'Pseudomonas aeruginosa', project_name = 'GEMARA'; 
INSERT INTO metadata_clinic(clinic_id, isolate_id, sample_type, collection_ward) VALUES ('1143', '1188', '22', 'Consultas externas') ON DUPLICATE KEY UPDATE sample_type = '22', collection_ward = 'Consultas externas'; 
INSERT INTO phenotypic_data(phenotypic_data_id, isolate_id, ecdc_resistance_profile, cloxa_test, mbl_test) VALUES ('1143', '1188', 'XDR', 's/+', '-') ON DUPLICATE KEY UPDATE ecdc_resistance_profile = 'XDR', cloxa_test = 's/+', mbl_test = '-'; 
INSERT INTO sequence_analysis(sequence_analysis_id, isolate_id, ame_loci, beta_lactamase_loci, carbapenemase_loci, other_acq_ab_loci) VALUES ('1188', '1188', '-', '-', '-', '-') ON DUPLICATE KEY UPDATE ame_loci = '-', beta_lactamase_loci = '-', carbapenemase_loci = '-', other_acq_ab_loci = '-'; 
INSERT INTO metadata_general(isolate_id, isolate_name, species, project_name) VALUES ('139', 'ICA01-013', 'Pseudomonas aeruginosa', 'GEMARA') ON DUPLICATE KEY UPDATE isolate_name = 'ICA01-013', species = 'Pseudomonas aeruginosa', project_name = 'GEMARA'; 
INSERT INTO metadata_clinic(clinic_id, isolate_id, sample_type, collection_ward) VALUES ('1144', '139', '5', 'Consultas externas') ON DUPLICATE KEY UPDATE sample_type = '5', collection_ward = 'Consultas externas'; 
INSERT INTO phenotypic_data(phenotypic_data_id, isolate_id, ecdc_resistance_profile, cloxa_test, mbl_test) VALUES ('1144', '139', 'XDR', '+/+', '-') ON DUPLICATE KEY UPDATE ecdc_resistance_profile = 'XDR', cloxa_test = '+/+', mbl_test = '-'; 
INSERT INTO sequence_analysis(sequence_analysis_id, isolate_id, ame_loci, beta_lactamase_loci, carbapenemase_loci, other_acq_ab_loci) VALUES ('139', '139', '-', '-', '-', '-') ON DUPLICATE KEY UPDATE ame_loci = '-', beta_lactamase_loci = '-', carbapenemase_loci = '-', other_acq_ab_loci = '-'; 
INSERT INTO metadata_general(isolate_id, isolate_name, species, project_name) VALUES ('1189', 'ICA01-032', 'Pseudomonas aeruginosa', 'GEMARA') ON DUPLICATE KEY UPDATE isolate_name = 'ICA01-032', species = 'Pseudomonas aeruginosa', project_name = 'GEMARA'; 
INSERT INTO metadata_clinic(clinic_id, isolate_id, sample_type, collection_ward) VALUES ('1145', '1189', '5', 'Servicios médicos adultos') ON DUPLICATE KEY UPDATE sample_type = '5', collection_ward = 'Servicios médicos adultos'; 
INSERT INTO phenotypic_data(phenotypic_data_id, isolate_id, ecdc_resistance_profile, cloxa_test, mbl_test) VALUES ('1145', '1189', 'XDR', '+/+', '-') ON DUPLICATE KEY UPDATE ecdc_resistance_profile = 'XDR', cloxa_test = '+/+', mbl_test = '-'; 
INSERT INTO sequence_analysis(sequence_analysis_id, isolate_id, ame_loci, beta_lactamase_loci, carbapenemase_loci, other_acq_ab_loci) VALUES ('1189', '1189', '-', '-', '-', '-') ON DUPLICATE KEY UPDATE ame_loci = '-', beta_lactamase_loci = '-', carbapenemase_loci = '-', other_acq_ab_loci = '-'; 
INSERT INTO metadata_general(isolate_id, isolate_name, species, project_name) VALUES ('1190', 'LRJ01-005', 'Pseudomonas aeruginosa', 'GEMARA') ON DUPLICATE KEY UPDATE isolate_name = 'LRJ01-005', species = 'Pseudomonas aeruginosa', project_name = 'GEMARA'; 
INSERT INTO metadata_clinic(clinic_id, isolate_id, sample_type, collection_ward) VALUES ('1146', '1190', '5', 'Urgencias adultos') ON DUPLICATE KEY UPDATE sample_type = '5', collection_ward = 'Urgencias adultos'; 
INSERT INTO phenotypic_data(phenotypic_data_id, isolate_id, ecdc_resistance_profile, cloxa_test, mbl_test) VALUES ('1146', '1190', 'MDR', '-', '-') ON DUPLICATE KEY UPDATE ecdc_resistance_profile = 'MDR', cloxa_test = '-', mbl_test = '-'; 
INSERT INTO sequence_analysis(sequence_analysis_id, isolate_id, ame_loci, beta_lactamase_loci, carbapenemase_loci, other_acq_ab_loci) VALUES ('1190', '1190', '-', '-', '-', '-') ON DUPLICATE KEY UPDATE ame_loci = '-', beta_lactamase_loci = '-', carbapenemase_loci = '-', other_acq_ab_loci = '-'; 
INSERT INTO metadata_general(isolate_id, isolate_name, species, project_name) VALUES ('1191', 'LRJ01-045', 'Pseudomonas aeruginosa', 'GEMARA') ON DUPLICATE KEY UPDATE isolate_name = 'LRJ01-045', species = 'Pseudomonas aeruginosa', project_name = 'GEMARA'; 
INSERT INTO metadata_clinic(clinic_id, isolate_id, sample_type, collection_ward) VALUES ('1147', '1191', '31', 'Servicios médicos adultos') ON DUPLICATE KEY UPDATE sample_type = '31', collection_ward = 'Servicios médicos adultos'; 
INSERT INTO phenotypic_data(phenotypic_data_id, isolate_id, ecdc_resistance_profile, cloxa_test, mbl_test) VALUES ('1147', '1191', 'MDR', '-', '-') ON DUPLICATE KEY UPDATE ecdc_resistance_profile = 'MDR', cloxa_test = '-', mbl_test = '-'; 
INSERT INTO sequence_analysis(sequence_analysis_id, isolate_id, ame_loci, beta_lactamase_loci, carbapenemase_loci, other_acq_ab_loci) VALUES ('1191', '1191', '-', '-', '-', '-') ON DUPLICATE KEY UPDATE ame_loci = '-', beta_lactamase_loci = '-', carbapenemase_loci = '-', other_acq_ab_loci = '-'; 
INSERT INTO metadata_general(isolate_id, isolate_name, species, project_name) VALUES ('1192', 'LRJ01-009', 'Pseudomonas aeruginosa', 'GEMARA') ON DUPLICATE KEY UPDATE isolate_name = 'LRJ01-009', species = 'Pseudomonas aeruginosa', project_name = 'GEMARA'; 
INSERT INTO metadata_clinic(clinic_id, isolate_id, sample_type, collection_ward) VALUES ('1148', '1192', '31', 'Consultas externas') ON DUPLICATE KEY UPDATE sample_type = '31', collection_ward = 'Consultas externas'; 
INSERT INTO phenotypic_data(phenotypic_data_id, isolate_id, ecdc_resistance_profile, cloxa_test, mbl_test) VALUES ('1148', '1192', 'S', '-', '-') ON DUPLICATE KEY UPDATE ecdc_resistance_profile = 'S', cloxa_test = '-', mbl_test = '-'; 
INSERT INTO sequence_analysis(sequence_analysis_id, isolate_id, ame_loci, beta_lactamase_loci, carbapenemase_loci, other_acq_ab_loci) VALUES ('1192', '1192', '-', '-', '-', '-') ON DUPLICATE KEY UPDATE ame_loci = '-', beta_lactamase_loci = '-', carbapenemase_loci = '-', other_acq_ab_loci = '-'; 
INSERT INTO metadata_general(isolate_id, isolate_name, species, project_name) VALUES ('1193', 'LRJ01-002', 'Pseudomonas aeruginosa', 'GEMARA') ON DUPLICATE KEY UPDATE isolate_name = 'LRJ01-002', species = 'Pseudomonas aeruginosa', project_name = 'GEMARA'; 
INSERT INTO metadata_clinic(clinic_id, isolate_id, sample_type, collection_ward) VALUES ('1149', '1193', '15', 'Otros') ON DUPLICATE KEY UPDATE sample_type = '15', collection_ward = 'Otros'; 
INSERT INTO phenotypic_data(phenotypic_data_id, isolate_id, ecdc_resistance_profile, cloxa_test, mbl_test) VALUES ('1149', '1193', 'S', '-', '-') ON DUPLICATE KEY UPDATE ecdc_resistance_profile = 'S', cloxa_test = '-', mbl_test = '-'; 
INSERT INTO sequence_analysis(sequence_analysis_id, isolate_id, ame_loci, beta_lactamase_loci, carbapenemase_loci, other_acq_ab_loci) VALUES ('1193', '1193', '-', '-', '-', '-') ON DUPLICATE KEY UPDATE ame_loci = '-', beta_lactamase_loci = '-', carbapenemase_loci = '-', other_acq_ab_loci = '-'; 
INSERT INTO metadata_general(isolate_id, isolate_name, species, project_name) VALUES ('1194', 'LRJ01-020', 'Pseudomonas aeruginosa', 'GEMARA') ON DUPLICATE KEY UPDATE isolate_name = 'LRJ01-020', species = 'Pseudomonas aeruginosa', project_name = 'GEMARA'; 
INSERT INTO metadata_clinic(clinic_id, isolate_id, sample_type, collection_ward) VALUES ('1150', '1194', '6', 'Urgencias adultos') ON DUPLICATE KEY UPDATE sample_type = '6', collection_ward = 'Urgencias adultos'; 
INSERT INTO phenotypic_data(phenotypic_data_id, isolate_id, ecdc_resistance_profile, cloxa_test, mbl_test) VALUES ('1150', '1194', 'S', '-', '-') ON DUPLICATE KEY UPDATE ecdc_resistance_profile = 'S', cloxa_test = '-', mbl_test = '-'; 
INSERT INTO sequence_analysis(sequence_analysis_id, isolate_id, ame_loci, beta_lactamase_loci, carbapenemase_loci, other_acq_ab_loci) VALUES ('1194', '1194', '-', '-', '-', '-') ON DUPLICATE KEY UPDATE ame_loci = '-', beta_lactamase_loci = '-', carbapenemase_loci = '-', other_acq_ab_loci = '-'; 
INSERT INTO metadata_general(isolate_id, isolate_name, species, project_name) VALUES ('1195', 'LRJ01-021', 'Pseudomonas aeruginosa', 'GEMARA') ON DUPLICATE KEY UPDATE isolate_name = 'LRJ01-021', species = 'Pseudomonas aeruginosa', project_name = 'GEMARA'; 
INSERT INTO metadata_clinic(clinic_id, isolate_id, sample_type, collection_ward) VALUES ('1151', '1195', '5', 'Urgencias adultos') ON DUPLICATE KEY UPDATE sample_type = '5', collection_ward = 'Urgencias adultos'; 
INSERT INTO phenotypic_data(phenotypic_data_id, isolate_id, ecdc_resistance_profile, cloxa_test, mbl_test) VALUES ('1151', '1195', 'S', '-', '-') ON DUPLICATE KEY UPDATE ecdc_resistance_profile = 'S', cloxa_test = '-', mbl_test = '-'; 
INSERT INTO sequence_analysis(sequence_analysis_id, isolate_id, ame_loci, beta_lactamase_loci, carbapenemase_loci, other_acq_ab_loci) VALUES ('1195', '1195', '-', '-', '-', '-') ON DUPLICATE KEY UPDATE ame_loci = '-', beta_lactamase_loci = '-', carbapenemase_loci = '-', other_acq_ab_loci = '-'; 
INSERT INTO metadata_general(isolate_id, isolate_name, species, project_name) VALUES ('1196', 'LRJ01-036', 'Pseudomonas aeruginosa', 'GEMARA') ON DUPLICATE KEY UPDATE isolate_name = 'LRJ01-036', species = 'Pseudomonas aeruginosa', project_name = 'GEMARA'; 
INSERT INTO metadata_clinic(clinic_id, isolate_id, sample_type, collection_ward) VALUES ('1152', '1196', '5', 'Servicios médicos adultos') ON DUPLICATE KEY UPDATE sample_type = '5', collection_ward = 'Servicios médicos adultos'; 
INSERT INTO phenotypic_data(phenotypic_data_id, isolate_id, ecdc_resistance_profile, cloxa_test, mbl_test) VALUES ('1152', '1196', 'S', '-', '-') ON DUPLICATE KEY UPDATE ecdc_resistance_profile = 'S', cloxa_test = '-', mbl_test = '-'; 
INSERT INTO sequence_analysis(sequence_analysis_id, isolate_id, ame_loci, beta_lactamase_loci, carbapenemase_loci, other_acq_ab_loci) VALUES ('1196', '1196', '-', '-', '-', '-') ON DUPLICATE KEY UPDATE ame_loci = '-', beta_lactamase_loci = '-', carbapenemase_loci = '-', other_acq_ab_loci = '-'; 
INSERT INTO metadata_general(isolate_id, isolate_name, species, project_name) VALUES ('1197', 'LRJ01-047', 'Pseudomonas aeruginosa', 'GEMARA') ON DUPLICATE KEY UPDATE isolate_name = 'LRJ01-047', species = 'Pseudomonas aeruginosa', project_name = 'GEMARA'; 
INSERT INTO metadata_clinic(clinic_id, isolate_id, sample_type, collection_ward) VALUES ('1153', '1197', '1', 'Otros') ON DUPLICATE KEY UPDATE sample_type = '1', collection_ward = 'Otros'; 
INSERT INTO phenotypic_data(phenotypic_data_id, isolate_id, ecdc_resistance_profile, cloxa_test, mbl_test) VALUES ('1153', '1197', 'S', '-', '-') ON DUPLICATE KEY UPDATE ecdc_resistance_profile = 'S', cloxa_test = '-', mbl_test = '-'; 
INSERT INTO sequence_analysis(sequence_analysis_id, isolate_id, ame_loci, beta_lactamase_loci, carbapenemase_loci, other_acq_ab_loci) VALUES ('1197', '1197', '-', '-', '-', '-') ON DUPLICATE KEY UPDATE ame_loci = '-', beta_lactamase_loci = '-', carbapenemase_loci = '-', other_acq_ab_loci = '-'; 
INSERT INTO metadata_general(isolate_id, isolate_name, species, project_name) VALUES ('1198', 'LRJ01-049', 'Pseudomonas aeruginosa', 'GEMARA') ON DUPLICATE KEY UPDATE isolate_name = 'LRJ01-049', species = 'Pseudomonas aeruginosa', project_name = 'GEMARA'; 
INSERT INTO metadata_clinic(clinic_id, isolate_id, sample_type, collection_ward) VALUES ('1154', '1198', '6', 'Servicios médicos adultos') ON DUPLICATE KEY UPDATE sample_type = '6', collection_ward = 'Servicios médicos adultos'; 
INSERT INTO phenotypic_data(phenotypic_data_id, isolate_id, ecdc_resistance_profile, cloxa_test, mbl_test) VALUES ('1154', '1198', 'S', '-', '-') ON DUPLICATE KEY UPDATE ecdc_resistance_profile = 'S', cloxa_test = '-', mbl_test = '-'; 
INSERT INTO sequence_analysis(sequence_analysis_id, isolate_id, ame_loci, beta_lactamase_loci, carbapenemase_loci, other_acq_ab_loci) VALUES ('1198', '1198', '-', '-', '-', '-') ON DUPLICATE KEY UPDATE ame_loci = '-', beta_lactamase_loci = '-', carbapenemase_loci = '-', other_acq_ab_loci = '-'; 
INSERT INTO metadata_general(isolate_id, isolate_name, species, project_name) VALUES ('1199', 'LRJ01-053', 'Pseudomonas aeruginosa', 'GEMARA') ON DUPLICATE KEY UPDATE isolate_name = 'LRJ01-053', species = 'Pseudomonas aeruginosa', project_name = 'GEMARA'; 
INSERT INTO metadata_clinic(clinic_id, isolate_id, sample_type, collection_ward) VALUES ('1155', '1199', '22', 'Servicios quirúrgicos adultos') ON DUPLICATE KEY UPDATE sample_type = '22', collection_ward = 'Servicios quirúrgicos adultos'; 
INSERT INTO phenotypic_data(phenotypic_data_id, isolate_id, ecdc_resistance_profile, cloxa_test, mbl_test) VALUES ('1155', '1199', 'S', '-', '-') ON DUPLICATE KEY UPDATE ecdc_resistance_profile = 'S', cloxa_test = '-', mbl_test = '-'; 
INSERT INTO sequence_analysis(sequence_analysis_id, isolate_id, ame_loci, beta_lactamase_loci, carbapenemase_loci, other_acq_ab_loci) VALUES ('1199', '1199', '-', '-', '-', '-') ON DUPLICATE KEY UPDATE ame_loci = '-', beta_lactamase_loci = '-', carbapenemase_loci = '-', other_acq_ab_loci = '-'; 
INSERT INTO metadata_general(isolate_id, isolate_name, species, project_name) VALUES ('1200', 'LRJ01-050', 'Pseudomonas aeruginosa', 'GEMARA') ON DUPLICATE KEY UPDATE isolate_name = 'LRJ01-050', species = 'Pseudomonas aeruginosa', project_name = 'GEMARA'; 
INSERT INTO metadata_clinic(clinic_id, isolate_id, sample_type, collection_ward) VALUES ('1156', '1200', '1', 'Consultas externas') ON DUPLICATE KEY UPDATE sample_type = '1', collection_ward = 'Consultas externas'; 
INSERT INTO phenotypic_data(phenotypic_data_id, isolate_id, ecdc_resistance_profile, cloxa_test, mbl_test) VALUES ('1156', '1200', 'S', '-', '-') ON DUPLICATE KEY UPDATE ecdc_resistance_profile = 'S', cloxa_test = '-', mbl_test = '-'; 
INSERT INTO sequence_analysis(sequence_analysis_id, isolate_id, ame_loci, beta_lactamase_loci, carbapenemase_loci, other_acq_ab_loci) VALUES ('1200', '1200', '-', '-', '-', '-') ON DUPLICATE KEY UPDATE ame_loci = '-', beta_lactamase_loci = '-', carbapenemase_loci = '-', other_acq_ab_loci = '-'; 
INSERT INTO metadata_general(isolate_id, isolate_name, species, project_name) VALUES ('1201', 'LRJ01-052', 'Pseudomonas aeruginosa', 'GEMARA') ON DUPLICATE KEY UPDATE isolate_name = 'LRJ01-052', species = 'Pseudomonas aeruginosa', project_name = 'GEMARA'; 
INSERT INTO metadata_clinic(clinic_id, isolate_id, sample_type, collection_ward) VALUES ('1157', '1201', '5', 'Servicios médicos adultos') ON DUPLICATE KEY UPDATE sample_type = '5', collection_ward = 'Servicios médicos adultos'; 
INSERT INTO phenotypic_data(phenotypic_data_id, isolate_id, ecdc_resistance_profile, cloxa_test, mbl_test) VALUES ('1157', '1201', 'S', '-', '-') ON DUPLICATE KEY UPDATE ecdc_resistance_profile = 'S', cloxa_test = '-', mbl_test = '-'; 
INSERT INTO sequence_analysis(sequence_analysis_id, isolate_id, ame_loci, beta_lactamase_loci, carbapenemase_loci, other_acq_ab_loci) VALUES ('1201', '1201', '-', '-', '-', '-') ON DUPLICATE KEY UPDATE ame_loci = '-', beta_lactamase_loci = '-', carbapenemase_loci = '-', other_acq_ab_loci = '-'; 
INSERT INTO metadata_general(isolate_id, isolate_name, species, project_name) VALUES ('1202', 'LRJ01-054', 'Pseudomonas aeruginosa', 'GEMARA') ON DUPLICATE KEY UPDATE isolate_name = 'LRJ01-054', species = 'Pseudomonas aeruginosa', project_name = 'GEMARA'; 
INSERT INTO metadata_clinic(clinic_id, isolate_id, sample_type, collection_ward) VALUES ('1158', '1202', '9', 'Servicios médicos adultos') ON DUPLICATE KEY UPDATE sample_type = '9', collection_ward = 'Servicios médicos adultos'; 
INSERT INTO phenotypic_data(phenotypic_data_id, isolate_id, ecdc_resistance_profile, cloxa_test, mbl_test) VALUES ('1158', '1202', 'S', '-', '-') ON DUPLICATE KEY UPDATE ecdc_resistance_profile = 'S', cloxa_test = '-', mbl_test = '-'; 
INSERT INTO sequence_analysis(sequence_analysis_id, isolate_id, ame_loci, beta_lactamase_loci, carbapenemase_loci, other_acq_ab_loci) VALUES ('1202', '1202', '-', '-', '-', '-') ON DUPLICATE KEY UPDATE ame_loci = '-', beta_lactamase_loci = '-', carbapenemase_loci = '-', other_acq_ab_loci = '-'; 
INSERT INTO metadata_general(isolate_id, isolate_name, species, project_name) VALUES ('1203', 'LRJ01-030', 'Pseudomonas aeruginosa', 'GEMARA') ON DUPLICATE KEY UPDATE isolate_name = 'LRJ01-030', species = 'Pseudomonas aeruginosa', project_name = 'GEMARA'; 
INSERT INTO metadata_clinic(clinic_id, isolate_id, sample_type, collection_ward) VALUES ('1159', '1203', '1', 'Servicios médicos adultos') ON DUPLICATE KEY UPDATE sample_type = '1', collection_ward = 'Servicios médicos adultos'; 
INSERT INTO phenotypic_data(phenotypic_data_id, isolate_id, ecdc_resistance_profile, cloxa_test, mbl_test) VALUES ('1159', '1203', 'S', '-', '-') ON DUPLICATE KEY UPDATE ecdc_resistance_profile = 'S', cloxa_test = '-', mbl_test = '-'; 
INSERT INTO sequence_analysis(sequence_analysis_id, isolate_id, ame_loci, beta_lactamase_loci, carbapenemase_loci, other_acq_ab_loci) VALUES ('1203', '1203', '-', '-', '-', '-') ON DUPLICATE KEY UPDATE ame_loci = '-', beta_lactamase_loci = '-', carbapenemase_loci = '-', other_acq_ab_loci = '-'; 
INSERT INTO metadata_general(isolate_id, isolate_name, species, project_name) VALUES ('1204', 'LRJ01-018', 'Pseudomonas aeruginosa', 'GEMARA') ON DUPLICATE KEY UPDATE isolate_name = 'LRJ01-018', species = 'Pseudomonas aeruginosa', project_name = 'GEMARA'; 
INSERT INTO metadata_clinic(clinic_id, isolate_id, sample_type, collection_ward) VALUES ('1160', '1204', '10', 'Consultas externas') ON DUPLICATE KEY UPDATE sample_type = '10', collection_ward = 'Consultas externas'; 
INSERT INTO phenotypic_data(phenotypic_data_id, isolate_id, ecdc_resistance_profile, cloxa_test, mbl_test) VALUES ('1160', '1204', 'S', '-', '-') ON DUPLICATE KEY UPDATE ecdc_resistance_profile = 'S', cloxa_test = '-', mbl_test = '-'; 
INSERT INTO sequence_analysis(sequence_analysis_id, isolate_id, ame_loci, beta_lactamase_loci, carbapenemase_loci, other_acq_ab_loci) VALUES ('1204', '1204', '-', '-', '-', '-') ON DUPLICATE KEY UPDATE ame_loci = '-', beta_lactamase_loci = '-', carbapenemase_loci = '-', other_acq_ab_loci = '-'; 
INSERT INTO metadata_general(isolate_id, isolate_name, species, project_name) VALUES ('1205', 'LRJ01-013', 'Pseudomonas aeruginosa', 'GEMARA') ON DUPLICATE KEY UPDATE isolate_name = 'LRJ01-013', species = 'Pseudomonas aeruginosa', project_name = 'GEMARA'; 
INSERT INTO metadata_clinic(clinic_id, isolate_id, sample_type, collection_ward) VALUES ('1161', '1205', '15', 'Consultas externas') ON DUPLICATE KEY UPDATE sample_type = '15', collection_ward = 'Consultas externas'; 
INSERT INTO phenotypic_data(phenotypic_data_id, isolate_id, ecdc_resistance_profile, cloxa_test, mbl_test) VALUES ('1161', '1205', 'S', '-', '-') ON DUPLICATE KEY UPDATE ecdc_resistance_profile = 'S', cloxa_test = '-', mbl_test = '-'; 
INSERT INTO sequence_analysis(sequence_analysis_id, isolate_id, ame_loci, beta_lactamase_loci, carbapenemase_loci, other_acq_ab_loci) VALUES ('1205', '1205', '-', '-', '-', '-') ON DUPLICATE KEY UPDATE ame_loci = '-', beta_lactamase_loci = '-', carbapenemase_loci = '-', other_acq_ab_loci = '-'; 
INSERT INTO metadata_general(isolate_id, isolate_name, species, project_name) VALUES ('1206', 'LRJ01-026', 'Pseudomonas aeruginosa', 'GEMARA') ON DUPLICATE KEY UPDATE isolate_name = 'LRJ01-026', species = 'Pseudomonas aeruginosa', project_name = 'GEMARA'; 
INSERT INTO metadata_clinic(clinic_id, isolate_id, sample_type, collection_ward) VALUES ('1162', '1206', '22', 'Servicios quirúrgicos adultos') ON DUPLICATE KEY UPDATE sample_type = '22', collection_ward = 'Servicios quirúrgicos adultos'; 
INSERT INTO phenotypic_data(phenotypic_data_id, isolate_id, ecdc_resistance_profile, cloxa_test, mbl_test) VALUES ('1162', '1206', 'S', '-', '-') ON DUPLICATE KEY UPDATE ecdc_resistance_profile = 'S', cloxa_test = '-', mbl_test = '-'; 
INSERT INTO sequence_analysis(sequence_analysis_id, isolate_id, ame_loci, beta_lactamase_loci, carbapenemase_loci, other_acq_ab_loci) VALUES ('1206', '1206', '-', '-', '-', '-') ON DUPLICATE KEY UPDATE ame_loci = '-', beta_lactamase_loci = '-', carbapenemase_loci = '-', other_acq_ab_loci = '-'; 
INSERT INTO metadata_general(isolate_id, isolate_name, species, project_name) VALUES ('1207', 'LRJ01-048', 'Pseudomonas aeruginosa', 'GEMARA') ON DUPLICATE KEY UPDATE isolate_name = 'LRJ01-048', species = 'Pseudomonas aeruginosa', project_name = 'GEMARA'; 
INSERT INTO metadata_clinic(clinic_id, isolate_id, sample_type, collection_ward) VALUES ('1163', '1207', '6', 'Urgencias adultos') ON DUPLICATE KEY UPDATE sample_type = '6', collection_ward = 'Urgencias adultos'; 
INSERT INTO phenotypic_data(phenotypic_data_id, isolate_id, ecdc_resistance_profile, cloxa_test, mbl_test) VALUES ('1163', '1207', 'S', '-', '-') ON DUPLICATE KEY UPDATE ecdc_resistance_profile = 'S', cloxa_test = '-', mbl_test = '-'; 
INSERT INTO sequence_analysis(sequence_analysis_id, isolate_id, ame_loci, beta_lactamase_loci, carbapenemase_loci, other_acq_ab_loci) VALUES ('1207', '1207', '-', '-', '-', '-') ON DUPLICATE KEY UPDATE ame_loci = '-', beta_lactamase_loci = '-', carbapenemase_loci = '-', other_acq_ab_loci = '-'; 
INSERT INTO metadata_general(isolate_id, isolate_name, species, project_name) VALUES ('1208', 'LRJ01-012', 'Pseudomonas aeruginosa', 'GEMARA') ON DUPLICATE KEY UPDATE isolate_name = 'LRJ01-012', species = 'Pseudomonas aeruginosa', project_name = 'GEMARA'; 
INSERT INTO metadata_clinic(clinic_id, isolate_id, sample_type, collection_ward) VALUES ('1164', '1208', '14', 'Consultas externas') ON DUPLICATE KEY UPDATE sample_type = '14', collection_ward = 'Consultas externas'; 
INSERT INTO phenotypic_data(phenotypic_data_id, isolate_id, ecdc_resistance_profile, cloxa_test, mbl_test) VALUES ('1164', '1208', 'S', '-', '-') ON DUPLICATE KEY UPDATE ecdc_resistance_profile = 'S', cloxa_test = '-', mbl_test = '-'; 
INSERT INTO sequence_analysis(sequence_analysis_id, isolate_id, ame_loci, beta_lactamase_loci, carbapenemase_loci, other_acq_ab_loci) VALUES ('1208', '1208', '-', '-', '-', '-') ON DUPLICATE KEY UPDATE ame_loci = '-', beta_lactamase_loci = '-', carbapenemase_loci = '-', other_acq_ab_loci = '-'; 
INSERT INTO metadata_general(isolate_id, isolate_name, species, project_name) VALUES ('1209', 'LRJ01-014', 'Pseudomonas aeruginosa', 'GEMARA') ON DUPLICATE KEY UPDATE isolate_name = 'LRJ01-014', species = 'Pseudomonas aeruginosa', project_name = 'GEMARA'; 
INSERT INTO metadata_clinic(clinic_id, isolate_id, sample_type, collection_ward) VALUES ('1165', '1209', '15', 'Servicios quirúrgicos adultos') ON DUPLICATE KEY UPDATE sample_type = '15', collection_ward = 'Servicios quirúrgicos adultos'; 
INSERT INTO phenotypic_data(phenotypic_data_id, isolate_id, ecdc_resistance_profile, cloxa_test, mbl_test) VALUES ('1165', '1209', 'S', '-', '-') ON DUPLICATE KEY UPDATE ecdc_resistance_profile = 'S', cloxa_test = '-', mbl_test = '-'; 
INSERT INTO sequence_analysis(sequence_analysis_id, isolate_id, ame_loci, beta_lactamase_loci, carbapenemase_loci, other_acq_ab_loci) VALUES ('1209', '1209', '-', '-', '-', '-') ON DUPLICATE KEY UPDATE ame_loci = '-', beta_lactamase_loci = '-', carbapenemase_loci = '-', other_acq_ab_loci = '-'; 
INSERT INTO metadata_general(isolate_id, isolate_name, species, project_name) VALUES ('1210', 'LRJ01-055', 'Pseudomonas aeruginosa', 'GEMARA') ON DUPLICATE KEY UPDATE isolate_name = 'LRJ01-055', species = 'Pseudomonas aeruginosa', project_name = 'GEMARA'; 
INSERT INTO metadata_clinic(clinic_id, isolate_id, sample_type, collection_ward) VALUES ('1166', '1210', '6', 'Urgencias adultos') ON DUPLICATE KEY UPDATE sample_type = '6', collection_ward = 'Urgencias adultos'; 
INSERT INTO phenotypic_data(phenotypic_data_id, isolate_id, ecdc_resistance_profile, cloxa_test, mbl_test) VALUES ('1166', '1210', 'S', '-', '-') ON DUPLICATE KEY UPDATE ecdc_resistance_profile = 'S', cloxa_test = '-', mbl_test = '-'; 
INSERT INTO sequence_analysis(sequence_analysis_id, isolate_id, ame_loci, beta_lactamase_loci, carbapenemase_loci, other_acq_ab_loci) VALUES ('1210', '1210', '-', '-', '-', '-') ON DUPLICATE KEY UPDATE ame_loci = '-', beta_lactamase_loci = '-', carbapenemase_loci = '-', other_acq_ab_loci = '-'; 
INSERT INTO metadata_general(isolate_id, isolate_name, species, project_name) VALUES ('1211', 'LRJ01-032', 'Pseudomonas aeruginosa', 'GEMARA') ON DUPLICATE KEY UPDATE isolate_name = 'LRJ01-032', species = 'Pseudomonas aeruginosa', project_name = 'GEMARA'; 
INSERT INTO metadata_clinic(clinic_id, isolate_id, sample_type, collection_ward) VALUES ('1167', '1211', '5', 'Servicios médicos adultos') ON DUPLICATE KEY UPDATE sample_type = '5', collection_ward = 'Servicios médicos adultos'; 
INSERT INTO phenotypic_data(phenotypic_data_id, isolate_id, ecdc_resistance_profile, cloxa_test, mbl_test) VALUES ('1167', '1211', 'S', '-', '-') ON DUPLICATE KEY UPDATE ecdc_resistance_profile = 'S', cloxa_test = '-', mbl_test = '-'; 
INSERT INTO sequence_analysis(sequence_analysis_id, isolate_id, ame_loci, beta_lactamase_loci, carbapenemase_loci, other_acq_ab_loci) VALUES ('1211', '1211', '-', '-', '-', '-') ON DUPLICATE KEY UPDATE ame_loci = '-', beta_lactamase_loci = '-', carbapenemase_loci = '-', other_acq_ab_loci = '-'; 
INSERT INTO metadata_general(isolate_id, isolate_name, species, project_name) VALUES ('1212', 'LRJ01-035', 'Pseudomonas aeruginosa', 'GEMARA') ON DUPLICATE KEY UPDATE isolate_name = 'LRJ01-035', species = 'Pseudomonas aeruginosa', project_name = 'GEMARA'; 
INSERT INTO metadata_clinic(clinic_id, isolate_id, sample_type, collection_ward) VALUES ('1168', '1212', '1', 'Servicios médicos adultos') ON DUPLICATE KEY UPDATE sample_type = '1', collection_ward = 'Servicios médicos adultos'; 
INSERT INTO phenotypic_data(phenotypic_data_id, isolate_id, ecdc_resistance_profile, cloxa_test, mbl_test) VALUES ('1168', '1212', 'S', '-', '-') ON DUPLICATE KEY UPDATE ecdc_resistance_profile = 'S', cloxa_test = '-', mbl_test = '-'; 
INSERT INTO sequence_analysis(sequence_analysis_id, isolate_id, ame_loci, beta_lactamase_loci, carbapenemase_loci, other_acq_ab_loci) VALUES ('1212', '1212', '-', '-', '-', '-') ON DUPLICATE KEY UPDATE ame_loci = '-', beta_lactamase_loci = '-', carbapenemase_loci = '-', other_acq_ab_loci = '-'; 
INSERT INTO metadata_general(isolate_id, isolate_name, species, project_name) VALUES ('1213', 'LRJ01-046', 'Pseudomonas aeruginosa', 'GEMARA') ON DUPLICATE KEY UPDATE isolate_name = 'LRJ01-046', species = 'Pseudomonas aeruginosa', project_name = 'GEMARA'; 
INSERT INTO metadata_clinic(clinic_id, isolate_id, sample_type, collection_ward) VALUES ('1169', '1213', '1', 'Consultas externas') ON DUPLICATE KEY UPDATE sample_type = '1', collection_ward = 'Consultas externas'; 
INSERT INTO phenotypic_data(phenotypic_data_id, isolate_id, ecdc_resistance_profile, cloxa_test, mbl_test) VALUES ('1169', '1213', 'S', '-', '-') ON DUPLICATE KEY UPDATE ecdc_resistance_profile = 'S', cloxa_test = '-', mbl_test = '-'; 
INSERT INTO sequence_analysis(sequence_analysis_id, isolate_id, ame_loci, beta_lactamase_loci, carbapenemase_loci, other_acq_ab_loci) VALUES ('1213', '1213', '-', '-', '-', '-') ON DUPLICATE KEY UPDATE ame_loci = '-', beta_lactamase_loci = '-', carbapenemase_loci = '-', other_acq_ab_loci = '-'; 
INSERT INTO metadata_general(isolate_id, isolate_name, species, project_name) VALUES ('1214', 'LRJ01-022', 'Pseudomonas aeruginosa', 'GEMARA') ON DUPLICATE KEY UPDATE isolate_name = 'LRJ01-022', species = 'Pseudomonas aeruginosa', project_name = 'GEMARA'; 
INSERT INTO metadata_clinic(clinic_id, isolate_id, sample_type, collection_ward) VALUES ('1170', '1214', '1', 'Consultas externas') ON DUPLICATE KEY UPDATE sample_type = '1', collection_ward = 'Consultas externas'; 
INSERT INTO phenotypic_data(phenotypic_data_id, isolate_id, ecdc_resistance_profile, cloxa_test, mbl_test) VALUES ('1170', '1214', 'S', '-', '-') ON DUPLICATE KEY UPDATE ecdc_resistance_profile = 'S', cloxa_test = '-', mbl_test = '-'; 
INSERT INTO sequence_analysis(sequence_analysis_id, isolate_id, ame_loci, beta_lactamase_loci, carbapenemase_loci, other_acq_ab_loci) VALUES ('1214', '1214', '-', '-', '-', '-') ON DUPLICATE KEY UPDATE ame_loci = '-', beta_lactamase_loci = '-', carbapenemase_loci = '-', other_acq_ab_loci = '-'; 
INSERT INTO metadata_general(isolate_id, isolate_name, species, project_name) VALUES ('1215', 'LRJ01-042', 'Pseudomonas aeruginosa', 'GEMARA') ON DUPLICATE KEY UPDATE isolate_name = 'LRJ01-042', species = 'Pseudomonas aeruginosa', project_name = 'GEMARA'; 
INSERT INTO metadata_clinic(clinic_id, isolate_id, sample_type, collection_ward) VALUES ('1171', '1215', '5', 'Urgencias adultos') ON DUPLICATE KEY UPDATE sample_type = '5', collection_ward = 'Urgencias adultos'; 
INSERT INTO phenotypic_data(phenotypic_data_id, isolate_id, ecdc_resistance_profile, cloxa_test, mbl_test) VALUES ('1171', '1215', 'S', '-', '-') ON DUPLICATE KEY UPDATE ecdc_resistance_profile = 'S', cloxa_test = '-', mbl_test = '-'; 
INSERT INTO sequence_analysis(sequence_analysis_id, isolate_id, ame_loci, beta_lactamase_loci, carbapenemase_loci, other_acq_ab_loci) VALUES ('1215', '1215', '-', '-', '-', '-') ON DUPLICATE KEY UPDATE ame_loci = '-', beta_lactamase_loci = '-', carbapenemase_loci = '-', other_acq_ab_loci = '-'; 
INSERT INTO metadata_general(isolate_id, isolate_name, species, project_name) VALUES ('1216', 'LRJ01-037', 'Pseudomonas aeruginosa', 'GEMARA') ON DUPLICATE KEY UPDATE isolate_name = 'LRJ01-037', species = 'Pseudomonas aeruginosa', project_name = 'GEMARA'; 
INSERT INTO metadata_clinic(clinic_id, isolate_id, sample_type, collection_ward) VALUES ('1172', '1216', '1', 'Otros') ON DUPLICATE KEY UPDATE sample_type = '1', collection_ward = 'Otros'; 
INSERT INTO phenotypic_data(phenotypic_data_id, isolate_id, ecdc_resistance_profile, cloxa_test, mbl_test) VALUES ('1172', '1216', 'S', '-', '-') ON DUPLICATE KEY UPDATE ecdc_resistance_profile = 'S', cloxa_test = '-', mbl_test = '-'; 
INSERT INTO sequence_analysis(sequence_analysis_id, isolate_id, ame_loci, beta_lactamase_loci, carbapenemase_loci, other_acq_ab_loci) VALUES ('1216', '1216', '-', '-', '-', '-') ON DUPLICATE KEY UPDATE ame_loci = '-', beta_lactamase_loci = '-', carbapenemase_loci = '-', other_acq_ab_loci = '-'; 
INSERT INTO metadata_general(isolate_id, isolate_name, species, project_name) VALUES ('1217', 'LRJ01-010', 'Pseudomonas aeruginosa', 'GEMARA') ON DUPLICATE KEY UPDATE isolate_name = 'LRJ01-010', species = 'Pseudomonas aeruginosa', project_name = 'GEMARA'; 
INSERT INTO metadata_clinic(clinic_id, isolate_id, sample_type, collection_ward) VALUES ('1173', '1217', '22', 'Servicios médicos adultos') ON DUPLICATE KEY UPDATE sample_type = '22', collection_ward = 'Servicios médicos adultos'; 
INSERT INTO phenotypic_data(phenotypic_data_id, isolate_id, ecdc_resistance_profile, cloxa_test, mbl_test) VALUES ('1173', '1217', 'S', '-', '-') ON DUPLICATE KEY UPDATE ecdc_resistance_profile = 'S', cloxa_test = '-', mbl_test = '-'; 
INSERT INTO sequence_analysis(sequence_analysis_id, isolate_id, ame_loci, beta_lactamase_loci, carbapenemase_loci, other_acq_ab_loci) VALUES ('1217', '1217', '-', '-', '-', '-') ON DUPLICATE KEY UPDATE ame_loci = '-', beta_lactamase_loci = '-', carbapenemase_loci = '-', other_acq_ab_loci = '-'; 
INSERT INTO metadata_general(isolate_id, isolate_name, species, project_name) VALUES ('1218', 'LRJ01-027', 'Pseudomonas aeruginosa', 'GEMARA') ON DUPLICATE KEY UPDATE isolate_name = 'LRJ01-027', species = 'Pseudomonas aeruginosa', project_name = 'GEMARA'; 
INSERT INTO metadata_clinic(clinic_id, isolate_id, sample_type, collection_ward) VALUES ('1174', '1218', '5', 'Centro sociosanitario') ON DUPLICATE KEY UPDATE sample_type = '5', collection_ward = 'Centro sociosanitario'; 
INSERT INTO phenotypic_data(phenotypic_data_id, isolate_id, ecdc_resistance_profile, cloxa_test, mbl_test) VALUES ('1174', '1218', 'S', '-', '-') ON DUPLICATE KEY UPDATE ecdc_resistance_profile = 'S', cloxa_test = '-', mbl_test = '-'; 
INSERT INTO sequence_analysis(sequence_analysis_id, isolate_id, ame_loci, beta_lactamase_loci, carbapenemase_loci, other_acq_ab_loci) VALUES ('1218', '1218', '-', '-', '-', '-') ON DUPLICATE KEY UPDATE ame_loci = '-', beta_lactamase_loci = '-', carbapenemase_loci = '-', other_acq_ab_loci = '-'; 
INSERT INTO metadata_general(isolate_id, isolate_name, species, project_name) VALUES ('1219', 'LRJ01-051', 'Pseudomonas aeruginosa', 'GEMARA') ON DUPLICATE KEY UPDATE isolate_name = 'LRJ01-051', species = 'Pseudomonas aeruginosa', project_name = 'GEMARA'; 
INSERT INTO metadata_clinic(clinic_id, isolate_id, sample_type, collection_ward) VALUES ('1175', '1219', '1', 'Otros') ON DUPLICATE KEY UPDATE sample_type = '1', collection_ward = 'Otros'; 
INSERT INTO phenotypic_data(phenotypic_data_id, isolate_id, ecdc_resistance_profile, cloxa_test, mbl_test) VALUES ('1175', '1219', 'S', '-', '-') ON DUPLICATE KEY UPDATE ecdc_resistance_profile = 'S', cloxa_test = '-', mbl_test = '-'; 
INSERT INTO sequence_analysis(sequence_analysis_id, isolate_id, ame_loci, beta_lactamase_loci, carbapenemase_loci, other_acq_ab_loci) VALUES ('1219', '1219', '-', '-', '-', '-') ON DUPLICATE KEY UPDATE ame_loci = '-', beta_lactamase_loci = '-', carbapenemase_loci = '-', other_acq_ab_loci = '-'; 
INSERT INTO metadata_general(isolate_id, isolate_name, species, project_name) VALUES ('1220', 'MAD01-031', 'Pseudomonas aeruginosa', 'GEMARA') ON DUPLICATE KEY UPDATE isolate_name = 'MAD01-031', species = 'Pseudomonas aeruginosa', project_name = 'GEMARA'; 
INSERT INTO metadata_clinic(clinic_id, isolate_id, sample_type, collection_ward) VALUES ('1176', '1220', '5', 'Servicios quirúrgicos adultos') ON DUPLICATE KEY UPDATE sample_type = '5', collection_ward = 'Servicios quirúrgicos adultos'; 
INSERT INTO phenotypic_data(phenotypic_data_id, isolate_id, ecdc_resistance_profile, cloxa_test, mbl_test) VALUES ('1176', '1220', 'MDR', '-', '-') ON DUPLICATE KEY UPDATE ecdc_resistance_profile = 'MDR', cloxa_test = '-', mbl_test = '-'; 
INSERT INTO sequence_analysis(sequence_analysis_id, isolate_id, ame_loci, beta_lactamase_loci, carbapenemase_loci, other_acq_ab_loci) VALUES ('1220', '1220', '-', '-', '-', '-') ON DUPLICATE KEY UPDATE ame_loci = '-', beta_lactamase_loci = '-', carbapenemase_loci = '-', other_acq_ab_loci = '-'; 
INSERT INTO metadata_general(isolate_id, isolate_name, species, project_name) VALUES ('1221', 'MAD01-029', 'Pseudomonas aeruginosa', 'GEMARA') ON DUPLICATE KEY UPDATE isolate_name = 'MAD01-029', species = 'Pseudomonas aeruginosa', project_name = 'GEMARA'; 
INSERT INTO metadata_clinic(clinic_id, isolate_id, sample_type, collection_ward) VALUES ('1177', '1221', '1', 'Urgencias adultos') ON DUPLICATE KEY UPDATE sample_type = '1', collection_ward = 'Urgencias adultos'; 
INSERT INTO phenotypic_data(phenotypic_data_id, isolate_id, ecdc_resistance_profile, cloxa_test, mbl_test) VALUES ('1177', '1221', 'S', '-', '-') ON DUPLICATE KEY UPDATE ecdc_resistance_profile = 'S', cloxa_test = '-', mbl_test = '-'; 
INSERT INTO sequence_analysis(sequence_analysis_id, isolate_id, ame_loci, beta_lactamase_loci, carbapenemase_loci, other_acq_ab_loci) VALUES ('1221', '1221', '-', '-', '-', '-') ON DUPLICATE KEY UPDATE ame_loci = '-', beta_lactamase_loci = '-', carbapenemase_loci = '-', other_acq_ab_loci = '-'; 
INSERT INTO metadata_general(isolate_id, isolate_name, species, project_name) VALUES ('1222', 'MAD01-005', 'Pseudomonas aeruginosa', 'GEMARA') ON DUPLICATE KEY UPDATE isolate_name = 'MAD01-005', species = 'Pseudomonas aeruginosa', project_name = 'GEMARA'; 
INSERT INTO metadata_clinic(clinic_id, isolate_id, sample_type, collection_ward) VALUES ('1178', '1222', '17', 'Servicios médicos adultos') ON DUPLICATE KEY UPDATE sample_type = '17', collection_ward = 'Servicios médicos adultos'; 
INSERT INTO phenotypic_data(phenotypic_data_id, isolate_id, ecdc_resistance_profile, cloxa_test, mbl_test) VALUES ('1178', '1222', 'S', '-', '-') ON DUPLICATE KEY UPDATE ecdc_resistance_profile = 'S', cloxa_test = '-', mbl_test = '-'; 
INSERT INTO sequence_analysis(sequence_analysis_id, isolate_id, ame_loci, beta_lactamase_loci, carbapenemase_loci, other_acq_ab_loci) VALUES ('1222', '1222', '-', '-', '-', '-') ON DUPLICATE KEY UPDATE ame_loci = '-', beta_lactamase_loci = '-', carbapenemase_loci = '-', other_acq_ab_loci = '-'; 
INSERT INTO metadata_general(isolate_id, isolate_name, species, project_name) VALUES ('1223', 'MAD01-007', 'Pseudomonas aeruginosa', 'GEMARA') ON DUPLICATE KEY UPDATE isolate_name = 'MAD01-007', species = 'Pseudomonas aeruginosa', project_name = 'GEMARA'; 
INSERT INTO metadata_clinic(clinic_id, isolate_id, sample_type, collection_ward) VALUES ('1179', '1223', '15', 'Servicios quirúrgicos adultos') ON DUPLICATE KEY UPDATE sample_type = '15', collection_ward = 'Servicios quirúrgicos adultos'; 
INSERT INTO phenotypic_data(phenotypic_data_id, isolate_id, ecdc_resistance_profile, cloxa_test, mbl_test) VALUES ('1179', '1223', 'S', '-', '-') ON DUPLICATE KEY UPDATE ecdc_resistance_profile = 'S', cloxa_test = '-', mbl_test = '-'; 
INSERT INTO sequence_analysis(sequence_analysis_id, isolate_id, ame_loci, beta_lactamase_loci, carbapenemase_loci, other_acq_ab_loci) VALUES ('1223', '1223', '-', '-', '-', '-') ON DUPLICATE KEY UPDATE ame_loci = '-', beta_lactamase_loci = '-', carbapenemase_loci = '-', other_acq_ab_loci = '-'; 
INSERT INTO metadata_general(isolate_id, isolate_name, species, project_name) VALUES ('1224', 'MAD01-012', 'Pseudomonas aeruginosa', 'GEMARA') ON DUPLICATE KEY UPDATE isolate_name = 'MAD01-012', species = 'Pseudomonas aeruginosa', project_name = 'GEMARA'; 
INSERT INTO metadata_clinic(clinic_id, isolate_id, sample_type, collection_ward) VALUES ('1180', '1224', '22', 'Servicios médicos adultos') ON DUPLICATE KEY UPDATE sample_type = '22', collection_ward = 'Servicios médicos adultos'; 
INSERT INTO phenotypic_data(phenotypic_data_id, isolate_id, ecdc_resistance_profile, cloxa_test, mbl_test) VALUES ('1180', '1224', 'S', '-', '-') ON DUPLICATE KEY UPDATE ecdc_resistance_profile = 'S', cloxa_test = '-', mbl_test = '-'; 
INSERT INTO sequence_analysis(sequence_analysis_id, isolate_id, ame_loci, beta_lactamase_loci, carbapenemase_loci, other_acq_ab_loci) VALUES ('1224', '1224', '-', '-', '-', '-') ON DUPLICATE KEY UPDATE ame_loci = '-', beta_lactamase_loci = '-', carbapenemase_loci = '-', other_acq_ab_loci = '-'; 
INSERT INTO metadata_general(isolate_id, isolate_name, species, project_name) VALUES ('1225', 'MAD01-023', 'Pseudomonas aeruginosa', 'GEMARA') ON DUPLICATE KEY UPDATE isolate_name = 'MAD01-023', species = 'Pseudomonas aeruginosa', project_name = 'GEMARA'; 
INSERT INTO metadata_clinic(clinic_id, isolate_id, sample_type, collection_ward) VALUES ('1181', '1225', '5', 'Urgencias adultos') ON DUPLICATE KEY UPDATE sample_type = '5', collection_ward = 'Urgencias adultos'; 
INSERT INTO phenotypic_data(phenotypic_data_id, isolate_id, ecdc_resistance_profile, cloxa_test, mbl_test) VALUES ('1181', '1225', 'S', '-', '-') ON DUPLICATE KEY UPDATE ecdc_resistance_profile = 'S', cloxa_test = '-', mbl_test = '-'; 
INSERT INTO sequence_analysis(sequence_analysis_id, isolate_id, ame_loci, beta_lactamase_loci, carbapenemase_loci, other_acq_ab_loci) VALUES ('1225', '1225', '-', '-', '-', '-') ON DUPLICATE KEY UPDATE ame_loci = '-', beta_lactamase_loci = '-', carbapenemase_loci = '-', other_acq_ab_loci = '-'; 
INSERT INTO metadata_general(isolate_id, isolate_name, species, project_name) VALUES ('1226', 'MAD01-025', 'Pseudomonas aeruginosa', 'GEMARA') ON DUPLICATE KEY UPDATE isolate_name = 'MAD01-025', species = 'Pseudomonas aeruginosa', project_name = 'GEMARA'; 
INSERT INTO metadata_clinic(clinic_id, isolate_id, sample_type, collection_ward) VALUES ('1182', '1226', '5', 'Urgencias adultos') ON DUPLICATE KEY UPDATE sample_type = '5', collection_ward = 'Urgencias adultos'; 
INSERT INTO phenotypic_data(phenotypic_data_id, isolate_id, ecdc_resistance_profile, cloxa_test, mbl_test) VALUES ('1182', '1226', 'S', '-', '-') ON DUPLICATE KEY UPDATE ecdc_resistance_profile = 'S', cloxa_test = '-', mbl_test = '-'; 
INSERT INTO sequence_analysis(sequence_analysis_id, isolate_id, ame_loci, beta_lactamase_loci, carbapenemase_loci, other_acq_ab_loci) VALUES ('1226', '1226', '-', '-', '-', '-') ON DUPLICATE KEY UPDATE ame_loci = '-', beta_lactamase_loci = '-', carbapenemase_loci = '-', other_acq_ab_loci = '-'; 
INSERT INTO metadata_general(isolate_id, isolate_name, species, project_name) VALUES ('1227', 'MAD01-035', 'Pseudomonas aeruginosa', 'GEMARA') ON DUPLICATE KEY UPDATE isolate_name = 'MAD01-035', species = 'Pseudomonas aeruginosa', project_name = 'GEMARA'; 
INSERT INTO metadata_clinic(clinic_id, isolate_id, sample_type, collection_ward) VALUES ('1183', '1227', '1', 'Consultas externas') ON DUPLICATE KEY UPDATE sample_type = '1', collection_ward = 'Consultas externas'; 
INSERT INTO phenotypic_data(phenotypic_data_id, isolate_id, ecdc_resistance_profile, cloxa_test, mbl_test) VALUES ('1183', '1227', 'S', '-', '-') ON DUPLICATE KEY UPDATE ecdc_resistance_profile = 'S', cloxa_test = '-', mbl_test = '-'; 
INSERT INTO sequence_analysis(sequence_analysis_id, isolate_id, ame_loci, beta_lactamase_loci, carbapenemase_loci, other_acq_ab_loci) VALUES ('1227', '1227', '-', '-', '-', '-') ON DUPLICATE KEY UPDATE ame_loci = '-', beta_lactamase_loci = '-', carbapenemase_loci = '-', other_acq_ab_loci = '-'; 
INSERT INTO metadata_general(isolate_id, isolate_name, species, project_name) VALUES ('1228', 'MAD01-038', 'Pseudomonas aeruginosa', 'GEMARA') ON DUPLICATE KEY UPDATE isolate_name = 'MAD01-038', species = 'Pseudomonas aeruginosa', project_name = 'GEMARA'; 
INSERT INTO metadata_clinic(clinic_id, isolate_id, sample_type, collection_ward) VALUES ('1184', '1228', '1', 'Consultas externas') ON DUPLICATE KEY UPDATE sample_type = '1', collection_ward = 'Consultas externas'; 
INSERT INTO phenotypic_data(phenotypic_data_id, isolate_id, ecdc_resistance_profile, cloxa_test, mbl_test) VALUES ('1184', '1228', 'S', '-', '-') ON DUPLICATE KEY UPDATE ecdc_resistance_profile = 'S', cloxa_test = '-', mbl_test = '-'; 
INSERT INTO sequence_analysis(sequence_analysis_id, isolate_id, ame_loci, beta_lactamase_loci, carbapenemase_loci, other_acq_ab_loci) VALUES ('1228', '1228', '-', '-', '-', '-') ON DUPLICATE KEY UPDATE ame_loci = '-', beta_lactamase_loci = '-', carbapenemase_loci = '-', other_acq_ab_loci = '-'; 
INSERT INTO metadata_general(isolate_id, isolate_name, species, project_name) VALUES ('1229', 'MAD01-011', 'Pseudomonas aeruginosa', 'GEMARA') ON DUPLICATE KEY UPDATE isolate_name = 'MAD01-011', species = 'Pseudomonas aeruginosa', project_name = 'GEMARA'; 
INSERT INTO metadata_clinic(clinic_id, isolate_id, sample_type, collection_ward) VALUES ('1185', '1229', '4', 'Servicios quirúrgicos adultos') ON DUPLICATE KEY UPDATE sample_type = '4', collection_ward = 'Servicios quirúrgicos adultos'; 
INSERT INTO phenotypic_data(phenotypic_data_id, isolate_id, ecdc_resistance_profile, cloxa_test, mbl_test) VALUES ('1185', '1229', 'S', '-', '-') ON DUPLICATE KEY UPDATE ecdc_resistance_profile = 'S', cloxa_test = '-', mbl_test = '-'; 
INSERT INTO sequence_analysis(sequence_analysis_id, isolate_id, ame_loci, beta_lactamase_loci, carbapenemase_loci, other_acq_ab_loci) VALUES ('1229', '1229', '-', '-', '-', '-') ON DUPLICATE KEY UPDATE ame_loci = '-', beta_lactamase_loci = '-', carbapenemase_loci = '-', other_acq_ab_loci = '-'; 
INSERT INTO metadata_general(isolate_id, isolate_name, species, project_name) VALUES ('1230', 'MAD01-014', 'Pseudomonas aeruginosa', 'GEMARA') ON DUPLICATE KEY UPDATE isolate_name = 'MAD01-014', species = 'Pseudomonas aeruginosa', project_name = 'GEMARA'; 
INSERT INTO metadata_clinic(clinic_id, isolate_id, sample_type, collection_ward) VALUES ('1186', '1230', '5', 'Servicios médicos adultos') ON DUPLICATE KEY UPDATE sample_type = '5', collection_ward = 'Servicios médicos adultos'; 
INSERT INTO phenotypic_data(phenotypic_data_id, isolate_id, ecdc_resistance_profile, cloxa_test, mbl_test) VALUES ('1186', '1230', 'S', '-', '-') ON DUPLICATE KEY UPDATE ecdc_resistance_profile = 'S', cloxa_test = '-', mbl_test = '-'; 
INSERT INTO sequence_analysis(sequence_analysis_id, isolate_id, ame_loci, beta_lactamase_loci, carbapenemase_loci, other_acq_ab_loci) VALUES ('1230', '1230', '-', '-', '-', '-') ON DUPLICATE KEY UPDATE ame_loci = '-', beta_lactamase_loci = '-', carbapenemase_loci = '-', other_acq_ab_loci = '-'; 
INSERT INTO metadata_general(isolate_id, isolate_name, species, project_name) VALUES ('1231', 'MAD01-024', 'Pseudomonas aeruginosa', 'GEMARA') ON DUPLICATE KEY UPDATE isolate_name = 'MAD01-024', species = 'Pseudomonas aeruginosa', project_name = 'GEMARA'; 
INSERT INTO metadata_clinic(clinic_id, isolate_id, sample_type, collection_ward) VALUES ('1187', '1231', '17', 'Servicios médicos adultos') ON DUPLICATE KEY UPDATE sample_type = '17', collection_ward = 'Servicios médicos adultos'; 
INSERT INTO phenotypic_data(phenotypic_data_id, isolate_id, ecdc_resistance_profile, cloxa_test, mbl_test) VALUES ('1187', '1231', 'S', '-', '-') ON DUPLICATE KEY UPDATE ecdc_resistance_profile = 'S', cloxa_test = '-', mbl_test = '-'; 
INSERT INTO sequence_analysis(sequence_analysis_id, isolate_id, ame_loci, beta_lactamase_loci, carbapenemase_loci, other_acq_ab_loci) VALUES ('1231', '1231', '-', '-', '-', '-') ON DUPLICATE KEY UPDATE ame_loci = '-', beta_lactamase_loci = '-', carbapenemase_loci = '-', other_acq_ab_loci = '-'; 
INSERT INTO metadata_general(isolate_id, isolate_name, species, project_name) VALUES ('1232', 'MAD01-001', 'Pseudomonas aeruginosa', 'GEMARA') ON DUPLICATE KEY UPDATE isolate_name = 'MAD01-001', species = 'Pseudomonas aeruginosa', project_name = 'GEMARA'; 
INSERT INTO metadata_clinic(clinic_id, isolate_id, sample_type, collection_ward) VALUES ('1188', '1232', '22', 'Servicios médicos adultos') ON DUPLICATE KEY UPDATE sample_type = '22', collection_ward = 'Servicios médicos adultos'; 
INSERT INTO phenotypic_data(phenotypic_data_id, isolate_id, ecdc_resistance_profile, cloxa_test, mbl_test) VALUES ('1188', '1232', 'S', '-', '-') ON DUPLICATE KEY UPDATE ecdc_resistance_profile = 'S', cloxa_test = '-', mbl_test = '-'; 
INSERT INTO sequence_analysis(sequence_analysis_id, isolate_id, ame_loci, beta_lactamase_loci, carbapenemase_loci, other_acq_ab_loci) VALUES ('1232', '1232', '-', '-', '-', '-') ON DUPLICATE KEY UPDATE ame_loci = '-', beta_lactamase_loci = '-', carbapenemase_loci = '-', other_acq_ab_loci = '-'; 
INSERT INTO metadata_general(isolate_id, isolate_name, species, project_name) VALUES ('1233', 'MAD01-010', 'Pseudomonas aeruginosa', 'GEMARA') ON DUPLICATE KEY UPDATE isolate_name = 'MAD01-010', species = 'Pseudomonas aeruginosa', project_name = 'GEMARA'; 
INSERT INTO metadata_clinic(clinic_id, isolate_id, sample_type, collection_ward) VALUES ('1189', '1233', '6', 'UCI Adultos') ON DUPLICATE KEY UPDATE sample_type = '6', collection_ward = 'UCI Adultos'; 
INSERT INTO phenotypic_data(phenotypic_data_id, isolate_id, ecdc_resistance_profile, cloxa_test, mbl_test) VALUES ('1189', '1233', 'S', '-', '-') ON DUPLICATE KEY UPDATE ecdc_resistance_profile = 'S', cloxa_test = '-', mbl_test = '-'; 
INSERT INTO sequence_analysis(sequence_analysis_id, isolate_id, ame_loci, beta_lactamase_loci, carbapenemase_loci, other_acq_ab_loci) VALUES ('1233', '1233', '-', '-', '-', '-') ON DUPLICATE KEY UPDATE ame_loci = '-', beta_lactamase_loci = '-', carbapenemase_loci = '-', other_acq_ab_loci = '-'; 
INSERT INTO metadata_general(isolate_id, isolate_name, species, project_name) VALUES ('1234', 'MAD01-015', 'Pseudomonas aeruginosa', 'GEMARA') ON DUPLICATE KEY UPDATE isolate_name = 'MAD01-015', species = 'Pseudomonas aeruginosa', project_name = 'GEMARA'; 
INSERT INTO metadata_clinic(clinic_id, isolate_id, sample_type, collection_ward) VALUES ('1190', '1234', '6', 'Urgencias adultos') ON DUPLICATE KEY UPDATE sample_type = '6', collection_ward = 'Urgencias adultos'; 
INSERT INTO phenotypic_data(phenotypic_data_id, isolate_id, ecdc_resistance_profile, cloxa_test, mbl_test) VALUES ('1190', '1234', 'S', '-', '-') ON DUPLICATE KEY UPDATE ecdc_resistance_profile = 'S', cloxa_test = '-', mbl_test = '-'; 
INSERT INTO sequence_analysis(sequence_analysis_id, isolate_id, ame_loci, beta_lactamase_loci, carbapenemase_loci, other_acq_ab_loci) VALUES ('1234', '1234', '-', '-', '-', '-') ON DUPLICATE KEY UPDATE ame_loci = '-', beta_lactamase_loci = '-', carbapenemase_loci = '-', other_acq_ab_loci = '-'; 
INSERT INTO metadata_general(isolate_id, isolate_name, species, project_name) VALUES ('1235', 'MAD01-016', 'Pseudomonas aeruginosa', 'GEMARA') ON DUPLICATE KEY UPDATE isolate_name = 'MAD01-016', species = 'Pseudomonas aeruginosa', project_name = 'GEMARA'; 
INSERT INTO metadata_clinic(clinic_id, isolate_id, sample_type, collection_ward) VALUES ('1191', '1235', '1', 'Servicios médicos adultos') ON DUPLICATE KEY UPDATE sample_type = '1', collection_ward = 'Servicios médicos adultos'; 
INSERT INTO phenotypic_data(phenotypic_data_id, isolate_id, ecdc_resistance_profile, cloxa_test, mbl_test) VALUES ('1191', '1235', 'S', '-', '-') ON DUPLICATE KEY UPDATE ecdc_resistance_profile = 'S', cloxa_test = '-', mbl_test = '-'; 
INSERT INTO sequence_analysis(sequence_analysis_id, isolate_id, ame_loci, beta_lactamase_loci, carbapenemase_loci, other_acq_ab_loci) VALUES ('1235', '1235', '-', '-', '-', '-') ON DUPLICATE KEY UPDATE ame_loci = '-', beta_lactamase_loci = '-', carbapenemase_loci = '-', other_acq_ab_loci = '-'; 
INSERT INTO metadata_general(isolate_id, isolate_name, species, project_name) VALUES ('1236', 'MAD01-027', 'Pseudomonas aeruginosa', 'GEMARA') ON DUPLICATE KEY UPDATE isolate_name = 'MAD01-027', species = 'Pseudomonas aeruginosa', project_name = 'GEMARA'; 
INSERT INTO metadata_clinic(clinic_id, isolate_id, sample_type, collection_ward) VALUES ('1192', '1236', '9', 'Consultas externas') ON DUPLICATE KEY UPDATE sample_type = '9', collection_ward = 'Consultas externas'; 
INSERT INTO phenotypic_data(phenotypic_data_id, isolate_id, ecdc_resistance_profile, cloxa_test, mbl_test) VALUES ('1192', '1236', 'S', '-', '-') ON DUPLICATE KEY UPDATE ecdc_resistance_profile = 'S', cloxa_test = '-', mbl_test = '-'; 
INSERT INTO sequence_analysis(sequence_analysis_id, isolate_id, ame_loci, beta_lactamase_loci, carbapenemase_loci, other_acq_ab_loci) VALUES ('1236', '1236', '-', '-', '-', '-') ON DUPLICATE KEY UPDATE ame_loci = '-', beta_lactamase_loci = '-', carbapenemase_loci = '-', other_acq_ab_loci = '-'; 
INSERT INTO metadata_general(isolate_id, isolate_name, species, project_name) VALUES ('1237', 'MAD01-034', 'Pseudomonas aeruginosa', 'GEMARA') ON DUPLICATE KEY UPDATE isolate_name = 'MAD01-034', species = 'Pseudomonas aeruginosa', project_name = 'GEMARA'; 
INSERT INTO metadata_clinic(clinic_id, isolate_id, sample_type, collection_ward) VALUES ('1193', '1237', '22', 'Servicios médicos adultos') ON DUPLICATE KEY UPDATE sample_type = '22', collection_ward = 'Servicios médicos adultos'; 
INSERT INTO phenotypic_data(phenotypic_data_id, isolate_id, ecdc_resistance_profile, cloxa_test, mbl_test) VALUES ('1193', '1237', 'S', '-', '-') ON DUPLICATE KEY UPDATE ecdc_resistance_profile = 'S', cloxa_test = '-', mbl_test = '-'; 
INSERT INTO sequence_analysis(sequence_analysis_id, isolate_id, ame_loci, beta_lactamase_loci, carbapenemase_loci, other_acq_ab_loci) VALUES ('1237', '1237', '-', '-', '-', '-') ON DUPLICATE KEY UPDATE ame_loci = '-', beta_lactamase_loci = '-', carbapenemase_loci = '-', other_acq_ab_loci = '-'; 
INSERT INTO metadata_general(isolate_id, isolate_name, species, project_name) VALUES ('1238', 'MAD01-003', 'Pseudomonas aeruginosa', 'GEMARA') ON DUPLICATE KEY UPDATE isolate_name = 'MAD01-003', species = 'Pseudomonas aeruginosa', project_name = 'GEMARA'; 
INSERT INTO metadata_clinic(clinic_id, isolate_id, sample_type, collection_ward) VALUES ('1194', '1238', '8', 'Servicios médicos adultos') ON DUPLICATE KEY UPDATE sample_type = '8', collection_ward = 'Servicios médicos adultos'; 
INSERT INTO phenotypic_data(phenotypic_data_id, isolate_id, ecdc_resistance_profile, cloxa_test, mbl_test) VALUES ('1194', '1238', 'S', '-', '-') ON DUPLICATE KEY UPDATE ecdc_resistance_profile = 'S', cloxa_test = '-', mbl_test = '-'; 
INSERT INTO sequence_analysis(sequence_analysis_id, isolate_id, ame_loci, beta_lactamase_loci, carbapenemase_loci, other_acq_ab_loci) VALUES ('1238', '1238', '-', '-', '-', '-') ON DUPLICATE KEY UPDATE ame_loci = '-', beta_lactamase_loci = '-', carbapenemase_loci = '-', other_acq_ab_loci = '-'; 
INSERT INTO metadata_general(isolate_id, isolate_name, species, project_name) VALUES ('1239', 'MAD01-019', 'Pseudomonas aeruginosa', 'GEMARA') ON DUPLICATE KEY UPDATE isolate_name = 'MAD01-019', species = 'Pseudomonas aeruginosa', project_name = 'GEMARA'; 
INSERT INTO metadata_clinic(clinic_id, isolate_id, sample_type, collection_ward) VALUES ('1195', '1239', '5', 'Servicios médicos adultos') ON DUPLICATE KEY UPDATE sample_type = '5', collection_ward = 'Servicios médicos adultos'; 
INSERT INTO phenotypic_data(phenotypic_data_id, isolate_id, ecdc_resistance_profile, cloxa_test, mbl_test) VALUES ('1195', '1239', 'S', '-', '-') ON DUPLICATE KEY UPDATE ecdc_resistance_profile = 'S', cloxa_test = '-', mbl_test = '-'; 
INSERT INTO sequence_analysis(sequence_analysis_id, isolate_id, ame_loci, beta_lactamase_loci, carbapenemase_loci, other_acq_ab_loci) VALUES ('1239', '1239', '-', '-', '-', '-') ON DUPLICATE KEY UPDATE ame_loci = '-', beta_lactamase_loci = '-', carbapenemase_loci = '-', other_acq_ab_loci = '-'; 
INSERT INTO metadata_general(isolate_id, isolate_name, species, project_name) VALUES ('1240', 'MAD01-002', 'Pseudomonas aeruginosa', 'GEMARA') ON DUPLICATE KEY UPDATE isolate_name = 'MAD01-002', species = 'Pseudomonas aeruginosa', project_name = 'GEMARA'; 
INSERT INTO metadata_clinic(clinic_id, isolate_id, sample_type, collection_ward) VALUES ('1196', '1240', '5', 'Servicios médicos adultos') ON DUPLICATE KEY UPDATE sample_type = '5', collection_ward = 'Servicios médicos adultos'; 
INSERT INTO phenotypic_data(phenotypic_data_id, isolate_id, ecdc_resistance_profile, cloxa_test, mbl_test) VALUES ('1196', '1240', 'S', '-', '-') ON DUPLICATE KEY UPDATE ecdc_resistance_profile = 'S', cloxa_test = '-', mbl_test = '-'; 
INSERT INTO sequence_analysis(sequence_analysis_id, isolate_id, ame_loci, beta_lactamase_loci, carbapenemase_loci, other_acq_ab_loci) VALUES ('1240', '1240', '-', '-', '-', '-') ON DUPLICATE KEY UPDATE ame_loci = '-', beta_lactamase_loci = '-', carbapenemase_loci = '-', other_acq_ab_loci = '-'; 
INSERT INTO metadata_general(isolate_id, isolate_name, species, project_name) VALUES ('1241', 'MAD01-004', 'Pseudomonas aeruginosa', 'GEMARA') ON DUPLICATE KEY UPDATE isolate_name = 'MAD01-004', species = 'Pseudomonas aeruginosa', project_name = 'GEMARA'; 
INSERT INTO metadata_clinic(clinic_id, isolate_id, sample_type, collection_ward) VALUES ('1197', '1241', '5', 'Servicios médicos adultos') ON DUPLICATE KEY UPDATE sample_type = '5', collection_ward = 'Servicios médicos adultos'; 
INSERT INTO phenotypic_data(phenotypic_data_id, isolate_id, ecdc_resistance_profile, cloxa_test, mbl_test) VALUES ('1197', '1241', 'S', '-', '-') ON DUPLICATE KEY UPDATE ecdc_resistance_profile = 'S', cloxa_test = '-', mbl_test = '-'; 
INSERT INTO sequence_analysis(sequence_analysis_id, isolate_id, ame_loci, beta_lactamase_loci, carbapenemase_loci, other_acq_ab_loci) VALUES ('1241', '1241', '-', '-', '-', '-') ON DUPLICATE KEY UPDATE ame_loci = '-', beta_lactamase_loci = '-', carbapenemase_loci = '-', other_acq_ab_loci = '-'; 
INSERT INTO metadata_general(isolate_id, isolate_name, species, project_name) VALUES ('1242', 'MAD01-018', 'Pseudomonas aeruginosa', 'GEMARA') ON DUPLICATE KEY UPDATE isolate_name = 'MAD01-018', species = 'Pseudomonas aeruginosa', project_name = 'GEMARA'; 
INSERT INTO metadata_clinic(clinic_id, isolate_id, sample_type, collection_ward) VALUES ('1198', '1242', '8', 'Servicios quirúrgicos adultos') ON DUPLICATE KEY UPDATE sample_type = '8', collection_ward = 'Servicios quirúrgicos adultos'; 
INSERT INTO phenotypic_data(phenotypic_data_id, isolate_id, ecdc_resistance_profile, cloxa_test, mbl_test) VALUES ('1198', '1242', 'S', '-', '-') ON DUPLICATE KEY UPDATE ecdc_resistance_profile = 'S', cloxa_test = '-', mbl_test = '-'; 
INSERT INTO sequence_analysis(sequence_analysis_id, isolate_id, ame_loci, beta_lactamase_loci, carbapenemase_loci, other_acq_ab_loci) VALUES ('1242', '1242', '-', '-', '-', '-') ON DUPLICATE KEY UPDATE ame_loci = '-', beta_lactamase_loci = '-', carbapenemase_loci = '-', other_acq_ab_loci = '-'; 
INSERT INTO metadata_general(isolate_id, isolate_name, species, project_name) VALUES ('1243', 'MAD01-026', 'Pseudomonas aeruginosa', 'GEMARA') ON DUPLICATE KEY UPDATE isolate_name = 'MAD01-026', species = 'Pseudomonas aeruginosa', project_name = 'GEMARA'; 
INSERT INTO metadata_clinic(clinic_id, isolate_id, sample_type, collection_ward) VALUES ('1199', '1243', '1', 'Consultas externas') ON DUPLICATE KEY UPDATE sample_type = '1', collection_ward = 'Consultas externas'; 
INSERT INTO phenotypic_data(phenotypic_data_id, isolate_id, ecdc_resistance_profile, cloxa_test, mbl_test) VALUES ('1199', '1243', 'S', '-', '-') ON DUPLICATE KEY UPDATE ecdc_resistance_profile = 'S', cloxa_test = '-', mbl_test = '-'; 
INSERT INTO sequence_analysis(sequence_analysis_id, isolate_id, ame_loci, beta_lactamase_loci, carbapenemase_loci, other_acq_ab_loci) VALUES ('1243', '1243', '-', '-', '-', '-') ON DUPLICATE KEY UPDATE ame_loci = '-', beta_lactamase_loci = '-', carbapenemase_loci = '-', other_acq_ab_loci = '-'; 
INSERT INTO metadata_general(isolate_id, isolate_name, species, project_name) VALUES ('1244', 'MAD01-028', 'Pseudomonas aeruginosa', 'GEMARA') ON DUPLICATE KEY UPDATE isolate_name = 'MAD01-028', species = 'Pseudomonas aeruginosa', project_name = 'GEMARA'; 
INSERT INTO metadata_clinic(clinic_id, isolate_id, sample_type, collection_ward) VALUES ('1200', '1244', '5', 'Servicios médicos adultos') ON DUPLICATE KEY UPDATE sample_type = '5', collection_ward = 'Servicios médicos adultos'; 
INSERT INTO phenotypic_data(phenotypic_data_id, isolate_id, ecdc_resistance_profile, cloxa_test, mbl_test) VALUES ('1200', '1244', 'S', '-', '-') ON DUPLICATE KEY UPDATE ecdc_resistance_profile = 'S', cloxa_test = '-', mbl_test = '-'; 
INSERT INTO sequence_analysis(sequence_analysis_id, isolate_id, ame_loci, beta_lactamase_loci, carbapenemase_loci, other_acq_ab_loci) VALUES ('1244', '1244', '-', '-', '-', '-') ON DUPLICATE KEY UPDATE ame_loci = '-', beta_lactamase_loci = '-', carbapenemase_loci = '-', other_acq_ab_loci = '-'; 
INSERT INTO metadata_general(isolate_id, isolate_name, species, project_name) VALUES ('1245', 'MAD01-033', 'Pseudomonas aeruginosa', 'GEMARA') ON DUPLICATE KEY UPDATE isolate_name = 'MAD01-033', species = 'Pseudomonas aeruginosa', project_name = 'GEMARA'; 
INSERT INTO metadata_clinic(clinic_id, isolate_id, sample_type, collection_ward) VALUES ('1201', '1245', '5', 'Servicios médicos adultos') ON DUPLICATE KEY UPDATE sample_type = '5', collection_ward = 'Servicios médicos adultos'; 
INSERT INTO phenotypic_data(phenotypic_data_id, isolate_id, ecdc_resistance_profile, cloxa_test, mbl_test) VALUES ('1201', '1245', 'S', '-', '-') ON DUPLICATE KEY UPDATE ecdc_resistance_profile = 'S', cloxa_test = '-', mbl_test = '-'; 
INSERT INTO sequence_analysis(sequence_analysis_id, isolate_id, ame_loci, beta_lactamase_loci, carbapenemase_loci, other_acq_ab_loci) VALUES ('1245', '1245', '-', '-', '-', '-') ON DUPLICATE KEY UPDATE ame_loci = '-', beta_lactamase_loci = '-', carbapenemase_loci = '-', other_acq_ab_loci = '-'; 
INSERT INTO metadata_general(isolate_id, isolate_name, species, project_name) VALUES ('1246', 'MAD01-022', 'Pseudomonas aeruginosa', 'GEMARA') ON DUPLICATE KEY UPDATE isolate_name = 'MAD01-022', species = 'Pseudomonas aeruginosa', project_name = 'GEMARA'; 
INSERT INTO metadata_clinic(clinic_id, isolate_id, sample_type, collection_ward) VALUES ('1202', '1246', '22', 'Servicios médicos adultos') ON DUPLICATE KEY UPDATE sample_type = '22', collection_ward = 'Servicios médicos adultos'; 
INSERT INTO phenotypic_data(phenotypic_data_id, isolate_id, ecdc_resistance_profile, cloxa_test, mbl_test) VALUES ('1202', '1246', 'S', '-', '-') ON DUPLICATE KEY UPDATE ecdc_resistance_profile = 'S', cloxa_test = '-', mbl_test = '-'; 
INSERT INTO sequence_analysis(sequence_analysis_id, isolate_id, ame_loci, beta_lactamase_loci, carbapenemase_loci, other_acq_ab_loci) VALUES ('1246', '1246', '-', '-', '-', '-') ON DUPLICATE KEY UPDATE ame_loci = '-', beta_lactamase_loci = '-', carbapenemase_loci = '-', other_acq_ab_loci = '-'; 
INSERT INTO metadata_general(isolate_id, isolate_name, species, project_name) VALUES ('144', 'MAD01-021', 'Pseudomonas aeruginosa', 'GEMARA') ON DUPLICATE KEY UPDATE isolate_name = 'MAD01-021', species = 'Pseudomonas aeruginosa', project_name = 'GEMARA'; 
INSERT INTO metadata_clinic(clinic_id, isolate_id, sample_type, collection_ward) VALUES ('1203', '144', '5', 'UCI Adultos') ON DUPLICATE KEY UPDATE sample_type = '5', collection_ward = 'UCI Adultos'; 
INSERT INTO phenotypic_data(phenotypic_data_id, isolate_id, ecdc_resistance_profile, cloxa_test, mbl_test) VALUES ('1203', '144', 'XDR', '-/-', '-') ON DUPLICATE KEY UPDATE ecdc_resistance_profile = 'XDR', cloxa_test = '-/-', mbl_test = '-'; 
INSERT INTO sequence_analysis(sequence_analysis_id, isolate_id, ame_loci, beta_lactamase_loci, carbapenemase_loci, other_acq_ab_loci) VALUES ('144', '144', 'aadA6, aph(3\')-XV, aacA4, aac(6\')Ib-cr', '-', 'blaGES-1', '-') ON DUPLICATE KEY UPDATE ame_loci = 'aadA6, aph(3\')-XV, aacA4, aac(6\')Ib-cr', beta_lactamase_loci = '-', carbapenemase_loci = 'blaGES-1', other_acq_ab_loci = '-'; 
INSERT INTO metadata_general(isolate_id, isolate_name, species, project_name) VALUES ('1247', 'MAD01-030', 'Pseudomonas aeruginosa', 'GEMARA') ON DUPLICATE KEY UPDATE isolate_name = 'MAD01-030', species = 'Pseudomonas aeruginosa', project_name = 'GEMARA'; 
INSERT INTO metadata_clinic(clinic_id, isolate_id, sample_type, collection_ward) VALUES ('1204', '1247', '20', 'Urgencias adultos') ON DUPLICATE KEY UPDATE sample_type = '20', collection_ward = 'Urgencias adultos'; 
INSERT INTO phenotypic_data(phenotypic_data_id, isolate_id, ecdc_resistance_profile, cloxa_test, mbl_test) VALUES ('1204', '1247', 'XDR', '-/-', '-') ON DUPLICATE KEY UPDATE ecdc_resistance_profile = 'XDR', cloxa_test = '-/-', mbl_test = '-'; 
INSERT INTO sequence_analysis(sequence_analysis_id, isolate_id, ame_loci, beta_lactamase_loci, carbapenemase_loci, other_acq_ab_loci) VALUES ('1247', '1247', '-', '-', 'blaGES-1', '-') ON DUPLICATE KEY UPDATE ame_loci = '-', beta_lactamase_loci = '-', carbapenemase_loci = 'blaGES-1', other_acq_ab_loci = '-'; 
INSERT INTO metadata_general(isolate_id, isolate_name, species, project_name) VALUES ('143', 'MAD01-013', 'Pseudomonas aeruginosa', 'GEMARA') ON DUPLICATE KEY UPDATE isolate_name = 'MAD01-013', species = 'Pseudomonas aeruginosa', project_name = 'GEMARA'; 
INSERT INTO metadata_clinic(clinic_id, isolate_id, sample_type, collection_ward) VALUES ('1205', '143', '5', 'Servicios médicos adultos') ON DUPLICATE KEY UPDATE sample_type = '5', collection_ward = 'Servicios médicos adultos'; 
INSERT INTO phenotypic_data(phenotypic_data_id, isolate_id, ecdc_resistance_profile, cloxa_test, mbl_test) VALUES ('1205', '143', 'XDR', '+/+', '-') ON DUPLICATE KEY UPDATE ecdc_resistance_profile = 'XDR', cloxa_test = '+/+', mbl_test = '-'; 
INSERT INTO sequence_analysis(sequence_analysis_id, isolate_id, ame_loci, beta_lactamase_loci, carbapenemase_loci, other_acq_ab_loci) VALUES ('143', '143', '-', '-', '-', '-') ON DUPLICATE KEY UPDATE ame_loci = '-', beta_lactamase_loci = '-', carbapenemase_loci = '-', other_acq_ab_loci = '-'; 
INSERT INTO metadata_general(isolate_id, isolate_name, species, project_name) VALUES ('1248', 'MAD02-028', 'Pseudomonas aeruginosa', 'GEMARA') ON DUPLICATE KEY UPDATE isolate_name = 'MAD02-028', species = 'Pseudomonas aeruginosa', project_name = 'GEMARA'; 
INSERT INTO metadata_clinic(clinic_id, isolate_id, sample_type, collection_ward) VALUES ('1206', '1248', '15', 'Urgencias adultos') ON DUPLICATE KEY UPDATE sample_type = '15', collection_ward = 'Urgencias adultos'; 
INSERT INTO phenotypic_data(phenotypic_data_id, isolate_id, ecdc_resistance_profile, cloxa_test, mbl_test) VALUES ('1206', '1248', 'MDR', '-', '-') ON DUPLICATE KEY UPDATE ecdc_resistance_profile = 'MDR', cloxa_test = '-', mbl_test = '-'; 
INSERT INTO sequence_analysis(sequence_analysis_id, isolate_id, ame_loci, beta_lactamase_loci, carbapenemase_loci, other_acq_ab_loci) VALUES ('1248', '1248', '-', '-', '-', '-') ON DUPLICATE KEY UPDATE ame_loci = '-', beta_lactamase_loci = '-', carbapenemase_loci = '-', other_acq_ab_loci = '-'; 
INSERT INTO metadata_general(isolate_id, isolate_name, species, project_name) VALUES ('1249', 'MAD02-023', 'Pseudomonas aeruginosa', 'GEMARA') ON DUPLICATE KEY UPDATE isolate_name = 'MAD02-023', species = 'Pseudomonas aeruginosa', project_name = 'GEMARA'; 
INSERT INTO metadata_clinic(clinic_id, isolate_id, sample_type, collection_ward) VALUES ('1207', '1249', '5', 'UCI Adultos') ON DUPLICATE KEY UPDATE sample_type = '5', collection_ward = 'UCI Adultos'; 
INSERT INTO phenotypic_data(phenotypic_data_id, isolate_id, ecdc_resistance_profile, cloxa_test, mbl_test) VALUES ('1207', '1249', 'S', '-', '-') ON DUPLICATE KEY UPDATE ecdc_resistance_profile = 'S', cloxa_test = '-', mbl_test = '-'; 
INSERT INTO sequence_analysis(sequence_analysis_id, isolate_id, ame_loci, beta_lactamase_loci, carbapenemase_loci, other_acq_ab_loci) VALUES ('1249', '1249', '-', '-', '-', '-') ON DUPLICATE KEY UPDATE ame_loci = '-', beta_lactamase_loci = '-', carbapenemase_loci = '-', other_acq_ab_loci = '-'; 
INSERT INTO metadata_general(isolate_id, isolate_name, species, project_name) VALUES ('1250', 'MAD02-008', 'Pseudomonas aeruginosa', 'GEMARA') ON DUPLICATE KEY UPDATE isolate_name = 'MAD02-008', species = 'Pseudomonas aeruginosa', project_name = 'GEMARA'; 
INSERT INTO metadata_clinic(clinic_id, isolate_id, sample_type, collection_ward) VALUES ('1208', '1250', '10', 'Consultas externas') ON DUPLICATE KEY UPDATE sample_type = '10', collection_ward = 'Consultas externas'; 
INSERT INTO phenotypic_data(phenotypic_data_id, isolate_id, ecdc_resistance_profile, cloxa_test, mbl_test) VALUES ('1208', '1250', 'S', '-', '-') ON DUPLICATE KEY UPDATE ecdc_resistance_profile = 'S', cloxa_test = '-', mbl_test = '-'; 
INSERT INTO sequence_analysis(sequence_analysis_id, isolate_id, ame_loci, beta_lactamase_loci, carbapenemase_loci, other_acq_ab_loci) VALUES ('1250', '1250', '-', '-', '-', '-') ON DUPLICATE KEY UPDATE ame_loci = '-', beta_lactamase_loci = '-', carbapenemase_loci = '-', other_acq_ab_loci = '-'; 
INSERT INTO metadata_general(isolate_id, isolate_name, species, project_name) VALUES ('1251', 'MAD02-015', 'Pseudomonas aeruginosa', 'GEMARA') ON DUPLICATE KEY UPDATE isolate_name = 'MAD02-015', species = 'Pseudomonas aeruginosa', project_name = 'GEMARA'; 
INSERT INTO metadata_clinic(clinic_id, isolate_id, sample_type, collection_ward) VALUES ('1209', '1251', '15', 'Servicios médicos adultos') ON DUPLICATE KEY UPDATE sample_type = '15', collection_ward = 'Servicios médicos adultos'; 
INSERT INTO phenotypic_data(phenotypic_data_id, isolate_id, ecdc_resistance_profile, cloxa_test, mbl_test) VALUES ('1209', '1251', 'S', '-', '-') ON DUPLICATE KEY UPDATE ecdc_resistance_profile = 'S', cloxa_test = '-', mbl_test = '-'; 
INSERT INTO sequence_analysis(sequence_analysis_id, isolate_id, ame_loci, beta_lactamase_loci, carbapenemase_loci, other_acq_ab_loci) VALUES ('1251', '1251', '-', '-', '-', '-') ON DUPLICATE KEY UPDATE ame_loci = '-', beta_lactamase_loci = '-', carbapenemase_loci = '-', other_acq_ab_loci = '-'; 
INSERT INTO metadata_general(isolate_id, isolate_name, species, project_name) VALUES ('1252', 'MAD02-017', 'Pseudomonas aeruginosa', 'GEMARA') ON DUPLICATE KEY UPDATE isolate_name = 'MAD02-017', species = 'Pseudomonas aeruginosa', project_name = 'GEMARA'; 
INSERT INTO metadata_clinic(clinic_id, isolate_id, sample_type, collection_ward) VALUES ('1210', '1252', '5', 'Servicios médicos adultos') ON DUPLICATE KEY UPDATE sample_type = '5', collection_ward = 'Servicios médicos adultos'; 
INSERT INTO phenotypic_data(phenotypic_data_id, isolate_id, ecdc_resistance_profile, cloxa_test, mbl_test) VALUES ('1210', '1252', 'S', '-', '-') ON DUPLICATE KEY UPDATE ecdc_resistance_profile = 'S', cloxa_test = '-', mbl_test = '-'; 
INSERT INTO sequence_analysis(sequence_analysis_id, isolate_id, ame_loci, beta_lactamase_loci, carbapenemase_loci, other_acq_ab_loci) VALUES ('1252', '1252', '-', '-', '-', '-') ON DUPLICATE KEY UPDATE ame_loci = '-', beta_lactamase_loci = '-', carbapenemase_loci = '-', other_acq_ab_loci = '-'; 
INSERT INTO metadata_general(isolate_id, isolate_name, species, project_name) VALUES ('1253', 'MAD02-033', 'Pseudomonas aeruginosa', 'GEMARA') ON DUPLICATE KEY UPDATE isolate_name = 'MAD02-033', species = 'Pseudomonas aeruginosa', project_name = 'GEMARA'; 
INSERT INTO metadata_clinic(clinic_id, isolate_id, sample_type, collection_ward) VALUES ('1211', '1253', '6', 'Servicios médicos adultos') ON DUPLICATE KEY UPDATE sample_type = '6', collection_ward = 'Servicios médicos adultos'; 
INSERT INTO phenotypic_data(phenotypic_data_id, isolate_id, ecdc_resistance_profile, cloxa_test, mbl_test) VALUES ('1211', '1253', 'S', '-', '-') ON DUPLICATE KEY UPDATE ecdc_resistance_profile = 'S', cloxa_test = '-', mbl_test = '-'; 
INSERT INTO sequence_analysis(sequence_analysis_id, isolate_id, ame_loci, beta_lactamase_loci, carbapenemase_loci, other_acq_ab_loci) VALUES ('1253', '1253', '-', '-', '-', '-') ON DUPLICATE KEY UPDATE ame_loci = '-', beta_lactamase_loci = '-', carbapenemase_loci = '-', other_acq_ab_loci = '-'; 
INSERT INTO metadata_general(isolate_id, isolate_name, species, project_name) VALUES ('1254', 'MAD02-004', 'Pseudomonas aeruginosa', 'GEMARA') ON DUPLICATE KEY UPDATE isolate_name = 'MAD02-004', species = 'Pseudomonas aeruginosa', project_name = 'GEMARA'; 
INSERT INTO metadata_clinic(clinic_id, isolate_id, sample_type, collection_ward) VALUES ('1212', '1254', '5', 'Servicios médicos adultos') ON DUPLICATE KEY UPDATE sample_type = '5', collection_ward = 'Servicios médicos adultos'; 
INSERT INTO phenotypic_data(phenotypic_data_id, isolate_id, ecdc_resistance_profile, cloxa_test, mbl_test) VALUES ('1212', '1254', 'S', '-', '-') ON DUPLICATE KEY UPDATE ecdc_resistance_profile = 'S', cloxa_test = '-', mbl_test = '-'; 
INSERT INTO sequence_analysis(sequence_analysis_id, isolate_id, ame_loci, beta_lactamase_loci, carbapenemase_loci, other_acq_ab_loci) VALUES ('1254', '1254', '-', '-', '-', '-') ON DUPLICATE KEY UPDATE ame_loci = '-', beta_lactamase_loci = '-', carbapenemase_loci = '-', other_acq_ab_loci = '-'; 
INSERT INTO metadata_general(isolate_id, isolate_name, species, project_name) VALUES ('1255', 'MAD02-031', 'Pseudomonas aeruginosa', 'GEMARA') ON DUPLICATE KEY UPDATE isolate_name = 'MAD02-031', species = 'Pseudomonas aeruginosa', project_name = 'GEMARA'; 
INSERT INTO metadata_clinic(clinic_id, isolate_id, sample_type, collection_ward) VALUES ('1213', '1255', '5', 'Urgencias adultos') ON DUPLICATE KEY UPDATE sample_type = '5', collection_ward = 'Urgencias adultos'; 
INSERT INTO phenotypic_data(phenotypic_data_id, isolate_id, ecdc_resistance_profile, cloxa_test, mbl_test) VALUES ('1213', '1255', 'S', '-', '-') ON DUPLICATE KEY UPDATE ecdc_resistance_profile = 'S', cloxa_test = '-', mbl_test = '-'; 
INSERT INTO sequence_analysis(sequence_analysis_id, isolate_id, ame_loci, beta_lactamase_loci, carbapenemase_loci, other_acq_ab_loci) VALUES ('1255', '1255', '-', '-', '-', '-') ON DUPLICATE KEY UPDATE ame_loci = '-', beta_lactamase_loci = '-', carbapenemase_loci = '-', other_acq_ab_loci = '-'; 
INSERT INTO metadata_general(isolate_id, isolate_name, species, project_name) VALUES ('1256', 'MAD02-010', 'Pseudomonas aeruginosa', 'GEMARA') ON DUPLICATE KEY UPDATE isolate_name = 'MAD02-010', species = 'Pseudomonas aeruginosa', project_name = 'GEMARA'; 
INSERT INTO metadata_clinic(clinic_id, isolate_id, sample_type, collection_ward) VALUES ('1214', '1256', '5', 'Consultas externas') ON DUPLICATE KEY UPDATE sample_type = '5', collection_ward = 'Consultas externas'; 
INSERT INTO phenotypic_data(phenotypic_data_id, isolate_id, ecdc_resistance_profile, cloxa_test, mbl_test) VALUES ('1214', '1256', 'S', '-', '-') ON DUPLICATE KEY UPDATE ecdc_resistance_profile = 'S', cloxa_test = '-', mbl_test = '-'; 
INSERT INTO sequence_analysis(sequence_analysis_id, isolate_id, ame_loci, beta_lactamase_loci, carbapenemase_loci, other_acq_ab_loci) VALUES ('1256', '1256', '-', '-', '-', '-') ON DUPLICATE KEY UPDATE ame_loci = '-', beta_lactamase_loci = '-', carbapenemase_loci = '-', other_acq_ab_loci = '-'; 
INSERT INTO metadata_general(isolate_id, isolate_name, species, project_name) VALUES ('1257', 'MAD02-027', 'Pseudomonas aeruginosa', 'GEMARA') ON DUPLICATE KEY UPDATE isolate_name = 'MAD02-027', species = 'Pseudomonas aeruginosa', project_name = 'GEMARA'; 
INSERT INTO metadata_clinic(clinic_id, isolate_id, sample_type, collection_ward) VALUES ('1215', '1257', '30', 'Servicios quirúrgicos adultos') ON DUPLICATE KEY UPDATE sample_type = '30', collection_ward = 'Servicios quirúrgicos adultos'; 
INSERT INTO phenotypic_data(phenotypic_data_id, isolate_id, ecdc_resistance_profile, cloxa_test, mbl_test) VALUES ('1215', '1257', 'S', '-', '-') ON DUPLICATE KEY UPDATE ecdc_resistance_profile = 'S', cloxa_test = '-', mbl_test = '-'; 
INSERT INTO sequence_analysis(sequence_analysis_id, isolate_id, ame_loci, beta_lactamase_loci, carbapenemase_loci, other_acq_ab_loci) VALUES ('1257', '1257', '-', '-', '-', '-') ON DUPLICATE KEY UPDATE ame_loci = '-', beta_lactamase_loci = '-', carbapenemase_loci = '-', other_acq_ab_loci = '-'; 
INSERT INTO metadata_general(isolate_id, isolate_name, species, project_name) VALUES ('1258', 'MAD02-034', 'Pseudomonas aeruginosa', 'GEMARA') ON DUPLICATE KEY UPDATE isolate_name = 'MAD02-034', species = 'Pseudomonas aeruginosa', project_name = 'GEMARA'; 
INSERT INTO metadata_clinic(clinic_id, isolate_id, sample_type, collection_ward) VALUES ('1216', '1258', '15', 'Servicios médicos adultos') ON DUPLICATE KEY UPDATE sample_type = '15', collection_ward = 'Servicios médicos adultos'; 
INSERT INTO phenotypic_data(phenotypic_data_id, isolate_id, ecdc_resistance_profile, cloxa_test, mbl_test) VALUES ('1216', '1258', 'S', '-', '-') ON DUPLICATE KEY UPDATE ecdc_resistance_profile = 'S', cloxa_test = '-', mbl_test = '-'; 
INSERT INTO sequence_analysis(sequence_analysis_id, isolate_id, ame_loci, beta_lactamase_loci, carbapenemase_loci, other_acq_ab_loci) VALUES ('1258', '1258', '-', '-', '-', '-') ON DUPLICATE KEY UPDATE ame_loci = '-', beta_lactamase_loci = '-', carbapenemase_loci = '-', other_acq_ab_loci = '-'; 
INSERT INTO metadata_general(isolate_id, isolate_name, species, project_name) VALUES ('1259', 'MAD02-002', 'Pseudomonas aeruginosa', 'GEMARA') ON DUPLICATE KEY UPDATE isolate_name = 'MAD02-002', species = 'Pseudomonas aeruginosa', project_name = 'GEMARA'; 
INSERT INTO metadata_clinic(clinic_id, isolate_id, sample_type, collection_ward) VALUES ('1217', '1259', '5', 'Urgencias adultos') ON DUPLICATE KEY UPDATE sample_type = '5', collection_ward = 'Urgencias adultos'; 
INSERT INTO phenotypic_data(phenotypic_data_id, isolate_id, ecdc_resistance_profile, cloxa_test, mbl_test) VALUES ('1217', '1259', 'S', '-', '-') ON DUPLICATE KEY UPDATE ecdc_resistance_profile = 'S', cloxa_test = '-', mbl_test = '-'; 
INSERT INTO sequence_analysis(sequence_analysis_id, isolate_id, ame_loci, beta_lactamase_loci, carbapenemase_loci, other_acq_ab_loci) VALUES ('1259', '1259', '-', '-', '-', '-') ON DUPLICATE KEY UPDATE ame_loci = '-', beta_lactamase_loci = '-', carbapenemase_loci = '-', other_acq_ab_loci = '-'; 
INSERT INTO metadata_general(isolate_id, isolate_name, species, project_name) VALUES ('1260', 'MAD02-001', 'Pseudomonas aeruginosa', 'GEMARA') ON DUPLICATE KEY UPDATE isolate_name = 'MAD02-001', species = 'Pseudomonas aeruginosa', project_name = 'GEMARA'; 
INSERT INTO metadata_clinic(clinic_id, isolate_id, sample_type, collection_ward) VALUES ('1218', '1260', '5', 'UCI pediatría') ON DUPLICATE KEY UPDATE sample_type = '5', collection_ward = 'UCI pediatría'; 
INSERT INTO phenotypic_data(phenotypic_data_id, isolate_id, ecdc_resistance_profile, cloxa_test, mbl_test) VALUES ('1218', '1260', 'S', '-', '-') ON DUPLICATE KEY UPDATE ecdc_resistance_profile = 'S', cloxa_test = '-', mbl_test = '-'; 
INSERT INTO sequence_analysis(sequence_analysis_id, isolate_id, ame_loci, beta_lactamase_loci, carbapenemase_loci, other_acq_ab_loci) VALUES ('1260', '1260', '-', '-', '-', '-') ON DUPLICATE KEY UPDATE ame_loci = '-', beta_lactamase_loci = '-', carbapenemase_loci = '-', other_acq_ab_loci = '-'; 
INSERT INTO metadata_general(isolate_id, isolate_name, species, project_name) VALUES ('1261', 'MAD02-018', 'Pseudomonas aeruginosa', 'GEMARA') ON DUPLICATE KEY UPDATE isolate_name = 'MAD02-018', species = 'Pseudomonas aeruginosa', project_name = 'GEMARA'; 
INSERT INTO metadata_clinic(clinic_id, isolate_id, sample_type, collection_ward) VALUES ('1219', '1261', '19', 'Urgencias adultos') ON DUPLICATE KEY UPDATE sample_type = '19', collection_ward = 'Urgencias adultos'; 
INSERT INTO phenotypic_data(phenotypic_data_id, isolate_id, ecdc_resistance_profile, cloxa_test, mbl_test) VALUES ('1219', '1261', 'S', '-', '-') ON DUPLICATE KEY UPDATE ecdc_resistance_profile = 'S', cloxa_test = '-', mbl_test = '-'; 
INSERT INTO sequence_analysis(sequence_analysis_id, isolate_id, ame_loci, beta_lactamase_loci, carbapenemase_loci, other_acq_ab_loci) VALUES ('1261', '1261', '-', '-', '-', '-') ON DUPLICATE KEY UPDATE ame_loci = '-', beta_lactamase_loci = '-', carbapenemase_loci = '-', other_acq_ab_loci = '-'; 
INSERT INTO metadata_general(isolate_id, isolate_name, species, project_name) VALUES ('1262', 'MAD02-022', 'Pseudomonas aeruginosa', 'GEMARA') ON DUPLICATE KEY UPDATE isolate_name = 'MAD02-022', species = 'Pseudomonas aeruginosa', project_name = 'GEMARA'; 
INSERT INTO metadata_clinic(clinic_id, isolate_id, sample_type, collection_ward) VALUES ('1220', '1262', '5', 'Servicios médicos pediatría') ON DUPLICATE KEY UPDATE sample_type = '5', collection_ward = 'Servicios médicos pediatría'; 
INSERT INTO phenotypic_data(phenotypic_data_id, isolate_id, ecdc_resistance_profile, cloxa_test, mbl_test) VALUES ('1220', '1262', 'S', '-', '-') ON DUPLICATE KEY UPDATE ecdc_resistance_profile = 'S', cloxa_test = '-', mbl_test = '-'; 
INSERT INTO sequence_analysis(sequence_analysis_id, isolate_id, ame_loci, beta_lactamase_loci, carbapenemase_loci, other_acq_ab_loci) VALUES ('1262', '1262', '-', '-', '-', '-') ON DUPLICATE KEY UPDATE ame_loci = '-', beta_lactamase_loci = '-', carbapenemase_loci = '-', other_acq_ab_loci = '-'; 
INSERT INTO metadata_general(isolate_id, isolate_name, species, project_name) VALUES ('1263', 'MAD02-026', 'Pseudomonas aeruginosa', 'GEMARA') ON DUPLICATE KEY UPDATE isolate_name = 'MAD02-026', species = 'Pseudomonas aeruginosa', project_name = 'GEMARA'; 
INSERT INTO metadata_clinic(clinic_id, isolate_id, sample_type, collection_ward) VALUES ('1221', '1263', '5', 'Servicios médicos adultos') ON DUPLICATE KEY UPDATE sample_type = '5', collection_ward = 'Servicios médicos adultos'; 
INSERT INTO phenotypic_data(phenotypic_data_id, isolate_id, ecdc_resistance_profile, cloxa_test, mbl_test) VALUES ('1221', '1263', 'S', '-', '-') ON DUPLICATE KEY UPDATE ecdc_resistance_profile = 'S', cloxa_test = '-', mbl_test = '-'; 
INSERT INTO sequence_analysis(sequence_analysis_id, isolate_id, ame_loci, beta_lactamase_loci, carbapenemase_loci, other_acq_ab_loci) VALUES ('1263', '1263', '-', '-', '-', '-') ON DUPLICATE KEY UPDATE ame_loci = '-', beta_lactamase_loci = '-', carbapenemase_loci = '-', other_acq_ab_loci = '-'; 
INSERT INTO metadata_general(isolate_id, isolate_name, species, project_name) VALUES ('1264', 'MAD02-030', 'Pseudomonas aeruginosa', 'GEMARA') ON DUPLICATE KEY UPDATE isolate_name = 'MAD02-030', species = 'Pseudomonas aeruginosa', project_name = 'GEMARA'; 
INSERT INTO metadata_clinic(clinic_id, isolate_id, sample_type, collection_ward) VALUES ('1222', '1264', '20', 'UCI Adultos') ON DUPLICATE KEY UPDATE sample_type = '20', collection_ward = 'UCI Adultos'; 
INSERT INTO phenotypic_data(phenotypic_data_id, isolate_id, ecdc_resistance_profile, cloxa_test, mbl_test) VALUES ('1222', '1264', 'S', '-', '-') ON DUPLICATE KEY UPDATE ecdc_resistance_profile = 'S', cloxa_test = '-', mbl_test = '-'; 
INSERT INTO sequence_analysis(sequence_analysis_id, isolate_id, ame_loci, beta_lactamase_loci, carbapenemase_loci, other_acq_ab_loci) VALUES ('1264', '1264', '-', '-', '-', '-') ON DUPLICATE KEY UPDATE ame_loci = '-', beta_lactamase_loci = '-', carbapenemase_loci = '-', other_acq_ab_loci = '-'; 
INSERT INTO metadata_general(isolate_id, isolate_name, species, project_name) VALUES ('147', 'MAD02-007', 'Pseudomonas aeruginosa', 'GEMARA') ON DUPLICATE KEY UPDATE isolate_name = 'MAD02-007', species = 'Pseudomonas aeruginosa', project_name = 'GEMARA'; 
INSERT INTO metadata_clinic(clinic_id, isolate_id, sample_type, collection_ward) VALUES ('1223', '147', '1', 'Servicios médicos adultos') ON DUPLICATE KEY UPDATE sample_type = '1', collection_ward = 'Servicios médicos adultos'; 
INSERT INTO phenotypic_data(phenotypic_data_id, isolate_id, ecdc_resistance_profile, cloxa_test, mbl_test) VALUES ('1223', '147', 'XDR', '-/-', '+') ON DUPLICATE KEY UPDATE ecdc_resistance_profile = 'XDR', cloxa_test = '-/-', mbl_test = '+'; 
INSERT INTO sequence_analysis(sequence_analysis_id, isolate_id, ame_loci, beta_lactamase_loci, carbapenemase_loci, other_acq_ab_loci) VALUES ('147', '147', 'aadB, aacA4, aac(6\')Ib-cr', '-', 'blaVIM-2 ', '-') ON DUPLICATE KEY UPDATE ame_loci = 'aadB, aacA4, aac(6\')Ib-cr', beta_lactamase_loci = '-', carbapenemase_loci = 'blaVIM-2 ', other_acq_ab_loci = '-'; 
INSERT INTO metadata_general(isolate_id, isolate_name, species, project_name) VALUES ('148', 'MAD02-009', 'Pseudomonas aeruginosa', 'GEMARA') ON DUPLICATE KEY UPDATE isolate_name = 'MAD02-009', species = 'Pseudomonas aeruginosa', project_name = 'GEMARA'; 
INSERT INTO metadata_clinic(clinic_id, isolate_id, sample_type, collection_ward) VALUES ('1224', '148', '6', 'Servicios quirúrgicos adultos') ON DUPLICATE KEY UPDATE sample_type = '6', collection_ward = 'Servicios quirúrgicos adultos'; 
INSERT INTO phenotypic_data(phenotypic_data_id, isolate_id, ecdc_resistance_profile, cloxa_test, mbl_test) VALUES ('1224', '148', 'XDR', '-/-', '-') ON DUPLICATE KEY UPDATE ecdc_resistance_profile = 'XDR', cloxa_test = '-/-', mbl_test = '-'; 
INSERT INTO sequence_analysis(sequence_analysis_id, isolate_id, ame_loci, beta_lactamase_loci, carbapenemase_loci, other_acq_ab_loci) VALUES ('148', '148', 'aacA4, aph(6)-Ic, aadA1, aph(3\')-Iia, aac(6\')Ib-cr', 'blaOXA-2', 'blaGES-1, blaGES-5', '-') ON DUPLICATE KEY UPDATE ame_loci = 'aacA4, aph(6)-Ic, aadA1, aph(3\')-Iia, aac(6\')Ib-cr', beta_lactamase_loci = 'blaOXA-2', carbapenemase_loci = 'blaGES-1, blaGES-5', other_acq_ab_loci = '-'; 
INSERT INTO metadata_general(isolate_id, isolate_name, species, project_name) VALUES ('150', 'MAD02-013', 'Pseudomonas aeruginosa', 'GEMARA') ON DUPLICATE KEY UPDATE isolate_name = 'MAD02-013', species = 'Pseudomonas aeruginosa', project_name = 'GEMARA'; 
INSERT INTO metadata_clinic(clinic_id, isolate_id, sample_type, collection_ward) VALUES ('1225', '150', '5', 'Servicios médicos adultos') ON DUPLICATE KEY UPDATE sample_type = '5', collection_ward = 'Servicios médicos adultos'; 
INSERT INTO phenotypic_data(phenotypic_data_id, isolate_id, ecdc_resistance_profile, cloxa_test, mbl_test) VALUES ('1225', '150', 'XDR', '+/s', '-') ON DUPLICATE KEY UPDATE ecdc_resistance_profile = 'XDR', cloxa_test = '+/s', mbl_test = '-'; 
INSERT INTO sequence_analysis(sequence_analysis_id, isolate_id, ame_loci, beta_lactamase_loci, carbapenemase_loci, other_acq_ab_loci) VALUES ('150', '150', '-', '-', '-', '-') ON DUPLICATE KEY UPDATE ame_loci = '-', beta_lactamase_loci = '-', carbapenemase_loci = '-', other_acq_ab_loci = '-'; 
INSERT INTO metadata_general(isolate_id, isolate_name, species, project_name) VALUES ('154', 'MAD02-035', 'Pseudomonas aeruginosa', 'GEMARA') ON DUPLICATE KEY UPDATE isolate_name = 'MAD02-035', species = 'Pseudomonas aeruginosa', project_name = 'GEMARA'; 
INSERT INTO metadata_clinic(clinic_id, isolate_id, sample_type, collection_ward) VALUES ('1226', '154', '15', 'Consultas externas') ON DUPLICATE KEY UPDATE sample_type = '15', collection_ward = 'Consultas externas'; 
INSERT INTO phenotypic_data(phenotypic_data_id, isolate_id, ecdc_resistance_profile, cloxa_test, mbl_test) VALUES ('1226', '154', 'XDR', '-/-', '-') ON DUPLICATE KEY UPDATE ecdc_resistance_profile = 'XDR', cloxa_test = '-/-', mbl_test = '-'; 
INSERT INTO sequence_analysis(sequence_analysis_id, isolate_id, ame_loci, beta_lactamase_loci, carbapenemase_loci, other_acq_ab_loci) VALUES ('154', '154', 'aacA4, aac(6\')-33, aph(6)-Ic, aadA1, aph(3\')-Iia, aac(6\')Ib-cr', 'blaOXA-2', 'blaGES-1, blaGES-5', '-') ON DUPLICATE KEY UPDATE ame_loci = 'aacA4, aac(6\')-33, aph(6)-Ic, aadA1, aph(3\')-Iia, aac(6\')Ib-cr', beta_lactamase_loci = 'blaOXA-2', carbapenemase_loci = 'blaGES-1, blaGES-5', other_acq_ab_loci = '-'; 
INSERT INTO metadata_general(isolate_id, isolate_name, species, project_name) VALUES ('152', 'MAD02-021', 'Pseudomonas aeruginosa', 'GEMARA') ON DUPLICATE KEY UPDATE isolate_name = 'MAD02-021', species = 'Pseudomonas aeruginosa', project_name = 'GEMARA'; 
INSERT INTO metadata_clinic(clinic_id, isolate_id, sample_type, collection_ward) VALUES ('1227', '152', '1', 'Servicios médicos adultos') ON DUPLICATE KEY UPDATE sample_type = '1', collection_ward = 'Servicios médicos adultos'; 
INSERT INTO phenotypic_data(phenotypic_data_id, isolate_id, ecdc_resistance_profile, cloxa_test, mbl_test) VALUES ('1227', '152', 'XDR', '-/-', '-') ON DUPLICATE KEY UPDATE ecdc_resistance_profile = 'XDR', cloxa_test = '-/-', mbl_test = '-'; 
INSERT INTO sequence_analysis(sequence_analysis_id, isolate_id, ame_loci, beta_lactamase_loci, carbapenemase_loci, other_acq_ab_loci) VALUES ('152', '152', 'aacA4, aadA6, aph(3\')-XV, aac(6\')Ib-cr', '-', 'blaGES-5', '-') ON DUPLICATE KEY UPDATE ame_loci = 'aacA4, aadA6, aph(3\')-XV, aac(6\')Ib-cr', beta_lactamase_loci = '-', carbapenemase_loci = 'blaGES-5', other_acq_ab_loci = '-'; 
INSERT INTO metadata_general(isolate_id, isolate_name, species, project_name) VALUES ('1265', 'MAD02-024', 'Pseudomonas aeruginosa', 'GEMARA') ON DUPLICATE KEY UPDATE isolate_name = 'MAD02-024', species = 'Pseudomonas aeruginosa', project_name = 'GEMARA'; 
INSERT INTO metadata_clinic(clinic_id, isolate_id, sample_type, collection_ward) VALUES ('1228', '1265', '8', 'UCI Adultos') ON DUPLICATE KEY UPDATE sample_type = '8', collection_ward = 'UCI Adultos'; 
INSERT INTO phenotypic_data(phenotypic_data_id, isolate_id, ecdc_resistance_profile, cloxa_test, mbl_test) VALUES ('1228', '1265', 'XDR', '-/-', '-') ON DUPLICATE KEY UPDATE ecdc_resistance_profile = 'XDR', cloxa_test = '-/-', mbl_test = '-'; 
INSERT INTO sequence_analysis(sequence_analysis_id, isolate_id, ame_loci, beta_lactamase_loci, carbapenemase_loci, other_acq_ab_loci) VALUES ('1265', '1265', '-', '-', 'blaGES-5', '-') ON DUPLICATE KEY UPDATE ame_loci = '-', beta_lactamase_loci = '-', carbapenemase_loci = 'blaGES-5', other_acq_ab_loci = '-'; 
INSERT INTO metadata_general(isolate_id, isolate_name, species, project_name) VALUES ('153', 'MAD02-025', 'Pseudomonas aeruginosa', 'GEMARA') ON DUPLICATE KEY UPDATE isolate_name = 'MAD02-025', species = 'Pseudomonas aeruginosa', project_name = 'GEMARA'; 
INSERT INTO metadata_clinic(clinic_id, isolate_id, sample_type, collection_ward) VALUES ('1229', '153', '1', 'Consultas externas') ON DUPLICATE KEY UPDATE sample_type = '1', collection_ward = 'Consultas externas'; 
INSERT INTO phenotypic_data(phenotypic_data_id, isolate_id, ecdc_resistance_profile, cloxa_test, mbl_test) VALUES ('1229', '153', 'XDR', '-/-', '-') ON DUPLICATE KEY UPDATE ecdc_resistance_profile = 'XDR', cloxa_test = '-/-', mbl_test = '-'; 
INSERT INTO sequence_analysis(sequence_analysis_id, isolate_id, ame_loci, beta_lactamase_loci, carbapenemase_loci, other_acq_ab_loci) VALUES ('153', '153', 'aph(6)-Ic, aph(3´)-Iia, aacA4, aac(6\')-33, aadA1, aac(6\')Ib-cr', 'blaOXA-2', 'blaGES-1, blaGES-5', '-') ON DUPLICATE KEY UPDATE ame_loci = 'aph(6)-Ic, aph(3´)-Iia, aacA4, aac(6\')-33, aadA1, aac(6\')Ib-cr', beta_lactamase_loci = 'blaOXA-2', carbapenemase_loci = 'blaGES-1, blaGES-5', other_acq_ab_loci = '-'; 
INSERT INTO metadata_general(isolate_id, isolate_name, species, project_name) VALUES ('1266', 'MAD02-032', 'Pseudomonas aeruginosa', 'GEMARA') ON DUPLICATE KEY UPDATE isolate_name = 'MAD02-032', species = 'Pseudomonas aeruginosa', project_name = 'GEMARA'; 
INSERT INTO metadata_clinic(clinic_id, isolate_id, sample_type, collection_ward) VALUES ('1230', '1266', '8', 'Servicios médicos adultos') ON DUPLICATE KEY UPDATE sample_type = '8', collection_ward = 'Servicios médicos adultos'; 
INSERT INTO phenotypic_data(phenotypic_data_id, isolate_id, ecdc_resistance_profile, cloxa_test, mbl_test) VALUES ('1230', '1266', 'XDR', '-/-', '-') ON DUPLICATE KEY UPDATE ecdc_resistance_profile = 'XDR', cloxa_test = '-/-', mbl_test = '-'; 
INSERT INTO sequence_analysis(sequence_analysis_id, isolate_id, ame_loci, beta_lactamase_loci, carbapenemase_loci, other_acq_ab_loci) VALUES ('1266', '1266', '-', '-', 'blaGES-5', '-') ON DUPLICATE KEY UPDATE ame_loci = '-', beta_lactamase_loci = '-', carbapenemase_loci = 'blaGES-5', other_acq_ab_loci = '-'; 
INSERT INTO metadata_general(isolate_id, isolate_name, species, project_name) VALUES ('145', 'MAD02-005', 'Pseudomonas aeruginosa', 'GEMARA') ON DUPLICATE KEY UPDATE isolate_name = 'MAD02-005', species = 'Pseudomonas aeruginosa', project_name = 'GEMARA'; 
INSERT INTO metadata_clinic(clinic_id, isolate_id, sample_type, collection_ward) VALUES ('1231', '145', '5', 'Consultas externas') ON DUPLICATE KEY UPDATE sample_type = '5', collection_ward = 'Consultas externas'; 
INSERT INTO phenotypic_data(phenotypic_data_id, isolate_id, ecdc_resistance_profile, cloxa_test, mbl_test) VALUES ('1231', '145', 'XDR', '-/-', '+') ON DUPLICATE KEY UPDATE ecdc_resistance_profile = 'XDR', cloxa_test = '-/-', mbl_test = '+'; 
INSERT INTO sequence_analysis(sequence_analysis_id, isolate_id, ame_loci, beta_lactamase_loci, carbapenemase_loci, other_acq_ab_loci) VALUES ('145', '145', 'aacA4, aadB, aac(6\')Ib-cr', '-', 'blaGES-5', '-') ON DUPLICATE KEY UPDATE ame_loci = 'aacA4, aadB, aac(6\')Ib-cr', beta_lactamase_loci = '-', carbapenemase_loci = 'blaGES-5', other_acq_ab_loci = '-'; 
INSERT INTO metadata_general(isolate_id, isolate_name, species, project_name) VALUES ('146', 'MAD02-006', 'Pseudomonas aeruginosa', 'GEMARA') ON DUPLICATE KEY UPDATE isolate_name = 'MAD02-006', species = 'Pseudomonas aeruginosa', project_name = 'GEMARA'; 
INSERT INTO metadata_clinic(clinic_id, isolate_id, sample_type, collection_ward) VALUES ('1232', '146', '1', 'Consultas externas') ON DUPLICATE KEY UPDATE sample_type = '1', collection_ward = 'Consultas externas'; 
INSERT INTO phenotypic_data(phenotypic_data_id, isolate_id, ecdc_resistance_profile, cloxa_test, mbl_test) VALUES ('1232', '146', 'XDR', 's/s', '-') ON DUPLICATE KEY UPDATE ecdc_resistance_profile = 'XDR', cloxa_test = 's/s', mbl_test = '-'; 
INSERT INTO sequence_analysis(sequence_analysis_id, isolate_id, ame_loci, beta_lactamase_loci, carbapenemase_loci, other_acq_ab_loci) VALUES ('146', '146', '-', '-', '-', '-') ON DUPLICATE KEY UPDATE ame_loci = '-', beta_lactamase_loci = '-', carbapenemase_loci = '-', other_acq_ab_loci = '-'; 
INSERT INTO metadata_general(isolate_id, isolate_name, species, project_name) VALUES ('151', 'MAD02-014', 'Pseudomonas aeruginosa', 'GEMARA') ON DUPLICATE KEY UPDATE isolate_name = 'MAD02-014', species = 'Pseudomonas aeruginosa', project_name = 'GEMARA'; 
INSERT INTO metadata_clinic(clinic_id, isolate_id, sample_type, collection_ward) VALUES ('1233', '151', '21', 'Servicios quirúrgicos adultos') ON DUPLICATE KEY UPDATE sample_type = '21', collection_ward = 'Servicios quirúrgicos adultos'; 
INSERT INTO phenotypic_data(phenotypic_data_id, isolate_id, ecdc_resistance_profile, cloxa_test, mbl_test) VALUES ('1233', '151', 'XDR', '-/-', '+') ON DUPLICATE KEY UPDATE ecdc_resistance_profile = 'XDR', cloxa_test = '-/-', mbl_test = '+'; 
INSERT INTO sequence_analysis(sequence_analysis_id, isolate_id, ame_loci, beta_lactamase_loci, carbapenemase_loci, other_acq_ab_loci) VALUES ('151', '151', 'aadB, aacA4, aac(6\')Ib-cr', '-', 'blaVIM-2 ', '-') ON DUPLICATE KEY UPDATE ame_loci = 'aadB, aacA4, aac(6\')Ib-cr', beta_lactamase_loci = '-', carbapenemase_loci = 'blaVIM-2 ', other_acq_ab_loci = '-'; 
INSERT INTO metadata_general(isolate_id, isolate_name, species, project_name) VALUES ('1267', 'MAD02-016', 'Pseudomonas aeruginosa', 'GEMARA') ON DUPLICATE KEY UPDATE isolate_name = 'MAD02-016', species = 'Pseudomonas aeruginosa', project_name = 'GEMARA'; 
INSERT INTO metadata_clinic(clinic_id, isolate_id, sample_type, collection_ward) VALUES ('1234', '1267', '1', 'Servicios médicos adultos') ON DUPLICATE KEY UPDATE sample_type = '1', collection_ward = 'Servicios médicos adultos'; 
INSERT INTO phenotypic_data(phenotypic_data_id, isolate_id, ecdc_resistance_profile, cloxa_test, mbl_test) VALUES ('1234', '1267', 'XDR', '-/-', '+') ON DUPLICATE KEY UPDATE ecdc_resistance_profile = 'XDR', cloxa_test = '-/-', mbl_test = '+'; 
INSERT INTO sequence_analysis(sequence_analysis_id, isolate_id, ame_loci, beta_lactamase_loci, carbapenemase_loci, other_acq_ab_loci) VALUES ('1267', '1267', '-', '-', 'blaVIM-2 ', '-') ON DUPLICATE KEY UPDATE ame_loci = '-', beta_lactamase_loci = '-', carbapenemase_loci = 'blaVIM-2 ', other_acq_ab_loci = '-'; 
INSERT INTO metadata_general(isolate_id, isolate_name, species, project_name) VALUES ('149', 'MAD02-012', 'Pseudomonas aeruginosa', 'GEMARA') ON DUPLICATE KEY UPDATE isolate_name = 'MAD02-012', species = 'Pseudomonas aeruginosa', project_name = 'GEMARA'; 
INSERT INTO metadata_clinic(clinic_id, isolate_id, sample_type, collection_ward) VALUES ('1235', '149', '5', 'Centro sociosanitario') ON DUPLICATE KEY UPDATE sample_type = '5', collection_ward = 'Centro sociosanitario'; 
INSERT INTO phenotypic_data(phenotypic_data_id, isolate_id, ecdc_resistance_profile, cloxa_test, mbl_test) VALUES ('1235', '149', 'XDR', 's/s', '-') ON DUPLICATE KEY UPDATE ecdc_resistance_profile = 'XDR', cloxa_test = 's/s', mbl_test = '-'; 
INSERT INTO sequence_analysis(sequence_analysis_id, isolate_id, ame_loci, beta_lactamase_loci, carbapenemase_loci, other_acq_ab_loci) VALUES ('149', '149', '-', '-', '-', '-') ON DUPLICATE KEY UPDATE ame_loci = '-', beta_lactamase_loci = '-', carbapenemase_loci = '-', other_acq_ab_loci = '-'; 
INSERT INTO metadata_general(isolate_id, isolate_name, species, project_name) VALUES ('1268', 'MAD03-002', 'Pseudomonas aeruginosa', 'GEMARA') ON DUPLICATE KEY UPDATE isolate_name = 'MAD03-002', species = 'Pseudomonas aeruginosa', project_name = 'GEMARA'; 
INSERT INTO metadata_clinic(clinic_id, isolate_id, sample_type, collection_ward) VALUES ('1236', '1268', '9', 'Servicios quirúrgicos adultos') ON DUPLICATE KEY UPDATE sample_type = '9', collection_ward = 'Servicios quirúrgicos adultos'; 
INSERT INTO phenotypic_data(phenotypic_data_id, isolate_id, ecdc_resistance_profile, cloxa_test, mbl_test) VALUES ('1236', '1268', 'MDR', '-', '-') ON DUPLICATE KEY UPDATE ecdc_resistance_profile = 'MDR', cloxa_test = '-', mbl_test = '-'; 
INSERT INTO sequence_analysis(sequence_analysis_id, isolate_id, ame_loci, beta_lactamase_loci, carbapenemase_loci, other_acq_ab_loci) VALUES ('1268', '1268', '-', '-', '-', '-') ON DUPLICATE KEY UPDATE ame_loci = '-', beta_lactamase_loci = '-', carbapenemase_loci = '-', other_acq_ab_loci = '-'; 
INSERT INTO metadata_general(isolate_id, isolate_name, species, project_name) VALUES ('1269', 'MAD03-016', 'Pseudomonas aeruginosa', 'GEMARA') ON DUPLICATE KEY UPDATE isolate_name = 'MAD03-016', species = 'Pseudomonas aeruginosa', project_name = 'GEMARA'; 
INSERT INTO metadata_clinic(clinic_id, isolate_id, sample_type, collection_ward) VALUES ('1237', '1269', '17', 'Servicios quirúrgicos adultos') ON DUPLICATE KEY UPDATE sample_type = '17', collection_ward = 'Servicios quirúrgicos adultos'; 
INSERT INTO phenotypic_data(phenotypic_data_id, isolate_id, ecdc_resistance_profile, cloxa_test, mbl_test) VALUES ('1237', '1269', 'MDR', '-', '-') ON DUPLICATE KEY UPDATE ecdc_resistance_profile = 'MDR', cloxa_test = '-', mbl_test = '-'; 
INSERT INTO sequence_analysis(sequence_analysis_id, isolate_id, ame_loci, beta_lactamase_loci, carbapenemase_loci, other_acq_ab_loci) VALUES ('1269', '1269', '-', '-', '-', '-') ON DUPLICATE KEY UPDATE ame_loci = '-', beta_lactamase_loci = '-', carbapenemase_loci = '-', other_acq_ab_loci = '-'; 
INSERT INTO metadata_general(isolate_id, isolate_name, species, project_name) VALUES ('1270', 'MAD03-032', 'Pseudomonas aeruginosa', 'GEMARA') ON DUPLICATE KEY UPDATE isolate_name = 'MAD03-032', species = 'Pseudomonas aeruginosa', project_name = 'GEMARA'; 
INSERT INTO metadata_clinic(clinic_id, isolate_id, sample_type, collection_ward) VALUES ('1238', '1270', '5', 'Servicios quirúrgicos adultos') ON DUPLICATE KEY UPDATE sample_type = '5', collection_ward = 'Servicios quirúrgicos adultos'; 
INSERT INTO phenotypic_data(phenotypic_data_id, isolate_id, ecdc_resistance_profile, cloxa_test, mbl_test) VALUES ('1238', '1270', 'MDR', '-', '-') ON DUPLICATE KEY UPDATE ecdc_resistance_profile = 'MDR', cloxa_test = '-', mbl_test = '-'; 
INSERT INTO sequence_analysis(sequence_analysis_id, isolate_id, ame_loci, beta_lactamase_loci, carbapenemase_loci, other_acq_ab_loci) VALUES ('1270', '1270', '-', '-', '-', '-') ON DUPLICATE KEY UPDATE ame_loci = '-', beta_lactamase_loci = '-', carbapenemase_loci = '-', other_acq_ab_loci = '-'; 
INSERT INTO metadata_general(isolate_id, isolate_name, species, project_name) VALUES ('1271', 'MAD03-017', 'Pseudomonas aeruginosa', 'GEMARA') ON DUPLICATE KEY UPDATE isolate_name = 'MAD03-017', species = 'Pseudomonas aeruginosa', project_name = 'GEMARA'; 
INSERT INTO metadata_clinic(clinic_id, isolate_id, sample_type, collection_ward) VALUES ('1239', '1271', '1', 'Servicios médicos adultos') ON DUPLICATE KEY UPDATE sample_type = '1', collection_ward = 'Servicios médicos adultos'; 
INSERT INTO phenotypic_data(phenotypic_data_id, isolate_id, ecdc_resistance_profile, cloxa_test, mbl_test) VALUES ('1239', '1271', 'S', '-', '-') ON DUPLICATE KEY UPDATE ecdc_resistance_profile = 'S', cloxa_test = '-', mbl_test = '-'; 
INSERT INTO sequence_analysis(sequence_analysis_id, isolate_id, ame_loci, beta_lactamase_loci, carbapenemase_loci, other_acq_ab_loci) VALUES ('1271', '1271', '-', '-', '-', '-') ON DUPLICATE KEY UPDATE ame_loci = '-', beta_lactamase_loci = '-', carbapenemase_loci = '-', other_acq_ab_loci = '-'; 
INSERT INTO metadata_general(isolate_id, isolate_name, species, project_name) VALUES ('1272', 'MAD03-020', 'Pseudomonas aeruginosa', 'GEMARA') ON DUPLICATE KEY UPDATE isolate_name = 'MAD03-020', species = 'Pseudomonas aeruginosa', project_name = 'GEMARA'; 
INSERT INTO metadata_clinic(clinic_id, isolate_id, sample_type, collection_ward) VALUES ('1240', '1272', '5', 'Servicios médicos adultos') ON DUPLICATE KEY UPDATE sample_type = '5', collection_ward = 'Servicios médicos adultos'; 
INSERT INTO phenotypic_data(phenotypic_data_id, isolate_id, ecdc_resistance_profile, cloxa_test, mbl_test) VALUES ('1240', '1272', 'S', '-', '-') ON DUPLICATE KEY UPDATE ecdc_resistance_profile = 'S', cloxa_test = '-', mbl_test = '-'; 
INSERT INTO sequence_analysis(sequence_analysis_id, isolate_id, ame_loci, beta_lactamase_loci, carbapenemase_loci, other_acq_ab_loci) VALUES ('1272', '1272', '-', '-', '-', '-') ON DUPLICATE KEY UPDATE ame_loci = '-', beta_lactamase_loci = '-', carbapenemase_loci = '-', other_acq_ab_loci = '-'; 
INSERT INTO metadata_general(isolate_id, isolate_name, species, project_name) VALUES ('1273', 'MAD03-023', 'Pseudomonas aeruginosa', 'GEMARA') ON DUPLICATE KEY UPDATE isolate_name = 'MAD03-023', species = 'Pseudomonas aeruginosa', project_name = 'GEMARA'; 
INSERT INTO metadata_clinic(clinic_id, isolate_id, sample_type, collection_ward) VALUES ('1241', '1273', '18', 'Servicios médicos adultos') ON DUPLICATE KEY UPDATE sample_type = '18', collection_ward = 'Servicios médicos adultos'; 
INSERT INTO phenotypic_data(phenotypic_data_id, isolate_id, ecdc_resistance_profile, cloxa_test, mbl_test) VALUES ('1241', '1273', 'S', '-', '-') ON DUPLICATE KEY UPDATE ecdc_resistance_profile = 'S', cloxa_test = '-', mbl_test = '-'; 
INSERT INTO sequence_analysis(sequence_analysis_id, isolate_id, ame_loci, beta_lactamase_loci, carbapenemase_loci, other_acq_ab_loci) VALUES ('1273', '1273', '-', '-', '-', '-') ON DUPLICATE KEY UPDATE ame_loci = '-', beta_lactamase_loci = '-', carbapenemase_loci = '-', other_acq_ab_loci = '-'; 
INSERT INTO metadata_general(isolate_id, isolate_name, species, project_name) VALUES ('1274', 'MAD03-008', 'Pseudomonas aeruginosa', 'GEMARA') ON DUPLICATE KEY UPDATE isolate_name = 'MAD03-008', species = 'Pseudomonas aeruginosa', project_name = 'GEMARA'; 
INSERT INTO metadata_clinic(clinic_id, isolate_id, sample_type, collection_ward) VALUES ('1242', '1274', '9', 'Consultas externas') ON DUPLICATE KEY UPDATE sample_type = '9', collection_ward = 'Consultas externas'; 
INSERT INTO phenotypic_data(phenotypic_data_id, isolate_id, ecdc_resistance_profile, cloxa_test, mbl_test) VALUES ('1242', '1274', 'S', '-', '-') ON DUPLICATE KEY UPDATE ecdc_resistance_profile = 'S', cloxa_test = '-', mbl_test = '-'; 
INSERT INTO sequence_analysis(sequence_analysis_id, isolate_id, ame_loci, beta_lactamase_loci, carbapenemase_loci, other_acq_ab_loci) VALUES ('1274', '1274', '-', '-', '-', '-') ON DUPLICATE KEY UPDATE ame_loci = '-', beta_lactamase_loci = '-', carbapenemase_loci = '-', other_acq_ab_loci = '-'; 
INSERT INTO metadata_general(isolate_id, isolate_name, species, project_name) VALUES ('1275', 'MAD03-013', 'Pseudomonas aeruginosa', 'GEMARA') ON DUPLICATE KEY UPDATE isolate_name = 'MAD03-013', species = 'Pseudomonas aeruginosa', project_name = 'GEMARA'; 
INSERT INTO metadata_clinic(clinic_id, isolate_id, sample_type, collection_ward) VALUES ('1243', '1275', '5', 'Servicios médicos adultos') ON DUPLICATE KEY UPDATE sample_type = '5', collection_ward = 'Servicios médicos adultos'; 
INSERT INTO phenotypic_data(phenotypic_data_id, isolate_id, ecdc_resistance_profile, cloxa_test, mbl_test) VALUES ('1243', '1275', 'S', '-', '-') ON DUPLICATE KEY UPDATE ecdc_resistance_profile = 'S', cloxa_test = '-', mbl_test = '-'; 
INSERT INTO sequence_analysis(sequence_analysis_id, isolate_id, ame_loci, beta_lactamase_loci, carbapenemase_loci, other_acq_ab_loci) VALUES ('1275', '1275', '-', '-', '-', '-') ON DUPLICATE KEY UPDATE ame_loci = '-', beta_lactamase_loci = '-', carbapenemase_loci = '-', other_acq_ab_loci = '-'; 
INSERT INTO metadata_general(isolate_id, isolate_name, species, project_name) VALUES ('1276', 'MAD03-019', 'Pseudomonas aeruginosa', 'GEMARA') ON DUPLICATE KEY UPDATE isolate_name = 'MAD03-019', species = 'Pseudomonas aeruginosa', project_name = 'GEMARA'; 
INSERT INTO metadata_clinic(clinic_id, isolate_id, sample_type, collection_ward) VALUES ('1244', '1276', '5', 'Servicios médicos adultos') ON DUPLICATE KEY UPDATE sample_type = '5', collection_ward = 'Servicios médicos adultos'; 
INSERT INTO phenotypic_data(phenotypic_data_id, isolate_id, ecdc_resistance_profile, cloxa_test, mbl_test) VALUES ('1244', '1276', 'S', '-', '-') ON DUPLICATE KEY UPDATE ecdc_resistance_profile = 'S', cloxa_test = '-', mbl_test = '-'; 
INSERT INTO sequence_analysis(sequence_analysis_id, isolate_id, ame_loci, beta_lactamase_loci, carbapenemase_loci, other_acq_ab_loci) VALUES ('1276', '1276', '-', '-', '-', '-') ON DUPLICATE KEY UPDATE ame_loci = '-', beta_lactamase_loci = '-', carbapenemase_loci = '-', other_acq_ab_loci = '-'; 
INSERT INTO metadata_general(isolate_id, isolate_name, species, project_name) VALUES ('1277', 'MAD03-030', 'Pseudomonas aeruginosa', 'GEMARA') ON DUPLICATE KEY UPDATE isolate_name = 'MAD03-030', species = 'Pseudomonas aeruginosa', project_name = 'GEMARA'; 
INSERT INTO metadata_clinic(clinic_id, isolate_id, sample_type, collection_ward) VALUES ('1245', '1277', '5', 'Servicios médicos adultos') ON DUPLICATE KEY UPDATE sample_type = '5', collection_ward = 'Servicios médicos adultos'; 
INSERT INTO phenotypic_data(phenotypic_data_id, isolate_id, ecdc_resistance_profile, cloxa_test, mbl_test) VALUES ('1245', '1277', 'S', '-', '-') ON DUPLICATE KEY UPDATE ecdc_resistance_profile = 'S', cloxa_test = '-', mbl_test = '-'; 
INSERT INTO sequence_analysis(sequence_analysis_id, isolate_id, ame_loci, beta_lactamase_loci, carbapenemase_loci, other_acq_ab_loci) VALUES ('1277', '1277', '-', '-', '-', '-') ON DUPLICATE KEY UPDATE ame_loci = '-', beta_lactamase_loci = '-', carbapenemase_loci = '-', other_acq_ab_loci = '-'; 
INSERT INTO metadata_general(isolate_id, isolate_name, species, project_name) VALUES ('1278', 'MAD03-006', 'Pseudomonas aeruginosa', 'GEMARA') ON DUPLICATE KEY UPDATE isolate_name = 'MAD03-006', species = 'Pseudomonas aeruginosa', project_name = 'GEMARA'; 
INSERT INTO metadata_clinic(clinic_id, isolate_id, sample_type, collection_ward) VALUES ('1246', '1278', '15', 'Servicios médicos adultos') ON DUPLICATE KEY UPDATE sample_type = '15', collection_ward = 'Servicios médicos adultos'; 
INSERT INTO phenotypic_data(phenotypic_data_id, isolate_id, ecdc_resistance_profile, cloxa_test, mbl_test) VALUES ('1246', '1278', 'S', '-', '-') ON DUPLICATE KEY UPDATE ecdc_resistance_profile = 'S', cloxa_test = '-', mbl_test = '-'; 
INSERT INTO sequence_analysis(sequence_analysis_id, isolate_id, ame_loci, beta_lactamase_loci, carbapenemase_loci, other_acq_ab_loci) VALUES ('1278', '1278', '-', '-', '-', '-') ON DUPLICATE KEY UPDATE ame_loci = '-', beta_lactamase_loci = '-', carbapenemase_loci = '-', other_acq_ab_loci = '-'; 
INSERT INTO metadata_general(isolate_id, isolate_name, species, project_name) VALUES ('1279', 'MAD03-009', 'Pseudomonas aeruginosa', 'GEMARA') ON DUPLICATE KEY UPDATE isolate_name = 'MAD03-009', species = 'Pseudomonas aeruginosa', project_name = 'GEMARA'; 
INSERT INTO metadata_clinic(clinic_id, isolate_id, sample_type, collection_ward) VALUES ('1247', '1279', '15', 'Servicios médicos adultos') ON DUPLICATE KEY UPDATE sample_type = '15', collection_ward = 'Servicios médicos adultos'; 
INSERT INTO phenotypic_data(phenotypic_data_id, isolate_id, ecdc_resistance_profile, cloxa_test, mbl_test) VALUES ('1247', '1279', 'S', '-', '-') ON DUPLICATE KEY UPDATE ecdc_resistance_profile = 'S', cloxa_test = '-', mbl_test = '-'; 
INSERT INTO sequence_analysis(sequence_analysis_id, isolate_id, ame_loci, beta_lactamase_loci, carbapenemase_loci, other_acq_ab_loci) VALUES ('1279', '1279', '-', '-', '-', '-') ON DUPLICATE KEY UPDATE ame_loci = '-', beta_lactamase_loci = '-', carbapenemase_loci = '-', other_acq_ab_loci = '-'; 
INSERT INTO metadata_general(isolate_id, isolate_name, species, project_name) VALUES ('1280', 'MAD03-018', 'Pseudomonas aeruginosa', 'GEMARA') ON DUPLICATE KEY UPDATE isolate_name = 'MAD03-018', species = 'Pseudomonas aeruginosa', project_name = 'GEMARA'; 
INSERT INTO metadata_clinic(clinic_id, isolate_id, sample_type, collection_ward) VALUES ('1248', '1280', '5', 'Servicios quirúrgicos adultos') ON DUPLICATE KEY UPDATE sample_type = '5', collection_ward = 'Servicios quirúrgicos adultos'; 
INSERT INTO phenotypic_data(phenotypic_data_id, isolate_id, ecdc_resistance_profile, cloxa_test, mbl_test) VALUES ('1248', '1280', 'S', '-', '-') ON DUPLICATE KEY UPDATE ecdc_resistance_profile = 'S', cloxa_test = '-', mbl_test = '-'; 
INSERT INTO sequence_analysis(sequence_analysis_id, isolate_id, ame_loci, beta_lactamase_loci, carbapenemase_loci, other_acq_ab_loci) VALUES ('1280', '1280', '-', '-', '-', '-') ON DUPLICATE KEY UPDATE ame_loci = '-', beta_lactamase_loci = '-', carbapenemase_loci = '-', other_acq_ab_loci = '-'; 
INSERT INTO metadata_general(isolate_id, isolate_name, species, project_name) VALUES ('1281', 'MAD03-004', 'Pseudomonas aeruginosa', 'GEMARA') ON DUPLICATE KEY UPDATE isolate_name = 'MAD03-004', species = 'Pseudomonas aeruginosa', project_name = 'GEMARA'; 
INSERT INTO metadata_clinic(clinic_id, isolate_id, sample_type, collection_ward) VALUES ('1249', '1281', '5', 'Servicios médicos adultos') ON DUPLICATE KEY UPDATE sample_type = '5', collection_ward = 'Servicios médicos adultos'; 
INSERT INTO phenotypic_data(phenotypic_data_id, isolate_id, ecdc_resistance_profile, cloxa_test, mbl_test) VALUES ('1249', '1281', 'S', '-', '-') ON DUPLICATE KEY UPDATE ecdc_resistance_profile = 'S', cloxa_test = '-', mbl_test = '-'; 
INSERT INTO sequence_analysis(sequence_analysis_id, isolate_id, ame_loci, beta_lactamase_loci, carbapenemase_loci, other_acq_ab_loci) VALUES ('1281', '1281', '-', '-', '-', '-') ON DUPLICATE KEY UPDATE ame_loci = '-', beta_lactamase_loci = '-', carbapenemase_loci = '-', other_acq_ab_loci = '-'; 
INSERT INTO metadata_general(isolate_id, isolate_name, species, project_name) VALUES ('1282', 'MAD03-012', 'Pseudomonas aeruginosa', 'GEMARA') ON DUPLICATE KEY UPDATE isolate_name = 'MAD03-012', species = 'Pseudomonas aeruginosa', project_name = 'GEMARA'; 
INSERT INTO metadata_clinic(clinic_id, isolate_id, sample_type, collection_ward) VALUES ('1250', '1282', '5', 'Servicios médicos adultos') ON DUPLICATE KEY UPDATE sample_type = '5', collection_ward = 'Servicios médicos adultos'; 
INSERT INTO phenotypic_data(phenotypic_data_id, isolate_id, ecdc_resistance_profile, cloxa_test, mbl_test) VALUES ('1250', '1282', 'S', '-', '-') ON DUPLICATE KEY UPDATE ecdc_resistance_profile = 'S', cloxa_test = '-', mbl_test = '-'; 
INSERT INTO sequence_analysis(sequence_analysis_id, isolate_id, ame_loci, beta_lactamase_loci, carbapenemase_loci, other_acq_ab_loci) VALUES ('1282', '1282', '-', '-', '-', '-') ON DUPLICATE KEY UPDATE ame_loci = '-', beta_lactamase_loci = '-', carbapenemase_loci = '-', other_acq_ab_loci = '-'; 
INSERT INTO metadata_general(isolate_id, isolate_name, species, project_name) VALUES ('1283', 'MAD03-021', 'Pseudomonas aeruginosa', 'GEMARA') ON DUPLICATE KEY UPDATE isolate_name = 'MAD03-021', species = 'Pseudomonas aeruginosa', project_name = 'GEMARA'; 
INSERT INTO metadata_clinic(clinic_id, isolate_id, sample_type, collection_ward) VALUES ('1251', '1283', '6', 'Servicios quirúrgicos adultos') ON DUPLICATE KEY UPDATE sample_type = '6', collection_ward = 'Servicios quirúrgicos adultos'; 
INSERT INTO phenotypic_data(phenotypic_data_id, isolate_id, ecdc_resistance_profile, cloxa_test, mbl_test) VALUES ('1251', '1283', 'S', '-', '-') ON DUPLICATE KEY UPDATE ecdc_resistance_profile = 'S', cloxa_test = '-', mbl_test = '-'; 
INSERT INTO sequence_analysis(sequence_analysis_id, isolate_id, ame_loci, beta_lactamase_loci, carbapenemase_loci, other_acq_ab_loci) VALUES ('1283', '1283', '-', '-', '-', '-') ON DUPLICATE KEY UPDATE ame_loci = '-', beta_lactamase_loci = '-', carbapenemase_loci = '-', other_acq_ab_loci = '-'; 
INSERT INTO metadata_general(isolate_id, isolate_name, species, project_name) VALUES ('1284', 'MAD03-031', 'Pseudomonas aeruginosa', 'GEMARA') ON DUPLICATE KEY UPDATE isolate_name = 'MAD03-031', species = 'Pseudomonas aeruginosa', project_name = 'GEMARA'; 
INSERT INTO metadata_clinic(clinic_id, isolate_id, sample_type, collection_ward) VALUES ('1252', '1284', '15', 'Servicios médicos adultos') ON DUPLICATE KEY UPDATE sample_type = '15', collection_ward = 'Servicios médicos adultos'; 
INSERT INTO phenotypic_data(phenotypic_data_id, isolate_id, ecdc_resistance_profile, cloxa_test, mbl_test) VALUES ('1252', '1284', 'S', '-', '-') ON DUPLICATE KEY UPDATE ecdc_resistance_profile = 'S', cloxa_test = '-', mbl_test = '-'; 
INSERT INTO sequence_analysis(sequence_analysis_id, isolate_id, ame_loci, beta_lactamase_loci, carbapenemase_loci, other_acq_ab_loci) VALUES ('1284', '1284', '-', '-', '-', '-') ON DUPLICATE KEY UPDATE ame_loci = '-', beta_lactamase_loci = '-', carbapenemase_loci = '-', other_acq_ab_loci = '-'; 
INSERT INTO metadata_general(isolate_id, isolate_name, species, project_name) VALUES ('1285', 'MAD03-011', 'Pseudomonas aeruginosa', 'GEMARA') ON DUPLICATE KEY UPDATE isolate_name = 'MAD03-011', species = 'Pseudomonas aeruginosa', project_name = 'GEMARA'; 
INSERT INTO metadata_clinic(clinic_id, isolate_id, sample_type, collection_ward) VALUES ('1253', '1285', '5', 'Servicios médicos adultos') ON DUPLICATE KEY UPDATE sample_type = '5', collection_ward = 'Servicios médicos adultos'; 
INSERT INTO phenotypic_data(phenotypic_data_id, isolate_id, ecdc_resistance_profile, cloxa_test, mbl_test) VALUES ('1253', '1285', 'S', '-', '-') ON DUPLICATE KEY UPDATE ecdc_resistance_profile = 'S', cloxa_test = '-', mbl_test = '-'; 
INSERT INTO sequence_analysis(sequence_analysis_id, isolate_id, ame_loci, beta_lactamase_loci, carbapenemase_loci, other_acq_ab_loci) VALUES ('1285', '1285', '-', '-', '-', '-') ON DUPLICATE KEY UPDATE ame_loci = '-', beta_lactamase_loci = '-', carbapenemase_loci = '-', other_acq_ab_loci = '-'; 
INSERT INTO metadata_general(isolate_id, isolate_name, species, project_name) VALUES ('1286', 'MAD03-022', 'Pseudomonas aeruginosa', 'GEMARA') ON DUPLICATE KEY UPDATE isolate_name = 'MAD03-022', species = 'Pseudomonas aeruginosa', project_name = 'GEMARA'; 
INSERT INTO metadata_clinic(clinic_id, isolate_id, sample_type, collection_ward) VALUES ('1254', '1286', '5', 'Servicios médicos adultos') ON DUPLICATE KEY UPDATE sample_type = '5', collection_ward = 'Servicios médicos adultos'; 
INSERT INTO phenotypic_data(phenotypic_data_id, isolate_id, ecdc_resistance_profile, cloxa_test, mbl_test) VALUES ('1254', '1286', 'S', '-', '-') ON DUPLICATE KEY UPDATE ecdc_resistance_profile = 'S', cloxa_test = '-', mbl_test = '-'; 
INSERT INTO sequence_analysis(sequence_analysis_id, isolate_id, ame_loci, beta_lactamase_loci, carbapenemase_loci, other_acq_ab_loci) VALUES ('1286', '1286', '-', '-', '-', '-') ON DUPLICATE KEY UPDATE ame_loci = '-', beta_lactamase_loci = '-', carbapenemase_loci = '-', other_acq_ab_loci = '-'; 
INSERT INTO metadata_general(isolate_id, isolate_name, species, project_name) VALUES ('1287', 'MAD03-014', 'Pseudomonas aeruginosa', 'GEMARA') ON DUPLICATE KEY UPDATE isolate_name = 'MAD03-014', species = 'Pseudomonas aeruginosa', project_name = 'GEMARA'; 
INSERT INTO metadata_clinic(clinic_id, isolate_id, sample_type, collection_ward) VALUES ('1255', '1287', '5', 'Servicios médicos pediatría') ON DUPLICATE KEY UPDATE sample_type = '5', collection_ward = 'Servicios médicos pediatría'; 
INSERT INTO phenotypic_data(phenotypic_data_id, isolate_id, ecdc_resistance_profile, cloxa_test, mbl_test) VALUES ('1255', '1287', 'S', '-', '-') ON DUPLICATE KEY UPDATE ecdc_resistance_profile = 'S', cloxa_test = '-', mbl_test = '-'; 
INSERT INTO sequence_analysis(sequence_analysis_id, isolate_id, ame_loci, beta_lactamase_loci, carbapenemase_loci, other_acq_ab_loci) VALUES ('1287', '1287', '-', '-', '-', '-') ON DUPLICATE KEY UPDATE ame_loci = '-', beta_lactamase_loci = '-', carbapenemase_loci = '-', other_acq_ab_loci = '-'; 
INSERT INTO metadata_general(isolate_id, isolate_name, species, project_name) VALUES ('1288', 'MAD03-029', 'Pseudomonas aeruginosa', 'GEMARA') ON DUPLICATE KEY UPDATE isolate_name = 'MAD03-029', species = 'Pseudomonas aeruginosa', project_name = 'GEMARA'; 
INSERT INTO metadata_clinic(clinic_id, isolate_id, sample_type, collection_ward) VALUES ('1256', '1288', '25', 'Servicios médicos adultos') ON DUPLICATE KEY UPDATE sample_type = '25', collection_ward = 'Servicios médicos adultos'; 
INSERT INTO phenotypic_data(phenotypic_data_id, isolate_id, ecdc_resistance_profile, cloxa_test, mbl_test) VALUES ('1256', '1288', 'S', '-', '-') ON DUPLICATE KEY UPDATE ecdc_resistance_profile = 'S', cloxa_test = '-', mbl_test = '-'; 
INSERT INTO sequence_analysis(sequence_analysis_id, isolate_id, ame_loci, beta_lactamase_loci, carbapenemase_loci, other_acq_ab_loci) VALUES ('1288', '1288', '-', '-', '-', '-') ON DUPLICATE KEY UPDATE ame_loci = '-', beta_lactamase_loci = '-', carbapenemase_loci = '-', other_acq_ab_loci = '-'; 
INSERT INTO metadata_general(isolate_id, isolate_name, species, project_name) VALUES ('1289', 'MAD03-034', 'Pseudomonas aeruginosa', 'GEMARA') ON DUPLICATE KEY UPDATE isolate_name = 'MAD03-034', species = 'Pseudomonas aeruginosa', project_name = 'GEMARA'; 
INSERT INTO metadata_clinic(clinic_id, isolate_id, sample_type, collection_ward) VALUES ('1257', '1289', '5', 'Servicios quirúrgicos adultos') ON DUPLICATE KEY UPDATE sample_type = '5', collection_ward = 'Servicios quirúrgicos adultos'; 
INSERT INTO phenotypic_data(phenotypic_data_id, isolate_id, ecdc_resistance_profile, cloxa_test, mbl_test) VALUES ('1257', '1289', 'S', '-', '-') ON DUPLICATE KEY UPDATE ecdc_resistance_profile = 'S', cloxa_test = '-', mbl_test = '-'; 
INSERT INTO sequence_analysis(sequence_analysis_id, isolate_id, ame_loci, beta_lactamase_loci, carbapenemase_loci, other_acq_ab_loci) VALUES ('1289', '1289', '-', '-', '-', '-') ON DUPLICATE KEY UPDATE ame_loci = '-', beta_lactamase_loci = '-', carbapenemase_loci = '-', other_acq_ab_loci = '-'; 
INSERT INTO metadata_general(isolate_id, isolate_name, species, project_name) VALUES ('1290', 'MAD03-005', 'Pseudomonas aeruginosa', 'GEMARA') ON DUPLICATE KEY UPDATE isolate_name = 'MAD03-005', species = 'Pseudomonas aeruginosa', project_name = 'GEMARA'; 
INSERT INTO metadata_clinic(clinic_id, isolate_id, sample_type, collection_ward) VALUES ('1258', '1290', '15', 'Servicios médicos adultos') ON DUPLICATE KEY UPDATE sample_type = '15', collection_ward = 'Servicios médicos adultos'; 
INSERT INTO phenotypic_data(phenotypic_data_id, isolate_id, ecdc_resistance_profile, cloxa_test, mbl_test) VALUES ('1258', '1290', 'S', '-', '-') ON DUPLICATE KEY UPDATE ecdc_resistance_profile = 'S', cloxa_test = '-', mbl_test = '-'; 
INSERT INTO sequence_analysis(sequence_analysis_id, isolate_id, ame_loci, beta_lactamase_loci, carbapenemase_loci, other_acq_ab_loci) VALUES ('1290', '1290', '-', '-', '-', '-') ON DUPLICATE KEY UPDATE ame_loci = '-', beta_lactamase_loci = '-', carbapenemase_loci = '-', other_acq_ab_loci = '-'; 
INSERT INTO metadata_general(isolate_id, isolate_name, species, project_name) VALUES ('1291', 'MAD03-007', 'Pseudomonas aeruginosa', 'GEMARA') ON DUPLICATE KEY UPDATE isolate_name = 'MAD03-007', species = 'Pseudomonas aeruginosa', project_name = 'GEMARA'; 
INSERT INTO metadata_clinic(clinic_id, isolate_id, sample_type, collection_ward) VALUES ('1259', '1291', '1', 'Servicios médicos adultos') ON DUPLICATE KEY UPDATE sample_type = '1', collection_ward = 'Servicios médicos adultos'; 
INSERT INTO phenotypic_data(phenotypic_data_id, isolate_id, ecdc_resistance_profile, cloxa_test, mbl_test) VALUES ('1259', '1291', 'S', '-', '-') ON DUPLICATE KEY UPDATE ecdc_resistance_profile = 'S', cloxa_test = '-', mbl_test = '-'; 
INSERT INTO sequence_analysis(sequence_analysis_id, isolate_id, ame_loci, beta_lactamase_loci, carbapenemase_loci, other_acq_ab_loci) VALUES ('1291', '1291', '-', '-', '-', '-') ON DUPLICATE KEY UPDATE ame_loci = '-', beta_lactamase_loci = '-', carbapenemase_loci = '-', other_acq_ab_loci = '-'; 
INSERT INTO metadata_general(isolate_id, isolate_name, species, project_name) VALUES ('1292', 'MAD03-028', 'Pseudomonas aeruginosa', 'GEMARA') ON DUPLICATE KEY UPDATE isolate_name = 'MAD03-028', species = 'Pseudomonas aeruginosa', project_name = 'GEMARA'; 
INSERT INTO metadata_clinic(clinic_id, isolate_id, sample_type, collection_ward) VALUES ('1260', '1292', '1', 'Servicios médicos adultos') ON DUPLICATE KEY UPDATE sample_type = '1', collection_ward = 'Servicios médicos adultos'; 
INSERT INTO phenotypic_data(phenotypic_data_id, isolate_id, ecdc_resistance_profile, cloxa_test, mbl_test) VALUES ('1260', '1292', 'S', '-', '-') ON DUPLICATE KEY UPDATE ecdc_resistance_profile = 'S', cloxa_test = '-', mbl_test = '-'; 
INSERT INTO sequence_analysis(sequence_analysis_id, isolate_id, ame_loci, beta_lactamase_loci, carbapenemase_loci, other_acq_ab_loci) VALUES ('1292', '1292', '-', '-', '-', '-') ON DUPLICATE KEY UPDATE ame_loci = '-', beta_lactamase_loci = '-', carbapenemase_loci = '-', other_acq_ab_loci = '-'; 
INSERT INTO metadata_general(isolate_id, isolate_name, species, project_name) VALUES ('155', 'MAD03-001', 'Pseudomonas aeruginosa', 'GEMARA') ON DUPLICATE KEY UPDATE isolate_name = 'MAD03-001', species = 'Pseudomonas aeruginosa', project_name = 'GEMARA'; 
INSERT INTO metadata_clinic(clinic_id, isolate_id, sample_type, collection_ward) VALUES ('1261', '155', '1', 'UCI Adultos') ON DUPLICATE KEY UPDATE sample_type = '1', collection_ward = 'UCI Adultos'; 
INSERT INTO phenotypic_data(phenotypic_data_id, isolate_id, ecdc_resistance_profile, cloxa_test, mbl_test) VALUES ('1261', '155', 'XDR', '+/s', '-') ON DUPLICATE KEY UPDATE ecdc_resistance_profile = 'XDR', cloxa_test = '+/s', mbl_test = '-'; 
INSERT INTO sequence_analysis(sequence_analysis_id, isolate_id, ame_loci, beta_lactamase_loci, carbapenemase_loci, other_acq_ab_loci) VALUES ('155', '155', '-', '-', '-', '-') ON DUPLICATE KEY UPDATE ame_loci = '-', beta_lactamase_loci = '-', carbapenemase_loci = '-', other_acq_ab_loci = '-'; 
INSERT INTO metadata_general(isolate_id, isolate_name, species, project_name) VALUES ('158', 'MAD03-038', 'Pseudomonas aeruginosa', 'GEMARA') ON DUPLICATE KEY UPDATE isolate_name = 'MAD03-038', species = 'Pseudomonas aeruginosa', project_name = 'GEMARA'; 
INSERT INTO metadata_clinic(clinic_id, isolate_id, sample_type, collection_ward) VALUES ('1262', '158', '20', 'UCI pediatría') ON DUPLICATE KEY UPDATE sample_type = '20', collection_ward = 'UCI pediatría'; 
INSERT INTO phenotypic_data(phenotypic_data_id, isolate_id, ecdc_resistance_profile, cloxa_test, mbl_test) VALUES ('1262', '158', 'XDR', '+/s', '-') ON DUPLICATE KEY UPDATE ecdc_resistance_profile = 'XDR', cloxa_test = '+/s', mbl_test = '-'; 
INSERT INTO sequence_analysis(sequence_analysis_id, isolate_id, ame_loci, beta_lactamase_loci, carbapenemase_loci, other_acq_ab_loci) VALUES ('158', '158', '-', '-', '-', '-') ON DUPLICATE KEY UPDATE ame_loci = '-', beta_lactamase_loci = '-', carbapenemase_loci = '-', other_acq_ab_loci = '-'; 
INSERT INTO metadata_general(isolate_id, isolate_name, species, project_name) VALUES ('156', 'MAD03-010', 'Pseudomonas aeruginosa', 'GEMARA') ON DUPLICATE KEY UPDATE isolate_name = 'MAD03-010', species = 'Pseudomonas aeruginosa', project_name = 'GEMARA'; 
INSERT INTO metadata_clinic(clinic_id, isolate_id, sample_type, collection_ward) VALUES ('1263', '156', '5', 'UCI Adultos') ON DUPLICATE KEY UPDATE sample_type = '5', collection_ward = 'UCI Adultos'; 
INSERT INTO phenotypic_data(phenotypic_data_id, isolate_id, ecdc_resistance_profile, cloxa_test, mbl_test) VALUES ('1263', '156', 'XDR', '-/-', '+') ON DUPLICATE KEY UPDATE ecdc_resistance_profile = 'XDR', cloxa_test = '-/-', mbl_test = '+'; 
INSERT INTO sequence_analysis(sequence_analysis_id, isolate_id, ame_loci, beta_lactamase_loci, carbapenemase_loci, other_acq_ab_loci) VALUES ('156', '156', 'aadB', '-', 'blaVIM-2', '-') ON DUPLICATE KEY UPDATE ame_loci = 'aadB', beta_lactamase_loci = '-', carbapenemase_loci = 'blaVIM-2', other_acq_ab_loci = '-'; 
INSERT INTO metadata_general(isolate_id, isolate_name, species, project_name) VALUES ('157', 'MAD03-033', 'Pseudomonas aeruginosa', 'GEMARA') ON DUPLICATE KEY UPDATE isolate_name = 'MAD03-033', species = 'Pseudomonas aeruginosa', project_name = 'GEMARA'; 
INSERT INTO metadata_clinic(clinic_id, isolate_id, sample_type, collection_ward) VALUES ('1264', '157', '1', 'Servicios médicos adultos') ON DUPLICATE KEY UPDATE sample_type = '1', collection_ward = 'Servicios médicos adultos'; 
INSERT INTO phenotypic_data(phenotypic_data_id, isolate_id, ecdc_resistance_profile, cloxa_test, mbl_test) VALUES ('1264', '157', 'XDR', '+/+', '-') ON DUPLICATE KEY UPDATE ecdc_resistance_profile = 'XDR', cloxa_test = '+/+', mbl_test = '-'; 
INSERT INTO sequence_analysis(sequence_analysis_id, isolate_id, ame_loci, beta_lactamase_loci, carbapenemase_loci, other_acq_ab_loci) VALUES ('157', '157', 'aadB', '-', '-', '-') ON DUPLICATE KEY UPDATE ame_loci = 'aadB', beta_lactamase_loci = '-', carbapenemase_loci = '-', other_acq_ab_loci = '-'; 
INSERT INTO metadata_general(isolate_id, isolate_name, species, project_name) VALUES ('1293', 'MAD03-039', 'Pseudomonas aeruginosa', 'GEMARA') ON DUPLICATE KEY UPDATE isolate_name = 'MAD03-039', species = 'Pseudomonas aeruginosa', project_name = 'GEMARA'; 
INSERT INTO metadata_clinic(clinic_id, isolate_id, sample_type, collection_ward) VALUES ('1265', '1293', '5', 'Servicios quirúrgicos adultos') ON DUPLICATE KEY UPDATE sample_type = '5', collection_ward = 'Servicios quirúrgicos adultos'; 
INSERT INTO phenotypic_data(phenotypic_data_id, isolate_id, ecdc_resistance_profile, cloxa_test, mbl_test) VALUES ('1265', '1293', 'XDR', '-/+', '-') ON DUPLICATE KEY UPDATE ecdc_resistance_profile = 'XDR', cloxa_test = '-/+', mbl_test = '-'; 
INSERT INTO sequence_analysis(sequence_analysis_id, isolate_id, ame_loci, beta_lactamase_loci, carbapenemase_loci, other_acq_ab_loci) VALUES ('1293', '1293', '-', '-', '-', '-') ON DUPLICATE KEY UPDATE ame_loci = '-', beta_lactamase_loci = '-', carbapenemase_loci = '-', other_acq_ab_loci = '-'; 
INSERT INTO metadata_general(isolate_id, isolate_name, species, project_name) VALUES ('1294', 'MAD04-013', 'Pseudomonas aeruginosa', 'GEMARA') ON DUPLICATE KEY UPDATE isolate_name = 'MAD04-013', species = 'Pseudomonas aeruginosa', project_name = 'GEMARA'; 
INSERT INTO metadata_clinic(clinic_id, isolate_id, sample_type, collection_ward) VALUES ('1266', '1294', '8', 'Servicios quirúrgicos adultos') ON DUPLICATE KEY UPDATE sample_type = '8', collection_ward = 'Servicios quirúrgicos adultos'; 
INSERT INTO phenotypic_data(phenotypic_data_id, isolate_id, ecdc_resistance_profile, cloxa_test, mbl_test) VALUES ('1266', '1294', 'MDR', '-', '-') ON DUPLICATE KEY UPDATE ecdc_resistance_profile = 'MDR', cloxa_test = '-', mbl_test = '-'; 
INSERT INTO sequence_analysis(sequence_analysis_id, isolate_id, ame_loci, beta_lactamase_loci, carbapenemase_loci, other_acq_ab_loci) VALUES ('1294', '1294', '-', '-', '-', '-') ON DUPLICATE KEY UPDATE ame_loci = '-', beta_lactamase_loci = '-', carbapenemase_loci = '-', other_acq_ab_loci = '-'; 
INSERT INTO metadata_general(isolate_id, isolate_name, species, project_name) VALUES ('1295', 'MAD04-029', 'Pseudomonas aeruginosa', 'GEMARA') ON DUPLICATE KEY UPDATE isolate_name = 'MAD04-029', species = 'Pseudomonas aeruginosa', project_name = 'GEMARA'; 
INSERT INTO metadata_clinic(clinic_id, isolate_id, sample_type, collection_ward) VALUES ('1267', '1295', '1', 'Servicios médicos adultos') ON DUPLICATE KEY UPDATE sample_type = '1', collection_ward = 'Servicios médicos adultos'; 
INSERT INTO phenotypic_data(phenotypic_data_id, isolate_id, ecdc_resistance_profile, cloxa_test, mbl_test) VALUES ('1267', '1295', 'MDR', '-', '-') ON DUPLICATE KEY UPDATE ecdc_resistance_profile = 'MDR', cloxa_test = '-', mbl_test = '-'; 
INSERT INTO sequence_analysis(sequence_analysis_id, isolate_id, ame_loci, beta_lactamase_loci, carbapenemase_loci, other_acq_ab_loci) VALUES ('1295', '1295', '-', '-', '-', '-') ON DUPLICATE KEY UPDATE ame_loci = '-', beta_lactamase_loci = '-', carbapenemase_loci = '-', other_acq_ab_loci = '-'; 
INSERT INTO metadata_general(isolate_id, isolate_name, species, project_name) VALUES ('1296', 'MAD04-002', 'Pseudomonas aeruginosa', 'GEMARA') ON DUPLICATE KEY UPDATE isolate_name = 'MAD04-002', species = 'Pseudomonas aeruginosa', project_name = 'GEMARA'; 
INSERT INTO metadata_clinic(clinic_id, isolate_id, sample_type, collection_ward) VALUES ('1268', '1296', '1', 'Servicios médicos adultos') ON DUPLICATE KEY UPDATE sample_type = '1', collection_ward = 'Servicios médicos adultos'; 
INSERT INTO phenotypic_data(phenotypic_data_id, isolate_id, ecdc_resistance_profile, cloxa_test, mbl_test) VALUES ('1268', '1296', 'MDR', '-', '-') ON DUPLICATE KEY UPDATE ecdc_resistance_profile = 'MDR', cloxa_test = '-', mbl_test = '-'; 
INSERT INTO sequence_analysis(sequence_analysis_id, isolate_id, ame_loci, beta_lactamase_loci, carbapenemase_loci, other_acq_ab_loci) VALUES ('1296', '1296', '-', '-', '-', '-') ON DUPLICATE KEY UPDATE ame_loci = '-', beta_lactamase_loci = '-', carbapenemase_loci = '-', other_acq_ab_loci = '-'; 
INSERT INTO metadata_general(isolate_id, isolate_name, species, project_name) VALUES ('1297', 'MAD04-003', 'Pseudomonas aeruginosa', 'GEMARA') ON DUPLICATE KEY UPDATE isolate_name = 'MAD04-003', species = 'Pseudomonas aeruginosa', project_name = 'GEMARA'; 
INSERT INTO metadata_clinic(clinic_id, isolate_id, sample_type, collection_ward) VALUES ('1269', '1297', '12', 'Servicios quirúrgicos adultos') ON DUPLICATE KEY UPDATE sample_type = '12', collection_ward = 'Servicios quirúrgicos adultos'; 
INSERT INTO phenotypic_data(phenotypic_data_id, isolate_id, ecdc_resistance_profile, cloxa_test, mbl_test) VALUES ('1269', '1297', 'MDR', '-', '-') ON DUPLICATE KEY UPDATE ecdc_resistance_profile = 'MDR', cloxa_test = '-', mbl_test = '-'; 
INSERT INTO sequence_analysis(sequence_analysis_id, isolate_id, ame_loci, beta_lactamase_loci, carbapenemase_loci, other_acq_ab_loci) VALUES ('1297', '1297', '-', '-', '-', '-') ON DUPLICATE KEY UPDATE ame_loci = '-', beta_lactamase_loci = '-', carbapenemase_loci = '-', other_acq_ab_loci = '-'; 
INSERT INTO metadata_general(isolate_id, isolate_name, species, project_name) VALUES ('1298', 'MAD04-027', 'Pseudomonas aeruginosa', 'GEMARA') ON DUPLICATE KEY UPDATE isolate_name = 'MAD04-027', species = 'Pseudomonas aeruginosa', project_name = 'GEMARA'; 
INSERT INTO metadata_clinic(clinic_id, isolate_id, sample_type, collection_ward) VALUES ('1270', '1298', '1', 'Servicios médicos adultos') ON DUPLICATE KEY UPDATE sample_type = '1', collection_ward = 'Servicios médicos adultos'; 
INSERT INTO phenotypic_data(phenotypic_data_id, isolate_id, ecdc_resistance_profile, cloxa_test, mbl_test) VALUES ('1270', '1298', 'MDR', '-', '-') ON DUPLICATE KEY UPDATE ecdc_resistance_profile = 'MDR', cloxa_test = '-', mbl_test = '-'; 
INSERT INTO sequence_analysis(sequence_analysis_id, isolate_id, ame_loci, beta_lactamase_loci, carbapenemase_loci, other_acq_ab_loci) VALUES ('1298', '1298', '-', '-', '-', '-') ON DUPLICATE KEY UPDATE ame_loci = '-', beta_lactamase_loci = '-', carbapenemase_loci = '-', other_acq_ab_loci = '-'; 
INSERT INTO metadata_general(isolate_id, isolate_name, species, project_name) VALUES ('1299', 'MAD04-021', 'Pseudomonas aeruginosa', 'GEMARA') ON DUPLICATE KEY UPDATE isolate_name = 'MAD04-021', species = 'Pseudomonas aeruginosa', project_name = 'GEMARA'; 
INSERT INTO metadata_clinic(clinic_id, isolate_id, sample_type, collection_ward) VALUES ('1271', '1299', '1', 'Servicios médicos adultos') ON DUPLICATE KEY UPDATE sample_type = '1', collection_ward = 'Servicios médicos adultos'; 
INSERT INTO phenotypic_data(phenotypic_data_id, isolate_id, ecdc_resistance_profile, cloxa_test, mbl_test) VALUES ('1271', '1299', 'MDR', '-', '-') ON DUPLICATE KEY UPDATE ecdc_resistance_profile = 'MDR', cloxa_test = '-', mbl_test = '-'; 
INSERT INTO sequence_analysis(sequence_analysis_id, isolate_id, ame_loci, beta_lactamase_loci, carbapenemase_loci, other_acq_ab_loci) VALUES ('1299', '1299', '-', '-', '-', '-') ON DUPLICATE KEY UPDATE ame_loci = '-', beta_lactamase_loci = '-', carbapenemase_loci = '-', other_acq_ab_loci = '-'; 
INSERT INTO metadata_general(isolate_id, isolate_name, species, project_name) VALUES ('1300', 'MAD04-009', 'Pseudomonas aeruginosa', 'GEMARA') ON DUPLICATE KEY UPDATE isolate_name = 'MAD04-009', species = 'Pseudomonas aeruginosa', project_name = 'GEMARA'; 
INSERT INTO metadata_clinic(clinic_id, isolate_id, sample_type, collection_ward) VALUES ('1272', '1300', '5', 'Urgencias adultos') ON DUPLICATE KEY UPDATE sample_type = '5', collection_ward = 'Urgencias adultos'; 
INSERT INTO phenotypic_data(phenotypic_data_id, isolate_id, ecdc_resistance_profile, cloxa_test, mbl_test) VALUES ('1272', '1300', 'MDR', '-', '-') ON DUPLICATE KEY UPDATE ecdc_resistance_profile = 'MDR', cloxa_test = '-', mbl_test = '-'; 
INSERT INTO sequence_analysis(sequence_analysis_id, isolate_id, ame_loci, beta_lactamase_loci, carbapenemase_loci, other_acq_ab_loci) VALUES ('1300', '1300', '-', '-', '-', '-') ON DUPLICATE KEY UPDATE ame_loci = '-', beta_lactamase_loci = '-', carbapenemase_loci = '-', other_acq_ab_loci = '-'; 
INSERT INTO metadata_general(isolate_id, isolate_name, species, project_name) VALUES ('1301', 'MAD04-012', 'Pseudomonas aeruginosa', 'GEMARA') ON DUPLICATE KEY UPDATE isolate_name = 'MAD04-012', species = 'Pseudomonas aeruginosa', project_name = 'GEMARA'; 
INSERT INTO metadata_clinic(clinic_id, isolate_id, sample_type, collection_ward) VALUES ('1273', '1301', '12', 'Servicios quirúrgicos adultos') ON DUPLICATE KEY UPDATE sample_type = '12', collection_ward = 'Servicios quirúrgicos adultos'; 
INSERT INTO phenotypic_data(phenotypic_data_id, isolate_id, ecdc_resistance_profile, cloxa_test, mbl_test) VALUES ('1273', '1301', 'MDR', '-', '-') ON DUPLICATE KEY UPDATE ecdc_resistance_profile = 'MDR', cloxa_test = '-', mbl_test = '-'; 
INSERT INTO sequence_analysis(sequence_analysis_id, isolate_id, ame_loci, beta_lactamase_loci, carbapenemase_loci, other_acq_ab_loci) VALUES ('1301', '1301', '-', '-', '-', '-') ON DUPLICATE KEY UPDATE ame_loci = '-', beta_lactamase_loci = '-', carbapenemase_loci = '-', other_acq_ab_loci = '-'; 
INSERT INTO metadata_general(isolate_id, isolate_name, species, project_name) VALUES ('1302', 'MAD04-018', 'Pseudomonas aeruginosa', 'GEMARA') ON DUPLICATE KEY UPDATE isolate_name = 'MAD04-018', species = 'Pseudomonas aeruginosa', project_name = 'GEMARA'; 
INSERT INTO metadata_clinic(clinic_id, isolate_id, sample_type, collection_ward) VALUES ('1274', '1302', '16', 'Servicios médicos adultos') ON DUPLICATE KEY UPDATE sample_type = '16', collection_ward = 'Servicios médicos adultos'; 
INSERT INTO phenotypic_data(phenotypic_data_id, isolate_id, ecdc_resistance_profile, cloxa_test, mbl_test) VALUES ('1274', '1302', 'S', '-', '-') ON DUPLICATE KEY UPDATE ecdc_resistance_profile = 'S', cloxa_test = '-', mbl_test = '-'; 
INSERT INTO sequence_analysis(sequence_analysis_id, isolate_id, ame_loci, beta_lactamase_loci, carbapenemase_loci, other_acq_ab_loci) VALUES ('1302', '1302', '-', '-', '-', '-') ON DUPLICATE KEY UPDATE ame_loci = '-', beta_lactamase_loci = '-', carbapenemase_loci = '-', other_acq_ab_loci = '-'; 
INSERT INTO metadata_general(isolate_id, isolate_name, species, project_name) VALUES ('1303', 'MAD04-034', 'Pseudomonas aeruginosa', 'GEMARA') ON DUPLICATE KEY UPDATE isolate_name = 'MAD04-034', species = 'Pseudomonas aeruginosa', project_name = 'GEMARA'; 
INSERT INTO metadata_clinic(clinic_id, isolate_id, sample_type, collection_ward) VALUES ('1275', '1303', '5', 'Urgencias adultos') ON DUPLICATE KEY UPDATE sample_type = '5', collection_ward = 'Urgencias adultos'; 
INSERT INTO phenotypic_data(phenotypic_data_id, isolate_id, ecdc_resistance_profile, cloxa_test, mbl_test) VALUES ('1275', '1303', 'S', '-', '-') ON DUPLICATE KEY UPDATE ecdc_resistance_profile = 'S', cloxa_test = '-', mbl_test = '-'; 
INSERT INTO sequence_analysis(sequence_analysis_id, isolate_id, ame_loci, beta_lactamase_loci, carbapenemase_loci, other_acq_ab_loci) VALUES ('1303', '1303', '-', '-', '-', '-') ON DUPLICATE KEY UPDATE ame_loci = '-', beta_lactamase_loci = '-', carbapenemase_loci = '-', other_acq_ab_loci = '-'; 
INSERT INTO metadata_general(isolate_id, isolate_name, species, project_name) VALUES ('1304', 'MAD04-037', 'Pseudomonas aeruginosa', 'GEMARA') ON DUPLICATE KEY UPDATE isolate_name = 'MAD04-037', species = 'Pseudomonas aeruginosa', project_name = 'GEMARA'; 
INSERT INTO metadata_clinic(clinic_id, isolate_id, sample_type, collection_ward) VALUES ('1276', '1304', '1', 'Servicios médicos adultos') ON DUPLICATE KEY UPDATE sample_type = '1', collection_ward = 'Servicios médicos adultos'; 
INSERT INTO phenotypic_data(phenotypic_data_id, isolate_id, ecdc_resistance_profile, cloxa_test, mbl_test) VALUES ('1276', '1304', 'S', '-', '-') ON DUPLICATE KEY UPDATE ecdc_resistance_profile = 'S', cloxa_test = '-', mbl_test = '-'; 
INSERT INTO sequence_analysis(sequence_analysis_id, isolate_id, ame_loci, beta_lactamase_loci, carbapenemase_loci, other_acq_ab_loci) VALUES ('1304', '1304', '-', '-', '-', '-') ON DUPLICATE KEY UPDATE ame_loci = '-', beta_lactamase_loci = '-', carbapenemase_loci = '-', other_acq_ab_loci = '-'; 
INSERT INTO metadata_general(isolate_id, isolate_name, species, project_name) VALUES ('1305', 'MAD04-001', 'Pseudomonas aeruginosa', 'GEMARA') ON DUPLICATE KEY UPDATE isolate_name = 'MAD04-001', species = 'Pseudomonas aeruginosa', project_name = 'GEMARA'; 
INSERT INTO metadata_clinic(clinic_id, isolate_id, sample_type, collection_ward) VALUES ('1277', '1305', '1', 'Servicios médicos adultos') ON DUPLICATE KEY UPDATE sample_type = '1', collection_ward = 'Servicios médicos adultos'; 
INSERT INTO phenotypic_data(phenotypic_data_id, isolate_id, ecdc_resistance_profile, cloxa_test, mbl_test) VALUES ('1277', '1305', 'S', '-', '-') ON DUPLICATE KEY UPDATE ecdc_resistance_profile = 'S', cloxa_test = '-', mbl_test = '-'; 
INSERT INTO sequence_analysis(sequence_analysis_id, isolate_id, ame_loci, beta_lactamase_loci, carbapenemase_loci, other_acq_ab_loci) VALUES ('1305', '1305', '-', '-', '-', '-') ON DUPLICATE KEY UPDATE ame_loci = '-', beta_lactamase_loci = '-', carbapenemase_loci = '-', other_acq_ab_loci = '-'; 
INSERT INTO metadata_general(isolate_id, isolate_name, species, project_name) VALUES ('1306', 'MAD04-017', 'Pseudomonas aeruginosa', 'GEMARA') ON DUPLICATE KEY UPDATE isolate_name = 'MAD04-017', species = 'Pseudomonas aeruginosa', project_name = 'GEMARA'; 
INSERT INTO metadata_clinic(clinic_id, isolate_id, sample_type, collection_ward) VALUES ('1278', '1306', '1', 'Servicios médicos adultos') ON DUPLICATE KEY UPDATE sample_type = '1', collection_ward = 'Servicios médicos adultos'; 
INSERT INTO phenotypic_data(phenotypic_data_id, isolate_id, ecdc_resistance_profile, cloxa_test, mbl_test) VALUES ('1278', '1306', 'S', '-', '-') ON DUPLICATE KEY UPDATE ecdc_resistance_profile = 'S', cloxa_test = '-', mbl_test = '-'; 
INSERT INTO sequence_analysis(sequence_analysis_id, isolate_id, ame_loci, beta_lactamase_loci, carbapenemase_loci, other_acq_ab_loci) VALUES ('1306', '1306', '-', '-', '-', '-') ON DUPLICATE KEY UPDATE ame_loci = '-', beta_lactamase_loci = '-', carbapenemase_loci = '-', other_acq_ab_loci = '-'; 
INSERT INTO metadata_general(isolate_id, isolate_name, species, project_name) VALUES ('1307', 'MAD04-038', 'Pseudomonas aeruginosa', 'GEMARA') ON DUPLICATE KEY UPDATE isolate_name = 'MAD04-038', species = 'Pseudomonas aeruginosa', project_name = 'GEMARA'; 
INSERT INTO metadata_clinic(clinic_id, isolate_id, sample_type, collection_ward) VALUES ('1279', '1307', '12', 'Servicios quirúrgicos adultos') ON DUPLICATE KEY UPDATE sample_type = '12', collection_ward = 'Servicios quirúrgicos adultos'; 
INSERT INTO phenotypic_data(phenotypic_data_id, isolate_id, ecdc_resistance_profile, cloxa_test, mbl_test) VALUES ('1279', '1307', 'S', '-', '-') ON DUPLICATE KEY UPDATE ecdc_resistance_profile = 'S', cloxa_test = '-', mbl_test = '-'; 
INSERT INTO sequence_analysis(sequence_analysis_id, isolate_id, ame_loci, beta_lactamase_loci, carbapenemase_loci, other_acq_ab_loci) VALUES ('1307', '1307', '-', '-', '-', '-') ON DUPLICATE KEY UPDATE ame_loci = '-', beta_lactamase_loci = '-', carbapenemase_loci = '-', other_acq_ab_loci = '-'; 
INSERT INTO metadata_general(isolate_id, isolate_name, species, project_name) VALUES ('1308', 'MAD04-020', 'Pseudomonas aeruginosa', 'GEMARA') ON DUPLICATE KEY UPDATE isolate_name = 'MAD04-020', species = 'Pseudomonas aeruginosa', project_name = 'GEMARA'; 
INSERT INTO metadata_clinic(clinic_id, isolate_id, sample_type, collection_ward) VALUES ('1280', '1308', '5', 'Servicios quirúrgicos adultos') ON DUPLICATE KEY UPDATE sample_type = '5', collection_ward = 'Servicios quirúrgicos adultos'; 
INSERT INTO phenotypic_data(phenotypic_data_id, isolate_id, ecdc_resistance_profile, cloxa_test, mbl_test) VALUES ('1280', '1308', 'S', '-', '-') ON DUPLICATE KEY UPDATE ecdc_resistance_profile = 'S', cloxa_test = '-', mbl_test = '-'; 
INSERT INTO sequence_analysis(sequence_analysis_id, isolate_id, ame_loci, beta_lactamase_loci, carbapenemase_loci, other_acq_ab_loci) VALUES ('1308', '1308', '-', '-', '-', '-') ON DUPLICATE KEY UPDATE ame_loci = '-', beta_lactamase_loci = '-', carbapenemase_loci = '-', other_acq_ab_loci = '-'; 
INSERT INTO metadata_general(isolate_id, isolate_name, species, project_name) VALUES ('1309', 'MAD04-031', 'Pseudomonas aeruginosa', 'GEMARA') ON DUPLICATE KEY UPDATE isolate_name = 'MAD04-031', species = 'Pseudomonas aeruginosa', project_name = 'GEMARA'; 
INSERT INTO metadata_clinic(clinic_id, isolate_id, sample_type, collection_ward) VALUES ('1281', '1309', '29', 'UCI Adultos') ON DUPLICATE KEY UPDATE sample_type = '29', collection_ward = 'UCI Adultos'; 
INSERT INTO phenotypic_data(phenotypic_data_id, isolate_id, ecdc_resistance_profile, cloxa_test, mbl_test) VALUES ('1281', '1309', 'S', '-', '-') ON DUPLICATE KEY UPDATE ecdc_resistance_profile = 'S', cloxa_test = '-', mbl_test = '-'; 
INSERT INTO sequence_analysis(sequence_analysis_id, isolate_id, ame_loci, beta_lactamase_loci, carbapenemase_loci, other_acq_ab_loci) VALUES ('1309', '1309', '-', '-', '-', '-') ON DUPLICATE KEY UPDATE ame_loci = '-', beta_lactamase_loci = '-', carbapenemase_loci = '-', other_acq_ab_loci = '-'; 
INSERT INTO metadata_general(isolate_id, isolate_name, species, project_name) VALUES ('1310', 'MAD04-004', 'Pseudomonas aeruginosa', 'GEMARA') ON DUPLICATE KEY UPDATE isolate_name = 'MAD04-004', species = 'Pseudomonas aeruginosa', project_name = 'GEMARA'; 
INSERT INTO metadata_clinic(clinic_id, isolate_id, sample_type, collection_ward) VALUES ('1282', '1310', '12', 'Servicios quirúrgicos adultos') ON DUPLICATE KEY UPDATE sample_type = '12', collection_ward = 'Servicios quirúrgicos adultos'; 
INSERT INTO phenotypic_data(phenotypic_data_id, isolate_id, ecdc_resistance_profile, cloxa_test, mbl_test) VALUES ('1282', '1310', 'S', '-', '-') ON DUPLICATE KEY UPDATE ecdc_resistance_profile = 'S', cloxa_test = '-', mbl_test = '-'; 
INSERT INTO sequence_analysis(sequence_analysis_id, isolate_id, ame_loci, beta_lactamase_loci, carbapenemase_loci, other_acq_ab_loci) VALUES ('1310', '1310', '-', '-', '-', '-') ON DUPLICATE KEY UPDATE ame_loci = '-', beta_lactamase_loci = '-', carbapenemase_loci = '-', other_acq_ab_loci = '-'; 
INSERT INTO metadata_general(isolate_id, isolate_name, species, project_name) VALUES ('1311', 'MAD04-026', 'Pseudomonas aeruginosa', 'GEMARA') ON DUPLICATE KEY UPDATE isolate_name = 'MAD04-026', species = 'Pseudomonas aeruginosa', project_name = 'GEMARA'; 
INSERT INTO metadata_clinic(clinic_id, isolate_id, sample_type, collection_ward) VALUES ('1283', '1311', '7', 'UCI Adultos') ON DUPLICATE KEY UPDATE sample_type = '7', collection_ward = 'UCI Adultos'; 
INSERT INTO phenotypic_data(phenotypic_data_id, isolate_id, ecdc_resistance_profile, cloxa_test, mbl_test) VALUES ('1283', '1311', 'S', '-', '-') ON DUPLICATE KEY UPDATE ecdc_resistance_profile = 'S', cloxa_test = '-', mbl_test = '-'; 
INSERT INTO sequence_analysis(sequence_analysis_id, isolate_id, ame_loci, beta_lactamase_loci, carbapenemase_loci, other_acq_ab_loci) VALUES ('1311', '1311', '-', '-', '-', '-') ON DUPLICATE KEY UPDATE ame_loci = '-', beta_lactamase_loci = '-', carbapenemase_loci = '-', other_acq_ab_loci = '-'; 
INSERT INTO metadata_general(isolate_id, isolate_name, species, project_name) VALUES ('1312', 'MAD04-030', 'Pseudomonas aeruginosa', 'GEMARA') ON DUPLICATE KEY UPDATE isolate_name = 'MAD04-030', species = 'Pseudomonas aeruginosa', project_name = 'GEMARA'; 
INSERT INTO metadata_clinic(clinic_id, isolate_id, sample_type, collection_ward) VALUES ('1284', '1312', '1', 'Servicios médicos adultos') ON DUPLICATE KEY UPDATE sample_type = '1', collection_ward = 'Servicios médicos adultos'; 
INSERT INTO phenotypic_data(phenotypic_data_id, isolate_id, ecdc_resistance_profile, cloxa_test, mbl_test) VALUES ('1284', '1312', 'S', '-', '-') ON DUPLICATE KEY UPDATE ecdc_resistance_profile = 'S', cloxa_test = '-', mbl_test = '-'; 
INSERT INTO sequence_analysis(sequence_analysis_id, isolate_id, ame_loci, beta_lactamase_loci, carbapenemase_loci, other_acq_ab_loci) VALUES ('1312', '1312', '-', '-', '-', '-') ON DUPLICATE KEY UPDATE ame_loci = '-', beta_lactamase_loci = '-', carbapenemase_loci = '-', other_acq_ab_loci = '-'; 
INSERT INTO metadata_general(isolate_id, isolate_name, species, project_name) VALUES ('1313', 'MAD04-035', 'Pseudomonas aeruginosa', 'GEMARA') ON DUPLICATE KEY UPDATE isolate_name = 'MAD04-035', species = 'Pseudomonas aeruginosa', project_name = 'GEMARA'; 
INSERT INTO metadata_clinic(clinic_id, isolate_id, sample_type, collection_ward) VALUES ('1285', '1313', '5', 'Servicios quirúrgicos adultos') ON DUPLICATE KEY UPDATE sample_type = '5', collection_ward = 'Servicios quirúrgicos adultos'; 
INSERT INTO phenotypic_data(phenotypic_data_id, isolate_id, ecdc_resistance_profile, cloxa_test, mbl_test) VALUES ('1285', '1313', 'S', '-', '-') ON DUPLICATE KEY UPDATE ecdc_resistance_profile = 'S', cloxa_test = '-', mbl_test = '-'; 
INSERT INTO sequence_analysis(sequence_analysis_id, isolate_id, ame_loci, beta_lactamase_loci, carbapenemase_loci, other_acq_ab_loci) VALUES ('1313', '1313', '-', '-', '-', '-') ON DUPLICATE KEY UPDATE ame_loci = '-', beta_lactamase_loci = '-', carbapenemase_loci = '-', other_acq_ab_loci = '-'; 
INSERT INTO metadata_general(isolate_id, isolate_name, species, project_name) VALUES ('1314', 'MAD04-025', 'Pseudomonas aeruginosa', 'GEMARA') ON DUPLICATE KEY UPDATE isolate_name = 'MAD04-025', species = 'Pseudomonas aeruginosa', project_name = 'GEMARA'; 
INSERT INTO metadata_clinic(clinic_id, isolate_id, sample_type, collection_ward) VALUES ('1286', '1314', '5', 'Servicios quirúrgicos adultos') ON DUPLICATE KEY UPDATE sample_type = '5', collection_ward = 'Servicios quirúrgicos adultos'; 
INSERT INTO phenotypic_data(phenotypic_data_id, isolate_id, ecdc_resistance_profile, cloxa_test, mbl_test) VALUES ('1286', '1314', 'S', '-', '-') ON DUPLICATE KEY UPDATE ecdc_resistance_profile = 'S', cloxa_test = '-', mbl_test = '-'; 
INSERT INTO sequence_analysis(sequence_analysis_id, isolate_id, ame_loci, beta_lactamase_loci, carbapenemase_loci, other_acq_ab_loci) VALUES ('1314', '1314', '-', '-', '-', '-') ON DUPLICATE KEY UPDATE ame_loci = '-', beta_lactamase_loci = '-', carbapenemase_loci = '-', other_acq_ab_loci = '-'; 
INSERT INTO metadata_general(isolate_id, isolate_name, species, project_name) VALUES ('1315', 'MAD04-036', 'Pseudomonas aeruginosa', 'GEMARA') ON DUPLICATE KEY UPDATE isolate_name = 'MAD04-036', species = 'Pseudomonas aeruginosa', project_name = 'GEMARA'; 
INSERT INTO metadata_clinic(clinic_id, isolate_id, sample_type, collection_ward) VALUES ('1287', '1315', '5', 'Urgencias adultos') ON DUPLICATE KEY UPDATE sample_type = '5', collection_ward = 'Urgencias adultos'; 
INSERT INTO phenotypic_data(phenotypic_data_id, isolate_id, ecdc_resistance_profile, cloxa_test, mbl_test) VALUES ('1287', '1315', 'S', '-', '-') ON DUPLICATE KEY UPDATE ecdc_resistance_profile = 'S', cloxa_test = '-', mbl_test = '-'; 
INSERT INTO sequence_analysis(sequence_analysis_id, isolate_id, ame_loci, beta_lactamase_loci, carbapenemase_loci, other_acq_ab_loci) VALUES ('1315', '1315', '-', '-', '-', '-') ON DUPLICATE KEY UPDATE ame_loci = '-', beta_lactamase_loci = '-', carbapenemase_loci = '-', other_acq_ab_loci = '-'; 
INSERT INTO metadata_general(isolate_id, isolate_name, species, project_name) VALUES ('159', 'MAD04-005', 'Pseudomonas aeruginosa', 'GEMARA') ON DUPLICATE KEY UPDATE isolate_name = 'MAD04-005', species = 'Pseudomonas aeruginosa', project_name = 'GEMARA'; 
INSERT INTO metadata_clinic(clinic_id, isolate_id, sample_type, collection_ward) VALUES ('1288', '159', '1', 'Servicios médicos adultos') ON DUPLICATE KEY UPDATE sample_type = '1', collection_ward = 'Servicios médicos adultos'; 
INSERT INTO phenotypic_data(phenotypic_data_id, isolate_id, ecdc_resistance_profile, cloxa_test, mbl_test) VALUES ('1288', '159', 'XDR', 's/+', '-') ON DUPLICATE KEY UPDATE ecdc_resistance_profile = 'XDR', cloxa_test = 's/+', mbl_test = '-'; 
INSERT INTO sequence_analysis(sequence_analysis_id, isolate_id, ame_loci, beta_lactamase_loci, carbapenemase_loci, other_acq_ab_loci) VALUES ('159', '159', '-', '-', '-', '-') ON DUPLICATE KEY UPDATE ame_loci = '-', beta_lactamase_loci = '-', carbapenemase_loci = '-', other_acq_ab_loci = '-'; 
INSERT INTO metadata_general(isolate_id, isolate_name, species, project_name) VALUES ('160', 'MAD04-008', 'Pseudomonas aeruginosa', 'GEMARA') ON DUPLICATE KEY UPDATE isolate_name = 'MAD04-008', species = 'Pseudomonas aeruginosa', project_name = 'GEMARA'; 
INSERT INTO metadata_clinic(clinic_id, isolate_id, sample_type, collection_ward) VALUES ('1289', '160', '16', 'Servicios quirúrgicos adultos') ON DUPLICATE KEY UPDATE sample_type = '16', collection_ward = 'Servicios quirúrgicos adultos'; 
INSERT INTO phenotypic_data(phenotypic_data_id, isolate_id, ecdc_resistance_profile, cloxa_test, mbl_test) VALUES ('1289', '160', 'XDR', 's/s', '-') ON DUPLICATE KEY UPDATE ecdc_resistance_profile = 'XDR', cloxa_test = 's/s', mbl_test = '-'; 
INSERT INTO sequence_analysis(sequence_analysis_id, isolate_id, ame_loci, beta_lactamase_loci, carbapenemase_loci, other_acq_ab_loci) VALUES ('160', '160', '-', '-', '-', '-') ON DUPLICATE KEY UPDATE ame_loci = '-', beta_lactamase_loci = '-', carbapenemase_loci = '-', other_acq_ab_loci = '-'; 
INSERT INTO metadata_general(isolate_id, isolate_name, species, project_name) VALUES ('161', 'MAD04-010', 'Pseudomonas aeruginosa', 'GEMARA') ON DUPLICATE KEY UPDATE isolate_name = 'MAD04-010', species = 'Pseudomonas aeruginosa', project_name = 'GEMARA'; 
INSERT INTO metadata_clinic(clinic_id, isolate_id, sample_type, collection_ward) VALUES ('1290', '161', '5', 'Urgencias adultos') ON DUPLICATE KEY UPDATE sample_type = '5', collection_ward = 'Urgencias adultos'; 
INSERT INTO phenotypic_data(phenotypic_data_id, isolate_id, ecdc_resistance_profile, cloxa_test, mbl_test) VALUES ('1290', '161', 'XDR', 's/+', '-') ON DUPLICATE KEY UPDATE ecdc_resistance_profile = 'XDR', cloxa_test = 's/+', mbl_test = '-'; 
INSERT INTO sequence_analysis(sequence_analysis_id, isolate_id, ame_loci, beta_lactamase_loci, carbapenemase_loci, other_acq_ab_loci) VALUES ('161', '161', '-', '-', '-', '-') ON DUPLICATE KEY UPDATE ame_loci = '-', beta_lactamase_loci = '-', carbapenemase_loci = '-', other_acq_ab_loci = '-'; 
INSERT INTO metadata_general(isolate_id, isolate_name, species, project_name) VALUES ('162', 'MAD04-011', 'Pseudomonas aeruginosa', 'GEMARA') ON DUPLICATE KEY UPDATE isolate_name = 'MAD04-011', species = 'Pseudomonas aeruginosa', project_name = 'GEMARA'; 
INSERT INTO metadata_clinic(clinic_id, isolate_id, sample_type, collection_ward) VALUES ('1291', '162', '12', 'Servicios médicos adultos') ON DUPLICATE KEY UPDATE sample_type = '12', collection_ward = 'Servicios médicos adultos'; 
INSERT INTO phenotypic_data(phenotypic_data_id, isolate_id, ecdc_resistance_profile, cloxa_test, mbl_test) VALUES ('1291', '162', 'XDR', '+/+', '-') ON DUPLICATE KEY UPDATE ecdc_resistance_profile = 'XDR', cloxa_test = '+/+', mbl_test = '-'; 
INSERT INTO sequence_analysis(sequence_analysis_id, isolate_id, ame_loci, beta_lactamase_loci, carbapenemase_loci, other_acq_ab_loci) VALUES ('162', '162', 'aadA6, aacA4, aac(6´)-Ib-cr', '-', '-', '-') ON DUPLICATE KEY UPDATE ame_loci = 'aadA6, aacA4, aac(6´)-Ib-cr', beta_lactamase_loci = '-', carbapenemase_loci = '-', other_acq_ab_loci = '-'; 
INSERT INTO metadata_general(isolate_id, isolate_name, species, project_name) VALUES ('164', 'MAD04-016', 'Pseudomonas aeruginosa', 'GEMARA') ON DUPLICATE KEY UPDATE isolate_name = 'MAD04-016', species = 'Pseudomonas aeruginosa', project_name = 'GEMARA'; 
INSERT INTO metadata_clinic(clinic_id, isolate_id, sample_type, collection_ward) VALUES ('1292', '164', '1', 'Servicios médicos adultos') ON DUPLICATE KEY UPDATE sample_type = '1', collection_ward = 'Servicios médicos adultos'; 
INSERT INTO phenotypic_data(phenotypic_data_id, isolate_id, ecdc_resistance_profile, cloxa_test, mbl_test) VALUES ('1292', '164', 'XDR', '+/+', '-') ON DUPLICATE KEY UPDATE ecdc_resistance_profile = 'XDR', cloxa_test = '+/+', mbl_test = '-'; 
INSERT INTO sequence_analysis(sequence_analysis_id, isolate_id, ame_loci, beta_lactamase_loci, carbapenemase_loci, other_acq_ab_loci) VALUES ('164', '164', '-', '-', '-', '-') ON DUPLICATE KEY UPDATE ame_loci = '-', beta_lactamase_loci = '-', carbapenemase_loci = '-', other_acq_ab_loci = '-'; 
INSERT INTO metadata_general(isolate_id, isolate_name, species, project_name) VALUES ('163', 'MAD04-014', 'Pseudomonas aeruginosa', 'GEMARA') ON DUPLICATE KEY UPDATE isolate_name = 'MAD04-014', species = 'Pseudomonas aeruginosa', project_name = 'GEMARA'; 
INSERT INTO metadata_clinic(clinic_id, isolate_id, sample_type, collection_ward) VALUES ('1293', '163', '1', 'Servicios médicos adultos') ON DUPLICATE KEY UPDATE sample_type = '1', collection_ward = 'Servicios médicos adultos'; 
INSERT INTO phenotypic_data(phenotypic_data_id, isolate_id, ecdc_resistance_profile, cloxa_test, mbl_test) VALUES ('1293', '163', 'XDR', 's/s', '-') ON DUPLICATE KEY UPDATE ecdc_resistance_profile = 'XDR', cloxa_test = 's/s', mbl_test = '-'; 
INSERT INTO sequence_analysis(sequence_analysis_id, isolate_id, ame_loci, beta_lactamase_loci, carbapenemase_loci, other_acq_ab_loci) VALUES ('163', '163', '-', '-', '-', '-') ON DUPLICATE KEY UPDATE ame_loci = '-', beta_lactamase_loci = '-', carbapenemase_loci = '-', other_acq_ab_loci = '-'; 
INSERT INTO metadata_general(isolate_id, isolate_name, species, project_name) VALUES ('165', 'MAD04-028', 'Pseudomonas aeruginosa', 'GEMARA') ON DUPLICATE KEY UPDATE isolate_name = 'MAD04-028', species = 'Pseudomonas aeruginosa', project_name = 'GEMARA'; 
INSERT INTO metadata_clinic(clinic_id, isolate_id, sample_type, collection_ward) VALUES ('1294', '165', '1', 'Servicios médicos adultos') ON DUPLICATE KEY UPDATE sample_type = '1', collection_ward = 'Servicios médicos adultos'; 
INSERT INTO phenotypic_data(phenotypic_data_id, isolate_id, ecdc_resistance_profile, cloxa_test, mbl_test) VALUES ('1294', '165', 'XDR', '+/+', '-') ON DUPLICATE KEY UPDATE ecdc_resistance_profile = 'XDR', cloxa_test = '+/+', mbl_test = '-'; 
INSERT INTO sequence_analysis(sequence_analysis_id, isolate_id, ame_loci, beta_lactamase_loci, carbapenemase_loci, other_acq_ab_loci) VALUES ('165', '165', '-', '-', '-', '-') ON DUPLICATE KEY UPDATE ame_loci = '-', beta_lactamase_loci = '-', carbapenemase_loci = '-', other_acq_ab_loci = '-'; 
INSERT INTO metadata_general(isolate_id, isolate_name, species, project_name) VALUES ('166', 'MAD04-041', 'Pseudomonas aeruginosa', 'GEMARA') ON DUPLICATE KEY UPDATE isolate_name = 'MAD04-041', species = 'Pseudomonas aeruginosa', project_name = 'GEMARA'; 
INSERT INTO metadata_clinic(clinic_id, isolate_id, sample_type, collection_ward) VALUES ('1295', '166', '6', 'Servicios médicos adultos') ON DUPLICATE KEY UPDATE sample_type = '6', collection_ward = 'Servicios médicos adultos'; 
INSERT INTO phenotypic_data(phenotypic_data_id, isolate_id, ecdc_resistance_profile, cloxa_test, mbl_test) VALUES ('1295', '166', 'XDR', '-/-', '+') ON DUPLICATE KEY UPDATE ecdc_resistance_profile = 'XDR', cloxa_test = '-/-', mbl_test = '+'; 
INSERT INTO sequence_analysis(sequence_analysis_id, isolate_id, ame_loci, beta_lactamase_loci, carbapenemase_loci, other_acq_ab_loci) VALUES ('166', '166', '-', '-', 'blaIMP-8', '-') ON DUPLICATE KEY UPDATE ame_loci = '-', beta_lactamase_loci = '-', carbapenemase_loci = 'blaIMP-8', other_acq_ab_loci = '-'; 
INSERT INTO metadata_general(isolate_id, isolate_name, species, project_name) VALUES ('1316', 'MAD05-009', 'Pseudomonas aeruginosa', 'GEMARA') ON DUPLICATE KEY UPDATE isolate_name = 'MAD05-009', species = 'Pseudomonas aeruginosa', project_name = 'GEMARA'; 
INSERT INTO metadata_clinic(clinic_id, isolate_id, sample_type, collection_ward) VALUES ('1296', '1316', '2', 'Consultas externas') ON DUPLICATE KEY UPDATE sample_type = '2', collection_ward = 'Consultas externas'; 
INSERT INTO phenotypic_data(phenotypic_data_id, isolate_id, ecdc_resistance_profile, cloxa_test, mbl_test) VALUES ('1296', '1316', 'MDR', '-', '-') ON DUPLICATE KEY UPDATE ecdc_resistance_profile = 'MDR', cloxa_test = '-', mbl_test = '-'; 
INSERT INTO sequence_analysis(sequence_analysis_id, isolate_id, ame_loci, beta_lactamase_loci, carbapenemase_loci, other_acq_ab_loci) VALUES ('1316', '1316', '-', '-', '-', '-') ON DUPLICATE KEY UPDATE ame_loci = '-', beta_lactamase_loci = '-', carbapenemase_loci = '-', other_acq_ab_loci = '-'; 
INSERT INTO metadata_general(isolate_id, isolate_name, species, project_name) VALUES ('1317', 'MAD05-032', 'Pseudomonas aeruginosa', 'GEMARA') ON DUPLICATE KEY UPDATE isolate_name = 'MAD05-032', species = 'Pseudomonas aeruginosa', project_name = 'GEMARA'; 
INSERT INTO metadata_clinic(clinic_id, isolate_id, sample_type, collection_ward) VALUES ('1297', '1317', '7', 'Consultas externas') ON DUPLICATE KEY UPDATE sample_type = '7', collection_ward = 'Consultas externas'; 
INSERT INTO phenotypic_data(phenotypic_data_id, isolate_id, ecdc_resistance_profile, cloxa_test, mbl_test) VALUES ('1297', '1317', 'MDR', '-', '-') ON DUPLICATE KEY UPDATE ecdc_resistance_profile = 'MDR', cloxa_test = '-', mbl_test = '-'; 
INSERT INTO sequence_analysis(sequence_analysis_id, isolate_id, ame_loci, beta_lactamase_loci, carbapenemase_loci, other_acq_ab_loci) VALUES ('1317', '1317', '-', '-', '-', '-') ON DUPLICATE KEY UPDATE ame_loci = '-', beta_lactamase_loci = '-', carbapenemase_loci = '-', other_acq_ab_loci = '-'; 
INSERT INTO metadata_general(isolate_id, isolate_name, species, project_name) VALUES ('1318', 'MAD05-018', 'Pseudomonas aeruginosa', 'GEMARA') ON DUPLICATE KEY UPDATE isolate_name = 'MAD05-018', species = 'Pseudomonas aeruginosa', project_name = 'GEMARA'; 
INSERT INTO metadata_clinic(clinic_id, isolate_id, sample_type, collection_ward) VALUES ('1298', '1318', '5', 'Servicios médicos adultos') ON DUPLICATE KEY UPDATE sample_type = '5', collection_ward = 'Servicios médicos adultos'; 
INSERT INTO phenotypic_data(phenotypic_data_id, isolate_id, ecdc_resistance_profile, cloxa_test, mbl_test) VALUES ('1298', '1318', 'S', '-', '-') ON DUPLICATE KEY UPDATE ecdc_resistance_profile = 'S', cloxa_test = '-', mbl_test = '-'; 
INSERT INTO sequence_analysis(sequence_analysis_id, isolate_id, ame_loci, beta_lactamase_loci, carbapenemase_loci, other_acq_ab_loci) VALUES ('1318', '1318', '-', '-', '-', '-') ON DUPLICATE KEY UPDATE ame_loci = '-', beta_lactamase_loci = '-', carbapenemase_loci = '-', other_acq_ab_loci = '-'; 
INSERT INTO metadata_general(isolate_id, isolate_name, species, project_name) VALUES ('1319', 'MAD05-043', 'Pseudomonas aeruginosa', 'GEMARA') ON DUPLICATE KEY UPDATE isolate_name = 'MAD05-043', species = 'Pseudomonas aeruginosa', project_name = 'GEMARA'; 
INSERT INTO metadata_clinic(clinic_id, isolate_id, sample_type, collection_ward) VALUES ('1299', '1319', '5', 'Servicios médicos adultos') ON DUPLICATE KEY UPDATE sample_type = '5', collection_ward = 'Servicios médicos adultos'; 
INSERT INTO phenotypic_data(phenotypic_data_id, isolate_id, ecdc_resistance_profile, cloxa_test, mbl_test) VALUES ('1299', '1319', 'S', '-', '-') ON DUPLICATE KEY UPDATE ecdc_resistance_profile = 'S', cloxa_test = '-', mbl_test = '-'; 
INSERT INTO sequence_analysis(sequence_analysis_id, isolate_id, ame_loci, beta_lactamase_loci, carbapenemase_loci, other_acq_ab_loci) VALUES ('1319', '1319', '-', '-', '-', '-') ON DUPLICATE KEY UPDATE ame_loci = '-', beta_lactamase_loci = '-', carbapenemase_loci = '-', other_acq_ab_loci = '-'; 
INSERT INTO metadata_general(isolate_id, isolate_name, species, project_name) VALUES ('1320', 'MAD05-021', 'Pseudomonas aeruginosa', 'GEMARA') ON DUPLICATE KEY UPDATE isolate_name = 'MAD05-021', species = 'Pseudomonas aeruginosa', project_name = 'GEMARA'; 
INSERT INTO metadata_clinic(clinic_id, isolate_id, sample_type, collection_ward) VALUES ('1300', '1320', '22', 'Consultas externas') ON DUPLICATE KEY UPDATE sample_type = '22', collection_ward = 'Consultas externas'; 
INSERT INTO phenotypic_data(phenotypic_data_id, isolate_id, ecdc_resistance_profile, cloxa_test, mbl_test) VALUES ('1300', '1320', 'S', '-', '-') ON DUPLICATE KEY UPDATE ecdc_resistance_profile = 'S', cloxa_test = '-', mbl_test = '-'; 
INSERT INTO sequence_analysis(sequence_analysis_id, isolate_id, ame_loci, beta_lactamase_loci, carbapenemase_loci, other_acq_ab_loci) VALUES ('1320', '1320', '-', '-', '-', '-') ON DUPLICATE KEY UPDATE ame_loci = '-', beta_lactamase_loci = '-', carbapenemase_loci = '-', other_acq_ab_loci = '-'; 
INSERT INTO metadata_general(isolate_id, isolate_name, species, project_name) VALUES ('1321', 'MAD05-006', 'Pseudomonas aeruginosa', 'GEMARA') ON DUPLICATE KEY UPDATE isolate_name = 'MAD05-006', species = 'Pseudomonas aeruginosa', project_name = 'GEMARA'; 
INSERT INTO metadata_clinic(clinic_id, isolate_id, sample_type, collection_ward) VALUES ('1301', '1321', '22', 'Consultas externas') ON DUPLICATE KEY UPDATE sample_type = '22', collection_ward = 'Consultas externas'; 
INSERT INTO phenotypic_data(phenotypic_data_id, isolate_id, ecdc_resistance_profile, cloxa_test, mbl_test) VALUES ('1301', '1321', 'S', '-', '-') ON DUPLICATE KEY UPDATE ecdc_resistance_profile = 'S', cloxa_test = '-', mbl_test = '-'; 
INSERT INTO sequence_analysis(sequence_analysis_id, isolate_id, ame_loci, beta_lactamase_loci, carbapenemase_loci, other_acq_ab_loci) VALUES ('1321', '1321', '-', '-', '-', '-') ON DUPLICATE KEY UPDATE ame_loci = '-', beta_lactamase_loci = '-', carbapenemase_loci = '-', other_acq_ab_loci = '-'; 
INSERT INTO metadata_general(isolate_id, isolate_name, species, project_name) VALUES ('1322', 'MAD05-016', 'Pseudomonas aeruginosa', 'GEMARA') ON DUPLICATE KEY UPDATE isolate_name = 'MAD05-016', species = 'Pseudomonas aeruginosa', project_name = 'GEMARA'; 
INSERT INTO metadata_clinic(clinic_id, isolate_id, sample_type, collection_ward) VALUES ('1302', '1322', '7', 'Servicios quirúrgicos adultos') ON DUPLICATE KEY UPDATE sample_type = '7', collection_ward = 'Servicios quirúrgicos adultos'; 
INSERT INTO phenotypic_data(phenotypic_data_id, isolate_id, ecdc_resistance_profile, cloxa_test, mbl_test) VALUES ('1302', '1322', 'S', 's/+', '-') ON DUPLICATE KEY UPDATE ecdc_resistance_profile = 'S', cloxa_test = 's/+', mbl_test = '-'; 
INSERT INTO sequence_analysis(sequence_analysis_id, isolate_id, ame_loci, beta_lactamase_loci, carbapenemase_loci, other_acq_ab_loci) VALUES ('1322', '1322', '-', '-', '-', '-') ON DUPLICATE KEY UPDATE ame_loci = '-', beta_lactamase_loci = '-', carbapenemase_loci = '-', other_acq_ab_loci = '-'; 
INSERT INTO metadata_general(isolate_id, isolate_name, species, project_name) VALUES ('1323', 'MAD05-030', 'Pseudomonas aeruginosa', 'GEMARA') ON DUPLICATE KEY UPDATE isolate_name = 'MAD05-030', species = 'Pseudomonas aeruginosa', project_name = 'GEMARA'; 
INSERT INTO metadata_clinic(clinic_id, isolate_id, sample_type, collection_ward) VALUES ('1303', '1323', '1', 'Urgencias adultos') ON DUPLICATE KEY UPDATE sample_type = '1', collection_ward = 'Urgencias adultos'; 
INSERT INTO phenotypic_data(phenotypic_data_id, isolate_id, ecdc_resistance_profile, cloxa_test, mbl_test) VALUES ('1303', '1323', 'S', '-', '-') ON DUPLICATE KEY UPDATE ecdc_resistance_profile = 'S', cloxa_test = '-', mbl_test = '-'; 
INSERT INTO sequence_analysis(sequence_analysis_id, isolate_id, ame_loci, beta_lactamase_loci, carbapenemase_loci, other_acq_ab_loci) VALUES ('1323', '1323', '-', '-', '-', '-') ON DUPLICATE KEY UPDATE ame_loci = '-', beta_lactamase_loci = '-', carbapenemase_loci = '-', other_acq_ab_loci = '-'; 
INSERT INTO metadata_general(isolate_id, isolate_name, species, project_name) VALUES ('1324', 'MAD05-040', 'Pseudomonas aeruginosa', 'GEMARA') ON DUPLICATE KEY UPDATE isolate_name = 'MAD05-040', species = 'Pseudomonas aeruginosa', project_name = 'GEMARA'; 
INSERT INTO metadata_clinic(clinic_id, isolate_id, sample_type, collection_ward) VALUES ('1304', '1324', '9', 'Servicios quirúrgicos adultos') ON DUPLICATE KEY UPDATE sample_type = '9', collection_ward = 'Servicios quirúrgicos adultos'; 
INSERT INTO phenotypic_data(phenotypic_data_id, isolate_id, ecdc_resistance_profile, cloxa_test, mbl_test) VALUES ('1304', '1324', 'S', '-', '-') ON DUPLICATE KEY UPDATE ecdc_resistance_profile = 'S', cloxa_test = '-', mbl_test = '-'; 
INSERT INTO sequence_analysis(sequence_analysis_id, isolate_id, ame_loci, beta_lactamase_loci, carbapenemase_loci, other_acq_ab_loci) VALUES ('1324', '1324', '-', '-', '-', '-') ON DUPLICATE KEY UPDATE ame_loci = '-', beta_lactamase_loci = '-', carbapenemase_loci = '-', other_acq_ab_loci = '-'; 
INSERT INTO metadata_general(isolate_id, isolate_name, species, project_name) VALUES ('1325', 'MAD05-044', 'Pseudomonas aeruginosa', 'GEMARA') ON DUPLICATE KEY UPDATE isolate_name = 'MAD05-044', species = 'Pseudomonas aeruginosa', project_name = 'GEMARA'; 
INSERT INTO metadata_clinic(clinic_id, isolate_id, sample_type, collection_ward) VALUES ('1305', '1325', '8', 'Servicios quirúrgicos adultos') ON DUPLICATE KEY UPDATE sample_type = '8', collection_ward = 'Servicios quirúrgicos adultos'; 
INSERT INTO phenotypic_data(phenotypic_data_id, isolate_id, ecdc_resistance_profile, cloxa_test, mbl_test) VALUES ('1305', '1325', 'S', '-', '-') ON DUPLICATE KEY UPDATE ecdc_resistance_profile = 'S', cloxa_test = '-', mbl_test = '-'; 
INSERT INTO sequence_analysis(sequence_analysis_id, isolate_id, ame_loci, beta_lactamase_loci, carbapenemase_loci, other_acq_ab_loci) VALUES ('1325', '1325', '-', '-', '-', '-') ON DUPLICATE KEY UPDATE ame_loci = '-', beta_lactamase_loci = '-', carbapenemase_loci = '-', other_acq_ab_loci = '-'; 
INSERT INTO metadata_general(isolate_id, isolate_name, species, project_name) VALUES ('1326', 'MAD05-038', 'Pseudomonas aeruginosa', 'GEMARA') ON DUPLICATE KEY UPDATE isolate_name = 'MAD05-038', species = 'Pseudomonas aeruginosa', project_name = 'GEMARA'; 
INSERT INTO metadata_clinic(clinic_id, isolate_id, sample_type, collection_ward) VALUES ('1306', '1326', '1', 'Consultas externas') ON DUPLICATE KEY UPDATE sample_type = '1', collection_ward = 'Consultas externas'; 
INSERT INTO phenotypic_data(phenotypic_data_id, isolate_id, ecdc_resistance_profile, cloxa_test, mbl_test) VALUES ('1306', '1326', 'S', '-', '-') ON DUPLICATE KEY UPDATE ecdc_resistance_profile = 'S', cloxa_test = '-', mbl_test = '-'; 
INSERT INTO sequence_analysis(sequence_analysis_id, isolate_id, ame_loci, beta_lactamase_loci, carbapenemase_loci, other_acq_ab_loci) VALUES ('1326', '1326', '-', '-', '-', '-') ON DUPLICATE KEY UPDATE ame_loci = '-', beta_lactamase_loci = '-', carbapenemase_loci = '-', other_acq_ab_loci = '-'; 
INSERT INTO metadata_general(isolate_id, isolate_name, species, project_name) VALUES ('1327', 'MAD05-011', 'Pseudomonas aeruginosa', 'GEMARA') ON DUPLICATE KEY UPDATE isolate_name = 'MAD05-011', species = 'Pseudomonas aeruginosa', project_name = 'GEMARA'; 
INSERT INTO metadata_clinic(clinic_id, isolate_id, sample_type, collection_ward) VALUES ('1307', '1327', '5', 'Consultas externas') ON DUPLICATE KEY UPDATE sample_type = '5', collection_ward = 'Consultas externas'; 
INSERT INTO phenotypic_data(phenotypic_data_id, isolate_id, ecdc_resistance_profile, cloxa_test, mbl_test) VALUES ('1307', '1327', 'S', '-', '-') ON DUPLICATE KEY UPDATE ecdc_resistance_profile = 'S', cloxa_test = '-', mbl_test = '-'; 
INSERT INTO sequence_analysis(sequence_analysis_id, isolate_id, ame_loci, beta_lactamase_loci, carbapenemase_loci, other_acq_ab_loci) VALUES ('1327', '1327', '-', '-', '-', '-') ON DUPLICATE KEY UPDATE ame_loci = '-', beta_lactamase_loci = '-', carbapenemase_loci = '-', other_acq_ab_loci = '-'; 
INSERT INTO metadata_general(isolate_id, isolate_name, species, project_name) VALUES ('1328', 'MAD05-022', 'Pseudomonas aeruginosa', 'GEMARA') ON DUPLICATE KEY UPDATE isolate_name = 'MAD05-022', species = 'Pseudomonas aeruginosa', project_name = 'GEMARA'; 
INSERT INTO metadata_clinic(clinic_id, isolate_id, sample_type, collection_ward) VALUES ('1308', '1328', '5', 'Servicios médicos adultos') ON DUPLICATE KEY UPDATE sample_type = '5', collection_ward = 'Servicios médicos adultos'; 
INSERT INTO phenotypic_data(phenotypic_data_id, isolate_id, ecdc_resistance_profile, cloxa_test, mbl_test) VALUES ('1308', '1328', 'S', '-', '-') ON DUPLICATE KEY UPDATE ecdc_resistance_profile = 'S', cloxa_test = '-', mbl_test = '-'; 
INSERT INTO sequence_analysis(sequence_analysis_id, isolate_id, ame_loci, beta_lactamase_loci, carbapenemase_loci, other_acq_ab_loci) VALUES ('1328', '1328', '-', '-', '-', '-') ON DUPLICATE KEY UPDATE ame_loci = '-', beta_lactamase_loci = '-', carbapenemase_loci = '-', other_acq_ab_loci = '-'; 
INSERT INTO metadata_general(isolate_id, isolate_name, species, project_name) VALUES ('1329', 'MAD05-045', 'Pseudomonas aeruginosa', 'GEMARA') ON DUPLICATE KEY UPDATE isolate_name = 'MAD05-045', species = 'Pseudomonas aeruginosa', project_name = 'GEMARA'; 
INSERT INTO metadata_clinic(clinic_id, isolate_id, sample_type, collection_ward) VALUES ('1309', '1329', '8', 'Servicios médicos adultos') ON DUPLICATE KEY UPDATE sample_type = '8', collection_ward = 'Servicios médicos adultos'; 
INSERT INTO phenotypic_data(phenotypic_data_id, isolate_id, ecdc_resistance_profile, cloxa_test, mbl_test) VALUES ('1309', '1329', 'S', '-', '-') ON DUPLICATE KEY UPDATE ecdc_resistance_profile = 'S', cloxa_test = '-', mbl_test = '-'; 
INSERT INTO sequence_analysis(sequence_analysis_id, isolate_id, ame_loci, beta_lactamase_loci, carbapenemase_loci, other_acq_ab_loci) VALUES ('1329', '1329', '-', '-', '-', '-') ON DUPLICATE KEY UPDATE ame_loci = '-', beta_lactamase_loci = '-', carbapenemase_loci = '-', other_acq_ab_loci = '-'; 
INSERT INTO metadata_general(isolate_id, isolate_name, species, project_name) VALUES ('1330', 'MAD05-003', 'Pseudomonas aeruginosa', 'GEMARA') ON DUPLICATE KEY UPDATE isolate_name = 'MAD05-003', species = 'Pseudomonas aeruginosa', project_name = 'GEMARA'; 
INSERT INTO metadata_clinic(clinic_id, isolate_id, sample_type, collection_ward) VALUES ('1310', '1330', '6', 'Urgencias adultos') ON DUPLICATE KEY UPDATE sample_type = '6', collection_ward = 'Urgencias adultos'; 
INSERT INTO phenotypic_data(phenotypic_data_id, isolate_id, ecdc_resistance_profile, cloxa_test, mbl_test) VALUES ('1310', '1330', 'S', '-', '-') ON DUPLICATE KEY UPDATE ecdc_resistance_profile = 'S', cloxa_test = '-', mbl_test = '-'; 
INSERT INTO sequence_analysis(sequence_analysis_id, isolate_id, ame_loci, beta_lactamase_loci, carbapenemase_loci, other_acq_ab_loci) VALUES ('1330', '1330', '-', '-', '-', '-') ON DUPLICATE KEY UPDATE ame_loci = '-', beta_lactamase_loci = '-', carbapenemase_loci = '-', other_acq_ab_loci = '-'; 
INSERT INTO metadata_general(isolate_id, isolate_name, species, project_name) VALUES ('1331', 'MAD05-008', 'Pseudomonas aeruginosa', 'GEMARA') ON DUPLICATE KEY UPDATE isolate_name = 'MAD05-008', species = 'Pseudomonas aeruginosa', project_name = 'GEMARA'; 
INSERT INTO metadata_clinic(clinic_id, isolate_id, sample_type, collection_ward) VALUES ('1311', '1331', '1', 'Urgencias adultos') ON DUPLICATE KEY UPDATE sample_type = '1', collection_ward = 'Urgencias adultos'; 
INSERT INTO phenotypic_data(phenotypic_data_id, isolate_id, ecdc_resistance_profile, cloxa_test, mbl_test) VALUES ('1311', '1331', 'S', '-', '-') ON DUPLICATE KEY UPDATE ecdc_resistance_profile = 'S', cloxa_test = '-', mbl_test = '-'; 
INSERT INTO sequence_analysis(sequence_analysis_id, isolate_id, ame_loci, beta_lactamase_loci, carbapenemase_loci, other_acq_ab_loci) VALUES ('1331', '1331', '-', '-', '-', '-') ON DUPLICATE KEY UPDATE ame_loci = '-', beta_lactamase_loci = '-', carbapenemase_loci = '-', other_acq_ab_loci = '-'; 
INSERT INTO metadata_general(isolate_id, isolate_name, species, project_name) VALUES ('1332', 'MAD05-013', 'Pseudomonas aeruginosa', 'GEMARA') ON DUPLICATE KEY UPDATE isolate_name = 'MAD05-013', species = 'Pseudomonas aeruginosa', project_name = 'GEMARA'; 
INSERT INTO metadata_clinic(clinic_id, isolate_id, sample_type, collection_ward) VALUES ('1312', '1332', '5', 'Consultas externas') ON DUPLICATE KEY UPDATE sample_type = '5', collection_ward = 'Consultas externas'; 
INSERT INTO phenotypic_data(phenotypic_data_id, isolate_id, ecdc_resistance_profile, cloxa_test, mbl_test) VALUES ('1312', '1332', 'S', '-', '-') ON DUPLICATE KEY UPDATE ecdc_resistance_profile = 'S', cloxa_test = '-', mbl_test = '-'; 
INSERT INTO sequence_analysis(sequence_analysis_id, isolate_id, ame_loci, beta_lactamase_loci, carbapenemase_loci, other_acq_ab_loci) VALUES ('1332', '1332', '-', '-', '-', '-') ON DUPLICATE KEY UPDATE ame_loci = '-', beta_lactamase_loci = '-', carbapenemase_loci = '-', other_acq_ab_loci = '-'; 
INSERT INTO metadata_general(isolate_id, isolate_name, species, project_name) VALUES ('1333', 'MAD05-014', 'Pseudomonas aeruginosa', 'GEMARA') ON DUPLICATE KEY UPDATE isolate_name = 'MAD05-014', species = 'Pseudomonas aeruginosa', project_name = 'GEMARA'; 
INSERT INTO metadata_clinic(clinic_id, isolate_id, sample_type, collection_ward) VALUES ('1313', '1333', '1', 'Servicios quirúrgicos adultos') ON DUPLICATE KEY UPDATE sample_type = '1', collection_ward = 'Servicios quirúrgicos adultos'; 
INSERT INTO phenotypic_data(phenotypic_data_id, isolate_id, ecdc_resistance_profile, cloxa_test, mbl_test) VALUES ('1313', '1333', 'S', '-', '-') ON DUPLICATE KEY UPDATE ecdc_resistance_profile = 'S', cloxa_test = '-', mbl_test = '-'; 
INSERT INTO sequence_analysis(sequence_analysis_id, isolate_id, ame_loci, beta_lactamase_loci, carbapenemase_loci, other_acq_ab_loci) VALUES ('1333', '1333', '-', '-', '-', '-') ON DUPLICATE KEY UPDATE ame_loci = '-', beta_lactamase_loci = '-', carbapenemase_loci = '-', other_acq_ab_loci = '-'; 
INSERT INTO metadata_general(isolate_id, isolate_name, species, project_name) VALUES ('1334', 'MAD05-015', 'Pseudomonas aeruginosa', 'GEMARA') ON DUPLICATE KEY UPDATE isolate_name = 'MAD05-015', species = 'Pseudomonas aeruginosa', project_name = 'GEMARA'; 
INSERT INTO metadata_clinic(clinic_id, isolate_id, sample_type, collection_ward) VALUES ('1314', '1334', '1', 'Consultas externas') ON DUPLICATE KEY UPDATE sample_type = '1', collection_ward = 'Consultas externas'; 
INSERT INTO phenotypic_data(phenotypic_data_id, isolate_id, ecdc_resistance_profile, cloxa_test, mbl_test) VALUES ('1314', '1334', 'S', '-', '-') ON DUPLICATE KEY UPDATE ecdc_resistance_profile = 'S', cloxa_test = '-', mbl_test = '-'; 
INSERT INTO sequence_analysis(sequence_analysis_id, isolate_id, ame_loci, beta_lactamase_loci, carbapenemase_loci, other_acq_ab_loci) VALUES ('1334', '1334', '-', '-', '-', '-') ON DUPLICATE KEY UPDATE ame_loci = '-', beta_lactamase_loci = '-', carbapenemase_loci = '-', other_acq_ab_loci = '-'; 
INSERT INTO metadata_general(isolate_id, isolate_name, species, project_name) VALUES ('1335', 'MAD05-025', 'Pseudomonas aeruginosa', 'GEMARA') ON DUPLICATE KEY UPDATE isolate_name = 'MAD05-025', species = 'Pseudomonas aeruginosa', project_name = 'GEMARA'; 
INSERT INTO metadata_clinic(clinic_id, isolate_id, sample_type, collection_ward) VALUES ('1315', '1335', '22', 'Consultas externas') ON DUPLICATE KEY UPDATE sample_type = '22', collection_ward = 'Consultas externas'; 
INSERT INTO phenotypic_data(phenotypic_data_id, isolate_id, ecdc_resistance_profile, cloxa_test, mbl_test) VALUES ('1315', '1335', 'S', '-', '-') ON DUPLICATE KEY UPDATE ecdc_resistance_profile = 'S', cloxa_test = '-', mbl_test = '-'; 
INSERT INTO sequence_analysis(sequence_analysis_id, isolate_id, ame_loci, beta_lactamase_loci, carbapenemase_loci, other_acq_ab_loci) VALUES ('1335', '1335', '-', '-', '-', '-') ON DUPLICATE KEY UPDATE ame_loci = '-', beta_lactamase_loci = '-', carbapenemase_loci = '-', other_acq_ab_loci = '-'; 
INSERT INTO metadata_general(isolate_id, isolate_name, species, project_name) VALUES ('1336', 'MAD05-028A', 'Pseudomonas aeruginosa', 'GEMARA') ON DUPLICATE KEY UPDATE isolate_name = 'MAD05-028A', species = 'Pseudomonas aeruginosa', project_name = 'GEMARA'; 
INSERT INTO metadata_clinic(clinic_id, isolate_id, sample_type, collection_ward) VALUES ('1316', '1336', '21', 'Consultas externas') ON DUPLICATE KEY UPDATE sample_type = '21', collection_ward = 'Consultas externas'; 
INSERT INTO phenotypic_data(phenotypic_data_id, isolate_id, ecdc_resistance_profile, cloxa_test, mbl_test) VALUES ('1316', '1336', 'S', '-', '-') ON DUPLICATE KEY UPDATE ecdc_resistance_profile = 'S', cloxa_test = '-', mbl_test = '-'; 
INSERT INTO sequence_analysis(sequence_analysis_id, isolate_id, ame_loci, beta_lactamase_loci, carbapenemase_loci, other_acq_ab_loci) VALUES ('1336', '1336', '-', '-', '-', '-') ON DUPLICATE KEY UPDATE ame_loci = '-', beta_lactamase_loci = '-', carbapenemase_loci = '-', other_acq_ab_loci = '-'; 
INSERT INTO metadata_general(isolate_id, isolate_name, species, project_name) VALUES ('1337', 'MAD05-031', 'Pseudomonas aeruginosa', 'GEMARA') ON DUPLICATE KEY UPDATE isolate_name = 'MAD05-031', species = 'Pseudomonas aeruginosa', project_name = 'GEMARA'; 
INSERT INTO metadata_clinic(clinic_id, isolate_id, sample_type, collection_ward) VALUES ('1317', '1337', '1', 'Urgencias adultos') ON DUPLICATE KEY UPDATE sample_type = '1', collection_ward = 'Urgencias adultos'; 
INSERT INTO phenotypic_data(phenotypic_data_id, isolate_id, ecdc_resistance_profile, cloxa_test, mbl_test) VALUES ('1317', '1337', 'S', '-', '-') ON DUPLICATE KEY UPDATE ecdc_resistance_profile = 'S', cloxa_test = '-', mbl_test = '-'; 
INSERT INTO sequence_analysis(sequence_analysis_id, isolate_id, ame_loci, beta_lactamase_loci, carbapenemase_loci, other_acq_ab_loci) VALUES ('1337', '1337', '-', '-', '-', '-') ON DUPLICATE KEY UPDATE ame_loci = '-', beta_lactamase_loci = '-', carbapenemase_loci = '-', other_acq_ab_loci = '-'; 
INSERT INTO metadata_general(isolate_id, isolate_name, species, project_name) VALUES ('1338', 'MAD05-036', 'Pseudomonas aeruginosa', 'GEMARA') ON DUPLICATE KEY UPDATE isolate_name = 'MAD05-036', species = 'Pseudomonas aeruginosa', project_name = 'GEMARA'; 
INSERT INTO metadata_clinic(clinic_id, isolate_id, sample_type, collection_ward) VALUES ('1318', '1338', '8', 'Servicios quirúrgicos adultos') ON DUPLICATE KEY UPDATE sample_type = '8', collection_ward = 'Servicios quirúrgicos adultos'; 
INSERT INTO phenotypic_data(phenotypic_data_id, isolate_id, ecdc_resistance_profile, cloxa_test, mbl_test) VALUES ('1318', '1338', 'S', '-', '-') ON DUPLICATE KEY UPDATE ecdc_resistance_profile = 'S', cloxa_test = '-', mbl_test = '-'; 
INSERT INTO sequence_analysis(sequence_analysis_id, isolate_id, ame_loci, beta_lactamase_loci, carbapenemase_loci, other_acq_ab_loci) VALUES ('1338', '1338', '-', '-', '-', '-') ON DUPLICATE KEY UPDATE ame_loci = '-', beta_lactamase_loci = '-', carbapenemase_loci = '-', other_acq_ab_loci = '-'; 
INSERT INTO metadata_general(isolate_id, isolate_name, species, project_name) VALUES ('1339', 'MAD05-037', 'Pseudomonas aeruginosa', 'GEMARA') ON DUPLICATE KEY UPDATE isolate_name = 'MAD05-037', species = 'Pseudomonas aeruginosa', project_name = 'GEMARA'; 
INSERT INTO metadata_clinic(clinic_id, isolate_id, sample_type, collection_ward) VALUES ('1319', '1339', '5', 'Consultas externas') ON DUPLICATE KEY UPDATE sample_type = '5', collection_ward = 'Consultas externas'; 
INSERT INTO phenotypic_data(phenotypic_data_id, isolate_id, ecdc_resistance_profile, cloxa_test, mbl_test) VALUES ('1319', '1339', 'S', '-', '-') ON DUPLICATE KEY UPDATE ecdc_resistance_profile = 'S', cloxa_test = '-', mbl_test = '-'; 
INSERT INTO sequence_analysis(sequence_analysis_id, isolate_id, ame_loci, beta_lactamase_loci, carbapenemase_loci, other_acq_ab_loci) VALUES ('1339', '1339', '-', '-', '-', '-') ON DUPLICATE KEY UPDATE ame_loci = '-', beta_lactamase_loci = '-', carbapenemase_loci = '-', other_acq_ab_loci = '-'; 
INSERT INTO metadata_general(isolate_id, isolate_name, species, project_name) VALUES ('1340', 'MAD05-042', 'Pseudomonas aeruginosa', 'GEMARA') ON DUPLICATE KEY UPDATE isolate_name = 'MAD05-042', species = 'Pseudomonas aeruginosa', project_name = 'GEMARA'; 
INSERT INTO metadata_clinic(clinic_id, isolate_id, sample_type, collection_ward) VALUES ('1320', '1340', '5', 'Servicios médicos adultos') ON DUPLICATE KEY UPDATE sample_type = '5', collection_ward = 'Servicios médicos adultos'; 
INSERT INTO phenotypic_data(phenotypic_data_id, isolate_id, ecdc_resistance_profile, cloxa_test, mbl_test) VALUES ('1320', '1340', 'S', '-', '-') ON DUPLICATE KEY UPDATE ecdc_resistance_profile = 'S', cloxa_test = '-', mbl_test = '-'; 
INSERT INTO sequence_analysis(sequence_analysis_id, isolate_id, ame_loci, beta_lactamase_loci, carbapenemase_loci, other_acq_ab_loci) VALUES ('1340', '1340', '-', '-', '-', '-') ON DUPLICATE KEY UPDATE ame_loci = '-', beta_lactamase_loci = '-', carbapenemase_loci = '-', other_acq_ab_loci = '-'; 
INSERT INTO metadata_general(isolate_id, isolate_name, species, project_name) VALUES ('1341', 'MAD05-026A', 'Pseudomonas aeruginosa', 'GEMARA') ON DUPLICATE KEY UPDATE isolate_name = 'MAD05-026A', species = 'Pseudomonas aeruginosa', project_name = 'GEMARA'; 
INSERT INTO metadata_clinic(clinic_id, isolate_id, sample_type, collection_ward) VALUES ('1321', '1341', '22', 'Consultas externas') ON DUPLICATE KEY UPDATE sample_type = '22', collection_ward = 'Consultas externas'; 
INSERT INTO phenotypic_data(phenotypic_data_id, isolate_id, ecdc_resistance_profile, cloxa_test, mbl_test) VALUES ('1321', '1341', 'XDR', '+/+', '-') ON DUPLICATE KEY UPDATE ecdc_resistance_profile = 'XDR', cloxa_test = '+/+', mbl_test = '-'; 
INSERT INTO sequence_analysis(sequence_analysis_id, isolate_id, ame_loci, beta_lactamase_loci, carbapenemase_loci, other_acq_ab_loci) VALUES ('1341', '1341', 'aadB', '-', '-', '-') ON DUPLICATE KEY UPDATE ame_loci = 'aadB', beta_lactamase_loci = '-', carbapenemase_loci = '-', other_acq_ab_loci = '-'; 
INSERT INTO metadata_general(isolate_id, isolate_name, species, project_name) VALUES ('168', 'MAD05-020', 'Pseudomonas aeruginosa', 'GEMARA') ON DUPLICATE KEY UPDATE isolate_name = 'MAD05-020', species = 'Pseudomonas aeruginosa', project_name = 'GEMARA'; 
INSERT INTO metadata_clinic(clinic_id, isolate_id, sample_type, collection_ward) VALUES ('1322', '168', '7', 'Consultas externas') ON DUPLICATE KEY UPDATE sample_type = '7', collection_ward = 'Consultas externas'; 
INSERT INTO phenotypic_data(phenotypic_data_id, isolate_id, ecdc_resistance_profile, cloxa_test, mbl_test) VALUES ('1322', '168', 'XDR', '+/+', '-') ON DUPLICATE KEY UPDATE ecdc_resistance_profile = 'XDR', cloxa_test = '+/+', mbl_test = '-'; 
INSERT INTO sequence_analysis(sequence_analysis_id, isolate_id, ame_loci, beta_lactamase_loci, carbapenemase_loci, other_acq_ab_loci) VALUES ('168', '168', '-', '-', '-', '-') ON DUPLICATE KEY UPDATE ame_loci = '-', beta_lactamase_loci = '-', carbapenemase_loci = '-', other_acq_ab_loci = '-'; 
INSERT INTO metadata_general(isolate_id, isolate_name, species, project_name) VALUES ('170', 'MAD05-027', 'Pseudomonas aeruginosa', 'GEMARA') ON DUPLICATE KEY UPDATE isolate_name = 'MAD05-027', species = 'Pseudomonas aeruginosa', project_name = 'GEMARA'; 
INSERT INTO metadata_clinic(clinic_id, isolate_id, sample_type, collection_ward) VALUES ('1323', '170', '7', 'Consultas externas') ON DUPLICATE KEY UPDATE sample_type = '7', collection_ward = 'Consultas externas'; 
INSERT INTO phenotypic_data(phenotypic_data_id, isolate_id, ecdc_resistance_profile, cloxa_test, mbl_test) VALUES ('1323', '170', 'XDR', '-/+', '-') ON DUPLICATE KEY UPDATE ecdc_resistance_profile = 'XDR', cloxa_test = '-/+', mbl_test = '-'; 
INSERT INTO sequence_analysis(sequence_analysis_id, isolate_id, ame_loci, beta_lactamase_loci, carbapenemase_loci, other_acq_ab_loci) VALUES ('170', '170', '-', '-', '-', '-') ON DUPLICATE KEY UPDATE ame_loci = '-', beta_lactamase_loci = '-', carbapenemase_loci = '-', other_acq_ab_loci = '-'; 
INSERT INTO metadata_general(isolate_id, isolate_name, species, project_name) VALUES ('167', 'MAD05-017', 'Pseudomonas aeruginosa', 'GEMARA') ON DUPLICATE KEY UPDATE isolate_name = 'MAD05-017', species = 'Pseudomonas aeruginosa', project_name = 'GEMARA'; 
INSERT INTO metadata_clinic(clinic_id, isolate_id, sample_type, collection_ward) VALUES ('1324', '167', '22', 'Servicios quirúrgicos adultos') ON DUPLICATE KEY UPDATE sample_type = '22', collection_ward = 'Servicios quirúrgicos adultos'; 
INSERT INTO phenotypic_data(phenotypic_data_id, isolate_id, ecdc_resistance_profile, cloxa_test, mbl_test) VALUES ('1324', '167', 'XDR', '+/+', '-') ON DUPLICATE KEY UPDATE ecdc_resistance_profile = 'XDR', cloxa_test = '+/+', mbl_test = '-'; 
INSERT INTO sequence_analysis(sequence_analysis_id, isolate_id, ame_loci, beta_lactamase_loci, carbapenemase_loci, other_acq_ab_loci) VALUES ('167', '167', 'aadB', '-', '-', '-') ON DUPLICATE KEY UPDATE ame_loci = 'aadB', beta_lactamase_loci = '-', carbapenemase_loci = '-', other_acq_ab_loci = '-'; 
INSERT INTO metadata_general(isolate_id, isolate_name, species, project_name) VALUES ('171', 'MAD05-041', 'Pseudomonas aeruginosa', 'GEMARA') ON DUPLICATE KEY UPDATE isolate_name = 'MAD05-041', species = 'Pseudomonas aeruginosa', project_name = 'GEMARA'; 
INSERT INTO metadata_clinic(clinic_id, isolate_id, sample_type, collection_ward) VALUES ('1325', '171', '5', 'Servicios médicos adultos') ON DUPLICATE KEY UPDATE sample_type = '5', collection_ward = 'Servicios médicos adultos'; 
INSERT INTO phenotypic_data(phenotypic_data_id, isolate_id, ecdc_resistance_profile, cloxa_test, mbl_test) VALUES ('1325', '171', 'XDR', '-/-', '+') ON DUPLICATE KEY UPDATE ecdc_resistance_profile = 'XDR', cloxa_test = '-/-', mbl_test = '+'; 
INSERT INTO sequence_analysis(sequence_analysis_id, isolate_id, ame_loci, beta_lactamase_loci, carbapenemase_loci, other_acq_ab_loci) VALUES ('171', '171', '-', '-', 'blaVIM-2', '-') ON DUPLICATE KEY UPDATE ame_loci = '-', beta_lactamase_loci = '-', carbapenemase_loci = 'blaVIM-2', other_acq_ab_loci = '-'; 
INSERT INTO metadata_general(isolate_id, isolate_name, species, project_name) VALUES ('1342', 'MAD06-010', 'Pseudomonas aeruginosa', 'GEMARA') ON DUPLICATE KEY UPDATE isolate_name = 'MAD06-010', species = 'Pseudomonas aeruginosa', project_name = 'GEMARA'; 
INSERT INTO metadata_clinic(clinic_id, isolate_id, sample_type, collection_ward) VALUES ('1326', '1342', '19', 'Servicios quirúrgicos adultos') ON DUPLICATE KEY UPDATE sample_type = '19', collection_ward = 'Servicios quirúrgicos adultos'; 
INSERT INTO phenotypic_data(phenotypic_data_id, isolate_id, ecdc_resistance_profile, cloxa_test, mbl_test) VALUES ('1326', '1342', 'MDR', '-', '-') ON DUPLICATE KEY UPDATE ecdc_resistance_profile = 'MDR', cloxa_test = '-', mbl_test = '-'; 
INSERT INTO sequence_analysis(sequence_analysis_id, isolate_id, ame_loci, beta_lactamase_loci, carbapenemase_loci, other_acq_ab_loci) VALUES ('1342', '1342', '-', '-', '-', '-') ON DUPLICATE KEY UPDATE ame_loci = '-', beta_lactamase_loci = '-', carbapenemase_loci = '-', other_acq_ab_loci = '-'; 
INSERT INTO metadata_general(isolate_id, isolate_name, species, project_name) VALUES ('1343', 'MAD06-031', 'Pseudomonas aeruginosa', 'GEMARA') ON DUPLICATE KEY UPDATE isolate_name = 'MAD06-031', species = 'Pseudomonas aeruginosa', project_name = 'GEMARA'; 
INSERT INTO metadata_clinic(clinic_id, isolate_id, sample_type, collection_ward) VALUES ('1327', '1343', '5', 'Consultas externas') ON DUPLICATE KEY UPDATE sample_type = '5', collection_ward = 'Consultas externas'; 
INSERT INTO phenotypic_data(phenotypic_data_id, isolate_id, ecdc_resistance_profile, cloxa_test, mbl_test) VALUES ('1327', '1343', 'MDR', '-', '-') ON DUPLICATE KEY UPDATE ecdc_resistance_profile = 'MDR', cloxa_test = '-', mbl_test = '-'; 
INSERT INTO sequence_analysis(sequence_analysis_id, isolate_id, ame_loci, beta_lactamase_loci, carbapenemase_loci, other_acq_ab_loci) VALUES ('1343', '1343', '-', '-', '-', '-') ON DUPLICATE KEY UPDATE ame_loci = '-', beta_lactamase_loci = '-', carbapenemase_loci = '-', other_acq_ab_loci = '-'; 
INSERT INTO metadata_general(isolate_id, isolate_name, species, project_name) VALUES ('1344', 'MAD06-008', 'Pseudomonas aeruginosa', 'GEMARA') ON DUPLICATE KEY UPDATE isolate_name = 'MAD06-008', species = 'Pseudomonas aeruginosa', project_name = 'GEMARA'; 
INSERT INTO metadata_clinic(clinic_id, isolate_id, sample_type, collection_ward) VALUES ('1328', '1344', '1', 'Consultas externas') ON DUPLICATE KEY UPDATE sample_type = '1', collection_ward = 'Consultas externas'; 
INSERT INTO phenotypic_data(phenotypic_data_id, isolate_id, ecdc_resistance_profile, cloxa_test, mbl_test) VALUES ('1328', '1344', 'MDR', '-', '-') ON DUPLICATE KEY UPDATE ecdc_resistance_profile = 'MDR', cloxa_test = '-', mbl_test = '-'; 
INSERT INTO sequence_analysis(sequence_analysis_id, isolate_id, ame_loci, beta_lactamase_loci, carbapenemase_loci, other_acq_ab_loci) VALUES ('1344', '1344', '-', '-', '-', '-') ON DUPLICATE KEY UPDATE ame_loci = '-', beta_lactamase_loci = '-', carbapenemase_loci = '-', other_acq_ab_loci = '-'; 
INSERT INTO metadata_general(isolate_id, isolate_name, species, project_name) VALUES ('1345', 'MAD06-027', 'Pseudomonas aeruginosa', 'GEMARA') ON DUPLICATE KEY UPDATE isolate_name = 'MAD06-027', species = 'Pseudomonas aeruginosa', project_name = 'GEMARA'; 
INSERT INTO metadata_clinic(clinic_id, isolate_id, sample_type, collection_ward) VALUES ('1329', '1345', '9', 'Servicios médicos adultos') ON DUPLICATE KEY UPDATE sample_type = '9', collection_ward = 'Servicios médicos adultos'; 
INSERT INTO phenotypic_data(phenotypic_data_id, isolate_id, ecdc_resistance_profile, cloxa_test, mbl_test) VALUES ('1329', '1345', 'MDR', '-', '-') ON DUPLICATE KEY UPDATE ecdc_resistance_profile = 'MDR', cloxa_test = '-', mbl_test = '-'; 
INSERT INTO sequence_analysis(sequence_analysis_id, isolate_id, ame_loci, beta_lactamase_loci, carbapenemase_loci, other_acq_ab_loci) VALUES ('1345', '1345', '-', '-', '-', '-') ON DUPLICATE KEY UPDATE ame_loci = '-', beta_lactamase_loci = '-', carbapenemase_loci = '-', other_acq_ab_loci = '-'; 
INSERT INTO metadata_general(isolate_id, isolate_name, species, project_name) VALUES ('1346', 'MAD06-025', 'Pseudomonas aeruginosa', 'GEMARA') ON DUPLICATE KEY UPDATE isolate_name = 'MAD06-025', species = 'Pseudomonas aeruginosa', project_name = 'GEMARA'; 
INSERT INTO metadata_clinic(clinic_id, isolate_id, sample_type, collection_ward) VALUES ('1330', '1346', '9', 'Consultas externas') ON DUPLICATE KEY UPDATE sample_type = '9', collection_ward = 'Consultas externas'; 
INSERT INTO phenotypic_data(phenotypic_data_id, isolate_id, ecdc_resistance_profile, cloxa_test, mbl_test) VALUES ('1330', '1346', 'MDR', '-', '-') ON DUPLICATE KEY UPDATE ecdc_resistance_profile = 'MDR', cloxa_test = '-', mbl_test = '-'; 
INSERT INTO sequence_analysis(sequence_analysis_id, isolate_id, ame_loci, beta_lactamase_loci, carbapenemase_loci, other_acq_ab_loci) VALUES ('1346', '1346', '-', '-', '-', '-') ON DUPLICATE KEY UPDATE ame_loci = '-', beta_lactamase_loci = '-', carbapenemase_loci = '-', other_acq_ab_loci = '-'; 
INSERT INTO metadata_general(isolate_id, isolate_name, species, project_name) VALUES ('1347', 'MAD06-002', 'Pseudomonas aeruginosa', 'GEMARA') ON DUPLICATE KEY UPDATE isolate_name = 'MAD06-002', species = 'Pseudomonas aeruginosa', project_name = 'GEMARA'; 
INSERT INTO metadata_clinic(clinic_id, isolate_id, sample_type, collection_ward) VALUES ('1331', '1347', '7', 'Servicios médicos adultos') ON DUPLICATE KEY UPDATE sample_type = '7', collection_ward = 'Servicios médicos adultos'; 
INSERT INTO phenotypic_data(phenotypic_data_id, isolate_id, ecdc_resistance_profile, cloxa_test, mbl_test) VALUES ('1331', '1347', 'S', '-', '-') ON DUPLICATE KEY UPDATE ecdc_resistance_profile = 'S', cloxa_test = '-', mbl_test = '-'; 
INSERT INTO sequence_analysis(sequence_analysis_id, isolate_id, ame_loci, beta_lactamase_loci, carbapenemase_loci, other_acq_ab_loci) VALUES ('1347', '1347', '-', '-', '-', '-') ON DUPLICATE KEY UPDATE ame_loci = '-', beta_lactamase_loci = '-', carbapenemase_loci = '-', other_acq_ab_loci = '-'; 
INSERT INTO metadata_general(isolate_id, isolate_name, species, project_name) VALUES ('1348', 'MAD06-016', 'Pseudomonas aeruginosa', 'GEMARA') ON DUPLICATE KEY UPDATE isolate_name = 'MAD06-016', species = 'Pseudomonas aeruginosa', project_name = 'GEMARA'; 
INSERT INTO metadata_clinic(clinic_id, isolate_id, sample_type, collection_ward) VALUES ('1332', '1348', '1', 'Servicios médicos adultos') ON DUPLICATE KEY UPDATE sample_type = '1', collection_ward = 'Servicios médicos adultos'; 
INSERT INTO phenotypic_data(phenotypic_data_id, isolate_id, ecdc_resistance_profile, cloxa_test, mbl_test) VALUES ('1332', '1348', 'S', '-', '-') ON DUPLICATE KEY UPDATE ecdc_resistance_profile = 'S', cloxa_test = '-', mbl_test = '-'; 
INSERT INTO sequence_analysis(sequence_analysis_id, isolate_id, ame_loci, beta_lactamase_loci, carbapenemase_loci, other_acq_ab_loci) VALUES ('1348', '1348', '-', '-', '-', '-') ON DUPLICATE KEY UPDATE ame_loci = '-', beta_lactamase_loci = '-', carbapenemase_loci = '-', other_acq_ab_loci = '-'; 
INSERT INTO metadata_general(isolate_id, isolate_name, species, project_name) VALUES ('1349', 'MAD06-003', 'Pseudomonas aeruginosa', 'GEMARA') ON DUPLICATE KEY UPDATE isolate_name = 'MAD06-003', species = 'Pseudomonas aeruginosa', project_name = 'GEMARA'; 
INSERT INTO metadata_clinic(clinic_id, isolate_id, sample_type, collection_ward) VALUES ('1333', '1349', '7', 'Servicios médicos adultos') ON DUPLICATE KEY UPDATE sample_type = '7', collection_ward = 'Servicios médicos adultos'; 
INSERT INTO phenotypic_data(phenotypic_data_id, isolate_id, ecdc_resistance_profile, cloxa_test, mbl_test) VALUES ('1333', '1349', 'S', '-', '-') ON DUPLICATE KEY UPDATE ecdc_resistance_profile = 'S', cloxa_test = '-', mbl_test = '-'; 
INSERT INTO sequence_analysis(sequence_analysis_id, isolate_id, ame_loci, beta_lactamase_loci, carbapenemase_loci, other_acq_ab_loci) VALUES ('1349', '1349', '-', '-', '-', '-') ON DUPLICATE KEY UPDATE ame_loci = '-', beta_lactamase_loci = '-', carbapenemase_loci = '-', other_acq_ab_loci = '-'; 
INSERT INTO metadata_general(isolate_id, isolate_name, species, project_name) VALUES ('1350', 'MAD06-011', 'Pseudomonas aeruginosa', 'GEMARA') ON DUPLICATE KEY UPDATE isolate_name = 'MAD06-011', species = 'Pseudomonas aeruginosa', project_name = 'GEMARA'; 
INSERT INTO metadata_clinic(clinic_id, isolate_id, sample_type, collection_ward) VALUES ('1334', '1350', '7', 'UCI Adultos') ON DUPLICATE KEY UPDATE sample_type = '7', collection_ward = 'UCI Adultos'; 
INSERT INTO phenotypic_data(phenotypic_data_id, isolate_id, ecdc_resistance_profile, cloxa_test, mbl_test) VALUES ('1334', '1350', 'S', '-', '-') ON DUPLICATE KEY UPDATE ecdc_resistance_profile = 'S', cloxa_test = '-', mbl_test = '-'; 
INSERT INTO sequence_analysis(sequence_analysis_id, isolate_id, ame_loci, beta_lactamase_loci, carbapenemase_loci, other_acq_ab_loci) VALUES ('1350', '1350', '-', '-', '-', '-') ON DUPLICATE KEY UPDATE ame_loci = '-', beta_lactamase_loci = '-', carbapenemase_loci = '-', other_acq_ab_loci = '-'; 
INSERT INTO metadata_general(isolate_id, isolate_name, species, project_name) VALUES ('1351', 'MAD06-014', 'Pseudomonas aeruginosa', 'GEMARA') ON DUPLICATE KEY UPDATE isolate_name = 'MAD06-014', species = 'Pseudomonas aeruginosa', project_name = 'GEMARA'; 
INSERT INTO metadata_clinic(clinic_id, isolate_id, sample_type, collection_ward) VALUES ('1335', '1351', '1', 'Urgencias adultos') ON DUPLICATE KEY UPDATE sample_type = '1', collection_ward = 'Urgencias adultos'; 
INSERT INTO phenotypic_data(phenotypic_data_id, isolate_id, ecdc_resistance_profile, cloxa_test, mbl_test) VALUES ('1335', '1351', 'S', '-', '-') ON DUPLICATE KEY UPDATE ecdc_resistance_profile = 'S', cloxa_test = '-', mbl_test = '-'; 
INSERT INTO sequence_analysis(sequence_analysis_id, isolate_id, ame_loci, beta_lactamase_loci, carbapenemase_loci, other_acq_ab_loci) VALUES ('1351', '1351', '-', '-', '-', '-') ON DUPLICATE KEY UPDATE ame_loci = '-', beta_lactamase_loci = '-', carbapenemase_loci = '-', other_acq_ab_loci = '-'; 
INSERT INTO metadata_general(isolate_id, isolate_name, species, project_name) VALUES ('1352', 'MAD06-018', 'Pseudomonas aeruginosa', 'GEMARA') ON DUPLICATE KEY UPDATE isolate_name = 'MAD06-018', species = 'Pseudomonas aeruginosa', project_name = 'GEMARA'; 
INSERT INTO metadata_clinic(clinic_id, isolate_id, sample_type, collection_ward) VALUES ('1336', '1352', '1', 'Consultas externas') ON DUPLICATE KEY UPDATE sample_type = '1', collection_ward = 'Consultas externas'; 
INSERT INTO phenotypic_data(phenotypic_data_id, isolate_id, ecdc_resistance_profile, cloxa_test, mbl_test) VALUES ('1336', '1352', 'S', '-', '-') ON DUPLICATE KEY UPDATE ecdc_resistance_profile = 'S', cloxa_test = '-', mbl_test = '-'; 
INSERT INTO sequence_analysis(sequence_analysis_id, isolate_id, ame_loci, beta_lactamase_loci, carbapenemase_loci, other_acq_ab_loci) VALUES ('1352', '1352', '-', '-', '-', '-') ON DUPLICATE KEY UPDATE ame_loci = '-', beta_lactamase_loci = '-', carbapenemase_loci = '-', other_acq_ab_loci = '-'; 
INSERT INTO metadata_general(isolate_id, isolate_name, species, project_name) VALUES ('1353', 'MAD06-023', 'Pseudomonas aeruginosa', 'GEMARA') ON DUPLICATE KEY UPDATE isolate_name = 'MAD06-023', species = 'Pseudomonas aeruginosa', project_name = 'GEMARA'; 
INSERT INTO metadata_clinic(clinic_id, isolate_id, sample_type, collection_ward) VALUES ('1337', '1353', '7', 'Servicios médicos adultos') ON DUPLICATE KEY UPDATE sample_type = '7', collection_ward = 'Servicios médicos adultos'; 
INSERT INTO phenotypic_data(phenotypic_data_id, isolate_id, ecdc_resistance_profile, cloxa_test, mbl_test) VALUES ('1337', '1353', 'S', '-', '-') ON DUPLICATE KEY UPDATE ecdc_resistance_profile = 'S', cloxa_test = '-', mbl_test = '-'; 
INSERT INTO sequence_analysis(sequence_analysis_id, isolate_id, ame_loci, beta_lactamase_loci, carbapenemase_loci, other_acq_ab_loci) VALUES ('1353', '1353', '-', '-', '-', '-') ON DUPLICATE KEY UPDATE ame_loci = '-', beta_lactamase_loci = '-', carbapenemase_loci = '-', other_acq_ab_loci = '-'; 
INSERT INTO metadata_general(isolate_id, isolate_name, species, project_name) VALUES ('1354', 'MAD06-030', 'Pseudomonas aeruginosa', 'GEMARA') ON DUPLICATE KEY UPDATE isolate_name = 'MAD06-030', species = 'Pseudomonas aeruginosa', project_name = 'GEMARA'; 
INSERT INTO metadata_clinic(clinic_id, isolate_id, sample_type, collection_ward) VALUES ('1338', '1354', '1', 'Urgencias adultos') ON DUPLICATE KEY UPDATE sample_type = '1', collection_ward = 'Urgencias adultos'; 
INSERT INTO phenotypic_data(phenotypic_data_id, isolate_id, ecdc_resistance_profile, cloxa_test, mbl_test) VALUES ('1338', '1354', 'S', '-', '-') ON DUPLICATE KEY UPDATE ecdc_resistance_profile = 'S', cloxa_test = '-', mbl_test = '-'; 
INSERT INTO sequence_analysis(sequence_analysis_id, isolate_id, ame_loci, beta_lactamase_loci, carbapenemase_loci, other_acq_ab_loci) VALUES ('1354', '1354', '-', '-', '-', '-') ON DUPLICATE KEY UPDATE ame_loci = '-', beta_lactamase_loci = '-', carbapenemase_loci = '-', other_acq_ab_loci = '-'; 
INSERT INTO metadata_general(isolate_id, isolate_name, species, project_name) VALUES ('1355', 'MAD06-033', 'Pseudomonas aeruginosa', 'GEMARA') ON DUPLICATE KEY UPDATE isolate_name = 'MAD06-033', species = 'Pseudomonas aeruginosa', project_name = 'GEMARA'; 
INSERT INTO metadata_clinic(clinic_id, isolate_id, sample_type, collection_ward) VALUES ('1339', '1355', '1', 'Servicios médicos adultos') ON DUPLICATE KEY UPDATE sample_type = '1', collection_ward = 'Servicios médicos adultos'; 
INSERT INTO phenotypic_data(phenotypic_data_id, isolate_id, ecdc_resistance_profile, cloxa_test, mbl_test) VALUES ('1339', '1355', 'S', '-', '-') ON DUPLICATE KEY UPDATE ecdc_resistance_profile = 'S', cloxa_test = '-', mbl_test = '-'; 
INSERT INTO sequence_analysis(sequence_analysis_id, isolate_id, ame_loci, beta_lactamase_loci, carbapenemase_loci, other_acq_ab_loci) VALUES ('1355', '1355', '-', '-', '-', '-') ON DUPLICATE KEY UPDATE ame_loci = '-', beta_lactamase_loci = '-', carbapenemase_loci = '-', other_acq_ab_loci = '-'; 
INSERT INTO metadata_general(isolate_id, isolate_name, species, project_name) VALUES ('1356', 'MAD06-005', 'Pseudomonas aeruginosa', 'GEMARA') ON DUPLICATE KEY UPDATE isolate_name = 'MAD06-005', species = 'Pseudomonas aeruginosa', project_name = 'GEMARA'; 
INSERT INTO metadata_clinic(clinic_id, isolate_id, sample_type, collection_ward) VALUES ('1340', '1356', '9', 'Urgencias adultos') ON DUPLICATE KEY UPDATE sample_type = '9', collection_ward = 'Urgencias adultos'; 
INSERT INTO phenotypic_data(phenotypic_data_id, isolate_id, ecdc_resistance_profile, cloxa_test, mbl_test) VALUES ('1340', '1356', 'S', '-', '-') ON DUPLICATE KEY UPDATE ecdc_resistance_profile = 'S', cloxa_test = '-', mbl_test = '-'; 
INSERT INTO sequence_analysis(sequence_analysis_id, isolate_id, ame_loci, beta_lactamase_loci, carbapenemase_loci, other_acq_ab_loci) VALUES ('1356', '1356', '-', '-', '-', '-') ON DUPLICATE KEY UPDATE ame_loci = '-', beta_lactamase_loci = '-', carbapenemase_loci = '-', other_acq_ab_loci = '-'; 
INSERT INTO metadata_general(isolate_id, isolate_name, species, project_name) VALUES ('1357', 'MAD06-036', 'Pseudomonas aeruginosa', 'GEMARA') ON DUPLICATE KEY UPDATE isolate_name = 'MAD06-036', species = 'Pseudomonas aeruginosa', project_name = 'GEMARA'; 
INSERT INTO metadata_clinic(clinic_id, isolate_id, sample_type, collection_ward) VALUES ('1341', '1357', '6', 'UCI Adultos') ON DUPLICATE KEY UPDATE sample_type = '6', collection_ward = 'UCI Adultos'; 
INSERT INTO phenotypic_data(phenotypic_data_id, isolate_id, ecdc_resistance_profile, cloxa_test, mbl_test) VALUES ('1341', '1357', 'S', '-', '-') ON DUPLICATE KEY UPDATE ecdc_resistance_profile = 'S', cloxa_test = '-', mbl_test = '-'; 
INSERT INTO sequence_analysis(sequence_analysis_id, isolate_id, ame_loci, beta_lactamase_loci, carbapenemase_loci, other_acq_ab_loci) VALUES ('1357', '1357', '-', '-', '-', '-') ON DUPLICATE KEY UPDATE ame_loci = '-', beta_lactamase_loci = '-', carbapenemase_loci = '-', other_acq_ab_loci = '-'; 
INSERT INTO metadata_general(isolate_id, isolate_name, species, project_name) VALUES ('1358', 'MAD06-006', 'Pseudomonas aeruginosa', 'GEMARA') ON DUPLICATE KEY UPDATE isolate_name = 'MAD06-006', species = 'Pseudomonas aeruginosa', project_name = 'GEMARA'; 
INSERT INTO metadata_clinic(clinic_id, isolate_id, sample_type, collection_ward) VALUES ('1342', '1358', '1', 'Urgencias adultos') ON DUPLICATE KEY UPDATE sample_type = '1', collection_ward = 'Urgencias adultos'; 
INSERT INTO phenotypic_data(phenotypic_data_id, isolate_id, ecdc_resistance_profile, cloxa_test, mbl_test) VALUES ('1342', '1358', 'S', '-', '-') ON DUPLICATE KEY UPDATE ecdc_resistance_profile = 'S', cloxa_test = '-', mbl_test = '-'; 
INSERT INTO sequence_analysis(sequence_analysis_id, isolate_id, ame_loci, beta_lactamase_loci, carbapenemase_loci, other_acq_ab_loci) VALUES ('1358', '1358', '-', '-', '-', '-') ON DUPLICATE KEY UPDATE ame_loci = '-', beta_lactamase_loci = '-', carbapenemase_loci = '-', other_acq_ab_loci = '-'; 
INSERT INTO metadata_general(isolate_id, isolate_name, species, project_name) VALUES ('1359', 'MAD06-007', 'Pseudomonas aeruginosa', 'GEMARA') ON DUPLICATE KEY UPDATE isolate_name = 'MAD06-007', species = 'Pseudomonas aeruginosa', project_name = 'GEMARA'; 
INSERT INTO metadata_clinic(clinic_id, isolate_id, sample_type, collection_ward) VALUES ('1343', '1359', '20', 'UCI Adultos') ON DUPLICATE KEY UPDATE sample_type = '20', collection_ward = 'UCI Adultos'; 
INSERT INTO phenotypic_data(phenotypic_data_id, isolate_id, ecdc_resistance_profile, cloxa_test, mbl_test) VALUES ('1343', '1359', 'S', '-', '-') ON DUPLICATE KEY UPDATE ecdc_resistance_profile = 'S', cloxa_test = '-', mbl_test = '-'; 
INSERT INTO sequence_analysis(sequence_analysis_id, isolate_id, ame_loci, beta_lactamase_loci, carbapenemase_loci, other_acq_ab_loci) VALUES ('1359', '1359', '-', '-', '-', '-') ON DUPLICATE KEY UPDATE ame_loci = '-', beta_lactamase_loci = '-', carbapenemase_loci = '-', other_acq_ab_loci = '-'; 
INSERT INTO metadata_general(isolate_id, isolate_name, species, project_name) VALUES ('1360', 'MAD06-015', 'Pseudomonas aeruginosa', 'GEMARA') ON DUPLICATE KEY UPDATE isolate_name = 'MAD06-015', species = 'Pseudomonas aeruginosa', project_name = 'GEMARA'; 
INSERT INTO metadata_clinic(clinic_id, isolate_id, sample_type, collection_ward) VALUES ('1344', '1360', '4', 'Servicios quirúrgicos adultos') ON DUPLICATE KEY UPDATE sample_type = '4', collection_ward = 'Servicios quirúrgicos adultos'; 
INSERT INTO phenotypic_data(phenotypic_data_id, isolate_id, ecdc_resistance_profile, cloxa_test, mbl_test) VALUES ('1344', '1360', 'S', '-', '-') ON DUPLICATE KEY UPDATE ecdc_resistance_profile = 'S', cloxa_test = '-', mbl_test = '-'; 
INSERT INTO sequence_analysis(sequence_analysis_id, isolate_id, ame_loci, beta_lactamase_loci, carbapenemase_loci, other_acq_ab_loci) VALUES ('1360', '1360', '-', '-', '-', '-') ON DUPLICATE KEY UPDATE ame_loci = '-', beta_lactamase_loci = '-', carbapenemase_loci = '-', other_acq_ab_loci = '-'; 
INSERT INTO metadata_general(isolate_id, isolate_name, species, project_name) VALUES ('1361', 'MAD06-024', 'Pseudomonas aeruginosa', 'GEMARA') ON DUPLICATE KEY UPDATE isolate_name = 'MAD06-024', species = 'Pseudomonas aeruginosa', project_name = 'GEMARA'; 
INSERT INTO metadata_clinic(clinic_id, isolate_id, sample_type, collection_ward) VALUES ('1345', '1361', '8', 'Servicios médicos adultos') ON DUPLICATE KEY UPDATE sample_type = '8', collection_ward = 'Servicios médicos adultos'; 
INSERT INTO phenotypic_data(phenotypic_data_id, isolate_id, ecdc_resistance_profile, cloxa_test, mbl_test) VALUES ('1345', '1361', 'S', '-', '-') ON DUPLICATE KEY UPDATE ecdc_resistance_profile = 'S', cloxa_test = '-', mbl_test = '-'; 
INSERT INTO sequence_analysis(sequence_analysis_id, isolate_id, ame_loci, beta_lactamase_loci, carbapenemase_loci, other_acq_ab_loci) VALUES ('1361', '1361', '-', '-', '-', '-') ON DUPLICATE KEY UPDATE ame_loci = '-', beta_lactamase_loci = '-', carbapenemase_loci = '-', other_acq_ab_loci = '-'; 
INSERT INTO metadata_general(isolate_id, isolate_name, species, project_name) VALUES ('1362', 'MAD06-029', 'Pseudomonas aeruginosa', 'GEMARA') ON DUPLICATE KEY UPDATE isolate_name = 'MAD06-029', species = 'Pseudomonas aeruginosa', project_name = 'GEMARA'; 
INSERT INTO metadata_clinic(clinic_id, isolate_id, sample_type, collection_ward) VALUES ('1346', '1362', '5', 'Urgencias adultos') ON DUPLICATE KEY UPDATE sample_type = '5', collection_ward = 'Urgencias adultos'; 
INSERT INTO phenotypic_data(phenotypic_data_id, isolate_id, ecdc_resistance_profile, cloxa_test, mbl_test) VALUES ('1346', '1362', 'S', '-', '-') ON DUPLICATE KEY UPDATE ecdc_resistance_profile = 'S', cloxa_test = '-', mbl_test = '-'; 
INSERT INTO sequence_analysis(sequence_analysis_id, isolate_id, ame_loci, beta_lactamase_loci, carbapenemase_loci, other_acq_ab_loci) VALUES ('1362', '1362', '-', '-', '-', '-') ON DUPLICATE KEY UPDATE ame_loci = '-', beta_lactamase_loci = '-', carbapenemase_loci = '-', other_acq_ab_loci = '-'; 
INSERT INTO metadata_general(isolate_id, isolate_name, species, project_name) VALUES ('1363', 'MAD06-035', 'Pseudomonas aeruginosa', 'GEMARA') ON DUPLICATE KEY UPDATE isolate_name = 'MAD06-035', species = 'Pseudomonas aeruginosa', project_name = 'GEMARA'; 
INSERT INTO metadata_clinic(clinic_id, isolate_id, sample_type, collection_ward) VALUES ('1347', '1363', '1', 'Consultas externas') ON DUPLICATE KEY UPDATE sample_type = '1', collection_ward = 'Consultas externas'; 
INSERT INTO phenotypic_data(phenotypic_data_id, isolate_id, ecdc_resistance_profile, cloxa_test, mbl_test) VALUES ('1347', '1363', 'S', '-', '-') ON DUPLICATE KEY UPDATE ecdc_resistance_profile = 'S', cloxa_test = '-', mbl_test = '-'; 
INSERT INTO sequence_analysis(sequence_analysis_id, isolate_id, ame_loci, beta_lactamase_loci, carbapenemase_loci, other_acq_ab_loci) VALUES ('1363', '1363', '-', '-', '-', '-') ON DUPLICATE KEY UPDATE ame_loci = '-', beta_lactamase_loci = '-', carbapenemase_loci = '-', other_acq_ab_loci = '-'; 
INSERT INTO metadata_general(isolate_id, isolate_name, species, project_name) VALUES ('1364', 'MAD06-012', 'Pseudomonas aeruginosa', 'GEMARA') ON DUPLICATE KEY UPDATE isolate_name = 'MAD06-012', species = 'Pseudomonas aeruginosa', project_name = 'GEMARA'; 
INSERT INTO metadata_clinic(clinic_id, isolate_id, sample_type, collection_ward) VALUES ('1348', '1364', '4', 'Servicios quirúrgicos adultos') ON DUPLICATE KEY UPDATE sample_type = '4', collection_ward = 'Servicios quirúrgicos adultos'; 
INSERT INTO phenotypic_data(phenotypic_data_id, isolate_id, ecdc_resistance_profile, cloxa_test, mbl_test) VALUES ('1348', '1364', 'S', '-', '-') ON DUPLICATE KEY UPDATE ecdc_resistance_profile = 'S', cloxa_test = '-', mbl_test = '-'; 
INSERT INTO sequence_analysis(sequence_analysis_id, isolate_id, ame_loci, beta_lactamase_loci, carbapenemase_loci, other_acq_ab_loci) VALUES ('1364', '1364', '-', '-', '-', '-') ON DUPLICATE KEY UPDATE ame_loci = '-', beta_lactamase_loci = '-', carbapenemase_loci = '-', other_acq_ab_loci = '-'; 
INSERT INTO metadata_general(isolate_id, isolate_name, species, project_name) VALUES ('1365', 'MAD06-001', 'Pseudomonas aeruginosa', 'GEMARA') ON DUPLICATE KEY UPDATE isolate_name = 'MAD06-001', species = 'Pseudomonas aeruginosa', project_name = 'GEMARA'; 
INSERT INTO metadata_clinic(clinic_id, isolate_id, sample_type, collection_ward) VALUES ('1349', '1365', '4', 'Servicios médicos adultos') ON DUPLICATE KEY UPDATE sample_type = '4', collection_ward = 'Servicios médicos adultos'; 
INSERT INTO phenotypic_data(phenotypic_data_id, isolate_id, ecdc_resistance_profile, cloxa_test, mbl_test) VALUES ('1349', '1365', 'S', '-', '-') ON DUPLICATE KEY UPDATE ecdc_resistance_profile = 'S', cloxa_test = '-', mbl_test = '-'; 
INSERT INTO sequence_analysis(sequence_analysis_id, isolate_id, ame_loci, beta_lactamase_loci, carbapenemase_loci, other_acq_ab_loci) VALUES ('1365', '1365', '-', '-', '-', '-') ON DUPLICATE KEY UPDATE ame_loci = '-', beta_lactamase_loci = '-', carbapenemase_loci = '-', other_acq_ab_loci = '-'; 
INSERT INTO metadata_general(isolate_id, isolate_name, species, project_name) VALUES ('1366', 'MAD06-004', 'Pseudomonas aeruginosa', 'GEMARA') ON DUPLICATE KEY UPDATE isolate_name = 'MAD06-004', species = 'Pseudomonas aeruginosa', project_name = 'GEMARA'; 
INSERT INTO metadata_clinic(clinic_id, isolate_id, sample_type, collection_ward) VALUES ('1350', '1366', '20', 'Servicios médicos adultos') ON DUPLICATE KEY UPDATE sample_type = '20', collection_ward = 'Servicios médicos adultos'; 
INSERT INTO phenotypic_data(phenotypic_data_id, isolate_id, ecdc_resistance_profile, cloxa_test, mbl_test) VALUES ('1350', '1366', 'S', '-', '-') ON DUPLICATE KEY UPDATE ecdc_resistance_profile = 'S', cloxa_test = '-', mbl_test = '-'; 
INSERT INTO sequence_analysis(sequence_analysis_id, isolate_id, ame_loci, beta_lactamase_loci, carbapenemase_loci, other_acq_ab_loci) VALUES ('1366', '1366', '-', '-', '-', '-') ON DUPLICATE KEY UPDATE ame_loci = '-', beta_lactamase_loci = '-', carbapenemase_loci = '-', other_acq_ab_loci = '-'; 
INSERT INTO metadata_general(isolate_id, isolate_name, species, project_name) VALUES ('1367', 'MAD06-019', 'Pseudomonas aeruginosa', 'GEMARA') ON DUPLICATE KEY UPDATE isolate_name = 'MAD06-019', species = 'Pseudomonas aeruginosa', project_name = 'GEMARA'; 
INSERT INTO metadata_clinic(clinic_id, isolate_id, sample_type, collection_ward) VALUES ('1351', '1367', '1', 'Urgencias adultos') ON DUPLICATE KEY UPDATE sample_type = '1', collection_ward = 'Urgencias adultos'; 
INSERT INTO phenotypic_data(phenotypic_data_id, isolate_id, ecdc_resistance_profile, cloxa_test, mbl_test) VALUES ('1351', '1367', 'S', '-', '-') ON DUPLICATE KEY UPDATE ecdc_resistance_profile = 'S', cloxa_test = '-', mbl_test = '-'; 
INSERT INTO sequence_analysis(sequence_analysis_id, isolate_id, ame_loci, beta_lactamase_loci, carbapenemase_loci, other_acq_ab_loci) VALUES ('1367', '1367', '-', '-', '-', '-') ON DUPLICATE KEY UPDATE ame_loci = '-', beta_lactamase_loci = '-', carbapenemase_loci = '-', other_acq_ab_loci = '-'; 
INSERT INTO metadata_general(isolate_id, isolate_name, species, project_name) VALUES ('1368', 'MAD06-037', 'Pseudomonas aeruginosa', 'GEMARA') ON DUPLICATE KEY UPDATE isolate_name = 'MAD06-037', species = 'Pseudomonas aeruginosa', project_name = 'GEMARA'; 
INSERT INTO metadata_clinic(clinic_id, isolate_id, sample_type, collection_ward) VALUES ('1352', '1368', '9', 'Consultas externas') ON DUPLICATE KEY UPDATE sample_type = '9', collection_ward = 'Consultas externas'; 
INSERT INTO phenotypic_data(phenotypic_data_id, isolate_id, ecdc_resistance_profile, cloxa_test, mbl_test) VALUES ('1352', '1368', 'S', '-', '-') ON DUPLICATE KEY UPDATE ecdc_resistance_profile = 'S', cloxa_test = '-', mbl_test = '-'; 
INSERT INTO sequence_analysis(sequence_analysis_id, isolate_id, ame_loci, beta_lactamase_loci, carbapenemase_loci, other_acq_ab_loci) VALUES ('1368', '1368', '-', '-', '-', '-') ON DUPLICATE KEY UPDATE ame_loci = '-', beta_lactamase_loci = '-', carbapenemase_loci = '-', other_acq_ab_loci = '-'; 
INSERT INTO metadata_general(isolate_id, isolate_name, species, project_name) VALUES ('1369', 'MAD06-040', 'Pseudomonas aeruginosa', 'GEMARA') ON DUPLICATE KEY UPDATE isolate_name = 'MAD06-040', species = 'Pseudomonas aeruginosa', project_name = 'GEMARA'; 
INSERT INTO metadata_clinic(clinic_id, isolate_id, sample_type, collection_ward) VALUES ('1353', '1369', '5', 'Consultas externas') ON DUPLICATE KEY UPDATE sample_type = '5', collection_ward = 'Consultas externas'; 
INSERT INTO phenotypic_data(phenotypic_data_id, isolate_id, ecdc_resistance_profile, cloxa_test, mbl_test) VALUES ('1353', '1369', 'S', '-', '-') ON DUPLICATE KEY UPDATE ecdc_resistance_profile = 'S', cloxa_test = '-', mbl_test = '-'; 
INSERT INTO sequence_analysis(sequence_analysis_id, isolate_id, ame_loci, beta_lactamase_loci, carbapenemase_loci, other_acq_ab_loci) VALUES ('1369', '1369', '-', '-', '-', '-') ON DUPLICATE KEY UPDATE ame_loci = '-', beta_lactamase_loci = '-', carbapenemase_loci = '-', other_acq_ab_loci = '-'; 
INSERT INTO metadata_general(isolate_id, isolate_name, species, project_name) VALUES ('1370', 'MAD06-026', 'Pseudomonas aeruginosa', 'GEMARA') ON DUPLICATE KEY UPDATE isolate_name = 'MAD06-026', species = 'Pseudomonas aeruginosa', project_name = 'GEMARA'; 
INSERT INTO metadata_clinic(clinic_id, isolate_id, sample_type, collection_ward) VALUES ('1354', '1370', '1', 'Consultas externas') ON DUPLICATE KEY UPDATE sample_type = '1', collection_ward = 'Consultas externas'; 
INSERT INTO phenotypic_data(phenotypic_data_id, isolate_id, ecdc_resistance_profile, cloxa_test, mbl_test) VALUES ('1354', '1370', 'S', '-', '-') ON DUPLICATE KEY UPDATE ecdc_resistance_profile = 'S', cloxa_test = '-', mbl_test = '-'; 
INSERT INTO sequence_analysis(sequence_analysis_id, isolate_id, ame_loci, beta_lactamase_loci, carbapenemase_loci, other_acq_ab_loci) VALUES ('1370', '1370', '-', '-', '-', '-') ON DUPLICATE KEY UPDATE ame_loci = '-', beta_lactamase_loci = '-', carbapenemase_loci = '-', other_acq_ab_loci = '-'; 
INSERT INTO metadata_general(isolate_id, isolate_name, species, project_name) VALUES ('172', 'MAD06-017', 'Pseudomonas aeruginosa', 'GEMARA') ON DUPLICATE KEY UPDATE isolate_name = 'MAD06-017', species = 'Pseudomonas aeruginosa', project_name = 'GEMARA'; 
INSERT INTO metadata_clinic(clinic_id, isolate_id, sample_type, collection_ward) VALUES ('1355', '172', '1', 'Servicios médicos adultos') ON DUPLICATE KEY UPDATE sample_type = '1', collection_ward = 'Servicios médicos adultos'; 
INSERT INTO phenotypic_data(phenotypic_data_id, isolate_id, ecdc_resistance_profile, cloxa_test, mbl_test) VALUES ('1355', '172', 'XDR', 's/+', '-') ON DUPLICATE KEY UPDATE ecdc_resistance_profile = 'XDR', cloxa_test = 's/+', mbl_test = '-'; 
INSERT INTO sequence_analysis(sequence_analysis_id, isolate_id, ame_loci, beta_lactamase_loci, carbapenemase_loci, other_acq_ab_loci) VALUES ('172', '172', 'aadB', '-', '-', '-') ON DUPLICATE KEY UPDATE ame_loci = 'aadB', beta_lactamase_loci = '-', carbapenemase_loci = '-', other_acq_ab_loci = '-'; 
INSERT INTO metadata_general(isolate_id, isolate_name, species, project_name) VALUES ('1371', 'MUR01-003', 'Pseudomonas aeruginosa', 'GEMARA') ON DUPLICATE KEY UPDATE isolate_name = 'MUR01-003', species = 'Pseudomonas aeruginosa', project_name = 'GEMARA'; 
INSERT INTO metadata_clinic(clinic_id, isolate_id, sample_type, collection_ward) VALUES ('1356', '1371', '5', 'Consultas externas') ON DUPLICATE KEY UPDATE sample_type = '5', collection_ward = 'Consultas externas'; 
INSERT INTO phenotypic_data(phenotypic_data_id, isolate_id, ecdc_resistance_profile, cloxa_test, mbl_test) VALUES ('1356', '1371', 'S', '-', '-') ON DUPLICATE KEY UPDATE ecdc_resistance_profile = 'S', cloxa_test = '-', mbl_test = '-'; 
INSERT INTO sequence_analysis(sequence_analysis_id, isolate_id, ame_loci, beta_lactamase_loci, carbapenemase_loci, other_acq_ab_loci) VALUES ('1371', '1371', '-', '-', '-', '-') ON DUPLICATE KEY UPDATE ame_loci = '-', beta_lactamase_loci = '-', carbapenemase_loci = '-', other_acq_ab_loci = '-'; 
INSERT INTO metadata_general(isolate_id, isolate_name, species, project_name) VALUES ('1372', 'MUR01-004', 'Pseudomonas aeruginosa', 'GEMARA') ON DUPLICATE KEY UPDATE isolate_name = 'MUR01-004', species = 'Pseudomonas aeruginosa', project_name = 'GEMARA'; 
INSERT INTO metadata_clinic(clinic_id, isolate_id, sample_type, collection_ward) VALUES ('1357', '1372', '1', 'Servicios médicos adultos') ON DUPLICATE KEY UPDATE sample_type = '1', collection_ward = 'Servicios médicos adultos'; 
INSERT INTO phenotypic_data(phenotypic_data_id, isolate_id, ecdc_resistance_profile, cloxa_test, mbl_test) VALUES ('1357', '1372', 'S', '-', '-') ON DUPLICATE KEY UPDATE ecdc_resistance_profile = 'S', cloxa_test = '-', mbl_test = '-'; 
INSERT INTO sequence_analysis(sequence_analysis_id, isolate_id, ame_loci, beta_lactamase_loci, carbapenemase_loci, other_acq_ab_loci) VALUES ('1372', '1372', '-', '-', '-', '-') ON DUPLICATE KEY UPDATE ame_loci = '-', beta_lactamase_loci = '-', carbapenemase_loci = '-', other_acq_ab_loci = '-'; 
INSERT INTO metadata_general(isolate_id, isolate_name, species, project_name) VALUES ('1373', 'MUR01-005', 'Pseudomonas aeruginosa', 'GEMARA') ON DUPLICATE KEY UPDATE isolate_name = 'MUR01-005', species = 'Pseudomonas aeruginosa', project_name = 'GEMARA'; 
INSERT INTO metadata_clinic(clinic_id, isolate_id, sample_type, collection_ward) VALUES ('1358', '1373', '20', 'Otros') ON DUPLICATE KEY UPDATE sample_type = '20', collection_ward = 'Otros'; 
INSERT INTO phenotypic_data(phenotypic_data_id, isolate_id, ecdc_resistance_profile, cloxa_test, mbl_test) VALUES ('1358', '1373', 'S', '-', '-') ON DUPLICATE KEY UPDATE ecdc_resistance_profile = 'S', cloxa_test = '-', mbl_test = '-'; 
INSERT INTO sequence_analysis(sequence_analysis_id, isolate_id, ame_loci, beta_lactamase_loci, carbapenemase_loci, other_acq_ab_loci) VALUES ('1373', '1373', '-', '-', '-', '-') ON DUPLICATE KEY UPDATE ame_loci = '-', beta_lactamase_loci = '-', carbapenemase_loci = '-', other_acq_ab_loci = '-'; 
INSERT INTO metadata_general(isolate_id, isolate_name, species, project_name) VALUES ('1374', 'MUR01-011', 'Pseudomonas aeruginosa', 'GEMARA') ON DUPLICATE KEY UPDATE isolate_name = 'MUR01-011', species = 'Pseudomonas aeruginosa', project_name = 'GEMARA'; 
INSERT INTO metadata_clinic(clinic_id, isolate_id, sample_type, collection_ward) VALUES ('1359', '1374', '1', 'Servicios médicos adultos') ON DUPLICATE KEY UPDATE sample_type = '1', collection_ward = 'Servicios médicos adultos'; 
INSERT INTO phenotypic_data(phenotypic_data_id, isolate_id, ecdc_resistance_profile, cloxa_test, mbl_test) VALUES ('1359', '1374', 'S', '-', '-') ON DUPLICATE KEY UPDATE ecdc_resistance_profile = 'S', cloxa_test = '-', mbl_test = '-'; 
INSERT INTO sequence_analysis(sequence_analysis_id, isolate_id, ame_loci, beta_lactamase_loci, carbapenemase_loci, other_acq_ab_loci) VALUES ('1374', '1374', '-', '-', '-', '-') ON DUPLICATE KEY UPDATE ame_loci = '-', beta_lactamase_loci = '-', carbapenemase_loci = '-', other_acq_ab_loci = '-'; 
INSERT INTO metadata_general(isolate_id, isolate_name, species, project_name) VALUES ('1375', 'MUR01-013', 'Pseudomonas aeruginosa', 'GEMARA') ON DUPLICATE KEY UPDATE isolate_name = 'MUR01-013', species = 'Pseudomonas aeruginosa', project_name = 'GEMARA'; 
INSERT INTO metadata_clinic(clinic_id, isolate_id, sample_type, collection_ward) VALUES ('1360', '1375', '31', 'Servicios médicos adultos') ON DUPLICATE KEY UPDATE sample_type = '31', collection_ward = 'Servicios médicos adultos'; 
INSERT INTO phenotypic_data(phenotypic_data_id, isolate_id, ecdc_resistance_profile, cloxa_test, mbl_test) VALUES ('1360', '1375', 'S', '-', '-') ON DUPLICATE KEY UPDATE ecdc_resistance_profile = 'S', cloxa_test = '-', mbl_test = '-'; 
INSERT INTO sequence_analysis(sequence_analysis_id, isolate_id, ame_loci, beta_lactamase_loci, carbapenemase_loci, other_acq_ab_loci) VALUES ('1375', '1375', '-', '-', '-', '-') ON DUPLICATE KEY UPDATE ame_loci = '-', beta_lactamase_loci = '-', carbapenemase_loci = '-', other_acq_ab_loci = '-'; 
INSERT INTO metadata_general(isolate_id, isolate_name, species, project_name) VALUES ('1376', 'MUR01-015', 'Pseudomonas aeruginosa', 'GEMARA') ON DUPLICATE KEY UPDATE isolate_name = 'MUR01-015', species = 'Pseudomonas aeruginosa', project_name = 'GEMARA'; 
INSERT INTO metadata_clinic(clinic_id, isolate_id, sample_type, collection_ward) VALUES ('1361', '1376', '5', 'Urgencias adultos') ON DUPLICATE KEY UPDATE sample_type = '5', collection_ward = 'Urgencias adultos'; 
INSERT INTO phenotypic_data(phenotypic_data_id, isolate_id, ecdc_resistance_profile, cloxa_test, mbl_test) VALUES ('1361', '1376', 'S', '-', '-') ON DUPLICATE KEY UPDATE ecdc_resistance_profile = 'S', cloxa_test = '-', mbl_test = '-'; 
INSERT INTO sequence_analysis(sequence_analysis_id, isolate_id, ame_loci, beta_lactamase_loci, carbapenemase_loci, other_acq_ab_loci) VALUES ('1376', '1376', '-', '-', '-', '-') ON DUPLICATE KEY UPDATE ame_loci = '-', beta_lactamase_loci = '-', carbapenemase_loci = '-', other_acq_ab_loci = '-'; 
INSERT INTO metadata_general(isolate_id, isolate_name, species, project_name) VALUES ('1377', 'MUR01-024', 'Pseudomonas aeruginosa', 'GEMARA') ON DUPLICATE KEY UPDATE isolate_name = 'MUR01-024', species = 'Pseudomonas aeruginosa', project_name = 'GEMARA'; 
INSERT INTO metadata_clinic(clinic_id, isolate_id, sample_type, collection_ward) VALUES ('1362', '1377', '1', 'Servicios médicos adultos') ON DUPLICATE KEY UPDATE sample_type = '1', collection_ward = 'Servicios médicos adultos'; 
INSERT INTO phenotypic_data(phenotypic_data_id, isolate_id, ecdc_resistance_profile, cloxa_test, mbl_test) VALUES ('1362', '1377', 'S', '-', '-') ON DUPLICATE KEY UPDATE ecdc_resistance_profile = 'S', cloxa_test = '-', mbl_test = '-'; 
INSERT INTO sequence_analysis(sequence_analysis_id, isolate_id, ame_loci, beta_lactamase_loci, carbapenemase_loci, other_acq_ab_loci) VALUES ('1377', '1377', '-', '-', '-', '-') ON DUPLICATE KEY UPDATE ame_loci = '-', beta_lactamase_loci = '-', carbapenemase_loci = '-', other_acq_ab_loci = '-'; 
INSERT INTO metadata_general(isolate_id, isolate_name, species, project_name) VALUES ('1378', 'MUR01-032', 'Pseudomonas aeruginosa', 'GEMARA') ON DUPLICATE KEY UPDATE isolate_name = 'MUR01-032', species = 'Pseudomonas aeruginosa', project_name = 'GEMARA'; 
INSERT INTO metadata_clinic(clinic_id, isolate_id, sample_type, collection_ward) VALUES ('1363', '1378', '7', 'Consultas externas') ON DUPLICATE KEY UPDATE sample_type = '7', collection_ward = 'Consultas externas'; 
INSERT INTO phenotypic_data(phenotypic_data_id, isolate_id, ecdc_resistance_profile, cloxa_test, mbl_test) VALUES ('1363', '1378', 'S', '-', '-') ON DUPLICATE KEY UPDATE ecdc_resistance_profile = 'S', cloxa_test = '-', mbl_test = '-'; 
INSERT INTO sequence_analysis(sequence_analysis_id, isolate_id, ame_loci, beta_lactamase_loci, carbapenemase_loci, other_acq_ab_loci) VALUES ('1378', '1378', '-', '-', '-', '-') ON DUPLICATE KEY UPDATE ame_loci = '-', beta_lactamase_loci = '-', carbapenemase_loci = '-', other_acq_ab_loci = '-'; 
INSERT INTO metadata_general(isolate_id, isolate_name, species, project_name) VALUES ('1379', 'MUR01-006', 'Pseudomonas aeruginosa', 'GEMARA') ON DUPLICATE KEY UPDATE isolate_name = 'MUR01-006', species = 'Pseudomonas aeruginosa', project_name = 'GEMARA'; 
INSERT INTO metadata_clinic(clinic_id, isolate_id, sample_type, collection_ward) VALUES ('1364', '1379', '15', 'Servicios quirúrgicos adultos') ON DUPLICATE KEY UPDATE sample_type = '15', collection_ward = 'Servicios quirúrgicos adultos'; 
INSERT INTO phenotypic_data(phenotypic_data_id, isolate_id, ecdc_resistance_profile, cloxa_test, mbl_test) VALUES ('1364', '1379', 'S', '-', '-') ON DUPLICATE KEY UPDATE ecdc_resistance_profile = 'S', cloxa_test = '-', mbl_test = '-'; 
INSERT INTO sequence_analysis(sequence_analysis_id, isolate_id, ame_loci, beta_lactamase_loci, carbapenemase_loci, other_acq_ab_loci) VALUES ('1379', '1379', '-', '-', '-', '-') ON DUPLICATE KEY UPDATE ame_loci = '-', beta_lactamase_loci = '-', carbapenemase_loci = '-', other_acq_ab_loci = '-'; 
INSERT INTO metadata_general(isolate_id, isolate_name, species, project_name) VALUES ('1380', 'MUR01-007', 'Pseudomonas aeruginosa', 'GEMARA') ON DUPLICATE KEY UPDATE isolate_name = 'MUR01-007', species = 'Pseudomonas aeruginosa', project_name = 'GEMARA'; 
INSERT INTO metadata_clinic(clinic_id, isolate_id, sample_type, collection_ward) VALUES ('1365', '1380', '15', 'Servicios quirúrgicos adultos') ON DUPLICATE KEY UPDATE sample_type = '15', collection_ward = 'Servicios quirúrgicos adultos'; 
INSERT INTO phenotypic_data(phenotypic_data_id, isolate_id, ecdc_resistance_profile, cloxa_test, mbl_test) VALUES ('1365', '1380', 'S', '-', '-') ON DUPLICATE KEY UPDATE ecdc_resistance_profile = 'S', cloxa_test = '-', mbl_test = '-'; 
INSERT INTO sequence_analysis(sequence_analysis_id, isolate_id, ame_loci, beta_lactamase_loci, carbapenemase_loci, other_acq_ab_loci) VALUES ('1380', '1380', '-', '-', '-', '-') ON DUPLICATE KEY UPDATE ame_loci = '-', beta_lactamase_loci = '-', carbapenemase_loci = '-', other_acq_ab_loci = '-'; 
INSERT INTO metadata_general(isolate_id, isolate_name, species, project_name) VALUES ('1381', 'MUR01-017', 'Pseudomonas aeruginosa', 'GEMARA') ON DUPLICATE KEY UPDATE isolate_name = 'MUR01-017', species = 'Pseudomonas aeruginosa', project_name = 'GEMARA'; 
INSERT INTO metadata_clinic(clinic_id, isolate_id, sample_type, collection_ward) VALUES ('1366', '1381', '17', 'Servicios médicos adultos') ON DUPLICATE KEY UPDATE sample_type = '17', collection_ward = 'Servicios médicos adultos'; 
INSERT INTO phenotypic_data(phenotypic_data_id, isolate_id, ecdc_resistance_profile, cloxa_test, mbl_test) VALUES ('1366', '1381', 'S', '-', '-') ON DUPLICATE KEY UPDATE ecdc_resistance_profile = 'S', cloxa_test = '-', mbl_test = '-'; 
INSERT INTO sequence_analysis(sequence_analysis_id, isolate_id, ame_loci, beta_lactamase_loci, carbapenemase_loci, other_acq_ab_loci) VALUES ('1381', '1381', '-', '-', '-', '-') ON DUPLICATE KEY UPDATE ame_loci = '-', beta_lactamase_loci = '-', carbapenemase_loci = '-', other_acq_ab_loci = '-'; 
INSERT INTO metadata_general(isolate_id, isolate_name, species, project_name) VALUES ('1382', 'MUR01-002', 'Pseudomonas aeruginosa', 'GEMARA') ON DUPLICATE KEY UPDATE isolate_name = 'MUR01-002', species = 'Pseudomonas aeruginosa', project_name = 'GEMARA'; 
INSERT INTO metadata_clinic(clinic_id, isolate_id, sample_type, collection_ward) VALUES ('1367', '1382', '4', 'Servicios médicos adultos') ON DUPLICATE KEY UPDATE sample_type = '4', collection_ward = 'Servicios médicos adultos'; 
INSERT INTO phenotypic_data(phenotypic_data_id, isolate_id, ecdc_resistance_profile, cloxa_test, mbl_test) VALUES ('1367', '1382', 'S', '-', '-') ON DUPLICATE KEY UPDATE ecdc_resistance_profile = 'S', cloxa_test = '-', mbl_test = '-'; 
INSERT INTO sequence_analysis(sequence_analysis_id, isolate_id, ame_loci, beta_lactamase_loci, carbapenemase_loci, other_acq_ab_loci) VALUES ('1382', '1382', '-', '-', '-', '-') ON DUPLICATE KEY UPDATE ame_loci = '-', beta_lactamase_loci = '-', carbapenemase_loci = '-', other_acq_ab_loci = '-'; 
INSERT INTO metadata_general(isolate_id, isolate_name, species, project_name) VALUES ('1383', 'MUR01-027', 'Pseudomonas aeruginosa', 'GEMARA') ON DUPLICATE KEY UPDATE isolate_name = 'MUR01-027', species = 'Pseudomonas aeruginosa', project_name = 'GEMARA'; 
INSERT INTO metadata_clinic(clinic_id, isolate_id, sample_type, collection_ward) VALUES ('1368', '1383', '7', 'UCI Adultos') ON DUPLICATE KEY UPDATE sample_type = '7', collection_ward = 'UCI Adultos'; 
INSERT INTO phenotypic_data(phenotypic_data_id, isolate_id, ecdc_resistance_profile, cloxa_test, mbl_test) VALUES ('1368', '1383', 'S', '-', '-') ON DUPLICATE KEY UPDATE ecdc_resistance_profile = 'S', cloxa_test = '-', mbl_test = '-'; 
INSERT INTO sequence_analysis(sequence_analysis_id, isolate_id, ame_loci, beta_lactamase_loci, carbapenemase_loci, other_acq_ab_loci) VALUES ('1383', '1383', '-', '-', '-', '-') ON DUPLICATE KEY UPDATE ame_loci = '-', beta_lactamase_loci = '-', carbapenemase_loci = '-', other_acq_ab_loci = '-'; 
INSERT INTO metadata_general(isolate_id, isolate_name, species, project_name) VALUES ('1384', 'MUR01-014', 'Pseudomonas aeruginosa', 'GEMARA') ON DUPLICATE KEY UPDATE isolate_name = 'MUR01-014', species = 'Pseudomonas aeruginosa', project_name = 'GEMARA'; 
INSERT INTO metadata_clinic(clinic_id, isolate_id, sample_type, collection_ward) VALUES ('1369', '1384', '9', 'Servicios médicos adultos') ON DUPLICATE KEY UPDATE sample_type = '9', collection_ward = 'Servicios médicos adultos'; 
INSERT INTO phenotypic_data(phenotypic_data_id, isolate_id, ecdc_resistance_profile, cloxa_test, mbl_test) VALUES ('1369', '1384', 'S', '-', '-') ON DUPLICATE KEY UPDATE ecdc_resistance_profile = 'S', cloxa_test = '-', mbl_test = '-'; 
INSERT INTO sequence_analysis(sequence_analysis_id, isolate_id, ame_loci, beta_lactamase_loci, carbapenemase_loci, other_acq_ab_loci) VALUES ('1384', '1384', '-', '-', '-', '-') ON DUPLICATE KEY UPDATE ame_loci = '-', beta_lactamase_loci = '-', carbapenemase_loci = '-', other_acq_ab_loci = '-'; 
INSERT INTO metadata_general(isolate_id, isolate_name, species, project_name) VALUES ('1385', 'MUR01-010', 'Pseudomonas aeruginosa', 'GEMARA') ON DUPLICATE KEY UPDATE isolate_name = 'MUR01-010', species = 'Pseudomonas aeruginosa', project_name = 'GEMARA'; 
INSERT INTO metadata_clinic(clinic_id, isolate_id, sample_type, collection_ward) VALUES ('1370', '1385', '9', 'Servicios quirúrgicos adultos') ON DUPLICATE KEY UPDATE sample_type = '9', collection_ward = 'Servicios quirúrgicos adultos'; 
INSERT INTO phenotypic_data(phenotypic_data_id, isolate_id, ecdc_resistance_profile, cloxa_test, mbl_test) VALUES ('1370', '1385', 'S', '-', '-') ON DUPLICATE KEY UPDATE ecdc_resistance_profile = 'S', cloxa_test = '-', mbl_test = '-'; 
INSERT INTO sequence_analysis(sequence_analysis_id, isolate_id, ame_loci, beta_lactamase_loci, carbapenemase_loci, other_acq_ab_loci) VALUES ('1385', '1385', '-', '-', '-', '-') ON DUPLICATE KEY UPDATE ame_loci = '-', beta_lactamase_loci = '-', carbapenemase_loci = '-', other_acq_ab_loci = '-'; 
INSERT INTO metadata_general(isolate_id, isolate_name, species, project_name) VALUES ('1386', 'MUR01-029', 'Pseudomonas aeruginosa', 'GEMARA') ON DUPLICATE KEY UPDATE isolate_name = 'MUR01-029', species = 'Pseudomonas aeruginosa', project_name = 'GEMARA'; 
INSERT INTO metadata_clinic(clinic_id, isolate_id, sample_type, collection_ward) VALUES ('1371', '1386', '1', 'Consultas externas') ON DUPLICATE KEY UPDATE sample_type = '1', collection_ward = 'Consultas externas'; 
INSERT INTO phenotypic_data(phenotypic_data_id, isolate_id, ecdc_resistance_profile, cloxa_test, mbl_test) VALUES ('1371', '1386', 'S', '-', '-') ON DUPLICATE KEY UPDATE ecdc_resistance_profile = 'S', cloxa_test = '-', mbl_test = '-'; 
INSERT INTO sequence_analysis(sequence_analysis_id, isolate_id, ame_loci, beta_lactamase_loci, carbapenemase_loci, other_acq_ab_loci) VALUES ('1386', '1386', '-', '-', '-', '-') ON DUPLICATE KEY UPDATE ame_loci = '-', beta_lactamase_loci = '-', carbapenemase_loci = '-', other_acq_ab_loci = '-'; 
INSERT INTO metadata_general(isolate_id, isolate_name, species, project_name) VALUES ('1387', 'MUR01-001', 'Pseudomonas aeruginosa', 'GEMARA') ON DUPLICATE KEY UPDATE isolate_name = 'MUR01-001', species = 'Pseudomonas aeruginosa', project_name = 'GEMARA'; 
INSERT INTO metadata_clinic(clinic_id, isolate_id, sample_type, collection_ward) VALUES ('1372', '1387', '16', 'UCI Adultos') ON DUPLICATE KEY UPDATE sample_type = '16', collection_ward = 'UCI Adultos'; 
INSERT INTO phenotypic_data(phenotypic_data_id, isolate_id, ecdc_resistance_profile, cloxa_test, mbl_test) VALUES ('1372', '1387', 'S', '-', '-') ON DUPLICATE KEY UPDATE ecdc_resistance_profile = 'S', cloxa_test = '-', mbl_test = '-'; 
INSERT INTO sequence_analysis(sequence_analysis_id, isolate_id, ame_loci, beta_lactamase_loci, carbapenemase_loci, other_acq_ab_loci) VALUES ('1387', '1387', '-', '-', '-', '-') ON DUPLICATE KEY UPDATE ame_loci = '-', beta_lactamase_loci = '-', carbapenemase_loci = '-', other_acq_ab_loci = '-'; 
INSERT INTO metadata_general(isolate_id, isolate_name, species, project_name) VALUES ('1388', 'MUR01-012', 'Pseudomonas aeruginosa', 'GEMARA') ON DUPLICATE KEY UPDATE isolate_name = 'MUR01-012', species = 'Pseudomonas aeruginosa', project_name = 'GEMARA'; 
INSERT INTO metadata_clinic(clinic_id, isolate_id, sample_type, collection_ward) VALUES ('1373', '1388', '15', 'Servicios quirúrgicos adultos') ON DUPLICATE KEY UPDATE sample_type = '15', collection_ward = 'Servicios quirúrgicos adultos'; 
INSERT INTO phenotypic_data(phenotypic_data_id, isolate_id, ecdc_resistance_profile, cloxa_test, mbl_test) VALUES ('1373', '1388', 'S', '-', '-') ON DUPLICATE KEY UPDATE ecdc_resistance_profile = 'S', cloxa_test = '-', mbl_test = '-'; 
INSERT INTO sequence_analysis(sequence_analysis_id, isolate_id, ame_loci, beta_lactamase_loci, carbapenemase_loci, other_acq_ab_loci) VALUES ('1388', '1388', '-', '-', '-', '-') ON DUPLICATE KEY UPDATE ame_loci = '-', beta_lactamase_loci = '-', carbapenemase_loci = '-', other_acq_ab_loci = '-'; 
INSERT INTO metadata_general(isolate_id, isolate_name, species, project_name) VALUES ('1389', 'MUR01-023', 'Pseudomonas aeruginosa', 'GEMARA') ON DUPLICATE KEY UPDATE isolate_name = 'MUR01-023', species = 'Pseudomonas aeruginosa', project_name = 'GEMARA'; 
INSERT INTO metadata_clinic(clinic_id, isolate_id, sample_type, collection_ward) VALUES ('1374', '1389', '1', 'Consultas externas') ON DUPLICATE KEY UPDATE sample_type = '1', collection_ward = 'Consultas externas'; 
INSERT INTO phenotypic_data(phenotypic_data_id, isolate_id, ecdc_resistance_profile, cloxa_test, mbl_test) VALUES ('1374', '1389', 'S', '-', '-') ON DUPLICATE KEY UPDATE ecdc_resistance_profile = 'S', cloxa_test = '-', mbl_test = '-'; 
INSERT INTO sequence_analysis(sequence_analysis_id, isolate_id, ame_loci, beta_lactamase_loci, carbapenemase_loci, other_acq_ab_loci) VALUES ('1389', '1389', '-', '-', '-', '-') ON DUPLICATE KEY UPDATE ame_loci = '-', beta_lactamase_loci = '-', carbapenemase_loci = '-', other_acq_ab_loci = '-'; 
INSERT INTO metadata_general(isolate_id, isolate_name, species, project_name) VALUES ('1390', 'MUR01-028', 'Pseudomonas aeruginosa', 'GEMARA') ON DUPLICATE KEY UPDATE isolate_name = 'MUR01-028', species = 'Pseudomonas aeruginosa', project_name = 'GEMARA'; 
INSERT INTO metadata_clinic(clinic_id, isolate_id, sample_type, collection_ward) VALUES ('1375', '1390', '5', 'Urgencias pediatría') ON DUPLICATE KEY UPDATE sample_type = '5', collection_ward = 'Urgencias pediatría'; 
INSERT INTO phenotypic_data(phenotypic_data_id, isolate_id, ecdc_resistance_profile, cloxa_test, mbl_test) VALUES ('1375', '1390', 'S', '-', '-') ON DUPLICATE KEY UPDATE ecdc_resistance_profile = 'S', cloxa_test = '-', mbl_test = '-'; 
INSERT INTO sequence_analysis(sequence_analysis_id, isolate_id, ame_loci, beta_lactamase_loci, carbapenemase_loci, other_acq_ab_loci) VALUES ('1390', '1390', '-', '-', '-', '-') ON DUPLICATE KEY UPDATE ame_loci = '-', beta_lactamase_loci = '-', carbapenemase_loci = '-', other_acq_ab_loci = '-'; 
INSERT INTO metadata_general(isolate_id, isolate_name, species, project_name) VALUES ('1391', 'MUR01-035', 'Pseudomonas aeruginosa', 'GEMARA') ON DUPLICATE KEY UPDATE isolate_name = 'MUR01-035', species = 'Pseudomonas aeruginosa', project_name = 'GEMARA'; 
INSERT INTO metadata_clinic(clinic_id, isolate_id, sample_type, collection_ward) VALUES ('1376', '1391', '7', 'Otros') ON DUPLICATE KEY UPDATE sample_type = '7', collection_ward = 'Otros'; 
INSERT INTO phenotypic_data(phenotypic_data_id, isolate_id, ecdc_resistance_profile, cloxa_test, mbl_test) VALUES ('1376', '1391', 'S', '-', '-') ON DUPLICATE KEY UPDATE ecdc_resistance_profile = 'S', cloxa_test = '-', mbl_test = '-'; 
INSERT INTO sequence_analysis(sequence_analysis_id, isolate_id, ame_loci, beta_lactamase_loci, carbapenemase_loci, other_acq_ab_loci) VALUES ('1391', '1391', '-', '-', '-', '-') ON DUPLICATE KEY UPDATE ame_loci = '-', beta_lactamase_loci = '-', carbapenemase_loci = '-', other_acq_ab_loci = '-'; 
INSERT INTO metadata_general(isolate_id, isolate_name, species, project_name) VALUES ('1392', 'MUR01-020', 'Pseudomonas aeruginosa', 'GEMARA') ON DUPLICATE KEY UPDATE isolate_name = 'MUR01-020', species = 'Pseudomonas aeruginosa', project_name = 'GEMARA'; 
INSERT INTO metadata_clinic(clinic_id, isolate_id, sample_type, collection_ward) VALUES ('1377', '1392', '15', 'Servicios quirúrgicos adultos') ON DUPLICATE KEY UPDATE sample_type = '15', collection_ward = 'Servicios quirúrgicos adultos'; 
INSERT INTO phenotypic_data(phenotypic_data_id, isolate_id, ecdc_resistance_profile, cloxa_test, mbl_test) VALUES ('1377', '1392', 'S', '-', '-') ON DUPLICATE KEY UPDATE ecdc_resistance_profile = 'S', cloxa_test = '-', mbl_test = '-'; 
INSERT INTO sequence_analysis(sequence_analysis_id, isolate_id, ame_loci, beta_lactamase_loci, carbapenemase_loci, other_acq_ab_loci) VALUES ('1392', '1392', '-', '-', '-', '-') ON DUPLICATE KEY UPDATE ame_loci = '-', beta_lactamase_loci = '-', carbapenemase_loci = '-', other_acq_ab_loci = '-'; 
INSERT INTO metadata_general(isolate_id, isolate_name, species, project_name) VALUES ('1393', 'MUR01-022', 'Pseudomonas aeruginosa', 'GEMARA') ON DUPLICATE KEY UPDATE isolate_name = 'MUR01-022', species = 'Pseudomonas aeruginosa', project_name = 'GEMARA'; 
INSERT INTO metadata_clinic(clinic_id, isolate_id, sample_type, collection_ward) VALUES ('1378', '1393', '4', 'Servicios quirúrgicos adultos') ON DUPLICATE KEY UPDATE sample_type = '4', collection_ward = 'Servicios quirúrgicos adultos'; 
INSERT INTO phenotypic_data(phenotypic_data_id, isolate_id, ecdc_resistance_profile, cloxa_test, mbl_test) VALUES ('1378', '1393', 'S', '-', '-') ON DUPLICATE KEY UPDATE ecdc_resistance_profile = 'S', cloxa_test = '-', mbl_test = '-'; 
INSERT INTO sequence_analysis(sequence_analysis_id, isolate_id, ame_loci, beta_lactamase_loci, carbapenemase_loci, other_acq_ab_loci) VALUES ('1393', '1393', '-', '-', '-', '-') ON DUPLICATE KEY UPDATE ame_loci = '-', beta_lactamase_loci = '-', carbapenemase_loci = '-', other_acq_ab_loci = '-'; 
INSERT INTO metadata_general(isolate_id, isolate_name, species, project_name) VALUES ('174', 'MUR01-009', 'Pseudomonas aeruginosa', 'GEMARA') ON DUPLICATE KEY UPDATE isolate_name = 'MUR01-009', species = 'Pseudomonas aeruginosa', project_name = 'GEMARA'; 
INSERT INTO metadata_clinic(clinic_id, isolate_id, sample_type, collection_ward) VALUES ('1379', '174', '5', 'Servicios médicos adultos') ON DUPLICATE KEY UPDATE sample_type = '5', collection_ward = 'Servicios médicos adultos'; 
INSERT INTO phenotypic_data(phenotypic_data_id, isolate_id, ecdc_resistance_profile, cloxa_test, mbl_test) VALUES ('1379', '174', 'XDR', '+/+', '-') ON DUPLICATE KEY UPDATE ecdc_resistance_profile = 'XDR', cloxa_test = '+/+', mbl_test = '-'; 
INSERT INTO sequence_analysis(sequence_analysis_id, isolate_id, ame_loci, beta_lactamase_loci, carbapenemase_loci, other_acq_ab_loci) VALUES ('174', '174', '-', '-', '-', '-') ON DUPLICATE KEY UPDATE ame_loci = '-', beta_lactamase_loci = '-', carbapenemase_loci = '-', other_acq_ab_loci = '-'; 
INSERT INTO metadata_general(isolate_id, isolate_name, species, project_name) VALUES ('178', 'MUR01-033', 'Pseudomonas aeruginosa', 'GEMARA') ON DUPLICATE KEY UPDATE isolate_name = 'MUR01-033', species = 'Pseudomonas aeruginosa', project_name = 'GEMARA'; 
INSERT INTO metadata_clinic(clinic_id, isolate_id, sample_type, collection_ward) VALUES ('1380', '178', '31', 'UCI Adultos') ON DUPLICATE KEY UPDATE sample_type = '31', collection_ward = 'UCI Adultos'; 
INSERT INTO phenotypic_data(phenotypic_data_id, isolate_id, ecdc_resistance_profile, cloxa_test, mbl_test) VALUES ('1380', '178', 'XDR', '+/+', '-') ON DUPLICATE KEY UPDATE ecdc_resistance_profile = 'XDR', cloxa_test = '+/+', mbl_test = '-'; 
INSERT INTO sequence_analysis(sequence_analysis_id, isolate_id, ame_loci, beta_lactamase_loci, carbapenemase_loci, other_acq_ab_loci) VALUES ('178', '178', 'aac(6´)-31', 'blaOXA-2', '-', '-') ON DUPLICATE KEY UPDATE ame_loci = 'aac(6´)-31', beta_lactamase_loci = 'blaOXA-2', carbapenemase_loci = '-', other_acq_ab_loci = '-'; 
INSERT INTO metadata_general(isolate_id, isolate_name, species, project_name) VALUES ('175', 'MUR01-018', 'Pseudomonas aeruginosa', 'GEMARA') ON DUPLICATE KEY UPDATE isolate_name = 'MUR01-018', species = 'Pseudomonas aeruginosa', project_name = 'GEMARA'; 
INSERT INTO metadata_clinic(clinic_id, isolate_id, sample_type, collection_ward) VALUES ('1381', '175', '6', 'Servicios médicos adultos') ON DUPLICATE KEY UPDATE sample_type = '6', collection_ward = 'Servicios médicos adultos'; 
INSERT INTO phenotypic_data(phenotypic_data_id, isolate_id, ecdc_resistance_profile, cloxa_test, mbl_test) VALUES ('1381', '175', 'XDR', '-/-', '+') ON DUPLICATE KEY UPDATE ecdc_resistance_profile = 'XDR', cloxa_test = '-/-', mbl_test = '+'; 
INSERT INTO sequence_analysis(sequence_analysis_id, isolate_id, ame_loci, beta_lactamase_loci, carbapenemase_loci, other_acq_ab_loci) VALUES ('175', '175', 'aac(6\')-31, aac(3)-I', '-', 'blaIMP-33', '-') ON DUPLICATE KEY UPDATE ame_loci = 'aac(6\')-31, aac(3)-I', beta_lactamase_loci = '-', carbapenemase_loci = 'blaIMP-33', other_acq_ab_loci = '-'; 
INSERT INTO metadata_general(isolate_id, isolate_name, species, project_name) VALUES ('177', 'MUR01-031', 'Pseudomonas aeruginosa', 'GEMARA') ON DUPLICATE KEY UPDATE isolate_name = 'MUR01-031', species = 'Pseudomonas aeruginosa', project_name = 'GEMARA'; 
INSERT INTO metadata_clinic(clinic_id, isolate_id, sample_type, collection_ward) VALUES ('1382', '177', '7', 'Otros') ON DUPLICATE KEY UPDATE sample_type = '7', collection_ward = 'Otros'; 
INSERT INTO phenotypic_data(phenotypic_data_id, isolate_id, ecdc_resistance_profile, cloxa_test, mbl_test) VALUES ('1382', '177', 'XDR', 's/s', '-') ON DUPLICATE KEY UPDATE ecdc_resistance_profile = 'XDR', cloxa_test = 's/s', mbl_test = '-'; 
INSERT INTO sequence_analysis(sequence_analysis_id, isolate_id, ame_loci, beta_lactamase_loci, carbapenemase_loci, other_acq_ab_loci) VALUES ('177', '177', '-', '-', '-', '-') ON DUPLICATE KEY UPDATE ame_loci = '-', beta_lactamase_loci = '-', carbapenemase_loci = '-', other_acq_ab_loci = '-'; 
INSERT INTO metadata_general(isolate_id, isolate_name, species, project_name) VALUES ('173', 'MUR01-008', 'Pseudomonas aeruginosa', 'GEMARA') ON DUPLICATE KEY UPDATE isolate_name = 'MUR01-008', species = 'Pseudomonas aeruginosa', project_name = 'GEMARA'; 
INSERT INTO metadata_clinic(clinic_id, isolate_id, sample_type, collection_ward) VALUES ('1383', '173', '1', 'Servicios médicos adultos') ON DUPLICATE KEY UPDATE sample_type = '1', collection_ward = 'Servicios médicos adultos'; 
INSERT INTO phenotypic_data(phenotypic_data_id, isolate_id, ecdc_resistance_profile, cloxa_test, mbl_test) VALUES ('1383', '173', 'XDR', '+/+', '-') ON DUPLICATE KEY UPDATE ecdc_resistance_profile = 'XDR', cloxa_test = '+/+', mbl_test = '-'; 
INSERT INTO sequence_analysis(sequence_analysis_id, isolate_id, ame_loci, beta_lactamase_loci, carbapenemase_loci, other_acq_ab_loci) VALUES ('173', '173', '-', '-', '-', '-') ON DUPLICATE KEY UPDATE ame_loci = '-', beta_lactamase_loci = '-', carbapenemase_loci = '-', other_acq_ab_loci = '-'; 
INSERT INTO metadata_general(isolate_id, isolate_name, species, project_name) VALUES ('176', 'MUR01-026', 'Pseudomonas aeruginosa', 'GEMARA') ON DUPLICATE KEY UPDATE isolate_name = 'MUR01-026', species = 'Pseudomonas aeruginosa', project_name = 'GEMARA'; 
INSERT INTO metadata_clinic(clinic_id, isolate_id, sample_type, collection_ward) VALUES ('1384', '176', '9', 'Servicios médicos adultos') ON DUPLICATE KEY UPDATE sample_type = '9', collection_ward = 'Servicios médicos adultos'; 
INSERT INTO phenotypic_data(phenotypic_data_id, isolate_id, ecdc_resistance_profile, cloxa_test, mbl_test) VALUES ('1384', '176', 'XDR', '+/+', '-') ON DUPLICATE KEY UPDATE ecdc_resistance_profile = 'XDR', cloxa_test = '+/+', mbl_test = '-'; 
INSERT INTO sequence_analysis(sequence_analysis_id, isolate_id, ame_loci, beta_lactamase_loci, carbapenemase_loci, other_acq_ab_loci) VALUES ('176', '176', 'aadB', '-', '-', '-') ON DUPLICATE KEY UPDATE ame_loci = 'aadB', beta_lactamase_loci = '-', carbapenemase_loci = '-', other_acq_ab_loci = '-'; 
INSERT INTO metadata_general(isolate_id, isolate_name, species, project_name) VALUES ('1394', 'MUR01-030', 'Pseudomonas aeruginosa', 'GEMARA') ON DUPLICATE KEY UPDATE isolate_name = 'MUR01-030', species = 'Pseudomonas aeruginosa', project_name = 'GEMARA'; 
INSERT INTO metadata_clinic(clinic_id, isolate_id, sample_type, collection_ward) VALUES ('1385', '1394', '22', 'Servicios médicos adultos') ON DUPLICATE KEY UPDATE sample_type = '22', collection_ward = 'Servicios médicos adultos'; 
INSERT INTO phenotypic_data(phenotypic_data_id, isolate_id, ecdc_resistance_profile, cloxa_test, mbl_test) VALUES ('1385', '1394', 'XDR', '-/+', '-') ON DUPLICATE KEY UPDATE ecdc_resistance_profile = 'XDR', cloxa_test = '-/+', mbl_test = '-'; 
INSERT INTO sequence_analysis(sequence_analysis_id, isolate_id, ame_loci, beta_lactamase_loci, carbapenemase_loci, other_acq_ab_loci) VALUES ('1394', '1394', '-', '-', '-', '-') ON DUPLICATE KEY UPDATE ame_loci = '-', beta_lactamase_loci = '-', carbapenemase_loci = '-', other_acq_ab_loci = '-'; 
INSERT INTO metadata_general(isolate_id, isolate_name, species, project_name) VALUES ('1395', 'NAV01-008', 'Pseudomonas aeruginosa', 'GEMARA') ON DUPLICATE KEY UPDATE isolate_name = 'NAV01-008', species = 'Pseudomonas aeruginosa', project_name = 'GEMARA'; 
INSERT INTO metadata_clinic(clinic_id, isolate_id, sample_type, collection_ward) VALUES ('1386', '1395', '1', 'Servicios médicos adultos') ON DUPLICATE KEY UPDATE sample_type = '1', collection_ward = 'Servicios médicos adultos'; 
INSERT INTO phenotypic_data(phenotypic_data_id, isolate_id, ecdc_resistance_profile, cloxa_test, mbl_test) VALUES ('1386', '1395', 'MDR', '-', '-') ON DUPLICATE KEY UPDATE ecdc_resistance_profile = 'MDR', cloxa_test = '-', mbl_test = '-'; 
INSERT INTO sequence_analysis(sequence_analysis_id, isolate_id, ame_loci, beta_lactamase_loci, carbapenemase_loci, other_acq_ab_loci) VALUES ('1395', '1395', '-', '-', '-', '-') ON DUPLICATE KEY UPDATE ame_loci = '-', beta_lactamase_loci = '-', carbapenemase_loci = '-', other_acq_ab_loci = '-'; 
INSERT INTO metadata_general(isolate_id, isolate_name, species, project_name) VALUES ('1396', 'NAV01-032', 'Pseudomonas aeruginosa', 'GEMARA') ON DUPLICATE KEY UPDATE isolate_name = 'NAV01-032', species = 'Pseudomonas aeruginosa', project_name = 'GEMARA'; 
INSERT INTO metadata_clinic(clinic_id, isolate_id, sample_type, collection_ward) VALUES ('1387', '1396', '31', 'Servicios médicos adultos') ON DUPLICATE KEY UPDATE sample_type = '31', collection_ward = 'Servicios médicos adultos'; 
INSERT INTO phenotypic_data(phenotypic_data_id, isolate_id, ecdc_resistance_profile, cloxa_test, mbl_test) VALUES ('1387', '1396', 'MDR', '-', '-') ON DUPLICATE KEY UPDATE ecdc_resistance_profile = 'MDR', cloxa_test = '-', mbl_test = '-'; 
INSERT INTO sequence_analysis(sequence_analysis_id, isolate_id, ame_loci, beta_lactamase_loci, carbapenemase_loci, other_acq_ab_loci) VALUES ('1396', '1396', '-', '-', '-', '-') ON DUPLICATE KEY UPDATE ame_loci = '-', beta_lactamase_loci = '-', carbapenemase_loci = '-', other_acq_ab_loci = '-'; 
INSERT INTO metadata_general(isolate_id, isolate_name, species, project_name) VALUES ('1397', 'NAV01-005', 'Pseudomonas aeruginosa', 'GEMARA') ON DUPLICATE KEY UPDATE isolate_name = 'NAV01-005', species = 'Pseudomonas aeruginosa', project_name = 'GEMARA'; 
INSERT INTO metadata_clinic(clinic_id, isolate_id, sample_type, collection_ward) VALUES ('1388', '1397', '1', 'Consultas externas') ON DUPLICATE KEY UPDATE sample_type = '1', collection_ward = 'Consultas externas'; 
INSERT INTO phenotypic_data(phenotypic_data_id, isolate_id, ecdc_resistance_profile, cloxa_test, mbl_test) VALUES ('1388', '1397', 'MDR', '-', '-') ON DUPLICATE KEY UPDATE ecdc_resistance_profile = 'MDR', cloxa_test = '-', mbl_test = '-'; 
INSERT INTO sequence_analysis(sequence_analysis_id, isolate_id, ame_loci, beta_lactamase_loci, carbapenemase_loci, other_acq_ab_loci) VALUES ('1397', '1397', '-', '-', '-', '-') ON DUPLICATE KEY UPDATE ame_loci = '-', beta_lactamase_loci = '-', carbapenemase_loci = '-', other_acq_ab_loci = '-'; 
INSERT INTO metadata_general(isolate_id, isolate_name, species, project_name) VALUES ('1398', 'NAV01-019', 'Pseudomonas aeruginosa', 'GEMARA') ON DUPLICATE KEY UPDATE isolate_name = 'NAV01-019', species = 'Pseudomonas aeruginosa', project_name = 'GEMARA'; 
INSERT INTO metadata_clinic(clinic_id, isolate_id, sample_type, collection_ward) VALUES ('1389', '1398', '1', 'Servicios médicos adultos') ON DUPLICATE KEY UPDATE sample_type = '1', collection_ward = 'Servicios médicos adultos'; 
INSERT INTO phenotypic_data(phenotypic_data_id, isolate_id, ecdc_resistance_profile, cloxa_test, mbl_test) VALUES ('1389', '1398', 'MDR', '-', '-') ON DUPLICATE KEY UPDATE ecdc_resistance_profile = 'MDR', cloxa_test = '-', mbl_test = '-'; 
INSERT INTO sequence_analysis(sequence_analysis_id, isolate_id, ame_loci, beta_lactamase_loci, carbapenemase_loci, other_acq_ab_loci) VALUES ('1398', '1398', '-', '-', '-', '-') ON DUPLICATE KEY UPDATE ame_loci = '-', beta_lactamase_loci = '-', carbapenemase_loci = '-', other_acq_ab_loci = '-'; 
INSERT INTO metadata_general(isolate_id, isolate_name, species, project_name) VALUES ('1399', 'NAV01-018', 'Pseudomonas aeruginosa', 'GEMARA') ON DUPLICATE KEY UPDATE isolate_name = 'NAV01-018', species = 'Pseudomonas aeruginosa', project_name = 'GEMARA'; 
INSERT INTO metadata_clinic(clinic_id, isolate_id, sample_type, collection_ward) VALUES ('1390', '1399', '5', 'Consultas externas') ON DUPLICATE KEY UPDATE sample_type = '5', collection_ward = 'Consultas externas'; 
INSERT INTO phenotypic_data(phenotypic_data_id, isolate_id, ecdc_resistance_profile, cloxa_test, mbl_test) VALUES ('1390', '1399', 'S', '-', '-') ON DUPLICATE KEY UPDATE ecdc_resistance_profile = 'S', cloxa_test = '-', mbl_test = '-'; 
INSERT INTO sequence_analysis(sequence_analysis_id, isolate_id, ame_loci, beta_lactamase_loci, carbapenemase_loci, other_acq_ab_loci) VALUES ('1399', '1399', '-', '-', '-', '-') ON DUPLICATE KEY UPDATE ame_loci = '-', beta_lactamase_loci = '-', carbapenemase_loci = '-', other_acq_ab_loci = '-'; 
INSERT INTO metadata_general(isolate_id, isolate_name, species, project_name) VALUES ('1400', 'NAV01-009', 'Pseudomonas aeruginosa', 'GEMARA') ON DUPLICATE KEY UPDATE isolate_name = 'NAV01-009', species = 'Pseudomonas aeruginosa', project_name = 'GEMARA'; 
INSERT INTO metadata_clinic(clinic_id, isolate_id, sample_type, collection_ward) VALUES ('1391', '1400', '9', 'Consultas externas') ON DUPLICATE KEY UPDATE sample_type = '9', collection_ward = 'Consultas externas'; 
INSERT INTO phenotypic_data(phenotypic_data_id, isolate_id, ecdc_resistance_profile, cloxa_test, mbl_test) VALUES ('1391', '1400', 'S', '-', '-') ON DUPLICATE KEY UPDATE ecdc_resistance_profile = 'S', cloxa_test = '-', mbl_test = '-'; 
INSERT INTO sequence_analysis(sequence_analysis_id, isolate_id, ame_loci, beta_lactamase_loci, carbapenemase_loci, other_acq_ab_loci) VALUES ('1400', '1400', '-', '-', '-', '-') ON DUPLICATE KEY UPDATE ame_loci = '-', beta_lactamase_loci = '-', carbapenemase_loci = '-', other_acq_ab_loci = '-'; 
INSERT INTO metadata_general(isolate_id, isolate_name, species, project_name) VALUES ('1401', 'NAV01-016', 'Pseudomonas aeruginosa', 'GEMARA') ON DUPLICATE KEY UPDATE isolate_name = 'NAV01-016', species = 'Pseudomonas aeruginosa', project_name = 'GEMARA'; 
INSERT INTO metadata_clinic(clinic_id, isolate_id, sample_type, collection_ward) VALUES ('1392', '1401', '5', 'Consultas externas') ON DUPLICATE KEY UPDATE sample_type = '5', collection_ward = 'Consultas externas'; 
INSERT INTO phenotypic_data(phenotypic_data_id, isolate_id, ecdc_resistance_profile, cloxa_test, mbl_test) VALUES ('1392', '1401', 'S', '-', '-') ON DUPLICATE KEY UPDATE ecdc_resistance_profile = 'S', cloxa_test = '-', mbl_test = '-'; 
INSERT INTO sequence_analysis(sequence_analysis_id, isolate_id, ame_loci, beta_lactamase_loci, carbapenemase_loci, other_acq_ab_loci) VALUES ('1401', '1401', '-', '-', '-', '-') ON DUPLICATE KEY UPDATE ame_loci = '-', beta_lactamase_loci = '-', carbapenemase_loci = '-', other_acq_ab_loci = '-'; 
INSERT INTO metadata_general(isolate_id, isolate_name, species, project_name) VALUES ('1402', 'NAV01-026', 'Pseudomonas aeruginosa', 'GEMARA') ON DUPLICATE KEY UPDATE isolate_name = 'NAV01-026', species = 'Pseudomonas aeruginosa', project_name = 'GEMARA'; 
INSERT INTO metadata_clinic(clinic_id, isolate_id, sample_type, collection_ward) VALUES ('1393', '1402', '9', 'Servicios médicos adultos') ON DUPLICATE KEY UPDATE sample_type = '9', collection_ward = 'Servicios médicos adultos'; 
INSERT INTO phenotypic_data(phenotypic_data_id, isolate_id, ecdc_resistance_profile, cloxa_test, mbl_test) VALUES ('1393', '1402', 'S', '-', '-') ON DUPLICATE KEY UPDATE ecdc_resistance_profile = 'S', cloxa_test = '-', mbl_test = '-'; 
INSERT INTO sequence_analysis(sequence_analysis_id, isolate_id, ame_loci, beta_lactamase_loci, carbapenemase_loci, other_acq_ab_loci) VALUES ('1402', '1402', '-', '-', '-', '-') ON DUPLICATE KEY UPDATE ame_loci = '-', beta_lactamase_loci = '-', carbapenemase_loci = '-', other_acq_ab_loci = '-'; 
INSERT INTO metadata_general(isolate_id, isolate_name, species, project_name) VALUES ('1403', 'NAV01-031', 'Pseudomonas aeruginosa', 'GEMARA') ON DUPLICATE KEY UPDATE isolate_name = 'NAV01-031', species = 'Pseudomonas aeruginosa', project_name = 'GEMARA'; 
INSERT INTO metadata_clinic(clinic_id, isolate_id, sample_type, collection_ward) VALUES ('1394', '1403', '10', 'Consultas externas') ON DUPLICATE KEY UPDATE sample_type = '10', collection_ward = 'Consultas externas'; 
INSERT INTO phenotypic_data(phenotypic_data_id, isolate_id, ecdc_resistance_profile, cloxa_test, mbl_test) VALUES ('1394', '1403', 'S', '-', '-') ON DUPLICATE KEY UPDATE ecdc_resistance_profile = 'S', cloxa_test = '-', mbl_test = '-'; 
INSERT INTO sequence_analysis(sequence_analysis_id, isolate_id, ame_loci, beta_lactamase_loci, carbapenemase_loci, other_acq_ab_loci) VALUES ('1403', '1403', '-', '-', '-', '-') ON DUPLICATE KEY UPDATE ame_loci = '-', beta_lactamase_loci = '-', carbapenemase_loci = '-', other_acq_ab_loci = '-'; 
INSERT INTO metadata_general(isolate_id, isolate_name, species, project_name) VALUES ('1404', 'NAV01-025', 'Pseudomonas aeruginosa', 'GEMARA') ON DUPLICATE KEY UPDATE isolate_name = 'NAV01-025', species = 'Pseudomonas aeruginosa', project_name = 'GEMARA'; 
INSERT INTO metadata_clinic(clinic_id, isolate_id, sample_type, collection_ward) VALUES ('1395', '1404', '9', 'Servicios quirúrgicos adultos') ON DUPLICATE KEY UPDATE sample_type = '9', collection_ward = 'Servicios quirúrgicos adultos'; 
INSERT INTO phenotypic_data(phenotypic_data_id, isolate_id, ecdc_resistance_profile, cloxa_test, mbl_test) VALUES ('1395', '1404', 'S', '-', '-') ON DUPLICATE KEY UPDATE ecdc_resistance_profile = 'S', cloxa_test = '-', mbl_test = '-'; 
INSERT INTO sequence_analysis(sequence_analysis_id, isolate_id, ame_loci, beta_lactamase_loci, carbapenemase_loci, other_acq_ab_loci) VALUES ('1404', '1404', '-', '-', '-', '-') ON DUPLICATE KEY UPDATE ame_loci = '-', beta_lactamase_loci = '-', carbapenemase_loci = '-', other_acq_ab_loci = '-'; 
INSERT INTO metadata_general(isolate_id, isolate_name, species, project_name) VALUES ('1405', 'NAV01-010', 'Pseudomonas aeruginosa', 'GEMARA') ON DUPLICATE KEY UPDATE isolate_name = 'NAV01-010', species = 'Pseudomonas aeruginosa', project_name = 'GEMARA'; 
INSERT INTO metadata_clinic(clinic_id, isolate_id, sample_type, collection_ward) VALUES ('1396', '1405', '1', 'Servicios médicos adultos') ON DUPLICATE KEY UPDATE sample_type = '1', collection_ward = 'Servicios médicos adultos'; 
INSERT INTO phenotypic_data(phenotypic_data_id, isolate_id, ecdc_resistance_profile, cloxa_test, mbl_test) VALUES ('1396', '1405', 'S', '-', '-') ON DUPLICATE KEY UPDATE ecdc_resistance_profile = 'S', cloxa_test = '-', mbl_test = '-'; 
INSERT INTO sequence_analysis(sequence_analysis_id, isolate_id, ame_loci, beta_lactamase_loci, carbapenemase_loci, other_acq_ab_loci) VALUES ('1405', '1405', '-', '-', '-', '-') ON DUPLICATE KEY UPDATE ame_loci = '-', beta_lactamase_loci = '-', carbapenemase_loci = '-', other_acq_ab_loci = '-'; 
INSERT INTO metadata_general(isolate_id, isolate_name, species, project_name) VALUES ('1406', 'NAV01-011', 'Pseudomonas aeruginosa', 'GEMARA') ON DUPLICATE KEY UPDATE isolate_name = 'NAV01-011', species = 'Pseudomonas aeruginosa', project_name = 'GEMARA'; 
INSERT INTO metadata_clinic(clinic_id, isolate_id, sample_type, collection_ward) VALUES ('1397', '1406', '5', 'Servicios quirúrgicos adultos') ON DUPLICATE KEY UPDATE sample_type = '5', collection_ward = 'Servicios quirúrgicos adultos'; 
INSERT INTO phenotypic_data(phenotypic_data_id, isolate_id, ecdc_resistance_profile, cloxa_test, mbl_test) VALUES ('1397', '1406', 'S', '-', '-') ON DUPLICATE KEY UPDATE ecdc_resistance_profile = 'S', cloxa_test = '-', mbl_test = '-'; 
INSERT INTO sequence_analysis(sequence_analysis_id, isolate_id, ame_loci, beta_lactamase_loci, carbapenemase_loci, other_acq_ab_loci) VALUES ('1406', '1406', '-', '-', '-', '-') ON DUPLICATE KEY UPDATE ame_loci = '-', beta_lactamase_loci = '-', carbapenemase_loci = '-', other_acq_ab_loci = '-'; 
INSERT INTO metadata_general(isolate_id, isolate_name, species, project_name) VALUES ('1407', 'NAV01-015', 'Pseudomonas aeruginosa', 'GEMARA') ON DUPLICATE KEY UPDATE isolate_name = 'NAV01-015', species = 'Pseudomonas aeruginosa', project_name = 'GEMARA'; 
INSERT INTO metadata_clinic(clinic_id, isolate_id, sample_type, collection_ward) VALUES ('1398', '1407', '31', 'Servicios médicos adultos') ON DUPLICATE KEY UPDATE sample_type = '31', collection_ward = 'Servicios médicos adultos'; 
INSERT INTO phenotypic_data(phenotypic_data_id, isolate_id, ecdc_resistance_profile, cloxa_test, mbl_test) VALUES ('1398', '1407', 'S', '-', '-') ON DUPLICATE KEY UPDATE ecdc_resistance_profile = 'S', cloxa_test = '-', mbl_test = '-'; 
INSERT INTO sequence_analysis(sequence_analysis_id, isolate_id, ame_loci, beta_lactamase_loci, carbapenemase_loci, other_acq_ab_loci) VALUES ('1407', '1407', '-', '-', '-', '-') ON DUPLICATE KEY UPDATE ame_loci = '-', beta_lactamase_loci = '-', carbapenemase_loci = '-', other_acq_ab_loci = '-'; 
INSERT INTO metadata_general(isolate_id, isolate_name, species, project_name) VALUES ('1408', 'NAV01-020', 'Pseudomonas aeruginosa', 'GEMARA') ON DUPLICATE KEY UPDATE isolate_name = 'NAV01-020', species = 'Pseudomonas aeruginosa', project_name = 'GEMARA'; 
INSERT INTO metadata_clinic(clinic_id, isolate_id, sample_type, collection_ward) VALUES ('1399', '1408', '9', 'Servicios médicos adultos') ON DUPLICATE KEY UPDATE sample_type = '9', collection_ward = 'Servicios médicos adultos'; 
INSERT INTO phenotypic_data(phenotypic_data_id, isolate_id, ecdc_resistance_profile, cloxa_test, mbl_test) VALUES ('1399', '1408', 'S', '-', '-') ON DUPLICATE KEY UPDATE ecdc_resistance_profile = 'S', cloxa_test = '-', mbl_test = '-'; 
INSERT INTO sequence_analysis(sequence_analysis_id, isolate_id, ame_loci, beta_lactamase_loci, carbapenemase_loci, other_acq_ab_loci) VALUES ('1408', '1408', '-', '-', '-', '-') ON DUPLICATE KEY UPDATE ame_loci = '-', beta_lactamase_loci = '-', carbapenemase_loci = '-', other_acq_ab_loci = '-'; 
INSERT INTO metadata_general(isolate_id, isolate_name, species, project_name) VALUES ('1409', 'NAV01-027', 'Pseudomonas aeruginosa', 'GEMARA') ON DUPLICATE KEY UPDATE isolate_name = 'NAV01-027', species = 'Pseudomonas aeruginosa', project_name = 'GEMARA'; 
INSERT INTO metadata_clinic(clinic_id, isolate_id, sample_type, collection_ward) VALUES ('1400', '1409', '1', 'Servicios médicos adultos') ON DUPLICATE KEY UPDATE sample_type = '1', collection_ward = 'Servicios médicos adultos'; 
INSERT INTO phenotypic_data(phenotypic_data_id, isolate_id, ecdc_resistance_profile, cloxa_test, mbl_test) VALUES ('1400', '1409', 'S', '-', '-') ON DUPLICATE KEY UPDATE ecdc_resistance_profile = 'S', cloxa_test = '-', mbl_test = '-'; 
INSERT INTO sequence_analysis(sequence_analysis_id, isolate_id, ame_loci, beta_lactamase_loci, carbapenemase_loci, other_acq_ab_loci) VALUES ('1409', '1409', '-', '-', '-', '-') ON DUPLICATE KEY UPDATE ame_loci = '-', beta_lactamase_loci = '-', carbapenemase_loci = '-', other_acq_ab_loci = '-'; 
INSERT INTO metadata_general(isolate_id, isolate_name, species, project_name) VALUES ('1410', 'NAV01-030', 'Pseudomonas aeruginosa', 'GEMARA') ON DUPLICATE KEY UPDATE isolate_name = 'NAV01-030', species = 'Pseudomonas aeruginosa', project_name = 'GEMARA'; 
INSERT INTO metadata_clinic(clinic_id, isolate_id, sample_type, collection_ward) VALUES ('1401', '1410', '9', 'Servicios médicos adultos') ON DUPLICATE KEY UPDATE sample_type = '9', collection_ward = 'Servicios médicos adultos'; 
INSERT INTO phenotypic_data(phenotypic_data_id, isolate_id, ecdc_resistance_profile, cloxa_test, mbl_test) VALUES ('1401', '1410', 'S', '-', '-') ON DUPLICATE KEY UPDATE ecdc_resistance_profile = 'S', cloxa_test = '-', mbl_test = '-'; 
INSERT INTO sequence_analysis(sequence_analysis_id, isolate_id, ame_loci, beta_lactamase_loci, carbapenemase_loci, other_acq_ab_loci) VALUES ('1410', '1410', '-', '-', '-', '-') ON DUPLICATE KEY UPDATE ame_loci = '-', beta_lactamase_loci = '-', carbapenemase_loci = '-', other_acq_ab_loci = '-'; 
INSERT INTO metadata_general(isolate_id, isolate_name, species, project_name) VALUES ('1411', 'NAV01-024', 'Pseudomonas aeruginosa', 'GEMARA') ON DUPLICATE KEY UPDATE isolate_name = 'NAV01-024', species = 'Pseudomonas aeruginosa', project_name = 'GEMARA'; 
INSERT INTO metadata_clinic(clinic_id, isolate_id, sample_type, collection_ward) VALUES ('1402', '1411', '1', 'Servicios médicos adultos') ON DUPLICATE KEY UPDATE sample_type = '1', collection_ward = 'Servicios médicos adultos'; 
INSERT INTO phenotypic_data(phenotypic_data_id, isolate_id, ecdc_resistance_profile, cloxa_test, mbl_test) VALUES ('1402', '1411', 'S', '-', '-') ON DUPLICATE KEY UPDATE ecdc_resistance_profile = 'S', cloxa_test = '-', mbl_test = '-'; 
INSERT INTO sequence_analysis(sequence_analysis_id, isolate_id, ame_loci, beta_lactamase_loci, carbapenemase_loci, other_acq_ab_loci) VALUES ('1411', '1411', '-', '-', '-', '-') ON DUPLICATE KEY UPDATE ame_loci = '-', beta_lactamase_loci = '-', carbapenemase_loci = '-', other_acq_ab_loci = '-'; 
INSERT INTO metadata_general(isolate_id, isolate_name, species, project_name) VALUES ('1412', 'NAV01-002', 'Pseudomonas aeruginosa', 'GEMARA') ON DUPLICATE KEY UPDATE isolate_name = 'NAV01-002', species = 'Pseudomonas aeruginosa', project_name = 'GEMARA'; 
INSERT INTO metadata_clinic(clinic_id, isolate_id, sample_type, collection_ward) VALUES ('1403', '1412', '5', 'Consultas externas') ON DUPLICATE KEY UPDATE sample_type = '5', collection_ward = 'Consultas externas'; 
INSERT INTO phenotypic_data(phenotypic_data_id, isolate_id, ecdc_resistance_profile, cloxa_test, mbl_test) VALUES ('1403', '1412', 'S', '-', '-') ON DUPLICATE KEY UPDATE ecdc_resistance_profile = 'S', cloxa_test = '-', mbl_test = '-'; 
INSERT INTO sequence_analysis(sequence_analysis_id, isolate_id, ame_loci, beta_lactamase_loci, carbapenemase_loci, other_acq_ab_loci) VALUES ('1412', '1412', '-', '-', '-', '-') ON DUPLICATE KEY UPDATE ame_loci = '-', beta_lactamase_loci = '-', carbapenemase_loci = '-', other_acq_ab_loci = '-'; 
INSERT INTO metadata_general(isolate_id, isolate_name, species, project_name) VALUES ('1413', 'NAV01-006', 'Pseudomonas aeruginosa', 'GEMARA') ON DUPLICATE KEY UPDATE isolate_name = 'NAV01-006', species = 'Pseudomonas aeruginosa', project_name = 'GEMARA'; 
INSERT INTO metadata_clinic(clinic_id, isolate_id, sample_type, collection_ward) VALUES ('1404', '1413', '17', 'Consultas externas') ON DUPLICATE KEY UPDATE sample_type = '17', collection_ward = 'Consultas externas'; 
INSERT INTO phenotypic_data(phenotypic_data_id, isolate_id, ecdc_resistance_profile, cloxa_test, mbl_test) VALUES ('1404', '1413', 'S', '-', '-') ON DUPLICATE KEY UPDATE ecdc_resistance_profile = 'S', cloxa_test = '-', mbl_test = '-'; 
INSERT INTO sequence_analysis(sequence_analysis_id, isolate_id, ame_loci, beta_lactamase_loci, carbapenemase_loci, other_acq_ab_loci) VALUES ('1413', '1413', '-', '-', '-', '-') ON DUPLICATE KEY UPDATE ame_loci = '-', beta_lactamase_loci = '-', carbapenemase_loci = '-', other_acq_ab_loci = '-'; 
INSERT INTO metadata_general(isolate_id, isolate_name, species, project_name) VALUES ('1414', 'NAV01-013', 'Pseudomonas aeruginosa', 'GEMARA') ON DUPLICATE KEY UPDATE isolate_name = 'NAV01-013', species = 'Pseudomonas aeruginosa', project_name = 'GEMARA'; 
INSERT INTO metadata_clinic(clinic_id, isolate_id, sample_type, collection_ward) VALUES ('1405', '1414', '18', 'Servicios médicos adultos') ON DUPLICATE KEY UPDATE sample_type = '18', collection_ward = 'Servicios médicos adultos'; 
INSERT INTO phenotypic_data(phenotypic_data_id, isolate_id, ecdc_resistance_profile, cloxa_test, mbl_test) VALUES ('1405', '1414', 'S', '-', '-') ON DUPLICATE KEY UPDATE ecdc_resistance_profile = 'S', cloxa_test = '-', mbl_test = '-'; 
INSERT INTO sequence_analysis(sequence_analysis_id, isolate_id, ame_loci, beta_lactamase_loci, carbapenemase_loci, other_acq_ab_loci) VALUES ('1414', '1414', '-', '-', '-', '-') ON DUPLICATE KEY UPDATE ame_loci = '-', beta_lactamase_loci = '-', carbapenemase_loci = '-', other_acq_ab_loci = '-'; 
INSERT INTO metadata_general(isolate_id, isolate_name, species, project_name) VALUES ('1415', 'NAV01-023', 'Pseudomonas aeruginosa', 'GEMARA') ON DUPLICATE KEY UPDATE isolate_name = 'NAV01-023', species = 'Pseudomonas aeruginosa', project_name = 'GEMARA'; 
INSERT INTO metadata_clinic(clinic_id, isolate_id, sample_type, collection_ward) VALUES ('1406', '1415', '5', 'Consultas externas') ON DUPLICATE KEY UPDATE sample_type = '5', collection_ward = 'Consultas externas'; 
INSERT INTO phenotypic_data(phenotypic_data_id, isolate_id, ecdc_resistance_profile, cloxa_test, mbl_test) VALUES ('1406', '1415', 'S', '-', '-') ON DUPLICATE KEY UPDATE ecdc_resistance_profile = 'S', cloxa_test = '-', mbl_test = '-'; 
INSERT INTO sequence_analysis(sequence_analysis_id, isolate_id, ame_loci, beta_lactamase_loci, carbapenemase_loci, other_acq_ab_loci) VALUES ('1415', '1415', '-', '-', '-', '-') ON DUPLICATE KEY UPDATE ame_loci = '-', beta_lactamase_loci = '-', carbapenemase_loci = '-', other_acq_ab_loci = '-'; 
INSERT INTO metadata_general(isolate_id, isolate_name, species, project_name) VALUES ('1416', 'NAV01-029', 'Pseudomonas aeruginosa', 'GEMARA') ON DUPLICATE KEY UPDATE isolate_name = 'NAV01-029', species = 'Pseudomonas aeruginosa', project_name = 'GEMARA'; 
INSERT INTO metadata_clinic(clinic_id, isolate_id, sample_type, collection_ward) VALUES ('1407', '1416', '31', 'Otros') ON DUPLICATE KEY UPDATE sample_type = '31', collection_ward = 'Otros'; 
INSERT INTO phenotypic_data(phenotypic_data_id, isolate_id, ecdc_resistance_profile, cloxa_test, mbl_test) VALUES ('1407', '1416', 'S', '-', '-') ON DUPLICATE KEY UPDATE ecdc_resistance_profile = 'S', cloxa_test = '-', mbl_test = '-'; 
INSERT INTO sequence_analysis(sequence_analysis_id, isolate_id, ame_loci, beta_lactamase_loci, carbapenemase_loci, other_acq_ab_loci) VALUES ('1416', '1416', '-', '-', '-', '-') ON DUPLICATE KEY UPDATE ame_loci = '-', beta_lactamase_loci = '-', carbapenemase_loci = '-', other_acq_ab_loci = '-'; 
INSERT INTO metadata_general(isolate_id, isolate_name, species, project_name) VALUES ('1417', 'NAV01-004', 'Pseudomonas aeruginosa', 'GEMARA') ON DUPLICATE KEY UPDATE isolate_name = 'NAV01-004', species = 'Pseudomonas aeruginosa', project_name = 'GEMARA'; 
INSERT INTO metadata_clinic(clinic_id, isolate_id, sample_type, collection_ward) VALUES ('1408', '1417', '16', 'Centro sociosanitario') ON DUPLICATE KEY UPDATE sample_type = '16', collection_ward = 'Centro sociosanitario'; 
INSERT INTO phenotypic_data(phenotypic_data_id, isolate_id, ecdc_resistance_profile, cloxa_test, mbl_test) VALUES ('1408', '1417', 'S', '-', '-') ON DUPLICATE KEY UPDATE ecdc_resistance_profile = 'S', cloxa_test = '-', mbl_test = '-'; 
INSERT INTO sequence_analysis(sequence_analysis_id, isolate_id, ame_loci, beta_lactamase_loci, carbapenemase_loci, other_acq_ab_loci) VALUES ('1417', '1417', '-', '-', '-', '-') ON DUPLICATE KEY UPDATE ame_loci = '-', beta_lactamase_loci = '-', carbapenemase_loci = '-', other_acq_ab_loci = '-'; 
INSERT INTO metadata_general(isolate_id, isolate_name, species, project_name) VALUES ('1418', 'NAV01-003', 'Pseudomonas aeruginosa', 'GEMARA') ON DUPLICATE KEY UPDATE isolate_name = 'NAV01-003', species = 'Pseudomonas aeruginosa', project_name = 'GEMARA'; 
INSERT INTO metadata_clinic(clinic_id, isolate_id, sample_type, collection_ward) VALUES ('1409', '1418', '9', 'Consultas externas') ON DUPLICATE KEY UPDATE sample_type = '9', collection_ward = 'Consultas externas'; 
INSERT INTO phenotypic_data(phenotypic_data_id, isolate_id, ecdc_resistance_profile, cloxa_test, mbl_test) VALUES ('1409', '1418', 'S', '-', '-') ON DUPLICATE KEY UPDATE ecdc_resistance_profile = 'S', cloxa_test = '-', mbl_test = '-'; 
INSERT INTO sequence_analysis(sequence_analysis_id, isolate_id, ame_loci, beta_lactamase_loci, carbapenemase_loci, other_acq_ab_loci) VALUES ('1418', '1418', '-', '-', '-', '-') ON DUPLICATE KEY UPDATE ame_loci = '-', beta_lactamase_loci = '-', carbapenemase_loci = '-', other_acq_ab_loci = '-'; 
INSERT INTO metadata_general(isolate_id, isolate_name, species, project_name) VALUES ('1419', 'NAV01-028', 'Pseudomonas aeruginosa', 'GEMARA') ON DUPLICATE KEY UPDATE isolate_name = 'NAV01-028', species = 'Pseudomonas aeruginosa', project_name = 'GEMARA'; 
INSERT INTO metadata_clinic(clinic_id, isolate_id, sample_type, collection_ward) VALUES ('1410', '1419', '10', 'Consultas externas') ON DUPLICATE KEY UPDATE sample_type = '10', collection_ward = 'Consultas externas'; 
INSERT INTO phenotypic_data(phenotypic_data_id, isolate_id, ecdc_resistance_profile, cloxa_test, mbl_test) VALUES ('1410', '1419', 'S', '-', '-') ON DUPLICATE KEY UPDATE ecdc_resistance_profile = 'S', cloxa_test = '-', mbl_test = '-'; 
INSERT INTO sequence_analysis(sequence_analysis_id, isolate_id, ame_loci, beta_lactamase_loci, carbapenemase_loci, other_acq_ab_loci) VALUES ('1419', '1419', '-', '-', '-', '-') ON DUPLICATE KEY UPDATE ame_loci = '-', beta_lactamase_loci = '-', carbapenemase_loci = '-', other_acq_ab_loci = '-'; 
INSERT INTO metadata_general(isolate_id, isolate_name, species, project_name) VALUES ('1420', 'NAV01-001', 'Pseudomonas aeruginosa', 'GEMARA') ON DUPLICATE KEY UPDATE isolate_name = 'NAV01-001', species = 'Pseudomonas aeruginosa', project_name = 'GEMARA'; 
INSERT INTO metadata_clinic(clinic_id, isolate_id, sample_type, collection_ward) VALUES ('1411', '1420', '31', 'Servicios médicos adultos') ON DUPLICATE KEY UPDATE sample_type = '31', collection_ward = 'Servicios médicos adultos'; 
INSERT INTO phenotypic_data(phenotypic_data_id, isolate_id, ecdc_resistance_profile, cloxa_test, mbl_test) VALUES ('1411', '1420', 'S', '-', '-') ON DUPLICATE KEY UPDATE ecdc_resistance_profile = 'S', cloxa_test = '-', mbl_test = '-'; 
INSERT INTO sequence_analysis(sequence_analysis_id, isolate_id, ame_loci, beta_lactamase_loci, carbapenemase_loci, other_acq_ab_loci) VALUES ('1420', '1420', '-', '-', '-', '-') ON DUPLICATE KEY UPDATE ame_loci = '-', beta_lactamase_loci = '-', carbapenemase_loci = '-', other_acq_ab_loci = '-'; 
INSERT INTO metadata_general(isolate_id, isolate_name, species, project_name) VALUES ('1421', 'NAV01-007', 'Pseudomonas aeruginosa', 'GEMARA') ON DUPLICATE KEY UPDATE isolate_name = 'NAV01-007', species = 'Pseudomonas aeruginosa', project_name = 'GEMARA'; 
INSERT INTO metadata_clinic(clinic_id, isolate_id, sample_type, collection_ward) VALUES ('1412', '1421', '9', 'Servicios médicos adultos') ON DUPLICATE KEY UPDATE sample_type = '9', collection_ward = 'Servicios médicos adultos'; 
INSERT INTO phenotypic_data(phenotypic_data_id, isolate_id, ecdc_resistance_profile, cloxa_test, mbl_test) VALUES ('1412', '1421', 'S', '-', '-') ON DUPLICATE KEY UPDATE ecdc_resistance_profile = 'S', cloxa_test = '-', mbl_test = '-'; 
INSERT INTO sequence_analysis(sequence_analysis_id, isolate_id, ame_loci, beta_lactamase_loci, carbapenemase_loci, other_acq_ab_loci) VALUES ('1421', '1421', '-', '-', '-', '-') ON DUPLICATE KEY UPDATE ame_loci = '-', beta_lactamase_loci = '-', carbapenemase_loci = '-', other_acq_ab_loci = '-'; 
INSERT INTO metadata_general(isolate_id, isolate_name, species, project_name) VALUES ('1422', 'NAV01-014', 'Pseudomonas aeruginosa', 'GEMARA') ON DUPLICATE KEY UPDATE isolate_name = 'NAV01-014', species = 'Pseudomonas aeruginosa', project_name = 'GEMARA'; 
INSERT INTO metadata_clinic(clinic_id, isolate_id, sample_type, collection_ward) VALUES ('1413', '1422', '10', 'Urgencias pediatría') ON DUPLICATE KEY UPDATE sample_type = '10', collection_ward = 'Urgencias pediatría'; 
INSERT INTO phenotypic_data(phenotypic_data_id, isolate_id, ecdc_resistance_profile, cloxa_test, mbl_test) VALUES ('1413', '1422', 'S', '-', '-') ON DUPLICATE KEY UPDATE ecdc_resistance_profile = 'S', cloxa_test = '-', mbl_test = '-'; 
INSERT INTO sequence_analysis(sequence_analysis_id, isolate_id, ame_loci, beta_lactamase_loci, carbapenemase_loci, other_acq_ab_loci) VALUES ('1422', '1422', '-', '-', '-', '-') ON DUPLICATE KEY UPDATE ame_loci = '-', beta_lactamase_loci = '-', carbapenemase_loci = '-', other_acq_ab_loci = '-'; 
INSERT INTO metadata_general(isolate_id, isolate_name, species, project_name) VALUES ('179', 'NAV01-012', 'Pseudomonas aeruginosa', 'GEMARA') ON DUPLICATE KEY UPDATE isolate_name = 'NAV01-012', species = 'Pseudomonas aeruginosa', project_name = 'GEMARA'; 
INSERT INTO metadata_clinic(clinic_id, isolate_id, sample_type, collection_ward) VALUES ('1414', '179', '1', 'Servicios médicos adultos') ON DUPLICATE KEY UPDATE sample_type = '1', collection_ward = 'Servicios médicos adultos'; 
INSERT INTO phenotypic_data(phenotypic_data_id, isolate_id, ecdc_resistance_profile, cloxa_test, mbl_test) VALUES ('1414', '179', 'XDR', '+/+', '-') ON DUPLICATE KEY UPDATE ecdc_resistance_profile = 'XDR', cloxa_test = '+/+', mbl_test = '-'; 
INSERT INTO sequence_analysis(sequence_analysis_id, isolate_id, ame_loci, beta_lactamase_loci, carbapenemase_loci, other_acq_ab_loci) VALUES ('179', '179', 'aadA2, aacA4, aac(6\')Ib-cr', 'blaCARB-2', '-', '-') ON DUPLICATE KEY UPDATE ame_loci = 'aadA2, aacA4, aac(6\')Ib-cr', beta_lactamase_loci = 'blaCARB-2', carbapenemase_loci = '-', other_acq_ab_loci = '-'; 
INSERT INTO metadata_general(isolate_id, isolate_name, species, project_name) VALUES ('180', 'NAV01-021', 'Pseudomonas aeruginosa', 'GEMARA') ON DUPLICATE KEY UPDATE isolate_name = 'NAV01-021', species = 'Pseudomonas aeruginosa', project_name = 'GEMARA'; 
INSERT INTO metadata_clinic(clinic_id, isolate_id, sample_type, collection_ward) VALUES ('1415', '180', '9', 'Servicios médicos adultos') ON DUPLICATE KEY UPDATE sample_type = '9', collection_ward = 'Servicios médicos adultos'; 
INSERT INTO phenotypic_data(phenotypic_data_id, isolate_id, ecdc_resistance_profile, cloxa_test, mbl_test) VALUES ('1415', '180', 'XDR', '+/+', '-') ON DUPLICATE KEY UPDATE ecdc_resistance_profile = 'XDR', cloxa_test = '+/+', mbl_test = '-'; 
INSERT INTO sequence_analysis(sequence_analysis_id, isolate_id, ame_loci, beta_lactamase_loci, carbapenemase_loci, other_acq_ab_loci) VALUES ('180', '180', '-', '-', '-', '-') ON DUPLICATE KEY UPDATE ame_loci = '-', beta_lactamase_loci = '-', carbapenemase_loci = '-', other_acq_ab_loci = '-'; 
INSERT INTO metadata_general(isolate_id, isolate_name, species, project_name) VALUES ('1423', 'PVA01-047', 'Pseudomonas aeruginosa', 'GEMARA') ON DUPLICATE KEY UPDATE isolate_name = 'PVA01-047', species = 'Pseudomonas aeruginosa', project_name = 'GEMARA'; 
INSERT INTO metadata_clinic(clinic_id, isolate_id, sample_type, collection_ward) VALUES ('1416', '1423', '7', 'UCI Adultos') ON DUPLICATE KEY UPDATE sample_type = '7', collection_ward = 'UCI Adultos'; 
INSERT INTO phenotypic_data(phenotypic_data_id, isolate_id, ecdc_resistance_profile, cloxa_test, mbl_test) VALUES ('1416', '1423', 'MDR', '-', '-') ON DUPLICATE KEY UPDATE ecdc_resistance_profile = 'MDR', cloxa_test = '-', mbl_test = '-'; 
INSERT INTO sequence_analysis(sequence_analysis_id, isolate_id, ame_loci, beta_lactamase_loci, carbapenemase_loci, other_acq_ab_loci) VALUES ('1423', '1423', '-', '-', '-', '-') ON DUPLICATE KEY UPDATE ame_loci = '-', beta_lactamase_loci = '-', carbapenemase_loci = '-', other_acq_ab_loci = '-'; 
INSERT INTO metadata_general(isolate_id, isolate_name, species, project_name) VALUES ('1424', 'PVA01-038', 'Pseudomonas aeruginosa', 'GEMARA') ON DUPLICATE KEY UPDATE isolate_name = 'PVA01-038', species = 'Pseudomonas aeruginosa', project_name = 'GEMARA'; 
INSERT INTO metadata_clinic(clinic_id, isolate_id, sample_type, collection_ward) VALUES ('1417', '1424', '16', 'Servicios médicos pediatría') ON DUPLICATE KEY UPDATE sample_type = '16', collection_ward = 'Servicios médicos pediatría'; 
INSERT INTO phenotypic_data(phenotypic_data_id, isolate_id, ecdc_resistance_profile, cloxa_test, mbl_test) VALUES ('1417', '1424', 'MDR', '-', '-') ON DUPLICATE KEY UPDATE ecdc_resistance_profile = 'MDR', cloxa_test = '-', mbl_test = '-'; 
INSERT INTO sequence_analysis(sequence_analysis_id, isolate_id, ame_loci, beta_lactamase_loci, carbapenemase_loci, other_acq_ab_loci) VALUES ('1424', '1424', '-', '-', '-', '-') ON DUPLICATE KEY UPDATE ame_loci = '-', beta_lactamase_loci = '-', carbapenemase_loci = '-', other_acq_ab_loci = '-'; 
INSERT INTO metadata_general(isolate_id, isolate_name, species, project_name) VALUES ('1425', 'PVA01-029', 'Pseudomonas aeruginosa', 'GEMARA') ON DUPLICATE KEY UPDATE isolate_name = 'PVA01-029', species = 'Pseudomonas aeruginosa', project_name = 'GEMARA'; 
INSERT INTO metadata_clinic(clinic_id, isolate_id, sample_type, collection_ward) VALUES ('1418', '1425', '5', 'Servicios médicos adultos') ON DUPLICATE KEY UPDATE sample_type = '5', collection_ward = 'Servicios médicos adultos'; 
INSERT INTO phenotypic_data(phenotypic_data_id, isolate_id, ecdc_resistance_profile, cloxa_test, mbl_test) VALUES ('1418', '1425', 'MDR', '-', '-') ON DUPLICATE KEY UPDATE ecdc_resistance_profile = 'MDR', cloxa_test = '-', mbl_test = '-'; 
INSERT INTO sequence_analysis(sequence_analysis_id, isolate_id, ame_loci, beta_lactamase_loci, carbapenemase_loci, other_acq_ab_loci) VALUES ('1425', '1425', '-', '-', '-', '-') ON DUPLICATE KEY UPDATE ame_loci = '-', beta_lactamase_loci = '-', carbapenemase_loci = '-', other_acq_ab_loci = '-'; 
INSERT INTO metadata_general(isolate_id, isolate_name, species, project_name) VALUES ('1426', 'PVA01-020', 'Pseudomonas aeruginosa', 'GEMARA') ON DUPLICATE KEY UPDATE isolate_name = 'PVA01-020', species = 'Pseudomonas aeruginosa', project_name = 'GEMARA'; 
INSERT INTO metadata_clinic(clinic_id, isolate_id, sample_type, collection_ward) VALUES ('1419', '1426', '1', 'Urgencias adultos') ON DUPLICATE KEY UPDATE sample_type = '1', collection_ward = 'Urgencias adultos'; 
INSERT INTO phenotypic_data(phenotypic_data_id, isolate_id, ecdc_resistance_profile, cloxa_test, mbl_test) VALUES ('1419', '1426', 'S', '-', '-') ON DUPLICATE KEY UPDATE ecdc_resistance_profile = 'S', cloxa_test = '-', mbl_test = '-'; 
INSERT INTO sequence_analysis(sequence_analysis_id, isolate_id, ame_loci, beta_lactamase_loci, carbapenemase_loci, other_acq_ab_loci) VALUES ('1426', '1426', '-', '-', '-', '-') ON DUPLICATE KEY UPDATE ame_loci = '-', beta_lactamase_loci = '-', carbapenemase_loci = '-', other_acq_ab_loci = '-'; 
INSERT INTO metadata_general(isolate_id, isolate_name, species, project_name) VALUES ('1427', 'PVA01-022', 'Pseudomonas aeruginosa', 'GEMARA') ON DUPLICATE KEY UPDATE isolate_name = 'PVA01-022', species = 'Pseudomonas aeruginosa', project_name = 'GEMARA'; 
INSERT INTO metadata_clinic(clinic_id, isolate_id, sample_type, collection_ward) VALUES ('1420', '1427', '5', 'Servicios médicos adultos') ON DUPLICATE KEY UPDATE sample_type = '5', collection_ward = 'Servicios médicos adultos'; 
INSERT INTO phenotypic_data(phenotypic_data_id, isolate_id, ecdc_resistance_profile, cloxa_test, mbl_test) VALUES ('1420', '1427', 'S', '-', '-') ON DUPLICATE KEY UPDATE ecdc_resistance_profile = 'S', cloxa_test = '-', mbl_test = '-'; 
INSERT INTO sequence_analysis(sequence_analysis_id, isolate_id, ame_loci, beta_lactamase_loci, carbapenemase_loci, other_acq_ab_loci) VALUES ('1427', '1427', '-', '-', '-', '-') ON DUPLICATE KEY UPDATE ame_loci = '-', beta_lactamase_loci = '-', carbapenemase_loci = '-', other_acq_ab_loci = '-'; 
INSERT INTO metadata_general(isolate_id, isolate_name, species, project_name) VALUES ('1428', 'PVA01-026', 'Pseudomonas aeruginosa', 'GEMARA') ON DUPLICATE KEY UPDATE isolate_name = 'PVA01-026', species = 'Pseudomonas aeruginosa', project_name = 'GEMARA'; 
INSERT INTO metadata_clinic(clinic_id, isolate_id, sample_type, collection_ward) VALUES ('1421', '1428', '5', 'Urgencias adultos') ON DUPLICATE KEY UPDATE sample_type = '5', collection_ward = 'Urgencias adultos'; 
INSERT INTO phenotypic_data(phenotypic_data_id, isolate_id, ecdc_resistance_profile, cloxa_test, mbl_test) VALUES ('1421', '1428', 'S', '-', '-') ON DUPLICATE KEY UPDATE ecdc_resistance_profile = 'S', cloxa_test = '-', mbl_test = '-'; 
INSERT INTO sequence_analysis(sequence_analysis_id, isolate_id, ame_loci, beta_lactamase_loci, carbapenemase_loci, other_acq_ab_loci) VALUES ('1428', '1428', '-', '-', '-', '-') ON DUPLICATE KEY UPDATE ame_loci = '-', beta_lactamase_loci = '-', carbapenemase_loci = '-', other_acq_ab_loci = '-'; 
INSERT INTO metadata_general(isolate_id, isolate_name, species, project_name) VALUES ('1429', 'PVA01-032', 'Pseudomonas aeruginosa', 'GEMARA') ON DUPLICATE KEY UPDATE isolate_name = 'PVA01-032', species = 'Pseudomonas aeruginosa', project_name = 'GEMARA'; 
INSERT INTO metadata_clinic(clinic_id, isolate_id, sample_type, collection_ward) VALUES ('1422', '1429', '4', 'Servicios quirúrgicos adultos') ON DUPLICATE KEY UPDATE sample_type = '4', collection_ward = 'Servicios quirúrgicos adultos'; 
INSERT INTO phenotypic_data(phenotypic_data_id, isolate_id, ecdc_resistance_profile, cloxa_test, mbl_test) VALUES ('1422', '1429', 'S', '-', '-') ON DUPLICATE KEY UPDATE ecdc_resistance_profile = 'S', cloxa_test = '-', mbl_test = '-'; 
INSERT INTO sequence_analysis(sequence_analysis_id, isolate_id, ame_loci, beta_lactamase_loci, carbapenemase_loci, other_acq_ab_loci) VALUES ('1429', '1429', '-', '-', '-', '-') ON DUPLICATE KEY UPDATE ame_loci = '-', beta_lactamase_loci = '-', carbapenemase_loci = '-', other_acq_ab_loci = '-'; 
INSERT INTO metadata_general(isolate_id, isolate_name, species, project_name) VALUES ('1430', 'PVA01-034', 'Pseudomonas aeruginosa', 'GEMARA') ON DUPLICATE KEY UPDATE isolate_name = 'PVA01-034', species = 'Pseudomonas aeruginosa', project_name = 'GEMARA'; 
INSERT INTO metadata_clinic(clinic_id, isolate_id, sample_type, collection_ward) VALUES ('1423', '1430', '1', 'Consultas externas') ON DUPLICATE KEY UPDATE sample_type = '1', collection_ward = 'Consultas externas'; 
INSERT INTO phenotypic_data(phenotypic_data_id, isolate_id, ecdc_resistance_profile, cloxa_test, mbl_test) VALUES ('1423', '1430', 'S', '-', '-') ON DUPLICATE KEY UPDATE ecdc_resistance_profile = 'S', cloxa_test = '-', mbl_test = '-'; 
INSERT INTO sequence_analysis(sequence_analysis_id, isolate_id, ame_loci, beta_lactamase_loci, carbapenemase_loci, other_acq_ab_loci) VALUES ('1430', '1430', '-', '-', '-', '-') ON DUPLICATE KEY UPDATE ame_loci = '-', beta_lactamase_loci = '-', carbapenemase_loci = '-', other_acq_ab_loci = '-'; 
INSERT INTO metadata_general(isolate_id, isolate_name, species, project_name) VALUES ('1431', 'PVA01-014', 'Pseudomonas aeruginosa', 'GEMARA') ON DUPLICATE KEY UPDATE isolate_name = 'PVA01-014', species = 'Pseudomonas aeruginosa', project_name = 'GEMARA'; 
INSERT INTO metadata_clinic(clinic_id, isolate_id, sample_type, collection_ward) VALUES ('1424', '1431', '22', 'Centro sociosanitario') ON DUPLICATE KEY UPDATE sample_type = '22', collection_ward = 'Centro sociosanitario'; 
INSERT INTO phenotypic_data(phenotypic_data_id, isolate_id, ecdc_resistance_profile, cloxa_test, mbl_test) VALUES ('1424', '1431', 'S', '-', '-') ON DUPLICATE KEY UPDATE ecdc_resistance_profile = 'S', cloxa_test = '-', mbl_test = '-'; 
INSERT INTO sequence_analysis(sequence_analysis_id, isolate_id, ame_loci, beta_lactamase_loci, carbapenemase_loci, other_acq_ab_loci) VALUES ('1431', '1431', '-', '-', '-', '-') ON DUPLICATE KEY UPDATE ame_loci = '-', beta_lactamase_loci = '-', carbapenemase_loci = '-', other_acq_ab_loci = '-'; 
INSERT INTO metadata_general(isolate_id, isolate_name, species, project_name) VALUES ('1432', 'PVA01-017', 'Pseudomonas aeruginosa', 'GEMARA') ON DUPLICATE KEY UPDATE isolate_name = 'PVA01-017', species = 'Pseudomonas aeruginosa', project_name = 'GEMARA'; 
INSERT INTO metadata_clinic(clinic_id, isolate_id, sample_type, collection_ward) VALUES ('1425', '1432', '5', 'UCI Adultos') ON DUPLICATE KEY UPDATE sample_type = '5', collection_ward = 'UCI Adultos'; 
INSERT INTO phenotypic_data(phenotypic_data_id, isolate_id, ecdc_resistance_profile, cloxa_test, mbl_test) VALUES ('1425', '1432', 'S', '-', '-') ON DUPLICATE KEY UPDATE ecdc_resistance_profile = 'S', cloxa_test = '-', mbl_test = '-'; 
INSERT INTO sequence_analysis(sequence_analysis_id, isolate_id, ame_loci, beta_lactamase_loci, carbapenemase_loci, other_acq_ab_loci) VALUES ('1432', '1432', '-', '-', '-', '-') ON DUPLICATE KEY UPDATE ame_loci = '-', beta_lactamase_loci = '-', carbapenemase_loci = '-', other_acq_ab_loci = '-'; 
INSERT INTO metadata_general(isolate_id, isolate_name, species, project_name) VALUES ('1433', 'PVA01-035', 'Pseudomonas aeruginosa', 'GEMARA') ON DUPLICATE KEY UPDATE isolate_name = 'PVA01-035', species = 'Pseudomonas aeruginosa', project_name = 'GEMARA'; 
INSERT INTO metadata_clinic(clinic_id, isolate_id, sample_type, collection_ward) VALUES ('1426', '1433', '10', 'Urgencias adultos') ON DUPLICATE KEY UPDATE sample_type = '10', collection_ward = 'Urgencias adultos'; 
INSERT INTO phenotypic_data(phenotypic_data_id, isolate_id, ecdc_resistance_profile, cloxa_test, mbl_test) VALUES ('1426', '1433', 'S', '-', '-') ON DUPLICATE KEY UPDATE ecdc_resistance_profile = 'S', cloxa_test = '-', mbl_test = '-'; 
INSERT INTO sequence_analysis(sequence_analysis_id, isolate_id, ame_loci, beta_lactamase_loci, carbapenemase_loci, other_acq_ab_loci) VALUES ('1433', '1433', '-', '-', '-', '-') ON DUPLICATE KEY UPDATE ame_loci = '-', beta_lactamase_loci = '-', carbapenemase_loci = '-', other_acq_ab_loci = '-'; 
INSERT INTO metadata_general(isolate_id, isolate_name, species, project_name) VALUES ('1434', 'PVA01-003', 'Pseudomonas aeruginosa', 'GEMARA') ON DUPLICATE KEY UPDATE isolate_name = 'PVA01-003', species = 'Pseudomonas aeruginosa', project_name = 'GEMARA'; 
INSERT INTO metadata_clinic(clinic_id, isolate_id, sample_type, collection_ward) VALUES ('1427', '1434', '1', 'Urgencias adultos') ON DUPLICATE KEY UPDATE sample_type = '1', collection_ward = 'Urgencias adultos'; 
INSERT INTO phenotypic_data(phenotypic_data_id, isolate_id, ecdc_resistance_profile, cloxa_test, mbl_test) VALUES ('1427', '1434', 'S', '-', '-') ON DUPLICATE KEY UPDATE ecdc_resistance_profile = 'S', cloxa_test = '-', mbl_test = '-'; 
INSERT INTO sequence_analysis(sequence_analysis_id, isolate_id, ame_loci, beta_lactamase_loci, carbapenemase_loci, other_acq_ab_loci) VALUES ('1434', '1434', '-', '-', '-', '-') ON DUPLICATE KEY UPDATE ame_loci = '-', beta_lactamase_loci = '-', carbapenemase_loci = '-', other_acq_ab_loci = '-'; 
INSERT INTO metadata_general(isolate_id, isolate_name, species, project_name) VALUES ('1435', 'PVA01-040', 'Pseudomonas aeruginosa', 'GEMARA') ON DUPLICATE KEY UPDATE isolate_name = 'PVA01-040', species = 'Pseudomonas aeruginosa', project_name = 'GEMARA'; 
INSERT INTO metadata_clinic(clinic_id, isolate_id, sample_type, collection_ward) VALUES ('1428', '1435', '1', 'Consultas externas') ON DUPLICATE KEY UPDATE sample_type = '1', collection_ward = 'Consultas externas'; 
INSERT INTO phenotypic_data(phenotypic_data_id, isolate_id, ecdc_resistance_profile, cloxa_test, mbl_test) VALUES ('1428', '1435', 'S', '-', '-') ON DUPLICATE KEY UPDATE ecdc_resistance_profile = 'S', cloxa_test = '-', mbl_test = '-'; 
INSERT INTO sequence_analysis(sequence_analysis_id, isolate_id, ame_loci, beta_lactamase_loci, carbapenemase_loci, other_acq_ab_loci) VALUES ('1435', '1435', '-', '-', '-', '-') ON DUPLICATE KEY UPDATE ame_loci = '-', beta_lactamase_loci = '-', carbapenemase_loci = '-', other_acq_ab_loci = '-'; 
INSERT INTO metadata_general(isolate_id, isolate_name, species, project_name) VALUES ('1436', 'PVA01-006', 'Pseudomonas aeruginosa', 'GEMARA') ON DUPLICATE KEY UPDATE isolate_name = 'PVA01-006', species = 'Pseudomonas aeruginosa', project_name = 'GEMARA'; 
INSERT INTO metadata_clinic(clinic_id, isolate_id, sample_type, collection_ward) VALUES ('1429', '1436', '5', 'Consultas externas') ON DUPLICATE KEY UPDATE sample_type = '5', collection_ward = 'Consultas externas'; 
INSERT INTO phenotypic_data(phenotypic_data_id, isolate_id, ecdc_resistance_profile, cloxa_test, mbl_test) VALUES ('1429', '1436', 'S', '-', '-') ON DUPLICATE KEY UPDATE ecdc_resistance_profile = 'S', cloxa_test = '-', mbl_test = '-'; 
INSERT INTO sequence_analysis(sequence_analysis_id, isolate_id, ame_loci, beta_lactamase_loci, carbapenemase_loci, other_acq_ab_loci) VALUES ('1436', '1436', '-', '-', '-', '-') ON DUPLICATE KEY UPDATE ame_loci = '-', beta_lactamase_loci = '-', carbapenemase_loci = '-', other_acq_ab_loci = '-'; 
INSERT INTO metadata_general(isolate_id, isolate_name, species, project_name) VALUES ('1437', 'PVA01-024', 'Pseudomonas aeruginosa', 'GEMARA') ON DUPLICATE KEY UPDATE isolate_name = 'PVA01-024', species = 'Pseudomonas aeruginosa', project_name = 'GEMARA'; 
INSERT INTO metadata_clinic(clinic_id, isolate_id, sample_type, collection_ward) VALUES ('1430', '1437', '1', 'Consultas externas') ON DUPLICATE KEY UPDATE sample_type = '1', collection_ward = 'Consultas externas'; 
INSERT INTO phenotypic_data(phenotypic_data_id, isolate_id, ecdc_resistance_profile, cloxa_test, mbl_test) VALUES ('1430', '1437', 'S', '-', '-') ON DUPLICATE KEY UPDATE ecdc_resistance_profile = 'S', cloxa_test = '-', mbl_test = '-'; 
INSERT INTO sequence_analysis(sequence_analysis_id, isolate_id, ame_loci, beta_lactamase_loci, carbapenemase_loci, other_acq_ab_loci) VALUES ('1437', '1437', '-', '-', '-', '-') ON DUPLICATE KEY UPDATE ame_loci = '-', beta_lactamase_loci = '-', carbapenemase_loci = '-', other_acq_ab_loci = '-'; 
INSERT INTO metadata_general(isolate_id, isolate_name, species, project_name) VALUES ('1438', 'PVA01-025', 'Pseudomonas aeruginosa', 'GEMARA') ON DUPLICATE KEY UPDATE isolate_name = 'PVA01-025', species = 'Pseudomonas aeruginosa', project_name = 'GEMARA'; 
INSERT INTO metadata_clinic(clinic_id, isolate_id, sample_type, collection_ward) VALUES ('1431', '1438', '16', 'Consultas externas') ON DUPLICATE KEY UPDATE sample_type = '16', collection_ward = 'Consultas externas'; 
INSERT INTO phenotypic_data(phenotypic_data_id, isolate_id, ecdc_resistance_profile, cloxa_test, mbl_test) VALUES ('1431', '1438', 'S', '-', '-') ON DUPLICATE KEY UPDATE ecdc_resistance_profile = 'S', cloxa_test = '-', mbl_test = '-'; 
INSERT INTO sequence_analysis(sequence_analysis_id, isolate_id, ame_loci, beta_lactamase_loci, carbapenemase_loci, other_acq_ab_loci) VALUES ('1438', '1438', '-', '-', '-', '-') ON DUPLICATE KEY UPDATE ame_loci = '-', beta_lactamase_loci = '-', carbapenemase_loci = '-', other_acq_ab_loci = '-'; 
INSERT INTO metadata_general(isolate_id, isolate_name, species, project_name) VALUES ('1439', 'PVA01-011', 'Pseudomonas aeruginosa', 'GEMARA') ON DUPLICATE KEY UPDATE isolate_name = 'PVA01-011', species = 'Pseudomonas aeruginosa', project_name = 'GEMARA'; 
INSERT INTO metadata_clinic(clinic_id, isolate_id, sample_type, collection_ward) VALUES ('1432', '1439', '22', 'Servicios quirúrgicos adultos') ON DUPLICATE KEY UPDATE sample_type = '22', collection_ward = 'Servicios quirúrgicos adultos'; 
INSERT INTO phenotypic_data(phenotypic_data_id, isolate_id, ecdc_resistance_profile, cloxa_test, mbl_test) VALUES ('1432', '1439', 'S', '-', '-') ON DUPLICATE KEY UPDATE ecdc_resistance_profile = 'S', cloxa_test = '-', mbl_test = '-'; 
INSERT INTO sequence_analysis(sequence_analysis_id, isolate_id, ame_loci, beta_lactamase_loci, carbapenemase_loci, other_acq_ab_loci) VALUES ('1439', '1439', '-', '-', '-', '-') ON DUPLICATE KEY UPDATE ame_loci = '-', beta_lactamase_loci = '-', carbapenemase_loci = '-', other_acq_ab_loci = '-'; 
INSERT INTO metadata_general(isolate_id, isolate_name, species, project_name) VALUES ('1440', 'PVA01-023', 'Pseudomonas aeruginosa', 'GEMARA') ON DUPLICATE KEY UPDATE isolate_name = 'PVA01-023', species = 'Pseudomonas aeruginosa', project_name = 'GEMARA'; 
INSERT INTO metadata_clinic(clinic_id, isolate_id, sample_type, collection_ward) VALUES ('1433', '1440', '5', 'Consultas externas') ON DUPLICATE KEY UPDATE sample_type = '5', collection_ward = 'Consultas externas'; 
INSERT INTO phenotypic_data(phenotypic_data_id, isolate_id, ecdc_resistance_profile, cloxa_test, mbl_test) VALUES ('1433', '1440', 'S', '-', '-') ON DUPLICATE KEY UPDATE ecdc_resistance_profile = 'S', cloxa_test = '-', mbl_test = '-'; 
INSERT INTO sequence_analysis(sequence_analysis_id, isolate_id, ame_loci, beta_lactamase_loci, carbapenemase_loci, other_acq_ab_loci) VALUES ('1440', '1440', '-', '-', '-', '-') ON DUPLICATE KEY UPDATE ame_loci = '-', beta_lactamase_loci = '-', carbapenemase_loci = '-', other_acq_ab_loci = '-'; 
INSERT INTO metadata_general(isolate_id, isolate_name, species, project_name) VALUES ('1441', 'PVA01-028', 'Pseudomonas aeruginosa', 'GEMARA') ON DUPLICATE KEY UPDATE isolate_name = 'PVA01-028', species = 'Pseudomonas aeruginosa', project_name = 'GEMARA'; 
INSERT INTO metadata_clinic(clinic_id, isolate_id, sample_type, collection_ward) VALUES ('1434', '1441', '5', 'Urgencias adultos') ON DUPLICATE KEY UPDATE sample_type = '5', collection_ward = 'Urgencias adultos'; 
INSERT INTO phenotypic_data(phenotypic_data_id, isolate_id, ecdc_resistance_profile, cloxa_test, mbl_test) VALUES ('1434', '1441', 'S', '-', '-') ON DUPLICATE KEY UPDATE ecdc_resistance_profile = 'S', cloxa_test = '-', mbl_test = '-'; 
INSERT INTO sequence_analysis(sequence_analysis_id, isolate_id, ame_loci, beta_lactamase_loci, carbapenemase_loci, other_acq_ab_loci) VALUES ('1441', '1441', '-', '-', '-', '-') ON DUPLICATE KEY UPDATE ame_loci = '-', beta_lactamase_loci = '-', carbapenemase_loci = '-', other_acq_ab_loci = '-'; 
INSERT INTO metadata_general(isolate_id, isolate_name, species, project_name) VALUES ('1442', 'PVA01-018', 'Pseudomonas aeruginosa', 'GEMARA') ON DUPLICATE KEY UPDATE isolate_name = 'PVA01-018', species = 'Pseudomonas aeruginosa', project_name = 'GEMARA'; 
INSERT INTO metadata_clinic(clinic_id, isolate_id, sample_type, collection_ward) VALUES ('1435', '1442', '1', 'Consultas externas') ON DUPLICATE KEY UPDATE sample_type = '1', collection_ward = 'Consultas externas'; 
INSERT INTO phenotypic_data(phenotypic_data_id, isolate_id, ecdc_resistance_profile, cloxa_test, mbl_test) VALUES ('1435', '1442', 'S', '-', '-') ON DUPLICATE KEY UPDATE ecdc_resistance_profile = 'S', cloxa_test = '-', mbl_test = '-'; 
INSERT INTO sequence_analysis(sequence_analysis_id, isolate_id, ame_loci, beta_lactamase_loci, carbapenemase_loci, other_acq_ab_loci) VALUES ('1442', '1442', '-', '-', '-', '-') ON DUPLICATE KEY UPDATE ame_loci = '-', beta_lactamase_loci = '-', carbapenemase_loci = '-', other_acq_ab_loci = '-'; 
INSERT INTO metadata_general(isolate_id, isolate_name, species, project_name) VALUES ('185', 'PVA01-042', 'Pseudomonas aeruginosa', 'GEMARA') ON DUPLICATE KEY UPDATE isolate_name = 'PVA01-042', species = 'Pseudomonas aeruginosa', project_name = 'GEMARA'; 
INSERT INTO metadata_clinic(clinic_id, isolate_id, sample_type, collection_ward) VALUES ('1436', '185', '1', 'Consultas externas') ON DUPLICATE KEY UPDATE sample_type = '1', collection_ward = 'Consultas externas'; 
INSERT INTO phenotypic_data(phenotypic_data_id, isolate_id, ecdc_resistance_profile, cloxa_test, mbl_test) VALUES ('1436', '185', 'XDR', 's/s', '-') ON DUPLICATE KEY UPDATE ecdc_resistance_profile = 'XDR', cloxa_test = 's/s', mbl_test = '-'; 
INSERT INTO sequence_analysis(sequence_analysis_id, isolate_id, ame_loci, beta_lactamase_loci, carbapenemase_loci, other_acq_ab_loci) VALUES ('185', '185', '-', '-', '-', '-') ON DUPLICATE KEY UPDATE ame_loci = '-', beta_lactamase_loci = '-', carbapenemase_loci = '-', other_acq_ab_loci = '-'; 
INSERT INTO metadata_general(isolate_id, isolate_name, species, project_name) VALUES ('182', 'PVA01-019', 'Pseudomonas aeruginosa', 'GEMARA') ON DUPLICATE KEY UPDATE isolate_name = 'PVA01-019', species = 'Pseudomonas aeruginosa', project_name = 'GEMARA'; 
INSERT INTO metadata_clinic(clinic_id, isolate_id, sample_type, collection_ward) VALUES ('1437', '182', '1', 'Servicios médicos adultos') ON DUPLICATE KEY UPDATE sample_type = '1', collection_ward = 'Servicios médicos adultos'; 
INSERT INTO phenotypic_data(phenotypic_data_id, isolate_id, ecdc_resistance_profile, cloxa_test, mbl_test) VALUES ('1437', '182', 'XDR', '+/+', '-') ON DUPLICATE KEY UPDATE ecdc_resistance_profile = 'XDR', cloxa_test = '+/+', mbl_test = '-'; 
INSERT INTO sequence_analysis(sequence_analysis_id, isolate_id, ame_loci, beta_lactamase_loci, carbapenemase_loci, other_acq_ab_loci) VALUES ('182', '182', 'aadB', '-', '-', '-') ON DUPLICATE KEY UPDATE ame_loci = 'aadB', beta_lactamase_loci = '-', carbapenemase_loci = '-', other_acq_ab_loci = '-'; 
INSERT INTO metadata_general(isolate_id, isolate_name, species, project_name) VALUES ('183', 'PVA01-021', 'Pseudomonas aeruginosa', 'GEMARA') ON DUPLICATE KEY UPDATE isolate_name = 'PVA01-021', species = 'Pseudomonas aeruginosa', project_name = 'GEMARA'; 
INSERT INTO metadata_clinic(clinic_id, isolate_id, sample_type, collection_ward) VALUES ('1438', '183', '5', 'Centro sociosanitario') ON DUPLICATE KEY UPDATE sample_type = '5', collection_ward = 'Centro sociosanitario'; 
INSERT INTO phenotypic_data(phenotypic_data_id, isolate_id, ecdc_resistance_profile, cloxa_test, mbl_test) VALUES ('1438', '183', 'XDR', '-/-', '+') ON DUPLICATE KEY UPDATE ecdc_resistance_profile = 'XDR', cloxa_test = '-/-', mbl_test = '+'; 
INSERT INTO sequence_analysis(sequence_analysis_id, isolate_id, ame_loci, beta_lactamase_loci, carbapenemase_loci, other_acq_ab_loci) VALUES ('183', '183', 'aacA4, aac(6\')-32, aadA2, aac(6\')Ib-cr', ' blaCARB-2', 'blaVIM-2', '-') ON DUPLICATE KEY UPDATE ame_loci = 'aacA4, aac(6\')-32, aadA2, aac(6\')Ib-cr', beta_lactamase_loci = ' blaCARB-2', carbapenemase_loci = 'blaVIM-2', other_acq_ab_loci = '-'; 
INSERT INTO metadata_general(isolate_id, isolate_name, species, project_name) VALUES ('181', 'PVA01-007', 'Pseudomonas aeruginosa', 'GEMARA') ON DUPLICATE KEY UPDATE isolate_name = 'PVA01-007', species = 'Pseudomonas aeruginosa', project_name = 'GEMARA'; 
INSERT INTO metadata_clinic(clinic_id, isolate_id, sample_type, collection_ward) VALUES ('1439', '181', '5', 'Servicios médicos adultos') ON DUPLICATE KEY UPDATE sample_type = '5', collection_ward = 'Servicios médicos adultos'; 
INSERT INTO phenotypic_data(phenotypic_data_id, isolate_id, ecdc_resistance_profile, cloxa_test, mbl_test) VALUES ('1439', '181', 'XDR', '+/+', '-') ON DUPLICATE KEY UPDATE ecdc_resistance_profile = 'XDR', cloxa_test = '+/+', mbl_test = '-'; 
INSERT INTO sequence_analysis(sequence_analysis_id, isolate_id, ame_loci, beta_lactamase_loci, carbapenemase_loci, other_acq_ab_loci) VALUES ('181', '181', 'aadB', '-', '-', '-') ON DUPLICATE KEY UPDATE ame_loci = 'aadB', beta_lactamase_loci = '-', carbapenemase_loci = '-', other_acq_ab_loci = '-'; 
INSERT INTO metadata_general(isolate_id, isolate_name, species, project_name) VALUES ('1443', 'PVA01-012', 'Pseudomonas aeruginosa', 'GEMARA') ON DUPLICATE KEY UPDATE isolate_name = 'PVA01-012', species = 'Pseudomonas aeruginosa', project_name = 'GEMARA'; 
INSERT INTO metadata_clinic(clinic_id, isolate_id, sample_type, collection_ward) VALUES ('1440', '1443', '16', 'Otros') ON DUPLICATE KEY UPDATE sample_type = '16', collection_ward = 'Otros'; 
INSERT INTO phenotypic_data(phenotypic_data_id, isolate_id, ecdc_resistance_profile, cloxa_test, mbl_test) VALUES ('1440', '1443', 'XDR', '+/+', '-') ON DUPLICATE KEY UPDATE ecdc_resistance_profile = 'XDR', cloxa_test = '+/+', mbl_test = '-'; 
INSERT INTO sequence_analysis(sequence_analysis_id, isolate_id, ame_loci, beta_lactamase_loci, carbapenemase_loci, other_acq_ab_loci) VALUES ('1443', '1443', '-', '-', '-', '-') ON DUPLICATE KEY UPDATE ame_loci = '-', beta_lactamase_loci = '-', carbapenemase_loci = '-', other_acq_ab_loci = '-'; 
INSERT INTO metadata_general(isolate_id, isolate_name, species, project_name) VALUES ('1444', 'PVA01-037', 'Pseudomonas aeruginosa', 'GEMARA') ON DUPLICATE KEY UPDATE isolate_name = 'PVA01-037', species = 'Pseudomonas aeruginosa', project_name = 'GEMARA'; 
INSERT INTO metadata_clinic(clinic_id, isolate_id, sample_type, collection_ward) VALUES ('1441', '1444', '5', 'Consultas externas') ON DUPLICATE KEY UPDATE sample_type = '5', collection_ward = 'Consultas externas'; 
INSERT INTO phenotypic_data(phenotypic_data_id, isolate_id, ecdc_resistance_profile, cloxa_test, mbl_test) VALUES ('1441', '1444', 'XDR', '+/+', '-') ON DUPLICATE KEY UPDATE ecdc_resistance_profile = 'XDR', cloxa_test = '+/+', mbl_test = '-'; 
INSERT INTO sequence_analysis(sequence_analysis_id, isolate_id, ame_loci, beta_lactamase_loci, carbapenemase_loci, other_acq_ab_loci) VALUES ('1444', '1444', '-', '-', '-', '-') ON DUPLICATE KEY UPDATE ame_loci = '-', beta_lactamase_loci = '-', carbapenemase_loci = '-', other_acq_ab_loci = '-'; 
INSERT INTO metadata_general(isolate_id, isolate_name, species, project_name) VALUES ('1445', 'PVA01-039', 'Pseudomonas aeruginosa', 'GEMARA') ON DUPLICATE KEY UPDATE isolate_name = 'PVA01-039', species = 'Pseudomonas aeruginosa', project_name = 'GEMARA'; 
INSERT INTO metadata_clinic(clinic_id, isolate_id, sample_type, collection_ward) VALUES ('1442', '1445', '5', 'Otros') ON DUPLICATE KEY UPDATE sample_type = '5', collection_ward = 'Otros'; 
INSERT INTO phenotypic_data(phenotypic_data_id, isolate_id, ecdc_resistance_profile, cloxa_test, mbl_test) VALUES ('1442', '1445', 'XDR', '+/+', '-') ON DUPLICATE KEY UPDATE ecdc_resistance_profile = 'XDR', cloxa_test = '+/+', mbl_test = '-'; 
INSERT INTO sequence_analysis(sequence_analysis_id, isolate_id, ame_loci, beta_lactamase_loci, carbapenemase_loci, other_acq_ab_loci) VALUES ('1445', '1445', '-', '-', '-', '-') ON DUPLICATE KEY UPDATE ame_loci = '-', beta_lactamase_loci = '-', carbapenemase_loci = '-', other_acq_ab_loci = '-'; 
INSERT INTO metadata_general(isolate_id, isolate_name, species, project_name) VALUES ('1446', 'PVA01-045', 'Pseudomonas aeruginosa', 'GEMARA') ON DUPLICATE KEY UPDATE isolate_name = 'PVA01-045', species = 'Pseudomonas aeruginosa', project_name = 'GEMARA'; 
INSERT INTO metadata_clinic(clinic_id, isolate_id, sample_type, collection_ward) VALUES ('1443', '1446', '1', 'Consultas externas') ON DUPLICATE KEY UPDATE sample_type = '1', collection_ward = 'Consultas externas'; 
INSERT INTO phenotypic_data(phenotypic_data_id, isolate_id, ecdc_resistance_profile, cloxa_test, mbl_test) VALUES ('1443', '1446', 'XDR', '+/+', '-') ON DUPLICATE KEY UPDATE ecdc_resistance_profile = 'XDR', cloxa_test = '+/+', mbl_test = '-'; 
INSERT INTO sequence_analysis(sequence_analysis_id, isolate_id, ame_loci, beta_lactamase_loci, carbapenemase_loci, other_acq_ab_loci) VALUES ('1446', '1446', '-', '-', '-', '-') ON DUPLICATE KEY UPDATE ame_loci = '-', beta_lactamase_loci = '-', carbapenemase_loci = '-', other_acq_ab_loci = '-'; 
INSERT INTO metadata_general(isolate_id, isolate_name, species, project_name) VALUES ('1447', 'PVA01-046', 'Pseudomonas aeruginosa', 'GEMARA') ON DUPLICATE KEY UPDATE isolate_name = 'PVA01-046', species = 'Pseudomonas aeruginosa', project_name = 'GEMARA'; 
INSERT INTO metadata_clinic(clinic_id, isolate_id, sample_type, collection_ward) VALUES ('1444', '1447', '1', 'Servicios médicos adultos') ON DUPLICATE KEY UPDATE sample_type = '1', collection_ward = 'Servicios médicos adultos'; 
INSERT INTO phenotypic_data(phenotypic_data_id, isolate_id, ecdc_resistance_profile, cloxa_test, mbl_test) VALUES ('1444', '1447', 'XDR', '+/+', '-') ON DUPLICATE KEY UPDATE ecdc_resistance_profile = 'XDR', cloxa_test = '+/+', mbl_test = '-'; 
INSERT INTO sequence_analysis(sequence_analysis_id, isolate_id, ame_loci, beta_lactamase_loci, carbapenemase_loci, other_acq_ab_loci) VALUES ('1447', '1447', '-', '-', '-', '-') ON DUPLICATE KEY UPDATE ame_loci = '-', beta_lactamase_loci = '-', carbapenemase_loci = '-', other_acq_ab_loci = '-'; 
INSERT INTO metadata_general(isolate_id, isolate_name, species, project_name) VALUES ('184', 'PVA01-041', 'Pseudomonas aeruginosa', 'GEMARA') ON DUPLICATE KEY UPDATE isolate_name = 'PVA01-041', species = 'Pseudomonas aeruginosa', project_name = 'GEMARA'; 
INSERT INTO metadata_clinic(clinic_id, isolate_id, sample_type, collection_ward) VALUES ('1445', '184', '1', 'Servicios médicos adultos') ON DUPLICATE KEY UPDATE sample_type = '1', collection_ward = 'Servicios médicos adultos'; 
INSERT INTO phenotypic_data(phenotypic_data_id, isolate_id, ecdc_resistance_profile, cloxa_test, mbl_test) VALUES ('1445', '184', 'XDR', '+/s', '-') ON DUPLICATE KEY UPDATE ecdc_resistance_profile = 'XDR', cloxa_test = '+/s', mbl_test = '-'; 
INSERT INTO sequence_analysis(sequence_analysis_id, isolate_id, ame_loci, beta_lactamase_loci, carbapenemase_loci, other_acq_ab_loci) VALUES ('184', '184', '-', '-', '-', '-') ON DUPLICATE KEY UPDATE ame_loci = '-', beta_lactamase_loci = '-', carbapenemase_loci = '-', other_acq_ab_loci = '-'; 