INSERT INTO metadata_general(isolate_id, isolate_name, project_name, species) VALUES ('1448', '01-002', 'COLIMERO', 'Pseudomonas aeruginosa') ON DUPLICATE KEY UPDATE isolate_name = '01-002', project_name = 'COLIMERO', species = 'Pseudomonas aeruginosa'; 
INSERT INTO mic(mic_id, isolate_id, ami, ami_clinical_category, caz, caz_clinical_category, cip, cip_clinical_category, col, col_clinical_category, ctz, fep, fep_clinical_category, imi, imi_clinical_category, mer, mer_clinical_category, pip, tic, tic_clinical_category, tob, tob_clinical_category) VALUES ('1448', '1448', '4', 'S', '16', 'I', '˃16', 'R', '4', 'I', '2', '16', 'I', '32', 'R', '16', 'R', '64', '128', 'R', '32', 'R') ON DUPLICATE KEY UPDATE ami = '4', ami_clinical_category = 'S', caz = '16', caz_clinical_category = 'I', cip = '˃16', cip_clinical_category = 'R', col = '4', col_clinical_category = 'I', ctz = '2', fep = '16', fep_clinical_category = 'I', imi = '32', imi_clinical_category = 'R', mer = '16', mer_clinical_category = 'R', pip = '64', tic = '128', tic_clinical_category = 'R', tob = '32', tob_clinical_category = 'R'; 
INSERT INTO sequence_analysis(sequence_analysis_id, isolate_id, sequence_type, mutational_resistome) VALUES ('1448', '1448', '175', '{"PA0004": "WT", "PA0424": "WT", "PA0425": "WT", "PA0426": "WT", "PA0427": "WT", "PA0807": "A219T", "PA0869": "S250N", "PA0958": "Q142*", "PA1179": "WT", "PA1180": "WT", "PA1777": "WT", "PA1798": "H398R", "PA1799": "WT", "PA2018": "T543A", "PA2019": "K329Q, W358R", "PA2020": "G195D", "PA2491": "D249N", "PA2492": "P60S, F172I", "PA3047": "WT", "PA3168": "T83I, D87N", "PA3574": "WT", "PA3721": "G71E, A186T", "PA3999": "WT", "PA4109": "G154R", "PA4110": "WT", "PA4418": "WT", "PA4522": "G148A, D183Y", "PA4600": "WT", "PA4776": "WT", "PA4777": "Y345H", "PA4964": "S87W, L168Q", "PA4967": "WT", "PA5045": "E245D", "PA5235": "T211P", "PA5471": "L88P, D161G, H182Q, V243A, V266M"}') ON DUPLICATE KEY UPDATE sequence_type = '175', mutational_resistome = '{"PA0004": "WT", "PA0424": "WT", "PA0425": "WT", "PA0426": "WT", "PA0427": "WT", "PA0807": "A219T", "PA0869": "S250N", "PA0958": "Q142*", "PA1179": "WT", "PA1180": "WT", "PA1777": "WT", "PA1798": "H398R", "PA1799": "WT", "PA2018": "T543A", "PA2019": "K329Q, W358R", "PA2020": "G195D", "PA2491": "D249N", "PA2492": "P60S, F172I", "PA3047": "WT", "PA3168": "T83I, D87N", "PA3574": "WT", "PA3721": "G71E, A186T", "PA3999": "WT", "PA4109": "G154R", "PA4110": "WT", "PA4418": "WT", "PA4522": "G148A, D183Y", "PA4600": "WT", "PA4776": "WT", "PA4777": "Y345H", "PA4964": "S87W, L168Q", "PA4967": "WT", "PA5045": "E245D", "PA5235": "T211P", "PA5471": "L88P, D161G, H182Q, V243A, V266M"}'; 
INSERT INTO metadata_general(isolate_id, isolate_name, project_name, species) VALUES ('1449', '01-009', 'COLIMERO', 'Pseudomonas aeruginosa') ON DUPLICATE KEY UPDATE isolate_name = '01-009', project_name = 'COLIMERO', species = 'Pseudomonas aeruginosa'; 
INSERT INTO mic(mic_id, isolate_id, ami, ami_clinical_category, caz, caz_clinical_category, cip, cip_clinical_category, col, col_clinical_category, ctz, fep, fep_clinical_category, imi, imi_clinical_category, mer, mer_clinical_category, pip, tic, tic_clinical_category, tob, tob_clinical_category) VALUES ('1449', '1449', '<2', 'S', '8', 'S', '˃16', 'R', '2', 'S', '1', '8', 'S', '32', 'R', '8', 'R', '32', '64', 'I', '16', 'R') ON DUPLICATE KEY UPDATE ami = '<2', ami_clinical_category = 'S', caz = '8', caz_clinical_category = 'S', cip = '˃16', cip_clinical_category = 'R', col = '2', col_clinical_category = 'S', ctz = '1', fep = '8', fep_clinical_category = 'S', imi = '32', imi_clinical_category = 'R', mer = '8', mer_clinical_category = 'R', pip = '32', tic = '64', tic_clinical_category = 'I', tob = '16', tob_clinical_category = 'R'; 
INSERT INTO sequence_analysis(sequence_analysis_id, isolate_id, sequence_type, mutational_resistome) VALUES ('1449', '1449', '175', '{"PA0004": "WT", "PA0424": "WT", "PA0425": "WT", "PA0426": "WT", "PA0427": "WT", "PA0807": "A219T", "PA0869": "S250N", "PA0958": "Q142*", "PA1179": "WT", "PA1180": "WT", "PA1777": "WT", "PA1798": "H398R", "PA1799": "WT", "PA2018": "T543A", "PA2019": "K329Q", "PA2020": "G195D", "PA2491": "D249N", "PA2492": "P60S, F172I", "PA3047": "WT", "PA3168": "T83I, D87N", "PA3574": "WT", "PA3721": "G71E, A186T", "PA3999": "WT", "PA4109": "G154R", "PA4110": "WT", "PA4418": "WT", "PA4522": "G148A, D183Y", "PA4600": "WT", "PA4776": "WT", "PA4777": "Y345H", "PA4964": "S87W, L168Q", "PA4967": "WT", "PA5045": "E245D", "PA5235": "T211P", "PA5471": "L88P, D161G, H182Q, V243A, V266M"}') ON DUPLICATE KEY UPDATE sequence_type = '175', mutational_resistome = '{"PA0004": "WT", "PA0424": "WT", "PA0425": "WT", "PA0426": "WT", "PA0427": "WT", "PA0807": "A219T", "PA0869": "S250N", "PA0958": "Q142*", "PA1179": "WT", "PA1180": "WT", "PA1777": "WT", "PA1798": "H398R", "PA1799": "WT", "PA2018": "T543A", "PA2019": "K329Q", "PA2020": "G195D", "PA2491": "D249N", "PA2492": "P60S, F172I", "PA3047": "WT", "PA3168": "T83I, D87N", "PA3574": "WT", "PA3721": "G71E, A186T", "PA3999": "WT", "PA4109": "G154R", "PA4110": "WT", "PA4418": "WT", "PA4522": "G148A, D183Y", "PA4600": "WT", "PA4776": "WT", "PA4777": "Y345H", "PA4964": "S87W, L168Q", "PA4967": "WT", "PA5045": "E245D", "PA5235": "T211P", "PA5471": "L88P, D161G, H182Q, V243A, V266M"}'; 
INSERT INTO metadata_general(isolate_id, isolate_name, project_name, species) VALUES ('1450', '04-025', 'COLIMERO', 'Pseudomonas aeruginosa') ON DUPLICATE KEY UPDATE isolate_name = '04-025', project_name = 'COLIMERO', species = 'Pseudomonas aeruginosa'; 
INSERT INTO mic(mic_id, isolate_id, ami, ami_clinical_category, caz, caz_clinical_category, cip, cip_clinical_category, col, col_clinical_category, ctz, fep, fep_clinical_category, imi, imi_clinical_category, mer, mer_clinical_category, pip, tic, tic_clinical_category, tob, tob_clinical_category) VALUES ('1450', '1450', '4', 'S', '32', 'R', '˃16', 'R', '2', 'S', '2', '16', 'I', '32', 'R', '16', 'R', '128', '128', 'R', '32', 'R') ON DUPLICATE KEY UPDATE ami = '4', ami_clinical_category = 'S', caz = '32', caz_clinical_category = 'R', cip = '˃16', cip_clinical_category = 'R', col = '2', col_clinical_category = 'S', ctz = '2', fep = '16', fep_clinical_category = 'I', imi = '32', imi_clinical_category = 'R', mer = '16', mer_clinical_category = 'R', pip = '128', tic = '128', tic_clinical_category = 'R', tob = '32', tob_clinical_category = 'R'; 
INSERT INTO sequence_analysis(sequence_analysis_id, isolate_id, sequence_type, mutational_resistome) VALUES ('1450', '1450', '175', '{"PA0004": "WT", "PA0424": "WT", "PA0425": "WT", "PA0426": "WT", "PA0427": "WT", "PA0807": "A219T", "PA0869": "S250N", "PA0958": "Q142*", "PA1179": "WT", "PA1180": "WT", "PA1777": "WT", "PA1798": "H398R", "PA1799": "WT", "PA2018": "T543A, E644*", "PA2019": "K329Q", "PA2020": "E71*, G195D", "PA2491": "D249N", "PA2492": "P60S, F172I", "PA3047": "WT", "PA3168": "T83I, D87N", "PA3574": "WT", "PA3721": "G71E, A186T", "PA3999": "WT", "PA4109": "G154R", "PA4110": "WT", "PA4418": "WT", "PA4522": "G148A, D183Y", "PA4600": "WT", "PA4776": "WT", "PA4777": "Y345H", "PA4964": "S87W, L168Q", "PA4967": "WT", "PA5045": "E245D", "PA5235": "T211P", "PA5471": "L88P, D161G, H182Q, I237V, V243A, V266M"}') ON DUPLICATE KEY UPDATE sequence_type = '175', mutational_resistome = '{"PA0004": "WT", "PA0424": "WT", "PA0425": "WT", "PA0426": "WT", "PA0427": "WT", "PA0807": "A219T", "PA0869": "S250N", "PA0958": "Q142*", "PA1179": "WT", "PA1180": "WT", "PA1777": "WT", "PA1798": "H398R", "PA1799": "WT", "PA2018": "T543A, E644*", "PA2019": "K329Q", "PA2020": "E71*, G195D", "PA2491": "D249N", "PA2492": "P60S, F172I", "PA3047": "WT", "PA3168": "T83I, D87N", "PA3574": "WT", "PA3721": "G71E, A186T", "PA3999": "WT", "PA4109": "G154R", "PA4110": "WT", "PA4418": "WT", "PA4522": "G148A, D183Y", "PA4600": "WT", "PA4776": "WT", "PA4777": "Y345H", "PA4964": "S87W, L168Q", "PA4967": "WT", "PA5045": "E245D", "PA5235": "T211P", "PA5471": "L88P, D161G, H182Q, I237V, V243A, V266M"}'; 
INSERT INTO metadata_general(isolate_id, isolate_name, project_name, species) VALUES ('1451', '04-024', 'COLIMERO', 'Pseudomonas aeruginosa') ON DUPLICATE KEY UPDATE isolate_name = '04-024', project_name = 'COLIMERO', species = 'Pseudomonas aeruginosa'; 
INSERT INTO mic(mic_id, isolate_id, ami, ami_clinical_category, caz, caz_clinical_category, cip, cip_clinical_category, col, col_clinical_category, ctz, fep, fep_clinical_category, imi, imi_clinical_category, mer, mer_clinical_category, pip, tic, tic_clinical_category, tob, tob_clinical_category) VALUES ('1451', '1451', '4', 'S', '32', 'R', '˃16', 'R', '4', 'I', '4', '32', 'R', '32', 'R', '16', 'R', '128', '256', 'R', '32', 'R') ON DUPLICATE KEY UPDATE ami = '4', ami_clinical_category = 'S', caz = '32', caz_clinical_category = 'R', cip = '˃16', cip_clinical_category = 'R', col = '4', col_clinical_category = 'I', ctz = '4', fep = '32', fep_clinical_category = 'R', imi = '32', imi_clinical_category = 'R', mer = '16', mer_clinical_category = 'R', pip = '128', tic = '256', tic_clinical_category = 'R', tob = '32', tob_clinical_category = 'R'; 
INSERT INTO sequence_analysis(sequence_analysis_id, isolate_id, sequence_type, mutational_resistome) VALUES ('1451', '1451', '175', '{"PA0004": "WT", "PA0424": "WT", "PA0425": "WT", "PA0426": "WT", "PA0427": "WT", "PA0807": "A219T", "PA0869": "S250N", "PA0958": "Q142*", "PA1179": "WT", "PA1180": "WT", "PA1777": "WT", "PA1798": "H398R", "PA1799": "WT", "PA2018": "T543A", "PA2019": "K329Q, W358R", "PA2020": "G195D", "PA2491": "D249N", "PA2492": "P60S, F172I", "PA3047": "WT", "PA3168": "T83I, D87N", "PA3574": "WT", "PA3721": "G71E, A186T", "PA3999": "WT", "PA4109": "G154R", "PA4110": "WT", "PA4418": "WT", "PA4522": "G148A, D183Y", "PA4600": "WT", "PA4776": "WT", "PA4777": "Y345H", "PA4964": "S87W, L168Q", "PA4967": "WT", "PA5045": "E245D", "PA5235": "T211P", "PA5471": "L88P, D161G, H182Q, V243A, V266M"}') ON DUPLICATE KEY UPDATE sequence_type = '175', mutational_resistome = '{"PA0004": "WT", "PA0424": "WT", "PA0425": "WT", "PA0426": "WT", "PA0427": "WT", "PA0807": "A219T", "PA0869": "S250N", "PA0958": "Q142*", "PA1179": "WT", "PA1180": "WT", "PA1777": "WT", "PA1798": "H398R", "PA1799": "WT", "PA2018": "T543A", "PA2019": "K329Q, W358R", "PA2020": "G195D", "PA2491": "D249N", "PA2492": "P60S, F172I", "PA3047": "WT", "PA3168": "T83I, D87N", "PA3574": "WT", "PA3721": "G71E, A186T", "PA3999": "WT", "PA4109": "G154R", "PA4110": "WT", "PA4418": "WT", "PA4522": "G148A, D183Y", "PA4600": "WT", "PA4776": "WT", "PA4777": "Y345H", "PA4964": "S87W, L168Q", "PA4967": "WT", "PA5045": "E245D", "PA5235": "T211P", "PA5471": "L88P, D161G, H182Q, V243A, V266M"}'; 
INSERT INTO metadata_general(isolate_id, isolate_name, project_name, species) VALUES ('1452', '06-028', 'COLIMERO', 'Pseudomonas aeruginosa') ON DUPLICATE KEY UPDATE isolate_name = '06-028', project_name = 'COLIMERO', species = 'Pseudomonas aeruginosa'; 
INSERT INTO mic(mic_id, isolate_id, ami, ami_clinical_category, caz, caz_clinical_category, cip, cip_clinical_category, col, col_clinical_category, ctz, fep, fep_clinical_category, imi, imi_clinical_category, mer, mer_clinical_category, pip, tic, tic_clinical_category, tob, tob_clinical_category) VALUES ('1452', '1452', '4', 'S', '32', 'R', '>16', 'R', '4', 'I', '2', '16', 'I', '64', 'R', '16', 'R', '128', '128', 'R', '32', 'R') ON DUPLICATE KEY UPDATE ami = '4', ami_clinical_category = 'S', caz = '32', caz_clinical_category = 'R', cip = '>16', cip_clinical_category = 'R', col = '4', col_clinical_category = 'I', ctz = '2', fep = '16', fep_clinical_category = 'I', imi = '64', imi_clinical_category = 'R', mer = '16', mer_clinical_category = 'R', pip = '128', tic = '128', tic_clinical_category = 'R', tob = '32', tob_clinical_category = 'R'; 
INSERT INTO sequence_analysis(sequence_analysis_id, isolate_id, sequence_type, mutational_resistome) VALUES ('1452', '1452', '175', '{"PA0004": "WT", "PA0424": "WT", "PA0425": "WT", "PA0426": "WT", "PA0427": "R404H", "PA0807": "A219T", "PA0869": "S250N", "PA0958": "Q142*", "PA1179": "WT", "PA1180": "WT", "PA1777": "WT", "PA1798": "H398R", "PA1799": "WT", "PA2018": "T543A", "PA2019": "K329Q", "PA2020": "G195D", "PA2491": "D249N", "PA2492": "P60S, F172I", "PA3047": "WT", "PA3168": "T83I, D87N", "PA3574": "WT", "PA3721": "G71E, A186T", "PA3999": "WT", "PA4109": "G154R", "PA4110": "WT", "PA4418": "WT", "PA4522": "G148A, D183Y", "PA4600": "WT", "PA4776": "WT", "PA4777": "Y345H", "PA4964": "S87W, L168Q", "PA4967": "WT", "PA5045": "E245D", "PA5235": "T211P", "PA5471": "L88P, D161G, H182Q, V243A, V266M"}') ON DUPLICATE KEY UPDATE sequence_type = '175', mutational_resistome = '{"PA0004": "WT", "PA0424": "WT", "PA0425": "WT", "PA0426": "WT", "PA0427": "R404H", "PA0807": "A219T", "PA0869": "S250N", "PA0958": "Q142*", "PA1179": "WT", "PA1180": "WT", "PA1777": "WT", "PA1798": "H398R", "PA1799": "WT", "PA2018": "T543A", "PA2019": "K329Q", "PA2020": "G195D", "PA2491": "D249N", "PA2492": "P60S, F172I", "PA3047": "WT", "PA3168": "T83I, D87N", "PA3574": "WT", "PA3721": "G71E, A186T", "PA3999": "WT", "PA4109": "G154R", "PA4110": "WT", "PA4418": "WT", "PA4522": "G148A, D183Y", "PA4600": "WT", "PA4776": "WT", "PA4777": "Y345H", "PA4964": "S87W, L168Q", "PA4967": "WT", "PA5045": "E245D", "PA5235": "T211P", "PA5471": "L88P, D161G, H182Q, V243A, V266M"}'; 
INSERT INTO metadata_general(isolate_id, isolate_name, project_name, species) VALUES ('1453', '06-036', 'COLIMERO', 'Pseudomonas aeruginosa') ON DUPLICATE KEY UPDATE isolate_name = '06-036', project_name = 'COLIMERO', species = 'Pseudomonas aeruginosa'; 
INSERT INTO mic(mic_id, isolate_id, ami, ami_clinical_category, caz, caz_clinical_category, cip, cip_clinical_category, col, col_clinical_category, ctz, fep, fep_clinical_category, imi, imi_clinical_category, mer, mer_clinical_category, pip, tic, tic_clinical_category, tob, tob_clinical_category) VALUES ('1453', '1453', '4', 'S', '16', 'I', '˃16', 'R', '4', 'I', '2', '16', 'I', '64', 'R', '16', 'R', '64', '128', 'R', '16', 'R') ON DUPLICATE KEY UPDATE ami = '4', ami_clinical_category = 'S', caz = '16', caz_clinical_category = 'I', cip = '˃16', cip_clinical_category = 'R', col = '4', col_clinical_category = 'I', ctz = '2', fep = '16', fep_clinical_category = 'I', imi = '64', imi_clinical_category = 'R', mer = '16', mer_clinical_category = 'R', pip = '64', tic = '128', tic_clinical_category = 'R', tob = '16', tob_clinical_category = 'R'; 
INSERT INTO sequence_analysis(sequence_analysis_id, isolate_id, sequence_type, mutational_resistome) VALUES ('1453', '1453', '175', '{"PA0004": "WT", "PA0424": "WT", "PA0425": "WT", "PA0426": "WT", "PA0427": "WT", "PA0807": "A219T", "PA0869": "S250N", "PA0958": "Q142*", "PA1179": "WT", "PA1180": "WT", "PA1777": "E149*", "PA1798": "H398R", "PA1799": "E214D", "PA2018": "T543A", "PA2019": "K329Q", "PA2020": "G195D", "PA2491": "D249N", "PA2492": "P60S, F172I", "PA3047": "WT", "PA3168": "T83I, D87N", "PA3574": "WT", "PA3721": "G71E, A186T", "PA3999": "WT", "PA4109": "G154R", "PA4110": "WT", "PA4418": "WT", "PA4522": "G148A, D183Y", "PA4600": "WT", "PA4776": "WT", "PA4777": "Y345H", "PA4964": "S87W, L168Q", "PA4967": "WT", "PA5045": "E245D", "PA5235": "T211P", "PA5471": "L88P, D161G, H182Q, V243A, V266M"}') ON DUPLICATE KEY UPDATE sequence_type = '175', mutational_resistome = '{"PA0004": "WT", "PA0424": "WT", "PA0425": "WT", "PA0426": "WT", "PA0427": "WT", "PA0807": "A219T", "PA0869": "S250N", "PA0958": "Q142*", "PA1179": "WT", "PA1180": "WT", "PA1777": "E149*", "PA1798": "H398R", "PA1799": "E214D", "PA2018": "T543A", "PA2019": "K329Q", "PA2020": "G195D", "PA2491": "D249N", "PA2492": "P60S, F172I", "PA3047": "WT", "PA3168": "T83I, D87N", "PA3574": "WT", "PA3721": "G71E, A186T", "PA3999": "WT", "PA4109": "G154R", "PA4110": "WT", "PA4418": "WT", "PA4522": "G148A, D183Y", "PA4600": "WT", "PA4776": "WT", "PA4777": "Y345H", "PA4964": "S87W, L168Q", "PA4967": "WT", "PA5045": "E245D", "PA5235": "T211P", "PA5471": "L88P, D161G, H182Q, V243A, V266M"}'; 
INSERT INTO metadata_general(isolate_id, isolate_name, project_name, species) VALUES ('1454', '07-002', 'COLIMERO', 'Pseudomonas aeruginosa') ON DUPLICATE KEY UPDATE isolate_name = '07-002', project_name = 'COLIMERO', species = 'Pseudomonas aeruginosa'; 
INSERT INTO mic(mic_id, isolate_id, ami, ami_clinical_category, caz, caz_clinical_category, cip, cip_clinical_category, col, col_clinical_category, ctz, fep, fep_clinical_category, imi, imi_clinical_category, mer, mer_clinical_category, pip, tic, tic_clinical_category, tob, tob_clinical_category) VALUES ('1454', '1454', '8', 'S', '64', 'R', '˃16', 'R', '4', 'I', '˃64', '32', 'R', '˃64', 'R', '˃32', 'R', '256', '˃512', 'R', '˃32', 'R') ON DUPLICATE KEY UPDATE ami = '8', ami_clinical_category = 'S', caz = '64', caz_clinical_category = 'R', cip = '˃16', cip_clinical_category = 'R', col = '4', col_clinical_category = 'I', ctz = '˃64', fep = '32', fep_clinical_category = 'R', imi = '˃64', imi_clinical_category = 'R', mer = '˃32', mer_clinical_category = 'R', pip = '256', tic = '˃512', tic_clinical_category = 'R', tob = '˃32', tob_clinical_category = 'R'; 
INSERT INTO sequence_analysis(sequence_analysis_id, isolate_id, sequence_type, mutational_resistome) VALUES ('1454', '1454', '175', '{"PA0004": "WT", "PA0424": "WT", "PA0425": "WT", "PA0426": "WT", "PA0427": "WT", "PA0807": "A219T", "PA0869": "S250N", "PA0958": "W277*", "PA1179": "WT", "PA1180": "WT", "PA1777": "WT", "PA1798": "H398R", "PA1799": "WT", "PA2018": "T543A", "PA2019": "K329Q", "PA2020": "G195D", "PA2491": "D249N", "PA2492": "P60S, F172I", "PA3047": "WT", "PA3168": "T83I, D87N", "PA3574": "WT", "PA3721": "G71E, A186T", "PA3999": "WT", "PA4109": "WT", "PA4110": "WT", "PA4418": "WT", "PA4522": "G148A, D183Y", "PA4600": "WT", "PA4776": "WT", "PA4777": "Y345H", "PA4964": "S87W, L168Q", "PA4967": "WT", "PA5045": "E245D", "PA5235": "WT", "PA5471": "L88P, D161G, H182Q, V243A, V266M"}') ON DUPLICATE KEY UPDATE sequence_type = '175', mutational_resistome = '{"PA0004": "WT", "PA0424": "WT", "PA0425": "WT", "PA0426": "WT", "PA0427": "WT", "PA0807": "A219T", "PA0869": "S250N", "PA0958": "W277*", "PA1179": "WT", "PA1180": "WT", "PA1777": "WT", "PA1798": "H398R", "PA1799": "WT", "PA2018": "T543A", "PA2019": "K329Q", "PA2020": "G195D", "PA2491": "D249N", "PA2492": "P60S, F172I", "PA3047": "WT", "PA3168": "T83I, D87N", "PA3574": "WT", "PA3721": "G71E, A186T", "PA3999": "WT", "PA4109": "WT", "PA4110": "WT", "PA4418": "WT", "PA4522": "G148A, D183Y", "PA4600": "WT", "PA4776": "WT", "PA4777": "Y345H", "PA4964": "S87W, L168Q", "PA4967": "WT", "PA5045": "E245D", "PA5235": "WT", "PA5471": "L88P, D161G, H182Q, V243A, V266M"}'; 
INSERT INTO metadata_general(isolate_id, isolate_name, project_name, species) VALUES ('1455', '07-016', 'COLIMERO', 'Pseudomonas aeruginosa') ON DUPLICATE KEY UPDATE isolate_name = '07-016', project_name = 'COLIMERO', species = 'Pseudomonas aeruginosa'; 
INSERT INTO mic(mic_id, isolate_id, ami, ami_clinical_category, caz, caz_clinical_category, cip, cip_clinical_category, col, col_clinical_category, ctz, fep, fep_clinical_category, imi, imi_clinical_category, mer, mer_clinical_category, pip, tic, tic_clinical_category, tob, tob_clinical_category) VALUES ('1455', '1455', '16', 'S', '32', 'R', '˃16', 'R', '4', 'I', '16', '16', 'I', '>64', 'R', '˃32', 'R', '128', '256', 'R', '˃32', 'R') ON DUPLICATE KEY UPDATE ami = '16', ami_clinical_category = 'S', caz = '32', caz_clinical_category = 'R', cip = '˃16', cip_clinical_category = 'R', col = '4', col_clinical_category = 'I', ctz = '16', fep = '16', fep_clinical_category = 'I', imi = '>64', imi_clinical_category = 'R', mer = '˃32', mer_clinical_category = 'R', pip = '128', tic = '256', tic_clinical_category = 'R', tob = '˃32', tob_clinical_category = 'R'; 
INSERT INTO sequence_analysis(sequence_analysis_id, isolate_id, sequence_type, mutational_resistome) VALUES ('1455', '1455', '175', '{"PA0004": "WT", "PA0424": "WT", "PA0425": "WT", "PA0426": "WT", "PA0427": "WT", "PA0807": "A219T", "PA0869": "S250N", "PA0958": "W277*", "PA1179": "WT", "PA1180": "WT", "PA1777": "WT", "PA1798": "H398R", "PA1799": "WT", "PA2018": "T543A", "PA2019": "K329Q, W358R", "PA2020": "G195D", "PA2491": "D249N", "PA2492": "P60S, F172I", "PA3047": "WT", "PA3168": "T83I, D87N", "PA3574": "WT", "PA3721": "G71E, A186T", "PA3999": "WT", "PA4109": "WT", "PA4110": "WT", "PA4418": "WT", "PA4522": "G148A, D183Y", "PA4600": "WT", "PA4776": "WT", "PA4777": "Y345H", "PA4964": "S87W, L168Q", "PA4967": "WT", "PA5045": "E245D", "PA5235": "WT", "PA5471": "L88P, D161G, H182Q, V243A, V266M"}') ON DUPLICATE KEY UPDATE sequence_type = '175', mutational_resistome = '{"PA0004": "WT", "PA0424": "WT", "PA0425": "WT", "PA0426": "WT", "PA0427": "WT", "PA0807": "A219T", "PA0869": "S250N", "PA0958": "W277*", "PA1179": "WT", "PA1180": "WT", "PA1777": "WT", "PA1798": "H398R", "PA1799": "WT", "PA2018": "T543A", "PA2019": "K329Q, W358R", "PA2020": "G195D", "PA2491": "D249N", "PA2492": "P60S, F172I", "PA3047": "WT", "PA3168": "T83I, D87N", "PA3574": "WT", "PA3721": "G71E, A186T", "PA3999": "WT", "PA4109": "WT", "PA4110": "WT", "PA4418": "WT", "PA4522": "G148A, D183Y", "PA4600": "WT", "PA4776": "WT", "PA4777": "Y345H", "PA4964": "S87W, L168Q", "PA4967": "WT", "PA5045": "E245D", "PA5235": "WT", "PA5471": "L88P, D161G, H182Q, V243A, V266M"}'; 
INSERT INTO metadata_general(isolate_id, isolate_name, project_name, species) VALUES ('1456', '15-001', 'COLIMERO', 'Pseudomonas aeruginosa') ON DUPLICATE KEY UPDATE isolate_name = '15-001', project_name = 'COLIMERO', species = 'Pseudomonas aeruginosa'; 
INSERT INTO mic(mic_id, isolate_id, ami, ami_clinical_category, caz, caz_clinical_category, cip, cip_clinical_category, col, col_clinical_category, ctz, fep, fep_clinical_category, imi, imi_clinical_category, mer, mer_clinical_category, pip, tic, tic_clinical_category, tob, tob_clinical_category) VALUES ('1456', '1456', '6', 'S', '˃64', 'R', '˃16', 'R', '4', 'I', '8', '32', 'R', '64', 'R', '16', 'R', '˃256', '512', 'R', '32', 'R') ON DUPLICATE KEY UPDATE ami = '6', ami_clinical_category = 'S', caz = '˃64', caz_clinical_category = 'R', cip = '˃16', cip_clinical_category = 'R', col = '4', col_clinical_category = 'I', ctz = '8', fep = '32', fep_clinical_category = 'R', imi = '64', imi_clinical_category = 'R', mer = '16', mer_clinical_category = 'R', pip = '˃256', tic = '512', tic_clinical_category = 'R', tob = '32', tob_clinical_category = 'R'; 
INSERT INTO sequence_analysis(sequence_analysis_id, isolate_id, sequence_type, mutational_resistome) VALUES ('1456', '1456', '175', '{"PA0004": "WT", "PA0424": "WT", "PA0425": "WT", "PA0426": "WT", "PA0427": "WT", "PA0807": "A219T", "PA0869": "S250N", "PA0958": "Q142*", "PA1179": "WT", "PA1180": "WT", "PA1777": "WT", "PA1798": "H398R", "PA1799": "WT", "PA2018": "T543A", "PA2019": "K329Q", "PA2020": "G195D", "PA2491": "D249N", "PA2492": "P60S, F172I", "PA3047": "WT", "PA3168": "T83I, D87N", "PA3574": "WT", "PA3721": "G71E, A186T", "PA3999": "WT", "PA4109": "G154R", "PA4110": "WT", "PA4418": "WT", "PA4522": "G148A, D183Y", "PA4600": "WT", "PA4776": "WT", "PA4777": "Y345H", "PA4964": "S87W, L168Q", "PA4967": "WT", "PA5045": "E158K, E245D", "PA5235": "T211P", "PA5471": "L88P, D161G, H182Q, V243A, V266M"}') ON DUPLICATE KEY UPDATE sequence_type = '175', mutational_resistome = '{"PA0004": "WT", "PA0424": "WT", "PA0425": "WT", "PA0426": "WT", "PA0427": "WT", "PA0807": "A219T", "PA0869": "S250N", "PA0958": "Q142*", "PA1179": "WT", "PA1180": "WT", "PA1777": "WT", "PA1798": "H398R", "PA1799": "WT", "PA2018": "T543A", "PA2019": "K329Q", "PA2020": "G195D", "PA2491": "D249N", "PA2492": "P60S, F172I", "PA3047": "WT", "PA3168": "T83I, D87N", "PA3574": "WT", "PA3721": "G71E, A186T", "PA3999": "WT", "PA4109": "G154R", "PA4110": "WT", "PA4418": "WT", "PA4522": "G148A, D183Y", "PA4600": "WT", "PA4776": "WT", "PA4777": "Y345H", "PA4964": "S87W, L168Q", "PA4967": "WT", "PA5045": "E158K, E245D", "PA5235": "T211P", "PA5471": "L88P, D161G, H182Q, V243A, V266M"}'; 
INSERT INTO metadata_general(isolate_id, isolate_name, project_name, species) VALUES ('1457', '15-002', 'COLIMERO', 'Pseudomonas aeruginosa') ON DUPLICATE KEY UPDATE isolate_name = '15-002', project_name = 'COLIMERO', species = 'Pseudomonas aeruginosa'; 
INSERT INTO mic(mic_id, isolate_id, ami, ami_clinical_category, caz, caz_clinical_category, cip, cip_clinical_category, col, col_clinical_category, ctz, fep, fep_clinical_category, imi, imi_clinical_category, mer, mer_clinical_category, pip, tic, tic_clinical_category, tob, tob_clinical_category) VALUES ('1457', '1457', '32', 'I', '64', 'R', '˃16', 'R', '4', 'I', '4', '32', 'R', '32', 'R', '16', 'R', '256', '256', 'R', '˃32', 'R') ON DUPLICATE KEY UPDATE ami = '32', ami_clinical_category = 'I', caz = '64', caz_clinical_category = 'R', cip = '˃16', cip_clinical_category = 'R', col = '4', col_clinical_category = 'I', ctz = '4', fep = '32', fep_clinical_category = 'R', imi = '32', imi_clinical_category = 'R', mer = '16', mer_clinical_category = 'R', pip = '256', tic = '256', tic_clinical_category = 'R', tob = '˃32', tob_clinical_category = 'R'; 
INSERT INTO sequence_analysis(sequence_analysis_id, isolate_id, sequence_type, mutational_resistome) VALUES ('1457', '1457', '175', '{"PA0004": "WT", "PA0424": "WT", "PA0425": "WT", "PA0426": "WT", "PA0427": "WT", "PA0807": "A219T", "PA0869": "S250N", "PA0958": "Q142*", "PA1179": "WT", "PA1180": "WT", "PA1777": "WT", "PA1798": "H398R", "PA1799": "WT", "PA2018": "T543A", "PA2019": "K329Q, W358R", "PA2020": "G195D", "PA2491": "D249N", "PA2492": "P60S, F172I", "PA3047": "WT", "PA3168": "T83I, D87N", "PA3574": "WT", "PA3721": "G71E, A186T", "PA3999": "WT", "PA4109": "G154R", "PA4110": "WT", "PA4418": "WT", "PA4522": "G148A, D183Y", "PA4600": "WT", "PA4776": "WT", "PA4777": "Y345H", "PA4964": "S87W, L168Q", "PA4967": "WT", "PA5045": "E158K, E245D", "PA5235": "T211P", "PA5471": "L88P, D161G, H182Q, V243A, V266M"}') ON DUPLICATE KEY UPDATE sequence_type = '175', mutational_resistome = '{"PA0004": "WT", "PA0424": "WT", "PA0425": "WT", "PA0426": "WT", "PA0427": "WT", "PA0807": "A219T", "PA0869": "S250N", "PA0958": "Q142*", "PA1179": "WT", "PA1180": "WT", "PA1777": "WT", "PA1798": "H398R", "PA1799": "WT", "PA2018": "T543A", "PA2019": "K329Q, W358R", "PA2020": "G195D", "PA2491": "D249N", "PA2492": "P60S, F172I", "PA3047": "WT", "PA3168": "T83I, D87N", "PA3574": "WT", "PA3721": "G71E, A186T", "PA3999": "WT", "PA4109": "G154R", "PA4110": "WT", "PA4418": "WT", "PA4522": "G148A, D183Y", "PA4600": "WT", "PA4776": "WT", "PA4777": "Y345H", "PA4964": "S87W, L168Q", "PA4967": "WT", "PA5045": "E158K, E245D", "PA5235": "T211P", "PA5471": "L88P, D161G, H182Q, V243A, V266M"}'; 
INSERT INTO metadata_general(isolate_id, isolate_name, project_name, species) VALUES ('1458', '10-001', 'COLIMERO', 'Pseudomonas aeruginosa') ON DUPLICATE KEY UPDATE isolate_name = '10-001', project_name = 'COLIMERO', species = 'Pseudomonas aeruginosa'; 
INSERT INTO mic(mic_id, isolate_id, ami, ami_clinical_category, caz, caz_clinical_category, cip, cip_clinical_category, col, col_clinical_category, ctz, fep, fep_clinical_category, imi, imi_clinical_category, mer, mer_clinical_category, pip, tic, tic_clinical_category, tob, tob_clinical_category) VALUES ('1458', '1458', '4', 'S', '32', 'R', '˃16', 'R', '4', 'I', '2', '16', 'I', '32', 'R', '16', 'R', '128', '128', 'R', '˃32', 'R') ON DUPLICATE KEY UPDATE ami = '4', ami_clinical_category = 'S', caz = '32', caz_clinical_category = 'R', cip = '˃16', cip_clinical_category = 'R', col = '4', col_clinical_category = 'I', ctz = '2', fep = '16', fep_clinical_category = 'I', imi = '32', imi_clinical_category = 'R', mer = '16', mer_clinical_category = 'R', pip = '128', tic = '128', tic_clinical_category = 'R', tob = '˃32', tob_clinical_category = 'R'; 
INSERT INTO sequence_analysis(sequence_analysis_id, isolate_id, sequence_type, mutational_resistome) VALUES ('1458', '1458', '175', '{"PA0004": "WT", "PA0424": "WT", "PA0425": "WT", "PA0426": "WT", "PA0427": "WT", "PA0807": "A219T", "PA0869": "S250N", "PA0958": "Q142*", "PA1179": "WT", "PA1180": "WT", "PA1777": "WT", "PA1798": "H398R", "PA1799": "WT", "PA2018": "T543A", "PA2019": "K329Q", "PA2020": "G195D", "PA2491": "D249N", "PA2492": "P60S, F172I", "PA3047": "WT", "PA3168": "T83I, D87N", "PA3574": "WT", "PA3721": "G71E, A186T", "PA3999": "WT", "PA4109": "G154R", "PA4110": "WT", "PA4418": "WT", "PA4522": "G148A, D183Y", "PA4600": "WT", "PA4776": "WT", "PA4777": "Y345H", "PA4964": "S87W, L168Q", "PA4967": "WT", "PA5045": "E245D", "PA5235": "T211P", "PA5471": "L88P, D161G, H182Q, V243A, V266M"}') ON DUPLICATE KEY UPDATE sequence_type = '175', mutational_resistome = '{"PA0004": "WT", "PA0424": "WT", "PA0425": "WT", "PA0426": "WT", "PA0427": "WT", "PA0807": "A219T", "PA0869": "S250N", "PA0958": "Q142*", "PA1179": "WT", "PA1180": "WT", "PA1777": "WT", "PA1798": "H398R", "PA1799": "WT", "PA2018": "T543A", "PA2019": "K329Q", "PA2020": "G195D", "PA2491": "D249N", "PA2492": "P60S, F172I", "PA3047": "WT", "PA3168": "T83I, D87N", "PA3574": "WT", "PA3721": "G71E, A186T", "PA3999": "WT", "PA4109": "G154R", "PA4110": "WT", "PA4418": "WT", "PA4522": "G148A, D183Y", "PA4600": "WT", "PA4776": "WT", "PA4777": "Y345H", "PA4964": "S87W, L168Q", "PA4967": "WT", "PA5045": "E245D", "PA5235": "T211P", "PA5471": "L88P, D161G, H182Q, V243A, V266M"}'; 
INSERT INTO metadata_general(isolate_id, isolate_name, project_name, species) VALUES ('1459', '10-023', 'COLIMERO', 'Pseudomonas aeruginosa') ON DUPLICATE KEY UPDATE isolate_name = '10-023', project_name = 'COLIMERO', species = 'Pseudomonas aeruginosa'; 
INSERT INTO mic(mic_id, isolate_id, ami, ami_clinical_category, caz, caz_clinical_category, cip, cip_clinical_category, col, col_clinical_category, ctz, fep, fep_clinical_category, imi, imi_clinical_category, mer, mer_clinical_category, pip, tic, tic_clinical_category, tob, tob_clinical_category) VALUES ('1459', '1459', '4', 'S', '32', 'R', '˃16', 'R', '4', 'I', '2', '16', 'I', '32', 'R', '16', 'R', '128', '128', 'R', '˃32', 'R') ON DUPLICATE KEY UPDATE ami = '4', ami_clinical_category = 'S', caz = '32', caz_clinical_category = 'R', cip = '˃16', cip_clinical_category = 'R', col = '4', col_clinical_category = 'I', ctz = '2', fep = '16', fep_clinical_category = 'I', imi = '32', imi_clinical_category = 'R', mer = '16', mer_clinical_category = 'R', pip = '128', tic = '128', tic_clinical_category = 'R', tob = '˃32', tob_clinical_category = 'R'; 
INSERT INTO sequence_analysis(sequence_analysis_id, isolate_id, sequence_type, mutational_resistome) VALUES ('1459', '1459', '175', '{"PA0004": "WT", "PA0424": "WT", "PA0425": "WT", "PA0426": "WT", "PA0427": "WT", "PA0807": "A219T", "PA0869": "S250N", "PA0958": "Q142*", "PA1179": "WT", "PA1180": "WT", "PA1777": "WT", "PA1798": "H398R", "PA1799": "WT", "PA2018": "T543A", "PA2019": "K329Q, W358R", "PA2020": "G195D", "PA2491": "D249N", "PA2492": "P60S, F172I", "PA3047": "WT", "PA3168": "T83I, D87N", "PA3574": "WT", "PA3721": "G71E, A186T", "PA3999": "WT", "PA4109": "G154R", "PA4110": "WT", "PA4418": "WT", "PA4522": "G148A, D183Y", "PA4600": "WT", "PA4776": "WT", "PA4777": "Y345H", "PA4964": "S87W, L168Q", "PA4967": "WT", "PA5045": "E245D", "PA5235": "T211P", "PA5471": "L88P, D161G, H182Q, V243A, V266M"}') ON DUPLICATE KEY UPDATE sequence_type = '175', mutational_resistome = '{"PA0004": "WT", "PA0424": "WT", "PA0425": "WT", "PA0426": "WT", "PA0427": "WT", "PA0807": "A219T", "PA0869": "S250N", "PA0958": "Q142*", "PA1179": "WT", "PA1180": "WT", "PA1777": "WT", "PA1798": "H398R", "PA1799": "WT", "PA2018": "T543A", "PA2019": "K329Q, W358R", "PA2020": "G195D", "PA2491": "D249N", "PA2492": "P60S, F172I", "PA3047": "WT", "PA3168": "T83I, D87N", "PA3574": "WT", "PA3721": "G71E, A186T", "PA3999": "WT", "PA4109": "G154R", "PA4110": "WT", "PA4418": "WT", "PA4522": "G148A, D183Y", "PA4600": "WT", "PA4776": "WT", "PA4777": "Y345H", "PA4964": "S87W, L168Q", "PA4967": "WT", "PA5045": "E245D", "PA5235": "T211P", "PA5471": "L88P, D161G, H182Q, V243A, V266M"}'; 
INSERT INTO metadata_general(isolate_id, isolate_name, project_name, species) VALUES ('1460', '03-002', 'COLIMERO', 'Pseudomonas aeruginosa') ON DUPLICATE KEY UPDATE isolate_name = '03-002', project_name = 'COLIMERO', species = 'Pseudomonas aeruginosa'; 
INSERT INTO mic(mic_id, isolate_id, ami, ami_clinical_category, caz, caz_clinical_category, cip, cip_clinical_category, col, col_clinical_category, ctz, fep, fep_clinical_category, imi, imi_clinical_category, mer, mer_clinical_category, pip, tic, tic_clinical_category, tob, tob_clinical_category) VALUES ('1460', '1460', '4', 'S', '16', 'I', '˃16', 'R', '2', 'S', '2', '16', 'I', '32', 'R', '8', 'R', '64', '128', 'R', '16', 'R') ON DUPLICATE KEY UPDATE ami = '4', ami_clinical_category = 'S', caz = '16', caz_clinical_category = 'I', cip = '˃16', cip_clinical_category = 'R', col = '2', col_clinical_category = 'S', ctz = '2', fep = '16', fep_clinical_category = 'I', imi = '32', imi_clinical_category = 'R', mer = '8', mer_clinical_category = 'R', pip = '64', tic = '128', tic_clinical_category = 'R', tob = '16', tob_clinical_category = 'R'; 
INSERT INTO sequence_analysis(sequence_analysis_id, isolate_id, sequence_type, mutational_resistome) VALUES ('1460', '1460', '175', '{"PA0004": "WT", "PA0424": "nt386InsGTGT, nt391InsGGGT", "PA0425": "WT", "PA0426": "WT", "PA0427": "WT", "PA0807": "A219T", "PA0869": "S250N", "PA0958": "Q142*", "PA1179": "WT", "PA1180": "WT", "PA1777": "WT", "PA1798": "H398R", "PA1799": "WT", "PA2018": "T543A", "PA2019": "K329Q, W358R", "PA2020": "G195D", "PA2491": "D249N", "PA2492": "P60S, F172I", "PA3047": "WT", "PA3168": "T83I, D87N", "PA3574": "WT", "PA3721": "G71E, A186T", "PA3999": "WT", "PA4109": "G154R", "PA4110": "WT", "PA4418": "WT", "PA4522": "G148A, D183Y", "PA4600": "WT", "PA4776": "WT", "PA4777": "Y345H", "PA4964": "S87W, L168Q", "PA4967": "WT", "PA5045": "E245D", "PA5235": "T211P", "PA5471": "L88P, D161G, H182Q, V243A, V266M"}') ON DUPLICATE KEY UPDATE sequence_type = '175', mutational_resistome = '{"PA0004": "WT", "PA0424": "nt386InsGTGT, nt391InsGGGT", "PA0425": "WT", "PA0426": "WT", "PA0427": "WT", "PA0807": "A219T", "PA0869": "S250N", "PA0958": "Q142*", "PA1179": "WT", "PA1180": "WT", "PA1777": "WT", "PA1798": "H398R", "PA1799": "WT", "PA2018": "T543A", "PA2019": "K329Q, W358R", "PA2020": "G195D", "PA2491": "D249N", "PA2492": "P60S, F172I", "PA3047": "WT", "PA3168": "T83I, D87N", "PA3574": "WT", "PA3721": "G71E, A186T", "PA3999": "WT", "PA4109": "G154R", "PA4110": "WT", "PA4418": "WT", "PA4522": "G148A, D183Y", "PA4600": "WT", "PA4776": "WT", "PA4777": "Y345H", "PA4964": "S87W, L168Q", "PA4967": "WT", "PA5045": "E245D", "PA5235": "T211P", "PA5471": "L88P, D161G, H182Q, V243A, V266M"}'; 
INSERT INTO metadata_general(isolate_id, isolate_name, project_name, species) VALUES ('1461', '03-005', 'COLIMERO', 'Pseudomonas aeruginosa') ON DUPLICATE KEY UPDATE isolate_name = '03-005', project_name = 'COLIMERO', species = 'Pseudomonas aeruginosa'; 
INSERT INTO mic(mic_id, isolate_id, ami, ami_clinical_category, caz, caz_clinical_category, cip, cip_clinical_category, col, col_clinical_category, ctz, fep, fep_clinical_category, imi, imi_clinical_category, mer, mer_clinical_category, pip, tic, tic_clinical_category, tob, tob_clinical_category) VALUES ('1461', '1461', '4', 'S', '16', 'I', '˃16', 'R', '4', 'I', '2', '16', 'I', '64', 'R', '16', 'R', '64', '128', 'R', '32', 'R') ON DUPLICATE KEY UPDATE ami = '4', ami_clinical_category = 'S', caz = '16', caz_clinical_category = 'I', cip = '˃16', cip_clinical_category = 'R', col = '4', col_clinical_category = 'I', ctz = '2', fep = '16', fep_clinical_category = 'I', imi = '64', imi_clinical_category = 'R', mer = '16', mer_clinical_category = 'R', pip = '64', tic = '128', tic_clinical_category = 'R', tob = '32', tob_clinical_category = 'R'; 
INSERT INTO sequence_analysis(sequence_analysis_id, isolate_id, sequence_type, mutational_resistome) VALUES ('1461', '1461', '175', '{"PA0004": "WT", "PA0424": "nt386InsGGGA, nt391InsGGGT", "PA0425": "WT", "PA0426": "WT", "PA0427": "WT", "PA0807": "A219T", "PA0869": " S250N", "PA0958": "Q142*", "PA1179": "WT", "PA1180": "WT", "PA1777": "WT", "PA1798": "H398R", "PA1799": "WT", "PA2018": " T543A", "PA2019": "K329Q, W358R", "PA2020": " G195D", "PA2491": "D249N", "PA2492": " P60S, F172I", "PA3047": "WT", "PA3168": "T83I, D87N", "PA3574": "WT", "PA3721": "G71E, A186T", "PA3999": "WT", "PA4109": " G154R", "PA4110": "WT", "PA4418": "WT", "PA4522": "G148A, D183Y", "PA4600": "WT", "PA4776": "WT", "PA4777": "Y345H", "PA4964": "S87W, L168Q", "PA4967": "WT", "PA5045": " E245D", "PA5235": " T211P", "PA5471": "L88P, D161G, H182Q, V243A, V266M"}') ON DUPLICATE KEY UPDATE sequence_type = '175', mutational_resistome = '{"PA0004": "WT", "PA0424": "nt386InsGGGA, nt391InsGGGT", "PA0425": "WT", "PA0426": "WT", "PA0427": "WT", "PA0807": "A219T", "PA0869": " S250N", "PA0958": "Q142*", "PA1179": "WT", "PA1180": "WT", "PA1777": "WT", "PA1798": "H398R", "PA1799": "WT", "PA2018": " T543A", "PA2019": "K329Q, W358R", "PA2020": " G195D", "PA2491": "D249N", "PA2492": " P60S, F172I", "PA3047": "WT", "PA3168": "T83I, D87N", "PA3574": "WT", "PA3721": "G71E, A186T", "PA3999": "WT", "PA4109": " G154R", "PA4110": "WT", "PA4418": "WT", "PA4522": "G148A, D183Y", "PA4600": "WT", "PA4776": "WT", "PA4777": "Y345H", "PA4964": "S87W, L168Q", "PA4967": "WT", "PA5045": " E245D", "PA5235": " T211P", "PA5471": "L88P, D161G, H182Q, V243A, V266M"}'; 
INSERT INTO metadata_general(isolate_id, isolate_name, project_name, species) VALUES ('1462', '12-012', 'COLIMERO', 'Pseudomonas aeruginosa') ON DUPLICATE KEY UPDATE isolate_name = '12-012', project_name = 'COLIMERO', species = 'Pseudomonas aeruginosa'; 
INSERT INTO mic(mic_id, isolate_id, ami, ami_clinical_category, caz, caz_clinical_category, cip, cip_clinical_category, col, col_clinical_category, ctz, fep, fep_clinical_category, imi, imi_clinical_category, mer, mer_clinical_category, pip, tic, tic_clinical_category, tob, tob_clinical_category) VALUES ('1462', '1462', '16', 'S', '16', 'I', '˃16', 'R', '4', 'I', '˃64', '16', 'I', '˃64', 'R', '˃32', 'R', '32', '˃512', 'R', '˃32', 'R') ON DUPLICATE KEY UPDATE ami = '16', ami_clinical_category = 'S', caz = '16', caz_clinical_category = 'I', cip = '˃16', cip_clinical_category = 'R', col = '4', col_clinical_category = 'I', ctz = '˃64', fep = '16', fep_clinical_category = 'I', imi = '˃64', imi_clinical_category = 'R', mer = '˃32', mer_clinical_category = 'R', pip = '32', tic = '˃512', tic_clinical_category = 'R', tob = '˃32', tob_clinical_category = 'R'; 
INSERT INTO sequence_analysis(sequence_analysis_id, isolate_id, sequence_type, mutational_resistome) VALUES ('1462', '1462', '175', '{"PA0004": "WT", "PA0424": "WT", "PA0425": "WT", "PA0426": "WT", "PA0427": "WT", "PA0807": "A219T", "PA0869": "S250N", "PA0958": "nt59InsGCACT", "PA1179": "WT", "PA1180": "WT", "PA1777": "WT", "PA1798": "H398R", "PA1799": "WT", "PA2018": "T543A", "PA2019": "K329Q, W358R", "PA2020": "G195D", "PA2491": "D249N", "PA2492": "P60S, F172I", "PA3047": "WT", "PA3168": "T83I, D87N", "PA3574": "WT", "PA3721": "G71E, A186T", "PA3999": "WT", "PA4109": "WT", "PA4110": "WT", "PA4418": "WT", "PA4522": "G148A, D183Y", "PA4600": "WT", "PA4776": "WT", "PA4777": "Y345H", "PA4964": "S87W, L168Q", "PA4967": "WT", "PA5045": "E245D", "PA5235": "WT", "PA5471": "L88P, D161G, H182Q, V243A, V266M"}') ON DUPLICATE KEY UPDATE sequence_type = '175', mutational_resistome = '{"PA0004": "WT", "PA0424": "WT", "PA0425": "WT", "PA0426": "WT", "PA0427": "WT", "PA0807": "A219T", "PA0869": "S250N", "PA0958": "nt59InsGCACT", "PA1179": "WT", "PA1180": "WT", "PA1777": "WT", "PA1798": "H398R", "PA1799": "WT", "PA2018": "T543A", "PA2019": "K329Q, W358R", "PA2020": "G195D", "PA2491": "D249N", "PA2492": "P60S, F172I", "PA3047": "WT", "PA3168": "T83I, D87N", "PA3574": "WT", "PA3721": "G71E, A186T", "PA3999": "WT", "PA4109": "WT", "PA4110": "WT", "PA4418": "WT", "PA4522": "G148A, D183Y", "PA4600": "WT", "PA4776": "WT", "PA4777": "Y345H", "PA4964": "S87W, L168Q", "PA4967": "WT", "PA5045": "E245D", "PA5235": "WT", "PA5471": "L88P, D161G, H182Q, V243A, V266M"}'; 
INSERT INTO metadata_general(isolate_id, isolate_name, project_name, species) VALUES ('1463', '12-017', 'COLIMERO', 'Pseudomonas aeruginosa') ON DUPLICATE KEY UPDATE isolate_name = '12-017', project_name = 'COLIMERO', species = 'Pseudomonas aeruginosa'; 
INSERT INTO mic(mic_id, isolate_id, ami, ami_clinical_category, caz, caz_clinical_category, cip, cip_clinical_category, col, col_clinical_category, ctz, fep, fep_clinical_category, imi, imi_clinical_category, mer, mer_clinical_category, pip, tic, tic_clinical_category, tob, tob_clinical_category) VALUES ('1463', '1463', '4', 'S', '32', 'R', '˃16', 'R', '4', 'I', '4', '32', 'R', '32', 'R', '16', 'R', '256', '256', 'R', '32', 'R') ON DUPLICATE KEY UPDATE ami = '4', ami_clinical_category = 'S', caz = '32', caz_clinical_category = 'R', cip = '˃16', cip_clinical_category = 'R', col = '4', col_clinical_category = 'I', ctz = '4', fep = '32', fep_clinical_category = 'R', imi = '32', imi_clinical_category = 'R', mer = '16', mer_clinical_category = 'R', pip = '256', tic = '256', tic_clinical_category = 'R', tob = '32', tob_clinical_category = 'R'; 
INSERT INTO sequence_analysis(sequence_analysis_id, isolate_id, sequence_type, mutational_resistome) VALUES ('1463', '1463', '175', '{"PA0004": "WT", "PA0424": "WT", "PA0425": "WT", "PA0426": "WT", "PA0427": "WT", "PA0807": "A219T", "PA0869": "S250N", "PA0958": "Q142*", "PA1179": "WT", "PA1180": "WT", "PA1777": "WT", "PA1798": "H398R", "PA1799": "WT", "PA2018": "T543A", "PA2019": "K329Q, W358R", "PA2020": "G195D", "PA2491": "D249N", "PA2492": "nt228\u03943, P60S, F172I", "PA3047": "WT", "PA3168": "T83I, D87N", "PA3574": "WT", "PA3721": "G71E, A186T", "PA3999": "WT", "PA4109": "G154R", "PA4110": "WT", "PA4418": "WT", "PA4522": "G148A, D183Y", "PA4600": "WT", "PA4776": "WT", "PA4777": "Y345H", "PA4964": "S87W, L168Q", "PA4967": "WT", "PA5045": "E245D", "PA5235": "T211P", "PA5471": "L88P, D161G, H182Q, V243A, V266M"}') ON DUPLICATE KEY UPDATE sequence_type = '175', mutational_resistome = '{"PA0004": "WT", "PA0424": "WT", "PA0425": "WT", "PA0426": "WT", "PA0427": "WT", "PA0807": "A219T", "PA0869": "S250N", "PA0958": "Q142*", "PA1179": "WT", "PA1180": "WT", "PA1777": "WT", "PA1798": "H398R", "PA1799": "WT", "PA2018": "T543A", "PA2019": "K329Q, W358R", "PA2020": "G195D", "PA2491": "D249N", "PA2492": "nt228\u03943, P60S, F172I", "PA3047": "WT", "PA3168": "T83I, D87N", "PA3574": "WT", "PA3721": "G71E, A186T", "PA3999": "WT", "PA4109": "G154R", "PA4110": "WT", "PA4418": "WT", "PA4522": "G148A, D183Y", "PA4600": "WT", "PA4776": "WT", "PA4777": "Y345H", "PA4964": "S87W, L168Q", "PA4967": "WT", "PA5045": "E245D", "PA5235": "T211P", "PA5471": "L88P, D161G, H182Q, V243A, V266M"}'; 
INSERT INTO metadata_general(isolate_id, isolate_name, project_name, species) VALUES ('1464', '09-001', 'COLIMERO', 'Pseudomonas aeruginosa') ON DUPLICATE KEY UPDATE isolate_name = '09-001', project_name = 'COLIMERO', species = 'Pseudomonas aeruginosa'; 
INSERT INTO mic(mic_id, isolate_id, ami, ami_clinical_category, caz, caz_clinical_category, cip, cip_clinical_category, col, col_clinical_category, ctz, fep, fep_clinical_category, imi, imi_clinical_category, mer, mer_clinical_category, pip, tic, tic_clinical_category, tob, tob_clinical_category) VALUES ('1464', '1464', '4', 'S', '˃64', 'R', '˃16', 'R', '4', 'I', '˃64', '64', 'R', '˃64', 'R', '˃32', 'R', '256', '˃512', 'R', '32', 'R') ON DUPLICATE KEY UPDATE ami = '4', ami_clinical_category = 'S', caz = '˃64', caz_clinical_category = 'R', cip = '˃16', cip_clinical_category = 'R', col = '4', col_clinical_category = 'I', ctz = '˃64', fep = '64', fep_clinical_category = 'R', imi = '˃64', imi_clinical_category = 'R', mer = '˃32', mer_clinical_category = 'R', pip = '256', tic = '˃512', tic_clinical_category = 'R', tob = '32', tob_clinical_category = 'R'; 
INSERT INTO sequence_analysis(sequence_analysis_id, isolate_id, sequence_type, mutational_resistome) VALUES ('1464', '1464', '175', '{"PA0004": "WT", "PA0424": "WT", "PA0425": "WT", "PA0426": "WT", "PA0427": "WT", "PA0807": "A219T", "PA0869": "S250N", "PA0958": "W277*", "PA1179": "WT", "PA1180": "WT", "PA1777": "WT", "PA1798": "H398R", "PA1799": "WT", "PA2018": "T543A", "PA2019": "K329Q", "PA2020": "G195D", "PA2491": "D249N", "PA2492": "P60S, F172I", "PA3047": "WT", "PA3168": "T83I, D87N", "PA3574": "WT", "PA3721": "G71E, A186T", "PA3999": "WT", "PA4109": "WT", "PA4110": "WT", "PA4418": "WT", "PA4522": "G148A, D183Y", "PA4600": "WT", "PA4776": "WT", "PA4777": "Y345H", "PA4964": "S87W, L168Q", "PA4967": "WT", "PA5045": "E245D", "PA5235": "WT", "PA5471": "L88P, D161G, H182Q, V243A, V266M"}') ON DUPLICATE KEY UPDATE sequence_type = '175', mutational_resistome = '{"PA0004": "WT", "PA0424": "WT", "PA0425": "WT", "PA0426": "WT", "PA0427": "WT", "PA0807": "A219T", "PA0869": "S250N", "PA0958": "W277*", "PA1179": "WT", "PA1180": "WT", "PA1777": "WT", "PA1798": "H398R", "PA1799": "WT", "PA2018": "T543A", "PA2019": "K329Q", "PA2020": "G195D", "PA2491": "D249N", "PA2492": "P60S, F172I", "PA3047": "WT", "PA3168": "T83I, D87N", "PA3574": "WT", "PA3721": "G71E, A186T", "PA3999": "WT", "PA4109": "WT", "PA4110": "WT", "PA4418": "WT", "PA4522": "G148A, D183Y", "PA4600": "WT", "PA4776": "WT", "PA4777": "Y345H", "PA4964": "S87W, L168Q", "PA4967": "WT", "PA5045": "E245D", "PA5235": "WT", "PA5471": "L88P, D161G, H182Q, V243A, V266M"}'; 
INSERT INTO metadata_general(isolate_id, isolate_name, project_name, species) VALUES ('1465', '09-012', 'COLIMERO', 'Pseudomonas aeruginosa') ON DUPLICATE KEY UPDATE isolate_name = '09-012', project_name = 'COLIMERO', species = 'Pseudomonas aeruginosa'; 
INSERT INTO mic(mic_id, isolate_id, ami, ami_clinical_category, caz, caz_clinical_category, cip, cip_clinical_category, col, col_clinical_category, ctz, fep, fep_clinical_category, imi, imi_clinical_category, mer, mer_clinical_category, pip, tic, tic_clinical_category, tob, tob_clinical_category) VALUES ('1465', '1465', '8', 'S', '64', 'R', '˃16', 'R', '4', 'I', '8', '64', 'R', '64', 'R', '16', 'R', '˃256', '˃512', 'R', '32', 'R') ON DUPLICATE KEY UPDATE ami = '8', ami_clinical_category = 'S', caz = '64', caz_clinical_category = 'R', cip = '˃16', cip_clinical_category = 'R', col = '4', col_clinical_category = 'I', ctz = '8', fep = '64', fep_clinical_category = 'R', imi = '64', imi_clinical_category = 'R', mer = '16', mer_clinical_category = 'R', pip = '˃256', tic = '˃512', tic_clinical_category = 'R', tob = '32', tob_clinical_category = 'R'; 
INSERT INTO sequence_analysis(sequence_analysis_id, isolate_id, sequence_type, mutational_resistome) VALUES ('1465', '1465', '175', '{"PA0004": "WT", "PA0424": "WT", "PA0425": "WT", "PA0426": "P724L", "PA0427": "WT", "PA0807": "A219T", "PA0869": "S250N", "PA0958": "nt187\u03941", "PA1179": "WT", "PA1180": "WT", "PA1777": "WT", "PA1798": "H398R", "PA1799": "WT", "PA2018": "T543A", "PA2019": "K329Q, W358R", "PA2020": "G195D", "PA2491": "D249N", "PA2492": "P60S, F172I", "PA3047": "WT", "PA3168": "T83I, D87N", "PA3574": "WT", "PA3721": "G71E, A186T", "PA3999": "WT", "PA4109": "WT", "PA4110": "WT", "PA4418": "R504C", "PA4522": "T139M, G148A, D183Y", "PA4600": "WT", "PA4776": "WT", "PA4777": "Y345H", "PA4964": "S87W, L168Q", "PA4967": "WT", "PA5045": "E245D", "PA5235": "WT", "PA5471": "L88P, D161G, H182Q, V243A, V266M"}') ON DUPLICATE KEY UPDATE sequence_type = '175', mutational_resistome = '{"PA0004": "WT", "PA0424": "WT", "PA0425": "WT", "PA0426": "P724L", "PA0427": "WT", "PA0807": "A219T", "PA0869": "S250N", "PA0958": "nt187\u03941", "PA1179": "WT", "PA1180": "WT", "PA1777": "WT", "PA1798": "H398R", "PA1799": "WT", "PA2018": "T543A", "PA2019": "K329Q, W358R", "PA2020": "G195D", "PA2491": "D249N", "PA2492": "P60S, F172I", "PA3047": "WT", "PA3168": "T83I, D87N", "PA3574": "WT", "PA3721": "G71E, A186T", "PA3999": "WT", "PA4109": "WT", "PA4110": "WT", "PA4418": "R504C", "PA4522": "T139M, G148A, D183Y", "PA4600": "WT", "PA4776": "WT", "PA4777": "Y345H", "PA4964": "S87W, L168Q", "PA4967": "WT", "PA5045": "E245D", "PA5235": "WT", "PA5471": "L88P, D161G, H182Q, V243A, V266M"}'; 
INSERT INTO metadata_general(isolate_id, isolate_name, project_name, species) VALUES ('1466', '04-008', 'COLIMERO', 'Pseudomonas aeruginosa') ON DUPLICATE KEY UPDATE isolate_name = '04-008', project_name = 'COLIMERO', species = 'Pseudomonas aeruginosa'; 
INSERT INTO mic(mic_id, isolate_id, ami, ami_clinical_category, caz, caz_clinical_category, cip, cip_clinical_category, col, col_clinical_category, ctz, fep, fep_clinical_category, imi, imi_clinical_category, mer, mer_clinical_category, pip, tic, tic_clinical_category, tob, tob_clinical_category) VALUES ('1466', '1466', '16', 'S', '16', 'I', '˃16', 'R', '4', 'I', '2', '32', 'R', '32', 'R', '˃32', 'R', '256', '128', 'R', '16', 'R') ON DUPLICATE KEY UPDATE ami = '16', ami_clinical_category = 'S', caz = '16', caz_clinical_category = 'I', cip = '˃16', cip_clinical_category = 'R', col = '4', col_clinical_category = 'I', ctz = '2', fep = '32', fep_clinical_category = 'R', imi = '32', imi_clinical_category = 'R', mer = '˃32', mer_clinical_category = 'R', pip = '256', tic = '128', tic_clinical_category = 'R', tob = '16', tob_clinical_category = 'R'; 
INSERT INTO sequence_analysis(sequence_analysis_id, isolate_id, sequence_type, mutational_resistome) VALUES ('1466', '1466', '244*', '{"PA0004": "WT", "PA0424": "WT", "PA0425": "WT", "PA0426": "WT", "PA0427": "WT", "PA0807": "A219T", "PA0869": "S250N", "PA0958": "WT", "PA1179": "WT", "PA1180": "WT", "PA1777": "WT", "PA1798": "H398R", "PA1799": "WT", "PA2018": "T543A, A624S, Q840E", "PA2019": "K329Q, L331V, W358R", "PA2020": "nt593\u039410", "PA2491": "D249N", "PA2492": "E107D, F172I", "PA3047": "WT", "PA3168": "T83I", "PA3574": "WT", "PA3721": "WT", "PA3999": "WT", "PA4109": "WT", "PA4110": "WT", "PA4418": "WT", "PA4522": "R11L, A136P, G148A, D183Y", "PA4600": "WT", "PA4776": "L71R", "PA4777": "WT", "PA4964": "WT", "PA4967": "WT", "PA5045": "WT", "PA5235": "A121T", "PA5471": "L88P, G157D, D161G, H182Q, V243A"}') ON DUPLICATE KEY UPDATE sequence_type = '244*', mutational_resistome = '{"PA0004": "WT", "PA0424": "WT", "PA0425": "WT", "PA0426": "WT", "PA0427": "WT", "PA0807": "A219T", "PA0869": "S250N", "PA0958": "WT", "PA1179": "WT", "PA1180": "WT", "PA1777": "WT", "PA1798": "H398R", "PA1799": "WT", "PA2018": "T543A, A624S, Q840E", "PA2019": "K329Q, L331V, W358R", "PA2020": "nt593\u039410", "PA2491": "D249N", "PA2492": "E107D, F172I", "PA3047": "WT", "PA3168": "T83I", "PA3574": "WT", "PA3721": "WT", "PA3999": "WT", "PA4109": "WT", "PA4110": "WT", "PA4418": "WT", "PA4522": "R11L, A136P, G148A, D183Y", "PA4600": "WT", "PA4776": "L71R", "PA4777": "WT", "PA4964": "WT", "PA4967": "WT", "PA5045": "WT", "PA5235": "A121T", "PA5471": "L88P, G157D, D161G, H182Q, V243A"}'; 
INSERT INTO metadata_general(isolate_id, isolate_name, project_name, species) VALUES ('1467', '12-001', 'COLIMERO', 'Pseudomonas aeruginosa') ON DUPLICATE KEY UPDATE isolate_name = '12-001', project_name = 'COLIMERO', species = 'Pseudomonas aeruginosa'; 
INSERT INTO mic(mic_id, isolate_id, ami, ami_clinical_category, caz, caz_clinical_category, cip, cip_clinical_category, col, col_clinical_category, ctz, fep, fep_clinical_category, imi, imi_clinical_category, mer, mer_clinical_category, pip, tic, tic_clinical_category, tob, tob_clinical_category) VALUES ('1467', '1467', '8', 'S', '32', 'R', '˃16', 'R', '16', 'R', '4', '32', 'R', '32', 'R', '32', 'R', '128', '128', 'R', '2', 'S') ON DUPLICATE KEY UPDATE ami = '8', ami_clinical_category = 'S', caz = '32', caz_clinical_category = 'R', cip = '˃16', cip_clinical_category = 'R', col = '16', col_clinical_category = 'R', ctz = '4', fep = '32', fep_clinical_category = 'R', imi = '32', imi_clinical_category = 'R', mer = '32', mer_clinical_category = 'R', pip = '128', tic = '128', tic_clinical_category = 'R', tob = '2', tob_clinical_category = 'S'; 
INSERT INTO sequence_analysis(sequence_analysis_id, isolate_id, sequence_type, mutational_resistome) VALUES ('1467', '1467', '244', '{"PA0004": "WT", "PA0424": "WT", "PA0425": "WT", "PA0426": "WT", "PA0427": "WT", "PA0807": "A219T", "PA0869": "S250N", "PA0958": "nt1205InsC", "PA1179": "WT", "PA1180": "WT", "PA1777": "Q160L", "PA1798": "H398R", "PA1799": "WT", "PA2018": "T543A, Q840E", "PA2019": "K329Q, L331V, W358R", "PA2020": "WT", "PA2491": "A75V, V241M, D249N", "PA2492": "P60S, D96A, F172I", "PA3047": "T27S, S150G, N197S", "PA3168": "T83I, V671I", "PA3574": "nt228\u039419", "PA3721": "WT", "PA3999": "WT", "PA4109": "WT", "PA4110": "WT", "PA4418": "WT", "PA4522": "R11L, L40Q, G148A, D183Y", "PA4600": "WT", "PA4776": "L71R", "PA4777": "R10L, R234C", "PA4964": "S87L", "PA4967": "WT", "PA5045": "WT", "PA5235": "A121T", "PA5471": "L88P, G157D, D161G, H182Q, V243A"}') ON DUPLICATE KEY UPDATE sequence_type = '244', mutational_resistome = '{"PA0004": "WT", "PA0424": "WT", "PA0425": "WT", "PA0426": "WT", "PA0427": "WT", "PA0807": "A219T", "PA0869": "S250N", "PA0958": "nt1205InsC", "PA1179": "WT", "PA1180": "WT", "PA1777": "Q160L", "PA1798": "H398R", "PA1799": "WT", "PA2018": "T543A, Q840E", "PA2019": "K329Q, L331V, W358R", "PA2020": "WT", "PA2491": "A75V, V241M, D249N", "PA2492": "P60S, D96A, F172I", "PA3047": "T27S, S150G, N197S", "PA3168": "T83I, V671I", "PA3574": "nt228\u039419", "PA3721": "WT", "PA3999": "WT", "PA4109": "WT", "PA4110": "WT", "PA4418": "WT", "PA4522": "R11L, L40Q, G148A, D183Y", "PA4600": "WT", "PA4776": "L71R", "PA4777": "R10L, R234C", "PA4964": "S87L", "PA4967": "WT", "PA5045": "WT", "PA5235": "A121T", "PA5471": "L88P, G157D, D161G, H182Q, V243A"}'; 
INSERT INTO metadata_general(isolate_id, isolate_name, project_name, species) VALUES ('1468', '12-014', 'COLIMERO', 'Pseudomonas aeruginosa') ON DUPLICATE KEY UPDATE isolate_name = '12-014', project_name = 'COLIMERO', species = 'Pseudomonas aeruginosa'; 
INSERT INTO mic(mic_id, isolate_id, ami, ami_clinical_category, caz, caz_clinical_category, cip, cip_clinical_category, col, col_clinical_category, ctz, fep, fep_clinical_category, imi, imi_clinical_category, mer, mer_clinical_category, pip, tic, tic_clinical_category, tob, tob_clinical_category) VALUES ('1468', '1468', '˂2', 'S', '64', 'R', '˃16', 'R', '4', 'I', '4', '32', 'R', '64', 'R', '32', 'R', '256', '256', 'R', '0.5', 'S') ON DUPLICATE KEY UPDATE ami = '˂2', ami_clinical_category = 'S', caz = '64', caz_clinical_category = 'R', cip = '˃16', cip_clinical_category = 'R', col = '4', col_clinical_category = 'I', ctz = '4', fep = '32', fep_clinical_category = 'R', imi = '64', imi_clinical_category = 'R', mer = '32', mer_clinical_category = 'R', pip = '256', tic = '256', tic_clinical_category = 'R', tob = '0.5', tob_clinical_category = 'S'; 
INSERT INTO sequence_analysis(sequence_analysis_id, isolate_id, sequence_type, mutational_resistome) VALUES ('1468', '1468', '244', '{"PA0004": "WT", "PA0424": "WT", "PA0425": "WT", "PA0426": "WT", "PA0427": "WT", "PA0807": "A219T", "PA0869": "S250N", "PA0958": "nt1205InsC", "PA1179": "WT", "PA1180": "WT", "PA1777": "WT", "PA1798": "H398R", "PA1799": "WT", "PA2018": "T543A, Q840E", "PA2019": "K329Q, L331V, W358R", "PA2020": "WT", "PA2491": "A75V, V241M, D249N", "PA2492": "P60S, D96A, F172I", "PA3047": "T27S, S150G, N197S", "PA3168": "T83I, V671I, G860S, D893E, S903A", "PA3574": "nt228\u039419", "PA3721": "WT", "PA3999": "WT", "PA4109": "WT", "PA4110": "WT", "PA4418": "WT", "PA4522": "R11L, L40Q, G148A, D183Y", "PA4600": "WT", "PA4776": "L71R", "PA4777": "WT", "PA4964": "S87L", "PA4967": "WT", "PA5045": "WT", "PA5235": "A121T", "PA5471": "L88P, G157D, D161G, H182Q, V243A"}') ON DUPLICATE KEY UPDATE sequence_type = '244', mutational_resistome = '{"PA0004": "WT", "PA0424": "WT", "PA0425": "WT", "PA0426": "WT", "PA0427": "WT", "PA0807": "A219T", "PA0869": "S250N", "PA0958": "nt1205InsC", "PA1179": "WT", "PA1180": "WT", "PA1777": "WT", "PA1798": "H398R", "PA1799": "WT", "PA2018": "T543A, Q840E", "PA2019": "K329Q, L331V, W358R", "PA2020": "WT", "PA2491": "A75V, V241M, D249N", "PA2492": "P60S, D96A, F172I", "PA3047": "T27S, S150G, N197S", "PA3168": "T83I, V671I, G860S, D893E, S903A", "PA3574": "nt228\u039419", "PA3721": "WT", "PA3999": "WT", "PA4109": "WT", "PA4110": "WT", "PA4418": "WT", "PA4522": "R11L, L40Q, G148A, D183Y", "PA4600": "WT", "PA4776": "L71R", "PA4777": "WT", "PA4964": "S87L", "PA4967": "WT", "PA5045": "WT", "PA5235": "A121T", "PA5471": "L88P, G157D, D161G, H182Q, V243A"}'; 
INSERT INTO metadata_general(isolate_id, isolate_name, project_name, species) VALUES ('1469', '12-018', 'COLIMERO', 'Pseudomonas aeruginosa') ON DUPLICATE KEY UPDATE isolate_name = '12-018', project_name = 'COLIMERO', species = 'Pseudomonas aeruginosa'; 
INSERT INTO mic(mic_id, isolate_id, ami, ami_clinical_category, caz, caz_clinical_category, cip, cip_clinical_category, col, col_clinical_category, ctz, fep, fep_clinical_category, imi, imi_clinical_category, mer, mer_clinical_category, pip, tic, tic_clinical_category, tob, tob_clinical_category) VALUES ('1469', '1469', '8', 'S', '16', 'I', '16', 'R', '4', 'I', '2', '8', 'S', '32', 'R', '8', 'R', '64', '64', 'I', '1', 'S') ON DUPLICATE KEY UPDATE ami = '8', ami_clinical_category = 'S', caz = '16', caz_clinical_category = 'I', cip = '16', cip_clinical_category = 'R', col = '4', col_clinical_category = 'I', ctz = '2', fep = '8', fep_clinical_category = 'S', imi = '32', imi_clinical_category = 'R', mer = '8', mer_clinical_category = 'R', pip = '64', tic = '64', tic_clinical_category = 'I', tob = '1', tob_clinical_category = 'S'; 
INSERT INTO sequence_analysis(sequence_analysis_id, isolate_id, sequence_type, mutational_resistome) VALUES ('1469', '1469', '244', '{"PA0004": "WT", "PA0424": "WT", "PA0425": "WT", "PA0426": "Q259L", "PA0427": "WT", "PA0807": "A219T", "PA0869": "S250N", "PA0958": "nt1205InsC", "PA1179": "WT", "PA1180": "WT", "PA1777": "WT", "PA1798": "H398R", "PA1799": "WT", "PA2018": "T543A, Q840E", "PA2019": "K329Q, L331V, W358R", "PA2020": "nt278\u039416", "PA2491": "A75V, V241M, D249N", "PA2492": "nt229\u03942, P60S, D96A, F172I", "PA3047": "T27S, S150G, N197S", "PA3168": "T83I, V671I, G860S, D893E", "PA3574": "nt228\u039419", "PA3721": "WT", "PA3999": "WT", "PA4109": "WT", "PA4110": "WT", "PA4418": "WT", "PA4522": "R11L, L40Q, G148A, D183Y", "PA4600": "WT", "PA4776": "L71R", "PA4777": "WT", "PA4964": "S87L", "PA4967": "WT", "PA5045": "WT", "PA5235": "A121T", "PA5471": "L88P, G157D, D161G, H182Q, V243A"}') ON DUPLICATE KEY UPDATE sequence_type = '244', mutational_resistome = '{"PA0004": "WT", "PA0424": "WT", "PA0425": "WT", "PA0426": "Q259L", "PA0427": "WT", "PA0807": "A219T", "PA0869": "S250N", "PA0958": "nt1205InsC", "PA1179": "WT", "PA1180": "WT", "PA1777": "WT", "PA1798": "H398R", "PA1799": "WT", "PA2018": "T543A, Q840E", "PA2019": "K329Q, L331V, W358R", "PA2020": "nt278\u039416", "PA2491": "A75V, V241M, D249N", "PA2492": "nt229\u03942, P60S, D96A, F172I", "PA3047": "T27S, S150G, N197S", "PA3168": "T83I, V671I, G860S, D893E", "PA3574": "nt228\u039419", "PA3721": "WT", "PA3999": "WT", "PA4109": "WT", "PA4110": "WT", "PA4418": "WT", "PA4522": "R11L, L40Q, G148A, D183Y", "PA4600": "WT", "PA4776": "L71R", "PA4777": "WT", "PA4964": "S87L", "PA4967": "WT", "PA5045": "WT", "PA5235": "A121T", "PA5471": "L88P, G157D, D161G, H182Q, V243A"}'; 
INSERT INTO metadata_general(isolate_id, isolate_name, project_name, species) VALUES ('1470', '12-003', 'COLIMERO', 'Pseudomonas aeruginosa') ON DUPLICATE KEY UPDATE isolate_name = '12-003', project_name = 'COLIMERO', species = 'Pseudomonas aeruginosa'; 
INSERT INTO mic(mic_id, isolate_id, ami, ami_clinical_category, caz, caz_clinical_category, cip, cip_clinical_category, col, col_clinical_category, ctz, fep, fep_clinical_category, imi, imi_clinical_category, mer, mer_clinical_category, pip, tic, tic_clinical_category, tob, tob_clinical_category) VALUES ('1470', '1470', '8', 'S', '64', 'R', '˃16', 'R', '4', 'I', '4', '32', 'R', '32', 'R', '32', 'R', '256', '256', 'R', '1', 'S') ON DUPLICATE KEY UPDATE ami = '8', ami_clinical_category = 'S', caz = '64', caz_clinical_category = 'R', cip = '˃16', cip_clinical_category = 'R', col = '4', col_clinical_category = 'I', ctz = '4', fep = '32', fep_clinical_category = 'R', imi = '32', imi_clinical_category = 'R', mer = '32', mer_clinical_category = 'R', pip = '256', tic = '256', tic_clinical_category = 'R', tob = '1', tob_clinical_category = 'S'; 
INSERT INTO sequence_analysis(sequence_analysis_id, isolate_id, sequence_type, mutational_resistome) VALUES ('1470', '1470', '244', '{"PA0004": "WT", "PA0424": "WT", "PA0425": "WT", "PA0426": "WT", "PA0427": "WT", "PA0807": "A219T", "PA0869": "S250N", "PA0958": "nt1205InsC", "PA1179": "WT", "PA1180": "WT", "PA1777": "WT", "PA1798": "H398R", "PA1799": "WT", "PA2018": "T543A, Q840E", "PA2019": "K329Q, L331V, W358R", "PA2020": "WT", "PA2491": "A75V, V241M, D249N", "PA2492": "P60S, D96A, F172I", "PA3047": "T27S, S150G, N197S", "PA3168": "T83I, D87N, V671I, G860S, D893E, S903A", "PA3574": "nt228\u039419", "PA3721": "WT", "PA3999": "WT", "PA4109": "WT", "PA4110": "WT", "PA4418": "WT", "PA4522": "R11L, L40Q, G148A, D183Y", "PA4600": "WT", "PA4776": "L71R", "PA4777": "WT", "PA4964": "S87L", "PA4967": "WT", "PA5045": "WT", "PA5235": "A121T", "PA5471": "L88P, G157D, D161G, H182Q, V243A"}') ON DUPLICATE KEY UPDATE sequence_type = '244', mutational_resistome = '{"PA0004": "WT", "PA0424": "WT", "PA0425": "WT", "PA0426": "WT", "PA0427": "WT", "PA0807": "A219T", "PA0869": "S250N", "PA0958": "nt1205InsC", "PA1179": "WT", "PA1180": "WT", "PA1777": "WT", "PA1798": "H398R", "PA1799": "WT", "PA2018": "T543A, Q840E", "PA2019": "K329Q, L331V, W358R", "PA2020": "WT", "PA2491": "A75V, V241M, D249N", "PA2492": "P60S, D96A, F172I", "PA3047": "T27S, S150G, N197S", "PA3168": "T83I, D87N, V671I, G860S, D893E, S903A", "PA3574": "nt228\u039419", "PA3721": "WT", "PA3999": "WT", "PA4109": "WT", "PA4110": "WT", "PA4418": "WT", "PA4522": "R11L, L40Q, G148A, D183Y", "PA4600": "WT", "PA4776": "L71R", "PA4777": "WT", "PA4964": "S87L", "PA4967": "WT", "PA5045": "WT", "PA5235": "A121T", "PA5471": "L88P, G157D, D161G, H182Q, V243A"}'; 
INSERT INTO metadata_general(isolate_id, isolate_name, project_name, species) VALUES ('1471', '12-005', 'COLIMERO', 'Pseudomonas aeruginosa') ON DUPLICATE KEY UPDATE isolate_name = '12-005', project_name = 'COLIMERO', species = 'Pseudomonas aeruginosa'; 
INSERT INTO mic(mic_id, isolate_id, ami, ami_clinical_category, caz, caz_clinical_category, cip, cip_clinical_category, col, col_clinical_category, ctz, fep, fep_clinical_category, imi, imi_clinical_category, mer, mer_clinical_category, pip, tic, tic_clinical_category, tob, tob_clinical_category) VALUES ('1471', '1471', '4', 'S', '64', 'R', '˃16', 'R', '4', 'I', '4', '32', 'R', '16', 'R', '16', 'R', '256', '256', 'R', '1', 'S') ON DUPLICATE KEY UPDATE ami = '4', ami_clinical_category = 'S', caz = '64', caz_clinical_category = 'R', cip = '˃16', cip_clinical_category = 'R', col = '4', col_clinical_category = 'I', ctz = '4', fep = '32', fep_clinical_category = 'R', imi = '16', imi_clinical_category = 'R', mer = '16', mer_clinical_category = 'R', pip = '256', tic = '256', tic_clinical_category = 'R', tob = '1', tob_clinical_category = 'S'; 
INSERT INTO sequence_analysis(sequence_analysis_id, isolate_id, sequence_type, mutational_resistome) VALUES ('1471', '1471', '244', '{"PA0004": "WT", "PA0424": "WT", "PA0425": "WT", "PA0426": "WT", "PA0427": "WT", "PA0807": "A219T", "PA0869": "S250N", "PA0958": "nt1205InsC", "PA1179": "WT", "PA1180": "WT", "PA1777": "WT", "PA1798": "H398R", "PA1799": "WT", "PA2018": "T543A, Q840E", "PA2019": "K329Q, L331V, W358R", "PA2020": "WT", "PA2491": "A75V, V241M, D249N", "PA2492": "P60S, D96A, F172I", "PA3047": "T27S, S150G, N197S", "PA3168": "T83I, V671I, G860S, D893E, S903A", "PA3574": "G78R, D80A, G81R, nt228\u039419", "PA3721": "WT", "PA3999": "WT", "PA4109": "WT", "PA4110": "WT", "PA4418": "WT", "PA4522": "R11L, L40Q, G148A, D183Y", "PA4600": "WT", "PA4776": "L71R", "PA4777": "WT", "PA4964": "S87L", "PA4967": "WT", "PA5045": "T794A", "PA5235": "A121T", "PA5471": "L88P, G157D, D161G, H182Q, V243A"}') ON DUPLICATE KEY UPDATE sequence_type = '244', mutational_resistome = '{"PA0004": "WT", "PA0424": "WT", "PA0425": "WT", "PA0426": "WT", "PA0427": "WT", "PA0807": "A219T", "PA0869": "S250N", "PA0958": "nt1205InsC", "PA1179": "WT", "PA1180": "WT", "PA1777": "WT", "PA1798": "H398R", "PA1799": "WT", "PA2018": "T543A, Q840E", "PA2019": "K329Q, L331V, W358R", "PA2020": "WT", "PA2491": "A75V, V241M, D249N", "PA2492": "P60S, D96A, F172I", "PA3047": "T27S, S150G, N197S", "PA3168": "T83I, V671I, G860S, D893E, S903A", "PA3574": "G78R, D80A, G81R, nt228\u039419", "PA3721": "WT", "PA3999": "WT", "PA4109": "WT", "PA4110": "WT", "PA4418": "WT", "PA4522": "R11L, L40Q, G148A, D183Y", "PA4600": "WT", "PA4776": "L71R", "PA4777": "WT", "PA4964": "S87L", "PA4967": "WT", "PA5045": "T794A", "PA5235": "A121T", "PA5471": "L88P, G157D, D161G, H182Q, V243A"}'; 
INSERT INTO metadata_general(isolate_id, isolate_name, project_name, species) VALUES ('1472', '06-026', 'COLIMERO', 'Pseudomonas aeruginosa') ON DUPLICATE KEY UPDATE isolate_name = '06-026', project_name = 'COLIMERO', species = 'Pseudomonas aeruginosa'; 
INSERT INTO mic(mic_id, isolate_id, ami, ami_clinical_category, caz, caz_clinical_category, cip, cip_clinical_category, col, col_clinical_category, ctz, fep, fep_clinical_category, imi, imi_clinical_category, mer, mer_clinical_category, pip, tic, tic_clinical_category, tob, tob_clinical_category) VALUES ('1472', '1472', '16', 'S', '64', 'R', '2', 'I', '4', 'I', '8', '>64', 'R', '16', 'R', '16', 'R', '>256', '>512', 'R', '32', 'R') ON DUPLICATE KEY UPDATE ami = '16', ami_clinical_category = 'S', caz = '64', caz_clinical_category = 'R', cip = '2', cip_clinical_category = 'I', col = '4', col_clinical_category = 'I', ctz = '8', fep = '>64', fep_clinical_category = 'R', imi = '16', imi_clinical_category = 'R', mer = '16', mer_clinical_category = 'R', pip = '>256', tic = '>512', tic_clinical_category = 'R', tob = '32', tob_clinical_category = 'R'; 
INSERT INTO sequence_analysis(sequence_analysis_id, isolate_id, sequence_type, mutational_resistome) VALUES ('1472', '1472', '235', '{"PA0004": "WT", "PA0424": "V126E", "PA0425": "WT", "PA0426": "G957D", "PA0427": "WT", "PA0807": "A208V", "PA0869": "A287S", "PA0958": "WT", "PA1179": "WT", "PA1180": "Y85F", "PA1777": "WT", "PA1798": "L141P, H398R", "PA1799": "L153R, S170N", "PA2018": "T543A", "PA2019": "A30T, K329Q, L331V, W358R", "PA2020": "WT", "PA2491": "D249N", "PA2492": "P60S, F172I", "PA3047": "WT", "PA3168": "WT", "PA3574": "WT", "PA3721": "G71E, E153Q, S209R", "PA3999": "WT", "PA4109": "G283E, M288R", "PA4110": "G27D, A97V, V205L", "PA4418": "WT", "PA4522": "S39R, G148A", "PA4600": "WT", "PA4776": "L71R", "PA4777": "A4T, G68S, Y345H, G362S", "PA4964": "WT", "PA4967": "D533E", "PA5045": "WT", "PA5235": "WT", "PA5471": "L88P, D161G, H182Q, R204C, V243A"}') ON DUPLICATE KEY UPDATE sequence_type = '235', mutational_resistome = '{"PA0004": "WT", "PA0424": "V126E", "PA0425": "WT", "PA0426": "G957D", "PA0427": "WT", "PA0807": "A208V", "PA0869": "A287S", "PA0958": "WT", "PA1179": "WT", "PA1180": "Y85F", "PA1777": "WT", "PA1798": "L141P, H398R", "PA1799": "L153R, S170N", "PA2018": "T543A", "PA2019": "A30T, K329Q, L331V, W358R", "PA2020": "WT", "PA2491": "D249N", "PA2492": "P60S, F172I", "PA3047": "WT", "PA3168": "WT", "PA3574": "WT", "PA3721": "G71E, E153Q, S209R", "PA3999": "WT", "PA4109": "G283E, M288R", "PA4110": "G27D, A97V, V205L", "PA4418": "WT", "PA4522": "S39R, G148A", "PA4600": "WT", "PA4776": "L71R", "PA4777": "A4T, G68S, Y345H, G362S", "PA4964": "WT", "PA4967": "D533E", "PA5045": "WT", "PA5235": "WT", "PA5471": "L88P, D161G, H182Q, R204C, V243A"}'; 
INSERT INTO metadata_general(isolate_id, isolate_name, project_name, species) VALUES ('1473', '06-042', 'COLIMERO', 'Pseudomonas aeruginosa') ON DUPLICATE KEY UPDATE isolate_name = '06-042', project_name = 'COLIMERO', species = 'Pseudomonas aeruginosa'; 
INSERT INTO mic(mic_id, isolate_id, ami, ami_clinical_category, caz, caz_clinical_category, cip, cip_clinical_category, col, col_clinical_category, ctz, fep, fep_clinical_category, imi, imi_clinical_category, mer, mer_clinical_category, pip, tic, tic_clinical_category, tob, tob_clinical_category) VALUES ('1473', '1473', '64', 'R', '64', 'R', '˃16', 'R', '4', 'I', '˃64', '32', 'R', '˃64', 'R', '˃32', 'R', '128', '˃512', 'R', '32', 'R') ON DUPLICATE KEY UPDATE ami = '64', ami_clinical_category = 'R', caz = '64', caz_clinical_category = 'R', cip = '˃16', cip_clinical_category = 'R', col = '4', col_clinical_category = 'I', ctz = '˃64', fep = '32', fep_clinical_category = 'R', imi = '˃64', imi_clinical_category = 'R', mer = '˃32', mer_clinical_category = 'R', pip = '128', tic = '˃512', tic_clinical_category = 'R', tob = '32', tob_clinical_category = 'R'; 
INSERT INTO sequence_analysis(sequence_analysis_id, isolate_id, sequence_type, mutational_resistome) VALUES ('1473', '1473', '235', '{"PA0004": "WT", "PA0424": "V126E", "PA0425": "WT", "PA0426": "G957D", "PA0427": "WT", "PA0807": "A208V", "PA0869": "A287S", "PA0958": "WT", "PA1179": "WT", "PA1180": "Y85F", "PA1777": "WT", "PA1798": "H398R", "PA1799": "L153R, S170N", "PA2018": "T543A", "PA2019": "A30T, K329Q, L331V, W358R", "PA2020": "WT", "PA2491": "D249N", "PA2492": "P60S, F172I", "PA3047": "WT", "PA3168": "T83I", "PA3574": "WT", "PA3721": "G71E, E153Q, S209R", "PA3999": "WT", "PA4109": "G283E, M288R", "PA4110": "G27D, A97V, T105A, V205L, G391A", "PA4418": "WT", "PA4522": "S39R, G148A", "PA4600": "WT", "PA4776": "L71R", "PA4777": "A4T, G68S, Y345H, G362S", "PA4964": "S87L", "PA4967": "D533E", "PA5045": "WT", "PA5235": "WT", "PA5471": "L88P, D161G, H182Q, R204C, V243A"}') ON DUPLICATE KEY UPDATE sequence_type = '235', mutational_resistome = '{"PA0004": "WT", "PA0424": "V126E", "PA0425": "WT", "PA0426": "G957D", "PA0427": "WT", "PA0807": "A208V", "PA0869": "A287S", "PA0958": "WT", "PA1179": "WT", "PA1180": "Y85F", "PA1777": "WT", "PA1798": "H398R", "PA1799": "L153R, S170N", "PA2018": "T543A", "PA2019": "A30T, K329Q, L331V, W358R", "PA2020": "WT", "PA2491": "D249N", "PA2492": "P60S, F172I", "PA3047": "WT", "PA3168": "T83I", "PA3574": "WT", "PA3721": "G71E, E153Q, S209R", "PA3999": "WT", "PA4109": "G283E, M288R", "PA4110": "G27D, A97V, T105A, V205L, G391A", "PA4418": "WT", "PA4522": "S39R, G148A", "PA4600": "WT", "PA4776": "L71R", "PA4777": "A4T, G68S, Y345H, G362S", "PA4964": "S87L", "PA4967": "D533E", "PA5045": "WT", "PA5235": "WT", "PA5471": "L88P, D161G, H182Q, R204C, V243A"}'; 
INSERT INTO metadata_general(isolate_id, isolate_name, project_name, species) VALUES ('1474', '07-001', 'COLIMERO', 'Pseudomonas aeruginosa') ON DUPLICATE KEY UPDATE isolate_name = '07-001', project_name = 'COLIMERO', species = 'Pseudomonas aeruginosa'; 
INSERT INTO mic(mic_id, isolate_id, ami, ami_clinical_category, caz, caz_clinical_category, cip, cip_clinical_category, col, col_clinical_category, ctz, fep, fep_clinical_category, imi, imi_clinical_category, mer, mer_clinical_category, pip, tic, tic_clinical_category, tob, tob_clinical_category) VALUES ('1474', '1474', '32', 'I', '˃64', 'R', '˃16', 'R', '8', 'R', '64', '32', 'R', '32', 'R', '8', 'R', '64', '256', 'R', '˃32', 'R') ON DUPLICATE KEY UPDATE ami = '32', ami_clinical_category = 'I', caz = '˃64', caz_clinical_category = 'R', cip = '˃16', cip_clinical_category = 'R', col = '8', col_clinical_category = 'R', ctz = '64', fep = '32', fep_clinical_category = 'R', imi = '32', imi_clinical_category = 'R', mer = '8', mer_clinical_category = 'R', pip = '64', tic = '256', tic_clinical_category = 'R', tob = '˃32', tob_clinical_category = 'R'; 
INSERT INTO sequence_analysis(sequence_analysis_id, isolate_id, sequence_type, mutational_resistome) VALUES ('1474', '1474', '235', '{"PA0004": "WT", "PA0424": "V126E", "PA0425": "WT", "PA0426": "G957D", "PA0427": "WT", "PA0807": "A208V", "PA0869": "A287S", "PA0958": "M1S", "PA1179": "WT", "PA1180": "Y85F", "PA1777": "H279R", "PA1798": "D249N, H398R", "PA1799": "L153R, S170N", "PA2018": "T543A", "PA2019": "A30T, K329Q, L331V, W358R", "PA2020": "nt289\u039411", "PA2491": "D249N", "PA2492": "P60S, F172I", "PA3047": "WT", "PA3168": "T83I", "PA3574": "WT", "PA3721": "G71E, E153Q, S209R", "PA3999": "WT", "PA4109": "G283E, M288R", "PA4110": "G27D, A97V, T105A, V205L", "PA4418": "WT", "PA4522": "S39R, G148A", "PA4600": "WT", "PA4776": "L71R", "PA4777": "A4T, G68S, Y345H, G362S", "PA4964": "S87L", "PA4967": "D533E", "PA5045": "WT", "PA5235": "WT", "PA5471": "L88P, D161G, H182Q, R204C, V243A"}') ON DUPLICATE KEY UPDATE sequence_type = '235', mutational_resistome = '{"PA0004": "WT", "PA0424": "V126E", "PA0425": "WT", "PA0426": "G957D", "PA0427": "WT", "PA0807": "A208V", "PA0869": "A287S", "PA0958": "M1S", "PA1179": "WT", "PA1180": "Y85F", "PA1777": "H279R", "PA1798": "D249N, H398R", "PA1799": "L153R, S170N", "PA2018": "T543A", "PA2019": "A30T, K329Q, L331V, W358R", "PA2020": "nt289\u039411", "PA2491": "D249N", "PA2492": "P60S, F172I", "PA3047": "WT", "PA3168": "T83I", "PA3574": "WT", "PA3721": "G71E, E153Q, S209R", "PA3999": "WT", "PA4109": "G283E, M288R", "PA4110": "G27D, A97V, T105A, V205L", "PA4418": "WT", "PA4522": "S39R, G148A", "PA4600": "WT", "PA4776": "L71R", "PA4777": "A4T, G68S, Y345H, G362S", "PA4964": "S87L", "PA4967": "D533E", "PA5045": "WT", "PA5235": "WT", "PA5471": "L88P, D161G, H182Q, R204C, V243A"}'; 
INSERT INTO metadata_general(isolate_id, isolate_name, project_name, species) VALUES ('1475', '07-004', 'COLIMERO', 'Pseudomonas aeruginosa') ON DUPLICATE KEY UPDATE isolate_name = '07-004', project_name = 'COLIMERO', species = 'Pseudomonas aeruginosa'; 
INSERT INTO mic(mic_id, isolate_id, ami, ami_clinical_category, caz, caz_clinical_category, cip, cip_clinical_category, col, col_clinical_category, ctz, fep, fep_clinical_category, imi, imi_clinical_category, mer, mer_clinical_category, pip, tic, tic_clinical_category, tob, tob_clinical_category) VALUES ('1475', '1475', '128', 'R', '˃64', 'R', '˃16', 'R', '4', 'I', '˃64', '˃64', 'R', '32', 'R', '˃32', 'R', '128', '˃512', 'R', '˃32', 'R') ON DUPLICATE KEY UPDATE ami = '128', ami_clinical_category = 'R', caz = '˃64', caz_clinical_category = 'R', cip = '˃16', cip_clinical_category = 'R', col = '4', col_clinical_category = 'I', ctz = '˃64', fep = '˃64', fep_clinical_category = 'R', imi = '32', imi_clinical_category = 'R', mer = '˃32', mer_clinical_category = 'R', pip = '128', tic = '˃512', tic_clinical_category = 'R', tob = '˃32', tob_clinical_category = 'R'; 
INSERT INTO sequence_analysis(sequence_analysis_id, isolate_id, sequence_type, mutational_resistome) VALUES ('1475', '1475', '235', '{"PA0004": "WT", "PA0424": "V126E", "PA0425": "WT", "PA0426": "G957D", "PA0427": "WT", "PA0807": "A208V", "PA0869": "A287S", "PA0958": "nt619insCCGAATTTCAT", "PA1179": "WT", "PA1180": "Y85F", "PA1777": "WT", "PA1798": "H398R", "PA1799": "L153R, S170N", "PA2018": "T543A", "PA2019": "A30T, K329Q, L331V, W358R", "PA2020": "WT", "PA2491": "D249N", "PA2492": "P60S, F172I", "PA3047": "WT", "PA3168": "T83I", "PA3574": "WT", "PA3721": "G71E, E153Q, S209R", "PA3999": "WT", "PA4109": "G283E, M288R", "PA4110": "G27D, A97V, T105A, V205L, G391A", "PA4418": "WT", "PA4522": "S39R, G148A", "PA4600": "WT", "PA4776": "L71R", "PA4777": "A4T, G68S, Y345H, G362S", "PA4964": "S87L", "PA4967": "D533E", "PA5045": "WT", "PA5235": "WT", "PA5471": "L88P, D161G, H182Q, R204C, V243A"}') ON DUPLICATE KEY UPDATE sequence_type = '235', mutational_resistome = '{"PA0004": "WT", "PA0424": "V126E", "PA0425": "WT", "PA0426": "G957D", "PA0427": "WT", "PA0807": "A208V", "PA0869": "A287S", "PA0958": "nt619insCCGAATTTCAT", "PA1179": "WT", "PA1180": "Y85F", "PA1777": "WT", "PA1798": "H398R", "PA1799": "L153R, S170N", "PA2018": "T543A", "PA2019": "A30T, K329Q, L331V, W358R", "PA2020": "WT", "PA2491": "D249N", "PA2492": "P60S, F172I", "PA3047": "WT", "PA3168": "T83I", "PA3574": "WT", "PA3721": "G71E, E153Q, S209R", "PA3999": "WT", "PA4109": "G283E, M288R", "PA4110": "G27D, A97V, T105A, V205L, G391A", "PA4418": "WT", "PA4522": "S39R, G148A", "PA4600": "WT", "PA4776": "L71R", "PA4777": "A4T, G68S, Y345H, G362S", "PA4964": "S87L", "PA4967": "D533E", "PA5045": "WT", "PA5235": "WT", "PA5471": "L88P, D161G, H182Q, R204C, V243A"}'; 
INSERT INTO metadata_general(isolate_id, isolate_name, project_name, species) VALUES ('1476', '07-017', 'COLIMERO', 'Pseudomonas aeruginosa') ON DUPLICATE KEY UPDATE isolate_name = '07-017', project_name = 'COLIMERO', species = 'Pseudomonas aeruginosa'; 
INSERT INTO mic(mic_id, isolate_id, ami, ami_clinical_category, caz, caz_clinical_category, cip, cip_clinical_category, col, col_clinical_category, ctz, fep, fep_clinical_category, imi, imi_clinical_category, mer, mer_clinical_category, pip, tic, tic_clinical_category, tob, tob_clinical_category) VALUES ('1476', '1476', '32', 'I', '˃64', 'R', '˃16', 'R', '4', 'I', '64', '32', 'R', '32', 'R', '8', 'R', '64', '256', 'R', '˃32', 'R') ON DUPLICATE KEY UPDATE ami = '32', ami_clinical_category = 'I', caz = '˃64', caz_clinical_category = 'R', cip = '˃16', cip_clinical_category = 'R', col = '4', col_clinical_category = 'I', ctz = '64', fep = '32', fep_clinical_category = 'R', imi = '32', imi_clinical_category = 'R', mer = '8', mer_clinical_category = 'R', pip = '64', tic = '256', tic_clinical_category = 'R', tob = '˃32', tob_clinical_category = 'R'; 
INSERT INTO sequence_analysis(sequence_analysis_id, isolate_id, sequence_type, mutational_resistome) VALUES ('1476', '1476', '235', '{"PA0004": "WT", "PA0424": "V126E", "PA0425": "WT", "PA0426": "G957D", "PA0427": "WT", "PA0807": "A208V", "PA0869": "A287S", "PA0958": "M1S", "PA1179": "WT", "PA1180": "Y85F", "PA1777": "WT", "PA1798": "D249N, H398R", "PA1799": "L153R, S170N", "PA2018": "V735A", "PA2019": "A30T, W358R", "PA2020": "nt289\u039411", "PA2491": "D249N", "PA2492": "P60S, F172I", "PA3047": "WT", "PA3168": "T83I", "PA3574": "WT", "PA3721": "G71E, E153Q, S209R", "PA3999": "WT", "PA4109": "G283E, M288R", "PA4110": "G27D, A97V, T105A, V205L, G391A", "PA4418": "WT", "PA4522": "S39R, G148A", "PA4600": "WT", "PA4776": "L71R", "PA4777": "A4T, G68S, Y345H, G362S", "PA4964": "S87L", "PA4967": "D533E", "PA5045": "WT", "PA5235": "WT", "PA5471": "L88P, D161G, H182Q, R204C, V243A"}') ON DUPLICATE KEY UPDATE sequence_type = '235', mutational_resistome = '{"PA0004": "WT", "PA0424": "V126E", "PA0425": "WT", "PA0426": "G957D", "PA0427": "WT", "PA0807": "A208V", "PA0869": "A287S", "PA0958": "M1S", "PA1179": "WT", "PA1180": "Y85F", "PA1777": "WT", "PA1798": "D249N, H398R", "PA1799": "L153R, S170N", "PA2018": "V735A", "PA2019": "A30T, W358R", "PA2020": "nt289\u039411", "PA2491": "D249N", "PA2492": "P60S, F172I", "PA3047": "WT", "PA3168": "T83I", "PA3574": "WT", "PA3721": "G71E, E153Q, S209R", "PA3999": "WT", "PA4109": "G283E, M288R", "PA4110": "G27D, A97V, T105A, V205L, G391A", "PA4418": "WT", "PA4522": "S39R, G148A", "PA4600": "WT", "PA4776": "L71R", "PA4777": "A4T, G68S, Y345H, G362S", "PA4964": "S87L", "PA4967": "D533E", "PA5045": "WT", "PA5235": "WT", "PA5471": "L88P, D161G, H182Q, R204C, V243A"}'; 
INSERT INTO metadata_general(isolate_id, isolate_name, project_name, species) VALUES ('1477', '04-017', 'COLIMERO', 'Pseudomonas aeruginosa') ON DUPLICATE KEY UPDATE isolate_name = '04-017', project_name = 'COLIMERO', species = 'Pseudomonas aeruginosa'; 
INSERT INTO mic(mic_id, isolate_id, ami, ami_clinical_category, caz, caz_clinical_category, cip, cip_clinical_category, col, col_clinical_category, ctz, fep, fep_clinical_category, imi, imi_clinical_category, mer, mer_clinical_category, pip, tic, tic_clinical_category, tob, tob_clinical_category) VALUES ('1477', '1477', '4', 'S', '64', 'R', '˃16', 'R', '4', 'I', '8', '32', 'R', '64', 'R', '32', 'R', '˃256', '512', 'R', '16', 'R') ON DUPLICATE KEY UPDATE ami = '4', ami_clinical_category = 'S', caz = '64', caz_clinical_category = 'R', cip = '˃16', cip_clinical_category = 'R', col = '4', col_clinical_category = 'I', ctz = '8', fep = '32', fep_clinical_category = 'R', imi = '64', imi_clinical_category = 'R', mer = '32', mer_clinical_category = 'R', pip = '˃256', tic = '512', tic_clinical_category = 'R', tob = '16', tob_clinical_category = 'R'; 
INSERT INTO sequence_analysis(sequence_analysis_id, isolate_id, sequence_type, mutational_resistome) VALUES ('1477', '1477', '111', '{"PA0004": "E468D", "PA0424": "V126E", "PA0425": "WT", "PA0426": "WT", "PA0427": "WT", "PA0807": "A219T, A237E", "PA0869": "WT", "PA0958": "WT", "PA1179": "WT", "PA1180": "WT", "PA1777": "WT", "PA1798": "L137P, H398R", "PA1799": "G30D", "PA2018": "G530S", "PA2019": "K329Q, L331V, W358R", "PA2020": "V23F", "PA2491": "D249N", "PA2492": "F172I", "PA3047": "WT", "PA3168": "T83I, V671I, G860S, D893E, S903A", "PA3574": "WT", "PA3721": "G71E", "PA3999": "WT", "PA4109": "G283E", "PA4110": "T105A", "PA4418": "WT", "PA4522": "V10G, G148A", "PA4600": "WT", "PA4776": "L71R", "PA4777": "A4T, V6A, V15I, G68S, Y345H", "PA4964": "S87L, E91V, L168Q", "PA4967": "WT", "PA5045": "WT", "PA5235": "resf", "PA5471": "L88P, D161G, H182Q, V243A"}') ON DUPLICATE KEY UPDATE sequence_type = '111', mutational_resistome = '{"PA0004": "E468D", "PA0424": "V126E", "PA0425": "WT", "PA0426": "WT", "PA0427": "WT", "PA0807": "A219T, A237E", "PA0869": "WT", "PA0958": "WT", "PA1179": "WT", "PA1180": "WT", "PA1777": "WT", "PA1798": "L137P, H398R", "PA1799": "G30D", "PA2018": "G530S", "PA2019": "K329Q, L331V, W358R", "PA2020": "V23F", "PA2491": "D249N", "PA2492": "F172I", "PA3047": "WT", "PA3168": "T83I, V671I, G860S, D893E, S903A", "PA3574": "WT", "PA3721": "G71E", "PA3999": "WT", "PA4109": "G283E", "PA4110": "T105A", "PA4418": "WT", "PA4522": "V10G, G148A", "PA4600": "WT", "PA4776": "L71R", "PA4777": "A4T, V6A, V15I, G68S, Y345H", "PA4964": "S87L, E91V, L168Q", "PA4967": "WT", "PA5045": "WT", "PA5235": "resf", "PA5471": "L88P, D161G, H182Q, V243A"}'; 
INSERT INTO metadata_general(isolate_id, isolate_name, project_name, species) VALUES ('1478', '10-009', 'COLIMERO', 'Pseudomonas aeruginosa') ON DUPLICATE KEY UPDATE isolate_name = '10-009', project_name = 'COLIMERO', species = 'Pseudomonas aeruginosa'; 
INSERT INTO mic(mic_id, isolate_id, ami, ami_clinical_category, caz, caz_clinical_category, cip, cip_clinical_category, col, col_clinical_category, ctz, fep, fep_clinical_category, imi, imi_clinical_category, mer, mer_clinical_category, pip, tic, tic_clinical_category, tob, tob_clinical_category) VALUES ('1478', '1478', '32', 'I', '˃64', 'R', '16', 'R', '8', 'R', '˃64', '64', 'R', '˃64', 'R', '˃32', 'R', '256', '˃512', 'R', '32', 'R') ON DUPLICATE KEY UPDATE ami = '32', ami_clinical_category = 'I', caz = '˃64', caz_clinical_category = 'R', cip = '16', cip_clinical_category = 'R', col = '8', col_clinical_category = 'R', ctz = '˃64', fep = '64', fep_clinical_category = 'R', imi = '˃64', imi_clinical_category = 'R', mer = '˃32', mer_clinical_category = 'R', pip = '256', tic = '˃512', tic_clinical_category = 'R', tob = '32', tob_clinical_category = 'R'; 
INSERT INTO sequence_analysis(sequence_analysis_id, isolate_id, sequence_type, mutational_resistome) VALUES ('1478', '1478', '111', '{"PA0004": "WT", "PA0424": "V126E", "PA0425": "WT", "PA0426": "WT", "PA0427": "WT", "PA0807": "A219T", "PA0869": "WT", "PA0958": "nt1307insA", "PA1179": "WT", "PA1180": "WT", "PA1777": "WT", "PA1798": "L137P, H398R", "PA1799": "nt621\u03944", "PA2018": "G530S", "PA2019": "K329Q, L331V, W358R", "PA2020": "WT", "PA2491": "D249N", "PA2492": "F172I", "PA3047": "WT", "PA3168": "T83I, V671I, G860S, D893E, S903A", "PA3574": "WT", "PA3721": "G71E", "PA3999": "WT", "PA4109": "G283E", "PA4110": "T105A", "PA4418": "WT", "PA4522": "Q88L, G148A", "PA4600": "WT", "PA4776": "L71R", "PA4777": "A4T, V6A, V15I, G68S, Y345H", "PA4964": "G85C, S87L", "PA4967": "WT", "PA5045": "G596R", "PA5235": "WT", "PA5471": "L88P, D161G, H182Q, V243A"}') ON DUPLICATE KEY UPDATE sequence_type = '111', mutational_resistome = '{"PA0004": "WT", "PA0424": "V126E", "PA0425": "WT", "PA0426": "WT", "PA0427": "WT", "PA0807": "A219T", "PA0869": "WT", "PA0958": "nt1307insA", "PA1179": "WT", "PA1180": "WT", "PA1777": "WT", "PA1798": "L137P, H398R", "PA1799": "nt621\u03944", "PA2018": "G530S", "PA2019": "K329Q, L331V, W358R", "PA2020": "WT", "PA2491": "D249N", "PA2492": "F172I", "PA3047": "WT", "PA3168": "T83I, V671I, G860S, D893E, S903A", "PA3574": "WT", "PA3721": "G71E", "PA3999": "WT", "PA4109": "G283E", "PA4110": "T105A", "PA4418": "WT", "PA4522": "Q88L, G148A", "PA4600": "WT", "PA4776": "L71R", "PA4777": "A4T, V6A, V15I, G68S, Y345H", "PA4964": "G85C, S87L", "PA4967": "WT", "PA5045": "G596R", "PA5235": "WT", "PA5471": "L88P, D161G, H182Q, V243A"}'; 
INSERT INTO metadata_general(isolate_id, isolate_name, project_name, species) VALUES ('1479', '01-001', 'COLIMERO', 'Pseudomonas aeruginosa') ON DUPLICATE KEY UPDATE isolate_name = '01-001', project_name = 'COLIMERO', species = 'Pseudomonas aeruginosa'; 
INSERT INTO mic(mic_id, isolate_id, ami, ami_clinical_category, caz, caz_clinical_category, cip, cip_clinical_category, col, col_clinical_category, ctz, fep, fep_clinical_category, imi, imi_clinical_category, mer, mer_clinical_category, pip, tic, tic_clinical_category, tob, tob_clinical_category) VALUES ('1479', '1479', '4', 'S', '˃64', 'R', '8', 'R', '4', 'I', '˃64', '˃64', 'R', '˃64', 'R', '˃32', 'R', '128', '˃512', 'R', '2', 'S') ON DUPLICATE KEY UPDATE ami = '4', ami_clinical_category = 'S', caz = '˃64', caz_clinical_category = 'R', cip = '8', cip_clinical_category = 'R', col = '4', col_clinical_category = 'I', ctz = '˃64', fep = '˃64', fep_clinical_category = 'R', imi = '˃64', imi_clinical_category = 'R', mer = '˃32', mer_clinical_category = 'R', pip = '128', tic = '˃512', tic_clinical_category = 'R', tob = '2', tob_clinical_category = 'S'; 
INSERT INTO sequence_analysis(sequence_analysis_id, isolate_id, sequence_type, mutational_resistome) VALUES ('1479', '1479', '253', '{"PA0004": "WT", "PA0424": "V126E", "PA0425": "WT", "PA0426": "WT", "PA0427": "WT", "PA0807": "WT", "PA0869": "WT", "PA0958": "W277*", "PA1179": "WT", "PA1180": "WT", "PA1777": "WT", "PA1798": "H398R", "PA1799": "L153R, S170N", "PA2018": "I536V, T543A, G589A, Q840E, N1036T, Q1039R", "PA2019": "A30T, K329Q, L331V, W358R", "PA2020": "V105G, N186S", "PA2491": "D249N", "PA2492": "F172I, E202*", "PA3047": "A22T, Q156H", "PA3168": "T83I, V671I, G860S, D893E", "PA3574": "WT", "PA3721": "G71E, A145V, S209R", "PA3999": "WT", "PA4109": "E114A, G283E, M288R", "PA4110": "A55T, T105A, Q155R, V205L, G391A", "PA4418": "WT", "PA4522": "WT", "PA4600": "R21H, D56G", "PA4776": "WT", "PA4777": "A4T, V15I, G68S, Y345H", "PA4964": "S87W", "PA4967": "D533E", "PA5045": "I418V, N622K", "PA5235": "WT", "PA5471": "C40R, L88P, S112N, D119E, I237V, V243A"}') ON DUPLICATE KEY UPDATE sequence_type = '253', mutational_resistome = '{"PA0004": "WT", "PA0424": "V126E", "PA0425": "WT", "PA0426": "WT", "PA0427": "WT", "PA0807": "WT", "PA0869": "WT", "PA0958": "W277*", "PA1179": "WT", "PA1180": "WT", "PA1777": "WT", "PA1798": "H398R", "PA1799": "L153R, S170N", "PA2018": "I536V, T543A, G589A, Q840E, N1036T, Q1039R", "PA2019": "A30T, K329Q, L331V, W358R", "PA2020": "V105G, N186S", "PA2491": "D249N", "PA2492": "F172I, E202*", "PA3047": "A22T, Q156H", "PA3168": "T83I, V671I, G860S, D893E", "PA3574": "WT", "PA3721": "G71E, A145V, S209R", "PA3999": "WT", "PA4109": "E114A, G283E, M288R", "PA4110": "A55T, T105A, Q155R, V205L, G391A", "PA4418": "WT", "PA4522": "WT", "PA4600": "R21H, D56G", "PA4776": "WT", "PA4777": "A4T, V15I, G68S, Y345H", "PA4964": "S87W", "PA4967": "D533E", "PA5045": "I418V, N622K", "PA5235": "WT", "PA5471": "C40R, L88P, S112N, D119E, I237V, V243A"}'; 
INSERT INTO metadata_general(isolate_id, isolate_name, project_name, species) VALUES ('1480', '01-008', 'COLIMERO', 'Pseudomonas aeruginosa') ON DUPLICATE KEY UPDATE isolate_name = '01-008', project_name = 'COLIMERO', species = 'Pseudomonas aeruginosa'; 
INSERT INTO mic(mic_id, isolate_id, ami, ami_clinical_category, caz, caz_clinical_category, cip, cip_clinical_category, col, col_clinical_category, ctz, fep, fep_clinical_category, imi, imi_clinical_category, mer, mer_clinical_category, pip, tic, tic_clinical_category, tob, tob_clinical_category) VALUES ('1480', '1480', '8', 'S', '˃64', 'R', '˃16', 'R', '4', 'I', '˃64', '˃64', 'R', '˃64', 'R', '˃32', 'R', '˃256', '˃512', 'R', '2', 'S') ON DUPLICATE KEY UPDATE ami = '8', ami_clinical_category = 'S', caz = '˃64', caz_clinical_category = 'R', cip = '˃16', cip_clinical_category = 'R', col = '4', col_clinical_category = 'I', ctz = '˃64', fep = '˃64', fep_clinical_category = 'R', imi = '˃64', imi_clinical_category = 'R', mer = '˃32', mer_clinical_category = 'R', pip = '˃256', tic = '˃512', tic_clinical_category = 'R', tob = '2', tob_clinical_category = 'S'; 
INSERT INTO sequence_analysis(sequence_analysis_id, isolate_id, sequence_type, mutational_resistome) VALUES ('1480', '1480', '253', '{"PA0004": "WT", "PA0424": "V126E", "PA0425": "WT", "PA0426": "WT", "PA0427": "WT", "PA0807": "WT", "PA0869": "WT", "PA0958": "W277*", "PA1179": "WT", "PA1180": "WT", "PA1777": "WT", "PA1798": "H398R", "PA1799": "L153R, S170N", "PA2018": "I536V, T543A, G589A, Q840E, N1036T, Q1039R", "PA2019": "A30T, K329Q, L331V, W358R", "PA2020": "V105G, N186S", "PA2491": "D249N", "PA2492": "F172I", "PA3047": "Q156H", "PA3168": "T83I, V671I, G860S, D893E", "PA3574": "WT", "PA3721": "G71E, A145V, S209R", "PA3999": "WT", "PA4109": "E114A, G283E, M288R", "PA4110": "A55T, T105A, Q155R, V205L, G391A", "PA4418": "WT", "PA4522": "WT", "PA4600": "R21H, D56G", "PA4776": "WT", "PA4777": "A4T, V15I, G68S, Y345H", "PA4964": "S87W", "PA4967": "D533E", "PA5045": "I418V, N622K", "PA5235": "WT", "PA5471": "C40R, L88P, S112N, D119E, I237V, V243A"}') ON DUPLICATE KEY UPDATE sequence_type = '253', mutational_resistome = '{"PA0004": "WT", "PA0424": "V126E", "PA0425": "WT", "PA0426": "WT", "PA0427": "WT", "PA0807": "WT", "PA0869": "WT", "PA0958": "W277*", "PA1179": "WT", "PA1180": "WT", "PA1777": "WT", "PA1798": "H398R", "PA1799": "L153R, S170N", "PA2018": "I536V, T543A, G589A, Q840E, N1036T, Q1039R", "PA2019": "A30T, K329Q, L331V, W358R", "PA2020": "V105G, N186S", "PA2491": "D249N", "PA2492": "F172I", "PA3047": "Q156H", "PA3168": "T83I, V671I, G860S, D893E", "PA3574": "WT", "PA3721": "G71E, A145V, S209R", "PA3999": "WT", "PA4109": "E114A, G283E, M288R", "PA4110": "A55T, T105A, Q155R, V205L, G391A", "PA4418": "WT", "PA4522": "WT", "PA4600": "R21H, D56G", "PA4776": "WT", "PA4777": "A4T, V15I, G68S, Y345H", "PA4964": "S87W", "PA4967": "D533E", "PA5045": "I418V, N622K", "PA5235": "WT", "PA5471": "C40R, L88P, S112N, D119E, I237V, V243A"}'; 
INSERT INTO metadata_general(isolate_id, isolate_name, project_name, species) VALUES ('1481', '09-007', 'COLIMERO', 'Pseudomonas aeruginosa') ON DUPLICATE KEY UPDATE isolate_name = '09-007', project_name = 'COLIMERO', species = 'Pseudomonas aeruginosa'; 
INSERT INTO mic(mic_id, isolate_id, ami, ami_clinical_category, caz, caz_clinical_category, cip, cip_clinical_category, col, col_clinical_category, ctz, fep, fep_clinical_category, imi, imi_clinical_category, mer, mer_clinical_category, pip, tic, tic_clinical_category, tob, tob_clinical_category) VALUES ('1481', '1481', '8', 'S', '64', 'R', '4', 'R', '4', 'I', '4', '32', 'R', '32', 'R', '16', 'R', '˃256', '256', 'R', '1', 'S') ON DUPLICATE KEY UPDATE ami = '8', ami_clinical_category = 'S', caz = '64', caz_clinical_category = 'R', cip = '4', cip_clinical_category = 'R', col = '4', col_clinical_category = 'I', ctz = '4', fep = '32', fep_clinical_category = 'R', imi = '32', imi_clinical_category = 'R', mer = '16', mer_clinical_category = 'R', pip = '˃256', tic = '256', tic_clinical_category = 'R', tob = '1', tob_clinical_category = 'S'; 
INSERT INTO sequence_analysis(sequence_analysis_id, isolate_id, sequence_type, mutational_resistome) VALUES ('1481', '1481', '313', '{"PA0004": "WT", "PA0424": "V126E", "PA0425": "WT", "PA0426": "WT", "PA0427": "D448N", "PA0807": "WT", "PA0869": "S250N", "PA0958": "W138*", "PA1179": "WT", "PA1180": "WT", "PA1777": "WT", "PA1798": "H398R", "PA1799": "L153R, S170N", "PA2018": "I536V, T543A, G589A, Q840E, N1036T, Q1039R", "PA2019": "K329Q, L331V, W358R", "PA2020": "L199R", "PA2491": "V73A, D249N", "PA2492": "P60S, F172I", "PA3047": "WT", "PA3168": "T83I", "PA3574": "WT", "PA3721": "G71E, A145V, S209R", "PA3999": "WT", "PA4109": "E114A, I251V, G283E, M288R", "PA4110": "P7S, T105A, V205L, V356I, G391A", "PA4418": "WT", "PA4522": "WT", "PA4600": "WT", "PA4776": "L71R", "PA4777": "Y345H", "PA4964": "WT", "PA4967": "D533E", "PA5045": "E161Q, I418V, Q454H", "PA5235": "Ter449Gext*", "PA5471": "C40R, L88P, S112N, D119E, D207N, I237V, V243A"}') ON DUPLICATE KEY UPDATE sequence_type = '313', mutational_resistome = '{"PA0004": "WT", "PA0424": "V126E", "PA0425": "WT", "PA0426": "WT", "PA0427": "D448N", "PA0807": "WT", "PA0869": "S250N", "PA0958": "W138*", "PA1179": "WT", "PA1180": "WT", "PA1777": "WT", "PA1798": "H398R", "PA1799": "L153R, S170N", "PA2018": "I536V, T543A, G589A, Q840E, N1036T, Q1039R", "PA2019": "K329Q, L331V, W358R", "PA2020": "L199R", "PA2491": "V73A, D249N", "PA2492": "P60S, F172I", "PA3047": "WT", "PA3168": "T83I", "PA3574": "WT", "PA3721": "G71E, A145V, S209R", "PA3999": "WT", "PA4109": "E114A, I251V, G283E, M288R", "PA4110": "P7S, T105A, V205L, V356I, G391A", "PA4418": "WT", "PA4522": "WT", "PA4600": "WT", "PA4776": "L71R", "PA4777": "Y345H", "PA4964": "WT", "PA4967": "D533E", "PA5045": "E161Q, I418V, Q454H", "PA5235": "Ter449Gext*", "PA5471": "C40R, L88P, S112N, D119E, D207N, I237V, V243A"}'; 
INSERT INTO metadata_general(isolate_id, isolate_name, project_name, species) VALUES ('1482', '09-013', 'COLIMERO', 'Pseudomonas aeruginosa') ON DUPLICATE KEY UPDATE isolate_name = '09-013', project_name = 'COLIMERO', species = 'Pseudomonas aeruginosa'; 
INSERT INTO mic(mic_id, isolate_id, ami, ami_clinical_category, caz, caz_clinical_category, cip, cip_clinical_category, col, col_clinical_category, ctz, fep, fep_clinical_category, imi, imi_clinical_category, mer, mer_clinical_category, pip, tic, tic_clinical_category, tob, tob_clinical_category) VALUES ('1482', '1482', '8', 'S', '32', 'R', '2', 'I', '4', 'I', '4', '32', 'R', '64', 'R', '16', 'R', '256', '256', 'R', '2', 'S') ON DUPLICATE KEY UPDATE ami = '8', ami_clinical_category = 'S', caz = '32', caz_clinical_category = 'R', cip = '2', cip_clinical_category = 'I', col = '4', col_clinical_category = 'I', ctz = '4', fep = '32', fep_clinical_category = 'R', imi = '64', imi_clinical_category = 'R', mer = '16', mer_clinical_category = 'R', pip = '256', tic = '256', tic_clinical_category = 'R', tob = '2', tob_clinical_category = 'S'; 
INSERT INTO sequence_analysis(sequence_analysis_id, isolate_id, sequence_type, mutational_resistome) VALUES ('1482', '1482', '313', '{"PA0004": "WT", "PA0424": "V126E", "PA0425": "WT", "PA0426": "WT", "PA0427": "D448N", "PA0807": "WT", "PA0869": "WT", "PA0958": "W138*", "PA1179": "WT", "PA1180": "WT", "PA1777": "E253D", "PA1798": "H398R", "PA1799": "L153R, S170N", "PA2018": "I536V, T543A, G589A, Q840E, N1036T, Q1039R", "PA2019": "K329Q, L331V", "PA2020": "R13H, L199R", "PA2491": "D249N", "PA2492": "WT", "PA3047": "WT", "PA3168": "T83I", "PA3574": "WT", "PA3721": "G71E, A145V, S209R", "PA3999": "WT", "PA4109": "WT", "PA4110": "P7S, T105A, V205L", "PA4418": "WT", "PA4522": "WT", "PA4600": "WT", "PA4776": "L71R", "PA4777": "Y345H", "PA4964": "WT", "PA4967": "D533E", "PA5045": "M196L, I418V, Q454H", "PA5235": "Ter449Gext*", "PA5471": "C40R, L88P, S112N, D119E, D207N, I237V, V243A"}') ON DUPLICATE KEY UPDATE sequence_type = '313', mutational_resistome = '{"PA0004": "WT", "PA0424": "V126E", "PA0425": "WT", "PA0426": "WT", "PA0427": "D448N", "PA0807": "WT", "PA0869": "WT", "PA0958": "W138*", "PA1179": "WT", "PA1180": "WT", "PA1777": "E253D", "PA1798": "H398R", "PA1799": "L153R, S170N", "PA2018": "I536V, T543A, G589A, Q840E, N1036T, Q1039R", "PA2019": "K329Q, L331V", "PA2020": "R13H, L199R", "PA2491": "D249N", "PA2492": "WT", "PA3047": "WT", "PA3168": "T83I", "PA3574": "WT", "PA3721": "G71E, A145V, S209R", "PA3999": "WT", "PA4109": "WT", "PA4110": "P7S, T105A, V205L", "PA4418": "WT", "PA4522": "WT", "PA4600": "WT", "PA4776": "L71R", "PA4777": "Y345H", "PA4964": "WT", "PA4967": "D533E", "PA5045": "M196L, I418V, Q454H", "PA5235": "Ter449Gext*", "PA5471": "C40R, L88P, S112N, D119E, D207N, I237V, V243A"}'; 
INSERT INTO metadata_general(isolate_id, isolate_name, project_name, species) VALUES ('1483', '06-035', 'COLIMERO', 'Pseudomonas aeruginosa') ON DUPLICATE KEY UPDATE isolate_name = '06-035', project_name = 'COLIMERO', species = 'Pseudomonas aeruginosa'; 
INSERT INTO mic(mic_id, isolate_id, ami, ami_clinical_category, caz, caz_clinical_category, cip, cip_clinical_category, col, col_clinical_category, ctz, fep, fep_clinical_category, imi, imi_clinical_category, mer, mer_clinical_category, pip, tic, tic_clinical_category, tob, tob_clinical_category) VALUES ('1483', '1483', '˂2', 'S', '32', 'R', '0.5', 'S', '1', 'S', '4', '32', 'R', '64', 'R', '>32', 'R', '64', '256', 'R', '1', 'S') ON DUPLICATE KEY UPDATE ami = '˂2', ami_clinical_category = 'S', caz = '32', caz_clinical_category = 'R', cip = '0.5', cip_clinical_category = 'S', col = '1', col_clinical_category = 'S', ctz = '4', fep = '32', fep_clinical_category = 'R', imi = '64', imi_clinical_category = 'R', mer = '>32', mer_clinical_category = 'R', pip = '64', tic = '256', tic_clinical_category = 'R', tob = '1', tob_clinical_category = 'S'; 
INSERT INTO sequence_analysis(sequence_analysis_id, isolate_id, sequence_type, mutational_resistome) VALUES ('1483', '1483', '455', '{"PA0004": "WT", "PA0424": "nt215\u039411", "PA0425": "WT", "PA0426": "WT", "PA0427": "WT", "PA0807": "A219T", "PA0869": "WT", "PA0958": "WT", "PA1179": "WT", "PA1180": "WT", "PA1777": "WT", "PA1798": "H398R", "PA1799": "L153R, S170N", "PA2018": "WT", "PA2019": "WT", "PA2020": "WT", "PA2491": "D249N", "PA2492": "P60S, F172I", "PA3047": "WT", "PA3168": "WT", "PA3574": "WT", "PA3721": "G71E, S209R, P210L", "PA3999": "WT", "PA4109": "WT", "PA4110": "T105A", "PA4418": "WT", "PA4522": "G148A, S175L", "PA4600": "WT", "PA4776": "L71R", "PA4777": "Y345H", "PA4964": "V419L, V646L", "PA4967": "WT", "PA5045": "WT", "PA5235": "Ter449Gext*", "PA5471": "L88P, D161G, H182Q, V243A"}') ON DUPLICATE KEY UPDATE sequence_type = '455', mutational_resistome = '{"PA0004": "WT", "PA0424": "nt215\u039411", "PA0425": "WT", "PA0426": "WT", "PA0427": "WT", "PA0807": "A219T", "PA0869": "WT", "PA0958": "WT", "PA1179": "WT", "PA1180": "WT", "PA1777": "WT", "PA1798": "H398R", "PA1799": "L153R, S170N", "PA2018": "WT", "PA2019": "WT", "PA2020": "WT", "PA2491": "D249N", "PA2492": "P60S, F172I", "PA3047": "WT", "PA3168": "WT", "PA3574": "WT", "PA3721": "G71E, S209R, P210L", "PA3999": "WT", "PA4109": "WT", "PA4110": "T105A", "PA4418": "WT", "PA4522": "G148A, S175L", "PA4600": "WT", "PA4776": "L71R", "PA4777": "Y345H", "PA4964": "V419L, V646L", "PA4967": "WT", "PA5045": "WT", "PA5235": "Ter449Gext*", "PA5471": "L88P, D161G, H182Q, V243A"}'; 
INSERT INTO metadata_general(isolate_id, isolate_name, project_name, species) VALUES ('1484', '06-014', 'COLIMERO', 'Pseudomonas aeruginosa') ON DUPLICATE KEY UPDATE isolate_name = '06-014', project_name = 'COLIMERO', species = 'Pseudomonas aeruginosa'; 
INSERT INTO mic(mic_id, isolate_id, ami, ami_clinical_category, caz, caz_clinical_category, cip, cip_clinical_category, col, col_clinical_category, ctz, fep, fep_clinical_category, imi, imi_clinical_category, mer, mer_clinical_category, pip, tic, tic_clinical_category, tob, tob_clinical_category) VALUES ('1484', '1484', '8', 'S', '16', 'I', '4', 'R', '4', 'I', '4', '32', 'R', '32', 'R', '32', 'R', '128', '512', 'R', '8', 'I') ON DUPLICATE KEY UPDATE ami = '8', ami_clinical_category = 'S', caz = '16', caz_clinical_category = 'I', cip = '4', cip_clinical_category = 'R', col = '4', col_clinical_category = 'I', ctz = '4', fep = '32', fep_clinical_category = 'R', imi = '32', imi_clinical_category = 'R', mer = '32', mer_clinical_category = 'R', pip = '128', tic = '512', tic_clinical_category = 'R', tob = '8', tob_clinical_category = 'I'; 
INSERT INTO sequence_analysis(sequence_analysis_id, isolate_id, sequence_type, mutational_resistome) VALUES ('1484', '1484', '179', '{"PA0004": "WT", "PA0424": "WT", "PA0425": "WT", "PA0426": "WT", "PA0427": "WT", "PA0807": "A219T", "PA0869": "WT", "PA0958": "nt1200insC", "PA1179": "WT", "PA1180": "WT", "PA1777": "WT", "PA1798": "V291L, H398R", "PA1799": "WT", "PA2018": "T543A", "PA2019": "WT", "PA2020": "Q132P", "PA2491": "D249N", "PA2492": "WT", "PA3047": "WT", "PA3168": "WT", "PA3574": "WT", "PA3721": "G71E, S209R", "PA3999": "WT", "PA4109": "WT", "PA4110": "T105A, L176R", "PA4418": "WT", "PA4522": "Q44H, G148A, D183Y", "PA4600": "W115*", "PA4776": "WT", "PA4777": "Y345H", "PA4964": "WT", "PA4967": "WT", "PA5045": "WT", "PA5235": "S119C", "PA5471": "L88P, D161G, H182Q, V243A"}') ON DUPLICATE KEY UPDATE sequence_type = '179', mutational_resistome = '{"PA0004": "WT", "PA0424": "WT", "PA0425": "WT", "PA0426": "WT", "PA0427": "WT", "PA0807": "A219T", "PA0869": "WT", "PA0958": "nt1200insC", "PA1179": "WT", "PA1180": "WT", "PA1777": "WT", "PA1798": "V291L, H398R", "PA1799": "WT", "PA2018": "T543A", "PA2019": "WT", "PA2020": "Q132P", "PA2491": "D249N", "PA2492": "WT", "PA3047": "WT", "PA3168": "WT", "PA3574": "WT", "PA3721": "G71E, S209R", "PA3999": "WT", "PA4109": "WT", "PA4110": "T105A, L176R", "PA4418": "WT", "PA4522": "Q44H, G148A, D183Y", "PA4600": "W115*", "PA4776": "WT", "PA4777": "Y345H", "PA4964": "WT", "PA4967": "WT", "PA5045": "WT", "PA5235": "S119C", "PA5471": "L88P, D161G, H182Q, V243A"}'; 
INSERT INTO metadata_general(isolate_id, isolate_name, project_name, species) VALUES ('1485', '09-011', 'COLIMERO', 'Pseudomonas aeruginosa') ON DUPLICATE KEY UPDATE isolate_name = '09-011', project_name = 'COLIMERO', species = 'Pseudomonas aeruginosa'; 
INSERT INTO mic(mic_id, isolate_id, ami, ami_clinical_category, caz, caz_clinical_category, cip, cip_clinical_category, col, col_clinical_category, ctz, fep, fep_clinical_category, imi, imi_clinical_category, mer, mer_clinical_category, pip, tic, tic_clinical_category, tob, tob_clinical_category) VALUES ('1485', '1485', '128', 'R', '64', 'R', '8', 'R', '2', 'S', '8', '32', 'R', '˃64', 'R', '32', 'R', '256', '512', 'R', '16', 'R') ON DUPLICATE KEY UPDATE ami = '128', ami_clinical_category = 'R', caz = '64', caz_clinical_category = 'R', cip = '8', cip_clinical_category = 'R', col = '2', col_clinical_category = 'S', ctz = '8', fep = '32', fep_clinical_category = 'R', imi = '˃64', imi_clinical_category = 'R', mer = '32', mer_clinical_category = 'R', pip = '256', tic = '512', tic_clinical_category = 'R', tob = '16', tob_clinical_category = 'R'; 
INSERT INTO sequence_analysis(sequence_analysis_id, isolate_id, sequence_type, mutational_resistome) VALUES ('1485', '1485', '274', '{"PA0004": "H148N", "PA0424": "WT", "PA0425": "L338Q", "PA0426": "WT", "PA0427": "WT", "PA0807": "WT", "PA0869": "S250N", "PA0958": "nt434\u03941", "PA1179": "WT", "PA1180": "WT", "PA1777": "WT", "PA1798": "A82T, L141P, L246P, H398R", "PA1799": "WT", "PA2018": "M347T, T543A, Q840E", "PA2019": "K329Q, L331V, D346H, W358R", "PA2020": "WT", "PA2491": "V132A, D249N", "PA2492": "F172I", "PA3047": "A394P", "PA3168": "T83I, D87N, K408R", "PA3574": "WT", "PA3721": "G71E, S209R", "PA3999": "WT", "PA4109": "E88K", "PA4110": "T21A, T105A, G391A", "PA4418": "F533L", "PA4522": "R11L, G148A, D183Y", "PA4600": "WT", "PA4776": "L71R, L134P", "PA4777": "G188S, E213D, Y345H", "PA4964": "WT", "PA4967": "WT", "PA5045": "R378H", "PA5235": "G369D", "PA5471": "L88P, D119E"}') ON DUPLICATE KEY UPDATE sequence_type = '274', mutational_resistome = '{"PA0004": "H148N", "PA0424": "WT", "PA0425": "L338Q", "PA0426": "WT", "PA0427": "WT", "PA0807": "WT", "PA0869": "S250N", "PA0958": "nt434\u03941", "PA1179": "WT", "PA1180": "WT", "PA1777": "WT", "PA1798": "A82T, L141P, L246P, H398R", "PA1799": "WT", "PA2018": "M347T, T543A, Q840E", "PA2019": "K329Q, L331V, D346H, W358R", "PA2020": "WT", "PA2491": "V132A, D249N", "PA2492": "F172I", "PA3047": "A394P", "PA3168": "T83I, D87N, K408R", "PA3574": "WT", "PA3721": "G71E, S209R", "PA3999": "WT", "PA4109": "E88K", "PA4110": "T21A, T105A, G391A", "PA4418": "F533L", "PA4522": "R11L, G148A, D183Y", "PA4600": "WT", "PA4776": "L71R, L134P", "PA4777": "G188S, E213D, Y345H", "PA4964": "WT", "PA4967": "WT", "PA5045": "R378H", "PA5235": "G369D", "PA5471": "L88P, D119E"}'; 
INSERT INTO metadata_general(isolate_id, isolate_name, project_name, species) VALUES ('1486', '10-017', 'COLIMERO', 'Pseudomonas aeruginosa') ON DUPLICATE KEY UPDATE isolate_name = '10-017', project_name = 'COLIMERO', species = 'Pseudomonas aeruginosa'; 
INSERT INTO mic(mic_id, isolate_id, ami, ami_clinical_category, caz, caz_clinical_category, cip, cip_clinical_category, col, col_clinical_category, ctz, fep, fep_clinical_category, imi, imi_clinical_category, mer, mer_clinical_category, pip, tic, tic_clinical_category, tob, tob_clinical_category) VALUES ('1486', '1486', '4', 'S', '32', 'R', '˃16', 'R', '4', 'I', '1', '8', 'S', '8', 'R', '8', 'R', '64', '32', 'I', '32', 'R') ON DUPLICATE KEY UPDATE ami = '4', ami_clinical_category = 'S', caz = '32', caz_clinical_category = 'R', cip = '˃16', cip_clinical_category = 'R', col = '4', col_clinical_category = 'I', ctz = '1', fep = '8', fep_clinical_category = 'S', imi = '8', imi_clinical_category = 'R', mer = '8', mer_clinical_category = 'R', pip = '64', tic = '32', tic_clinical_category = 'I', tob = '32', tob_clinical_category = 'R'; 
INSERT INTO sequence_analysis(sequence_analysis_id, isolate_id, sequence_type, mutational_resistome) VALUES ('1486', '1486', '395', '{"PA0004": "WT", "PA0424": "WT", "PA0425": "WT", "PA0426": "WT", "PA0427": "WT", "PA0807": "R66C", "PA0869": "S250N", "PA0958": "WT", "PA1179": "WT", "PA1180": "WT", "PA1777": "WT", "PA1798": "R385H, H398R", "PA1799": "G137D", "PA2018": "T543A", "PA2019": "H119Y", "PA2020": "WT", "PA2491": "D201N, D249N", "PA2492": "F172I", "PA3047": "WT", "PA3168": "T83I", "PA3574": "WT", "PA3721": "G71E", "PA3999": "WT", "PA4109": "WT", "PA4110": "T105A, L176R", "PA4418": "WT", "PA4522": "A134V", "PA4600": "WT", "PA4776": "L71R, T142P", "PA4777": "L31P, Y345H", "PA4964": "S87L", "PA4967": "V200M", "PA5045": "WT", "PA5235": "resf", "PA5471": "L88P, D161G, H182Q, V243A"}') ON DUPLICATE KEY UPDATE sequence_type = '395', mutational_resistome = '{"PA0004": "WT", "PA0424": "WT", "PA0425": "WT", "PA0426": "WT", "PA0427": "WT", "PA0807": "R66C", "PA0869": "S250N", "PA0958": "WT", "PA1179": "WT", "PA1180": "WT", "PA1777": "WT", "PA1798": "R385H, H398R", "PA1799": "G137D", "PA2018": "T543A", "PA2019": "H119Y", "PA2020": "WT", "PA2491": "D201N, D249N", "PA2492": "F172I", "PA3047": "WT", "PA3168": "T83I", "PA3574": "WT", "PA3721": "G71E", "PA3999": "WT", "PA4109": "WT", "PA4110": "T105A, L176R", "PA4418": "WT", "PA4522": "A134V", "PA4600": "WT", "PA4776": "L71R, T142P", "PA4777": "L31P, Y345H", "PA4964": "S87L", "PA4967": "V200M", "PA5045": "WT", "PA5235": "resf", "PA5471": "L88P, D161G, H182Q, V243A"}'; 
INSERT INTO metadata_general(isolate_id, isolate_name, project_name, species) VALUES ('1487', '10-019', 'COLIMERO', 'Pseudomonas aeruginosa') ON DUPLICATE KEY UPDATE isolate_name = '10-019', project_name = 'COLIMERO', species = 'Pseudomonas aeruginosa'; 
INSERT INTO mic(mic_id, isolate_id, ami, ami_clinical_category, caz, caz_clinical_category, cip, cip_clinical_category, col, col_clinical_category, ctz, fep, fep_clinical_category, imi, imi_clinical_category, mer, mer_clinical_category, pip, tic, tic_clinical_category, tob, tob_clinical_category) VALUES ('1487', '1487', '˂2', 'S', '64', 'R', '˃16', 'R', '4', 'I', '8', '32', 'R', '32', 'R', '32', 'R', '256', '512', 'R', '0.5', 'S') ON DUPLICATE KEY UPDATE ami = '˂2', ami_clinical_category = 'S', caz = '64', caz_clinical_category = 'R', cip = '˃16', cip_clinical_category = 'R', col = '4', col_clinical_category = 'I', ctz = '8', fep = '32', fep_clinical_category = 'R', imi = '32', imi_clinical_category = 'R', mer = '32', mer_clinical_category = 'R', pip = '256', tic = '512', tic_clinical_category = 'R', tob = '0.5', tob_clinical_category = 'S'; 
INSERT INTO sequence_analysis(sequence_analysis_id, isolate_id, sequence_type, mutational_resistome) VALUES ('1487', '1487', '2221', '{"PA0004": "T235S, E239Q, I529V, I529M, S578A, T640S", "PA0424": "C30R, L95F, R114C, V126E", "PA0425": "Y120F", "PA0426": "K196R, N248K, S583T, A707S", "PA0427": "K196R", "PA0807": "K36E, H53R, P55A, E168A, T179S, D197E, V213I, Y234H", "PA0869": "V305M", "PA0958": "W277*", "PA1179": "I50V, S72A, E144G", "PA1180": "A15T, D90H, R94S, N104H", "PA1777": "WT", "PA1798": "I27L", "PA1799": "WT", "PA2018": "I15V, V24I, V61L, V139I, S144A, L162F, K191R, I499L, D502G, N526K, A533V, T543A, G589A, R633Q, E634D, E688D, L697F, K773R, G776S, R782Q, K800R, I849V, F858Y, Q955R", "PA2019": "K236Q, K329Q, R338H, I349V, D384G, W358R", "PA2020": "T31N", "PA2491": "L82P, T148S, S179C, E181D, E184D, D249N, V308I", "PA2492": "nt59\u03941, R22G, F172I", "PA3047": "nt1062\u039410, T27S, S150G, N197S", "PA3168": "T83I, V671I, G860S", "PA3574": "E120D, D147E", "PA3721": "WT", "PA3999": "D231E, S355T", "PA4109": "WT", "PA4110": "WT", "PA4418": "Y5H, L240V", "PA4522": "E163Q, S175P", "PA4600": "WT", "PA4776": "L71R, E131A", "PA4777": "L35V, T63S", "PA4964": "S331T, F360Y, K474R, T556S, F601Y, S635A", "PA4967": "S147T, K157R, D419N", "PA5045": "N223D, V244I, E245D, M389L, I403V, K431Q, L532V, V613A, A617T", "PA5235": "S156G, V334I, L403M", "PA5471": "WT"}') ON DUPLICATE KEY UPDATE sequence_type = '2221', mutational_resistome = '{"PA0004": "T235S, E239Q, I529V, I529M, S578A, T640S", "PA0424": "C30R, L95F, R114C, V126E", "PA0425": "Y120F", "PA0426": "K196R, N248K, S583T, A707S", "PA0427": "K196R", "PA0807": "K36E, H53R, P55A, E168A, T179S, D197E, V213I, Y234H", "PA0869": "V305M", "PA0958": "W277*", "PA1179": "I50V, S72A, E144G", "PA1180": "A15T, D90H, R94S, N104H", "PA1777": "WT", "PA1798": "I27L", "PA1799": "WT", "PA2018": "I15V, V24I, V61L, V139I, S144A, L162F, K191R, I499L, D502G, N526K, A533V, T543A, G589A, R633Q, E634D, E688D, L697F, K773R, G776S, R782Q, K800R, I849V, F858Y, Q955R", "PA2019": "K236Q, K329Q, R338H, I349V, D384G, W358R", "PA2020": "T31N", "PA2491": "L82P, T148S, S179C, E181D, E184D, D249N, V308I", "PA2492": "nt59\u03941, R22G, F172I", "PA3047": "nt1062\u039410, T27S, S150G, N197S", "PA3168": "T83I, V671I, G860S", "PA3574": "E120D, D147E", "PA3721": "WT", "PA3999": "D231E, S355T", "PA4109": "WT", "PA4110": "WT", "PA4418": "Y5H, L240V", "PA4522": "E163Q, S175P", "PA4600": "WT", "PA4776": "L71R, E131A", "PA4777": "L35V, T63S", "PA4964": "S331T, F360Y, K474R, T556S, F601Y, S635A", "PA4967": "S147T, K157R, D419N", "PA5045": "N223D, V244I, E245D, M389L, I403V, K431Q, L532V, V613A, A617T", "PA5235": "S156G, V334I, L403M", "PA5471": "WT"}'; 
INSERT INTO metadata_general(isolate_id, isolate_name, project_name, species) VALUES ('1488', '10-021', 'COLIMERO', 'Pseudomonas aeruginosa') ON DUPLICATE KEY UPDATE isolate_name = '10-021', project_name = 'COLIMERO', species = 'Pseudomonas aeruginosa'; 
INSERT INTO mic(mic_id, isolate_id, ami, ami_clinical_category, caz, caz_clinical_category, cip, cip_clinical_category, col, col_clinical_category, ctz, fep, fep_clinical_category, imi, imi_clinical_category, mer, mer_clinical_category, pip, tic, tic_clinical_category, tob, tob_clinical_category) VALUES ('1488', '1488', '˂2', 'S', '64', 'R', '0.5', 'S', '2', 'S', '8', '32', 'R', '64', 'R', '32', 'R', '256', '512', 'R', '0.5', 'S') ON DUPLICATE KEY UPDATE ami = '˂2', ami_clinical_category = 'S', caz = '64', caz_clinical_category = 'R', cip = '0.5', cip_clinical_category = 'S', col = '2', col_clinical_category = 'S', ctz = '8', fep = '32', fep_clinical_category = 'R', imi = '64', imi_clinical_category = 'R', mer = '32', mer_clinical_category = 'R', pip = '256', tic = '512', tic_clinical_category = 'R', tob = '0.5', tob_clinical_category = 'S'; 
INSERT INTO sequence_analysis(sequence_analysis_id, isolate_id, sequence_type, mutational_resistome) VALUES ('1488', '1488', '2533', '{"PA0004": "V146L", "PA0424": "V42E", "PA0425": "WT", "PA0426": "I745V", "PA0427": "WT", "PA0807": "A219T", "PA0869": "WT", "PA0958": "W138*", "PA1179": "WT", "PA1180": "WT", "PA1777": "WT", "PA1798": "H398R", "PA1799": "WT", "PA2018": "T543A", "PA2019": "K329Q, R351S", "PA2020": "WT", "PA2491": "D249N", "PA2492": "F172I", "PA3047": "WT", "PA3168": "WT", "PA3574": "G206S", "PA3721": "G71E, A186T", "PA3999": "WT", "PA4109": "WT", "PA4110": "R79Q, T105A", "PA4418": "WT", "PA4522": "S91F, G148A, S175L", "PA4600": "WT", "PA4776": "L71R", "PA4777": "A4T, Y345H", "PA4964": "WT", "PA4967": "S346T", "PA5045": "WT", "PA5235": "WT", "PA5471": "A87T, L88P, D161G, H182Q, V243A"}') ON DUPLICATE KEY UPDATE sequence_type = '2533', mutational_resistome = '{"PA0004": "V146L", "PA0424": "V42E", "PA0425": "WT", "PA0426": "I745V", "PA0427": "WT", "PA0807": "A219T", "PA0869": "WT", "PA0958": "W138*", "PA1179": "WT", "PA1180": "WT", "PA1777": "WT", "PA1798": "H398R", "PA1799": "WT", "PA2018": "T543A", "PA2019": "K329Q, R351S", "PA2020": "WT", "PA2491": "D249N", "PA2492": "F172I", "PA3047": "WT", "PA3168": "WT", "PA3574": "G206S", "PA3721": "G71E, A186T", "PA3999": "WT", "PA4109": "WT", "PA4110": "R79Q, T105A", "PA4418": "WT", "PA4522": "S91F, G148A, S175L", "PA4600": "WT", "PA4776": "L71R", "PA4777": "A4T, Y345H", "PA4964": "WT", "PA4967": "S346T", "PA5045": "WT", "PA5235": "WT", "PA5471": "A87T, L88P, D161G, H182Q, V243A"}'; 
INSERT INTO metadata_general(isolate_id, isolate_name, project_name, species) VALUES ('1489', '06-025', 'COLIMERO', 'Pseudomonas aeruginosa') ON DUPLICATE KEY UPDATE isolate_name = '06-025', project_name = 'COLIMERO', species = 'Pseudomonas aeruginosa'; 
INSERT INTO mic(mic_id, isolate_id, ami, ami_clinical_category, caz, caz_clinical_category, cip, cip_clinical_category, col, col_clinical_category, ctz, fep, fep_clinical_category, imi, imi_clinical_category, mer, mer_clinical_category, pip, tic, tic_clinical_category, tob, tob_clinical_category) VALUES ('1489', '1489', '<2', 'S', '64', 'R', '4', 'R', '4', 'I', '4', '32', 'R', '64', 'R', '8', 'R', '256', '256', 'R', '0.5', 'S') ON DUPLICATE KEY UPDATE ami = '<2', ami_clinical_category = 'S', caz = '64', caz_clinical_category = 'R', cip = '4', cip_clinical_category = 'R', col = '4', col_clinical_category = 'I', ctz = '4', fep = '32', fep_clinical_category = 'R', imi = '64', imi_clinical_category = 'R', mer = '8', mer_clinical_category = 'R', pip = '256', tic = '256', tic_clinical_category = 'R', tob = '0.5', tob_clinical_category = 'S'; 
INSERT INTO sequence_analysis(sequence_analysis_id, isolate_id, sequence_type, mutational_resistome) VALUES ('1489', '1489', '2534', '{"PA0004": "WT", "PA0424": "WT", "PA0425": "D373N", "PA0426": "WT", "PA0427": "WT", "PA0807": "A219T", "PA0869": "WT", "PA0958": "nt69InsC", "PA1179": "A149V", "PA1180": "WT", "PA1777": "WT", "PA1798": "H398R", "PA1799": "A23T, L164Q", "PA2018": "WT", "PA2019": "A113T, K329Q, L331V, W358R", "PA2020": "WT", "PA2491": "A87V, D249N", "PA2492": "P60S, F172I", "PA3047": "A394P", "PA3168": "T83I, T571A", "PA3574": "WT", "PA3721": "G71E", "PA3999": "WT", "PA4109": "WT", "PA4110": "T105A, V205L, D257V", "PA4418": "WT", "PA4522": "G148A", "PA4600": "T2P", "PA4776": "L71R", "PA4777": "Y345H", "PA4964": "WT", "PA4967": "WT", "PA5045": "WT", "PA5235": "WT", "PA5471": "L88P, D161G, H182Q, V243A, R322H"}') ON DUPLICATE KEY UPDATE sequence_type = '2534', mutational_resistome = '{"PA0004": "WT", "PA0424": "WT", "PA0425": "D373N", "PA0426": "WT", "PA0427": "WT", "PA0807": "A219T", "PA0869": "WT", "PA0958": "nt69InsC", "PA1179": "A149V", "PA1180": "WT", "PA1777": "WT", "PA1798": "H398R", "PA1799": "A23T, L164Q", "PA2018": "WT", "PA2019": "A113T, K329Q, L331V, W358R", "PA2020": "WT", "PA2491": "A87V, D249N", "PA2492": "P60S, F172I", "PA3047": "A394P", "PA3168": "T83I, T571A", "PA3574": "WT", "PA3721": "G71E", "PA3999": "WT", "PA4109": "WT", "PA4110": "T105A, V205L, D257V", "PA4418": "WT", "PA4522": "G148A", "PA4600": "T2P", "PA4776": "L71R", "PA4777": "Y345H", "PA4964": "WT", "PA4967": "WT", "PA5045": "WT", "PA5235": "WT", "PA5471": "L88P, D161G, H182Q, V243A, R322H"}'; 
INSERT INTO metadata_general(isolate_id, isolate_name, project_name, species) VALUES ('1490', '06-027', 'COLIMERO', 'Pseudomonas aeruginosa') ON DUPLICATE KEY UPDATE isolate_name = '06-027', project_name = 'COLIMERO', species = 'Pseudomonas aeruginosa'; 
INSERT INTO mic(mic_id, isolate_id, ami, ami_clinical_category, caz, caz_clinical_category, cip, cip_clinical_category, col, col_clinical_category, ctz, fep, fep_clinical_category, imi, imi_clinical_category, mer, mer_clinical_category, pip, tic, tic_clinical_category, tob, tob_clinical_category) VALUES ('1490', '1490', '8', 'S', '64', 'R', '8', 'R', '4', 'I', '4', '32', 'R', '32', 'R', '8', 'R', '128', '128', 'R', '1', 'S') ON DUPLICATE KEY UPDATE ami = '8', ami_clinical_category = 'S', caz = '64', caz_clinical_category = 'R', cip = '8', cip_clinical_category = 'R', col = '4', col_clinical_category = 'I', ctz = '4', fep = '32', fep_clinical_category = 'R', imi = '32', imi_clinical_category = 'R', mer = '8', mer_clinical_category = 'R', pip = '128', tic = '128', tic_clinical_category = 'R', tob = '1', tob_clinical_category = 'S'; 
INSERT INTO sequence_analysis(sequence_analysis_id, isolate_id, sequence_type, mutational_resistome) VALUES ('1490', '1490', '2535', '{"PA0004": "WT", "PA0424": "WT", "PA0425": "WT", "PA0426": "WT", "PA0427": "WT", "PA0807": "A219T", "PA0869": "WT", "PA0958": "R154L", "PA1179": "WT", "PA1180": "WT", "PA1777": "WT", "PA1798": "H398R", "PA1799": "WT", "PA2018": "WT", "PA2019": "A113T, K329Q, L331V, W358R", "PA2020": "nt216\u03943, nt225\u039410", "PA2491": "D249N", "PA2492": "P60S, F172I", "PA3047": "A394P, nt1223InsGAGTGC", "PA3168": "T83I", "PA3574": "WT", "PA3721": "G71E, S209R", "PA3999": "WT", "PA4109": "WT", "PA4110": "T105A", "PA4418": "WT", "PA4522": "A136V, G148A", "PA4600": "WT", "PA4776": "L71R", "PA4777": "Y345H", "PA4964": "P506S", "PA4967": "WT", "PA5045": "WT", "PA5235": "WT", "PA5471": "L88P, D161G, H182Q, V243A"}') ON DUPLICATE KEY UPDATE sequence_type = '2535', mutational_resistome = '{"PA0004": "WT", "PA0424": "WT", "PA0425": "WT", "PA0426": "WT", "PA0427": "WT", "PA0807": "A219T", "PA0869": "WT", "PA0958": "R154L", "PA1179": "WT", "PA1180": "WT", "PA1777": "WT", "PA1798": "H398R", "PA1799": "WT", "PA2018": "WT", "PA2019": "A113T, K329Q, L331V, W358R", "PA2020": "nt216\u03943, nt225\u039410", "PA2491": "D249N", "PA2492": "P60S, F172I", "PA3047": "A394P, nt1223InsGAGTGC", "PA3168": "T83I", "PA3574": "WT", "PA3721": "G71E, S209R", "PA3999": "WT", "PA4109": "WT", "PA4110": "T105A", "PA4418": "WT", "PA4522": "A136V, G148A", "PA4600": "WT", "PA4776": "L71R", "PA4777": "Y345H", "PA4964": "P506S", "PA4967": "WT", "PA5045": "WT", "PA5235": "WT", "PA5471": "L88P, D161G, H182Q, V243A"}'; 
INSERT INTO metadata_general(isolate_id, isolate_name, project_name, species) VALUES ('1491', '06-001', 'COLIMERO', 'Pseudomonas aeruginosa') ON DUPLICATE KEY UPDATE isolate_name = '06-001', project_name = 'COLIMERO', species = 'Pseudomonas aeruginosa'; 
INSERT INTO mic(mic_id, isolate_id, ami, ami_clinical_category, caz, caz_clinical_category, cip, cip_clinical_category, col, col_clinical_category, ctz, fep, fep_clinical_category, imi, imi_clinical_category, mer, mer_clinical_category, pip, tic, tic_clinical_category, tob, tob_clinical_category) VALUES ('1491', '1491', '8', 'S', '>64', 'R', '8', 'R', '4', 'I', '4', '32', 'R', '64', 'R', '32', 'R', '>256', '256', 'R', '1', 'S') ON DUPLICATE KEY UPDATE ami = '8', ami_clinical_category = 'S', caz = '>64', caz_clinical_category = 'R', cip = '8', cip_clinical_category = 'R', col = '4', col_clinical_category = 'I', ctz = '4', fep = '32', fep_clinical_category = 'R', imi = '64', imi_clinical_category = 'R', mer = '32', mer_clinical_category = 'R', pip = '>256', tic = '256', tic_clinical_category = 'R', tob = '1', tob_clinical_category = 'S'; 
INSERT INTO sequence_analysis(sequence_analysis_id, isolate_id, sequence_type, mutational_resistome) VALUES ('1491', '1491', '2536', '{"PA0004": "WT", "PA0424": "V126E", "PA0425": "WT", "PA0426": "V770A, S1041Y", "PA0427": "WT", "PA0807": "E168D", "PA0869": "L15F, S250N", "PA0958": "nt475insC", "PA1179": "WT", "PA1180": "WT", "PA1777": "WT", "PA1798": "L54P, H398R", "PA1799": "L153R, S170N", "PA2018": "R362H, T543A, N1036T, Q1039R", "PA2019": "A30T, I212L, K329Q, L331V, W358R", "PA2020": "WT", "PA2491": "D249N", "PA2492": "P60S, F172I", "PA3047": "V289I", "PA3168": "A51V", "PA3574": "WT", "PA3721": "G71E, A145V, S209R", "PA3999": "WT", "PA4109": "G283E, M288R", "PA4110": "T21A, T105A, V205L, G391A", "PA4418": "N117S", "PA4522": "W9R", "PA4600": "A30T", "PA4776": "WT", "PA4777": "S2P, A4T, V15I, G68S, Y345H", "PA4964": "WT", "PA4967": "V520A, D533E", "PA5045": "I418V", "PA5235": "Ter449Gext*", "PA5471": "C40R, L88P, S112N, D119E, V243A"}') ON DUPLICATE KEY UPDATE sequence_type = '2536', mutational_resistome = '{"PA0004": "WT", "PA0424": "V126E", "PA0425": "WT", "PA0426": "V770A, S1041Y", "PA0427": "WT", "PA0807": "E168D", "PA0869": "L15F, S250N", "PA0958": "nt475insC", "PA1179": "WT", "PA1180": "WT", "PA1777": "WT", "PA1798": "L54P, H398R", "PA1799": "L153R, S170N", "PA2018": "R362H, T543A, N1036T, Q1039R", "PA2019": "A30T, I212L, K329Q, L331V, W358R", "PA2020": "WT", "PA2491": "D249N", "PA2492": "P60S, F172I", "PA3047": "V289I", "PA3168": "A51V", "PA3574": "WT", "PA3721": "G71E, A145V, S209R", "PA3999": "WT", "PA4109": "G283E, M288R", "PA4110": "T21A, T105A, V205L, G391A", "PA4418": "N117S", "PA4522": "W9R", "PA4600": "A30T", "PA4776": "WT", "PA4777": "S2P, A4T, V15I, G68S, Y345H", "PA4964": "WT", "PA4967": "V520A, D533E", "PA5045": "I418V", "PA5235": "Ter449Gext*", "PA5471": "C40R, L88P, S112N, D119E, V243A"}'; 
