INSERT INTO metadata_general(isolate_id, isolate_name, project_name, species) VALUES ('1', 'AND01-001', 'GEMARA', 'Pseudomonas aeruginosa') ON DUPLICATE KEY UPDATE isolate_name = 'AND01-001', project_name = 'GEMARA', species = 'Pseudomonas aeruginosa'; 
INSERT INTO mic(mic_id, isolate_id, ami, ami_clinical_category, atm_clinical_category, caz, caz_clinical_category, caz_cloxa, cip, cip_clinical_category, col, col_clinical_category, fep, fep_clinical_category, imi, imi_clinical_category, imi_cloxa, mer_clinical_category, pip_tz, pip_tz_clinical_category, tic, tic_clinical_category, tob, tob_clinical_category) VALUES ('1', '1', '8', 'S', 'I', '16', 'R', '+', '2', 'R', '4', 'R', '16', 'R', '16', 'R', '+', 'I', '64', 'R', '64', 'R', '0.5', 'S') ON DUPLICATE KEY UPDATE ami = '8', ami_clinical_category = 'S', atm_clinical_category = 'I', caz = '16', caz_clinical_category = 'R', caz_cloxa = '+', cip = '2', cip_clinical_category = 'R', col = '4', col_clinical_category = 'R', fep = '16', fep_clinical_category = 'R', imi = '16', imi_clinical_category = 'R', imi_cloxa = '+', mer_clinical_category = 'I', pip_tz = '64', pip_tz_clinical_category = 'R', tic = '64', tic_clinical_category = 'R', tob = '0.5', tob_clinical_category = 'S'; 
INSERT INTO sequence_analysis(sequence_analysis_id, isolate_id, clonal_complex, mutational_resistome) VALUES ('1', '1', 'ST155', '{"PA0004": "WT", "PA0424": "WT", "PA0425": "WT", "PA0426": "WT", "PA0427": "WT", "PA0807": "A219T", "PA0869": "WT", "PA0958": "nt473\u039414", "PA1179": "P31Q", "PA1180": "WT", "PA1777": "WT", "PA1798": "L79P; H398R", "PA1799": "WT", "PA2018": "D428N; T543A; Q840E", "PA2019": "K329Q; L331V; W358R", "PA2020": "WT", "PA2272": "WT", "PA2491": "D249N", "PA2492": "F172I", "PA3047": "T428P", "PA3168": "T83I; D87H", "PA3574": "WT", "PA3721": "G71E; S209R", "PA3999": "WT", "PA4003": "WT", "PA4020": "M297V", "PA4109": "WT", "PA4110": "R79Q; T105A", "PA4266": "WT", "PA4418": "WT", "PA4522": "Q44H; G148A; D183Y", "PA4600": "WT", "PA4700": "L353Q", "PA4776": "WT", "PA4777": "Y345H", "PA4964": "WT", "PA4967": "WT", "PA5045": "V643I; S717C", "PA5235": " ", "PA5471": "L88P; D161G; H182Q; V243A", "PA5485": "WT"}') ON DUPLICATE KEY UPDATE clonal_complex = 'ST155', mutational_resistome = '{"PA0004": "WT", "PA0424": "WT", "PA0425": "WT", "PA0426": "WT", "PA0427": "WT", "PA0807": "A219T", "PA0869": "WT", "PA0958": "nt473\u039414", "PA1179": "P31Q", "PA1180": "WT", "PA1777": "WT", "PA1798": "L79P; H398R", "PA1799": "WT", "PA2018": "D428N; T543A; Q840E", "PA2019": "K329Q; L331V; W358R", "PA2020": "WT", "PA2272": "WT", "PA2491": "D249N", "PA2492": "F172I", "PA3047": "T428P", "PA3168": "T83I; D87H", "PA3574": "WT", "PA3721": "G71E; S209R", "PA3999": "WT", "PA4003": "WT", "PA4020": "M297V", "PA4109": "WT", "PA4110": "R79Q; T105A", "PA4266": "WT", "PA4418": "WT", "PA4522": "Q44H; G148A; D183Y", "PA4600": "WT", "PA4700": "L353Q", "PA4776": "WT", "PA4777": "Y345H", "PA4964": "WT", "PA4967": "WT", "PA5045": "V643I; S717C", "PA5235": " ", "PA5471": "L88P; D161G; H182Q; V243A", "PA5485": "WT"}'; 
INSERT INTO metadata_general(isolate_id, isolate_name, project_name, species) VALUES ('2', 'AND01-016', 'GEMARA', 'Pseudomonas aeruginosa') ON DUPLICATE KEY UPDATE isolate_name = 'AND01-016', project_name = 'GEMARA', species = 'Pseudomonas aeruginosa'; 
INSERT INTO mic(mic_id, isolate_id, ami, ami_clinical_category, atm_clinical_category, caz, caz_clinical_category, caz_cloxa, cip, cip_clinical_category, col, col_clinical_category, fep, fep_clinical_category, imi, imi_clinical_category, imi_cloxa, mer_clinical_category, pip_tz, pip_tz_clinical_category, tic, tic_clinical_category, tob, tob_clinical_category) VALUES ('2', '2', '4', 'S', 'R', '64', 'R', '+', '>16', 'R', '1', 'S', '32', 'R', '8', 'I', '+', 'I', '256', 'R', '256', 'R', '0.5', 'S') ON DUPLICATE KEY UPDATE ami = '4', ami_clinical_category = 'S', atm_clinical_category = 'R', caz = '64', caz_clinical_category = 'R', caz_cloxa = '+', cip = '>16', cip_clinical_category = 'R', col = '1', col_clinical_category = 'S', fep = '32', fep_clinical_category = 'R', imi = '8', imi_clinical_category = 'I', imi_cloxa = '+', mer_clinical_category = 'I', pip_tz = '256', pip_tz_clinical_category = 'R', tic = '256', tic_clinical_category = 'R', tob = '0.5', tob_clinical_category = 'S'; 
INSERT INTO sequence_analysis(sequence_analysis_id, isolate_id, clonal_complex, mutational_resistome) VALUES ('2', '2', 'ST3155', '{"PA0004": "WT", "PA0424": "WT", "PA0425": "WT", "PA0426": "WT", "PA0427": "WT", "PA0807": "A219T", "PA0869": "H205N", "PA0958": "WT", "PA1179": "WT", "PA1180": "WT", "PA1777": "WT", "PA1798": "H398R", "PA1799": "WT", "PA2018": "E152D; T543A", "PA2019": "K329Q; R351S; W358R", "PA2020": "WT", "PA2272": "A104P", "PA2491": "G78S; D249N", "PA2492": "P60S; F172I", "PA3047": "A474T", "PA3168": "T83I", "PA3574": "nt451\u039416", "PA3721": "G71E; S209R", "PA3999": "WT", "PA4003": "WT", "PA4020": "M297V", "PA4109": "R244W; G273E", "PA4110": "R79Q; T105A", "PA4266": "WT", "PA4418": "WT", "PA4522": "WT", "PA4600": "WT", "PA4700": "L353Q; S25G", "PA4776": "L71R", "PA4777": "Y345H", "PA4964": "S87W; E513D", "PA4967": "WT", "PA5045": "V643I; S717C", "PA5235": "WT", "PA5471": "L88P; D161G; H182Q; V243A", "PA5485": "WT"}') ON DUPLICATE KEY UPDATE clonal_complex = 'ST3155', mutational_resistome = '{"PA0004": "WT", "PA0424": "WT", "PA0425": "WT", "PA0426": "WT", "PA0427": "WT", "PA0807": "A219T", "PA0869": "H205N", "PA0958": "WT", "PA1179": "WT", "PA1180": "WT", "PA1777": "WT", "PA1798": "H398R", "PA1799": "WT", "PA2018": "E152D; T543A", "PA2019": "K329Q; R351S; W358R", "PA2020": "WT", "PA2272": "A104P", "PA2491": "G78S; D249N", "PA2492": "P60S; F172I", "PA3047": "A474T", "PA3168": "T83I", "PA3574": "nt451\u039416", "PA3721": "G71E; S209R", "PA3999": "WT", "PA4003": "WT", "PA4020": "M297V", "PA4109": "R244W; G273E", "PA4110": "R79Q; T105A", "PA4266": "WT", "PA4418": "WT", "PA4522": "WT", "PA4600": "WT", "PA4700": "L353Q; S25G", "PA4776": "L71R", "PA4777": "Y345H", "PA4964": "S87W; E513D", "PA4967": "WT", "PA5045": "V643I; S717C", "PA5235": "WT", "PA5471": "L88P; D161G; H182Q; V243A", "PA5485": "WT"}'; 
INSERT INTO metadata_general(isolate_id, isolate_name, project_name, species) VALUES ('3', 'AND01-020', 'GEMARA', 'Pseudomonas aeruginosa') ON DUPLICATE KEY UPDATE isolate_name = 'AND01-020', project_name = 'GEMARA', species = 'Pseudomonas aeruginosa'; 
INSERT INTO mic(mic_id, isolate_id, ami, ami_clinical_category, atm_clinical_category, caz, caz_clinical_category, caz_cloxa, cip, cip_clinical_category, col, col_clinical_category, fep, fep_clinical_category, imi, imi_clinical_category, imi_cloxa, mer_clinical_category, pip_tz, pip_tz_clinical_category, tic, tic_clinical_category, tob, tob_clinical_category) VALUES ('3', '3', '4', 'S', 'R', '16', 'R', '+', '8', 'R', '<=0.5', 'S', '16', 'R', '8', 'I', '+', 'I', '64', 'R', '128', 'R', '0.5', 'S') ON DUPLICATE KEY UPDATE ami = '4', ami_clinical_category = 'S', atm_clinical_category = 'R', caz = '16', caz_clinical_category = 'R', caz_cloxa = '+', cip = '8', cip_clinical_category = 'R', col = '<=0.5', col_clinical_category = 'S', fep = '16', fep_clinical_category = 'R', imi = '8', imi_clinical_category = 'I', imi_cloxa = '+', mer_clinical_category = 'I', pip_tz = '64', pip_tz_clinical_category = 'R', tic = '128', tic_clinical_category = 'R', tob = '0.5', tob_clinical_category = 'S'; 
INSERT INTO sequence_analysis(sequence_analysis_id, isolate_id, clonal_complex, mutational_resistome) VALUES ('3', '3', 'ST244', '{"PA0004": "WT", "PA0424": "WT", "PA0425": "T256I", "PA0426": "WT", "PA0427": "WT", "PA0807": "A219T", "PA0869": "S250N", "PA0958": "nt635\u03941", "PA1179": "WT", "PA1180": "WT", "PA1777": "Q25X", "PA1798": "H398R", "PA1799": "WT", "PA2018": "T543A; Q840E", "PA2019": "K329Q; L331V; W358R", "PA2020": "C63R; R126C", "PA2272": "A104P", "PA2491": "D249N", "PA2492": "P60S; F172I", "PA3047": "WT", "PA3168": "T83I", "PA3574": "WT", "PA3721": "WT", "PA3999": "WT", "PA4003": "WT", "PA4020": "A303V; M297V; nt112InsC", "PA4109": "R86C", "PA4110": "WT", "PA4266": "WT", "PA4418": "WT", "PA4522": "R11L; G148A; D183Y", "PA4600": "G154R; nt279\u03949", "PA4700": "S96N", "PA4776": "L71R", "PA4777": "WT", "PA4964": "S87L", "PA4967": "WT", "PA5045": "WT", "PA5235": "A121T", "PA5471": "L88P; G157D; D161G; H182Q; V243A", "PA5485": "WT"}') ON DUPLICATE KEY UPDATE clonal_complex = 'ST244', mutational_resistome = '{"PA0004": "WT", "PA0424": "WT", "PA0425": "T256I", "PA0426": "WT", "PA0427": "WT", "PA0807": "A219T", "PA0869": "S250N", "PA0958": "nt635\u03941", "PA1179": "WT", "PA1180": "WT", "PA1777": "Q25X", "PA1798": "H398R", "PA1799": "WT", "PA2018": "T543A; Q840E", "PA2019": "K329Q; L331V; W358R", "PA2020": "C63R; R126C", "PA2272": "A104P", "PA2491": "D249N", "PA2492": "P60S; F172I", "PA3047": "WT", "PA3168": "T83I", "PA3574": "WT", "PA3721": "WT", "PA3999": "WT", "PA4003": "WT", "PA4020": "A303V; M297V; nt112InsC", "PA4109": "R86C", "PA4110": "WT", "PA4266": "WT", "PA4418": "WT", "PA4522": "R11L; G148A; D183Y", "PA4600": "G154R; nt279\u03949", "PA4700": "S96N", "PA4776": "L71R", "PA4777": "WT", "PA4964": "S87L", "PA4967": "WT", "PA5045": "WT", "PA5235": "A121T", "PA5471": "L88P; G157D; D161G; H182Q; V243A", "PA5485": "WT"}'; 
INSERT INTO metadata_general(isolate_id, isolate_name, project_name, species) VALUES ('4', 'AND01-030', 'GEMARA', 'Pseudomonas aeruginosa') ON DUPLICATE KEY UPDATE isolate_name = 'AND01-030', project_name = 'GEMARA', species = 'Pseudomonas aeruginosa'; 
INSERT INTO mic(mic_id, isolate_id, ami, ami_clinical_category, atm_clinical_category, caz, caz_clinical_category, caz_cloxa, cip, cip_clinical_category, col, col_clinical_category, fep, fep_clinical_category, imi, imi_clinical_category, imi_cloxa, mer_clinical_category, pip_tz, pip_tz_clinical_category, tic, tic_clinical_category, tob, tob_clinical_category) VALUES ('4', '4', '8', 'S', 'I', '16', 'R', 'nan', '>16', 'R', '1', 'S', '16', 'R', '>32', 'R', '+', 'R', '32', 'R', '512', 'R', '>32', 'R') ON DUPLICATE KEY UPDATE ami = '8', ami_clinical_category = 'S', atm_clinical_category = 'I', caz = '16', caz_clinical_category = 'R', caz_cloxa = 'nan', cip = '>16', cip_clinical_category = 'R', col = '1', col_clinical_category = 'S', fep = '16', fep_clinical_category = 'R', imi = '>32', imi_clinical_category = 'R', imi_cloxa = '+', mer_clinical_category = 'R', pip_tz = '32', pip_tz_clinical_category = 'R', tic = '512', tic_clinical_category = 'R', tob = '>32', tob_clinical_category = 'R'; 
INSERT INTO sequence_analysis(sequence_analysis_id, isolate_id, clonal_complex, mutational_resistome) VALUES ('4', '4', 'ST175', '{"PA0004": "WT", "PA0424": "WT", "PA0425": "WT", "PA0426": "WT", "PA0427": "WT", "PA0807": "A219T", "PA0869": "S250N", "PA0958": "nt55InsGCACT", "PA1179": "WT", "PA1180": "WT", "PA1777": "WT", "PA1798": "H398R", "PA1799": "WT", "PA2018": "T543A", "PA2019": "K329Q; W358R", "PA2020": "G195D", "PA2272": "E37K; A104P", "PA2491": "D249N", "PA2492": "P60S; F172I", "PA3047": "WT", "PA3168": "T83I; D87N", "PA3574": "WT", "PA3721": "G71E; A186T", "PA3999": "WT", "PA4003": "WT", "PA4020": "nt112InsC", "PA4109": "WT", "PA4110": "WT", "PA4266": "WT", "PA4418": "WT", "PA4522": "G148A; D183Y", "PA4600": "WT", "PA4700": "WT", "PA4776": "WT", "PA4777": "Y345H", "PA4964": "S87W; L168Q", "PA4967": "WT", "PA5045": "E245D", "PA5235": "WT", "PA5471": "L88P; D161G; H182Q; V243A; V266M", "PA5485": "WT"}') ON DUPLICATE KEY UPDATE clonal_complex = 'ST175', mutational_resistome = '{"PA0004": "WT", "PA0424": "WT", "PA0425": "WT", "PA0426": "WT", "PA0427": "WT", "PA0807": "A219T", "PA0869": "S250N", "PA0958": "nt55InsGCACT", "PA1179": "WT", "PA1180": "WT", "PA1777": "WT", "PA1798": "H398R", "PA1799": "WT", "PA2018": "T543A", "PA2019": "K329Q; W358R", "PA2020": "G195D", "PA2272": "E37K; A104P", "PA2491": "D249N", "PA2492": "P60S; F172I", "PA3047": "WT", "PA3168": "T83I; D87N", "PA3574": "WT", "PA3721": "G71E; A186T", "PA3999": "WT", "PA4003": "WT", "PA4020": "nt112InsC", "PA4109": "WT", "PA4110": "WT", "PA4266": "WT", "PA4418": "WT", "PA4522": "G148A; D183Y", "PA4600": "WT", "PA4700": "WT", "PA4776": "WT", "PA4777": "Y345H", "PA4964": "S87W; L168Q", "PA4967": "WT", "PA5045": "E245D", "PA5235": "WT", "PA5471": "L88P; D161G; H182Q; V243A; V266M", "PA5485": "WT"}'; 
INSERT INTO metadata_general(isolate_id, isolate_name, project_name, species) VALUES ('5', 'AND01-038', 'GEMARA', 'Pseudomonas aeruginosa') ON DUPLICATE KEY UPDATE isolate_name = 'AND01-038', project_name = 'GEMARA', species = 'Pseudomonas aeruginosa'; 
INSERT INTO mic(mic_id, isolate_id, ami, ami_clinical_category, atm_clinical_category, caz, caz_clinical_category, caz_cloxa, cip, cip_clinical_category, col, col_clinical_category, fep, fep_clinical_category, imi, imi_clinical_category, imi_cloxa, mer_clinical_category, pip_tz, pip_tz_clinical_category, tic, tic_clinical_category, tob, tob_clinical_category) VALUES ('5', '5', '4', 'S', 'R', '64', 'R', '+', '>16', 'R', '1', 'S', '32', 'R', '1', 'S', 'nan', 'I', '256', 'R', '256', 'R', '0.5', 'S') ON DUPLICATE KEY UPDATE ami = '4', ami_clinical_category = 'S', atm_clinical_category = 'R', caz = '64', caz_clinical_category = 'R', caz_cloxa = '+', cip = '>16', cip_clinical_category = 'R', col = '1', col_clinical_category = 'S', fep = '32', fep_clinical_category = 'R', imi = '1', imi_clinical_category = 'S', imi_cloxa = 'nan', mer_clinical_category = 'I', pip_tz = '256', pip_tz_clinical_category = 'R', tic = '256', tic_clinical_category = 'R', tob = '0.5', tob_clinical_category = 'S'; 
INSERT INTO sequence_analysis(sequence_analysis_id, isolate_id, clonal_complex, mutational_resistome) VALUES ('5', '5', 'ST3155', '{"PA0004": "WT", "PA0424": "WT", "PA0425": "WT", "PA0426": "WT", "PA0427": "WT", "PA0807": "A219T", "PA0869": "H205N", "PA0958": "WT", "PA1179": "WT", "PA1180": "WT", "PA1777": "WT", "PA1798": "H398R", "PA1799": "WT", "PA2018": "E152D; T543A", "PA2019": "K329Q; R351S; W358R", "PA2020": "WT", "PA2272": "A104P", "PA2491": "G78S; D249N", "PA2492": "P60S; F172I", "PA3047": "A474T", "PA3168": "T83I; D87H", "PA3574": "nt451\u039416", "PA3721": "G71E; S209R", "PA3999": "WT", "PA4003": "WT", "PA4020": "M297V", "PA4109": "R244W; G273E", "PA4110": "R79Q; T105A", "PA4266": "WT", "PA4418": "WT", "PA4522": "WT", "PA4600": "WT", "PA4700": "L353Q; S25G", "PA4776": "L71R", "PA4777": "Y345H", "PA4964": "S87W; E513D", "PA4967": "WT", "PA5045": "V643I; S717C", "PA5235": "WT", "PA5471": "L88P; D161G; H182Q; V243A", "PA5485": "WT"}') ON DUPLICATE KEY UPDATE clonal_complex = 'ST3155', mutational_resistome = '{"PA0004": "WT", "PA0424": "WT", "PA0425": "WT", "PA0426": "WT", "PA0427": "WT", "PA0807": "A219T", "PA0869": "H205N", "PA0958": "WT", "PA1179": "WT", "PA1180": "WT", "PA1777": "WT", "PA1798": "H398R", "PA1799": "WT", "PA2018": "E152D; T543A", "PA2019": "K329Q; R351S; W358R", "PA2020": "WT", "PA2272": "A104P", "PA2491": "G78S; D249N", "PA2492": "P60S; F172I", "PA3047": "A474T", "PA3168": "T83I; D87H", "PA3574": "nt451\u039416", "PA3721": "G71E; S209R", "PA3999": "WT", "PA4003": "WT", "PA4020": "M297V", "PA4109": "R244W; G273E", "PA4110": "R79Q; T105A", "PA4266": "WT", "PA4418": "WT", "PA4522": "WT", "PA4600": "WT", "PA4700": "L353Q; S25G", "PA4776": "L71R", "PA4777": "Y345H", "PA4964": "S87W; E513D", "PA4967": "WT", "PA5045": "V643I; S717C", "PA5235": "WT", "PA5471": "L88P; D161G; H182Q; V243A", "PA5485": "WT"}'; 
INSERT INTO metadata_general(isolate_id, isolate_name, project_name, species) VALUES ('6', 'AND01-040', 'GEMARA', 'Pseudomonas aeruginosa') ON DUPLICATE KEY UPDATE isolate_name = 'AND01-040', project_name = 'GEMARA', species = 'Pseudomonas aeruginosa'; 
INSERT INTO mic(mic_id, isolate_id, ami, ami_clinical_category, atm_clinical_category, caz, caz_clinical_category, caz_cloxa, cip, cip_clinical_category, col, col_clinical_category, fep, fep_clinical_category, imi, imi_clinical_category, imi_cloxa, mer_clinical_category, pip_tz, pip_tz_clinical_category, tic, tic_clinical_category, tob, tob_clinical_category) VALUES ('6', '6', '8', 'S', 'R', '8', 'S', 'nan', '1', 'R', '1', 'S', '16', 'R', '16', 'R', '+', 'R', '32', 'R', '256', 'R', '0.5', 'S') ON DUPLICATE KEY UPDATE ami = '8', ami_clinical_category = 'S', atm_clinical_category = 'R', caz = '8', caz_clinical_category = 'S', caz_cloxa = 'nan', cip = '1', cip_clinical_category = 'R', col = '1', col_clinical_category = 'S', fep = '16', fep_clinical_category = 'R', imi = '16', imi_clinical_category = 'R', imi_cloxa = '+', mer_clinical_category = 'R', pip_tz = '32', pip_tz_clinical_category = 'R', tic = '256', tic_clinical_category = 'R', tob = '0.5', tob_clinical_category = 'S'; 
INSERT INTO sequence_analysis(sequence_analysis_id, isolate_id, clonal_complex, mutational_resistome) VALUES ('6', '6', 'ST231', '{"PA0004": "E215D", "PA0424": "nt367\u039415", "PA0425": "WT", "PA0426": "WT", "PA0427": "WT", "PA0807": "A219T", "PA0869": "S250N", "PA0958": "nt1221\u22062", "PA1179": "WT", "PA1180": "WT", "PA1777": "WT", "PA1798": "A285V; H398R", "PA1799": "WT", "PA2018": "L197F; Q282R; A596V; K692M; Q840E; N1036T", "PA2019": "L22M; D135Y; L331V; K329Q", "PA2020": "nt236InsGCCG", "PA2272": "WT", "PA2491": "D249N", "PA2492": "F172I", "PA3047": "WT", "PA3168": "aa914InsSE", "PA3574": "WT", "PA3721": "G71E; S209R", "PA3999": "WT", "PA4003": "WT", "PA4020": "WT", "PA4109": "WT", "PA4110": "R79Q; T105A", "PA4266": "WT", "PA4418": "WT", "PA4522": "A136V; G148A", "PA4600": "R82L", "PA4700": "K607R; D383N; L353Q; S25G", "PA4776": "WT", "PA4777": "Y345H", "PA4964": "WT", "PA4967": "D533E", "PA5045": "WT", "PA5235": "WT", "PA5471": "L88P; D161G; H182Q; V243A", "PA5485": "WT"}') ON DUPLICATE KEY UPDATE clonal_complex = 'ST231', mutational_resistome = '{"PA0004": "E215D", "PA0424": "nt367\u039415", "PA0425": "WT", "PA0426": "WT", "PA0427": "WT", "PA0807": "A219T", "PA0869": "S250N", "PA0958": "nt1221\u22062", "PA1179": "WT", "PA1180": "WT", "PA1777": "WT", "PA1798": "A285V; H398R", "PA1799": "WT", "PA2018": "L197F; Q282R; A596V; K692M; Q840E; N1036T", "PA2019": "L22M; D135Y; L331V; K329Q", "PA2020": "nt236InsGCCG", "PA2272": "WT", "PA2491": "D249N", "PA2492": "F172I", "PA3047": "WT", "PA3168": "aa914InsSE", "PA3574": "WT", "PA3721": "G71E; S209R", "PA3999": "WT", "PA4003": "WT", "PA4020": "WT", "PA4109": "WT", "PA4110": "R79Q; T105A", "PA4266": "WT", "PA4418": "WT", "PA4522": "A136V; G148A", "PA4600": "R82L", "PA4700": "K607R; D383N; L353Q; S25G", "PA4776": "WT", "PA4777": "Y345H", "PA4964": "WT", "PA4967": "D533E", "PA5045": "WT", "PA5235": "WT", "PA5471": "L88P; D161G; H182Q; V243A", "PA5485": "WT"}'; 
INSERT INTO metadata_general(isolate_id, isolate_name, project_name, species) VALUES ('7', 'AND02-001', 'GEMARA', 'Pseudomonas aeruginosa') ON DUPLICATE KEY UPDATE isolate_name = 'AND02-001', project_name = 'GEMARA', species = 'Pseudomonas aeruginosa'; 
INSERT INTO mic(mic_id, isolate_id, ami, ami_clinical_category, atm_clinical_category, caz, caz_clinical_category, caz_cloxa, cip, cip_clinical_category, col, col_clinical_category, fep, fep_clinical_category, imi, imi_clinical_category, imi_cloxa, mer_clinical_category, pip_tz, pip_tz_clinical_category, tic, tic_clinical_category, tob, tob_clinical_category) VALUES ('7', '7', '8', 'S', 'R', '64', 'R', '+', '2', 'R', '2', 'S', '16', 'R', '8', 'I', '+', 'I', '256', 'R', '128', 'R', '0.5', 'S') ON DUPLICATE KEY UPDATE ami = '8', ami_clinical_category = 'S', atm_clinical_category = 'R', caz = '64', caz_clinical_category = 'R', caz_cloxa = '+', cip = '2', cip_clinical_category = 'R', col = '2', col_clinical_category = 'S', fep = '16', fep_clinical_category = 'R', imi = '8', imi_clinical_category = 'I', imi_cloxa = '+', mer_clinical_category = 'I', pip_tz = '256', pip_tz_clinical_category = 'R', tic = '128', tic_clinical_category = 'R', tob = '0.5', tob_clinical_category = 'S'; 
INSERT INTO sequence_analysis(sequence_analysis_id, isolate_id, clonal_complex, mutational_resistome) VALUES ('7', '7', 'ST155', '{"PA0004": "WT", "PA0424": "WT", "PA0425": "WT", "PA0426": "WT", "PA0427": "WT", "PA0807": "A219T", "PA0869": "WT", "PA0958": "W138X", "PA1179": "P31Q", "PA1180": "WT", "PA1777": "WT", "PA1798": "H398R", "PA1799": "WT", "PA2018": "D428N; T543A; Q840E", "PA2019": "K329Q; L331V; W358R", "PA2020": "nt305\u03943", "PA2272": "WT", "PA2491": "D249N", "PA2492": "F172I", "PA3047": "WT", "PA3168": "T83I", "PA3574": "WT", "PA3721": "G71E; S209R", "PA3999": "WT", "PA4003": "WT", "PA4020": "M297V", "PA4109": "WT", "PA4110": "R79Q; T105A", "PA4266": "WT", "PA4418": "WT", "PA4522": "Q44H; L135Q; G148A; D183Y", "PA4600": "WT", "PA4700": "L353Q", "PA4776": "WT", "PA4777": "Y345H", "PA4964": "WT", "PA4967": "E459V", "PA5045": "WT", "PA5235": "Ter449Gext*", "PA5471": "L88P; D161G; H182Q; V243A", "PA5485": "WT"}') ON DUPLICATE KEY UPDATE clonal_complex = 'ST155', mutational_resistome = '{"PA0004": "WT", "PA0424": "WT", "PA0425": "WT", "PA0426": "WT", "PA0427": "WT", "PA0807": "A219T", "PA0869": "WT", "PA0958": "W138X", "PA1179": "P31Q", "PA1180": "WT", "PA1777": "WT", "PA1798": "H398R", "PA1799": "WT", "PA2018": "D428N; T543A; Q840E", "PA2019": "K329Q; L331V; W358R", "PA2020": "nt305\u03943", "PA2272": "WT", "PA2491": "D249N", "PA2492": "F172I", "PA3047": "WT", "PA3168": "T83I", "PA3574": "WT", "PA3721": "G71E; S209R", "PA3999": "WT", "PA4003": "WT", "PA4020": "M297V", "PA4109": "WT", "PA4110": "R79Q; T105A", "PA4266": "WT", "PA4418": "WT", "PA4522": "Q44H; L135Q; G148A; D183Y", "PA4600": "WT", "PA4700": "L353Q", "PA4776": "WT", "PA4777": "Y345H", "PA4964": "WT", "PA4967": "E459V", "PA5045": "WT", "PA5235": "Ter449Gext*", "PA5471": "L88P; D161G; H182Q; V243A", "PA5485": "WT"}'; 
INSERT INTO metadata_general(isolate_id, isolate_name, project_name, species) VALUES ('8', 'AND02-016', 'GEMARA', 'Pseudomonas aeruginosa') ON DUPLICATE KEY UPDATE isolate_name = 'AND02-016', project_name = 'GEMARA', species = 'Pseudomonas aeruginosa'; 
INSERT INTO mic(mic_id, isolate_id, ami, ami_clinical_category, atm_clinical_category, caz, caz_clinical_category, caz_cloxa, cip, cip_clinical_category, col, col_clinical_category, fep, fep_clinical_category, imi, imi_clinical_category, imi_cloxa, mer_clinical_category, pip_tz, pip_tz_clinical_category, tic, tic_clinical_category, tob, tob_clinical_category) VALUES ('8', '8', '4', 'S', 'I', '16', 'R', '+', '2', 'R', '1', 'S', '16', 'R', '4', 'S', 'nan', 'S', '128', 'R', '128', 'R', '16', 'R') ON DUPLICATE KEY UPDATE ami = '4', ami_clinical_category = 'S', atm_clinical_category = 'I', caz = '16', caz_clinical_category = 'R', caz_cloxa = '+', cip = '2', cip_clinical_category = 'R', col = '1', col_clinical_category = 'S', fep = '16', fep_clinical_category = 'R', imi = '4', imi_clinical_category = 'S', imi_cloxa = 'nan', mer_clinical_category = 'S', pip_tz = '128', pip_tz_clinical_category = 'R', tic = '128', tic_clinical_category = 'R', tob = '16', tob_clinical_category = 'R'; 
INSERT INTO sequence_analysis(sequence_analysis_id, isolate_id, clonal_complex, mutational_resistome) VALUES ('8', '8', 'ST360', '{"PA0004": "S466F", "PA0424": "WT", "PA0425": "WT", "PA0426": "aa36\u03945", "PA0427": "A261T", "PA0807": "A219T", "PA0869": "S250N", "PA0958": "WT", "PA1179": "WT", "PA1180": "WT", "PA1777": "WT", "PA1798": "H398R", "PA1799": "WT", "PA2018": "T543A", "PA2019": "K329Q; L331V; W358R", "PA2020": "N54D; L174Q", "PA2272": "A104P", "PA2491": "D249N", "PA2492": "F172I", "PA3047": "A394P", "PA3168": "WT", "PA3574": "WT", "PA3721": "G71E; S209R", "PA3999": "WT", "PA4003": "WT", "PA4020": "R322Q", "PA4109": "WT", "PA4110": "R79Q; T105A", "PA4266": "WT", "PA4418": "WT", "PA4522": "G148A; P168L; S175L", "PA4600": "WT", "PA4700": "S25G", "PA4776": "L71R", "PA4777": "L339S; Y345H", "PA4964": "H262Q", "PA4967": "Y4C", "PA5045": "E53K; S631I", "PA5235": "C309Y; A439T; nt210\u03946", "PA5471": "L88P; D161G; H182Q; V243A", "PA5485": "WT"}') ON DUPLICATE KEY UPDATE clonal_complex = 'ST360', mutational_resistome = '{"PA0004": "S466F", "PA0424": "WT", "PA0425": "WT", "PA0426": "aa36\u03945", "PA0427": "A261T", "PA0807": "A219T", "PA0869": "S250N", "PA0958": "WT", "PA1179": "WT", "PA1180": "WT", "PA1777": "WT", "PA1798": "H398R", "PA1799": "WT", "PA2018": "T543A", "PA2019": "K329Q; L331V; W358R", "PA2020": "N54D; L174Q", "PA2272": "A104P", "PA2491": "D249N", "PA2492": "F172I", "PA3047": "A394P", "PA3168": "WT", "PA3574": "WT", "PA3721": "G71E; S209R", "PA3999": "WT", "PA4003": "WT", "PA4020": "R322Q", "PA4109": "WT", "PA4110": "R79Q; T105A", "PA4266": "WT", "PA4418": "WT", "PA4522": "G148A; P168L; S175L", "PA4600": "WT", "PA4700": "S25G", "PA4776": "L71R", "PA4777": "L339S; Y345H", "PA4964": "H262Q", "PA4967": "Y4C", "PA5045": "E53K; S631I", "PA5235": "C309Y; A439T; nt210\u03946", "PA5471": "L88P; D161G; H182Q; V243A", "PA5485": "WT"}'; 
INSERT INTO metadata_general(isolate_id, isolate_name, project_name, species) VALUES ('9', 'AND02-023', 'GEMARA', 'Pseudomonas aeruginosa') ON DUPLICATE KEY UPDATE isolate_name = 'AND02-023', project_name = 'GEMARA', species = 'Pseudomonas aeruginosa'; 
INSERT INTO mic(mic_id, isolate_id, ami, ami_clinical_category, atm_clinical_category, caz, caz_clinical_category, caz_cloxa, cip, cip_clinical_category, col, col_clinical_category, fep, fep_clinical_category, imi, imi_clinical_category, imi_cloxa, mer_clinical_category, pip_tz, pip_tz_clinical_category, tic, tic_clinical_category, tob, tob_clinical_category) VALUES ('9', '9', '16', 'I', 'R', '32', 'R', '+', '>16', 'R', '1', 'S', '16', 'R', '16', 'R', '+', 'R', '128', 'R', '256', 'R', '>32', 'R') ON DUPLICATE KEY UPDATE ami = '16', ami_clinical_category = 'I', atm_clinical_category = 'R', caz = '32', caz_clinical_category = 'R', caz_cloxa = '+', cip = '>16', cip_clinical_category = 'R', col = '1', col_clinical_category = 'S', fep = '16', fep_clinical_category = 'R', imi = '16', imi_clinical_category = 'R', imi_cloxa = '+', mer_clinical_category = 'R', pip_tz = '128', pip_tz_clinical_category = 'R', tic = '256', tic_clinical_category = 'R', tob = '>32', tob_clinical_category = 'R'; 
INSERT INTO sequence_analysis(sequence_analysis_id, isolate_id, clonal_complex, mutational_resistome) VALUES ('9', '9', 'ST308', '{"PA0004": "E468D", "PA0424": "V126E", "PA0425": "WT", "PA0426": "G957D", "PA0427": "WT", "PA0807": "WT", "PA0869": "A287S", "PA0958": "nt251\u0394547", "PA1179": "WT", "PA1180": "WT", "PA1777": "WT", "PA1798": "V216A; H398R", "PA1799": "L153R; S170N; nt618InsA", "PA2018": "I536V; T543A; G589A; Q840E; N1063T", "PA2019": "A30T; K329Q; L331V; W358R", "PA2020": "G89S;  nt483InsTAT", "PA2272": "A104P", "PA2491": "V73A; D249N", "PA2492": "F172I", "PA3047": "WT", "PA3168": "T83I", "PA3574": "WT", "PA3721": "G71E; D79E; S209R", "PA3999": "WT", "PA4003": "WT", "PA4020": "WT", "PA4109": "G283E; M288R", "PA4110": "G27D; T105A; V205L; V356I; G391A", "PA4266": "WT", "PA4418": "WT", "PA4522": "A96T", "PA4600": "WT", "PA4700": "L353Q; S25G", "PA4776": "WT", "PA4777": "V15I; G68S", "PA4964": "S87L; P752T", "PA4967": "P438S; D533E", "PA5045": "D73N", "PA5235": "nt159\u039416", "PA5471": "C40R; L88P; S112N; D119E; I237V; V243A", "PA5485": "V40I"}') ON DUPLICATE KEY UPDATE clonal_complex = 'ST308', mutational_resistome = '{"PA0004": "E468D", "PA0424": "V126E", "PA0425": "WT", "PA0426": "G957D", "PA0427": "WT", "PA0807": "WT", "PA0869": "A287S", "PA0958": "nt251\u0394547", "PA1179": "WT", "PA1180": "WT", "PA1777": "WT", "PA1798": "V216A; H398R", "PA1799": "L153R; S170N; nt618InsA", "PA2018": "I536V; T543A; G589A; Q840E; N1063T", "PA2019": "A30T; K329Q; L331V; W358R", "PA2020": "G89S;  nt483InsTAT", "PA2272": "A104P", "PA2491": "V73A; D249N", "PA2492": "F172I", "PA3047": "WT", "PA3168": "T83I", "PA3574": "WT", "PA3721": "G71E; D79E; S209R", "PA3999": "WT", "PA4003": "WT", "PA4020": "WT", "PA4109": "G283E; M288R", "PA4110": "G27D; T105A; V205L; V356I; G391A", "PA4266": "WT", "PA4418": "WT", "PA4522": "A96T", "PA4600": "WT", "PA4700": "L353Q; S25G", "PA4776": "WT", "PA4777": "V15I; G68S", "PA4964": "S87L; P752T", "PA4967": "P438S; D533E", "PA5045": "D73N", "PA5235": "nt159\u039416", "PA5471": "C40R; L88P; S112N; D119E; I237V; V243A", "PA5485": "V40I"}'; 
INSERT INTO metadata_general(isolate_id, isolate_name, project_name, species) VALUES ('10', 'AND03-041', 'GEMARA', 'Pseudomonas aeruginosa') ON DUPLICATE KEY UPDATE isolate_name = 'AND03-041', project_name = 'GEMARA', species = 'Pseudomonas aeruginosa'; 
INSERT INTO mic(mic_id, isolate_id, ami, ami_clinical_category, atm_clinical_category, caz, caz_clinical_category, caz_cloxa, cip, cip_clinical_category, col, col_clinical_category, fep, fep_clinical_category, imi, imi_clinical_category, imi_cloxa, mer_clinical_category, pip_tz, pip_tz_clinical_category, tic, tic_clinical_category, tob, tob_clinical_category) VALUES ('10', '10', '32', 'R', 'R', '4', 'S', 'nan', '1', 'R', '1', 'S', '8', 'S', '4', 'S', 'nan', 'R', '32', 'R', '128', 'R', '4', 'S') ON DUPLICATE KEY UPDATE ami = '32', ami_clinical_category = 'R', atm_clinical_category = 'R', caz = '4', caz_clinical_category = 'S', caz_cloxa = 'nan', cip = '1', cip_clinical_category = 'R', col = '1', col_clinical_category = 'S', fep = '8', fep_clinical_category = 'S', imi = '4', imi_clinical_category = 'S', imi_cloxa = 'nan', mer_clinical_category = 'R', pip_tz = '32', pip_tz_clinical_category = 'R', tic = '128', tic_clinical_category = 'R', tob = '4', tob_clinical_category = 'S'; 
INSERT INTO sequence_analysis(sequence_analysis_id, isolate_id, clonal_complex, mutational_resistome) VALUES ('10', '10', 'ST2235', '{"PA0004": "D4N", "PA0424": "nt61\u03941", "PA0425": "WT", "PA0426": "WT", "PA0427": "WT", "PA0807": "A219T", "PA0869": "V61A", "PA0958": "nt195InsGACTG", "PA1179": "WT", "PA1180": "WT", "PA1777": "WT", "PA1798": "H398R", "PA1799": "WT", "PA2018": "V113I; T543A; Q840E", "PA2019": "K329Q; L331V; W358R", "PA2020": "nt489\u039414", "PA2272": "A104P; I143L", "PA2491": "D249N", "PA2492": "P60S; F172I", "PA3047": "A394P; A474T", "PA3168": "WT", "PA3574": "WT", "PA3721": "G71E; S209R", "PA3999": "WT", "PA4003": "WT", "PA4020": "WT", "PA4109": "G295R", "PA4110": "T105A", "PA4266": "WT", "PA4418": "WT", "PA4522": "G148A; S175L", "PA4600": "WT", "PA4700": "L353Q; S25G", "PA4776": "L71R", "PA4777": "WT", "PA4964": "WT", "PA4967": "WT", "PA5045": "WT", "PA5235": "Ter449Gext*", "PA5471": "L88P; D161G; H182Q; V243A; V283L", "PA5485": "WT"}') ON DUPLICATE KEY UPDATE clonal_complex = 'ST2235', mutational_resistome = '{"PA0004": "D4N", "PA0424": "nt61\u03941", "PA0425": "WT", "PA0426": "WT", "PA0427": "WT", "PA0807": "A219T", "PA0869": "V61A", "PA0958": "nt195InsGACTG", "PA1179": "WT", "PA1180": "WT", "PA1777": "WT", "PA1798": "H398R", "PA1799": "WT", "PA2018": "V113I; T543A; Q840E", "PA2019": "K329Q; L331V; W358R", "PA2020": "nt489\u039414", "PA2272": "A104P; I143L", "PA2491": "D249N", "PA2492": "P60S; F172I", "PA3047": "A394P; A474T", "PA3168": "WT", "PA3574": "WT", "PA3721": "G71E; S209R", "PA3999": "WT", "PA4003": "WT", "PA4020": "WT", "PA4109": "G295R", "PA4110": "T105A", "PA4266": "WT", "PA4418": "WT", "PA4522": "G148A; S175L", "PA4600": "WT", "PA4700": "L353Q; S25G", "PA4776": "L71R", "PA4777": "WT", "PA4964": "WT", "PA4967": "WT", "PA5045": "WT", "PA5235": "Ter449Gext*", "PA5471": "L88P; D161G; H182Q; V243A; V283L", "PA5485": "WT"}'; 
INSERT INTO metadata_general(isolate_id, isolate_name, project_name, species) VALUES ('11', 'AND03-050', 'GEMARA', 'Pseudomonas aeruginosa') ON DUPLICATE KEY UPDATE isolate_name = 'AND03-050', project_name = 'GEMARA', species = 'Pseudomonas aeruginosa'; 
INSERT INTO mic(mic_id, isolate_id, ami, ami_clinical_category, atm_clinical_category, caz, caz_clinical_category, caz_cloxa, cip, cip_clinical_category, col, col_clinical_category, fep, fep_clinical_category, imi, imi_clinical_category, imi_cloxa, mer_clinical_category, pip_tz, pip_tz_clinical_category, tic, tic_clinical_category, tob, tob_clinical_category) VALUES ('11', '11', '32', 'R', 'R', '>64', 'R', 'nan', '>16', 'R', '1', 'S', '64', 'R', '>32', 'R', 'nan', 'R', '128', 'R', '256', 'R', '32', 'R') ON DUPLICATE KEY UPDATE ami = '32', ami_clinical_category = 'R', atm_clinical_category = 'R', caz = '>64', caz_clinical_category = 'R', caz_cloxa = 'nan', cip = '>16', cip_clinical_category = 'R', col = '1', col_clinical_category = 'S', fep = '64', fep_clinical_category = 'R', imi = '>32', imi_clinical_category = 'R', imi_cloxa = 'nan', mer_clinical_category = 'R', pip_tz = '128', pip_tz_clinical_category = 'R', tic = '256', tic_clinical_category = 'R', tob = '32', tob_clinical_category = 'R'; 
INSERT INTO sequence_analysis(sequence_analysis_id, isolate_id, clonal_complex, mutational_resistome) VALUES ('11', '11', 'ST155', '{"PA0004": "WT", "PA0424": "WT", "PA0425": "WT", "PA0426": "WT", "PA0427": "WT", "PA0807": "A219T", "PA0869": "WT", "PA0958": "W339X", "PA1179": "P31Q", "PA1180": "WT", "PA1777": "WT", "PA1798": "T131P; H398R", "PA1799": "WT", "PA2018": "D428N; T543A; Q840E", "PA2019": "K329Q; L331V; W358R", "PA2020": "WT", "PA2272": "WT", "PA2491": "D249N", "PA2492": "F172I", "PA3047": "S390R", "PA3168": "T83I", "PA3574": "WT", "PA3721": "G71E; S209R", "PA3999": "WT", "PA4003": "WT", "PA4020": "M297V", "PA4109": "WT", "PA4110": "R79Q; T105A", "PA4266": "WT", "PA4418": "WT", "PA4522": "Q44H; G148A; D183Y", "PA4600": "WT", "PA4700": "L353Q", "PA4776": "WT", "PA4777": "Y345H", "PA4964": "S87L", "PA4967": "WT", "PA5045": "WT", "PA5235": "Ter449Gext*", "PA5471": "D18N; L88P; D161G; H182Q; V243A", "PA5485": "WT"}') ON DUPLICATE KEY UPDATE clonal_complex = 'ST155', mutational_resistome = '{"PA0004": "WT", "PA0424": "WT", "PA0425": "WT", "PA0426": "WT", "PA0427": "WT", "PA0807": "A219T", "PA0869": "WT", "PA0958": "W339X", "PA1179": "P31Q", "PA1180": "WT", "PA1777": "WT", "PA1798": "T131P; H398R", "PA1799": "WT", "PA2018": "D428N; T543A; Q840E", "PA2019": "K329Q; L331V; W358R", "PA2020": "WT", "PA2272": "WT", "PA2491": "D249N", "PA2492": "F172I", "PA3047": "S390R", "PA3168": "T83I", "PA3574": "WT", "PA3721": "G71E; S209R", "PA3999": "WT", "PA4003": "WT", "PA4020": "M297V", "PA4109": "WT", "PA4110": "R79Q; T105A", "PA4266": "WT", "PA4418": "WT", "PA4522": "Q44H; G148A; D183Y", "PA4600": "WT", "PA4700": "L353Q", "PA4776": "WT", "PA4777": "Y345H", "PA4964": "S87L", "PA4967": "WT", "PA5045": "WT", "PA5235": "Ter449Gext*", "PA5471": "D18N; L88P; D161G; H182Q; V243A", "PA5485": "WT"}'; 
INSERT INTO metadata_general(isolate_id, isolate_name, project_name, species) VALUES ('12', 'AND04-003', 'GEMARA', 'Pseudomonas aeruginosa') ON DUPLICATE KEY UPDATE isolate_name = 'AND04-003', project_name = 'GEMARA', species = 'Pseudomonas aeruginosa'; 
INSERT INTO mic(mic_id, isolate_id, ami, ami_clinical_category, atm_clinical_category, caz, caz_clinical_category, caz_cloxa, cip, cip_clinical_category, col, col_clinical_category, fep, fep_clinical_category, imi, imi_clinical_category, imi_cloxa, mer_clinical_category, pip_tz, pip_tz_clinical_category, tic, tic_clinical_category, tob, tob_clinical_category) VALUES ('12', '12', '8', 'S', 'I', '16', 'R', 'nan', '8', 'R', '2', 'S', '8', 'S', '>32', 'R', '+', 'I', '32', 'R', '128', 'R', '1', 'S') ON DUPLICATE KEY UPDATE ami = '8', ami_clinical_category = 'S', atm_clinical_category = 'I', caz = '16', caz_clinical_category = 'R', caz_cloxa = 'nan', cip = '8', cip_clinical_category = 'R', col = '2', col_clinical_category = 'S', fep = '8', fep_clinical_category = 'S', imi = '>32', imi_clinical_category = 'R', imi_cloxa = '+', mer_clinical_category = 'I', pip_tz = '32', pip_tz_clinical_category = 'R', tic = '128', tic_clinical_category = 'R', tob = '1', tob_clinical_category = 'S'; 
INSERT INTO sequence_analysis(sequence_analysis_id, isolate_id, clonal_complex, mutational_resistome) VALUES ('12', '12', 'ST1227', '{"PA0004": "WT", "PA0424": "WT", "PA0425": "WT", "PA0426": "WT", "PA0427": "WT", "PA0807": "A219T", "PA0869": "S250N", "PA0958": "WT", "PA1179": "WT", "PA1180": "WT", "PA1777": "WT", "PA1798": "H398R", "PA1799": "WT", "PA2018": "T543A", "PA2019": "K329Q; L331V; W358R", "PA2020": "WT", "PA2272": "A104P", "PA2491": "L32Q; A75V; D249N; V333M", "PA2492": "P60S; F172I; R334C", "PA3047": "WT", "PA3168": "T83I; K162R", "PA3574": "Q97X", "PA3721": "WT", "PA3999": "WT", "PA4003": "WT", "PA4020": "A303V; M297V", "PA4109": "WT", "PA4110": "R79Q; T105A", "PA4266": "WT", "PA4418": "WT", "PA4522": "R11L; R140W; G148A; D183Y", "PA4600": "WT", "PA4700": "S96N", "PA4776": "L71R", "PA4777": "Y345H", "PA4964": "WT", "PA4967": "WT", "PA5045": "WT", "PA5235": "A121T; nt838\u03941", "PA5471": "L88P; G157D; D161G; H182Q; V243A", "PA5485": "WT"}') ON DUPLICATE KEY UPDATE clonal_complex = 'ST1227', mutational_resistome = '{"PA0004": "WT", "PA0424": "WT", "PA0425": "WT", "PA0426": "WT", "PA0427": "WT", "PA0807": "A219T", "PA0869": "S250N", "PA0958": "WT", "PA1179": "WT", "PA1180": "WT", "PA1777": "WT", "PA1798": "H398R", "PA1799": "WT", "PA2018": "T543A", "PA2019": "K329Q; L331V; W358R", "PA2020": "WT", "PA2272": "A104P", "PA2491": "L32Q; A75V; D249N; V333M", "PA2492": "P60S; F172I; R334C", "PA3047": "WT", "PA3168": "T83I; K162R", "PA3574": "Q97X", "PA3721": "WT", "PA3999": "WT", "PA4003": "WT", "PA4020": "A303V; M297V", "PA4109": "WT", "PA4110": "R79Q; T105A", "PA4266": "WT", "PA4418": "WT", "PA4522": "R11L; R140W; G148A; D183Y", "PA4600": "WT", "PA4700": "S96N", "PA4776": "L71R", "PA4777": "Y345H", "PA4964": "WT", "PA4967": "WT", "PA5045": "WT", "PA5235": "A121T; nt838\u03941", "PA5471": "L88P; G157D; D161G; H182Q; V243A", "PA5485": "WT"}'; 
INSERT INTO metadata_general(isolate_id, isolate_name, project_name, species) VALUES ('13', 'AND04-016', 'GEMARA', 'Pseudomonas aeruginosa') ON DUPLICATE KEY UPDATE isolate_name = 'AND04-016', project_name = 'GEMARA', species = 'Pseudomonas aeruginosa'; 
INSERT INTO mic(mic_id, isolate_id, ami, ami_clinical_category, atm_clinical_category, caz, caz_clinical_category, caz_cloxa, cip, cip_clinical_category, col, col_clinical_category, fep, fep_clinical_category, imi, imi_clinical_category, imi_cloxa, mer_clinical_category, pip_tz, pip_tz_clinical_category, tic, tic_clinical_category, tob, tob_clinical_category) VALUES ('13', '13', '16', 'I', 'I', '16', 'R', '+', '>16', 'R', '2', 'S', '16', 'R', '4', 'S', 'nan', 'S', '32', 'R', '64', 'R', '2', 'S') ON DUPLICATE KEY UPDATE ami = '16', ami_clinical_category = 'I', atm_clinical_category = 'I', caz = '16', caz_clinical_category = 'R', caz_cloxa = '+', cip = '>16', cip_clinical_category = 'R', col = '2', col_clinical_category = 'S', fep = '16', fep_clinical_category = 'R', imi = '4', imi_clinical_category = 'S', imi_cloxa = 'nan', mer_clinical_category = 'S', pip_tz = '32', pip_tz_clinical_category = 'R', tic = '64', tic_clinical_category = 'R', tob = '2', tob_clinical_category = 'S'; 
INSERT INTO sequence_analysis(sequence_analysis_id, isolate_id, clonal_complex, mutational_resistome) VALUES ('13', '13', 'ST155', '{"PA0004": "WT", "PA0424": "WT", "PA0425": "R119C", "PA0426": "nt600\u03941", "PA0427": "WT", "PA0807": "A219T", "PA0869": "WT", "PA0958": "WT", "PA1179": "P31Q", "PA1180": "WT", "PA1777": "WT", "PA1798": "H398R", "PA1799": "WT", "PA2018": "D428N; T543A; Q840E", "PA2019": "K329Q; L331V; W358R", "PA2020": "W176X", "PA2272": "WT", "PA2491": "D249N", "PA2492": "F172I", "PA3047": "WT", "PA3168": "T83I", "PA3574": "WT", "PA3721": "G71E; S209R", "PA3999": "WT", "PA4003": "WT", "PA4020": "M297V; T236P", "PA4109": "WT", "PA4110": "R79Q; T105A", "PA4266": "WT", "PA4418": "WT", "PA4522": "Q44H; G148A; D183Y", "PA4600": "WT", "PA4700": "L353Q", "PA4776": "WT", "PA4777": "Y345H", "PA4964": "WT", "PA4967": "WT", "PA5045": "V12A", "PA5235": "Ter449Gext*", "PA5471": "L88P; D161G; H182Q; V243A", "PA5485": "WT"}') ON DUPLICATE KEY UPDATE clonal_complex = 'ST155', mutational_resistome = '{"PA0004": "WT", "PA0424": "WT", "PA0425": "R119C", "PA0426": "nt600\u03941", "PA0427": "WT", "PA0807": "A219T", "PA0869": "WT", "PA0958": "WT", "PA1179": "P31Q", "PA1180": "WT", "PA1777": "WT", "PA1798": "H398R", "PA1799": "WT", "PA2018": "D428N; T543A; Q840E", "PA2019": "K329Q; L331V; W358R", "PA2020": "W176X", "PA2272": "WT", "PA2491": "D249N", "PA2492": "F172I", "PA3047": "WT", "PA3168": "T83I", "PA3574": "WT", "PA3721": "G71E; S209R", "PA3999": "WT", "PA4003": "WT", "PA4020": "M297V; T236P", "PA4109": "WT", "PA4110": "R79Q; T105A", "PA4266": "WT", "PA4418": "WT", "PA4522": "Q44H; G148A; D183Y", "PA4600": "WT", "PA4700": "L353Q", "PA4776": "WT", "PA4777": "Y345H", "PA4964": "WT", "PA4967": "WT", "PA5045": "V12A", "PA5235": "Ter449Gext*", "PA5471": "L88P; D161G; H182Q; V243A", "PA5485": "WT"}'; 
INSERT INTO metadata_general(isolate_id, isolate_name, project_name, species) VALUES ('14', 'AND04-037', 'GEMARA', 'Pseudomonas aeruginosa') ON DUPLICATE KEY UPDATE isolate_name = 'AND04-037', project_name = 'GEMARA', species = 'Pseudomonas aeruginosa'; 
INSERT INTO mic(mic_id, isolate_id, ami, ami_clinical_category, atm_clinical_category, caz, caz_clinical_category, caz_cloxa, cip, cip_clinical_category, col, col_clinical_category, fep, fep_clinical_category, imi, imi_clinical_category, imi_cloxa, mer_clinical_category, pip_tz, pip_tz_clinical_category, tic, tic_clinical_category, tob, tob_clinical_category) VALUES ('14', '14', '8', 'S', 'R', '>64', 'R', '+', '4', 'R', '2', 'S', '64', 'R', '16', 'R', '+', 'I', '>256', 'R', '>512', 'R', '0.5', 'S') ON DUPLICATE KEY UPDATE ami = '8', ami_clinical_category = 'S', atm_clinical_category = 'R', caz = '>64', caz_clinical_category = 'R', caz_cloxa = '+', cip = '4', cip_clinical_category = 'R', col = '2', col_clinical_category = 'S', fep = '64', fep_clinical_category = 'R', imi = '16', imi_clinical_category = 'R', imi_cloxa = '+', mer_clinical_category = 'I', pip_tz = '>256', pip_tz_clinical_category = 'R', tic = '>512', tic_clinical_category = 'R', tob = '0.5', tob_clinical_category = 'S'; 
INSERT INTO sequence_analysis(sequence_analysis_id, isolate_id, clonal_complex, mutational_resistome) VALUES ('14', '14', 'ST1632', '{"PA0004": "S466F; E721K", "PA0424": "V126E", "PA0425": "WT", "PA0426": "I186V", "PA0427": "WT", "PA0807": "WT", "PA0869": "WT", "PA0958": "WT", "PA1179": "WT", "PA1180": "WT", "PA1777": "WT", "PA1798": "H398R", "PA1799": "L153R; S170N", "PA2018": "I536V; T543A; G589A; N1036T; Q1039R", "PA2019": "K329Q; L331V; W358R", "PA2020": "nt593\u039414", "PA2272": "A104P; V204A", "PA2491": "G231S; D249N", "PA2492": "P28L; P60S; F172I", "PA3047": "H473Y", "PA3168": "WT", "PA3574": "WT", "PA3721": "G71E; A145V; S209R", "PA3999": "WT", "PA4003": "A269V", "PA4020": "M297V", "PA4109": "E114A; I251V; G283E; M288R", "PA4110": "G27D; T105A; V205L", "PA4266": "WT", "PA4418": "N242S", "PA4522": "WT", "PA4600": "V35A; D56G", "PA4700": "L353Q; S25G", "PA4776": "L71R", "PA4777": "A4T; V15I; G68S; Y345H; R474Q", "PA4964": "S197L", "PA4967": "S261L; D533E", "PA5045": "WT", "PA5235": "Ter449Gext*; nt210\u03946", "PA5471": "C40R; S112N; D119E; D161G; H182Q; I237V; V243A", "PA5485": "WT"}') ON DUPLICATE KEY UPDATE clonal_complex = 'ST1632', mutational_resistome = '{"PA0004": "S466F; E721K", "PA0424": "V126E", "PA0425": "WT", "PA0426": "I186V", "PA0427": "WT", "PA0807": "WT", "PA0869": "WT", "PA0958": "WT", "PA1179": "WT", "PA1180": "WT", "PA1777": "WT", "PA1798": "H398R", "PA1799": "L153R; S170N", "PA2018": "I536V; T543A; G589A; N1036T; Q1039R", "PA2019": "K329Q; L331V; W358R", "PA2020": "nt593\u039414", "PA2272": "A104P; V204A", "PA2491": "G231S; D249N", "PA2492": "P28L; P60S; F172I", "PA3047": "H473Y", "PA3168": "WT", "PA3574": "WT", "PA3721": "G71E; A145V; S209R", "PA3999": "WT", "PA4003": "A269V", "PA4020": "M297V", "PA4109": "E114A; I251V; G283E; M288R", "PA4110": "G27D; T105A; V205L", "PA4266": "WT", "PA4418": "N242S", "PA4522": "WT", "PA4600": "V35A; D56G", "PA4700": "L353Q; S25G", "PA4776": "L71R", "PA4777": "A4T; V15I; G68S; Y345H; R474Q", "PA4964": "S197L", "PA4967": "S261L; D533E", "PA5045": "WT", "PA5235": "Ter449Gext*; nt210\u03946", "PA5471": "C40R; S112N; D119E; D161G; H182Q; I237V; V243A", "PA5485": "WT"}'; 
INSERT INTO metadata_general(isolate_id, isolate_name, project_name, species) VALUES ('15', 'AND06-027', 'GEMARA', 'Pseudomonas aeruginosa') ON DUPLICATE KEY UPDATE isolate_name = 'AND06-027', project_name = 'GEMARA', species = 'Pseudomonas aeruginosa'; 
INSERT INTO mic(mic_id, isolate_id, ami, ami_clinical_category, atm_clinical_category, caz, caz_clinical_category, caz_cloxa, cip, cip_clinical_category, col, col_clinical_category, fep, fep_clinical_category, imi, imi_clinical_category, imi_cloxa, mer_clinical_category, pip_tz, pip_tz_clinical_category, tic, tic_clinical_category, tob, tob_clinical_category) VALUES ('15', '15', '4', 'S', 'R', '16', 'R', '+', '1', 'R', '1', 'S', '16', 'R', '16', 'R', '+', 'R', '32', 'R', '256', 'R', '0.5', 'S') ON DUPLICATE KEY UPDATE ami = '4', ami_clinical_category = 'S', atm_clinical_category = 'R', caz = '16', caz_clinical_category = 'R', caz_cloxa = '+', cip = '1', cip_clinical_category = 'R', col = '1', col_clinical_category = 'S', fep = '16', fep_clinical_category = 'R', imi = '16', imi_clinical_category = 'R', imi_cloxa = '+', mer_clinical_category = 'R', pip_tz = '32', pip_tz_clinical_category = 'R', tic = '256', tic_clinical_category = 'R', tob = '0.5', tob_clinical_category = 'S'; 
INSERT INTO sequence_analysis(sequence_analysis_id, isolate_id, clonal_complex, mutational_resistome) VALUES ('15', '15', 'ST274', '{"PA0004": "H148N", "PA0424": "R78X", "PA0425": "WT", "PA0426": "WT", "PA0427": "WT", "PA0807": "WT", "PA0869": "S250N", "PA0958": "nt1072InsC", "PA1179": "WT", "PA1180": "WT", "PA1777": "WT", "PA1798": "A82T; H398R", "PA1799": "WT", "PA2018": "T543A; Q840E; V875M; N1036S", "PA2019": "K329Q; L331V; D346H; W358R", "PA2020": "WT", "PA2272": "A104P", "PA2491": "D249N", "PA2492": "F172I", "PA3047": "A394P", "PA3168": "WT", "PA3574": "WT", "PA3721": "G71E; S209R", "PA3999": "WT", "PA4003": "WT", "PA4020": "M297V", "PA4109": "WT", "PA4110": "T21A; T105A; G391A", "PA4266": "WT", "PA4418": "WT", "PA4522": "R11L; G148A; D183Y", "PA4600": "WT", "PA4700": "S25G", "PA4776": "L71R", "PA4777": "Y345H", "PA4964": "WT", "PA4967": "WT", "PA5045": "WT", "PA5235": "WT", "PA5471": "L88P; D119E", "PA5485": "WT"}') ON DUPLICATE KEY UPDATE clonal_complex = 'ST274', mutational_resistome = '{"PA0004": "H148N", "PA0424": "R78X", "PA0425": "WT", "PA0426": "WT", "PA0427": "WT", "PA0807": "WT", "PA0869": "S250N", "PA0958": "nt1072InsC", "PA1179": "WT", "PA1180": "WT", "PA1777": "WT", "PA1798": "A82T; H398R", "PA1799": "WT", "PA2018": "T543A; Q840E; V875M; N1036S", "PA2019": "K329Q; L331V; D346H; W358R", "PA2020": "WT", "PA2272": "A104P", "PA2491": "D249N", "PA2492": "F172I", "PA3047": "A394P", "PA3168": "WT", "PA3574": "WT", "PA3721": "G71E; S209R", "PA3999": "WT", "PA4003": "WT", "PA4020": "M297V", "PA4109": "WT", "PA4110": "T21A; T105A; G391A", "PA4266": "WT", "PA4418": "WT", "PA4522": "R11L; G148A; D183Y", "PA4600": "WT", "PA4700": "S25G", "PA4776": "L71R", "PA4777": "Y345H", "PA4964": "WT", "PA4967": "WT", "PA5045": "WT", "PA5235": "WT", "PA5471": "L88P; D119E", "PA5485": "WT"}'; 
INSERT INTO metadata_general(isolate_id, isolate_name, project_name, species) VALUES ('16', 'AND06-033', 'GEMARA', 'Pseudomonas aeruginosa') ON DUPLICATE KEY UPDATE isolate_name = 'AND06-033', project_name = 'GEMARA', species = 'Pseudomonas aeruginosa'; 
INSERT INTO mic(mic_id, isolate_id, ami, ami_clinical_category, atm_clinical_category, caz, caz_clinical_category, caz_cloxa, cip, cip_clinical_category, col, col_clinical_category, fep, fep_clinical_category, imi, imi_clinical_category, imi_cloxa, mer_clinical_category, pip_tz, pip_tz_clinical_category, tic, tic_clinical_category, tob, tob_clinical_category) VALUES ('16', '16', '16', 'I', 'R', '64', 'R', '+', '8', 'R', '8', 'R', '32', 'R', '16', 'R', '+', 'R', '256', 'R', '256', 'R', '1', 'S') ON DUPLICATE KEY UPDATE ami = '16', ami_clinical_category = 'I', atm_clinical_category = 'R', caz = '64', caz_clinical_category = 'R', caz_cloxa = '+', cip = '8', cip_clinical_category = 'R', col = '8', col_clinical_category = 'R', fep = '32', fep_clinical_category = 'R', imi = '16', imi_clinical_category = 'R', imi_cloxa = '+', mer_clinical_category = 'R', pip_tz = '256', pip_tz_clinical_category = 'R', tic = '256', tic_clinical_category = 'R', tob = '1', tob_clinical_category = 'S'; 
INSERT INTO sequence_analysis(sequence_analysis_id, isolate_id, clonal_complex, mutational_resistome) VALUES ('16', '16', 'ST2956', '{"PA0004": "WT", "PA0424": "WT", "PA0425": "WT", "PA0426": "WT", "PA0427": "WT", "PA0807": "A219T", "PA0869": "WT", "PA0958": "T291P", "PA1179": "WT", "PA1180": "WT", "PA1777": "WT", "PA1798": "H398R", "PA1799": "E214K", "PA2018": "D217V; T543A; Q840E", "PA2019": "A30T; K329Q; L331V; W358R", "PA2020": "WT", "PA2272": "A505T", "PA2491": "D249N", "PA2492": "F172I", "PA3047": "WT", "PA3168": "D87Y", "PA3574": "L169P", "PA3721": "G71E", "PA3999": "WT", "PA4003": "WT", "PA4020": "A303V; M297V", "PA4109": "D135N", "PA4110": "WT", "PA4266": "WT", "PA4418": "WT", "PA4522": "G148A", "PA4600": "WT", "PA4700": "WT", "PA4776": "WT", "PA4777": "L31Q; Y345H", "PA4964": "WT", "PA4967": "WT", "PA5045": "WT", "PA5235": "C432S", "PA5471": "L88P; D161G; H182Q; V243A", "PA5485": "WT"}') ON DUPLICATE KEY UPDATE clonal_complex = 'ST2956', mutational_resistome = '{"PA0004": "WT", "PA0424": "WT", "PA0425": "WT", "PA0426": "WT", "PA0427": "WT", "PA0807": "A219T", "PA0869": "WT", "PA0958": "T291P", "PA1179": "WT", "PA1180": "WT", "PA1777": "WT", "PA1798": "H398R", "PA1799": "E214K", "PA2018": "D217V; T543A; Q840E", "PA2019": "A30T; K329Q; L331V; W358R", "PA2020": "WT", "PA2272": "A505T", "PA2491": "D249N", "PA2492": "F172I", "PA3047": "WT", "PA3168": "D87Y", "PA3574": "L169P", "PA3721": "G71E", "PA3999": "WT", "PA4003": "WT", "PA4020": "A303V; M297V", "PA4109": "D135N", "PA4110": "WT", "PA4266": "WT", "PA4418": "WT", "PA4522": "G148A", "PA4600": "WT", "PA4700": "WT", "PA4776": "WT", "PA4777": "L31Q; Y345H", "PA4964": "WT", "PA4967": "WT", "PA5045": "WT", "PA5235": "C432S", "PA5471": "L88P; D161G; H182Q; V243A", "PA5485": "WT"}'; 
INSERT INTO metadata_general(isolate_id, isolate_name, project_name, species) VALUES ('17', 'AND06-034', 'GEMARA', 'Pseudomonas aeruginosa') ON DUPLICATE KEY UPDATE isolate_name = 'AND06-034', project_name = 'GEMARA', species = 'Pseudomonas aeruginosa'; 
INSERT INTO mic(mic_id, isolate_id, ami, ami_clinical_category, atm_clinical_category, caz, caz_clinical_category, caz_cloxa, cip, cip_clinical_category, col, col_clinical_category, fep, fep_clinical_category, imi, imi_clinical_category, imi_cloxa, mer_clinical_category, pip_tz, pip_tz_clinical_category, tic, tic_clinical_category, tob, tob_clinical_category) VALUES ('17', '17', '<=2', 'S', 'I', '16', 'R', '+', '8', 'R', '2', 'S', '8', 'S', '16', 'R', '+', 'I', '>256', 'R', '64', 'R', '<=0.25', 'S') ON DUPLICATE KEY UPDATE ami = '<=2', ami_clinical_category = 'S', atm_clinical_category = 'I', caz = '16', caz_clinical_category = 'R', caz_cloxa = '+', cip = '8', cip_clinical_category = 'R', col = '2', col_clinical_category = 'S', fep = '8', fep_clinical_category = 'S', imi = '16', imi_clinical_category = 'R', imi_cloxa = '+', mer_clinical_category = 'I', pip_tz = '>256', pip_tz_clinical_category = 'R', tic = '64', tic_clinical_category = 'R', tob = '<=0.25', tob_clinical_category = 'S'; 
INSERT INTO sequence_analysis(sequence_analysis_id, isolate_id, clonal_complex, mutational_resistome) VALUES ('17', '17', 'ST992', '{"PA0004": "S466Y", "PA0424": "V126E", "PA0425": "WT", "PA0426": "WT", "PA0427": "WT", "PA0807": "A219T", "PA0869": "G40S", "PA0958": "WT", "PA1179": "WT", "PA1180": "WT", "PA1777": "WT", "PA1798": "H398R", "PA1799": "WT", "PA2018": "T543A", "PA2019": "K329Q; L331V; W358R", "PA2020": "WT", "PA2272": "A104P", "PA2491": "D249N", "PA2492": "F172I", "PA3047": "WT", "PA3168": "WT", "PA3574": "N130S", "PA3721": "G71E", "PA3999": "WT", "PA4003": "WT", "PA4020": "WT", "PA4109": "G154R; G283E; M288R", "PA4110": "T105A", "PA4266": "V30F", "PA4418": "N117S", "PA4522": "G148A; D183Y", "PA4600": "WT", "PA4700": "L353Q; S25G", "PA4776": "L71R", "PA4777": "A4T; D70N; H340R; Y345H", "PA4964": "WT", "PA4967": "WT", "PA5045": "WT", "PA5235": "WT", "PA5471": "L88P; D161G; H182Q; V243A", "PA5485": "WT"}') ON DUPLICATE KEY UPDATE clonal_complex = 'ST992', mutational_resistome = '{"PA0004": "S466Y", "PA0424": "V126E", "PA0425": "WT", "PA0426": "WT", "PA0427": "WT", "PA0807": "A219T", "PA0869": "G40S", "PA0958": "WT", "PA1179": "WT", "PA1180": "WT", "PA1777": "WT", "PA1798": "H398R", "PA1799": "WT", "PA2018": "T543A", "PA2019": "K329Q; L331V; W358R", "PA2020": "WT", "PA2272": "A104P", "PA2491": "D249N", "PA2492": "F172I", "PA3047": "WT", "PA3168": "WT", "PA3574": "N130S", "PA3721": "G71E", "PA3999": "WT", "PA4003": "WT", "PA4020": "WT", "PA4109": "G154R; G283E; M288R", "PA4110": "T105A", "PA4266": "V30F", "PA4418": "N117S", "PA4522": "G148A; D183Y", "PA4600": "WT", "PA4700": "L353Q; S25G", "PA4776": "L71R", "PA4777": "A4T; D70N; H340R; Y345H", "PA4964": "WT", "PA4967": "WT", "PA5045": "WT", "PA5235": "WT", "PA5471": "L88P; D161G; H182Q; V243A", "PA5485": "WT"}'; 
INSERT INTO metadata_general(isolate_id, isolate_name, project_name, species) VALUES ('18', 'AND07-007', 'GEMARA', 'Pseudomonas aeruginosa') ON DUPLICATE KEY UPDATE isolate_name = 'AND07-007', project_name = 'GEMARA', species = 'Pseudomonas aeruginosa'; 
INSERT INTO mic(mic_id, isolate_id, ami, ami_clinical_category, atm_clinical_category, caz, caz_clinical_category, caz_cloxa, cip, cip_clinical_category, col, col_clinical_category, fep, fep_clinical_category, imi, imi_clinical_category, imi_cloxa, mer_clinical_category, pip_tz, pip_tz_clinical_category, tic, tic_clinical_category, tob, tob_clinical_category) VALUES ('18', '18', '16', 'I', 'R', '64', 'R', '+', '16', 'R', '1', 'S', '32', 'R', '4', 'S', 'nan', 'S', '256', 'R', '256', 'R', '2', 'S') ON DUPLICATE KEY UPDATE ami = '16', ami_clinical_category = 'I', atm_clinical_category = 'R', caz = '64', caz_clinical_category = 'R', caz_cloxa = '+', cip = '16', cip_clinical_category = 'R', col = '1', col_clinical_category = 'S', fep = '32', fep_clinical_category = 'R', imi = '4', imi_clinical_category = 'S', imi_cloxa = 'nan', mer_clinical_category = 'S', pip_tz = '256', pip_tz_clinical_category = 'R', tic = '256', tic_clinical_category = 'R', tob = '2', tob_clinical_category = 'S'; 
INSERT INTO sequence_analysis(sequence_analysis_id, isolate_id, clonal_complex, mutational_resistome) VALUES ('18', '18', 'ST683', '{"PA0004": "T595I", "PA0424": "WT", "PA0425": "nt16\u03944", "PA0426": "WT", "PA0427": "WT", "PA0807": "WT", "PA0869": "WT", "PA0958": "WT", "PA1179": "WT", "PA1180": "WT", "PA1777": "WT", "PA1798": "H398R", "PA1799": "P128S; L153R; S170N", "PA2018": "Q282R; T543A; V980I", "PA2019": "K329Q; L331V; W358R", "PA2020": "A47P", "PA2272": "A104P", "PA2491": "D249N", "PA2492": "F172I", "PA3047": "A394P", "PA3168": "T83I", "PA3574": "WT", "PA3721": "G71E", "PA3999": "WT", "PA4003": "WT", "PA4020": "A303V; M297V", "PA4109": "WT", "PA4110": "T105A", "PA4266": "WT", "PA4418": "WT", "PA4522": "G148A; D183Y", "PA4600": "WT", "PA4700": "K607R; L353Q", "PA4776": "L71R", "PA4777": "Y345H", "PA4964": "WT", "PA4967": "D142N", "PA5045": "WT", "PA5235": "WT", "PA5471": "L88P; D161G; H182Q; V243A", "PA5485": "WT"}') ON DUPLICATE KEY UPDATE clonal_complex = 'ST683', mutational_resistome = '{"PA0004": "T595I", "PA0424": "WT", "PA0425": "nt16\u03944", "PA0426": "WT", "PA0427": "WT", "PA0807": "WT", "PA0869": "WT", "PA0958": "WT", "PA1179": "WT", "PA1180": "WT", "PA1777": "WT", "PA1798": "H398R", "PA1799": "P128S; L153R; S170N", "PA2018": "Q282R; T543A; V980I", "PA2019": "K329Q; L331V; W358R", "PA2020": "A47P", "PA2272": "A104P", "PA2491": "D249N", "PA2492": "F172I", "PA3047": "A394P", "PA3168": "T83I", "PA3574": "WT", "PA3721": "G71E", "PA3999": "WT", "PA4003": "WT", "PA4020": "A303V; M297V", "PA4109": "WT", "PA4110": "T105A", "PA4266": "WT", "PA4418": "WT", "PA4522": "G148A; D183Y", "PA4600": "WT", "PA4700": "K607R; L353Q", "PA4776": "L71R", "PA4777": "Y345H", "PA4964": "WT", "PA4967": "D142N", "PA5045": "WT", "PA5235": "WT", "PA5471": "L88P; D161G; H182Q; V243A", "PA5485": "WT"}'; 
INSERT INTO metadata_general(isolate_id, isolate_name, project_name, species) VALUES ('19', 'AND07-017', 'GEMARA', 'Pseudomonas aeruginosa') ON DUPLICATE KEY UPDATE isolate_name = 'AND07-017', project_name = 'GEMARA', species = 'Pseudomonas aeruginosa'; 
INSERT INTO mic(mic_id, isolate_id, ami, ami_clinical_category, atm_clinical_category, caz, caz_clinical_category, caz_cloxa, cip, cip_clinical_category, col, col_clinical_category, fep, fep_clinical_category, imi, imi_clinical_category, imi_cloxa, mer_clinical_category, pip_tz, pip_tz_clinical_category, tic, tic_clinical_category, tob, tob_clinical_category) VALUES ('19', '19', '16', 'I', 'R', '64', 'R', 'nan', '1', 'R', '1', 'S', '32', 'R', '2', 'S', 'nan', 'S', '256', 'R', '256', 'R', '1', 'S') ON DUPLICATE KEY UPDATE ami = '16', ami_clinical_category = 'I', atm_clinical_category = 'R', caz = '64', caz_clinical_category = 'R', caz_cloxa = 'nan', cip = '1', cip_clinical_category = 'R', col = '1', col_clinical_category = 'S', fep = '32', fep_clinical_category = 'R', imi = '2', imi_clinical_category = 'S', imi_cloxa = 'nan', mer_clinical_category = 'S', pip_tz = '256', pip_tz_clinical_category = 'R', tic = '256', tic_clinical_category = 'R', tob = '1', tob_clinical_category = 'S'; 
INSERT INTO sequence_analysis(sequence_analysis_id, isolate_id, clonal_complex, mutational_resistome) VALUES ('19', '19', 'ST260', '{"PA0004": "WT", "PA0424": "WT", "PA0425": "WT", "PA0426": "WT", "PA0427": "WT", "PA0807": "A219T", "PA0869": "WT", "PA0958": "WT", "PA1179": "WT", "PA1180": "WT", "PA1777": "WT", "PA1798": "H398R", "PA1799": "V55I; I80L", "PA2018": "T543A; Q840E; G1002A", "PA2019": "A30T; K329Q; L331V; W358R", "PA2020": "R65C; L138R", "PA2272": "A104P", "PA2491": "E205V; D249N", "PA2492": "F172I", "PA3047": "WT", "PA3168": "aa914\u0394PS", "PA3574": "WT", "PA3721": "G71E; S209R", "PA3999": "WT", "PA4003": "WT", "PA4020": "WT", "PA4109": "WT", "PA4110": "T105A", "PA4266": "WT", "PA4418": "WT", "PA4522": "G46S; G148A", "PA4600": "WT", "PA4700": "WT", "PA4776": "L71R", "PA4777": "Y345H; G443R", "PA4964": "V646L", "PA4967": "WT", "PA5045": "WT", "PA5235": "WT", "PA5471": "C40R; L88P; D161G; H182Q; V243A", "PA5485": "WT"}') ON DUPLICATE KEY UPDATE clonal_complex = 'ST260', mutational_resistome = '{"PA0004": "WT", "PA0424": "WT", "PA0425": "WT", "PA0426": "WT", "PA0427": "WT", "PA0807": "A219T", "PA0869": "WT", "PA0958": "WT", "PA1179": "WT", "PA1180": "WT", "PA1777": "WT", "PA1798": "H398R", "PA1799": "V55I; I80L", "PA2018": "T543A; Q840E; G1002A", "PA2019": "A30T; K329Q; L331V; W358R", "PA2020": "R65C; L138R", "PA2272": "A104P", "PA2491": "E205V; D249N", "PA2492": "F172I", "PA3047": "WT", "PA3168": "aa914\u0394PS", "PA3574": "WT", "PA3721": "G71E; S209R", "PA3999": "WT", "PA4003": "WT", "PA4020": "WT", "PA4109": "WT", "PA4110": "T105A", "PA4266": "WT", "PA4418": "WT", "PA4522": "G46S; G148A", "PA4600": "WT", "PA4700": "WT", "PA4776": "L71R", "PA4777": "Y345H; G443R", "PA4964": "V646L", "PA4967": "WT", "PA5045": "WT", "PA5235": "WT", "PA5471": "C40R; L88P; D161G; H182Q; V243A", "PA5485": "WT"}'; 
INSERT INTO metadata_general(isolate_id, isolate_name, project_name, species) VALUES ('20', 'AND07-027', 'GEMARA', 'Pseudomonas aeruginosa') ON DUPLICATE KEY UPDATE isolate_name = 'AND07-027', project_name = 'GEMARA', species = 'Pseudomonas aeruginosa'; 
INSERT INTO mic(mic_id, isolate_id, ami, ami_clinical_category, atm_clinical_category, caz, caz_clinical_category, caz_cloxa, cip, cip_clinical_category, col, col_clinical_category, fep, fep_clinical_category, imi, imi_clinical_category, imi_cloxa, mer_clinical_category, pip_tz, pip_tz_clinical_category, tic, tic_clinical_category, tob, tob_clinical_category) VALUES ('20', '20', '<=2', 'S', 'R', '32', 'R', 'nan', '>16', 'R', '1', 'S', '64', 'R', '1', 'S', 'nan', 'I', '>256', 'R', '>512', 'R', '0.5', 'S') ON DUPLICATE KEY UPDATE ami = '<=2', ami_clinical_category = 'S', atm_clinical_category = 'R', caz = '32', caz_clinical_category = 'R', caz_cloxa = 'nan', cip = '>16', cip_clinical_category = 'R', col = '1', col_clinical_category = 'S', fep = '64', fep_clinical_category = 'R', imi = '1', imi_clinical_category = 'S', imi_cloxa = 'nan', mer_clinical_category = 'I', pip_tz = '>256', pip_tz_clinical_category = 'R', tic = '>512', tic_clinical_category = 'R', tob = '0.5', tob_clinical_category = 'S'; 
INSERT INTO sequence_analysis(sequence_analysis_id, isolate_id, clonal_complex, mutational_resistome) VALUES ('20', '20', 'ST17', '{"PA0004": "WT", "PA0424": "WT", "PA0425": "WT", "PA0426": "WT", "PA0427": "WT", "PA0807": "A219T", "PA0869": "S250N", "PA0958": "L165M; F170V", "PA1179": "WT", "PA1180": "WT", "PA1777": "WT", "PA1798": "V216A; H398R", "PA1799": "WT", "PA2018": "T543A", "PA2019": "K329Q; L331V; W358R", "PA2020": "WT", "PA2272": "A104P", "PA2491": "D249N", "PA2492": "P60S; F172I", "PA3047": "WT", "PA3168": "T83I; V671I; G860S", "PA3574": "nt159\u03942", "PA3721": "G71E; S209R", "PA3999": "V29I", "PA4003": "WT", "PA4020": "Ter452Rext*", "PA4109": "WT", "PA4110": "T105A; L176R", "PA4266": "WT", "PA4418": "WT", "PA4522": "A136V; G148A", "PA4600": "WT", "PA4700": "S25G", "PA4776": "WT", "PA4777": "Y345H", "PA4964": "S87L", "PA4967": "D533E", "PA5045": "P388S", "PA5235": "P444S", "PA5471": "C40R; L88P; D161G; H182Q; V243A", "PA5485": "WT"}') ON DUPLICATE KEY UPDATE clonal_complex = 'ST17', mutational_resistome = '{"PA0004": "WT", "PA0424": "WT", "PA0425": "WT", "PA0426": "WT", "PA0427": "WT", "PA0807": "A219T", "PA0869": "S250N", "PA0958": "L165M; F170V", "PA1179": "WT", "PA1180": "WT", "PA1777": "WT", "PA1798": "V216A; H398R", "PA1799": "WT", "PA2018": "T543A", "PA2019": "K329Q; L331V; W358R", "PA2020": "WT", "PA2272": "A104P", "PA2491": "D249N", "PA2492": "P60S; F172I", "PA3047": "WT", "PA3168": "T83I; V671I; G860S", "PA3574": "nt159\u03942", "PA3721": "G71E; S209R", "PA3999": "V29I", "PA4003": "WT", "PA4020": "Ter452Rext*", "PA4109": "WT", "PA4110": "T105A; L176R", "PA4266": "WT", "PA4418": "WT", "PA4522": "A136V; G148A", "PA4600": "WT", "PA4700": "S25G", "PA4776": "WT", "PA4777": "Y345H", "PA4964": "S87L", "PA4967": "D533E", "PA5045": "P388S", "PA5235": "P444S", "PA5471": "C40R; L88P; D161G; H182Q; V243A", "PA5485": "WT"}'; 
INSERT INTO metadata_general(isolate_id, isolate_name, project_name, species) VALUES ('21', 'ARA01-015', 'GEMARA', 'Pseudomonas aeruginosa') ON DUPLICATE KEY UPDATE isolate_name = 'ARA01-015', project_name = 'GEMARA', species = 'Pseudomonas aeruginosa'; 
INSERT INTO mic(mic_id, isolate_id, ami, ami_clinical_category, atm_clinical_category, caz, caz_clinical_category, caz_cloxa, cip, cip_clinical_category, col, col_clinical_category, fep, fep_clinical_category, imi, imi_clinical_category, imi_cloxa, mer_clinical_category, pip_tz, pip_tz_clinical_category, tic, tic_clinical_category, tob, tob_clinical_category) VALUES ('21', '21', '128', 'R', 'R', '>64', 'R', 'nan', '8', 'R', '1', 'S', '64', 'R', '>32', 'R', 'nan', 'R', '>256', 'R', '>512', 'R', '>32', 'R') ON DUPLICATE KEY UPDATE ami = '128', ami_clinical_category = 'R', atm_clinical_category = 'R', caz = '>64', caz_clinical_category = 'R', caz_cloxa = 'nan', cip = '8', cip_clinical_category = 'R', col = '1', col_clinical_category = 'S', fep = '64', fep_clinical_category = 'R', imi = '>32', imi_clinical_category = 'R', imi_cloxa = 'nan', mer_clinical_category = 'R', pip_tz = '>256', pip_tz_clinical_category = 'R', tic = '>512', tic_clinical_category = 'R', tob = '>32', tob_clinical_category = 'R'; 
INSERT INTO sequence_analysis(sequence_analysis_id, isolate_id, clonal_complex, mutational_resistome) VALUES ('21', '21', 'ST235', '{"PA0004": "WT", "PA0424": "V126E", "PA0425": "WT", "PA0426": "G957D", "PA0427": "WT", "PA0807": "A208V", "PA0869": "A287S", "PA0958": "R140E", "PA1179": "WT", "PA1180": "Y85F", "PA1777": "WT", "PA1798": "H194Q; H398R", "PA1799": "L153R; S170N", "PA2018": "T543A; M574R", "PA2019": "A30T; K329Q; L331V; W358R", "PA2020": "nt385\u03941", "PA2272": "A104P; V466I", "PA2491": "D249N", "PA2492": "P60S; F172I", "PA3047": "WT", "PA3168": "T83I", "PA3574": "WT", "PA3721": "G71E; E153Q; S209R", "PA3999": "WT", "PA4003": "WT", "PA4020": "WT", "PA4109": "G283E; M288R", "PA4110": "G27D; A97V; T105A; V205L; G391A", "PA4266": "WT", "PA4418": "WT", "PA4522": "Q51X; G148A", "PA4600": "WT", "PA4700": "L353Q; S25G", "PA4776": "L71R", "PA4777": "A4T; G68S; Y345H; G362S", "PA4964": "S87L", "PA4967": "D533E", "PA5045": "WT", "PA5235": "WT", "PA5471": "L88P; D161G; H182Q; R204C; V243A", "PA5485": "WT"}') ON DUPLICATE KEY UPDATE clonal_complex = 'ST235', mutational_resistome = '{"PA0004": "WT", "PA0424": "V126E", "PA0425": "WT", "PA0426": "G957D", "PA0427": "WT", "PA0807": "A208V", "PA0869": "A287S", "PA0958": "R140E", "PA1179": "WT", "PA1180": "Y85F", "PA1777": "WT", "PA1798": "H194Q; H398R", "PA1799": "L153R; S170N", "PA2018": "T543A; M574R", "PA2019": "A30T; K329Q; L331V; W358R", "PA2020": "nt385\u03941", "PA2272": "A104P; V466I", "PA2491": "D249N", "PA2492": "P60S; F172I", "PA3047": "WT", "PA3168": "T83I", "PA3574": "WT", "PA3721": "G71E; E153Q; S209R", "PA3999": "WT", "PA4003": "WT", "PA4020": "WT", "PA4109": "G283E; M288R", "PA4110": "G27D; A97V; T105A; V205L; G391A", "PA4266": "WT", "PA4418": "WT", "PA4522": "Q51X; G148A", "PA4600": "WT", "PA4700": "L353Q; S25G", "PA4776": "L71R", "PA4777": "A4T; G68S; Y345H; G362S", "PA4964": "S87L", "PA4967": "D533E", "PA5045": "WT", "PA5235": "WT", "PA5471": "L88P; D161G; H182Q; R204C; V243A", "PA5485": "WT"}'; 
INSERT INTO metadata_general(isolate_id, isolate_name, project_name, species) VALUES ('22', 'ARA01-037', 'GEMARA', 'Pseudomonas aeruginosa') ON DUPLICATE KEY UPDATE isolate_name = 'ARA01-037', project_name = 'GEMARA', species = 'Pseudomonas aeruginosa'; 
INSERT INTO mic(mic_id, isolate_id, ami, ami_clinical_category, atm_clinical_category, caz, caz_clinical_category, caz_cloxa, cip, cip_clinical_category, col, col_clinical_category, fep, fep_clinical_category, imi, imi_clinical_category, imi_cloxa, mer_clinical_category, pip_tz, pip_tz_clinical_category, tic, tic_clinical_category, tob, tob_clinical_category) VALUES ('22', '22', '16', 'I', 'R', '>64', 'R', '+', '>16', 'R', '2', 'S', '64', 'R', '16', 'R', '+', 'R', '256', 'R', '512', 'R', '32', 'R') ON DUPLICATE KEY UPDATE ami = '16', ami_clinical_category = 'I', atm_clinical_category = 'R', caz = '>64', caz_clinical_category = 'R', caz_cloxa = '+', cip = '>16', cip_clinical_category = 'R', col = '2', col_clinical_category = 'S', fep = '64', fep_clinical_category = 'R', imi = '16', imi_clinical_category = 'R', imi_cloxa = '+', mer_clinical_category = 'R', pip_tz = '256', pip_tz_clinical_category = 'R', tic = '512', tic_clinical_category = 'R', tob = '32', tob_clinical_category = 'R'; 
INSERT INTO sequence_analysis(sequence_analysis_id, isolate_id, clonal_complex, mutational_resistome) VALUES ('22', '22', 'ST111', '{"PA0004": "WT", "PA0424": "V126E", "PA0425": "WT", "PA0426": "WT", "PA0427": "WT", "PA0807": "A219T", "PA0869": "WT", "PA0958": "nt463\u039413", "PA1179": "WT", "PA1180": "WT", "PA1777": "WT", "PA1798": "L137P; H398R", "PA1799": "WT", "PA2018": "G530S", "PA2019": "K329Q; L331V; W358R", "PA2020": "WT", "PA2272": "A104P", "PA2491": "D249N", "PA2492": "F172I", "PA3047": "WT", "PA3168": "T83I; V671I; G860S", "PA3574": "WT", "PA3721": "G71E", "PA3999": "WT", "PA4003": "WT", "PA4020": "D411A", "PA4109": "G283E", "PA4110": "T105A", "PA4266": "WT", "PA4418": "R504C", "PA4522": "WT", "PA4600": "WT", "PA4700": "M715K; K607R", "PA4776": "L71R", "PA4777": "A4T; V6A; V15I; G68S; Y345H", "PA4964": "S87L", "PA4967": "WT", "PA5045": "WT", "PA5235": "WT", "PA5471": "L88P; D161G; H182Q; V243A", "PA5485": "WT"}') ON DUPLICATE KEY UPDATE clonal_complex = 'ST111', mutational_resistome = '{"PA0004": "WT", "PA0424": "V126E", "PA0425": "WT", "PA0426": "WT", "PA0427": "WT", "PA0807": "A219T", "PA0869": "WT", "PA0958": "nt463\u039413", "PA1179": "WT", "PA1180": "WT", "PA1777": "WT", "PA1798": "L137P; H398R", "PA1799": "WT", "PA2018": "G530S", "PA2019": "K329Q; L331V; W358R", "PA2020": "WT", "PA2272": "A104P", "PA2491": "D249N", "PA2492": "F172I", "PA3047": "WT", "PA3168": "T83I; V671I; G860S", "PA3574": "WT", "PA3721": "G71E", "PA3999": "WT", "PA4003": "WT", "PA4020": "D411A", "PA4109": "G283E", "PA4110": "T105A", "PA4266": "WT", "PA4418": "R504C", "PA4522": "WT", "PA4600": "WT", "PA4700": "M715K; K607R", "PA4776": "L71R", "PA4777": "A4T; V6A; V15I; G68S; Y345H", "PA4964": "S87L", "PA4967": "WT", "PA5045": "WT", "PA5235": "WT", "PA5471": "L88P; D161G; H182Q; V243A", "PA5485": "WT"}'; 
INSERT INTO metadata_general(isolate_id, isolate_name, project_name, species) VALUES ('23', 'ARA01-045', 'GEMARA', 'Pseudomonas aeruginosa') ON DUPLICATE KEY UPDATE isolate_name = 'ARA01-045', project_name = 'GEMARA', species = 'Pseudomonas aeruginosa'; 
INSERT INTO mic(mic_id, isolate_id, ami, ami_clinical_category, atm_clinical_category, caz, caz_clinical_category, caz_cloxa, cip, cip_clinical_category, col, col_clinical_category, fep, fep_clinical_category, imi, imi_clinical_category, imi_cloxa, mer_clinical_category, pip_tz, pip_tz_clinical_category, tic, tic_clinical_category, tob, tob_clinical_category) VALUES ('23', '23', '16', 'I', 'I', '16', 'R', 'nan', '16', 'R', '8', 'R', '16', 'R', '>32', 'R', 'nan', 'R', '32', 'R', '512', 'R', '>32', 'R') ON DUPLICATE KEY UPDATE ami = '16', ami_clinical_category = 'I', atm_clinical_category = 'I', caz = '16', caz_clinical_category = 'R', caz_cloxa = 'nan', cip = '16', cip_clinical_category = 'R', col = '8', col_clinical_category = 'R', fep = '16', fep_clinical_category = 'R', imi = '>32', imi_clinical_category = 'R', imi_cloxa = 'nan', mer_clinical_category = 'R', pip_tz = '32', pip_tz_clinical_category = 'R', tic = '512', tic_clinical_category = 'R', tob = '>32', tob_clinical_category = 'R'; 
INSERT INTO sequence_analysis(sequence_analysis_id, isolate_id, clonal_complex, mutational_resistome) VALUES ('23', '23', 'ST973', '{"PA0004": "WT", "PA0424": "V126E", "PA0425": "WT", "PA0426": "WT", "PA0427": "WT", "PA0807": "A219T", "PA0869": "S250N", "PA0958": "nt768IS", "PA1179": "WT", "PA1180": "WT", "PA1777": "WT", "PA1798": "V152A; H398R", "PA1799": "WT", "PA2018": "V299M; T543A; I642V; Q840E; Q1039H", "PA2019": "K329Q; L331V; W358R", "PA2020": "L93P", "PA2272": "WT", "PA2491": "D249N", "PA2492": "F172I", "PA3047": "WT", "PA3168": "T83I", "PA3574": "N129K; nt451\u03941", "PA3721": "G71E; S209R", "PA3999": "WT", "PA4003": "WT", "PA4020": "V358I; M297V", "PA4109": "E114A; E172V; A208T", "PA4110": "R79Q; T105A", "PA4266": "WT", "PA4418": "WT", "PA4522": "H71Q; G148A; D183Y", "PA4600": "WT", "PA4700": "WT", "PA4776": "L71R", "PA4777": "Y345H", "PA4964": "L95Q", "PA4967": "WT", "PA5045": "WT", "PA5235": "W132X", "PA5471": "E35K; L88P; D161G; H182Q; I237V; Ans238S; V243A; A352V", "PA5485": "WT"}') ON DUPLICATE KEY UPDATE clonal_complex = 'ST973', mutational_resistome = '{"PA0004": "WT", "PA0424": "V126E", "PA0425": "WT", "PA0426": "WT", "PA0427": "WT", "PA0807": "A219T", "PA0869": "S250N", "PA0958": "nt768IS", "PA1179": "WT", "PA1180": "WT", "PA1777": "WT", "PA1798": "V152A; H398R", "PA1799": "WT", "PA2018": "V299M; T543A; I642V; Q840E; Q1039H", "PA2019": "K329Q; L331V; W358R", "PA2020": "L93P", "PA2272": "WT", "PA2491": "D249N", "PA2492": "F172I", "PA3047": "WT", "PA3168": "T83I", "PA3574": "N129K; nt451\u03941", "PA3721": "G71E; S209R", "PA3999": "WT", "PA4003": "WT", "PA4020": "V358I; M297V", "PA4109": "E114A; E172V; A208T", "PA4110": "R79Q; T105A", "PA4266": "WT", "PA4418": "WT", "PA4522": "H71Q; G148A; D183Y", "PA4600": "WT", "PA4700": "WT", "PA4776": "L71R", "PA4777": "Y345H", "PA4964": "L95Q", "PA4967": "WT", "PA5045": "WT", "PA5235": "W132X", "PA5471": "E35K; L88P; D161G; H182Q; I237V; Ans238S; V243A; A352V", "PA5485": "WT"}'; 
INSERT INTO metadata_general(isolate_id, isolate_name, project_name, species) VALUES ('24', 'ARA01-049', 'GEMARA', 'Pseudomonas aeruginosa') ON DUPLICATE KEY UPDATE isolate_name = 'ARA01-049', project_name = 'GEMARA', species = 'Pseudomonas aeruginosa'; 
INSERT INTO mic(mic_id, isolate_id, ami, ami_clinical_category, atm_clinical_category, caz, caz_clinical_category, caz_cloxa, cip, cip_clinical_category, col, col_clinical_category, fep, fep_clinical_category, imi, imi_clinical_category, imi_cloxa, mer_clinical_category, pip_tz, pip_tz_clinical_category, tic, tic_clinical_category, tob, tob_clinical_category) VALUES ('24', '24', '16', 'I', 'R', '8', 'S', '+', '>16', 'R', '4', 'R', '16', 'R', '2', 'S', 'nan', 'R', '32', 'R', '128', 'R', '1', 'S') ON DUPLICATE KEY UPDATE ami = '16', ami_clinical_category = 'I', atm_clinical_category = 'R', caz = '8', caz_clinical_category = 'S', caz_cloxa = '+', cip = '>16', cip_clinical_category = 'R', col = '4', col_clinical_category = 'R', fep = '16', fep_clinical_category = 'R', imi = '2', imi_clinical_category = 'S', imi_cloxa = 'nan', mer_clinical_category = 'R', pip_tz = '32', pip_tz_clinical_category = 'R', tic = '128', tic_clinical_category = 'R', tob = '1', tob_clinical_category = 'S'; 
INSERT INTO sequence_analysis(sequence_analysis_id, isolate_id, clonal_complex, mutational_resistome) VALUES ('24', '24', 'ST365', '{"PA0004": "WT", "PA0424": "R63H", "PA0425": "WT", "PA0426": "E429D", "PA0427": "WT", "PA0807": "WT", "PA0869": "S250N", "PA0958": "WT", "PA1179": "WT", "PA1180": "Y85F", "PA1777": "WT", "PA1798": "H398R", "PA1799": "E87K; L153R; S170N", "PA2018": "T543A; Q840E; N1036T; Q1039R", "PA2019": "K329Q; L331V; W358R", "PA2020": "L138R", "PA2272": "A104P; A258T", "PA2491": "D249N", "PA2492": "P60S; F172I", "PA3047": "WT", "PA3168": "T83I", "PA3574": "WT", "PA3721": "G71E; S209R", "PA3999": "WT", "PA4003": "WT", "PA4020": "WT", "PA4109": "E114A; G283E; M288R", "PA4110": "T16I; G27D; T105A; P148S; V205L; G391A", "PA4266": "WT", "PA4418": "WT", "PA4522": "WT", "PA4600": "WT", "PA4700": "D502G; L353Q; S25G", "PA4776": "L71R", "PA4777": "G68S; Y345H", "PA4964": "WT", "PA4967": "D533E", "PA5045": "WT", "PA5235": "WT", "PA5471": "C40R; L88P; S112N; D119E; D207N; I237V; V243A", "PA5485": "WT"}') ON DUPLICATE KEY UPDATE clonal_complex = 'ST365', mutational_resistome = '{"PA0004": "WT", "PA0424": "R63H", "PA0425": "WT", "PA0426": "E429D", "PA0427": "WT", "PA0807": "WT", "PA0869": "S250N", "PA0958": "WT", "PA1179": "WT", "PA1180": "Y85F", "PA1777": "WT", "PA1798": "H398R", "PA1799": "E87K; L153R; S170N", "PA2018": "T543A; Q840E; N1036T; Q1039R", "PA2019": "K329Q; L331V; W358R", "PA2020": "L138R", "PA2272": "A104P; A258T", "PA2491": "D249N", "PA2492": "P60S; F172I", "PA3047": "WT", "PA3168": "T83I", "PA3574": "WT", "PA3721": "G71E; S209R", "PA3999": "WT", "PA4003": "WT", "PA4020": "WT", "PA4109": "E114A; G283E; M288R", "PA4110": "T16I; G27D; T105A; P148S; V205L; G391A", "PA4266": "WT", "PA4418": "WT", "PA4522": "WT", "PA4600": "WT", "PA4700": "D502G; L353Q; S25G", "PA4776": "L71R", "PA4777": "G68S; Y345H", "PA4964": "WT", "PA4967": "D533E", "PA5045": "WT", "PA5235": "WT", "PA5471": "C40R; L88P; S112N; D119E; D207N; I237V; V243A", "PA5485": "WT"}'; 
INSERT INTO metadata_general(isolate_id, isolate_name, project_name, species) VALUES ('25', 'ARA02-009', 'GEMARA', 'Pseudomonas aeruginosa') ON DUPLICATE KEY UPDATE isolate_name = 'ARA02-009', project_name = 'GEMARA', species = 'Pseudomonas aeruginosa'; 
INSERT INTO mic(mic_id, isolate_id, ami, ami_clinical_category, atm_clinical_category, caz, caz_clinical_category, caz_cloxa, cip, cip_clinical_category, col, col_clinical_category, fep, fep_clinical_category, imi, imi_clinical_category, imi_cloxa, mer_clinical_category, pip_tz, pip_tz_clinical_category, tic, tic_clinical_category, tob, tob_clinical_category) VALUES ('25', '25', '8', 'S', 'R', '16', 'R', '+', '>16', 'R', '1', 'S', '16', 'R', '8', 'I', '+', 'R', '256', 'R', '256', 'R', '1', 'S') ON DUPLICATE KEY UPDATE ami = '8', ami_clinical_category = 'S', atm_clinical_category = 'R', caz = '16', caz_clinical_category = 'R', caz_cloxa = '+', cip = '>16', cip_clinical_category = 'R', col = '1', col_clinical_category = 'S', fep = '16', fep_clinical_category = 'R', imi = '8', imi_clinical_category = 'I', imi_cloxa = '+', mer_clinical_category = 'R', pip_tz = '256', pip_tz_clinical_category = 'R', tic = '256', tic_clinical_category = 'R', tob = '1', tob_clinical_category = 'S'; 
INSERT INTO sequence_analysis(sequence_analysis_id, isolate_id, clonal_complex, mutational_resistome) VALUES ('25', '25', 'ST235', '{"PA0004": "WT", "PA0424": "V126E", "PA0425": "WT", "PA0426": "G957D", "PA0427": "WT", "PA0807": "A208V", "PA0869": "A287S", "PA0958": "WT", "PA1179": "WT", "PA1180": "Y85F", "PA1777": "WT", "PA1798": "A149T; H398R", "PA1799": "L153R; S170N", "PA2018": "T543A", "PA2019": "A30T; K329Q; L331V; W358R", "PA2020": "WT", "PA2272": "A104P; V466I", "PA2491": "D249N", "PA2492": "P60S; F172I", "PA3047": "WT", "PA3168": "T83I; D87N", "PA3574": "T4I", "PA3721": "G71E; E153Q; S209R", "PA3999": "WT", "PA4003": "WT", "PA4020": "WT", "PA4109": "M288R; G283E", "PA4110": "G27D; A97V; T105A; V205L; G391A", "PA4266": "WT", "PA4418": "WT", "PA4522": "V10A; T139A; G148A", "PA4600": "WT", "PA4700": "L353Q; S25G", "PA4776": "L71R", "PA4777": "A4T; G68S; Y345H; G362S", "PA4964": "S87L", "PA4967": "D533E", "PA5045": "WT", "PA5235": "WT", "PA5471": "L88P; D161G; H182Q; R204C; V243A", "PA5485": "WT"}') ON DUPLICATE KEY UPDATE clonal_complex = 'ST235', mutational_resistome = '{"PA0004": "WT", "PA0424": "V126E", "PA0425": "WT", "PA0426": "G957D", "PA0427": "WT", "PA0807": "A208V", "PA0869": "A287S", "PA0958": "WT", "PA1179": "WT", "PA1180": "Y85F", "PA1777": "WT", "PA1798": "A149T; H398R", "PA1799": "L153R; S170N", "PA2018": "T543A", "PA2019": "A30T; K329Q; L331V; W358R", "PA2020": "WT", "PA2272": "A104P; V466I", "PA2491": "D249N", "PA2492": "P60S; F172I", "PA3047": "WT", "PA3168": "T83I; D87N", "PA3574": "T4I", "PA3721": "G71E; E153Q; S209R", "PA3999": "WT", "PA4003": "WT", "PA4020": "WT", "PA4109": "M288R; G283E", "PA4110": "G27D; A97V; T105A; V205L; G391A", "PA4266": "WT", "PA4418": "WT", "PA4522": "V10A; T139A; G148A", "PA4600": "WT", "PA4700": "L353Q; S25G", "PA4776": "L71R", "PA4777": "A4T; G68S; Y345H; G362S", "PA4964": "S87L", "PA4967": "D533E", "PA5045": "WT", "PA5235": "WT", "PA5471": "L88P; D161G; H182Q; R204C; V243A", "PA5485": "WT"}'; 
INSERT INTO metadata_general(isolate_id, isolate_name, project_name, species) VALUES ('26', 'ARA02-015', 'GEMARA', 'Pseudomonas aeruginosa') ON DUPLICATE KEY UPDATE isolate_name = 'ARA02-015', project_name = 'GEMARA', species = 'Pseudomonas aeruginosa'; 
INSERT INTO mic(mic_id, isolate_id, ami, ami_clinical_category, atm_clinical_category, caz, caz_clinical_category, caz_cloxa, cip, cip_clinical_category, col, col_clinical_category, fep, fep_clinical_category, imi, imi_clinical_category, imi_cloxa, mer_clinical_category, pip_tz, pip_tz_clinical_category, tic, tic_clinical_category, tob, tob_clinical_category) VALUES ('26', '26', '32', 'R', 'I', '16', 'R', 'nan', '>16', 'R', '2', 'S', '16', 'R', '>32', 'R', 'nan', 'R', '32', 'R', '512', 'R', '>32', 'R') ON DUPLICATE KEY UPDATE ami = '32', ami_clinical_category = 'R', atm_clinical_category = 'I', caz = '16', caz_clinical_category = 'R', caz_cloxa = 'nan', cip = '>16', cip_clinical_category = 'R', col = '2', col_clinical_category = 'S', fep = '16', fep_clinical_category = 'R', imi = '>32', imi_clinical_category = 'R', imi_cloxa = 'nan', mer_clinical_category = 'R', pip_tz = '32', pip_tz_clinical_category = 'R', tic = '512', tic_clinical_category = 'R', tob = '>32', tob_clinical_category = 'R'; 
INSERT INTO sequence_analysis(sequence_analysis_id, isolate_id, clonal_complex, mutational_resistome) VALUES ('26', '26', 'ST175', '{"PA0004": "WT", "PA0424": "WT", "PA0425": "WT", "PA0426": "WT", "PA0427": "WT", "PA0807": "A219T", "PA0869": "S250N", "PA0958": "W339X", "PA1179": "WT", "PA1180": "WT", "PA1777": "WT", "PA1798": "H398R", "PA1799": "WT", "PA2018": "T543A", "PA2019": "K329Q; W358R", "PA2020": "G195D", "PA2272": "WT", "PA2491": "D249N", "PA2492": "P60S; F172I", "PA3047": "WT", "PA3168": "T83I; D87N", "PA3574": "WT", "PA3721": "G71E; A186T", "PA3999": "WT", "PA4003": "WT", "PA4020": "WT", "PA4109": "WT", "PA4110": "WT", "PA4266": "WT", "PA4418": "WT", "PA4522": "G148A; D183Y", "PA4600": "WT", "PA4700": "WT", "PA4776": "G19E", "PA4777": "Y345H", "PA4964": "S87W; L168Q", "PA4967": "WT", "PA5045": "E245D", "PA5235": "WT", "PA5471": "L88P; D161G; H182Q; V243A; V266M", "PA5485": "WT"}') ON DUPLICATE KEY UPDATE clonal_complex = 'ST175', mutational_resistome = '{"PA0004": "WT", "PA0424": "WT", "PA0425": "WT", "PA0426": "WT", "PA0427": "WT", "PA0807": "A219T", "PA0869": "S250N", "PA0958": "W339X", "PA1179": "WT", "PA1180": "WT", "PA1777": "WT", "PA1798": "H398R", "PA1799": "WT", "PA2018": "T543A", "PA2019": "K329Q; W358R", "PA2020": "G195D", "PA2272": "WT", "PA2491": "D249N", "PA2492": "P60S; F172I", "PA3047": "WT", "PA3168": "T83I; D87N", "PA3574": "WT", "PA3721": "G71E; A186T", "PA3999": "WT", "PA4003": "WT", "PA4020": "WT", "PA4109": "WT", "PA4110": "WT", "PA4266": "WT", "PA4418": "WT", "PA4522": "G148A; D183Y", "PA4600": "WT", "PA4700": "WT", "PA4776": "G19E", "PA4777": "Y345H", "PA4964": "S87W; L168Q", "PA4967": "WT", "PA5045": "E245D", "PA5235": "WT", "PA5471": "L88P; D161G; H182Q; V243A; V266M", "PA5485": "WT"}'; 
INSERT INTO metadata_general(isolate_id, isolate_name, project_name, species) VALUES ('27', 'ARA02-017', 'GEMARA', 'Pseudomonas aeruginosa') ON DUPLICATE KEY UPDATE isolate_name = 'ARA02-017', project_name = 'GEMARA', species = 'Pseudomonas aeruginosa'; 
INSERT INTO mic(mic_id, isolate_id, ami, ami_clinical_category, atm_clinical_category, caz, caz_clinical_category, caz_cloxa, cip, cip_clinical_category, col, col_clinical_category, fep, fep_clinical_category, imi, imi_clinical_category, imi_cloxa, mer_clinical_category, pip_tz, pip_tz_clinical_category, tic, tic_clinical_category, tob, tob_clinical_category) VALUES ('27', '27', '16', 'I', 'I', '32', 'R', 'nan', '>16', 'R', '4', 'R', '16', 'R', '>32', 'R', 'nan', 'R', '32', 'R', '>512', 'R', '32', 'R') ON DUPLICATE KEY UPDATE ami = '16', ami_clinical_category = 'I', atm_clinical_category = 'I', caz = '32', caz_clinical_category = 'R', caz_cloxa = 'nan', cip = '>16', cip_clinical_category = 'R', col = '4', col_clinical_category = 'R', fep = '16', fep_clinical_category = 'R', imi = '>32', imi_clinical_category = 'R', imi_cloxa = 'nan', mer_clinical_category = 'R', pip_tz = '32', pip_tz_clinical_category = 'R', tic = '>512', tic_clinical_category = 'R', tob = '32', tob_clinical_category = 'R'; 
INSERT INTO sequence_analysis(sequence_analysis_id, isolate_id, clonal_complex, mutational_resistome) VALUES ('27', '27', 'ST175', '{"PA0004": "WT", "PA0424": "WT", "PA0425": "WT", "PA0426": "WT", "PA0427": "WT", "PA0807": "A219T", "PA0869": "S250N", "PA0958": "nt55\u039440", "PA1179": "WT", "PA1180": "WT", "PA1777": "WT", "PA1798": "H398R", "PA1799": "WT", "PA2018": "T543A", "PA2019": "K329Q; W358R", "PA2020": "G195D", "PA2272": "E37K; A104P", "PA2491": "D249N", "PA2492": "P60S; F172I", "PA3047": "WT", "PA3168": "T83I; D87N", "PA3574": "WT", "PA3721": "G71E; A186T", "PA3999": "WT", "PA4003": "WT", "PA4020": "WT", "PA4109": "WT", "PA4110": "WT", "PA4266": "WT", "PA4418": "WT", "PA4522": "G148A; D183Y", "PA4600": "WT", "PA4700": "WT", "PA4776": "WT", "PA4777": "L301F; Y345H", "PA4964": "S87W; L168Q", "PA4967": "WT", "PA5045": "E245D", "PA5235": "WT", "PA5471": "L88P; D161G; H182Q; V243A; V266M", "PA5485": "WT"}') ON DUPLICATE KEY UPDATE clonal_complex = 'ST175', mutational_resistome = '{"PA0004": "WT", "PA0424": "WT", "PA0425": "WT", "PA0426": "WT", "PA0427": "WT", "PA0807": "A219T", "PA0869": "S250N", "PA0958": "nt55\u039440", "PA1179": "WT", "PA1180": "WT", "PA1777": "WT", "PA1798": "H398R", "PA1799": "WT", "PA2018": "T543A", "PA2019": "K329Q; W358R", "PA2020": "G195D", "PA2272": "E37K; A104P", "PA2491": "D249N", "PA2492": "P60S; F172I", "PA3047": "WT", "PA3168": "T83I; D87N", "PA3574": "WT", "PA3721": "G71E; A186T", "PA3999": "WT", "PA4003": "WT", "PA4020": "WT", "PA4109": "WT", "PA4110": "WT", "PA4266": "WT", "PA4418": "WT", "PA4522": "G148A; D183Y", "PA4600": "WT", "PA4700": "WT", "PA4776": "WT", "PA4777": "L301F; Y345H", "PA4964": "S87W; L168Q", "PA4967": "WT", "PA5045": "E245D", "PA5235": "WT", "PA5471": "L88P; D161G; H182Q; V243A; V266M", "PA5485": "WT"}'; 
INSERT INTO metadata_general(isolate_id, isolate_name, project_name, species) VALUES ('28', 'ARA02-029', 'GEMARA', 'Pseudomonas aeruginosa') ON DUPLICATE KEY UPDATE isolate_name = 'ARA02-029', project_name = 'GEMARA', species = 'Pseudomonas aeruginosa'; 
INSERT INTO mic(mic_id, isolate_id, ami, ami_clinical_category, atm_clinical_category, caz, caz_clinical_category, caz_cloxa, cip, cip_clinical_category, col, col_clinical_category, fep, fep_clinical_category, imi, imi_clinical_category, imi_cloxa, mer_clinical_category, pip_tz, pip_tz_clinical_category, tic, tic_clinical_category, tob, tob_clinical_category) VALUES ('28', '28', '4', 'S', 'I', '16', 'R', '+', '>16', 'R', '1', 'S', '16', 'R', '16', 'R', '+', 'I', '256', 'R', '>512', 'R', '32', 'R') ON DUPLICATE KEY UPDATE ami = '4', ami_clinical_category = 'S', atm_clinical_category = 'I', caz = '16', caz_clinical_category = 'R', caz_cloxa = '+', cip = '>16', cip_clinical_category = 'R', col = '1', col_clinical_category = 'S', fep = '16', fep_clinical_category = 'R', imi = '16', imi_clinical_category = 'R', imi_cloxa = '+', mer_clinical_category = 'I', pip_tz = '256', pip_tz_clinical_category = 'R', tic = '>512', tic_clinical_category = 'R', tob = '32', tob_clinical_category = 'R'; 
INSERT INTO sequence_analysis(sequence_analysis_id, isolate_id, clonal_complex, mutational_resistome) VALUES ('28', '28', 'ST111', '{"PA0004": "WT", "PA0424": "V126E", "PA0425": "WT", "PA0426": "WT", "PA0427": "WT", "PA0807": "A219T", "PA0869": "WT", "PA0958": "WT", "PA1179": "WT", "PA1180": "WT", "PA1777": "WT", "PA1798": "L137P; H398R; nt109\u03941", "PA1799": "WT", "PA2018": "G530S", "PA2019": "K329Q; L331V; W358R", "PA2020": "WT", "PA2272": "A104P", "PA2491": "D249N", "PA2492": "F172I", "PA3047": "WT", "PA3168": "T83I; V671I; G860S", "PA3574": "WT", "PA3721": "G71E", "PA3999": "WT", "PA4003": "WT", "PA4020": "D411A", "PA4109": "G283E", "PA4110": "T105A", "PA4266": "WT", "PA4418": "WT", "PA4522": "G148A", "PA4600": "WT", "PA4700": "M715K; K607R", "PA4776": "L71R", "PA4777": "A4T; V6A; V15I; G68S; Y345H", "PA4964": "S87L", "PA4967": "WT", "PA5045": "G596R", "PA5235": "nt210\u03946", "PA5471": "L88P; D161G; H182Q; V243A", "PA5485": "WT"}') ON DUPLICATE KEY UPDATE clonal_complex = 'ST111', mutational_resistome = '{"PA0004": "WT", "PA0424": "V126E", "PA0425": "WT", "PA0426": "WT", "PA0427": "WT", "PA0807": "A219T", "PA0869": "WT", "PA0958": "WT", "PA1179": "WT", "PA1180": "WT", "PA1777": "WT", "PA1798": "L137P; H398R; nt109\u03941", "PA1799": "WT", "PA2018": "G530S", "PA2019": "K329Q; L331V; W358R", "PA2020": "WT", "PA2272": "A104P", "PA2491": "D249N", "PA2492": "F172I", "PA3047": "WT", "PA3168": "T83I; V671I; G860S", "PA3574": "WT", "PA3721": "G71E", "PA3999": "WT", "PA4003": "WT", "PA4020": "D411A", "PA4109": "G283E", "PA4110": "T105A", "PA4266": "WT", "PA4418": "WT", "PA4522": "G148A", "PA4600": "WT", "PA4700": "M715K; K607R", "PA4776": "L71R", "PA4777": "A4T; V6A; V15I; G68S; Y345H", "PA4964": "S87L", "PA4967": "WT", "PA5045": "G596R", "PA5235": "nt210\u03946", "PA5471": "L88P; D161G; H182Q; V243A", "PA5485": "WT"}'; 
INSERT INTO metadata_general(isolate_id, isolate_name, project_name, species) VALUES ('29', 'ARA02-040', 'GEMARA', 'Pseudomonas aeruginosa') ON DUPLICATE KEY UPDATE isolate_name = 'ARA02-040', project_name = 'GEMARA', species = 'Pseudomonas aeruginosa'; 
INSERT INTO mic(mic_id, isolate_id, ami, ami_clinical_category, atm_clinical_category, caz, caz_clinical_category, caz_cloxa, cip, cip_clinical_category, col, col_clinical_category, fep, fep_clinical_category, imi, imi_clinical_category, imi_cloxa, mer_clinical_category, pip_tz, pip_tz_clinical_category, tic, tic_clinical_category, tob, tob_clinical_category) VALUES ('29', '29', '4', 'S', 'R', '16', 'R', '+', '>16', 'R', '1', 'S', '8', 'S', '16', 'R', '+', 'R', '64', 'R', '128', 'R', '16', 'R') ON DUPLICATE KEY UPDATE ami = '4', ami_clinical_category = 'S', atm_clinical_category = 'R', caz = '16', caz_clinical_category = 'R', caz_cloxa = '+', cip = '>16', cip_clinical_category = 'R', col = '1', col_clinical_category = 'S', fep = '8', fep_clinical_category = 'S', imi = '16', imi_clinical_category = 'R', imi_cloxa = '+', mer_clinical_category = 'R', pip_tz = '64', pip_tz_clinical_category = 'R', tic = '128', tic_clinical_category = 'R', tob = '16', tob_clinical_category = 'R'; 
INSERT INTO sequence_analysis(sequence_analysis_id, isolate_id, clonal_complex, mutational_resistome) VALUES ('29', '29', 'ST175', '{"PA0004": "WT", "PA0424": "WT", "PA0425": "WT", "PA0426": "WT", "PA0427": "WT", "PA0807": "A219T", "PA0869": "S250N", "PA0958": "Q142X", "PA1179": "WT", "PA1180": "WT", "PA1777": "WT", "PA1798": "WT", "PA1799": "WT", "PA2018": "T543A", "PA2019": "K329Q; W358R", "PA2020": "G195D", "PA2272": "E37K; A104P", "PA2491": "D249N", "PA2492": "P60S; F172I", "PA3047": "WT", "PA3168": "T83I; D87N", "PA3574": "WT", "PA3721": "G71E; A186T", "PA3999": "WT", "PA4003": "WT", "PA4020": "WT", "PA4109": "G154R", "PA4110": "WT", "PA4266": "WT", "PA4418": "WT", "PA4522": "G148A; D183Y", "PA4600": "WT", "PA4700": "WT", "PA4776": "WT", "PA4777": "Y345H", "PA4964": "S87W; L168Q", "PA4967": "WT", "PA5045": "E245D", "PA5235": "T211P", "PA5471": "L88P; D161G; H182Q; V243A; V266M", "PA5485": "WT"}') ON DUPLICATE KEY UPDATE clonal_complex = 'ST175', mutational_resistome = '{"PA0004": "WT", "PA0424": "WT", "PA0425": "WT", "PA0426": "WT", "PA0427": "WT", "PA0807": "A219T", "PA0869": "S250N", "PA0958": "Q142X", "PA1179": "WT", "PA1180": "WT", "PA1777": "WT", "PA1798": "WT", "PA1799": "WT", "PA2018": "T543A", "PA2019": "K329Q; W358R", "PA2020": "G195D", "PA2272": "E37K; A104P", "PA2491": "D249N", "PA2492": "P60S; F172I", "PA3047": "WT", "PA3168": "T83I; D87N", "PA3574": "WT", "PA3721": "G71E; A186T", "PA3999": "WT", "PA4003": "WT", "PA4020": "WT", "PA4109": "G154R", "PA4110": "WT", "PA4266": "WT", "PA4418": "WT", "PA4522": "G148A; D183Y", "PA4600": "WT", "PA4700": "WT", "PA4776": "WT", "PA4777": "Y345H", "PA4964": "S87W; L168Q", "PA4967": "WT", "PA5045": "E245D", "PA5235": "T211P", "PA5471": "L88P; D161G; H182Q; V243A; V266M", "PA5485": "WT"}'; 
INSERT INTO metadata_general(isolate_id, isolate_name, project_name, species) VALUES ('30', 'ARA03-008', 'GEMARA', 'Pseudomonas aeruginosa') ON DUPLICATE KEY UPDATE isolate_name = 'ARA03-008', project_name = 'GEMARA', species = 'Pseudomonas aeruginosa'; 
INSERT INTO mic(mic_id, isolate_id, ami, ami_clinical_category, atm_clinical_category, caz, caz_clinical_category, caz_cloxa, cip, cip_clinical_category, col, col_clinical_category, fep, fep_clinical_category, imi, imi_clinical_category, imi_cloxa, mer_clinical_category, pip_tz, pip_tz_clinical_category, tic, tic_clinical_category, tob, tob_clinical_category) VALUES ('30', '30', '64', 'R', 'R', '32', 'R', '+', '16', 'R', '1', 'S', '16', 'R', '2', 'S', '+', 'S', '256', 'R', '128', 'R', '>32', 'R') ON DUPLICATE KEY UPDATE ami = '64', ami_clinical_category = 'R', atm_clinical_category = 'R', caz = '32', caz_clinical_category = 'R', caz_cloxa = '+', cip = '16', cip_clinical_category = 'R', col = '1', col_clinical_category = 'S', fep = '16', fep_clinical_category = 'R', imi = '2', imi_clinical_category = 'S', imi_cloxa = '+', mer_clinical_category = 'S', pip_tz = '256', pip_tz_clinical_category = 'R', tic = '128', tic_clinical_category = 'R', tob = '>32', tob_clinical_category = 'R'; 
INSERT INTO sequence_analysis(sequence_analysis_id, isolate_id, clonal_complex, mutational_resistome) VALUES ('30', '30', 'ST308', '{"PA0004": "WT", "PA0424": "V126E", "PA0425": "WT", "PA0426": "G957D", "PA0427": "WT", "PA0807": "WT", "PA0869": "V201M; A287S", "PA0958": "WT", "PA1179": "WT", "PA1180": "WT", "PA1777": "WT", "PA1798": "L137P; V216A; H398R", "PA1799": "L153R; S170N; nt618InsA", "PA2018": "I536V; T543A; G589A; Q840E; N1036T", "PA2019": "A30T; K329Q; L331V; W358R", "PA2020": "G89S; nt483InsTAT", "PA2272": "A104P", "PA2491": "V73A; D249N", "PA2492": "F172I", "PA3047": "WT", "PA3168": "T83I", "PA3574": "WT", "PA3721": "G71E; D79E; S209R", "PA3999": "WT", "PA4003": "WT", "PA4020": "WT", "PA4109": "G283E; M288R", "PA4110": "G27D; T105A; V205L; V356I; G391A", "PA4266": "WT", "PA4418": "WT", "PA4522": "A96T", "PA4600": "WT", "PA4700": "L353Q; S25G", "PA4776": "WT", "PA4777": "S2P; A4T; V15I; G68S; Y345H", "PA4964": "S87L; P752T", "PA4967": "D533E", "PA5045": "D73N", "PA5235": "nt143\u03949", "PA5471": "C40R; L88P; S112N; D119E; I237V; V243A", "PA5485": "V40I"}') ON DUPLICATE KEY UPDATE clonal_complex = 'ST308', mutational_resistome = '{"PA0004": "WT", "PA0424": "V126E", "PA0425": "WT", "PA0426": "G957D", "PA0427": "WT", "PA0807": "WT", "PA0869": "V201M; A287S", "PA0958": "WT", "PA1179": "WT", "PA1180": "WT", "PA1777": "WT", "PA1798": "L137P; V216A; H398R", "PA1799": "L153R; S170N; nt618InsA", "PA2018": "I536V; T543A; G589A; Q840E; N1036T", "PA2019": "A30T; K329Q; L331V; W358R", "PA2020": "G89S; nt483InsTAT", "PA2272": "A104P", "PA2491": "V73A; D249N", "PA2492": "F172I", "PA3047": "WT", "PA3168": "T83I", "PA3574": "WT", "PA3721": "G71E; D79E; S209R", "PA3999": "WT", "PA4003": "WT", "PA4020": "WT", "PA4109": "G283E; M288R", "PA4110": "G27D; T105A; V205L; V356I; G391A", "PA4266": "WT", "PA4418": "WT", "PA4522": "A96T", "PA4600": "WT", "PA4700": "L353Q; S25G", "PA4776": "WT", "PA4777": "S2P; A4T; V15I; G68S; Y345H", "PA4964": "S87L; P752T", "PA4967": "D533E", "PA5045": "D73N", "PA5235": "nt143\u03949", "PA5471": "C40R; L88P; S112N; D119E; I237V; V243A", "PA5485": "V40I"}'; 
INSERT INTO metadata_general(isolate_id, isolate_name, project_name, species) VALUES ('31', 'AST01-007', 'GEMARA', 'Pseudomonas aeruginosa') ON DUPLICATE KEY UPDATE isolate_name = 'AST01-007', project_name = 'GEMARA', species = 'Pseudomonas aeruginosa'; 
INSERT INTO mic(mic_id, isolate_id, ami, ami_clinical_category, atm_clinical_category, caz, caz_clinical_category, caz_cloxa, cip, cip_clinical_category, col, col_clinical_category, fep, fep_clinical_category, imi, imi_clinical_category, imi_cloxa, mer_clinical_category, pip_tz, pip_tz_clinical_category, tic, tic_clinical_category, tob, tob_clinical_category) VALUES ('31', '31', '4', 'S', 'I', '32', 'R', '+', '>16', 'R', '1', 'S', '16', 'R', '8', 'I', '+', 'I', '128', 'R', '128', 'R', '16', 'R') ON DUPLICATE KEY UPDATE ami = '4', ami_clinical_category = 'S', atm_clinical_category = 'I', caz = '32', caz_clinical_category = 'R', caz_cloxa = '+', cip = '>16', cip_clinical_category = 'R', col = '1', col_clinical_category = 'S', fep = '16', fep_clinical_category = 'R', imi = '8', imi_clinical_category = 'I', imi_cloxa = '+', mer_clinical_category = 'I', pip_tz = '128', pip_tz_clinical_category = 'R', tic = '128', tic_clinical_category = 'R', tob = '16', tob_clinical_category = 'R'; 
INSERT INTO sequence_analysis(sequence_analysis_id, isolate_id, clonal_complex, mutational_resistome) VALUES ('31', '31', 'ST175', '{"PA0004": "WT", "PA0424": "WT", "PA0425": "WT", "PA0426": "WT", "PA0427": "WT", "PA0807": "A219T", "PA0869": "S250N", "PA0958": "Q142X", "PA1179": "WT", "PA1180": "WT", "PA1777": "WT", "PA1798": "H398R", "PA1799": "WT", "PA2018": "T543A", "PA2019": "K329Q", "PA2020": "G195D", "PA2272": "E37K; A104P", "PA2491": "D249N", "PA2492": "P60S; F172I", "PA3047": "WT", "PA3168": "T83I; D87N", "PA3574": "WT", "PA3721": "G71E; A186T", "PA3999": "WT", "PA4003": "WT", "PA4020": "WT", "PA4109": "G154R", "PA4110": "WT", "PA4266": "WT", "PA4418": "WT", "PA4522": "G148A; D183Y", "PA4600": "WT", "PA4700": "WT", "PA4776": "WT", "PA4777": "Y345H", "PA4964": "S87W; L168Q", "PA4967": "WT", "PA5045": "E245D", "PA5235": "T211P", "PA5471": "L88P; D161G; H182Q; V243A; V266M", "PA5485": "WT"}') ON DUPLICATE KEY UPDATE clonal_complex = 'ST175', mutational_resistome = '{"PA0004": "WT", "PA0424": "WT", "PA0425": "WT", "PA0426": "WT", "PA0427": "WT", "PA0807": "A219T", "PA0869": "S250N", "PA0958": "Q142X", "PA1179": "WT", "PA1180": "WT", "PA1777": "WT", "PA1798": "H398R", "PA1799": "WT", "PA2018": "T543A", "PA2019": "K329Q", "PA2020": "G195D", "PA2272": "E37K; A104P", "PA2491": "D249N", "PA2492": "P60S; F172I", "PA3047": "WT", "PA3168": "T83I; D87N", "PA3574": "WT", "PA3721": "G71E; A186T", "PA3999": "WT", "PA4003": "WT", "PA4020": "WT", "PA4109": "G154R", "PA4110": "WT", "PA4266": "WT", "PA4418": "WT", "PA4522": "G148A; D183Y", "PA4600": "WT", "PA4700": "WT", "PA4776": "WT", "PA4777": "Y345H", "PA4964": "S87W; L168Q", "PA4967": "WT", "PA5045": "E245D", "PA5235": "T211P", "PA5471": "L88P; D161G; H182Q; V243A; V266M", "PA5485": "WT"}'; 
INSERT INTO metadata_general(isolate_id, isolate_name, project_name, species) VALUES ('32', 'AST01-025', 'GEMARA', 'Pseudomonas aeruginosa') ON DUPLICATE KEY UPDATE isolate_name = 'AST01-025', project_name = 'GEMARA', species = 'Pseudomonas aeruginosa'; 
INSERT INTO mic(mic_id, isolate_id, ami, ami_clinical_category, atm_clinical_category, caz, caz_clinical_category, caz_cloxa, cip, cip_clinical_category, col, col_clinical_category, fep, fep_clinical_category, imi, imi_clinical_category, imi_cloxa, mer_clinical_category, pip_tz, pip_tz_clinical_category, tic, tic_clinical_category, tob, tob_clinical_category) VALUES ('32', '32', '16', 'I', 'R', '64', 'R', '+', '>16', 'R', '1', 'S', '16', 'R', '1', 'S', 'nan', 'S', '256', 'R', '256', 'R', '>32', 'R') ON DUPLICATE KEY UPDATE ami = '16', ami_clinical_category = 'I', atm_clinical_category = 'R', caz = '64', caz_clinical_category = 'R', caz_cloxa = '+', cip = '>16', cip_clinical_category = 'R', col = '1', col_clinical_category = 'S', fep = '16', fep_clinical_category = 'R', imi = '1', imi_clinical_category = 'S', imi_cloxa = 'nan', mer_clinical_category = 'S', pip_tz = '256', pip_tz_clinical_category = 'R', tic = '256', tic_clinical_category = 'R', tob = '>32', tob_clinical_category = 'R'; 
INSERT INTO sequence_analysis(sequence_analysis_id, isolate_id, clonal_complex, mutational_resistome) VALUES ('32', '32', 'ST308', '{"PA0004": "E468D", "PA0424": "V126E", "PA0425": "WT", "PA0426": "G957D", "PA0427": "WT", "PA0807": "WT", "PA0869": "A287S", "PA0958": "WT", "PA1179": "WT", "PA1180": "WT", "PA1777": "WT", "PA1798": "L137P; V216A; H398R", "PA1799": "L153R; S170N; nt618InsA", "PA2018": "I536V; T543A; G589A; Q840E; N1036T", "PA2019": "A30T; K329Q; L331V; W358R", "PA2020": "G89S; nt483InsTAT", "PA2272": "A104P", "PA2491": "V73A; D249N", "PA2492": "F172I", "PA3047": "WT", "PA3168": "T83I", "PA3574": "WT", "PA3721": "G71E; D79E; S209R", "PA3999": "WT", "PA4003": "WT", "PA4020": "WT", "PA4109": "G283E; M288R", "PA4110": "G27D; T105A; V205L; V356I; G391A", "PA4266": "WT", "PA4418": "WT", "PA4522": "A96T", "PA4600": "WT", "PA4700": "L353Q; S25G", "PA4776": "WT", "PA4777": "S2P; A4T; V15I; G68S; Y345H", "PA4964": "S87L; P752T", "PA4967": "P438S; D533E", "PA5045": "D73N", "PA5235": "WT", "PA5471": "C40R; L88P; S112N; D119E; I237V; V243A", "PA5485": "V40I"}') ON DUPLICATE KEY UPDATE clonal_complex = 'ST308', mutational_resistome = '{"PA0004": "E468D", "PA0424": "V126E", "PA0425": "WT", "PA0426": "G957D", "PA0427": "WT", "PA0807": "WT", "PA0869": "A287S", "PA0958": "WT", "PA1179": "WT", "PA1180": "WT", "PA1777": "WT", "PA1798": "L137P; V216A; H398R", "PA1799": "L153R; S170N; nt618InsA", "PA2018": "I536V; T543A; G589A; Q840E; N1036T", "PA2019": "A30T; K329Q; L331V; W358R", "PA2020": "G89S; nt483InsTAT", "PA2272": "A104P", "PA2491": "V73A; D249N", "PA2492": "F172I", "PA3047": "WT", "PA3168": "T83I", "PA3574": "WT", "PA3721": "G71E; D79E; S209R", "PA3999": "WT", "PA4003": "WT", "PA4020": "WT", "PA4109": "G283E; M288R", "PA4110": "G27D; T105A; V205L; V356I; G391A", "PA4266": "WT", "PA4418": "WT", "PA4522": "A96T", "PA4600": "WT", "PA4700": "L353Q; S25G", "PA4776": "WT", "PA4777": "S2P; A4T; V15I; G68S; Y345H", "PA4964": "S87L; P752T", "PA4967": "P438S; D533E", "PA5045": "D73N", "PA5235": "WT", "PA5471": "C40R; L88P; S112N; D119E; I237V; V243A", "PA5485": "V40I"}'; 
INSERT INTO metadata_general(isolate_id, isolate_name, project_name, species) VALUES ('33', 'AST01-026', 'GEMARA', 'Pseudomonas aeruginosa') ON DUPLICATE KEY UPDATE isolate_name = 'AST01-026', project_name = 'GEMARA', species = 'Pseudomonas aeruginosa'; 
INSERT INTO mic(mic_id, isolate_id, ami, ami_clinical_category, atm_clinical_category, caz, caz_clinical_category, caz_cloxa, cip, cip_clinical_category, col, col_clinical_category, fep, fep_clinical_category, imi, imi_clinical_category, imi_cloxa, mer_clinical_category, pip_tz, pip_tz_clinical_category, tic, tic_clinical_category, tob, tob_clinical_category) VALUES ('33', '33', '8', 'S', 'I', '16', 'R', '+', '>16', 'R', '1', 'S', '8', 'S', '16', 'R', '+', 'I', '64', 'R', '64', 'R', '32', 'R') ON DUPLICATE KEY UPDATE ami = '8', ami_clinical_category = 'S', atm_clinical_category = 'I', caz = '16', caz_clinical_category = 'R', caz_cloxa = '+', cip = '>16', cip_clinical_category = 'R', col = '1', col_clinical_category = 'S', fep = '8', fep_clinical_category = 'S', imi = '16', imi_clinical_category = 'R', imi_cloxa = '+', mer_clinical_category = 'I', pip_tz = '64', pip_tz_clinical_category = 'R', tic = '64', tic_clinical_category = 'R', tob = '32', tob_clinical_category = 'R'; 
INSERT INTO sequence_analysis(sequence_analysis_id, isolate_id, clonal_complex, mutational_resistome) VALUES ('33', '33', 'ST175', '{"PA0004": "WT", "PA0424": "WT", "PA0425": "WT", "PA0426": "WT", "PA0427": "WT", "PA0807": "A219T", "PA0869": "S250N", "PA0958": "Q142X", "PA1179": "WT", "PA1180": "WT", "PA1777": "WT", "PA1798": "H398R", "PA1799": "WT", "PA2018": "T543A", "PA2019": "K329Q", "PA2020": "G195D", "PA2272": "E37K; A104P", "PA2491": "D249N", "PA2492": "P60S; F172I", "PA3047": "WT", "PA3168": "T83I; D87N", "PA3574": "WT", "PA3721": "G71E; A186T", "PA3999": "WT", "PA4003": "WT", "PA4020": "WT", "PA4109": "G154R", "PA4110": "WT", "PA4266": "WT", "PA4418": "WT", "PA4522": "G148A; D183Y", "PA4600": "WT", "PA4700": "WT", "PA4776": "WT", "PA4777": "Y345H", "PA4964": "S87W; L168Q", "PA4967": "WT", "PA5045": "E245D", "PA5235": "T211P", "PA5471": "L88P; D161G; H182Q; V243A; V266M", "PA5485": "WT"}') ON DUPLICATE KEY UPDATE clonal_complex = 'ST175', mutational_resistome = '{"PA0004": "WT", "PA0424": "WT", "PA0425": "WT", "PA0426": "WT", "PA0427": "WT", "PA0807": "A219T", "PA0869": "S250N", "PA0958": "Q142X", "PA1179": "WT", "PA1180": "WT", "PA1777": "WT", "PA1798": "H398R", "PA1799": "WT", "PA2018": "T543A", "PA2019": "K329Q", "PA2020": "G195D", "PA2272": "E37K; A104P", "PA2491": "D249N", "PA2492": "P60S; F172I", "PA3047": "WT", "PA3168": "T83I; D87N", "PA3574": "WT", "PA3721": "G71E; A186T", "PA3999": "WT", "PA4003": "WT", "PA4020": "WT", "PA4109": "G154R", "PA4110": "WT", "PA4266": "WT", "PA4418": "WT", "PA4522": "G148A; D183Y", "PA4600": "WT", "PA4700": "WT", "PA4776": "WT", "PA4777": "Y345H", "PA4964": "S87W; L168Q", "PA4967": "WT", "PA5045": "E245D", "PA5235": "T211P", "PA5471": "L88P; D161G; H182Q; V243A; V266M", "PA5485": "WT"}'; 
INSERT INTO metadata_general(isolate_id, isolate_name, project_name, species) VALUES ('34', 'AST01-042', 'GEMARA', 'Pseudomonas aeruginosa') ON DUPLICATE KEY UPDATE isolate_name = 'AST01-042', project_name = 'GEMARA', species = 'Pseudomonas aeruginosa'; 
INSERT INTO mic(mic_id, isolate_id, ami, ami_clinical_category, atm_clinical_category, caz, caz_clinical_category, caz_cloxa, cip, cip_clinical_category, col, col_clinical_category, fep, fep_clinical_category, imi, imi_clinical_category, imi_cloxa, mer_clinical_category, pip_tz, pip_tz_clinical_category, tic, tic_clinical_category, tob, tob_clinical_category) VALUES ('34', '34', '8', 'S', 'R', '32', 'R', '+', '16', 'R', '<=0.5', 'S', '16', 'R', '1', 'S', 'nan', 'I', '256', 'R', '128', 'R', '1', 'S') ON DUPLICATE KEY UPDATE ami = '8', ami_clinical_category = 'S', atm_clinical_category = 'R', caz = '32', caz_clinical_category = 'R', caz_cloxa = '+', cip = '16', cip_clinical_category = 'R', col = '<=0.5', col_clinical_category = 'S', fep = '16', fep_clinical_category = 'R', imi = '1', imi_clinical_category = 'S', imi_cloxa = 'nan', mer_clinical_category = 'I', pip_tz = '256', pip_tz_clinical_category = 'R', tic = '128', tic_clinical_category = 'R', tob = '1', tob_clinical_category = 'S'; 
INSERT INTO sequence_analysis(sequence_analysis_id, isolate_id, clonal_complex, mutational_resistome) VALUES ('34', '34', 'ST235', '{"PA0004": "WT", "PA0424": "V126E", "PA0425": "WT", "PA0426": "G957D", "PA0427": "WT", "PA0807": "A208V", "PA0869": "A287S", "PA0958": "WT", "PA1179": "WT", "PA1180": "Y85F", "PA1777": "WT", "PA1798": "H398R", "PA1799": "L153R; S170N", "PA2018": "T543A", "PA2019": "A30T; K329Q; L331V; W358R", "PA2020": "WT", "PA2272": "A104P; V466I", "PA2491": "D249N", "PA2492": "P60S; F172I", "PA3047": "WT", "PA3168": "T83I", "PA3574": "WT", "PA3721": "G71E; E153Q; S209R", "PA3999": "WT", "PA4003": "WT", "PA4020": "WT", "PA4109": "G283E; M288R", "PA4110": "G27D; A97V; T105A; V205L; G391A", "PA4266": "WT", "PA4418": "WT", "PA4522": "G148A; nt377\u03941", "PA4600": "WT", "PA4700": "L353Q; S25G", "PA4776": "L71R", "PA4777": "A4T; G68S; Y345H; G362S", "PA4964": "S87L", "PA4967": "D533E", "PA5045": "WT", "PA5235": "WT", "PA5471": "L88P; D161G; H182Q; R204C; V243A", "PA5485": "WT"}') ON DUPLICATE KEY UPDATE clonal_complex = 'ST235', mutational_resistome = '{"PA0004": "WT", "PA0424": "V126E", "PA0425": "WT", "PA0426": "G957D", "PA0427": "WT", "PA0807": "A208V", "PA0869": "A287S", "PA0958": "WT", "PA1179": "WT", "PA1180": "Y85F", "PA1777": "WT", "PA1798": "H398R", "PA1799": "L153R; S170N", "PA2018": "T543A", "PA2019": "A30T; K329Q; L331V; W358R", "PA2020": "WT", "PA2272": "A104P; V466I", "PA2491": "D249N", "PA2492": "P60S; F172I", "PA3047": "WT", "PA3168": "T83I", "PA3574": "WT", "PA3721": "G71E; E153Q; S209R", "PA3999": "WT", "PA4003": "WT", "PA4020": "WT", "PA4109": "G283E; M288R", "PA4110": "G27D; A97V; T105A; V205L; G391A", "PA4266": "WT", "PA4418": "WT", "PA4522": "G148A; nt377\u03941", "PA4600": "WT", "PA4700": "L353Q; S25G", "PA4776": "L71R", "PA4777": "A4T; G68S; Y345H; G362S", "PA4964": "S87L", "PA4967": "D533E", "PA5045": "WT", "PA5235": "WT", "PA5471": "L88P; D161G; H182Q; R204C; V243A", "PA5485": "WT"}'; 
INSERT INTO metadata_general(isolate_id, isolate_name, project_name, species) VALUES ('35', 'BAL01-003', 'GEMARA', 'Pseudomonas aeruginosa') ON DUPLICATE KEY UPDATE isolate_name = 'BAL01-003', project_name = 'GEMARA', species = 'Pseudomonas aeruginosa'; 
INSERT INTO mic(mic_id, isolate_id, ami, ami_clinical_category, atm_clinical_category, caz, caz_clinical_category, caz_cloxa, cip, cip_clinical_category, col, col_clinical_category, fep, fep_clinical_category, imi, imi_clinical_category, imi_cloxa, mer_clinical_category, pip_tz, pip_tz_clinical_category, tic, tic_clinical_category, tob, tob_clinical_category) VALUES ('35', '35', '4', 'S', 'I', '16', 'R', '+', '>16', 'R', '2', 'S', '4', 'S', '8', 'I', '+', 'I', '128', 'R', '128', 'R', '16', 'R') ON DUPLICATE KEY UPDATE ami = '4', ami_clinical_category = 'S', atm_clinical_category = 'I', caz = '16', caz_clinical_category = 'R', caz_cloxa = '+', cip = '>16', cip_clinical_category = 'R', col = '2', col_clinical_category = 'S', fep = '4', fep_clinical_category = 'S', imi = '8', imi_clinical_category = 'I', imi_cloxa = '+', mer_clinical_category = 'I', pip_tz = '128', pip_tz_clinical_category = 'R', tic = '128', tic_clinical_category = 'R', tob = '16', tob_clinical_category = 'R'; 
INSERT INTO sequence_analysis(sequence_analysis_id, isolate_id, clonal_complex, mutational_resistome) VALUES ('35', '35', 'ST175', '{"PA0004": "WT", "PA0424": "WT", "PA0425": "WT", "PA0426": "WT", "PA0427": "WT", "PA0807": "A219T", "PA0869": "S250N", "PA0958": "Q142X", "PA1179": "WT", "PA1180": "WT", "PA1777": "WT", "PA1798": "H398R", "PA1799": "WT", "PA2018": "T543A", "PA2019": "K329Q; W358R", "PA2020": "G195D", "PA2272": "E37K; A104P", "PA2491": "D249N", "PA2492": "P60S; F172I", "PA3047": "WT", "PA3168": "T83I; D87N", "PA3574": "WT", "PA3721": "G71E; A186T", "PA3999": "WT", "PA4003": "WT", "PA4020": "WT", "PA4109": "G154R", "PA4110": "WT", "PA4266": "WT", "PA4418": "WT", "PA4522": "G148A; D183Y", "PA4600": "WT", "PA4700": "WT", "PA4776": "WT", "PA4777": "Y345H", "PA4964": "S87W; L168Q", "PA4967": "WT", "PA5045": "E245D", "PA5235": "T211P", "PA5471": "L88P; D161G; H182Q; V243A; V266M", "PA5485": "WT"}') ON DUPLICATE KEY UPDATE clonal_complex = 'ST175', mutational_resistome = '{"PA0004": "WT", "PA0424": "WT", "PA0425": "WT", "PA0426": "WT", "PA0427": "WT", "PA0807": "A219T", "PA0869": "S250N", "PA0958": "Q142X", "PA1179": "WT", "PA1180": "WT", "PA1777": "WT", "PA1798": "H398R", "PA1799": "WT", "PA2018": "T543A", "PA2019": "K329Q; W358R", "PA2020": "G195D", "PA2272": "E37K; A104P", "PA2491": "D249N", "PA2492": "P60S; F172I", "PA3047": "WT", "PA3168": "T83I; D87N", "PA3574": "WT", "PA3721": "G71E; A186T", "PA3999": "WT", "PA4003": "WT", "PA4020": "WT", "PA4109": "G154R", "PA4110": "WT", "PA4266": "WT", "PA4418": "WT", "PA4522": "G148A; D183Y", "PA4600": "WT", "PA4700": "WT", "PA4776": "WT", "PA4777": "Y345H", "PA4964": "S87W; L168Q", "PA4967": "WT", "PA5045": "E245D", "PA5235": "T211P", "PA5471": "L88P; D161G; H182Q; V243A; V266M", "PA5485": "WT"}'; 
INSERT INTO metadata_general(isolate_id, isolate_name, project_name, species) VALUES ('36', 'BAL01-013', 'GEMARA', 'Pseudomonas aeruginosa') ON DUPLICATE KEY UPDATE isolate_name = 'BAL01-013', project_name = 'GEMARA', species = 'Pseudomonas aeruginosa'; 
INSERT INTO mic(mic_id, isolate_id, ami, ami_clinical_category, atm_clinical_category, caz, caz_clinical_category, caz_cloxa, cip, cip_clinical_category, col, col_clinical_category, fep, fep_clinical_category, imi, imi_clinical_category, imi_cloxa, mer_clinical_category, pip_tz, pip_tz_clinical_category, tic, tic_clinical_category, tob, tob_clinical_category) VALUES ('36', '36', '4', 'S', 'R', '64', 'R', 'nan', '>16', 'R', '2', 'S', '32', 'R', '2', 'S', 'nan', 'R', '16', 'S', '>512', 'R', '16', 'R') ON DUPLICATE KEY UPDATE ami = '4', ami_clinical_category = 'S', atm_clinical_category = 'R', caz = '64', caz_clinical_category = 'R', caz_cloxa = 'nan', cip = '>16', cip_clinical_category = 'R', col = '2', col_clinical_category = 'S', fep = '32', fep_clinical_category = 'R', imi = '2', imi_clinical_category = 'S', imi_cloxa = 'nan', mer_clinical_category = 'R', pip_tz = '16', pip_tz_clinical_category = 'S', tic = '>512', tic_clinical_category = 'R', tob = '16', tob_clinical_category = 'R'; 
INSERT INTO sequence_analysis(sequence_analysis_id, isolate_id, clonal_complex, mutational_resistome) VALUES ('36', '36', 'ST175', '{"PA0004": "WT", "PA0424": "WT", "PA0425": "WT", "PA0426": "WT", "PA0427": "WT", "PA0807": "A219T", "PA0869": "S250N", "PA0958": "Q142X", "PA1179": "WT", "PA1180": "WT", "PA1777": "WT", "PA1798": "WT", "PA1799": "WT", "PA2018": "T543A", "PA2019": "K329Q; W358R", "PA2020": "G195D", "PA2272": "E37K; A104P", "PA2491": "D249N", "PA2492": "WT", "PA3047": "WT", "PA3168": "T83I; D87N", "PA3574": "WT", "PA3721": "G71E; A186T", "PA3999": "WT", "PA4003": "WT", "PA4020": "WT", "PA4109": "G154R", "PA4110": "G183D", "PA4266": "WT", "PA4418": "R504C", "PA4522": "G148A; D183Y", "PA4600": "WT", "PA4700": "WT", "PA4776": "WT", "PA4777": "Y345H", "PA4964": "S87W; L168Q", "PA4967": "WT", "PA5045": "E245D", "PA5235": "T211P", "PA5471": "L88P; D161G; H182Q; V243A; V266M", "PA5485": "WT"}') ON DUPLICATE KEY UPDATE clonal_complex = 'ST175', mutational_resistome = '{"PA0004": "WT", "PA0424": "WT", "PA0425": "WT", "PA0426": "WT", "PA0427": "WT", "PA0807": "A219T", "PA0869": "S250N", "PA0958": "Q142X", "PA1179": "WT", "PA1180": "WT", "PA1777": "WT", "PA1798": "WT", "PA1799": "WT", "PA2018": "T543A", "PA2019": "K329Q; W358R", "PA2020": "G195D", "PA2272": "E37K; A104P", "PA2491": "D249N", "PA2492": "WT", "PA3047": "WT", "PA3168": "T83I; D87N", "PA3574": "WT", "PA3721": "G71E; A186T", "PA3999": "WT", "PA4003": "WT", "PA4020": "WT", "PA4109": "G154R", "PA4110": "G183D", "PA4266": "WT", "PA4418": "R504C", "PA4522": "G148A; D183Y", "PA4600": "WT", "PA4700": "WT", "PA4776": "WT", "PA4777": "Y345H", "PA4964": "S87W; L168Q", "PA4967": "WT", "PA5045": "E245D", "PA5235": "T211P", "PA5471": "L88P; D161G; H182Q; V243A; V266M", "PA5485": "WT"}'; 
INSERT INTO metadata_general(isolate_id, isolate_name, project_name, species) VALUES ('37', 'BAL01-034', 'GEMARA', 'Pseudomonas aeruginosa') ON DUPLICATE KEY UPDATE isolate_name = 'BAL01-034', project_name = 'GEMARA', species = 'Pseudomonas aeruginosa'; 
INSERT INTO mic(mic_id, isolate_id, ami, ami_clinical_category, atm_clinical_category, caz, caz_clinical_category, caz_cloxa, cip, cip_clinical_category, col, col_clinical_category, fep, fep_clinical_category, imi, imi_clinical_category, imi_cloxa, mer_clinical_category, pip_tz, pip_tz_clinical_category, tic, tic_clinical_category, tob, tob_clinical_category) VALUES ('37', '37', '8', 'S', 'I', '2', 'S', 'nan', '16', 'R', '1', 'S', '32', 'R', '2', 'S', 'nan', 'I', '128', 'R', '>512', 'R', '8', 'R') ON DUPLICATE KEY UPDATE ami = '8', ami_clinical_category = 'S', atm_clinical_category = 'I', caz = '2', caz_clinical_category = 'S', caz_cloxa = 'nan', cip = '16', cip_clinical_category = 'R', col = '1', col_clinical_category = 'S', fep = '32', fep_clinical_category = 'R', imi = '2', imi_clinical_category = 'S', imi_cloxa = 'nan', mer_clinical_category = 'I', pip_tz = '128', pip_tz_clinical_category = 'R', tic = '>512', tic_clinical_category = 'R', tob = '8', tob_clinical_category = 'R'; 
INSERT INTO sequence_analysis(sequence_analysis_id, isolate_id, clonal_complex, mutational_resistome) VALUES ('37', '37', 'ST179', '{"PA0004": "WT", "PA0424": "WT", "PA0425": "WT", "PA0426": "WT", "PA0427": "WT", "PA0807": "A219T", "PA0869": "WT", "PA0958": "WT", "PA1179": "WT", "PA1180": "S300R", "PA1777": "WT", "PA1798": "V291L; H398R", "PA1799": "WT", "PA2018": "T543A", "PA2019": "K329Q; L331V; W358R", "PA2020": "nt144InsT", "PA2272": "A20S; G58D", "PA2491": "D249N", "PA2492": "F172I", "PA3047": "WT", "PA3168": "T83I", "PA3574": "WT", "PA3721": "G71E; S209R", "PA3999": "WT", "PA4003": "WT", "PA4020": "A303V; M297V", "PA4109": "WT", "PA4110": "T105A; L176R", "PA4266": "WT", "PA4418": "WT", "PA4522": "Q44H; G148A; D183Y", "PA4600": "WT", "PA4700": "L353Q", "PA4776": "WT", "PA4777": "Y345H", "PA4964": "WT", "PA4967": "WT", "PA5045": "WT", "PA5235": "WT", "PA5471": "L88P; D161G; H182Q; V243A", "PA5485": "WT"}') ON DUPLICATE KEY UPDATE clonal_complex = 'ST179', mutational_resistome = '{"PA0004": "WT", "PA0424": "WT", "PA0425": "WT", "PA0426": "WT", "PA0427": "WT", "PA0807": "A219T", "PA0869": "WT", "PA0958": "WT", "PA1179": "WT", "PA1180": "S300R", "PA1777": "WT", "PA1798": "V291L; H398R", "PA1799": "WT", "PA2018": "T543A", "PA2019": "K329Q; L331V; W358R", "PA2020": "nt144InsT", "PA2272": "A20S; G58D", "PA2491": "D249N", "PA2492": "F172I", "PA3047": "WT", "PA3168": "T83I", "PA3574": "WT", "PA3721": "G71E; S209R", "PA3999": "WT", "PA4003": "WT", "PA4020": "A303V; M297V", "PA4109": "WT", "PA4110": "T105A; L176R", "PA4266": "WT", "PA4418": "WT", "PA4522": "Q44H; G148A; D183Y", "PA4600": "WT", "PA4700": "L353Q", "PA4776": "WT", "PA4777": "Y345H", "PA4964": "WT", "PA4967": "WT", "PA5045": "WT", "PA5235": "WT", "PA5471": "L88P; D161G; H182Q; V243A", "PA5485": "WT"}'; 
INSERT INTO metadata_general(isolate_id, isolate_name, project_name, species) VALUES ('38', 'BAL02-013', 'GEMARA', 'Pseudomonas aeruginosa') ON DUPLICATE KEY UPDATE isolate_name = 'BAL02-013', project_name = 'GEMARA', species = 'Pseudomonas aeruginosa'; 
INSERT INTO mic(mic_id, isolate_id, ami, ami_clinical_category, atm_clinical_category, caz, caz_clinical_category, caz_cloxa, cip, cip_clinical_category, col, col_clinical_category, fep, fep_clinical_category, imi, imi_clinical_category, imi_cloxa, mer_clinical_category, pip_tz, pip_tz_clinical_category, tic, tic_clinical_category, tob, tob_clinical_category) VALUES ('38', '38', '64', 'R', 'I', '4', 'S', 'nan', '>16', 'R', '1', 'S', '16', 'R', '16', 'R', '+', 'R', '32', 'R', '256', 'R', '>32', 'R') ON DUPLICATE KEY UPDATE ami = '64', ami_clinical_category = 'R', atm_clinical_category = 'I', caz = '4', caz_clinical_category = 'S', caz_cloxa = 'nan', cip = '>16', cip_clinical_category = 'R', col = '1', col_clinical_category = 'S', fep = '16', fep_clinical_category = 'R', imi = '16', imi_clinical_category = 'R', imi_cloxa = '+', mer_clinical_category = 'R', pip_tz = '32', pip_tz_clinical_category = 'R', tic = '256', tic_clinical_category = 'R', tob = '>32', tob_clinical_category = 'R'; 
INSERT INTO sequence_analysis(sequence_analysis_id, isolate_id, clonal_complex, mutational_resistome) VALUES ('38', '38', 'ST235', '{"PA0004": "WT", "PA0424": "K44M; V126E", "PA0425": "WT", "PA0426": "G957D", "PA0427": "WT", "PA0807": "A208V", "PA0869": "A287S", "PA0958": "nt710InsTT", "PA1179": "WT", "PA1180": "Y85F", "PA1777": "WT", "PA1798": "H398R", "PA1799": "L153R; S170N", "PA2018": "T543A", "PA2019": "A30T; K329Q; L331V; W358R", "PA2020": "V48A", "PA2272": "A104P; V466I", "PA2491": "D249N", "PA2492": "P60S; F172I", "PA3047": "WT", "PA3168": "T83I", "PA3574": "WT", "PA3721": "G71E; E153Q; S209R", "PA3999": "WT", "PA4003": "WT", "PA4020": "WT", "PA4109": "G283E; M288R", "PA4110": "G27D; A97V; T105A; V205L; G391A", "PA4266": "WT", "PA4418": "WT", "PA4522": "G148A", "PA4600": "WT", "PA4700": "L353Q; S25G", "PA4776": "L71R", "PA4777": "A4T; G68S; V344M; Y345H; G362S", "PA4964": "S87L", "PA4967": "D533E", "PA5045": "WT", "PA5235": "nt210\u03946", "PA5471": "L88P; D161G; H182Q; R204C; V243A", "PA5485": "WT"}') ON DUPLICATE KEY UPDATE clonal_complex = 'ST235', mutational_resistome = '{"PA0004": "WT", "PA0424": "K44M; V126E", "PA0425": "WT", "PA0426": "G957D", "PA0427": "WT", "PA0807": "A208V", "PA0869": "A287S", "PA0958": "nt710InsTT", "PA1179": "WT", "PA1180": "Y85F", "PA1777": "WT", "PA1798": "H398R", "PA1799": "L153R; S170N", "PA2018": "T543A", "PA2019": "A30T; K329Q; L331V; W358R", "PA2020": "V48A", "PA2272": "A104P; V466I", "PA2491": "D249N", "PA2492": "P60S; F172I", "PA3047": "WT", "PA3168": "T83I", "PA3574": "WT", "PA3721": "G71E; E153Q; S209R", "PA3999": "WT", "PA4003": "WT", "PA4020": "WT", "PA4109": "G283E; M288R", "PA4110": "G27D; A97V; T105A; V205L; G391A", "PA4266": "WT", "PA4418": "WT", "PA4522": "G148A", "PA4600": "WT", "PA4700": "L353Q; S25G", "PA4776": "L71R", "PA4777": "A4T; G68S; V344M; Y345H; G362S", "PA4964": "S87L", "PA4967": "D533E", "PA5045": "WT", "PA5235": "nt210\u03946", "PA5471": "L88P; D161G; H182Q; R204C; V243A", "PA5485": "WT"}'; 
INSERT INTO metadata_general(isolate_id, isolate_name, project_name, species) VALUES ('39', 'BAL02-015', 'GEMARA', 'Pseudomonas aeruginosa') ON DUPLICATE KEY UPDATE isolate_name = 'BAL02-015', project_name = 'GEMARA', species = 'Pseudomonas aeruginosa'; 
INSERT INTO mic(mic_id, isolate_id, ami, ami_clinical_category, atm_clinical_category, caz, caz_clinical_category, caz_cloxa, cip, cip_clinical_category, col, col_clinical_category, fep, fep_clinical_category, imi, imi_clinical_category, imi_cloxa, mer_clinical_category, pip_tz, pip_tz_clinical_category, tic, tic_clinical_category, tob, tob_clinical_category) VALUES ('39', '39', '8', 'S', 'R', '64', 'R', '+', '8', 'R', '1', 'S', '32', 'R', '4', 'S', 'nan', 'R', '256', 'R', '512', 'R', '1', 'S') ON DUPLICATE KEY UPDATE ami = '8', ami_clinical_category = 'S', atm_clinical_category = 'R', caz = '64', caz_clinical_category = 'R', caz_cloxa = '+', cip = '8', cip_clinical_category = 'R', col = '1', col_clinical_category = 'S', fep = '32', fep_clinical_category = 'R', imi = '4', imi_clinical_category = 'S', imi_cloxa = 'nan', mer_clinical_category = 'R', pip_tz = '256', pip_tz_clinical_category = 'R', tic = '512', tic_clinical_category = 'R', tob = '1', tob_clinical_category = 'S'; 
INSERT INTO sequence_analysis(sequence_analysis_id, isolate_id, clonal_complex, mutational_resistome) VALUES ('39', '39', 'ST9', '{"PA0004": "S466Y", "PA0424": "nt373\u03941", "PA0425": "WT", "PA0426": "WT", "PA0427": "WT", "PA0807": "A219T", "PA0869": "WT", "PA0958": "WT", "PA1179": "WT", "PA1180": "WT", "PA1777": "WT", "PA1798": "L137P; H398R", "PA1799": "WT", "PA2018": "T543A", "PA2019": "K329Q; L331V", "PA2020": "WT", "PA2272": "A104P", "PA2491": "D249N", "PA2492": "F172I", "PA3047": "A394P", "PA3168": "WT", "PA3574": "WT", "PA3721": "G71E; S209R", "PA3999": "WT", "PA4003": "WT", "PA4020": "WT", "PA4109": "WT", "PA4110": "T105A", "PA4266": "Y683C", "PA4418": "WT", "PA4522": "nt393\u03941", "PA4600": "WT", "PA4700": "L353Q", "PA4776": "L71R", "PA4777": "Y345H", "PA4964": "WT", "PA4967": "WT", "PA5045": "A368T; S631I", "PA5235": "WT", "PA5471": "L88P; D161G; H182Q; V243A", "PA5485": "WT"}') ON DUPLICATE KEY UPDATE clonal_complex = 'ST9', mutational_resistome = '{"PA0004": "S466Y", "PA0424": "nt373\u03941", "PA0425": "WT", "PA0426": "WT", "PA0427": "WT", "PA0807": "A219T", "PA0869": "WT", "PA0958": "WT", "PA1179": "WT", "PA1180": "WT", "PA1777": "WT", "PA1798": "L137P; H398R", "PA1799": "WT", "PA2018": "T543A", "PA2019": "K329Q; L331V", "PA2020": "WT", "PA2272": "A104P", "PA2491": "D249N", "PA2492": "F172I", "PA3047": "A394P", "PA3168": "WT", "PA3574": "WT", "PA3721": "G71E; S209R", "PA3999": "WT", "PA4003": "WT", "PA4020": "WT", "PA4109": "WT", "PA4110": "T105A", "PA4266": "Y683C", "PA4418": "WT", "PA4522": "nt393\u03941", "PA4600": "WT", "PA4700": "L353Q", "PA4776": "L71R", "PA4777": "Y345H", "PA4964": "WT", "PA4967": "WT", "PA5045": "A368T; S631I", "PA5235": "WT", "PA5471": "L88P; D161G; H182Q; V243A", "PA5485": "WT"}'; 
INSERT INTO metadata_general(isolate_id, isolate_name, project_name, species) VALUES ('40', 'BAL02-023', 'GEMARA', 'Pseudomonas aeruginosa') ON DUPLICATE KEY UPDATE isolate_name = 'BAL02-023', project_name = 'GEMARA', species = 'Pseudomonas aeruginosa'; 
INSERT INTO mic(mic_id, isolate_id, ami, ami_clinical_category, atm_clinical_category, caz, caz_clinical_category, caz_cloxa, cip, cip_clinical_category, col, col_clinical_category, fep, fep_clinical_category, imi, imi_clinical_category, imi_cloxa, mer_clinical_category, pip_tz, pip_tz_clinical_category, tic, tic_clinical_category, tob, tob_clinical_category) VALUES ('40', '40', '16', 'I', 'R', '64', 'R', '+', '<=0.12', 'S', '1', 'S', '32', 'R', '2', 'S', 'nan', 'I', '128', 'R', '256', 'R', '0.5', 'S') ON DUPLICATE KEY UPDATE ami = '16', ami_clinical_category = 'I', atm_clinical_category = 'R', caz = '64', caz_clinical_category = 'R', caz_cloxa = '+', cip = '<=0.12', cip_clinical_category = 'S', col = '1', col_clinical_category = 'S', fep = '32', fep_clinical_category = 'R', imi = '2', imi_clinical_category = 'S', imi_cloxa = 'nan', mer_clinical_category = 'I', pip_tz = '128', pip_tz_clinical_category = 'R', tic = '256', tic_clinical_category = 'R', tob = '0.5', tob_clinical_category = 'S'; 
INSERT INTO sequence_analysis(sequence_analysis_id, isolate_id, clonal_complex, mutational_resistome) VALUES ('40', '40', 'ST3194', '{"PA0004": "WT", "PA0424": "V126E", "PA0425": "WT", "PA0426": "I186V", "PA0427": "WT", "PA0807": "WT", "PA0869": "WT", "PA0958": "WT", "PA1179": "WT", "PA1180": "WT", "PA1777": "WT", "PA1798": "H398R", "PA1799": "L153R; S170N", "PA2018": "I536V; T543A; N1036T; Q1039R", "PA2019": "K329Q; L331V; W358R", "PA2020": "WT", "PA2272": "A104P", "PA2491": "D249N", "PA2492": "P28L; P60S; F172I", "PA3047": "H473Y", "PA3168": "WT", "PA3574": "WT", "PA3721": "G71E; A145V; S209R", "PA3999": "WT", "PA4003": "WT", "PA4020": "M297V", "PA4109": "E114A; I251V; G283E; M288R", "PA4110": "G27D; T105A; V205L; G391P", "PA4266": "WT", "PA4418": "WT", "PA4522": "WT", "PA4600": "D56G", "PA4700": "L353Q; S25G", "PA4776": "L71R", "PA4777": "A4T; V15I; G68S; Y345H; R474Q", "PA4964": "S197L; H262Q", "PA4967": "S261L; D533E", "PA5045": "WT", "PA5235": "Ter449Gext*", "PA5471": "C40R; S112N; D161G; H182Q; I237V; V243A", "PA5485": "WT"}') ON DUPLICATE KEY UPDATE clonal_complex = 'ST3194', mutational_resistome = '{"PA0004": "WT", "PA0424": "V126E", "PA0425": "WT", "PA0426": "I186V", "PA0427": "WT", "PA0807": "WT", "PA0869": "WT", "PA0958": "WT", "PA1179": "WT", "PA1180": "WT", "PA1777": "WT", "PA1798": "H398R", "PA1799": "L153R; S170N", "PA2018": "I536V; T543A; N1036T; Q1039R", "PA2019": "K329Q; L331V; W358R", "PA2020": "WT", "PA2272": "A104P", "PA2491": "D249N", "PA2492": "P28L; P60S; F172I", "PA3047": "H473Y", "PA3168": "WT", "PA3574": "WT", "PA3721": "G71E; A145V; S209R", "PA3999": "WT", "PA4003": "WT", "PA4020": "M297V", "PA4109": "E114A; I251V; G283E; M288R", "PA4110": "G27D; T105A; V205L; G391P", "PA4266": "WT", "PA4418": "WT", "PA4522": "WT", "PA4600": "D56G", "PA4700": "L353Q; S25G", "PA4776": "L71R", "PA4777": "A4T; V15I; G68S; Y345H; R474Q", "PA4964": "S197L; H262Q", "PA4967": "S261L; D533E", "PA5045": "WT", "PA5235": "Ter449Gext*", "PA5471": "C40R; S112N; D161G; H182Q; I237V; V243A", "PA5485": "WT"}'; 
INSERT INTO metadata_general(isolate_id, isolate_name, project_name, species) VALUES ('41', 'BAL03-002', 'GEMARA', 'Pseudomonas aeruginosa') ON DUPLICATE KEY UPDATE isolate_name = 'BAL03-002', project_name = 'GEMARA', species = 'Pseudomonas aeruginosa'; 
INSERT INTO mic(mic_id, isolate_id, ami, ami_clinical_category, atm_clinical_category, caz, caz_clinical_category, caz_cloxa, cip, cip_clinical_category, col, col_clinical_category, fep, fep_clinical_category, imi, imi_clinical_category, imi_cloxa, mer_clinical_category, pip_tz, pip_tz_clinical_category, tic, tic_clinical_category, tob, tob_clinical_category) VALUES ('41', '41', '8', 'S', 'I', '64', 'R', '+', '>16', 'R', '4', 'R', '16', 'R', '4', 'S', 'nan', 'I', '64', 'R', '128', 'R', '>32', 'R') ON DUPLICATE KEY UPDATE ami = '8', ami_clinical_category = 'S', atm_clinical_category = 'I', caz = '64', caz_clinical_category = 'R', caz_cloxa = '+', cip = '>16', cip_clinical_category = 'R', col = '4', col_clinical_category = 'R', fep = '16', fep_clinical_category = 'R', imi = '4', imi_clinical_category = 'S', imi_cloxa = 'nan', mer_clinical_category = 'I', pip_tz = '64', pip_tz_clinical_category = 'R', tic = '128', tic_clinical_category = 'R', tob = '>32', tob_clinical_category = 'R'; 
INSERT INTO sequence_analysis(sequence_analysis_id, isolate_id, clonal_complex, mutational_resistome) VALUES ('41', '41', 'ST175', '{"PA0004": "WT", "PA0424": "WT", "PA0425": "WT", "PA0426": "WT", "PA0427": "WT", "PA0807": "A219T", "PA0869": "S250N", "PA0958": "Q142X", "PA1179": "WT", "PA1180": "WT", "PA1777": "WT", "PA1798": "H398R", "PA1799": "WT", "PA2018": "T543A", "PA2019": "K329Q; W358R", "PA2020": "G195D", "PA2272": "E37K; A104P", "PA2491": "D249N", "PA2492": "P60S; F172I", "PA3047": "WT", "PA3168": "T83I; D87N", "PA3574": "WT", "PA3721": "G71E; A186T", "PA3999": "WT", "PA4003": "WT", "PA4020": "WT", "PA4109": "G154R", "PA4110": "E247G", "PA4266": "WT", "PA4418": "WT", "PA4522": "G148A; D183Y", "PA4600": "WT", "PA4700": "WT", "PA4776": "WT", "PA4777": "Y345H", "PA4964": "S87W; L168Q", "PA4967": "WT", "PA5045": "E245D", "PA5235": "T211P", "PA5471": "L88P; D161G; H182Q; V243A; V266M", "PA5485": "WT"}') ON DUPLICATE KEY UPDATE clonal_complex = 'ST175', mutational_resistome = '{"PA0004": "WT", "PA0424": "WT", "PA0425": "WT", "PA0426": "WT", "PA0427": "WT", "PA0807": "A219T", "PA0869": "S250N", "PA0958": "Q142X", "PA1179": "WT", "PA1180": "WT", "PA1777": "WT", "PA1798": "H398R", "PA1799": "WT", "PA2018": "T543A", "PA2019": "K329Q; W358R", "PA2020": "G195D", "PA2272": "E37K; A104P", "PA2491": "D249N", "PA2492": "P60S; F172I", "PA3047": "WT", "PA3168": "T83I; D87N", "PA3574": "WT", "PA3721": "G71E; A186T", "PA3999": "WT", "PA4003": "WT", "PA4020": "WT", "PA4109": "G154R", "PA4110": "E247G", "PA4266": "WT", "PA4418": "WT", "PA4522": "G148A; D183Y", "PA4600": "WT", "PA4700": "WT", "PA4776": "WT", "PA4777": "Y345H", "PA4964": "S87W; L168Q", "PA4967": "WT", "PA5045": "E245D", "PA5235": "T211P", "PA5471": "L88P; D161G; H182Q; V243A; V266M", "PA5485": "WT"}'; 
INSERT INTO metadata_general(isolate_id, isolate_name, project_name, species) VALUES ('42', 'BAL03-003', 'GEMARA', 'Pseudomonas aeruginosa') ON DUPLICATE KEY UPDATE isolate_name = 'BAL03-003', project_name = 'GEMARA', species = 'Pseudomonas aeruginosa'; 
INSERT INTO mic(mic_id, isolate_id, ami, ami_clinical_category, atm_clinical_category, caz, caz_clinical_category, caz_cloxa, cip, cip_clinical_category, col, col_clinical_category, fep, fep_clinical_category, imi, imi_clinical_category, imi_cloxa, mer_clinical_category, pip_tz, pip_tz_clinical_category, tic, tic_clinical_category, tob, tob_clinical_category) VALUES ('42', '42', '16', 'I', 'R', '>64', 'R', 'nan', '4', 'R', '2', 'S', '32', 'R', '16', 'R', '+', 'R', '64', 'R', '256', 'R', '>32', 'R') ON DUPLICATE KEY UPDATE ami = '16', ami_clinical_category = 'I', atm_clinical_category = 'R', caz = '>64', caz_clinical_category = 'R', caz_cloxa = 'nan', cip = '4', cip_clinical_category = 'R', col = '2', col_clinical_category = 'S', fep = '32', fep_clinical_category = 'R', imi = '16', imi_clinical_category = 'R', imi_cloxa = '+', mer_clinical_category = 'R', pip_tz = '64', pip_tz_clinical_category = 'R', tic = '256', tic_clinical_category = 'R', tob = '>32', tob_clinical_category = 'R'; 
INSERT INTO sequence_analysis(sequence_analysis_id, isolate_id, clonal_complex, mutational_resistome) VALUES ('42', '42', 'ST395', '{"PA0004": "S466Y", "PA0424": "WT", "PA0425": "WT", "PA0426": "WT", "PA0427": "WT", "PA0807": "R66C", "PA0869": "S250N", "PA0958": "nt676IS", "PA1179": "WT", "PA1180": "WT", "PA1777": "WT", "PA1798": "R385H; H398R", "PA1799": "WT", "PA2018": "T543A", "PA2019": "H119Y; K329Q", "PA2020": "WT", "PA2272": "A104P", "PA2491": "D249N", "PA2492": "F172I", "PA3047": "WT", "PA3168": "aa914InsSE", "PA3574": "aa15\u03941", "PA3721": "G71E", "PA3999": "WT", "PA4003": "WT", "PA4020": "V358I; M297V", "PA4109": "WT", "PA4110": "T105A; L176R", "PA4266": "WT", "PA4418": "WT", "PA4522": "A134V", "PA4600": "WT", "PA4700": "WT", "PA4776": "L71R", "PA4777": "Y345H", "PA4964": "WT", "PA4967": "V200M", "PA5045": "WT", "PA5235": "WT", "PA5471": "L88P; D161G; H182Q; V243A", "PA5485": "WT"}') ON DUPLICATE KEY UPDATE clonal_complex = 'ST395', mutational_resistome = '{"PA0004": "S466Y", "PA0424": "WT", "PA0425": "WT", "PA0426": "WT", "PA0427": "WT", "PA0807": "R66C", "PA0869": "S250N", "PA0958": "nt676IS", "PA1179": "WT", "PA1180": "WT", "PA1777": "WT", "PA1798": "R385H; H398R", "PA1799": "WT", "PA2018": "T543A", "PA2019": "H119Y; K329Q", "PA2020": "WT", "PA2272": "A104P", "PA2491": "D249N", "PA2492": "F172I", "PA3047": "WT", "PA3168": "aa914InsSE", "PA3574": "aa15\u03941", "PA3721": "G71E", "PA3999": "WT", "PA4003": "WT", "PA4020": "V358I; M297V", "PA4109": "WT", "PA4110": "T105A; L176R", "PA4266": "WT", "PA4418": "WT", "PA4522": "A134V", "PA4600": "WT", "PA4700": "WT", "PA4776": "L71R", "PA4777": "Y345H", "PA4964": "WT", "PA4967": "V200M", "PA5045": "WT", "PA5235": "WT", "PA5471": "L88P; D161G; H182Q; V243A", "PA5485": "WT"}'; 
INSERT INTO metadata_general(isolate_id, isolate_name, project_name, species) VALUES ('43', 'BAL03-028', 'GEMARA', 'Pseudomonas aeruginosa') ON DUPLICATE KEY UPDATE isolate_name = 'BAL03-028', project_name = 'GEMARA', species = 'Pseudomonas aeruginosa'; 
INSERT INTO mic(mic_id, isolate_id, ami, ami_clinical_category, atm_clinical_category, caz, caz_clinical_category, caz_cloxa, cip, cip_clinical_category, col, col_clinical_category, fep, fep_clinical_category, imi, imi_clinical_category, imi_cloxa, mer_clinical_category, pip_tz, pip_tz_clinical_category, tic, tic_clinical_category, tob, tob_clinical_category) VALUES ('43', '43', '32', 'R', 'I', '8', 'S', 'nan', '16', 'R', '1', 'S', '16', 'R', '1', 'S', 'nan', 'I', '16', 'S', '256', 'R', '32', 'R') ON DUPLICATE KEY UPDATE ami = '32', ami_clinical_category = 'R', atm_clinical_category = 'I', caz = '8', caz_clinical_category = 'S', caz_cloxa = 'nan', cip = '16', cip_clinical_category = 'R', col = '1', col_clinical_category = 'S', fep = '16', fep_clinical_category = 'R', imi = '1', imi_clinical_category = 'S', imi_cloxa = 'nan', mer_clinical_category = 'I', pip_tz = '16', pip_tz_clinical_category = 'S', tic = '256', tic_clinical_category = 'R', tob = '32', tob_clinical_category = 'R'; 
INSERT INTO sequence_analysis(sequence_analysis_id, isolate_id, clonal_complex, mutational_resistome) VALUES ('43', '43', 'ST235', '{"PA0004": "WT", "PA0424": "K44M; V126E", "PA0425": "WT", "PA0426": "G957D", "PA0427": "WT", "PA0807": "A208V", "PA0869": "A287S", "PA0958": "WT", "PA1179": "WT", "PA1180": "Y85F", "PA1777": "WT", "PA1798": "H398R", "PA1799": "L153R; S170N", "PA2018": "T543A", "PA2019": "A30T; K329Q; L331V; W358R", "PA2020": "V48A", "PA2272": "A104P; V466I", "PA2491": "D249N", "PA2492": "P60S; F172I", "PA3047": "WT", "PA3168": "T83I", "PA3574": "WT", "PA3721": "G71E; E153Q; S209R", "PA3999": "WT", "PA4003": "WT", "PA4020": "WT", "PA4109": "G283E; M288R", "PA4110": "G27D; A97V; T105A; V205L; G391A", "PA4266": "WT", "PA4418": "WT", "PA4522": "G148A", "PA4600": "WT", "PA4700": "L353Q; S25G", "PA4776": "L71R", "PA4777": "A4T; G68S; V344M; Y345H; G362S", "PA4964": "S87L", "PA4967": "D533E", "PA5045": "WT", "PA5235": "nt210\u03946", "PA5471": "L88P; D161G; H182Q; R204C; V243A", "PA5485": "WT"}') ON DUPLICATE KEY UPDATE clonal_complex = 'ST235', mutational_resistome = '{"PA0004": "WT", "PA0424": "K44M; V126E", "PA0425": "WT", "PA0426": "G957D", "PA0427": "WT", "PA0807": "A208V", "PA0869": "A287S", "PA0958": "WT", "PA1179": "WT", "PA1180": "Y85F", "PA1777": "WT", "PA1798": "H398R", "PA1799": "L153R; S170N", "PA2018": "T543A", "PA2019": "A30T; K329Q; L331V; W358R", "PA2020": "V48A", "PA2272": "A104P; V466I", "PA2491": "D249N", "PA2492": "P60S; F172I", "PA3047": "WT", "PA3168": "T83I", "PA3574": "WT", "PA3721": "G71E; E153Q; S209R", "PA3999": "WT", "PA4003": "WT", "PA4020": "WT", "PA4109": "G283E; M288R", "PA4110": "G27D; A97V; T105A; V205L; G391A", "PA4266": "WT", "PA4418": "WT", "PA4522": "G148A", "PA4600": "WT", "PA4700": "L353Q; S25G", "PA4776": "L71R", "PA4777": "A4T; G68S; V344M; Y345H; G362S", "PA4964": "S87L", "PA4967": "D533E", "PA5045": "WT", "PA5235": "nt210\u03946", "PA5471": "L88P; D161G; H182Q; R204C; V243A", "PA5485": "WT"}'; 
INSERT INTO metadata_general(isolate_id, isolate_name, project_name, species) VALUES ('44', 'BAL04-003', 'GEMARA', 'Pseudomonas aeruginosa') ON DUPLICATE KEY UPDATE isolate_name = 'BAL04-003', project_name = 'GEMARA', species = 'Pseudomonas aeruginosa'; 
INSERT INTO mic(mic_id, isolate_id, ami, ami_clinical_category, atm_clinical_category, caz, caz_clinical_category, caz_cloxa, cip, cip_clinical_category, col, col_clinical_category, fep, fep_clinical_category, imi, imi_clinical_category, imi_cloxa, mer_clinical_category, pip_tz, pip_tz_clinical_category, tic, tic_clinical_category, tob, tob_clinical_category) VALUES ('44', '44', '4', 'S', 'R', '>64', 'R', '+', '4', 'R', '1', 'S', '64', 'R', '16', 'R', '+', 'R', '>256', 'R', '>512', 'R', '<=0.25', 'S') ON DUPLICATE KEY UPDATE ami = '4', ami_clinical_category = 'S', atm_clinical_category = 'R', caz = '>64', caz_clinical_category = 'R', caz_cloxa = '+', cip = '4', cip_clinical_category = 'R', col = '1', col_clinical_category = 'S', fep = '64', fep_clinical_category = 'R', imi = '16', imi_clinical_category = 'R', imi_cloxa = '+', mer_clinical_category = 'R', pip_tz = '>256', pip_tz_clinical_category = 'R', tic = '>512', tic_clinical_category = 'R', tob = '<=0.25', tob_clinical_category = 'S'; 
INSERT INTO sequence_analysis(sequence_analysis_id, isolate_id, clonal_complex, mutational_resistome) VALUES ('44', '44', 'ST390', '{"PA0004": "WT", "PA0424": "nt80InsA", "PA0425": "WT", "PA0426": "WT", "PA0427": "A478T; nt1446InsC", "PA0807": "A219T", "PA0869": "V305M; S250N", "PA0958": "nt438InsC ", "PA1179": "WT", "PA1180": "WT", "PA1777": "WT", "PA1798": "H398R", "PA1799": "A41G", "PA2018": "I536V; T543A; G589A", "PA2019": "A30T; K329Q; L331V; W358R; A375P; A383P", "PA2020": "L138R", "PA2272": "A104P", "PA2491": "D249N", "PA2492": "P60S; F172I", "PA3047": "A474T", "PA3168": "T83I", "PA3574": "WT", "PA3721": "G71E", "PA3999": "WT", "PA4003": "WT", "PA4020": "WT", "PA4109": "D135G", "PA4110": "R79Q; T105A; R235H", "PA4266": "WT", "PA4418": "R551L", "PA4522": "G148A; S175L", "PA4600": "WT", "PA4700": "G503D; L353Q; S25G", "PA4776": "L71R", "PA4777": "Y345H", "PA4964": "D422A", "PA4967": "WT", "PA5045": "WT", "PA5235": "nt1107\u03941", "PA5471": "L88P; D161G; H182Q; V243A; G258S", "PA5485": "WT"}') ON DUPLICATE KEY UPDATE clonal_complex = 'ST390', mutational_resistome = '{"PA0004": "WT", "PA0424": "nt80InsA", "PA0425": "WT", "PA0426": "WT", "PA0427": "A478T; nt1446InsC", "PA0807": "A219T", "PA0869": "V305M; S250N", "PA0958": "nt438InsC ", "PA1179": "WT", "PA1180": "WT", "PA1777": "WT", "PA1798": "H398R", "PA1799": "A41G", "PA2018": "I536V; T543A; G589A", "PA2019": "A30T; K329Q; L331V; W358R; A375P; A383P", "PA2020": "L138R", "PA2272": "A104P", "PA2491": "D249N", "PA2492": "P60S; F172I", "PA3047": "A474T", "PA3168": "T83I", "PA3574": "WT", "PA3721": "G71E", "PA3999": "WT", "PA4003": "WT", "PA4020": "WT", "PA4109": "D135G", "PA4110": "R79Q; T105A; R235H", "PA4266": "WT", "PA4418": "R551L", "PA4522": "G148A; S175L", "PA4600": "WT", "PA4700": "G503D; L353Q; S25G", "PA4776": "L71R", "PA4777": "Y345H", "PA4964": "D422A", "PA4967": "WT", "PA5045": "WT", "PA5235": "nt1107\u03941", "PA5471": "L88P; D161G; H182Q; V243A; G258S", "PA5485": "WT"}'; 
INSERT INTO metadata_general(isolate_id, isolate_name, project_name, species) VALUES ('45', 'BAL04-015', 'GEMARA', 'Pseudomonas aeruginosa') ON DUPLICATE KEY UPDATE isolate_name = 'BAL04-015', project_name = 'GEMARA', species = 'Pseudomonas aeruginosa'; 
INSERT INTO mic(mic_id, isolate_id, ami, ami_clinical_category, atm_clinical_category, caz, caz_clinical_category, caz_cloxa, cip, cip_clinical_category, col, col_clinical_category, fep, fep_clinical_category, imi, imi_clinical_category, imi_cloxa, mer_clinical_category, pip_tz, pip_tz_clinical_category, tic, tic_clinical_category, tob, tob_clinical_category) VALUES ('45', '45', '8', 'S', 'I', '16', 'R', '+', '>16', 'R', '1', 'S', '16', 'R', '16', 'R', '+', 'I', '128', 'R', '64', 'R', '>32', 'R') ON DUPLICATE KEY UPDATE ami = '8', ami_clinical_category = 'S', atm_clinical_category = 'I', caz = '16', caz_clinical_category = 'R', caz_cloxa = '+', cip = '>16', cip_clinical_category = 'R', col = '1', col_clinical_category = 'S', fep = '16', fep_clinical_category = 'R', imi = '16', imi_clinical_category = 'R', imi_cloxa = '+', mer_clinical_category = 'I', pip_tz = '128', pip_tz_clinical_category = 'R', tic = '64', tic_clinical_category = 'R', tob = '>32', tob_clinical_category = 'R'; 
INSERT INTO sequence_analysis(sequence_analysis_id, isolate_id, clonal_complex, mutational_resistome) VALUES ('45', '45', 'ST175', '{"PA0004": "WT", "PA0424": "WT", "PA0425": "Q281X", "PA0426": "WT", "PA0427": "WT", "PA0807": "A219T", "PA0869": "S250N", "PA0958": "Q142X", "PA1179": "WT", "PA1180": "WT", "PA1777": "WT", "PA1798": "H398R", "PA1799": "WT", "PA2018": "T543A", "PA2019": "K329Q; W358R", "PA2020": "G195D", "PA2272": "E37K; A104P", "PA2491": "D249N", "PA2492": "P60S; F172I", "PA3047": "WT", "PA3168": "T83I; D87N", "PA3574": "WT", "PA3721": "G71E; A186T", "PA3999": "WT", "PA4003": "WT", "PA4020": "WT", "PA4109": "G154R", "PA4110": "WT", "PA4266": "WT", "PA4418": "WT", "PA4522": "G148A; D183Y", "PA4600": "WT", "PA4700": "WT", "PA4776": "WT", "PA4777": "Y345H", "PA4964": "S87W; L168Q", "PA4967": "WT", "PA5045": "E245D", "PA5235": "T211P", "PA5471": "L88P; D161G; H182Q; V243A; V266M", "PA5485": "nt4\u03944 "}') ON DUPLICATE KEY UPDATE clonal_complex = 'ST175', mutational_resistome = '{"PA0004": "WT", "PA0424": "WT", "PA0425": "Q281X", "PA0426": "WT", "PA0427": "WT", "PA0807": "A219T", "PA0869": "S250N", "PA0958": "Q142X", "PA1179": "WT", "PA1180": "WT", "PA1777": "WT", "PA1798": "H398R", "PA1799": "WT", "PA2018": "T543A", "PA2019": "K329Q; W358R", "PA2020": "G195D", "PA2272": "E37K; A104P", "PA2491": "D249N", "PA2492": "P60S; F172I", "PA3047": "WT", "PA3168": "T83I; D87N", "PA3574": "WT", "PA3721": "G71E; A186T", "PA3999": "WT", "PA4003": "WT", "PA4020": "WT", "PA4109": "G154R", "PA4110": "WT", "PA4266": "WT", "PA4418": "WT", "PA4522": "G148A; D183Y", "PA4600": "WT", "PA4700": "WT", "PA4776": "WT", "PA4777": "Y345H", "PA4964": "S87W; L168Q", "PA4967": "WT", "PA5045": "E245D", "PA5235": "T211P", "PA5471": "L88P; D161G; H182Q; V243A; V266M", "PA5485": "nt4\u03944 "}'; 
INSERT INTO metadata_general(isolate_id, isolate_name, project_name, species) VALUES ('46', 'BAL04-027', 'GEMARA', 'Pseudomonas aeruginosa') ON DUPLICATE KEY UPDATE isolate_name = 'BAL04-027', project_name = 'GEMARA', species = 'Pseudomonas aeruginosa'; 
INSERT INTO mic(mic_id, isolate_id, ami, ami_clinical_category, atm_clinical_category, caz, caz_clinical_category, caz_cloxa, cip, cip_clinical_category, col, col_clinical_category, fep, fep_clinical_category, imi, imi_clinical_category, imi_cloxa, mer_clinical_category, pip_tz, pip_tz_clinical_category, tic, tic_clinical_category, tob, tob_clinical_category) VALUES ('46', '46', '4', 'S', 'I', '16', 'R', '+', '>16', 'R', '2', 'S', '16', 'R', '8', 'I', '+', 'I', '64', 'R', '256', 'R', '32', 'R') ON DUPLICATE KEY UPDATE ami = '4', ami_clinical_category = 'S', atm_clinical_category = 'I', caz = '16', caz_clinical_category = 'R', caz_cloxa = '+', cip = '>16', cip_clinical_category = 'R', col = '2', col_clinical_category = 'S', fep = '16', fep_clinical_category = 'R', imi = '8', imi_clinical_category = 'I', imi_cloxa = '+', mer_clinical_category = 'I', pip_tz = '64', pip_tz_clinical_category = 'R', tic = '256', tic_clinical_category = 'R', tob = '32', tob_clinical_category = 'R'; 
INSERT INTO sequence_analysis(sequence_analysis_id, isolate_id, clonal_complex, mutational_resistome) VALUES ('46', '46', 'ST175', '{"PA0004": "WT", "PA0424": "WT", "PA0425": "WT", "PA0426": "WT", "PA0427": "WT", "PA0807": "A219T", "PA0869": "S250N", "PA0958": "Q142X", "PA1179": "WT", "PA1180": "WT", "PA1777": "WT", "PA1798": "H398R", "PA1799": "WT", "PA2018": "T543A", "PA2019": "K329Q; W358R", "PA2020": "G195D", "PA2272": "WT", "PA2491": "D249N", "PA2492": "P60S; F172I", "PA3047": "WT", "PA3168": "T83I; D87N", "PA3574": "WT", "PA3721": "G71E; A186T", "PA3999": "WT", "PA4003": "WT", "PA4020": "WT", "PA4109": "G154R", "PA4110": "WT", "PA4266": "WT", "PA4418": "WT", "PA4522": "G148A; D183Y", "PA4600": "WT", "PA4700": "WT", "PA4776": "WT", "PA4777": "Y345H", "PA4964": "S87W; L168Q", "PA4967": "WT", "PA5045": "E245D", "PA5235": "T211P", "PA5471": "L88P; D161G; H182Q; V243A; V266M", "PA5485": "WT"}') ON DUPLICATE KEY UPDATE clonal_complex = 'ST175', mutational_resistome = '{"PA0004": "WT", "PA0424": "WT", "PA0425": "WT", "PA0426": "WT", "PA0427": "WT", "PA0807": "A219T", "PA0869": "S250N", "PA0958": "Q142X", "PA1179": "WT", "PA1180": "WT", "PA1777": "WT", "PA1798": "H398R", "PA1799": "WT", "PA2018": "T543A", "PA2019": "K329Q; W358R", "PA2020": "G195D", "PA2272": "WT", "PA2491": "D249N", "PA2492": "P60S; F172I", "PA3047": "WT", "PA3168": "T83I; D87N", "PA3574": "WT", "PA3721": "G71E; A186T", "PA3999": "WT", "PA4003": "WT", "PA4020": "WT", "PA4109": "G154R", "PA4110": "WT", "PA4266": "WT", "PA4418": "WT", "PA4522": "G148A; D183Y", "PA4600": "WT", "PA4700": "WT", "PA4776": "WT", "PA4777": "Y345H", "PA4964": "S87W; L168Q", "PA4967": "WT", "PA5045": "E245D", "PA5235": "T211P", "PA5471": "L88P; D161G; H182Q; V243A; V266M", "PA5485": "WT"}'; 
INSERT INTO metadata_general(isolate_id, isolate_name, project_name, species) VALUES ('47', 'CAN01-003', 'GEMARA', 'Pseudomonas aeruginosa') ON DUPLICATE KEY UPDATE isolate_name = 'CAN01-003', project_name = 'GEMARA', species = 'Pseudomonas aeruginosa'; 
INSERT INTO mic(mic_id, isolate_id, ami, ami_clinical_category, atm_clinical_category, caz, caz_clinical_category, caz_cloxa, cip, cip_clinical_category, col, col_clinical_category, fep, fep_clinical_category, imi, imi_clinical_category, imi_cloxa, mer_clinical_category, pip_tz, pip_tz_clinical_category, tic, tic_clinical_category, tob, tob_clinical_category) VALUES ('47', '47', '<=2', 'S', 'R', '32', 'R', '+', '16', 'R', '2', 'S', '16', 'R', '16', 'R', '+', 'R', '256', 'R', '256', 'R', '8', 'R') ON DUPLICATE KEY UPDATE ami = '<=2', ami_clinical_category = 'S', atm_clinical_category = 'R', caz = '32', caz_clinical_category = 'R', caz_cloxa = '+', cip = '16', cip_clinical_category = 'R', col = '2', col_clinical_category = 'S', fep = '16', fep_clinical_category = 'R', imi = '16', imi_clinical_category = 'R', imi_cloxa = '+', mer_clinical_category = 'R', pip_tz = '256', pip_tz_clinical_category = 'R', tic = '256', tic_clinical_category = 'R', tob = '8', tob_clinical_category = 'R'; 
INSERT INTO sequence_analysis(sequence_analysis_id, isolate_id, clonal_complex, mutational_resistome) VALUES ('47', '47', 'ST111', '{"PA0004": "WT", "PA0424": "V126E", "PA0425": "WT", "PA0426": "WT", "PA0427": "WT", "PA0807": "A219T", "PA0869": "WT", "PA0958": "L432P", "PA1179": "WT", "PA1180": "WT", "PA1777": "WT", "PA1798": "L137P; H398R; nt997\u03941", "PA1799": "WT", "PA2018": "G530S", "PA2019": "K329Q; L331V; W358R", "PA2020": "WT", "PA2272": "A104P", "PA2491": "D249N", "PA2492": "F172I", "PA3047": "WT", "PA3168": "T83I; V671I; G860S", "PA3574": "WT", "PA3721": "G71E", "PA3999": "WT", "PA4003": "WT", "PA4020": "D411A; aa439InsGGF", "PA4109": "WT", "PA4110": "T105A", "PA4266": "WT", "PA4418": "WT", "PA4522": "G148A", "PA4600": "WT", "PA4700": "M715K; K607R", "PA4776": "L71R", "PA4777": "A4T; V6A; V15I; G68S; Y345H", "PA4964": "S87L", "PA4967": "WT", "PA5045": "WT", "PA5235": "G305D", "PA5471": "L88P; D161G; H182Q; V243A", "PA5485": "WT"}') ON DUPLICATE KEY UPDATE clonal_complex = 'ST111', mutational_resistome = '{"PA0004": "WT", "PA0424": "V126E", "PA0425": "WT", "PA0426": "WT", "PA0427": "WT", "PA0807": "A219T", "PA0869": "WT", "PA0958": "L432P", "PA1179": "WT", "PA1180": "WT", "PA1777": "WT", "PA1798": "L137P; H398R; nt997\u03941", "PA1799": "WT", "PA2018": "G530S", "PA2019": "K329Q; L331V; W358R", "PA2020": "WT", "PA2272": "A104P", "PA2491": "D249N", "PA2492": "F172I", "PA3047": "WT", "PA3168": "T83I; V671I; G860S", "PA3574": "WT", "PA3721": "G71E", "PA3999": "WT", "PA4003": "WT", "PA4020": "D411A; aa439InsGGF", "PA4109": "WT", "PA4110": "T105A", "PA4266": "WT", "PA4418": "WT", "PA4522": "G148A", "PA4600": "WT", "PA4700": "M715K; K607R", "PA4776": "L71R", "PA4777": "A4T; V6A; V15I; G68S; Y345H", "PA4964": "S87L", "PA4967": "WT", "PA5045": "WT", "PA5235": "G305D", "PA5471": "L88P; D161G; H182Q; V243A", "PA5485": "WT"}'; 
INSERT INTO metadata_general(isolate_id, isolate_name, project_name, species) VALUES ('48', 'CAN01-004', 'GEMARA', 'Pseudomonas aeruginosa') ON DUPLICATE KEY UPDATE isolate_name = 'CAN01-004', project_name = 'GEMARA', species = 'Pseudomonas aeruginosa'; 
INSERT INTO mic(mic_id, isolate_id, ami, ami_clinical_category, atm_clinical_category, caz, caz_clinical_category, caz_cloxa, cip, cip_clinical_category, col, col_clinical_category, fep, fep_clinical_category, imi, imi_clinical_category, imi_cloxa, mer_clinical_category, pip_tz, pip_tz_clinical_category, tic, tic_clinical_category, tob, tob_clinical_category) VALUES ('48', '48', '4', 'S', 'I', '16', 'R', '+', '>16', 'R', '2', 'S', '16', 'R', '16', 'R', '+', 'R', '128', 'R', '128', 'R', '32', 'R') ON DUPLICATE KEY UPDATE ami = '4', ami_clinical_category = 'S', atm_clinical_category = 'I', caz = '16', caz_clinical_category = 'R', caz_cloxa = '+', cip = '>16', cip_clinical_category = 'R', col = '2', col_clinical_category = 'S', fep = '16', fep_clinical_category = 'R', imi = '16', imi_clinical_category = 'R', imi_cloxa = '+', mer_clinical_category = 'R', pip_tz = '128', pip_tz_clinical_category = 'R', tic = '128', tic_clinical_category = 'R', tob = '32', tob_clinical_category = 'R'; 
INSERT INTO sequence_analysis(sequence_analysis_id, isolate_id, clonal_complex, mutational_resistome) VALUES ('48', '48', 'ST175', '{"PA0004": "WT", "PA0424": "WT", "PA0425": "WT", "PA0426": "WT", "PA0427": "WT", "PA0807": "A219T", "PA0869": "S250N", "PA0958": "nt199\u03941", "PA1179": "WT", "PA1180": "WT", "PA1777": "WT", "PA1798": "H398R", "PA1799": "WT", "PA2018": "T543A", "PA2019": "K329Q; W358R", "PA2020": "G195D", "PA2272": "E37K; A104P", "PA2491": "D249N", "PA2492": "P60S; F172I", "PA3047": "WT", "PA3168": "T83I; D87N", "PA3574": "WT", "PA3721": "G71E; A186T", "PA3999": "WT", "PA4003": "WT", "PA4020": "WT", "PA4109": "WT", "PA4110": "WT", "PA4266": "WT", "PA4418": "WT", "PA4522": "T139M; G148A; D183Y", "PA4600": "WT", "PA4700": "WT", "PA4776": "WT", "PA4777": "Y345H", "PA4964": "S87W; L168Q", "PA4967": "WT", "PA5045": "E245D", "PA5235": "WT", "PA5471": "L88P; D161G; H182Q; V243A; V266M", "PA5485": "WT"}') ON DUPLICATE KEY UPDATE clonal_complex = 'ST175', mutational_resistome = '{"PA0004": "WT", "PA0424": "WT", "PA0425": "WT", "PA0426": "WT", "PA0427": "WT", "PA0807": "A219T", "PA0869": "S250N", "PA0958": "nt199\u03941", "PA1179": "WT", "PA1180": "WT", "PA1777": "WT", "PA1798": "H398R", "PA1799": "WT", "PA2018": "T543A", "PA2019": "K329Q; W358R", "PA2020": "G195D", "PA2272": "E37K; A104P", "PA2491": "D249N", "PA2492": "P60S; F172I", "PA3047": "WT", "PA3168": "T83I; D87N", "PA3574": "WT", "PA3721": "G71E; A186T", "PA3999": "WT", "PA4003": "WT", "PA4020": "WT", "PA4109": "WT", "PA4110": "WT", "PA4266": "WT", "PA4418": "WT", "PA4522": "T139M; G148A; D183Y", "PA4600": "WT", "PA4700": "WT", "PA4776": "WT", "PA4777": "Y345H", "PA4964": "S87W; L168Q", "PA4967": "WT", "PA5045": "E245D", "PA5235": "WT", "PA5471": "L88P; D161G; H182Q; V243A; V266M", "PA5485": "WT"}'; 
INSERT INTO metadata_general(isolate_id, isolate_name, project_name, species) VALUES ('49', 'CAN01-017', 'GEMARA', 'Pseudomonas aeruginosa') ON DUPLICATE KEY UPDATE isolate_name = 'CAN01-017', project_name = 'GEMARA', species = 'Pseudomonas aeruginosa'; 
INSERT INTO mic(mic_id, isolate_id, ami, ami_clinical_category, atm_clinical_category, caz, caz_clinical_category, caz_cloxa, cip, cip_clinical_category, col, col_clinical_category, fep, fep_clinical_category, imi, imi_clinical_category, imi_cloxa, mer_clinical_category, pip_tz, pip_tz_clinical_category, tic, tic_clinical_category, tob, tob_clinical_category) VALUES ('49', '49', '4', 'S', 'R', '32', 'R', '+', '1', 'R', '2', 'S', '8', 'S', '16', 'R', 'nan', 'R', '32', 'R', '128', 'R', '<=0.25', 'S') ON DUPLICATE KEY UPDATE ami = '4', ami_clinical_category = 'S', atm_clinical_category = 'R', caz = '32', caz_clinical_category = 'R', caz_cloxa = '+', cip = '1', cip_clinical_category = 'R', col = '2', col_clinical_category = 'S', fep = '8', fep_clinical_category = 'S', imi = '16', imi_clinical_category = 'R', imi_cloxa = 'nan', mer_clinical_category = 'R', pip_tz = '32', pip_tz_clinical_category = 'R', tic = '128', tic_clinical_category = 'R', tob = '<=0.25', tob_clinical_category = 'S'; 
INSERT INTO sequence_analysis(sequence_analysis_id, isolate_id, clonal_complex, mutational_resistome) VALUES ('49', '49', 'ST245', '{"PA0004": "WT", "PA0424": "nt120\u03941", "PA0425": "WT", "PA0426": "WT", "PA0427": "A261T", "PA0807": "A219T", "PA0869": "S250N", "PA0958": "WT", "PA1179": "WT", "PA1180": "WT", "PA1777": "WT", "PA1798": "H398R", "PA1799": "WT", "PA2018": "T543A; Q840E", "PA2019": "K329Q; L331V; W358R", "PA2020": "WT", "PA2272": "A104P", "PA2491": "D249N", "PA2492": "F172I", "PA3047": "WT", "PA3168": "WT", "PA3574": "WT", "PA3721": "G71E; S209R", "PA3999": "WT", "PA4003": "WT", "PA4020": "A303V; M297V", "PA4109": "WT", "PA4110": "R79Q; T105A", "PA4266": "WT", "PA4418": "WT", "PA4522": "D28G; G148A; S175L", "PA4600": "WT", "PA4700": "S25G", "PA4776": "L71R", "PA4777": "Y345H", "PA4964": "H262Q", "PA4967": "WT", "PA5045": "E53K; S631I", "PA5235": "A439T", "PA5471": "L88P; D161G; H182Q; V243A", "PA5485": "WT"}') ON DUPLICATE KEY UPDATE clonal_complex = 'ST245', mutational_resistome = '{"PA0004": "WT", "PA0424": "nt120\u03941", "PA0425": "WT", "PA0426": "WT", "PA0427": "A261T", "PA0807": "A219T", "PA0869": "S250N", "PA0958": "WT", "PA1179": "WT", "PA1180": "WT", "PA1777": "WT", "PA1798": "H398R", "PA1799": "WT", "PA2018": "T543A; Q840E", "PA2019": "K329Q; L331V; W358R", "PA2020": "WT", "PA2272": "A104P", "PA2491": "D249N", "PA2492": "F172I", "PA3047": "WT", "PA3168": "WT", "PA3574": "WT", "PA3721": "G71E; S209R", "PA3999": "WT", "PA4003": "WT", "PA4020": "A303V; M297V", "PA4109": "WT", "PA4110": "R79Q; T105A", "PA4266": "WT", "PA4418": "WT", "PA4522": "D28G; G148A; S175L", "PA4600": "WT", "PA4700": "S25G", "PA4776": "L71R", "PA4777": "Y345H", "PA4964": "H262Q", "PA4967": "WT", "PA5045": "E53K; S631I", "PA5235": "A439T", "PA5471": "L88P; D161G; H182Q; V243A", "PA5485": "WT"}'; 
INSERT INTO metadata_general(isolate_id, isolate_name, project_name, species) VALUES ('50', 'CAN01-025', 'GEMARA', 'Pseudomonas aeruginosa') ON DUPLICATE KEY UPDATE isolate_name = 'CAN01-025', project_name = 'GEMARA', species = 'Pseudomonas aeruginosa'; 
INSERT INTO mic(mic_id, isolate_id, ami, ami_clinical_category, atm_clinical_category, caz, caz_clinical_category, caz_cloxa, cip, cip_clinical_category, col, col_clinical_category, fep, fep_clinical_category, imi, imi_clinical_category, imi_cloxa, mer_clinical_category, pip_tz, pip_tz_clinical_category, tic, tic_clinical_category, tob, tob_clinical_category) VALUES ('50', '50', '4', 'S', 'R', '64', 'R', 'nan', '>16', 'R', '2', 'S', '32', 'R', '16', 'R', '+', 'R', '256', 'R', '256', 'R', '16', 'R') ON DUPLICATE KEY UPDATE ami = '4', ami_clinical_category = 'S', atm_clinical_category = 'R', caz = '64', caz_clinical_category = 'R', caz_cloxa = 'nan', cip = '>16', cip_clinical_category = 'R', col = '2', col_clinical_category = 'S', fep = '32', fep_clinical_category = 'R', imi = '16', imi_clinical_category = 'R', imi_cloxa = '+', mer_clinical_category = 'R', pip_tz = '256', pip_tz_clinical_category = 'R', tic = '256', tic_clinical_category = 'R', tob = '16', tob_clinical_category = 'R'; 
INSERT INTO sequence_analysis(sequence_analysis_id, isolate_id, clonal_complex, mutational_resistome) VALUES ('50', '50', 'ST1149', '{"PA0004": "WT", "PA0424": "V126E", "PA0425": "WT", "PA0426": "WT", "PA0427": "WT", "PA0807": "WT", "PA0869": "S250N", "PA0958": "W339X", "PA1179": "WT", "PA1180": "WT", "PA1777": "WT", "PA1798": "S352I; H398R", "PA1799": "L153R; S170N", "PA2018": "T543A; N1036T", "PA2019": "A30T; K329Q; L331V; W358R", "PA2020": "WT", "PA2272": "A102T; A104P", "PA2491": "D249N", "PA2492": "F172I", "PA3047": "WT", "PA3168": "T83I", "PA3574": "WT", "PA3721": "G71E; S209R", "PA3999": "I136V", "PA4003": "WT", "PA4020": "M297V", "PA4109": "E114A; G283E; M288R", "PA4110": "G27D; T105A; V205L; G391A", "PA4266": "WT", "PA4418": "WT", "PA4522": "WT", "PA4600": "WT", "PA4700": "L353Q; S25G", "PA4776": "WT", "PA4777": "A4T; V6A; V15I; G68S; Y345H", "PA4964": "WT", "PA4967": "D533E", "PA5045": "WT", "PA5235": "Ter449Gext*", "PA5471": "C40R; L88P; S112N; D119E; I237V; V243A", "PA5485": "WT"}') ON DUPLICATE KEY UPDATE clonal_complex = 'ST1149', mutational_resistome = '{"PA0004": "WT", "PA0424": "V126E", "PA0425": "WT", "PA0426": "WT", "PA0427": "WT", "PA0807": "WT", "PA0869": "S250N", "PA0958": "W339X", "PA1179": "WT", "PA1180": "WT", "PA1777": "WT", "PA1798": "S352I; H398R", "PA1799": "L153R; S170N", "PA2018": "T543A; N1036T", "PA2019": "A30T; K329Q; L331V; W358R", "PA2020": "WT", "PA2272": "A102T; A104P", "PA2491": "D249N", "PA2492": "F172I", "PA3047": "WT", "PA3168": "T83I", "PA3574": "WT", "PA3721": "G71E; S209R", "PA3999": "I136V", "PA4003": "WT", "PA4020": "M297V", "PA4109": "E114A; G283E; M288R", "PA4110": "G27D; T105A; V205L; G391A", "PA4266": "WT", "PA4418": "WT", "PA4522": "WT", "PA4600": "WT", "PA4700": "L353Q; S25G", "PA4776": "WT", "PA4777": "A4T; V6A; V15I; G68S; Y345H", "PA4964": "WT", "PA4967": "D533E", "PA5045": "WT", "PA5235": "Ter449Gext*", "PA5471": "C40R; L88P; S112N; D119E; I237V; V243A", "PA5485": "WT"}'; 
INSERT INTO metadata_general(isolate_id, isolate_name, project_name, species) VALUES ('51', 'CAN01-026', 'GEMARA', 'Pseudomonas aeruginosa') ON DUPLICATE KEY UPDATE isolate_name = 'CAN01-026', project_name = 'GEMARA', species = 'Pseudomonas aeruginosa'; 
INSERT INTO mic(mic_id, isolate_id, ami, ami_clinical_category, atm_clinical_category, caz, caz_clinical_category, caz_cloxa, cip, cip_clinical_category, col, col_clinical_category, fep, fep_clinical_category, imi, imi_clinical_category, imi_cloxa, mer_clinical_category, pip_tz, pip_tz_clinical_category, tic, tic_clinical_category, tob, tob_clinical_category) VALUES ('51', '51', '16', 'I', 'I', '8', 'S', 'nan', '>16', 'R', '2', 'S', '16', 'R', '32', 'R', 'nan', 'R', '32', 'R', '128', 'R', '16', 'R') ON DUPLICATE KEY UPDATE ami = '16', ami_clinical_category = 'I', atm_clinical_category = 'I', caz = '8', caz_clinical_category = 'S', caz_cloxa = 'nan', cip = '>16', cip_clinical_category = 'R', col = '2', col_clinical_category = 'S', fep = '16', fep_clinical_category = 'R', imi = '32', imi_clinical_category = 'R', imi_cloxa = 'nan', mer_clinical_category = 'R', pip_tz = '32', pip_tz_clinical_category = 'R', tic = '128', tic_clinical_category = 'R', tob = '16', tob_clinical_category = 'R'; 
INSERT INTO sequence_analysis(sequence_analysis_id, isolate_id, clonal_complex, mutational_resistome) VALUES ('51', '51', 'ST2136', '{"PA0004": "WT", "PA0424": "WT", "PA0425": "WT", "PA0426": "WT", "PA0427": "WT", "PA0807": "WT", "PA0869": "S250N", "PA0958": "WT", "PA1179": "WT", "PA1180": "WT", "PA1777": "WT", "PA1798": "H398R", "PA1799": "V55I; I80L", "PA2018": "T543A; Q840E; G1002A", "PA2019": "A30T; K329Q; L331V", "PA2020": "WT", "PA2272": "A104P", "PA2491": "E205V; D249N", "PA2492": "F172I", "PA3047": "WT", "PA3168": "aa914\u0394PS", "PA3574": "WT", "PA3721": "G71E; S209R", "PA3999": "WT", "PA4003": "WT", "PA4020": "WT", "PA4109": "WT", "PA4110": "T105A", "PA4266": "WT", "PA4418": "R441H", "PA4522": "G46S; G148A", "PA4600": "WT", "PA4700": "WT", "PA4776": "L71R", "PA4777": "Y345H", "PA4964": "V646L", "PA4967": "WT", "PA5045": "WT", "PA5235": "WT", "PA5471": "C40R; L88P; D161G; H182Q; V243A", "PA5485": "WT"}') ON DUPLICATE KEY UPDATE clonal_complex = 'ST2136', mutational_resistome = '{"PA0004": "WT", "PA0424": "WT", "PA0425": "WT", "PA0426": "WT", "PA0427": "WT", "PA0807": "WT", "PA0869": "S250N", "PA0958": "WT", "PA1179": "WT", "PA1180": "WT", "PA1777": "WT", "PA1798": "H398R", "PA1799": "V55I; I80L", "PA2018": "T543A; Q840E; G1002A", "PA2019": "A30T; K329Q; L331V", "PA2020": "WT", "PA2272": "A104P", "PA2491": "E205V; D249N", "PA2492": "F172I", "PA3047": "WT", "PA3168": "aa914\u0394PS", "PA3574": "WT", "PA3721": "G71E; S209R", "PA3999": "WT", "PA4003": "WT", "PA4020": "WT", "PA4109": "WT", "PA4110": "T105A", "PA4266": "WT", "PA4418": "R441H", "PA4522": "G46S; G148A", "PA4600": "WT", "PA4700": "WT", "PA4776": "L71R", "PA4777": "Y345H", "PA4964": "V646L", "PA4967": "WT", "PA5045": "WT", "PA5235": "WT", "PA5471": "C40R; L88P; D161G; H182Q; V243A", "PA5485": "WT"}'; 
INSERT INTO metadata_general(isolate_id, isolate_name, project_name, species) VALUES ('52', 'CAN01-028', 'GEMARA', 'Pseudomonas aeruginosa') ON DUPLICATE KEY UPDATE isolate_name = 'CAN01-028', project_name = 'GEMARA', species = 'Pseudomonas aeruginosa'; 
INSERT INTO mic(mic_id, isolate_id, ami, ami_clinical_category, atm_clinical_category, caz, caz_clinical_category, caz_cloxa, cip, cip_clinical_category, col, col_clinical_category, fep, fep_clinical_category, imi, imi_clinical_category, imi_cloxa, mer_clinical_category, pip_tz, pip_tz_clinical_category, tic, tic_clinical_category, tob, tob_clinical_category) VALUES ('52', '52', '<=2', 'S', 'I', '4', 'S', 'nan', '>16', 'R', '2', 'S', '8', 'S', '8', 'I', '+', 'R', '32', 'R', '128', 'R', '16', 'R') ON DUPLICATE KEY UPDATE ami = '<=2', ami_clinical_category = 'S', atm_clinical_category = 'I', caz = '4', caz_clinical_category = 'S', caz_cloxa = 'nan', cip = '>16', cip_clinical_category = 'R', col = '2', col_clinical_category = 'S', fep = '8', fep_clinical_category = 'S', imi = '8', imi_clinical_category = 'I', imi_cloxa = '+', mer_clinical_category = 'R', pip_tz = '32', pip_tz_clinical_category = 'R', tic = '128', tic_clinical_category = 'R', tob = '16', tob_clinical_category = 'R'; 
INSERT INTO sequence_analysis(sequence_analysis_id, isolate_id, clonal_complex, mutational_resistome) VALUES ('52', '52', 'ST253', '{"PA0004": "WT", "PA0424": "V126E", "PA0425": "WT", "PA0426": "WT", "PA0427": "WT", "PA0807": "WT", "PA0869": "WT", "PA0958": "WT", "PA1179": "WT", "PA1180": "WT", "PA1777": "WT", "PA1798": "H398R", "PA1799": "L153R; S170N", "PA2018": "I536V; T543A; G589A; Q840E; N1036T; Q1039R", "PA2019": "A30T; K329Q; L331V; W358R", "PA2020": "L138R; N186S", "PA2272": "A104P", "PA2491": "D249N", "PA2492": "F172I", "PA3047": "Q156H", "PA3168": "aa914\u0394PS", "PA3574": "WT", "PA3721": "G71E; A145V; S209R", "PA3999": "WT", "PA4003": "WT", "PA4020": "M297V", "PA4109": "E114A; G283E; M288R", "PA4110": "G27D; A55T; T105A; Q155R; V205L; G391A", "PA4266": "WT", "PA4418": "WT", "PA4522": "WT", "PA4600": "R21H; D56G", "PA4700": "L353Q; S25G", "PA4776": "WT", "PA4777": "S2P; A4T; V15I; G68S; Y345H", "PA4964": "R131S", "PA4967": "D533E", "PA5045": "I418T; N622K", "PA5235": "WT", "PA5471": "C40R; L88P; S112N; D119E; I237V; V243A", "PA5485": "WT"}') ON DUPLICATE KEY UPDATE clonal_complex = 'ST253', mutational_resistome = '{"PA0004": "WT", "PA0424": "V126E", "PA0425": "WT", "PA0426": "WT", "PA0427": "WT", "PA0807": "WT", "PA0869": "WT", "PA0958": "WT", "PA1179": "WT", "PA1180": "WT", "PA1777": "WT", "PA1798": "H398R", "PA1799": "L153R; S170N", "PA2018": "I536V; T543A; G589A; Q840E; N1036T; Q1039R", "PA2019": "A30T; K329Q; L331V; W358R", "PA2020": "L138R; N186S", "PA2272": "A104P", "PA2491": "D249N", "PA2492": "F172I", "PA3047": "Q156H", "PA3168": "aa914\u0394PS", "PA3574": "WT", "PA3721": "G71E; A145V; S209R", "PA3999": "WT", "PA4003": "WT", "PA4020": "M297V", "PA4109": "E114A; G283E; M288R", "PA4110": "G27D; A55T; T105A; Q155R; V205L; G391A", "PA4266": "WT", "PA4418": "WT", "PA4522": "WT", "PA4600": "R21H; D56G", "PA4700": "L353Q; S25G", "PA4776": "WT", "PA4777": "S2P; A4T; V15I; G68S; Y345H", "PA4964": "R131S", "PA4967": "D533E", "PA5045": "I418T; N622K", "PA5235": "WT", "PA5471": "C40R; L88P; S112N; D119E; I237V; V243A", "PA5485": "WT"}'; 
INSERT INTO metadata_general(isolate_id, isolate_name, project_name, species) VALUES ('53', 'CAN01-037', 'GEMARA', 'Pseudomonas aeruginosa') ON DUPLICATE KEY UPDATE isolate_name = 'CAN01-037', project_name = 'GEMARA', species = 'Pseudomonas aeruginosa'; 
INSERT INTO mic(mic_id, isolate_id, ami, ami_clinical_category, atm_clinical_category, caz, caz_clinical_category, caz_cloxa, cip, cip_clinical_category, col, col_clinical_category, fep, fep_clinical_category, imi, imi_clinical_category, imi_cloxa, mer_clinical_category, pip_tz, pip_tz_clinical_category, tic, tic_clinical_category, tob, tob_clinical_category) VALUES ('53', '53', '128', 'R', 'I', '16', 'R', '+', '8', 'R', '1', 'S', '32', 'R', '8', 'I', '+', 'I', '16', 'S', '64', 'R', '16', 'R') ON DUPLICATE KEY UPDATE ami = '128', ami_clinical_category = 'R', atm_clinical_category = 'I', caz = '16', caz_clinical_category = 'R', caz_cloxa = '+', cip = '8', cip_clinical_category = 'R', col = '1', col_clinical_category = 'S', fep = '32', fep_clinical_category = 'R', imi = '8', imi_clinical_category = 'I', imi_cloxa = '+', mer_clinical_category = 'I', pip_tz = '16', pip_tz_clinical_category = 'S', tic = '64', tic_clinical_category = 'R', tob = '16', tob_clinical_category = 'R'; 
INSERT INTO sequence_analysis(sequence_analysis_id, isolate_id, clonal_complex, mutational_resistome) VALUES ('53', '53', 'ST3134', '{"PA0004": "G481D", "PA0424": "V126E", "PA0425": "WT", "PA0426": "W753R", "PA0427": "WT", "PA0807": "A219T", "PA0869": "WT", "PA0958": "WT", "PA1179": "A92V; Q124X", "PA1180": "WT", "PA1777": "WT", "PA1798": "H398R", "PA1799": "WT", "PA2018": "V475A; Q840E", "PA2019": "K329Q; L331V; W358R", "PA2020": "nt590InsC", "PA2272": "Y495H", "PA2491": "D249N", "PA2492": "M7V; F172I", "PA3047": "WT", "PA3168": "T83I", "PA3574": "WT", "PA3721": "G71E; A186T", "PA3999": "WT", "PA4003": "WT", "PA4020": "S119G; nt112InsC", "PA4109": "WT", "PA4110": "T105A", "PA4266": "T671I", "PA4418": "WT", "PA4522": "G148A", "PA4600": "WT", "PA4700": "L353Q", "PA4776": "L71R", "PA4777": "G188S; Y345H", "PA4964": "V646L", "PA4967": "WT", "PA5045": "WT", "PA5235": "WT", "PA5471": "R52C; L88P; D161G; H182Q; V243A", "PA5485": "WT"}') ON DUPLICATE KEY UPDATE clonal_complex = 'ST3134', mutational_resistome = '{"PA0004": "G481D", "PA0424": "V126E", "PA0425": "WT", "PA0426": "W753R", "PA0427": "WT", "PA0807": "A219T", "PA0869": "WT", "PA0958": "WT", "PA1179": "A92V; Q124X", "PA1180": "WT", "PA1777": "WT", "PA1798": "H398R", "PA1799": "WT", "PA2018": "V475A; Q840E", "PA2019": "K329Q; L331V; W358R", "PA2020": "nt590InsC", "PA2272": "Y495H", "PA2491": "D249N", "PA2492": "M7V; F172I", "PA3047": "WT", "PA3168": "T83I", "PA3574": "WT", "PA3721": "G71E; A186T", "PA3999": "WT", "PA4003": "WT", "PA4020": "S119G; nt112InsC", "PA4109": "WT", "PA4110": "T105A", "PA4266": "T671I", "PA4418": "WT", "PA4522": "G148A", "PA4600": "WT", "PA4700": "L353Q", "PA4776": "L71R", "PA4777": "G188S; Y345H", "PA4964": "V646L", "PA4967": "WT", "PA5045": "WT", "PA5235": "WT", "PA5471": "R52C; L88P; D161G; H182Q; V243A", "PA5485": "WT"}'; 
INSERT INTO metadata_general(isolate_id, isolate_name, project_name, species) VALUES ('54', 'CAN01-038', 'GEMARA', 'Pseudomonas aeruginosa') ON DUPLICATE KEY UPDATE isolate_name = 'CAN01-038', project_name = 'GEMARA', species = 'Pseudomonas aeruginosa'; 
INSERT INTO mic(mic_id, isolate_id, ami, ami_clinical_category, atm_clinical_category, caz, caz_clinical_category, caz_cloxa, cip, cip_clinical_category, col, col_clinical_category, fep, fep_clinical_category, imi, imi_clinical_category, imi_cloxa, mer_clinical_category, pip_tz, pip_tz_clinical_category, tic, tic_clinical_category, tob, tob_clinical_category) VALUES ('54', '54', '4', 'S', 'R', '8', 'S', '+', '1', 'R', '1', 'S', '16', 'R', '16', 'R', '+', 'R', '32', 'R', '128', 'R', '0.5', 'S') ON DUPLICATE KEY UPDATE ami = '4', ami_clinical_category = 'S', atm_clinical_category = 'R', caz = '8', caz_clinical_category = 'S', caz_cloxa = '+', cip = '1', cip_clinical_category = 'R', col = '1', col_clinical_category = 'S', fep = '16', fep_clinical_category = 'R', imi = '16', imi_clinical_category = 'R', imi_cloxa = '+', mer_clinical_category = 'R', pip_tz = '32', pip_tz_clinical_category = 'R', tic = '128', tic_clinical_category = 'R', tob = '0.5', tob_clinical_category = 'S'; 
INSERT INTO sequence_analysis(sequence_analysis_id, isolate_id, clonal_complex, mutational_resistome) VALUES ('54', '54', 'ST274', '{"PA0004": "H148N", "PA0424": "nt318InsG", "PA0425": "WT", "PA0426": "WT", "PA0427": "WT", "PA0807": "WT", "PA0869": "S250N", "PA0958": "Y214X", "PA1179": "WT", "PA1180": "WT", "PA1777": "WT", "PA1798": "A82T; T131P; H398R", "PA1799": "WT", "PA2018": "T543A; Q840E", "PA2019": "K329Q; L331V; D346H; W358R", "PA2020": "WT", "PA2272": "A104P", "PA2491": "D249N", "PA2492": "F172I", "PA3047": "A358V; A394P", "PA3168": "WT", "PA3574": "WT", "PA3721": "G71E; S209R", "PA3999": "WT", "PA4003": "WT", "PA4020": "M297V", "PA4109": "WT", "PA4110": "T21A; T105A", "PA4266": "WT", "PA4418": "WT", "PA4522": "R11L; G148A; D183Y", "PA4600": "WT", "PA4700": "S25G", "PA4776": "L71R", "PA4777": "Y345H", "PA4964": "WT", "PA4967": "WT", "PA5045": "WT", "PA5235": "WT", "PA5471": "L88P; D119E", "PA5485": "WT"}') ON DUPLICATE KEY UPDATE clonal_complex = 'ST274', mutational_resistome = '{"PA0004": "H148N", "PA0424": "nt318InsG", "PA0425": "WT", "PA0426": "WT", "PA0427": "WT", "PA0807": "WT", "PA0869": "S250N", "PA0958": "Y214X", "PA1179": "WT", "PA1180": "WT", "PA1777": "WT", "PA1798": "A82T; T131P; H398R", "PA1799": "WT", "PA2018": "T543A; Q840E", "PA2019": "K329Q; L331V; D346H; W358R", "PA2020": "WT", "PA2272": "A104P", "PA2491": "D249N", "PA2492": "F172I", "PA3047": "A358V; A394P", "PA3168": "WT", "PA3574": "WT", "PA3721": "G71E; S209R", "PA3999": "WT", "PA4003": "WT", "PA4020": "M297V", "PA4109": "WT", "PA4110": "T21A; T105A", "PA4266": "WT", "PA4418": "WT", "PA4522": "R11L; G148A; D183Y", "PA4600": "WT", "PA4700": "S25G", "PA4776": "L71R", "PA4777": "Y345H", "PA4964": "WT", "PA4967": "WT", "PA5045": "WT", "PA5235": "WT", "PA5471": "L88P; D119E", "PA5485": "WT"}'; 
INSERT INTO metadata_general(isolate_id, isolate_name, project_name, species) VALUES ('55', 'CAN01-039', 'GEMARA', 'Pseudomonas aeruginosa') ON DUPLICATE KEY UPDATE isolate_name = 'CAN01-039', project_name = 'GEMARA', species = 'Pseudomonas aeruginosa'; 
INSERT INTO mic(mic_id, isolate_id, ami, ami_clinical_category, atm_clinical_category, caz, caz_clinical_category, caz_cloxa, cip, cip_clinical_category, col, col_clinical_category, fep, fep_clinical_category, imi, imi_clinical_category, imi_cloxa, mer_clinical_category, pip_tz, pip_tz_clinical_category, tic, tic_clinical_category, tob, tob_clinical_category) VALUES ('55', '55', '32', 'R', 'R', '64', 'R', 'nan', '>16', 'R', '1', 'S', '32', 'R', '2', 'S', 'nan', 'S', '256', 'R', '256', 'R', '>32', 'R') ON DUPLICATE KEY UPDATE ami = '32', ami_clinical_category = 'R', atm_clinical_category = 'R', caz = '64', caz_clinical_category = 'R', caz_cloxa = 'nan', cip = '>16', cip_clinical_category = 'R', col = '1', col_clinical_category = 'S', fep = '32', fep_clinical_category = 'R', imi = '2', imi_clinical_category = 'S', imi_cloxa = 'nan', mer_clinical_category = 'S', pip_tz = '256', pip_tz_clinical_category = 'R', tic = '256', tic_clinical_category = 'R', tob = '>32', tob_clinical_category = 'R'; 
INSERT INTO sequence_analysis(sequence_analysis_id, isolate_id, clonal_complex, mutational_resistome) VALUES ('55', '55', 'ST308', '{"PA0004": "E468D", "PA0424": "V126E", "PA0425": "WT", "PA0426": "G957D", "PA0427": "WT", "PA0807": "WT", "PA0869": "A287S", "PA0958": "WT", "PA1179": "WT", "PA1180": "WT", "PA1777": "WT", "PA1798": "L137P; V216A; H398R", "PA1799": "L153R; S170N; nt618InsA", "PA2018": "I536V; T543A; G589A; Q840E; N1036T", "PA2019": "A30T; K329Q; L331V; W358R", "PA2020": "G89S; nt483InsTAT", "PA2272": "A104P", "PA2491": "V73A; D249N", "PA2492": "F172I", "PA3047": "WT", "PA3168": "T83I", "PA3574": "WT", "PA3721": "G71E; D79E; S209R", "PA3999": "WT", "PA4003": "WT", "PA4020": "WT", "PA4109": "G283E; M288R", "PA4110": "G27D; T105A; V205L; V356I; G391A", "PA4266": "WT", "PA4418": "WT", "PA4522": "A96T", "PA4600": "WT", "PA4700": "L353Q; S25G", "PA4776": "WT", "PA4777": "A4T; V15I; G68S; Y345H", "PA4964": "S87L; P752T", "PA4967": "P438S; D533E", "PA5045": "D73N", "PA5235": "WT", "PA5471": "C40R; L88P; S112N; D119E; I237V; V243A", "PA5485": "V40I"}') ON DUPLICATE KEY UPDATE clonal_complex = 'ST308', mutational_resistome = '{"PA0004": "E468D", "PA0424": "V126E", "PA0425": "WT", "PA0426": "G957D", "PA0427": "WT", "PA0807": "WT", "PA0869": "A287S", "PA0958": "WT", "PA1179": "WT", "PA1180": "WT", "PA1777": "WT", "PA1798": "L137P; V216A; H398R", "PA1799": "L153R; S170N; nt618InsA", "PA2018": "I536V; T543A; G589A; Q840E; N1036T", "PA2019": "A30T; K329Q; L331V; W358R", "PA2020": "G89S; nt483InsTAT", "PA2272": "A104P", "PA2491": "V73A; D249N", "PA2492": "F172I", "PA3047": "WT", "PA3168": "T83I", "PA3574": "WT", "PA3721": "G71E; D79E; S209R", "PA3999": "WT", "PA4003": "WT", "PA4020": "WT", "PA4109": "G283E; M288R", "PA4110": "G27D; T105A; V205L; V356I; G391A", "PA4266": "WT", "PA4418": "WT", "PA4522": "A96T", "PA4600": "WT", "PA4700": "L353Q; S25G", "PA4776": "WT", "PA4777": "A4T; V15I; G68S; Y345H", "PA4964": "S87L; P752T", "PA4967": "P438S; D533E", "PA5045": "D73N", "PA5235": "WT", "PA5471": "C40R; L88P; S112N; D119E; I237V; V243A", "PA5485": "V40I"}'; 
INSERT INTO metadata_general(isolate_id, isolate_name, project_name, species) VALUES ('56', 'CAT01-001', 'GEMARA', 'Pseudomonas aeruginosa') ON DUPLICATE KEY UPDATE isolate_name = 'CAT01-001', project_name = 'GEMARA', species = 'Pseudomonas aeruginosa'; 
INSERT INTO mic(mic_id, isolate_id, ami, ami_clinical_category, atm_clinical_category, caz, caz_clinical_category, caz_cloxa, cip, cip_clinical_category, col, col_clinical_category, fep, fep_clinical_category, imi, imi_clinical_category, imi_cloxa, mer_clinical_category, pip_tz, pip_tz_clinical_category, tic, tic_clinical_category, tob, tob_clinical_category) VALUES ('56', '56', '32', 'R', 'R', '64', 'R', '+', '8', 'R', '1', 'S', '32', 'R', '2', 'S', 'nan', 'S', '256', 'R', '256', 'R', '2', 'S') ON DUPLICATE KEY UPDATE ami = '32', ami_clinical_category = 'R', atm_clinical_category = 'R', caz = '64', caz_clinical_category = 'R', caz_cloxa = '+', cip = '8', cip_clinical_category = 'R', col = '1', col_clinical_category = 'S', fep = '32', fep_clinical_category = 'R', imi = '2', imi_clinical_category = 'S', imi_cloxa = 'nan', mer_clinical_category = 'S', pip_tz = '256', pip_tz_clinical_category = 'R', tic = '256', tic_clinical_category = 'R', tob = '2', tob_clinical_category = 'S'; 
INSERT INTO sequence_analysis(sequence_analysis_id, isolate_id, clonal_complex, mutational_resistome) VALUES ('56', '56', 'ST3149', '{"PA0004": "WT", "PA0424": "WT", "PA0425": "D373E", "PA0426": "WT", "PA0427": "V72L", "PA0807": "A219T", "PA0869": "S250N", "PA0958": "WT", "PA1179": "WT", "PA1180": "WT", "PA1777": "WT", "PA1798": "A345T; H398R", "PA1799": "L90I", "PA2018": "T543A", "PA2019": "K329Q; L331V; W358R", "PA2020": "nt525\u03948", "PA2272": "WT", "PA2491": "D249N", "PA2492": "P60S; F172I", "PA3047": "WT", "PA3168": "T83I", "PA3574": "T11N", "PA3721": "G71E", "PA3999": "WT", "PA4003": "A619E", "PA4020": "M297V", "PA4109": "WT", "PA4110": "R79Q", "PA4266": "WT", "PA4418": "L23V", "PA4522": "D28G", "PA4600": "WT", "PA4700": "L353Q", "PA4776": "L71R", "PA4777": "WT", "PA4964": "WT", "PA4967": "D533E", "PA5045": "D309E", "PA5235": "WT", "PA5471": "L88P; D161G; H182Q; V243A; A262S", "PA5485": "WT"}') ON DUPLICATE KEY UPDATE clonal_complex = 'ST3149', mutational_resistome = '{"PA0004": "WT", "PA0424": "WT", "PA0425": "D373E", "PA0426": "WT", "PA0427": "V72L", "PA0807": "A219T", "PA0869": "S250N", "PA0958": "WT", "PA1179": "WT", "PA1180": "WT", "PA1777": "WT", "PA1798": "A345T; H398R", "PA1799": "L90I", "PA2018": "T543A", "PA2019": "K329Q; L331V; W358R", "PA2020": "nt525\u03948", "PA2272": "WT", "PA2491": "D249N", "PA2492": "P60S; F172I", "PA3047": "WT", "PA3168": "T83I", "PA3574": "T11N", "PA3721": "G71E", "PA3999": "WT", "PA4003": "A619E", "PA4020": "M297V", "PA4109": "WT", "PA4110": "R79Q", "PA4266": "WT", "PA4418": "L23V", "PA4522": "D28G", "PA4600": "WT", "PA4700": "L353Q", "PA4776": "L71R", "PA4777": "WT", "PA4964": "WT", "PA4967": "D533E", "PA5045": "D309E", "PA5235": "WT", "PA5471": "L88P; D161G; H182Q; V243A; A262S", "PA5485": "WT"}'; 
INSERT INTO metadata_general(isolate_id, isolate_name, project_name, species) VALUES ('57', 'CAT01-015', 'GEMARA', 'Pseudomonas aeruginosa') ON DUPLICATE KEY UPDATE isolate_name = 'CAT01-015', project_name = 'GEMARA', species = 'Pseudomonas aeruginosa'; 
INSERT INTO mic(mic_id, isolate_id, ami, ami_clinical_category, atm_clinical_category, caz, caz_clinical_category, caz_cloxa, cip, cip_clinical_category, col, col_clinical_category, fep, fep_clinical_category, imi, imi_clinical_category, imi_cloxa, mer_clinical_category, pip_tz, pip_tz_clinical_category, tic, tic_clinical_category, tob, tob_clinical_category) VALUES ('57', '57', '8', 'S', 'I', '32', 'R', '+', '>16', 'R', '1', 'S', '16', 'R', '16', 'R', '+', 'I', '128', 'R', '256', 'R', '>32', 'R') ON DUPLICATE KEY UPDATE ami = '8', ami_clinical_category = 'S', atm_clinical_category = 'I', caz = '32', caz_clinical_category = 'R', caz_cloxa = '+', cip = '>16', cip_clinical_category = 'R', col = '1', col_clinical_category = 'S', fep = '16', fep_clinical_category = 'R', imi = '16', imi_clinical_category = 'R', imi_cloxa = '+', mer_clinical_category = 'I', pip_tz = '128', pip_tz_clinical_category = 'R', tic = '256', tic_clinical_category = 'R', tob = '>32', tob_clinical_category = 'R'; 
INSERT INTO sequence_analysis(sequence_analysis_id, isolate_id, clonal_complex, mutational_resistome) VALUES ('57', '57', 'ST175', '{"PA0004": "WT", "PA0424": "WT", "PA0425": "WT", "PA0426": "WT", "PA0427": "WT", "PA0807": "A219T", "PA0869": "S250N", "PA0958": "Q142X", "PA1179": "WT", "PA1180": "WT", "PA1777": "WT", "PA1798": "H398R", "PA1799": "WT", "PA2018": "T543A", "PA2019": "K329Q", "PA2020": "G195D", "PA2272": "E37K; A104P", "PA2491": "D249N", "PA2492": "P60S; F172I", "PA3047": "WT", "PA3168": "T83I; D87N", "PA3574": "WT", "PA3721": "G71E; A186T", "PA3999": "WT", "PA4003": "WT", "PA4020": "WT", "PA4109": "G154R", "PA4110": "WT", "PA4266": "WT", "PA4418": "WT", "PA4522": "G148A; D183Y", "PA4600": "WT", "PA4700": "WT", "PA4776": "WT", "PA4777": "Y345H", "PA4964": "S87W; L168Q", "PA4967": "WT", "PA5045": "E245D", "PA5235": "WT", "PA5471": "L88P; D161G; H182Q; V243A; V266M", "PA5485": "WT"}') ON DUPLICATE KEY UPDATE clonal_complex = 'ST175', mutational_resistome = '{"PA0004": "WT", "PA0424": "WT", "PA0425": "WT", "PA0426": "WT", "PA0427": "WT", "PA0807": "A219T", "PA0869": "S250N", "PA0958": "Q142X", "PA1179": "WT", "PA1180": "WT", "PA1777": "WT", "PA1798": "H398R", "PA1799": "WT", "PA2018": "T543A", "PA2019": "K329Q", "PA2020": "G195D", "PA2272": "E37K; A104P", "PA2491": "D249N", "PA2492": "P60S; F172I", "PA3047": "WT", "PA3168": "T83I; D87N", "PA3574": "WT", "PA3721": "G71E; A186T", "PA3999": "WT", "PA4003": "WT", "PA4020": "WT", "PA4109": "G154R", "PA4110": "WT", "PA4266": "WT", "PA4418": "WT", "PA4522": "G148A; D183Y", "PA4600": "WT", "PA4700": "WT", "PA4776": "WT", "PA4777": "Y345H", "PA4964": "S87W; L168Q", "PA4967": "WT", "PA5045": "E245D", "PA5235": "WT", "PA5471": "L88P; D161G; H182Q; V243A; V266M", "PA5485": "WT"}'; 
INSERT INTO metadata_general(isolate_id, isolate_name, project_name, species) VALUES ('58', 'CAT02-007', 'GEMARA', 'Pseudomonas aeruginosa') ON DUPLICATE KEY UPDATE isolate_name = 'CAT02-007', project_name = 'GEMARA', species = 'Pseudomonas aeruginosa'; 
INSERT INTO mic(mic_id, isolate_id, ami, ami_clinical_category, atm_clinical_category, caz, caz_clinical_category, caz_cloxa, cip, cip_clinical_category, col, col_clinical_category, fep, fep_clinical_category, imi, imi_clinical_category, imi_cloxa, mer_clinical_category, pip_tz, pip_tz_clinical_category, tic, tic_clinical_category, tob, tob_clinical_category) VALUES ('58', '58', '4', 'S', 'I', '32', 'R', '+', '>16', 'R', '1', 'S', '32', 'R', '16', 'R', '+', 'R', '128', 'R', '256', 'R', '32', 'R') ON DUPLICATE KEY UPDATE ami = '4', ami_clinical_category = 'S', atm_clinical_category = 'I', caz = '32', caz_clinical_category = 'R', caz_cloxa = '+', cip = '>16', cip_clinical_category = 'R', col = '1', col_clinical_category = 'S', fep = '32', fep_clinical_category = 'R', imi = '16', imi_clinical_category = 'R', imi_cloxa = '+', mer_clinical_category = 'R', pip_tz = '128', pip_tz_clinical_category = 'R', tic = '256', tic_clinical_category = 'R', tob = '32', tob_clinical_category = 'R'; 
INSERT INTO sequence_analysis(sequence_analysis_id, isolate_id, clonal_complex, mutational_resistome) VALUES ('58', '58', 'ST175', '{"PA0004": "WT", "PA0424": "WT", "PA0425": "WT", "PA0426": "WT", "PA0427": "WT", "PA0807": "A219T", "PA0869": "S250N", "PA0958": "Q142X", "PA1179": "WT", "PA1180": "WT", "PA1777": "WT", "PA1798": "H398R", "PA1799": "WT", "PA2018": "T543A", "PA2019": "K329Q; W358R", "PA2020": "G195D", "PA2272": "E37K; A104P", "PA2491": "D249N", "PA2492": "F172I", "PA3047": "WT", "PA3168": "T83I; D87N", "PA3574": "WT", "PA3721": "G71E; A186T", "PA3999": "WT", "PA4003": "WT", "PA4020": "WT", "PA4109": "G154R", "PA4110": "WT", "PA4266": "WT", "PA4418": "WT", "PA4522": "G148A; D183Y", "PA4600": "WT", "PA4700": "WT", "PA4776": "WT", "PA4777": "Y345H", "PA4964": "S87W; L168Q", "PA4967": "WT", "PA5045": "E245D", "PA5235": "T211P", "PA5471": "L88P; D161G; H182Q; V243A; V266M", "PA5485": "WT"}') ON DUPLICATE KEY UPDATE clonal_complex = 'ST175', mutational_resistome = '{"PA0004": "WT", "PA0424": "WT", "PA0425": "WT", "PA0426": "WT", "PA0427": "WT", "PA0807": "A219T", "PA0869": "S250N", "PA0958": "Q142X", "PA1179": "WT", "PA1180": "WT", "PA1777": "WT", "PA1798": "H398R", "PA1799": "WT", "PA2018": "T543A", "PA2019": "K329Q; W358R", "PA2020": "G195D", "PA2272": "E37K; A104P", "PA2491": "D249N", "PA2492": "F172I", "PA3047": "WT", "PA3168": "T83I; D87N", "PA3574": "WT", "PA3721": "G71E; A186T", "PA3999": "WT", "PA4003": "WT", "PA4020": "WT", "PA4109": "G154R", "PA4110": "WT", "PA4266": "WT", "PA4418": "WT", "PA4522": "G148A; D183Y", "PA4600": "WT", "PA4700": "WT", "PA4776": "WT", "PA4777": "Y345H", "PA4964": "S87W; L168Q", "PA4967": "WT", "PA5045": "E245D", "PA5235": "T211P", "PA5471": "L88P; D161G; H182Q; V243A; V266M", "PA5485": "WT"}'; 
INSERT INTO metadata_general(isolate_id, isolate_name, project_name, species) VALUES ('59', 'CAT02-012', 'GEMARA', 'Pseudomonas aeruginosa') ON DUPLICATE KEY UPDATE isolate_name = 'CAT02-012', project_name = 'GEMARA', species = 'Pseudomonas aeruginosa'; 
INSERT INTO mic(mic_id, isolate_id, ami, ami_clinical_category, atm_clinical_category, caz, caz_clinical_category, caz_cloxa, cip, cip_clinical_category, col, col_clinical_category, fep, fep_clinical_category, imi, imi_clinical_category, imi_cloxa, mer_clinical_category, pip_tz, pip_tz_clinical_category, tic, tic_clinical_category, tob, tob_clinical_category) VALUES ('59', '59', '32', 'R', 'R', '32', 'R', '+', '16', 'R', '1', 'S', '32', 'R', '16', 'R', '+', 'R', '256', 'R', '512', 'R', '>32', 'R') ON DUPLICATE KEY UPDATE ami = '32', ami_clinical_category = 'R', atm_clinical_category = 'R', caz = '32', caz_clinical_category = 'R', caz_cloxa = '+', cip = '16', cip_clinical_category = 'R', col = '1', col_clinical_category = 'S', fep = '32', fep_clinical_category = 'R', imi = '16', imi_clinical_category = 'R', imi_cloxa = '+', mer_clinical_category = 'R', pip_tz = '256', pip_tz_clinical_category = 'R', tic = '512', tic_clinical_category = 'R', tob = '>32', tob_clinical_category = 'R'; 
INSERT INTO sequence_analysis(sequence_analysis_id, isolate_id, clonal_complex, mutational_resistome) VALUES ('59', '59', 'ST235', '{"PA0004": "WT", "PA0424": "K44M; V126E", "PA0425": "WT", "PA0426": "G957D", "PA0427": "WT", "PA0807": "A208V", "PA0869": "A287S", "PA0958": "nt1216InsGTCCG", "PA1179": "WT", "PA1180": "Y85F", "PA1777": "WT", "PA1798": "H398R", "PA1799": "L153R; S170N", "PA2018": "T543A", "PA2019": "A30T; K329Q; L331V; W358R", "PA2020": "V48A", "PA2272": "A104P; V466I", "PA2491": "D249N", "PA2492": "P60S; F172I", "PA3047": "WT", "PA3168": "T83I", "PA3574": "WT", "PA3721": "G71E; E153Q; S209R", "PA3999": "WT", "PA4003": "WT", "PA4020": "WT", "PA4109": "G283E; M288R", "PA4110": "G27D; A97V; T105A; V205L; G391A", "PA4266": "WT", "PA4418": "WT", "PA4522": "A96T; G148A", "PA4600": "WT", "PA4700": "L353Q; S25G", "PA4776": "L71R", "PA4777": "A4T; G68S; Y345H; G362S", "PA4964": "S87L", "PA4967": "D533E", "PA5045": "WT", "PA5235": "WT", "PA5471": "L88P; D161G; H182Q; R204C; V243A", "PA5485": "WT"}') ON DUPLICATE KEY UPDATE clonal_complex = 'ST235', mutational_resistome = '{"PA0004": "WT", "PA0424": "K44M; V126E", "PA0425": "WT", "PA0426": "G957D", "PA0427": "WT", "PA0807": "A208V", "PA0869": "A287S", "PA0958": "nt1216InsGTCCG", "PA1179": "WT", "PA1180": "Y85F", "PA1777": "WT", "PA1798": "H398R", "PA1799": "L153R; S170N", "PA2018": "T543A", "PA2019": "A30T; K329Q; L331V; W358R", "PA2020": "V48A", "PA2272": "A104P; V466I", "PA2491": "D249N", "PA2492": "P60S; F172I", "PA3047": "WT", "PA3168": "T83I", "PA3574": "WT", "PA3721": "G71E; E153Q; S209R", "PA3999": "WT", "PA4003": "WT", "PA4020": "WT", "PA4109": "G283E; M288R", "PA4110": "G27D; A97V; T105A; V205L; G391A", "PA4266": "WT", "PA4418": "WT", "PA4522": "A96T; G148A", "PA4600": "WT", "PA4700": "L353Q; S25G", "PA4776": "L71R", "PA4777": "A4T; G68S; Y345H; G362S", "PA4964": "S87L", "PA4967": "D533E", "PA5045": "WT", "PA5235": "WT", "PA5471": "L88P; D161G; H182Q; R204C; V243A", "PA5485": "WT"}'; 
INSERT INTO metadata_general(isolate_id, isolate_name, project_name, species) VALUES ('60', 'CAT02-015', 'GEMARA', 'Pseudomonas aeruginosa') ON DUPLICATE KEY UPDATE isolate_name = 'CAT02-015', project_name = 'GEMARA', species = 'Pseudomonas aeruginosa'; 
INSERT INTO mic(mic_id, isolate_id, ami, ami_clinical_category, atm_clinical_category, caz, caz_clinical_category, caz_cloxa, cip, cip_clinical_category, col, col_clinical_category, fep, fep_clinical_category, imi, imi_clinical_category, imi_cloxa, mer_clinical_category, pip_tz, pip_tz_clinical_category, tic, tic_clinical_category, tob, tob_clinical_category) VALUES ('60', '60', '64', 'R', 'R', '>64', 'R', 'nan', '8', 'R', '2', 'S', '32', 'R', '8', 'I', '+', 'I', '16', 'S', '256', 'R', '>32', 'R') ON DUPLICATE KEY UPDATE ami = '64', ami_clinical_category = 'R', atm_clinical_category = 'R', caz = '>64', caz_clinical_category = 'R', caz_cloxa = 'nan', cip = '8', cip_clinical_category = 'R', col = '2', col_clinical_category = 'S', fep = '32', fep_clinical_category = 'R', imi = '8', imi_clinical_category = 'I', imi_cloxa = '+', mer_clinical_category = 'I', pip_tz = '16', pip_tz_clinical_category = 'S', tic = '256', tic_clinical_category = 'R', tob = '>32', tob_clinical_category = 'R'; 
INSERT INTO sequence_analysis(sequence_analysis_id, isolate_id, clonal_complex, mutational_resistome) VALUES ('60', '60', 'ST235', '{"PA0004": "WT", "PA0424": "V126E", "PA0425": "WT", "PA0426": "G957D", "PA0427": "WT", "PA0807": "A208V", "PA0869": "A287S", "PA0958": "nt30InsGC", "PA1179": "WT", "PA1180": "Y85F", "PA1777": "WT", "PA1798": "H398R", "PA1799": "L153R; S170N", "PA2018": "T543A", "PA2019": "A30T; K329Q; L331V; W358R", "PA2020": "WT", "PA2272": "A104P; V466I", "PA2491": "D249N", "PA2492": "P60S; F172I", "PA3047": "WT", "PA3168": "T83I", "PA3574": "WT", "PA3721": "G71E; E153Q; S209R", "PA3999": "WT", "PA4003": "WT", "PA4020": "WT", "PA4109": "G283E; M288R", "PA4110": "G27D; A97V; T105A; V205L; G391A", "PA4266": "WT", "PA4418": "WT", "PA4522": "P41S; G148A", "PA4600": "WT", "PA4700": "L353Q; S25G", "PA4776": "L71R", "PA4777": "A4T; G68S; Y345H; G362S", "PA4964": "WT", "PA4967": "E459K; D533E", "PA5045": "WT", "PA5235": "WT", "PA5471": "Ter14Qext*; L88P; D161G; H182Q; R204C; V243A", "PA5485": "WT"}') ON DUPLICATE KEY UPDATE clonal_complex = 'ST235', mutational_resistome = '{"PA0004": "WT", "PA0424": "V126E", "PA0425": "WT", "PA0426": "G957D", "PA0427": "WT", "PA0807": "A208V", "PA0869": "A287S", "PA0958": "nt30InsGC", "PA1179": "WT", "PA1180": "Y85F", "PA1777": "WT", "PA1798": "H398R", "PA1799": "L153R; S170N", "PA2018": "T543A", "PA2019": "A30T; K329Q; L331V; W358R", "PA2020": "WT", "PA2272": "A104P; V466I", "PA2491": "D249N", "PA2492": "P60S; F172I", "PA3047": "WT", "PA3168": "T83I", "PA3574": "WT", "PA3721": "G71E; E153Q; S209R", "PA3999": "WT", "PA4003": "WT", "PA4020": "WT", "PA4109": "G283E; M288R", "PA4110": "G27D; A97V; T105A; V205L; G391A", "PA4266": "WT", "PA4418": "WT", "PA4522": "P41S; G148A", "PA4600": "WT", "PA4700": "L353Q; S25G", "PA4776": "L71R", "PA4777": "A4T; G68S; Y345H; G362S", "PA4964": "WT", "PA4967": "E459K; D533E", "PA5045": "WT", "PA5235": "WT", "PA5471": "Ter14Qext*; L88P; D161G; H182Q; R204C; V243A", "PA5485": "WT"}'; 
INSERT INTO metadata_general(isolate_id, isolate_name, project_name, species) VALUES ('61', 'CAT02-018', 'GEMARA', 'Pseudomonas aeruginosa') ON DUPLICATE KEY UPDATE isolate_name = 'CAT02-018', project_name = 'GEMARA', species = 'Pseudomonas aeruginosa'; 
INSERT INTO mic(mic_id, isolate_id, ami, ami_clinical_category, atm_clinical_category, caz, caz_clinical_category, caz_cloxa, cip, cip_clinical_category, col, col_clinical_category, fep, fep_clinical_category, imi, imi_clinical_category, imi_cloxa, mer_clinical_category, pip_tz, pip_tz_clinical_category, tic, tic_clinical_category, tob, tob_clinical_category) VALUES ('61', '61', '64', 'R', 'R', '>64', 'R', 'nan', '8', 'R', '2', 'S', '64', 'R', '8', 'I', '+', 'R', '256', 'R', '512', 'R', '>32', 'R') ON DUPLICATE KEY UPDATE ami = '64', ami_clinical_category = 'R', atm_clinical_category = 'R', caz = '>64', caz_clinical_category = 'R', caz_cloxa = 'nan', cip = '8', cip_clinical_category = 'R', col = '2', col_clinical_category = 'S', fep = '64', fep_clinical_category = 'R', imi = '8', imi_clinical_category = 'I', imi_cloxa = '+', mer_clinical_category = 'R', pip_tz = '256', pip_tz_clinical_category = 'R', tic = '512', tic_clinical_category = 'R', tob = '>32', tob_clinical_category = 'R'; 
INSERT INTO sequence_analysis(sequence_analysis_id, isolate_id, clonal_complex, mutational_resistome) VALUES ('61', '61', 'ST235', '{"PA0004": "WT", "PA0424": "V126E", "PA0425": "WT", "PA0426": "G957D", "PA0427": "WT", "PA0807": "A208V", "PA0869": "A287S", "PA0958": "nt30InsGC", "PA1179": "WT", "PA1180": "Y85F", "PA1777": "WT", "PA1798": "H398R", "PA1799": "L153R; S170N", "PA2018": "T543A", "PA2019": "A30T; K329Q; L331V; W358R", "PA2020": "WT", "PA2272": "A104P; V466I", "PA2491": "D249N", "PA2492": "P60S; F172I", "PA3047": "WT", "PA3168": "T83I", "PA3574": "WT", "PA3721": "G71E; E153Q; S209R", "PA3999": "WT", "PA4003": "WT", "PA4020": "WT", "PA4109": "G283E; M288R", "PA4110": "G27D; A97V; T105A; V205L; G391A", "PA4266": "WT", "PA4418": "WT", "PA4522": "P41S; G148A", "PA4600": "WT", "PA4700": "L353Q; S25G", "PA4776": "L71R", "PA4777": "A4T; G68S; Y345H; G362S", "PA4964": "WT", "PA4967": "E459K; D533E", "PA5045": "WT", "PA5235": "WT", "PA5471": "Ter14Qext*; L88P; D161G; H182Q; R204C; V243A", "PA5485": "WT"}') ON DUPLICATE KEY UPDATE clonal_complex = 'ST235', mutational_resistome = '{"PA0004": "WT", "PA0424": "V126E", "PA0425": "WT", "PA0426": "G957D", "PA0427": "WT", "PA0807": "A208V", "PA0869": "A287S", "PA0958": "nt30InsGC", "PA1179": "WT", "PA1180": "Y85F", "PA1777": "WT", "PA1798": "H398R", "PA1799": "L153R; S170N", "PA2018": "T543A", "PA2019": "A30T; K329Q; L331V; W358R", "PA2020": "WT", "PA2272": "A104P; V466I", "PA2491": "D249N", "PA2492": "P60S; F172I", "PA3047": "WT", "PA3168": "T83I", "PA3574": "WT", "PA3721": "G71E; E153Q; S209R", "PA3999": "WT", "PA4003": "WT", "PA4020": "WT", "PA4109": "G283E; M288R", "PA4110": "G27D; A97V; T105A; V205L; G391A", "PA4266": "WT", "PA4418": "WT", "PA4522": "P41S; G148A", "PA4600": "WT", "PA4700": "L353Q; S25G", "PA4776": "L71R", "PA4777": "A4T; G68S; Y345H; G362S", "PA4964": "WT", "PA4967": "E459K; D533E", "PA5045": "WT", "PA5235": "WT", "PA5471": "Ter14Qext*; L88P; D161G; H182Q; R204C; V243A", "PA5485": "WT"}'; 
INSERT INTO metadata_general(isolate_id, isolate_name, project_name, species) VALUES ('62', 'CAT02-020', 'GEMARA', 'Pseudomonas aeruginosa') ON DUPLICATE KEY UPDATE isolate_name = 'CAT02-020', project_name = 'GEMARA', species = 'Pseudomonas aeruginosa'; 
INSERT INTO mic(mic_id, isolate_id, ami, ami_clinical_category, atm_clinical_category, caz, caz_clinical_category, caz_cloxa, cip, cip_clinical_category, col, col_clinical_category, fep, fep_clinical_category, imi, imi_clinical_category, imi_cloxa, mer_clinical_category, pip_tz, pip_tz_clinical_category, tic, tic_clinical_category, tob, tob_clinical_category) VALUES ('62', '62', '4', 'S', 'I', '32', 'R', '+', '>16', 'R', '1', 'S', '16', 'R', '16', 'R', '+', 'R', '128', 'R', '128', 'R', '32', 'R') ON DUPLICATE KEY UPDATE ami = '4', ami_clinical_category = 'S', atm_clinical_category = 'I', caz = '32', caz_clinical_category = 'R', caz_cloxa = '+', cip = '>16', cip_clinical_category = 'R', col = '1', col_clinical_category = 'S', fep = '16', fep_clinical_category = 'R', imi = '16', imi_clinical_category = 'R', imi_cloxa = '+', mer_clinical_category = 'R', pip_tz = '128', pip_tz_clinical_category = 'R', tic = '128', tic_clinical_category = 'R', tob = '32', tob_clinical_category = 'R'; 
INSERT INTO sequence_analysis(sequence_analysis_id, isolate_id, clonal_complex, mutational_resistome) VALUES ('62', '62', 'ST175', '{"PA0004": "WT", "PA0424": "WT", "PA0425": "WT", "PA0426": "WT", "PA0427": "WT", "PA0807": "A219T", "PA0869": "S250N", "PA0958": "Q142X", "PA1179": "WT", "PA1180": "WT", "PA1777": "WT", "PA1798": "H398R", "PA1799": "WT", "PA2018": "T543A", "PA2019": "K329Q; W358R", "PA2020": "G195D", "PA2272": "E37K; A104P", "PA2491": "D249N", "PA2492": "P60S; F172I", "PA3047": "WT", "PA3168": "T83I; D87N", "PA3574": "WT", "PA3721": "G71E; A186T", "PA3999": "WT", "PA4003": "WT", "PA4020": "WT", "PA4109": "G154R", "PA4110": "WT", "PA4266": "WT", "PA4418": "WT", "PA4522": "G148A; D183Y", "PA4600": "WT", "PA4700": "WT", "PA4776": "WT", "PA4777": "Y345H", "PA4964": "S87W; L168Q", "PA4967": "WT", "PA5045": "E245D", "PA5235": "T211P", "PA5471": "L88P; D161G; H182Q; V243A; V266M", "PA5485": "WT"}') ON DUPLICATE KEY UPDATE clonal_complex = 'ST175', mutational_resistome = '{"PA0004": "WT", "PA0424": "WT", "PA0425": "WT", "PA0426": "WT", "PA0427": "WT", "PA0807": "A219T", "PA0869": "S250N", "PA0958": "Q142X", "PA1179": "WT", "PA1180": "WT", "PA1777": "WT", "PA1798": "H398R", "PA1799": "WT", "PA2018": "T543A", "PA2019": "K329Q; W358R", "PA2020": "G195D", "PA2272": "E37K; A104P", "PA2491": "D249N", "PA2492": "P60S; F172I", "PA3047": "WT", "PA3168": "T83I; D87N", "PA3574": "WT", "PA3721": "G71E; A186T", "PA3999": "WT", "PA4003": "WT", "PA4020": "WT", "PA4109": "G154R", "PA4110": "WT", "PA4266": "WT", "PA4418": "WT", "PA4522": "G148A; D183Y", "PA4600": "WT", "PA4700": "WT", "PA4776": "WT", "PA4777": "Y345H", "PA4964": "S87W; L168Q", "PA4967": "WT", "PA5045": "E245D", "PA5235": "T211P", "PA5471": "L88P; D161G; H182Q; V243A; V266M", "PA5485": "WT"}'; 
INSERT INTO metadata_general(isolate_id, isolate_name, project_name, species) VALUES ('63', 'CAT03-004', 'GEMARA', 'Pseudomonas aeruginosa') ON DUPLICATE KEY UPDATE isolate_name = 'CAT03-004', project_name = 'GEMARA', species = 'Pseudomonas aeruginosa'; 
INSERT INTO mic(mic_id, isolate_id, ami, ami_clinical_category, atm_clinical_category, caz, caz_clinical_category, caz_cloxa, cip, cip_clinical_category, col, col_clinical_category, fep, fep_clinical_category, imi, imi_clinical_category, imi_cloxa, mer_clinical_category, pip_tz, pip_tz_clinical_category, tic, tic_clinical_category, tob, tob_clinical_category) VALUES ('63', '63', '4', 'S', 'I', '32', 'R', '+', '>16', 'R', '2', 'S', '16', 'R', '16', 'R', '+', 'R', '128', 'R', '256', 'R', '>32', 'R') ON DUPLICATE KEY UPDATE ami = '4', ami_clinical_category = 'S', atm_clinical_category = 'I', caz = '32', caz_clinical_category = 'R', caz_cloxa = '+', cip = '>16', cip_clinical_category = 'R', col = '2', col_clinical_category = 'S', fep = '16', fep_clinical_category = 'R', imi = '16', imi_clinical_category = 'R', imi_cloxa = '+', mer_clinical_category = 'R', pip_tz = '128', pip_tz_clinical_category = 'R', tic = '256', tic_clinical_category = 'R', tob = '>32', tob_clinical_category = 'R'; 
INSERT INTO sequence_analysis(sequence_analysis_id, isolate_id, clonal_complex, mutational_resistome) VALUES ('63', '63', 'ST175', '{"PA0004": "WT", "PA0424": "WT", "PA0425": "WT", "PA0426": "WT", "PA0427": "WT", "PA0807": "A219T", "PA0869": "S250N", "PA0958": "Q142X", "PA1179": "WT", "PA1180": "WT", "PA1777": "WT", "PA1798": "H398R", "PA1799": "WT", "PA2018": "T543A", "PA2019": "K329Q; W358R", "PA2020": "G195D", "PA2272": "E37K; A104P", "PA2491": "D249N", "PA2492": "P60S; F172I", "PA3047": "WT", "PA3168": "T83I; D87N", "PA3574": "WT", "PA3721": "G71E; A186T", "PA3999": "WT", "PA4003": "WT", "PA4020": "WT", "PA4109": "G154R", "PA4110": "WT", "PA4266": "WT", "PA4418": "WT", "PA4522": "G148A; D183Y", "PA4600": "WT", "PA4700": "WT", "PA4776": "WT", "PA4777": "Y345H", "PA4964": "S87W; L168Q", "PA4967": "WT", "PA5045": "E245D", "PA5235": "T211P", "PA5471": "L88P; D161G; H182Q; V243A; V266M", "PA5485": "WT"}') ON DUPLICATE KEY UPDATE clonal_complex = 'ST175', mutational_resistome = '{"PA0004": "WT", "PA0424": "WT", "PA0425": "WT", "PA0426": "WT", "PA0427": "WT", "PA0807": "A219T", "PA0869": "S250N", "PA0958": "Q142X", "PA1179": "WT", "PA1180": "WT", "PA1777": "WT", "PA1798": "H398R", "PA1799": "WT", "PA2018": "T543A", "PA2019": "K329Q; W358R", "PA2020": "G195D", "PA2272": "E37K; A104P", "PA2491": "D249N", "PA2492": "P60S; F172I", "PA3047": "WT", "PA3168": "T83I; D87N", "PA3574": "WT", "PA3721": "G71E; A186T", "PA3999": "WT", "PA4003": "WT", "PA4020": "WT", "PA4109": "G154R", "PA4110": "WT", "PA4266": "WT", "PA4418": "WT", "PA4522": "G148A; D183Y", "PA4600": "WT", "PA4700": "WT", "PA4776": "WT", "PA4777": "Y345H", "PA4964": "S87W; L168Q", "PA4967": "WT", "PA5045": "E245D", "PA5235": "T211P", "PA5471": "L88P; D161G; H182Q; V243A; V266M", "PA5485": "WT"}'; 
INSERT INTO metadata_general(isolate_id, isolate_name, project_name, species) VALUES ('64', 'CAT04-001', 'GEMARA', 'Pseudomonas aeruginosa') ON DUPLICATE KEY UPDATE isolate_name = 'CAT04-001', project_name = 'GEMARA', species = 'Pseudomonas aeruginosa'; 
INSERT INTO mic(mic_id, isolate_id, ami, ami_clinical_category, atm_clinical_category, caz, caz_clinical_category, caz_cloxa, cip, cip_clinical_category, col, col_clinical_category, fep, fep_clinical_category, imi, imi_clinical_category, imi_cloxa, mer_clinical_category, pip_tz, pip_tz_clinical_category, tic, tic_clinical_category, tob, tob_clinical_category) VALUES ('64', '64', '4', 'S', 'R', '64', 'R', '+', '>16', 'R', '2', 'S', '64', 'R', '16', 'R', '+', 'R', '256', 'R', '256', 'R', '0.5', 'S') ON DUPLICATE KEY UPDATE ami = '4', ami_clinical_category = 'S', atm_clinical_category = 'R', caz = '64', caz_clinical_category = 'R', caz_cloxa = '+', cip = '>16', cip_clinical_category = 'R', col = '2', col_clinical_category = 'S', fep = '64', fep_clinical_category = 'R', imi = '16', imi_clinical_category = 'R', imi_cloxa = '+', mer_clinical_category = 'R', pip_tz = '256', pip_tz_clinical_category = 'R', tic = '256', tic_clinical_category = 'R', tob = '0.5', tob_clinical_category = 'S'; 
INSERT INTO sequence_analysis(sequence_analysis_id, isolate_id, clonal_complex, mutational_resistome) VALUES ('64', '64', 'ST253', '{"PA0004": "WT", "PA0424": "R73L; V126E", "PA0425": "WT", "PA0426": "WT", "PA0427": "WT", "PA0807": "WT", "PA0869": "WT", "PA0958": "Q402H", "PA1179": "WT", "PA1180": "WT", "PA1777": "WT", "PA1798": "H398R", "PA1799": "L153R; S170N", "PA2018": "I536V; T543A; G589A; Q840E; N1036T; Q1039R", "PA2019": "A30T; K329Q; L331V; W358R", "PA2020": "L138R; N186S", "PA2272": "A104P", "PA2491": "D249N", "PA2492": "F172I", "PA3047": "Q156H", "PA3168": "T83I; aa914\u03942", "PA3574": "WT", "PA3721": "G71E; A145V; S209R", "PA3999": "WT", "PA4003": "A481T", "PA4020": "V420M; M297V", "PA4109": "E114A; G283E; M288R", "PA4110": "G27D; A55T; T105A; Q155R; V205L; G391A", "PA4266": "WT", "PA4418": "WT", "PA4522": "S75F", "PA4600": "R21H; D56G", "PA4700": "L353Q; S25G", "PA4776": "WT", "PA4777": "A4T; V15I; G68S; Y345H", "PA4964": "S87W", "PA4967": "D533E", "PA5045": "I418T; N622K", "PA5235": "WT", "PA5471": "C40R; L88P; S112N; D119E; I237V; V243A", "PA5485": "WT"}') ON DUPLICATE KEY UPDATE clonal_complex = 'ST253', mutational_resistome = '{"PA0004": "WT", "PA0424": "R73L; V126E", "PA0425": "WT", "PA0426": "WT", "PA0427": "WT", "PA0807": "WT", "PA0869": "WT", "PA0958": "Q402H", "PA1179": "WT", "PA1180": "WT", "PA1777": "WT", "PA1798": "H398R", "PA1799": "L153R; S170N", "PA2018": "I536V; T543A; G589A; Q840E; N1036T; Q1039R", "PA2019": "A30T; K329Q; L331V; W358R", "PA2020": "L138R; N186S", "PA2272": "A104P", "PA2491": "D249N", "PA2492": "F172I", "PA3047": "Q156H", "PA3168": "T83I; aa914\u03942", "PA3574": "WT", "PA3721": "G71E; A145V; S209R", "PA3999": "WT", "PA4003": "A481T", "PA4020": "V420M; M297V", "PA4109": "E114A; G283E; M288R", "PA4110": "G27D; A55T; T105A; Q155R; V205L; G391A", "PA4266": "WT", "PA4418": "WT", "PA4522": "S75F", "PA4600": "R21H; D56G", "PA4700": "L353Q; S25G", "PA4776": "WT", "PA4777": "A4T; V15I; G68S; Y345H", "PA4964": "S87W", "PA4967": "D533E", "PA5045": "I418T; N622K", "PA5235": "WT", "PA5471": "C40R; L88P; S112N; D119E; I237V; V243A", "PA5485": "WT"}'; 
INSERT INTO metadata_general(isolate_id, isolate_name, project_name, species) VALUES ('65', 'CAT04-016', 'GEMARA', 'Pseudomonas aeruginosa') ON DUPLICATE KEY UPDATE isolate_name = 'CAT04-016', project_name = 'GEMARA', species = 'Pseudomonas aeruginosa'; 
INSERT INTO mic(mic_id, isolate_id, ami, ami_clinical_category, atm_clinical_category, caz, caz_clinical_category, caz_cloxa, cip, cip_clinical_category, col, col_clinical_category, fep, fep_clinical_category, imi, imi_clinical_category, imi_cloxa, mer_clinical_category, pip_tz, pip_tz_clinical_category, tic, tic_clinical_category, tob, tob_clinical_category) VALUES ('65', '65', '8', 'S', 'R', '32', 'R', 'nan', '>16', 'R', '2', 'S', '16', 'R', '8', 'I', '+', 'R', '128', 'R', '128', 'R', '0.5', 'S') ON DUPLICATE KEY UPDATE ami = '8', ami_clinical_category = 'S', atm_clinical_category = 'R', caz = '32', caz_clinical_category = 'R', caz_cloxa = 'nan', cip = '>16', cip_clinical_category = 'R', col = '2', col_clinical_category = 'S', fep = '16', fep_clinical_category = 'R', imi = '8', imi_clinical_category = 'I', imi_cloxa = '+', mer_clinical_category = 'R', pip_tz = '128', pip_tz_clinical_category = 'R', tic = '128', tic_clinical_category = 'R', tob = '0.5', tob_clinical_category = 'S'; 
INSERT INTO sequence_analysis(sequence_analysis_id, isolate_id, clonal_complex, mutational_resistome) VALUES ('65', '65', 'ST253', '{"PA0004": "WT", "PA0424": "V126E", "PA0425": "WT", "PA0426": "WT", "PA0427": "WT", "PA0807": "WT", "PA0869": "WT", "PA0958": "nt106InsG", "PA1179": "WT", "PA1180": "WT", "PA1777": "WT", "PA1798": "H398R", "PA1799": "L153R; S170N", "PA2018": "I536V; T543A; G589A; Q840E; N1036T; Q1039R", "PA2019": "A30T; K329Q; L331V; W358R", "PA2020": "V105G; L138R; N186S", "PA2272": "A104P", "PA2491": "D249N", "PA2492": "F172I", "PA3047": "Q156H", "PA3168": "T83I; V671I; G860S", "PA3574": "WT", "PA3721": "G71E; A145V; S209R", "PA3999": "WT", "PA4003": "A481T", "PA4020": "M297V", "PA4109": "E114A; G283E; M288R", "PA4110": "G27D; A55T; T105A; Q155R; V205L; G391A", "PA4266": "WT", "PA4418": "WT", "PA4522": "WT", "PA4600": "R21H; D56G", "PA4700": "L353Q; S25G", "PA4776": "WT", "PA4777": "A4T; V15I; G68S; Y345H", "PA4964": "S87W", "PA4967": "D533E", "PA5045": "I418T; N622K", "PA5235": "WT", "PA5471": "C40R; L88P; S112N; D119E; I237V; V243A", "PA5485": "WT"}') ON DUPLICATE KEY UPDATE clonal_complex = 'ST253', mutational_resistome = '{"PA0004": "WT", "PA0424": "V126E", "PA0425": "WT", "PA0426": "WT", "PA0427": "WT", "PA0807": "WT", "PA0869": "WT", "PA0958": "nt106InsG", "PA1179": "WT", "PA1180": "WT", "PA1777": "WT", "PA1798": "H398R", "PA1799": "L153R; S170N", "PA2018": "I536V; T543A; G589A; Q840E; N1036T; Q1039R", "PA2019": "A30T; K329Q; L331V; W358R", "PA2020": "V105G; L138R; N186S", "PA2272": "A104P", "PA2491": "D249N", "PA2492": "F172I", "PA3047": "Q156H", "PA3168": "T83I; V671I; G860S", "PA3574": "WT", "PA3721": "G71E; A145V; S209R", "PA3999": "WT", "PA4003": "A481T", "PA4020": "M297V", "PA4109": "E114A; G283E; M288R", "PA4110": "G27D; A55T; T105A; Q155R; V205L; G391A", "PA4266": "WT", "PA4418": "WT", "PA4522": "WT", "PA4600": "R21H; D56G", "PA4700": "L353Q; S25G", "PA4776": "WT", "PA4777": "A4T; V15I; G68S; Y345H", "PA4964": "S87W", "PA4967": "D533E", "PA5045": "I418T; N622K", "PA5235": "WT", "PA5471": "C40R; L88P; S112N; D119E; I237V; V243A", "PA5485": "WT"}'; 
INSERT INTO metadata_general(isolate_id, isolate_name, project_name, species) VALUES ('66', 'CAT04-032', 'GEMARA', 'Pseudomonas aeruginosa') ON DUPLICATE KEY UPDATE isolate_name = 'CAT04-032', project_name = 'GEMARA', species = 'Pseudomonas aeruginosa'; 
INSERT INTO mic(mic_id, isolate_id, ami, ami_clinical_category, atm_clinical_category, caz, caz_clinical_category, caz_cloxa, cip, cip_clinical_category, col, col_clinical_category, fep, fep_clinical_category, imi, imi_clinical_category, imi_cloxa, mer_clinical_category, pip_tz, pip_tz_clinical_category, tic, tic_clinical_category, tob, tob_clinical_category) VALUES ('66', '66', '8', 'S', 'R', '64', 'R', '+', '>16', 'R', '2', 'S', '32', 'R', '16', 'R', '+', 'I', '128', 'R', '128', 'R', '32', 'R') ON DUPLICATE KEY UPDATE ami = '8', ami_clinical_category = 'S', atm_clinical_category = 'R', caz = '64', caz_clinical_category = 'R', caz_cloxa = '+', cip = '>16', cip_clinical_category = 'R', col = '2', col_clinical_category = 'S', fep = '32', fep_clinical_category = 'R', imi = '16', imi_clinical_category = 'R', imi_cloxa = '+', mer_clinical_category = 'I', pip_tz = '128', pip_tz_clinical_category = 'R', tic = '128', tic_clinical_category = 'R', tob = '32', tob_clinical_category = 'R'; 
INSERT INTO sequence_analysis(sequence_analysis_id, isolate_id, clonal_complex, mutational_resistome) VALUES ('66', '66', 'ST175', '{"PA0004": "WT", "PA0424": "WT", "PA0425": "WT", "PA0426": "WT", "PA0427": "WT", "PA0807": "A219T", "PA0869": "S250N", "PA0958": "Q142X", "PA1179": "WT", "PA1180": "WT", "PA1777": "WT", "PA1798": "H398R", "PA1799": "WT", "PA2018": "T543A", "PA2019": "K329Q", "PA2020": "G195D", "PA2272": "E37K; A104P", "PA2491": "D249N", "PA2492": "P60S; F172I", "PA3047": "WT", "PA3168": "T83I; D87N", "PA3574": "WT", "PA3721": "G71E; A186T", "PA3999": "WT", "PA4003": "WT", "PA4020": "WT", "PA4109": "G154R", "PA4110": "WT", "PA4266": "WT", "PA4418": "WT", "PA4522": "G148A; D183Y", "PA4600": "WT", "PA4700": "WT", "PA4776": "WT", "PA4777": "Y345H", "PA4964": "S87W; L168Q", "PA4967": "WT", "PA5045": "E245D", "PA5235": "T211P", "PA5471": "L88P; D161G; H182Q; V243A; V266M", "PA5485": "WT"}') ON DUPLICATE KEY UPDATE clonal_complex = 'ST175', mutational_resistome = '{"PA0004": "WT", "PA0424": "WT", "PA0425": "WT", "PA0426": "WT", "PA0427": "WT", "PA0807": "A219T", "PA0869": "S250N", "PA0958": "Q142X", "PA1179": "WT", "PA1180": "WT", "PA1777": "WT", "PA1798": "H398R", "PA1799": "WT", "PA2018": "T543A", "PA2019": "K329Q", "PA2020": "G195D", "PA2272": "E37K; A104P", "PA2491": "D249N", "PA2492": "P60S; F172I", "PA3047": "WT", "PA3168": "T83I; D87N", "PA3574": "WT", "PA3721": "G71E; A186T", "PA3999": "WT", "PA4003": "WT", "PA4020": "WT", "PA4109": "G154R", "PA4110": "WT", "PA4266": "WT", "PA4418": "WT", "PA4522": "G148A; D183Y", "PA4600": "WT", "PA4700": "WT", "PA4776": "WT", "PA4777": "Y345H", "PA4964": "S87W; L168Q", "PA4967": "WT", "PA5045": "E245D", "PA5235": "T211P", "PA5471": "L88P; D161G; H182Q; V243A; V266M", "PA5485": "WT"}'; 
INSERT INTO metadata_general(isolate_id, isolate_name, project_name, species) VALUES ('67', 'CAT05-001', 'GEMARA', 'Pseudomonas aeruginosa') ON DUPLICATE KEY UPDATE isolate_name = 'CAT05-001', project_name = 'GEMARA', species = 'Pseudomonas aeruginosa'; 
INSERT INTO mic(mic_id, isolate_id, ami, ami_clinical_category, atm_clinical_category, caz, caz_clinical_category, caz_cloxa, cip, cip_clinical_category, col, col_clinical_category, fep, fep_clinical_category, imi, imi_clinical_category, imi_cloxa, mer_clinical_category, pip_tz, pip_tz_clinical_category, tic, tic_clinical_category, tob, tob_clinical_category) VALUES ('67', '67', '<=2', 'S', 'I', '16', 'R', '+', '>16', 'R', '1', 'S', '16', 'R', '8', 'I', '+', 'I', '64', 'R', '64', 'R', '16', 'R') ON DUPLICATE KEY UPDATE ami = '<=2', ami_clinical_category = 'S', atm_clinical_category = 'I', caz = '16', caz_clinical_category = 'R', caz_cloxa = '+', cip = '>16', cip_clinical_category = 'R', col = '1', col_clinical_category = 'S', fep = '16', fep_clinical_category = 'R', imi = '8', imi_clinical_category = 'I', imi_cloxa = '+', mer_clinical_category = 'I', pip_tz = '64', pip_tz_clinical_category = 'R', tic = '64', tic_clinical_category = 'R', tob = '16', tob_clinical_category = 'R'; 
INSERT INTO sequence_analysis(sequence_analysis_id, isolate_id, clonal_complex, mutational_resistome) VALUES ('67', '67', 'ST175', '{"PA0004": "WT", "PA0424": "WT", "PA0425": "WT", "PA0426": "WT", "PA0427": "WT", "PA0807": "A219T", "PA0869": "S250N", "PA0958": "Q142X", "PA1179": "WT", "PA1180": "WT", "PA1777": "WT", "PA1798": "H398R", "PA1799": "WT", "PA2018": "T543A", "PA2019": "K329Q; W358R", "PA2020": "G195D", "PA2272": "E37K; A104P", "PA2491": "D249N", "PA2492": "P60S; F172I", "PA3047": "WT", "PA3168": "T83I; D87N", "PA3574": "WT", "PA3721": "G71E; A186T", "PA3999": "WT", "PA4003": "WT", "PA4020": "WT", "PA4109": "G154R", "PA4110": "WT", "PA4266": "WT", "PA4418": "WT", "PA4522": "G148A; D183Y", "PA4600": "WT", "PA4700": "WT", "PA4776": "WT", "PA4777": "Y345H", "PA4964": "S87W; L168Q", "PA4967": "WT", "PA5045": "E245D", "PA5235": "T211P", "PA5471": "L88P; D161G; H182Q; V243A; V266M", "PA5485": "WT"}') ON DUPLICATE KEY UPDATE clonal_complex = 'ST175', mutational_resistome = '{"PA0004": "WT", "PA0424": "WT", "PA0425": "WT", "PA0426": "WT", "PA0427": "WT", "PA0807": "A219T", "PA0869": "S250N", "PA0958": "Q142X", "PA1179": "WT", "PA1180": "WT", "PA1777": "WT", "PA1798": "H398R", "PA1799": "WT", "PA2018": "T543A", "PA2019": "K329Q; W358R", "PA2020": "G195D", "PA2272": "E37K; A104P", "PA2491": "D249N", "PA2492": "P60S; F172I", "PA3047": "WT", "PA3168": "T83I; D87N", "PA3574": "WT", "PA3721": "G71E; A186T", "PA3999": "WT", "PA4003": "WT", "PA4020": "WT", "PA4109": "G154R", "PA4110": "WT", "PA4266": "WT", "PA4418": "WT", "PA4522": "G148A; D183Y", "PA4600": "WT", "PA4700": "WT", "PA4776": "WT", "PA4777": "Y345H", "PA4964": "S87W; L168Q", "PA4967": "WT", "PA5045": "E245D", "PA5235": "T211P", "PA5471": "L88P; D161G; H182Q; V243A; V266M", "PA5485": "WT"}'; 
INSERT INTO metadata_general(isolate_id, isolate_name, project_name, species) VALUES ('68', 'CAT05-004', 'GEMARA', 'Pseudomonas aeruginosa') ON DUPLICATE KEY UPDATE isolate_name = 'CAT05-004', project_name = 'GEMARA', species = 'Pseudomonas aeruginosa'; 
INSERT INTO mic(mic_id, isolate_id, ami, ami_clinical_category, atm_clinical_category, caz, caz_clinical_category, caz_cloxa, cip, cip_clinical_category, col, col_clinical_category, fep, fep_clinical_category, imi, imi_clinical_category, imi_cloxa, mer_clinical_category, pip_tz, pip_tz_clinical_category, tic, tic_clinical_category, tob, tob_clinical_category) VALUES ('68', '68', '4', 'S', 'I', '>64', 'R', 'nan', '>16', 'R', '2', 'S', '>64', 'R', '>32', 'R', 'nan', 'R', '>256', 'R', '>512', 'R', '2', 'S') ON DUPLICATE KEY UPDATE ami = '4', ami_clinical_category = 'S', atm_clinical_category = 'I', caz = '>64', caz_clinical_category = 'R', caz_cloxa = 'nan', cip = '>16', cip_clinical_category = 'R', col = '2', col_clinical_category = 'S', fep = '>64', fep_clinical_category = 'R', imi = '>32', imi_clinical_category = 'R', imi_cloxa = 'nan', mer_clinical_category = 'R', pip_tz = '>256', pip_tz_clinical_category = 'R', tic = '>512', tic_clinical_category = 'R', tob = '2', tob_clinical_category = 'S'; 
INSERT INTO sequence_analysis(sequence_analysis_id, isolate_id, clonal_complex, mutational_resistome) VALUES ('68', '68', 'ST253', '{"PA0004": "WT", "PA0424": "V126E", "PA0425": "WT", "PA0426": "WT", "PA0427": "WT", "PA0807": "WT", "PA0869": "WT", "PA0958": "W77X", "PA1179": "WT", "PA1180": "WT", "PA1777": "WT", "PA1798": "H398R", "PA1799": "L153R; S170N", "PA2018": "I536V; T543A; G589A; Q840E; N1036T; Q1039R", "PA2019": "A30T; K329Q; L331V; W358R", "PA2020": "V105G; L138R; N186S", "PA2272": "A104P", "PA2491": "D249N", "PA2492": "F172I", "PA3047": "Q156H", "PA3168": "T83I; V671I; G860S", "PA3574": "WT", "PA3721": "G71E; A145V; S209R", "PA3999": "WT", "PA4003": "A481T", "PA4020": "M297V", "PA4109": "E114A; G283E; M288R", "PA4110": "G27D; A55T; T105A; Q155R; V205L; G391A", "PA4266": "WT", "PA4418": "WT", "PA4522": "WT", "PA4600": "R21H; D56G", "PA4700": "L353Q; S25G", "PA4776": "WT", "PA4777": "S2P; A4T; V15I; G68S; Y345H", "PA4964": "S87W", "PA4967": "D533E", "PA5045": "I418T; N622K", "PA5235": "WT", "PA5471": "C40R; L88P; S112N; D119E; I237V; V243A", "PA5485": "WT"}') ON DUPLICATE KEY UPDATE clonal_complex = 'ST253', mutational_resistome = '{"PA0004": "WT", "PA0424": "V126E", "PA0425": "WT", "PA0426": "WT", "PA0427": "WT", "PA0807": "WT", "PA0869": "WT", "PA0958": "W77X", "PA1179": "WT", "PA1180": "WT", "PA1777": "WT", "PA1798": "H398R", "PA1799": "L153R; S170N", "PA2018": "I536V; T543A; G589A; Q840E; N1036T; Q1039R", "PA2019": "A30T; K329Q; L331V; W358R", "PA2020": "V105G; L138R; N186S", "PA2272": "A104P", "PA2491": "D249N", "PA2492": "F172I", "PA3047": "Q156H", "PA3168": "T83I; V671I; G860S", "PA3574": "WT", "PA3721": "G71E; A145V; S209R", "PA3999": "WT", "PA4003": "A481T", "PA4020": "M297V", "PA4109": "E114A; G283E; M288R", "PA4110": "G27D; A55T; T105A; Q155R; V205L; G391A", "PA4266": "WT", "PA4418": "WT", "PA4522": "WT", "PA4600": "R21H; D56G", "PA4700": "L353Q; S25G", "PA4776": "WT", "PA4777": "S2P; A4T; V15I; G68S; Y345H", "PA4964": "S87W", "PA4967": "D533E", "PA5045": "I418T; N622K", "PA5235": "WT", "PA5471": "C40R; L88P; S112N; D119E; I237V; V243A", "PA5485": "WT"}'; 
INSERT INTO metadata_general(isolate_id, isolate_name, project_name, species) VALUES ('69', 'CAT05-005', 'GEMARA', 'Pseudomonas aeruginosa') ON DUPLICATE KEY UPDATE isolate_name = 'CAT05-005', project_name = 'GEMARA', species = 'Pseudomonas aeruginosa'; 
INSERT INTO mic(mic_id, isolate_id, ami, ami_clinical_category, atm_clinical_category, caz, caz_clinical_category, caz_cloxa, cip, cip_clinical_category, col, col_clinical_category, fep, fep_clinical_category, imi, imi_clinical_category, imi_cloxa, mer_clinical_category, pip_tz, pip_tz_clinical_category, tic, tic_clinical_category, tob, tob_clinical_category) VALUES ('69', '69', '<=2', 'S', 'I', '16', 'R', '+', '>16', 'R', '<=0.5', 'S', '16', 'R', '8', 'I', '+', 'S', '64', 'R', '64', 'R', '32', 'R') ON DUPLICATE KEY UPDATE ami = '<=2', ami_clinical_category = 'S', atm_clinical_category = 'I', caz = '16', caz_clinical_category = 'R', caz_cloxa = '+', cip = '>16', cip_clinical_category = 'R', col = '<=0.5', col_clinical_category = 'S', fep = '16', fep_clinical_category = 'R', imi = '8', imi_clinical_category = 'I', imi_cloxa = '+', mer_clinical_category = 'S', pip_tz = '64', pip_tz_clinical_category = 'R', tic = '64', tic_clinical_category = 'R', tob = '32', tob_clinical_category = 'R'; 
INSERT INTO sequence_analysis(sequence_analysis_id, isolate_id, clonal_complex, mutational_resistome) VALUES ('69', '69', 'ST175', '{"PA0004": "WT", "PA0424": "WT", "PA0425": "nt359\u039414", "PA0426": "WT", "PA0427": "WT", "PA0807": "A219T", "PA0869": "S250N", "PA0958": "Q142X", "PA1179": "WT", "PA1180": "WT", "PA1777": "WT", "PA1798": "H398R", "PA1799": "WT", "PA2018": "T543A", "PA2019": "K329Q", "PA2020": "G195D", "PA2272": "E37K; A104P", "PA2491": "D249N", "PA2492": "P60S; F172I", "PA3047": "WT", "PA3168": "T83I; D87N", "PA3574": "WT", "PA3721": "G71E; A186T", "PA3999": "WT", "PA4003": "WT", "PA4020": "WT", "PA4109": "G154R", "PA4110": "WT", "PA4266": "WT", "PA4418": "WT", "PA4522": "G148A; D183Y", "PA4600": "WT", "PA4700": "WT", "PA4776": "WT", "PA4777": "Y345H", "PA4964": "S87W; L168Q", "PA4967": "WT", "PA5045": "E245D", "PA5235": "T211P", "PA5471": "L88P; D161G; H182Q; V243A; V266M", "PA5485": "WT"}') ON DUPLICATE KEY UPDATE clonal_complex = 'ST175', mutational_resistome = '{"PA0004": "WT", "PA0424": "WT", "PA0425": "nt359\u039414", "PA0426": "WT", "PA0427": "WT", "PA0807": "A219T", "PA0869": "S250N", "PA0958": "Q142X", "PA1179": "WT", "PA1180": "WT", "PA1777": "WT", "PA1798": "H398R", "PA1799": "WT", "PA2018": "T543A", "PA2019": "K329Q", "PA2020": "G195D", "PA2272": "E37K; A104P", "PA2491": "D249N", "PA2492": "P60S; F172I", "PA3047": "WT", "PA3168": "T83I; D87N", "PA3574": "WT", "PA3721": "G71E; A186T", "PA3999": "WT", "PA4003": "WT", "PA4020": "WT", "PA4109": "G154R", "PA4110": "WT", "PA4266": "WT", "PA4418": "WT", "PA4522": "G148A; D183Y", "PA4600": "WT", "PA4700": "WT", "PA4776": "WT", "PA4777": "Y345H", "PA4964": "S87W; L168Q", "PA4967": "WT", "PA5045": "E245D", "PA5235": "T211P", "PA5471": "L88P; D161G; H182Q; V243A; V266M", "PA5485": "WT"}'; 
INSERT INTO metadata_general(isolate_id, isolate_name, project_name, species) VALUES ('70', 'CAT05-008', 'GEMARA', 'Pseudomonas aeruginosa') ON DUPLICATE KEY UPDATE isolate_name = 'CAT05-008', project_name = 'GEMARA', species = 'Pseudomonas aeruginosa'; 
INSERT INTO mic(mic_id, isolate_id, ami, ami_clinical_category, atm_clinical_category, caz, caz_clinical_category, caz_cloxa, cip, cip_clinical_category, col, col_clinical_category, fep, fep_clinical_category, imi, imi_clinical_category, imi_cloxa, mer_clinical_category, pip_tz, pip_tz_clinical_category, tic, tic_clinical_category, tob, tob_clinical_category) VALUES ('70', '70', '8', 'S', 'R', '32', 'R', '+', '>16', 'R', '2', 'S', '16', 'R', '8', 'I', '+', 'R', '>256', 'R', '>512', 'R', '>32', 'R') ON DUPLICATE KEY UPDATE ami = '8', ami_clinical_category = 'S', atm_clinical_category = 'R', caz = '32', caz_clinical_category = 'R', caz_cloxa = '+', cip = '>16', cip_clinical_category = 'R', col = '2', col_clinical_category = 'S', fep = '16', fep_clinical_category = 'R', imi = '8', imi_clinical_category = 'I', imi_cloxa = '+', mer_clinical_category = 'R', pip_tz = '>256', pip_tz_clinical_category = 'R', tic = '>512', tic_clinical_category = 'R', tob = '>32', tob_clinical_category = 'R'; 
INSERT INTO sequence_analysis(sequence_analysis_id, isolate_id, clonal_complex, mutational_resistome) VALUES ('70', '70', 'ST111', '{"PA0004": "WT", "PA0424": "V126E", "PA0425": "WT", "PA0426": "WT", "PA0427": "WT", "PA0807": "A219T", "PA0869": "WT", "PA0958": "W77X", "PA1179": "WT", "PA1180": "WT", "PA1777": "WT", "PA1798": "L137P; H398R", "PA1799": "WT", "PA2018": "G530S", "PA2019": "K329Q; L331V; W358R", "PA2020": "WT", "PA2272": "A104P", "PA2491": "D249N", "PA2492": "F172I", "PA3047": "WT", "PA3168": "T83I; V671I; G860S", "PA3574": "WT", "PA3721": "G71E", "PA3999": "WT", "PA4003": "WT", "PA4020": "D411A", "PA4109": "WT", "PA4110": "T105A", "PA4266": "WT", "PA4418": "WT", "PA4522": "V10G; G148A", "PA4600": "A121T", "PA4700": "M715K; K607R", "PA4776": "L71R", "PA4777": "A4T; V6A; V15I; G68S; Y345H", "PA4964": "S87L", "PA4967": "WT", "PA5045": "G596R", "PA5235": "WT", "PA5471": "L88P; D161G; H182Q; V243A", "PA5485": "WT"}') ON DUPLICATE KEY UPDATE clonal_complex = 'ST111', mutational_resistome = '{"PA0004": "WT", "PA0424": "V126E", "PA0425": "WT", "PA0426": "WT", "PA0427": "WT", "PA0807": "A219T", "PA0869": "WT", "PA0958": "W77X", "PA1179": "WT", "PA1180": "WT", "PA1777": "WT", "PA1798": "L137P; H398R", "PA1799": "WT", "PA2018": "G530S", "PA2019": "K329Q; L331V; W358R", "PA2020": "WT", "PA2272": "A104P", "PA2491": "D249N", "PA2492": "F172I", "PA3047": "WT", "PA3168": "T83I; V671I; G860S", "PA3574": "WT", "PA3721": "G71E", "PA3999": "WT", "PA4003": "WT", "PA4020": "D411A", "PA4109": "WT", "PA4110": "T105A", "PA4266": "WT", "PA4418": "WT", "PA4522": "V10G; G148A", "PA4600": "A121T", "PA4700": "M715K; K607R", "PA4776": "L71R", "PA4777": "A4T; V6A; V15I; G68S; Y345H", "PA4964": "S87L", "PA4967": "WT", "PA5045": "G596R", "PA5235": "WT", "PA5471": "L88P; D161G; H182Q; V243A", "PA5485": "WT"}'; 
INSERT INTO metadata_general(isolate_id, isolate_name, project_name, species) VALUES ('71', 'CAT05-019', 'GEMARA', 'Pseudomonas aeruginosa') ON DUPLICATE KEY UPDATE isolate_name = 'CAT05-019', project_name = 'GEMARA', species = 'Pseudomonas aeruginosa'; 
INSERT INTO mic(mic_id, isolate_id, ami, ami_clinical_category, atm_clinical_category, caz, caz_clinical_category, caz_cloxa, cip, cip_clinical_category, col, col_clinical_category, fep, fep_clinical_category, imi, imi_clinical_category, imi_cloxa, mer_clinical_category, pip_tz, pip_tz_clinical_category, tic, tic_clinical_category, tob, tob_clinical_category) VALUES ('71', '71', '4', 'S', 'I', '32', 'R', 'nan', '>16', 'R', '1', 'S', '16', 'R', '16', 'R', '+', 'R', '128', 'R', '512', 'R', '4', 'S') ON DUPLICATE KEY UPDATE ami = '4', ami_clinical_category = 'S', atm_clinical_category = 'I', caz = '32', caz_clinical_category = 'R', caz_cloxa = 'nan', cip = '>16', cip_clinical_category = 'R', col = '1', col_clinical_category = 'S', fep = '16', fep_clinical_category = 'R', imi = '16', imi_clinical_category = 'R', imi_cloxa = '+', mer_clinical_category = 'R', pip_tz = '128', pip_tz_clinical_category = 'R', tic = '512', tic_clinical_category = 'R', tob = '4', tob_clinical_category = 'S'; 
INSERT INTO sequence_analysis(sequence_analysis_id, isolate_id, clonal_complex, mutational_resistome) VALUES ('71', '71', 'ST175', '{"PA0004": "WT", "PA0424": "WT", "PA0425": "WT", "PA0426": "WT", "PA0427": "WT", "PA0807": "A219T", "PA0869": "S250N", "PA0958": "Q142X", "PA1179": "WT", "PA1180": "WT", "PA1777": "WT", "PA1798": "H398R", "PA1799": "WT", "PA2018": "T543A", "PA2019": "K329Q", "PA2020": "G195D", "PA2272": "E37K; A104P", "PA2491": "D249N", "PA2492": "P60S; F172I", "PA3047": "WT", "PA3168": "T83I; D87N", "PA3574": "WT", "PA3721": "G71E; A186T", "PA3999": "WT", "PA4003": "WT", "PA4020": "WT", "PA4109": "G154R", "PA4110": "WT", "PA4266": "WT", "PA4418": "WT", "PA4522": "G148A; D183Y", "PA4600": "WT", "PA4700": "WT", "PA4776": "WT", "PA4777": "Y345H", "PA4964": "S87W; L168Q", "PA4967": "WT", "PA5045": "E245D", "PA5235": "T211P", "PA5471": "L88P; D161G; H182Q; V243A; V266M", "PA5485": "WT"}') ON DUPLICATE KEY UPDATE clonal_complex = 'ST175', mutational_resistome = '{"PA0004": "WT", "PA0424": "WT", "PA0425": "WT", "PA0426": "WT", "PA0427": "WT", "PA0807": "A219T", "PA0869": "S250N", "PA0958": "Q142X", "PA1179": "WT", "PA1180": "WT", "PA1777": "WT", "PA1798": "H398R", "PA1799": "WT", "PA2018": "T543A", "PA2019": "K329Q", "PA2020": "G195D", "PA2272": "E37K; A104P", "PA2491": "D249N", "PA2492": "P60S; F172I", "PA3047": "WT", "PA3168": "T83I; D87N", "PA3574": "WT", "PA3721": "G71E; A186T", "PA3999": "WT", "PA4003": "WT", "PA4020": "WT", "PA4109": "G154R", "PA4110": "WT", "PA4266": "WT", "PA4418": "WT", "PA4522": "G148A; D183Y", "PA4600": "WT", "PA4700": "WT", "PA4776": "WT", "PA4777": "Y345H", "PA4964": "S87W; L168Q", "PA4967": "WT", "PA5045": "E245D", "PA5235": "T211P", "PA5471": "L88P; D161G; H182Q; V243A; V266M", "PA5485": "WT"}'; 
INSERT INTO metadata_general(isolate_id, isolate_name, project_name, species) VALUES ('72', 'CAT06-008', 'GEMARA', 'Pseudomonas aeruginosa') ON DUPLICATE KEY UPDATE isolate_name = 'CAT06-008', project_name = 'GEMARA', species = 'Pseudomonas aeruginosa'; 
INSERT INTO mic(mic_id, isolate_id, ami, ami_clinical_category, atm_clinical_category, caz, caz_clinical_category, caz_cloxa, cip, cip_clinical_category, col, col_clinical_category, fep, fep_clinical_category, imi, imi_clinical_category, imi_cloxa, mer_clinical_category, pip_tz, pip_tz_clinical_category, tic, tic_clinical_category, tob, tob_clinical_category) VALUES ('72', '72', '8', 'S', 'I', '4', 'S', '+', '>16', 'R', '1', 'S', '8', 'S', '16', 'R', '+', 'S', '64', 'R', '256', 'R', '32', 'R') ON DUPLICATE KEY UPDATE ami = '8', ami_clinical_category = 'S', atm_clinical_category = 'I', caz = '4', caz_clinical_category = 'S', caz_cloxa = '+', cip = '>16', cip_clinical_category = 'R', col = '1', col_clinical_category = 'S', fep = '8', fep_clinical_category = 'S', imi = '16', imi_clinical_category = 'R', imi_cloxa = '+', mer_clinical_category = 'S', pip_tz = '64', pip_tz_clinical_category = 'R', tic = '256', tic_clinical_category = 'R', tob = '32', tob_clinical_category = 'R'; 
INSERT INTO sequence_analysis(sequence_analysis_id, isolate_id, clonal_complex, mutational_resistome) VALUES ('72', '72', 'ST175', '{"PA0004": "WT", "PA0424": "WT", "PA0425": "WT", "PA0426": "A735D", "PA0427": "WT", "PA0807": "A219T", "PA0869": "S250N", "PA0958": "Q142X", "PA1179": "WT", "PA1180": "WT", "PA1777": "WT", "PA1798": "H398R", "PA1799": "WT", "PA2018": "T543A", "PA2019": "K329Q; W358R", "PA2020": "G195D", "PA2272": "E37K; A104P", "PA2491": "D249N", "PA2492": "P60S; F172I", "PA3047": "A434T", "PA3168": "T83I; D87N", "PA3574": "WT", "PA3721": "G71E; A186T", "PA3999": "WT", "PA4003": "WT", "PA4020": "WT", "PA4109": "G154R", "PA4110": "WT", "PA4266": "WT", "PA4418": "WT", "PA4522": "G148A; D183Y", "PA4600": "WT", "PA4700": "WT", "PA4776": "WT", "PA4777": "Y345H", "PA4964": "S87W; L168Q", "PA4967": "WT", "PA5045": "E245D", "PA5235": "T211P", "PA5471": "L88P; D161G; H182Q; V243A; V266M", "PA5485": "WT"}') ON DUPLICATE KEY UPDATE clonal_complex = 'ST175', mutational_resistome = '{"PA0004": "WT", "PA0424": "WT", "PA0425": "WT", "PA0426": "A735D", "PA0427": "WT", "PA0807": "A219T", "PA0869": "S250N", "PA0958": "Q142X", "PA1179": "WT", "PA1180": "WT", "PA1777": "WT", "PA1798": "H398R", "PA1799": "WT", "PA2018": "T543A", "PA2019": "K329Q; W358R", "PA2020": "G195D", "PA2272": "E37K; A104P", "PA2491": "D249N", "PA2492": "P60S; F172I", "PA3047": "A434T", "PA3168": "T83I; D87N", "PA3574": "WT", "PA3721": "G71E; A186T", "PA3999": "WT", "PA4003": "WT", "PA4020": "WT", "PA4109": "G154R", "PA4110": "WT", "PA4266": "WT", "PA4418": "WT", "PA4522": "G148A; D183Y", "PA4600": "WT", "PA4700": "WT", "PA4776": "WT", "PA4777": "Y345H", "PA4964": "S87W; L168Q", "PA4967": "WT", "PA5045": "E245D", "PA5235": "T211P", "PA5471": "L88P; D161G; H182Q; V243A; V266M", "PA5485": "WT"}'; 
INSERT INTO metadata_general(isolate_id, isolate_name, project_name, species) VALUES ('73', 'CAT06-016', 'GEMARA', 'Pseudomonas aeruginosa') ON DUPLICATE KEY UPDATE isolate_name = 'CAT06-016', project_name = 'GEMARA', species = 'Pseudomonas aeruginosa'; 
INSERT INTO mic(mic_id, isolate_id, ami, ami_clinical_category, atm_clinical_category, caz, caz_clinical_category, caz_cloxa, cip, cip_clinical_category, col, col_clinical_category, fep, fep_clinical_category, imi, imi_clinical_category, imi_cloxa, mer_clinical_category, pip_tz, pip_tz_clinical_category, tic, tic_clinical_category, tob, tob_clinical_category) VALUES ('73', '73', '4', 'S', 'R', '32', 'R', '+', '>16', 'R', '2', 'S', '16', 'R', '16', 'R', '+', 'R', '128', 'R', '128', 'R', '32', 'R') ON DUPLICATE KEY UPDATE ami = '4', ami_clinical_category = 'S', atm_clinical_category = 'R', caz = '32', caz_clinical_category = 'R', caz_cloxa = '+', cip = '>16', cip_clinical_category = 'R', col = '2', col_clinical_category = 'S', fep = '16', fep_clinical_category = 'R', imi = '16', imi_clinical_category = 'R', imi_cloxa = '+', mer_clinical_category = 'R', pip_tz = '128', pip_tz_clinical_category = 'R', tic = '128', tic_clinical_category = 'R', tob = '32', tob_clinical_category = 'R'; 
INSERT INTO sequence_analysis(sequence_analysis_id, isolate_id, clonal_complex, mutational_resistome) VALUES ('73', '73', 'ST175', '{"PA0004": "WT", "PA0424": "WT", "PA0425": "WT", "PA0426": "WT", "PA0427": "WT", "PA0807": "A219T", "PA0869": "S250N", "PA0958": "Q142X", "PA1179": "WT", "PA1180": "WT", "PA1777": "WT", "PA1798": "H398R", "PA1799": "WT", "PA2018": "T543A", "PA2019": "K329Q; W358R", "PA2020": "G195D", "PA2272": "E37K; A104P", "PA2491": "D249N", "PA2492": "P60S; F172I", "PA3047": "WT", "PA3168": "T83I; D87N", "PA3574": "WT", "PA3721": "G71E; A186T", "PA3999": "WT", "PA4003": "WT", "PA4020": "WT", "PA4109": "G154R", "PA4110": "WT", "PA4266": "WT", "PA4418": "WT", "PA4522": "G148A; D183Y", "PA4600": "WT", "PA4700": "WT", "PA4776": "WT", "PA4777": "Y345H", "PA4964": "S87W; L168Q", "PA4967": "WT", "PA5045": "E245D", "PA5235": "T211P", "PA5471": "L88P; D161G; H182Q; V243A; V266M", "PA5485": "WT"}') ON DUPLICATE KEY UPDATE clonal_complex = 'ST175', mutational_resistome = '{"PA0004": "WT", "PA0424": "WT", "PA0425": "WT", "PA0426": "WT", "PA0427": "WT", "PA0807": "A219T", "PA0869": "S250N", "PA0958": "Q142X", "PA1179": "WT", "PA1180": "WT", "PA1777": "WT", "PA1798": "H398R", "PA1799": "WT", "PA2018": "T543A", "PA2019": "K329Q; W358R", "PA2020": "G195D", "PA2272": "E37K; A104P", "PA2491": "D249N", "PA2492": "P60S; F172I", "PA3047": "WT", "PA3168": "T83I; D87N", "PA3574": "WT", "PA3721": "G71E; A186T", "PA3999": "WT", "PA4003": "WT", "PA4020": "WT", "PA4109": "G154R", "PA4110": "WT", "PA4266": "WT", "PA4418": "WT", "PA4522": "G148A; D183Y", "PA4600": "WT", "PA4700": "WT", "PA4776": "WT", "PA4777": "Y345H", "PA4964": "S87W; L168Q", "PA4967": "WT", "PA5045": "E245D", "PA5235": "T211P", "PA5471": "L88P; D161G; H182Q; V243A; V266M", "PA5485": "WT"}'; 
INSERT INTO metadata_general(isolate_id, isolate_name, project_name, species) VALUES ('74', 'CAT06-019', 'GEMARA', 'Pseudomonas aeruginosa') ON DUPLICATE KEY UPDATE isolate_name = 'CAT06-019', project_name = 'GEMARA', species = 'Pseudomonas aeruginosa'; 
INSERT INTO mic(mic_id, isolate_id, ami, ami_clinical_category, atm_clinical_category, caz, caz_clinical_category, caz_cloxa, cip, cip_clinical_category, col, col_clinical_category, fep, fep_clinical_category, imi, imi_clinical_category, imi_cloxa, mer_clinical_category, pip_tz, pip_tz_clinical_category, tic, tic_clinical_category, tob, tob_clinical_category) VALUES ('74', '74', '8', 'S', 'I', '8', 'S', '+', '16', 'R', '1', 'S', '16', 'R', '16', 'R', '+', 'R', '16', 'S', '64', 'R', '>32', 'R') ON DUPLICATE KEY UPDATE ami = '8', ami_clinical_category = 'S', atm_clinical_category = 'I', caz = '8', caz_clinical_category = 'S', caz_cloxa = '+', cip = '16', cip_clinical_category = 'R', col = '1', col_clinical_category = 'S', fep = '16', fep_clinical_category = 'R', imi = '16', imi_clinical_category = 'R', imi_cloxa = '+', mer_clinical_category = 'R', pip_tz = '16', pip_tz_clinical_category = 'S', tic = '64', tic_clinical_category = 'R', tob = '>32', tob_clinical_category = 'R'; 
INSERT INTO sequence_analysis(sequence_analysis_id, isolate_id, clonal_complex, mutational_resistome) VALUES ('74', '74', 'ST175', '{"PA0004": "WT", "PA0424": "WT", "PA0425": "S258L", "PA0426": "WT", "PA0427": "WT", "PA0807": "A219T", "PA0869": "S250N", "PA0958": "Q142X", "PA1179": "WT", "PA1180": "WT", "PA1777": "WT", "PA1798": "H398R", "PA1799": "WT", "PA2018": "T543A", "PA2019": "K329Q; W358R", "PA2020": "G195D", "PA2272": "E37K; A104P", "PA2491": "D249N", "PA2492": "P60S; F172I", "PA3047": "WT", "PA3168": "T83I; D87N", "PA3574": "WT", "PA3721": "G71E; A186T", "PA3999": "WT", "PA4003": "WT", "PA4020": "WT", "PA4109": "G154R", "PA4110": "WT", "PA4266": "WT", "PA4418": "F533L", "PA4522": "G148A; D183Y", "PA4600": "WT", "PA4700": "WT", "PA4776": "WT", "PA4777": "Y345H", "PA4964": "S87W; L168Q", "PA4967": "WT", "PA5045": "E245D", "PA5235": "T211P", "PA5471": "L88P; D161G; H182Q; V243A; V266M", "PA5485": "WT"}') ON DUPLICATE KEY UPDATE clonal_complex = 'ST175', mutational_resistome = '{"PA0004": "WT", "PA0424": "WT", "PA0425": "S258L", "PA0426": "WT", "PA0427": "WT", "PA0807": "A219T", "PA0869": "S250N", "PA0958": "Q142X", "PA1179": "WT", "PA1180": "WT", "PA1777": "WT", "PA1798": "H398R", "PA1799": "WT", "PA2018": "T543A", "PA2019": "K329Q; W358R", "PA2020": "G195D", "PA2272": "E37K; A104P", "PA2491": "D249N", "PA2492": "P60S; F172I", "PA3047": "WT", "PA3168": "T83I; D87N", "PA3574": "WT", "PA3721": "G71E; A186T", "PA3999": "WT", "PA4003": "WT", "PA4020": "WT", "PA4109": "G154R", "PA4110": "WT", "PA4266": "WT", "PA4418": "F533L", "PA4522": "G148A; D183Y", "PA4600": "WT", "PA4700": "WT", "PA4776": "WT", "PA4777": "Y345H", "PA4964": "S87W; L168Q", "PA4967": "WT", "PA5045": "E245D", "PA5235": "T211P", "PA5471": "L88P; D161G; H182Q; V243A; V266M", "PA5485": "WT"}'; 
INSERT INTO metadata_general(isolate_id, isolate_name, project_name, species) VALUES ('75', 'CAT06-021', 'GEMARA', 'Pseudomonas aeruginosa') ON DUPLICATE KEY UPDATE isolate_name = 'CAT06-021', project_name = 'GEMARA', species = 'Pseudomonas aeruginosa'; 
INSERT INTO mic(mic_id, isolate_id, ami, ami_clinical_category, atm_clinical_category, caz, caz_clinical_category, caz_cloxa, cip, cip_clinical_category, col, col_clinical_category, fep, fep_clinical_category, imi, imi_clinical_category, imi_cloxa, mer_clinical_category, pip_tz, pip_tz_clinical_category, tic, tic_clinical_category, tob, tob_clinical_category) VALUES ('75', '75', '4', 'S', 'I', '8', 'S', '+', '>16', 'R', '1', 'S', '16', 'R', '16', 'R', 'nan', 'R', '32', 'R', '64', 'R', '32', 'R') ON DUPLICATE KEY UPDATE ami = '4', ami_clinical_category = 'S', atm_clinical_category = 'I', caz = '8', caz_clinical_category = 'S', caz_cloxa = '+', cip = '>16', cip_clinical_category = 'R', col = '1', col_clinical_category = 'S', fep = '16', fep_clinical_category = 'R', imi = '16', imi_clinical_category = 'R', imi_cloxa = 'nan', mer_clinical_category = 'R', pip_tz = '32', pip_tz_clinical_category = 'R', tic = '64', tic_clinical_category = 'R', tob = '32', tob_clinical_category = 'R'; 
INSERT INTO sequence_analysis(sequence_analysis_id, isolate_id, clonal_complex, mutational_resistome) VALUES ('75', '75', 'ST1134', '{"PA0004": "WT", "PA0424": "WT", "PA0425": "D373E", "PA0426": "WT", "PA0427": "V72L", "PA0807": "A219T", "PA0869": "WT", "PA0958": "WT", "PA1179": "WT", "PA1180": "WT", "PA1777": "WT", "PA1798": "H398R", "PA1799": "WT", "PA2018": "T543A", "PA2019": "K329Q; L331V; W358R", "PA2020": "WT", "PA2272": "WT", "PA2491": "D249N", "PA2492": "F172I", "PA3047": "WT", "PA3168": "A908T", "PA3574": "WT", "PA3721": "G71E; S209R", "PA3999": "WT", "PA4003": "WT", "PA4020": "A303V; M297V", "PA4109": "WT", "PA4110": "T105A", "PA4266": "WT", "PA4418": "WT", "PA4522": "R11L; G148A; D183Y", "PA4600": "R82L", "PA4700": "WT", "PA4776": "L71R", "PA4777": "Y345H", "PA4964": "WT", "PA4967": "A473V; D533E", "PA5045": "WT", "PA5235": "WT", "PA5471": "C40R; L88P; D161G; H182Q; V243A", "PA5485": "WT"}') ON DUPLICATE KEY UPDATE clonal_complex = 'ST1134', mutational_resistome = '{"PA0004": "WT", "PA0424": "WT", "PA0425": "D373E", "PA0426": "WT", "PA0427": "V72L", "PA0807": "A219T", "PA0869": "WT", "PA0958": "WT", "PA1179": "WT", "PA1180": "WT", "PA1777": "WT", "PA1798": "H398R", "PA1799": "WT", "PA2018": "T543A", "PA2019": "K329Q; L331V; W358R", "PA2020": "WT", "PA2272": "WT", "PA2491": "D249N", "PA2492": "F172I", "PA3047": "WT", "PA3168": "A908T", "PA3574": "WT", "PA3721": "G71E; S209R", "PA3999": "WT", "PA4003": "WT", "PA4020": "A303V; M297V", "PA4109": "WT", "PA4110": "T105A", "PA4266": "WT", "PA4418": "WT", "PA4522": "R11L; G148A; D183Y", "PA4600": "R82L", "PA4700": "WT", "PA4776": "L71R", "PA4777": "Y345H", "PA4964": "WT", "PA4967": "A473V; D533E", "PA5045": "WT", "PA5235": "WT", "PA5471": "C40R; L88P; D161G; H182Q; V243A", "PA5485": "WT"}'; 
INSERT INTO metadata_general(isolate_id, isolate_name, project_name, species) VALUES ('76', 'CAT06-022', 'GEMARA', 'Pseudomonas aeruginosa') ON DUPLICATE KEY UPDATE isolate_name = 'CAT06-022', project_name = 'GEMARA', species = 'Pseudomonas aeruginosa'; 
INSERT INTO mic(mic_id, isolate_id, ami, ami_clinical_category, atm_clinical_category, caz, caz_clinical_category, caz_cloxa, cip, cip_clinical_category, col, col_clinical_category, fep, fep_clinical_category, imi, imi_clinical_category, imi_cloxa, mer_clinical_category, pip_tz, pip_tz_clinical_category, tic, tic_clinical_category, tob, tob_clinical_category) VALUES ('76', '76', '4', 'S', 'I', '16', 'R', 'nan', '16', 'R', '1', 'S', '16', 'R', '>32', 'R', 'nan', 'R', '8', 'S', '16', 'S', '32', 'R') ON DUPLICATE KEY UPDATE ami = '4', ami_clinical_category = 'S', atm_clinical_category = 'I', caz = '16', caz_clinical_category = 'R', caz_cloxa = 'nan', cip = '16', cip_clinical_category = 'R', col = '1', col_clinical_category = 'S', fep = '16', fep_clinical_category = 'R', imi = '>32', imi_clinical_category = 'R', imi_cloxa = 'nan', mer_clinical_category = 'R', pip_tz = '8', pip_tz_clinical_category = 'S', tic = '16', tic_clinical_category = 'S', tob = '32', tob_clinical_category = 'R'; 
INSERT INTO sequence_analysis(sequence_analysis_id, isolate_id, clonal_complex, mutational_resistome) VALUES ('76', '76', 'ST1134', '{"PA0004": "WT", "PA0424": "WT", "PA0425": "D373E", "PA0426": "L772Q", "PA0427": "V72L", "PA0807": "A219T", "PA0869": "WT", "PA0958": "WT", "PA1179": "WT", "PA1180": "WT", "PA1777": "WT", "PA1798": "H398R", "PA1799": "WT", "PA2018": "T543A", "PA2019": "K329Q; L331V; W358R", "PA2020": "WT", "PA2272": "WT", "PA2491": "D249N", "PA2492": "F172I", "PA3047": "WT", "PA3168": "A908T", "PA3574": "WT", "PA3721": "G71E; S209R", "PA3999": "WT", "PA4003": "WT", "PA4020": "A303V; M297V", "PA4109": "WT", "PA4110": "T105A", "PA4266": "WT", "PA4418": "WT", "PA4522": "R11L; G148A; D183Y", "PA4600": "R82L", "PA4700": "WT", "PA4776": "L71R", "PA4777": "Y345H", "PA4964": "WT", "PA4967": "A473V; D533E", "PA5045": "WT", "PA5235": "WT", "PA5471": "C40R; L88P; D161G; H182Q; V243A", "PA5485": "WT"}') ON DUPLICATE KEY UPDATE clonal_complex = 'ST1134', mutational_resistome = '{"PA0004": "WT", "PA0424": "WT", "PA0425": "D373E", "PA0426": "L772Q", "PA0427": "V72L", "PA0807": "A219T", "PA0869": "WT", "PA0958": "WT", "PA1179": "WT", "PA1180": "WT", "PA1777": "WT", "PA1798": "H398R", "PA1799": "WT", "PA2018": "T543A", "PA2019": "K329Q; L331V; W358R", "PA2020": "WT", "PA2272": "WT", "PA2491": "D249N", "PA2492": "F172I", "PA3047": "WT", "PA3168": "A908T", "PA3574": "WT", "PA3721": "G71E; S209R", "PA3999": "WT", "PA4003": "WT", "PA4020": "A303V; M297V", "PA4109": "WT", "PA4110": "T105A", "PA4266": "WT", "PA4418": "WT", "PA4522": "R11L; G148A; D183Y", "PA4600": "R82L", "PA4700": "WT", "PA4776": "L71R", "PA4777": "Y345H", "PA4964": "WT", "PA4967": "A473V; D533E", "PA5045": "WT", "PA5235": "WT", "PA5471": "C40R; L88P; D161G; H182Q; V243A", "PA5485": "WT"}'; 
INSERT INTO metadata_general(isolate_id, isolate_name, project_name, species) VALUES ('77', 'CAT06-023', 'GEMARA', 'Pseudomonas aeruginosa') ON DUPLICATE KEY UPDATE isolate_name = 'CAT06-023', project_name = 'GEMARA', species = 'Pseudomonas aeruginosa'; 
INSERT INTO mic(mic_id, isolate_id, ami, ami_clinical_category, atm_clinical_category, caz, caz_clinical_category, caz_cloxa, cip, cip_clinical_category, col, col_clinical_category, fep, fep_clinical_category, imi, imi_clinical_category, imi_cloxa, mer_clinical_category, pip_tz, pip_tz_clinical_category, tic, tic_clinical_category, tob, tob_clinical_category) VALUES ('77', '77', '4', 'S', 'I', '2', 'S', 'nan', '0.25', 'S', '8', 'R', '4', 'S', '16', 'R', 'nan', 'R', '32', 'R', '32', 'R', '32', 'R') ON DUPLICATE KEY UPDATE ami = '4', ami_clinical_category = 'S', atm_clinical_category = 'I', caz = '2', caz_clinical_category = 'S', caz_cloxa = 'nan', cip = '0.25', cip_clinical_category = 'S', col = '8', col_clinical_category = 'R', fep = '4', fep_clinical_category = 'S', imi = '16', imi_clinical_category = 'R', imi_cloxa = 'nan', mer_clinical_category = 'R', pip_tz = '32', pip_tz_clinical_category = 'R', tic = '32', tic_clinical_category = 'R', tob = '32', tob_clinical_category = 'R'; 
INSERT INTO sequence_analysis(sequence_analysis_id, isolate_id, clonal_complex, mutational_resistome) VALUES ('77', '77', 'ST244', '{"PA0004": "WT", "PA0424": "WT", "PA0425": "WT", "PA0426": "WT", "PA0427": "WT", "PA0807": "A219T", "PA0869": "S250N", "PA0958": "WT", "PA1179": "WT", "PA1180": "WT", "PA1777": "WT", "PA1798": "H398R", "PA1799": "WT", "PA2018": "T543A; Q840E", "PA2019": "K329Q; L331V; W358R", "PA2020": "WT", "PA2272": "A104P", "PA2491": "A75V; D249N", "PA2492": "P60S; F172I", "PA3047": "WT", "PA3168": "WT", "PA3574": "WT", "PA3721": "WT", "PA3999": "WT", "PA4003": "WT", "PA4020": "A303V; M297V", "PA4109": "WT", "PA4110": "WT", "PA4266": "WT", "PA4418": "WT", "PA4522": "R11L; G148A; D183Y", "PA4600": "WT", "PA4700": "S96N", "PA4776": "L71R", "PA4777": "WT", "PA4964": "WT", "PA4967": "WT", "PA5045": "WT", "PA5235": "A121T", "PA5471": "L88P; G157D; D161G; H182Q; V243A", "PA5485": "WT"}') ON DUPLICATE KEY UPDATE clonal_complex = 'ST244', mutational_resistome = '{"PA0004": "WT", "PA0424": "WT", "PA0425": "WT", "PA0426": "WT", "PA0427": "WT", "PA0807": "A219T", "PA0869": "S250N", "PA0958": "WT", "PA1179": "WT", "PA1180": "WT", "PA1777": "WT", "PA1798": "H398R", "PA1799": "WT", "PA2018": "T543A; Q840E", "PA2019": "K329Q; L331V; W358R", "PA2020": "WT", "PA2272": "A104P", "PA2491": "A75V; D249N", "PA2492": "P60S; F172I", "PA3047": "WT", "PA3168": "WT", "PA3574": "WT", "PA3721": "WT", "PA3999": "WT", "PA4003": "WT", "PA4020": "A303V; M297V", "PA4109": "WT", "PA4110": "WT", "PA4266": "WT", "PA4418": "WT", "PA4522": "R11L; G148A; D183Y", "PA4600": "WT", "PA4700": "S96N", "PA4776": "L71R", "PA4777": "WT", "PA4964": "WT", "PA4967": "WT", "PA5045": "WT", "PA5235": "A121T", "PA5471": "L88P; G157D; D161G; H182Q; V243A", "PA5485": "WT"}'; 
INSERT INTO metadata_general(isolate_id, isolate_name, project_name, species) VALUES ('78', 'CAT08-020', 'GEMARA', 'Pseudomonas aeruginosa') ON DUPLICATE KEY UPDATE isolate_name = 'CAT08-020', project_name = 'GEMARA', species = 'Pseudomonas aeruginosa'; 
INSERT INTO mic(mic_id, isolate_id, ami, ami_clinical_category, atm_clinical_category, caz, caz_clinical_category, caz_cloxa, cip, cip_clinical_category, col, col_clinical_category, fep, fep_clinical_category, imi, imi_clinical_category, imi_cloxa, mer_clinical_category, pip_tz, pip_tz_clinical_category, tic, tic_clinical_category, tob, tob_clinical_category) VALUES ('78', '78', '4', 'S', 'I', '32', 'R', '+', '>16', 'R', '1', 'S', '16', 'R', '16', 'R', '+', 'R', '128', 'R', '128', 'R', '16', 'R') ON DUPLICATE KEY UPDATE ami = '4', ami_clinical_category = 'S', atm_clinical_category = 'I', caz = '32', caz_clinical_category = 'R', caz_cloxa = '+', cip = '>16', cip_clinical_category = 'R', col = '1', col_clinical_category = 'S', fep = '16', fep_clinical_category = 'R', imi = '16', imi_clinical_category = 'R', imi_cloxa = '+', mer_clinical_category = 'R', pip_tz = '128', pip_tz_clinical_category = 'R', tic = '128', tic_clinical_category = 'R', tob = '16', tob_clinical_category = 'R'; 
INSERT INTO sequence_analysis(sequence_analysis_id, isolate_id, clonal_complex, mutational_resistome) VALUES ('78', '78', 'ST175', '{"PA0004": "WT", "PA0424": "WT", "PA0425": "WT", "PA0426": "WT", "PA0427": "WT", "PA0807": "A219T", "PA0869": "S250N", "PA0958": "Q142X", "PA1179": "WT", "PA1180": "WT", "PA1777": "WT", "PA1798": "H398R", "PA1799": "WT", "PA2018": "T543A", "PA2019": "K329Q; W358R", "PA2020": "G195D", "PA2272": "E37K; A104P", "PA2491": "D249N", "PA2492": "P60S; F172I", "PA3047": "WT", "PA3168": "T83I; D87N", "PA3574": "WT", "PA3721": "G71E; A186T", "PA3999": "WT", "PA4003": "WT", "PA4020": "WT", "PA4109": "G154R", "PA4110": "WT", "PA4266": "WT", "PA4418": "WT", "PA4522": "G148A; D183Y", "PA4600": "WT", "PA4700": "WT", "PA4776": "WT", "PA4777": "Y345H", "PA4964": "S87W; L168Q", "PA4967": "WT", "PA5045": "E245D", "PA5235": "T211P", "PA5471": "L88P; D161G; H182Q; V243A; V266M", "PA5485": "WT"}') ON DUPLICATE KEY UPDATE clonal_complex = 'ST175', mutational_resistome = '{"PA0004": "WT", "PA0424": "WT", "PA0425": "WT", "PA0426": "WT", "PA0427": "WT", "PA0807": "A219T", "PA0869": "S250N", "PA0958": "Q142X", "PA1179": "WT", "PA1180": "WT", "PA1777": "WT", "PA1798": "H398R", "PA1799": "WT", "PA2018": "T543A", "PA2019": "K329Q; W358R", "PA2020": "G195D", "PA2272": "E37K; A104P", "PA2491": "D249N", "PA2492": "P60S; F172I", "PA3047": "WT", "PA3168": "T83I; D87N", "PA3574": "WT", "PA3721": "G71E; A186T", "PA3999": "WT", "PA4003": "WT", "PA4020": "WT", "PA4109": "G154R", "PA4110": "WT", "PA4266": "WT", "PA4418": "WT", "PA4522": "G148A; D183Y", "PA4600": "WT", "PA4700": "WT", "PA4776": "WT", "PA4777": "Y345H", "PA4964": "S87W; L168Q", "PA4967": "WT", "PA5045": "E245D", "PA5235": "T211P", "PA5471": "L88P; D161G; H182Q; V243A; V266M", "PA5485": "WT"}'; 
INSERT INTO metadata_general(isolate_id, isolate_name, project_name, species) VALUES ('79', 'CAT08-025', 'GEMARA', 'Pseudomonas aeruginosa') ON DUPLICATE KEY UPDATE isolate_name = 'CAT08-025', project_name = 'GEMARA', species = 'Pseudomonas aeruginosa'; 
INSERT INTO mic(mic_id, isolate_id, ami, ami_clinical_category, atm_clinical_category, caz, caz_clinical_category, caz_cloxa, cip, cip_clinical_category, col, col_clinical_category, fep, fep_clinical_category, imi, imi_clinical_category, imi_cloxa, mer_clinical_category, pip_tz, pip_tz_clinical_category, tic, tic_clinical_category, tob, tob_clinical_category) VALUES ('79', '79', '<=2', 'S', 'R', '16', 'R', 'nan', '>16', 'R', '<=0.5', 'S', '16', 'R', '8', 'I', '+', 'I', '64', 'R', '256', 'R', '<=0.25', 'S') ON DUPLICATE KEY UPDATE ami = '<=2', ami_clinical_category = 'S', atm_clinical_category = 'R', caz = '16', caz_clinical_category = 'R', caz_cloxa = 'nan', cip = '>16', cip_clinical_category = 'R', col = '<=0.5', col_clinical_category = 'S', fep = '16', fep_clinical_category = 'R', imi = '8', imi_clinical_category = 'I', imi_cloxa = '+', mer_clinical_category = 'I', pip_tz = '64', pip_tz_clinical_category = 'R', tic = '256', tic_clinical_category = 'R', tob = '<=0.25', tob_clinical_category = 'S'; 
INSERT INTO sequence_analysis(sequence_analysis_id, isolate_id, clonal_complex, mutational_resistome) VALUES ('79', '79', 'ST1889', '{"PA0004": "WT", "PA0424": "WT", "PA0425": "WT", "PA0426": "WT", "PA0427": "WT", "PA0807": "A219T", "PA0869": "R105Q", "PA0958": "D43N", "PA1179": "WT", "PA1180": "WT", "PA1777": "WT", "PA1798": "H398R; nt921\u03944", "PA1799": "WT", "PA2018": "WT", "PA2019": "WT", "PA2020": "WT", "PA2272": "A104P; I143L", "PA2491": "D249N", "PA2492": "F172I", "PA3047": "WT", "PA3168": "T83I", "PA3574": "nt130InsGACC; D187H", "PA3721": "G71E; A186T", "PA3999": "WT", "PA4003": "WT", "PA4020": "M297V", "PA4109": "WT", "PA4110": "T21A; T105A; G391A", "PA4266": "WT", "PA4418": "WT", "PA4522": "WT", "PA4600": "WT", "PA4700": "F234L", "PA4776": "L71R", "PA4777": "A4T; D70N; H340R; Y345H", "PA4964": "S87L; E513D", "PA4967": "I57V", "PA5045": "WT", "PA5235": "Ter449Gext*", "PA5471": "L88P; D161G; H182Q; V243A", "PA5485": "WT"}') ON DUPLICATE KEY UPDATE clonal_complex = 'ST1889', mutational_resistome = '{"PA0004": "WT", "PA0424": "WT", "PA0425": "WT", "PA0426": "WT", "PA0427": "WT", "PA0807": "A219T", "PA0869": "R105Q", "PA0958": "D43N", "PA1179": "WT", "PA1180": "WT", "PA1777": "WT", "PA1798": "H398R; nt921\u03944", "PA1799": "WT", "PA2018": "WT", "PA2019": "WT", "PA2020": "WT", "PA2272": "A104P; I143L", "PA2491": "D249N", "PA2492": "F172I", "PA3047": "WT", "PA3168": "T83I", "PA3574": "nt130InsGACC; D187H", "PA3721": "G71E; A186T", "PA3999": "WT", "PA4003": "WT", "PA4020": "M297V", "PA4109": "WT", "PA4110": "T21A; T105A; G391A", "PA4266": "WT", "PA4418": "WT", "PA4522": "WT", "PA4600": "WT", "PA4700": "F234L", "PA4776": "L71R", "PA4777": "A4T; D70N; H340R; Y345H", "PA4964": "S87L; E513D", "PA4967": "I57V", "PA5045": "WT", "PA5235": "Ter449Gext*", "PA5471": "L88P; D161G; H182Q; V243A", "PA5485": "WT"}'; 
INSERT INTO metadata_general(isolate_id, isolate_name, project_name, species) VALUES ('80', 'CAT08-026', 'GEMARA', 'Pseudomonas aeruginosa') ON DUPLICATE KEY UPDATE isolate_name = 'CAT08-026', project_name = 'GEMARA', species = 'Pseudomonas aeruginosa'; 
INSERT INTO mic(mic_id, isolate_id, ami, ami_clinical_category, atm_clinical_category, caz, caz_clinical_category, caz_cloxa, cip, cip_clinical_category, col, col_clinical_category, fep, fep_clinical_category, imi, imi_clinical_category, imi_cloxa, mer_clinical_category, pip_tz, pip_tz_clinical_category, tic, tic_clinical_category, tob, tob_clinical_category) VALUES ('80', '80', '32', 'R', 'I', '4', 'S', 'nan', '2', 'R', '1', 'S', '16', 'R', '4', 'S', 'nan', 'S', '32', 'R', '>512', 'R', '>32', 'R') ON DUPLICATE KEY UPDATE ami = '32', ami_clinical_category = 'R', atm_clinical_category = 'I', caz = '4', caz_clinical_category = 'S', caz_cloxa = 'nan', cip = '2', cip_clinical_category = 'R', col = '1', col_clinical_category = 'S', fep = '16', fep_clinical_category = 'R', imi = '4', imi_clinical_category = 'S', imi_cloxa = 'nan', mer_clinical_category = 'S', pip_tz = '32', pip_tz_clinical_category = 'R', tic = '>512', tic_clinical_category = 'R', tob = '>32', tob_clinical_category = 'R'; 
INSERT INTO sequence_analysis(sequence_analysis_id, isolate_id, clonal_complex, mutational_resistome) VALUES ('80', '80', 'ST299', '{"PA0004": "WT", "PA0424": "WT", "PA0425": "WT", "PA0426": "WT", "PA0427": "WT", "PA0807": "A219T", "PA0869": "S250N", "PA0958": "WT", "PA1179": "WT", "PA1180": "WT", "PA1777": "WT", "PA1798": "L137P", "PA1799": "WT", "PA2018": "E152D; T543A; Q840E", "PA2019": "K329Q; R351S", "PA2020": "WT", "PA2272": "WT", "PA2491": "D249N", "PA2492": "P60S; F172I", "PA3047": "WT", "PA3168": "WT", "PA3574": "WT", "PA3721": "G71E; A186T", "PA3999": "WT", "PA4003": "WT", "PA4020": "M297V", "PA4109": "WT", "PA4110": "T105A", "PA4266": "WT", "PA4418": "WT", "PA4522": "G148A; D183Y", "PA4600": "WT", "PA4700": "L353Q; S25G", "PA4776": "WT", "PA4777": "Y345H", "PA4964": "V646L ", "PA4967": "D533E", "PA5045": "E367G; S631I", "PA5235": "WT", "PA5471": "L88P; H182Q", "PA5485": "WT"}') ON DUPLICATE KEY UPDATE clonal_complex = 'ST299', mutational_resistome = '{"PA0004": "WT", "PA0424": "WT", "PA0425": "WT", "PA0426": "WT", "PA0427": "WT", "PA0807": "A219T", "PA0869": "S250N", "PA0958": "WT", "PA1179": "WT", "PA1180": "WT", "PA1777": "WT", "PA1798": "L137P", "PA1799": "WT", "PA2018": "E152D; T543A; Q840E", "PA2019": "K329Q; R351S", "PA2020": "WT", "PA2272": "WT", "PA2491": "D249N", "PA2492": "P60S; F172I", "PA3047": "WT", "PA3168": "WT", "PA3574": "WT", "PA3721": "G71E; A186T", "PA3999": "WT", "PA4003": "WT", "PA4020": "M297V", "PA4109": "WT", "PA4110": "T105A", "PA4266": "WT", "PA4418": "WT", "PA4522": "G148A; D183Y", "PA4600": "WT", "PA4700": "L353Q; S25G", "PA4776": "WT", "PA4777": "Y345H", "PA4964": "V646L ", "PA4967": "D533E", "PA5045": "E367G; S631I", "PA5235": "WT", "PA5471": "L88P; H182Q", "PA5485": "WT"}'; 
INSERT INTO metadata_general(isolate_id, isolate_name, project_name, species) VALUES ('81', 'CAT08-034', 'GEMARA', 'Pseudomonas aeruginosa') ON DUPLICATE KEY UPDATE isolate_name = 'CAT08-034', project_name = 'GEMARA', species = 'Pseudomonas aeruginosa'; 
INSERT INTO mic(mic_id, isolate_id, ami, ami_clinical_category, atm_clinical_category, caz, caz_clinical_category, caz_cloxa, cip, cip_clinical_category, col, col_clinical_category, fep, fep_clinical_category, imi, imi_clinical_category, imi_cloxa, mer_clinical_category, pip_tz, pip_tz_clinical_category, tic, tic_clinical_category, tob, tob_clinical_category) VALUES ('81', '81', '<=2', 'S', 'I', '16', 'R', '+', '>16', 'R', '1', 'S', '16', 'R', '16', 'R', '+', 'I', '64', 'R', '128', 'R', '16', 'R') ON DUPLICATE KEY UPDATE ami = '<=2', ami_clinical_category = 'S', atm_clinical_category = 'I', caz = '16', caz_clinical_category = 'R', caz_cloxa = '+', cip = '>16', cip_clinical_category = 'R', col = '1', col_clinical_category = 'S', fep = '16', fep_clinical_category = 'R', imi = '16', imi_clinical_category = 'R', imi_cloxa = '+', mer_clinical_category = 'I', pip_tz = '64', pip_tz_clinical_category = 'R', tic = '128', tic_clinical_category = 'R', tob = '16', tob_clinical_category = 'R'; 
INSERT INTO sequence_analysis(sequence_analysis_id, isolate_id, clonal_complex, mutational_resistome) VALUES ('81', '81', 'ST175', '{"PA0004": "WT", "PA0424": "WT", "PA0425": "WT", "PA0426": "WT", "PA0427": "WT", "PA0807": "A219T", "PA0869": "S250N", "PA0958": "Q142X", "PA1179": "WT", "PA1180": "WT", "PA1777": "WT", "PA1798": "H398R", "PA1799": "WT", "PA2018": "T543A", "PA2019": "K329Q; W358R", "PA2020": "G195D", "PA2272": "E37K; A104P", "PA2491": "D249N", "PA2492": "F172I", "PA3047": "WT", "PA3168": "T83I; D87N", "PA3574": "WT", "PA3721": "G71E; A186T", "PA3999": "WT", "PA4003": "WT", "PA4020": "WT", "PA4109": "G154R", "PA4110": "WT", "PA4266": "WT", "PA4418": "WT", "PA4522": "G148A; D183Y", "PA4600": "G180S", "PA4700": "WT", "PA4776": "WT", "PA4777": "Y345H", "PA4964": "S87W; L168Q", "PA4967": "WT", "PA5045": "E245D", "PA5235": "T211P", "PA5471": "L88P; D161G; H182Q; V243A; V266M", "PA5485": "WT"}') ON DUPLICATE KEY UPDATE clonal_complex = 'ST175', mutational_resistome = '{"PA0004": "WT", "PA0424": "WT", "PA0425": "WT", "PA0426": "WT", "PA0427": "WT", "PA0807": "A219T", "PA0869": "S250N", "PA0958": "Q142X", "PA1179": "WT", "PA1180": "WT", "PA1777": "WT", "PA1798": "H398R", "PA1799": "WT", "PA2018": "T543A", "PA2019": "K329Q; W358R", "PA2020": "G195D", "PA2272": "E37K; A104P", "PA2491": "D249N", "PA2492": "F172I", "PA3047": "WT", "PA3168": "T83I; D87N", "PA3574": "WT", "PA3721": "G71E; A186T", "PA3999": "WT", "PA4003": "WT", "PA4020": "WT", "PA4109": "G154R", "PA4110": "WT", "PA4266": "WT", "PA4418": "WT", "PA4522": "G148A; D183Y", "PA4600": "G180S", "PA4700": "WT", "PA4776": "WT", "PA4777": "Y345H", "PA4964": "S87W; L168Q", "PA4967": "WT", "PA5045": "E245D", "PA5235": "T211P", "PA5471": "L88P; D161G; H182Q; V243A; V266M", "PA5485": "WT"}'; 
INSERT INTO metadata_general(isolate_id, isolate_name, project_name, species) VALUES ('82', 'CAT09-001', 'GEMARA', 'Pseudomonas aeruginosa') ON DUPLICATE KEY UPDATE isolate_name = 'CAT09-001', project_name = 'GEMARA', species = 'Pseudomonas aeruginosa'; 
INSERT INTO mic(mic_id, isolate_id, ami, ami_clinical_category, atm_clinical_category, caz, caz_clinical_category, caz_cloxa, cip, cip_clinical_category, col, col_clinical_category, fep, fep_clinical_category, imi, imi_clinical_category, imi_cloxa, mer_clinical_category, pip_tz, pip_tz_clinical_category, tic, tic_clinical_category, tob, tob_clinical_category) VALUES ('82', '82', '32', 'R', 'R', '16', 'R', '+', '>16', 'R', '1', 'S', '16', 'R', '16', 'R', 'nan', 'R', '32', 'R', '256', 'R', '>32', 'R') ON DUPLICATE KEY UPDATE ami = '32', ami_clinical_category = 'R', atm_clinical_category = 'R', caz = '16', caz_clinical_category = 'R', caz_cloxa = '+', cip = '>16', cip_clinical_category = 'R', col = '1', col_clinical_category = 'S', fep = '16', fep_clinical_category = 'R', imi = '16', imi_clinical_category = 'R', imi_cloxa = 'nan', mer_clinical_category = 'R', pip_tz = '32', pip_tz_clinical_category = 'R', tic = '256', tic_clinical_category = 'R', tob = '>32', tob_clinical_category = 'R'; 
INSERT INTO sequence_analysis(sequence_analysis_id, isolate_id, clonal_complex, mutational_resistome) VALUES ('82', '82', 'ST235', '{"PA0004": "WT", "PA0424": "V126E", "PA0425": "WT", "PA0426": "G957D", "PA0427": "WT", "PA0807": "A208V", "PA0869": "A287S", "PA0958": "WT", "PA1179": "WT", "PA1180": "Y85F", "PA1777": "WT", "PA1798": "H398R", "PA1799": "L153R; S170N", "PA2018": "T543A", "PA2019": "A30T; K329Q; L331V; W358R", "PA2020": "nt111InsGCGGACGCCGCCGGGGTTTCTCGCGGT", "PA2272": "A104P; V466I", "PA2491": "A52V; D249N", "PA2492": "P60S; F172I; nt392InsC", "PA3047": "WT", "PA3168": "T83I", "PA3574": "nt263\u039417", "PA3721": "G71E; E153Q", "PA3999": "WT", "PA4003": "WT", "PA4020": "WT", "PA4109": "G283E; M288R", "PA4110": "G27D; A97V; T105A; V205L; G391A", "PA4266": "WT", "PA4418": "WT", "PA4522": "G148A", "PA4600": "WT", "PA4700": "L353Q; S25G", "PA4776": "L71R", "PA4777": "S2P; A4T; G68S; Y345H; G362S", "PA4964": "S87L", "PA4967": "D533E", "PA5045": "WT", "PA5235": "WT", "PA5471": "L88P; D161G; H182Q; R204C; V243A", "PA5485": "WT"}') ON DUPLICATE KEY UPDATE clonal_complex = 'ST235', mutational_resistome = '{"PA0004": "WT", "PA0424": "V126E", "PA0425": "WT", "PA0426": "G957D", "PA0427": "WT", "PA0807": "A208V", "PA0869": "A287S", "PA0958": "WT", "PA1179": "WT", "PA1180": "Y85F", "PA1777": "WT", "PA1798": "H398R", "PA1799": "L153R; S170N", "PA2018": "T543A", "PA2019": "A30T; K329Q; L331V; W358R", "PA2020": "nt111InsGCGGACGCCGCCGGGGTTTCTCGCGGT", "PA2272": "A104P; V466I", "PA2491": "A52V; D249N", "PA2492": "P60S; F172I; nt392InsC", "PA3047": "WT", "PA3168": "T83I", "PA3574": "nt263\u039417", "PA3721": "G71E; E153Q", "PA3999": "WT", "PA4003": "WT", "PA4020": "WT", "PA4109": "G283E; M288R", "PA4110": "G27D; A97V; T105A; V205L; G391A", "PA4266": "WT", "PA4418": "WT", "PA4522": "G148A", "PA4600": "WT", "PA4700": "L353Q; S25G", "PA4776": "L71R", "PA4777": "S2P; A4T; G68S; Y345H; G362S", "PA4964": "S87L", "PA4967": "D533E", "PA5045": "WT", "PA5235": "WT", "PA5471": "L88P; D161G; H182Q; R204C; V243A", "PA5485": "WT"}'; 
INSERT INTO metadata_general(isolate_id, isolate_name, project_name, species) VALUES ('83', 'CAT09-009', 'GEMARA', 'Pseudomonas aeruginosa') ON DUPLICATE KEY UPDATE isolate_name = 'CAT09-009', project_name = 'GEMARA', species = 'Pseudomonas aeruginosa'; 
INSERT INTO mic(mic_id, isolate_id, ami, ami_clinical_category, atm_clinical_category, caz, caz_clinical_category, caz_cloxa, cip, cip_clinical_category, col, col_clinical_category, fep, fep_clinical_category, imi, imi_clinical_category, imi_cloxa, mer_clinical_category, pip_tz, pip_tz_clinical_category, tic, tic_clinical_category, tob, tob_clinical_category) VALUES ('83', '83', '4', 'S', 'I', '32', 'R', '+', '>16', 'R', '1', 'S', '16', 'R', '8', 'I', '+', 'I', '128', 'R', '128', 'R', '32', 'R') ON DUPLICATE KEY UPDATE ami = '4', ami_clinical_category = 'S', atm_clinical_category = 'I', caz = '32', caz_clinical_category = 'R', caz_cloxa = '+', cip = '>16', cip_clinical_category = 'R', col = '1', col_clinical_category = 'S', fep = '16', fep_clinical_category = 'R', imi = '8', imi_clinical_category = 'I', imi_cloxa = '+', mer_clinical_category = 'I', pip_tz = '128', pip_tz_clinical_category = 'R', tic = '128', tic_clinical_category = 'R', tob = '32', tob_clinical_category = 'R'; 
INSERT INTO sequence_analysis(sequence_analysis_id, isolate_id, clonal_complex, mutational_resistome) VALUES ('83', '83', 'ST175', '{"PA0004": "WT", "PA0424": "WT", "PA0425": "WT", "PA0426": "WT", "PA0427": "WT", "PA0807": "A219T", "PA0869": "S250N", "PA0958": "Q142X", "PA1179": "WT", "PA1180": "WT", "PA1777": "WT", "PA1798": "H398R", "PA1799": "WT", "PA2018": "T543A", "PA2019": "K329Q; W358R", "PA2020": "G195D", "PA2272": "E37K; A104P", "PA2491": "D249N", "PA2492": "P60S; F172I", "PA3047": "WT", "PA3168": "T83I; D87N", "PA3574": "WT", "PA3721": "G71E; A186T", "PA3999": "WT", "PA4003": "WT", "PA4020": "WT", "PA4109": "G154R", "PA4110": "WT", "PA4266": "WT", "PA4418": "WT", "PA4522": "G148A; D183Y", "PA4600": "WT", "PA4700": "WT", "PA4776": "WT", "PA4777": "Y345H", "PA4964": "S87W; L168Q", "PA4967": "WT", "PA5045": "E245D", "PA5235": "T211P", "PA5471": "L88P; D161G; H182Q; V243A; V266M", "PA5485": "WT"}') ON DUPLICATE KEY UPDATE clonal_complex = 'ST175', mutational_resistome = '{"PA0004": "WT", "PA0424": "WT", "PA0425": "WT", "PA0426": "WT", "PA0427": "WT", "PA0807": "A219T", "PA0869": "S250N", "PA0958": "Q142X", "PA1179": "WT", "PA1180": "WT", "PA1777": "WT", "PA1798": "H398R", "PA1799": "WT", "PA2018": "T543A", "PA2019": "K329Q; W358R", "PA2020": "G195D", "PA2272": "E37K; A104P", "PA2491": "D249N", "PA2492": "P60S; F172I", "PA3047": "WT", "PA3168": "T83I; D87N", "PA3574": "WT", "PA3721": "G71E; A186T", "PA3999": "WT", "PA4003": "WT", "PA4020": "WT", "PA4109": "G154R", "PA4110": "WT", "PA4266": "WT", "PA4418": "WT", "PA4522": "G148A; D183Y", "PA4600": "WT", "PA4700": "WT", "PA4776": "WT", "PA4777": "Y345H", "PA4964": "S87W; L168Q", "PA4967": "WT", "PA5045": "E245D", "PA5235": "T211P", "PA5471": "L88P; D161G; H182Q; V243A; V266M", "PA5485": "WT"}'; 
INSERT INTO metadata_general(isolate_id, isolate_name, project_name, species) VALUES ('84', 'CAT09-018', 'GEMARA', 'Pseudomonas aeruginosa') ON DUPLICATE KEY UPDATE isolate_name = 'CAT09-018', project_name = 'GEMARA', species = 'Pseudomonas aeruginosa'; 
INSERT INTO mic(mic_id, isolate_id, ami, ami_clinical_category, atm_clinical_category, caz, caz_clinical_category, caz_cloxa, cip, cip_clinical_category, col, col_clinical_category, fep, fep_clinical_category, imi, imi_clinical_category, imi_cloxa, mer_clinical_category, pip_tz, pip_tz_clinical_category, tic, tic_clinical_category, tob, tob_clinical_category) VALUES ('84', '84', '8', 'S', 'I', '16', 'R', '+', '>16', 'R', '1', 'S', '16', 'R', '16', 'R', '+', 'I', '64', 'R', '64', 'R', '>32', 'R') ON DUPLICATE KEY UPDATE ami = '8', ami_clinical_category = 'S', atm_clinical_category = 'I', caz = '16', caz_clinical_category = 'R', caz_cloxa = '+', cip = '>16', cip_clinical_category = 'R', col = '1', col_clinical_category = 'S', fep = '16', fep_clinical_category = 'R', imi = '16', imi_clinical_category = 'R', imi_cloxa = '+', mer_clinical_category = 'I', pip_tz = '64', pip_tz_clinical_category = 'R', tic = '64', tic_clinical_category = 'R', tob = '>32', tob_clinical_category = 'R'; 
INSERT INTO sequence_analysis(sequence_analysis_id, isolate_id, clonal_complex, mutational_resistome) VALUES ('84', '84', 'ST175', '{"PA0004": "WT", "PA0424": "WT", "PA0425": "V229A", "PA0426": "WT", "PA0427": "WT", "PA0807": "A219T", "PA0869": "S250N", "PA0958": "Q142X", "PA1179": "WT", "PA1180": "WT", "PA1777": "WT", "PA1798": "H398R", "PA1799": "WT", "PA2018": "T543A", "PA2019": "K329Q; W358R", "PA2020": "G195D", "PA2272": "E37K; A104P", "PA2491": "D249N", "PA2492": "P60S; F172I", "PA3047": "WT", "PA3168": "T83I; D87N", "PA3574": "WT", "PA3721": "G71E; A186T", "PA3999": "WT", "PA4003": "WT", "PA4020": "WT", "PA4109": "G154R", "PA4110": "WT", "PA4266": "WT", "PA4418": "WT", "PA4522": "G148A; D183Y", "PA4600": "WT", "PA4700": "WT", "PA4776": "WT", "PA4777": "Y345H", "PA4964": "S87W; L168Q", "PA4967": "WT", "PA5045": "E245D", "PA5235": "T211P", "PA5471": "L88P; D161G; H182Q; V243A; V266M", "PA5485": "WT"}') ON DUPLICATE KEY UPDATE clonal_complex = 'ST175', mutational_resistome = '{"PA0004": "WT", "PA0424": "WT", "PA0425": "V229A", "PA0426": "WT", "PA0427": "WT", "PA0807": "A219T", "PA0869": "S250N", "PA0958": "Q142X", "PA1179": "WT", "PA1180": "WT", "PA1777": "WT", "PA1798": "H398R", "PA1799": "WT", "PA2018": "T543A", "PA2019": "K329Q; W358R", "PA2020": "G195D", "PA2272": "E37K; A104P", "PA2491": "D249N", "PA2492": "P60S; F172I", "PA3047": "WT", "PA3168": "T83I; D87N", "PA3574": "WT", "PA3721": "G71E; A186T", "PA3999": "WT", "PA4003": "WT", "PA4020": "WT", "PA4109": "G154R", "PA4110": "WT", "PA4266": "WT", "PA4418": "WT", "PA4522": "G148A; D183Y", "PA4600": "WT", "PA4700": "WT", "PA4776": "WT", "PA4777": "Y345H", "PA4964": "S87W; L168Q", "PA4967": "WT", "PA5045": "E245D", "PA5235": "T211P", "PA5471": "L88P; D161G; H182Q; V243A; V266M", "PA5485": "WT"}'; 
INSERT INTO metadata_general(isolate_id, isolate_name, project_name, species) VALUES ('85', 'CAT09-026', 'GEMARA', 'Pseudomonas aeruginosa') ON DUPLICATE KEY UPDATE isolate_name = 'CAT09-026', project_name = 'GEMARA', species = 'Pseudomonas aeruginosa'; 
INSERT INTO mic(mic_id, isolate_id, ami, ami_clinical_category, atm_clinical_category, caz, caz_clinical_category, caz_cloxa, cip, cip_clinical_category, col, col_clinical_category, fep, fep_clinical_category, imi, imi_clinical_category, imi_cloxa, mer_clinical_category, pip_tz, pip_tz_clinical_category, tic, tic_clinical_category, tob, tob_clinical_category) VALUES ('85', '85', '<=2', 'S', 'I', '4', 'S', 'nan', '16', 'R', '1', 'S', '16', 'R', '16', 'R', '+', 'I', '256', 'R', '>512', 'R', '2', 'S') ON DUPLICATE KEY UPDATE ami = '<=2', ami_clinical_category = 'S', atm_clinical_category = 'I', caz = '4', caz_clinical_category = 'S', caz_cloxa = 'nan', cip = '16', cip_clinical_category = 'R', col = '1', col_clinical_category = 'S', fep = '16', fep_clinical_category = 'R', imi = '16', imi_clinical_category = 'R', imi_cloxa = '+', mer_clinical_category = 'I', pip_tz = '256', pip_tz_clinical_category = 'R', tic = '>512', tic_clinical_category = 'R', tob = '2', tob_clinical_category = 'S'; 
INSERT INTO sequence_analysis(sequence_analysis_id, isolate_id, clonal_complex, mutational_resistome) VALUES ('85', '85', 'ST111', '{"PA0004": "WT", "PA0424": "V126E", "PA0425": "WT", "PA0426": "WT", "PA0427": "WT", "PA0807": "A219T", "PA0869": "WT", "PA0958": "Q66X", "PA1179": "WT", "PA1180": "WT", "PA1777": "WT", "PA1798": "L137P; L227P; H398R", "PA1799": "WT", "PA2018": "G530S", "PA2019": "L288W; K329Q; L331V; W358R; nt865\u03941", "PA2020": "WT", "PA2272": "A104P", "PA2491": "D249N", "PA2492": "F172I", "PA3047": "WT", "PA3168": "T83I; V671I; G860S", "PA3574": "WT", "PA3721": "G71E", "PA3999": "WT", "PA4003": "WT", "PA4020": "D411A; G343S", "PA4109": "WT", "PA4110": "T105A", "PA4266": "WT", "PA4418": "WT", "PA4522": "G148A", "PA4600": "WT", "PA4700": "M715K; K607R", "PA4776": "L71R", "PA4777": "A4T; V6A; V15I; G68S; Y345H", "PA4964": "S87L", "PA4967": "WT", "PA5045": "G596R", "PA5235": "WT", "PA5471": "L88P; D161G; H182Q; V243A", "PA5485": "WT"}') ON DUPLICATE KEY UPDATE clonal_complex = 'ST111', mutational_resistome = '{"PA0004": "WT", "PA0424": "V126E", "PA0425": "WT", "PA0426": "WT", "PA0427": "WT", "PA0807": "A219T", "PA0869": "WT", "PA0958": "Q66X", "PA1179": "WT", "PA1180": "WT", "PA1777": "WT", "PA1798": "L137P; L227P; H398R", "PA1799": "WT", "PA2018": "G530S", "PA2019": "L288W; K329Q; L331V; W358R; nt865\u03941", "PA2020": "WT", "PA2272": "A104P", "PA2491": "D249N", "PA2492": "F172I", "PA3047": "WT", "PA3168": "T83I; V671I; G860S", "PA3574": "WT", "PA3721": "G71E", "PA3999": "WT", "PA4003": "WT", "PA4020": "D411A; G343S", "PA4109": "WT", "PA4110": "T105A", "PA4266": "WT", "PA4418": "WT", "PA4522": "G148A", "PA4600": "WT", "PA4700": "M715K; K607R", "PA4776": "L71R", "PA4777": "A4T; V6A; V15I; G68S; Y345H", "PA4964": "S87L", "PA4967": "WT", "PA5045": "G596R", "PA5235": "WT", "PA5471": "L88P; D161G; H182Q; V243A", "PA5485": "WT"}'; 
INSERT INTO metadata_general(isolate_id, isolate_name, project_name, species) VALUES ('86', 'CAT09-027', 'GEMARA', 'Pseudomonas aeruginosa') ON DUPLICATE KEY UPDATE isolate_name = 'CAT09-027', project_name = 'GEMARA', species = 'Pseudomonas aeruginosa'; 
INSERT INTO mic(mic_id, isolate_id, ami, ami_clinical_category, atm_clinical_category, caz, caz_clinical_category, caz_cloxa, cip, cip_clinical_category, col, col_clinical_category, fep, fep_clinical_category, imi, imi_clinical_category, imi_cloxa, mer_clinical_category, pip_tz, pip_tz_clinical_category, tic, tic_clinical_category, tob, tob_clinical_category) VALUES ('86', '86', '8', 'S', 'I', '4', 'S', 'nan', '>16', 'R', '1', 'S', '8', 'S', '8', 'I', '+', 'I', '256', 'R', '>512', 'R', '32', 'R') ON DUPLICATE KEY UPDATE ami = '8', ami_clinical_category = 'S', atm_clinical_category = 'I', caz = '4', caz_clinical_category = 'S', caz_cloxa = 'nan', cip = '>16', cip_clinical_category = 'R', col = '1', col_clinical_category = 'S', fep = '8', fep_clinical_category = 'S', imi = '8', imi_clinical_category = 'I', imi_cloxa = '+', mer_clinical_category = 'I', pip_tz = '256', pip_tz_clinical_category = 'R', tic = '>512', tic_clinical_category = 'R', tob = '32', tob_clinical_category = 'R'; 
INSERT INTO sequence_analysis(sequence_analysis_id, isolate_id, clonal_complex, mutational_resistome) VALUES ('86', '86', 'ST253', '{"PA0004": "WT", "PA0424": "V126E", "PA0425": "WT", "PA0426": "WT", "PA0427": "WT", "PA0807": "WT", "PA0869": "WT", "PA0958": "WT", "PA1179": "WT", "PA1180": "WT", "PA1777": "WT", "PA1798": "H398R", "PA1799": "L153R; S170N", "PA2018": "I536V; T543A; G589A; Q840E; N1036T; Q1039R", "PA2019": "A30T; K329Q; L331V; W358R", "PA2020": "V105G; L138R; N186S", "PA2272": "A104P", "PA2491": "D249N", "PA2492": "F172I", "PA3047": "Q156H", "PA3168": "T83I; V671I; G860S", "PA3574": "WT", "PA3721": "G71E; A145V; S209R", "PA3999": "WT", "PA4003": "A481T", "PA4020": "M297V", "PA4109": "E114A; G283E; M288R", "PA4110": "G27D; A55T; T105A; Q155R; V205L; G391A", "PA4266": "WT", "PA4418": "WT", "PA4522": "WT", "PA4600": "R21H; D56G", "PA4700": "L353Q; S25G", "PA4776": "WT", "PA4777": "A4T; V15I; G68S; Y345H", "PA4964": "S87W", "PA4967": "D533E", "PA5045": "I418T; N622K", "PA5235": "WT", "PA5471": "C40R; L88P; S112N; D119E; I237V; V243A", "PA5485": "WT"}') ON DUPLICATE KEY UPDATE clonal_complex = 'ST253', mutational_resistome = '{"PA0004": "WT", "PA0424": "V126E", "PA0425": "WT", "PA0426": "WT", "PA0427": "WT", "PA0807": "WT", "PA0869": "WT", "PA0958": "WT", "PA1179": "WT", "PA1180": "WT", "PA1777": "WT", "PA1798": "H398R", "PA1799": "L153R; S170N", "PA2018": "I536V; T543A; G589A; Q840E; N1036T; Q1039R", "PA2019": "A30T; K329Q; L331V; W358R", "PA2020": "V105G; L138R; N186S", "PA2272": "A104P", "PA2491": "D249N", "PA2492": "F172I", "PA3047": "Q156H", "PA3168": "T83I; V671I; G860S", "PA3574": "WT", "PA3721": "G71E; A145V; S209R", "PA3999": "WT", "PA4003": "A481T", "PA4020": "M297V", "PA4109": "E114A; G283E; M288R", "PA4110": "G27D; A55T; T105A; Q155R; V205L; G391A", "PA4266": "WT", "PA4418": "WT", "PA4522": "WT", "PA4600": "R21H; D56G", "PA4700": "L353Q; S25G", "PA4776": "WT", "PA4777": "A4T; V15I; G68S; Y345H", "PA4964": "S87W", "PA4967": "D533E", "PA5045": "I418T; N622K", "PA5235": "WT", "PA5471": "C40R; L88P; S112N; D119E; I237V; V243A", "PA5485": "WT"}'; 
INSERT INTO metadata_general(isolate_id, isolate_name, project_name, species) VALUES ('87', 'CAT09-028', 'GEMARA', 'Pseudomonas aeruginosa') ON DUPLICATE KEY UPDATE isolate_name = 'CAT09-028', project_name = 'GEMARA', species = 'Pseudomonas aeruginosa'; 
INSERT INTO mic(mic_id, isolate_id, ami, ami_clinical_category, atm_clinical_category, caz, caz_clinical_category, caz_cloxa, cip, cip_clinical_category, col, col_clinical_category, fep, fep_clinical_category, imi, imi_clinical_category, imi_cloxa, mer_clinical_category, pip_tz, pip_tz_clinical_category, tic, tic_clinical_category, tob, tob_clinical_category) VALUES ('87', '87', '<=2', 'S', 'R', '64', 'R', '+', '16', 'R', '1', 'S', '32', 'R', '4', 'S', 'nan', 'I', '256', 'R', '>512', 'R', '8', 'R') ON DUPLICATE KEY UPDATE ami = '<=2', ami_clinical_category = 'S', atm_clinical_category = 'R', caz = '64', caz_clinical_category = 'R', caz_cloxa = '+', cip = '16', cip_clinical_category = 'R', col = '1', col_clinical_category = 'S', fep = '32', fep_clinical_category = 'R', imi = '4', imi_clinical_category = 'S', imi_cloxa = 'nan', mer_clinical_category = 'I', pip_tz = '256', pip_tz_clinical_category = 'R', tic = '>512', tic_clinical_category = 'R', tob = '8', tob_clinical_category = 'R'; 
INSERT INTO sequence_analysis(sequence_analysis_id, isolate_id, clonal_complex, mutational_resistome) VALUES ('87', '87', 'ST252', '{"PA0004": "WT", "PA0424": "WT", "PA0425": "WT", "PA0426": "WT", "PA0427": "WT", "PA0807": "A219T", "PA0869": "WT", "PA0958": "WT", "PA1179": "WT", "PA1180": "WT", "PA1777": "WT", "PA1798": "H398R", "PA1799": "WT", "PA2018": "T543A", "PA2019": "K329Q; L331V", "PA2020": "WT", "PA2272": "A104P", "PA2491": "D249N", "PA2492": "F172I", "PA3047": "A394P", "PA3168": "aa914\u03942", "PA3574": "WT", "PA3721": "G71E", "PA3999": "WT", "PA4003": "WT", "PA4020": "WT", "PA4109": "WT", "PA4110": "T105A", "PA4266": "WT", "PA4418": "WT", "PA4522": "L33P", "PA4600": "WT", "PA4700": "L353Q", "PA4776": "L71R", "PA4777": "Y345H", "PA4964": "H262Q", "PA4967": "WT", "PA5045": "A368T; S631I", "PA5235": "WT", "PA5471": "L88P; D161G; H182Q; V243A", "PA5485": "WT"}') ON DUPLICATE KEY UPDATE clonal_complex = 'ST252', mutational_resistome = '{"PA0004": "WT", "PA0424": "WT", "PA0425": "WT", "PA0426": "WT", "PA0427": "WT", "PA0807": "A219T", "PA0869": "WT", "PA0958": "WT", "PA1179": "WT", "PA1180": "WT", "PA1777": "WT", "PA1798": "H398R", "PA1799": "WT", "PA2018": "T543A", "PA2019": "K329Q; L331V", "PA2020": "WT", "PA2272": "A104P", "PA2491": "D249N", "PA2492": "F172I", "PA3047": "A394P", "PA3168": "aa914\u03942", "PA3574": "WT", "PA3721": "G71E", "PA3999": "WT", "PA4003": "WT", "PA4020": "WT", "PA4109": "WT", "PA4110": "T105A", "PA4266": "WT", "PA4418": "WT", "PA4522": "L33P", "PA4600": "WT", "PA4700": "L353Q", "PA4776": "L71R", "PA4777": "Y345H", "PA4964": "H262Q", "PA4967": "WT", "PA5045": "A368T; S631I", "PA5235": "WT", "PA5471": "L88P; D161G; H182Q; V243A", "PA5485": "WT"}'; 
INSERT INTO metadata_general(isolate_id, isolate_name, project_name, species) VALUES ('88', 'CLE02-002', 'GEMARA', 'Pseudomonas aeruginosa') ON DUPLICATE KEY UPDATE isolate_name = 'CLE02-002', project_name = 'GEMARA', species = 'Pseudomonas aeruginosa'; 
INSERT INTO mic(mic_id, isolate_id, ami, ami_clinical_category, atm_clinical_category, caz, caz_clinical_category, caz_cloxa, cip, cip_clinical_category, col, col_clinical_category, fep, fep_clinical_category, imi, imi_clinical_category, imi_cloxa, mer_clinical_category, pip_tz, pip_tz_clinical_category, tic, tic_clinical_category, tob, tob_clinical_category) VALUES ('88', '88', '4', 'S', 'R', '32', 'R', '+', '8', 'R', '2', 'S', '16', 'R', '8', 'I', '+', 'I', '256', 'R', '128', 'R', '0.5', 'S') ON DUPLICATE KEY UPDATE ami = '4', ami_clinical_category = 'S', atm_clinical_category = 'R', caz = '32', caz_clinical_category = 'R', caz_cloxa = '+', cip = '8', cip_clinical_category = 'R', col = '2', col_clinical_category = 'S', fep = '16', fep_clinical_category = 'R', imi = '8', imi_clinical_category = 'I', imi_cloxa = '+', mer_clinical_category = 'I', pip_tz = '256', pip_tz_clinical_category = 'R', tic = '128', tic_clinical_category = 'R', tob = '0.5', tob_clinical_category = 'S'; 
INSERT INTO sequence_analysis(sequence_analysis_id, isolate_id, clonal_complex, mutational_resistome) VALUES ('88', '88', 'ST399', '{"PA0004": "E168D", "PA0424": "V126E", "PA0425": "WT", "PA0426": "WT", "PA0427": "WT", "PA0807": "A219T", "PA0869": "WT", "PA0958": "WT", "PA1179": "WT", "PA1180": "WT", "PA1777": "WT", "PA1798": "H398R", "PA1799": "WT", "PA2018": "Q282R; T543A", "PA2019": "K329Q; W358R", "PA2020": "WT", "PA2272": "A104P", "PA2491": "D249N", "PA2492": "F172I", "PA3047": "WT", "PA3168": "WT", "PA3574": "WT", "PA3721": "R191L; S209R", "PA3999": "WT", "PA4003": "WT", "PA4020": "WT", "PA4109": "WT", "PA4110": "T105A", "PA4266": "WT", "PA4418": "WT", "PA4522": "G148A", "PA4600": "WT", "PA4700": "K607R; L353Q", "PA4776": "WT", "PA4777": "Y345H", "PA4964": "R201P ", "PA4967": "WT", "PA5045": "WT", "PA5235": "WT", "PA5471": "C40R; H182Q; V243A", "PA5485": "WT"}') ON DUPLICATE KEY UPDATE clonal_complex = 'ST399', mutational_resistome = '{"PA0004": "E168D", "PA0424": "V126E", "PA0425": "WT", "PA0426": "WT", "PA0427": "WT", "PA0807": "A219T", "PA0869": "WT", "PA0958": "WT", "PA1179": "WT", "PA1180": "WT", "PA1777": "WT", "PA1798": "H398R", "PA1799": "WT", "PA2018": "Q282R; T543A", "PA2019": "K329Q; W358R", "PA2020": "WT", "PA2272": "A104P", "PA2491": "D249N", "PA2492": "F172I", "PA3047": "WT", "PA3168": "WT", "PA3574": "WT", "PA3721": "R191L; S209R", "PA3999": "WT", "PA4003": "WT", "PA4020": "WT", "PA4109": "WT", "PA4110": "T105A", "PA4266": "WT", "PA4418": "WT", "PA4522": "G148A", "PA4600": "WT", "PA4700": "K607R; L353Q", "PA4776": "WT", "PA4777": "Y345H", "PA4964": "R201P ", "PA4967": "WT", "PA5045": "WT", "PA5235": "WT", "PA5471": "C40R; H182Q; V243A", "PA5485": "WT"}'; 
INSERT INTO metadata_general(isolate_id, isolate_name, project_name, species) VALUES ('89', 'CLE02-006', 'GEMARA', 'Pseudomonas aeruginosa') ON DUPLICATE KEY UPDATE isolate_name = 'CLE02-006', project_name = 'GEMARA', species = 'Pseudomonas aeruginosa'; 
INSERT INTO mic(mic_id, isolate_id, ami, ami_clinical_category, atm_clinical_category, caz, caz_clinical_category, caz_cloxa, cip, cip_clinical_category, col, col_clinical_category, fep, fep_clinical_category, imi, imi_clinical_category, imi_cloxa, mer_clinical_category, pip_tz, pip_tz_clinical_category, tic, tic_clinical_category, tob, tob_clinical_category) VALUES ('89', '89', '32', 'R', 'R', '>64', 'R', 'nan', '>16', 'R', '2', 'S', '>64', 'R', '16', 'R', 'nan', 'R', '128', 'R', '>512', 'R', '16', 'R') ON DUPLICATE KEY UPDATE ami = '32', ami_clinical_category = 'R', atm_clinical_category = 'R', caz = '>64', caz_clinical_category = 'R', caz_cloxa = 'nan', cip = '>16', cip_clinical_category = 'R', col = '2', col_clinical_category = 'S', fep = '>64', fep_clinical_category = 'R', imi = '16', imi_clinical_category = 'R', imi_cloxa = 'nan', mer_clinical_category = 'R', pip_tz = '128', pip_tz_clinical_category = 'R', tic = '>512', tic_clinical_category = 'R', tob = '16', tob_clinical_category = 'R'; 
INSERT INTO sequence_analysis(sequence_analysis_id, isolate_id, clonal_complex, mutational_resistome) VALUES ('89', '89', 'ST664', '{"PA0004": "WT", "PA0424": "V126E", "PA0425": "K86E", "PA0426": "WT", "PA0427": "WT", "PA0807": "A219T", "PA0869": "S250N", "PA0958": "V127L", "PA1179": "WT", "PA1180": "WT", "PA1777": "WT", "PA1798": "H398R", "PA1799": "WT", "PA2018": "T543A; Q840E; P1032S", "PA2019": "K329Q; L331V", "PA2020": "WT", "PA2272": "WT", "PA2491": "D249N", "PA2492": "F172I", "PA3047": "WT", "PA3168": "T83I", "PA3574": "nt398\u03942", "PA3721": "G71E; S209R", "PA3999": "WT", "PA4003": "WT", "PA4020": "R322Q", "PA4109": "WT", "PA4110": "L176R", "PA4266": "WT", "PA4418": "WT", "PA4522": "A134P; G148A; D183Y", "PA4600": "WT", "PA4700": "L353Q", "PA4776": "L71R", "PA4777": "Y345H", "PA4964": "E91K; H262Q; L458F", "PA4967": "E215Q", "PA5045": "WT", "PA5235": "WT", "PA5471": "L88P; D161G; H182Q; V243A; A262S", "PA5485": "WT"}') ON DUPLICATE KEY UPDATE clonal_complex = 'ST664', mutational_resistome = '{"PA0004": "WT", "PA0424": "V126E", "PA0425": "K86E", "PA0426": "WT", "PA0427": "WT", "PA0807": "A219T", "PA0869": "S250N", "PA0958": "V127L", "PA1179": "WT", "PA1180": "WT", "PA1777": "WT", "PA1798": "H398R", "PA1799": "WT", "PA2018": "T543A; Q840E; P1032S", "PA2019": "K329Q; L331V", "PA2020": "WT", "PA2272": "WT", "PA2491": "D249N", "PA2492": "F172I", "PA3047": "WT", "PA3168": "T83I", "PA3574": "nt398\u03942", "PA3721": "G71E; S209R", "PA3999": "WT", "PA4003": "WT", "PA4020": "R322Q", "PA4109": "WT", "PA4110": "L176R", "PA4266": "WT", "PA4418": "WT", "PA4522": "A134P; G148A; D183Y", "PA4600": "WT", "PA4700": "L353Q", "PA4776": "L71R", "PA4777": "Y345H", "PA4964": "E91K; H262Q; L458F", "PA4967": "E215Q", "PA5045": "WT", "PA5235": "WT", "PA5471": "L88P; D161G; H182Q; V243A; A262S", "PA5485": "WT"}'; 
INSERT INTO metadata_general(isolate_id, isolate_name, project_name, species) VALUES ('90', 'CLE02-016', 'GEMARA', 'Pseudomonas aeruginosa') ON DUPLICATE KEY UPDATE isolate_name = 'CLE02-016', project_name = 'GEMARA', species = 'Pseudomonas aeruginosa'; 
INSERT INTO mic(mic_id, isolate_id, ami, ami_clinical_category, atm_clinical_category, caz, caz_clinical_category, caz_cloxa, cip, cip_clinical_category, col, col_clinical_category, fep, fep_clinical_category, imi, imi_clinical_category, imi_cloxa, mer_clinical_category, pip_tz, pip_tz_clinical_category, tic, tic_clinical_category, tob, tob_clinical_category) VALUES ('90', '90', '4', 'S', 'I', '16', 'R', '+', '>16', 'R', '1', 'S', '16', 'R', '16', 'R', '+', 'I', '64', 'R', '128', 'R', '32', 'R') ON DUPLICATE KEY UPDATE ami = '4', ami_clinical_category = 'S', atm_clinical_category = 'I', caz = '16', caz_clinical_category = 'R', caz_cloxa = '+', cip = '>16', cip_clinical_category = 'R', col = '1', col_clinical_category = 'S', fep = '16', fep_clinical_category = 'R', imi = '16', imi_clinical_category = 'R', imi_cloxa = '+', mer_clinical_category = 'I', pip_tz = '64', pip_tz_clinical_category = 'R', tic = '128', tic_clinical_category = 'R', tob = '32', tob_clinical_category = 'R'; 
INSERT INTO sequence_analysis(sequence_analysis_id, isolate_id, clonal_complex, mutational_resistome) VALUES ('90', '90', 'ST175', '{"PA0004": "WT", "PA0424": "nt385InsGGGT", "PA0425": "WT", "PA0426": "WT", "PA0427": "WT", "PA0807": "A219T", "PA0869": "S250N", "PA0958": "Q142X", "PA1179": "WT", "PA1180": "WT", "PA1777": "WT", "PA1798": "H398R", "PA1799": "WT", "PA2018": "T543A", "PA2019": "K329Q; W358R", "PA2020": "G195D", "PA2272": "E37K; A104P", "PA2491": "D249N", "PA2492": "P60S; F172I", "PA3047": "WT", "PA3168": "T83I; D87N", "PA3574": "WT", "PA3721": "G71E; A186T", "PA3999": "WT", "PA4003": "WT", "PA4020": "WT", "PA4109": "G154R", "PA4110": "WT", "PA4266": "WT", "PA4418": "WT", "PA4522": "G148A; D183Y", "PA4600": "WT", "PA4700": "WT", "PA4776": "WT", "PA4777": "Y345H", "PA4964": "S87W; L168Q", "PA4967": "WT", "PA5045": "E245D", "PA5235": "T211P", "PA5471": "L88P; D161G; H182Q; V243A; V266M", "PA5485": "WT"}') ON DUPLICATE KEY UPDATE clonal_complex = 'ST175', mutational_resistome = '{"PA0004": "WT", "PA0424": "nt385InsGGGT", "PA0425": "WT", "PA0426": "WT", "PA0427": "WT", "PA0807": "A219T", "PA0869": "S250N", "PA0958": "Q142X", "PA1179": "WT", "PA1180": "WT", "PA1777": "WT", "PA1798": "H398R", "PA1799": "WT", "PA2018": "T543A", "PA2019": "K329Q; W358R", "PA2020": "G195D", "PA2272": "E37K; A104P", "PA2491": "D249N", "PA2492": "P60S; F172I", "PA3047": "WT", "PA3168": "T83I; D87N", "PA3574": "WT", "PA3721": "G71E; A186T", "PA3999": "WT", "PA4003": "WT", "PA4020": "WT", "PA4109": "G154R", "PA4110": "WT", "PA4266": "WT", "PA4418": "WT", "PA4522": "G148A; D183Y", "PA4600": "WT", "PA4700": "WT", "PA4776": "WT", "PA4777": "Y345H", "PA4964": "S87W; L168Q", "PA4967": "WT", "PA5045": "E245D", "PA5235": "T211P", "PA5471": "L88P; D161G; H182Q; V243A; V266M", "PA5485": "WT"}'; 
INSERT INTO metadata_general(isolate_id, isolate_name, project_name, species) VALUES ('91', 'CLE02-032', 'GEMARA', 'Pseudomonas aeruginosa') ON DUPLICATE KEY UPDATE isolate_name = 'CLE02-032', project_name = 'GEMARA', species = 'Pseudomonas aeruginosa'; 
INSERT INTO mic(mic_id, isolate_id, ami, ami_clinical_category, atm_clinical_category, caz, caz_clinical_category, caz_cloxa, cip, cip_clinical_category, col, col_clinical_category, fep, fep_clinical_category, imi, imi_clinical_category, imi_cloxa, mer_clinical_category, pip_tz, pip_tz_clinical_category, tic, tic_clinical_category, tob, tob_clinical_category) VALUES ('91', '91', '4', 'S', 'I', '16', 'R', '+', '>16', 'R', '1', 'S', '16', 'R', '8', 'I', '+', 'I', '64', 'R', '128', 'R', '32', 'R') ON DUPLICATE KEY UPDATE ami = '4', ami_clinical_category = 'S', atm_clinical_category = 'I', caz = '16', caz_clinical_category = 'R', caz_cloxa = '+', cip = '>16', cip_clinical_category = 'R', col = '1', col_clinical_category = 'S', fep = '16', fep_clinical_category = 'R', imi = '8', imi_clinical_category = 'I', imi_cloxa = '+', mer_clinical_category = 'I', pip_tz = '64', pip_tz_clinical_category = 'R', tic = '128', tic_clinical_category = 'R', tob = '32', tob_clinical_category = 'R'; 
INSERT INTO sequence_analysis(sequence_analysis_id, isolate_id, clonal_complex, mutational_resistome) VALUES ('91', '91', 'ST175', '{"PA0004": "WT", "PA0424": "nt385InsGGGT", "PA0425": "WT", "PA0426": "WT", "PA0427": "WT", "PA0807": "A219T", "PA0869": "S250N", "PA0958": "Q142X", "PA1179": "WT", "PA1180": "WT", "PA1777": "WT", "PA1798": "H398R", "PA1799": "WT", "PA2018": "T543A", "PA2019": "K329Q; W358R", "PA2020": "G195D", "PA2272": "E37K; A104P", "PA2491": "D249N", "PA2492": "P60S; F172I", "PA3047": "WT", "PA3168": "T83I; D87N", "PA3574": "WT", "PA3721": "G71E; A186T", "PA3999": "WT", "PA4003": "WT", "PA4020": "WT", "PA4109": "G154R", "PA4110": "WT", "PA4266": "WT", "PA4418": "WT", "PA4522": "G148A; D183Y", "PA4600": "WT", "PA4700": "WT", "PA4776": "WT", "PA4777": "Y345H", "PA4964": "S87W; L168Q", "PA4967": "WT", "PA5045": "E245D", "PA5235": "T211P", "PA5471": "L88P; D161G; H182Q; V243A; V266M", "PA5485": "WT"}') ON DUPLICATE KEY UPDATE clonal_complex = 'ST175', mutational_resistome = '{"PA0004": "WT", "PA0424": "nt385InsGGGT", "PA0425": "WT", "PA0426": "WT", "PA0427": "WT", "PA0807": "A219T", "PA0869": "S250N", "PA0958": "Q142X", "PA1179": "WT", "PA1180": "WT", "PA1777": "WT", "PA1798": "H398R", "PA1799": "WT", "PA2018": "T543A", "PA2019": "K329Q; W358R", "PA2020": "G195D", "PA2272": "E37K; A104P", "PA2491": "D249N", "PA2492": "P60S; F172I", "PA3047": "WT", "PA3168": "T83I; D87N", "PA3574": "WT", "PA3721": "G71E; A186T", "PA3999": "WT", "PA4003": "WT", "PA4020": "WT", "PA4109": "G154R", "PA4110": "WT", "PA4266": "WT", "PA4418": "WT", "PA4522": "G148A; D183Y", "PA4600": "WT", "PA4700": "WT", "PA4776": "WT", "PA4777": "Y345H", "PA4964": "S87W; L168Q", "PA4967": "WT", "PA5045": "E245D", "PA5235": "T211P", "PA5471": "L88P; D161G; H182Q; V243A; V266M", "PA5485": "WT"}'; 
INSERT INTO metadata_general(isolate_id, isolate_name, project_name, species) VALUES ('92', 'CLE02-055', 'GEMARA', 'Pseudomonas aeruginosa') ON DUPLICATE KEY UPDATE isolate_name = 'CLE02-055', project_name = 'GEMARA', species = 'Pseudomonas aeruginosa'; 
INSERT INTO mic(mic_id, isolate_id, ami, ami_clinical_category, atm_clinical_category, caz, caz_clinical_category, caz_cloxa, cip, cip_clinical_category, col, col_clinical_category, fep, fep_clinical_category, imi, imi_clinical_category, imi_cloxa, mer_clinical_category, pip_tz, pip_tz_clinical_category, tic, tic_clinical_category, tob, tob_clinical_category) VALUES ('92', '92', '16', 'I', 'I', '16', 'R', '+', '16', 'R', '1', 'S', '16', 'R', '4', 'S', 'nan', 'R', '64', 'R', '128', 'R', '0.5', 'S') ON DUPLICATE KEY UPDATE ami = '16', ami_clinical_category = 'I', atm_clinical_category = 'I', caz = '16', caz_clinical_category = 'R', caz_cloxa = '+', cip = '16', cip_clinical_category = 'R', col = '1', col_clinical_category = 'S', fep = '16', fep_clinical_category = 'R', imi = '4', imi_clinical_category = 'S', imi_cloxa = 'nan', mer_clinical_category = 'R', pip_tz = '64', pip_tz_clinical_category = 'R', tic = '128', tic_clinical_category = 'R', tob = '0.5', tob_clinical_category = 'S'; 
INSERT INTO sequence_analysis(sequence_analysis_id, isolate_id, clonal_complex, mutational_resistome) VALUES ('92', '92', 'ST664', '{"PA0004": "WT", "PA0424": "V126E", "PA0425": "WT", "PA0426": "WT", "PA0427": "WT", "PA0807": "A219T", "PA0869": "S250N", "PA0958": "V127L", "PA1179": "WT", "PA1180": "WT", "PA1777": "WT", "PA1798": "H398R", "PA1799": "WT", "PA2018": "T543A; Q840E; P1032S", "PA2019": "K329Q; L331V; W358R", "PA2020": "WT", "PA2272": "WT", "PA2491": "D249N", "PA2492": "F172I", "PA3047": "WT", "PA3168": "T83I", "PA3574": "nt398\u03942", "PA3721": "G71E; S209R", "PA3999": "WT", "PA4003": "WT", "PA4020": "R322Q", "PA4109": "WT", "PA4110": "L176R", "PA4266": "WT", "PA4418": "WT", "PA4522": "A134P; G148A; D183Y", "PA4600": "WT", "PA4700": "L353Q", "PA4776": "L71R", "PA4777": "Y345H", "PA4964": "E91K; H262Q; L458F", "PA4967": "E215Q", "PA5045": "WT", "PA5235": "WT", "PA5471": "L88P; D161G; H182Q; V243A; A262S", "PA5485": "WT"}') ON DUPLICATE KEY UPDATE clonal_complex = 'ST664', mutational_resistome = '{"PA0004": "WT", "PA0424": "V126E", "PA0425": "WT", "PA0426": "WT", "PA0427": "WT", "PA0807": "A219T", "PA0869": "S250N", "PA0958": "V127L", "PA1179": "WT", "PA1180": "WT", "PA1777": "WT", "PA1798": "H398R", "PA1799": "WT", "PA2018": "T543A; Q840E; P1032S", "PA2019": "K329Q; L331V; W358R", "PA2020": "WT", "PA2272": "WT", "PA2491": "D249N", "PA2492": "F172I", "PA3047": "WT", "PA3168": "T83I", "PA3574": "nt398\u03942", "PA3721": "G71E; S209R", "PA3999": "WT", "PA4003": "WT", "PA4020": "R322Q", "PA4109": "WT", "PA4110": "L176R", "PA4266": "WT", "PA4418": "WT", "PA4522": "A134P; G148A; D183Y", "PA4600": "WT", "PA4700": "L353Q", "PA4776": "L71R", "PA4777": "Y345H", "PA4964": "E91K; H262Q; L458F", "PA4967": "E215Q", "PA5045": "WT", "PA5235": "WT", "PA5471": "L88P; D161G; H182Q; V243A; A262S", "PA5485": "WT"}'; 
INSERT INTO metadata_general(isolate_id, isolate_name, project_name, species) VALUES ('93', 'CLE03-022', 'GEMARA', 'Pseudomonas aeruginosa') ON DUPLICATE KEY UPDATE isolate_name = 'CLE03-022', project_name = 'GEMARA', species = 'Pseudomonas aeruginosa'; 
INSERT INTO mic(mic_id, isolate_id, ami, ami_clinical_category, atm_clinical_category, caz, caz_clinical_category, caz_cloxa, cip, cip_clinical_category, col, col_clinical_category, fep, fep_clinical_category, imi, imi_clinical_category, imi_cloxa, mer_clinical_category, pip_tz, pip_tz_clinical_category, tic, tic_clinical_category, tob, tob_clinical_category) VALUES ('93', '93', '<=2', 'S', 'R', '16', 'R', '+', '>16', 'R', '2', 'S', '8', 'S', '16', 'R', '+', 'R', '32', 'R', '256', 'R', '<=0.25', 'S') ON DUPLICATE KEY UPDATE ami = '<=2', ami_clinical_category = 'S', atm_clinical_category = 'R', caz = '16', caz_clinical_category = 'R', caz_cloxa = '+', cip = '>16', cip_clinical_category = 'R', col = '2', col_clinical_category = 'S', fep = '8', fep_clinical_category = 'S', imi = '16', imi_clinical_category = 'R', imi_cloxa = '+', mer_clinical_category = 'R', pip_tz = '32', pip_tz_clinical_category = 'R', tic = '256', tic_clinical_category = 'R', tob = '<=0.25', tob_clinical_category = 'S'; 
INSERT INTO sequence_analysis(sequence_analysis_id, isolate_id, clonal_complex, mutational_resistome) VALUES ('93', '93', 'ST2935', '{"PA0004": "WT", "PA0424": "A103G; V126E; nt373\u03941", "PA0425": "WT", "PA0426": "N248K", "PA0427": "WT", "PA0807": "G186S", "PA0869": "WT", "PA0958": "WT", "PA1179": "WT", "PA1180": "WT", "PA1777": "T93A", "PA1798": "A115E; V304I; E343D; H398R; Y407H", "PA1799": "T135A; L153R", "PA2018": "T543A; Q840E; G1035D; N1036T; Q1039R", "PA2019": "L12P; A30T; K329Q; L331V; W358R", "PA2020": "L138R; L196I", "PA2272": "V18I; R82K; G96D; A104P", "PA2491": "K17T; A175V; E181D; D249N", "PA2492": "E26G; P60S; F172I", "PA3047": "A394P", "PA3168": "T83I; aa914\u0394PS", "PA3574": "WT", "PA3721": "G71E; Q182K; L206V; S209R", "PA3999": "WT", "PA4003": "WT", "PA4020": "S306R; M297L", "PA4109": "A118V; G283E", "PA4110": "R5G; T21A; P23S;A36T; T105A; Q117L; A170T; L200I; V205L; R273K; V356I; G391A", "PA4266": "WT", "PA4418": "WT", "PA4522": "V10I; A85G; G148A; E170G", "PA4600": "WT", "PA4700": "L353Q; S25G", "PA4776": "L71R; Y179H", "PA4777": "A4T; D47N; E69A; Y345H; P369A; A462T", "PA4964": "D86N; S331T", "PA4967": "D533E", "PA5045": "H628N; V643I", "PA5235": "WT", "PA5471": "C40R; A87V; D161G; H182Q; V243A; E307D; I346V", "PA5485": "WT"}') ON DUPLICATE KEY UPDATE clonal_complex = 'ST2935', mutational_resistome = '{"PA0004": "WT", "PA0424": "A103G; V126E; nt373\u03941", "PA0425": "WT", "PA0426": "N248K", "PA0427": "WT", "PA0807": "G186S", "PA0869": "WT", "PA0958": "WT", "PA1179": "WT", "PA1180": "WT", "PA1777": "T93A", "PA1798": "A115E; V304I; E343D; H398R; Y407H", "PA1799": "T135A; L153R", "PA2018": "T543A; Q840E; G1035D; N1036T; Q1039R", "PA2019": "L12P; A30T; K329Q; L331V; W358R", "PA2020": "L138R; L196I", "PA2272": "V18I; R82K; G96D; A104P", "PA2491": "K17T; A175V; E181D; D249N", "PA2492": "E26G; P60S; F172I", "PA3047": "A394P", "PA3168": "T83I; aa914\u0394PS", "PA3574": "WT", "PA3721": "G71E; Q182K; L206V; S209R", "PA3999": "WT", "PA4003": "WT", "PA4020": "S306R; M297L", "PA4109": "A118V; G283E", "PA4110": "R5G; T21A; P23S;A36T; T105A; Q117L; A170T; L200I; V205L; R273K; V356I; G391A", "PA4266": "WT", "PA4418": "WT", "PA4522": "V10I; A85G; G148A; E170G", "PA4600": "WT", "PA4700": "L353Q; S25G", "PA4776": "L71R; Y179H", "PA4777": "A4T; D47N; E69A; Y345H; P369A; A462T", "PA4964": "D86N; S331T", "PA4967": "D533E", "PA5045": "H628N; V643I", "PA5235": "WT", "PA5471": "C40R; A87V; D161G; H182Q; V243A; E307D; I346V", "PA5485": "WT"}'; 
INSERT INTO metadata_general(isolate_id, isolate_name, project_name, species) VALUES ('94', 'CLE03-023', 'GEMARA', 'Pseudomonas aeruginosa') ON DUPLICATE KEY UPDATE isolate_name = 'CLE03-023', project_name = 'GEMARA', species = 'Pseudomonas aeruginosa'; 
INSERT INTO mic(mic_id, isolate_id, ami, ami_clinical_category, atm_clinical_category, caz, caz_clinical_category, caz_cloxa, cip, cip_clinical_category, col, col_clinical_category, fep, fep_clinical_category, imi, imi_clinical_category, imi_cloxa, mer_clinical_category, pip_tz, pip_tz_clinical_category, tic, tic_clinical_category, tob, tob_clinical_category) VALUES ('94', '94', '<=2', 'S', 'I', '64', 'R', '+', '4', 'R', '2', 'S', '16', 'R', '8', 'I', '+', 'I', '256', 'R', '256', 'R', '<=0.25', 'S') ON DUPLICATE KEY UPDATE ami = '<=2', ami_clinical_category = 'S', atm_clinical_category = 'I', caz = '64', caz_clinical_category = 'R', caz_cloxa = '+', cip = '4', cip_clinical_category = 'R', col = '2', col_clinical_category = 'S', fep = '16', fep_clinical_category = 'R', imi = '8', imi_clinical_category = 'I', imi_cloxa = '+', mer_clinical_category = 'I', pip_tz = '256', pip_tz_clinical_category = 'R', tic = '256', tic_clinical_category = 'R', tob = '<=0.25', tob_clinical_category = 'S'; 
INSERT INTO sequence_analysis(sequence_analysis_id, isolate_id, clonal_complex, mutational_resistome) VALUES ('94', '94', 'ST155', '{"PA0004": "S466F", "PA0424": "WT", "PA0425": "WT", "PA0426": "WT", "PA0427": "WT", "PA0807": "A219T", "PA0869": "WT", "PA0958": "WT", "PA1179": "P31Q", "PA1180": "WT", "PA1777": "WT", "PA1798": "H398R", "PA1799": "WT", "PA2018": "D428N; T543A; Q840E", "PA2019": "K329Q; L331V; W358R", "PA2020": "WT", "PA2272": "WT", "PA2491": "D249N", "PA2492": "F172I", "PA3047": "WT", "PA3168": "WT", "PA3574": "WT", "PA3721": "G71E; S209R", "PA3999": "WT", "PA4003": "WT", "PA4020": "M297V", "PA4109": "WT", "PA4110": "R79Q; T105A", "PA4266": "WT", "PA4418": "WT", "PA4522": "Q44H; G148A; D183Y; nt430\u039417", "PA4600": "WT", "PA4700": "L353Q", "PA4776": "WT", "PA4777": "Y345H", "PA4964": "WT", "PA4967": "WT", "PA5045": "WT", "PA5235": "Ter449Gext*", "PA5471": "L88P; D161G; H182Q; V243A", "PA5485": "WT"}') ON DUPLICATE KEY UPDATE clonal_complex = 'ST155', mutational_resistome = '{"PA0004": "S466F", "PA0424": "WT", "PA0425": "WT", "PA0426": "WT", "PA0427": "WT", "PA0807": "A219T", "PA0869": "WT", "PA0958": "WT", "PA1179": "P31Q", "PA1180": "WT", "PA1777": "WT", "PA1798": "H398R", "PA1799": "WT", "PA2018": "D428N; T543A; Q840E", "PA2019": "K329Q; L331V; W358R", "PA2020": "WT", "PA2272": "WT", "PA2491": "D249N", "PA2492": "F172I", "PA3047": "WT", "PA3168": "WT", "PA3574": "WT", "PA3721": "G71E; S209R", "PA3999": "WT", "PA4003": "WT", "PA4020": "M297V", "PA4109": "WT", "PA4110": "R79Q; T105A", "PA4266": "WT", "PA4418": "WT", "PA4522": "Q44H; G148A; D183Y; nt430\u039417", "PA4600": "WT", "PA4700": "L353Q", "PA4776": "WT", "PA4777": "Y345H", "PA4964": "WT", "PA4967": "WT", "PA5045": "WT", "PA5235": "Ter449Gext*", "PA5471": "L88P; D161G; H182Q; V243A", "PA5485": "WT"}'; 
INSERT INTO metadata_general(isolate_id, isolate_name, project_name, species) VALUES ('95', 'CLM02-005 ', 'GEMARA', 'Pseudomonas aeruginosa') ON DUPLICATE KEY UPDATE isolate_name = 'CLM02-005 ', project_name = 'GEMARA', species = 'Pseudomonas aeruginosa'; 
INSERT INTO mic(mic_id, isolate_id, ami, ami_clinical_category, atm_clinical_category, caz, caz_clinical_category, caz_cloxa, cip, cip_clinical_category, col, col_clinical_category, fep, fep_clinical_category, imi, imi_clinical_category, imi_cloxa, mer_clinical_category, pip_tz, pip_tz_clinical_category, tic, tic_clinical_category, tob, tob_clinical_category) VALUES ('95', '95', '4', 'S', 'I', '8', 'S', 'nan', '>16', 'R', '1', 'S', '8', 'S', '8', 'I', '+', 'I', '32', 'R', '32', 'R', '32', 'R') ON DUPLICATE KEY UPDATE ami = '4', ami_clinical_category = 'S', atm_clinical_category = 'I', caz = '8', caz_clinical_category = 'S', caz_cloxa = 'nan', cip = '>16', cip_clinical_category = 'R', col = '1', col_clinical_category = 'S', fep = '8', fep_clinical_category = 'S', imi = '8', imi_clinical_category = 'I', imi_cloxa = '+', mer_clinical_category = 'I', pip_tz = '32', pip_tz_clinical_category = 'R', tic = '32', tic_clinical_category = 'R', tob = '32', tob_clinical_category = 'R'; 
INSERT INTO sequence_analysis(sequence_analysis_id, isolate_id, clonal_complex, mutational_resistome) VALUES ('95', '95', 'ST175', '{"PA0004": "E468D", "PA0424": "WT", "PA0425": "Q104X", "PA0426": "WT", "PA0427": "WT", "PA0807": "A219T; nt409\u03941", "PA0869": "WT", "PA0958": "W415X", "PA1179": "WT", "PA1180": "WT", "PA1777": "WT", "PA1798": "H398R", "PA1799": "WT", "PA2018": "T543A", "PA2019": "K329Q", "PA2020": "G195D", "PA2272": "E37K; A104P", "PA2491": "D249N", "PA2492": "P60S; F172I", "PA3047": "WT", "PA3168": "T83I", "PA3574": "WT", "PA3721": "A186T", "PA3999": "WT", "PA4003": "WT", "PA4020": "WT", "PA4109": "WT", "PA4110": "WT", "PA4266": "WT", "PA4418": "WT", "PA4522": "F113L; G148A; D183Y", "PA4600": "WT", "PA4700": "WT", "PA4776": "WT", "PA4777": "Y345H", "PA4964": "S87W; L168Q", "PA4967": "WT", "PA5045": "E245D", "PA5235": "WT", "PA5471": "L88P; D161G; H182Q; V243A; V266M", "PA5485": "WT"}') ON DUPLICATE KEY UPDATE clonal_complex = 'ST175', mutational_resistome = '{"PA0004": "E468D", "PA0424": "WT", "PA0425": "Q104X", "PA0426": "WT", "PA0427": "WT", "PA0807": "A219T; nt409\u03941", "PA0869": "WT", "PA0958": "W415X", "PA1179": "WT", "PA1180": "WT", "PA1777": "WT", "PA1798": "H398R", "PA1799": "WT", "PA2018": "T543A", "PA2019": "K329Q", "PA2020": "G195D", "PA2272": "E37K; A104P", "PA2491": "D249N", "PA2492": "P60S; F172I", "PA3047": "WT", "PA3168": "T83I", "PA3574": "WT", "PA3721": "A186T", "PA3999": "WT", "PA4003": "WT", "PA4020": "WT", "PA4109": "WT", "PA4110": "WT", "PA4266": "WT", "PA4418": "WT", "PA4522": "F113L; G148A; D183Y", "PA4600": "WT", "PA4700": "WT", "PA4776": "WT", "PA4777": "Y345H", "PA4964": "S87W; L168Q", "PA4967": "WT", "PA5045": "E245D", "PA5235": "WT", "PA5471": "L88P; D161G; H182Q; V243A; V266M", "PA5485": "WT"}'; 
INSERT INTO metadata_general(isolate_id, isolate_name, project_name, species) VALUES ('96', 'CLM02-017 ', 'GEMARA', 'Pseudomonas aeruginosa') ON DUPLICATE KEY UPDATE isolate_name = 'CLM02-017 ', project_name = 'GEMARA', species = 'Pseudomonas aeruginosa'; 
INSERT INTO mic(mic_id, isolate_id, ami, ami_clinical_category, atm_clinical_category, caz, caz_clinical_category, caz_cloxa, cip, cip_clinical_category, col, col_clinical_category, fep, fep_clinical_category, imi, imi_clinical_category, imi_cloxa, mer_clinical_category, pip_tz, pip_tz_clinical_category, tic, tic_clinical_category, tob, tob_clinical_category) VALUES ('96', '96', '<=2', 'S', 'I', '2', 'S', 'nan', '>16', 'R', '4', 'R', '2', 'S', '4', 'S', 'nan', 'I', '8', 'S', '32', 'R', '32', 'R') ON DUPLICATE KEY UPDATE ami = '<=2', ami_clinical_category = 'S', atm_clinical_category = 'I', caz = '2', caz_clinical_category = 'S', caz_cloxa = 'nan', cip = '>16', cip_clinical_category = 'R', col = '4', col_clinical_category = 'R', fep = '2', fep_clinical_category = 'S', imi = '4', imi_clinical_category = 'S', imi_cloxa = 'nan', mer_clinical_category = 'I', pip_tz = '8', pip_tz_clinical_category = 'S', tic = '32', tic_clinical_category = 'R', tob = '32', tob_clinical_category = 'R'; 
INSERT INTO sequence_analysis(sequence_analysis_id, isolate_id, clonal_complex, mutational_resistome) VALUES ('96', '96', 'ST253', '{"PA0004": "WT", "PA0424": "V126E", "PA0425": "WT", "PA0426": "WT", "PA0427": "WT", "PA0807": "WT", "PA0869": "WT", "PA0958": "WT", "PA1179": "WT", "PA1180": "WT", "PA1777": "WT", "PA1798": "H398R", "PA1799": "L153R; S170N", "PA2018": "I536V; T543A; G589A; Q840E; N1036T; Q1039R", "PA2019": "A30T; K329Q; L331V; W358R", "PA2020": "L138R; N186S", "PA2272": "A104P", "PA2491": "D249N", "PA2492": "F172I", "PA3047": "Q156H", "PA3168": "aa914\u0394PS", "PA3574": "WT", "PA3721": "G71E; A145V; S209R", "PA3999": "WT", "PA4003": "WT", "PA4020": "M297V", "PA4109": "E114A; G283E; M288R", "PA4110": "G27D; A55T; T105A; Q155R; V205L; G391A", "PA4266": "WT", "PA4418": "WT", "PA4522": "WT", "PA4600": "R21H; D56G", "PA4700": "L353Q; S25G", "PA4776": "WT", "PA4777": "S2P; A4T; V15I; G68S; Y345H", "PA4964": "WT", "PA4967": "D533E", "PA5045": "I418T; N622K", "PA5235": "WT", "PA5471": "C40R; L88P; S112N; D119E; I237V; V243A", "PA5485": "WT"}') ON DUPLICATE KEY UPDATE clonal_complex = 'ST253', mutational_resistome = '{"PA0004": "WT", "PA0424": "V126E", "PA0425": "WT", "PA0426": "WT", "PA0427": "WT", "PA0807": "WT", "PA0869": "WT", "PA0958": "WT", "PA1179": "WT", "PA1180": "WT", "PA1777": "WT", "PA1798": "H398R", "PA1799": "L153R; S170N", "PA2018": "I536V; T543A; G589A; Q840E; N1036T; Q1039R", "PA2019": "A30T; K329Q; L331V; W358R", "PA2020": "L138R; N186S", "PA2272": "A104P", "PA2491": "D249N", "PA2492": "F172I", "PA3047": "Q156H", "PA3168": "aa914\u0394PS", "PA3574": "WT", "PA3721": "G71E; A145V; S209R", "PA3999": "WT", "PA4003": "WT", "PA4020": "M297V", "PA4109": "E114A; G283E; M288R", "PA4110": "G27D; A55T; T105A; Q155R; V205L; G391A", "PA4266": "WT", "PA4418": "WT", "PA4522": "WT", "PA4600": "R21H; D56G", "PA4700": "L353Q; S25G", "PA4776": "WT", "PA4777": "S2P; A4T; V15I; G68S; Y345H", "PA4964": "WT", "PA4967": "D533E", "PA5045": "I418T; N622K", "PA5235": "WT", "PA5471": "C40R; L88P; S112N; D119E; I237V; V243A", "PA5485": "WT"}'; 
INSERT INTO metadata_general(isolate_id, isolate_name, project_name, species) VALUES ('97', 'CLM02-043 ', 'GEMARA', 'Pseudomonas aeruginosa') ON DUPLICATE KEY UPDATE isolate_name = 'CLM02-043 ', project_name = 'GEMARA', species = 'Pseudomonas aeruginosa'; 
INSERT INTO mic(mic_id, isolate_id, ami, ami_clinical_category, atm_clinical_category, caz, caz_clinical_category, caz_cloxa, cip, cip_clinical_category, col, col_clinical_category, fep, fep_clinical_category, imi, imi_clinical_category, imi_cloxa, mer_clinical_category, pip_tz, pip_tz_clinical_category, tic, tic_clinical_category, tob, tob_clinical_category) VALUES ('97', '97', '16', 'I', 'R', '16', 'R', '+', '>16', 'R', '1', 'S', '16', 'R', '16', 'R', '+', 'R', '64', 'R', '256', 'R', '>32', 'R') ON DUPLICATE KEY UPDATE ami = '16', ami_clinical_category = 'I', atm_clinical_category = 'R', caz = '16', caz_clinical_category = 'R', caz_cloxa = '+', cip = '>16', cip_clinical_category = 'R', col = '1', col_clinical_category = 'S', fep = '16', fep_clinical_category = 'R', imi = '16', imi_clinical_category = 'R', imi_cloxa = '+', mer_clinical_category = 'R', pip_tz = '64', pip_tz_clinical_category = 'R', tic = '256', tic_clinical_category = 'R', tob = '>32', tob_clinical_category = 'R'; 
INSERT INTO sequence_analysis(sequence_analysis_id, isolate_id, clonal_complex, mutational_resistome) VALUES ('97', '97', 'ST175', '{"PA0004": "E468D", "PA0424": "nt47InsG", "PA0425": "WT", "PA0426": "WT", "PA0427": "WT", "PA0807": "A219T; nt409\u03941", "PA0869": "S250N", "PA0958": "W415X", "PA1179": "WT", "PA1180": "WT", "PA1777": "WT", "PA1798": "H398R", "PA1799": "WT", "PA2018": "T543A", "PA2019": "K329Q; W358R", "PA2020": "G195D", "PA2272": "E37K; A104P", "PA2491": "D249N", "PA2492": "P60S; F172I", "PA3047": "WT", "PA3168": "T83I", "PA3574": "WT", "PA3721": "G71E; A186T", "PA3999": "WT", "PA4003": "WT", "PA4020": "WT", "PA4109": "R244W", "PA4110": "WT", "PA4266": "aa615InsQL", "PA4418": "WT", "PA4522": "F113L; G148A; D183Y", "PA4600": "WT", "PA4700": "WT", "PA4776": "WT", "PA4777": "Y345H", "PA4964": "S87W; L168Q", "PA4967": "WT", "PA5045": "E245D", "PA5235": "WT", "PA5471": "L88P; D161G; H182Q; V243A; V266M", "PA5485": "WT"}') ON DUPLICATE KEY UPDATE clonal_complex = 'ST175', mutational_resistome = '{"PA0004": "E468D", "PA0424": "nt47InsG", "PA0425": "WT", "PA0426": "WT", "PA0427": "WT", "PA0807": "A219T; nt409\u03941", "PA0869": "S250N", "PA0958": "W415X", "PA1179": "WT", "PA1180": "WT", "PA1777": "WT", "PA1798": "H398R", "PA1799": "WT", "PA2018": "T543A", "PA2019": "K329Q; W358R", "PA2020": "G195D", "PA2272": "E37K; A104P", "PA2491": "D249N", "PA2492": "P60S; F172I", "PA3047": "WT", "PA3168": "T83I", "PA3574": "WT", "PA3721": "G71E; A186T", "PA3999": "WT", "PA4003": "WT", "PA4020": "WT", "PA4109": "R244W", "PA4110": "WT", "PA4266": "aa615InsQL", "PA4418": "WT", "PA4522": "F113L; G148A; D183Y", "PA4600": "WT", "PA4700": "WT", "PA4776": "WT", "PA4777": "Y345H", "PA4964": "S87W; L168Q", "PA4967": "WT", "PA5045": "E245D", "PA5235": "WT", "PA5471": "L88P; D161G; H182Q; V243A; V266M", "PA5485": "WT"}'; 
INSERT INTO metadata_general(isolate_id, isolate_name, project_name, species) VALUES ('98', 'CLM02-046', 'GEMARA', 'Pseudomonas aeruginosa') ON DUPLICATE KEY UPDATE isolate_name = 'CLM02-046', project_name = 'GEMARA', species = 'Pseudomonas aeruginosa'; 
INSERT INTO mic(mic_id, isolate_id, ami, ami_clinical_category, atm_clinical_category, caz, caz_clinical_category, caz_cloxa, cip, cip_clinical_category, col, col_clinical_category, fep, fep_clinical_category, imi, imi_clinical_category, imi_cloxa, mer_clinical_category, pip_tz, pip_tz_clinical_category, tic, tic_clinical_category, tob, tob_clinical_category) VALUES ('98', '98', '16', 'I', 'I', '16', 'R', '+', '0.5', 'S', '2', 'S', '32', 'R', '8', 'I', '+', 'I', '32', 'R', '256', 'R', '2', 'S') ON DUPLICATE KEY UPDATE ami = '16', ami_clinical_category = 'I', atm_clinical_category = 'I', caz = '16', caz_clinical_category = 'R', caz_cloxa = '+', cip = '0.5', cip_clinical_category = 'S', col = '2', col_clinical_category = 'S', fep = '32', fep_clinical_category = 'R', imi = '8', imi_clinical_category = 'I', imi_cloxa = '+', mer_clinical_category = 'I', pip_tz = '32', pip_tz_clinical_category = 'R', tic = '256', tic_clinical_category = 'R', tob = '2', tob_clinical_category = 'S'; 
INSERT INTO sequence_analysis(sequence_analysis_id, isolate_id, clonal_complex, mutational_resistome) VALUES ('98', '98', 'ST882', '{"PA0004": "WT", "PA0424": "WT", "PA0425": "WT", "PA0426": "WT", "PA0427": "WT", "PA0807": "WT", "PA0869": "WT", "PA0958": "WT", "PA1179": "WT", "PA1180": "WT", "PA1777": "WT", "PA1798": "T131P; D348N; H398R", "PA1799": "WT", "PA2018": "T543A; N1036T; Q1039R", "PA2019": "K329Q; L331V; W358R", "PA2020": "WT", "PA2272": "A104P", "PA2491": "D249N", "PA2492": "P60S; F172I", "PA3047": "WT", "PA3168": "WT", "PA3574": "WT", "PA3721": "G71E; S209R", "PA3999": "V29I", "PA4003": "WT", "PA4020": "V124G", "PA4109": "WT", "PA4110": "R79Q; T105A", "PA4266": "WT", "PA4418": "T91A; G243S", "PA4522": "A136V; G148A", "PA4600": "WT", "PA4700": "WT", "PA4776": "L71R", "PA4777": "Y345H", "PA4964": "WT", "PA4967": "WT", "PA5045": "WT", "PA5235": "WT", "PA5471": "L88P; D161G; H182Q; V243A", "PA5485": "WT"}') ON DUPLICATE KEY UPDATE clonal_complex = 'ST882', mutational_resistome = '{"PA0004": "WT", "PA0424": "WT", "PA0425": "WT", "PA0426": "WT", "PA0427": "WT", "PA0807": "WT", "PA0869": "WT", "PA0958": "WT", "PA1179": "WT", "PA1180": "WT", "PA1777": "WT", "PA1798": "T131P; D348N; H398R", "PA1799": "WT", "PA2018": "T543A; N1036T; Q1039R", "PA2019": "K329Q; L331V; W358R", "PA2020": "WT", "PA2272": "A104P", "PA2491": "D249N", "PA2492": "P60S; F172I", "PA3047": "WT", "PA3168": "WT", "PA3574": "WT", "PA3721": "G71E; S209R", "PA3999": "V29I", "PA4003": "WT", "PA4020": "V124G", "PA4109": "WT", "PA4110": "R79Q; T105A", "PA4266": "WT", "PA4418": "T91A; G243S", "PA4522": "A136V; G148A", "PA4600": "WT", "PA4700": "WT", "PA4776": "L71R", "PA4777": "Y345H", "PA4964": "WT", "PA4967": "WT", "PA5045": "WT", "PA5235": "WT", "PA5471": "L88P; D161G; H182Q; V243A", "PA5485": "WT"}'; 
INSERT INTO metadata_general(isolate_id, isolate_name, project_name, species) VALUES ('99', 'CVA01-002', 'GEMARA', 'Pseudomonas aeruginosa') ON DUPLICATE KEY UPDATE isolate_name = 'CVA01-002', project_name = 'GEMARA', species = 'Pseudomonas aeruginosa'; 
INSERT INTO mic(mic_id, isolate_id, ami, ami_clinical_category, atm_clinical_category, caz, caz_clinical_category, caz_cloxa, cip, cip_clinical_category, col, col_clinical_category, fep, fep_clinical_category, imi, imi_clinical_category, imi_cloxa, mer_clinical_category, pip_tz, pip_tz_clinical_category, tic, tic_clinical_category, tob, tob_clinical_category) VALUES ('99', '99', '8', 'S', 'R', '>64', 'R', '+', '2', 'R', '2', 'S', '64', 'R', '8', 'I', '+', 'I', '>256', 'R', '256', 'R', '0.5', 'S') ON DUPLICATE KEY UPDATE ami = '8', ami_clinical_category = 'S', atm_clinical_category = 'R', caz = '>64', caz_clinical_category = 'R', caz_cloxa = '+', cip = '2', cip_clinical_category = 'R', col = '2', col_clinical_category = 'S', fep = '64', fep_clinical_category = 'R', imi = '8', imi_clinical_category = 'I', imi_cloxa = '+', mer_clinical_category = 'I', pip_tz = '>256', pip_tz_clinical_category = 'R', tic = '256', tic_clinical_category = 'R', tob = '0.5', tob_clinical_category = 'S'; 
INSERT INTO sequence_analysis(sequence_analysis_id, isolate_id, clonal_complex, mutational_resistome) VALUES ('99', '99', 'ST500', '{"PA0004": "WT", "PA0424": "WT", "PA0425": "WT", "PA0426": "WT", "PA0427": "WT", "PA0807": "I67T; A219T", "PA0869": "WT", "PA0958": "WT", "PA1179": "WT", "PA1180": "WT", "PA1777": "WT", "PA1798": "Y73C; H398R", "PA1799": "WT", "PA2018": "T543A; Q840E; Q1039R", "PA2019": "K329Q; L331V", "PA2020": "WT", "PA2272": "WT", "PA2491": "D249N", "PA2492": "WT", "PA3047": "A394P", "PA3168": "D87N", "PA3574": "WT", "PA3721": "WT", "PA3999": "WT", "PA4003": "WT", "PA4020": "M297V", "PA4109": "WT", "PA4110": "WT", "PA4266": "WT", "PA4418": "WT", "PA4522": "G148A; S175L", "PA4600": "nt42InsGCAGTC", "PA4700": "K607R; L353Q; S25G", "PA4776": "L71R", "PA4777": "A4T; H311Q; Y345H; A413T", "PA4964": "N633S", "PA4967": "WT", "PA5045": "V643I", "PA5235": "WT", "PA5471": "L88P; D161G; H182Q; V243A", "PA5485": "WT"}') ON DUPLICATE KEY UPDATE clonal_complex = 'ST500', mutational_resistome = '{"PA0004": "WT", "PA0424": "WT", "PA0425": "WT", "PA0426": "WT", "PA0427": "WT", "PA0807": "I67T; A219T", "PA0869": "WT", "PA0958": "WT", "PA1179": "WT", "PA1180": "WT", "PA1777": "WT", "PA1798": "Y73C; H398R", "PA1799": "WT", "PA2018": "T543A; Q840E; Q1039R", "PA2019": "K329Q; L331V", "PA2020": "WT", "PA2272": "WT", "PA2491": "D249N", "PA2492": "WT", "PA3047": "A394P", "PA3168": "D87N", "PA3574": "WT", "PA3721": "WT", "PA3999": "WT", "PA4003": "WT", "PA4020": "M297V", "PA4109": "WT", "PA4110": "WT", "PA4266": "WT", "PA4418": "WT", "PA4522": "G148A; S175L", "PA4600": "nt42InsGCAGTC", "PA4700": "K607R; L353Q; S25G", "PA4776": "L71R", "PA4777": "A4T; H311Q; Y345H; A413T", "PA4964": "N633S", "PA4967": "WT", "PA5045": "V643I", "PA5235": "WT", "PA5471": "L88P; D161G; H182Q; V243A", "PA5485": "WT"}'; 
INSERT INTO metadata_general(isolate_id, isolate_name, project_name, species) VALUES ('100', 'CVA01-006', 'GEMARA', 'Pseudomonas aeruginosa') ON DUPLICATE KEY UPDATE isolate_name = 'CVA01-006', project_name = 'GEMARA', species = 'Pseudomonas aeruginosa'; 
INSERT INTO mic(mic_id, isolate_id, ami, ami_clinical_category, atm_clinical_category, caz, caz_clinical_category, caz_cloxa, cip, cip_clinical_category, col, col_clinical_category, fep, fep_clinical_category, imi, imi_clinical_category, imi_cloxa, mer_clinical_category, pip_tz, pip_tz_clinical_category, tic, tic_clinical_category, tob, tob_clinical_category) VALUES ('100', '100', '8', 'S', 'I', '16', 'R', 'nan', '>16', 'R', '1', 'S', '16', 'R', '>32', 'R', 'nan', 'R', '16', 'S', '>512', 'R', '>32', 'R') ON DUPLICATE KEY UPDATE ami = '8', ami_clinical_category = 'S', atm_clinical_category = 'I', caz = '16', caz_clinical_category = 'R', caz_cloxa = 'nan', cip = '>16', cip_clinical_category = 'R', col = '1', col_clinical_category = 'S', fep = '16', fep_clinical_category = 'R', imi = '>32', imi_clinical_category = 'R', imi_cloxa = 'nan', mer_clinical_category = 'R', pip_tz = '16', pip_tz_clinical_category = 'S', tic = '>512', tic_clinical_category = 'R', tob = '>32', tob_clinical_category = 'R'; 
INSERT INTO sequence_analysis(sequence_analysis_id, isolate_id, clonal_complex, mutational_resistome) VALUES ('100', '100', 'ST175', '{"PA0004": "WT", "PA0424": "WT", "PA0425": "WT", "PA0426": "nt878InsGG", "PA0427": "WT", "PA0807": "A219T", "PA0869": "S250N", "PA0958": "nt55InsGCACT", "PA1179": "WT", "PA1180": "WT", "PA1777": "WT", "PA1798": "H398R", "PA1799": "WT", "PA2018": "T543A", "PA2019": "K329Q; W358R", "PA2020": "G195D", "PA2272": "E37K; A104P", "PA2491": "D249N", "PA2492": "P60S; F172I", "PA3047": "WT", "PA3168": "T83I; D87N", "PA3574": "WT", "PA3721": "G71E; A186T", "PA3999": "WT", "PA4003": "WT", "PA4020": "M297V", "PA4109": "WT", "PA4110": "WT", "PA4266": "WT", "PA4418": "WT", "PA4522": "G148A; D183Y", "PA4600": "WT", "PA4700": "WT", "PA4776": "WT", "PA4777": "Y345H", "PA4964": "S87W; L168Q", "PA4967": "WT", "PA5045": "E245D", "PA5235": "WT", "PA5471": "L88P; D161G; H182Q; V243A; V266M", "PA5485": "WT"}') ON DUPLICATE KEY UPDATE clonal_complex = 'ST175', mutational_resistome = '{"PA0004": "WT", "PA0424": "WT", "PA0425": "WT", "PA0426": "nt878InsGG", "PA0427": "WT", "PA0807": "A219T", "PA0869": "S250N", "PA0958": "nt55InsGCACT", "PA1179": "WT", "PA1180": "WT", "PA1777": "WT", "PA1798": "H398R", "PA1799": "WT", "PA2018": "T543A", "PA2019": "K329Q; W358R", "PA2020": "G195D", "PA2272": "E37K; A104P", "PA2491": "D249N", "PA2492": "P60S; F172I", "PA3047": "WT", "PA3168": "T83I; D87N", "PA3574": "WT", "PA3721": "G71E; A186T", "PA3999": "WT", "PA4003": "WT", "PA4020": "M297V", "PA4109": "WT", "PA4110": "WT", "PA4266": "WT", "PA4418": "WT", "PA4522": "G148A; D183Y", "PA4600": "WT", "PA4700": "WT", "PA4776": "WT", "PA4777": "Y345H", "PA4964": "S87W; L168Q", "PA4967": "WT", "PA5045": "E245D", "PA5235": "WT", "PA5471": "L88P; D161G; H182Q; V243A; V266M", "PA5485": "WT"}'; 
INSERT INTO metadata_general(isolate_id, isolate_name, project_name, species) VALUES ('101', 'CVA01-029', 'GEMARA', 'Pseudomonas aeruginosa') ON DUPLICATE KEY UPDATE isolate_name = 'CVA01-029', project_name = 'GEMARA', species = 'Pseudomonas aeruginosa'; 
INSERT INTO mic(mic_id, isolate_id, ami, ami_clinical_category, atm_clinical_category, caz, caz_clinical_category, caz_cloxa, cip, cip_clinical_category, col, col_clinical_category, fep, fep_clinical_category, imi, imi_clinical_category, imi_cloxa, mer_clinical_category, pip_tz, pip_tz_clinical_category, tic, tic_clinical_category, tob, tob_clinical_category) VALUES ('101', '101', '4', 'S', 'I', '32', 'R', '+', '>16', 'R', '1', 'S', '16', 'R', '16', 'R', '+', 'I', '64', 'R', '128', 'R', '32', 'R') ON DUPLICATE KEY UPDATE ami = '4', ami_clinical_category = 'S', atm_clinical_category = 'I', caz = '32', caz_clinical_category = 'R', caz_cloxa = '+', cip = '>16', cip_clinical_category = 'R', col = '1', col_clinical_category = 'S', fep = '16', fep_clinical_category = 'R', imi = '16', imi_clinical_category = 'R', imi_cloxa = '+', mer_clinical_category = 'I', pip_tz = '64', pip_tz_clinical_category = 'R', tic = '128', tic_clinical_category = 'R', tob = '32', tob_clinical_category = 'R'; 
INSERT INTO sequence_analysis(sequence_analysis_id, isolate_id, clonal_complex, mutational_resistome) VALUES ('101', '101', 'ST175', '{"PA0004": "WT", "PA0424": "WT", "PA0425": "WT", "PA0426": "WT", "PA0427": "WT", "PA0807": "A219T", "PA0869": "S250N", "PA0958": "nt1189InsAG", "PA1179": "WT", "PA1180": "WT", "PA1777": "WT", "PA1798": "H398R", "PA1799": "WT", "PA2018": "T543A", "PA2019": "K329Q", "PA2020": "G195D", "PA2272": "E37K; A104P", "PA2491": "D249N", "PA2492": "P60S; F172I", "PA3047": "G328C", "PA3168": "T83I; D87N", "PA3574": "WT", "PA3721": "G71E; A186T", "PA3999": "WT", "PA4003": "WT", "PA4020": "WT", "PA4109": "WT", "PA4110": "WT", "PA4266": "WT", "PA4418": "WT", "PA4522": "G148A; D183Y", "PA4600": "WT", "PA4700": "WT", "PA4776": "WT", "PA4777": "Y345H", "PA4964": "S87W; L168Q", "PA4967": "WT", "PA5045": "E245D", "PA5235": "L373Q", "PA5471": "L88P; D161G; H182Q; V243A; V266M", "PA5485": "WT"}') ON DUPLICATE KEY UPDATE clonal_complex = 'ST175', mutational_resistome = '{"PA0004": "WT", "PA0424": "WT", "PA0425": "WT", "PA0426": "WT", "PA0427": "WT", "PA0807": "A219T", "PA0869": "S250N", "PA0958": "nt1189InsAG", "PA1179": "WT", "PA1180": "WT", "PA1777": "WT", "PA1798": "H398R", "PA1799": "WT", "PA2018": "T543A", "PA2019": "K329Q", "PA2020": "G195D", "PA2272": "E37K; A104P", "PA2491": "D249N", "PA2492": "P60S; F172I", "PA3047": "G328C", "PA3168": "T83I; D87N", "PA3574": "WT", "PA3721": "G71E; A186T", "PA3999": "WT", "PA4003": "WT", "PA4020": "WT", "PA4109": "WT", "PA4110": "WT", "PA4266": "WT", "PA4418": "WT", "PA4522": "G148A; D183Y", "PA4600": "WT", "PA4700": "WT", "PA4776": "WT", "PA4777": "Y345H", "PA4964": "S87W; L168Q", "PA4967": "WT", "PA5045": "E245D", "PA5235": "L373Q", "PA5471": "L88P; D161G; H182Q; V243A; V266M", "PA5485": "WT"}'; 
INSERT INTO metadata_general(isolate_id, isolate_name, project_name, species) VALUES ('102', 'CVA01-033', 'GEMARA', 'Pseudomonas aeruginosa') ON DUPLICATE KEY UPDATE isolate_name = 'CVA01-033', project_name = 'GEMARA', species = 'Pseudomonas aeruginosa'; 
INSERT INTO mic(mic_id, isolate_id, ami, ami_clinical_category, atm_clinical_category, caz, caz_clinical_category, caz_cloxa, cip, cip_clinical_category, col, col_clinical_category, fep, fep_clinical_category, imi, imi_clinical_category, imi_cloxa, mer_clinical_category, pip_tz, pip_tz_clinical_category, tic, tic_clinical_category, tob, tob_clinical_category) VALUES ('102', '102', '16', 'I', 'I', '16', 'R', '+', '8', 'R', '2', 'S', '16', 'R', '8', 'I', '+', 'R', '128', 'R', '256', 'R', '>32', 'R') ON DUPLICATE KEY UPDATE ami = '16', ami_clinical_category = 'I', atm_clinical_category = 'I', caz = '16', caz_clinical_category = 'R', caz_cloxa = '+', cip = '8', cip_clinical_category = 'R', col = '2', col_clinical_category = 'S', fep = '16', fep_clinical_category = 'R', imi = '8', imi_clinical_category = 'I', imi_cloxa = '+', mer_clinical_category = 'R', pip_tz = '128', pip_tz_clinical_category = 'R', tic = '256', tic_clinical_category = 'R', tob = '>32', tob_clinical_category = 'R'; 
INSERT INTO sequence_analysis(sequence_analysis_id, isolate_id, clonal_complex, mutational_resistome) VALUES ('102', '102', 'ST235', '{"PA0004": "WT", "PA0424": "V126E", "PA0425": "WT", "PA0426": "G957D", "PA0427": "WT", "PA0807": "A208V", "PA0869": "A287S", "PA0958": "nt1286\u03941", "PA1179": "WT", "PA1180": "Y85F", "PA1777": "WT", "PA1798": "A149T; H398R", "PA1799": "L153R; S170N", "PA2018": "T543A", "PA2019": "A30T; W358R", "PA2020": "WT", "PA2272": "A104P", "PA2491": "D249N", "PA2492": "P60S; F172I", "PA3047": "WT", "PA3168": "T83I", "PA3574": "WT", "PA3721": "G71E; S209R", "PA3999": "WT", "PA4003": "WT", "PA4020": "WT", "PA4109": "G283E; M288R", "PA4110": "G27D; T105A; V205L", "PA4266": "WT", "PA4418": "WT", "PA4522": "G148A; nt407InsGGC", "PA4600": "WT", "PA4700": "L353Q", "PA4776": "L71R", "PA4777": "A4T; G68S; Y345H; G362S", "PA4964": "S87L", "PA4967": "D533E", "PA5045": "WT", "PA5235": "WT", "PA5471": "L88P; D161G; H182Q; R204C; V243A", "PA5485": "WT"}') ON DUPLICATE KEY UPDATE clonal_complex = 'ST235', mutational_resistome = '{"PA0004": "WT", "PA0424": "V126E", "PA0425": "WT", "PA0426": "G957D", "PA0427": "WT", "PA0807": "A208V", "PA0869": "A287S", "PA0958": "nt1286\u03941", "PA1179": "WT", "PA1180": "Y85F", "PA1777": "WT", "PA1798": "A149T; H398R", "PA1799": "L153R; S170N", "PA2018": "T543A", "PA2019": "A30T; W358R", "PA2020": "WT", "PA2272": "A104P", "PA2491": "D249N", "PA2492": "P60S; F172I", "PA3047": "WT", "PA3168": "T83I", "PA3574": "WT", "PA3721": "G71E; S209R", "PA3999": "WT", "PA4003": "WT", "PA4020": "WT", "PA4109": "G283E; M288R", "PA4110": "G27D; T105A; V205L", "PA4266": "WT", "PA4418": "WT", "PA4522": "G148A; nt407InsGGC", "PA4600": "WT", "PA4700": "L353Q", "PA4776": "L71R", "PA4777": "A4T; G68S; Y345H; G362S", "PA4964": "S87L", "PA4967": "D533E", "PA5045": "WT", "PA5235": "WT", "PA5471": "L88P; D161G; H182Q; R204C; V243A", "PA5485": "WT"}'; 
INSERT INTO metadata_general(isolate_id, isolate_name, project_name, species) VALUES ('103', 'CVA01-035', 'GEMARA', 'Pseudomonas aeruginosa') ON DUPLICATE KEY UPDATE isolate_name = 'CVA01-035', project_name = 'GEMARA', species = 'Pseudomonas aeruginosa'; 
INSERT INTO mic(mic_id, isolate_id, ami, ami_clinical_category, atm_clinical_category, caz, caz_clinical_category, caz_cloxa, cip, cip_clinical_category, col, col_clinical_category, fep, fep_clinical_category, imi, imi_clinical_category, imi_cloxa, mer_clinical_category, pip_tz, pip_tz_clinical_category, tic, tic_clinical_category, tob, tob_clinical_category) VALUES ('103', '103', '32', 'R', 'I', '16', 'R', 'nan', '8', 'R', '2', 'S', '16', 'R', '8', 'I', '+', 'R', '128', 'R', '256', 'R', '>32', 'R') ON DUPLICATE KEY UPDATE ami = '32', ami_clinical_category = 'R', atm_clinical_category = 'I', caz = '16', caz_clinical_category = 'R', caz_cloxa = 'nan', cip = '8', cip_clinical_category = 'R', col = '2', col_clinical_category = 'S', fep = '16', fep_clinical_category = 'R', imi = '8', imi_clinical_category = 'I', imi_cloxa = '+', mer_clinical_category = 'R', pip_tz = '128', pip_tz_clinical_category = 'R', tic = '256', tic_clinical_category = 'R', tob = '>32', tob_clinical_category = 'R'; 
INSERT INTO sequence_analysis(sequence_analysis_id, isolate_id, clonal_complex, mutational_resistome) VALUES ('103', '103', 'ST235', '{"PA0004": "WT", "PA0424": "V126E", "PA0425": "WT", "PA0426": "G957D", "PA0427": "WT", "PA0807": "A208V", "PA0869": "A287S", "PA0958": "nt1286\u03941", "PA1179": "WT", "PA1180": "Y85F", "PA1777": "WT", "PA1798": "A149T; H398R", "PA1799": "L153R; S170N", "PA2018": "T543A", "PA2019": "A30T; K329Q; L331V; W358R", "PA2020": "WT", "PA2272": "A104P", "PA2491": "D249N", "PA2492": "P60S; F172I", "PA3047": "WT", "PA3168": "T83I", "PA3574": "WT", "PA3721": "G71E; E153Q; S209R", "PA3999": "WT", "PA4003": "WT", "PA4020": "WT", "PA4109": "M288R", "PA4110": "A97V; T105A; V205L; G391A", "PA4266": "WT", "PA4418": "WT", "PA4522": "G148A; nt407InsGGC", "PA4600": "WT", "PA4700": "L353Q; S25G", "PA4776": "L71R", "PA4777": "A4T; G68S; Y345H; G362S", "PA4964": "S87L", "PA4967": "D533E", "PA5045": "WT", "PA5235": "WT", "PA5471": "L88P; D161G; H182Q; R204C; V243A", "PA5485": "WT"}') ON DUPLICATE KEY UPDATE clonal_complex = 'ST235', mutational_resistome = '{"PA0004": "WT", "PA0424": "V126E", "PA0425": "WT", "PA0426": "G957D", "PA0427": "WT", "PA0807": "A208V", "PA0869": "A287S", "PA0958": "nt1286\u03941", "PA1179": "WT", "PA1180": "Y85F", "PA1777": "WT", "PA1798": "A149T; H398R", "PA1799": "L153R; S170N", "PA2018": "T543A", "PA2019": "A30T; K329Q; L331V; W358R", "PA2020": "WT", "PA2272": "A104P", "PA2491": "D249N", "PA2492": "P60S; F172I", "PA3047": "WT", "PA3168": "T83I", "PA3574": "WT", "PA3721": "G71E; E153Q; S209R", "PA3999": "WT", "PA4003": "WT", "PA4020": "WT", "PA4109": "M288R", "PA4110": "A97V; T105A; V205L; G391A", "PA4266": "WT", "PA4418": "WT", "PA4522": "G148A; nt407InsGGC", "PA4600": "WT", "PA4700": "L353Q; S25G", "PA4776": "L71R", "PA4777": "A4T; G68S; Y345H; G362S", "PA4964": "S87L", "PA4967": "D533E", "PA5045": "WT", "PA5235": "WT", "PA5471": "L88P; D161G; H182Q; R204C; V243A", "PA5485": "WT"}'; 
INSERT INTO metadata_general(isolate_id, isolate_name, project_name, species) VALUES ('104', 'CVA02-005', 'GEMARA', 'Pseudomonas aeruginosa') ON DUPLICATE KEY UPDATE isolate_name = 'CVA02-005', project_name = 'GEMARA', species = 'Pseudomonas aeruginosa'; 
INSERT INTO mic(mic_id, isolate_id, ami, ami_clinical_category, atm_clinical_category, caz, caz_clinical_category, caz_cloxa, cip, cip_clinical_category, col, col_clinical_category, fep, fep_clinical_category, imi, imi_clinical_category, imi_cloxa, mer_clinical_category, pip_tz, pip_tz_clinical_category, tic, tic_clinical_category, tob, tob_clinical_category) VALUES ('104', '104', '32', 'R', 'R', '64', 'R', 'nan', '>16', 'R', '2', 'S', '32', 'R', '>32', 'R', 'nan', 'R', '128', 'R', '>512', 'R', '>32', 'R') ON DUPLICATE KEY UPDATE ami = '32', ami_clinical_category = 'R', atm_clinical_category = 'R', caz = '64', caz_clinical_category = 'R', caz_cloxa = 'nan', cip = '>16', cip_clinical_category = 'R', col = '2', col_clinical_category = 'S', fep = '32', fep_clinical_category = 'R', imi = '>32', imi_clinical_category = 'R', imi_cloxa = 'nan', mer_clinical_category = 'R', pip_tz = '128', pip_tz_clinical_category = 'R', tic = '>512', tic_clinical_category = 'R', tob = '>32', tob_clinical_category = 'R'; 
INSERT INTO sequence_analysis(sequence_analysis_id, isolate_id, clonal_complex, mutational_resistome) VALUES ('104', '104', 'ST175', '{"PA0004": "WT", "PA0424": "WT", "PA0425": "WT", "PA0426": "WT", "PA0427": "WT", "PA0807": "A219T", "PA0869": "S250N", "PA0958": "nt55InsGCACT", "PA1179": "WT", "PA1180": "WT", "PA1777": "WT", "PA1798": "H398R", "PA1799": "WT", "PA2018": "T543A", "PA2019": "K329Q; W358R", "PA2020": "G195D", "PA2272": "E37K; A104P", "PA2491": "D249N", "PA2492": "P60S; F172I", "PA3047": "WT", "PA3168": "T83I; D87N", "PA3574": "WT", "PA3721": "G71E; A186T", "PA3999": "WT", "PA4003": "WT", "PA4020": "WT", "PA4109": "WT", "PA4110": "WT", "PA4266": "WT", "PA4418": "WT", "PA4522": "V10G; G148A; D183Y", "PA4600": "WT", "PA4700": "WT", "PA4776": "WT", "PA4777": "Y345H", "PA4964": "S87W; L168Q", "PA4967": "WT", "PA5045": "E245D", "PA5235": "WT", "PA5471": "L88P; D161G; H182Q; V243A; V266M", "PA5485": "WT"}') ON DUPLICATE KEY UPDATE clonal_complex = 'ST175', mutational_resistome = '{"PA0004": "WT", "PA0424": "WT", "PA0425": "WT", "PA0426": "WT", "PA0427": "WT", "PA0807": "A219T", "PA0869": "S250N", "PA0958": "nt55InsGCACT", "PA1179": "WT", "PA1180": "WT", "PA1777": "WT", "PA1798": "H398R", "PA1799": "WT", "PA2018": "T543A", "PA2019": "K329Q; W358R", "PA2020": "G195D", "PA2272": "E37K; A104P", "PA2491": "D249N", "PA2492": "P60S; F172I", "PA3047": "WT", "PA3168": "T83I; D87N", "PA3574": "WT", "PA3721": "G71E; A186T", "PA3999": "WT", "PA4003": "WT", "PA4020": "WT", "PA4109": "WT", "PA4110": "WT", "PA4266": "WT", "PA4418": "WT", "PA4522": "V10G; G148A; D183Y", "PA4600": "WT", "PA4700": "WT", "PA4776": "WT", "PA4777": "Y345H", "PA4964": "S87W; L168Q", "PA4967": "WT", "PA5045": "E245D", "PA5235": "WT", "PA5471": "L88P; D161G; H182Q; V243A; V266M", "PA5485": "WT"}'; 
INSERT INTO metadata_general(isolate_id, isolate_name, project_name, species) VALUES ('105', 'CVA02-017', 'GEMARA', 'Pseudomonas aeruginosa') ON DUPLICATE KEY UPDATE isolate_name = 'CVA02-017', project_name = 'GEMARA', species = 'Pseudomonas aeruginosa'; 
INSERT INTO mic(mic_id, isolate_id, ami, ami_clinical_category, atm_clinical_category, caz, caz_clinical_category, caz_cloxa, cip, cip_clinical_category, col, col_clinical_category, fep, fep_clinical_category, imi, imi_clinical_category, imi_cloxa, mer_clinical_category, pip_tz, pip_tz_clinical_category, tic, tic_clinical_category, tob, tob_clinical_category) VALUES ('105', '105', '8', 'S', 'R', '64', 'R', '+', '8', 'R', '4', 'R', '32', 'R', '8', 'I', '+', 'R', '>256', 'R', '256', 'R', '1', 'S') ON DUPLICATE KEY UPDATE ami = '8', ami_clinical_category = 'S', atm_clinical_category = 'R', caz = '64', caz_clinical_category = 'R', caz_cloxa = '+', cip = '8', cip_clinical_category = 'R', col = '4', col_clinical_category = 'R', fep = '32', fep_clinical_category = 'R', imi = '8', imi_clinical_category = 'I', imi_cloxa = '+', mer_clinical_category = 'R', pip_tz = '>256', pip_tz_clinical_category = 'R', tic = '256', tic_clinical_category = 'R', tob = '1', tob_clinical_category = 'S'; 
INSERT INTO sequence_analysis(sequence_analysis_id, isolate_id, clonal_complex, mutational_resistome) VALUES ('105', '105', 'ST235*', '{"PA0004": "WT", "PA0424": "V126E", "PA0425": "WT", "PA0426": "G957D", "PA0427": "WT", "PA0807": "A208V", "PA0869": "A287S", "PA0958": "WT", "PA1179": "WT", "PA1180": "Y85F", "PA1777": "WT", "PA1798": "H398R", "PA1799": "L153R; S170N", "PA2018": "T543A", "PA2019": "A30T; K329Q; L331V; W358R", "PA2020": "nt47\u039413", "PA2272": "A104P; V466I", "PA2491": "D249N", "PA2492": "P60S; F172I", "PA3047": "WT", "PA3168": "T83I", "PA3574": "WT", "PA3721": "G71E; E153Q; S209R", "PA3999": "WT", "PA4003": "WT", "PA4020": "WT", "PA4109": "G283E; M288R", "PA4110": "G27D; A97V; T105A; V205L; G391A", "PA4266": "WT", "PA4418": "WT", "PA4522": "D167E; G148A", "PA4600": "WT", "PA4700": "L353Q; S25G", "PA4776": "L71R", "PA4777": "A4T; G52S; G68S; Y345H; G362S", "PA4964": "WT", "PA4967": "D533E", "PA5045": "WT", "PA5235": "G396S", "PA5471": "L88P; D161G; H182Q; R204C; V243A", "PA5485": "WT"}') ON DUPLICATE KEY UPDATE clonal_complex = 'ST235*', mutational_resistome = '{"PA0004": "WT", "PA0424": "V126E", "PA0425": "WT", "PA0426": "G957D", "PA0427": "WT", "PA0807": "A208V", "PA0869": "A287S", "PA0958": "WT", "PA1179": "WT", "PA1180": "Y85F", "PA1777": "WT", "PA1798": "H398R", "PA1799": "L153R; S170N", "PA2018": "T543A", "PA2019": "A30T; K329Q; L331V; W358R", "PA2020": "nt47\u039413", "PA2272": "A104P; V466I", "PA2491": "D249N", "PA2492": "P60S; F172I", "PA3047": "WT", "PA3168": "T83I", "PA3574": "WT", "PA3721": "G71E; E153Q; S209R", "PA3999": "WT", "PA4003": "WT", "PA4020": "WT", "PA4109": "G283E; M288R", "PA4110": "G27D; A97V; T105A; V205L; G391A", "PA4266": "WT", "PA4418": "WT", "PA4522": "D167E; G148A", "PA4600": "WT", "PA4700": "L353Q; S25G", "PA4776": "L71R", "PA4777": "A4T; G52S; G68S; Y345H; G362S", "PA4964": "WT", "PA4967": "D533E", "PA5045": "WT", "PA5235": "G396S", "PA5471": "L88P; D161G; H182Q; R204C; V243A", "PA5485": "WT"}'; 
INSERT INTO metadata_general(isolate_id, isolate_name, project_name, species) VALUES ('106', 'CVA02-018', 'GEMARA', 'Pseudomonas aeruginosa') ON DUPLICATE KEY UPDATE isolate_name = 'CVA02-018', project_name = 'GEMARA', species = 'Pseudomonas aeruginosa'; 
INSERT INTO mic(mic_id, isolate_id, ami, ami_clinical_category, atm_clinical_category, caz, caz_clinical_category, caz_cloxa, cip, cip_clinical_category, col, col_clinical_category, fep, fep_clinical_category, imi, imi_clinical_category, imi_cloxa, mer_clinical_category, pip_tz, pip_tz_clinical_category, tic, tic_clinical_category, tob, tob_clinical_category) VALUES ('106', '106', '4', 'S', 'R', '16', 'R', '+', '2', 'R', '2', 'S', '8', 'S', '16', 'R', '+', 'R', '32', 'R', '128', 'R', '0.5', 'S') ON DUPLICATE KEY UPDATE ami = '4', ami_clinical_category = 'S', atm_clinical_category = 'R', caz = '16', caz_clinical_category = 'R', caz_cloxa = '+', cip = '2', cip_clinical_category = 'R', col = '2', col_clinical_category = 'S', fep = '8', fep_clinical_category = 'S', imi = '16', imi_clinical_category = 'R', imi_cloxa = '+', mer_clinical_category = 'R', pip_tz = '32', pip_tz_clinical_category = 'R', tic = '128', tic_clinical_category = 'R', tob = '0.5', tob_clinical_category = 'S'; 
INSERT INTO sequence_analysis(sequence_analysis_id, isolate_id, clonal_complex, mutational_resistome) VALUES ('106', '106', 'ST274', '{"PA0004": "H148N; aa467\u03942", "PA0424": "R63H", "PA0425": "WT", "PA0426": "WT", "PA0427": "WT", "PA0807": "WT", "PA0869": "S250N", "PA0958": "nt311InsCG", "PA1179": "WT", "PA1180": "WT", "PA1777": "WT", "PA1798": "A82T; H398R", "PA1799": "WT", "PA2018": "T543A; Q840E", "PA2019": "K329Q; L331V; D346H; W358R", "PA2020": "WT", "PA2272": "A104P", "PA2491": "D249N", "PA2492": "P60S; F172I", "PA3047": "A394P", "PA3168": "T686A", "PA3574": "L72P; D187H", "PA3721": "G71E; S209R", "PA3999": "WT", "PA4003": "WT", "PA4020": "M297V", "PA4109": "WT", "PA4110": "T21A; T105A; G391A", "PA4266": "WT", "PA4418": "WT", "PA4522": "R11L; G148A; D183Y", "PA4600": "WT", "PA4700": "S25G", "PA4776": "L71R", "PA4777": "Y345H", "PA4964": "WT", "PA4967": "WT", "PA5045": "D616V", "PA5235": "WT", "PA5471": "L88P; D119E", "PA5485": "WT"}') ON DUPLICATE KEY UPDATE clonal_complex = 'ST274', mutational_resistome = '{"PA0004": "H148N; aa467\u03942", "PA0424": "R63H", "PA0425": "WT", "PA0426": "WT", "PA0427": "WT", "PA0807": "WT", "PA0869": "S250N", "PA0958": "nt311InsCG", "PA1179": "WT", "PA1180": "WT", "PA1777": "WT", "PA1798": "A82T; H398R", "PA1799": "WT", "PA2018": "T543A; Q840E", "PA2019": "K329Q; L331V; D346H; W358R", "PA2020": "WT", "PA2272": "A104P", "PA2491": "D249N", "PA2492": "P60S; F172I", "PA3047": "A394P", "PA3168": "T686A", "PA3574": "L72P; D187H", "PA3721": "G71E; S209R", "PA3999": "WT", "PA4003": "WT", "PA4020": "M297V", "PA4109": "WT", "PA4110": "T21A; T105A; G391A", "PA4266": "WT", "PA4418": "WT", "PA4522": "R11L; G148A; D183Y", "PA4600": "WT", "PA4700": "S25G", "PA4776": "L71R", "PA4777": "Y345H", "PA4964": "WT", "PA4967": "WT", "PA5045": "D616V", "PA5235": "WT", "PA5471": "L88P; D119E", "PA5485": "WT"}'; 
INSERT INTO metadata_general(isolate_id, isolate_name, project_name, species) VALUES ('107', 'CVA02-019', 'GEMARA', 'Pseudomonas aeruginosa') ON DUPLICATE KEY UPDATE isolate_name = 'CVA02-019', project_name = 'GEMARA', species = 'Pseudomonas aeruginosa'; 
INSERT INTO mic(mic_id, isolate_id, ami, ami_clinical_category, atm_clinical_category, caz, caz_clinical_category, caz_cloxa, cip, cip_clinical_category, col, col_clinical_category, fep, fep_clinical_category, imi, imi_clinical_category, imi_cloxa, mer_clinical_category, pip_tz, pip_tz_clinical_category, tic, tic_clinical_category, tob, tob_clinical_category) VALUES ('107', '107', '32', 'R', 'R', '>64', 'R', '+', '16', 'R', '2', 'S', '64', 'R', '16', 'R', '+', 'I', '>256', 'R', '512', 'R', '4', 'S') ON DUPLICATE KEY UPDATE ami = '32', ami_clinical_category = 'R', atm_clinical_category = 'R', caz = '>64', caz_clinical_category = 'R', caz_cloxa = '+', cip = '16', cip_clinical_category = 'R', col = '2', col_clinical_category = 'S', fep = '64', fep_clinical_category = 'R', imi = '16', imi_clinical_category = 'R', imi_cloxa = '+', mer_clinical_category = 'I', pip_tz = '>256', pip_tz_clinical_category = 'R', tic = '512', tic_clinical_category = 'R', tob = '4', tob_clinical_category = 'S'; 
INSERT INTO sequence_analysis(sequence_analysis_id, isolate_id, clonal_complex, mutational_resistome) VALUES ('107', '107', 'ST235', '{"PA0004": "WT", "PA0424": "V126E", "PA0425": "WT", "PA0426": "G957D; nt2806\u03942", "PA0427": "WT", "PA0807": "A208V", "PA0869": "A287S", "PA0958": "Q340X", "PA1179": "WT", "PA1180": "Y85F", "PA1777": "WT", "PA1798": "A149T; H398R", "PA1799": "L153R; S170N", "PA2018": "T543A", "PA2019": "A30T; K329Q; L331V; W358R", "PA2020": "nt604\u03941", "PA2272": "A104P; V466I", "PA2491": "D249N", "PA2492": "P60S; F172I", "PA3047": "WT", "PA3168": "T83I", "PA3574": "WT", "PA3721": "G71E; E153Q; S209R", "PA3999": "WT", "PA4003": "WT", "PA4020": "WT", "PA4109": "G283E; M288R", "PA4110": "G27D; A97V; T105A; V205L; G391A", "PA4266": "WT", "PA4418": "WT", "PA4522": "Q51X; G148A", "PA4600": "WT", "PA4700": "L353Q; S25G", "PA4776": "L71R", "PA4777": "S2P; A4T; G68S; Y345H; G362S", "PA4964": "S87L", "PA4967": "D533E", "PA5045": "WT", "PA5235": "WT", "PA5471": "L88P; D161G; H182Q; R204C; V243A", "PA5485": "WT"}') ON DUPLICATE KEY UPDATE clonal_complex = 'ST235', mutational_resistome = '{"PA0004": "WT", "PA0424": "V126E", "PA0425": "WT", "PA0426": "G957D; nt2806\u03942", "PA0427": "WT", "PA0807": "A208V", "PA0869": "A287S", "PA0958": "Q340X", "PA1179": "WT", "PA1180": "Y85F", "PA1777": "WT", "PA1798": "A149T; H398R", "PA1799": "L153R; S170N", "PA2018": "T543A", "PA2019": "A30T; K329Q; L331V; W358R", "PA2020": "nt604\u03941", "PA2272": "A104P; V466I", "PA2491": "D249N", "PA2492": "P60S; F172I", "PA3047": "WT", "PA3168": "T83I", "PA3574": "WT", "PA3721": "G71E; E153Q; S209R", "PA3999": "WT", "PA4003": "WT", "PA4020": "WT", "PA4109": "G283E; M288R", "PA4110": "G27D; A97V; T105A; V205L; G391A", "PA4266": "WT", "PA4418": "WT", "PA4522": "Q51X; G148A", "PA4600": "WT", "PA4700": "L353Q; S25G", "PA4776": "L71R", "PA4777": "S2P; A4T; G68S; Y345H; G362S", "PA4964": "S87L", "PA4967": "D533E", "PA5045": "WT", "PA5235": "WT", "PA5471": "L88P; D161G; H182Q; R204C; V243A", "PA5485": "WT"}'; 
INSERT INTO metadata_general(isolate_id, isolate_name, project_name, species) VALUES ('108', 'CVA02-020', 'GEMARA', 'Pseudomonas aeruginosa') ON DUPLICATE KEY UPDATE isolate_name = 'CVA02-020', project_name = 'GEMARA', species = 'Pseudomonas aeruginosa'; 
INSERT INTO mic(mic_id, isolate_id, ami, ami_clinical_category, atm_clinical_category, caz, caz_clinical_category, caz_cloxa, cip, cip_clinical_category, col, col_clinical_category, fep, fep_clinical_category, imi, imi_clinical_category, imi_cloxa, mer_clinical_category, pip_tz, pip_tz_clinical_category, tic, tic_clinical_category, tob, tob_clinical_category) VALUES ('108', '108', '4', 'S', 'R', '>64', 'R', '+', '>16', 'R', '2', 'S', '32', 'R', '2', 'S', 'nan', 'R', '16', 'S', '>512', 'R', '32', 'R') ON DUPLICATE KEY UPDATE ami = '4', ami_clinical_category = 'S', atm_clinical_category = 'R', caz = '>64', caz_clinical_category = 'R', caz_cloxa = '+', cip = '>16', cip_clinical_category = 'R', col = '2', col_clinical_category = 'S', fep = '32', fep_clinical_category = 'R', imi = '2', imi_clinical_category = 'S', imi_cloxa = 'nan', mer_clinical_category = 'R', pip_tz = '16', pip_tz_clinical_category = 'S', tic = '>512', tic_clinical_category = 'R', tob = '32', tob_clinical_category = 'R'; 
INSERT INTO sequence_analysis(sequence_analysis_id, isolate_id, clonal_complex, mutational_resistome) VALUES ('108', '108', 'ST308', '{"PA0004": "E468D", "PA0424": "V126E", "PA0425": "WT", "PA0426": "G957D", "PA0427": "WT", "PA0807": "WT", "PA0869": "A287S", "PA0958": "nt635\u03941", "PA1179": "WT", "PA1180": "WT", "PA1777": "WT", "PA1798": "L137P; V216A; H398R", "PA1799": "L153R; S170N; nt618InsA", "PA2018": "I536V; T543A; G589A; Q840E; N1036T", "PA2019": "A30T; K329Q; L331V; W358R", "PA2020": "G89S; nt483InsTAT", "PA2272": "A104P", "PA2491": "V73A; D249N", "PA2492": "F172I", "PA3047": "G437D", "PA3168": "T83I", "PA3574": "WT", "PA3721": "G71E; D79E; S209R", "PA3999": "WT", "PA4003": "WT", "PA4020": "WT", "PA4109": "G283E; M288R", "PA4110": "G27D; T96I; T105A; V205L; V356I; G391A", "PA4266": "WT", "PA4418": "V471G", "PA4522": "A96T", "PA4600": "WT", "PA4700": "L353Q; S25G", "PA4776": "WT", "PA4777": "A4T; V15I; G68S; Y345H", "PA4964": "S87L; P752T", "PA4967": "P438S; D533E", "PA5045": "D73N", "PA5235": "nt210\u03946", "PA5471": "C40R; L88P; S112N; D119E; I237V; V243A", "PA5485": "V40I"}') ON DUPLICATE KEY UPDATE clonal_complex = 'ST308', mutational_resistome = '{"PA0004": "E468D", "PA0424": "V126E", "PA0425": "WT", "PA0426": "G957D", "PA0427": "WT", "PA0807": "WT", "PA0869": "A287S", "PA0958": "nt635\u03941", "PA1179": "WT", "PA1180": "WT", "PA1777": "WT", "PA1798": "L137P; V216A; H398R", "PA1799": "L153R; S170N; nt618InsA", "PA2018": "I536V; T543A; G589A; Q840E; N1036T", "PA2019": "A30T; K329Q; L331V; W358R", "PA2020": "G89S; nt483InsTAT", "PA2272": "A104P", "PA2491": "V73A; D249N", "PA2492": "F172I", "PA3047": "G437D", "PA3168": "T83I", "PA3574": "WT", "PA3721": "G71E; D79E; S209R", "PA3999": "WT", "PA4003": "WT", "PA4020": "WT", "PA4109": "G283E; M288R", "PA4110": "G27D; T96I; T105A; V205L; V356I; G391A", "PA4266": "WT", "PA4418": "V471G", "PA4522": "A96T", "PA4600": "WT", "PA4700": "L353Q; S25G", "PA4776": "WT", "PA4777": "A4T; V15I; G68S; Y345H", "PA4964": "S87L; P752T", "PA4967": "P438S; D533E", "PA5045": "D73N", "PA5235": "nt210\u03946", "PA5471": "C40R; L88P; S112N; D119E; I237V; V243A", "PA5485": "V40I"}'; 
INSERT INTO metadata_general(isolate_id, isolate_name, project_name, species) VALUES ('109', 'CVA02-023', 'GEMARA', 'Pseudomonas aeruginosa') ON DUPLICATE KEY UPDATE isolate_name = 'CVA02-023', project_name = 'GEMARA', species = 'Pseudomonas aeruginosa'; 
INSERT INTO mic(mic_id, isolate_id, ami, ami_clinical_category, atm_clinical_category, caz, caz_clinical_category, caz_cloxa, cip, cip_clinical_category, col, col_clinical_category, fep, fep_clinical_category, imi, imi_clinical_category, imi_cloxa, mer_clinical_category, pip_tz, pip_tz_clinical_category, tic, tic_clinical_category, tob, tob_clinical_category) VALUES ('109', '109', '<=2', 'S', 'I', '64', 'R', 'nan', '16', 'R', '1', 'S', '16', 'R', '32', 'R', 'nan', 'R', '64', 'R', '>512', 'R', '4', 'S') ON DUPLICATE KEY UPDATE ami = '<=2', ami_clinical_category = 'S', atm_clinical_category = 'I', caz = '64', caz_clinical_category = 'R', caz_cloxa = 'nan', cip = '16', cip_clinical_category = 'R', col = '1', col_clinical_category = 'S', fep = '16', fep_clinical_category = 'R', imi = '32', imi_clinical_category = 'R', imi_cloxa = 'nan', mer_clinical_category = 'R', pip_tz = '64', pip_tz_clinical_category = 'R', tic = '>512', tic_clinical_category = 'R', tob = '4', tob_clinical_category = 'S'; 
INSERT INTO sequence_analysis(sequence_analysis_id, isolate_id, clonal_complex, mutational_resistome) VALUES ('109', '109', 'ST175', '{"PA0004": "WT", "PA0424": "WT", "PA0425": "WT", "PA0426": "WT", "PA0427": "WT", "PA0807": "A219T", "PA0869": "S250N", "PA0958": "nt55InsGCACT", "PA1179": "WT", "PA1180": "WT", "PA1777": "WT", "PA1798": "H398R", "PA1799": "WT", "PA2018": "WT", "PA2019": "WT", "PA2020": "G195D", "PA2272": "E37K; A104P", "PA2491": "D249N", "PA2492": "P60S; F172I", "PA3047": "WT", "PA3168": "T83I; D87N", "PA3574": "WT", "PA3721": "G71E; A186T", "PA3999": "WT", "PA4003": "WT", "PA4020": "WT", "PA4109": "WT", "PA4110": "WT", "PA4266": "WT", "PA4418": "WT", "PA4522": "V10G; G148A; D183Y", "PA4600": "WT", "PA4700": "WT", "PA4776": "WT", "PA4777": "E320K; Y345H", "PA4964": "S87W; L168Q", "PA4967": "WT", "PA5045": "E245D", "PA5235": "G99D", "PA5471": "L88P; D161G; H182Q; V243A; V266M", "PA5485": "WT"}') ON DUPLICATE KEY UPDATE clonal_complex = 'ST175', mutational_resistome = '{"PA0004": "WT", "PA0424": "WT", "PA0425": "WT", "PA0426": "WT", "PA0427": "WT", "PA0807": "A219T", "PA0869": "S250N", "PA0958": "nt55InsGCACT", "PA1179": "WT", "PA1180": "WT", "PA1777": "WT", "PA1798": "H398R", "PA1799": "WT", "PA2018": "WT", "PA2019": "WT", "PA2020": "G195D", "PA2272": "E37K; A104P", "PA2491": "D249N", "PA2492": "P60S; F172I", "PA3047": "WT", "PA3168": "T83I; D87N", "PA3574": "WT", "PA3721": "G71E; A186T", "PA3999": "WT", "PA4003": "WT", "PA4020": "WT", "PA4109": "WT", "PA4110": "WT", "PA4266": "WT", "PA4418": "WT", "PA4522": "V10G; G148A; D183Y", "PA4600": "WT", "PA4700": "WT", "PA4776": "WT", "PA4777": "E320K; Y345H", "PA4964": "S87W; L168Q", "PA4967": "WT", "PA5045": "E245D", "PA5235": "G99D", "PA5471": "L88P; D161G; H182Q; V243A; V266M", "PA5485": "WT"}'; 
INSERT INTO metadata_general(isolate_id, isolate_name, project_name, species) VALUES ('110', 'CVA03-004', 'GEMARA', 'Pseudomonas aeruginosa') ON DUPLICATE KEY UPDATE isolate_name = 'CVA03-004', project_name = 'GEMARA', species = 'Pseudomonas aeruginosa'; 
INSERT INTO mic(mic_id, isolate_id, ami, ami_clinical_category, atm_clinical_category, caz, caz_clinical_category, caz_cloxa, cip, cip_clinical_category, col, col_clinical_category, fep, fep_clinical_category, imi, imi_clinical_category, imi_cloxa, mer_clinical_category, pip_tz, pip_tz_clinical_category, tic, tic_clinical_category, tob, tob_clinical_category) VALUES ('110', '110', '4', 'S', 'R', '64', 'R', '+', '>16', 'R', '2', 'S', '32', 'R', '16', 'R', '+', 'R', '256', 'R', '256', 'R', '0.5', 'S') ON DUPLICATE KEY UPDATE ami = '4', ami_clinical_category = 'S', atm_clinical_category = 'R', caz = '64', caz_clinical_category = 'R', caz_cloxa = '+', cip = '>16', cip_clinical_category = 'R', col = '2', col_clinical_category = 'S', fep = '32', fep_clinical_category = 'R', imi = '16', imi_clinical_category = 'R', imi_cloxa = '+', mer_clinical_category = 'R', pip_tz = '256', pip_tz_clinical_category = 'R', tic = '256', tic_clinical_category = 'R', tob = '0.5', tob_clinical_category = 'S'; 
INSERT INTO sequence_analysis(sequence_analysis_id, isolate_id, clonal_complex, mutational_resistome) VALUES ('110', '110', 'ST244', '{"PA0004": "WT", "PA0424": "WT", "PA0425": "WT", "PA0426": "WT", "PA0427": "WT", "PA0807": "A219T", "PA0869": "S250N", "PA0958": "Q402H", "PA1179": "WT", "PA1180": "WT", "PA1777": "WT", "PA1798": "H398R", "PA1799": "WT", "PA2018": "T543A; Q840E", "PA2019": "K329Q; L331V; W358R", "PA2020": "nt319\u039416", "PA2272": "A104P", "PA2491": "A75V; V241M; D249N", "PA2492": "P60S; D96A; F172I", "PA3047": "T27S; S150G", "PA3168": "T83I; V671I; G860S", "PA3574": "nt232\u039419; G78R", "PA3721": "WT", "PA3999": "WT", "PA4003": "WT", "PA4020": "A303V; M297V", "PA4109": "WT", "PA4110": "WT", "PA4266": "WT", "PA4418": "WT", "PA4522": "R11L; L40Q; G148A; D183Y", "PA4600": "WT", "PA4700": "S96N", "PA4776": "L71R", "PA4777": "WT", "PA4964": "S87L", "PA4967": "WT", "PA5045": "WT", "PA5235": "A121T; nt832\u03941", "PA5471": "L88P; G157D; D161G; H182Q; V243A", "PA5485": "WT"}') ON DUPLICATE KEY UPDATE clonal_complex = 'ST244', mutational_resistome = '{"PA0004": "WT", "PA0424": "WT", "PA0425": "WT", "PA0426": "WT", "PA0427": "WT", "PA0807": "A219T", "PA0869": "S250N", "PA0958": "Q402H", "PA1179": "WT", "PA1180": "WT", "PA1777": "WT", "PA1798": "H398R", "PA1799": "WT", "PA2018": "T543A; Q840E", "PA2019": "K329Q; L331V; W358R", "PA2020": "nt319\u039416", "PA2272": "A104P", "PA2491": "A75V; V241M; D249N", "PA2492": "P60S; D96A; F172I", "PA3047": "T27S; S150G", "PA3168": "T83I; V671I; G860S", "PA3574": "nt232\u039419; G78R", "PA3721": "WT", "PA3999": "WT", "PA4003": "WT", "PA4020": "A303V; M297V", "PA4109": "WT", "PA4110": "WT", "PA4266": "WT", "PA4418": "WT", "PA4522": "R11L; L40Q; G148A; D183Y", "PA4600": "WT", "PA4700": "S96N", "PA4776": "L71R", "PA4777": "WT", "PA4964": "S87L", "PA4967": "WT", "PA5045": "WT", "PA5235": "A121T; nt832\u03941", "PA5471": "L88P; G157D; D161G; H182Q; V243A", "PA5485": "WT"}'; 
INSERT INTO metadata_general(isolate_id, isolate_name, project_name, species) VALUES ('111', 'CVA03-019', 'GEMARA', 'Pseudomonas aeruginosa') ON DUPLICATE KEY UPDATE isolate_name = 'CVA03-019', project_name = 'GEMARA', species = 'Pseudomonas aeruginosa'; 
INSERT INTO mic(mic_id, isolate_id, ami, ami_clinical_category, atm_clinical_category, caz, caz_clinical_category, caz_cloxa, cip, cip_clinical_category, col, col_clinical_category, fep, fep_clinical_category, imi, imi_clinical_category, imi_cloxa, mer_clinical_category, pip_tz, pip_tz_clinical_category, tic, tic_clinical_category, tob, tob_clinical_category) VALUES ('111', '111', '16', 'I', 'R', '64', 'R', 'nan', '>16', 'R', '1', 'S', '32', 'R', '>32', 'R', 'nan', 'R', '256', 'R', '>512', 'R', '>32', 'R') ON DUPLICATE KEY UPDATE ami = '16', ami_clinical_category = 'I', atm_clinical_category = 'R', caz = '64', caz_clinical_category = 'R', caz_cloxa = 'nan', cip = '>16', cip_clinical_category = 'R', col = '1', col_clinical_category = 'S', fep = '32', fep_clinical_category = 'R', imi = '>32', imi_clinical_category = 'R', imi_cloxa = 'nan', mer_clinical_category = 'R', pip_tz = '256', pip_tz_clinical_category = 'R', tic = '>512', tic_clinical_category = 'R', tob = '>32', tob_clinical_category = 'R'; 
INSERT INTO sequence_analysis(sequence_analysis_id, isolate_id, clonal_complex, mutational_resistome) VALUES ('111', '111', 'ST175', '{"PA0004": "WT", "PA0424": "WT", "PA0425": "WT", "PA0426": "WT", "PA0427": "WT", "PA0807": "A219T", "PA0869": "S250N", "PA0958": "nt55InsGCACT", "PA1179": "WT", "PA1180": "WT", "PA1777": "WT", "PA1798": "H398R", "PA1799": "WT", "PA2018": "T543A", "PA2019": "K329Q; W358R", "PA2020": "G195D", "PA2272": "E37K; A104P", "PA2491": "D249N", "PA2492": "P60S; F172I", "PA3047": "G117V", "PA3168": "T83I; D87N", "PA3574": "WT", "PA3721": "G71E; A186T", "PA3999": "WT", "PA4003": "WT", "PA4020": "WT", "PA4109": "F87L", "PA4110": "WT", "PA4266": "WT", "PA4418": "WT", "PA4522": "G148A; D183Y", "PA4600": "WT", "PA4700": "WT", "PA4776": "WT", "PA4777": "Y345H", "PA4964": "S87W; L168Q", "PA4967": "WT", "PA5045": "E245D", "PA5235": "nt210\u03946", "PA5471": "L88P; D161G; H182Q; V243A; V266M", "PA5485": "WT"}') ON DUPLICATE KEY UPDATE clonal_complex = 'ST175', mutational_resistome = '{"PA0004": "WT", "PA0424": "WT", "PA0425": "WT", "PA0426": "WT", "PA0427": "WT", "PA0807": "A219T", "PA0869": "S250N", "PA0958": "nt55InsGCACT", "PA1179": "WT", "PA1180": "WT", "PA1777": "WT", "PA1798": "H398R", "PA1799": "WT", "PA2018": "T543A", "PA2019": "K329Q; W358R", "PA2020": "G195D", "PA2272": "E37K; A104P", "PA2491": "D249N", "PA2492": "P60S; F172I", "PA3047": "G117V", "PA3168": "T83I; D87N", "PA3574": "WT", "PA3721": "G71E; A186T", "PA3999": "WT", "PA4003": "WT", "PA4020": "WT", "PA4109": "F87L", "PA4110": "WT", "PA4266": "WT", "PA4418": "WT", "PA4522": "G148A; D183Y", "PA4600": "WT", "PA4700": "WT", "PA4776": "WT", "PA4777": "Y345H", "PA4964": "S87W; L168Q", "PA4967": "WT", "PA5045": "E245D", "PA5235": "nt210\u03946", "PA5471": "L88P; D161G; H182Q; V243A; V266M", "PA5485": "WT"}'; 
INSERT INTO metadata_general(isolate_id, isolate_name, project_name, species) VALUES ('112', 'CVA03-024', 'GEMARA', 'Pseudomonas aeruginosa') ON DUPLICATE KEY UPDATE isolate_name = 'CVA03-024', project_name = 'GEMARA', species = 'Pseudomonas aeruginosa'; 
INSERT INTO mic(mic_id, isolate_id, ami, ami_clinical_category, atm_clinical_category, caz, caz_clinical_category, caz_cloxa, cip, cip_clinical_category, col, col_clinical_category, fep, fep_clinical_category, imi, imi_clinical_category, imi_cloxa, mer_clinical_category, pip_tz, pip_tz_clinical_category, tic, tic_clinical_category, tob, tob_clinical_category) VALUES ('112', '112', '16', 'I', 'R', '>64', 'R', 'nan', '>16', 'R', '1', 'S', '32', 'R', '>32', 'R', 'nan', 'R', '256', 'R', '>512', 'R', '>32', 'R') ON DUPLICATE KEY UPDATE ami = '16', ami_clinical_category = 'I', atm_clinical_category = 'R', caz = '>64', caz_clinical_category = 'R', caz_cloxa = 'nan', cip = '>16', cip_clinical_category = 'R', col = '1', col_clinical_category = 'S', fep = '32', fep_clinical_category = 'R', imi = '>32', imi_clinical_category = 'R', imi_cloxa = 'nan', mer_clinical_category = 'R', pip_tz = '256', pip_tz_clinical_category = 'R', tic = '>512', tic_clinical_category = 'R', tob = '>32', tob_clinical_category = 'R'; 
INSERT INTO sequence_analysis(sequence_analysis_id, isolate_id, clonal_complex, mutational_resistome) VALUES ('112', '112', 'ST175', '{"PA0004": "WT", "PA0424": "WT", "PA0425": "WT", "PA0426": "WT", "PA0427": "WT", "PA0807": "A219T", "PA0869": "S250N", "PA0958": "nt55InsGCACT", "PA1179": "WT", "PA1180": "WT", "PA1777": "WT", "PA1798": "H398R", "PA1799": "WT", "PA2018": "T543A", "PA2019": "K329Q; W358R", "PA2020": "G195D", "PA2272": "E37K; A104P", "PA2491": "D249N", "PA2492": "P60S; F172I", "PA3047": "G117V", "PA3168": "T83I; D87N", "PA3574": "WT", "PA3721": "G71E; A186T", "PA3999": "WT", "PA4003": "WT", "PA4020": "WT", "PA4109": "F87L", "PA4110": "WT", "PA4266": "WT", "PA4418": "WT", "PA4522": "G148A; D183Y", "PA4600": "WT", "PA4700": "WT", "PA4776": "WT", "PA4777": "Y345H", "PA4964": "S87W; L168Q", "PA4967": "WT", "PA5045": "E245D", "PA5235": "nt210\u03946", "PA5471": "L88P; D161G; H182Q; V243A; V266M", "PA5485": "WT"}') ON DUPLICATE KEY UPDATE clonal_complex = 'ST175', mutational_resistome = '{"PA0004": "WT", "PA0424": "WT", "PA0425": "WT", "PA0426": "WT", "PA0427": "WT", "PA0807": "A219T", "PA0869": "S250N", "PA0958": "nt55InsGCACT", "PA1179": "WT", "PA1180": "WT", "PA1777": "WT", "PA1798": "H398R", "PA1799": "WT", "PA2018": "T543A", "PA2019": "K329Q; W358R", "PA2020": "G195D", "PA2272": "E37K; A104P", "PA2491": "D249N", "PA2492": "P60S; F172I", "PA3047": "G117V", "PA3168": "T83I; D87N", "PA3574": "WT", "PA3721": "G71E; A186T", "PA3999": "WT", "PA4003": "WT", "PA4020": "WT", "PA4109": "F87L", "PA4110": "WT", "PA4266": "WT", "PA4418": "WT", "PA4522": "G148A; D183Y", "PA4600": "WT", "PA4700": "WT", "PA4776": "WT", "PA4777": "Y345H", "PA4964": "S87W; L168Q", "PA4967": "WT", "PA5045": "E245D", "PA5235": "nt210\u03946", "PA5471": "L88P; D161G; H182Q; V243A; V266M", "PA5485": "WT"}'; 
INSERT INTO metadata_general(isolate_id, isolate_name, project_name, species) VALUES ('113', 'CVA03-025', 'GEMARA', 'Pseudomonas aeruginosa') ON DUPLICATE KEY UPDATE isolate_name = 'CVA03-025', project_name = 'GEMARA', species = 'Pseudomonas aeruginosa'; 
INSERT INTO mic(mic_id, isolate_id, ami, ami_clinical_category, atm_clinical_category, caz, caz_clinical_category, caz_cloxa, cip, cip_clinical_category, col, col_clinical_category, fep, fep_clinical_category, imi, imi_clinical_category, imi_cloxa, mer_clinical_category, pip_tz, pip_tz_clinical_category, tic, tic_clinical_category, tob, tob_clinical_category) VALUES ('113', '113', '16', 'I', 'I', '32', 'R', '+', '>16', 'R', '1', 'S', '16', 'R', '>32', 'R', '+', 'R', '128', 'R', '128', 'R', '>32', 'R') ON DUPLICATE KEY UPDATE ami = '16', ami_clinical_category = 'I', atm_clinical_category = 'I', caz = '32', caz_clinical_category = 'R', caz_cloxa = '+', cip = '>16', cip_clinical_category = 'R', col = '1', col_clinical_category = 'S', fep = '16', fep_clinical_category = 'R', imi = '>32', imi_clinical_category = 'R', imi_cloxa = '+', mer_clinical_category = 'R', pip_tz = '128', pip_tz_clinical_category = 'R', tic = '128', tic_clinical_category = 'R', tob = '>32', tob_clinical_category = 'R'; 
INSERT INTO sequence_analysis(sequence_analysis_id, isolate_id, clonal_complex, mutational_resistome) VALUES ('113', '113', 'ST175', '{"PA0004": "WT", "PA0424": "WT", "PA0425": "WT", "PA0426": "WT", "PA0427": "WT", "PA0807": "A219T", "PA0869": "S250N", "PA0958": "Q166X", "PA1179": "WT", "PA1180": "WT", "PA1777": "WT", "PA1798": "H398R", "PA1799": "WT", "PA2018": "T543A", "PA2019": "K329Q; W358R", "PA2020": "G195D", "PA2272": "E37K; A104P", "PA2491": "D249N", "PA2492": "P60S; F172I", "PA3047": "WT", "PA3168": "T83I", "PA3574": "WT", "PA3721": "G71E; A186T", "PA3999": "WT", "PA4003": "WT", "PA4020": "WT", "PA4109": "WT", "PA4110": "WT", "PA4266": "WT", "PA4418": "WT", "PA4522": "Q55P; G148A; D183Y", "PA4600": "WT", "PA4700": "L353Q", "PA4776": "WT", "PA4777": "Y345H", "PA4964": "S87W; L168Q", "PA4967": "WT", "PA5045": "E245D", "PA5235": "nt840\u03941", "PA5471": "L88P; D161G; H182Q; V243A; V266M", "PA5485": "WT"}') ON DUPLICATE KEY UPDATE clonal_complex = 'ST175', mutational_resistome = '{"PA0004": "WT", "PA0424": "WT", "PA0425": "WT", "PA0426": "WT", "PA0427": "WT", "PA0807": "A219T", "PA0869": "S250N", "PA0958": "Q166X", "PA1179": "WT", "PA1180": "WT", "PA1777": "WT", "PA1798": "H398R", "PA1799": "WT", "PA2018": "T543A", "PA2019": "K329Q; W358R", "PA2020": "G195D", "PA2272": "E37K; A104P", "PA2491": "D249N", "PA2492": "P60S; F172I", "PA3047": "WT", "PA3168": "T83I", "PA3574": "WT", "PA3721": "G71E; A186T", "PA3999": "WT", "PA4003": "WT", "PA4020": "WT", "PA4109": "WT", "PA4110": "WT", "PA4266": "WT", "PA4418": "WT", "PA4522": "Q55P; G148A; D183Y", "PA4600": "WT", "PA4700": "L353Q", "PA4776": "WT", "PA4777": "Y345H", "PA4964": "S87W; L168Q", "PA4967": "WT", "PA5045": "E245D", "PA5235": "nt840\u03941", "PA5471": "L88P; D161G; H182Q; V243A; V266M", "PA5485": "WT"}'; 
INSERT INTO metadata_general(isolate_id, isolate_name, project_name, species) VALUES ('114', 'CVA03-033', 'GEMARA', 'Pseudomonas aeruginosa') ON DUPLICATE KEY UPDATE isolate_name = 'CVA03-033', project_name = 'GEMARA', species = 'Pseudomonas aeruginosa'; 
INSERT INTO mic(mic_id, isolate_id, ami, ami_clinical_category, atm_clinical_category, caz, caz_clinical_category, caz_cloxa, cip, cip_clinical_category, col, col_clinical_category, fep, fep_clinical_category, imi, imi_clinical_category, imi_cloxa, mer_clinical_category, pip_tz, pip_tz_clinical_category, tic, tic_clinical_category, tob, tob_clinical_category) VALUES ('114', '114', '32', 'R', 'I', '16', 'R', 'nan', '>16', 'R', '1', 'S', '16', 'R', '16', 'R', 'nan', 'R', '32', 'R', '>512', 'R', '>32', 'R') ON DUPLICATE KEY UPDATE ami = '32', ami_clinical_category = 'R', atm_clinical_category = 'I', caz = '16', caz_clinical_category = 'R', caz_cloxa = 'nan', cip = '>16', cip_clinical_category = 'R', col = '1', col_clinical_category = 'S', fep = '16', fep_clinical_category = 'R', imi = '16', imi_clinical_category = 'R', imi_cloxa = 'nan', mer_clinical_category = 'R', pip_tz = '32', pip_tz_clinical_category = 'R', tic = '>512', tic_clinical_category = 'R', tob = '>32', tob_clinical_category = 'R'; 
INSERT INTO sequence_analysis(sequence_analysis_id, isolate_id, clonal_complex, mutational_resistome) VALUES ('114', '114', 'ST175', '{"PA0004": "WT", "PA0424": "WT", "PA0425": "WT", "PA0426": "WT", "PA0427": "WT", "PA0807": "A219T", "PA0869": "S250N", "PA0958": "nt55InsGCACT", "PA1179": "WT", "PA1180": "WT", "PA1777": "WT", "PA1798": "H398R", "PA1799": "WT", "PA2018": "T543A", "PA2019": "K329Q", "PA2020": "G195D", "PA2272": "WT", "PA2491": "D249N", "PA2492": "P60S", "PA3047": "WT", "PA3168": "T83I; D87N", "PA3574": "WT", "PA3721": "G71E", "PA3999": "WT", "PA4003": "WT", "PA4020": "WT", "PA4109": "WT", "PA4110": "WT", "PA4266": "WT", "PA4418": "WT", "PA4522": "G148A; D183Y", "PA4600": "WT", "PA4700": "S25G", "PA4776": "WT", "PA4777": "Y345H", "PA4964": "S87W; L168Q", "PA4967": "WT", "PA5045": "E245D", "PA5235": "G396S", "PA5471": "L88P; D161G; H182Q; V243A; V266M", "PA5485": "WT"}') ON DUPLICATE KEY UPDATE clonal_complex = 'ST175', mutational_resistome = '{"PA0004": "WT", "PA0424": "WT", "PA0425": "WT", "PA0426": "WT", "PA0427": "WT", "PA0807": "A219T", "PA0869": "S250N", "PA0958": "nt55InsGCACT", "PA1179": "WT", "PA1180": "WT", "PA1777": "WT", "PA1798": "H398R", "PA1799": "WT", "PA2018": "T543A", "PA2019": "K329Q", "PA2020": "G195D", "PA2272": "WT", "PA2491": "D249N", "PA2492": "P60S", "PA3047": "WT", "PA3168": "T83I; D87N", "PA3574": "WT", "PA3721": "G71E", "PA3999": "WT", "PA4003": "WT", "PA4020": "WT", "PA4109": "WT", "PA4110": "WT", "PA4266": "WT", "PA4418": "WT", "PA4522": "G148A; D183Y", "PA4600": "WT", "PA4700": "S25G", "PA4776": "WT", "PA4777": "Y345H", "PA4964": "S87W; L168Q", "PA4967": "WT", "PA5045": "E245D", "PA5235": "G396S", "PA5471": "L88P; D161G; H182Q; V243A; V266M", "PA5485": "WT"}'; 
INSERT INTO metadata_general(isolate_id, isolate_name, project_name, species) VALUES ('115', 'EXT01-008', 'GEMARA', 'Pseudomonas aeruginosa') ON DUPLICATE KEY UPDATE isolate_name = 'EXT01-008', project_name = 'GEMARA', species = 'Pseudomonas aeruginosa'; 
INSERT INTO mic(mic_id, isolate_id, ami, ami_clinical_category, atm_clinical_category, caz, caz_clinical_category, caz_cloxa, cip, cip_clinical_category, col, col_clinical_category, fep, fep_clinical_category, imi, imi_clinical_category, imi_cloxa, mer_clinical_category, pip_tz, pip_tz_clinical_category, tic, tic_clinical_category, tob, tob_clinical_category) VALUES ('115', '115', '8', 'S', 'R', '64', 'R', '+', '2', 'R', '2', 'S', '32', 'R', '16', 'R', '+', 'R', '256', 'R', '256', 'R', '0.5', 'S') ON DUPLICATE KEY UPDATE ami = '8', ami_clinical_category = 'S', atm_clinical_category = 'R', caz = '64', caz_clinical_category = 'R', caz_cloxa = '+', cip = '2', cip_clinical_category = 'R', col = '2', col_clinical_category = 'S', fep = '32', fep_clinical_category = 'R', imi = '16', imi_clinical_category = 'R', imi_cloxa = '+', mer_clinical_category = 'R', pip_tz = '256', pip_tz_clinical_category = 'R', tic = '256', tic_clinical_category = 'R', tob = '0.5', tob_clinical_category = 'S'; 
INSERT INTO sequence_analysis(sequence_analysis_id, isolate_id, clonal_complex, mutational_resistome) VALUES ('115', '115', 'ST1754', '{"PA0004": "WT", "PA0424": "WT", "PA0425": "WT", "PA0426": "WT", "PA0427": "WT", "PA0807": "WT", "PA0869": "S250N", "PA0958": "nt334\u03942", "PA1179": "WT", "PA1180": "WT", "PA1777": "WT", "PA1798": "R7H; H398R", "PA1799": "L153R; S170N", "PA2018": "F29S; R515C; T543A", "PA2019": "K329Q; L331V; W358R", "PA2020": "WT", "PA2272": "A104P", "PA2491": "D249N", "PA2492": "M7V; P8H; P60S; F172I", "PA3047": "WT", "PA3168": "WT", "PA3574": "WT", "PA3721": "A169P", "PA3999": "WT", "PA4003": "WT", "PA4020": "M297V", "PA4109": "WT", "PA4110": "T105A; L176R", "PA4266": "WT", "PA4418": "WT", "PA4522": "WT", "PA4600": "WT", "PA4700": "L353Q; S25G", "PA4776": "L71R", "PA4777": "Y345H", "PA4964": "A208G", "PA4967": "D533E", "PA5045": "WT", "PA5235": "WT", "PA5471": "L88P; D161G; H182Q; V243A; A352V", "PA5485": "WT"}') ON DUPLICATE KEY UPDATE clonal_complex = 'ST1754', mutational_resistome = '{"PA0004": "WT", "PA0424": "WT", "PA0425": "WT", "PA0426": "WT", "PA0427": "WT", "PA0807": "WT", "PA0869": "S250N", "PA0958": "nt334\u03942", "PA1179": "WT", "PA1180": "WT", "PA1777": "WT", "PA1798": "R7H; H398R", "PA1799": "L153R; S170N", "PA2018": "F29S; R515C; T543A", "PA2019": "K329Q; L331V; W358R", "PA2020": "WT", "PA2272": "A104P", "PA2491": "D249N", "PA2492": "M7V; P8H; P60S; F172I", "PA3047": "WT", "PA3168": "WT", "PA3574": "WT", "PA3721": "A169P", "PA3999": "WT", "PA4003": "WT", "PA4020": "M297V", "PA4109": "WT", "PA4110": "T105A; L176R", "PA4266": "WT", "PA4418": "WT", "PA4522": "WT", "PA4600": "WT", "PA4700": "L353Q; S25G", "PA4776": "L71R", "PA4777": "Y345H", "PA4964": "A208G", "PA4967": "D533E", "PA5045": "WT", "PA5235": "WT", "PA5471": "L88P; D161G; H182Q; V243A; A352V", "PA5485": "WT"}'; 
INSERT INTO metadata_general(isolate_id, isolate_name, project_name, species) VALUES ('116', 'EXT01-010', 'GEMARA', 'Pseudomonas aeruginosa') ON DUPLICATE KEY UPDATE isolate_name = 'EXT01-010', project_name = 'GEMARA', species = 'Pseudomonas aeruginosa'; 
INSERT INTO mic(mic_id, isolate_id, ami, ami_clinical_category, atm_clinical_category, caz, caz_clinical_category, caz_cloxa, cip, cip_clinical_category, col, col_clinical_category, fep, fep_clinical_category, imi, imi_clinical_category, imi_cloxa, mer_clinical_category, pip_tz, pip_tz_clinical_category, tic, tic_clinical_category, tob, tob_clinical_category) VALUES ('116', '116', '64', 'R', 'R', '8', 'S', '+', '0.5', 'S', '1', 'S', '16', 'R', '16', 'R', '+', 'R', '32', 'R', '512', 'R', '4', 'S') ON DUPLICATE KEY UPDATE ami = '64', ami_clinical_category = 'R', atm_clinical_category = 'R', caz = '8', caz_clinical_category = 'S', caz_cloxa = '+', cip = '0.5', cip_clinical_category = 'S', col = '1', col_clinical_category = 'S', fep = '16', fep_clinical_category = 'R', imi = '16', imi_clinical_category = 'R', imi_cloxa = '+', mer_clinical_category = 'R', pip_tz = '32', pip_tz_clinical_category = 'R', tic = '512', tic_clinical_category = 'R', tob = '4', tob_clinical_category = 'S'; 
INSERT INTO sequence_analysis(sequence_analysis_id, isolate_id, clonal_complex, mutational_resistome) VALUES ('116', '116', 'ST446', '{"PA0004": "WT", "PA0424": "Q55P; V126E", "PA0425": "WT", "PA0426": "WT", "PA0427": "WT", "PA0807": "A208V", "PA0869": "S250N", "PA0958": "WT", "PA1179": "WT", "PA1180": "WT", "PA1777": "WT", "PA1798": "H398R", "PA1799": "L153R; S170N", "PA2018": "I536V; T543A; G589A; Q840E; N1036T", "PA2019": "A30T; K329Q; L331V; W358R", "PA2020": "WT", "PA2272": "A104P", "PA2491": "aa138\u03943", "PA2492": "P60S; F172I; nt471\u03942", "PA3047": "WT", "PA3168": "aa914\u0394PS", "PA3574": "WT", "PA3721": "G71E; A145V; S209R", "PA3999": "WT", "PA4003": "WT", "PA4020": "M297V", "PA4109": "E114A; G283E; M288R", "PA4110": "G27D; T105A; V205L; G391A", "PA4266": "D588G", "PA4418": "WT", "PA4522": "WT", "PA4600": "WT", "PA4700": "L353Q; S25G", "PA4776": "L71R", "PA4777": "Y345H", "PA4964": "D533E; A587T", "PA4967": "D533E", "PA5045": "I418V", "PA5235": "Ter449Gext*", "PA5471": "C40R; L88P; S112N; D119E; I237V; Ans238S; V243A; A352V", "PA5485": "WT"}') ON DUPLICATE KEY UPDATE clonal_complex = 'ST446', mutational_resistome = '{"PA0004": "WT", "PA0424": "Q55P; V126E", "PA0425": "WT", "PA0426": "WT", "PA0427": "WT", "PA0807": "A208V", "PA0869": "S250N", "PA0958": "WT", "PA1179": "WT", "PA1180": "WT", "PA1777": "WT", "PA1798": "H398R", "PA1799": "L153R; S170N", "PA2018": "I536V; T543A; G589A; Q840E; N1036T", "PA2019": "A30T; K329Q; L331V; W358R", "PA2020": "WT", "PA2272": "A104P", "PA2491": "aa138\u03943", "PA2492": "P60S; F172I; nt471\u03942", "PA3047": "WT", "PA3168": "aa914\u0394PS", "PA3574": "WT", "PA3721": "G71E; A145V; S209R", "PA3999": "WT", "PA4003": "WT", "PA4020": "M297V", "PA4109": "E114A; G283E; M288R", "PA4110": "G27D; T105A; V205L; G391A", "PA4266": "D588G", "PA4418": "WT", "PA4522": "WT", "PA4600": "WT", "PA4700": "L353Q; S25G", "PA4776": "L71R", "PA4777": "Y345H", "PA4964": "D533E; A587T", "PA4967": "D533E", "PA5045": "I418V", "PA5235": "Ter449Gext*", "PA5471": "C40R; L88P; S112N; D119E; I237V; Ans238S; V243A; A352V", "PA5485": "WT"}'; 
INSERT INTO metadata_general(isolate_id, isolate_name, project_name, species) VALUES ('117', 'EXT01-024', 'GEMARA', 'Pseudomonas aeruginosa') ON DUPLICATE KEY UPDATE isolate_name = 'EXT01-024', project_name = 'GEMARA', species = 'Pseudomonas aeruginosa'; 
INSERT INTO mic(mic_id, isolate_id, ami, ami_clinical_category, atm_clinical_category, caz, caz_clinical_category, caz_cloxa, cip, cip_clinical_category, col, col_clinical_category, fep, fep_clinical_category, imi, imi_clinical_category, imi_cloxa, mer_clinical_category, pip_tz, pip_tz_clinical_category, tic, tic_clinical_category, tob, tob_clinical_category) VALUES ('117', '117', '<=2', 'S', 'R', '8', 'S', 'nan', '4', 'R', '2', 'S', '16', 'R', '16', 'R', '+', 'R', '32', 'R', '256', 'R', '<=0.25', 'S') ON DUPLICATE KEY UPDATE ami = '<=2', ami_clinical_category = 'S', atm_clinical_category = 'R', caz = '8', caz_clinical_category = 'S', caz_cloxa = 'nan', cip = '4', cip_clinical_category = 'R', col = '2', col_clinical_category = 'S', fep = '16', fep_clinical_category = 'R', imi = '16', imi_clinical_category = 'R', imi_cloxa = '+', mer_clinical_category = 'R', pip_tz = '32', pip_tz_clinical_category = 'R', tic = '256', tic_clinical_category = 'R', tob = '<=0.25', tob_clinical_category = 'S'; 
INSERT INTO sequence_analysis(sequence_analysis_id, isolate_id, clonal_complex, mutational_resistome) VALUES ('117', '117', 'ST611', '{"PA0004": "S466F", "PA0424": "L57Q", "PA0425": "WT", "PA0426": "WT", "PA0427": "WT", "PA0807": "V19M; A219T", "PA0869": "WT", "PA0958": "nt636InsG", "PA1179": "WT", "PA1180": "WT", "PA1777": "WT", "PA1798": "H398R", "PA1799": "L153R; S170N", "PA2018": "Q282R; T543A; V980I", "PA2019": "K329Q; L331V; W358R", "PA2020": "K131R", "PA2272": "A104P; I447V", "PA2491": "D249N", "PA2492": "F172I", "PA3047": "WT", "PA3168": "E153K", "PA3574": "WT", "PA3721": "G71E; S209R", "PA3999": "WT", "PA4003": "WT", "PA4020": "WT", "PA4109": "WT", "PA4110": "R79Q; T105A", "PA4266": "WT", "PA4418": "WT", "PA4522": "G148A; D183Y", "PA4600": "WT", "PA4700": "L353Q; S25G", "PA4776": "L71R", "PA4777": "Y345H", "PA4964": "WT", "PA4967": "WT", "PA5045": "E618D", "PA5235": "WT", "PA5471": "C40R; L88P; D161G; H182Q; V243A", "PA5485": "WT"}') ON DUPLICATE KEY UPDATE clonal_complex = 'ST611', mutational_resistome = '{"PA0004": "S466F", "PA0424": "L57Q", "PA0425": "WT", "PA0426": "WT", "PA0427": "WT", "PA0807": "V19M; A219T", "PA0869": "WT", "PA0958": "nt636InsG", "PA1179": "WT", "PA1180": "WT", "PA1777": "WT", "PA1798": "H398R", "PA1799": "L153R; S170N", "PA2018": "Q282R; T543A; V980I", "PA2019": "K329Q; L331V; W358R", "PA2020": "K131R", "PA2272": "A104P; I447V", "PA2491": "D249N", "PA2492": "F172I", "PA3047": "WT", "PA3168": "E153K", "PA3574": "WT", "PA3721": "G71E; S209R", "PA3999": "WT", "PA4003": "WT", "PA4020": "WT", "PA4109": "WT", "PA4110": "R79Q; T105A", "PA4266": "WT", "PA4418": "WT", "PA4522": "G148A; D183Y", "PA4600": "WT", "PA4700": "L353Q; S25G", "PA4776": "L71R", "PA4777": "Y345H", "PA4964": "WT", "PA4967": "WT", "PA5045": "E618D", "PA5235": "WT", "PA5471": "C40R; L88P; D161G; H182Q; V243A", "PA5485": "WT"}'; 
INSERT INTO metadata_general(isolate_id, isolate_name, project_name, species) VALUES ('118', 'EXT01-026', 'GEMARA', 'Pseudomonas aeruginosa') ON DUPLICATE KEY UPDATE isolate_name = 'EXT01-026', project_name = 'GEMARA', species = 'Pseudomonas aeruginosa'; 
INSERT INTO mic(mic_id, isolate_id, ami, ami_clinical_category, atm_clinical_category, caz, caz_clinical_category, caz_cloxa, cip, cip_clinical_category, col, col_clinical_category, fep, fep_clinical_category, imi, imi_clinical_category, imi_cloxa, mer_clinical_category, pip_tz, pip_tz_clinical_category, tic, tic_clinical_category, tob, tob_clinical_category) VALUES ('118', '118', '<=2', 'S', 'R', '8', 'S', '+', '1', 'R', '4', 'R', '8', 'S', '8', 'I', '+', 'I', '32', 'R', '128', 'R', '<=0.25', 'S') ON DUPLICATE KEY UPDATE ami = '<=2', ami_clinical_category = 'S', atm_clinical_category = 'R', caz = '8', caz_clinical_category = 'S', caz_cloxa = '+', cip = '1', cip_clinical_category = 'R', col = '4', col_clinical_category = 'R', fep = '8', fep_clinical_category = 'S', imi = '8', imi_clinical_category = 'I', imi_cloxa = '+', mer_clinical_category = 'I', pip_tz = '32', pip_tz_clinical_category = 'R', tic = '128', tic_clinical_category = 'R', tob = '<=0.25', tob_clinical_category = 'S'; 
INSERT INTO sequence_analysis(sequence_analysis_id, isolate_id, clonal_complex, mutational_resistome) VALUES ('118', '118', 'ST499', '{"PA0004": "WT", "PA0424": "WT", "PA0425": "WT", "PA0426": "WT", "PA0427": "WT", "PA0807": "A219T", "PA0869": "WT", "PA0958": "WT", "PA1179": "WT", "PA1180": "WT", "PA1777": "WT", "PA1798": "H398R", "PA1799": "L153R", "PA2018": "Q282R; A799V", "PA2019": "K329Q; L331V; W358R", "PA2020": "WT", "PA2272": "A104P", "PA2491": "D249N", "PA2492": "F172I", "PA3047": "WT", "PA3168": "WT", "PA3574": "G206S", "PA3721": "G71E; S209R", "PA3999": "WT", "PA4003": "WT", "PA4020": "WT", "PA4109": "WT", "PA4110": "WT", "PA4266": "WT", "PA4418": "WT", "PA4522": "G148A; D183Y", "PA4600": "WT", "PA4700": "L353Q; S25G", "PA4776": "L71R", "PA4777": "Y345H", "PA4964": "V646L", "PA4967": "WT", "PA5045": "WT", "PA5235": "WT", "PA5471": "L88P; D119E", "PA5485": "WT"}') ON DUPLICATE KEY UPDATE clonal_complex = 'ST499', mutational_resistome = '{"PA0004": "WT", "PA0424": "WT", "PA0425": "WT", "PA0426": "WT", "PA0427": "WT", "PA0807": "A219T", "PA0869": "WT", "PA0958": "WT", "PA1179": "WT", "PA1180": "WT", "PA1777": "WT", "PA1798": "H398R", "PA1799": "L153R", "PA2018": "Q282R; A799V", "PA2019": "K329Q; L331V; W358R", "PA2020": "WT", "PA2272": "A104P", "PA2491": "D249N", "PA2492": "F172I", "PA3047": "WT", "PA3168": "WT", "PA3574": "G206S", "PA3721": "G71E; S209R", "PA3999": "WT", "PA4003": "WT", "PA4020": "WT", "PA4109": "WT", "PA4110": "WT", "PA4266": "WT", "PA4418": "WT", "PA4522": "G148A; D183Y", "PA4600": "WT", "PA4700": "L353Q; S25G", "PA4776": "L71R", "PA4777": "Y345H", "PA4964": "V646L", "PA4967": "WT", "PA5045": "WT", "PA5235": "WT", "PA5471": "L88P; D119E", "PA5485": "WT"}'; 
INSERT INTO metadata_general(isolate_id, isolate_name, project_name, species) VALUES ('119', 'GAL01-029', 'GEMARA', 'Pseudomonas aeruginosa') ON DUPLICATE KEY UPDATE isolate_name = 'GAL01-029', project_name = 'GEMARA', species = 'Pseudomonas aeruginosa'; 
INSERT INTO mic(mic_id, isolate_id, ami, ami_clinical_category, atm_clinical_category, caz, caz_clinical_category, caz_cloxa, cip, cip_clinical_category, col, col_clinical_category, fep, fep_clinical_category, imi, imi_clinical_category, imi_cloxa, mer_clinical_category, pip_tz, pip_tz_clinical_category, tic, tic_clinical_category, tob, tob_clinical_category) VALUES ('119', '119', '16', 'I', 'R', '64', 'R', '+', '0.5', 'S', '1', 'S', '32', 'R', '2', 'S', 'nan', 'I', '256', 'R', '512', 'R', '2', 'S') ON DUPLICATE KEY UPDATE ami = '16', ami_clinical_category = 'I', atm_clinical_category = 'R', caz = '64', caz_clinical_category = 'R', caz_cloxa = '+', cip = '0.5', cip_clinical_category = 'S', col = '1', col_clinical_category = 'S', fep = '32', fep_clinical_category = 'R', imi = '2', imi_clinical_category = 'S', imi_cloxa = 'nan', mer_clinical_category = 'I', pip_tz = '256', pip_tz_clinical_category = 'R', tic = '512', tic_clinical_category = 'R', tob = '2', tob_clinical_category = 'S'; 
INSERT INTO sequence_analysis(sequence_analysis_id, isolate_id, clonal_complex, mutational_resistome) VALUES ('119', '119', 'ST17', '{"PA0004": "E468D", "PA0424": "WT", "PA0425": "WT", "PA0426": "WT", "PA0427": "F352L", "PA0807": "A219T", "PA0869": "S250N", "PA0958": "WT", "PA1179": "WT", "PA1180": "WT", "PA1777": "WT", "PA1798": "H398R", "PA1799": "WT", "PA2018": "T543A", "PA2019": "K329Q; L331V; W358R", "PA2020": "C63R", "PA2272": "A104P", "PA2491": "D249N; H321R", "PA2492": "P60S; F172I; L188P", "PA3047": "WT", "PA3168": "aa914\u0394PS", "PA3574": "X213ext", "PA3721": "G71E; S209R", "PA3999": "V29I", "PA4003": "WT", "PA4020": "Ter452Rext*", "PA4109": "WT", "PA4110": "T105A; L176R", "PA4266": "WT", "PA4418": "WT", "PA4522": "Q88R; A136V; G148A", "PA4600": "WT", "PA4700": "S25G", "PA4776": "WT", "PA4777": "Y345H", "PA4964": "WT", "PA4967": "G494S; D533E", "PA5045": "P388S", "PA5235": "P444S", "PA5471": "C40R; L88P; D161G; H182Q; V243A", "PA5485": "WT"}') ON DUPLICATE KEY UPDATE clonal_complex = 'ST17', mutational_resistome = '{"PA0004": "E468D", "PA0424": "WT", "PA0425": "WT", "PA0426": "WT", "PA0427": "F352L", "PA0807": "A219T", "PA0869": "S250N", "PA0958": "WT", "PA1179": "WT", "PA1180": "WT", "PA1777": "WT", "PA1798": "H398R", "PA1799": "WT", "PA2018": "T543A", "PA2019": "K329Q; L331V; W358R", "PA2020": "C63R", "PA2272": "A104P", "PA2491": "D249N; H321R", "PA2492": "P60S; F172I; L188P", "PA3047": "WT", "PA3168": "aa914\u0394PS", "PA3574": "X213ext", "PA3721": "G71E; S209R", "PA3999": "V29I", "PA4003": "WT", "PA4020": "Ter452Rext*", "PA4109": "WT", "PA4110": "T105A; L176R", "PA4266": "WT", "PA4418": "WT", "PA4522": "Q88R; A136V; G148A", "PA4600": "WT", "PA4700": "S25G", "PA4776": "WT", "PA4777": "Y345H", "PA4964": "WT", "PA4967": "G494S; D533E", "PA5045": "P388S", "PA5235": "P444S", "PA5471": "C40R; L88P; D161G; H182Q; V243A", "PA5485": "WT"}'; 
INSERT INTO metadata_general(isolate_id, isolate_name, project_name, species) VALUES ('120', 'GAL01-030', 'GEMARA', 'Pseudomonas aeruginosa') ON DUPLICATE KEY UPDATE isolate_name = 'GAL01-030', project_name = 'GEMARA', species = 'Pseudomonas aeruginosa'; 
INSERT INTO mic(mic_id, isolate_id, ami, ami_clinical_category, atm_clinical_category, caz, caz_clinical_category, caz_cloxa, cip, cip_clinical_category, col, col_clinical_category, fep, fep_clinical_category, imi, imi_clinical_category, imi_cloxa, mer_clinical_category, pip_tz, pip_tz_clinical_category, tic, tic_clinical_category, tob, tob_clinical_category) VALUES ('120', '120', '4', 'S', 'R', '64', 'R', '+', '16', 'R', '1', 'S', '32', 'R', '16', 'R', '+', 'I', '256', 'R', '256', 'R', '0.5', 'S') ON DUPLICATE KEY UPDATE ami = '4', ami_clinical_category = 'S', atm_clinical_category = 'R', caz = '64', caz_clinical_category = 'R', caz_cloxa = '+', cip = '16', cip_clinical_category = 'R', col = '1', col_clinical_category = 'S', fep = '32', fep_clinical_category = 'R', imi = '16', imi_clinical_category = 'R', imi_cloxa = '+', mer_clinical_category = 'I', pip_tz = '256', pip_tz_clinical_category = 'R', tic = '256', tic_clinical_category = 'R', tob = '0.5', tob_clinical_category = 'S'; 
INSERT INTO sequence_analysis(sequence_analysis_id, isolate_id, clonal_complex, mutational_resistome) VALUES ('120', '120', 'ST235', '{"PA0004": "WT", "PA0424": "V126E", "PA0425": "WT", "PA0426": "G957D", "PA0427": "WT", "PA0807": "A208V", "PA0869": "A287S", "PA0958": "WT", "PA1179": "WT", "PA1180": "Y85F", "PA1777": "WT", "PA1798": "H398R", "PA1799": "L153R; S170N", "PA2018": "T543A", "PA2019": "A30T; K329Q; L331V; W358R", "PA2020": "nt305\u03943", "PA2272": "A104P; V466I", "PA2491": "D249N", "PA2492": "P60S; F172I", "PA3047": "WT", "PA3168": "T83I", "PA3574": "WT", "PA3721": "G71E; E153Q; S209R", "PA3999": "WT", "PA4003": "WT", "PA4020": "WT", "PA4109": "G283E; M288R", "PA4110": "G27D; T105A; V205L; G391A", "PA4266": "WT", "PA4418": "WT", "PA4522": "G148A", "PA4600": "WT", "PA4700": "L353Q; S25G", "PA4776": "L71R", "PA4777": "S2P; A4T; G68S; Y345H; G362S", "PA4964": "S87L", "PA4967": "D533E", "PA5045": "WT", "PA5235": "WT", "PA5471": "L88P; D161G; H182Q; R204C; V243A", "PA5485": "WT"}') ON DUPLICATE KEY UPDATE clonal_complex = 'ST235', mutational_resistome = '{"PA0004": "WT", "PA0424": "V126E", "PA0425": "WT", "PA0426": "G957D", "PA0427": "WT", "PA0807": "A208V", "PA0869": "A287S", "PA0958": "WT", "PA1179": "WT", "PA1180": "Y85F", "PA1777": "WT", "PA1798": "H398R", "PA1799": "L153R; S170N", "PA2018": "T543A", "PA2019": "A30T; K329Q; L331V; W358R", "PA2020": "nt305\u03943", "PA2272": "A104P; V466I", "PA2491": "D249N", "PA2492": "P60S; F172I", "PA3047": "WT", "PA3168": "T83I", "PA3574": "WT", "PA3721": "G71E; E153Q; S209R", "PA3999": "WT", "PA4003": "WT", "PA4020": "WT", "PA4109": "G283E; M288R", "PA4110": "G27D; T105A; V205L; G391A", "PA4266": "WT", "PA4418": "WT", "PA4522": "G148A", "PA4600": "WT", "PA4700": "L353Q; S25G", "PA4776": "L71R", "PA4777": "S2P; A4T; G68S; Y345H; G362S", "PA4964": "S87L", "PA4967": "D533E", "PA5045": "WT", "PA5235": "WT", "PA5471": "L88P; D161G; H182Q; R204C; V243A", "PA5485": "WT"}'; 
INSERT INTO metadata_general(isolate_id, isolate_name, project_name, species) VALUES ('121', 'GAL02-011', 'GEMARA', 'Pseudomonas aeruginosa') ON DUPLICATE KEY UPDATE isolate_name = 'GAL02-011', project_name = 'GEMARA', species = 'Pseudomonas aeruginosa'; 
INSERT INTO mic(mic_id, isolate_id, ami, ami_clinical_category, atm_clinical_category, caz, caz_clinical_category, caz_cloxa, cip, cip_clinical_category, col, col_clinical_category, fep, fep_clinical_category, imi, imi_clinical_category, imi_cloxa, mer_clinical_category, pip_tz, pip_tz_clinical_category, tic, tic_clinical_category, tob, tob_clinical_category) VALUES ('121', '121', '8', 'S', 'R', '64', 'R', '+', '>16', 'R', '1', 'S', '32', 'R', '1', 'S', '+', 'S', '256', 'R', '256', 'R', '32', 'R') ON DUPLICATE KEY UPDATE ami = '8', ami_clinical_category = 'S', atm_clinical_category = 'R', caz = '64', caz_clinical_category = 'R', caz_cloxa = '+', cip = '>16', cip_clinical_category = 'R', col = '1', col_clinical_category = 'S', fep = '32', fep_clinical_category = 'R', imi = '1', imi_clinical_category = 'S', imi_cloxa = '+', mer_clinical_category = 'S', pip_tz = '256', pip_tz_clinical_category = 'R', tic = '256', tic_clinical_category = 'R', tob = '32', tob_clinical_category = 'R'; 
INSERT INTO sequence_analysis(sequence_analysis_id, isolate_id, clonal_complex, mutational_resistome) VALUES ('121', '121', 'ST2223', '{"PA0004": "WT", "PA0424": "V126E", "PA0425": "WT", "PA0426": "WT", "PA0427": "WT", "PA0807": "A208V", "PA0869": "S250N", "PA0958": "WT", "PA1179": "WT", "PA1180": "WT", "PA1777": "WT", "PA1798": "S277N; H398R", "PA1799": "L153R; S170N", "PA2018": "I536V; T543A", "PA2019": "K329Q; L331V; W358R", "PA2020": "A47V", "PA2272": "A104P", "PA2491": "D249N", "PA2492": "P60S; F172I", "PA3047": "F324I", "PA3168": "T83I; D87N", "PA3574": "WT", "PA3721": "G71E; D79E; S209R", "PA3999": "WT", "PA4003": "WT", "PA4020": "A428T; M297V; S131N", "PA4109": "G283E; M288R", "PA4110": "P23S; T105A; G391A", "PA4266": "WT", "PA4418": "WT", "PA4522": "A29V; W97C; G148A", "PA4600": "WT", "PA4700": "L353Q; S25G", "PA4776": "WT", "PA4777": "A4T; V15I; G68S; Y345H", "PA4964": "S87L", "PA4967": "D419N; D533E", "PA5045": "WT", "PA5235": "nt210\u03946", "PA5471": "C40R; L88P; S112N; D119E; D207N; I237V; V243A", "PA5485": "WT"}') ON DUPLICATE KEY UPDATE clonal_complex = 'ST2223', mutational_resistome = '{"PA0004": "WT", "PA0424": "V126E", "PA0425": "WT", "PA0426": "WT", "PA0427": "WT", "PA0807": "A208V", "PA0869": "S250N", "PA0958": "WT", "PA1179": "WT", "PA1180": "WT", "PA1777": "WT", "PA1798": "S277N; H398R", "PA1799": "L153R; S170N", "PA2018": "I536V; T543A", "PA2019": "K329Q; L331V; W358R", "PA2020": "A47V", "PA2272": "A104P", "PA2491": "D249N", "PA2492": "P60S; F172I", "PA3047": "F324I", "PA3168": "T83I; D87N", "PA3574": "WT", "PA3721": "G71E; D79E; S209R", "PA3999": "WT", "PA4003": "WT", "PA4020": "A428T; M297V; S131N", "PA4109": "G283E; M288R", "PA4110": "P23S; T105A; G391A", "PA4266": "WT", "PA4418": "WT", "PA4522": "A29V; W97C; G148A", "PA4600": "WT", "PA4700": "L353Q; S25G", "PA4776": "WT", "PA4777": "A4T; V15I; G68S; Y345H", "PA4964": "S87L", "PA4967": "D419N; D533E", "PA5045": "WT", "PA5235": "nt210\u03946", "PA5471": "C40R; L88P; S112N; D119E; D207N; I237V; V243A", "PA5485": "WT"}'; 
INSERT INTO metadata_general(isolate_id, isolate_name, project_name, species) VALUES ('122', 'GAL02-019', 'GEMARA', 'Pseudomonas aeruginosa') ON DUPLICATE KEY UPDATE isolate_name = 'GAL02-019', project_name = 'GEMARA', species = 'Pseudomonas aeruginosa'; 
INSERT INTO mic(mic_id, isolate_id, ami, ami_clinical_category, atm_clinical_category, caz, caz_clinical_category, caz_cloxa, cip, cip_clinical_category, col, col_clinical_category, fep, fep_clinical_category, imi, imi_clinical_category, imi_cloxa, mer_clinical_category, pip_tz, pip_tz_clinical_category, tic, tic_clinical_category, tob, tob_clinical_category) VALUES ('122', '122', '<=2', 'S', 'R', '64', 'R', 'nan', '2', 'R', '1', 'S', '64', 'R', '4', 'S', '+', 'R', '256', 'R', '>512', 'R', '<=0.25', 'S') ON DUPLICATE KEY UPDATE ami = '<=2', ami_clinical_category = 'S', atm_clinical_category = 'R', caz = '64', caz_clinical_category = 'R', caz_cloxa = 'nan', cip = '2', cip_clinical_category = 'R', col = '1', col_clinical_category = 'S', fep = '64', fep_clinical_category = 'R', imi = '4', imi_clinical_category = 'S', imi_cloxa = '+', mer_clinical_category = 'R', pip_tz = '256', pip_tz_clinical_category = 'R', tic = '>512', tic_clinical_category = 'R', tob = '<=0.25', tob_clinical_category = 'S'; 
INSERT INTO sequence_analysis(sequence_analysis_id, isolate_id, clonal_complex, mutational_resistome) VALUES ('122', '122', 'ST360*', '{"PA0004": "P789L", "PA0424": "WT", "PA0425": "WT", "PA0426": "WT", "PA0427": "A261T", "PA0807": "WT", "PA0869": "S250N", "PA0958": "A12E", "PA1179": "WT", "PA1180": "WT", "PA1777": "WT", "PA1798": "H398R", "PA1799": "WT", "PA2018": "T543A", "PA2019": "K329Q; L331V; W358R; nt1157\u03941", "PA2020": "L174Q", "PA2272": "V91A; A104P", "PA2491": "D249N", "PA2492": "F172I", "PA3047": "N122S; A394P", "PA3168": "D87Y", "PA3574": "nt25InsA", "PA3721": "G71E; S209R", "PA3999": "WT", "PA4003": "WT", "PA4020": "R322Q", "PA4109": "K42R", "PA4110": "R79Q; T105A", "PA4266": "WT", "PA4418": "V373I; R504C", "PA4522": "G148A; S175L", "PA4600": "WT", "PA4700": "S25G", "PA4776": "L71R", "PA4777": "Y345H", "PA4964": "H262Q", "PA4967": "WT", "PA5045": "E53K; S631I", "PA5235": "A439T", "PA5471": "L88P; D161G; H182Q; V243A", "PA5485": "WT"}') ON DUPLICATE KEY UPDATE clonal_complex = 'ST360*', mutational_resistome = '{"PA0004": "P789L", "PA0424": "WT", "PA0425": "WT", "PA0426": "WT", "PA0427": "A261T", "PA0807": "WT", "PA0869": "S250N", "PA0958": "A12E", "PA1179": "WT", "PA1180": "WT", "PA1777": "WT", "PA1798": "H398R", "PA1799": "WT", "PA2018": "T543A", "PA2019": "K329Q; L331V; W358R; nt1157\u03941", "PA2020": "L174Q", "PA2272": "V91A; A104P", "PA2491": "D249N", "PA2492": "F172I", "PA3047": "N122S; A394P", "PA3168": "D87Y", "PA3574": "nt25InsA", "PA3721": "G71E; S209R", "PA3999": "WT", "PA4003": "WT", "PA4020": "R322Q", "PA4109": "K42R", "PA4110": "R79Q; T105A", "PA4266": "WT", "PA4418": "V373I; R504C", "PA4522": "G148A; S175L", "PA4600": "WT", "PA4700": "S25G", "PA4776": "L71R", "PA4777": "Y345H", "PA4964": "H262Q", "PA4967": "WT", "PA5045": "E53K; S631I", "PA5235": "A439T", "PA5471": "L88P; D161G; H182Q; V243A", "PA5485": "WT"}'; 
INSERT INTO metadata_general(isolate_id, isolate_name, project_name, species) VALUES ('123', 'GAL02-022', 'GEMARA', 'Pseudomonas aeruginosa') ON DUPLICATE KEY UPDATE isolate_name = 'GAL02-022', project_name = 'GEMARA', species = 'Pseudomonas aeruginosa'; 
INSERT INTO mic(mic_id, isolate_id, ami, ami_clinical_category, atm_clinical_category, caz, caz_clinical_category, caz_cloxa, cip, cip_clinical_category, col, col_clinical_category, fep, fep_clinical_category, imi, imi_clinical_category, imi_cloxa, mer_clinical_category, pip_tz, pip_tz_clinical_category, tic, tic_clinical_category, tob, tob_clinical_category) VALUES ('123', '123', '8', 'S', 'R', '64', 'R', '+', '>16', 'R', '1', 'S', '32', 'R', '16', 'R', '+', 'I', '256', 'R', '256', 'R', '1', 'S') ON DUPLICATE KEY UPDATE ami = '8', ami_clinical_category = 'S', atm_clinical_category = 'R', caz = '64', caz_clinical_category = 'R', caz_cloxa = '+', cip = '>16', cip_clinical_category = 'R', col = '1', col_clinical_category = 'S', fep = '32', fep_clinical_category = 'R', imi = '16', imi_clinical_category = 'R', imi_cloxa = '+', mer_clinical_category = 'I', pip_tz = '256', pip_tz_clinical_category = 'R', tic = '256', tic_clinical_category = 'R', tob = '1', tob_clinical_category = 'S'; 
INSERT INTO sequence_analysis(sequence_analysis_id, isolate_id, clonal_complex, mutational_resistome) VALUES ('123', '123', 'ST235', '{"PA0004": "WT", "PA0424": "V126E", "PA0425": "WT", "PA0426": "G957D; V1042A", "PA0427": "WT", "PA0807": "A208V", "PA0869": "A287S", "PA0958": "WT", "PA1179": "WT", "PA1180": "Y85F", "PA1777": "WT", "PA1798": "H398R", "PA1799": "L153R; S170N", "PA2018": "T543A", "PA2019": "A30T; K329Q; L331V; W358R", "PA2020": "nt305\u03943", "PA2272": "A104P; V466I", "PA2491": "D249N", "PA2492": "P60S; F172I", "PA3047": "WT", "PA3168": "T83I", "PA3574": "WT", "PA3721": "G71E; E153Q; S209R", "PA3999": "WT", "PA4003": "WT", "PA4020": "WT", "PA4109": "G283E; M288R", "PA4110": "G27D; T105A; V205L; G391A", "PA4266": "WT", "PA4418": "WT", "PA4522": "G148A", "PA4600": "WT", "PA4700": "L353Q; S25G", "PA4776": "L71R", "PA4777": "S2P; A4T; G68S; Y345H; G362S", "PA4964": "S87L", "PA4967": "D533E", "PA5045": "WT", "PA5235": "WT", "PA5471": "L88P; D161G; H182Q; R204C; V243A", "PA5485": "WT"}') ON DUPLICATE KEY UPDATE clonal_complex = 'ST235', mutational_resistome = '{"PA0004": "WT", "PA0424": "V126E", "PA0425": "WT", "PA0426": "G957D; V1042A", "PA0427": "WT", "PA0807": "A208V", "PA0869": "A287S", "PA0958": "WT", "PA1179": "WT", "PA1180": "Y85F", "PA1777": "WT", "PA1798": "H398R", "PA1799": "L153R; S170N", "PA2018": "T543A", "PA2019": "A30T; K329Q; L331V; W358R", "PA2020": "nt305\u03943", "PA2272": "A104P; V466I", "PA2491": "D249N", "PA2492": "P60S; F172I", "PA3047": "WT", "PA3168": "T83I", "PA3574": "WT", "PA3721": "G71E; E153Q; S209R", "PA3999": "WT", "PA4003": "WT", "PA4020": "WT", "PA4109": "G283E; M288R", "PA4110": "G27D; T105A; V205L; G391A", "PA4266": "WT", "PA4418": "WT", "PA4522": "G148A", "PA4600": "WT", "PA4700": "L353Q; S25G", "PA4776": "L71R", "PA4777": "S2P; A4T; G68S; Y345H; G362S", "PA4964": "S87L", "PA4967": "D533E", "PA5045": "WT", "PA5235": "WT", "PA5471": "L88P; D161G; H182Q; R204C; V243A", "PA5485": "WT"}'; 
INSERT INTO metadata_general(isolate_id, isolate_name, project_name, species) VALUES ('124', 'GAL03-013', 'GEMARA', 'Pseudomonas aeruginosa') ON DUPLICATE KEY UPDATE isolate_name = 'GAL03-013', project_name = 'GEMARA', species = 'Pseudomonas aeruginosa'; 
INSERT INTO mic(mic_id, isolate_id, ami, ami_clinical_category, atm_clinical_category, caz, caz_clinical_category, caz_cloxa, cip, cip_clinical_category, col, col_clinical_category, fep, fep_clinical_category, imi, imi_clinical_category, imi_cloxa, mer_clinical_category, pip_tz, pip_tz_clinical_category, tic, tic_clinical_category, tob, tob_clinical_category) VALUES ('124', '124', '16', 'I', 'R', '8', 'S', '+', '2', 'R', '2', 'S', '8', 'S', '16', 'R', '+', 'R', '32', 'R', '128', 'R', '1', 'S') ON DUPLICATE KEY UPDATE ami = '16', ami_clinical_category = 'I', atm_clinical_category = 'R', caz = '8', caz_clinical_category = 'S', caz_cloxa = '+', cip = '2', cip_clinical_category = 'R', col = '2', col_clinical_category = 'S', fep = '8', fep_clinical_category = 'S', imi = '16', imi_clinical_category = 'R', imi_cloxa = '+', mer_clinical_category = 'R', pip_tz = '32', pip_tz_clinical_category = 'R', tic = '128', tic_clinical_category = 'R', tob = '1', tob_clinical_category = 'S'; 
INSERT INTO sequence_analysis(sequence_analysis_id, isolate_id, clonal_complex, mutational_resistome) VALUES ('124', '124', 'ST1068', '{"PA0004": "H148N", "PA0424": "WT", "PA0425": "WT", "PA0426": "WT", "PA0427": "WT", "PA0807": "WT", "PA0869": "S250N", "PA0958": "nt1025InsGGCCC", "PA1179": "WT", "PA1180": "WT", "PA1777": "WT", "PA1798": "A82T; H398R", "PA1799": "WT", "PA2018": "T543A; Q840E", "PA2019": "K329Q; L331V; D346H; W358R", "PA2020": "WT", "PA2272": "A104P", "PA2491": "D249N", "PA2492": "F172I", "PA3047": "A394P", "PA3168": "D87Y", "PA3574": "WT", "PA3721": "G71E; S209R", "PA3999": "WT", "PA4003": "WT", "PA4020": "M297V", "PA4109": "WT", "PA4110": "T21A; T105A; G391A", "PA4266": "WT", "PA4418": "WT", "PA4522": "R11L; G148A; D183Y", "PA4600": "WT", "PA4700": "S25G", "PA4776": "L71R", "PA4777": "Y345H", "PA4964": "WT", "PA4967": "WT", "PA5045": "WT", "PA5235": "WT", "PA5471": "L88P; D119E", "PA5485": "WT"}') ON DUPLICATE KEY UPDATE clonal_complex = 'ST1068', mutational_resistome = '{"PA0004": "H148N", "PA0424": "WT", "PA0425": "WT", "PA0426": "WT", "PA0427": "WT", "PA0807": "WT", "PA0869": "S250N", "PA0958": "nt1025InsGGCCC", "PA1179": "WT", "PA1180": "WT", "PA1777": "WT", "PA1798": "A82T; H398R", "PA1799": "WT", "PA2018": "T543A; Q840E", "PA2019": "K329Q; L331V; D346H; W358R", "PA2020": "WT", "PA2272": "A104P", "PA2491": "D249N", "PA2492": "F172I", "PA3047": "A394P", "PA3168": "D87Y", "PA3574": "WT", "PA3721": "G71E; S209R", "PA3999": "WT", "PA4003": "WT", "PA4020": "M297V", "PA4109": "WT", "PA4110": "T21A; T105A; G391A", "PA4266": "WT", "PA4418": "WT", "PA4522": "R11L; G148A; D183Y", "PA4600": "WT", "PA4700": "S25G", "PA4776": "L71R", "PA4777": "Y345H", "PA4964": "WT", "PA4967": "WT", "PA5045": "WT", "PA5235": "WT", "PA5471": "L88P; D119E", "PA5485": "WT"}'; 
INSERT INTO metadata_general(isolate_id, isolate_name, project_name, species) VALUES ('125', 'GAL03-019', 'GEMARA', 'Pseudomonas aeruginosa') ON DUPLICATE KEY UPDATE isolate_name = 'GAL03-019', project_name = 'GEMARA', species = 'Pseudomonas aeruginosa'; 
INSERT INTO mic(mic_id, isolate_id, ami, ami_clinical_category, atm_clinical_category, caz, caz_clinical_category, caz_cloxa, cip, cip_clinical_category, col, col_clinical_category, fep, fep_clinical_category, imi, imi_clinical_category, imi_cloxa, mer_clinical_category, pip_tz, pip_tz_clinical_category, tic, tic_clinical_category, tob, tob_clinical_category) VALUES ('125', '125', '<=2', 'S', 'I', '16', 'R', '+', '>16', 'R', '1', 'S', '8', 'S', '2', 'S', 'nan', 'I', '128', 'R', '128', 'R', '<=0.25', 'S') ON DUPLICATE KEY UPDATE ami = '<=2', ami_clinical_category = 'S', atm_clinical_category = 'I', caz = '16', caz_clinical_category = 'R', caz_cloxa = '+', cip = '>16', cip_clinical_category = 'R', col = '1', col_clinical_category = 'S', fep = '8', fep_clinical_category = 'S', imi = '2', imi_clinical_category = 'S', imi_cloxa = 'nan', mer_clinical_category = 'I', pip_tz = '128', pip_tz_clinical_category = 'R', tic = '128', tic_clinical_category = 'R', tob = '<=0.25', tob_clinical_category = 'S'; 
INSERT INTO sequence_analysis(sequence_analysis_id, isolate_id, clonal_complex, mutational_resistome) VALUES ('125', '125', 'ST244', '{"PA0004": "WT", "PA0424": "WT", "PA0425": "WT", "PA0426": "WT", "PA0427": "WT", "PA0807": "A219T", "PA0869": "S250N", "PA0958": "WT", "PA1179": "WT", "PA1180": "WT", "PA1777": "WT", "PA1798": "H398R", "PA1799": "WT", "PA2018": "T543A; Q840E", "PA2019": "K329Q; L331V; W358R", "PA2020": "V43G", "PA2272": "A104P", "PA2491": "A75V; D249N", "PA2492": "P60S; F172I; R209S", "PA3047": "WT", "PA3168": "T83I", "PA3574": "nt475\u039416", "PA3721": "WT", "PA3999": "WT", "PA4003": "WT", "PA4020": "A303V; M297V", "PA4109": "WT", "PA4110": "WT", "PA4266": "WT", "PA4418": "I347T", "PA4522": "R11L; G148A; D183Y; nt436\u03941", "PA4600": "WT", "PA4700": "S96N", "PA4776": "L71R", "PA4777": "WT", "PA4964": "S87L", "PA4967": "WT", "PA5045": "WT", "PA5235": "A121T; nt575\u039413", "PA5471": "L88P; D161G; H182Q; V243A", "PA5485": "WT"}') ON DUPLICATE KEY UPDATE clonal_complex = 'ST244', mutational_resistome = '{"PA0004": "WT", "PA0424": "WT", "PA0425": "WT", "PA0426": "WT", "PA0427": "WT", "PA0807": "A219T", "PA0869": "S250N", "PA0958": "WT", "PA1179": "WT", "PA1180": "WT", "PA1777": "WT", "PA1798": "H398R", "PA1799": "WT", "PA2018": "T543A; Q840E", "PA2019": "K329Q; L331V; W358R", "PA2020": "V43G", "PA2272": "A104P", "PA2491": "A75V; D249N", "PA2492": "P60S; F172I; R209S", "PA3047": "WT", "PA3168": "T83I", "PA3574": "nt475\u039416", "PA3721": "WT", "PA3999": "WT", "PA4003": "WT", "PA4020": "A303V; M297V", "PA4109": "WT", "PA4110": "WT", "PA4266": "WT", "PA4418": "I347T", "PA4522": "R11L; G148A; D183Y; nt436\u03941", "PA4600": "WT", "PA4700": "S96N", "PA4776": "L71R", "PA4777": "WT", "PA4964": "S87L", "PA4967": "WT", "PA5045": "WT", "PA5235": "A121T; nt575\u039413", "PA5471": "L88P; D161G; H182Q; V243A", "PA5485": "WT"}'; 
INSERT INTO metadata_general(isolate_id, isolate_name, project_name, species) VALUES ('126', 'GAL04-041', 'GEMARA', 'Pseudomonas aeruginosa') ON DUPLICATE KEY UPDATE isolate_name = 'GAL04-041', project_name = 'GEMARA', species = 'Pseudomonas aeruginosa'; 
INSERT INTO mic(mic_id, isolate_id, ami, ami_clinical_category, atm_clinical_category, caz, caz_clinical_category, caz_cloxa, cip, cip_clinical_category, col, col_clinical_category, fep, fep_clinical_category, imi, imi_clinical_category, imi_cloxa, mer_clinical_category, pip_tz, pip_tz_clinical_category, tic, tic_clinical_category, tob, tob_clinical_category) VALUES ('126', '126', '8', 'S', 'R', '64', 'R', 'nan', '>16', 'R', '1', 'S', '32', 'R', '8', 'I', '+', 'R', '>256', 'R', '256', 'R', '1', 'S') ON DUPLICATE KEY UPDATE ami = '8', ami_clinical_category = 'S', atm_clinical_category = 'R', caz = '64', caz_clinical_category = 'R', caz_cloxa = 'nan', cip = '>16', cip_clinical_category = 'R', col = '1', col_clinical_category = 'S', fep = '32', fep_clinical_category = 'R', imi = '8', imi_clinical_category = 'I', imi_cloxa = '+', mer_clinical_category = 'R', pip_tz = '>256', pip_tz_clinical_category = 'R', tic = '256', tic_clinical_category = 'R', tob = '1', tob_clinical_category = 'S'; 
INSERT INTO sequence_analysis(sequence_analysis_id, isolate_id, clonal_complex, mutational_resistome) VALUES ('126', '126', 'ST235', '{"PA0004": "WT", "PA0424": "V126E", "PA0425": "WT", "PA0426": "G957D", "PA0427": "WT", "PA0807": "A208V", "PA0869": "A287S", "PA0958": "W417X", "PA1179": "WT", "PA1180": "Y85F", "PA1777": "WT", "PA1798": "H398R", "PA1799": "L153R; S170N", "PA2018": "T543A", "PA2019": "A30T; K329Q; L331V; W358R", "PA2020": "nt99\u03941", "PA2272": "A104P; V466I", "PA2491": "D249N", "PA2492": "P60S; F172I", "PA3047": "WT", "PA3168": "T83I", "PA3574": "nt295\u039417", "PA3721": "G71E; E153Q; S209R", "PA3999": "WT", "PA4003": "WT", "PA4020": "WT", "PA4109": "G283E; M288R", "PA4110": "G27D; A97V; T105A; F147L; V205L; G391A", "PA4266": "WT", "PA4418": "WT", "PA4522": "G148A", "PA4600": "WT", "PA4700": "L353Q; S25G", "PA4776": "L71R", "PA4777": "A4T; G68S; Y345H; G362S", "PA4964": "S87L", "PA4967": "D533E", "PA5045": "WT", "PA5235": "WT", "PA5471": "L88P; D161G; H182Q; R204C; V243A", "PA5485": "WT"}') ON DUPLICATE KEY UPDATE clonal_complex = 'ST235', mutational_resistome = '{"PA0004": "WT", "PA0424": "V126E", "PA0425": "WT", "PA0426": "G957D", "PA0427": "WT", "PA0807": "A208V", "PA0869": "A287S", "PA0958": "W417X", "PA1179": "WT", "PA1180": "Y85F", "PA1777": "WT", "PA1798": "H398R", "PA1799": "L153R; S170N", "PA2018": "T543A", "PA2019": "A30T; K329Q; L331V; W358R", "PA2020": "nt99\u03941", "PA2272": "A104P; V466I", "PA2491": "D249N", "PA2492": "P60S; F172I", "PA3047": "WT", "PA3168": "T83I", "PA3574": "nt295\u039417", "PA3721": "G71E; E153Q; S209R", "PA3999": "WT", "PA4003": "WT", "PA4020": "WT", "PA4109": "G283E; M288R", "PA4110": "G27D; A97V; T105A; F147L; V205L; G391A", "PA4266": "WT", "PA4418": "WT", "PA4522": "G148A", "PA4600": "WT", "PA4700": "L353Q; S25G", "PA4776": "L71R", "PA4777": "A4T; G68S; Y345H; G362S", "PA4964": "S87L", "PA4967": "D533E", "PA5045": "WT", "PA5235": "WT", "PA5471": "L88P; D161G; H182Q; R204C; V243A", "PA5485": "WT"}'; 
INSERT INTO metadata_general(isolate_id, isolate_name, project_name, species) VALUES ('127', 'GAL04-042', 'GEMARA', 'Pseudomonas aeruginosa') ON DUPLICATE KEY UPDATE isolate_name = 'GAL04-042', project_name = 'GEMARA', species = 'Pseudomonas aeruginosa'; 
INSERT INTO mic(mic_id, isolate_id, ami, ami_clinical_category, atm_clinical_category, caz, caz_clinical_category, caz_cloxa, cip, cip_clinical_category, col, col_clinical_category, fep, fep_clinical_category, imi, imi_clinical_category, imi_cloxa, mer_clinical_category, pip_tz, pip_tz_clinical_category, tic, tic_clinical_category, tob, tob_clinical_category) VALUES ('127', '127', '<=2', 'S', 'R', '32', 'R', '+', '>16', 'R', '1', 'S', '16', 'R', '16', 'R', '+', 'I', '64', 'R', '64', 'R', '<=0.25', 'S') ON DUPLICATE KEY UPDATE ami = '<=2', ami_clinical_category = 'S', atm_clinical_category = 'R', caz = '32', caz_clinical_category = 'R', caz_cloxa = '+', cip = '>16', cip_clinical_category = 'R', col = '1', col_clinical_category = 'S', fep = '16', fep_clinical_category = 'R', imi = '16', imi_clinical_category = 'R', imi_cloxa = '+', mer_clinical_category = 'I', pip_tz = '64', pip_tz_clinical_category = 'R', tic = '64', tic_clinical_category = 'R', tob = '<=0.25', tob_clinical_category = 'S'; 
INSERT INTO sequence_analysis(sequence_analysis_id, isolate_id, clonal_complex, mutational_resistome) VALUES ('127', '127', 'ST17', '{"PA0004": "WT", "PA0424": "WT", "PA0425": "WT", "PA0426": "WT", "PA0427": "WT", "PA0807": "A219T", "PA0869": "S250N", "PA0958": "WT", "PA1179": "WT", "PA1180": "WT", "PA1777": "WT", "PA1798": "H398R", "PA1799": "WT", "PA2018": "WT", "PA2019": "L331V", "PA2020": "WT", "PA2272": "WT", "PA2491": "WT", "PA2492": "WT", "PA3047": "WT", "PA3168": "T83I", "PA3574": "WT", "PA3721": "G71E", "PA3999": "V29I", "PA4003": "WT", "PA4020": "Ter452Rext*", "PA4109": "WT", "PA4110": "WT", "PA4266": "WT", "PA4418": "WT", "PA4522": "A136V; G148A", "PA4600": "WT", "PA4700": "WT", "PA4776": "WT", "PA4777": "Y345H", "PA4964": "S87L", "PA4967": "WT", "PA5045": "P388S", "PA5235": "WT", "PA5471": "C40R; L88P; D161G", "PA5485": "WT"}') ON DUPLICATE KEY UPDATE clonal_complex = 'ST17', mutational_resistome = '{"PA0004": "WT", "PA0424": "WT", "PA0425": "WT", "PA0426": "WT", "PA0427": "WT", "PA0807": "A219T", "PA0869": "S250N", "PA0958": "WT", "PA1179": "WT", "PA1180": "WT", "PA1777": "WT", "PA1798": "H398R", "PA1799": "WT", "PA2018": "WT", "PA2019": "L331V", "PA2020": "WT", "PA2272": "WT", "PA2491": "WT", "PA2492": "WT", "PA3047": "WT", "PA3168": "T83I", "PA3574": "WT", "PA3721": "G71E", "PA3999": "V29I", "PA4003": "WT", "PA4020": "Ter452Rext*", "PA4109": "WT", "PA4110": "WT", "PA4266": "WT", "PA4418": "WT", "PA4522": "A136V; G148A", "PA4600": "WT", "PA4700": "WT", "PA4776": "WT", "PA4777": "Y345H", "PA4964": "S87L", "PA4967": "WT", "PA5045": "P388S", "PA5235": "WT", "PA5471": "C40R; L88P; D161G", "PA5485": "WT"}'; 
INSERT INTO metadata_general(isolate_id, isolate_name, project_name, species) VALUES ('128', 'GAL04-044', 'GEMARA', 'Pseudomonas aeruginosa') ON DUPLICATE KEY UPDATE isolate_name = 'GAL04-044', project_name = 'GEMARA', species = 'Pseudomonas aeruginosa'; 
INSERT INTO mic(mic_id, isolate_id, ami, ami_clinical_category, atm_clinical_category, caz, caz_clinical_category, caz_cloxa, cip, cip_clinical_category, col, col_clinical_category, fep, fep_clinical_category, imi, imi_clinical_category, imi_cloxa, mer_clinical_category, pip_tz, pip_tz_clinical_category, tic, tic_clinical_category, tob, tob_clinical_category) VALUES ('128', '128', '8', 'S', 'R', '>64', 'R', '+', '4', 'R', '1', 'S', '64', 'R', '16', 'R', '+', 'R', '>256', 'R', '512', 'R', '1', 'S') ON DUPLICATE KEY UPDATE ami = '8', ami_clinical_category = 'S', atm_clinical_category = 'R', caz = '>64', caz_clinical_category = 'R', caz_cloxa = '+', cip = '4', cip_clinical_category = 'R', col = '1', col_clinical_category = 'S', fep = '64', fep_clinical_category = 'R', imi = '16', imi_clinical_category = 'R', imi_cloxa = '+', mer_clinical_category = 'R', pip_tz = '>256', pip_tz_clinical_category = 'R', tic = '512', tic_clinical_category = 'R', tob = '1', tob_clinical_category = 'S'; 
INSERT INTO sequence_analysis(sequence_analysis_id, isolate_id, clonal_complex, mutational_resistome) VALUES ('128', '128', 'ST649', '{"PA0004": "WT", "PA0424": "V126E", "PA0425": "WT", "PA0426": "WT", "PA0427": "T180I", "PA0807": "A219T", "PA0869": "WT", "PA0958": "nt276insTGACCT", "PA1179": "WT", "PA1180": "WT", "PA1777": "WT", "PA1798": "H398R", "PA1799": "WT", "PA2018": "Q282R; T543A", "PA2019": "K329Q", "PA2020": "WT", "PA2272": "A104P", "PA2491": "D249N", "PA2492": "P60S; F172I", "PA3047": "WT", "PA3168": "T83I", "PA3574": "WT", "PA3721": "G71E; S209R", "PA3999": "WT", "PA4003": "WT", "PA4020": "M297V", "PA4109": "D135N", "PA4110": "A24G", "PA4266": "WT", "PA4418": "WT", "PA4522": "WT", "PA4600": "WT", "PA4700": "L353Q", "PA4776": "L71R", "PA4777": "Y345H", "PA4964": "WT", "PA4967": "D533E", "PA5045": "WT", "PA5235": "WT", "PA5471": "L88P; D119E", "PA5485": "WT"}') ON DUPLICATE KEY UPDATE clonal_complex = 'ST649', mutational_resistome = '{"PA0004": "WT", "PA0424": "V126E", "PA0425": "WT", "PA0426": "WT", "PA0427": "T180I", "PA0807": "A219T", "PA0869": "WT", "PA0958": "nt276insTGACCT", "PA1179": "WT", "PA1180": "WT", "PA1777": "WT", "PA1798": "H398R", "PA1799": "WT", "PA2018": "Q282R; T543A", "PA2019": "K329Q", "PA2020": "WT", "PA2272": "A104P", "PA2491": "D249N", "PA2492": "P60S; F172I", "PA3047": "WT", "PA3168": "T83I", "PA3574": "WT", "PA3721": "G71E; S209R", "PA3999": "WT", "PA4003": "WT", "PA4020": "M297V", "PA4109": "D135N", "PA4110": "A24G", "PA4266": "WT", "PA4418": "WT", "PA4522": "WT", "PA4600": "WT", "PA4700": "L353Q", "PA4776": "L71R", "PA4777": "Y345H", "PA4964": "WT", "PA4967": "D533E", "PA5045": "WT", "PA5235": "WT", "PA5471": "L88P; D119E", "PA5485": "WT"}'; 
INSERT INTO metadata_general(isolate_id, isolate_name, project_name, species) VALUES ('129', 'GAL05-003', 'GEMARA', 'Pseudomonas aeruginosa') ON DUPLICATE KEY UPDATE isolate_name = 'GAL05-003', project_name = 'GEMARA', species = 'Pseudomonas aeruginosa'; 
INSERT INTO mic(mic_id, isolate_id, ami, ami_clinical_category, atm_clinical_category, caz, caz_clinical_category, caz_cloxa, cip, cip_clinical_category, col, col_clinical_category, fep, fep_clinical_category, imi, imi_clinical_category, imi_cloxa, mer_clinical_category, pip_tz, pip_tz_clinical_category, tic, tic_clinical_category, tob, tob_clinical_category) VALUES ('129', '129', '<=2', 'S', 'I', '8', 'S', '+', '>16', 'R', '1', 'S', '8', 'S', '8', 'I', '+', 'S', '32', 'R', '64', 'R', '32', 'R') ON DUPLICATE KEY UPDATE ami = '<=2', ami_clinical_category = 'S', atm_clinical_category = 'I', caz = '8', caz_clinical_category = 'S', caz_cloxa = '+', cip = '>16', cip_clinical_category = 'R', col = '1', col_clinical_category = 'S', fep = '8', fep_clinical_category = 'S', imi = '8', imi_clinical_category = 'I', imi_cloxa = '+', mer_clinical_category = 'S', pip_tz = '32', pip_tz_clinical_category = 'R', tic = '64', tic_clinical_category = 'R', tob = '32', tob_clinical_category = 'R'; 
INSERT INTO sequence_analysis(sequence_analysis_id, isolate_id, clonal_complex, mutational_resistome) VALUES ('129', '129', 'ST308', '{"PA0004": "E468D", "PA0424": "V126E", "PA0425": "WT", "PA0426": "G957D", "PA0427": "WT", "PA0807": "L246P", "PA0869": "A287S", "PA0958": "Q158X", "PA1179": "WT", "PA1180": "WT", "PA1777": "WT", "PA1798": "V216A; H398R", "PA1799": "L153R; S170N", "PA2018": "T543A; G589A; Q840E", "PA2019": "A30T; K329Q; L331V; W358R", "PA2020": "G89S; aa163InsY", "PA2272": "A104P", "PA2491": "V73A; D249N", "PA2492": "F172I", "PA3047": "WT", "PA3168": "T83I", "PA3574": "WT", "PA3721": "G71E; D79E; S209R", "PA3999": "WT", "PA4003": "WT", "PA4020": "WT", "PA4109": "G283E; M288R", "PA4110": "T105A; V205L; V356I; G391A", "PA4266": "WT", "PA4418": "WT", "PA4522": "A96T", "PA4600": "WT", "PA4700": "L353Q; S25G", "PA4776": "WT", "PA4777": "A4T; V15I; G68S; Y345H", "PA4964": "S87L; P752T", "PA4967": "P438S; D533E", "PA5045": "D73N", "PA5235": "WT", "PA5471": "C40R; L88P; S112N; D119E; I237V; V243A", "PA5485": "V40I"}') ON DUPLICATE KEY UPDATE clonal_complex = 'ST308', mutational_resistome = '{"PA0004": "E468D", "PA0424": "V126E", "PA0425": "WT", "PA0426": "G957D", "PA0427": "WT", "PA0807": "L246P", "PA0869": "A287S", "PA0958": "Q158X", "PA1179": "WT", "PA1180": "WT", "PA1777": "WT", "PA1798": "V216A; H398R", "PA1799": "L153R; S170N", "PA2018": "T543A; G589A; Q840E", "PA2019": "A30T; K329Q; L331V; W358R", "PA2020": "G89S; aa163InsY", "PA2272": "A104P", "PA2491": "V73A; D249N", "PA2492": "F172I", "PA3047": "WT", "PA3168": "T83I", "PA3574": "WT", "PA3721": "G71E; D79E; S209R", "PA3999": "WT", "PA4003": "WT", "PA4020": "WT", "PA4109": "G283E; M288R", "PA4110": "T105A; V205L; V356I; G391A", "PA4266": "WT", "PA4418": "WT", "PA4522": "A96T", "PA4600": "WT", "PA4700": "L353Q; S25G", "PA4776": "WT", "PA4777": "A4T; V15I; G68S; Y345H", "PA4964": "S87L; P752T", "PA4967": "P438S; D533E", "PA5045": "D73N", "PA5235": "WT", "PA5471": "C40R; L88P; S112N; D119E; I237V; V243A", "PA5485": "V40I"}'; 
INSERT INTO metadata_general(isolate_id, isolate_name, project_name, species) VALUES ('130', 'GAL05-014', 'GEMARA', 'Pseudomonas aeruginosa') ON DUPLICATE KEY UPDATE isolate_name = 'GAL05-014', project_name = 'GEMARA', species = 'Pseudomonas aeruginosa'; 
INSERT INTO mic(mic_id, isolate_id, ami, ami_clinical_category, atm_clinical_category, caz, caz_clinical_category, caz_cloxa, cip, cip_clinical_category, col, col_clinical_category, fep, fep_clinical_category, imi, imi_clinical_category, imi_cloxa, mer_clinical_category, pip_tz, pip_tz_clinical_category, tic, tic_clinical_category, tob, tob_clinical_category) VALUES ('130', '130', '32', 'R', 'I', '8', 'S', '+', '1', 'R', '1', 'S', '16', 'R', '2', 'S', 'nan', 'S', '32', 'R', '128', 'R', '2', 'S') ON DUPLICATE KEY UPDATE ami = '32', ami_clinical_category = 'R', atm_clinical_category = 'I', caz = '8', caz_clinical_category = 'S', caz_cloxa = '+', cip = '1', cip_clinical_category = 'R', col = '1', col_clinical_category = 'S', fep = '16', fep_clinical_category = 'R', imi = '2', imi_clinical_category = 'S', imi_cloxa = 'nan', mer_clinical_category = 'S', pip_tz = '32', pip_tz_clinical_category = 'R', tic = '128', tic_clinical_category = 'R', tob = '2', tob_clinical_category = 'S'; 
INSERT INTO sequence_analysis(sequence_analysis_id, isolate_id, clonal_complex, mutational_resistome) VALUES ('130', '130', 'ST274', '{"PA0004": "H148N", "PA0424": "WT", "PA0425": "WT", "PA0426": "WT", "PA0427": "WT", "PA0807": "WT", "PA0869": "S250N", "PA0958": "WT", "PA1179": "WT", "PA1180": "WT", "PA1777": "WT", "PA1798": "A82T; H398R", "PA1799": "WT", "PA2018": "T543A; Q840E", "PA2019": "K329Q; L331V; D346H; W358R", "PA2020": "WT", "PA2272": "A104P", "PA2491": "D249N", "PA2492": "F172I", "PA3047": "A358V; A394P", "PA3168": "WT", "PA3574": "T11N", "PA3721": "G71E; S209R", "PA3999": "WT", "PA4003": "WT", "PA4020": "M297V", "PA4109": "WT", "PA4110": "T21A; T105A; G391A", "PA4266": "WT", "PA4418": "WT", "PA4522": "R11L; A96T; G148A; D183Y", "PA4600": "WT", "PA4700": "S25G", "PA4776": "L71R", "PA4777": "Y345H", "PA4964": "WT", "PA4967": "WT", "PA5045": "WT", "PA5235": "WT", "PA5471": "L88P; D119E", "PA5485": "WT"}') ON DUPLICATE KEY UPDATE clonal_complex = 'ST274', mutational_resistome = '{"PA0004": "H148N", "PA0424": "WT", "PA0425": "WT", "PA0426": "WT", "PA0427": "WT", "PA0807": "WT", "PA0869": "S250N", "PA0958": "WT", "PA1179": "WT", "PA1180": "WT", "PA1777": "WT", "PA1798": "A82T; H398R", "PA1799": "WT", "PA2018": "T543A; Q840E", "PA2019": "K329Q; L331V; D346H; W358R", "PA2020": "WT", "PA2272": "A104P", "PA2491": "D249N", "PA2492": "F172I", "PA3047": "A358V; A394P", "PA3168": "WT", "PA3574": "T11N", "PA3721": "G71E; S209R", "PA3999": "WT", "PA4003": "WT", "PA4020": "M297V", "PA4109": "WT", "PA4110": "T21A; T105A; G391A", "PA4266": "WT", "PA4418": "WT", "PA4522": "R11L; A96T; G148A; D183Y", "PA4600": "WT", "PA4700": "S25G", "PA4776": "L71R", "PA4777": "Y345H", "PA4964": "WT", "PA4967": "WT", "PA5045": "WT", "PA5235": "WT", "PA5471": "L88P; D119E", "PA5485": "WT"}'; 
INSERT INTO metadata_general(isolate_id, isolate_name, project_name, species) VALUES ('131', 'GAL06-002', 'GEMARA', 'Pseudomonas aeruginosa') ON DUPLICATE KEY UPDATE isolate_name = 'GAL06-002', project_name = 'GEMARA', species = 'Pseudomonas aeruginosa'; 
INSERT INTO mic(mic_id, isolate_id, ami, ami_clinical_category, atm_clinical_category, caz, caz_clinical_category, caz_cloxa, cip, cip_clinical_category, col, col_clinical_category, fep, fep_clinical_category, imi, imi_clinical_category, imi_cloxa, mer_clinical_category, pip_tz, pip_tz_clinical_category, tic, tic_clinical_category, tob, tob_clinical_category) VALUES ('131', '131', '<=2', 'S', 'I', '2', 'S', '+', '>16', 'R', '4', 'R', '8', 'S', '<=0.5', 'S', 'nan', 'S', '64', 'R', '>512', 'R', '>32', 'R') ON DUPLICATE KEY UPDATE ami = '<=2', ami_clinical_category = 'S', atm_clinical_category = 'I', caz = '2', caz_clinical_category = 'S', caz_cloxa = '+', cip = '>16', cip_clinical_category = 'R', col = '4', col_clinical_category = 'R', fep = '8', fep_clinical_category = 'S', imi = '<=0.5', imi_clinical_category = 'S', imi_cloxa = 'nan', mer_clinical_category = 'S', pip_tz = '64', pip_tz_clinical_category = 'R', tic = '>512', tic_clinical_category = 'R', tob = '>32', tob_clinical_category = 'R'; 
INSERT INTO sequence_analysis(sequence_analysis_id, isolate_id, clonal_complex, mutational_resistome) VALUES ('131', '131', 'ST2223', '{"PA0004": "WT", "PA0424": "V126E", "PA0425": "WT", "PA0426": "WT", "PA0427": "WT", "PA0807": "A208V", "PA0869": "S250N", "PA0958": "WT", "PA1179": "WT", "PA1180": "WT", "PA1777": "WT", "PA1798": "S277N; H398R", "PA1799": "L153R; S170N", "PA2018": "I536V; T543A", "PA2019": "K329Q; L331V; W358R", "PA2020": "A47V", "PA2272": "A104P", "PA2491": "D249N", "PA2492": "P60S; F172I", "PA3047": "F324I", "PA3168": "T83I; D87N", "PA3574": "WT", "PA3721": "G71E; D79E; S209R", "PA3999": "WT", "PA4003": "WT", "PA4020": "A428T; M297V; S131N", "PA4109": "G283E; M288R", "PA4110": "P23S; T105A; G391A", "PA4266": "WT", "PA4418": "WT", "PA4522": "A29V; W97C; G148A", "PA4600": "WT", "PA4700": "L353Q; S25G", "PA4776": "WT", "PA4777": "A4T; V15I; G68S; Y345H", "PA4964": "S87L", "PA4967": "D533E", "PA5045": "WT", "PA5235": "WT", "PA5471": "C40R; L88P; S112N; D119E; D207N; I237V; V243A", "PA5485": "nt4\u03944 "}') ON DUPLICATE KEY UPDATE clonal_complex = 'ST2223', mutational_resistome = '{"PA0004": "WT", "PA0424": "V126E", "PA0425": "WT", "PA0426": "WT", "PA0427": "WT", "PA0807": "A208V", "PA0869": "S250N", "PA0958": "WT", "PA1179": "WT", "PA1180": "WT", "PA1777": "WT", "PA1798": "S277N; H398R", "PA1799": "L153R; S170N", "PA2018": "I536V; T543A", "PA2019": "K329Q; L331V; W358R", "PA2020": "A47V", "PA2272": "A104P", "PA2491": "D249N", "PA2492": "P60S; F172I", "PA3047": "F324I", "PA3168": "T83I; D87N", "PA3574": "WT", "PA3721": "G71E; D79E; S209R", "PA3999": "WT", "PA4003": "WT", "PA4020": "A428T; M297V; S131N", "PA4109": "G283E; M288R", "PA4110": "P23S; T105A; G391A", "PA4266": "WT", "PA4418": "WT", "PA4522": "A29V; W97C; G148A", "PA4600": "WT", "PA4700": "L353Q; S25G", "PA4776": "WT", "PA4777": "A4T; V15I; G68S; Y345H", "PA4964": "S87L", "PA4967": "D533E", "PA5045": "WT", "PA5235": "WT", "PA5471": "C40R; L88P; S112N; D119E; D207N; I237V; V243A", "PA5485": "nt4\u03944 "}'; 
INSERT INTO metadata_general(isolate_id, isolate_name, project_name, species) VALUES ('132', 'GAL06-004', 'GEMARA', 'Pseudomonas aeruginosa') ON DUPLICATE KEY UPDATE isolate_name = 'GAL06-004', project_name = 'GEMARA', species = 'Pseudomonas aeruginosa'; 
INSERT INTO mic(mic_id, isolate_id, ami, ami_clinical_category, atm_clinical_category, caz, caz_clinical_category, caz_cloxa, cip, cip_clinical_category, col, col_clinical_category, fep, fep_clinical_category, imi, imi_clinical_category, imi_cloxa, mer_clinical_category, pip_tz, pip_tz_clinical_category, tic, tic_clinical_category, tob, tob_clinical_category) VALUES ('132', '132', '4', 'S', 'I', '8', 'S', 'nan', '>16', 'R', '1', 'S', '8', 'S', '16', 'R', '+', 'R', '32', 'R', '>512', 'R', '16', 'R') ON DUPLICATE KEY UPDATE ami = '4', ami_clinical_category = 'S', atm_clinical_category = 'I', caz = '8', caz_clinical_category = 'S', caz_cloxa = 'nan', cip = '>16', cip_clinical_category = 'R', col = '1', col_clinical_category = 'S', fep = '8', fep_clinical_category = 'S', imi = '16', imi_clinical_category = 'R', imi_cloxa = '+', mer_clinical_category = 'R', pip_tz = '32', pip_tz_clinical_category = 'R', tic = '>512', tic_clinical_category = 'R', tob = '16', tob_clinical_category = 'R'; 
INSERT INTO sequence_analysis(sequence_analysis_id, isolate_id, clonal_complex, mutational_resistome) VALUES ('132', '132', 'ST3196', '{"PA0004": "WT", "PA0424": "WT", "PA0425": "WT", "PA0426": "I745V", "PA0427": "WT", "PA0807": "A219T", "PA0869": "P88S", "PA0958": "Q422X", "PA1179": "WT", "PA1180": "WT", "PA1777": "WT", "PA1798": "H398R", "PA1799": "WT", "PA2018": "F29S; T543A; A772T; Q840E; Q1039R", "PA2019": "K329Q; L331V; W358R", "PA2020": "WT", "PA2272": "A104P", "PA2491": "D249N", "PA2492": "P60S; F172I", "PA3047": "WT", "PA3168": "WT", "PA3574": "WT", "PA3721": "G71E; S209R", "PA3999": "WT", "PA4003": "WT", "PA4020": "M297V", "PA4109": "WT", "PA4110": "T105A", "PA4266": "WT", "PA4418": "N117S", "PA4522": "R11L; G137E; G148A; D183Y", "PA4600": "WT", "PA4700": "L353Q; S25G", "PA4776": "L71R", "PA4777": "Y345H", "PA4964": "WT", "PA4967": "WT", "PA5045": "WT", "PA5235": "WT", "PA5471": "L88P; D161G; H182Q; V243A", "PA5485": "WT"}') ON DUPLICATE KEY UPDATE clonal_complex = 'ST3196', mutational_resistome = '{"PA0004": "WT", "PA0424": "WT", "PA0425": "WT", "PA0426": "I745V", "PA0427": "WT", "PA0807": "A219T", "PA0869": "P88S", "PA0958": "Q422X", "PA1179": "WT", "PA1180": "WT", "PA1777": "WT", "PA1798": "H398R", "PA1799": "WT", "PA2018": "F29S; T543A; A772T; Q840E; Q1039R", "PA2019": "K329Q; L331V; W358R", "PA2020": "WT", "PA2272": "A104P", "PA2491": "D249N", "PA2492": "P60S; F172I", "PA3047": "WT", "PA3168": "WT", "PA3574": "WT", "PA3721": "G71E; S209R", "PA3999": "WT", "PA4003": "WT", "PA4020": "M297V", "PA4109": "WT", "PA4110": "T105A", "PA4266": "WT", "PA4418": "N117S", "PA4522": "R11L; G137E; G148A; D183Y", "PA4600": "WT", "PA4700": "L353Q; S25G", "PA4776": "L71R", "PA4777": "Y345H", "PA4964": "WT", "PA4967": "WT", "PA5045": "WT", "PA5235": "WT", "PA5471": "L88P; D161G; H182Q; V243A", "PA5485": "WT"}'; 
INSERT INTO metadata_general(isolate_id, isolate_name, project_name, species) VALUES ('133', 'GAL06-007', 'GEMARA', 'Pseudomonas aeruginosa') ON DUPLICATE KEY UPDATE isolate_name = 'GAL06-007', project_name = 'GEMARA', species = 'Pseudomonas aeruginosa'; 
INSERT INTO mic(mic_id, isolate_id, ami, ami_clinical_category, atm_clinical_category, caz, caz_clinical_category, caz_cloxa, cip, cip_clinical_category, col, col_clinical_category, fep, fep_clinical_category, imi, imi_clinical_category, imi_cloxa, mer_clinical_category, pip_tz, pip_tz_clinical_category, tic, tic_clinical_category, tob, tob_clinical_category) VALUES ('133', '133', '8', 'S', 'R', '64', 'R', '+', '>16', 'R', '4', 'R', '32', 'R', '16', 'R', '+', 'R', '256', 'R', '256', 'R', '>32', 'R') ON DUPLICATE KEY UPDATE ami = '8', ami_clinical_category = 'S', atm_clinical_category = 'R', caz = '64', caz_clinical_category = 'R', caz_cloxa = '+', cip = '>16', cip_clinical_category = 'R', col = '4', col_clinical_category = 'R', fep = '32', fep_clinical_category = 'R', imi = '16', imi_clinical_category = 'R', imi_cloxa = '+', mer_clinical_category = 'R', pip_tz = '256', pip_tz_clinical_category = 'R', tic = '256', tic_clinical_category = 'R', tob = '>32', tob_clinical_category = 'R'; 
INSERT INTO sequence_analysis(sequence_analysis_id, isolate_id, clonal_complex, mutational_resistome) VALUES ('133', '133', 'ST2223', '{"PA0004": "WT", "PA0424": "V126E", "PA0425": "WT", "PA0426": "WT", "PA0427": "WT", "PA0807": "A208V", "PA0869": "S250N", "PA0958": "WT", "PA1179": "WT", "PA1180": "WT", "PA1777": "WT", "PA1798": "S277N; H398R", "PA1799": "L153R; S170N", "PA2018": "I536V; T543A", "PA2019": "K329Q; L331V; W358R", "PA2020": "A47V", "PA2272": "A104P", "PA2491": "D249N", "PA2492": "P60S; F172I", "PA3047": "F324I", "PA3168": "T83I; D87N", "PA3574": "WT", "PA3721": "G71E; D79E; S209R", "PA3999": "WT", "PA4003": "WT", "PA4020": "A428T; M297V; S131N", "PA4109": "G283E; M288R", "PA4110": "P23S; T105A; G391A", "PA4266": "WT", "PA4418": "WT", "PA4522": "A29V; W97C; G148A", "PA4600": "WT", "PA4700": "L353Q; S25G", "PA4776": "WT", "PA4777": "A4T; V15I; G68S; Y345H", "PA4964": "S87L", "PA4967": "L444V; D533E", "PA5045": "WT", "PA5235": "nt210\u03946", "PA5471": "C40R; L88P; S112N; D119E; D207N; I237V; V243A", "PA5485": "WT"}') ON DUPLICATE KEY UPDATE clonal_complex = 'ST2223', mutational_resistome = '{"PA0004": "WT", "PA0424": "V126E", "PA0425": "WT", "PA0426": "WT", "PA0427": "WT", "PA0807": "A208V", "PA0869": "S250N", "PA0958": "WT", "PA1179": "WT", "PA1180": "WT", "PA1777": "WT", "PA1798": "S277N; H398R", "PA1799": "L153R; S170N", "PA2018": "I536V; T543A", "PA2019": "K329Q; L331V; W358R", "PA2020": "A47V", "PA2272": "A104P", "PA2491": "D249N", "PA2492": "P60S; F172I", "PA3047": "F324I", "PA3168": "T83I; D87N", "PA3574": "WT", "PA3721": "G71E; D79E; S209R", "PA3999": "WT", "PA4003": "WT", "PA4020": "A428T; M297V; S131N", "PA4109": "G283E; M288R", "PA4110": "P23S; T105A; G391A", "PA4266": "WT", "PA4418": "WT", "PA4522": "A29V; W97C; G148A", "PA4600": "WT", "PA4700": "L353Q; S25G", "PA4776": "WT", "PA4777": "A4T; V15I; G68S; Y345H", "PA4964": "S87L", "PA4967": "L444V; D533E", "PA5045": "WT", "PA5235": "nt210\u03946", "PA5471": "C40R; L88P; S112N; D119E; D207N; I237V; V243A", "PA5485": "WT"}'; 
INSERT INTO metadata_general(isolate_id, isolate_name, project_name, species) VALUES ('134', 'GAL06-015', 'GEMARA', 'Pseudomonas aeruginosa') ON DUPLICATE KEY UPDATE isolate_name = 'GAL06-015', project_name = 'GEMARA', species = 'Pseudomonas aeruginosa'; 
INSERT INTO mic(mic_id, isolate_id, ami, ami_clinical_category, atm_clinical_category, caz, caz_clinical_category, caz_cloxa, cip, cip_clinical_category, col, col_clinical_category, fep, fep_clinical_category, imi, imi_clinical_category, imi_cloxa, mer_clinical_category, pip_tz, pip_tz_clinical_category, tic, tic_clinical_category, tob, tob_clinical_category) VALUES ('134', '134', '4', 'S', 'R', '16', 'R', '+', '>16', 'R', '1', 'S', '16', 'R', '8', 'I', '+', 'R', '32', 'R', '256', 'R', '32', 'R') ON DUPLICATE KEY UPDATE ami = '4', ami_clinical_category = 'S', atm_clinical_category = 'R', caz = '16', caz_clinical_category = 'R', caz_cloxa = '+', cip = '>16', cip_clinical_category = 'R', col = '1', col_clinical_category = 'S', fep = '16', fep_clinical_category = 'R', imi = '8', imi_clinical_category = 'I', imi_cloxa = '+', mer_clinical_category = 'R', pip_tz = '32', pip_tz_clinical_category = 'R', tic = '256', tic_clinical_category = 'R', tob = '32', tob_clinical_category = 'R'; 
INSERT INTO sequence_analysis(sequence_analysis_id, isolate_id, clonal_complex, mutational_resistome) VALUES ('134', '134', 'ST175', '{"PA0004": "WT", "PA0424": "WT", "PA0425": "WT", "PA0426": "WT", "PA0427": "WT", "PA0807": "A219T", "PA0869": "S250N", "PA0958": "G316D", "PA1179": "WT", "PA1180": "WT", "PA1777": "WT", "PA1798": "H398R", "PA1799": "WT", "PA2018": "T543A", "PA2019": "K329Q; W358R", "PA2020": "G195D", "PA2272": "E37K; A104P", "PA2491": "D249N", "PA2492": "P60S; F172I", "PA3047": "WT", "PA3168": "T83I; D87N", "PA3574": "nt31\u039411", "PA3721": "G71E; A186T", "PA3999": "WT", "PA4003": "WT", "PA4020": "WT", "PA4109": "nt271\u03943", "PA4110": "WT", "PA4266": "WT", "PA4418": "WT", "PA4522": "G148A; D183Y", "PA4600": "WT", "PA4700": "WT", "PA4776": "WT", "PA4777": "Y345H", "PA4964": "S87W; L168Q", "PA4967": "WT", "PA5045": "E245D", "PA5235": "WT", "PA5471": "L88P; D161G; H182Q; V243A; V266M", "PA5485": "WT"}') ON DUPLICATE KEY UPDATE clonal_complex = 'ST175', mutational_resistome = '{"PA0004": "WT", "PA0424": "WT", "PA0425": "WT", "PA0426": "WT", "PA0427": "WT", "PA0807": "A219T", "PA0869": "S250N", "PA0958": "G316D", "PA1179": "WT", "PA1180": "WT", "PA1777": "WT", "PA1798": "H398R", "PA1799": "WT", "PA2018": "T543A", "PA2019": "K329Q; W358R", "PA2020": "G195D", "PA2272": "E37K; A104P", "PA2491": "D249N", "PA2492": "P60S; F172I", "PA3047": "WT", "PA3168": "T83I; D87N", "PA3574": "nt31\u039411", "PA3721": "G71E; A186T", "PA3999": "WT", "PA4003": "WT", "PA4020": "WT", "PA4109": "nt271\u03943", "PA4110": "WT", "PA4266": "WT", "PA4418": "WT", "PA4522": "G148A; D183Y", "PA4600": "WT", "PA4700": "WT", "PA4776": "WT", "PA4777": "Y345H", "PA4964": "S87W; L168Q", "PA4967": "WT", "PA5045": "E245D", "PA5235": "WT", "PA5471": "L88P; D161G; H182Q; V243A; V266M", "PA5485": "WT"}'; 
INSERT INTO metadata_general(isolate_id, isolate_name, project_name, species) VALUES ('135', 'GAL06-033', 'GEMARA', 'Pseudomonas aeruginosa') ON DUPLICATE KEY UPDATE isolate_name = 'GAL06-033', project_name = 'GEMARA', species = 'Pseudomonas aeruginosa'; 
INSERT INTO mic(mic_id, isolate_id, ami, ami_clinical_category, atm_clinical_category, caz, caz_clinical_category, caz_cloxa, cip, cip_clinical_category, col, col_clinical_category, fep, fep_clinical_category, imi, imi_clinical_category, imi_cloxa, mer_clinical_category, pip_tz, pip_tz_clinical_category, tic, tic_clinical_category, tob, tob_clinical_category) VALUES ('135', '135', '<=2', 'S', 'R', '>64', 'R', 'nan', '>16', 'R', '<=0.5', 'S', '32', 'R', '32', 'R', 'nan', 'R', '>256', 'R', '512', 'R', '4', 'S') ON DUPLICATE KEY UPDATE ami = '<=2', ami_clinical_category = 'S', atm_clinical_category = 'R', caz = '>64', caz_clinical_category = 'R', caz_cloxa = 'nan', cip = '>16', cip_clinical_category = 'R', col = '<=0.5', col_clinical_category = 'S', fep = '32', fep_clinical_category = 'R', imi = '32', imi_clinical_category = 'R', imi_cloxa = 'nan', mer_clinical_category = 'R', pip_tz = '>256', pip_tz_clinical_category = 'R', tic = '512', tic_clinical_category = 'R', tob = '4', tob_clinical_category = 'S'; 
INSERT INTO sequence_analysis(sequence_analysis_id, isolate_id, clonal_complex, mutational_resistome) VALUES ('135', '135', 'ST2223', '{"PA0004": "WT", "PA0424": "V126E", "PA0425": "WT", "PA0426": "WT", "PA0427": "WT", "PA0807": "A208V", "PA0869": "S250N", "PA0958": "WT", "PA1179": "WT", "PA1180": "WT", "PA1777": "WT", "PA1798": "S277N; H398R", "PA1799": "L153R; S170N", "PA2018": "WT", "PA2019": "WT", "PA2020": "WT", "PA2272": "A104P", "PA2491": "D249N", "PA2492": "P60S; F172I", "PA3047": "F324I", "PA3168": "T83I; D87N", "PA3574": "WT", "PA3721": "G71E; D79E; S209R", "PA3999": "WT", "PA4003": "WT", "PA4020": "A428T; M297V; S131N", "PA4109": "G283E; M288R", "PA4110": "P23S; T105A; G391A", "PA4266": "WT", "PA4418": "WT", "PA4522": "A29V; W97C; G148A", "PA4600": "WT", "PA4700": "L353Q; S25G", "PA4776": "WT", "PA4777": "A4T; V15I; G68S; Y345H", "PA4964": "S87L", "PA4967": "L444V; D533E", "PA5045": "WT", "PA5235": "nt210\u03946", "PA5471": "C40R; L88P; S112N; D119E; D207N; I237V; V243A", "PA5485": "WT"}') ON DUPLICATE KEY UPDATE clonal_complex = 'ST2223', mutational_resistome = '{"PA0004": "WT", "PA0424": "V126E", "PA0425": "WT", "PA0426": "WT", "PA0427": "WT", "PA0807": "A208V", "PA0869": "S250N", "PA0958": "WT", "PA1179": "WT", "PA1180": "WT", "PA1777": "WT", "PA1798": "S277N; H398R", "PA1799": "L153R; S170N", "PA2018": "WT", "PA2019": "WT", "PA2020": "WT", "PA2272": "A104P", "PA2491": "D249N", "PA2492": "P60S; F172I", "PA3047": "F324I", "PA3168": "T83I; D87N", "PA3574": "WT", "PA3721": "G71E; D79E; S209R", "PA3999": "WT", "PA4003": "WT", "PA4020": "A428T; M297V; S131N", "PA4109": "G283E; M288R", "PA4110": "P23S; T105A; G391A", "PA4266": "WT", "PA4418": "WT", "PA4522": "A29V; W97C; G148A", "PA4600": "WT", "PA4700": "L353Q; S25G", "PA4776": "WT", "PA4777": "A4T; V15I; G68S; Y345H", "PA4964": "S87L", "PA4967": "L444V; D533E", "PA5045": "WT", "PA5235": "nt210\u03946", "PA5471": "C40R; L88P; S112N; D119E; D207N; I237V; V243A", "PA5485": "WT"}'; 
INSERT INTO metadata_general(isolate_id, isolate_name, project_name, species) VALUES ('136', 'GAL06-034', 'GEMARA', 'Pseudomonas aeruginosa') ON DUPLICATE KEY UPDATE isolate_name = 'GAL06-034', project_name = 'GEMARA', species = 'Pseudomonas aeruginosa'; 
INSERT INTO mic(mic_id, isolate_id, ami, ami_clinical_category, atm_clinical_category, caz, caz_clinical_category, caz_cloxa, cip, cip_clinical_category, col, col_clinical_category, fep, fep_clinical_category, imi, imi_clinical_category, imi_cloxa, mer_clinical_category, pip_tz, pip_tz_clinical_category, tic, tic_clinical_category, tob, tob_clinical_category) VALUES ('136', '136', '4', 'S', 'R', '64', 'R', '+', '>16', 'R', '2', 'S', '16', 'R', '8', 'I', '+', 'R', '256', 'R', '256', 'R', '32', 'R') ON DUPLICATE KEY UPDATE ami = '4', ami_clinical_category = 'S', atm_clinical_category = 'R', caz = '64', caz_clinical_category = 'R', caz_cloxa = '+', cip = '>16', cip_clinical_category = 'R', col = '2', col_clinical_category = 'S', fep = '16', fep_clinical_category = 'R', imi = '8', imi_clinical_category = 'I', imi_cloxa = '+', mer_clinical_category = 'R', pip_tz = '256', pip_tz_clinical_category = 'R', tic = '256', tic_clinical_category = 'R', tob = '32', tob_clinical_category = 'R'; 
INSERT INTO sequence_analysis(sequence_analysis_id, isolate_id, clonal_complex, mutational_resistome) VALUES ('136', '136', 'ST3195', '{"PA0004": "WT", "PA0424": "WT", "PA0425": "WT", "PA0426": "WT", "PA0427": "WT", "PA0807": "WT", "PA0869": "S250N", "PA0958": "I367M, A425G", "PA1179": "WT", "PA1180": "WT", "PA1777": "WT", "PA1798": "H398R", "PA1799": "S170N", "PA2018": "T543A", "PA2019": "K329Q; W358R", "PA2020": "WT", "PA2272": "A104P", "PA2491": "D249N", "PA2492": "F172I", "PA3047": "WT", "PA3168": "T83I", "PA3574": "WT", "PA3721": "G71E", "PA3999": "WT", "PA4003": "WT", "PA4020": "WT", "PA4109": "WT", "PA4110": "WT", "PA4266": "WT", "PA4418": "WT", "PA4522": "G148A", "PA4600": "WT", "PA4700": "WT", "PA4776": "WT", "PA4777": "Y345H", "PA4964": "S87L ", "PA4967": "WT", "PA5045": "WT", "PA5235": "WT", "PA5471": "L88P; V243A", "PA5485": "WT"}') ON DUPLICATE KEY UPDATE clonal_complex = 'ST3195', mutational_resistome = '{"PA0004": "WT", "PA0424": "WT", "PA0425": "WT", "PA0426": "WT", "PA0427": "WT", "PA0807": "WT", "PA0869": "S250N", "PA0958": "I367M, A425G", "PA1179": "WT", "PA1180": "WT", "PA1777": "WT", "PA1798": "H398R", "PA1799": "S170N", "PA2018": "T543A", "PA2019": "K329Q; W358R", "PA2020": "WT", "PA2272": "A104P", "PA2491": "D249N", "PA2492": "F172I", "PA3047": "WT", "PA3168": "T83I", "PA3574": "WT", "PA3721": "G71E", "PA3999": "WT", "PA4003": "WT", "PA4020": "WT", "PA4109": "WT", "PA4110": "WT", "PA4266": "WT", "PA4418": "WT", "PA4522": "G148A", "PA4600": "WT", "PA4700": "WT", "PA4776": "WT", "PA4777": "Y345H", "PA4964": "S87L ", "PA4967": "WT", "PA5045": "WT", "PA5235": "WT", "PA5471": "L88P; V243A", "PA5485": "WT"}'; 
INSERT INTO metadata_general(isolate_id, isolate_name, project_name, species) VALUES ('137', 'GAL06-038', 'GEMARA', 'Pseudomonas aeruginosa') ON DUPLICATE KEY UPDATE isolate_name = 'GAL06-038', project_name = 'GEMARA', species = 'Pseudomonas aeruginosa'; 
INSERT INTO mic(mic_id, isolate_id, ami, ami_clinical_category, atm_clinical_category, caz, caz_clinical_category, caz_cloxa, cip, cip_clinical_category, col, col_clinical_category, fep, fep_clinical_category, imi, imi_clinical_category, imi_cloxa, mer_clinical_category, pip_tz, pip_tz_clinical_category, tic, tic_clinical_category, tob, tob_clinical_category) VALUES ('137', '137', '8', 'S', 'I', '64', 'R', '+', '>16', 'R', '4', 'R', '32', 'R', '2', 'S', '+', 'S', '256', 'R', '>512', 'R', '32', 'R') ON DUPLICATE KEY UPDATE ami = '8', ami_clinical_category = 'S', atm_clinical_category = 'I', caz = '64', caz_clinical_category = 'R', caz_cloxa = '+', cip = '>16', cip_clinical_category = 'R', col = '4', col_clinical_category = 'R', fep = '32', fep_clinical_category = 'R', imi = '2', imi_clinical_category = 'S', imi_cloxa = '+', mer_clinical_category = 'S', pip_tz = '256', pip_tz_clinical_category = 'R', tic = '>512', tic_clinical_category = 'R', tob = '32', tob_clinical_category = 'R'; 
INSERT INTO sequence_analysis(sequence_analysis_id, isolate_id, clonal_complex, mutational_resistome) VALUES ('137', '137', 'ST2223', '{"PA0004": "WT", "PA0424": "V126E", "PA0425": "WT", "PA0426": "nt1543\u03945", "PA0427": "A238V", "PA0807": "A208V", "PA0869": "S250N", "PA0958": "Y237C", "PA1179": "WT", "PA1180": "WT", "PA1777": "WT", "PA1798": "S277N; H398R", "PA1799": "L153R; S170N", "PA2018": "I536V; T543A", "PA2019": "K329Q; L331V; W358R", "PA2020": "A47V", "PA2272": "A104P", "PA2491": "D249N", "PA2492": "P60S; F172I", "PA3047": "F324I", "PA3168": "T83I; D87N", "PA3574": "WT", "PA3721": "G71E; D79E; S209R", "PA3999": "WT", "PA4003": "WT", "PA4020": "A428T; M297V; S131N", "PA4109": "G283E; M288R", "PA4110": "P23S; T105A; G391A; G183D", "PA4266": "WT", "PA4418": "WT", "PA4522": "A29V; W97C; G148A", "PA4600": "WT", "PA4700": "L353Q; S25G", "PA4776": "WT", "PA4777": "A4T; V15I; G68S; L139P; Y345H", "PA4964": "S87L", "PA4967": "D419N; D533E", "PA5045": "WT", "PA5235": "nt210\u03946", "PA5471": "C40R; L88P; S112N; D119E; D207N; I237V; V243A", "PA5485": "WT"}') ON DUPLICATE KEY UPDATE clonal_complex = 'ST2223', mutational_resistome = '{"PA0004": "WT", "PA0424": "V126E", "PA0425": "WT", "PA0426": "nt1543\u03945", "PA0427": "A238V", "PA0807": "A208V", "PA0869": "S250N", "PA0958": "Y237C", "PA1179": "WT", "PA1180": "WT", "PA1777": "WT", "PA1798": "S277N; H398R", "PA1799": "L153R; S170N", "PA2018": "I536V; T543A", "PA2019": "K329Q; L331V; W358R", "PA2020": "A47V", "PA2272": "A104P", "PA2491": "D249N", "PA2492": "P60S; F172I", "PA3047": "F324I", "PA3168": "T83I; D87N", "PA3574": "WT", "PA3721": "G71E; D79E; S209R", "PA3999": "WT", "PA4003": "WT", "PA4020": "A428T; M297V; S131N", "PA4109": "G283E; M288R", "PA4110": "P23S; T105A; G391A; G183D", "PA4266": "WT", "PA4418": "WT", "PA4522": "A29V; W97C; G148A", "PA4600": "WT", "PA4700": "L353Q; S25G", "PA4776": "WT", "PA4777": "A4T; V15I; G68S; L139P; Y345H", "PA4964": "S87L", "PA4967": "D419N; D533E", "PA5045": "WT", "PA5235": "nt210\u03946", "PA5471": "C40R; L88P; S112N; D119E; D207N; I237V; V243A", "PA5485": "WT"}'; 
INSERT INTO metadata_general(isolate_id, isolate_name, project_name, species) VALUES ('138', 'ICA01-001', 'GEMARA', 'Pseudomonas aeruginosa') ON DUPLICATE KEY UPDATE isolate_name = 'ICA01-001', project_name = 'GEMARA', species = 'Pseudomonas aeruginosa'; 
INSERT INTO mic(mic_id, isolate_id, ami, ami_clinical_category, atm_clinical_category, caz, caz_clinical_category, caz_cloxa, cip, cip_clinical_category, col, col_clinical_category, fep, fep_clinical_category, imi, imi_clinical_category, imi_cloxa, mer_clinical_category, pip_tz, pip_tz_clinical_category, tic, tic_clinical_category, tob, tob_clinical_category) VALUES ('138', '138', '4', 'S', 'I', '>64', 'R', '+', '>16', 'R', '1', 'S', '16', 'R', '2', 'S', 'nan', 'S', '32', 'R', '64', 'R', '>32', 'R') ON DUPLICATE KEY UPDATE ami = '4', ami_clinical_category = 'S', atm_clinical_category = 'I', caz = '>64', caz_clinical_category = 'R', caz_cloxa = '+', cip = '>16', cip_clinical_category = 'R', col = '1', col_clinical_category = 'S', fep = '16', fep_clinical_category = 'R', imi = '2', imi_clinical_category = 'S', imi_cloxa = 'nan', mer_clinical_category = 'S', pip_tz = '32', pip_tz_clinical_category = 'R', tic = '64', tic_clinical_category = 'R', tob = '>32', tob_clinical_category = 'R'; 
INSERT INTO sequence_analysis(sequence_analysis_id, isolate_id, clonal_complex, mutational_resistome) VALUES ('138', '138', 'ST308', '{"PA0004": "WT", "PA0424": "V126E", "PA0425": "WT", "PA0426": "G957D", "PA0427": "WT", "PA0807": "WT", "PA0869": "A287S", "PA0958": "WT", "PA1179": "WT", "PA1180": "WT", "PA1777": "WT", "PA1798": "R7H; H398R", "PA1799": "L153R; S170N", "PA2018": "I536V; T543A; G589A; Q840E", "PA2019": "A30T; K329Q; L331V; W358R", "PA2020": "G89S", "PA2272": "A104P", "PA2491": "V73A; D249N", "PA2492": "F172I", "PA3047": "WT", "PA3168": "T83I", "PA3574": "WT", "PA3721": "G71E; D79E; S209R", "PA3999": "WT", "PA4003": "WT", "PA4020": "R103P", "PA4109": "G283E; M288R", "PA4110": "G27D; T105A; V205L; V356I; G391A", "PA4266": "WT", "PA4418": "WT", "PA4522": "WT", "PA4600": "WT", "PA4700": "L353Q; S25G", "PA4776": "WT", "PA4777": "A4T; V15I; G68S; Y345H", "PA4964": "S87L; P752T", "PA4967": "D533E", "PA5045": "D73N", "PA5235": "WT", "PA5471": "C40R; L88P; S112N; D119E; I237V; V243A", "PA5485": "V40I"}') ON DUPLICATE KEY UPDATE clonal_complex = 'ST308', mutational_resistome = '{"PA0004": "WT", "PA0424": "V126E", "PA0425": "WT", "PA0426": "G957D", "PA0427": "WT", "PA0807": "WT", "PA0869": "A287S", "PA0958": "WT", "PA1179": "WT", "PA1180": "WT", "PA1777": "WT", "PA1798": "R7H; H398R", "PA1799": "L153R; S170N", "PA2018": "I536V; T543A; G589A; Q840E", "PA2019": "A30T; K329Q; L331V; W358R", "PA2020": "G89S", "PA2272": "A104P", "PA2491": "V73A; D249N", "PA2492": "F172I", "PA3047": "WT", "PA3168": "T83I", "PA3574": "WT", "PA3721": "G71E; D79E; S209R", "PA3999": "WT", "PA4003": "WT", "PA4020": "R103P", "PA4109": "G283E; M288R", "PA4110": "G27D; T105A; V205L; V356I; G391A", "PA4266": "WT", "PA4418": "WT", "PA4522": "WT", "PA4600": "WT", "PA4700": "L353Q; S25G", "PA4776": "WT", "PA4777": "A4T; V15I; G68S; Y345H", "PA4964": "S87L; P752T", "PA4967": "D533E", "PA5045": "D73N", "PA5235": "WT", "PA5471": "C40R; L88P; S112N; D119E; I237V; V243A", "PA5485": "V40I"}'; 
INSERT INTO metadata_general(isolate_id, isolate_name, project_name, species) VALUES ('139', 'ICA01-013', 'GEMARA', 'Pseudomonas aeruginosa') ON DUPLICATE KEY UPDATE isolate_name = 'ICA01-013', project_name = 'GEMARA', species = 'Pseudomonas aeruginosa'; 
INSERT INTO mic(mic_id, isolate_id, ami, ami_clinical_category, atm_clinical_category, caz, caz_clinical_category, caz_cloxa, cip, cip_clinical_category, col, col_clinical_category, fep, fep_clinical_category, imi, imi_clinical_category, imi_cloxa, mer_clinical_category, pip_tz, pip_tz_clinical_category, tic, tic_clinical_category, tob, tob_clinical_category) VALUES ('139', '139', '4', 'S', 'R', '32', 'R', '+', '>16', 'R', '2', 'S', '32', 'R', '16', 'R', '+', 'R', '128', 'R', '256', 'R', '0.5', 'S') ON DUPLICATE KEY UPDATE ami = '4', ami_clinical_category = 'S', atm_clinical_category = 'R', caz = '32', caz_clinical_category = 'R', caz_cloxa = '+', cip = '>16', cip_clinical_category = 'R', col = '2', col_clinical_category = 'S', fep = '32', fep_clinical_category = 'R', imi = '16', imi_clinical_category = 'R', imi_cloxa = '+', mer_clinical_category = 'R', pip_tz = '128', pip_tz_clinical_category = 'R', tic = '256', tic_clinical_category = 'R', tob = '0.5', tob_clinical_category = 'S'; 
INSERT INTO sequence_analysis(sequence_analysis_id, isolate_id, clonal_complex, mutational_resistome) VALUES ('139', '139', 'ST447', '{"PA0004": "E468D", "PA0424": "WT", "PA0425": "WT", "PA0426": "WT", "PA0427": "WT", "PA0807": "A37T; A219T", "PA0869": "S250N", "PA0958": "WT", "PA1179": "WT", "PA1180": "WT", "PA1777": "WT", "PA1798": "H398R", "PA1799": "WT", "PA2018": "Q282R; T543A; V980I", "PA2019": "K329Q; L331V; W358R", "PA2020": "WT", "PA2272": "I447V", "PA2491": "A75V", "PA2492": "F172I", "PA3047": "WT", "PA3168": "T83I", "PA3574": "WT", "PA3721": "G71E", "PA3999": "WT", "PA4003": "WT", "PA4020": "M297V; P274T", "PA4109": "WT", "PA4110": "T105A", "PA4266": "WT", "PA4418": "WT", "PA4522": "G148A; R164H; D183Y", "PA4600": "WT", "PA4700": "L353Q", "PA4776": "L71R", "PA4777": "Y345H", "PA4964": "S87W; H262Q", "PA4967": "E215Q", "PA5045": "WT", "PA5235": "WT", "PA5471": "L88P; D161G; H182Q; V243A", "PA5485": "WT"}') ON DUPLICATE KEY UPDATE clonal_complex = 'ST447', mutational_resistome = '{"PA0004": "E468D", "PA0424": "WT", "PA0425": "WT", "PA0426": "WT", "PA0427": "WT", "PA0807": "A37T; A219T", "PA0869": "S250N", "PA0958": "WT", "PA1179": "WT", "PA1180": "WT", "PA1777": "WT", "PA1798": "H398R", "PA1799": "WT", "PA2018": "Q282R; T543A; V980I", "PA2019": "K329Q; L331V; W358R", "PA2020": "WT", "PA2272": "I447V", "PA2491": "A75V", "PA2492": "F172I", "PA3047": "WT", "PA3168": "T83I", "PA3574": "WT", "PA3721": "G71E", "PA3999": "WT", "PA4003": "WT", "PA4020": "M297V; P274T", "PA4109": "WT", "PA4110": "T105A", "PA4266": "WT", "PA4418": "WT", "PA4522": "G148A; R164H; D183Y", "PA4600": "WT", "PA4700": "L353Q", "PA4776": "L71R", "PA4777": "Y345H", "PA4964": "S87W; H262Q", "PA4967": "E215Q", "PA5045": "WT", "PA5235": "WT", "PA5471": "L88P; D161G; H182Q; V243A", "PA5485": "WT"}'; 
INSERT INTO metadata_general(isolate_id, isolate_name, project_name, species) VALUES ('140', 'ICA01-030', 'GEMARA', 'Pseudomonas aeruginosa') ON DUPLICATE KEY UPDATE isolate_name = 'ICA01-030', project_name = 'GEMARA', species = 'Pseudomonas aeruginosa'; 
INSERT INTO mic(mic_id, isolate_id, ami, ami_clinical_category, atm_clinical_category, caz, caz_clinical_category, caz_cloxa, cip, cip_clinical_category, col, col_clinical_category, fep, fep_clinical_category, imi, imi_clinical_category, imi_cloxa, mer_clinical_category, pip_tz, pip_tz_clinical_category, tic, tic_clinical_category, tob, tob_clinical_category) VALUES ('140', '140', '4', 'S', 'I', '16', 'R', '+', '>16', 'R', '1', 'S', '8', 'S', '16', 'R', '+', 'I', '32', 'R', '64', 'R', '>32', 'R') ON DUPLICATE KEY UPDATE ami = '4', ami_clinical_category = 'S', atm_clinical_category = 'I', caz = '16', caz_clinical_category = 'R', caz_cloxa = '+', cip = '>16', cip_clinical_category = 'R', col = '1', col_clinical_category = 'S', fep = '8', fep_clinical_category = 'S', imi = '16', imi_clinical_category = 'R', imi_cloxa = '+', mer_clinical_category = 'I', pip_tz = '32', pip_tz_clinical_category = 'R', tic = '64', tic_clinical_category = 'R', tob = '>32', tob_clinical_category = 'R'; 
INSERT INTO sequence_analysis(sequence_analysis_id, isolate_id, clonal_complex, mutational_resistome) VALUES ('140', '140', 'ST175', '{"PA0004": "WT", "PA0424": "WT", "PA0425": "Q288X", "PA0426": "WT", "PA0427": "WT", "PA0807": "A219T", "PA0869": "S250N", "PA0958": "Q142X", "PA1179": "WT", "PA1180": "WT", "PA1777": "WT", "PA1798": "H398R", "PA1799": "WT", "PA2018": "T543A", "PA2019": "K329Q; W358R", "PA2020": "G195D", "PA2272": "E37K; A104P", "PA2491": "D249N", "PA2492": "P60S; F172I", "PA3047": "WT", "PA3168": "T83I; D87N", "PA3574": "WT", "PA3721": "G71E; A186T", "PA3999": "WT", "PA4003": "WT", "PA4020": "WT", "PA4109": "G154R", "PA4110": "WT", "PA4266": "WT", "PA4418": "WT", "PA4522": "G148A; D183Y", "PA4600": "WT", "PA4700": "WT", "PA4776": "WT", "PA4777": "Y345H", "PA4964": "S87W; L168Q", "PA4967": "WT", "PA5045": "E245D", "PA5235": "T211P", "PA5471": "L88P; D161G; H182Q; V243A; V266M", "PA5485": "WT"}') ON DUPLICATE KEY UPDATE clonal_complex = 'ST175', mutational_resistome = '{"PA0004": "WT", "PA0424": "WT", "PA0425": "Q288X", "PA0426": "WT", "PA0427": "WT", "PA0807": "A219T", "PA0869": "S250N", "PA0958": "Q142X", "PA1179": "WT", "PA1180": "WT", "PA1777": "WT", "PA1798": "H398R", "PA1799": "WT", "PA2018": "T543A", "PA2019": "K329Q; W358R", "PA2020": "G195D", "PA2272": "E37K; A104P", "PA2491": "D249N", "PA2492": "P60S; F172I", "PA3047": "WT", "PA3168": "T83I; D87N", "PA3574": "WT", "PA3721": "G71E; A186T", "PA3999": "WT", "PA4003": "WT", "PA4020": "WT", "PA4109": "G154R", "PA4110": "WT", "PA4266": "WT", "PA4418": "WT", "PA4522": "G148A; D183Y", "PA4600": "WT", "PA4700": "WT", "PA4776": "WT", "PA4777": "Y345H", "PA4964": "S87W; L168Q", "PA4967": "WT", "PA5045": "E245D", "PA5235": "T211P", "PA5471": "L88P; D161G; H182Q; V243A; V266M", "PA5485": "WT"}'; 
INSERT INTO metadata_general(isolate_id, isolate_name, project_name, species) VALUES ('141', 'ICA01-031', 'GEMARA', 'Pseudomonas aeruginosa') ON DUPLICATE KEY UPDATE isolate_name = 'ICA01-031', project_name = 'GEMARA', species = 'Pseudomonas aeruginosa'; 
INSERT INTO mic(mic_id, isolate_id, ami, ami_clinical_category, atm_clinical_category, caz, caz_clinical_category, caz_cloxa, cip, cip_clinical_category, col, col_clinical_category, fep, fep_clinical_category, imi, imi_clinical_category, imi_cloxa, mer_clinical_category, pip_tz, pip_tz_clinical_category, tic, tic_clinical_category, tob, tob_clinical_category) VALUES ('141', '141', '8', 'S', 'I', '32', 'R', '+', '>16', 'R', '2', 'S', '16', 'R', '16', 'R', '+', 'I', '128', 'R', '128', 'R', '>32', 'R') ON DUPLICATE KEY UPDATE ami = '8', ami_clinical_category = 'S', atm_clinical_category = 'I', caz = '32', caz_clinical_category = 'R', caz_cloxa = '+', cip = '>16', cip_clinical_category = 'R', col = '2', col_clinical_category = 'S', fep = '16', fep_clinical_category = 'R', imi = '16', imi_clinical_category = 'R', imi_cloxa = '+', mer_clinical_category = 'I', pip_tz = '128', pip_tz_clinical_category = 'R', tic = '128', tic_clinical_category = 'R', tob = '>32', tob_clinical_category = 'R'; 
INSERT INTO sequence_analysis(sequence_analysis_id, isolate_id, clonal_complex, mutational_resistome) VALUES ('141', '141', 'ST175', '{"PA0004": "WT", "PA0424": "WT", "PA0425": "WT", "PA0426": "WT", "PA0427": "WT", "PA0807": "A219T", "PA0869": "S250N", "PA0958": "Q142X", "PA1179": "WT", "PA1180": "WT", "PA1777": "WT", "PA1798": "H398R", "PA1799": "WT", "PA2018": "T543A", "PA2019": "K329Q; W358R", "PA2020": "G195D", "PA2272": "E37K; A104P", "PA2491": "D249N", "PA2492": "P60S; F172I", "PA3047": "WT", "PA3168": "T83I; D87N", "PA3574": "WT", "PA3721": "G71E; A186T", "PA3999": "WT", "PA4003": "WT", "PA4020": "WT", "PA4109": "G154R", "PA4110": "WT", "PA4266": "WT", "PA4418": "WT", "PA4522": "G148A; D183Y", "PA4600": "WT", "PA4700": "WT", "PA4776": "WT", "PA4777": "Y345H", "PA4964": "S87W; L168Q", "PA4967": "WT", "PA5045": "E245D", "PA5235": "T211P", "PA5471": "L88P; D161G; H182Q; V243A; V266M", "PA5485": "WT"}') ON DUPLICATE KEY UPDATE clonal_complex = 'ST175', mutational_resistome = '{"PA0004": "WT", "PA0424": "WT", "PA0425": "WT", "PA0426": "WT", "PA0427": "WT", "PA0807": "A219T", "PA0869": "S250N", "PA0958": "Q142X", "PA1179": "WT", "PA1180": "WT", "PA1777": "WT", "PA1798": "H398R", "PA1799": "WT", "PA2018": "T543A", "PA2019": "K329Q; W358R", "PA2020": "G195D", "PA2272": "E37K; A104P", "PA2491": "D249N", "PA2492": "P60S; F172I", "PA3047": "WT", "PA3168": "T83I; D87N", "PA3574": "WT", "PA3721": "G71E; A186T", "PA3999": "WT", "PA4003": "WT", "PA4020": "WT", "PA4109": "G154R", "PA4110": "WT", "PA4266": "WT", "PA4418": "WT", "PA4522": "G148A; D183Y", "PA4600": "WT", "PA4700": "WT", "PA4776": "WT", "PA4777": "Y345H", "PA4964": "S87W; L168Q", "PA4967": "WT", "PA5045": "E245D", "PA5235": "T211P", "PA5471": "L88P; D161G; H182Q; V243A; V266M", "PA5485": "WT"}'; 
INSERT INTO metadata_general(isolate_id, isolate_name, project_name, species) VALUES ('142', 'ICA01-034', 'GEMARA', 'Pseudomonas aeruginosa') ON DUPLICATE KEY UPDATE isolate_name = 'ICA01-034', project_name = 'GEMARA', species = 'Pseudomonas aeruginosa'; 
INSERT INTO mic(mic_id, isolate_id, ami, ami_clinical_category, atm_clinical_category, caz, caz_clinical_category, caz_cloxa, cip, cip_clinical_category, col, col_clinical_category, fep, fep_clinical_category, imi, imi_clinical_category, imi_cloxa, mer_clinical_category, pip_tz, pip_tz_clinical_category, tic, tic_clinical_category, tob, tob_clinical_category) VALUES ('142', '142', '16', 'I', 'R', '64', 'R', '+', '1', 'R', '8', 'R', '64', 'R', '32', 'R', '+', 'R', '256', 'R', '256', 'R', '2', 'S') ON DUPLICATE KEY UPDATE ami = '16', ami_clinical_category = 'I', atm_clinical_category = 'R', caz = '64', caz_clinical_category = 'R', caz_cloxa = '+', cip = '1', cip_clinical_category = 'R', col = '8', col_clinical_category = 'R', fep = '64', fep_clinical_category = 'R', imi = '32', imi_clinical_category = 'R', imi_cloxa = '+', mer_clinical_category = 'R', pip_tz = '256', pip_tz_clinical_category = 'R', tic = '256', tic_clinical_category = 'R', tob = '2', tob_clinical_category = 'S'; 
INSERT INTO sequence_analysis(sequence_analysis_id, isolate_id, clonal_complex, mutational_resistome) VALUES ('142', '142', 'ST261', '{"PA0004": "WT", "PA0424": "V126E", "PA0425": "WT", "PA0426": "R185C; R766W", "PA0427": "WT", "PA0807": "WT", "PA0869": "WT", "PA0958": "K550X", "PA1179": "WT", "PA1180": "V57M", "PA1777": "WT", "PA1798": "H398R", "PA1799": "WT", "PA2018": "T543A", "PA2019": "K329Q; L331V; W358R", "PA2020": "I108S", "PA2272": "WT", "PA2491": "D249N; T299I", "PA2492": "P28Lr; F172I", "PA3047": "WT", "PA3168": "T83I; aa914\u03942", "PA3574": "WT", "PA3721": "H30Y; G71E", "PA3999": "WT", "PA4003": "WT", "PA4020": "A222G", "PA4109": "WT", "PA4110": "T105A; L176R", "PA4266": "WT", "PA4418": "A246V", "PA4522": "A136V; G148A; P162L", "PA4600": "WT", "PA4700": "L353Q", "PA4776": "L71R", "PA4777": "Y345H", "PA4964": "WT", "PA4967": "D533E", "PA5045": "A421T; S539T", "PA5235": "WT", "PA5471": "L88P; D119E", "PA5485": "WT"}') ON DUPLICATE KEY UPDATE clonal_complex = 'ST261', mutational_resistome = '{"PA0004": "WT", "PA0424": "V126E", "PA0425": "WT", "PA0426": "R185C; R766W", "PA0427": "WT", "PA0807": "WT", "PA0869": "WT", "PA0958": "K550X", "PA1179": "WT", "PA1180": "V57M", "PA1777": "WT", "PA1798": "H398R", "PA1799": "WT", "PA2018": "T543A", "PA2019": "K329Q; L331V; W358R", "PA2020": "I108S", "PA2272": "WT", "PA2491": "D249N; T299I", "PA2492": "P28Lr; F172I", "PA3047": "WT", "PA3168": "T83I; aa914\u03942", "PA3574": "WT", "PA3721": "H30Y; G71E", "PA3999": "WT", "PA4003": "WT", "PA4020": "A222G", "PA4109": "WT", "PA4110": "T105A; L176R", "PA4266": "WT", "PA4418": "A246V", "PA4522": "A136V; G148A; P162L", "PA4600": "WT", "PA4700": "L353Q", "PA4776": "L71R", "PA4777": "Y345H", "PA4964": "WT", "PA4967": "D533E", "PA5045": "A421T; S539T", "PA5235": "WT", "PA5471": "L88P; D119E", "PA5485": "WT"}'; 
INSERT INTO metadata_general(isolate_id, isolate_name, project_name, species) VALUES ('143', 'MAD01-013', 'GEMARA', 'Pseudomonas aeruginosa') ON DUPLICATE KEY UPDATE isolate_name = 'MAD01-013', project_name = 'GEMARA', species = 'Pseudomonas aeruginosa'; 
INSERT INTO mic(mic_id, isolate_id, ami, ami_clinical_category, atm_clinical_category, caz, caz_clinical_category, caz_cloxa, cip, cip_clinical_category, col, col_clinical_category, fep, fep_clinical_category, imi, imi_clinical_category, imi_cloxa, mer_clinical_category, pip_tz, pip_tz_clinical_category, tic, tic_clinical_category, tob, tob_clinical_category) VALUES ('143', '143', '<=2', 'S', 'R', '16', 'R', '+', '16', 'R', '<=0.5', 'S', '16', 'R', '32', 'R', '+', 'I', '32', 'R', '512', 'R', '8', 'R') ON DUPLICATE KEY UPDATE ami = '<=2', ami_clinical_category = 'S', atm_clinical_category = 'R', caz = '16', caz_clinical_category = 'R', caz_cloxa = '+', cip = '16', cip_clinical_category = 'R', col = '<=0.5', col_clinical_category = 'S', fep = '16', fep_clinical_category = 'R', imi = '32', imi_clinical_category = 'R', imi_cloxa = '+', mer_clinical_category = 'I', pip_tz = '32', pip_tz_clinical_category = 'R', tic = '512', tic_clinical_category = 'R', tob = '8', tob_clinical_category = 'R'; 
INSERT INTO sequence_analysis(sequence_analysis_id, isolate_id, clonal_complex, mutational_resistome) VALUES ('143', '143', 'ST3197 ', '{"PA0004": "WT", "PA0424": "V126E", "PA0425": "WT", "PA0426": "WT", "PA0427": "WT", "PA0807": "WT", "PA0869": "WT", "PA0958": "WT", "PA1179": "WT", "PA1180": "WT", "PA1777": "WT", "PA1798": "L137P", "PA1799": "WT", "PA2018": "WT", "PA2019": "W358R", "PA2020": "WT", "PA2272": "WT", "PA2491": "WT", "PA2492": "F172I", "PA3047": "WT", "PA3168": "T83I; V671I", "PA3574": "WT", "PA3721": "G71E", "PA3999": "WT", "PA4003": "WT", "PA4020": "D411A", "PA4109": "WT", "PA4110": "T105A", "PA4266": "WT", "PA4418": "WT", "PA4522": "WT", "PA4600": "WT", "PA4700": "M715K; K607R", "PA4776": "L71R", "PA4777": "A4T; V6A; V15I; G68S; Y345H", "PA4964": "S87L", "PA4967": "WT", "PA5045": "WT", "PA5235": "G305D", "PA5471": "L88P; D161G; H182Q; V243A", "PA5485": "WT"}') ON DUPLICATE KEY UPDATE clonal_complex = 'ST3197 ', mutational_resistome = '{"PA0004": "WT", "PA0424": "V126E", "PA0425": "WT", "PA0426": "WT", "PA0427": "WT", "PA0807": "WT", "PA0869": "WT", "PA0958": "WT", "PA1179": "WT", "PA1180": "WT", "PA1777": "WT", "PA1798": "L137P", "PA1799": "WT", "PA2018": "WT", "PA2019": "W358R", "PA2020": "WT", "PA2272": "WT", "PA2491": "WT", "PA2492": "F172I", "PA3047": "WT", "PA3168": "T83I; V671I", "PA3574": "WT", "PA3721": "G71E", "PA3999": "WT", "PA4003": "WT", "PA4020": "D411A", "PA4109": "WT", "PA4110": "T105A", "PA4266": "WT", "PA4418": "WT", "PA4522": "WT", "PA4600": "WT", "PA4700": "M715K; K607R", "PA4776": "L71R", "PA4777": "A4T; V6A; V15I; G68S; Y345H", "PA4964": "S87L", "PA4967": "WT", "PA5045": "WT", "PA5235": "G305D", "PA5471": "L88P; D161G; H182Q; V243A", "PA5485": "WT"}'; 
INSERT INTO metadata_general(isolate_id, isolate_name, project_name, species) VALUES ('144', 'MAD01-021', 'GEMARA', 'Pseudomonas aeruginosa') ON DUPLICATE KEY UPDATE isolate_name = 'MAD01-021', project_name = 'GEMARA', species = 'Pseudomonas aeruginosa'; 
INSERT INTO mic(mic_id, isolate_id, ami, ami_clinical_category, atm_clinical_category, caz, caz_clinical_category, caz_cloxa, cip, cip_clinical_category, col, col_clinical_category, fep, fep_clinical_category, imi, imi_clinical_category, imi_cloxa, mer_clinical_category, pip_tz, pip_tz_clinical_category, tic, tic_clinical_category, tob, tob_clinical_category) VALUES ('144', '144', '16', 'I', 'I', '>64', 'R', 'nan', '>16', 'R', '1', 'S', '32', 'R', '8', 'I', 'nan', 'I', '32', 'R', '128', 'R', '>32', 'R') ON DUPLICATE KEY UPDATE ami = '16', ami_clinical_category = 'I', atm_clinical_category = 'I', caz = '>64', caz_clinical_category = 'R', caz_cloxa = 'nan', cip = '>16', cip_clinical_category = 'R', col = '1', col_clinical_category = 'S', fep = '32', fep_clinical_category = 'R', imi = '8', imi_clinical_category = 'I', imi_cloxa = 'nan', mer_clinical_category = 'I', pip_tz = '32', pip_tz_clinical_category = 'R', tic = '128', tic_clinical_category = 'R', tob = '>32', tob_clinical_category = 'R'; 
INSERT INTO sequence_analysis(sequence_analysis_id, isolate_id, clonal_complex, mutational_resistome) VALUES ('144', '144', 'ST235', '{"PA0004": "WT", "PA0424": "V126E", "PA0425": "WT", "PA0426": "G957D", "PA0427": "WT", "PA0807": "WT", "PA0869": "A287S", "PA0958": "nt5IS", "PA1179": "WT", "PA1180": "Y85F", "PA1777": "WT", "PA1798": "D249N; H398R", "PA1799": "S170N", "PA2018": "T543A", "PA2019": "A30T; K329Q; L331V; W358R", "PA2020": "WT", "PA2272": "A104P; V466I", "PA2491": "D249N", "PA2492": "P60S; F172I", "PA3047": "WT", "PA3168": "T83I", "PA3574": "WT", "PA3721": "G71E; E153Q; S209R", "PA3999": "WT", "PA4003": "WT", "PA4020": "WT", "PA4109": "G283E; M288R", "PA4110": "G27D; A97V; T105A; V205L; G391A", "PA4266": "WT", "PA4418": "WT", "PA4522": "WT", "PA4600": "WT", "PA4700": "L353Q", "PA4776": "L71R", "PA4777": "A4T; V15I; G68S; Y345H", "PA4964": "S87L", "PA4967": "D533E", "PA5045": "WT", "PA5235": "WT", "PA5471": "L88P; D161G; H182Q; R204C; V243A", "PA5485": "WT"}') ON DUPLICATE KEY UPDATE clonal_complex = 'ST235', mutational_resistome = '{"PA0004": "WT", "PA0424": "V126E", "PA0425": "WT", "PA0426": "G957D", "PA0427": "WT", "PA0807": "WT", "PA0869": "A287S", "PA0958": "nt5IS", "PA1179": "WT", "PA1180": "Y85F", "PA1777": "WT", "PA1798": "D249N; H398R", "PA1799": "S170N", "PA2018": "T543A", "PA2019": "A30T; K329Q; L331V; W358R", "PA2020": "WT", "PA2272": "A104P; V466I", "PA2491": "D249N", "PA2492": "P60S; F172I", "PA3047": "WT", "PA3168": "T83I", "PA3574": "WT", "PA3721": "G71E; E153Q; S209R", "PA3999": "WT", "PA4003": "WT", "PA4020": "WT", "PA4109": "G283E; M288R", "PA4110": "G27D; A97V; T105A; V205L; G391A", "PA4266": "WT", "PA4418": "WT", "PA4522": "WT", "PA4600": "WT", "PA4700": "L353Q", "PA4776": "L71R", "PA4777": "A4T; V15I; G68S; Y345H", "PA4964": "S87L", "PA4967": "D533E", "PA5045": "WT", "PA5235": "WT", "PA5471": "L88P; D161G; H182Q; R204C; V243A", "PA5485": "WT"}'; 
INSERT INTO metadata_general(isolate_id, isolate_name, project_name, species) VALUES ('145', 'MAD02-005', 'GEMARA', 'Pseudomonas aeruginosa') ON DUPLICATE KEY UPDATE isolate_name = 'MAD02-005', project_name = 'GEMARA', species = 'Pseudomonas aeruginosa'; 
INSERT INTO mic(mic_id, isolate_id, ami, ami_clinical_category, atm_clinical_category, caz, caz_clinical_category, caz_cloxa, cip, cip_clinical_category, col, col_clinical_category, fep, fep_clinical_category, imi, imi_clinical_category, imi_cloxa, mer_clinical_category, pip_tz, pip_tz_clinical_category, tic, tic_clinical_category, tob, tob_clinical_category) VALUES ('145', '145', '4', 'S', 'R', '32', 'R', 'nan', '>16', 'R', '1', 'S', '16', 'R', '>32', 'R', 'nan', 'R', '256', 'R', '>512', 'R', '>32', 'R') ON DUPLICATE KEY UPDATE ami = '4', ami_clinical_category = 'S', atm_clinical_category = 'R', caz = '32', caz_clinical_category = 'R', caz_cloxa = 'nan', cip = '>16', cip_clinical_category = 'R', col = '1', col_clinical_category = 'S', fep = '16', fep_clinical_category = 'R', imi = '>32', imi_clinical_category = 'R', imi_cloxa = 'nan', mer_clinical_category = 'R', pip_tz = '256', pip_tz_clinical_category = 'R', tic = '>512', tic_clinical_category = 'R', tob = '>32', tob_clinical_category = 'R'; 
INSERT INTO sequence_analysis(sequence_analysis_id, isolate_id, clonal_complex, mutational_resistome) VALUES ('145', '145', 'ST175', '{"PA0004": "WT", "PA0424": "WT", "PA0425": "WT", "PA0426": "WT", "PA0427": "WT", "PA0807": "A219T", "PA0869": "S250N", "PA0958": "W277X", "PA1179": "WT", "PA1180": "WT", "PA1777": "WT", "PA1798": "H398R", "PA1799": "WT", "PA2018": "T543A", "PA2019": "K329Q; W358R", "PA2020": "G195D", "PA2272": "E37K; A104P", "PA2491": "D249N", "PA2492": "P60S; F172I", "PA3047": "WT", "PA3168": "T83I; D87N", "PA3574": "WT", "PA3721": "G71E; A186T", "PA3999": "WT", "PA4003": "WT", "PA4020": "WT", "PA4109": "WT", "PA4110": "WT", "PA4266": "WT", "PA4418": "WT", "PA4522": "G148A; D183Y", "PA4600": "WT", "PA4700": "WT", "PA4776": "WT", "PA4777": "Y345H", "PA4964": "S87W; L168Q", "PA4967": "WT", "PA5045": "E245D", "PA5235": "WT", "PA5471": "L88P; D161G; H182Q; V243A; V266M", "PA5485": "WT"}') ON DUPLICATE KEY UPDATE clonal_complex = 'ST175', mutational_resistome = '{"PA0004": "WT", "PA0424": "WT", "PA0425": "WT", "PA0426": "WT", "PA0427": "WT", "PA0807": "A219T", "PA0869": "S250N", "PA0958": "W277X", "PA1179": "WT", "PA1180": "WT", "PA1777": "WT", "PA1798": "H398R", "PA1799": "WT", "PA2018": "T543A", "PA2019": "K329Q; W358R", "PA2020": "G195D", "PA2272": "E37K; A104P", "PA2491": "D249N", "PA2492": "P60S; F172I", "PA3047": "WT", "PA3168": "T83I; D87N", "PA3574": "WT", "PA3721": "G71E; A186T", "PA3999": "WT", "PA4003": "WT", "PA4020": "WT", "PA4109": "WT", "PA4110": "WT", "PA4266": "WT", "PA4418": "WT", "PA4522": "G148A; D183Y", "PA4600": "WT", "PA4700": "WT", "PA4776": "WT", "PA4777": "Y345H", "PA4964": "S87W; L168Q", "PA4967": "WT", "PA5045": "E245D", "PA5235": "WT", "PA5471": "L88P; D161G; H182Q; V243A; V266M", "PA5485": "WT"}'; 
INSERT INTO metadata_general(isolate_id, isolate_name, project_name, species) VALUES ('146', 'MAD02-006', 'GEMARA', 'Pseudomonas aeruginosa') ON DUPLICATE KEY UPDATE isolate_name = 'MAD02-006', project_name = 'GEMARA', species = 'Pseudomonas aeruginosa'; 
INSERT INTO mic(mic_id, isolate_id, ami, ami_clinical_category, atm_clinical_category, caz, caz_clinical_category, caz_cloxa, cip, cip_clinical_category, col, col_clinical_category, fep, fep_clinical_category, imi, imi_clinical_category, imi_cloxa, mer_clinical_category, pip_tz, pip_tz_clinical_category, tic, tic_clinical_category, tob, tob_clinical_category) VALUES ('146', '146', '4', 'S', 'I', '2', 'S', 'nan', '>16', 'R', '2', 'S', '8', 'S', '2', 'S', 'nan', 'I', '64', 'R', '256', 'R', '8', 'R') ON DUPLICATE KEY UPDATE ami = '4', ami_clinical_category = 'S', atm_clinical_category = 'I', caz = '2', caz_clinical_category = 'S', caz_cloxa = 'nan', cip = '>16', cip_clinical_category = 'R', col = '2', col_clinical_category = 'S', fep = '8', fep_clinical_category = 'S', imi = '2', imi_clinical_category = 'S', imi_cloxa = 'nan', mer_clinical_category = 'I', pip_tz = '64', pip_tz_clinical_category = 'R', tic = '256', tic_clinical_category = 'R', tob = '8', tob_clinical_category = 'R'; 
INSERT INTO sequence_analysis(sequence_analysis_id, isolate_id, clonal_complex, mutational_resistome) VALUES ('146', '146', 'ST273', '{"PA0004": "WT", "PA0424": "WT", "PA0425": "WT", "PA0426": "V1042A", "PA0427": "WT", "PA0807": "A219T", "PA0869": "S194T", "PA0958": "WT", "PA1179": "WT", "PA1180": "WT", "PA1777": "WT", "PA1798": "H398R", "PA1799": "L153R; S170N", "PA2018": "T543A; Q840E; V980I", "PA2019": "A30T; K329Q; L331V; W358R", "PA2020": "WT", "PA2272": "A104P", "PA2491": "D249N", "PA2492": "F172I", "PA3047": "WT", "PA3168": "WT", "PA3574": "WT", "PA3721": "G71E; S209R", "PA3999": "WT", "PA4003": "WT", "PA4020": "M297V", "PA4109": "G283E", "PA4110": "R79Q; T105A", "PA4266": "WT", "PA4418": "WT", "PA4522": "G148A; S175L", "PA4600": "WT", "PA4700": "L353Q; S25G", "PA4776": "WT", "PA4777": "Y345H", "PA4964": "WT", "PA4967": "P195T", "PA5045": "WT", "PA5235": "WT", "PA5471": "R41C; L88P; D161G; H182Q", "PA5485": "WT"}') ON DUPLICATE KEY UPDATE clonal_complex = 'ST273', mutational_resistome = '{"PA0004": "WT", "PA0424": "WT", "PA0425": "WT", "PA0426": "V1042A", "PA0427": "WT", "PA0807": "A219T", "PA0869": "S194T", "PA0958": "WT", "PA1179": "WT", "PA1180": "WT", "PA1777": "WT", "PA1798": "H398R", "PA1799": "L153R; S170N", "PA2018": "T543A; Q840E; V980I", "PA2019": "A30T; K329Q; L331V; W358R", "PA2020": "WT", "PA2272": "A104P", "PA2491": "D249N", "PA2492": "F172I", "PA3047": "WT", "PA3168": "WT", "PA3574": "WT", "PA3721": "G71E; S209R", "PA3999": "WT", "PA4003": "WT", "PA4020": "M297V", "PA4109": "G283E", "PA4110": "R79Q; T105A", "PA4266": "WT", "PA4418": "WT", "PA4522": "G148A; S175L", "PA4600": "WT", "PA4700": "L353Q; S25G", "PA4776": "WT", "PA4777": "Y345H", "PA4964": "WT", "PA4967": "P195T", "PA5045": "WT", "PA5235": "WT", "PA5471": "R41C; L88P; D161G; H182Q", "PA5485": "WT"}'; 
INSERT INTO metadata_general(isolate_id, isolate_name, project_name, species) VALUES ('147', 'MAD02-007', 'GEMARA', 'Pseudomonas aeruginosa') ON DUPLICATE KEY UPDATE isolate_name = 'MAD02-007', project_name = 'GEMARA', species = 'Pseudomonas aeruginosa'; 
INSERT INTO mic(mic_id, isolate_id, ami, ami_clinical_category, atm_clinical_category, caz, caz_clinical_category, caz_cloxa, cip, cip_clinical_category, col, col_clinical_category, fep, fep_clinical_category, imi, imi_clinical_category, imi_cloxa, mer_clinical_category, pip_tz, pip_tz_clinical_category, tic, tic_clinical_category, tob, tob_clinical_category) VALUES ('147', '147', '16', 'I', 'R', '64', 'R', 'nan', '>16', 'R', '1', 'S', '64', 'R', '>32', 'R', 'nan', 'R', '>256', 'R', '>512', 'R', '>32', 'R') ON DUPLICATE KEY UPDATE ami = '16', ami_clinical_category = 'I', atm_clinical_category = 'R', caz = '64', caz_clinical_category = 'R', caz_cloxa = 'nan', cip = '>16', cip_clinical_category = 'R', col = '1', col_clinical_category = 'S', fep = '64', fep_clinical_category = 'R', imi = '>32', imi_clinical_category = 'R', imi_cloxa = 'nan', mer_clinical_category = 'R', pip_tz = '>256', pip_tz_clinical_category = 'R', tic = '>512', tic_clinical_category = 'R', tob = '>32', tob_clinical_category = 'R'; 
INSERT INTO sequence_analysis(sequence_analysis_id, isolate_id, clonal_complex, mutational_resistome) VALUES ('147', '147', 'ST175', '{"PA0004": "WT", "PA0424": "WT", "PA0425": "WT", "PA0426": "WT", "PA0427": "WT", "PA0807": "WT", "PA0869": "S250N", "PA0958": "WT", "PA1179": "WT", "PA1180": "WT", "PA1777": "WT", "PA1798": "WT", "PA1799": "WT", "PA2018": "T543A", "PA2019": "WT", "PA2020": "G195D", "PA2272": "WT", "PA2491": "D249N", "PA2492": "F172I", "PA3047": "WT", "PA3168": "T83I", "PA3574": "WT", "PA3721": "G71E", "PA3999": "WT", "PA4003": "WT", "PA4020": "WT", "PA4109": "WT", "PA4110": "WT", "PA4266": "WT", "PA4418": "WT", "PA4522": "G148A; D183Y", "PA4600": "WT", "PA4700": "WT", "PA4776": "WT", "PA4777": "Y345H", "PA4964": "S87W; L168Q", "PA4967": "WT", "PA5045": "WT", "PA5235": "WT", "PA5471": "L88P; D161G; H182Q; V243A; V266M", "PA5485": "WT"}') ON DUPLICATE KEY UPDATE clonal_complex = 'ST175', mutational_resistome = '{"PA0004": "WT", "PA0424": "WT", "PA0425": "WT", "PA0426": "WT", "PA0427": "WT", "PA0807": "WT", "PA0869": "S250N", "PA0958": "WT", "PA1179": "WT", "PA1180": "WT", "PA1777": "WT", "PA1798": "WT", "PA1799": "WT", "PA2018": "T543A", "PA2019": "WT", "PA2020": "G195D", "PA2272": "WT", "PA2491": "D249N", "PA2492": "F172I", "PA3047": "WT", "PA3168": "T83I", "PA3574": "WT", "PA3721": "G71E", "PA3999": "WT", "PA4003": "WT", "PA4020": "WT", "PA4109": "WT", "PA4110": "WT", "PA4266": "WT", "PA4418": "WT", "PA4522": "G148A; D183Y", "PA4600": "WT", "PA4700": "WT", "PA4776": "WT", "PA4777": "Y345H", "PA4964": "S87W; L168Q", "PA4967": "WT", "PA5045": "WT", "PA5235": "WT", "PA5471": "L88P; D161G; H182Q; V243A; V266M", "PA5485": "WT"}'; 
INSERT INTO metadata_general(isolate_id, isolate_name, project_name, species) VALUES ('148', 'MAD02-009', 'GEMARA', 'Pseudomonas aeruginosa') ON DUPLICATE KEY UPDATE isolate_name = 'MAD02-009', project_name = 'GEMARA', species = 'Pseudomonas aeruginosa'; 
INSERT INTO mic(mic_id, isolate_id, ami, ami_clinical_category, atm_clinical_category, caz, caz_clinical_category, caz_cloxa, cip, cip_clinical_category, col, col_clinical_category, fep, fep_clinical_category, imi, imi_clinical_category, imi_cloxa, mer_clinical_category, pip_tz, pip_tz_clinical_category, tic, tic_clinical_category, tob, tob_clinical_category) VALUES ('148', '148', '128', 'R', 'R', '>64', 'R', 'nan', '>16', 'R', '1', 'S', '>64', 'R', '>32', 'R', 'nan', 'R', '256', 'R', '>512', 'R', '>32', 'R') ON DUPLICATE KEY UPDATE ami = '128', ami_clinical_category = 'R', atm_clinical_category = 'R', caz = '>64', caz_clinical_category = 'R', caz_cloxa = 'nan', cip = '>16', cip_clinical_category = 'R', col = '1', col_clinical_category = 'S', fep = '>64', fep_clinical_category = 'R', imi = '>32', imi_clinical_category = 'R', imi_cloxa = 'nan', mer_clinical_category = 'R', pip_tz = '256', pip_tz_clinical_category = 'R', tic = '>512', tic_clinical_category = 'R', tob = '>32', tob_clinical_category = 'R'; 
INSERT INTO sequence_analysis(sequence_analysis_id, isolate_id, clonal_complex, mutational_resistome) VALUES ('148', '148', 'ST235', '{"PA0004": "WT", "PA0424": "WT", "PA0425": "WT", "PA0426": "G957D", "PA0427": "WT", "PA0807": "A208V", "PA0869": "A287S", "PA0958": "WT", "PA1179": "WT", "PA1180": "Y85F", "PA1777": "WT", "PA1798": "H398R", "PA1799": "L153R; S170N", "PA2018": "T543A", "PA2019": "K329Q; L331V; W358R", "PA2020": "WT", "PA2272": "A104P; V466I", "PA2491": "D249N", "PA2492": "P60S; F172I", "PA3047": "WT", "PA3168": "T83I", "PA3574": "WT", "PA3721": "G71E; S209R", "PA3999": "WT", "PA4003": "WT", "PA4020": "WT", "PA4109": "M288R", "PA4110": "G27D; A97V; T105A; V205L; G391A", "PA4266": "WT", "PA4418": "WT", "PA4522": "G148A", "PA4600": "WT", "PA4700": "L353Q", "PA4776": "L71R", "PA4777": "A4T; G68S; Y345H; G362S", "PA4964": "S87L", "PA4967": "WT", "PA5045": "WT", "PA5235": "WT", "PA5471": "L88P; D161G; H182Q; R204C; V243A", "PA5485": "WT"}') ON DUPLICATE KEY UPDATE clonal_complex = 'ST235', mutational_resistome = '{"PA0004": "WT", "PA0424": "WT", "PA0425": "WT", "PA0426": "G957D", "PA0427": "WT", "PA0807": "A208V", "PA0869": "A287S", "PA0958": "WT", "PA1179": "WT", "PA1180": "Y85F", "PA1777": "WT", "PA1798": "H398R", "PA1799": "L153R; S170N", "PA2018": "T543A", "PA2019": "K329Q; L331V; W358R", "PA2020": "WT", "PA2272": "A104P; V466I", "PA2491": "D249N", "PA2492": "P60S; F172I", "PA3047": "WT", "PA3168": "T83I", "PA3574": "WT", "PA3721": "G71E; S209R", "PA3999": "WT", "PA4003": "WT", "PA4020": "WT", "PA4109": "M288R", "PA4110": "G27D; A97V; T105A; V205L; G391A", "PA4266": "WT", "PA4418": "WT", "PA4522": "G148A", "PA4600": "WT", "PA4700": "L353Q", "PA4776": "L71R", "PA4777": "A4T; G68S; Y345H; G362S", "PA4964": "S87L", "PA4967": "WT", "PA5045": "WT", "PA5235": "WT", "PA5471": "L88P; D161G; H182Q; R204C; V243A", "PA5485": "WT"}'; 
INSERT INTO metadata_general(isolate_id, isolate_name, project_name, species) VALUES ('149', 'MAD02-012', 'GEMARA', 'Pseudomonas aeruginosa') ON DUPLICATE KEY UPDATE isolate_name = 'MAD02-012', project_name = 'GEMARA', species = 'Pseudomonas aeruginosa'; 
INSERT INTO mic(mic_id, isolate_id, ami, ami_clinical_category, atm_clinical_category, caz, caz_clinical_category, caz_cloxa, cip, cip_clinical_category, col, col_clinical_category, fep, fep_clinical_category, imi, imi_clinical_category, imi_cloxa, mer_clinical_category, pip_tz, pip_tz_clinical_category, tic, tic_clinical_category, tob, tob_clinical_category) VALUES ('149', '149', '4', 'S', 'R', '4', 'S', '+', '8', 'R', '4', 'R', '2', 'S', '1', 'S', 'nan', 'I', '64', 'R', '512', 'R', '0.5', 'S') ON DUPLICATE KEY UPDATE ami = '4', ami_clinical_category = 'S', atm_clinical_category = 'R', caz = '4', caz_clinical_category = 'S', caz_cloxa = '+', cip = '8', cip_clinical_category = 'R', col = '4', col_clinical_category = 'R', fep = '2', fep_clinical_category = 'S', imi = '1', imi_clinical_category = 'S', imi_cloxa = 'nan', mer_clinical_category = 'I', pip_tz = '64', pip_tz_clinical_category = 'R', tic = '512', tic_clinical_category = 'R', tob = '0.5', tob_clinical_category = 'S'; 
INSERT INTO sequence_analysis(sequence_analysis_id, isolate_id, clonal_complex, mutational_resistome) VALUES ('149', '149', 'ST3154', '{"PA0004": "WT", "PA0424": "WT", "PA0425": "WT", "PA0426": "WT", "PA0427": "WT", "PA0807": "P157A; D197E", "PA0869": "S250N", "PA0958": "WT", "PA1179": "WT", "PA1180": "WT", "PA1777": "WT", "PA1798": "H398R", "PA1799": "L153R; S170N", "PA2018": "Q282R; T543A", "PA2019": "K329Q", "PA2020": "WT", "PA2272": "A104P", "PA2491": "D249N", "PA2492": "F172I", "PA3047": "WT", "PA3168": "WT", "PA3574": "WT", "PA3721": "G71E; S209R; P210L", "PA3999": "WT", "PA4003": "WT", "PA4020": "M297V", "PA4109": "WT", "PA4110": "T105A; G391A", "PA4266": "WT", "PA4418": "WT", "PA4522": "G148A", "PA4600": "WT", "PA4700": "K607R; L353Q", "PA4776": "L71R", "PA4777": "Y345H", "PA4964": "WT", "PA4967": "D533E", "PA5045": "WT", "PA5235": "WT", "PA5471": "L88P; D161G; H182Q; V243A; A262S", "PA5485": "WT"}') ON DUPLICATE KEY UPDATE clonal_complex = 'ST3154', mutational_resistome = '{"PA0004": "WT", "PA0424": "WT", "PA0425": "WT", "PA0426": "WT", "PA0427": "WT", "PA0807": "P157A; D197E", "PA0869": "S250N", "PA0958": "WT", "PA1179": "WT", "PA1180": "WT", "PA1777": "WT", "PA1798": "H398R", "PA1799": "L153R; S170N", "PA2018": "Q282R; T543A", "PA2019": "K329Q", "PA2020": "WT", "PA2272": "A104P", "PA2491": "D249N", "PA2492": "F172I", "PA3047": "WT", "PA3168": "WT", "PA3574": "WT", "PA3721": "G71E; S209R; P210L", "PA3999": "WT", "PA4003": "WT", "PA4020": "M297V", "PA4109": "WT", "PA4110": "T105A; G391A", "PA4266": "WT", "PA4418": "WT", "PA4522": "G148A", "PA4600": "WT", "PA4700": "K607R; L353Q", "PA4776": "L71R", "PA4777": "Y345H", "PA4964": "WT", "PA4967": "D533E", "PA5045": "WT", "PA5235": "WT", "PA5471": "L88P; D161G; H182Q; V243A; A262S", "PA5485": "WT"}'; 
INSERT INTO metadata_general(isolate_id, isolate_name, project_name, species) VALUES ('150', 'MAD02-013', 'GEMARA', 'Pseudomonas aeruginosa') ON DUPLICATE KEY UPDATE isolate_name = 'MAD02-013', project_name = 'GEMARA', species = 'Pseudomonas aeruginosa'; 
INSERT INTO mic(mic_id, isolate_id, ami, ami_clinical_category, atm_clinical_category, caz, caz_clinical_category, caz_cloxa, cip, cip_clinical_category, col, col_clinical_category, fep, fep_clinical_category, imi, imi_clinical_category, imi_cloxa, mer_clinical_category, pip_tz, pip_tz_clinical_category, tic, tic_clinical_category, tob, tob_clinical_category) VALUES ('150', '150', '4', 'S', 'R', '16', 'R', '+', '>16', 'R', '4', 'R', '32', 'R', '16', 'R', 'nan', 'I', '128', 'R', '128', 'R', '0.5', 'S') ON DUPLICATE KEY UPDATE ami = '4', ami_clinical_category = 'S', atm_clinical_category = 'R', caz = '16', caz_clinical_category = 'R', caz_cloxa = '+', cip = '>16', cip_clinical_category = 'R', col = '4', col_clinical_category = 'R', fep = '32', fep_clinical_category = 'R', imi = '16', imi_clinical_category = 'R', imi_cloxa = 'nan', mer_clinical_category = 'I', pip_tz = '128', pip_tz_clinical_category = 'R', tic = '128', tic_clinical_category = 'R', tob = '0.5', tob_clinical_category = 'S'; 
INSERT INTO sequence_analysis(sequence_analysis_id, isolate_id, clonal_complex, mutational_resistome) VALUES ('150', '150', 'ST17', '{"PA0004": "WT", "PA0424": "WT", "PA0425": "WT", "PA0426": "WT", "PA0427": "WT", "PA0807": "A219T", "PA0869": "S250N", "PA0958": "WT", "PA1179": "WT", "PA1180": "WT", "PA1777": "WT", "PA1798": "H398R", "PA1799": "WT", "PA2018": "T543A", "PA2019": "K329Q; L331V; W358R", "PA2020": "WT", "PA2272": "A104P", "PA2491": "D249N", "PA2492": "F172I", "PA3047": "S399X", "PA3168": "T83I; aa914\u0394PS", "PA3574": "WT", "PA3721": "G71E; S209R", "PA3999": "V29I", "PA4003": "WT", "PA4020": "Ter452Rext*", "PA4109": "WT", "PA4110": "T105A; L176R", "PA4266": "WT", "PA4418": "WT", "PA4522": "A136V; G148A", "PA4600": "WT", "PA4700": "S25G", "PA4776": "WT", "PA4777": "Y345H", "PA4964": "S87L", "PA4967": "D533E", "PA5045": "P388S", "PA5235": "P444S", "PA5471": "C40R; L88P; D161G; H182Q; V243A", "PA5485": "WT"}') ON DUPLICATE KEY UPDATE clonal_complex = 'ST17', mutational_resistome = '{"PA0004": "WT", "PA0424": "WT", "PA0425": "WT", "PA0426": "WT", "PA0427": "WT", "PA0807": "A219T", "PA0869": "S250N", "PA0958": "WT", "PA1179": "WT", "PA1180": "WT", "PA1777": "WT", "PA1798": "H398R", "PA1799": "WT", "PA2018": "T543A", "PA2019": "K329Q; L331V; W358R", "PA2020": "WT", "PA2272": "A104P", "PA2491": "D249N", "PA2492": "F172I", "PA3047": "S399X", "PA3168": "T83I; aa914\u0394PS", "PA3574": "WT", "PA3721": "G71E; S209R", "PA3999": "V29I", "PA4003": "WT", "PA4020": "Ter452Rext*", "PA4109": "WT", "PA4110": "T105A; L176R", "PA4266": "WT", "PA4418": "WT", "PA4522": "A136V; G148A", "PA4600": "WT", "PA4700": "S25G", "PA4776": "WT", "PA4777": "Y345H", "PA4964": "S87L", "PA4967": "D533E", "PA5045": "P388S", "PA5235": "P444S", "PA5471": "C40R; L88P; D161G; H182Q; V243A", "PA5485": "WT"}'; 
INSERT INTO metadata_general(isolate_id, isolate_name, project_name, species) VALUES ('151', 'MAD02-014', 'GEMARA', 'Pseudomonas aeruginosa') ON DUPLICATE KEY UPDATE isolate_name = 'MAD02-014', project_name = 'GEMARA', species = 'Pseudomonas aeruginosa'; 
INSERT INTO mic(mic_id, isolate_id, ami, ami_clinical_category, atm_clinical_category, caz, caz_clinical_category, caz_cloxa, cip, cip_clinical_category, col, col_clinical_category, fep, fep_clinical_category, imi, imi_clinical_category, imi_cloxa, mer_clinical_category, pip_tz, pip_tz_clinical_category, tic, tic_clinical_category, tob, tob_clinical_category) VALUES ('151', '151', '32', 'R', 'R', '64', 'R', 'nan', '>16', 'R', '1', 'S', '32', 'R', '>32', 'R', 'nan', 'R', '128', 'R', '>512', 'R', '>32', 'R') ON DUPLICATE KEY UPDATE ami = '32', ami_clinical_category = 'R', atm_clinical_category = 'R', caz = '64', caz_clinical_category = 'R', caz_cloxa = 'nan', cip = '>16', cip_clinical_category = 'R', col = '1', col_clinical_category = 'S', fep = '32', fep_clinical_category = 'R', imi = '>32', imi_clinical_category = 'R', imi_cloxa = 'nan', mer_clinical_category = 'R', pip_tz = '128', pip_tz_clinical_category = 'R', tic = '>512', tic_clinical_category = 'R', tob = '>32', tob_clinical_category = 'R'; 
INSERT INTO sequence_analysis(sequence_analysis_id, isolate_id, clonal_complex, mutational_resistome) VALUES ('151', '151', 'ST175', '{"PA0004": "WT", "PA0424": "WT", "PA0425": "WT", "PA0426": "WT", "PA0427": "WT", "PA0807": "A219T", "PA0869": "S250N", "PA0958": "W65X", "PA1179": "WT", "PA1180": "WT", "PA1777": "WT", "PA1798": "H398R", "PA1799": "WT", "PA2018": "T543A", "PA2019": "K329Q; W358R", "PA2020": "G195D", "PA2272": "E37K; A104P", "PA2491": "D249N", "PA2492": "P60S; F172I", "PA3047": "WT", "PA3168": "T83I; D87N; I839V", "PA3574": "WT", "PA3721": "G71E; A186T", "PA3999": "WT", "PA4003": "WT", "PA4020": "WT", "PA4109": "WT", "PA4110": "WT", "PA4266": "WT", "PA4418": "WT", "PA4522": "G148A; D183Y", "PA4600": "WT", "PA4700": "WT", "PA4776": "WT", "PA4777": "Y345H", "PA4964": "S87W; L168Q", "PA4967": "WT", "PA5045": "E245D", "PA5235": "WT", "PA5471": "L88P; D161G; H182Q; V243A; V266M", "PA5485": "WT"}') ON DUPLICATE KEY UPDATE clonal_complex = 'ST175', mutational_resistome = '{"PA0004": "WT", "PA0424": "WT", "PA0425": "WT", "PA0426": "WT", "PA0427": "WT", "PA0807": "A219T", "PA0869": "S250N", "PA0958": "W65X", "PA1179": "WT", "PA1180": "WT", "PA1777": "WT", "PA1798": "H398R", "PA1799": "WT", "PA2018": "T543A", "PA2019": "K329Q; W358R", "PA2020": "G195D", "PA2272": "E37K; A104P", "PA2491": "D249N", "PA2492": "P60S; F172I", "PA3047": "WT", "PA3168": "T83I; D87N; I839V", "PA3574": "WT", "PA3721": "G71E; A186T", "PA3999": "WT", "PA4003": "WT", "PA4020": "WT", "PA4109": "WT", "PA4110": "WT", "PA4266": "WT", "PA4418": "WT", "PA4522": "G148A; D183Y", "PA4600": "WT", "PA4700": "WT", "PA4776": "WT", "PA4777": "Y345H", "PA4964": "S87W; L168Q", "PA4967": "WT", "PA5045": "E245D", "PA5235": "WT", "PA5471": "L88P; D161G; H182Q; V243A; V266M", "PA5485": "WT"}'; 
INSERT INTO metadata_general(isolate_id, isolate_name, project_name, species) VALUES ('152', 'MAD02-021', 'GEMARA', 'Pseudomonas aeruginosa') ON DUPLICATE KEY UPDATE isolate_name = 'MAD02-021', project_name = 'GEMARA', species = 'Pseudomonas aeruginosa'; 
INSERT INTO mic(mic_id, isolate_id, ami, ami_clinical_category, atm_clinical_category, caz, caz_clinical_category, caz_cloxa, cip, cip_clinical_category, col, col_clinical_category, fep, fep_clinical_category, imi, imi_clinical_category, imi_cloxa, mer_clinical_category, pip_tz, pip_tz_clinical_category, tic, tic_clinical_category, tob, tob_clinical_category) VALUES ('152', '152', '32', 'R', 'I', '32', 'R', 'nan', '>16', 'R', '2', 'S', '16', 'R', '>32', 'R', 'nan', 'R', '256', 'R', '512', 'R', '>32', 'R') ON DUPLICATE KEY UPDATE ami = '32', ami_clinical_category = 'R', atm_clinical_category = 'I', caz = '32', caz_clinical_category = 'R', caz_cloxa = 'nan', cip = '>16', cip_clinical_category = 'R', col = '2', col_clinical_category = 'S', fep = '16', fep_clinical_category = 'R', imi = '>32', imi_clinical_category = 'R', imi_cloxa = 'nan', mer_clinical_category = 'R', pip_tz = '256', pip_tz_clinical_category = 'R', tic = '512', tic_clinical_category = 'R', tob = '>32', tob_clinical_category = 'R'; 
INSERT INTO sequence_analysis(sequence_analysis_id, isolate_id, clonal_complex, mutational_resistome) VALUES ('152', '152', 'ST235', '{"PA0004": "WT", "PA0424": "V126E", "PA0425": "WT", "PA0426": "G957D", "PA0427": "WT", "PA0807": "A208V", "PA0869": "A287S", "PA0958": "WT", "PA1179": "WT", "PA1180": "Y85F", "PA1777": "WT", "PA1798": "D249N; H398R", "PA1799": "L153R; S170N", "PA2018": "T543A", "PA2019": "A30T; K329Q; L331V; W358R", "PA2020": "nt290\u039411", "PA2272": "A104P; V466I", "PA2491": "D249N", "PA2492": "P60S; F172I", "PA3047": "WT", "PA3168": "T83I", "PA3574": "WT", "PA3721": "G71E; E153Q; S209R", "PA3999": "WT", "PA4003": "WT", "PA4020": "WT", "PA4109": "G283E; M288R", "PA4110": "G27D; A97V; T105A; V205L; G391A", "PA4266": "WT", "PA4418": "WT", "PA4522": "D112Y; G148A", "PA4600": "WT", "PA4700": "L353Q; S25G", "PA4776": "L71R", "PA4777": "A4T; G68S; Y345H; G362S", "PA4964": "S87L", "PA4967": "D533E", "PA5045": "WT", "PA5235": "WT", "PA5471": "L88P; D161G; H182Q; R204C; V243A", "PA5485": "WT"}') ON DUPLICATE KEY UPDATE clonal_complex = 'ST235', mutational_resistome = '{"PA0004": "WT", "PA0424": "V126E", "PA0425": "WT", "PA0426": "G957D", "PA0427": "WT", "PA0807": "A208V", "PA0869": "A287S", "PA0958": "WT", "PA1179": "WT", "PA1180": "Y85F", "PA1777": "WT", "PA1798": "D249N; H398R", "PA1799": "L153R; S170N", "PA2018": "T543A", "PA2019": "A30T; K329Q; L331V; W358R", "PA2020": "nt290\u039411", "PA2272": "A104P; V466I", "PA2491": "D249N", "PA2492": "P60S; F172I", "PA3047": "WT", "PA3168": "T83I", "PA3574": "WT", "PA3721": "G71E; E153Q; S209R", "PA3999": "WT", "PA4003": "WT", "PA4020": "WT", "PA4109": "G283E; M288R", "PA4110": "G27D; A97V; T105A; V205L; G391A", "PA4266": "WT", "PA4418": "WT", "PA4522": "D112Y; G148A", "PA4600": "WT", "PA4700": "L353Q; S25G", "PA4776": "L71R", "PA4777": "A4T; G68S; Y345H; G362S", "PA4964": "S87L", "PA4967": "D533E", "PA5045": "WT", "PA5235": "WT", "PA5471": "L88P; D161G; H182Q; R204C; V243A", "PA5485": "WT"}'; 
INSERT INTO metadata_general(isolate_id, isolate_name, project_name, species) VALUES ('153', 'MAD02-025', 'GEMARA', 'Pseudomonas aeruginosa') ON DUPLICATE KEY UPDATE isolate_name = 'MAD02-025', project_name = 'GEMARA', species = 'Pseudomonas aeruginosa'; 
INSERT INTO mic(mic_id, isolate_id, ami, ami_clinical_category, atm_clinical_category, caz, caz_clinical_category, caz_cloxa, cip, cip_clinical_category, col, col_clinical_category, fep, fep_clinical_category, imi, imi_clinical_category, imi_cloxa, mer_clinical_category, pip_tz, pip_tz_clinical_category, tic, tic_clinical_category, tob, tob_clinical_category) VALUES ('153', '153', '128', 'R', 'R', '>64', 'R', 'nan', '>16', 'R', '2', 'S', '>64', 'R', '>32', 'R', 'nan', 'R', '128', 'R', '512', 'R', '>32', 'R') ON DUPLICATE KEY UPDATE ami = '128', ami_clinical_category = 'R', atm_clinical_category = 'R', caz = '>64', caz_clinical_category = 'R', caz_cloxa = 'nan', cip = '>16', cip_clinical_category = 'R', col = '2', col_clinical_category = 'S', fep = '>64', fep_clinical_category = 'R', imi = '>32', imi_clinical_category = 'R', imi_cloxa = 'nan', mer_clinical_category = 'R', pip_tz = '128', pip_tz_clinical_category = 'R', tic = '512', tic_clinical_category = 'R', tob = '>32', tob_clinical_category = 'R'; 
INSERT INTO sequence_analysis(sequence_analysis_id, isolate_id, clonal_complex, mutational_resistome) VALUES ('153', '153', 'ST235', '{"PA0004": "WT", "PA0424": "V126E", "PA0425": "WT", "PA0426": "G957D", "PA0427": "WT", "PA0807": "A208V", "PA0869": "A287S", "PA0958": "WT", "PA1179": "WT", "PA1180": "Y85F", "PA1777": "WT", "PA1798": "H398R", "PA1799": "L153R; S170N", "PA2018": "T543A", "PA2019": "A30T; K329Q; L331V; W358R", "PA2020": "WT", "PA2272": "A104P; V466I", "PA2491": "D249N", "PA2492": "P60S; F172I", "PA3047": "WT", "PA3168": "T83I", "PA3574": "WT", "PA3721": "G71E; E153Q; S209R", "PA3999": "WT", "PA4003": "WT", "PA4020": "WT", "PA4109": "G283E; M288R", "PA4110": "G27D; A97V; T105A; V205L; G391A", "PA4266": "F582I", "PA4418": "WT", "PA4522": "G148A", "PA4600": "WT", "PA4700": "L353Q; S25G", "PA4776": "L71R", "PA4777": "S2P; A4T; G68S; Y345H; G362S", "PA4964": "S87L", "PA4967": "D533E", "PA5045": "WT", "PA5235": "WT", "PA5471": "L88P; D161G; H182Q; R204C; V243A", "PA5485": "WT"}') ON DUPLICATE KEY UPDATE clonal_complex = 'ST235', mutational_resistome = '{"PA0004": "WT", "PA0424": "V126E", "PA0425": "WT", "PA0426": "G957D", "PA0427": "WT", "PA0807": "A208V", "PA0869": "A287S", "PA0958": "WT", "PA1179": "WT", "PA1180": "Y85F", "PA1777": "WT", "PA1798": "H398R", "PA1799": "L153R; S170N", "PA2018": "T543A", "PA2019": "A30T; K329Q; L331V; W358R", "PA2020": "WT", "PA2272": "A104P; V466I", "PA2491": "D249N", "PA2492": "P60S; F172I", "PA3047": "WT", "PA3168": "T83I", "PA3574": "WT", "PA3721": "G71E; E153Q; S209R", "PA3999": "WT", "PA4003": "WT", "PA4020": "WT", "PA4109": "G283E; M288R", "PA4110": "G27D; A97V; T105A; V205L; G391A", "PA4266": "F582I", "PA4418": "WT", "PA4522": "G148A", "PA4600": "WT", "PA4700": "L353Q; S25G", "PA4776": "L71R", "PA4777": "S2P; A4T; G68S; Y345H; G362S", "PA4964": "S87L", "PA4967": "D533E", "PA5045": "WT", "PA5235": "WT", "PA5471": "L88P; D161G; H182Q; R204C; V243A", "PA5485": "WT"}'; 
INSERT INTO metadata_general(isolate_id, isolate_name, project_name, species) VALUES ('154', 'MAD02-035', 'GEMARA', 'Pseudomonas aeruginosa') ON DUPLICATE KEY UPDATE isolate_name = 'MAD02-035', project_name = 'GEMARA', species = 'Pseudomonas aeruginosa'; 
INSERT INTO mic(mic_id, isolate_id, ami, ami_clinical_category, atm_clinical_category, caz, caz_clinical_category, caz_cloxa, cip, cip_clinical_category, col, col_clinical_category, fep, fep_clinical_category, imi, imi_clinical_category, imi_cloxa, mer_clinical_category, pip_tz, pip_tz_clinical_category, tic, tic_clinical_category, tob, tob_clinical_category) VALUES ('154', '154', '128', 'R', 'R', '>64', 'R', 'nan', '16', 'R', '1', 'S', '64', 'R', '>32', 'R', 'nan', 'R', '256', 'R', '>512', 'R', '>32', 'R') ON DUPLICATE KEY UPDATE ami = '128', ami_clinical_category = 'R', atm_clinical_category = 'R', caz = '>64', caz_clinical_category = 'R', caz_cloxa = 'nan', cip = '16', cip_clinical_category = 'R', col = '1', col_clinical_category = 'S', fep = '64', fep_clinical_category = 'R', imi = '>32', imi_clinical_category = 'R', imi_cloxa = 'nan', mer_clinical_category = 'R', pip_tz = '256', pip_tz_clinical_category = 'R', tic = '>512', tic_clinical_category = 'R', tob = '>32', tob_clinical_category = 'R'; 
INSERT INTO sequence_analysis(sequence_analysis_id, isolate_id, clonal_complex, mutational_resistome) VALUES ('154', '154', 'ST235', '{"PA0004": "WT", "PA0424": "V126E", "PA0425": "WT", "PA0426": "G957D", "PA0427": "WT", "PA0807": "A208V", "PA0869": "A287S", "PA0958": "WT", "PA1179": "WT", "PA1180": "Y85F", "PA1777": "WT", "PA1798": "H398R", "PA1799": "L153R; S170N", "PA2018": "T543A", "PA2019": "A30T; K329Q; L331V; W358R", "PA2020": "WT", "PA2272": "A104P; V466I", "PA2491": "D249N", "PA2492": "P60S; F172I", "PA3047": "WT", "PA3168": "T83I", "PA3574": "WT", "PA3721": "G71E; E153Q; S209R", "PA3999": "WT", "PA4003": "WT", "PA4020": "WT", "PA4109": "G283E; M288R", "PA4110": "G27D; A97V; T105A; V205L; G391A", "PA4266": "F582I", "PA4418": "WT", "PA4522": "G148A", "PA4600": "WT", "PA4700": "L353Q; S25G", "PA4776": "L71R", "PA4777": "A4T; G68S; Y345H; G362S", "PA4964": "S87L", "PA4967": "D533E", "PA5045": "WT", "PA5235": "WT", "PA5471": "L88P; D161G; H182Q; R204C; V243A", "PA5485": "WT"}') ON DUPLICATE KEY UPDATE clonal_complex = 'ST235', mutational_resistome = '{"PA0004": "WT", "PA0424": "V126E", "PA0425": "WT", "PA0426": "G957D", "PA0427": "WT", "PA0807": "A208V", "PA0869": "A287S", "PA0958": "WT", "PA1179": "WT", "PA1180": "Y85F", "PA1777": "WT", "PA1798": "H398R", "PA1799": "L153R; S170N", "PA2018": "T543A", "PA2019": "A30T; K329Q; L331V; W358R", "PA2020": "WT", "PA2272": "A104P; V466I", "PA2491": "D249N", "PA2492": "P60S; F172I", "PA3047": "WT", "PA3168": "T83I", "PA3574": "WT", "PA3721": "G71E; E153Q; S209R", "PA3999": "WT", "PA4003": "WT", "PA4020": "WT", "PA4109": "G283E; M288R", "PA4110": "G27D; A97V; T105A; V205L; G391A", "PA4266": "F582I", "PA4418": "WT", "PA4522": "G148A", "PA4600": "WT", "PA4700": "L353Q; S25G", "PA4776": "L71R", "PA4777": "A4T; G68S; Y345H; G362S", "PA4964": "S87L", "PA4967": "D533E", "PA5045": "WT", "PA5235": "WT", "PA5471": "L88P; D161G; H182Q; R204C; V243A", "PA5485": "WT"}'; 
INSERT INTO metadata_general(isolate_id, isolate_name, project_name, species) VALUES ('155', 'MAD03-001', 'GEMARA', 'Pseudomonas aeruginosa') ON DUPLICATE KEY UPDATE isolate_name = 'MAD03-001', project_name = 'GEMARA', species = 'Pseudomonas aeruginosa'; 
INSERT INTO mic(mic_id, isolate_id, ami, ami_clinical_category, atm_clinical_category, caz, caz_clinical_category, caz_cloxa, cip, cip_clinical_category, col, col_clinical_category, fep, fep_clinical_category, imi, imi_clinical_category, imi_cloxa, mer_clinical_category, pip_tz, pip_tz_clinical_category, tic, tic_clinical_category, tob, tob_clinical_category) VALUES ('155', '155', '<=2', 'S', 'R', '32', 'R', '+', '>16', 'R', '1', 'S', '16', 'R', '2', 'S', 'nan', 'I', '256', 'R', '128', 'R', '<=0.25', 'S') ON DUPLICATE KEY UPDATE ami = '<=2', ami_clinical_category = 'S', atm_clinical_category = 'R', caz = '32', caz_clinical_category = 'R', caz_cloxa = '+', cip = '>16', cip_clinical_category = 'R', col = '1', col_clinical_category = 'S', fep = '16', fep_clinical_category = 'R', imi = '2', imi_clinical_category = 'S', imi_cloxa = 'nan', mer_clinical_category = 'I', pip_tz = '256', pip_tz_clinical_category = 'R', tic = '128', tic_clinical_category = 'R', tob = '<=0.25', tob_clinical_category = 'S'; 
INSERT INTO sequence_analysis(sequence_analysis_id, isolate_id, clonal_complex, mutational_resistome) VALUES ('155', '155', 'ST244', '{"PA0004": "E468D", "PA0424": "WT", "PA0425": "WT", "PA0426": "WT", "PA0427": "WT", "PA0807": "A219T", "PA0869": "S250N", "PA0958": "WT", "PA1179": "WT", "PA1180": "WT", "PA1777": "WT", "PA1798": "H398R", "PA1799": "WT", "PA2018": "T543A; Q840E", "PA2019": "K329Q; L331V; W358R", "PA2020": "WT", "PA2272": "A104P", "PA2491": "A75V; D249N", "PA2492": "P60S; F172I; R209S", "PA3047": "WT", "PA3168": "T83I", "PA3574": "nt475\u039416", "PA3721": "WT", "PA3999": "WT", "PA4003": "WT", "PA4020": "A303V; M297V; nt111\u03941", "PA4109": "WT", "PA4110": "WT", "PA4266": "WT", "PA4418": "I347T", "PA4522": "R11L; G148A; D183Y", "PA4600": "WT", "PA4700": "S96N", "PA4776": "L71R", "PA4777": "WT", "PA4964": "S87L", "PA4967": "WT", "PA5045": "WT", "PA5235": "A121T; nt575\u039413", "PA5471": "L88P; G157D; D161G; H182Q; V243A", "PA5485": "WT"}') ON DUPLICATE KEY UPDATE clonal_complex = 'ST244', mutational_resistome = '{"PA0004": "E468D", "PA0424": "WT", "PA0425": "WT", "PA0426": "WT", "PA0427": "WT", "PA0807": "A219T", "PA0869": "S250N", "PA0958": "WT", "PA1179": "WT", "PA1180": "WT", "PA1777": "WT", "PA1798": "H398R", "PA1799": "WT", "PA2018": "T543A; Q840E", "PA2019": "K329Q; L331V; W358R", "PA2020": "WT", "PA2272": "A104P", "PA2491": "A75V; D249N", "PA2492": "P60S; F172I; R209S", "PA3047": "WT", "PA3168": "T83I", "PA3574": "nt475\u039416", "PA3721": "WT", "PA3999": "WT", "PA4003": "WT", "PA4020": "A303V; M297V; nt111\u03941", "PA4109": "WT", "PA4110": "WT", "PA4266": "WT", "PA4418": "I347T", "PA4522": "R11L; G148A; D183Y", "PA4600": "WT", "PA4700": "S96N", "PA4776": "L71R", "PA4777": "WT", "PA4964": "S87L", "PA4967": "WT", "PA5045": "WT", "PA5235": "A121T; nt575\u039413", "PA5471": "L88P; G157D; D161G; H182Q; V243A", "PA5485": "WT"}'; 
INSERT INTO metadata_general(isolate_id, isolate_name, project_name, species) VALUES ('156', 'MAD03-010', 'GEMARA', 'Pseudomonas aeruginosa') ON DUPLICATE KEY UPDATE isolate_name = 'MAD03-010', project_name = 'GEMARA', species = 'Pseudomonas aeruginosa'; 
INSERT INTO mic(mic_id, isolate_id, ami, ami_clinical_category, atm_clinical_category, caz, caz_clinical_category, caz_cloxa, cip, cip_clinical_category, col, col_clinical_category, fep, fep_clinical_category, imi, imi_clinical_category, imi_cloxa, mer_clinical_category, pip_tz, pip_tz_clinical_category, tic, tic_clinical_category, tob, tob_clinical_category) VALUES ('156', '156', '8', 'S', 'I', '>64', 'R', 'nan', '>16', 'R', '2', 'S', '32', 'R', '>32', 'R', 'nan', 'R', '64', 'R', '>512', 'R', '>32', 'R') ON DUPLICATE KEY UPDATE ami = '8', ami_clinical_category = 'S', atm_clinical_category = 'I', caz = '>64', caz_clinical_category = 'R', caz_cloxa = 'nan', cip = '>16', cip_clinical_category = 'R', col = '2', col_clinical_category = 'S', fep = '32', fep_clinical_category = 'R', imi = '>32', imi_clinical_category = 'R', imi_cloxa = 'nan', mer_clinical_category = 'R', pip_tz = '64', pip_tz_clinical_category = 'R', tic = '>512', tic_clinical_category = 'R', tob = '>32', tob_clinical_category = 'R'; 
INSERT INTO sequence_analysis(sequence_analysis_id, isolate_id, clonal_complex, mutational_resistome) VALUES ('156', '156', 'ST175', '{"PA0004": "WT", "PA0424": "WT", "PA0425": "WT", "PA0426": "WT", "PA0427": "WT", "PA0807": "A219T", "PA0869": "S250N", "PA0958": "W65X", "PA1179": "WT", "PA1180": "WT", "PA1777": "WT", "PA1798": "H398R", "PA1799": "WT", "PA2018": "V398A; T543A", "PA2019": "K329Q; W358R", "PA2020": "G195D", "PA2272": "E37K; A104P", "PA2491": "D249N", "PA2492": "P60S; F172I", "PA3047": "WT", "PA3168": "T83I; D87N", "PA3574": "WT", "PA3721": "G71E; A186T", "PA3999": "WT", "PA4003": "WT", "PA4020": "WT", "PA4109": "WT", "PA4110": "WT", "PA4266": "WT", "PA4418": "WT", "PA4522": "G148A; D183Y", "PA4600": "WT", "PA4700": "WT", "PA4776": "WT", "PA4777": "Y345H", "PA4964": "S87W; L168Q", "PA4967": "WT", "PA5045": "E245D", "PA5235": "WT", "PA5471": "L88P; D161G; H182Q; V243A; V266M", "PA5485": "WT"}') ON DUPLICATE KEY UPDATE clonal_complex = 'ST175', mutational_resistome = '{"PA0004": "WT", "PA0424": "WT", "PA0425": "WT", "PA0426": "WT", "PA0427": "WT", "PA0807": "A219T", "PA0869": "S250N", "PA0958": "W65X", "PA1179": "WT", "PA1180": "WT", "PA1777": "WT", "PA1798": "H398R", "PA1799": "WT", "PA2018": "V398A; T543A", "PA2019": "K329Q; W358R", "PA2020": "G195D", "PA2272": "E37K; A104P", "PA2491": "D249N", "PA2492": "P60S; F172I", "PA3047": "WT", "PA3168": "T83I; D87N", "PA3574": "WT", "PA3721": "G71E; A186T", "PA3999": "WT", "PA4003": "WT", "PA4020": "WT", "PA4109": "WT", "PA4110": "WT", "PA4266": "WT", "PA4418": "WT", "PA4522": "G148A; D183Y", "PA4600": "WT", "PA4700": "WT", "PA4776": "WT", "PA4777": "Y345H", "PA4964": "S87W; L168Q", "PA4967": "WT", "PA5045": "E245D", "PA5235": "WT", "PA5471": "L88P; D161G; H182Q; V243A; V266M", "PA5485": "WT"}'; 
INSERT INTO metadata_general(isolate_id, isolate_name, project_name, species) VALUES ('157', 'MAD03-033', 'GEMARA', 'Pseudomonas aeruginosa') ON DUPLICATE KEY UPDATE isolate_name = 'MAD03-033', project_name = 'GEMARA', species = 'Pseudomonas aeruginosa'; 
INSERT INTO mic(mic_id, isolate_id, ami, ami_clinical_category, atm_clinical_category, caz, caz_clinical_category, caz_cloxa, cip, cip_clinical_category, col, col_clinical_category, fep, fep_clinical_category, imi, imi_clinical_category, imi_cloxa, mer_clinical_category, pip_tz, pip_tz_clinical_category, tic, tic_clinical_category, tob, tob_clinical_category) VALUES ('157', '157', '4', 'S', 'R', '64', 'R', '+', '>16', 'R', '2', 'S', '32', 'R', '16', 'R', '+', 'R', '256', 'R', '256', 'R', '32', 'R') ON DUPLICATE KEY UPDATE ami = '4', ami_clinical_category = 'S', atm_clinical_category = 'R', caz = '64', caz_clinical_category = 'R', caz_cloxa = '+', cip = '>16', cip_clinical_category = 'R', col = '2', col_clinical_category = 'S', fep = '32', fep_clinical_category = 'R', imi = '16', imi_clinical_category = 'R', imi_cloxa = '+', mer_clinical_category = 'R', pip_tz = '256', pip_tz_clinical_category = 'R', tic = '256', tic_clinical_category = 'R', tob = '32', tob_clinical_category = 'R'; 
INSERT INTO sequence_analysis(sequence_analysis_id, isolate_id, clonal_complex, mutational_resistome) VALUES ('157', '157', 'ST175', '{"PA0004": "WT", "PA0424": "WT", "PA0425": "WT", "PA0426": "WT", "PA0427": "WT", "PA0807": "A219T", "PA0869": "S250N", "PA0958": "nt659\u03941", "PA1179": "WT", "PA1180": "WT", "PA1777": "WT", "PA1798": "H398R", "PA1799": "WT", "PA2018": "T543A", "PA2019": "K329Q; W358R", "PA2020": "G195D", "PA2272": "E37K; A104P", "PA2491": "D249N", "PA2492": "P60S; F172I", "PA3047": "WT", "PA3168": "T83I; D87N", "PA3574": "nt165\u03941", "PA3721": "G71E; A186T", "PA3999": "WT", "PA4003": "WT", "PA4020": "WT", "PA4109": "WT", "PA4110": "WT", "PA4266": "WT", "PA4418": "WT", "PA4522": "G148A; G156D; D183Y", "PA4600": "WT", "PA4700": "WT", "PA4776": "WT", "PA4777": "Y345H", "PA4964": "S87W; L168Q", "PA4967": "WT", "PA5045": "E245D", "PA5235": "WT", "PA5471": "L88P; D161G; H182Q; V243A; V266M", "PA5485": "WT"}') ON DUPLICATE KEY UPDATE clonal_complex = 'ST175', mutational_resistome = '{"PA0004": "WT", "PA0424": "WT", "PA0425": "WT", "PA0426": "WT", "PA0427": "WT", "PA0807": "A219T", "PA0869": "S250N", "PA0958": "nt659\u03941", "PA1179": "WT", "PA1180": "WT", "PA1777": "WT", "PA1798": "H398R", "PA1799": "WT", "PA2018": "T543A", "PA2019": "K329Q; W358R", "PA2020": "G195D", "PA2272": "E37K; A104P", "PA2491": "D249N", "PA2492": "P60S; F172I", "PA3047": "WT", "PA3168": "T83I; D87N", "PA3574": "nt165\u03941", "PA3721": "G71E; A186T", "PA3999": "WT", "PA4003": "WT", "PA4020": "WT", "PA4109": "WT", "PA4110": "WT", "PA4266": "WT", "PA4418": "WT", "PA4522": "G148A; G156D; D183Y", "PA4600": "WT", "PA4700": "WT", "PA4776": "WT", "PA4777": "Y345H", "PA4964": "S87W; L168Q", "PA4967": "WT", "PA5045": "E245D", "PA5235": "WT", "PA5471": "L88P; D161G; H182Q; V243A; V266M", "PA5485": "WT"}'; 
INSERT INTO metadata_general(isolate_id, isolate_name, project_name, species) VALUES ('158', 'MAD03-038', 'GEMARA', 'Pseudomonas aeruginosa') ON DUPLICATE KEY UPDATE isolate_name = 'MAD03-038', project_name = 'GEMARA', species = 'Pseudomonas aeruginosa'; 
INSERT INTO mic(mic_id, isolate_id, ami, ami_clinical_category, atm_clinical_category, caz, caz_clinical_category, caz_cloxa, cip, cip_clinical_category, col, col_clinical_category, fep, fep_clinical_category, imi, imi_clinical_category, imi_cloxa, mer_clinical_category, pip_tz, pip_tz_clinical_category, tic, tic_clinical_category, tob, tob_clinical_category) VALUES ('158', '158', '64', 'R', 'R', '16', 'R', '+', '0.5', 'S', '4', 'R', '16', 'R', '16', 'R', 'nan', 'R', '128', 'R', '256', 'R', '1', 'S') ON DUPLICATE KEY UPDATE ami = '64', ami_clinical_category = 'R', atm_clinical_category = 'R', caz = '16', caz_clinical_category = 'R', caz_cloxa = '+', cip = '0.5', cip_clinical_category = 'S', col = '4', col_clinical_category = 'R', fep = '16', fep_clinical_category = 'R', imi = '16', imi_clinical_category = 'R', imi_cloxa = 'nan', mer_clinical_category = 'R', pip_tz = '128', pip_tz_clinical_category = 'R', tic = '256', tic_clinical_category = 'R', tob = '1', tob_clinical_category = 'S'; 
INSERT INTO sequence_analysis(sequence_analysis_id, isolate_id, clonal_complex, mutational_resistome) VALUES ('158', '158', 'ST217', '{"PA0004": "WT", "PA0424": "WT", "PA0425": "D373E", "PA0426": "WT", "PA0427": "V72L", "PA0807": "A219T", "PA0869": "WT", "PA0958": "WT", "PA1179": "WT", "PA1180": "WT", "PA1777": "WT", "PA1798": "H398R", "PA1799": "WT", "PA2018": "T543A", "PA2019": "K329Q; L331V; W358R", "PA2020": "WT", "PA2272": "WT", "PA2491": "D249N", "PA2492": "F172I", "PA3047": "WT", "PA3168": "WT", "PA3574": "WT", "PA3721": "G71E; S209R", "PA3999": "WT", "PA4003": "WT", "PA4020": "A303V; M297V", "PA4109": "WT", "PA4110": "T105A", "PA4266": "WT", "PA4418": "WT", "PA4522": "R11L; G148A; D183Y", "PA4600": "R82L", "PA4700": "WT", "PA4776": "L71R", "PA4777": "Y345H", "PA4964": "WT", "PA4967": "A473V; D533E", "PA5045": "S520P", "PA5235": "WT", "PA5471": "C40R; L88P; D161G; H182Q; V243A", "PA5485": "WT"}') ON DUPLICATE KEY UPDATE clonal_complex = 'ST217', mutational_resistome = '{"PA0004": "WT", "PA0424": "WT", "PA0425": "D373E", "PA0426": "WT", "PA0427": "V72L", "PA0807": "A219T", "PA0869": "WT", "PA0958": "WT", "PA1179": "WT", "PA1180": "WT", "PA1777": "WT", "PA1798": "H398R", "PA1799": "WT", "PA2018": "T543A", "PA2019": "K329Q; L331V; W358R", "PA2020": "WT", "PA2272": "WT", "PA2491": "D249N", "PA2492": "F172I", "PA3047": "WT", "PA3168": "WT", "PA3574": "WT", "PA3721": "G71E; S209R", "PA3999": "WT", "PA4003": "WT", "PA4020": "A303V; M297V", "PA4109": "WT", "PA4110": "T105A", "PA4266": "WT", "PA4418": "WT", "PA4522": "R11L; G148A; D183Y", "PA4600": "R82L", "PA4700": "WT", "PA4776": "L71R", "PA4777": "Y345H", "PA4964": "WT", "PA4967": "A473V; D533E", "PA5045": "S520P", "PA5235": "WT", "PA5471": "C40R; L88P; D161G; H182Q; V243A", "PA5485": "WT"}'; 
INSERT INTO metadata_general(isolate_id, isolate_name, project_name, species) VALUES ('159', 'MAD04-005', 'GEMARA', 'Pseudomonas aeruginosa') ON DUPLICATE KEY UPDATE isolate_name = 'MAD04-005', project_name = 'GEMARA', species = 'Pseudomonas aeruginosa'; 
INSERT INTO mic(mic_id, isolate_id, ami, ami_clinical_category, atm_clinical_category, caz, caz_clinical_category, caz_cloxa, cip, cip_clinical_category, col, col_clinical_category, fep, fep_clinical_category, imi, imi_clinical_category, imi_cloxa, mer_clinical_category, pip_tz, pip_tz_clinical_category, tic, tic_clinical_category, tob, tob_clinical_category) VALUES ('159', '159', '64', 'R', 'I', '8', 'S', 'nan', '16', 'R', '<=0.5', 'S', '16', 'R', '8', 'I', '+', 'S', '<=4', 'S', '32', 'R', '4', 'S') ON DUPLICATE KEY UPDATE ami = '64', ami_clinical_category = 'R', atm_clinical_category = 'I', caz = '8', caz_clinical_category = 'S', caz_cloxa = 'nan', cip = '16', cip_clinical_category = 'R', col = '<=0.5', col_clinical_category = 'S', fep = '16', fep_clinical_category = 'R', imi = '8', imi_clinical_category = 'I', imi_cloxa = '+', mer_clinical_category = 'S', pip_tz = '<=4', pip_tz_clinical_category = 'S', tic = '32', tic_clinical_category = 'R', tob = '4', tob_clinical_category = 'S'; 
INSERT INTO sequence_analysis(sequence_analysis_id, isolate_id, clonal_complex, mutational_resistome) VALUES ('159', '159', 'ST1068', '{"PA0004": "H148N", "PA0424": "WT", "PA0425": "nt454\u03941", "PA0426": "WT", "PA0427": "WT", "PA0807": "WT", "PA0869": "S250N", "PA0958": "WT", "PA1179": "WT", "PA1180": "WT", "PA1777": "WT", "PA1798": "A82T; H398R", "PA1799": "WT", "PA2018": "T543A; Q840E", "PA2019": "K329Q; L331V; D346H; W358R", "PA2020": "W167X", "PA2272": "A104P", "PA2491": "D249N", "PA2492": "F172I", "PA3047": "A394P", "PA3168": "T83I", "PA3574": "WT", "PA3721": "G71E; S209R", "PA3999": "WT", "PA4003": "WT", "PA4020": "M297V", "PA4109": "WT", "PA4110": "T21A; T105A; G391A", "PA4266": "E463Q; R680C", "PA4418": "WT", "PA4522": "R11L; G148A; D183Y", "PA4600": "WT", "PA4700": "S25G", "PA4776": "L71R", "PA4777": "Y345H", "PA4964": "WT", "PA4967": "WT", "PA5045": "WT", "PA5235": "WT", "PA5471": "L88P; D119E", "PA5485": "WT"}') ON DUPLICATE KEY UPDATE clonal_complex = 'ST1068', mutational_resistome = '{"PA0004": "H148N", "PA0424": "WT", "PA0425": "nt454\u03941", "PA0426": "WT", "PA0427": "WT", "PA0807": "WT", "PA0869": "S250N", "PA0958": "WT", "PA1179": "WT", "PA1180": "WT", "PA1777": "WT", "PA1798": "A82T; H398R", "PA1799": "WT", "PA2018": "T543A; Q840E", "PA2019": "K329Q; L331V; D346H; W358R", "PA2020": "W167X", "PA2272": "A104P", "PA2491": "D249N", "PA2492": "F172I", "PA3047": "A394P", "PA3168": "T83I", "PA3574": "WT", "PA3721": "G71E; S209R", "PA3999": "WT", "PA4003": "WT", "PA4020": "M297V", "PA4109": "WT", "PA4110": "T21A; T105A; G391A", "PA4266": "E463Q; R680C", "PA4418": "WT", "PA4522": "R11L; G148A; D183Y", "PA4600": "WT", "PA4700": "S25G", "PA4776": "L71R", "PA4777": "Y345H", "PA4964": "WT", "PA4967": "WT", "PA5045": "WT", "PA5235": "WT", "PA5471": "L88P; D119E", "PA5485": "WT"}'; 
INSERT INTO metadata_general(isolate_id, isolate_name, project_name, species) VALUES ('160', 'MAD04-008', 'GEMARA', 'Pseudomonas aeruginosa') ON DUPLICATE KEY UPDATE isolate_name = 'MAD04-008', project_name = 'GEMARA', species = 'Pseudomonas aeruginosa'; 
INSERT INTO mic(mic_id, isolate_id, ami, ami_clinical_category, atm_clinical_category, caz, caz_clinical_category, caz_cloxa, cip, cip_clinical_category, col, col_clinical_category, fep, fep_clinical_category, imi, imi_clinical_category, imi_cloxa, mer_clinical_category, pip_tz, pip_tz_clinical_category, tic, tic_clinical_category, tob, tob_clinical_category) VALUES ('160', '160', '8', 'S', 'I', '16', 'R', 'nan', '>16', 'R', '2', 'S', '16', 'R', '8', 'I', 'nan', 'I', '32', 'R', '64', 'R', '16', 'R') ON DUPLICATE KEY UPDATE ami = '8', ami_clinical_category = 'S', atm_clinical_category = 'I', caz = '16', caz_clinical_category = 'R', caz_cloxa = 'nan', cip = '>16', cip_clinical_category = 'R', col = '2', col_clinical_category = 'S', fep = '16', fep_clinical_category = 'R', imi = '8', imi_clinical_category = 'I', imi_cloxa = 'nan', mer_clinical_category = 'I', pip_tz = '32', pip_tz_clinical_category = 'R', tic = '64', tic_clinical_category = 'R', tob = '16', tob_clinical_category = 'R'; 
INSERT INTO sequence_analysis(sequence_analysis_id, isolate_id, clonal_complex, mutational_resistome) VALUES ('160', '160', 'ST27', '{"PA0004": "WT", "PA0424": "V126E; V132A", "PA0425": "WT", "PA0426": "WT", "PA0427": "WT", "PA0807": "A219T", "PA0869": "WT", "PA0958": "WT", "PA1179": "WT", "PA1180": "WT", "PA1777": "WT", "PA1798": "H398R", "PA1799": "WT", "PA2018": "T543A", "PA2019": "K329Q; L331V", "PA2020": "L128M", "PA2272": "A104T", "PA2491": "D249N", "PA2492": "M7V; F172I", "PA3047": "A394P", "PA3168": "T83I", "PA3574": "WT", "PA3721": "G71E; S209R", "PA3999": "WT", "PA4003": "WT", "PA4020": "WT", "PA4109": "WT", "PA4110": "R79Q; T105A; P274L", "PA4266": "WT", "PA4418": "WT", "PA4522": "WT", "PA4600": "WT", "PA4700": "L353Q; S25G", "PA4776": "L71R", "PA4777": "Y345H", "PA4964": "WT", "PA4967": "H360Y; V460G", "PA5045": "WT", "PA5235": "WT", "PA5471": "L88P; D161G; H182Q; V243A", "PA5485": "WT"}') ON DUPLICATE KEY UPDATE clonal_complex = 'ST27', mutational_resistome = '{"PA0004": "WT", "PA0424": "V126E; V132A", "PA0425": "WT", "PA0426": "WT", "PA0427": "WT", "PA0807": "A219T", "PA0869": "WT", "PA0958": "WT", "PA1179": "WT", "PA1180": "WT", "PA1777": "WT", "PA1798": "H398R", "PA1799": "WT", "PA2018": "T543A", "PA2019": "K329Q; L331V", "PA2020": "L128M", "PA2272": "A104T", "PA2491": "D249N", "PA2492": "M7V; F172I", "PA3047": "A394P", "PA3168": "T83I", "PA3574": "WT", "PA3721": "G71E; S209R", "PA3999": "WT", "PA4003": "WT", "PA4020": "WT", "PA4109": "WT", "PA4110": "R79Q; T105A; P274L", "PA4266": "WT", "PA4418": "WT", "PA4522": "WT", "PA4600": "WT", "PA4700": "L353Q; S25G", "PA4776": "L71R", "PA4777": "Y345H", "PA4964": "WT", "PA4967": "H360Y; V460G", "PA5045": "WT", "PA5235": "WT", "PA5471": "L88P; D161G; H182Q; V243A", "PA5485": "WT"}'; 
INSERT INTO metadata_general(isolate_id, isolate_name, project_name, species) VALUES ('161', 'MAD04-010', 'GEMARA', 'Pseudomonas aeruginosa') ON DUPLICATE KEY UPDATE isolate_name = 'MAD04-010', project_name = 'GEMARA', species = 'Pseudomonas aeruginosa'; 
INSERT INTO mic(mic_id, isolate_id, ami, ami_clinical_category, atm_clinical_category, caz, caz_clinical_category, caz_cloxa, cip, cip_clinical_category, col, col_clinical_category, fep, fep_clinical_category, imi, imi_clinical_category, imi_cloxa, mer_clinical_category, pip_tz, pip_tz_clinical_category, tic, tic_clinical_category, tob, tob_clinical_category) VALUES ('161', '161', '4', 'S', 'R', '16', 'R', '+', '>16', 'R', '1', 'S', '8', 'S', '8', 'I', '+', 'R', '32', 'R', '128', 'R', '>32', 'R') ON DUPLICATE KEY UPDATE ami = '4', ami_clinical_category = 'S', atm_clinical_category = 'R', caz = '16', caz_clinical_category = 'R', caz_cloxa = '+', cip = '>16', cip_clinical_category = 'R', col = '1', col_clinical_category = 'S', fep = '8', fep_clinical_category = 'S', imi = '8', imi_clinical_category = 'I', imi_cloxa = '+', mer_clinical_category = 'R', pip_tz = '32', pip_tz_clinical_category = 'R', tic = '128', tic_clinical_category = 'R', tob = '>32', tob_clinical_category = 'R'; 
INSERT INTO sequence_analysis(sequence_analysis_id, isolate_id, clonal_complex, mutational_resistome) VALUES ('161', '161', 'ST175', '{"PA0004": "WT", "PA0424": "WT", "PA0425": "WT", "PA0426": "WT", "PA0427": "WT", "PA0807": "A219T", "PA0869": "S250N", "PA0958": "WT", "PA1179": "WT", "PA1180": "WT", "PA1777": "WT", "PA1798": "H398R", "PA1799": "WT", "PA2018": "T543A", "PA2019": "K329Q", "PA2020": "G195D", "PA2272": "E37K; A104P", "PA2491": "D249N", "PA2492": "P60S", "PA3047": "WT", "PA3168": "T83I; D87N", "PA3574": "WT", "PA3721": "A186T", "PA3999": "WT", "PA4003": "WT", "PA4020": "WT", "PA4109": "WT", "PA4110": "WT", "PA4266": "WT", "PA4418": "WT", "PA4522": "R82C; G148A; D183Y", "PA4600": "WT", "PA4700": "WT", "PA4776": "WT", "PA4777": "Y345H", "PA4964": "S87W; L168Q", "PA4967": "WT", "PA5045": "E245D", "PA5235": "WT", "PA5471": "L88P; D161G; H182Q; V243A; V266M", "PA5485": "WT"}') ON DUPLICATE KEY UPDATE clonal_complex = 'ST175', mutational_resistome = '{"PA0004": "WT", "PA0424": "WT", "PA0425": "WT", "PA0426": "WT", "PA0427": "WT", "PA0807": "A219T", "PA0869": "S250N", "PA0958": "WT", "PA1179": "WT", "PA1180": "WT", "PA1777": "WT", "PA1798": "H398R", "PA1799": "WT", "PA2018": "T543A", "PA2019": "K329Q", "PA2020": "G195D", "PA2272": "E37K; A104P", "PA2491": "D249N", "PA2492": "P60S", "PA3047": "WT", "PA3168": "T83I; D87N", "PA3574": "WT", "PA3721": "A186T", "PA3999": "WT", "PA4003": "WT", "PA4020": "WT", "PA4109": "WT", "PA4110": "WT", "PA4266": "WT", "PA4418": "WT", "PA4522": "R82C; G148A; D183Y", "PA4600": "WT", "PA4700": "WT", "PA4776": "WT", "PA4777": "Y345H", "PA4964": "S87W; L168Q", "PA4967": "WT", "PA5045": "E245D", "PA5235": "WT", "PA5471": "L88P; D161G; H182Q; V243A; V266M", "PA5485": "WT"}'; 
INSERT INTO metadata_general(isolate_id, isolate_name, project_name, species) VALUES ('162', 'MAD04-011', 'GEMARA', 'Pseudomonas aeruginosa') ON DUPLICATE KEY UPDATE isolate_name = 'MAD04-011', project_name = 'GEMARA', species = 'Pseudomonas aeruginosa'; 
INSERT INTO mic(mic_id, isolate_id, ami, ami_clinical_category, atm_clinical_category, caz, caz_clinical_category, caz_cloxa, cip, cip_clinical_category, col, col_clinical_category, fep, fep_clinical_category, imi, imi_clinical_category, imi_cloxa, mer_clinical_category, pip_tz, pip_tz_clinical_category, tic, tic_clinical_category, tob, tob_clinical_category) VALUES ('162', '162', '16', 'I', 'R', '8', 'S', '+', '>16', 'R', '2', 'S', '16', 'R', '16', 'R', '+', 'R', '64', 'R', '128', 'R', '>32', 'R') ON DUPLICATE KEY UPDATE ami = '16', ami_clinical_category = 'I', atm_clinical_category = 'R', caz = '8', caz_clinical_category = 'S', caz_cloxa = '+', cip = '>16', cip_clinical_category = 'R', col = '2', col_clinical_category = 'S', fep = '16', fep_clinical_category = 'R', imi = '16', imi_clinical_category = 'R', imi_cloxa = '+', mer_clinical_category = 'R', pip_tz = '64', pip_tz_clinical_category = 'R', tic = '128', tic_clinical_category = 'R', tob = '>32', tob_clinical_category = 'R'; 
INSERT INTO sequence_analysis(sequence_analysis_id, isolate_id, clonal_complex, mutational_resistome) VALUES ('162', '162', 'ST235', '{"PA0004": "WT", "PA0424": "V126E", "PA0425": "WT", "PA0426": "G957D", "PA0427": "WT", "PA0807": "A208V", "PA0869": "A287S", "PA0958": "nt635\u03941", "PA1179": "WT", "PA1180": "Y85F", "PA1777": "WT", "PA1798": "H398R", "PA1799": "L153R; S170N", "PA2018": "T543A", "PA2019": "A30T; K329Q; L331V; W358R", "PA2020": "WT", "PA2272": "A104P; V466I", "PA2491": "D249N", "PA2492": "P60S; F172I", "PA3047": "WT", "PA3168": "T83I", "PA3574": "nt376\u03941", "PA3721": "G71E; E153Q; S209R", "PA3999": "WT", "PA4003": "WT", "PA4020": "WT", "PA4109": "G283E; M288R", "PA4110": "G27D; A97V; T105A; V205L; G391A", "PA4266": "WT", "PA4418": "WT", "PA4522": "G148A", "PA4600": "WT", "PA4700": "L353Q", "PA4776": "L71R", "PA4777": "A4T; G68S; Y345H; G362S", "PA4964": "S87L", "PA4967": "D533E", "PA5045": "WT", "PA5235": "WT", "PA5471": "L88P; D161G; H182Q; R204C; V243A", "PA5485": "WT"}') ON DUPLICATE KEY UPDATE clonal_complex = 'ST235', mutational_resistome = '{"PA0004": "WT", "PA0424": "V126E", "PA0425": "WT", "PA0426": "G957D", "PA0427": "WT", "PA0807": "A208V", "PA0869": "A287S", "PA0958": "nt635\u03941", "PA1179": "WT", "PA1180": "Y85F", "PA1777": "WT", "PA1798": "H398R", "PA1799": "L153R; S170N", "PA2018": "T543A", "PA2019": "A30T; K329Q; L331V; W358R", "PA2020": "WT", "PA2272": "A104P; V466I", "PA2491": "D249N", "PA2492": "P60S; F172I", "PA3047": "WT", "PA3168": "T83I", "PA3574": "nt376\u03941", "PA3721": "G71E; E153Q; S209R", "PA3999": "WT", "PA4003": "WT", "PA4020": "WT", "PA4109": "G283E; M288R", "PA4110": "G27D; A97V; T105A; V205L; G391A", "PA4266": "WT", "PA4418": "WT", "PA4522": "G148A", "PA4600": "WT", "PA4700": "L353Q", "PA4776": "L71R", "PA4777": "A4T; G68S; Y345H; G362S", "PA4964": "S87L", "PA4967": "D533E", "PA5045": "WT", "PA5235": "WT", "PA5471": "L88P; D161G; H182Q; R204C; V243A", "PA5485": "WT"}'; 
INSERT INTO metadata_general(isolate_id, isolate_name, project_name, species) VALUES ('163', 'MAD04-014', 'GEMARA', 'Pseudomonas aeruginosa') ON DUPLICATE KEY UPDATE isolate_name = 'MAD04-014', project_name = 'GEMARA', species = 'Pseudomonas aeruginosa'; 
INSERT INTO mic(mic_id, isolate_id, ami, ami_clinical_category, atm_clinical_category, caz, caz_clinical_category, caz_cloxa, cip, cip_clinical_category, col, col_clinical_category, fep, fep_clinical_category, imi, imi_clinical_category, imi_cloxa, mer_clinical_category, pip_tz, pip_tz_clinical_category, tic, tic_clinical_category, tob, tob_clinical_category) VALUES ('163', '163', '8', 'S', 'R', '8', 'S', '+', '8', 'R', '2', 'S', '16', 'R', '8', 'I', '+', 'R', '32', 'R', '256', 'R', '1', 'S') ON DUPLICATE KEY UPDATE ami = '8', ami_clinical_category = 'S', atm_clinical_category = 'R', caz = '8', caz_clinical_category = 'S', caz_cloxa = '+', cip = '8', cip_clinical_category = 'R', col = '2', col_clinical_category = 'S', fep = '16', fep_clinical_category = 'R', imi = '8', imi_clinical_category = 'I', imi_cloxa = '+', mer_clinical_category = 'R', pip_tz = '32', pip_tz_clinical_category = 'R', tic = '256', tic_clinical_category = 'R', tob = '1', tob_clinical_category = 'S'; 
INSERT INTO sequence_analysis(sequence_analysis_id, isolate_id, clonal_complex, mutational_resistome) VALUES ('163', '163', 'ST189', '{"PA0004": "WT", "PA0424": "nt319\u039410", "PA0425": "WT", "PA0426": "WT", "PA0427": "WT", "PA0807": "A219T", "PA0869": "WT", "PA0958": "WT", "PA1179": "WT", "PA1180": "WT", "PA1777": "WT", "PA1798": "H398R", "PA1799": "WT", "PA2018": "T543A", "PA2019": "K329Q; L331V; W358R", "PA2020": "Q134R; nt593\u039413", "PA2272": "A104P", "PA2491": "D249N", "PA2492": "F172I", "PA3047": "WT", "PA3168": "aa914InsSE", "PA3574": "T188A", "PA3721": "G71E; S209R", "PA3999": "WT", "PA4003": "WT", "PA4020": "WT", "PA4109": "WT", "PA4110": "R79Q; T105A", "PA4266": "A246V", "PA4418": "WT", "PA4522": "V30A; G148A", "PA4600": "nt331\u03941", "PA4700": "K607R; L353Q; S25G", "PA4776": "L71R", "PA4777": "Y345H", "PA4964": "V646L", "PA4967": "WT", "PA5045": "WT", "PA5235": "WT", "PA5471": "L88P; D161G; H182Q; V243A", "PA5485": "WT"}') ON DUPLICATE KEY UPDATE clonal_complex = 'ST189', mutational_resistome = '{"PA0004": "WT", "PA0424": "nt319\u039410", "PA0425": "WT", "PA0426": "WT", "PA0427": "WT", "PA0807": "A219T", "PA0869": "WT", "PA0958": "WT", "PA1179": "WT", "PA1180": "WT", "PA1777": "WT", "PA1798": "H398R", "PA1799": "WT", "PA2018": "T543A", "PA2019": "K329Q; L331V; W358R", "PA2020": "Q134R; nt593\u039413", "PA2272": "A104P", "PA2491": "D249N", "PA2492": "F172I", "PA3047": "WT", "PA3168": "aa914InsSE", "PA3574": "T188A", "PA3721": "G71E; S209R", "PA3999": "WT", "PA4003": "WT", "PA4020": "WT", "PA4109": "WT", "PA4110": "R79Q; T105A", "PA4266": "A246V", "PA4418": "WT", "PA4522": "V30A; G148A", "PA4600": "nt331\u03941", "PA4700": "K607R; L353Q; S25G", "PA4776": "L71R", "PA4777": "Y345H", "PA4964": "V646L", "PA4967": "WT", "PA5045": "WT", "PA5235": "WT", "PA5471": "L88P; D161G; H182Q; V243A", "PA5485": "WT"}'; 
INSERT INTO metadata_general(isolate_id, isolate_name, project_name, species) VALUES ('164', 'MAD04-016', 'GEMARA', 'Pseudomonas aeruginosa') ON DUPLICATE KEY UPDATE isolate_name = 'MAD04-016', project_name = 'GEMARA', species = 'Pseudomonas aeruginosa'; 
INSERT INTO mic(mic_id, isolate_id, ami, ami_clinical_category, atm_clinical_category, caz, caz_clinical_category, caz_cloxa, cip, cip_clinical_category, col, col_clinical_category, fep, fep_clinical_category, imi, imi_clinical_category, imi_cloxa, mer_clinical_category, pip_tz, pip_tz_clinical_category, tic, tic_clinical_category, tob, tob_clinical_category) VALUES ('164', '164', '32', 'R', 'R', '32', 'R', '+', '4', 'R', '2', 'S', '16', 'R', '32', 'R', '+', 'R', '128', 'R', '128', 'R', '2', 'S') ON DUPLICATE KEY UPDATE ami = '32', ami_clinical_category = 'R', atm_clinical_category = 'R', caz = '32', caz_clinical_category = 'R', caz_cloxa = '+', cip = '4', cip_clinical_category = 'R', col = '2', col_clinical_category = 'S', fep = '16', fep_clinical_category = 'R', imi = '32', imi_clinical_category = 'R', imi_cloxa = '+', mer_clinical_category = 'R', pip_tz = '128', pip_tz_clinical_category = 'R', tic = '128', tic_clinical_category = 'R', tob = '2', tob_clinical_category = 'S'; 
INSERT INTO sequence_analysis(sequence_analysis_id, isolate_id, clonal_complex, mutational_resistome) VALUES ('164', '164', 'ST499', '{"PA0004": "WT", "PA0424": "WT", "PA0425": "nt911\u03941", "PA0426": "WT", "PA0427": "WT", "PA0807": "A219T", "PA0869": "WT", "PA0958": "Y397X", "PA1179": "WT", "PA1180": "S157T", "PA1777": "WT", "PA1798": "H398R", "PA1799": "WT", "PA2018": "T543A; T927I; N1036T; Q1039R", "PA2019": "K329Q; L331V; W358R", "PA2020": "nt154InsACAAGA", "PA2272": "WT", "PA2491": "D249N", "PA2492": "F172I", "PA3047": "WT", "PA3168": "aa616\u0394R", "PA3574": "V128M", "PA3721": "G71E", "PA3999": "WT", "PA4003": "WT", "PA4020": "nt112InsC", "PA4109": "WT", "PA4110": "R79Q; T105A; G129S", "PA4266": "WT", "PA4418": "Y268C", "PA4522": "G148A; Q155*; D183Y", "PA4600": "WT", "PA4700": "WT", "PA4776": "L71R", "PA4777": "Y345H", "PA4964": "WT", "PA4967": "WT", "PA5045": "WT", "PA5235": "C432S", "PA5471": "L88P; D161G; H182Q; V243A", "PA5485": "WT"}') ON DUPLICATE KEY UPDATE clonal_complex = 'ST499', mutational_resistome = '{"PA0004": "WT", "PA0424": "WT", "PA0425": "nt911\u03941", "PA0426": "WT", "PA0427": "WT", "PA0807": "A219T", "PA0869": "WT", "PA0958": "Y397X", "PA1179": "WT", "PA1180": "S157T", "PA1777": "WT", "PA1798": "H398R", "PA1799": "WT", "PA2018": "T543A; T927I; N1036T; Q1039R", "PA2019": "K329Q; L331V; W358R", "PA2020": "nt154InsACAAGA", "PA2272": "WT", "PA2491": "D249N", "PA2492": "F172I", "PA3047": "WT", "PA3168": "aa616\u0394R", "PA3574": "V128M", "PA3721": "G71E", "PA3999": "WT", "PA4003": "WT", "PA4020": "nt112InsC", "PA4109": "WT", "PA4110": "R79Q; T105A; G129S", "PA4266": "WT", "PA4418": "Y268C", "PA4522": "G148A; Q155*; D183Y", "PA4600": "WT", "PA4700": "WT", "PA4776": "L71R", "PA4777": "Y345H", "PA4964": "WT", "PA4967": "WT", "PA5045": "WT", "PA5235": "C432S", "PA5471": "L88P; D161G; H182Q; V243A", "PA5485": "WT"}'; 
INSERT INTO metadata_general(isolate_id, isolate_name, project_name, species) VALUES ('165', 'MAD04-028', 'GEMARA', 'Pseudomonas aeruginosa') ON DUPLICATE KEY UPDATE isolate_name = 'MAD04-028', project_name = 'GEMARA', species = 'Pseudomonas aeruginosa'; 
INSERT INTO mic(mic_id, isolate_id, ami, ami_clinical_category, atm_clinical_category, caz, caz_clinical_category, caz_cloxa, cip, cip_clinical_category, col, col_clinical_category, fep, fep_clinical_category, imi, imi_clinical_category, imi_cloxa, mer_clinical_category, pip_tz, pip_tz_clinical_category, tic, tic_clinical_category, tob, tob_clinical_category) VALUES ('165', '165', '8', 'S', 'R', '64', 'R', '+', '16', 'R', '1', 'S', '32', 'R', '16', 'R', '+', 'R', '256', 'R', '256', 'R', '1', 'S') ON DUPLICATE KEY UPDATE ami = '8', ami_clinical_category = 'S', atm_clinical_category = 'R', caz = '64', caz_clinical_category = 'R', caz_cloxa = '+', cip = '16', cip_clinical_category = 'R', col = '1', col_clinical_category = 'S', fep = '32', fep_clinical_category = 'R', imi = '16', imi_clinical_category = 'R', imi_cloxa = '+', mer_clinical_category = 'R', pip_tz = '256', pip_tz_clinical_category = 'R', tic = '256', tic_clinical_category = 'R', tob = '1', tob_clinical_category = 'S'; 
INSERT INTO sequence_analysis(sequence_analysis_id, isolate_id, clonal_complex, mutational_resistome) VALUES ('165', '165', 'ST792', '{"PA0004": "WT", "PA0424": "V126E", "PA0425": "WT", "PA0426": "WT", "PA0427": "WT", "PA0807": "A219T", "PA0869": "WT", "PA0958": "WT", "PA1179": "WT", "PA1180": "WT", "PA1777": "WT", "PA1798": "L50P; H398R", "PA1799": "WT", "PA2018": "T543A", "PA2019": "K329Q; L331V; W358R", "PA2020": "L128M", "PA2272": "A104P", "PA2491": "S84F; I218F; D249N", "PA2492": "P60S; F172I", "PA3047": "WT", "PA3168": "T83I; aa914\u0394PS", "PA3574": "WT", "PA3721": "M39T; G71E; S209R", "PA3999": "WT", "PA4003": "WT", "PA4020": "M297V; nt1178\u03941", "PA4109": "WT", "PA4110": "R79Q; T105A", "PA4266": "WT", "PA4418": "WT", "PA4522": "G148A; S175L", "PA4600": "WT", "PA4700": "L353Q", "PA4776": "L71R", "PA4777": "Y345H", "PA4964": "V646L", "PA4967": "WT", "PA5045": "P388S", "PA5235": "C432S", "PA5471": "L88P; D161G; H182Q; V243A", "PA5485": "P21Q"}') ON DUPLICATE KEY UPDATE clonal_complex = 'ST792', mutational_resistome = '{"PA0004": "WT", "PA0424": "V126E", "PA0425": "WT", "PA0426": "WT", "PA0427": "WT", "PA0807": "A219T", "PA0869": "WT", "PA0958": "WT", "PA1179": "WT", "PA1180": "WT", "PA1777": "WT", "PA1798": "L50P; H398R", "PA1799": "WT", "PA2018": "T543A", "PA2019": "K329Q; L331V; W358R", "PA2020": "L128M", "PA2272": "A104P", "PA2491": "S84F; I218F; D249N", "PA2492": "P60S; F172I", "PA3047": "WT", "PA3168": "T83I; aa914\u0394PS", "PA3574": "WT", "PA3721": "M39T; G71E; S209R", "PA3999": "WT", "PA4003": "WT", "PA4020": "M297V; nt1178\u03941", "PA4109": "WT", "PA4110": "R79Q; T105A", "PA4266": "WT", "PA4418": "WT", "PA4522": "G148A; S175L", "PA4600": "WT", "PA4700": "L353Q", "PA4776": "L71R", "PA4777": "Y345H", "PA4964": "V646L", "PA4967": "WT", "PA5045": "P388S", "PA5235": "C432S", "PA5471": "L88P; D161G; H182Q; V243A", "PA5485": "P21Q"}'; 
INSERT INTO metadata_general(isolate_id, isolate_name, project_name, species) VALUES ('166', 'MAD04-041', 'GEMARA', 'Pseudomonas aeruginosa') ON DUPLICATE KEY UPDATE isolate_name = 'MAD04-041', project_name = 'GEMARA', species = 'Pseudomonas aeruginosa'; 
INSERT INTO mic(mic_id, isolate_id, ami, ami_clinical_category, atm_clinical_category, caz, caz_clinical_category, caz_cloxa, cip, cip_clinical_category, col, col_clinical_category, fep, fep_clinical_category, imi, imi_clinical_category, imi_cloxa, mer_clinical_category, pip_tz, pip_tz_clinical_category, tic, tic_clinical_category, tob, tob_clinical_category) VALUES ('166', '166', '64', 'R', 'I', '>64', 'R', 'nan', '>16', 'R', '1', 'S', '>64', 'R', '>32', 'R', 'nan', 'R', '16', 'S', '>512', 'R', '>32', 'R') ON DUPLICATE KEY UPDATE ami = '64', ami_clinical_category = 'R', atm_clinical_category = 'I', caz = '>64', caz_clinical_category = 'R', caz_cloxa = 'nan', cip = '>16', cip_clinical_category = 'R', col = '1', col_clinical_category = 'S', fep = '>64', fep_clinical_category = 'R', imi = '>32', imi_clinical_category = 'R', imi_cloxa = 'nan', mer_clinical_category = 'R', pip_tz = '16', pip_tz_clinical_category = 'S', tic = '>512', tic_clinical_category = 'R', tob = '>32', tob_clinical_category = 'R'; 
INSERT INTO sequence_analysis(sequence_analysis_id, isolate_id, clonal_complex, mutational_resistome) VALUES ('166', '166', 'ST155', '{"PA0004": "WT", "PA0424": "WT", "PA0425": "WT", "PA0426": "WT", "PA0427": "WT", "PA0807": "A219T", "PA0869": "WT", "PA0958": "WT", "PA1179": "P31Q", "PA1180": "WT", "PA1777": "WT", "PA1798": "T131P; H398R", "PA1799": "WT", "PA2018": "D428N; T543A", "PA2019": "K329Q; L331V; W358R", "PA2020": "G50S", "PA2272": "WT", "PA2491": "D249N", "PA2492": "F172I", "PA3047": "WT", "PA3168": "T83I", "PA3574": "WT", "PA3721": "G71E; S209R", "PA3999": "WT", "PA4003": "WT", "PA4020": "M297V", "PA4109": "WT", "PA4110": "R79Q; T105A", "PA4266": "WT", "PA4418": "WT", "PA4522": "Q44H; G148A; D183Y", "PA4600": "WT", "PA4700": "L353Q", "PA4776": "WT", "PA4777": "Y345H", "PA4964": "S87L", "PA4967": "WT", "PA5045": "WT", "PA5235": "Ter449Gext*", "PA5471": "L88P; D161G; H182Q; V243A", "PA5485": "WT"}') ON DUPLICATE KEY UPDATE clonal_complex = 'ST155', mutational_resistome = '{"PA0004": "WT", "PA0424": "WT", "PA0425": "WT", "PA0426": "WT", "PA0427": "WT", "PA0807": "A219T", "PA0869": "WT", "PA0958": "WT", "PA1179": "P31Q", "PA1180": "WT", "PA1777": "WT", "PA1798": "T131P; H398R", "PA1799": "WT", "PA2018": "D428N; T543A", "PA2019": "K329Q; L331V; W358R", "PA2020": "G50S", "PA2272": "WT", "PA2491": "D249N", "PA2492": "F172I", "PA3047": "WT", "PA3168": "T83I", "PA3574": "WT", "PA3721": "G71E; S209R", "PA3999": "WT", "PA4003": "WT", "PA4020": "M297V", "PA4109": "WT", "PA4110": "R79Q; T105A", "PA4266": "WT", "PA4418": "WT", "PA4522": "Q44H; G148A; D183Y", "PA4600": "WT", "PA4700": "L353Q", "PA4776": "WT", "PA4777": "Y345H", "PA4964": "S87L", "PA4967": "WT", "PA5045": "WT", "PA5235": "Ter449Gext*", "PA5471": "L88P; D161G; H182Q; V243A", "PA5485": "WT"}'; 
INSERT INTO metadata_general(isolate_id, isolate_name, project_name, species) VALUES ('167', 'MAD05-017', 'GEMARA', 'Pseudomonas aeruginosa') ON DUPLICATE KEY UPDATE isolate_name = 'MAD05-017', project_name = 'GEMARA', species = 'Pseudomonas aeruginosa'; 
INSERT INTO mic(mic_id, isolate_id, ami, ami_clinical_category, atm_clinical_category, caz, caz_clinical_category, caz_cloxa, cip, cip_clinical_category, col, col_clinical_category, fep, fep_clinical_category, imi, imi_clinical_category, imi_cloxa, mer_clinical_category, pip_tz, pip_tz_clinical_category, tic, tic_clinical_category, tob, tob_clinical_category) VALUES ('167', '167', '8', 'S', 'R', '64', 'R', '+', '>16', 'R', '2', 'S', '16', 'R', '8', 'I', '+', 'I', '256', 'R', '128', 'R', '32', 'R') ON DUPLICATE KEY UPDATE ami = '8', ami_clinical_category = 'S', atm_clinical_category = 'R', caz = '64', caz_clinical_category = 'R', caz_cloxa = '+', cip = '>16', cip_clinical_category = 'R', col = '2', col_clinical_category = 'S', fep = '16', fep_clinical_category = 'R', imi = '8', imi_clinical_category = 'I', imi_cloxa = '+', mer_clinical_category = 'I', pip_tz = '256', pip_tz_clinical_category = 'R', tic = '128', tic_clinical_category = 'R', tob = '32', tob_clinical_category = 'R'; 
INSERT INTO sequence_analysis(sequence_analysis_id, isolate_id, clonal_complex, mutational_resistome) VALUES ('167', '167', 'ST175', '{"PA0004": "WT", "PA0424": "WT", "PA0425": "WT", "PA0426": "WT", "PA0427": "WT", "PA0807": "A219T", "PA0869": "S250N", "PA0958": "W277X", "PA1179": "WT", "PA1180": "WT", "PA1777": "WT", "PA1798": "WT", "PA1799": "WT", "PA2018": "T543A", "PA2019": "K329Q", "PA2020": "G195D", "PA2272": "E37K; A104P", "PA2491": "D249N", "PA2492": "P60S; F172I", "PA3047": "WT", "PA3168": "T83I; D87N", "PA3574": "WT", "PA3721": "G71E; A186T", "PA3999": "WT", "PA4003": "WT", "PA4020": "WT", "PA4109": "WT", "PA4110": "WT", "PA4266": "WT", "PA4418": "WT", "PA4522": "S18L; G148A; D183Y", "PA4600": "WT", "PA4700": "WT", "PA4776": "WT", "PA4777": "Y345H", "PA4964": "S87W; L168Q", "PA4967": "WT", "PA5045": "WT", "PA5235": "WT", "PA5471": "L88P; D161G; H182Q; V243A; V266M", "PA5485": "WT"}') ON DUPLICATE KEY UPDATE clonal_complex = 'ST175', mutational_resistome = '{"PA0004": "WT", "PA0424": "WT", "PA0425": "WT", "PA0426": "WT", "PA0427": "WT", "PA0807": "A219T", "PA0869": "S250N", "PA0958": "W277X", "PA1179": "WT", "PA1180": "WT", "PA1777": "WT", "PA1798": "WT", "PA1799": "WT", "PA2018": "T543A", "PA2019": "K329Q", "PA2020": "G195D", "PA2272": "E37K; A104P", "PA2491": "D249N", "PA2492": "P60S; F172I", "PA3047": "WT", "PA3168": "T83I; D87N", "PA3574": "WT", "PA3721": "G71E; A186T", "PA3999": "WT", "PA4003": "WT", "PA4020": "WT", "PA4109": "WT", "PA4110": "WT", "PA4266": "WT", "PA4418": "WT", "PA4522": "S18L; G148A; D183Y", "PA4600": "WT", "PA4700": "WT", "PA4776": "WT", "PA4777": "Y345H", "PA4964": "S87W; L168Q", "PA4967": "WT", "PA5045": "WT", "PA5235": "WT", "PA5471": "L88P; D161G; H182Q; V243A; V266M", "PA5485": "WT"}'; 
INSERT INTO metadata_general(isolate_id, isolate_name, project_name, species) VALUES ('168', 'MAD05-020', 'GEMARA', 'Pseudomonas aeruginosa') ON DUPLICATE KEY UPDATE isolate_name = 'MAD05-020', project_name = 'GEMARA', species = 'Pseudomonas aeruginosa'; 
INSERT INTO mic(mic_id, isolate_id, ami, ami_clinical_category, atm_clinical_category, caz, caz_clinical_category, caz_cloxa, cip, cip_clinical_category, col, col_clinical_category, fep, fep_clinical_category, imi, imi_clinical_category, imi_cloxa, mer_clinical_category, pip_tz, pip_tz_clinical_category, tic, tic_clinical_category, tob, tob_clinical_category) VALUES ('168', '168', '<=2', 'S', 'R', '16', 'R', '+', '1', 'R', '2', 'S', '8', 'S', '16', 'R', '+', 'R', '32', 'R', '128', 'R', '<=0.25', 'S') ON DUPLICATE KEY UPDATE ami = '<=2', ami_clinical_category = 'S', atm_clinical_category = 'R', caz = '16', caz_clinical_category = 'R', caz_cloxa = '+', cip = '1', cip_clinical_category = 'R', col = '2', col_clinical_category = 'S', fep = '8', fep_clinical_category = 'S', imi = '16', imi_clinical_category = 'R', imi_cloxa = '+', mer_clinical_category = 'R', pip_tz = '32', pip_tz_clinical_category = 'R', tic = '128', tic_clinical_category = 'R', tob = '<=0.25', tob_clinical_category = 'S'; 
INSERT INTO sequence_analysis(sequence_analysis_id, isolate_id, clonal_complex, mutational_resistome) VALUES ('168', '168', 'ST3153', '{"PA0004": "WT", "PA0424": "V126E", "PA0425": "WT", "PA0426": "WT", "PA0427": "WT", "PA0807": "A219T", "PA0869": "R98H", "PA0958": "S57E; S59R; R312G", "PA1179": "WT", "PA1180": "R61H", "PA1777": "WT", "PA1798": "R243H; V313I; H398R", "PA1799": "L153R; S170N", "PA2018": "T543A; A635P; G652S", "PA2019": "K329Q; L331V; W358R", "PA2020": "WT", "PA2272": "WT", "PA2491": "D249N", "PA2492": "P60S; F172I", "PA3047": "WT", "PA3168": "WT", "PA3574": "WT", "PA3721": "T50P; G71E; S209R", "PA3999": "V50I", "PA4003": "WT", "PA4020": "A303V; M297V; G24S; aa118\u03941", "PA4109": "WT", "PA4110": "R79Q; T105A", "PA4266": "WT", "PA4418": "WT", "PA4522": "G148A", "PA4600": "WT", "PA4700": "S25G", "PA4776": "WT", "PA4777": "Y345H", "PA4964": "WT", "PA4967": "D533E", "PA5045": "WT", "PA5235": "WT", "PA5471": "R41C; L88P; D161G; H182Q", "PA5485": "WT"}') ON DUPLICATE KEY UPDATE clonal_complex = 'ST3153', mutational_resistome = '{"PA0004": "WT", "PA0424": "V126E", "PA0425": "WT", "PA0426": "WT", "PA0427": "WT", "PA0807": "A219T", "PA0869": "R98H", "PA0958": "S57E; S59R; R312G", "PA1179": "WT", "PA1180": "R61H", "PA1777": "WT", "PA1798": "R243H; V313I; H398R", "PA1799": "L153R; S170N", "PA2018": "T543A; A635P; G652S", "PA2019": "K329Q; L331V; W358R", "PA2020": "WT", "PA2272": "WT", "PA2491": "D249N", "PA2492": "P60S; F172I", "PA3047": "WT", "PA3168": "WT", "PA3574": "WT", "PA3721": "T50P; G71E; S209R", "PA3999": "V50I", "PA4003": "WT", "PA4020": "A303V; M297V; G24S; aa118\u03941", "PA4109": "WT", "PA4110": "R79Q; T105A", "PA4266": "WT", "PA4418": "WT", "PA4522": "G148A", "PA4600": "WT", "PA4700": "S25G", "PA4776": "WT", "PA4777": "Y345H", "PA4964": "WT", "PA4967": "D533E", "PA5045": "WT", "PA5235": "WT", "PA5471": "R41C; L88P; D161G; H182Q", "PA5485": "WT"}'; 
INSERT INTO metadata_general(isolate_id, isolate_name, project_name, species) VALUES ('169', 'MAD05-026', 'GEMARA', 'Pseudomonas aeruginosa') ON DUPLICATE KEY UPDATE isolate_name = 'MAD05-026', project_name = 'GEMARA', species = 'Pseudomonas aeruginosa'; 
INSERT INTO mic(mic_id, isolate_id, ami, ami_clinical_category, atm_clinical_category, caz, caz_clinical_category, caz_cloxa, cip, cip_clinical_category, col, col_clinical_category, fep, fep_clinical_category, imi, imi_clinical_category, imi_cloxa, mer_clinical_category, pip_tz, pip_tz_clinical_category, tic, tic_clinical_category, tob, tob_clinical_category) VALUES ('169', '169', '4', 'S', 'R', '32', 'R', '+', '>16', 'R', '2', 'S', '16', 'R', '8', 'I', '+', 'R', '64', 'R', '128', 'R', '4', 'S') ON DUPLICATE KEY UPDATE ami = '4', ami_clinical_category = 'S', atm_clinical_category = 'R', caz = '32', caz_clinical_category = 'R', caz_cloxa = '+', cip = '>16', cip_clinical_category = 'R', col = '2', col_clinical_category = 'S', fep = '16', fep_clinical_category = 'R', imi = '8', imi_clinical_category = 'I', imi_cloxa = '+', mer_clinical_category = 'R', pip_tz = '64', pip_tz_clinical_category = 'R', tic = '128', tic_clinical_category = 'R', tob = '4', tob_clinical_category = 'S'; 
INSERT INTO sequence_analysis(sequence_analysis_id, isolate_id, clonal_complex, mutational_resistome) VALUES ('169', '169', 'ST175', '{"PA0004": "WT", "PA0424": "WT", "PA0425": "WT", "PA0426": "WT", "PA0427": "WT", "PA0807": "A219T", "PA0869": "S250N", "PA0958": "nt659\u03941", "PA1179": "WT", "PA1180": "WT", "PA1777": "WT", "PA1798": "H398R", "PA1799": "WT", "PA2018": "T543A; nt613InsC", "PA2019": "K329Q; W358R", "PA2020": "G195D", "PA2272": "E37K; A104P", "PA2491": "D249N", "PA2492": "P60S; F172I", "PA3047": "WT", "PA3168": "T83I; D87N", "PA3574": "nt165\u03941", "PA3721": "G71E; A186T", "PA3999": "WT", "PA4003": "WT", "PA4020": "WT", "PA4109": "WT", "PA4110": "WT", "PA4266": "WT", "PA4418": "WT", "PA4522": "G148A; G156D; D183Y", "PA4600": "WT", "PA4700": "WT", "PA4776": "WT", "PA4777": "Y345H", "PA4964": "S87W; L168Q", "PA4967": "WT", "PA5045": "E245D", "PA5235": "WT", "PA5471": "L88P; D161G; H182Q; V243A; V266M", "PA5485": "WT"}') ON DUPLICATE KEY UPDATE clonal_complex = 'ST175', mutational_resistome = '{"PA0004": "WT", "PA0424": "WT", "PA0425": "WT", "PA0426": "WT", "PA0427": "WT", "PA0807": "A219T", "PA0869": "S250N", "PA0958": "nt659\u03941", "PA1179": "WT", "PA1180": "WT", "PA1777": "WT", "PA1798": "H398R", "PA1799": "WT", "PA2018": "T543A; nt613InsC", "PA2019": "K329Q; W358R", "PA2020": "G195D", "PA2272": "E37K; A104P", "PA2491": "D249N", "PA2492": "P60S; F172I", "PA3047": "WT", "PA3168": "T83I; D87N", "PA3574": "nt165\u03941", "PA3721": "G71E; A186T", "PA3999": "WT", "PA4003": "WT", "PA4020": "WT", "PA4109": "WT", "PA4110": "WT", "PA4266": "WT", "PA4418": "WT", "PA4522": "G148A; G156D; D183Y", "PA4600": "WT", "PA4700": "WT", "PA4776": "WT", "PA4777": "Y345H", "PA4964": "S87W; L168Q", "PA4967": "WT", "PA5045": "E245D", "PA5235": "WT", "PA5471": "L88P; D161G; H182Q; V243A; V266M", "PA5485": "WT"}'; 
INSERT INTO metadata_general(isolate_id, isolate_name, project_name, species) VALUES ('170', 'MAD05-027', 'GEMARA', 'Pseudomonas aeruginosa') ON DUPLICATE KEY UPDATE isolate_name = 'MAD05-027', project_name = 'GEMARA', species = 'Pseudomonas aeruginosa'; 
INSERT INTO mic(mic_id, isolate_id, ami, ami_clinical_category, atm_clinical_category, caz, caz_clinical_category, caz_cloxa, cip, cip_clinical_category, col, col_clinical_category, fep, fep_clinical_category, imi, imi_clinical_category, imi_cloxa, mer_clinical_category, pip_tz, pip_tz_clinical_category, tic, tic_clinical_category, tob, tob_clinical_category) VALUES ('170', '170', '<=2', 'S', 'I', '32', 'R', '+', '1', 'R', '2', 'S', '8', 'S', '16', 'R', '+', 'R', '32', 'R', '128', 'R', '1', 'S') ON DUPLICATE KEY UPDATE ami = '<=2', ami_clinical_category = 'S', atm_clinical_category = 'I', caz = '32', caz_clinical_category = 'R', caz_cloxa = '+', cip = '1', cip_clinical_category = 'R', col = '2', col_clinical_category = 'S', fep = '8', fep_clinical_category = 'S', imi = '16', imi_clinical_category = 'R', imi_cloxa = '+', mer_clinical_category = 'R', pip_tz = '32', pip_tz_clinical_category = 'R', tic = '128', tic_clinical_category = 'R', tob = '1', tob_clinical_category = 'S'; 
INSERT INTO sequence_analysis(sequence_analysis_id, isolate_id, clonal_complex, mutational_resistome) VALUES ('170', '170', 'ST3153', '{"PA0004": "WT", "PA0424": "V126E", "PA0425": "WT", "PA0426": "WT", "PA0427": "WT", "PA0807": "A219T", "PA0869": "R98H", "PA0958": "S57E; S59R; R312G", "PA1179": "WT", "PA1180": "R61H", "PA1777": "WT", "PA1798": "R243H; V313I; H398R", "PA1799": "L153R; S170N", "PA2018": "T543A; A635P; G652S", "PA2019": "K329Q; L331V; W358R", "PA2020": "WT", "PA2272": "WT", "PA2491": "D249N", "PA2492": "P60S; F172I", "PA3047": "WT", "PA3168": "WT", "PA3574": "WT", "PA3721": "T50P; G71E; S209R", "PA3999": "V50I", "PA4003": "WT", "PA4020": "A303V; M297V; G24S; aa118\u03941", "PA4109": "WT", "PA4110": "R79Q; T105A", "PA4266": "WT", "PA4418": "WT", "PA4522": "G148A", "PA4600": "WT", "PA4700": "S25G", "PA4776": "WT", "PA4777": "Y345H", "PA4964": "WT", "PA4967": "D533E", "PA5045": "WT", "PA5235": "WT", "PA5471": "R41C; L88P; D161G; H182Q", "PA5485": "WT"}') ON DUPLICATE KEY UPDATE clonal_complex = 'ST3153', mutational_resistome = '{"PA0004": "WT", "PA0424": "V126E", "PA0425": "WT", "PA0426": "WT", "PA0427": "WT", "PA0807": "A219T", "PA0869": "R98H", "PA0958": "S57E; S59R; R312G", "PA1179": "WT", "PA1180": "R61H", "PA1777": "WT", "PA1798": "R243H; V313I; H398R", "PA1799": "L153R; S170N", "PA2018": "T543A; A635P; G652S", "PA2019": "K329Q; L331V; W358R", "PA2020": "WT", "PA2272": "WT", "PA2491": "D249N", "PA2492": "P60S; F172I", "PA3047": "WT", "PA3168": "WT", "PA3574": "WT", "PA3721": "T50P; G71E; S209R", "PA3999": "V50I", "PA4003": "WT", "PA4020": "A303V; M297V; G24S; aa118\u03941", "PA4109": "WT", "PA4110": "R79Q; T105A", "PA4266": "WT", "PA4418": "WT", "PA4522": "G148A", "PA4600": "WT", "PA4700": "S25G", "PA4776": "WT", "PA4777": "Y345H", "PA4964": "WT", "PA4967": "D533E", "PA5045": "WT", "PA5235": "WT", "PA5471": "R41C; L88P; D161G; H182Q", "PA5485": "WT"}'; 
INSERT INTO metadata_general(isolate_id, isolate_name, project_name, species) VALUES ('171', 'MAD05-041', 'GEMARA', 'Pseudomonas aeruginosa') ON DUPLICATE KEY UPDATE isolate_name = 'MAD05-041', project_name = 'GEMARA', species = 'Pseudomonas aeruginosa'; 
INSERT INTO mic(mic_id, isolate_id, ami, ami_clinical_category, atm_clinical_category, caz, caz_clinical_category, caz_cloxa, cip, cip_clinical_category, col, col_clinical_category, fep, fep_clinical_category, imi, imi_clinical_category, imi_cloxa, mer_clinical_category, pip_tz, pip_tz_clinical_category, tic, tic_clinical_category, tob, tob_clinical_category) VALUES ('171', '171', '32', 'R', 'I', '64', 'R', 'nan', '>16', 'R', '1', 'S', '32', 'R', '>32', 'R', 'nan', 'R', '128', 'R', '>512', 'R', '32', 'R') ON DUPLICATE KEY UPDATE ami = '32', ami_clinical_category = 'R', atm_clinical_category = 'I', caz = '64', caz_clinical_category = 'R', caz_cloxa = 'nan', cip = '>16', cip_clinical_category = 'R', col = '1', col_clinical_category = 'S', fep = '32', fep_clinical_category = 'R', imi = '>32', imi_clinical_category = 'R', imi_cloxa = 'nan', mer_clinical_category = 'R', pip_tz = '128', pip_tz_clinical_category = 'R', tic = '>512', tic_clinical_category = 'R', tob = '32', tob_clinical_category = 'R'; 
INSERT INTO sequence_analysis(sequence_analysis_id, isolate_id, clonal_complex, mutational_resistome) VALUES ('171', '171', 'ST111', '{"PA0004": "WT", "PA0424": "V126E", "PA0425": "WT", "PA0426": "WT", "PA0427": "WT", "PA0807": "A219T", "PA0869": "WT", "PA0958": "Y436F", "PA1179": "WT", "PA1180": "WT", "PA1777": "WT", "PA1798": "L137P; S228P; H398R", "PA1799": "WT", "PA2018": "G530S", "PA2019": "K329Q; L331V; W358R", "PA2020": "WT", "PA2272": "A104P", "PA2491": "D249N", "PA2492": "F172I", "PA3047": "WT", "PA3168": "T83I; V671I", "PA3574": "WT", "PA3721": "G71E", "PA3999": "WT", "PA4003": "WT", "PA4020": "D411A", "PA4109": "G283E", "PA4110": "T105A", "PA4266": "WT", "PA4418": "WT", "PA4522": "Q88L; G148A", "PA4600": "WT", "PA4700": "M715K; K607R", "PA4776": "L71R", "PA4777": "A4T; V6A; V15I; G68S; Y345H", "PA4964": "S87L", "PA4967": "WT", "PA5045": "G596R", "PA5235": "WT", "PA5471": "L88P; D161G; H182Q; V243A", "PA5485": "WT"}') ON DUPLICATE KEY UPDATE clonal_complex = 'ST111', mutational_resistome = '{"PA0004": "WT", "PA0424": "V126E", "PA0425": "WT", "PA0426": "WT", "PA0427": "WT", "PA0807": "A219T", "PA0869": "WT", "PA0958": "Y436F", "PA1179": "WT", "PA1180": "WT", "PA1777": "WT", "PA1798": "L137P; S228P; H398R", "PA1799": "WT", "PA2018": "G530S", "PA2019": "K329Q; L331V; W358R", "PA2020": "WT", "PA2272": "A104P", "PA2491": "D249N", "PA2492": "F172I", "PA3047": "WT", "PA3168": "T83I; V671I", "PA3574": "WT", "PA3721": "G71E", "PA3999": "WT", "PA4003": "WT", "PA4020": "D411A", "PA4109": "G283E", "PA4110": "T105A", "PA4266": "WT", "PA4418": "WT", "PA4522": "Q88L; G148A", "PA4600": "WT", "PA4700": "M715K; K607R", "PA4776": "L71R", "PA4777": "A4T; V6A; V15I; G68S; Y345H", "PA4964": "S87L", "PA4967": "WT", "PA5045": "G596R", "PA5235": "WT", "PA5471": "L88P; D161G; H182Q; V243A", "PA5485": "WT"}'; 
INSERT INTO metadata_general(isolate_id, isolate_name, project_name, species) VALUES ('172', 'MAD06-017', 'GEMARA', 'Pseudomonas aeruginosa') ON DUPLICATE KEY UPDATE isolate_name = 'MAD06-017', project_name = 'GEMARA', species = 'Pseudomonas aeruginosa'; 
INSERT INTO mic(mic_id, isolate_id, ami, ami_clinical_category, atm_clinical_category, caz, caz_clinical_category, caz_cloxa, cip, cip_clinical_category, col, col_clinical_category, fep, fep_clinical_category, imi, imi_clinical_category, imi_cloxa, mer_clinical_category, pip_tz, pip_tz_clinical_category, tic, tic_clinical_category, tob, tob_clinical_category) VALUES ('172', '172', '4', 'S', 'I', '8', 'S', '+', '>16', 'R', '2', 'S', '8', 'S', '8', 'I', '+', 'I', '32', 'R', '64', 'R', '32', 'R') ON DUPLICATE KEY UPDATE ami = '4', ami_clinical_category = 'S', atm_clinical_category = 'I', caz = '8', caz_clinical_category = 'S', caz_cloxa = '+', cip = '>16', cip_clinical_category = 'R', col = '2', col_clinical_category = 'S', fep = '8', fep_clinical_category = 'S', imi = '8', imi_clinical_category = 'I', imi_cloxa = '+', mer_clinical_category = 'I', pip_tz = '32', pip_tz_clinical_category = 'R', tic = '64', tic_clinical_category = 'R', tob = '32', tob_clinical_category = 'R'; 
INSERT INTO sequence_analysis(sequence_analysis_id, isolate_id, clonal_complex, mutational_resistome) VALUES ('172', '172', 'ST175', '{"PA0004": "WT", "PA0424": "nt385InsGGGT", "PA0425": "WT", "PA0426": "WT", "PA0427": "WT", "PA0807": "A219T", "PA0869": "S250N", "PA0958": "Q142X", "PA1179": "WT", "PA1180": "WT", "PA1777": "WT", "PA1798": "H398R", "PA1799": "WT", "PA2018": "T543A", "PA2019": "K329Q; W358R", "PA2020": "G195D", "PA2272": "E37K; A104P", "PA2491": "D249N", "PA2492": "P60S; F172I", "PA3047": "WT", "PA3168": "T83I; D87N", "PA3574": "WT", "PA3721": "G71E; A186T", "PA3999": "WT", "PA4003": "WT", "PA4020": "WT", "PA4109": "G154R", "PA4110": "WT", "PA4266": "WT", "PA4418": "WT", "PA4522": "G148A; D183Y", "PA4600": "WT", "PA4700": "WT", "PA4776": "WT", "PA4777": "Y345H", "PA4964": "S87W; L168Q", "PA4967": "WT", "PA5045": "E245D", "PA5235": "T211P", "PA5471": "L88P; D161G; H182Q; V243A; V266M", "PA5485": "WT"}') ON DUPLICATE KEY UPDATE clonal_complex = 'ST175', mutational_resistome = '{"PA0004": "WT", "PA0424": "nt385InsGGGT", "PA0425": "WT", "PA0426": "WT", "PA0427": "WT", "PA0807": "A219T", "PA0869": "S250N", "PA0958": "Q142X", "PA1179": "WT", "PA1180": "WT", "PA1777": "WT", "PA1798": "H398R", "PA1799": "WT", "PA2018": "T543A", "PA2019": "K329Q; W358R", "PA2020": "G195D", "PA2272": "E37K; A104P", "PA2491": "D249N", "PA2492": "P60S; F172I", "PA3047": "WT", "PA3168": "T83I; D87N", "PA3574": "WT", "PA3721": "G71E; A186T", "PA3999": "WT", "PA4003": "WT", "PA4020": "WT", "PA4109": "G154R", "PA4110": "WT", "PA4266": "WT", "PA4418": "WT", "PA4522": "G148A; D183Y", "PA4600": "WT", "PA4700": "WT", "PA4776": "WT", "PA4777": "Y345H", "PA4964": "S87W; L168Q", "PA4967": "WT", "PA5045": "E245D", "PA5235": "T211P", "PA5471": "L88P; D161G; H182Q; V243A; V266M", "PA5485": "WT"}'; 
INSERT INTO metadata_general(isolate_id, isolate_name, project_name, species) VALUES ('173', 'MUR01-008', 'GEMARA', 'Pseudomonas aeruginosa') ON DUPLICATE KEY UPDATE isolate_name = 'MUR01-008', project_name = 'GEMARA', species = 'Pseudomonas aeruginosa'; 
INSERT INTO mic(mic_id, isolate_id, ami, ami_clinical_category, atm_clinical_category, caz, caz_clinical_category, caz_cloxa, cip, cip_clinical_category, col, col_clinical_category, fep, fep_clinical_category, imi, imi_clinical_category, imi_cloxa, mer_clinical_category, pip_tz, pip_tz_clinical_category, tic, tic_clinical_category, tob, tob_clinical_category) VALUES ('173', '173', '<=2', 'S', 'R', '32', 'R', '+', '2', 'R', '1', 'S', '16', 'R', '8', 'I', '+', 'R', '64', 'R', '256', 'R', '<=0.25', 'S') ON DUPLICATE KEY UPDATE ami = '<=2', ami_clinical_category = 'S', atm_clinical_category = 'R', caz = '32', caz_clinical_category = 'R', caz_cloxa = '+', cip = '2', cip_clinical_category = 'R', col = '1', col_clinical_category = 'S', fep = '16', fep_clinical_category = 'R', imi = '8', imi_clinical_category = 'I', imi_cloxa = '+', mer_clinical_category = 'R', pip_tz = '64', pip_tz_clinical_category = 'R', tic = '256', tic_clinical_category = 'R', tob = '<=0.25', tob_clinical_category = 'S'; 
INSERT INTO sequence_analysis(sequence_analysis_id, isolate_id, clonal_complex, mutational_resistome) VALUES ('173', '173', 'ST308', '{"PA0004": "N5K; E468D", "PA0424": "V126E; nt33\u039413", "PA0425": "WT", "PA0426": "G957D; V1042A", "PA0427": "WT", "PA0807": "WT", "PA0869": "A287S", "PA0958": "nt385InsGA", "PA1179": "WT", "PA1180": "WT", "PA1777": "WT", "PA1798": "H398R", "PA1799": "L153R; S170N", "PA2018": "I536V; T543A; G589A; Q840E; N1036T", "PA2019": "A30T; K329Q; L331V; W358R", "PA2020": "G89S", "PA2272": "A104P", "PA2491": "V73A; D249N", "PA2492": "F172I", "PA3047": "WT", "PA3168": "WT", "PA3574": "WT", "PA3721": "G71E; D79E; S209R", "PA3999": "WT", "PA4003": "WT", "PA4020": "WT", "PA4109": "G283E; M288R", "PA4110": "G27D; T105A; V205L; V356I; G391A", "PA4266": "WT", "PA4418": "WT", "PA4522": "T139R", "PA4600": "WT", "PA4700": "L353Q; S25G", "PA4776": "WT", "PA4777": "S2P; A4T; V15I; G68S; Y345H", "PA4964": "P752T", "PA4967": "D533E", "PA5045": "D73N", "PA5235": "WT", "PA5471": "C40R; L88P; S112N; D119E; I237V; V243A", "PA5485": "V40I"}') ON DUPLICATE KEY UPDATE clonal_complex = 'ST308', mutational_resistome = '{"PA0004": "N5K; E468D", "PA0424": "V126E; nt33\u039413", "PA0425": "WT", "PA0426": "G957D; V1042A", "PA0427": "WT", "PA0807": "WT", "PA0869": "A287S", "PA0958": "nt385InsGA", "PA1179": "WT", "PA1180": "WT", "PA1777": "WT", "PA1798": "H398R", "PA1799": "L153R; S170N", "PA2018": "I536V; T543A; G589A; Q840E; N1036T", "PA2019": "A30T; K329Q; L331V; W358R", "PA2020": "G89S", "PA2272": "A104P", "PA2491": "V73A; D249N", "PA2492": "F172I", "PA3047": "WT", "PA3168": "WT", "PA3574": "WT", "PA3721": "G71E; D79E; S209R", "PA3999": "WT", "PA4003": "WT", "PA4020": "WT", "PA4109": "G283E; M288R", "PA4110": "G27D; T105A; V205L; V356I; G391A", "PA4266": "WT", "PA4418": "WT", "PA4522": "T139R", "PA4600": "WT", "PA4700": "L353Q; S25G", "PA4776": "WT", "PA4777": "S2P; A4T; V15I; G68S; Y345H", "PA4964": "P752T", "PA4967": "D533E", "PA5045": "D73N", "PA5235": "WT", "PA5471": "C40R; L88P; S112N; D119E; I237V; V243A", "PA5485": "V40I"}'; 
INSERT INTO metadata_general(isolate_id, isolate_name, project_name, species) VALUES ('174', 'MUR01-009', 'GEMARA', 'Pseudomonas aeruginosa') ON DUPLICATE KEY UPDATE isolate_name = 'MUR01-009', project_name = 'GEMARA', species = 'Pseudomonas aeruginosa'; 
INSERT INTO mic(mic_id, isolate_id, ami, ami_clinical_category, atm_clinical_category, caz, caz_clinical_category, caz_cloxa, cip, cip_clinical_category, col, col_clinical_category, fep, fep_clinical_category, imi, imi_clinical_category, imi_cloxa, mer_clinical_category, pip_tz, pip_tz_clinical_category, tic, tic_clinical_category, tob, tob_clinical_category) VALUES ('174', '174', '4', 'S', 'I', '16', 'R', '+', '>16', 'R', '2', 'S', '8', 'S', '8', 'I', '+', 'R', '128', 'R', '128', 'R', '32', 'R') ON DUPLICATE KEY UPDATE ami = '4', ami_clinical_category = 'S', atm_clinical_category = 'I', caz = '16', caz_clinical_category = 'R', caz_cloxa = '+', cip = '>16', cip_clinical_category = 'R', col = '2', col_clinical_category = 'S', fep = '8', fep_clinical_category = 'S', imi = '8', imi_clinical_category = 'I', imi_cloxa = '+', mer_clinical_category = 'R', pip_tz = '128', pip_tz_clinical_category = 'R', tic = '128', tic_clinical_category = 'R', tob = '32', tob_clinical_category = 'R'; 
INSERT INTO sequence_analysis(sequence_analysis_id, isolate_id, clonal_complex, mutational_resistome) VALUES ('174', '174', 'ST175', '{"PA0004": "E468D", "PA0424": "WT", "PA0425": "WT", "PA0426": "WT", "PA0427": "WT", "PA0807": "A219T", "PA0869": "S250N", "PA0958": "nt105\u03941", "PA1179": "WT", "PA1180": "WT", "PA1777": "WT", "PA1798": "H398R", "PA1799": "WT", "PA2018": "T543A", "PA2019": "K329Q; W358R", "PA2020": "G195D", "PA2272": "E37K; A104P", "PA2491": "D249N", "PA2492": "P60S; F172I", "PA3047": "WT", "PA3168": "T83I", "PA3574": "WT", "PA3721": "G71E; A186T", "PA3999": "WT", "PA4003": "WT", "PA4020": "WT", "PA4109": "WT", "PA4110": "WT", "PA4266": "WT", "PA4418": "WT", "PA4522": "V10G; G148A; D183Y", "PA4600": "WT", "PA4700": "WT", "PA4776": "WT", "PA4777": "Y345H", "PA4964": "S87W; L168Q", "PA4967": "WT", "PA5045": "E245D", "PA5235": "WT", "PA5471": "L88P; D161G; H182Q; V243A; V266M", "PA5485": "WT"}') ON DUPLICATE KEY UPDATE clonal_complex = 'ST175', mutational_resistome = '{"PA0004": "E468D", "PA0424": "WT", "PA0425": "WT", "PA0426": "WT", "PA0427": "WT", "PA0807": "A219T", "PA0869": "S250N", "PA0958": "nt105\u03941", "PA1179": "WT", "PA1180": "WT", "PA1777": "WT", "PA1798": "H398R", "PA1799": "WT", "PA2018": "T543A", "PA2019": "K329Q; W358R", "PA2020": "G195D", "PA2272": "E37K; A104P", "PA2491": "D249N", "PA2492": "P60S; F172I", "PA3047": "WT", "PA3168": "T83I", "PA3574": "WT", "PA3721": "G71E; A186T", "PA3999": "WT", "PA4003": "WT", "PA4020": "WT", "PA4109": "WT", "PA4110": "WT", "PA4266": "WT", "PA4418": "WT", "PA4522": "V10G; G148A; D183Y", "PA4600": "WT", "PA4700": "WT", "PA4776": "WT", "PA4777": "Y345H", "PA4964": "S87W; L168Q", "PA4967": "WT", "PA5045": "E245D", "PA5235": "WT", "PA5471": "L88P; D161G; H182Q; V243A; V266M", "PA5485": "WT"}'; 
INSERT INTO metadata_general(isolate_id, isolate_name, project_name, species) VALUES ('175', 'MUR01-018', 'GEMARA', 'Pseudomonas aeruginosa') ON DUPLICATE KEY UPDATE isolate_name = 'MUR01-018', project_name = 'GEMARA', species = 'Pseudomonas aeruginosa'; 
INSERT INTO mic(mic_id, isolate_id, ami, ami_clinical_category, atm_clinical_category, caz, caz_clinical_category, caz_cloxa, cip, cip_clinical_category, col, col_clinical_category, fep, fep_clinical_category, imi, imi_clinical_category, imi_cloxa, mer_clinical_category, pip_tz, pip_tz_clinical_category, tic, tic_clinical_category, tob, tob_clinical_category) VALUES ('175', '175', '16', 'I', 'I', '>64', 'R', 'nan', '<=0.12', 'S', '2', 'S', '>64', 'R', '>32', 'R', 'nan', 'R', '32', 'R', '>512', 'R', '<=0.25', 'S') ON DUPLICATE KEY UPDATE ami = '16', ami_clinical_category = 'I', atm_clinical_category = 'I', caz = '>64', caz_clinical_category = 'R', caz_cloxa = 'nan', cip = '<=0.12', cip_clinical_category = 'S', col = '2', col_clinical_category = 'S', fep = '>64', fep_clinical_category = 'R', imi = '>32', imi_clinical_category = 'R', imi_cloxa = 'nan', mer_clinical_category = 'R', pip_tz = '32', pip_tz_clinical_category = 'R', tic = '>512', tic_clinical_category = 'R', tob = '<=0.25', tob_clinical_category = 'S'; 
INSERT INTO sequence_analysis(sequence_analysis_id, isolate_id, clonal_complex, mutational_resistome) VALUES ('175', '175', 'ST111', '{"PA0004": "WT", "PA0424": "V126E", "PA0425": "WT", "PA0426": "WT", "PA0427": "WT", "PA0807": "A219T", "PA0869": "WT", "PA0958": "WT", "PA1179": "WT", "PA1180": "WT", "PA1777": "WT", "PA1798": "H398R", "PA1799": "WT", "PA2018": "G530S", "PA2019": "K329Q; L331V; W358R", "PA2020": "WT", "PA2272": "A104P", "PA2491": "D249N", "PA2492": "F172I", "PA3047": "WT", "PA3168": "WT", "PA3574": "WT", "PA3721": "G71E", "PA3999": "WT", "PA4003": "WT", "PA4020": "D411A", "PA4109": "G283E", "PA4110": "T105A", "PA4266": "WT", "PA4418": "WT", "PA4522": "G148A", "PA4600": "WT", "PA4700": "M715K; K607R", "PA4776": "L71P", "PA4777": "A4T; V6A; V15I; G68S; Y345H", "PA4964": "WT", "PA4967": "WT", "PA5045": "G596R", "PA5235": "WT", "PA5471": "L88P; D161G; H182Q; V243A", "PA5485": "WT"}') ON DUPLICATE KEY UPDATE clonal_complex = 'ST111', mutational_resistome = '{"PA0004": "WT", "PA0424": "V126E", "PA0425": "WT", "PA0426": "WT", "PA0427": "WT", "PA0807": "A219T", "PA0869": "WT", "PA0958": "WT", "PA1179": "WT", "PA1180": "WT", "PA1777": "WT", "PA1798": "H398R", "PA1799": "WT", "PA2018": "G530S", "PA2019": "K329Q; L331V; W358R", "PA2020": "WT", "PA2272": "A104P", "PA2491": "D249N", "PA2492": "F172I", "PA3047": "WT", "PA3168": "WT", "PA3574": "WT", "PA3721": "G71E", "PA3999": "WT", "PA4003": "WT", "PA4020": "D411A", "PA4109": "G283E", "PA4110": "T105A", "PA4266": "WT", "PA4418": "WT", "PA4522": "G148A", "PA4600": "WT", "PA4700": "M715K; K607R", "PA4776": "L71P", "PA4777": "A4T; V6A; V15I; G68S; Y345H", "PA4964": "WT", "PA4967": "WT", "PA5045": "G596R", "PA5235": "WT", "PA5471": "L88P; D161G; H182Q; V243A", "PA5485": "WT"}'; 
INSERT INTO metadata_general(isolate_id, isolate_name, project_name, species) VALUES ('176', 'MUR01-026', 'GEMARA', 'Pseudomonas aeruginosa') ON DUPLICATE KEY UPDATE isolate_name = 'MUR01-026', project_name = 'GEMARA', species = 'Pseudomonas aeruginosa'; 
INSERT INTO mic(mic_id, isolate_id, ami, ami_clinical_category, atm_clinical_category, caz, caz_clinical_category, caz_cloxa, cip, cip_clinical_category, col, col_clinical_category, fep, fep_clinical_category, imi, imi_clinical_category, imi_cloxa, mer_clinical_category, pip_tz, pip_tz_clinical_category, tic, tic_clinical_category, tob, tob_clinical_category) VALUES ('176', '176', '4', 'S', 'I', '32', 'R', '+', '>16', 'R', '2', 'S', '16', 'R', '16', 'R', '+', 'R', '256', 'R', '128', 'R', '>32', 'R') ON DUPLICATE KEY UPDATE ami = '4', ami_clinical_category = 'S', atm_clinical_category = 'I', caz = '32', caz_clinical_category = 'R', caz_cloxa = '+', cip = '>16', cip_clinical_category = 'R', col = '2', col_clinical_category = 'S', fep = '16', fep_clinical_category = 'R', imi = '16', imi_clinical_category = 'R', imi_cloxa = '+', mer_clinical_category = 'R', pip_tz = '256', pip_tz_clinical_category = 'R', tic = '128', tic_clinical_category = 'R', tob = '>32', tob_clinical_category = 'R'; 
INSERT INTO sequence_analysis(sequence_analysis_id, isolate_id, clonal_complex, mutational_resistome) VALUES ('176', '176', 'ST175', '{"PA0004": "E468D", "PA0424": "WT", "PA0425": "WT", "PA0426": "WT", "PA0427": "WT", "PA0807": "A219T", "PA0869": "S250N", "PA0958": "nt105\u03941", "PA1179": "WT", "PA1180": "WT", "PA1777": "WT", "PA1798": "H398R", "PA1799": "WT", "PA2018": "T543A", "PA2019": "K329Q; W358R", "PA2020": "G195D", "PA2272": "WT", "PA2491": "D249N", "PA2492": "P60S; F172I", "PA3047": "WT", "PA3168": "T83I", "PA3574": "WT", "PA3721": "G71E; A186T", "PA3999": "WT", "PA4003": "WT", "PA4020": "WT", "PA4109": "WT", "PA4110": "WT", "PA4266": "WT", "PA4418": "WT", "PA4522": "V10G; G148A; D183Y", "PA4600": "WT", "PA4700": "WT", "PA4776": "WT", "PA4777": "Y345H", "PA4964": "S87W; L168Q", "PA4967": "WT", "PA5045": "E245D", "PA5235": "WT", "PA5471": "L88P; D161G; H182Q; V243A; V266M", "PA5485": "WT"}') ON DUPLICATE KEY UPDATE clonal_complex = 'ST175', mutational_resistome = '{"PA0004": "E468D", "PA0424": "WT", "PA0425": "WT", "PA0426": "WT", "PA0427": "WT", "PA0807": "A219T", "PA0869": "S250N", "PA0958": "nt105\u03941", "PA1179": "WT", "PA1180": "WT", "PA1777": "WT", "PA1798": "H398R", "PA1799": "WT", "PA2018": "T543A", "PA2019": "K329Q; W358R", "PA2020": "G195D", "PA2272": "WT", "PA2491": "D249N", "PA2492": "P60S; F172I", "PA3047": "WT", "PA3168": "T83I", "PA3574": "WT", "PA3721": "G71E; A186T", "PA3999": "WT", "PA4003": "WT", "PA4020": "WT", "PA4109": "WT", "PA4110": "WT", "PA4266": "WT", "PA4418": "WT", "PA4522": "V10G; G148A; D183Y", "PA4600": "WT", "PA4700": "WT", "PA4776": "WT", "PA4777": "Y345H", "PA4964": "S87W; L168Q", "PA4967": "WT", "PA5045": "E245D", "PA5235": "WT", "PA5471": "L88P; D161G; H182Q; V243A; V266M", "PA5485": "WT"}'; 
INSERT INTO metadata_general(isolate_id, isolate_name, project_name, species) VALUES ('177', 'MUR01-031', 'GEMARA', 'Pseudomonas aeruginosa') ON DUPLICATE KEY UPDATE isolate_name = 'MUR01-031', project_name = 'GEMARA', species = 'Pseudomonas aeruginosa'; 
INSERT INTO mic(mic_id, isolate_id, ami, ami_clinical_category, atm_clinical_category, caz, caz_clinical_category, caz_cloxa, cip, cip_clinical_category, col, col_clinical_category, fep, fep_clinical_category, imi, imi_clinical_category, imi_cloxa, mer_clinical_category, pip_tz, pip_tz_clinical_category, tic, tic_clinical_category, tob, tob_clinical_category) VALUES ('177', '177', '<=2', 'S', 'R', '32', 'R', 'nan', '1', 'R', '2', 'S', '16', 'R', '8', 'I', 'nan', 'S', '256', 'R', '128', 'R', '<=0.25', 'S') ON DUPLICATE KEY UPDATE ami = '<=2', ami_clinical_category = 'S', atm_clinical_category = 'R', caz = '32', caz_clinical_category = 'R', caz_cloxa = 'nan', cip = '1', cip_clinical_category = 'R', col = '2', col_clinical_category = 'S', fep = '16', fep_clinical_category = 'R', imi = '8', imi_clinical_category = 'I', imi_cloxa = 'nan', mer_clinical_category = 'S', pip_tz = '256', pip_tz_clinical_category = 'R', tic = '128', tic_clinical_category = 'R', tob = '<=0.25', tob_clinical_category = 'S'; 
INSERT INTO sequence_analysis(sequence_analysis_id, isolate_id, clonal_complex, mutational_resistome) VALUES ('177', '177', 'ST395', '{"PA0004": "WT", "PA0424": "WT", "PA0425": "WT", "PA0426": "WT", "PA0427": "WT", "PA0807": "R66C", "PA0869": "S250N", "PA0958": "WT", "PA1179": "WT", "PA1180": "WT", "PA1777": "WT", "PA1798": "H398R", "PA1799": "WT", "PA2018": "T543A", "PA2019": "H119Y; K329Q; W358R", "PA2020": "WT", "PA2272": "A104P", "PA2491": "D249N", "PA2492": "F172I", "PA3047": "WT", "PA3168": "aa914InsSE", "PA3574": "WT", "PA3721": "G71E", "PA3999": "WT", "PA4003": "WT", "PA4020": "V358I; M297V", "PA4109": "WT", "PA4110": "T105A; L176R", "PA4266": "WT", "PA4418": "WT", "PA4522": "A134V", "PA4600": "WT", "PA4700": "WT", "PA4776": "L71R", "PA4777": "Y345H", "PA4964": "WT", "PA4967": "V200M", "PA5045": "WT", "PA5235": "WT", "PA5471": "L88P; D161G; H182Q; V243A", "PA5485": "WT"}') ON DUPLICATE KEY UPDATE clonal_complex = 'ST395', mutational_resistome = '{"PA0004": "WT", "PA0424": "WT", "PA0425": "WT", "PA0426": "WT", "PA0427": "WT", "PA0807": "R66C", "PA0869": "S250N", "PA0958": "WT", "PA1179": "WT", "PA1180": "WT", "PA1777": "WT", "PA1798": "H398R", "PA1799": "WT", "PA2018": "T543A", "PA2019": "H119Y; K329Q; W358R", "PA2020": "WT", "PA2272": "A104P", "PA2491": "D249N", "PA2492": "F172I", "PA3047": "WT", "PA3168": "aa914InsSE", "PA3574": "WT", "PA3721": "G71E", "PA3999": "WT", "PA4003": "WT", "PA4020": "V358I; M297V", "PA4109": "WT", "PA4110": "T105A; L176R", "PA4266": "WT", "PA4418": "WT", "PA4522": "A134V", "PA4600": "WT", "PA4700": "WT", "PA4776": "L71R", "PA4777": "Y345H", "PA4964": "WT", "PA4967": "V200M", "PA5045": "WT", "PA5235": "WT", "PA5471": "L88P; D161G; H182Q; V243A", "PA5485": "WT"}'; 
INSERT INTO metadata_general(isolate_id, isolate_name, project_name, species) VALUES ('178', 'MUR01-033', 'GEMARA', 'Pseudomonas aeruginosa') ON DUPLICATE KEY UPDATE isolate_name = 'MUR01-033', project_name = 'GEMARA', species = 'Pseudomonas aeruginosa'; 
INSERT INTO mic(mic_id, isolate_id, ami, ami_clinical_category, atm_clinical_category, caz, caz_clinical_category, caz_cloxa, cip, cip_clinical_category, col, col_clinical_category, fep, fep_clinical_category, imi, imi_clinical_category, imi_cloxa, mer_clinical_category, pip_tz, pip_tz_clinical_category, tic, tic_clinical_category, tob, tob_clinical_category) VALUES ('178', '178', '32', 'R', 'I', '16', 'R', '+', '16', 'R', '2', 'S', '16', 'R', '16', 'R', '+', 'R', '64', 'R', '256', 'R', '>32', 'R') ON DUPLICATE KEY UPDATE ami = '32', ami_clinical_category = 'R', atm_clinical_category = 'I', caz = '16', caz_clinical_category = 'R', caz_cloxa = '+', cip = '16', cip_clinical_category = 'R', col = '2', col_clinical_category = 'S', fep = '16', fep_clinical_category = 'R', imi = '16', imi_clinical_category = 'R', imi_cloxa = '+', mer_clinical_category = 'R', pip_tz = '64', pip_tz_clinical_category = 'R', tic = '256', tic_clinical_category = 'R', tob = '>32', tob_clinical_category = 'R'; 
INSERT INTO sequence_analysis(sequence_analysis_id, isolate_id, clonal_complex, mutational_resistome) VALUES ('178', '178', 'ST308', '{"PA0004": "WT", "PA0424": "V126E", "PA0425": "WT", "PA0426": "G957D", "PA0427": "WT", "PA0807": "WT", "PA0869": "A287S", "PA0958": "WT", "PA1179": "WT", "PA1180": "WT", "PA1777": "WT", "PA1798": "H398R", "PA1799": "L153R; S170N", "PA2018": "I536V; T543A; G589A; Q840E; N1036T", "PA2019": "A30T; K329Q; L331V; W358R", "PA2020": "G89S; A175T", "PA2272": "A104P", "PA2491": "V73A; D249N", "PA2492": "F172I", "PA3047": "WT", "PA3168": "T83I", "PA3574": "WT", "PA3721": "G71E; D79E; S209R", "PA3999": "WT", "PA4003": "WT", "PA4020": "WT", "PA4109": "G283E; M288R", "PA4110": "G27D; T105A; V205L; V356I; G391A", "PA4266": "WT", "PA4418": "WT", "PA4522": "WT", "PA4600": "WT", "PA4700": "L353Q; S25G", "PA4776": "WT", "PA4777": "A4T; V15I; G68S; Y345H", "PA4964": "S87L; P752T", "PA4967": "D533E", "PA5045": "D73N", "PA5235": "WT", "PA5471": "C40R; L88P; S112N; D119E; I237V; V243A", "PA5485": "V40I"}') ON DUPLICATE KEY UPDATE clonal_complex = 'ST308', mutational_resistome = '{"PA0004": "WT", "PA0424": "V126E", "PA0425": "WT", "PA0426": "G957D", "PA0427": "WT", "PA0807": "WT", "PA0869": "A287S", "PA0958": "WT", "PA1179": "WT", "PA1180": "WT", "PA1777": "WT", "PA1798": "H398R", "PA1799": "L153R; S170N", "PA2018": "I536V; T543A; G589A; Q840E; N1036T", "PA2019": "A30T; K329Q; L331V; W358R", "PA2020": "G89S; A175T", "PA2272": "A104P", "PA2491": "V73A; D249N", "PA2492": "F172I", "PA3047": "WT", "PA3168": "T83I", "PA3574": "WT", "PA3721": "G71E; D79E; S209R", "PA3999": "WT", "PA4003": "WT", "PA4020": "WT", "PA4109": "G283E; M288R", "PA4110": "G27D; T105A; V205L; V356I; G391A", "PA4266": "WT", "PA4418": "WT", "PA4522": "WT", "PA4600": "WT", "PA4700": "L353Q; S25G", "PA4776": "WT", "PA4777": "A4T; V15I; G68S; Y345H", "PA4964": "S87L; P752T", "PA4967": "D533E", "PA5045": "D73N", "PA5235": "WT", "PA5471": "C40R; L88P; S112N; D119E; I237V; V243A", "PA5485": "V40I"}'; 
INSERT INTO metadata_general(isolate_id, isolate_name, project_name, species) VALUES ('179', 'NAV01-012', 'GEMARA', 'Pseudomonas aeruginosa') ON DUPLICATE KEY UPDATE isolate_name = 'NAV01-012', project_name = 'GEMARA', species = 'Pseudomonas aeruginosa'; 
INSERT INTO mic(mic_id, isolate_id, ami, ami_clinical_category, atm_clinical_category, caz, caz_clinical_category, caz_cloxa, cip, cip_clinical_category, col, col_clinical_category, fep, fep_clinical_category, imi, imi_clinical_category, imi_cloxa, mer_clinical_category, pip_tz, pip_tz_clinical_category, tic, tic_clinical_category, tob, tob_clinical_category) VALUES ('179', '179', '8', 'S', 'I', '16', 'R', '+', '16', 'R', '1', 'S', '8', 'S', '16', 'R', '+', 'I', '128', 'R', '>512', 'R', '16', 'R') ON DUPLICATE KEY UPDATE ami = '8', ami_clinical_category = 'S', atm_clinical_category = 'I', caz = '16', caz_clinical_category = 'R', caz_cloxa = '+', cip = '16', cip_clinical_category = 'R', col = '1', col_clinical_category = 'S', fep = '8', fep_clinical_category = 'S', imi = '16', imi_clinical_category = 'R', imi_cloxa = '+', mer_clinical_category = 'I', pip_tz = '128', pip_tz_clinical_category = 'R', tic = '>512', tic_clinical_category = 'R', tob = '16', tob_clinical_category = 'R'; 
INSERT INTO sequence_analysis(sequence_analysis_id, isolate_id, clonal_complex, mutational_resistome) VALUES ('179', '179', 'ST111', '{"PA0004": "WT", "PA0424": "V126E", "PA0425": "WT", "PA0426": "WT", "PA0427": "WT", "PA0807": "A219T", "PA0869": "WT", "PA0958": "nt991InsAC", "PA1179": "WT", "PA1180": "WT", "PA1777": "WT", "PA1798": "L137P; H398R", "PA1799": "WT", "PA2018": "G530S", "PA2019": "K329Q; L331V; W358R", "PA2020": "WT", "PA2272": "A104P", "PA2491": "D249N", "PA2492": "F172I", "PA3047": "nt665InsGGCCT", "PA3168": "T83I; V671I; G860S", "PA3574": "WT", "PA3721": "G71E", "PA3999": "WT", "PA4003": "WT", "PA4020": "D411A", "PA4109": "G283E", "PA4110": "T105A", "PA4266": "WT", "PA4418": "WT", "PA4522": "G148A", "PA4600": "WT", "PA4700": "M715K; K607R", "PA4776": "L71R", "PA4777": "A4T; V6A; V15I; G68S; Y345H", "PA4964": "E91K", "PA4967": "WT", "PA5045": "G596R", "PA5235": "WT", "PA5471": "L88P; D161G; H182Q; V243A", "PA5485": "WT"}') ON DUPLICATE KEY UPDATE clonal_complex = 'ST111', mutational_resistome = '{"PA0004": "WT", "PA0424": "V126E", "PA0425": "WT", "PA0426": "WT", "PA0427": "WT", "PA0807": "A219T", "PA0869": "WT", "PA0958": "nt991InsAC", "PA1179": "WT", "PA1180": "WT", "PA1777": "WT", "PA1798": "L137P; H398R", "PA1799": "WT", "PA2018": "G530S", "PA2019": "K329Q; L331V; W358R", "PA2020": "WT", "PA2272": "A104P", "PA2491": "D249N", "PA2492": "F172I", "PA3047": "nt665InsGGCCT", "PA3168": "T83I; V671I; G860S", "PA3574": "WT", "PA3721": "G71E", "PA3999": "WT", "PA4003": "WT", "PA4020": "D411A", "PA4109": "G283E", "PA4110": "T105A", "PA4266": "WT", "PA4418": "WT", "PA4522": "G148A", "PA4600": "WT", "PA4700": "M715K; K607R", "PA4776": "L71R", "PA4777": "A4T; V6A; V15I; G68S; Y345H", "PA4964": "E91K", "PA4967": "WT", "PA5045": "G596R", "PA5235": "WT", "PA5471": "L88P; D161G; H182Q; V243A", "PA5485": "WT"}'; 
INSERT INTO metadata_general(isolate_id, isolate_name, project_name, species) VALUES ('180', 'NAV01-021', 'GEMARA', 'Pseudomonas aeruginosa') ON DUPLICATE KEY UPDATE isolate_name = 'NAV01-021', project_name = 'GEMARA', species = 'Pseudomonas aeruginosa'; 
INSERT INTO mic(mic_id, isolate_id, ami, ami_clinical_category, atm_clinical_category, caz, caz_clinical_category, caz_cloxa, cip, cip_clinical_category, col, col_clinical_category, fep, fep_clinical_category, imi, imi_clinical_category, imi_cloxa, mer_clinical_category, pip_tz, pip_tz_clinical_category, tic, tic_clinical_category, tob, tob_clinical_category) VALUES ('180', '180', '4', 'S', 'I', '32', 'R', '+', '>16', 'R', '1', 'S', '16', 'R', '16', 'R', '+', 'I', '256', 'R', '128', 'R', '1', 'S') ON DUPLICATE KEY UPDATE ami = '4', ami_clinical_category = 'S', atm_clinical_category = 'I', caz = '32', caz_clinical_category = 'R', caz_cloxa = '+', cip = '>16', cip_clinical_category = 'R', col = '1', col_clinical_category = 'S', fep = '16', fep_clinical_category = 'R', imi = '16', imi_clinical_category = 'R', imi_cloxa = '+', mer_clinical_category = 'I', pip_tz = '256', pip_tz_clinical_category = 'R', tic = '128', tic_clinical_category = 'R', tob = '1', tob_clinical_category = 'S'; 
INSERT INTO sequence_analysis(sequence_analysis_id, isolate_id, clonal_complex, mutational_resistome) VALUES ('180', '180', 'ST2125', '{"PA0004": "WT", "PA0424": "V126E", "PA0425": "WT", "PA0426": "WT", "PA0427": "WT", "PA0807": "A219T", "PA0869": "WT", "PA0958": "Q250X", "PA1179": "WT", "PA1180": "WT", "PA1777": "WT", "PA1798": "H398R", "PA1799": "WT", "PA2018": "T543A", "PA2019": "K329Q; L331V; W358R", "PA2020": "WT", "PA2272": "WT", "PA2491": "D249N", "PA2492": "P60S; F172I", "PA3047": "A394P", "PA3168": "T83I", "PA3574": "WT", "PA3721": "G71E; S209R", "PA3999": "WT", "PA4003": "WT", "PA4020": "T276A", "PA4109": "WT", "PA4110": "WT", "PA4266": "WT", "PA4418": "WT", "PA4522": "G84D; A136V; G148A", "PA4600": "WT", "PA4700": "WT", "PA4776": "L71R", "PA4777": "Y345H", "PA4964": "V646L", "PA4967": "nt1345InsGTGGAC", "PA5045": "WT", "PA5235": "A439T", "PA5471": "L88P; D161G; H182Q; V243A", "PA5485": "WT"}') ON DUPLICATE KEY UPDATE clonal_complex = 'ST2125', mutational_resistome = '{"PA0004": "WT", "PA0424": "V126E", "PA0425": "WT", "PA0426": "WT", "PA0427": "WT", "PA0807": "A219T", "PA0869": "WT", "PA0958": "Q250X", "PA1179": "WT", "PA1180": "WT", "PA1777": "WT", "PA1798": "H398R", "PA1799": "WT", "PA2018": "T543A", "PA2019": "K329Q; L331V; W358R", "PA2020": "WT", "PA2272": "WT", "PA2491": "D249N", "PA2492": "P60S; F172I", "PA3047": "A394P", "PA3168": "T83I", "PA3574": "WT", "PA3721": "G71E; S209R", "PA3999": "WT", "PA4003": "WT", "PA4020": "T276A", "PA4109": "WT", "PA4110": "WT", "PA4266": "WT", "PA4418": "WT", "PA4522": "G84D; A136V; G148A", "PA4600": "WT", "PA4700": "WT", "PA4776": "L71R", "PA4777": "Y345H", "PA4964": "V646L", "PA4967": "nt1345InsGTGGAC", "PA5045": "WT", "PA5235": "A439T", "PA5471": "L88P; D161G; H182Q; V243A", "PA5485": "WT"}'; 
INSERT INTO metadata_general(isolate_id, isolate_name, project_name, species) VALUES ('181', 'PVA01-007', 'GEMARA', 'Pseudomonas aeruginosa') ON DUPLICATE KEY UPDATE isolate_name = 'PVA01-007', project_name = 'GEMARA', species = 'Pseudomonas aeruginosa'; 
INSERT INTO mic(mic_id, isolate_id, ami, ami_clinical_category, atm_clinical_category, caz, caz_clinical_category, caz_cloxa, cip, cip_clinical_category, col, col_clinical_category, fep, fep_clinical_category, imi, imi_clinical_category, imi_cloxa, mer_clinical_category, pip_tz, pip_tz_clinical_category, tic, tic_clinical_category, tob, tob_clinical_category) VALUES ('181', '181', '4', 'S', 'I', '16', 'R', '+', '>16', 'R', '1', 'S', '16', 'R', '16', 'R', '+', 'I', '64', 'R', '64', 'R', '>32', 'R') ON DUPLICATE KEY UPDATE ami = '4', ami_clinical_category = 'S', atm_clinical_category = 'I', caz = '16', caz_clinical_category = 'R', caz_cloxa = '+', cip = '>16', cip_clinical_category = 'R', col = '1', col_clinical_category = 'S', fep = '16', fep_clinical_category = 'R', imi = '16', imi_clinical_category = 'R', imi_cloxa = '+', mer_clinical_category = 'I', pip_tz = '64', pip_tz_clinical_category = 'R', tic = '64', tic_clinical_category = 'R', tob = '>32', tob_clinical_category = 'R'; 
INSERT INTO sequence_analysis(sequence_analysis_id, isolate_id, clonal_complex, mutational_resistome) VALUES ('181', '181', 'ST175', '{"PA0004": "WT", "PA0424": "nt385InsGGGT", "PA0425": "WT", "PA0426": "WT", "PA0427": "WT", "PA0807": "A219T", "PA0869": "S250N", "PA0958": "Q142X", "PA1179": "WT", "PA1180": "WT", "PA1777": "WT", "PA1798": "H398R", "PA1799": "WT", "PA2018": "T543A", "PA2019": "K329Q; W358R", "PA2020": "G195D", "PA2272": "E37K; A104P", "PA2491": "D249N", "PA2492": "P60S; F172I", "PA3047": "WT", "PA3168": "T83I; D87N", "PA3574": "WT", "PA3721": "G71E; A186T", "PA3999": "WT", "PA4003": "WT", "PA4020": "WT", "PA4109": "G154R", "PA4110": "WT", "PA4266": "WT", "PA4418": "WT", "PA4522": "G148A; D183Y", "PA4600": "WT", "PA4700": "WT", "PA4776": "WT", "PA4777": "Y345H", "PA4964": "S87W; L168Q", "PA4967": "WT", "PA5045": "E245D", "PA5235": "T211P", "PA5471": "L88P; D161G; H182Q; V243A; V266M", "PA5485": "WT"}') ON DUPLICATE KEY UPDATE clonal_complex = 'ST175', mutational_resistome = '{"PA0004": "WT", "PA0424": "nt385InsGGGT", "PA0425": "WT", "PA0426": "WT", "PA0427": "WT", "PA0807": "A219T", "PA0869": "S250N", "PA0958": "Q142X", "PA1179": "WT", "PA1180": "WT", "PA1777": "WT", "PA1798": "H398R", "PA1799": "WT", "PA2018": "T543A", "PA2019": "K329Q; W358R", "PA2020": "G195D", "PA2272": "E37K; A104P", "PA2491": "D249N", "PA2492": "P60S; F172I", "PA3047": "WT", "PA3168": "T83I; D87N", "PA3574": "WT", "PA3721": "G71E; A186T", "PA3999": "WT", "PA4003": "WT", "PA4020": "WT", "PA4109": "G154R", "PA4110": "WT", "PA4266": "WT", "PA4418": "WT", "PA4522": "G148A; D183Y", "PA4600": "WT", "PA4700": "WT", "PA4776": "WT", "PA4777": "Y345H", "PA4964": "S87W; L168Q", "PA4967": "WT", "PA5045": "E245D", "PA5235": "T211P", "PA5471": "L88P; D161G; H182Q; V243A; V266M", "PA5485": "WT"}'; 
INSERT INTO metadata_general(isolate_id, isolate_name, project_name, species) VALUES ('182', 'PVA01-019', 'GEMARA', 'Pseudomonas aeruginosa') ON DUPLICATE KEY UPDATE isolate_name = 'PVA01-019', project_name = 'GEMARA', species = 'Pseudomonas aeruginosa'; 
INSERT INTO mic(mic_id, isolate_id, ami, ami_clinical_category, atm_clinical_category, caz, caz_clinical_category, caz_cloxa, cip, cip_clinical_category, col, col_clinical_category, fep, fep_clinical_category, imi, imi_clinical_category, imi_cloxa, mer_clinical_category, pip_tz, pip_tz_clinical_category, tic, tic_clinical_category, tob, tob_clinical_category) VALUES ('182', '182', '8', 'S', 'I', '16', 'R', '+', '>16', 'R', '1', 'S', '16', 'R', '16', 'R', '+', 'R', '64', 'R', '128', 'R', '>32', 'R') ON DUPLICATE KEY UPDATE ami = '8', ami_clinical_category = 'S', atm_clinical_category = 'I', caz = '16', caz_clinical_category = 'R', caz_cloxa = '+', cip = '>16', cip_clinical_category = 'R', col = '1', col_clinical_category = 'S', fep = '16', fep_clinical_category = 'R', imi = '16', imi_clinical_category = 'R', imi_cloxa = '+', mer_clinical_category = 'R', pip_tz = '64', pip_tz_clinical_category = 'R', tic = '128', tic_clinical_category = 'R', tob = '>32', tob_clinical_category = 'R'; 
INSERT INTO sequence_analysis(sequence_analysis_id, isolate_id, clonal_complex, mutational_resistome) VALUES ('182', '182', 'ST175', '{"PA0004": "WT", "PA0424": "nt385InsGGGT", "PA0425": "WT", "PA0426": "WT", "PA0427": "WT", "PA0807": "A219T", "PA0869": "S250N", "PA0958": "Q142X", "PA1179": "WT", "PA1180": "WT", "PA1777": "WT", "PA1798": "H398R", "PA1799": "WT", "PA2018": "T543A", "PA2019": "K329Q; W358R", "PA2020": "G195D", "PA2272": "E37K; A104P", "PA2491": "D249N", "PA2492": "P60S; F172I", "PA3047": "WT", "PA3168": "T83I; D87N", "PA3574": "WT", "PA3721": "G71E; A186T", "PA3999": "WT", "PA4003": "WT", "PA4020": "WT", "PA4109": "G154R", "PA4110": "WT", "PA4266": "WT", "PA4418": "WT", "PA4522": "G148A; D183Y", "PA4600": "WT", "PA4700": "WT", "PA4776": "WT", "PA4777": "Y345H", "PA4964": "S87W; L168Q", "PA4967": "WT", "PA5045": "E245D", "PA5235": "T211P", "PA5471": "L88P; D161G; H182Q; V243A; V266M", "PA5485": "WT"}') ON DUPLICATE KEY UPDATE clonal_complex = 'ST175', mutational_resistome = '{"PA0004": "WT", "PA0424": "nt385InsGGGT", "PA0425": "WT", "PA0426": "WT", "PA0427": "WT", "PA0807": "A219T", "PA0869": "S250N", "PA0958": "Q142X", "PA1179": "WT", "PA1180": "WT", "PA1777": "WT", "PA1798": "H398R", "PA1799": "WT", "PA2018": "T543A", "PA2019": "K329Q; W358R", "PA2020": "G195D", "PA2272": "E37K; A104P", "PA2491": "D249N", "PA2492": "P60S; F172I", "PA3047": "WT", "PA3168": "T83I; D87N", "PA3574": "WT", "PA3721": "G71E; A186T", "PA3999": "WT", "PA4003": "WT", "PA4020": "WT", "PA4109": "G154R", "PA4110": "WT", "PA4266": "WT", "PA4418": "WT", "PA4522": "G148A; D183Y", "PA4600": "WT", "PA4700": "WT", "PA4776": "WT", "PA4777": "Y345H", "PA4964": "S87W; L168Q", "PA4967": "WT", "PA5045": "E245D", "PA5235": "T211P", "PA5471": "L88P; D161G; H182Q; V243A; V266M", "PA5485": "WT"}'; 
INSERT INTO metadata_general(isolate_id, isolate_name, project_name, species) VALUES ('183', 'PVA01-021', 'GEMARA', 'Pseudomonas aeruginosa') ON DUPLICATE KEY UPDATE isolate_name = 'PVA01-021', project_name = 'GEMARA', species = 'Pseudomonas aeruginosa'; 
INSERT INTO mic(mic_id, isolate_id, ami, ami_clinical_category, atm_clinical_category, caz, caz_clinical_category, caz_cloxa, cip, cip_clinical_category, col, col_clinical_category, fep, fep_clinical_category, imi, imi_clinical_category, imi_cloxa, mer_clinical_category, pip_tz, pip_tz_clinical_category, tic, tic_clinical_category, tob, tob_clinical_category) VALUES ('183', '183', '16', 'I', 'I', '32', 'R', 'nan', '>16', 'R', '1', 'S', '32', 'R', '>32', 'R', 'nan', 'R', '256', 'R', '>512', 'R', '32', 'R') ON DUPLICATE KEY UPDATE ami = '16', ami_clinical_category = 'I', atm_clinical_category = 'I', caz = '32', caz_clinical_category = 'R', caz_cloxa = 'nan', cip = '>16', cip_clinical_category = 'R', col = '1', col_clinical_category = 'S', fep = '32', fep_clinical_category = 'R', imi = '>32', imi_clinical_category = 'R', imi_cloxa = 'nan', mer_clinical_category = 'R', pip_tz = '256', pip_tz_clinical_category = 'R', tic = '>512', tic_clinical_category = 'R', tob = '32', tob_clinical_category = 'R'; 
INSERT INTO sequence_analysis(sequence_analysis_id, isolate_id, clonal_complex, mutational_resistome) VALUES ('183', '183', 'ST111', '{"PA0004": "WT", "PA0424": "V126E; nt67\u039410", "PA0425": "WT", "PA0426": "WT", "PA0427": "WT", "PA0807": "A219T", "PA0869": "WT", "PA0958": "nt200InsC", "PA1179": "WT", "PA1180": "WT", "PA1777": "WT", "PA1798": "L137P; H398R", "PA1799": "WT", "PA2018": "G530S", "PA2019": "K329Q; L331V; W358R", "PA2020": "WT", "PA2272": "A104P", "PA2491": "D249N", "PA2492": "F172I", "PA3047": "WT", "PA3168": "T83I; V671I; G860S", "PA3574": "WT", "PA3721": "G71E", "PA3999": "nt619\u03941", "PA4003": "WT", "PA4020": "D411A", "PA4109": "G283E", "PA4110": "T105A", "PA4266": "WT", "PA4418": "L3V", "PA4522": "G148A", "PA4600": "WT", "PA4700": "M715K; K607R", "PA4776": "L71R", "PA4777": "S2P; A4T; V6A; V15I; G68S; Y345H", "PA4964": "S87L", "PA4967": "WT", "PA5045": "G596R", "PA5235": "nt210\u03946", "PA5471": "L88P; D161G; H182Q; V243A", "PA5485": "WT"}') ON DUPLICATE KEY UPDATE clonal_complex = 'ST111', mutational_resistome = '{"PA0004": "WT", "PA0424": "V126E; nt67\u039410", "PA0425": "WT", "PA0426": "WT", "PA0427": "WT", "PA0807": "A219T", "PA0869": "WT", "PA0958": "nt200InsC", "PA1179": "WT", "PA1180": "WT", "PA1777": "WT", "PA1798": "L137P; H398R", "PA1799": "WT", "PA2018": "G530S", "PA2019": "K329Q; L331V; W358R", "PA2020": "WT", "PA2272": "A104P", "PA2491": "D249N", "PA2492": "F172I", "PA3047": "WT", "PA3168": "T83I; V671I; G860S", "PA3574": "WT", "PA3721": "G71E", "PA3999": "nt619\u03941", "PA4003": "WT", "PA4020": "D411A", "PA4109": "G283E", "PA4110": "T105A", "PA4266": "WT", "PA4418": "L3V", "PA4522": "G148A", "PA4600": "WT", "PA4700": "M715K; K607R", "PA4776": "L71R", "PA4777": "S2P; A4T; V6A; V15I; G68S; Y345H", "PA4964": "S87L", "PA4967": "WT", "PA5045": "G596R", "PA5235": "nt210\u03946", "PA5471": "L88P; D161G; H182Q; V243A", "PA5485": "WT"}'; 
INSERT INTO metadata_general(isolate_id, isolate_name, project_name, species) VALUES ('184', 'PVA01-041', 'GEMARA', 'Pseudomonas aeruginosa') ON DUPLICATE KEY UPDATE isolate_name = 'PVA01-041', project_name = 'GEMARA', species = 'Pseudomonas aeruginosa'; 
INSERT INTO mic(mic_id, isolate_id, ami, ami_clinical_category, atm_clinical_category, caz, caz_clinical_category, caz_cloxa, cip, cip_clinical_category, col, col_clinical_category, fep, fep_clinical_category, imi, imi_clinical_category, imi_cloxa, mer_clinical_category, pip_tz, pip_tz_clinical_category, tic, tic_clinical_category, tob, tob_clinical_category) VALUES ('184', '184', '8', 'S', 'R', '32', 'R', '+', '4', 'R', '1', 'S', '16', 'R', '8', 'I', 'nan', 'I', '64', 'R', '128', 'R', '16', 'R') ON DUPLICATE KEY UPDATE ami = '8', ami_clinical_category = 'S', atm_clinical_category = 'R', caz = '32', caz_clinical_category = 'R', caz_cloxa = '+', cip = '4', cip_clinical_category = 'R', col = '1', col_clinical_category = 'S', fep = '16', fep_clinical_category = 'R', imi = '8', imi_clinical_category = 'I', imi_cloxa = 'nan', mer_clinical_category = 'I', pip_tz = '64', pip_tz_clinical_category = 'R', tic = '128', tic_clinical_category = 'R', tob = '16', tob_clinical_category = 'R'; 
INSERT INTO sequence_analysis(sequence_analysis_id, isolate_id, clonal_complex, mutational_resistome) VALUES ('184', '184', 'ST1756', '{"PA0004": "WT", "PA0424": "WT", "PA0425": "A280V; D373E", "PA0426": "WT", "PA0427": "V72L", "PA0807": "A219T", "PA0869": "WT", "PA0958": "WT", "PA1179": "WT", "PA1180": "WT", "PA1777": "WT", "PA1798": "H398R", "PA1799": "P126L; L153R; S170N", "PA2018": "T543A", "PA2019": "K329Q; L331V; W358R", "PA2020": "Q10X", "PA2272": "WT", "PA2491": "D249N", "PA2492": "F172I", "PA3047": "K313E", "PA3168": "T83I", "PA3574": "D187H", "PA3721": "G71E; P210L; S209R", "PA3999": "WT", "PA4003": "WT", "PA4020": "WT", "PA4109": "WT", "PA4110": "T105A", "PA4266": "WT", "PA4418": "WT", "PA4522": "R11L; G148A; D183Y", "PA4600": "WT", "PA4700": "S25G", "PA4776": "L71R", "PA4777": "Y345H", "PA4964": "WT", "PA4967": "S457R", "PA5045": "WT", "PA5235": "WT", "PA5471": "L88P; D161G; H182Q; V243A", "PA5485": "WT"}') ON DUPLICATE KEY UPDATE clonal_complex = 'ST1756', mutational_resistome = '{"PA0004": "WT", "PA0424": "WT", "PA0425": "A280V; D373E", "PA0426": "WT", "PA0427": "V72L", "PA0807": "A219T", "PA0869": "WT", "PA0958": "WT", "PA1179": "WT", "PA1180": "WT", "PA1777": "WT", "PA1798": "H398R", "PA1799": "P126L; L153R; S170N", "PA2018": "T543A", "PA2019": "K329Q; L331V; W358R", "PA2020": "Q10X", "PA2272": "WT", "PA2491": "D249N", "PA2492": "F172I", "PA3047": "K313E", "PA3168": "T83I", "PA3574": "D187H", "PA3721": "G71E; P210L; S209R", "PA3999": "WT", "PA4003": "WT", "PA4020": "WT", "PA4109": "WT", "PA4110": "T105A", "PA4266": "WT", "PA4418": "WT", "PA4522": "R11L; G148A; D183Y", "PA4600": "WT", "PA4700": "S25G", "PA4776": "L71R", "PA4777": "Y345H", "PA4964": "WT", "PA4967": "S457R", "PA5045": "WT", "PA5235": "WT", "PA5471": "L88P; D161G; H182Q; V243A", "PA5485": "WT"}'; 
INSERT INTO metadata_general(isolate_id, isolate_name, project_name, species) VALUES ('185', 'PVA01-042', 'GEMARA', 'Pseudomonas aeruginosa') ON DUPLICATE KEY UPDATE isolate_name = 'PVA01-042', project_name = 'GEMARA', species = 'Pseudomonas aeruginosa'; 
INSERT INTO mic(mic_id, isolate_id, ami, ami_clinical_category, atm_clinical_category, caz, caz_clinical_category, caz_cloxa, cip, cip_clinical_category, col, col_clinical_category, fep, fep_clinical_category, imi, imi_clinical_category, imi_cloxa, mer_clinical_category, pip_tz, pip_tz_clinical_category, tic, tic_clinical_category, tob, tob_clinical_category) VALUES ('185', '185', '4', 'S', 'I', '16', 'R', 'nan', '>16', 'R', '1', 'S', '8', 'S', '8', 'I', 'nan', 'I', '32', 'R', '64', 'R', '16', 'R') ON DUPLICATE KEY UPDATE ami = '4', ami_clinical_category = 'S', atm_clinical_category = 'I', caz = '16', caz_clinical_category = 'R', caz_cloxa = 'nan', cip = '>16', cip_clinical_category = 'R', col = '1', col_clinical_category = 'S', fep = '8', fep_clinical_category = 'S', imi = '8', imi_clinical_category = 'I', imi_cloxa = 'nan', mer_clinical_category = 'I', pip_tz = '32', pip_tz_clinical_category = 'R', tic = '64', tic_clinical_category = 'R', tob = '16', tob_clinical_category = 'R'; 
INSERT INTO sequence_analysis(sequence_analysis_id, isolate_id, clonal_complex, mutational_resistome) VALUES ('185', '185', 'ST244', '{"PA0004": "WT", "PA0424": "WT", "PA0425": "R57W", "PA0426": "WT", "PA0427": "WT", "PA0807": "A219T", "PA0869": "S250N", "PA0958": "WT", "PA1179": "WT", "PA1180": "WT", "PA1777": "WT", "PA1798": "H398R", "PA1799": "WT", "PA2018": "T543A; Q840E", "PA2019": "K329Q; W358R", "PA2020": "nt248\u039413", "PA2272": "A104P", "PA2491": "A75V; D249N", "PA2492": "P60S; F172I", "PA3047": "WT", "PA3168": "A51V; D87Y", "PA3574": "WT", "PA3721": "WT", "PA3999": "WT", "PA4003": "WT", "PA4020": "A303V; M297V", "PA4109": "WT", "PA4110": "WT", "PA4266": "WT", "PA4418": "WT", "PA4522": "R11L; G148A; D183Y", "PA4600": "E78X", "PA4700": "S96N", "PA4776": "L71R", "PA4777": "WT", "PA4964": "WT", "PA4967": "WT", "PA5045": "WT", "PA5235": "A121T", "PA5471": "L88P; G157D; D161G; H182Q; V243A", "PA5485": "WT"}') ON DUPLICATE KEY UPDATE clonal_complex = 'ST244', mutational_resistome = '{"PA0004": "WT", "PA0424": "WT", "PA0425": "R57W", "PA0426": "WT", "PA0427": "WT", "PA0807": "A219T", "PA0869": "S250N", "PA0958": "WT", "PA1179": "WT", "PA1180": "WT", "PA1777": "WT", "PA1798": "H398R", "PA1799": "WT", "PA2018": "T543A; Q840E", "PA2019": "K329Q; W358R", "PA2020": "nt248\u039413", "PA2272": "A104P", "PA2491": "A75V; D249N", "PA2492": "P60S; F172I", "PA3047": "WT", "PA3168": "A51V; D87Y", "PA3574": "WT", "PA3721": "WT", "PA3999": "WT", "PA4003": "WT", "PA4020": "A303V; M297V", "PA4109": "WT", "PA4110": "WT", "PA4266": "WT", "PA4418": "WT", "PA4522": "R11L; G148A; D183Y", "PA4600": "E78X", "PA4700": "S96N", "PA4776": "L71R", "PA4777": "WT", "PA4964": "WT", "PA4967": "WT", "PA5045": "WT", "PA5235": "A121T", "PA5471": "L88P; G157D; D161G; H182Q; V243A", "PA5485": "WT"}'; 
