INSERT INTO metadata_general(aislado_id, aislado_nombre) VALUES ('1', 'AND01-001') ON DUPLICATE KEY UPDATE aislado_id = '1', aislado_nombre = 'AND01-001'; 
INSERT INTO mic(mic_id, aislado_id, pip_tz, fep, caz, imi, mer, cip, tob, col, tic, cza, tol, atm, caz_cloxa, imi_cloxa) VALUES ('1', '1', '64', '16', '16', '16', '4', '2', '0.5', '4', '64', '2', '1', '8', '+', '+') ON DUPLICATE KEY UPDATE aislado_id = '1', pip_tz = '64', fep = '16', caz = '16', imi = '16', mer = '4', cip = '2', tob = '0.5', col = '4', tic = '64', cza = '2', tol = '1', atm = '8', caz_cloxa = '+', imi_cloxa = '+'; 
INSERT INTO secuencia(secuencia_id, aislado_id, clon, resistoma_mutante) VALUES ('1', '1', 'ST155', '{"PA0004": NaN, "PA0424": NaN, "PA0425": NaN, "PA0426": NaN, "PA0427": NaN, "PA0807": "A219T", "PA0869": NaN, "PA0958": "nt473\u039414", "PA1179": "P31Q", "PA1180": NaN, "PA1777": NaN, "PA1798": "L79P; H398R", "PA1799": NaN, "PA2018": "D428N; T543A; Q840E", "PA2019": "K329Q; L331V; W358R", "PA2020": NaN, "PA2272": NaN, "PA2491": "D249N", "PA2492": "F172I", "PA3047": "T428P", "PA3168": "T83I; D87H", "PA3574": NaN, "PA3721": "G71E; S209R", "PA3999": NaN, "PA4003": NaN, "PA4020": "M297V", "PA4109": NaN, "PA4110": "R79Q; T105A", "PA4266": NaN, "PA4418": NaN, "PA4522": "Q44H; G148A; D183Y", "PA4600": NaN, "PA4700": "L353Q", "PA4776": NaN, "PA4777": "Y345H", "PA4964": NaN, "PA4967": NaN, "PA5045": "V643I; S717C", "PA5235": " ", "PA5471": "L88P; D161G; H182Q; V243A", "PA5485": NaN}') ON DUPLICATE KEY UPDATE aislado_id = '1', clon = 'ST155', resistoma_mutante = '{"PA0004": NaN, "PA0424": NaN, "PA0425": NaN, "PA0426": NaN, "PA0427": NaN, "PA0807": "A219T", "PA0869": NaN, "PA0958": "nt473\u039414", "PA1179": "P31Q", "PA1180": NaN, "PA1777": NaN, "PA1798": "L79P; H398R", "PA1799": NaN, "PA2018": "D428N; T543A; Q840E", "PA2019": "K329Q; L331V; W358R", "PA2020": NaN, "PA2272": NaN, "PA2491": "D249N", "PA2492": "F172I", "PA3047": "T428P", "PA3168": "T83I; D87H", "PA3574": NaN, "PA3721": "G71E; S209R", "PA3999": NaN, "PA4003": NaN, "PA4020": "M297V", "PA4109": NaN, "PA4110": "R79Q; T105A", "PA4266": NaN, "PA4418": NaN, "PA4522": "Q44H; G148A; D183Y", "PA4600": NaN, "PA4700": "L353Q", "PA4776": NaN, "PA4777": "Y345H", "PA4964": NaN, "PA4967": NaN, "PA5045": "V643I; S717C", "PA5235": " ", "PA5471": "L88P; D161G; H182Q; V243A", "PA5485": NaN}'; 
INSERT INTO metadata_general(aislado_id, aislado_nombre) VALUES ('2', 'AND01-016') ON DUPLICATE KEY UPDATE aislado_id = '2', aislado_nombre = 'AND01-016'; 
INSERT INTO mic(mic_id, aislado_id, pip_tz, fep, caz, imi, mer, cip, tob, col, tic, cza, tol, atm, caz_cloxa, imi_cloxa) VALUES ('2', '2', '256', '32', '64', '8', '8', '>16', '0.5', '1', '256', '16', '2', '32', '+', '+') ON DUPLICATE KEY UPDATE aislado_id = '2', pip_tz = '256', fep = '32', caz = '64', imi = '8', mer = '8', cip = '>16', tob = '0.5', col = '1', tic = '256', cza = '16', tol = '2', atm = '32', caz_cloxa = '+', imi_cloxa = '+'; 
INSERT INTO secuencia(secuencia_id, aislado_id, clon, resistoma_mutante) VALUES ('2', '2', 'ST3155', '{"PA0004": NaN, "PA0424": NaN, "PA0425": NaN, "PA0426": NaN, "PA0427": NaN, "PA0807": "A219T", "PA0869": "H205N", "PA0958": NaN, "PA1179": NaN, "PA1180": NaN, "PA1777": NaN, "PA1798": "H398R", "PA1799": NaN, "PA2018": "E152D; T543A", "PA2019": "K329Q; R351S; W358R", "PA2020": NaN, "PA2272": "A104P", "PA2491": "G78S; D249N", "PA2492": "P60S; F172I", "PA3047": "A474T", "PA3168": "T83I", "PA3574": "nt451\u039416", "PA3721": "G71E; S209R", "PA3999": NaN, "PA4003": NaN, "PA4020": "M297V", "PA4109": "R244W; G273E", "PA4110": "R79Q; T105A", "PA4266": NaN, "PA4418": NaN, "PA4522": NaN, "PA4600": NaN, "PA4700": "L353Q; S25G", "PA4776": "L71R", "PA4777": "Y345H", "PA4964": "S87W; E513D", "PA4967": NaN, "PA5045": "V643I; S717C", "PA5235": NaN, "PA5471": "L88P; D161G; H182Q; V243A", "PA5485": NaN}') ON DUPLICATE KEY UPDATE aislado_id = '2', clon = 'ST3155', resistoma_mutante = '{"PA0004": NaN, "PA0424": NaN, "PA0425": NaN, "PA0426": NaN, "PA0427": NaN, "PA0807": "A219T", "PA0869": "H205N", "PA0958": NaN, "PA1179": NaN, "PA1180": NaN, "PA1777": NaN, "PA1798": "H398R", "PA1799": NaN, "PA2018": "E152D; T543A", "PA2019": "K329Q; R351S; W358R", "PA2020": NaN, "PA2272": "A104P", "PA2491": "G78S; D249N", "PA2492": "P60S; F172I", "PA3047": "A474T", "PA3168": "T83I", "PA3574": "nt451\u039416", "PA3721": "G71E; S209R", "PA3999": NaN, "PA4003": NaN, "PA4020": "M297V", "PA4109": "R244W; G273E", "PA4110": "R79Q; T105A", "PA4266": NaN, "PA4418": NaN, "PA4522": NaN, "PA4600": NaN, "PA4700": "L353Q; S25G", "PA4776": "L71R", "PA4777": "Y345H", "PA4964": "S87W; E513D", "PA4967": NaN, "PA5045": "V643I; S717C", "PA5235": NaN, "PA5471": "L88P; D161G; H182Q; V243A", "PA5485": NaN}'; 
INSERT INTO metadata_general(aislado_id, aislado_nombre) VALUES ('3', 'AND01-020') ON DUPLICATE KEY UPDATE aislado_id = '3', aislado_nombre = 'AND01-020'; 
INSERT INTO mic(mic_id, aislado_id, pip_tz, fep, caz, imi, mer, cip, tob, col, tic, cza, tol, atm, caz_cloxa, imi_cloxa) VALUES ('3', '3', '64', '16', '16', '8', '4', '8', '0.5', '<=0.5', '128', '1', '1', '32', '+', '+') ON DUPLICATE KEY UPDATE aislado_id = '3', pip_tz = '64', fep = '16', caz = '16', imi = '8', mer = '4', cip = '8', tob = '0.5', col = '<=0.5', tic = '128', cza = '1', tol = '1', atm = '32', caz_cloxa = '+', imi_cloxa = '+'; 
INSERT INTO secuencia(secuencia_id, aislado_id, clon, resistoma_mutante) VALUES ('3', '3', 'ST244', '{"PA0004": NaN, "PA0424": NaN, "PA0425": "T256I", "PA0426": NaN, "PA0427": NaN, "PA0807": "A219T", "PA0869": "S250N", "PA0958": "nt635\u03941", "PA1179": NaN, "PA1180": NaN, "PA1777": "Q25X", "PA1798": "H398R", "PA1799": NaN, "PA2018": "T543A; Q840E", "PA2019": "K329Q; L331V; W358R", "PA2020": "C63R; R126C", "PA2272": "A104P", "PA2491": "D249N", "PA2492": "P60S; F172I", "PA3047": NaN, "PA3168": "T83I", "PA3574": NaN, "PA3721": NaN, "PA3999": NaN, "PA4003": NaN, "PA4020": "A303V; M297V; nt112InsC", "PA4109": "R86C", "PA4110": NaN, "PA4266": NaN, "PA4418": NaN, "PA4522": "R11L; G148A; D183Y", "PA4600": "G154R; nt279\u03949", "PA4700": "S96N", "PA4776": "L71R", "PA4777": NaN, "PA4964": "S87L", "PA4967": NaN, "PA5045": NaN, "PA5235": "A121T", "PA5471": "L88P; G157D; D161G; H182Q; V243A", "PA5485": NaN}') ON DUPLICATE KEY UPDATE aislado_id = '3', clon = 'ST244', resistoma_mutante = '{"PA0004": NaN, "PA0424": NaN, "PA0425": "T256I", "PA0426": NaN, "PA0427": NaN, "PA0807": "A219T", "PA0869": "S250N", "PA0958": "nt635\u03941", "PA1179": NaN, "PA1180": NaN, "PA1777": "Q25X", "PA1798": "H398R", "PA1799": NaN, "PA2018": "T543A; Q840E", "PA2019": "K329Q; L331V; W358R", "PA2020": "C63R; R126C", "PA2272": "A104P", "PA2491": "D249N", "PA2492": "P60S; F172I", "PA3047": NaN, "PA3168": "T83I", "PA3574": NaN, "PA3721": NaN, "PA3999": NaN, "PA4003": NaN, "PA4020": "A303V; M297V; nt112InsC", "PA4109": "R86C", "PA4110": NaN, "PA4266": NaN, "PA4418": NaN, "PA4522": "R11L; G148A; D183Y", "PA4600": "G154R; nt279\u03949", "PA4700": "S96N", "PA4776": "L71R", "PA4777": NaN, "PA4964": "S87L", "PA4967": NaN, "PA5045": NaN, "PA5235": "A121T", "PA5471": "L88P; G157D; D161G; H182Q; V243A", "PA5485": NaN}'; 
INSERT INTO metadata_general(aislado_id, aislado_nombre) VALUES ('4', 'AND01-030') ON DUPLICATE KEY UPDATE aislado_id = '4', aislado_nombre = 'AND01-030'; 
INSERT INTO mic(mic_id, aislado_id, pip_tz, fep, caz, imi, mer, cip, tob, col, tic, cza, tol, atm, caz_cloxa, imi_cloxa) VALUES ('4', '4', '32', '16', '16', '>32', '64', '>16', '>32', '1', '512', '16', '>32', '4', 'nan', '+') ON DUPLICATE KEY UPDATE aislado_id = '4', pip_tz = '32', fep = '16', caz = '16', imi = '>32', mer = '64', cip = '>16', tob = '>32', col = '1', tic = '512', cza = '16', tol = '>32', atm = '4', caz_cloxa = 'nan', imi_cloxa = '+'; 
INSERT INTO secuencia(secuencia_id, aislado_id, clon, resistoma_mutante) VALUES ('4', '4', 'ST175', '{"PA0004": NaN, "PA0424": NaN, "PA0425": NaN, "PA0426": NaN, "PA0427": NaN, "PA0807": "A219T", "PA0869": "S250N", "PA0958": "nt55InsGCACT", "PA1179": NaN, "PA1180": NaN, "PA1777": NaN, "PA1798": "H398R", "PA1799": NaN, "PA2018": "T543A", "PA2019": "K329Q; W358R", "PA2020": "G195D", "PA2272": "E37K; A104P", "PA2491": "D249N", "PA2492": "P60S; F172I", "PA3047": NaN, "PA3168": "T83I; D87N", "PA3574": NaN, "PA3721": "G71E; A186T", "PA3999": NaN, "PA4003": NaN, "PA4020": "nt112InsC", "PA4109": NaN, "PA4110": NaN, "PA4266": NaN, "PA4418": NaN, "PA4522": "G148A; D183Y", "PA4600": NaN, "PA4700": NaN, "PA4776": NaN, "PA4777": "Y345H", "PA4964": "S87W; L168Q", "PA4967": NaN, "PA5045": "E245D", "PA5235": NaN, "PA5471": "L88P; D161G; H182Q; V243A; V266M", "PA5485": NaN}') ON DUPLICATE KEY UPDATE aislado_id = '4', clon = 'ST175', resistoma_mutante = '{"PA0004": NaN, "PA0424": NaN, "PA0425": NaN, "PA0426": NaN, "PA0427": NaN, "PA0807": "A219T", "PA0869": "S250N", "PA0958": "nt55InsGCACT", "PA1179": NaN, "PA1180": NaN, "PA1777": NaN, "PA1798": "H398R", "PA1799": NaN, "PA2018": "T543A", "PA2019": "K329Q; W358R", "PA2020": "G195D", "PA2272": "E37K; A104P", "PA2491": "D249N", "PA2492": "P60S; F172I", "PA3047": NaN, "PA3168": "T83I; D87N", "PA3574": NaN, "PA3721": "G71E; A186T", "PA3999": NaN, "PA4003": NaN, "PA4020": "nt112InsC", "PA4109": NaN, "PA4110": NaN, "PA4266": NaN, "PA4418": NaN, "PA4522": "G148A; D183Y", "PA4600": NaN, "PA4700": NaN, "PA4776": NaN, "PA4777": "Y345H", "PA4964": "S87W; L168Q", "PA4967": NaN, "PA5045": "E245D", "PA5235": NaN, "PA5471": "L88P; D161G; H182Q; V243A; V266M", "PA5485": NaN}'; 
INSERT INTO metadata_general(aislado_id, aislado_nombre) VALUES ('5', 'AND01-038') ON DUPLICATE KEY UPDATE aislado_id = '5', aislado_nombre = 'AND01-038'; 
INSERT INTO mic(mic_id, aislado_id, pip_tz, fep, caz, imi, mer, cip, tob, col, tic, cza, tol, atm, caz_cloxa, imi_cloxa) VALUES ('5', '5', '256', '32', '64', '1', '4', '>16', '0.5', '1', '256', '16', '4', '64', '+', 'nan') ON DUPLICATE KEY UPDATE aislado_id = '5', pip_tz = '256', fep = '32', caz = '64', imi = '1', mer = '4', cip = '>16', tob = '0.5', col = '1', tic = '256', cza = '16', tol = '4', atm = '64', caz_cloxa = '+', imi_cloxa = 'nan'; 
INSERT INTO secuencia(secuencia_id, aislado_id, clon, resistoma_mutante) VALUES ('5', '5', 'ST3155', '{"PA0004": NaN, "PA0424": NaN, "PA0425": NaN, "PA0426": NaN, "PA0427": NaN, "PA0807": "A219T", "PA0869": "H205N", "PA0958": NaN, "PA1179": NaN, "PA1180": NaN, "PA1777": NaN, "PA1798": "H398R", "PA1799": NaN, "PA2018": "E152D; T543A", "PA2019": "K329Q; R351S; W358R", "PA2020": NaN, "PA2272": "A104P", "PA2491": "G78S; D249N", "PA2492": "P60S; F172I", "PA3047": "A474T", "PA3168": "T83I; D87H", "PA3574": "nt451\u039416", "PA3721": "G71E; S209R", "PA3999": NaN, "PA4003": NaN, "PA4020": "M297V", "PA4109": "R244W; G273E", "PA4110": "R79Q; T105A", "PA4266": NaN, "PA4418": NaN, "PA4522": NaN, "PA4600": NaN, "PA4700": "L353Q; S25G", "PA4776": "L71R", "PA4777": "Y345H", "PA4964": "S87W; E513D", "PA4967": NaN, "PA5045": "V643I; S717C", "PA5235": NaN, "PA5471": "L88P; D161G; H182Q; V243A", "PA5485": NaN}') ON DUPLICATE KEY UPDATE aislado_id = '5', clon = 'ST3155', resistoma_mutante = '{"PA0004": NaN, "PA0424": NaN, "PA0425": NaN, "PA0426": NaN, "PA0427": NaN, "PA0807": "A219T", "PA0869": "H205N", "PA0958": NaN, "PA1179": NaN, "PA1180": NaN, "PA1777": NaN, "PA1798": "H398R", "PA1799": NaN, "PA2018": "E152D; T543A", "PA2019": "K329Q; R351S; W358R", "PA2020": NaN, "PA2272": "A104P", "PA2491": "G78S; D249N", "PA2492": "P60S; F172I", "PA3047": "A474T", "PA3168": "T83I; D87H", "PA3574": "nt451\u039416", "PA3721": "G71E; S209R", "PA3999": NaN, "PA4003": NaN, "PA4020": "M297V", "PA4109": "R244W; G273E", "PA4110": "R79Q; T105A", "PA4266": NaN, "PA4418": NaN, "PA4522": NaN, "PA4600": NaN, "PA4700": "L353Q; S25G", "PA4776": "L71R", "PA4777": "Y345H", "PA4964": "S87W; E513D", "PA4967": NaN, "PA5045": "V643I; S717C", "PA5235": NaN, "PA5471": "L88P; D161G; H182Q; V243A", "PA5485": NaN}'; 
INSERT INTO metadata_general(aislado_id, aislado_nombre) VALUES ('6', 'AND01-040') ON DUPLICATE KEY UPDATE aislado_id = '6', aislado_nombre = 'AND01-040'; 
INSERT INTO mic(mic_id, aislado_id, pip_tz, fep, caz, imi, mer, cip, tob, col, tic, cza, tol, atm, caz_cloxa, imi_cloxa) VALUES ('6', '6', '32', '16', '8', '16', '16', '1', '0.5', '1', '256', '8', '2', '32', 'nan', '+') ON DUPLICATE KEY UPDATE aislado_id = '6', pip_tz = '32', fep = '16', caz = '8', imi = '16', mer = '16', cip = '1', tob = '0.5', col = '1', tic = '256', cza = '8', tol = '2', atm = '32', caz_cloxa = 'nan', imi_cloxa = '+'; 
INSERT INTO secuencia(secuencia_id, aislado_id, clon, resistoma_mutante) VALUES ('6', '6', 'ST231', '{"PA0004": "E215D", "PA0424": "nt367\u039415", "PA0425": NaN, "PA0426": NaN, "PA0427": NaN, "PA0807": "A219T", "PA0869": "S250N", "PA0958": "nt1221\u22062", "PA1179": NaN, "PA1180": NaN, "PA1777": NaN, "PA1798": "A285V; H398R", "PA1799": NaN, "PA2018": "L197F; Q282R; A596V; K692M; Q840E; N1036T", "PA2019": "L22M; D135Y; L331V; K329Q", "PA2020": "nt236InsGCCG", "PA2272": NaN, "PA2491": "D249N", "PA2492": "F172I", "PA3047": NaN, "PA3168": "aa914InsSE", "PA3574": NaN, "PA3721": "G71E; S209R", "PA3999": NaN, "PA4003": NaN, "PA4020": NaN, "PA4109": NaN, "PA4110": "R79Q; T105A", "PA4266": NaN, "PA4418": NaN, "PA4522": "A136V; G148A", "PA4600": "R82L", "PA4700": "K607R; D383N; L353Q; S25G", "PA4776": NaN, "PA4777": "Y345H", "PA4964": NaN, "PA4967": "D533E", "PA5045": NaN, "PA5235": NaN, "PA5471": "L88P; D161G; H182Q; V243A", "PA5485": NaN}') ON DUPLICATE KEY UPDATE aislado_id = '6', clon = 'ST231', resistoma_mutante = '{"PA0004": "E215D", "PA0424": "nt367\u039415", "PA0425": NaN, "PA0426": NaN, "PA0427": NaN, "PA0807": "A219T", "PA0869": "S250N", "PA0958": "nt1221\u22062", "PA1179": NaN, "PA1180": NaN, "PA1777": NaN, "PA1798": "A285V; H398R", "PA1799": NaN, "PA2018": "L197F; Q282R; A596V; K692M; Q840E; N1036T", "PA2019": "L22M; D135Y; L331V; K329Q", "PA2020": "nt236InsGCCG", "PA2272": NaN, "PA2491": "D249N", "PA2492": "F172I", "PA3047": NaN, "PA3168": "aa914InsSE", "PA3574": NaN, "PA3721": "G71E; S209R", "PA3999": NaN, "PA4003": NaN, "PA4020": NaN, "PA4109": NaN, "PA4110": "R79Q; T105A", "PA4266": NaN, "PA4418": NaN, "PA4522": "A136V; G148A", "PA4600": "R82L", "PA4700": "K607R; D383N; L353Q; S25G", "PA4776": NaN, "PA4777": "Y345H", "PA4964": NaN, "PA4967": "D533E", "PA5045": NaN, "PA5235": NaN, "PA5471": "L88P; D161G; H182Q; V243A", "PA5485": NaN}'; 
INSERT INTO metadata_general(aislado_id, aislado_nombre) VALUES ('7', 'AND02-001') ON DUPLICATE KEY UPDATE aislado_id = '7', aislado_nombre = 'AND02-001'; 
INSERT INTO mic(mic_id, aislado_id, pip_tz, fep, caz, imi, mer, cip, tob, col, tic, cza, tol, atm, caz_cloxa, imi_cloxa) VALUES ('7', '7', '256', '16', '64', '8', '8', '2', '0.5', '2', '128', '4', '<=0.5', '32', '+', '+') ON DUPLICATE KEY UPDATE aislado_id = '7', pip_tz = '256', fep = '16', caz = '64', imi = '8', mer = '8', cip = '2', tob = '0.5', col = '2', tic = '128', cza = '4', tol = '<=0.5', atm = '32', caz_cloxa = '+', imi_cloxa = '+'; 
INSERT INTO secuencia(secuencia_id, aislado_id, clon, resistoma_mutante) VALUES ('7', '7', 'ST155', '{"PA0004": NaN, "PA0424": NaN, "PA0425": NaN, "PA0426": NaN, "PA0427": NaN, "PA0807": "A219T", "PA0869": NaN, "PA0958": "W138X", "PA1179": "P31Q", "PA1180": NaN, "PA1777": NaN, "PA1798": "H398R", "PA1799": NaN, "PA2018": "D428N; T543A; Q840E", "PA2019": "K329Q; L331V; W358R", "PA2020": "nt305\u03943", "PA2272": NaN, "PA2491": "D249N", "PA2492": "F172I", "PA3047": NaN, "PA3168": "T83I", "PA3574": NaN, "PA3721": "G71E; S209R", "PA3999": NaN, "PA4003": NaN, "PA4020": "M297V", "PA4109": NaN, "PA4110": "R79Q; T105A", "PA4266": NaN, "PA4418": NaN, "PA4522": "Q44H; L135Q; G148A; D183Y", "PA4600": NaN, "PA4700": "L353Q", "PA4776": NaN, "PA4777": "Y345H", "PA4964": NaN, "PA4967": "E459V", "PA5045": NaN, "PA5235": "Ter449Gext*", "PA5471": "L88P; D161G; H182Q; V243A", "PA5485": NaN}') ON DUPLICATE KEY UPDATE aislado_id = '7', clon = 'ST155', resistoma_mutante = '{"PA0004": NaN, "PA0424": NaN, "PA0425": NaN, "PA0426": NaN, "PA0427": NaN, "PA0807": "A219T", "PA0869": NaN, "PA0958": "W138X", "PA1179": "P31Q", "PA1180": NaN, "PA1777": NaN, "PA1798": "H398R", "PA1799": NaN, "PA2018": "D428N; T543A; Q840E", "PA2019": "K329Q; L331V; W358R", "PA2020": "nt305\u03943", "PA2272": NaN, "PA2491": "D249N", "PA2492": "F172I", "PA3047": NaN, "PA3168": "T83I", "PA3574": NaN, "PA3721": "G71E; S209R", "PA3999": NaN, "PA4003": NaN, "PA4020": "M297V", "PA4109": NaN, "PA4110": "R79Q; T105A", "PA4266": NaN, "PA4418": NaN, "PA4522": "Q44H; L135Q; G148A; D183Y", "PA4600": NaN, "PA4700": "L353Q", "PA4776": NaN, "PA4777": "Y345H", "PA4964": NaN, "PA4967": "E459V", "PA5045": NaN, "PA5235": "Ter449Gext*", "PA5471": "L88P; D161G; H182Q; V243A", "PA5485": NaN}'; 
INSERT INTO metadata_general(aislado_id, aislado_nombre) VALUES ('8', 'AND02-016') ON DUPLICATE KEY UPDATE aislado_id = '8', aislado_nombre = 'AND02-016'; 
INSERT INTO mic(mic_id, aislado_id, pip_tz, fep, caz, imi, mer, cip, tob, col, tic, cza, tol, atm, caz_cloxa, imi_cloxa) VALUES ('8', '8', '128', '16', '16', '4', '<=0.5', '2', '16', '1', '128', '1', '2', '16', '+', 'nan') ON DUPLICATE KEY UPDATE aislado_id = '8', pip_tz = '128', fep = '16', caz = '16', imi = '4', mer = '<=0.5', cip = '2', tob = '16', col = '1', tic = '128', cza = '1', tol = '2', atm = '16', caz_cloxa = '+', imi_cloxa = 'nan'; 
INSERT INTO secuencia(secuencia_id, aislado_id, clon, resistoma_mutante) VALUES ('8', '8', 'ST360', '{"PA0004": "S466F", "PA0424": NaN, "PA0425": NaN, "PA0426": "aa36\u03945", "PA0427": "A261T", "PA0807": "A219T", "PA0869": "S250N", "PA0958": NaN, "PA1179": NaN, "PA1180": NaN, "PA1777": NaN, "PA1798": "H398R", "PA1799": NaN, "PA2018": "T543A", "PA2019": "K329Q; L331V; W358R", "PA2020": "N54D; L174Q", "PA2272": "A104P", "PA2491": "D249N", "PA2492": "F172I", "PA3047": "A394P", "PA3168": NaN, "PA3574": NaN, "PA3721": "G71E; S209R", "PA3999": NaN, "PA4003": NaN, "PA4020": "R322Q", "PA4109": NaN, "PA4110": "R79Q; T105A", "PA4266": NaN, "PA4418": NaN, "PA4522": "G148A; P168L; S175L", "PA4600": NaN, "PA4700": "S25G", "PA4776": "L71R", "PA4777": "L339S; Y345H", "PA4964": "H262Q", "PA4967": "Y4C", "PA5045": "E53K; S631I", "PA5235": "C309Y; A439T; nt210\u03946", "PA5471": "L88P; D161G; H182Q; V243A", "PA5485": NaN}') ON DUPLICATE KEY UPDATE aislado_id = '8', clon = 'ST360', resistoma_mutante = '{"PA0004": "S466F", "PA0424": NaN, "PA0425": NaN, "PA0426": "aa36\u03945", "PA0427": "A261T", "PA0807": "A219T", "PA0869": "S250N", "PA0958": NaN, "PA1179": NaN, "PA1180": NaN, "PA1777": NaN, "PA1798": "H398R", "PA1799": NaN, "PA2018": "T543A", "PA2019": "K329Q; L331V; W358R", "PA2020": "N54D; L174Q", "PA2272": "A104P", "PA2491": "D249N", "PA2492": "F172I", "PA3047": "A394P", "PA3168": NaN, "PA3574": NaN, "PA3721": "G71E; S209R", "PA3999": NaN, "PA4003": NaN, "PA4020": "R322Q", "PA4109": NaN, "PA4110": "R79Q; T105A", "PA4266": NaN, "PA4418": NaN, "PA4522": "G148A; P168L; S175L", "PA4600": NaN, "PA4700": "S25G", "PA4776": "L71R", "PA4777": "L339S; Y345H", "PA4964": "H262Q", "PA4967": "Y4C", "PA5045": "E53K; S631I", "PA5235": "C309Y; A439T; nt210\u03946", "PA5471": "L88P; D161G; H182Q; V243A", "PA5485": NaN}'; 
INSERT INTO metadata_general(aislado_id, aislado_nombre) VALUES ('9', 'AND02-023') ON DUPLICATE KEY UPDATE aislado_id = '9', aislado_nombre = 'AND02-023'; 
INSERT INTO mic(mic_id, aislado_id, pip_tz, fep, caz, imi, mer, cip, tob, col, tic, cza, tol, atm, caz_cloxa, imi_cloxa) VALUES ('9', '9', '128', '16', '32', '16', '16', '>16', '>32', '1', '256', '8', '2', '32', '+', '+') ON DUPLICATE KEY UPDATE aislado_id = '9', pip_tz = '128', fep = '16', caz = '32', imi = '16', mer = '16', cip = '>16', tob = '>32', col = '1', tic = '256', cza = '8', tol = '2', atm = '32', caz_cloxa = '+', imi_cloxa = '+'; 
INSERT INTO secuencia(secuencia_id, aislado_id, clon, resistoma_mutante) VALUES ('9', '9', 'ST308', '{"PA0004": "E468D", "PA0424": "V126E", "PA0425": NaN, "PA0426": "G957D", "PA0427": NaN, "PA0807": NaN, "PA0869": "A287S", "PA0958": "nt251\u0394547", "PA1179": NaN, "PA1180": NaN, "PA1777": NaN, "PA1798": "V216A; H398R", "PA1799": "L153R; S170N; nt618InsA", "PA2018": "I536V; T543A; G589A; Q840E; N1063T", "PA2019": "A30T; K329Q; L331V; W358R", "PA2020": "G89S;  nt483InsTAT", "PA2272": "A104P", "PA2491": "V73A; D249N", "PA2492": "F172I", "PA3047": NaN, "PA3168": "T83I", "PA3574": NaN, "PA3721": "G71E; D79E; S209R", "PA3999": NaN, "PA4003": NaN, "PA4020": NaN, "PA4109": "G283E; M288R", "PA4110": "G27D; T105A; V205L; V356I; G391A", "PA4266": NaN, "PA4418": NaN, "PA4522": "A96T", "PA4600": NaN, "PA4700": "L353Q; S25G", "PA4776": NaN, "PA4777": "V15I; G68S", "PA4964": "S87L; P752T", "PA4967": "P438S; D533E", "PA5045": "D73N", "PA5235": "nt159\u039416", "PA5471": "C40R; L88P; S112N; D119E; I237V; V243A", "PA5485": "V40I"}') ON DUPLICATE KEY UPDATE aislado_id = '9', clon = 'ST308', resistoma_mutante = '{"PA0004": "E468D", "PA0424": "V126E", "PA0425": NaN, "PA0426": "G957D", "PA0427": NaN, "PA0807": NaN, "PA0869": "A287S", "PA0958": "nt251\u0394547", "PA1179": NaN, "PA1180": NaN, "PA1777": NaN, "PA1798": "V216A; H398R", "PA1799": "L153R; S170N; nt618InsA", "PA2018": "I536V; T543A; G589A; Q840E; N1063T", "PA2019": "A30T; K329Q; L331V; W358R", "PA2020": "G89S;  nt483InsTAT", "PA2272": "A104P", "PA2491": "V73A; D249N", "PA2492": "F172I", "PA3047": NaN, "PA3168": "T83I", "PA3574": NaN, "PA3721": "G71E; D79E; S209R", "PA3999": NaN, "PA4003": NaN, "PA4020": NaN, "PA4109": "G283E; M288R", "PA4110": "G27D; T105A; V205L; V356I; G391A", "PA4266": NaN, "PA4418": NaN, "PA4522": "A96T", "PA4600": NaN, "PA4700": "L353Q; S25G", "PA4776": NaN, "PA4777": "V15I; G68S", "PA4964": "S87L; P752T", "PA4967": "P438S; D533E", "PA5045": "D73N", "PA5235": "nt159\u039416", "PA5471": "C40R; L88P; S112N; D119E; I237V; V243A", "PA5485": "V40I"}'; 
INSERT INTO metadata_general(aislado_id, aislado_nombre) VALUES ('10', 'AND03-041') ON DUPLICATE KEY UPDATE aislado_id = '10', aislado_nombre = 'AND03-041'; 
INSERT INTO mic(mic_id, aislado_id, pip_tz, fep, caz, imi, mer, cip, tob, col, tic, cza, tol, atm, caz_cloxa, imi_cloxa) VALUES ('10', '10', '32', '8', '4', '4', '16', '1', '4', '1', '128', '4', '1', '32', 'nan', 'nan') ON DUPLICATE KEY UPDATE aislado_id = '10', pip_tz = '32', fep = '8', caz = '4', imi = '4', mer = '16', cip = '1', tob = '4', col = '1', tic = '128', cza = '4', tol = '1', atm = '32', caz_cloxa = 'nan', imi_cloxa = 'nan'; 
INSERT INTO secuencia(secuencia_id, aislado_id, clon, resistoma_mutante) VALUES ('10', '10', 'ST2235', '{"PA0004": "D4N", "PA0424": "nt61\u03941", "PA0425": NaN, "PA0426": NaN, "PA0427": NaN, "PA0807": "A219T", "PA0869": "V61A", "PA0958": "nt195InsGACTG", "PA1179": NaN, "PA1180": NaN, "PA1777": NaN, "PA1798": "H398R", "PA1799": NaN, "PA2018": "V113I; T543A; Q840E", "PA2019": "K329Q; L331V; W358R", "PA2020": "nt489\u039414", "PA2272": "A104P; I143L", "PA2491": "D249N", "PA2492": "P60S; F172I", "PA3047": "A394P; A474T", "PA3168": NaN, "PA3574": NaN, "PA3721": "G71E; S209R", "PA3999": NaN, "PA4003": NaN, "PA4020": NaN, "PA4109": "G295R", "PA4110": "T105A", "PA4266": NaN, "PA4418": NaN, "PA4522": "G148A; S175L", "PA4600": NaN, "PA4700": "L353Q; S25G", "PA4776": "L71R", "PA4777": NaN, "PA4964": NaN, "PA4967": NaN, "PA5045": NaN, "PA5235": "Ter449Gext*", "PA5471": "L88P; D161G; H182Q; V243A; V283L", "PA5485": NaN}') ON DUPLICATE KEY UPDATE aislado_id = '10', clon = 'ST2235', resistoma_mutante = '{"PA0004": "D4N", "PA0424": "nt61\u03941", "PA0425": NaN, "PA0426": NaN, "PA0427": NaN, "PA0807": "A219T", "PA0869": "V61A", "PA0958": "nt195InsGACTG", "PA1179": NaN, "PA1180": NaN, "PA1777": NaN, "PA1798": "H398R", "PA1799": NaN, "PA2018": "V113I; T543A; Q840E", "PA2019": "K329Q; L331V; W358R", "PA2020": "nt489\u039414", "PA2272": "A104P; I143L", "PA2491": "D249N", "PA2492": "P60S; F172I", "PA3047": "A394P; A474T", "PA3168": NaN, "PA3574": NaN, "PA3721": "G71E; S209R", "PA3999": NaN, "PA4003": NaN, "PA4020": NaN, "PA4109": "G295R", "PA4110": "T105A", "PA4266": NaN, "PA4418": NaN, "PA4522": "G148A; S175L", "PA4600": NaN, "PA4700": "L353Q; S25G", "PA4776": "L71R", "PA4777": NaN, "PA4964": NaN, "PA4967": NaN, "PA5045": NaN, "PA5235": "Ter449Gext*", "PA5471": "L88P; D161G; H182Q; V243A; V283L", "PA5485": NaN}'; 
INSERT INTO metadata_general(aislado_id, aislado_nombre) VALUES ('11', 'AND03-050') ON DUPLICATE KEY UPDATE aislado_id = '11', aislado_nombre = 'AND03-050'; 
INSERT INTO mic(mic_id, aislado_id, pip_tz, fep, caz, imi, mer, cip, tob, col, tic, cza, tol, atm, caz_cloxa, imi_cloxa) VALUES ('11', '11', '128', '64', '>64', '>32', '>64', '>16', '32', '1', '256', '>32', '>32', '64', 'nan', 'nan') ON DUPLICATE KEY UPDATE aislado_id = '11', pip_tz = '128', fep = '64', caz = '>64', imi = '>32', mer = '>64', cip = '>16', tob = '32', col = '1', tic = '256', cza = '>32', tol = '>32', atm = '64', caz_cloxa = 'nan', imi_cloxa = 'nan'; 
INSERT INTO secuencia(secuencia_id, aislado_id, clon, resistoma_mutante) VALUES ('11', '11', 'ST155', '{"PA0004": NaN, "PA0424": NaN, "PA0425": NaN, "PA0426": NaN, "PA0427": NaN, "PA0807": "A219T", "PA0869": NaN, "PA0958": "W339X", "PA1179": "P31Q", "PA1180": NaN, "PA1777": NaN, "PA1798": "T131P; H398R", "PA1799": NaN, "PA2018": "D428N; T543A; Q840E", "PA2019": "K329Q; L331V; W358R", "PA2020": NaN, "PA2272": NaN, "PA2491": "D249N", "PA2492": "F172I", "PA3047": "S390R", "PA3168": "T83I", "PA3574": NaN, "PA3721": "G71E; S209R", "PA3999": NaN, "PA4003": NaN, "PA4020": "M297V", "PA4109": NaN, "PA4110": "R79Q; T105A", "PA4266": NaN, "PA4418": NaN, "PA4522": "Q44H; G148A; D183Y", "PA4600": NaN, "PA4700": "L353Q", "PA4776": NaN, "PA4777": "Y345H", "PA4964": "S87L", "PA4967": NaN, "PA5045": NaN, "PA5235": "Ter449Gext*", "PA5471": "D18N; L88P; D161G; H182Q; V243A", "PA5485": NaN}') ON DUPLICATE KEY UPDATE aislado_id = '11', clon = 'ST155', resistoma_mutante = '{"PA0004": NaN, "PA0424": NaN, "PA0425": NaN, "PA0426": NaN, "PA0427": NaN, "PA0807": "A219T", "PA0869": NaN, "PA0958": "W339X", "PA1179": "P31Q", "PA1180": NaN, "PA1777": NaN, "PA1798": "T131P; H398R", "PA1799": NaN, "PA2018": "D428N; T543A; Q840E", "PA2019": "K329Q; L331V; W358R", "PA2020": NaN, "PA2272": NaN, "PA2491": "D249N", "PA2492": "F172I", "PA3047": "S390R", "PA3168": "T83I", "PA3574": NaN, "PA3721": "G71E; S209R", "PA3999": NaN, "PA4003": NaN, "PA4020": "M297V", "PA4109": NaN, "PA4110": "R79Q; T105A", "PA4266": NaN, "PA4418": NaN, "PA4522": "Q44H; G148A; D183Y", "PA4600": NaN, "PA4700": "L353Q", "PA4776": NaN, "PA4777": "Y345H", "PA4964": "S87L", "PA4967": NaN, "PA5045": NaN, "PA5235": "Ter449Gext*", "PA5471": "D18N; L88P; D161G; H182Q; V243A", "PA5485": NaN}'; 
INSERT INTO metadata_general(aislado_id, aislado_nombre) VALUES ('12', 'AND04-003') ON DUPLICATE KEY UPDATE aislado_id = '12', aislado_nombre = 'AND04-003'; 
INSERT INTO mic(mic_id, aislado_id, pip_tz, fep, caz, imi, mer, cip, tob, col, tic, cza, tol, atm, caz_cloxa, imi_cloxa) VALUES ('12', '12', '32', '8', '16', '>32', '8', '8', '1', '2', '128', '4', '<=0.5', '16', 'nan', '+') ON DUPLICATE KEY UPDATE aislado_id = '12', pip_tz = '32', fep = '8', caz = '16', imi = '>32', mer = '8', cip = '8', tob = '1', col = '2', tic = '128', cza = '4', tol = '<=0.5', atm = '16', caz_cloxa = 'nan', imi_cloxa = '+'; 
INSERT INTO secuencia(secuencia_id, aislado_id, clon, resistoma_mutante) VALUES ('12', '12', 'ST1227', '{"PA0004": NaN, "PA0424": NaN, "PA0425": NaN, "PA0426": NaN, "PA0427": NaN, "PA0807": "A219T", "PA0869": "S250N", "PA0958": NaN, "PA1179": NaN, "PA1180": NaN, "PA1777": NaN, "PA1798": "H398R", "PA1799": NaN, "PA2018": "T543A", "PA2019": "K329Q; L331V; W358R", "PA2020": NaN, "PA2272": "A104P", "PA2491": "L32Q; A75V; D249N; V333M", "PA2492": "P60S; F172I; R334C", "PA3047": NaN, "PA3168": "T83I; K162R", "PA3574": "Q97X", "PA3721": NaN, "PA3999": NaN, "PA4003": NaN, "PA4020": "A303V; M297V", "PA4109": NaN, "PA4110": "R79Q; T105A", "PA4266": NaN, "PA4418": NaN, "PA4522": "R11L; R140W; G148A; D183Y", "PA4600": NaN, "PA4700": "S96N", "PA4776": "L71R", "PA4777": "Y345H", "PA4964": NaN, "PA4967": NaN, "PA5045": NaN, "PA5235": "A121T; nt838\u03941", "PA5471": "L88P; G157D; D161G; H182Q; V243A", "PA5485": NaN}') ON DUPLICATE KEY UPDATE aislado_id = '12', clon = 'ST1227', resistoma_mutante = '{"PA0004": NaN, "PA0424": NaN, "PA0425": NaN, "PA0426": NaN, "PA0427": NaN, "PA0807": "A219T", "PA0869": "S250N", "PA0958": NaN, "PA1179": NaN, "PA1180": NaN, "PA1777": NaN, "PA1798": "H398R", "PA1799": NaN, "PA2018": "T543A", "PA2019": "K329Q; L331V; W358R", "PA2020": NaN, "PA2272": "A104P", "PA2491": "L32Q; A75V; D249N; V333M", "PA2492": "P60S; F172I; R334C", "PA3047": NaN, "PA3168": "T83I; K162R", "PA3574": "Q97X", "PA3721": NaN, "PA3999": NaN, "PA4003": NaN, "PA4020": "A303V; M297V", "PA4109": NaN, "PA4110": "R79Q; T105A", "PA4266": NaN, "PA4418": NaN, "PA4522": "R11L; R140W; G148A; D183Y", "PA4600": NaN, "PA4700": "S96N", "PA4776": "L71R", "PA4777": "Y345H", "PA4964": NaN, "PA4967": NaN, "PA5045": NaN, "PA5235": "A121T; nt838\u03941", "PA5471": "L88P; G157D; D161G; H182Q; V243A", "PA5485": NaN}'; 
INSERT INTO metadata_general(aislado_id, aislado_nombre) VALUES ('13', 'AND04-016') ON DUPLICATE KEY UPDATE aislado_id = '13', aislado_nombre = 'AND04-016'; 
INSERT INTO mic(mic_id, aislado_id, pip_tz, fep, caz, imi, mer, cip, tob, col, tic, cza, tol, atm, caz_cloxa, imi_cloxa) VALUES ('13', '13', '32', '16', '16', '4', '2', '>16', '2', '2', '64', '2', '2', '8', '+', 'nan') ON DUPLICATE KEY UPDATE aislado_id = '13', pip_tz = '32', fep = '16', caz = '16', imi = '4', mer = '2', cip = '>16', tob = '2', col = '2', tic = '64', cza = '2', tol = '2', atm = '8', caz_cloxa = '+', imi_cloxa = 'nan'; 
INSERT INTO secuencia(secuencia_id, aislado_id, clon, resistoma_mutante) VALUES ('13', '13', 'ST155', '{"PA0004": NaN, "PA0424": NaN, "PA0425": "R119C", "PA0426": "nt600\u03941", "PA0427": NaN, "PA0807": "A219T", "PA0869": NaN, "PA0958": NaN, "PA1179": "P31Q", "PA1180": NaN, "PA1777": NaN, "PA1798": "H398R", "PA1799": NaN, "PA2018": "D428N; T543A; Q840E", "PA2019": "K329Q; L331V; W358R", "PA2020": "W176X", "PA2272": NaN, "PA2491": "D249N", "PA2492": "F172I", "PA3047": NaN, "PA3168": "T83I", "PA3574": NaN, "PA3721": "G71E; S209R", "PA3999": NaN, "PA4003": NaN, "PA4020": "M297V; T236P", "PA4109": NaN, "PA4110": "R79Q; T105A", "PA4266": NaN, "PA4418": NaN, "PA4522": "Q44H; G148A; D183Y", "PA4600": NaN, "PA4700": "L353Q", "PA4776": NaN, "PA4777": "Y345H", "PA4964": NaN, "PA4967": NaN, "PA5045": "V12A", "PA5235": "Ter449Gext*", "PA5471": "L88P; D161G; H182Q; V243A", "PA5485": NaN}') ON DUPLICATE KEY UPDATE aislado_id = '13', clon = 'ST155', resistoma_mutante = '{"PA0004": NaN, "PA0424": NaN, "PA0425": "R119C", "PA0426": "nt600\u03941", "PA0427": NaN, "PA0807": "A219T", "PA0869": NaN, "PA0958": NaN, "PA1179": "P31Q", "PA1180": NaN, "PA1777": NaN, "PA1798": "H398R", "PA1799": NaN, "PA2018": "D428N; T543A; Q840E", "PA2019": "K329Q; L331V; W358R", "PA2020": "W176X", "PA2272": NaN, "PA2491": "D249N", "PA2492": "F172I", "PA3047": NaN, "PA3168": "T83I", "PA3574": NaN, "PA3721": "G71E; S209R", "PA3999": NaN, "PA4003": NaN, "PA4020": "M297V; T236P", "PA4109": NaN, "PA4110": "R79Q; T105A", "PA4266": NaN, "PA4418": NaN, "PA4522": "Q44H; G148A; D183Y", "PA4600": NaN, "PA4700": "L353Q", "PA4776": NaN, "PA4777": "Y345H", "PA4964": NaN, "PA4967": NaN, "PA5045": "V12A", "PA5235": "Ter449Gext*", "PA5471": "L88P; D161G; H182Q; V243A", "PA5485": NaN}'; 
INSERT INTO metadata_general(aislado_id, aislado_nombre) VALUES ('14', 'AND04-037') ON DUPLICATE KEY UPDATE aislado_id = '14', aislado_nombre = 'AND04-037'; 
INSERT INTO mic(mic_id, aislado_id, pip_tz, fep, caz, imi, mer, cip, tob, col, tic, cza, tol, atm, caz_cloxa, imi_cloxa) VALUES ('14', '14', '>256', '64', '>64', '16', '8', '4', '0.5', '2', '>512', '32', '8', '>128', '+', '+') ON DUPLICATE KEY UPDATE aislado_id = '14', pip_tz = '>256', fep = '64', caz = '>64', imi = '16', mer = '8', cip = '4', tob = '0.5', col = '2', tic = '>512', cza = '32', tol = '8', atm = '>128', caz_cloxa = '+', imi_cloxa = '+'; 
INSERT INTO secuencia(secuencia_id, aislado_id, clon, resistoma_mutante) VALUES ('14', '14', 'ST1632', '{"PA0004": "S466F; E721K", "PA0424": "V126E", "PA0425": NaN, "PA0426": "I186V", "PA0427": NaN, "PA0807": NaN, "PA0869": NaN, "PA0958": NaN, "PA1179": NaN, "PA1180": NaN, "PA1777": NaN, "PA1798": "H398R", "PA1799": "L153R; S170N", "PA2018": "I536V; T543A; G589A; N1036T; Q1039R", "PA2019": "K329Q; L331V; W358R", "PA2020": "nt593\u039414", "PA2272": "A104P; V204A", "PA2491": "G231S; D249N", "PA2492": "P28L; P60S; F172I", "PA3047": "H473Y", "PA3168": NaN, "PA3574": NaN, "PA3721": "G71E; A145V; S209R", "PA3999": NaN, "PA4003": "A269V", "PA4020": "M297V", "PA4109": "E114A; I251V; G283E; M288R", "PA4110": "G27D; T105A; V205L", "PA4266": NaN, "PA4418": "N242S", "PA4522": NaN, "PA4600": "V35A; D56G", "PA4700": "L353Q; S25G", "PA4776": "L71R", "PA4777": "A4T; V15I; G68S; Y345H; R474Q", "PA4964": "S197L", "PA4967": "S261L; D533E", "PA5045": NaN, "PA5235": "Ter449Gext*; nt210\u03946", "PA5471": "C40R; S112N; D119E; D161G; H182Q; I237V; V243A", "PA5485": NaN}') ON DUPLICATE KEY UPDATE aislado_id = '14', clon = 'ST1632', resistoma_mutante = '{"PA0004": "S466F; E721K", "PA0424": "V126E", "PA0425": NaN, "PA0426": "I186V", "PA0427": NaN, "PA0807": NaN, "PA0869": NaN, "PA0958": NaN, "PA1179": NaN, "PA1180": NaN, "PA1777": NaN, "PA1798": "H398R", "PA1799": "L153R; S170N", "PA2018": "I536V; T543A; G589A; N1036T; Q1039R", "PA2019": "K329Q; L331V; W358R", "PA2020": "nt593\u039414", "PA2272": "A104P; V204A", "PA2491": "G231S; D249N", "PA2492": "P28L; P60S; F172I", "PA3047": "H473Y", "PA3168": NaN, "PA3574": NaN, "PA3721": "G71E; A145V; S209R", "PA3999": NaN, "PA4003": "A269V", "PA4020": "M297V", "PA4109": "E114A; I251V; G283E; M288R", "PA4110": "G27D; T105A; V205L", "PA4266": NaN, "PA4418": "N242S", "PA4522": NaN, "PA4600": "V35A; D56G", "PA4700": "L353Q; S25G", "PA4776": "L71R", "PA4777": "A4T; V15I; G68S; Y345H; R474Q", "PA4964": "S197L", "PA4967": "S261L; D533E", "PA5045": NaN, "PA5235": "Ter449Gext*; nt210\u03946", "PA5471": "C40R; S112N; D119E; D161G; H182Q; I237V; V243A", "PA5485": NaN}'; 
INSERT INTO metadata_general(aislado_id, aislado_nombre) VALUES ('15', 'AND06-027') ON DUPLICATE KEY UPDATE aislado_id = '15', aislado_nombre = 'AND06-027'; 
INSERT INTO mic(mic_id, aislado_id, pip_tz, fep, caz, imi, mer, cip, tob, col, tic, cza, tol, atm, caz_cloxa, imi_cloxa) VALUES ('15', '15', '32', '16', '16', '16', '32', '1', '0.5', '1', '256', '8', '1', '32', '+', '+') ON DUPLICATE KEY UPDATE aislado_id = '15', pip_tz = '32', fep = '16', caz = '16', imi = '16', mer = '32', cip = '1', tob = '0.5', col = '1', tic = '256', cza = '8', tol = '1', atm = '32', caz_cloxa = '+', imi_cloxa = '+'; 
INSERT INTO secuencia(secuencia_id, aislado_id, clon, resistoma_mutante) VALUES ('15', '15', 'ST274', '{"PA0004": "H148N", "PA0424": "R78X", "PA0425": NaN, "PA0426": NaN, "PA0427": NaN, "PA0807": NaN, "PA0869": "S250N", "PA0958": "nt1072InsC", "PA1179": NaN, "PA1180": NaN, "PA1777": NaN, "PA1798": "A82T; H398R", "PA1799": NaN, "PA2018": "T543A; Q840E; V875M; N1036S", "PA2019": "K329Q; L331V; D346H; W358R", "PA2020": NaN, "PA2272": "A104P", "PA2491": "D249N", "PA2492": "F172I", "PA3047": "A394P", "PA3168": NaN, "PA3574": NaN, "PA3721": "G71E; S209R", "PA3999": NaN, "PA4003": NaN, "PA4020": "M297V", "PA4109": NaN, "PA4110": "T21A; T105A; G391A", "PA4266": NaN, "PA4418": NaN, "PA4522": "R11L; G148A; D183Y", "PA4600": NaN, "PA4700": "S25G", "PA4776": "L71R", "PA4777": "Y345H", "PA4964": NaN, "PA4967": NaN, "PA5045": NaN, "PA5235": NaN, "PA5471": "L88P; D119E", "PA5485": NaN}') ON DUPLICATE KEY UPDATE aislado_id = '15', clon = 'ST274', resistoma_mutante = '{"PA0004": "H148N", "PA0424": "R78X", "PA0425": NaN, "PA0426": NaN, "PA0427": NaN, "PA0807": NaN, "PA0869": "S250N", "PA0958": "nt1072InsC", "PA1179": NaN, "PA1180": NaN, "PA1777": NaN, "PA1798": "A82T; H398R", "PA1799": NaN, "PA2018": "T543A; Q840E; V875M; N1036S", "PA2019": "K329Q; L331V; D346H; W358R", "PA2020": NaN, "PA2272": "A104P", "PA2491": "D249N", "PA2492": "F172I", "PA3047": "A394P", "PA3168": NaN, "PA3574": NaN, "PA3721": "G71E; S209R", "PA3999": NaN, "PA4003": NaN, "PA4020": "M297V", "PA4109": NaN, "PA4110": "T21A; T105A; G391A", "PA4266": NaN, "PA4418": NaN, "PA4522": "R11L; G148A; D183Y", "PA4600": NaN, "PA4700": "S25G", "PA4776": "L71R", "PA4777": "Y345H", "PA4964": NaN, "PA4967": NaN, "PA5045": NaN, "PA5235": NaN, "PA5471": "L88P; D119E", "PA5485": NaN}'; 
INSERT INTO metadata_general(aislado_id, aislado_nombre) VALUES ('16', 'AND06-033') ON DUPLICATE KEY UPDATE aislado_id = '16', aislado_nombre = 'AND06-033'; 
INSERT INTO mic(mic_id, aislado_id, pip_tz, fep, caz, imi, mer, cip, tob, col, tic, cza, tol, atm, caz_cloxa, imi_cloxa) VALUES ('16', '16', '256', '32', '64', '16', '32', '8', '1', '8', '256', '32', '4', '64', '+', '+') ON DUPLICATE KEY UPDATE aislado_id = '16', pip_tz = '256', fep = '32', caz = '64', imi = '16', mer = '32', cip = '8', tob = '1', col = '8', tic = '256', cza = '32', tol = '4', atm = '64', caz_cloxa = '+', imi_cloxa = '+'; 
INSERT INTO secuencia(secuencia_id, aislado_id, clon, resistoma_mutante) VALUES ('16', '16', 'ST2956', '{"PA0004": NaN, "PA0424": NaN, "PA0425": NaN, "PA0426": NaN, "PA0427": NaN, "PA0807": "A219T", "PA0869": NaN, "PA0958": "T291P", "PA1179": NaN, "PA1180": NaN, "PA1777": NaN, "PA1798": "H398R", "PA1799": "E214K", "PA2018": "D217V; T543A; Q840E", "PA2019": "A30T; K329Q; L331V; W358R", "PA2020": NaN, "PA2272": "A505T", "PA2491": "D249N", "PA2492": "F172I", "PA3047": NaN, "PA3168": "D87Y", "PA3574": "L169P", "PA3721": "G71E", "PA3999": NaN, "PA4003": NaN, "PA4020": "A303V; M297V", "PA4109": "D135N", "PA4110": NaN, "PA4266": NaN, "PA4418": NaN, "PA4522": "G148A", "PA4600": NaN, "PA4700": NaN, "PA4776": NaN, "PA4777": "L31Q; Y345H", "PA4964": NaN, "PA4967": NaN, "PA5045": NaN, "PA5235": "C432S", "PA5471": "L88P; D161G; H182Q; V243A", "PA5485": NaN}') ON DUPLICATE KEY UPDATE aislado_id = '16', clon = 'ST2956', resistoma_mutante = '{"PA0004": NaN, "PA0424": NaN, "PA0425": NaN, "PA0426": NaN, "PA0427": NaN, "PA0807": "A219T", "PA0869": NaN, "PA0958": "T291P", "PA1179": NaN, "PA1180": NaN, "PA1777": NaN, "PA1798": "H398R", "PA1799": "E214K", "PA2018": "D217V; T543A; Q840E", "PA2019": "A30T; K329Q; L331V; W358R", "PA2020": NaN, "PA2272": "A505T", "PA2491": "D249N", "PA2492": "F172I", "PA3047": NaN, "PA3168": "D87Y", "PA3574": "L169P", "PA3721": "G71E", "PA3999": NaN, "PA4003": NaN, "PA4020": "A303V; M297V", "PA4109": "D135N", "PA4110": NaN, "PA4266": NaN, "PA4418": NaN, "PA4522": "G148A", "PA4600": NaN, "PA4700": NaN, "PA4776": NaN, "PA4777": "L31Q; Y345H", "PA4964": NaN, "PA4967": NaN, "PA5045": NaN, "PA5235": "C432S", "PA5471": "L88P; D161G; H182Q; V243A", "PA5485": NaN}'; 
INSERT INTO metadata_general(aislado_id, aislado_nombre) VALUES ('17', 'AND06-034') ON DUPLICATE KEY UPDATE aislado_id = '17', aislado_nombre = 'AND06-034'; 
INSERT INTO mic(mic_id, aislado_id, pip_tz, fep, caz, imi, mer, cip, tob, col, tic, cza, tol, atm, caz_cloxa, imi_cloxa) VALUES ('17', '17', '>256', '8', '16', '16', '8', '8', '<=0.25', '2', '64', '2', '2', '16', '+', '+') ON DUPLICATE KEY UPDATE aislado_id = '17', pip_tz = '>256', fep = '8', caz = '16', imi = '16', mer = '8', cip = '8', tob = '<=0.25', col = '2', tic = '64', cza = '2', tol = '2', atm = '16', caz_cloxa = '+', imi_cloxa = '+'; 
INSERT INTO secuencia(secuencia_id, aislado_id, clon, resistoma_mutante) VALUES ('17', '17', 'ST992', '{"PA0004": "S466Y", "PA0424": "V126E", "PA0425": NaN, "PA0426": NaN, "PA0427": NaN, "PA0807": "A219T", "PA0869": "G40S", "PA0958": NaN, "PA1179": NaN, "PA1180": NaN, "PA1777": NaN, "PA1798": "H398R", "PA1799": NaN, "PA2018": "T543A", "PA2019": "K329Q; L331V; W358R", "PA2020": NaN, "PA2272": "A104P", "PA2491": "D249N", "PA2492": "F172I", "PA3047": NaN, "PA3168": NaN, "PA3574": "N130S", "PA3721": "G71E", "PA3999": NaN, "PA4003": NaN, "PA4020": NaN, "PA4109": "G154R; G283E; M288R", "PA4110": "T105A", "PA4266": "V30F", "PA4418": "N117S", "PA4522": "G148A; D183Y", "PA4600": NaN, "PA4700": "L353Q; S25G", "PA4776": "L71R", "PA4777": "A4T; D70N; H340R; Y345H", "PA4964": NaN, "PA4967": NaN, "PA5045": NaN, "PA5235": NaN, "PA5471": "L88P; D161G; H182Q; V243A", "PA5485": NaN}') ON DUPLICATE KEY UPDATE aislado_id = '17', clon = 'ST992', resistoma_mutante = '{"PA0004": "S466Y", "PA0424": "V126E", "PA0425": NaN, "PA0426": NaN, "PA0427": NaN, "PA0807": "A219T", "PA0869": "G40S", "PA0958": NaN, "PA1179": NaN, "PA1180": NaN, "PA1777": NaN, "PA1798": "H398R", "PA1799": NaN, "PA2018": "T543A", "PA2019": "K329Q; L331V; W358R", "PA2020": NaN, "PA2272": "A104P", "PA2491": "D249N", "PA2492": "F172I", "PA3047": NaN, "PA3168": NaN, "PA3574": "N130S", "PA3721": "G71E", "PA3999": NaN, "PA4003": NaN, "PA4020": NaN, "PA4109": "G154R; G283E; M288R", "PA4110": "T105A", "PA4266": "V30F", "PA4418": "N117S", "PA4522": "G148A; D183Y", "PA4600": NaN, "PA4700": "L353Q; S25G", "PA4776": "L71R", "PA4777": "A4T; D70N; H340R; Y345H", "PA4964": NaN, "PA4967": NaN, "PA5045": NaN, "PA5235": NaN, "PA5471": "L88P; D161G; H182Q; V243A", "PA5485": NaN}'; 
INSERT INTO metadata_general(aislado_id, aislado_nombre) VALUES ('18', 'AND07-007') ON DUPLICATE KEY UPDATE aislado_id = '18', aislado_nombre = 'AND07-007'; 
INSERT INTO mic(mic_id, aislado_id, pip_tz, fep, caz, imi, mer, cip, tob, col, tic, cza, tol, atm, caz_cloxa, imi_cloxa) VALUES ('18', '18', '256', '32', '64', '4', '2', '16', '2', '1', '256', '2', '2', '32', '+', 'nan') ON DUPLICATE KEY UPDATE aislado_id = '18', pip_tz = '256', fep = '32', caz = '64', imi = '4', mer = '2', cip = '16', tob = '2', col = '1', tic = '256', cza = '2', tol = '2', atm = '32', caz_cloxa = '+', imi_cloxa = 'nan'; 
INSERT INTO secuencia(secuencia_id, aislado_id, clon, resistoma_mutante) VALUES ('18', '18', 'ST683', '{"PA0004": "T595I", "PA0424": NaN, "PA0425": "nt16\u03944", "PA0426": NaN, "PA0427": NaN, "PA0807": NaN, "PA0869": NaN, "PA0958": NaN, "PA1179": NaN, "PA1180": NaN, "PA1777": NaN, "PA1798": "H398R", "PA1799": "P128S; L153R; S170N", "PA2018": "Q282R; T543A; V980I", "PA2019": "K329Q; L331V; W358R", "PA2020": "A47P", "PA2272": "A104P", "PA2491": "D249N", "PA2492": "F172I", "PA3047": "A394P", "PA3168": "T83I", "PA3574": NaN, "PA3721": "G71E", "PA3999": NaN, "PA4003": NaN, "PA4020": "A303V; M297V", "PA4109": NaN, "PA4110": "T105A", "PA4266": NaN, "PA4418": NaN, "PA4522": "G148A; D183Y", "PA4600": NaN, "PA4700": "K607R; L353Q", "PA4776": "L71R", "PA4777": "Y345H", "PA4964": NaN, "PA4967": "D142N", "PA5045": NaN, "PA5235": NaN, "PA5471": "L88P; D161G; H182Q; V243A", "PA5485": NaN}') ON DUPLICATE KEY UPDATE aislado_id = '18', clon = 'ST683', resistoma_mutante = '{"PA0004": "T595I", "PA0424": NaN, "PA0425": "nt16\u03944", "PA0426": NaN, "PA0427": NaN, "PA0807": NaN, "PA0869": NaN, "PA0958": NaN, "PA1179": NaN, "PA1180": NaN, "PA1777": NaN, "PA1798": "H398R", "PA1799": "P128S; L153R; S170N", "PA2018": "Q282R; T543A; V980I", "PA2019": "K329Q; L331V; W358R", "PA2020": "A47P", "PA2272": "A104P", "PA2491": "D249N", "PA2492": "F172I", "PA3047": "A394P", "PA3168": "T83I", "PA3574": NaN, "PA3721": "G71E", "PA3999": NaN, "PA4003": NaN, "PA4020": "A303V; M297V", "PA4109": NaN, "PA4110": "T105A", "PA4266": NaN, "PA4418": NaN, "PA4522": "G148A; D183Y", "PA4600": NaN, "PA4700": "K607R; L353Q", "PA4776": "L71R", "PA4777": "Y345H", "PA4964": NaN, "PA4967": "D142N", "PA5045": NaN, "PA5235": NaN, "PA5471": "L88P; D161G; H182Q; V243A", "PA5485": NaN}'; 
INSERT INTO metadata_general(aislado_id, aislado_nombre) VALUES ('19', 'AND07-017') ON DUPLICATE KEY UPDATE aislado_id = '19', aislado_nombre = 'AND07-017'; 
INSERT INTO mic(mic_id, aislado_id, pip_tz, fep, caz, imi, mer, cip, tob, col, tic, cza, tol, atm, caz_cloxa, imi_cloxa) VALUES ('19', '19', '256', '32', '64', '2', '1', '1', '1', '1', '256', '4', '4', '32', 'nan', 'nan') ON DUPLICATE KEY UPDATE aislado_id = '19', pip_tz = '256', fep = '32', caz = '64', imi = '2', mer = '1', cip = '1', tob = '1', col = '1', tic = '256', cza = '4', tol = '4', atm = '32', caz_cloxa = 'nan', imi_cloxa = 'nan'; 
INSERT INTO secuencia(secuencia_id, aislado_id, clon, resistoma_mutante) VALUES ('19', '19', 'ST260', '{"PA0004": NaN, "PA0424": NaN, "PA0425": NaN, "PA0426": NaN, "PA0427": NaN, "PA0807": "A219T", "PA0869": NaN, "PA0958": NaN, "PA1179": NaN, "PA1180": NaN, "PA1777": NaN, "PA1798": "H398R", "PA1799": "V55I; I80L", "PA2018": "T543A; Q840E; G1002A", "PA2019": "A30T; K329Q; L331V; W358R", "PA2020": "R65C; L138R", "PA2272": "A104P", "PA2491": "E205V; D249N", "PA2492": "F172I", "PA3047": NaN, "PA3168": "aa914\u0394PS", "PA3574": NaN, "PA3721": "G71E; S209R", "PA3999": NaN, "PA4003": NaN, "PA4020": NaN, "PA4109": NaN, "PA4110": "T105A", "PA4266": NaN, "PA4418": NaN, "PA4522": "G46S; G148A", "PA4600": NaN, "PA4700": NaN, "PA4776": "L71R", "PA4777": "Y345H; G443R", "PA4964": "V646L", "PA4967": NaN, "PA5045": NaN, "PA5235": NaN, "PA5471": "C40R; L88P; D161G; H182Q; V243A", "PA5485": NaN}') ON DUPLICATE KEY UPDATE aislado_id = '19', clon = 'ST260', resistoma_mutante = '{"PA0004": NaN, "PA0424": NaN, "PA0425": NaN, "PA0426": NaN, "PA0427": NaN, "PA0807": "A219T", "PA0869": NaN, "PA0958": NaN, "PA1179": NaN, "PA1180": NaN, "PA1777": NaN, "PA1798": "H398R", "PA1799": "V55I; I80L", "PA2018": "T543A; Q840E; G1002A", "PA2019": "A30T; K329Q; L331V; W358R", "PA2020": "R65C; L138R", "PA2272": "A104P", "PA2491": "E205V; D249N", "PA2492": "F172I", "PA3047": NaN, "PA3168": "aa914\u0394PS", "PA3574": NaN, "PA3721": "G71E; S209R", "PA3999": NaN, "PA4003": NaN, "PA4020": NaN, "PA4109": NaN, "PA4110": "T105A", "PA4266": NaN, "PA4418": NaN, "PA4522": "G46S; G148A", "PA4600": NaN, "PA4700": NaN, "PA4776": "L71R", "PA4777": "Y345H; G443R", "PA4964": "V646L", "PA4967": NaN, "PA5045": NaN, "PA5235": NaN, "PA5471": "C40R; L88P; D161G; H182Q; V243A", "PA5485": NaN}'; 
INSERT INTO metadata_general(aislado_id, aislado_nombre) VALUES ('20', 'AND07-027') ON DUPLICATE KEY UPDATE aislado_id = '20', aislado_nombre = 'AND07-027'; 
INSERT INTO mic(mic_id, aislado_id, pip_tz, fep, caz, imi, mer, cip, tob, col, tic, cza, tol, atm, caz_cloxa, imi_cloxa) VALUES ('20', '20', '>256', '64', '32', '1', '8', '>16', '0.5', '1', '>512', '4', '16', '64', 'nan', 'nan') ON DUPLICATE KEY UPDATE aislado_id = '20', pip_tz = '>256', fep = '64', caz = '32', imi = '1', mer = '8', cip = '>16', tob = '0.5', col = '1', tic = '>512', cza = '4', tol = '16', atm = '64', caz_cloxa = 'nan', imi_cloxa = 'nan'; 
INSERT INTO secuencia(secuencia_id, aislado_id, clon, resistoma_mutante) VALUES ('20', '20', 'ST17', '{"PA0004": NaN, "PA0424": NaN, "PA0425": NaN, "PA0426": NaN, "PA0427": NaN, "PA0807": "A219T", "PA0869": "S250N", "PA0958": "L165M; F170V", "PA1179": NaN, "PA1180": NaN, "PA1777": NaN, "PA1798": "V216A; H398R", "PA1799": NaN, "PA2018": "T543A", "PA2019": "K329Q; L331V; W358R", "PA2020": NaN, "PA2272": "A104P", "PA2491": "D249N", "PA2492": "P60S; F172I", "PA3047": NaN, "PA3168": "T83I; V671I; G860S", "PA3574": "nt159\u03942", "PA3721": "G71E; S209R", "PA3999": "V29I", "PA4003": NaN, "PA4020": "Ter452Rext*", "PA4109": NaN, "PA4110": "T105A; L176R", "PA4266": NaN, "PA4418": NaN, "PA4522": "A136V; G148A", "PA4600": NaN, "PA4700": "S25G", "PA4776": NaN, "PA4777": "Y345H", "PA4964": "S87L", "PA4967": "D533E", "PA5045": "P388S", "PA5235": "P444S", "PA5471": "C40R; L88P; D161G; H182Q; V243A", "PA5485": NaN}') ON DUPLICATE KEY UPDATE aislado_id = '20', clon = 'ST17', resistoma_mutante = '{"PA0004": NaN, "PA0424": NaN, "PA0425": NaN, "PA0426": NaN, "PA0427": NaN, "PA0807": "A219T", "PA0869": "S250N", "PA0958": "L165M; F170V", "PA1179": NaN, "PA1180": NaN, "PA1777": NaN, "PA1798": "V216A; H398R", "PA1799": NaN, "PA2018": "T543A", "PA2019": "K329Q; L331V; W358R", "PA2020": NaN, "PA2272": "A104P", "PA2491": "D249N", "PA2492": "P60S; F172I", "PA3047": NaN, "PA3168": "T83I; V671I; G860S", "PA3574": "nt159\u03942", "PA3721": "G71E; S209R", "PA3999": "V29I", "PA4003": NaN, "PA4020": "Ter452Rext*", "PA4109": NaN, "PA4110": "T105A; L176R", "PA4266": NaN, "PA4418": NaN, "PA4522": "A136V; G148A", "PA4600": NaN, "PA4700": "S25G", "PA4776": NaN, "PA4777": "Y345H", "PA4964": "S87L", "PA4967": "D533E", "PA5045": "P388S", "PA5235": "P444S", "PA5471": "C40R; L88P; D161G; H182Q; V243A", "PA5485": NaN}'; 
INSERT INTO metadata_general(aislado_id, aislado_nombre) VALUES ('21', 'ARA01-015') ON DUPLICATE KEY UPDATE aislado_id = '21', aislado_nombre = 'ARA01-015'; 
INSERT INTO mic(mic_id, aislado_id, pip_tz, fep, caz, imi, mer, cip, tob, col, tic, cza, tol, atm, caz_cloxa, imi_cloxa) VALUES ('21', '21', '>256', '64', '>64', '>32', '>64', '8', '>32', '1', '>512', '>32', '>32', '32', 'nan', 'nan') ON DUPLICATE KEY UPDATE aislado_id = '21', pip_tz = '>256', fep = '64', caz = '>64', imi = '>32', mer = '>64', cip = '8', tob = '>32', col = '1', tic = '>512', cza = '>32', tol = '>32', atm = '32', caz_cloxa = 'nan', imi_cloxa = 'nan'; 
INSERT INTO secuencia(secuencia_id, aislado_id, clon, resistoma_mutante) VALUES ('21', '21', 'ST235', '{"PA0004": NaN, "PA0424": "V126E", "PA0425": NaN, "PA0426": "G957D", "PA0427": NaN, "PA0807": "A208V", "PA0869": "A287S", "PA0958": "R140E", "PA1179": NaN, "PA1180": "Y85F", "PA1777": NaN, "PA1798": "H194Q; H398R", "PA1799": "L153R; S170N", "PA2018": "T543A; M574R", "PA2019": "A30T; K329Q; L331V; W358R", "PA2020": "nt385\u03941", "PA2272": "A104P; V466I", "PA2491": "D249N", "PA2492": "P60S; F172I", "PA3047": NaN, "PA3168": "T83I", "PA3574": NaN, "PA3721": "G71E; E153Q; S209R", "PA3999": NaN, "PA4003": NaN, "PA4020": NaN, "PA4109": "G283E; M288R", "PA4110": "G27D; A97V; T105A; V205L; G391A", "PA4266": NaN, "PA4418": NaN, "PA4522": "Q51X; G148A", "PA4600": NaN, "PA4700": "L353Q; S25G", "PA4776": "L71R", "PA4777": "A4T; G68S; Y345H; G362S", "PA4964": "S87L", "PA4967": "D533E", "PA5045": NaN, "PA5235": NaN, "PA5471": "L88P; D161G; H182Q; R204C; V243A", "PA5485": NaN}') ON DUPLICATE KEY UPDATE aislado_id = '21', clon = 'ST235', resistoma_mutante = '{"PA0004": NaN, "PA0424": "V126E", "PA0425": NaN, "PA0426": "G957D", "PA0427": NaN, "PA0807": "A208V", "PA0869": "A287S", "PA0958": "R140E", "PA1179": NaN, "PA1180": "Y85F", "PA1777": NaN, "PA1798": "H194Q; H398R", "PA1799": "L153R; S170N", "PA2018": "T543A; M574R", "PA2019": "A30T; K329Q; L331V; W358R", "PA2020": "nt385\u03941", "PA2272": "A104P; V466I", "PA2491": "D249N", "PA2492": "P60S; F172I", "PA3047": NaN, "PA3168": "T83I", "PA3574": NaN, "PA3721": "G71E; E153Q; S209R", "PA3999": NaN, "PA4003": NaN, "PA4020": NaN, "PA4109": "G283E; M288R", "PA4110": "G27D; A97V; T105A; V205L; G391A", "PA4266": NaN, "PA4418": NaN, "PA4522": "Q51X; G148A", "PA4600": NaN, "PA4700": "L353Q; S25G", "PA4776": "L71R", "PA4777": "A4T; G68S; Y345H; G362S", "PA4964": "S87L", "PA4967": "D533E", "PA5045": NaN, "PA5235": NaN, "PA5471": "L88P; D161G; H182Q; R204C; V243A", "PA5485": NaN}'; 
INSERT INTO metadata_general(aislado_id, aislado_nombre) VALUES ('22', 'ARA01-037') ON DUPLICATE KEY UPDATE aislado_id = '22', aislado_nombre = 'ARA01-037'; 
INSERT INTO mic(mic_id, aislado_id, pip_tz, fep, caz, imi, mer, cip, tob, col, tic, cza, tol, atm, caz_cloxa, imi_cloxa) VALUES ('22', '22', '256', '64', '>64', '16', '64', '>16', '32', '2', '512', '16', '8', '128', '+', '+') ON DUPLICATE KEY UPDATE aislado_id = '22', pip_tz = '256', fep = '64', caz = '>64', imi = '16', mer = '64', cip = '>16', tob = '32', col = '2', tic = '512', cza = '16', tol = '8', atm = '128', caz_cloxa = '+', imi_cloxa = '+'; 
INSERT INTO secuencia(secuencia_id, aislado_id, clon, resistoma_mutante) VALUES ('22', '22', 'ST111', '{"PA0004": NaN, "PA0424": "V126E", "PA0425": NaN, "PA0426": NaN, "PA0427": NaN, "PA0807": "A219T", "PA0869": NaN, "PA0958": "nt463\u039413", "PA1179": NaN, "PA1180": NaN, "PA1777": NaN, "PA1798": "L137P; H398R", "PA1799": NaN, "PA2018": "G530S", "PA2019": "K329Q; L331V; W358R", "PA2020": NaN, "PA2272": "A104P", "PA2491": "D249N", "PA2492": "F172I", "PA3047": NaN, "PA3168": "T83I; V671I; G860S", "PA3574": NaN, "PA3721": "G71E", "PA3999": NaN, "PA4003": NaN, "PA4020": "D411A", "PA4109": "G283E", "PA4110": "T105A", "PA4266": NaN, "PA4418": "R504C", "PA4522": NaN, "PA4600": NaN, "PA4700": "M715K; K607R", "PA4776": "L71R", "PA4777": "A4T; V6A; V15I; G68S; Y345H", "PA4964": "S87L", "PA4967": NaN, "PA5045": NaN, "PA5235": NaN, "PA5471": "L88P; D161G; H182Q; V243A", "PA5485": NaN}') ON DUPLICATE KEY UPDATE aislado_id = '22', clon = 'ST111', resistoma_mutante = '{"PA0004": NaN, "PA0424": "V126E", "PA0425": NaN, "PA0426": NaN, "PA0427": NaN, "PA0807": "A219T", "PA0869": NaN, "PA0958": "nt463\u039413", "PA1179": NaN, "PA1180": NaN, "PA1777": NaN, "PA1798": "L137P; H398R", "PA1799": NaN, "PA2018": "G530S", "PA2019": "K329Q; L331V; W358R", "PA2020": NaN, "PA2272": "A104P", "PA2491": "D249N", "PA2492": "F172I", "PA3047": NaN, "PA3168": "T83I; V671I; G860S", "PA3574": NaN, "PA3721": "G71E", "PA3999": NaN, "PA4003": NaN, "PA4020": "D411A", "PA4109": "G283E", "PA4110": "T105A", "PA4266": NaN, "PA4418": "R504C", "PA4522": NaN, "PA4600": NaN, "PA4700": "M715K; K607R", "PA4776": "L71R", "PA4777": "A4T; V6A; V15I; G68S; Y345H", "PA4964": "S87L", "PA4967": NaN, "PA5045": NaN, "PA5235": NaN, "PA5471": "L88P; D161G; H182Q; V243A", "PA5485": NaN}'; 
INSERT INTO metadata_general(aislado_id, aislado_nombre) VALUES ('23', 'ARA01-045') ON DUPLICATE KEY UPDATE aislado_id = '23', aislado_nombre = 'ARA01-045'; 
INSERT INTO mic(mic_id, aislado_id, pip_tz, fep, caz, imi, mer, cip, tob, col, tic, cza, tol, atm, caz_cloxa, imi_cloxa) VALUES ('23', '23', '32', '16', '16', '>32', '64', '16', '>32', '8', '512', '32', '>32', '16', 'nan', 'nan') ON DUPLICATE KEY UPDATE aislado_id = '23', pip_tz = '32', fep = '16', caz = '16', imi = '>32', mer = '64', cip = '16', tob = '>32', col = '8', tic = '512', cza = '32', tol = '>32', atm = '16', caz_cloxa = 'nan', imi_cloxa = 'nan'; 
INSERT INTO secuencia(secuencia_id, aislado_id, clon, resistoma_mutante) VALUES ('23', '23', 'ST973', '{"PA0004": NaN, "PA0424": "V126E", "PA0425": NaN, "PA0426": NaN, "PA0427": NaN, "PA0807": "A219T", "PA0869": "S250N", "PA0958": "nt768IS", "PA1179": NaN, "PA1180": NaN, "PA1777": NaN, "PA1798": "V152A; H398R", "PA1799": NaN, "PA2018": "V299M; T543A; I642V; Q840E; Q1039H", "PA2019": "K329Q; L331V; W358R", "PA2020": "L93P", "PA2272": NaN, "PA2491": "D249N", "PA2492": "F172I", "PA3047": NaN, "PA3168": "T83I", "PA3574": "N129K; nt451\u03941", "PA3721": "G71E; S209R", "PA3999": NaN, "PA4003": NaN, "PA4020": "V358I; M297V", "PA4109": "E114A; E172V; A208T", "PA4110": "R79Q; T105A", "PA4266": NaN, "PA4418": NaN, "PA4522": "H71Q; G148A; D183Y", "PA4600": NaN, "PA4700": NaN, "PA4776": "L71R", "PA4777": "Y345H", "PA4964": "L95Q", "PA4967": NaN, "PA5045": NaN, "PA5235": "W132X", "PA5471": "E35K; L88P; D161G; H182Q; I237V; Ans238S; V243A; A352V", "PA5485": NaN}') ON DUPLICATE KEY UPDATE aislado_id = '23', clon = 'ST973', resistoma_mutante = '{"PA0004": NaN, "PA0424": "V126E", "PA0425": NaN, "PA0426": NaN, "PA0427": NaN, "PA0807": "A219T", "PA0869": "S250N", "PA0958": "nt768IS", "PA1179": NaN, "PA1180": NaN, "PA1777": NaN, "PA1798": "V152A; H398R", "PA1799": NaN, "PA2018": "V299M; T543A; I642V; Q840E; Q1039H", "PA2019": "K329Q; L331V; W358R", "PA2020": "L93P", "PA2272": NaN, "PA2491": "D249N", "PA2492": "F172I", "PA3047": NaN, "PA3168": "T83I", "PA3574": "N129K; nt451\u03941", "PA3721": "G71E; S209R", "PA3999": NaN, "PA4003": NaN, "PA4020": "V358I; M297V", "PA4109": "E114A; E172V; A208T", "PA4110": "R79Q; T105A", "PA4266": NaN, "PA4418": NaN, "PA4522": "H71Q; G148A; D183Y", "PA4600": NaN, "PA4700": NaN, "PA4776": "L71R", "PA4777": "Y345H", "PA4964": "L95Q", "PA4967": NaN, "PA5045": NaN, "PA5235": "W132X", "PA5471": "E35K; L88P; D161G; H182Q; I237V; Ans238S; V243A; A352V", "PA5485": NaN}'; 
INSERT INTO metadata_general(aislado_id, aislado_nombre) VALUES ('24', 'ARA01-049') ON DUPLICATE KEY UPDATE aislado_id = '24', aislado_nombre = 'ARA01-049'; 
INSERT INTO mic(mic_id, aislado_id, pip_tz, fep, caz, imi, mer, cip, tob, col, tic, cza, tol, atm, caz_cloxa, imi_cloxa) VALUES ('24', '24', '32', '16', '8', '2', '16', '>16', '1', '4', '128', '8', '2', '32', '+', 'nan') ON DUPLICATE KEY UPDATE aislado_id = '24', pip_tz = '32', fep = '16', caz = '8', imi = '2', mer = '16', cip = '>16', tob = '1', col = '4', tic = '128', cza = '8', tol = '2', atm = '32', caz_cloxa = '+', imi_cloxa = 'nan'; 
INSERT INTO secuencia(secuencia_id, aislado_id, clon, resistoma_mutante) VALUES ('24', '24', 'ST365', '{"PA0004": NaN, "PA0424": "R63H", "PA0425": NaN, "PA0426": "E429D", "PA0427": NaN, "PA0807": NaN, "PA0869": "S250N", "PA0958": NaN, "PA1179": NaN, "PA1180": "Y85F", "PA1777": NaN, "PA1798": "H398R", "PA1799": "E87K; L153R; S170N", "PA2018": "T543A; Q840E; N1036T; Q1039R", "PA2019": "K329Q; L331V; W358R", "PA2020": "L138R", "PA2272": "A104P; A258T", "PA2491": "D249N", "PA2492": "P60S; F172I", "PA3047": NaN, "PA3168": "T83I", "PA3574": NaN, "PA3721": "G71E; S209R", "PA3999": NaN, "PA4003": NaN, "PA4020": NaN, "PA4109": "E114A; G283E; M288R", "PA4110": "T16I; G27D; T105A; P148S; V205L; G391A", "PA4266": NaN, "PA4418": NaN, "PA4522": NaN, "PA4600": NaN, "PA4700": "D502G; L353Q; S25G", "PA4776": "L71R", "PA4777": "G68S; Y345H", "PA4964": NaN, "PA4967": "D533E", "PA5045": NaN, "PA5235": NaN, "PA5471": "C40R; L88P; S112N; D119E; D207N; I237V; V243A", "PA5485": NaN}') ON DUPLICATE KEY UPDATE aislado_id = '24', clon = 'ST365', resistoma_mutante = '{"PA0004": NaN, "PA0424": "R63H", "PA0425": NaN, "PA0426": "E429D", "PA0427": NaN, "PA0807": NaN, "PA0869": "S250N", "PA0958": NaN, "PA1179": NaN, "PA1180": "Y85F", "PA1777": NaN, "PA1798": "H398R", "PA1799": "E87K; L153R; S170N", "PA2018": "T543A; Q840E; N1036T; Q1039R", "PA2019": "K329Q; L331V; W358R", "PA2020": "L138R", "PA2272": "A104P; A258T", "PA2491": "D249N", "PA2492": "P60S; F172I", "PA3047": NaN, "PA3168": "T83I", "PA3574": NaN, "PA3721": "G71E; S209R", "PA3999": NaN, "PA4003": NaN, "PA4020": NaN, "PA4109": "E114A; G283E; M288R", "PA4110": "T16I; G27D; T105A; P148S; V205L; G391A", "PA4266": NaN, "PA4418": NaN, "PA4522": NaN, "PA4600": NaN, "PA4700": "D502G; L353Q; S25G", "PA4776": "L71R", "PA4777": "G68S; Y345H", "PA4964": NaN, "PA4967": "D533E", "PA5045": NaN, "PA5235": NaN, "PA5471": "C40R; L88P; S112N; D119E; D207N; I237V; V243A", "PA5485": NaN}'; 
INSERT INTO metadata_general(aislado_id, aislado_nombre) VALUES ('25', 'ARA02-009') ON DUPLICATE KEY UPDATE aislado_id = '25', aislado_nombre = 'ARA02-009'; 
INSERT INTO mic(mic_id, aislado_id, pip_tz, fep, caz, imi, mer, cip, tob, col, tic, cza, tol, atm, caz_cloxa, imi_cloxa) VALUES ('25', '25', '256', '16', '16', '8', '32', '>16', '1', '1', '256', '8', '2', '64', '+', '+') ON DUPLICATE KEY UPDATE aislado_id = '25', pip_tz = '256', fep = '16', caz = '16', imi = '8', mer = '32', cip = '>16', tob = '1', col = '1', tic = '256', cza = '8', tol = '2', atm = '64', caz_cloxa = '+', imi_cloxa = '+'; 
INSERT INTO secuencia(secuencia_id, aislado_id, clon, resistoma_mutante) VALUES ('25', '25', 'ST235', '{"PA0004": NaN, "PA0424": "V126E", "PA0425": NaN, "PA0426": "G957D", "PA0427": NaN, "PA0807": "A208V", "PA0869": "A287S", "PA0958": NaN, "PA1179": NaN, "PA1180": "Y85F", "PA1777": NaN, "PA1798": "A149T; H398R", "PA1799": "L153R; S170N", "PA2018": "T543A", "PA2019": "A30T; K329Q; L331V; W358R", "PA2020": NaN, "PA2272": "A104P; V466I", "PA2491": "D249N", "PA2492": "P60S; F172I", "PA3047": NaN, "PA3168": "T83I; D87N", "PA3574": "T4I", "PA3721": "G71E; E153Q; S209R", "PA3999": NaN, "PA4003": NaN, "PA4020": NaN, "PA4109": "M288R; G283E", "PA4110": "G27D; A97V; T105A; V205L; G391A", "PA4266": NaN, "PA4418": NaN, "PA4522": "V10A; T139A; G148A", "PA4600": NaN, "PA4700": "L353Q; S25G", "PA4776": "L71R", "PA4777": "A4T; G68S; Y345H; G362S", "PA4964": "S87L", "PA4967": "D533E", "PA5045": NaN, "PA5235": NaN, "PA5471": "L88P; D161G; H182Q; R204C; V243A", "PA5485": NaN}') ON DUPLICATE KEY UPDATE aislado_id = '25', clon = 'ST235', resistoma_mutante = '{"PA0004": NaN, "PA0424": "V126E", "PA0425": NaN, "PA0426": "G957D", "PA0427": NaN, "PA0807": "A208V", "PA0869": "A287S", "PA0958": NaN, "PA1179": NaN, "PA1180": "Y85F", "PA1777": NaN, "PA1798": "A149T; H398R", "PA1799": "L153R; S170N", "PA2018": "T543A", "PA2019": "A30T; K329Q; L331V; W358R", "PA2020": NaN, "PA2272": "A104P; V466I", "PA2491": "D249N", "PA2492": "P60S; F172I", "PA3047": NaN, "PA3168": "T83I; D87N", "PA3574": "T4I", "PA3721": "G71E; E153Q; S209R", "PA3999": NaN, "PA4003": NaN, "PA4020": NaN, "PA4109": "M288R; G283E", "PA4110": "G27D; A97V; T105A; V205L; G391A", "PA4266": NaN, "PA4418": NaN, "PA4522": "V10A; T139A; G148A", "PA4600": NaN, "PA4700": "L353Q; S25G", "PA4776": "L71R", "PA4777": "A4T; G68S; Y345H; G362S", "PA4964": "S87L", "PA4967": "D533E", "PA5045": NaN, "PA5235": NaN, "PA5471": "L88P; D161G; H182Q; R204C; V243A", "PA5485": NaN}'; 
INSERT INTO metadata_general(aislado_id, aislado_nombre) VALUES ('26', 'ARA02-015') ON DUPLICATE KEY UPDATE aislado_id = '26', aislado_nombre = 'ARA02-015'; 
INSERT INTO mic(mic_id, aislado_id, pip_tz, fep, caz, imi, mer, cip, tob, col, tic, cza, tol, atm, caz_cloxa, imi_cloxa) VALUES ('26', '26', '32', '16', '16', '>32', '32', '>16', '>32', '2', '512', '16', '>32', '4', 'nan', 'nan') ON DUPLICATE KEY UPDATE aislado_id = '26', pip_tz = '32', fep = '16', caz = '16', imi = '>32', mer = '32', cip = '>16', tob = '>32', col = '2', tic = '512', cza = '16', tol = '>32', atm = '4', caz_cloxa = 'nan', imi_cloxa = 'nan'; 
INSERT INTO secuencia(secuencia_id, aislado_id, clon, resistoma_mutante) VALUES ('26', '26', 'ST175', '{"PA0004": NaN, "PA0424": NaN, "PA0425": NaN, "PA0426": NaN, "PA0427": NaN, "PA0807": "A219T", "PA0869": "S250N", "PA0958": "W339X", "PA1179": NaN, "PA1180": NaN, "PA1777": NaN, "PA1798": "H398R", "PA1799": NaN, "PA2018": "T543A", "PA2019": "K329Q; W358R", "PA2020": "G195D", "PA2272": NaN, "PA2491": "D249N", "PA2492": "P60S; F172I", "PA3047": NaN, "PA3168": "T83I; D87N", "PA3574": NaN, "PA3721": "G71E; A186T", "PA3999": NaN, "PA4003": NaN, "PA4020": NaN, "PA4109": NaN, "PA4110": NaN, "PA4266": NaN, "PA4418": NaN, "PA4522": "G148A; D183Y", "PA4600": NaN, "PA4700": NaN, "PA4776": "G19E", "PA4777": "Y345H", "PA4964": "S87W; L168Q", "PA4967": NaN, "PA5045": "E245D", "PA5235": NaN, "PA5471": "L88P; D161G; H182Q; V243A; V266M", "PA5485": NaN}') ON DUPLICATE KEY UPDATE aislado_id = '26', clon = 'ST175', resistoma_mutante = '{"PA0004": NaN, "PA0424": NaN, "PA0425": NaN, "PA0426": NaN, "PA0427": NaN, "PA0807": "A219T", "PA0869": "S250N", "PA0958": "W339X", "PA1179": NaN, "PA1180": NaN, "PA1777": NaN, "PA1798": "H398R", "PA1799": NaN, "PA2018": "T543A", "PA2019": "K329Q; W358R", "PA2020": "G195D", "PA2272": NaN, "PA2491": "D249N", "PA2492": "P60S; F172I", "PA3047": NaN, "PA3168": "T83I; D87N", "PA3574": NaN, "PA3721": "G71E; A186T", "PA3999": NaN, "PA4003": NaN, "PA4020": NaN, "PA4109": NaN, "PA4110": NaN, "PA4266": NaN, "PA4418": NaN, "PA4522": "G148A; D183Y", "PA4600": NaN, "PA4700": NaN, "PA4776": "G19E", "PA4777": "Y345H", "PA4964": "S87W; L168Q", "PA4967": NaN, "PA5045": "E245D", "PA5235": NaN, "PA5471": "L88P; D161G; H182Q; V243A; V266M", "PA5485": NaN}'; 
INSERT INTO metadata_general(aislado_id, aislado_nombre) VALUES ('27', 'ARA02-017') ON DUPLICATE KEY UPDATE aislado_id = '27', aislado_nombre = 'ARA02-017'; 
INSERT INTO mic(mic_id, aislado_id, pip_tz, fep, caz, imi, mer, cip, tob, col, tic, cza, tol, atm, caz_cloxa, imi_cloxa) VALUES ('27', '27', '32', '16', '32', '>32', '64', '>16', '32', '4', '>512', '32', '>32', '8', 'nan', 'nan') ON DUPLICATE KEY UPDATE aislado_id = '27', pip_tz = '32', fep = '16', caz = '32', imi = '>32', mer = '64', cip = '>16', tob = '32', col = '4', tic = '>512', cza = '32', tol = '>32', atm = '8', caz_cloxa = 'nan', imi_cloxa = 'nan'; 
INSERT INTO secuencia(secuencia_id, aislado_id, clon, resistoma_mutante) VALUES ('27', '27', 'ST175', '{"PA0004": NaN, "PA0424": NaN, "PA0425": NaN, "PA0426": NaN, "PA0427": NaN, "PA0807": "A219T", "PA0869": "S250N", "PA0958": "nt55\u039440", "PA1179": NaN, "PA1180": NaN, "PA1777": NaN, "PA1798": "H398R", "PA1799": NaN, "PA2018": "T543A", "PA2019": "K329Q; W358R", "PA2020": "G195D", "PA2272": "E37K; A104P", "PA2491": "D249N", "PA2492": "P60S; F172I", "PA3047": NaN, "PA3168": "T83I; D87N", "PA3574": NaN, "PA3721": "G71E; A186T", "PA3999": NaN, "PA4003": NaN, "PA4020": NaN, "PA4109": NaN, "PA4110": NaN, "PA4266": NaN, "PA4418": NaN, "PA4522": "G148A; D183Y", "PA4600": NaN, "PA4700": NaN, "PA4776": NaN, "PA4777": "L301F; Y345H", "PA4964": "S87W; L168Q", "PA4967": NaN, "PA5045": "E245D", "PA5235": NaN, "PA5471": "L88P; D161G; H182Q; V243A; V266M", "PA5485": NaN}') ON DUPLICATE KEY UPDATE aislado_id = '27', clon = 'ST175', resistoma_mutante = '{"PA0004": NaN, "PA0424": NaN, "PA0425": NaN, "PA0426": NaN, "PA0427": NaN, "PA0807": "A219T", "PA0869": "S250N", "PA0958": "nt55\u039440", "PA1179": NaN, "PA1180": NaN, "PA1777": NaN, "PA1798": "H398R", "PA1799": NaN, "PA2018": "T543A", "PA2019": "K329Q; W358R", "PA2020": "G195D", "PA2272": "E37K; A104P", "PA2491": "D249N", "PA2492": "P60S; F172I", "PA3047": NaN, "PA3168": "T83I; D87N", "PA3574": NaN, "PA3721": "G71E; A186T", "PA3999": NaN, "PA4003": NaN, "PA4020": NaN, "PA4109": NaN, "PA4110": NaN, "PA4266": NaN, "PA4418": NaN, "PA4522": "G148A; D183Y", "PA4600": NaN, "PA4700": NaN, "PA4776": NaN, "PA4777": "L301F; Y345H", "PA4964": "S87W; L168Q", "PA4967": NaN, "PA5045": "E245D", "PA5235": NaN, "PA5471": "L88P; D161G; H182Q; V243A; V266M", "PA5485": NaN}'; 
INSERT INTO metadata_general(aislado_id, aislado_nombre) VALUES ('28', 'ARA02-029') ON DUPLICATE KEY UPDATE aislado_id = '28', aislado_nombre = 'ARA02-029'; 
INSERT INTO mic(mic_id, aislado_id, pip_tz, fep, caz, imi, mer, cip, tob, col, tic, cza, tol, atm, caz_cloxa, imi_cloxa) VALUES ('28', '28', '256', '16', '16', '16', '4', '>16', '32', '1', '>512', '4', '1', '16', '+', '+') ON DUPLICATE KEY UPDATE aislado_id = '28', pip_tz = '256', fep = '16', caz = '16', imi = '16', mer = '4', cip = '>16', tob = '32', col = '1', tic = '>512', cza = '4', tol = '1', atm = '16', caz_cloxa = '+', imi_cloxa = '+'; 
INSERT INTO secuencia(secuencia_id, aislado_id, clon, resistoma_mutante) VALUES ('28', '28', 'ST111', '{"PA0004": NaN, "PA0424": "V126E", "PA0425": NaN, "PA0426": NaN, "PA0427": NaN, "PA0807": "A219T", "PA0869": NaN, "PA0958": NaN, "PA1179": NaN, "PA1180": NaN, "PA1777": NaN, "PA1798": "L137P; H398R; nt109\u03941", "PA1799": NaN, "PA2018": "G530S", "PA2019": "K329Q; L331V; W358R", "PA2020": NaN, "PA2272": "A104P", "PA2491": "D249N", "PA2492": "F172I", "PA3047": NaN, "PA3168": "T83I; V671I; G860S", "PA3574": NaN, "PA3721": "G71E", "PA3999": NaN, "PA4003": NaN, "PA4020": "D411A", "PA4109": "G283E", "PA4110": "T105A", "PA4266": NaN, "PA4418": NaN, "PA4522": "G148A", "PA4600": NaN, "PA4700": "M715K; K607R", "PA4776": "L71R", "PA4777": "A4T; V6A; V15I; G68S; Y345H", "PA4964": "S87L", "PA4967": NaN, "PA5045": "G596R", "PA5235": "nt210\u03946", "PA5471": "L88P; D161G; H182Q; V243A", "PA5485": NaN}') ON DUPLICATE KEY UPDATE aislado_id = '28', clon = 'ST111', resistoma_mutante = '{"PA0004": NaN, "PA0424": "V126E", "PA0425": NaN, "PA0426": NaN, "PA0427": NaN, "PA0807": "A219T", "PA0869": NaN, "PA0958": NaN, "PA1179": NaN, "PA1180": NaN, "PA1777": NaN, "PA1798": "L137P; H398R; nt109\u03941", "PA1799": NaN, "PA2018": "G530S", "PA2019": "K329Q; L331V; W358R", "PA2020": NaN, "PA2272": "A104P", "PA2491": "D249N", "PA2492": "F172I", "PA3047": NaN, "PA3168": "T83I; V671I; G860S", "PA3574": NaN, "PA3721": "G71E", "PA3999": NaN, "PA4003": NaN, "PA4020": "D411A", "PA4109": "G283E", "PA4110": "T105A", "PA4266": NaN, "PA4418": NaN, "PA4522": "G148A", "PA4600": NaN, "PA4700": "M715K; K607R", "PA4776": "L71R", "PA4777": "A4T; V6A; V15I; G68S; Y345H", "PA4964": "S87L", "PA4967": NaN, "PA5045": "G596R", "PA5235": "nt210\u03946", "PA5471": "L88P; D161G; H182Q; V243A", "PA5485": NaN}'; 
INSERT INTO metadata_general(aislado_id, aislado_nombre) VALUES ('29', 'ARA02-040') ON DUPLICATE KEY UPDATE aislado_id = '29', aislado_nombre = 'ARA02-040'; 
INSERT INTO mic(mic_id, aislado_id, pip_tz, fep, caz, imi, mer, cip, tob, col, tic, cza, tol, atm, caz_cloxa, imi_cloxa) VALUES ('29', '29', '64', '8', '16', '16', '16', '>16', '16', '1', '128', '4', '2', '32', '+', '+') ON DUPLICATE KEY UPDATE aislado_id = '29', pip_tz = '64', fep = '8', caz = '16', imi = '16', mer = '16', cip = '>16', tob = '16', col = '1', tic = '128', cza = '4', tol = '2', atm = '32', caz_cloxa = '+', imi_cloxa = '+'; 
INSERT INTO secuencia(secuencia_id, aislado_id, clon, resistoma_mutante) VALUES ('29', '29', 'ST175', '{"PA0004": NaN, "PA0424": NaN, "PA0425": NaN, "PA0426": NaN, "PA0427": NaN, "PA0807": "A219T", "PA0869": "S250N", "PA0958": "Q142X", "PA1179": NaN, "PA1180": NaN, "PA1777": NaN, "PA1798": NaN, "PA1799": NaN, "PA2018": "T543A", "PA2019": "K329Q; W358R", "PA2020": "G195D", "PA2272": "E37K; A104P", "PA2491": "D249N", "PA2492": "P60S; F172I", "PA3047": NaN, "PA3168": "T83I; D87N", "PA3574": NaN, "PA3721": "G71E; A186T", "PA3999": NaN, "PA4003": NaN, "PA4020": NaN, "PA4109": "G154R", "PA4110": NaN, "PA4266": NaN, "PA4418": NaN, "PA4522": "G148A; D183Y", "PA4600": NaN, "PA4700": NaN, "PA4776": NaN, "PA4777": "Y345H", "PA4964": "S87W; L168Q", "PA4967": NaN, "PA5045": "E245D", "PA5235": "T211P", "PA5471": "L88P; D161G; H182Q; V243A; V266M", "PA5485": NaN}') ON DUPLICATE KEY UPDATE aislado_id = '29', clon = 'ST175', resistoma_mutante = '{"PA0004": NaN, "PA0424": NaN, "PA0425": NaN, "PA0426": NaN, "PA0427": NaN, "PA0807": "A219T", "PA0869": "S250N", "PA0958": "Q142X", "PA1179": NaN, "PA1180": NaN, "PA1777": NaN, "PA1798": NaN, "PA1799": NaN, "PA2018": "T543A", "PA2019": "K329Q; W358R", "PA2020": "G195D", "PA2272": "E37K; A104P", "PA2491": "D249N", "PA2492": "P60S; F172I", "PA3047": NaN, "PA3168": "T83I; D87N", "PA3574": NaN, "PA3721": "G71E; A186T", "PA3999": NaN, "PA4003": NaN, "PA4020": NaN, "PA4109": "G154R", "PA4110": NaN, "PA4266": NaN, "PA4418": NaN, "PA4522": "G148A; D183Y", "PA4600": NaN, "PA4700": NaN, "PA4776": NaN, "PA4777": "Y345H", "PA4964": "S87W; L168Q", "PA4967": NaN, "PA5045": "E245D", "PA5235": "T211P", "PA5471": "L88P; D161G; H182Q; V243A; V266M", "PA5485": NaN}'; 
INSERT INTO metadata_general(aislado_id, aislado_nombre) VALUES ('30', 'ARA03-008') ON DUPLICATE KEY UPDATE aislado_id = '30', aislado_nombre = 'ARA03-008'; 
INSERT INTO mic(mic_id, aislado_id, pip_tz, fep, caz, imi, mer, cip, tob, col, tic, cza, tol, atm, caz_cloxa, imi_cloxa) VALUES ('30', '30', '256', '16', '32', '2', '1', '16', '>32', '1', '128', '8', '2', '32', '+', '+') ON DUPLICATE KEY UPDATE aislado_id = '30', pip_tz = '256', fep = '16', caz = '32', imi = '2', mer = '1', cip = '16', tob = '>32', col = '1', tic = '128', cza = '8', tol = '2', atm = '32', caz_cloxa = '+', imi_cloxa = '+'; 
INSERT INTO secuencia(secuencia_id, aislado_id, clon, resistoma_mutante) VALUES ('30', '30', 'ST308', '{"PA0004": NaN, "PA0424": "V126E", "PA0425": NaN, "PA0426": "G957D", "PA0427": NaN, "PA0807": NaN, "PA0869": "V201M; A287S", "PA0958": NaN, "PA1179": NaN, "PA1180": NaN, "PA1777": NaN, "PA1798": "L137P; V216A; H398R", "PA1799": "L153R; S170N; nt618InsA", "PA2018": "I536V; T543A; G589A; Q840E; N1036T", "PA2019": "A30T; K329Q; L331V; W358R", "PA2020": "G89S; nt483InsTAT", "PA2272": "A104P", "PA2491": "V73A; D249N", "PA2492": "F172I", "PA3047": NaN, "PA3168": "T83I", "PA3574": NaN, "PA3721": "G71E; D79E; S209R", "PA3999": NaN, "PA4003": NaN, "PA4020": NaN, "PA4109": "G283E; M288R", "PA4110": "G27D; T105A; V205L; V356I; G391A", "PA4266": NaN, "PA4418": NaN, "PA4522": "A96T", "PA4600": NaN, "PA4700": "L353Q; S25G", "PA4776": NaN, "PA4777": "S2P; A4T; V15I; G68S; Y345H", "PA4964": "S87L; P752T", "PA4967": "D533E", "PA5045": "D73N", "PA5235": "nt143\u03949", "PA5471": "C40R; L88P; S112N; D119E; I237V; V243A", "PA5485": "V40I"}') ON DUPLICATE KEY UPDATE aislado_id = '30', clon = 'ST308', resistoma_mutante = '{"PA0004": NaN, "PA0424": "V126E", "PA0425": NaN, "PA0426": "G957D", "PA0427": NaN, "PA0807": NaN, "PA0869": "V201M; A287S", "PA0958": NaN, "PA1179": NaN, "PA1180": NaN, "PA1777": NaN, "PA1798": "L137P; V216A; H398R", "PA1799": "L153R; S170N; nt618InsA", "PA2018": "I536V; T543A; G589A; Q840E; N1036T", "PA2019": "A30T; K329Q; L331V; W358R", "PA2020": "G89S; nt483InsTAT", "PA2272": "A104P", "PA2491": "V73A; D249N", "PA2492": "F172I", "PA3047": NaN, "PA3168": "T83I", "PA3574": NaN, "PA3721": "G71E; D79E; S209R", "PA3999": NaN, "PA4003": NaN, "PA4020": NaN, "PA4109": "G283E; M288R", "PA4110": "G27D; T105A; V205L; V356I; G391A", "PA4266": NaN, "PA4418": NaN, "PA4522": "A96T", "PA4600": NaN, "PA4700": "L353Q; S25G", "PA4776": NaN, "PA4777": "S2P; A4T; V15I; G68S; Y345H", "PA4964": "S87L; P752T", "PA4967": "D533E", "PA5045": "D73N", "PA5235": "nt143\u03949", "PA5471": "C40R; L88P; S112N; D119E; I237V; V243A", "PA5485": "V40I"}'; 
INSERT INTO metadata_general(aislado_id, aislado_nombre) VALUES ('31', 'AST01-007') ON DUPLICATE KEY UPDATE aislado_id = '31', aislado_nombre = 'AST01-007'; 
INSERT INTO mic(mic_id, aislado_id, pip_tz, fep, caz, imi, mer, cip, tob, col, tic, cza, tol, atm, caz_cloxa, imi_cloxa) VALUES ('31', '31', '128', '16', '32', '8', '8', '>16', '16', '1', '128', '4', '2', '16', '+', '+') ON DUPLICATE KEY UPDATE aislado_id = '31', pip_tz = '128', fep = '16', caz = '32', imi = '8', mer = '8', cip = '>16', tob = '16', col = '1', tic = '128', cza = '4', tol = '2', atm = '16', caz_cloxa = '+', imi_cloxa = '+'; 
INSERT INTO secuencia(secuencia_id, aislado_id, clon, resistoma_mutante) VALUES ('31', '31', 'ST175', '{"PA0004": NaN, "PA0424": NaN, "PA0425": NaN, "PA0426": NaN, "PA0427": NaN, "PA0807": "A219T", "PA0869": "S250N", "PA0958": "Q142X", "PA1179": NaN, "PA1180": NaN, "PA1777": NaN, "PA1798": "H398R", "PA1799": NaN, "PA2018": "T543A", "PA2019": "K329Q", "PA2020": "G195D", "PA2272": "E37K; A104P", "PA2491": "D249N", "PA2492": "P60S; F172I", "PA3047": NaN, "PA3168": "T83I; D87N", "PA3574": NaN, "PA3721": "G71E; A186T", "PA3999": NaN, "PA4003": NaN, "PA4020": NaN, "PA4109": "G154R", "PA4110": NaN, "PA4266": NaN, "PA4418": NaN, "PA4522": "G148A; D183Y", "PA4600": NaN, "PA4700": NaN, "PA4776": NaN, "PA4777": "Y345H", "PA4964": "S87W; L168Q", "PA4967": NaN, "PA5045": "E245D", "PA5235": "T211P", "PA5471": "L88P; D161G; H182Q; V243A; V266M", "PA5485": NaN}') ON DUPLICATE KEY UPDATE aislado_id = '31', clon = 'ST175', resistoma_mutante = '{"PA0004": NaN, "PA0424": NaN, "PA0425": NaN, "PA0426": NaN, "PA0427": NaN, "PA0807": "A219T", "PA0869": "S250N", "PA0958": "Q142X", "PA1179": NaN, "PA1180": NaN, "PA1777": NaN, "PA1798": "H398R", "PA1799": NaN, "PA2018": "T543A", "PA2019": "K329Q", "PA2020": "G195D", "PA2272": "E37K; A104P", "PA2491": "D249N", "PA2492": "P60S; F172I", "PA3047": NaN, "PA3168": "T83I; D87N", "PA3574": NaN, "PA3721": "G71E; A186T", "PA3999": NaN, "PA4003": NaN, "PA4020": NaN, "PA4109": "G154R", "PA4110": NaN, "PA4266": NaN, "PA4418": NaN, "PA4522": "G148A; D183Y", "PA4600": NaN, "PA4700": NaN, "PA4776": NaN, "PA4777": "Y345H", "PA4964": "S87W; L168Q", "PA4967": NaN, "PA5045": "E245D", "PA5235": "T211P", "PA5471": "L88P; D161G; H182Q; V243A; V266M", "PA5485": NaN}'; 
INSERT INTO metadata_general(aislado_id, aislado_nombre) VALUES ('32', 'AST01-025') ON DUPLICATE KEY UPDATE aislado_id = '32', aislado_nombre = 'AST01-025'; 
INSERT INTO mic(mic_id, aislado_id, pip_tz, fep, caz, imi, mer, cip, tob, col, tic, cza, tol, atm, caz_cloxa, imi_cloxa) VALUES ('32', '32', '256', '16', '64', '1', '2', '>16', '>32', '1', '256', '8', '4', '32', '+', 'nan') ON DUPLICATE KEY UPDATE aislado_id = '32', pip_tz = '256', fep = '16', caz = '64', imi = '1', mer = '2', cip = '>16', tob = '>32', col = '1', tic = '256', cza = '8', tol = '4', atm = '32', caz_cloxa = '+', imi_cloxa = 'nan'; 
INSERT INTO secuencia(secuencia_id, aislado_id, clon, resistoma_mutante) VALUES ('32', '32', 'ST308', '{"PA0004": "E468D", "PA0424": "V126E", "PA0425": NaN, "PA0426": "G957D", "PA0427": NaN, "PA0807": NaN, "PA0869": "A287S", "PA0958": NaN, "PA1179": NaN, "PA1180": NaN, "PA1777": NaN, "PA1798": "L137P; V216A; H398R", "PA1799": "L153R; S170N; nt618InsA", "PA2018": "I536V; T543A; G589A; Q840E; N1036T", "PA2019": "A30T; K329Q; L331V; W358R", "PA2020": "G89S; nt483InsTAT", "PA2272": "A104P", "PA2491": "V73A; D249N", "PA2492": "F172I", "PA3047": NaN, "PA3168": "T83I", "PA3574": NaN, "PA3721": "G71E; D79E; S209R", "PA3999": NaN, "PA4003": NaN, "PA4020": NaN, "PA4109": "G283E; M288R", "PA4110": "G27D; T105A; V205L; V356I; G391A", "PA4266": NaN, "PA4418": NaN, "PA4522": "A96T", "PA4600": NaN, "PA4700": "L353Q; S25G", "PA4776": NaN, "PA4777": "S2P; A4T; V15I; G68S; Y345H", "PA4964": "S87L; P752T", "PA4967": "P438S; D533E", "PA5045": "D73N", "PA5235": NaN, "PA5471": "C40R; L88P; S112N; D119E; I237V; V243A", "PA5485": "V40I"}') ON DUPLICATE KEY UPDATE aislado_id = '32', clon = 'ST308', resistoma_mutante = '{"PA0004": "E468D", "PA0424": "V126E", "PA0425": NaN, "PA0426": "G957D", "PA0427": NaN, "PA0807": NaN, "PA0869": "A287S", "PA0958": NaN, "PA1179": NaN, "PA1180": NaN, "PA1777": NaN, "PA1798": "L137P; V216A; H398R", "PA1799": "L153R; S170N; nt618InsA", "PA2018": "I536V; T543A; G589A; Q840E; N1036T", "PA2019": "A30T; K329Q; L331V; W358R", "PA2020": "G89S; nt483InsTAT", "PA2272": "A104P", "PA2491": "V73A; D249N", "PA2492": "F172I", "PA3047": NaN, "PA3168": "T83I", "PA3574": NaN, "PA3721": "G71E; D79E; S209R", "PA3999": NaN, "PA4003": NaN, "PA4020": NaN, "PA4109": "G283E; M288R", "PA4110": "G27D; T105A; V205L; V356I; G391A", "PA4266": NaN, "PA4418": NaN, "PA4522": "A96T", "PA4600": NaN, "PA4700": "L353Q; S25G", "PA4776": NaN, "PA4777": "S2P; A4T; V15I; G68S; Y345H", "PA4964": "S87L; P752T", "PA4967": "P438S; D533E", "PA5045": "D73N", "PA5235": NaN, "PA5471": "C40R; L88P; S112N; D119E; I237V; V243A", "PA5485": "V40I"}'; 
INSERT INTO metadata_general(aislado_id, aislado_nombre) VALUES ('33', 'AST01-026') ON DUPLICATE KEY UPDATE aislado_id = '33', aislado_nombre = 'AST01-026'; 
INSERT INTO mic(mic_id, aislado_id, pip_tz, fep, caz, imi, mer, cip, tob, col, tic, cza, tol, atm, caz_cloxa, imi_cloxa) VALUES ('33', '33', '64', '8', '16', '16', '8', '>16', '32', '1', '64', '4', '1', '8', '+', '+') ON DUPLICATE KEY UPDATE aislado_id = '33', pip_tz = '64', fep = '8', caz = '16', imi = '16', mer = '8', cip = '>16', tob = '32', col = '1', tic = '64', cza = '4', tol = '1', atm = '8', caz_cloxa = '+', imi_cloxa = '+'; 
INSERT INTO secuencia(secuencia_id, aislado_id, clon, resistoma_mutante) VALUES ('33', '33', 'ST175', '{"PA0004": NaN, "PA0424": NaN, "PA0425": NaN, "PA0426": NaN, "PA0427": NaN, "PA0807": "A219T", "PA0869": "S250N", "PA0958": "Q142X", "PA1179": NaN, "PA1180": NaN, "PA1777": NaN, "PA1798": "H398R", "PA1799": NaN, "PA2018": "T543A", "PA2019": "K329Q", "PA2020": "G195D", "PA2272": "E37K; A104P", "PA2491": "D249N", "PA2492": "P60S; F172I", "PA3047": NaN, "PA3168": "T83I; D87N", "PA3574": NaN, "PA3721": "G71E; A186T", "PA3999": NaN, "PA4003": NaN, "PA4020": NaN, "PA4109": "G154R", "PA4110": NaN, "PA4266": NaN, "PA4418": NaN, "PA4522": "G148A; D183Y", "PA4600": NaN, "PA4700": NaN, "PA4776": NaN, "PA4777": "Y345H", "PA4964": "S87W; L168Q", "PA4967": NaN, "PA5045": "E245D", "PA5235": "T211P", "PA5471": "L88P; D161G; H182Q; V243A; V266M", "PA5485": NaN}') ON DUPLICATE KEY UPDATE aislado_id = '33', clon = 'ST175', resistoma_mutante = '{"PA0004": NaN, "PA0424": NaN, "PA0425": NaN, "PA0426": NaN, "PA0427": NaN, "PA0807": "A219T", "PA0869": "S250N", "PA0958": "Q142X", "PA1179": NaN, "PA1180": NaN, "PA1777": NaN, "PA1798": "H398R", "PA1799": NaN, "PA2018": "T543A", "PA2019": "K329Q", "PA2020": "G195D", "PA2272": "E37K; A104P", "PA2491": "D249N", "PA2492": "P60S; F172I", "PA3047": NaN, "PA3168": "T83I; D87N", "PA3574": NaN, "PA3721": "G71E; A186T", "PA3999": NaN, "PA4003": NaN, "PA4020": NaN, "PA4109": "G154R", "PA4110": NaN, "PA4266": NaN, "PA4418": NaN, "PA4522": "G148A; D183Y", "PA4600": NaN, "PA4700": NaN, "PA4776": NaN, "PA4777": "Y345H", "PA4964": "S87W; L168Q", "PA4967": NaN, "PA5045": "E245D", "PA5235": "T211P", "PA5471": "L88P; D161G; H182Q; V243A; V266M", "PA5485": NaN}'; 
INSERT INTO metadata_general(aislado_id, aislado_nombre) VALUES ('34', 'AST01-042') ON DUPLICATE KEY UPDATE aislado_id = '34', aislado_nombre = 'AST01-042'; 
INSERT INTO mic(mic_id, aislado_id, pip_tz, fep, caz, imi, mer, cip, tob, col, tic, cza, tol, atm, caz_cloxa, imi_cloxa) VALUES ('34', '34', '256', '16', '32', '1', '4', '16', '1', '<=0.5', '128', '8', '2', '32', '+', 'nan') ON DUPLICATE KEY UPDATE aislado_id = '34', pip_tz = '256', fep = '16', caz = '32', imi = '1', mer = '4', cip = '16', tob = '1', col = '<=0.5', tic = '128', cza = '8', tol = '2', atm = '32', caz_cloxa = '+', imi_cloxa = 'nan'; 
INSERT INTO secuencia(secuencia_id, aislado_id, clon, resistoma_mutante) VALUES ('34', '34', 'ST235', '{"PA0004": NaN, "PA0424": "V126E", "PA0425": NaN, "PA0426": "G957D", "PA0427": NaN, "PA0807": "A208V", "PA0869": "A287S", "PA0958": NaN, "PA1179": NaN, "PA1180": "Y85F", "PA1777": NaN, "PA1798": "H398R", "PA1799": "L153R; S170N", "PA2018": "T543A", "PA2019": "A30T; K329Q; L331V; W358R", "PA2020": NaN, "PA2272": "A104P; V466I", "PA2491": "D249N", "PA2492": "P60S; F172I", "PA3047": NaN, "PA3168": "T83I", "PA3574": NaN, "PA3721": "G71E; E153Q; S209R", "PA3999": NaN, "PA4003": NaN, "PA4020": NaN, "PA4109": "G283E; M288R", "PA4110": "G27D; A97V; T105A; V205L; G391A", "PA4266": NaN, "PA4418": NaN, "PA4522": "G148A; nt377\u03941", "PA4600": NaN, "PA4700": "L353Q; S25G", "PA4776": "L71R", "PA4777": "A4T; G68S; Y345H; G362S", "PA4964": "S87L", "PA4967": "D533E", "PA5045": NaN, "PA5235": NaN, "PA5471": "L88P; D161G; H182Q; R204C; V243A", "PA5485": NaN}') ON DUPLICATE KEY UPDATE aislado_id = '34', clon = 'ST235', resistoma_mutante = '{"PA0004": NaN, "PA0424": "V126E", "PA0425": NaN, "PA0426": "G957D", "PA0427": NaN, "PA0807": "A208V", "PA0869": "A287S", "PA0958": NaN, "PA1179": NaN, "PA1180": "Y85F", "PA1777": NaN, "PA1798": "H398R", "PA1799": "L153R; S170N", "PA2018": "T543A", "PA2019": "A30T; K329Q; L331V; W358R", "PA2020": NaN, "PA2272": "A104P; V466I", "PA2491": "D249N", "PA2492": "P60S; F172I", "PA3047": NaN, "PA3168": "T83I", "PA3574": NaN, "PA3721": "G71E; E153Q; S209R", "PA3999": NaN, "PA4003": NaN, "PA4020": NaN, "PA4109": "G283E; M288R", "PA4110": "G27D; A97V; T105A; V205L; G391A", "PA4266": NaN, "PA4418": NaN, "PA4522": "G148A; nt377\u03941", "PA4600": NaN, "PA4700": "L353Q; S25G", "PA4776": "L71R", "PA4777": "A4T; G68S; Y345H; G362S", "PA4964": "S87L", "PA4967": "D533E", "PA5045": NaN, "PA5235": NaN, "PA5471": "L88P; D161G; H182Q; R204C; V243A", "PA5485": NaN}'; 
INSERT INTO metadata_general(aislado_id, aislado_nombre) VALUES ('35', 'BAL01-003') ON DUPLICATE KEY UPDATE aislado_id = '35', aislado_nombre = 'BAL01-003'; 
INSERT INTO mic(mic_id, aislado_id, pip_tz, fep, caz, imi, mer, cip, tob, col, tic, cza, tol, atm, caz_cloxa, imi_cloxa) VALUES ('35', '35', '128', '4', '16', '8', '8', '>16', '16', '2', '128', '2', '1', '16', '+', '+') ON DUPLICATE KEY UPDATE aislado_id = '35', pip_tz = '128', fep = '4', caz = '16', imi = '8', mer = '8', cip = '>16', tob = '16', col = '2', tic = '128', cza = '2', tol = '1', atm = '16', caz_cloxa = '+', imi_cloxa = '+'; 
INSERT INTO secuencia(secuencia_id, aislado_id, clon, resistoma_mutante) VALUES ('35', '35', 'ST175', '{"PA0004": NaN, "PA0424": NaN, "PA0425": NaN, "PA0426": NaN, "PA0427": NaN, "PA0807": "A219T", "PA0869": "S250N", "PA0958": "Q142X", "PA1179": NaN, "PA1180": NaN, "PA1777": NaN, "PA1798": "H398R", "PA1799": NaN, "PA2018": "T543A", "PA2019": "K329Q; W358R", "PA2020": "G195D", "PA2272": "E37K; A104P", "PA2491": "D249N", "PA2492": "P60S; F172I", "PA3047": NaN, "PA3168": "T83I; D87N", "PA3574": NaN, "PA3721": "G71E; A186T", "PA3999": NaN, "PA4003": NaN, "PA4020": NaN, "PA4109": "G154R", "PA4110": NaN, "PA4266": NaN, "PA4418": NaN, "PA4522": "G148A; D183Y", "PA4600": NaN, "PA4700": NaN, "PA4776": NaN, "PA4777": "Y345H", "PA4964": "S87W; L168Q", "PA4967": NaN, "PA5045": "E245D", "PA5235": "T211P", "PA5471": "L88P; D161G; H182Q; V243A; V266M", "PA5485": NaN}') ON DUPLICATE KEY UPDATE aislado_id = '35', clon = 'ST175', resistoma_mutante = '{"PA0004": NaN, "PA0424": NaN, "PA0425": NaN, "PA0426": NaN, "PA0427": NaN, "PA0807": "A219T", "PA0869": "S250N", "PA0958": "Q142X", "PA1179": NaN, "PA1180": NaN, "PA1777": NaN, "PA1798": "H398R", "PA1799": NaN, "PA2018": "T543A", "PA2019": "K329Q; W358R", "PA2020": "G195D", "PA2272": "E37K; A104P", "PA2491": "D249N", "PA2492": "P60S; F172I", "PA3047": NaN, "PA3168": "T83I; D87N", "PA3574": NaN, "PA3721": "G71E; A186T", "PA3999": NaN, "PA4003": NaN, "PA4020": NaN, "PA4109": "G154R", "PA4110": NaN, "PA4266": NaN, "PA4418": NaN, "PA4522": "G148A; D183Y", "PA4600": NaN, "PA4700": NaN, "PA4776": NaN, "PA4777": "Y345H", "PA4964": "S87W; L168Q", "PA4967": NaN, "PA5045": "E245D", "PA5235": "T211P", "PA5471": "L88P; D161G; H182Q; V243A; V266M", "PA5485": NaN}'; 
INSERT INTO metadata_general(aislado_id, aislado_nombre) VALUES ('36', 'BAL01-013') ON DUPLICATE KEY UPDATE aislado_id = '36', aislado_nombre = 'BAL01-013'; 
INSERT INTO mic(mic_id, aislado_id, pip_tz, fep, caz, imi, mer, cip, tob, col, tic, cza, tol, atm, caz_cloxa, imi_cloxa) VALUES ('36', '36', '16', '32', '64', '2', '16', '>16', '16', '2', '>512', '>32', '>32', '32', 'nan', 'nan') ON DUPLICATE KEY UPDATE aislado_id = '36', pip_tz = '16', fep = '32', caz = '64', imi = '2', mer = '16', cip = '>16', tob = '16', col = '2', tic = '>512', cza = '>32', tol = '>32', atm = '32', caz_cloxa = 'nan', imi_cloxa = 'nan'; 
INSERT INTO secuencia(secuencia_id, aislado_id, clon, resistoma_mutante) VALUES ('36', '36', 'ST175', '{"PA0004": NaN, "PA0424": NaN, "PA0425": NaN, "PA0426": NaN, "PA0427": NaN, "PA0807": "A219T", "PA0869": "S250N", "PA0958": "Q142X", "PA1179": NaN, "PA1180": NaN, "PA1777": NaN, "PA1798": NaN, "PA1799": NaN, "PA2018": "T543A", "PA2019": "K329Q; W358R", "PA2020": "G195D", "PA2272": "E37K; A104P", "PA2491": "D249N", "PA2492": NaN, "PA3047": NaN, "PA3168": "T83I; D87N", "PA3574": NaN, "PA3721": "G71E; A186T", "PA3999": NaN, "PA4003": NaN, "PA4020": NaN, "PA4109": "G154R", "PA4110": "G183D", "PA4266": NaN, "PA4418": "R504C", "PA4522": "G148A; D183Y", "PA4600": NaN, "PA4700": NaN, "PA4776": NaN, "PA4777": "Y345H", "PA4964": "S87W; L168Q", "PA4967": NaN, "PA5045": "E245D", "PA5235": "T211P", "PA5471": "L88P; D161G; H182Q; V243A; V266M", "PA5485": NaN}') ON DUPLICATE KEY UPDATE aislado_id = '36', clon = 'ST175', resistoma_mutante = '{"PA0004": NaN, "PA0424": NaN, "PA0425": NaN, "PA0426": NaN, "PA0427": NaN, "PA0807": "A219T", "PA0869": "S250N", "PA0958": "Q142X", "PA1179": NaN, "PA1180": NaN, "PA1777": NaN, "PA1798": NaN, "PA1799": NaN, "PA2018": "T543A", "PA2019": "K329Q; W358R", "PA2020": "G195D", "PA2272": "E37K; A104P", "PA2491": "D249N", "PA2492": NaN, "PA3047": NaN, "PA3168": "T83I; D87N", "PA3574": NaN, "PA3721": "G71E; A186T", "PA3999": NaN, "PA4003": NaN, "PA4020": NaN, "PA4109": "G154R", "PA4110": "G183D", "PA4266": NaN, "PA4418": "R504C", "PA4522": "G148A; D183Y", "PA4600": NaN, "PA4700": NaN, "PA4776": NaN, "PA4777": "Y345H", "PA4964": "S87W; L168Q", "PA4967": NaN, "PA5045": "E245D", "PA5235": "T211P", "PA5471": "L88P; D161G; H182Q; V243A; V266M", "PA5485": NaN}'; 
INSERT INTO metadata_general(aislado_id, aislado_nombre) VALUES ('37', 'BAL01-034') ON DUPLICATE KEY UPDATE aislado_id = '37', aislado_nombre = 'BAL01-034'; 
INSERT INTO mic(mic_id, aislado_id, pip_tz, fep, caz, imi, mer, cip, tob, col, tic, cza, tol, atm, caz_cloxa, imi_cloxa) VALUES ('37', '37', '128', '32', '2', '2', '8', '16', '8', '1', '>512', '2', '4', '8', 'nan', 'nan') ON DUPLICATE KEY UPDATE aislado_id = '37', pip_tz = '128', fep = '32', caz = '2', imi = '2', mer = '8', cip = '16', tob = '8', col = '1', tic = '>512', cza = '2', tol = '4', atm = '8', caz_cloxa = 'nan', imi_cloxa = 'nan'; 
INSERT INTO secuencia(secuencia_id, aislado_id, clon, resistoma_mutante) VALUES ('37', '37', 'ST179', '{"PA0004": NaN, "PA0424": NaN, "PA0425": NaN, "PA0426": NaN, "PA0427": NaN, "PA0807": "A219T", "PA0869": NaN, "PA0958": NaN, "PA1179": NaN, "PA1180": "S300R", "PA1777": NaN, "PA1798": "V291L; H398R", "PA1799": NaN, "PA2018": "T543A", "PA2019": "K329Q; L331V; W358R", "PA2020": "nt144InsT", "PA2272": "A20S; G58D", "PA2491": "D249N", "PA2492": "F172I", "PA3047": NaN, "PA3168": "T83I", "PA3574": NaN, "PA3721": "G71E; S209R", "PA3999": NaN, "PA4003": NaN, "PA4020": "A303V; M297V", "PA4109": NaN, "PA4110": "T105A; L176R", "PA4266": NaN, "PA4418": NaN, "PA4522": "Q44H; G148A; D183Y", "PA4600": NaN, "PA4700": "L353Q", "PA4776": NaN, "PA4777": "Y345H", "PA4964": NaN, "PA4967": NaN, "PA5045": NaN, "PA5235": NaN, "PA5471": "L88P; D161G; H182Q; V243A", "PA5485": NaN}') ON DUPLICATE KEY UPDATE aislado_id = '37', clon = 'ST179', resistoma_mutante = '{"PA0004": NaN, "PA0424": NaN, "PA0425": NaN, "PA0426": NaN, "PA0427": NaN, "PA0807": "A219T", "PA0869": NaN, "PA0958": NaN, "PA1179": NaN, "PA1180": "S300R", "PA1777": NaN, "PA1798": "V291L; H398R", "PA1799": NaN, "PA2018": "T543A", "PA2019": "K329Q; L331V; W358R", "PA2020": "nt144InsT", "PA2272": "A20S; G58D", "PA2491": "D249N", "PA2492": "F172I", "PA3047": NaN, "PA3168": "T83I", "PA3574": NaN, "PA3721": "G71E; S209R", "PA3999": NaN, "PA4003": NaN, "PA4020": "A303V; M297V", "PA4109": NaN, "PA4110": "T105A; L176R", "PA4266": NaN, "PA4418": NaN, "PA4522": "Q44H; G148A; D183Y", "PA4600": NaN, "PA4700": "L353Q", "PA4776": NaN, "PA4777": "Y345H", "PA4964": NaN, "PA4967": NaN, "PA5045": NaN, "PA5235": NaN, "PA5471": "L88P; D161G; H182Q; V243A", "PA5485": NaN}'; 
INSERT INTO metadata_general(aislado_id, aislado_nombre) VALUES ('38', 'BAL02-013') ON DUPLICATE KEY UPDATE aislado_id = '38', aislado_nombre = 'BAL02-013'; 
INSERT INTO mic(mic_id, aislado_id, pip_tz, fep, caz, imi, mer, cip, tob, col, tic, cza, tol, atm, caz_cloxa, imi_cloxa) VALUES ('38', '38', '32', '16', '4', '16', '16', '>16', '>32', '1', '256', '4', '1', '8', 'nan', '+') ON DUPLICATE KEY UPDATE aislado_id = '38', pip_tz = '32', fep = '16', caz = '4', imi = '16', mer = '16', cip = '>16', tob = '>32', col = '1', tic = '256', cza = '4', tol = '1', atm = '8', caz_cloxa = 'nan', imi_cloxa = '+'; 
INSERT INTO secuencia(secuencia_id, aislado_id, clon, resistoma_mutante) VALUES ('38', '38', 'ST235', '{"PA0004": NaN, "PA0424": "K44M; V126E", "PA0425": NaN, "PA0426": "G957D", "PA0427": NaN, "PA0807": "A208V", "PA0869": "A287S", "PA0958": "nt710InsTT", "PA1179": NaN, "PA1180": "Y85F", "PA1777": NaN, "PA1798": "H398R", "PA1799": "L153R; S170N", "PA2018": "T543A", "PA2019": "A30T; K329Q; L331V; W358R", "PA2020": "V48A", "PA2272": "A104P; V466I", "PA2491": "D249N", "PA2492": "P60S; F172I", "PA3047": NaN, "PA3168": "T83I", "PA3574": NaN, "PA3721": "G71E; E153Q; S209R", "PA3999": NaN, "PA4003": NaN, "PA4020": NaN, "PA4109": "G283E; M288R", "PA4110": "G27D; A97V; T105A; V205L; G391A", "PA4266": NaN, "PA4418": NaN, "PA4522": "G148A", "PA4600": NaN, "PA4700": "L353Q; S25G", "PA4776": "L71R", "PA4777": "A4T; G68S; V344M; Y345H; G362S", "PA4964": "S87L", "PA4967": "D533E", "PA5045": NaN, "PA5235": "nt210\u03946", "PA5471": "L88P; D161G; H182Q; R204C; V243A", "PA5485": NaN}') ON DUPLICATE KEY UPDATE aislado_id = '38', clon = 'ST235', resistoma_mutante = '{"PA0004": NaN, "PA0424": "K44M; V126E", "PA0425": NaN, "PA0426": "G957D", "PA0427": NaN, "PA0807": "A208V", "PA0869": "A287S", "PA0958": "nt710InsTT", "PA1179": NaN, "PA1180": "Y85F", "PA1777": NaN, "PA1798": "H398R", "PA1799": "L153R; S170N", "PA2018": "T543A", "PA2019": "A30T; K329Q; L331V; W358R", "PA2020": "V48A", "PA2272": "A104P; V466I", "PA2491": "D249N", "PA2492": "P60S; F172I", "PA3047": NaN, "PA3168": "T83I", "PA3574": NaN, "PA3721": "G71E; E153Q; S209R", "PA3999": NaN, "PA4003": NaN, "PA4020": NaN, "PA4109": "G283E; M288R", "PA4110": "G27D; A97V; T105A; V205L; G391A", "PA4266": NaN, "PA4418": NaN, "PA4522": "G148A", "PA4600": NaN, "PA4700": "L353Q; S25G", "PA4776": "L71R", "PA4777": "A4T; G68S; V344M; Y345H; G362S", "PA4964": "S87L", "PA4967": "D533E", "PA5045": NaN, "PA5235": "nt210\u03946", "PA5471": "L88P; D161G; H182Q; R204C; V243A", "PA5485": NaN}'; 
INSERT INTO metadata_general(aislado_id, aislado_nombre) VALUES ('39', 'BAL02-015') ON DUPLICATE KEY UPDATE aislado_id = '39', aislado_nombre = 'BAL02-015'; 
INSERT INTO mic(mic_id, aislado_id, pip_tz, fep, caz, imi, mer, cip, tob, col, tic, cza, tol, atm, caz_cloxa, imi_cloxa) VALUES ('39', '39', '256', '32', '64', '4', '16', '8', '1', '1', '512', '32', '4', '64', '+', 'nan') ON DUPLICATE KEY UPDATE aislado_id = '39', pip_tz = '256', fep = '32', caz = '64', imi = '4', mer = '16', cip = '8', tob = '1', col = '1', tic = '512', cza = '32', tol = '4', atm = '64', caz_cloxa = '+', imi_cloxa = 'nan'; 
INSERT INTO secuencia(secuencia_id, aislado_id, clon, resistoma_mutante) VALUES ('39', '39', 'ST9', '{"PA0004": "S466Y", "PA0424": "nt373\u03941", "PA0425": NaN, "PA0426": NaN, "PA0427": NaN, "PA0807": "A219T", "PA0869": NaN, "PA0958": NaN, "PA1179": NaN, "PA1180": NaN, "PA1777": NaN, "PA1798": "L137P; H398R", "PA1799": NaN, "PA2018": "T543A", "PA2019": "K329Q; L331V", "PA2020": NaN, "PA2272": "A104P", "PA2491": "D249N", "PA2492": "F172I", "PA3047": "A394P", "PA3168": NaN, "PA3574": NaN, "PA3721": "G71E; S209R", "PA3999": NaN, "PA4003": NaN, "PA4020": NaN, "PA4109": NaN, "PA4110": "T105A", "PA4266": "Y683C", "PA4418": NaN, "PA4522": "nt393\u03941", "PA4600": NaN, "PA4700": "L353Q", "PA4776": "L71R", "PA4777": "Y345H", "PA4964": NaN, "PA4967": NaN, "PA5045": "A368T; S631I", "PA5235": NaN, "PA5471": "L88P; D161G; H182Q; V243A", "PA5485": NaN}') ON DUPLICATE KEY UPDATE aislado_id = '39', clon = 'ST9', resistoma_mutante = '{"PA0004": "S466Y", "PA0424": "nt373\u03941", "PA0425": NaN, "PA0426": NaN, "PA0427": NaN, "PA0807": "A219T", "PA0869": NaN, "PA0958": NaN, "PA1179": NaN, "PA1180": NaN, "PA1777": NaN, "PA1798": "L137P; H398R", "PA1799": NaN, "PA2018": "T543A", "PA2019": "K329Q; L331V", "PA2020": NaN, "PA2272": "A104P", "PA2491": "D249N", "PA2492": "F172I", "PA3047": "A394P", "PA3168": NaN, "PA3574": NaN, "PA3721": "G71E; S209R", "PA3999": NaN, "PA4003": NaN, "PA4020": NaN, "PA4109": NaN, "PA4110": "T105A", "PA4266": "Y683C", "PA4418": NaN, "PA4522": "nt393\u03941", "PA4600": NaN, "PA4700": "L353Q", "PA4776": "L71R", "PA4777": "Y345H", "PA4964": NaN, "PA4967": NaN, "PA5045": "A368T; S631I", "PA5235": NaN, "PA5471": "L88P; D161G; H182Q; V243A", "PA5485": NaN}'; 
INSERT INTO metadata_general(aislado_id, aislado_nombre) VALUES ('40', 'BAL02-023') ON DUPLICATE KEY UPDATE aislado_id = '40', aislado_nombre = 'BAL02-023'; 
INSERT INTO mic(mic_id, aislado_id, pip_tz, fep, caz, imi, mer, cip, tob, col, tic, cza, tol, atm, caz_cloxa, imi_cloxa) VALUES ('40', '40', '128', '32', '64', '2', '8', '<=0.12', '0.5', '1', '256', '32', '4', '64', '+', 'nan') ON DUPLICATE KEY UPDATE aislado_id = '40', pip_tz = '128', fep = '32', caz = '64', imi = '2', mer = '8', cip = '<=0.12', tob = '0.5', col = '1', tic = '256', cza = '32', tol = '4', atm = '64', caz_cloxa = '+', imi_cloxa = 'nan'; 
INSERT INTO secuencia(secuencia_id, aislado_id, clon, resistoma_mutante) VALUES ('40', '40', 'ST3194', '{"PA0004": NaN, "PA0424": "V126E", "PA0425": NaN, "PA0426": "I186V", "PA0427": NaN, "PA0807": NaN, "PA0869": NaN, "PA0958": NaN, "PA1179": NaN, "PA1180": NaN, "PA1777": NaN, "PA1798": "H398R", "PA1799": "L153R; S170N", "PA2018": "I536V; T543A; N1036T; Q1039R", "PA2019": "K329Q; L331V; W358R", "PA2020": NaN, "PA2272": "A104P", "PA2491": "D249N", "PA2492": "P28L; P60S; F172I", "PA3047": "H473Y", "PA3168": NaN, "PA3574": NaN, "PA3721": "G71E; A145V; S209R", "PA3999": NaN, "PA4003": NaN, "PA4020": "M297V", "PA4109": "E114A; I251V; G283E; M288R", "PA4110": "G27D; T105A; V205L; G391P", "PA4266": NaN, "PA4418": NaN, "PA4522": NaN, "PA4600": "D56G", "PA4700": "L353Q; S25G", "PA4776": "L71R", "PA4777": "A4T; V15I; G68S; Y345H; R474Q", "PA4964": "S197L; H262Q", "PA4967": "S261L; D533E", "PA5045": NaN, "PA5235": "Ter449Gext*", "PA5471": "C40R; S112N; D161G; H182Q; I237V; V243A", "PA5485": NaN}') ON DUPLICATE KEY UPDATE aislado_id = '40', clon = 'ST3194', resistoma_mutante = '{"PA0004": NaN, "PA0424": "V126E", "PA0425": NaN, "PA0426": "I186V", "PA0427": NaN, "PA0807": NaN, "PA0869": NaN, "PA0958": NaN, "PA1179": NaN, "PA1180": NaN, "PA1777": NaN, "PA1798": "H398R", "PA1799": "L153R; S170N", "PA2018": "I536V; T543A; N1036T; Q1039R", "PA2019": "K329Q; L331V; W358R", "PA2020": NaN, "PA2272": "A104P", "PA2491": "D249N", "PA2492": "P28L; P60S; F172I", "PA3047": "H473Y", "PA3168": NaN, "PA3574": NaN, "PA3721": "G71E; A145V; S209R", "PA3999": NaN, "PA4003": NaN, "PA4020": "M297V", "PA4109": "E114A; I251V; G283E; M288R", "PA4110": "G27D; T105A; V205L; G391P", "PA4266": NaN, "PA4418": NaN, "PA4522": NaN, "PA4600": "D56G", "PA4700": "L353Q; S25G", "PA4776": "L71R", "PA4777": "A4T; V15I; G68S; Y345H; R474Q", "PA4964": "S197L; H262Q", "PA4967": "S261L; D533E", "PA5045": NaN, "PA5235": "Ter449Gext*", "PA5471": "C40R; S112N; D161G; H182Q; I237V; V243A", "PA5485": NaN}'; 
INSERT INTO metadata_general(aislado_id, aislado_nombre) VALUES ('41', 'BAL03-002') ON DUPLICATE KEY UPDATE aislado_id = '41', aislado_nombre = 'BAL03-002'; 
INSERT INTO mic(mic_id, aislado_id, pip_tz, fep, caz, imi, mer, cip, tob, col, tic, cza, tol, atm, caz_cloxa, imi_cloxa) VALUES ('41', '41', '64', '16', '64', '4', '8', '>16', '>32', '4', '128', '4', '32', '16', '+', 'nan') ON DUPLICATE KEY UPDATE aislado_id = '41', pip_tz = '64', fep = '16', caz = '64', imi = '4', mer = '8', cip = '>16', tob = '>32', col = '4', tic = '128', cza = '4', tol = '32', atm = '16', caz_cloxa = '+', imi_cloxa = 'nan'; 
INSERT INTO secuencia(secuencia_id, aislado_id, clon, resistoma_mutante) VALUES ('41', '41', 'ST175', '{"PA0004": NaN, "PA0424": NaN, "PA0425": NaN, "PA0426": NaN, "PA0427": NaN, "PA0807": "A219T", "PA0869": "S250N", "PA0958": "Q142X", "PA1179": NaN, "PA1180": NaN, "PA1777": NaN, "PA1798": "H398R", "PA1799": NaN, "PA2018": "T543A", "PA2019": "K329Q; W358R", "PA2020": "G195D", "PA2272": "E37K; A104P", "PA2491": "D249N", "PA2492": "P60S; F172I", "PA3047": NaN, "PA3168": "T83I; D87N", "PA3574": NaN, "PA3721": "G71E; A186T", "PA3999": NaN, "PA4003": NaN, "PA4020": NaN, "PA4109": "G154R", "PA4110": "E247G", "PA4266": NaN, "PA4418": NaN, "PA4522": "G148A; D183Y", "PA4600": NaN, "PA4700": NaN, "PA4776": NaN, "PA4777": "Y345H", "PA4964": "S87W; L168Q", "PA4967": NaN, "PA5045": "E245D", "PA5235": "T211P", "PA5471": "L88P; D161G; H182Q; V243A; V266M", "PA5485": NaN}') ON DUPLICATE KEY UPDATE aislado_id = '41', clon = 'ST175', resistoma_mutante = '{"PA0004": NaN, "PA0424": NaN, "PA0425": NaN, "PA0426": NaN, "PA0427": NaN, "PA0807": "A219T", "PA0869": "S250N", "PA0958": "Q142X", "PA1179": NaN, "PA1180": NaN, "PA1777": NaN, "PA1798": "H398R", "PA1799": NaN, "PA2018": "T543A", "PA2019": "K329Q; W358R", "PA2020": "G195D", "PA2272": "E37K; A104P", "PA2491": "D249N", "PA2492": "P60S; F172I", "PA3047": NaN, "PA3168": "T83I; D87N", "PA3574": NaN, "PA3721": "G71E; A186T", "PA3999": NaN, "PA4003": NaN, "PA4020": NaN, "PA4109": "G154R", "PA4110": "E247G", "PA4266": NaN, "PA4418": NaN, "PA4522": "G148A; D183Y", "PA4600": NaN, "PA4700": NaN, "PA4776": NaN, "PA4777": "Y345H", "PA4964": "S87W; L168Q", "PA4967": NaN, "PA5045": "E245D", "PA5235": "T211P", "PA5471": "L88P; D161G; H182Q; V243A; V266M", "PA5485": NaN}'; 
INSERT INTO metadata_general(aislado_id, aislado_nombre) VALUES ('42', 'BAL03-003') ON DUPLICATE KEY UPDATE aislado_id = '42', aislado_nombre = 'BAL03-003'; 
INSERT INTO mic(mic_id, aislado_id, pip_tz, fep, caz, imi, mer, cip, tob, col, tic, cza, tol, atm, caz_cloxa, imi_cloxa) VALUES ('42', '42', '64', '32', '>64', '16', '32', '4', '>32', '2', '256', '>32', '>32', '32', 'nan', '+') ON DUPLICATE KEY UPDATE aislado_id = '42', pip_tz = '64', fep = '32', caz = '>64', imi = '16', mer = '32', cip = '4', tob = '>32', col = '2', tic = '256', cza = '>32', tol = '>32', atm = '32', caz_cloxa = 'nan', imi_cloxa = '+'; 
INSERT INTO secuencia(secuencia_id, aislado_id, clon, resistoma_mutante) VALUES ('42', '42', 'ST395', '{"PA0004": "S466Y", "PA0424": NaN, "PA0425": NaN, "PA0426": NaN, "PA0427": NaN, "PA0807": "R66C", "PA0869": "S250N", "PA0958": "nt676IS", "PA1179": NaN, "PA1180": NaN, "PA1777": NaN, "PA1798": "R385H; H398R", "PA1799": NaN, "PA2018": "T543A", "PA2019": "H119Y; K329Q", "PA2020": NaN, "PA2272": "A104P", "PA2491": "D249N", "PA2492": "F172I", "PA3047": NaN, "PA3168": "aa914InsSE", "PA3574": "aa15\u03941", "PA3721": "G71E", "PA3999": NaN, "PA4003": NaN, "PA4020": "V358I; M297V", "PA4109": NaN, "PA4110": "T105A; L176R", "PA4266": NaN, "PA4418": NaN, "PA4522": "A134V", "PA4600": NaN, "PA4700": NaN, "PA4776": "L71R", "PA4777": "Y345H", "PA4964": NaN, "PA4967": "V200M", "PA5045": NaN, "PA5235": NaN, "PA5471": "L88P; D161G; H182Q; V243A", "PA5485": NaN}') ON DUPLICATE KEY UPDATE aislado_id = '42', clon = 'ST395', resistoma_mutante = '{"PA0004": "S466Y", "PA0424": NaN, "PA0425": NaN, "PA0426": NaN, "PA0427": NaN, "PA0807": "R66C", "PA0869": "S250N", "PA0958": "nt676IS", "PA1179": NaN, "PA1180": NaN, "PA1777": NaN, "PA1798": "R385H; H398R", "PA1799": NaN, "PA2018": "T543A", "PA2019": "H119Y; K329Q", "PA2020": NaN, "PA2272": "A104P", "PA2491": "D249N", "PA2492": "F172I", "PA3047": NaN, "PA3168": "aa914InsSE", "PA3574": "aa15\u03941", "PA3721": "G71E", "PA3999": NaN, "PA4003": NaN, "PA4020": "V358I; M297V", "PA4109": NaN, "PA4110": "T105A; L176R", "PA4266": NaN, "PA4418": NaN, "PA4522": "A134V", "PA4600": NaN, "PA4700": NaN, "PA4776": "L71R", "PA4777": "Y345H", "PA4964": NaN, "PA4967": "V200M", "PA5045": NaN, "PA5235": NaN, "PA5471": "L88P; D161G; H182Q; V243A", "PA5485": NaN}'; 
INSERT INTO metadata_general(aislado_id, aislado_nombre) VALUES ('43', 'BAL03-028') ON DUPLICATE KEY UPDATE aislado_id = '43', aislado_nombre = 'BAL03-028'; 
INSERT INTO mic(mic_id, aislado_id, pip_tz, fep, caz, imi, mer, cip, tob, col, tic, cza, tol, atm, caz_cloxa, imi_cloxa) VALUES ('43', '43', '16', '16', '8', '1', '4', '16', '32', '1', '256', '4', '1', '8', 'nan', 'nan') ON DUPLICATE KEY UPDATE aislado_id = '43', pip_tz = '16', fep = '16', caz = '8', imi = '1', mer = '4', cip = '16', tob = '32', col = '1', tic = '256', cza = '4', tol = '1', atm = '8', caz_cloxa = 'nan', imi_cloxa = 'nan'; 
INSERT INTO secuencia(secuencia_id, aislado_id, clon, resistoma_mutante) VALUES ('43', '43', 'ST235', '{"PA0004": NaN, "PA0424": "K44M; V126E", "PA0425": NaN, "PA0426": "G957D", "PA0427": NaN, "PA0807": "A208V", "PA0869": "A287S", "PA0958": NaN, "PA1179": NaN, "PA1180": "Y85F", "PA1777": NaN, "PA1798": "H398R", "PA1799": "L153R; S170N", "PA2018": "T543A", "PA2019": "A30T; K329Q; L331V; W358R", "PA2020": "V48A", "PA2272": "A104P; V466I", "PA2491": "D249N", "PA2492": "P60S; F172I", "PA3047": NaN, "PA3168": "T83I", "PA3574": NaN, "PA3721": "G71E; E153Q; S209R", "PA3999": NaN, "PA4003": NaN, "PA4020": NaN, "PA4109": "G283E; M288R", "PA4110": "G27D; A97V; T105A; V205L; G391A", "PA4266": NaN, "PA4418": NaN, "PA4522": "G148A", "PA4600": NaN, "PA4700": "L353Q; S25G", "PA4776": "L71R", "PA4777": "A4T; G68S; V344M; Y345H; G362S", "PA4964": "S87L", "PA4967": "D533E", "PA5045": NaN, "PA5235": "nt210\u03946", "PA5471": "L88P; D161G; H182Q; R204C; V243A", "PA5485": NaN}') ON DUPLICATE KEY UPDATE aislado_id = '43', clon = 'ST235', resistoma_mutante = '{"PA0004": NaN, "PA0424": "K44M; V126E", "PA0425": NaN, "PA0426": "G957D", "PA0427": NaN, "PA0807": "A208V", "PA0869": "A287S", "PA0958": NaN, "PA1179": NaN, "PA1180": "Y85F", "PA1777": NaN, "PA1798": "H398R", "PA1799": "L153R; S170N", "PA2018": "T543A", "PA2019": "A30T; K329Q; L331V; W358R", "PA2020": "V48A", "PA2272": "A104P; V466I", "PA2491": "D249N", "PA2492": "P60S; F172I", "PA3047": NaN, "PA3168": "T83I", "PA3574": NaN, "PA3721": "G71E; E153Q; S209R", "PA3999": NaN, "PA4003": NaN, "PA4020": NaN, "PA4109": "G283E; M288R", "PA4110": "G27D; A97V; T105A; V205L; G391A", "PA4266": NaN, "PA4418": NaN, "PA4522": "G148A", "PA4600": NaN, "PA4700": "L353Q; S25G", "PA4776": "L71R", "PA4777": "A4T; G68S; V344M; Y345H; G362S", "PA4964": "S87L", "PA4967": "D533E", "PA5045": NaN, "PA5235": "nt210\u03946", "PA5471": "L88P; D161G; H182Q; R204C; V243A", "PA5485": NaN}'; 
INSERT INTO metadata_general(aislado_id, aislado_nombre) VALUES ('44', 'BAL04-003') ON DUPLICATE KEY UPDATE aislado_id = '44', aislado_nombre = 'BAL04-003'; 
INSERT INTO mic(mic_id, aislado_id, pip_tz, fep, caz, imi, mer, cip, tob, col, tic, cza, tol, atm, caz_cloxa, imi_cloxa) VALUES ('44', '44', '>256', '64', '>64', '16', '32', '4', '<=0.25', '1', '>512', '32', '8', '128', '+', '+') ON DUPLICATE KEY UPDATE aislado_id = '44', pip_tz = '>256', fep = '64', caz = '>64', imi = '16', mer = '32', cip = '4', tob = '<=0.25', col = '1', tic = '>512', cza = '32', tol = '8', atm = '128', caz_cloxa = '+', imi_cloxa = '+'; 
INSERT INTO secuencia(secuencia_id, aislado_id, clon, resistoma_mutante) VALUES ('44', '44', 'ST390', '{"PA0004": NaN, "PA0424": "nt80InsA", "PA0425": NaN, "PA0426": NaN, "PA0427": "A478T; nt1446InsC", "PA0807": "A219T", "PA0869": "V305M; S250N", "PA0958": "nt438InsC ", "PA1179": NaN, "PA1180": NaN, "PA1777": NaN, "PA1798": "H398R", "PA1799": "A41G", "PA2018": "I536V; T543A; G589A", "PA2019": "A30T; K329Q; L331V; W358R; A375P; A383P", "PA2020": "L138R", "PA2272": "A104P", "PA2491": "D249N", "PA2492": "P60S; F172I", "PA3047": "A474T", "PA3168": "T83I", "PA3574": NaN, "PA3721": "G71E", "PA3999": NaN, "PA4003": NaN, "PA4020": NaN, "PA4109": "D135G", "PA4110": "R79Q; T105A; R235H", "PA4266": NaN, "PA4418": "R551L", "PA4522": "G148A; S175L", "PA4600": NaN, "PA4700": "G503D; L353Q; S25G", "PA4776": "L71R", "PA4777": "Y345H", "PA4964": "D422A", "PA4967": NaN, "PA5045": NaN, "PA5235": "nt1107\u03941", "PA5471": "L88P; D161G; H182Q; V243A; G258S", "PA5485": NaN}') ON DUPLICATE KEY UPDATE aislado_id = '44', clon = 'ST390', resistoma_mutante = '{"PA0004": NaN, "PA0424": "nt80InsA", "PA0425": NaN, "PA0426": NaN, "PA0427": "A478T; nt1446InsC", "PA0807": "A219T", "PA0869": "V305M; S250N", "PA0958": "nt438InsC ", "PA1179": NaN, "PA1180": NaN, "PA1777": NaN, "PA1798": "H398R", "PA1799": "A41G", "PA2018": "I536V; T543A; G589A", "PA2019": "A30T; K329Q; L331V; W358R; A375P; A383P", "PA2020": "L138R", "PA2272": "A104P", "PA2491": "D249N", "PA2492": "P60S; F172I", "PA3047": "A474T", "PA3168": "T83I", "PA3574": NaN, "PA3721": "G71E", "PA3999": NaN, "PA4003": NaN, "PA4020": NaN, "PA4109": "D135G", "PA4110": "R79Q; T105A; R235H", "PA4266": NaN, "PA4418": "R551L", "PA4522": "G148A; S175L", "PA4600": NaN, "PA4700": "G503D; L353Q; S25G", "PA4776": "L71R", "PA4777": "Y345H", "PA4964": "D422A", "PA4967": NaN, "PA5045": NaN, "PA5235": "nt1107\u03941", "PA5471": "L88P; D161G; H182Q; V243A; G258S", "PA5485": NaN}'; 
INSERT INTO metadata_general(aislado_id, aislado_nombre) VALUES ('45', 'BAL04-015') ON DUPLICATE KEY UPDATE aislado_id = '45', aislado_nombre = 'BAL04-015'; 
INSERT INTO mic(mic_id, aislado_id, pip_tz, fep, caz, imi, mer, cip, tob, col, tic, cza, tol, atm, caz_cloxa, imi_cloxa) VALUES ('45', '45', '128', '16', '16', '16', '4', '>16', '>32', '1', '64', '2', '2', '8', '+', '+') ON DUPLICATE KEY UPDATE aislado_id = '45', pip_tz = '128', fep = '16', caz = '16', imi = '16', mer = '4', cip = '>16', tob = '>32', col = '1', tic = '64', cza = '2', tol = '2', atm = '8', caz_cloxa = '+', imi_cloxa = '+'; 
INSERT INTO secuencia(secuencia_id, aislado_id, clon, resistoma_mutante) VALUES ('45', '45', 'ST175', '{"PA0004": NaN, "PA0424": NaN, "PA0425": "Q281X", "PA0426": NaN, "PA0427": NaN, "PA0807": "A219T", "PA0869": "S250N", "PA0958": "Q142X", "PA1179": NaN, "PA1180": NaN, "PA1777": NaN, "PA1798": "H398R", "PA1799": NaN, "PA2018": "T543A", "PA2019": "K329Q; W358R", "PA2020": "G195D", "PA2272": "E37K; A104P", "PA2491": "D249N", "PA2492": "P60S; F172I", "PA3047": NaN, "PA3168": "T83I; D87N", "PA3574": NaN, "PA3721": "G71E; A186T", "PA3999": NaN, "PA4003": NaN, "PA4020": NaN, "PA4109": "G154R", "PA4110": NaN, "PA4266": NaN, "PA4418": NaN, "PA4522": "G148A; D183Y", "PA4600": NaN, "PA4700": NaN, "PA4776": NaN, "PA4777": "Y345H", "PA4964": "S87W; L168Q", "PA4967": NaN, "PA5045": "E245D", "PA5235": "T211P", "PA5471": "L88P; D161G; H182Q; V243A; V266M", "PA5485": "nt4\u03944 "}') ON DUPLICATE KEY UPDATE aislado_id = '45', clon = 'ST175', resistoma_mutante = '{"PA0004": NaN, "PA0424": NaN, "PA0425": "Q281X", "PA0426": NaN, "PA0427": NaN, "PA0807": "A219T", "PA0869": "S250N", "PA0958": "Q142X", "PA1179": NaN, "PA1180": NaN, "PA1777": NaN, "PA1798": "H398R", "PA1799": NaN, "PA2018": "T543A", "PA2019": "K329Q; W358R", "PA2020": "G195D", "PA2272": "E37K; A104P", "PA2491": "D249N", "PA2492": "P60S; F172I", "PA3047": NaN, "PA3168": "T83I; D87N", "PA3574": NaN, "PA3721": "G71E; A186T", "PA3999": NaN, "PA4003": NaN, "PA4020": NaN, "PA4109": "G154R", "PA4110": NaN, "PA4266": NaN, "PA4418": NaN, "PA4522": "G148A; D183Y", "PA4600": NaN, "PA4700": NaN, "PA4776": NaN, "PA4777": "Y345H", "PA4964": "S87W; L168Q", "PA4967": NaN, "PA5045": "E245D", "PA5235": "T211P", "PA5471": "L88P; D161G; H182Q; V243A; V266M", "PA5485": "nt4\u03944 "}'; 
INSERT INTO metadata_general(aislado_id, aislado_nombre) VALUES ('46', 'BAL04-027') ON DUPLICATE KEY UPDATE aislado_id = '46', aislado_nombre = 'BAL04-027'; 
INSERT INTO mic(mic_id, aislado_id, pip_tz, fep, caz, imi, mer, cip, tob, col, tic, cza, tol, atm, caz_cloxa, imi_cloxa) VALUES ('46', '46', '64', '16', '16', '8', '8', '>16', '32', '2', '256', '4', '2', '16', '+', '+') ON DUPLICATE KEY UPDATE aislado_id = '46', pip_tz = '64', fep = '16', caz = '16', imi = '8', mer = '8', cip = '>16', tob = '32', col = '2', tic = '256', cza = '4', tol = '2', atm = '16', caz_cloxa = '+', imi_cloxa = '+'; 
INSERT INTO secuencia(secuencia_id, aislado_id, clon, resistoma_mutante) VALUES ('46', '46', 'ST175', '{"PA0004": NaN, "PA0424": NaN, "PA0425": NaN, "PA0426": NaN, "PA0427": NaN, "PA0807": "A219T", "PA0869": "S250N", "PA0958": "Q142X", "PA1179": NaN, "PA1180": NaN, "PA1777": NaN, "PA1798": "H398R", "PA1799": NaN, "PA2018": "T543A", "PA2019": "K329Q; W358R", "PA2020": "G195D", "PA2272": NaN, "PA2491": "D249N", "PA2492": "P60S; F172I", "PA3047": NaN, "PA3168": "T83I; D87N", "PA3574": NaN, "PA3721": "G71E; A186T", "PA3999": NaN, "PA4003": NaN, "PA4020": NaN, "PA4109": "G154R", "PA4110": NaN, "PA4266": NaN, "PA4418": NaN, "PA4522": "G148A; D183Y", "PA4600": NaN, "PA4700": NaN, "PA4776": NaN, "PA4777": "Y345H", "PA4964": "S87W; L168Q", "PA4967": NaN, "PA5045": "E245D", "PA5235": "T211P", "PA5471": "L88P; D161G; H182Q; V243A; V266M", "PA5485": NaN}') ON DUPLICATE KEY UPDATE aislado_id = '46', clon = 'ST175', resistoma_mutante = '{"PA0004": NaN, "PA0424": NaN, "PA0425": NaN, "PA0426": NaN, "PA0427": NaN, "PA0807": "A219T", "PA0869": "S250N", "PA0958": "Q142X", "PA1179": NaN, "PA1180": NaN, "PA1777": NaN, "PA1798": "H398R", "PA1799": NaN, "PA2018": "T543A", "PA2019": "K329Q; W358R", "PA2020": "G195D", "PA2272": NaN, "PA2491": "D249N", "PA2492": "P60S; F172I", "PA3047": NaN, "PA3168": "T83I; D87N", "PA3574": NaN, "PA3721": "G71E; A186T", "PA3999": NaN, "PA4003": NaN, "PA4020": NaN, "PA4109": "G154R", "PA4110": NaN, "PA4266": NaN, "PA4418": NaN, "PA4522": "G148A; D183Y", "PA4600": NaN, "PA4700": NaN, "PA4776": NaN, "PA4777": "Y345H", "PA4964": "S87W; L168Q", "PA4967": NaN, "PA5045": "E245D", "PA5235": "T211P", "PA5471": "L88P; D161G; H182Q; V243A; V266M", "PA5485": NaN}'; 
INSERT INTO metadata_general(aislado_id, aislado_nombre) VALUES ('47', 'CAN01-003') ON DUPLICATE KEY UPDATE aislado_id = '47', aislado_nombre = 'CAN01-003'; 
INSERT INTO mic(mic_id, aislado_id, pip_tz, fep, caz, imi, mer, cip, tob, col, tic, cza, tol, atm, caz_cloxa, imi_cloxa) VALUES ('47', '47', '256', '16', '32', '16', '32', '16', '8', '2', '256', '8', '2', '32', '+', '+') ON DUPLICATE KEY UPDATE aislado_id = '47', pip_tz = '256', fep = '16', caz = '32', imi = '16', mer = '32', cip = '16', tob = '8', col = '2', tic = '256', cza = '8', tol = '2', atm = '32', caz_cloxa = '+', imi_cloxa = '+'; 
INSERT INTO secuencia(secuencia_id, aislado_id, clon, resistoma_mutante) VALUES ('47', '47', 'ST111', '{"PA0004": NaN, "PA0424": "V126E", "PA0425": NaN, "PA0426": NaN, "PA0427": NaN, "PA0807": "A219T", "PA0869": NaN, "PA0958": "L432P", "PA1179": NaN, "PA1180": NaN, "PA1777": NaN, "PA1798": "L137P; H398R; nt997\u03941", "PA1799": NaN, "PA2018": "G530S", "PA2019": "K329Q; L331V; W358R", "PA2020": NaN, "PA2272": "A104P", "PA2491": "D249N", "PA2492": "F172I", "PA3047": NaN, "PA3168": "T83I; V671I; G860S", "PA3574": NaN, "PA3721": "G71E", "PA3999": NaN, "PA4003": NaN, "PA4020": "D411A; aa439InsGGF", "PA4109": NaN, "PA4110": "T105A", "PA4266": NaN, "PA4418": NaN, "PA4522": "G148A", "PA4600": NaN, "PA4700": "M715K; K607R", "PA4776": "L71R", "PA4777": "A4T; V6A; V15I; G68S; Y345H", "PA4964": "S87L", "PA4967": NaN, "PA5045": NaN, "PA5235": "G305D", "PA5471": "L88P; D161G; H182Q; V243A", "PA5485": NaN}') ON DUPLICATE KEY UPDATE aislado_id = '47', clon = 'ST111', resistoma_mutante = '{"PA0004": NaN, "PA0424": "V126E", "PA0425": NaN, "PA0426": NaN, "PA0427": NaN, "PA0807": "A219T", "PA0869": NaN, "PA0958": "L432P", "PA1179": NaN, "PA1180": NaN, "PA1777": NaN, "PA1798": "L137P; H398R; nt997\u03941", "PA1799": NaN, "PA2018": "G530S", "PA2019": "K329Q; L331V; W358R", "PA2020": NaN, "PA2272": "A104P", "PA2491": "D249N", "PA2492": "F172I", "PA3047": NaN, "PA3168": "T83I; V671I; G860S", "PA3574": NaN, "PA3721": "G71E", "PA3999": NaN, "PA4003": NaN, "PA4020": "D411A; aa439InsGGF", "PA4109": NaN, "PA4110": "T105A", "PA4266": NaN, "PA4418": NaN, "PA4522": "G148A", "PA4600": NaN, "PA4700": "M715K; K607R", "PA4776": "L71R", "PA4777": "A4T; V6A; V15I; G68S; Y345H", "PA4964": "S87L", "PA4967": NaN, "PA5045": NaN, "PA5235": "G305D", "PA5471": "L88P; D161G; H182Q; V243A", "PA5485": NaN}'; 
INSERT INTO metadata_general(aislado_id, aislado_nombre) VALUES ('48', 'CAN01-004') ON DUPLICATE KEY UPDATE aislado_id = '48', aislado_nombre = 'CAN01-004'; 
INSERT INTO mic(mic_id, aislado_id, pip_tz, fep, caz, imi, mer, cip, tob, col, tic, cza, tol, atm, caz_cloxa, imi_cloxa) VALUES ('48', '48', '128', '16', '16', '16', '16', '>16', '32', '2', '128', '4', '2', '16', '+', '+') ON DUPLICATE KEY UPDATE aislado_id = '48', pip_tz = '128', fep = '16', caz = '16', imi = '16', mer = '16', cip = '>16', tob = '32', col = '2', tic = '128', cza = '4', tol = '2', atm = '16', caz_cloxa = '+', imi_cloxa = '+'; 
INSERT INTO secuencia(secuencia_id, aislado_id, clon, resistoma_mutante) VALUES ('48', '48', 'ST175', '{"PA0004": NaN, "PA0424": NaN, "PA0425": NaN, "PA0426": NaN, "PA0427": NaN, "PA0807": "A219T", "PA0869": "S250N", "PA0958": "nt199\u03941", "PA1179": NaN, "PA1180": NaN, "PA1777": NaN, "PA1798": "H398R", "PA1799": NaN, "PA2018": "T543A", "PA2019": "K329Q; W358R", "PA2020": "G195D", "PA2272": "E37K; A104P", "PA2491": "D249N", "PA2492": "P60S; F172I", "PA3047": NaN, "PA3168": "T83I; D87N", "PA3574": NaN, "PA3721": "G71E; A186T", "PA3999": NaN, "PA4003": NaN, "PA4020": NaN, "PA4109": NaN, "PA4110": NaN, "PA4266": NaN, "PA4418": NaN, "PA4522": "T139M; G148A; D183Y", "PA4600": NaN, "PA4700": NaN, "PA4776": NaN, "PA4777": "Y345H", "PA4964": "S87W; L168Q", "PA4967": NaN, "PA5045": "E245D", "PA5235": NaN, "PA5471": "L88P; D161G; H182Q; V243A; V266M", "PA5485": NaN}') ON DUPLICATE KEY UPDATE aislado_id = '48', clon = 'ST175', resistoma_mutante = '{"PA0004": NaN, "PA0424": NaN, "PA0425": NaN, "PA0426": NaN, "PA0427": NaN, "PA0807": "A219T", "PA0869": "S250N", "PA0958": "nt199\u03941", "PA1179": NaN, "PA1180": NaN, "PA1777": NaN, "PA1798": "H398R", "PA1799": NaN, "PA2018": "T543A", "PA2019": "K329Q; W358R", "PA2020": "G195D", "PA2272": "E37K; A104P", "PA2491": "D249N", "PA2492": "P60S; F172I", "PA3047": NaN, "PA3168": "T83I; D87N", "PA3574": NaN, "PA3721": "G71E; A186T", "PA3999": NaN, "PA4003": NaN, "PA4020": NaN, "PA4109": NaN, "PA4110": NaN, "PA4266": NaN, "PA4418": NaN, "PA4522": "T139M; G148A; D183Y", "PA4600": NaN, "PA4700": NaN, "PA4776": NaN, "PA4777": "Y345H", "PA4964": "S87W; L168Q", "PA4967": NaN, "PA5045": "E245D", "PA5235": NaN, "PA5471": "L88P; D161G; H182Q; V243A; V266M", "PA5485": NaN}'; 
INSERT INTO metadata_general(aislado_id, aislado_nombre) VALUES ('49', 'CAN01-017') ON DUPLICATE KEY UPDATE aislado_id = '49', aislado_nombre = 'CAN01-017'; 
INSERT INTO mic(mic_id, aislado_id, pip_tz, fep, caz, imi, mer, cip, tob, col, tic, cza, tol, atm, caz_cloxa, imi_cloxa) VALUES ('49', '49', '32', '8', '32', '16', '16', '1', '<=0.25', '2', '128', '32', '1', '32', '+', 'nan') ON DUPLICATE KEY UPDATE aislado_id = '49', pip_tz = '32', fep = '8', caz = '32', imi = '16', mer = '16', cip = '1', tob = '<=0.25', col = '2', tic = '128', cza = '32', tol = '1', atm = '32', caz_cloxa = '+', imi_cloxa = 'nan'; 
INSERT INTO secuencia(secuencia_id, aislado_id, clon, resistoma_mutante) VALUES ('49', '49', 'ST245', '{"PA0004": NaN, "PA0424": "nt120\u03941", "PA0425": NaN, "PA0426": NaN, "PA0427": "A261T", "PA0807": "A219T", "PA0869": "S250N", "PA0958": NaN, "PA1179": NaN, "PA1180": NaN, "PA1777": NaN, "PA1798": "H398R", "PA1799": NaN, "PA2018": "T543A; Q840E", "PA2019": "K329Q; L331V; W358R", "PA2020": NaN, "PA2272": "A104P", "PA2491": "D249N", "PA2492": "F172I", "PA3047": NaN, "PA3168": NaN, "PA3574": NaN, "PA3721": "G71E; S209R", "PA3999": NaN, "PA4003": NaN, "PA4020": "A303V; M297V", "PA4109": NaN, "PA4110": "R79Q; T105A", "PA4266": NaN, "PA4418": NaN, "PA4522": "D28G; G148A; S175L", "PA4600": NaN, "PA4700": "S25G", "PA4776": "L71R", "PA4777": "Y345H", "PA4964": "H262Q", "PA4967": NaN, "PA5045": "E53K; S631I", "PA5235": "A439T", "PA5471": "L88P; D161G; H182Q; V243A", "PA5485": NaN}') ON DUPLICATE KEY UPDATE aislado_id = '49', clon = 'ST245', resistoma_mutante = '{"PA0004": NaN, "PA0424": "nt120\u03941", "PA0425": NaN, "PA0426": NaN, "PA0427": "A261T", "PA0807": "A219T", "PA0869": "S250N", "PA0958": NaN, "PA1179": NaN, "PA1180": NaN, "PA1777": NaN, "PA1798": "H398R", "PA1799": NaN, "PA2018": "T543A; Q840E", "PA2019": "K329Q; L331V; W358R", "PA2020": NaN, "PA2272": "A104P", "PA2491": "D249N", "PA2492": "F172I", "PA3047": NaN, "PA3168": NaN, "PA3574": NaN, "PA3721": "G71E; S209R", "PA3999": NaN, "PA4003": NaN, "PA4020": "A303V; M297V", "PA4109": NaN, "PA4110": "R79Q; T105A", "PA4266": NaN, "PA4418": NaN, "PA4522": "D28G; G148A; S175L", "PA4600": NaN, "PA4700": "S25G", "PA4776": "L71R", "PA4777": "Y345H", "PA4964": "H262Q", "PA4967": NaN, "PA5045": "E53K; S631I", "PA5235": "A439T", "PA5471": "L88P; D161G; H182Q; V243A", "PA5485": NaN}'; 
INSERT INTO metadata_general(aislado_id, aislado_nombre) VALUES ('50', 'CAN01-025') ON DUPLICATE KEY UPDATE aislado_id = '50', aislado_nombre = 'CAN01-025'; 
INSERT INTO mic(mic_id, aislado_id, pip_tz, fep, caz, imi, mer, cip, tob, col, tic, cza, tol, atm, caz_cloxa, imi_cloxa) VALUES ('50', '50', '256', '32', '64', '16', '32', '>16', '16', '2', '256', '16', '8', '32', 'nan', '+') ON DUPLICATE KEY UPDATE aislado_id = '50', pip_tz = '256', fep = '32', caz = '64', imi = '16', mer = '32', cip = '>16', tob = '16', col = '2', tic = '256', cza = '16', tol = '8', atm = '32', caz_cloxa = 'nan', imi_cloxa = '+'; 
INSERT INTO secuencia(secuencia_id, aislado_id, clon, resistoma_mutante) VALUES ('50', '50', 'ST1149', '{"PA0004": NaN, "PA0424": "V126E", "PA0425": NaN, "PA0426": NaN, "PA0427": NaN, "PA0807": NaN, "PA0869": "S250N", "PA0958": "W339X", "PA1179": NaN, "PA1180": NaN, "PA1777": NaN, "PA1798": "S352I; H398R", "PA1799": "L153R; S170N", "PA2018": "T543A; N1036T", "PA2019": "A30T; K329Q; L331V; W358R", "PA2020": NaN, "PA2272": "A102T; A104P", "PA2491": "D249N", "PA2492": "F172I", "PA3047": NaN, "PA3168": "T83I", "PA3574": NaN, "PA3721": "G71E; S209R", "PA3999": "I136V", "PA4003": NaN, "PA4020": "M297V", "PA4109": "E114A; G283E; M288R", "PA4110": "G27D; T105A; V205L; G391A", "PA4266": NaN, "PA4418": NaN, "PA4522": NaN, "PA4600": NaN, "PA4700": "L353Q; S25G", "PA4776": NaN, "PA4777": "A4T; V6A; V15I; G68S; Y345H", "PA4964": NaN, "PA4967": "D533E", "PA5045": NaN, "PA5235": "Ter449Gext*", "PA5471": "C40R; L88P; S112N; D119E; I237V; V243A", "PA5485": NaN}') ON DUPLICATE KEY UPDATE aislado_id = '50', clon = 'ST1149', resistoma_mutante = '{"PA0004": NaN, "PA0424": "V126E", "PA0425": NaN, "PA0426": NaN, "PA0427": NaN, "PA0807": NaN, "PA0869": "S250N", "PA0958": "W339X", "PA1179": NaN, "PA1180": NaN, "PA1777": NaN, "PA1798": "S352I; H398R", "PA1799": "L153R; S170N", "PA2018": "T543A; N1036T", "PA2019": "A30T; K329Q; L331V; W358R", "PA2020": NaN, "PA2272": "A102T; A104P", "PA2491": "D249N", "PA2492": "F172I", "PA3047": NaN, "PA3168": "T83I", "PA3574": NaN, "PA3721": "G71E; S209R", "PA3999": "I136V", "PA4003": NaN, "PA4020": "M297V", "PA4109": "E114A; G283E; M288R", "PA4110": "G27D; T105A; V205L; G391A", "PA4266": NaN, "PA4418": NaN, "PA4522": NaN, "PA4600": NaN, "PA4700": "L353Q; S25G", "PA4776": NaN, "PA4777": "A4T; V6A; V15I; G68S; Y345H", "PA4964": NaN, "PA4967": "D533E", "PA5045": NaN, "PA5235": "Ter449Gext*", "PA5471": "C40R; L88P; S112N; D119E; I237V; V243A", "PA5485": NaN}'; 
INSERT INTO metadata_general(aislado_id, aislado_nombre) VALUES ('51', 'CAN01-026') ON DUPLICATE KEY UPDATE aislado_id = '51', aislado_nombre = 'CAN01-026'; 
INSERT INTO mic(mic_id, aislado_id, pip_tz, fep, caz, imi, mer, cip, tob, col, tic, cza, tol, atm, caz_cloxa, imi_cloxa) VALUES ('51', '51', '32', '16', '8', '32', '32', '>16', '16', '2', '128', '>32', '>32', '16', 'nan', 'nan') ON DUPLICATE KEY UPDATE aislado_id = '51', pip_tz = '32', fep = '16', caz = '8', imi = '32', mer = '32', cip = '>16', tob = '16', col = '2', tic = '128', cza = '>32', tol = '>32', atm = '16', caz_cloxa = 'nan', imi_cloxa = 'nan'; 
INSERT INTO secuencia(secuencia_id, aislado_id, clon, resistoma_mutante) VALUES ('51', '51', 'ST2136', '{"PA0004": NaN, "PA0424": NaN, "PA0425": NaN, "PA0426": NaN, "PA0427": NaN, "PA0807": NaN, "PA0869": "S250N", "PA0958": NaN, "PA1179": NaN, "PA1180": NaN, "PA1777": NaN, "PA1798": "H398R", "PA1799": "V55I; I80L", "PA2018": "T543A; Q840E; G1002A", "PA2019": "A30T; K329Q; L331V", "PA2020": NaN, "PA2272": "A104P", "PA2491": "E205V; D249N", "PA2492": "F172I", "PA3047": NaN, "PA3168": "aa914\u0394PS", "PA3574": NaN, "PA3721": "G71E; S209R", "PA3999": NaN, "PA4003": NaN, "PA4020": NaN, "PA4109": NaN, "PA4110": "T105A", "PA4266": NaN, "PA4418": "R441H", "PA4522": "G46S; G148A", "PA4600": NaN, "PA4700": NaN, "PA4776": "L71R", "PA4777": "Y345H", "PA4964": "V646L", "PA4967": NaN, "PA5045": NaN, "PA5235": NaN, "PA5471": "C40R; L88P; D161G; H182Q; V243A", "PA5485": NaN}') ON DUPLICATE KEY UPDATE aislado_id = '51', clon = 'ST2136', resistoma_mutante = '{"PA0004": NaN, "PA0424": NaN, "PA0425": NaN, "PA0426": NaN, "PA0427": NaN, "PA0807": NaN, "PA0869": "S250N", "PA0958": NaN, "PA1179": NaN, "PA1180": NaN, "PA1777": NaN, "PA1798": "H398R", "PA1799": "V55I; I80L", "PA2018": "T543A; Q840E; G1002A", "PA2019": "A30T; K329Q; L331V", "PA2020": NaN, "PA2272": "A104P", "PA2491": "E205V; D249N", "PA2492": "F172I", "PA3047": NaN, "PA3168": "aa914\u0394PS", "PA3574": NaN, "PA3721": "G71E; S209R", "PA3999": NaN, "PA4003": NaN, "PA4020": NaN, "PA4109": NaN, "PA4110": "T105A", "PA4266": NaN, "PA4418": "R441H", "PA4522": "G46S; G148A", "PA4600": NaN, "PA4700": NaN, "PA4776": "L71R", "PA4777": "Y345H", "PA4964": "V646L", "PA4967": NaN, "PA5045": NaN, "PA5235": NaN, "PA5471": "C40R; L88P; D161G; H182Q; V243A", "PA5485": NaN}'; 
INSERT INTO metadata_general(aislado_id, aislado_nombre) VALUES ('52', 'CAN01-028') ON DUPLICATE KEY UPDATE aislado_id = '52', aislado_nombre = 'CAN01-028'; 
INSERT INTO mic(mic_id, aislado_id, pip_tz, fep, caz, imi, mer, cip, tob, col, tic, cza, tol, atm, caz_cloxa, imi_cloxa) VALUES ('52', '52', '32', '8', '4', '8', '16', '>16', '16', '2', '128', '4', '2', '8', 'nan', '+') ON DUPLICATE KEY UPDATE aislado_id = '52', pip_tz = '32', fep = '8', caz = '4', imi = '8', mer = '16', cip = '>16', tob = '16', col = '2', tic = '128', cza = '4', tol = '2', atm = '8', caz_cloxa = 'nan', imi_cloxa = '+'; 
INSERT INTO secuencia(secuencia_id, aislado_id, clon, resistoma_mutante) VALUES ('52', '52', 'ST253', '{"PA0004": NaN, "PA0424": "V126E", "PA0425": NaN, "PA0426": NaN, "PA0427": NaN, "PA0807": NaN, "PA0869": NaN, "PA0958": NaN, "PA1179": NaN, "PA1180": NaN, "PA1777": NaN, "PA1798": "H398R", "PA1799": "L153R; S170N", "PA2018": "I536V; T543A; G589A; Q840E; N1036T; Q1039R", "PA2019": "A30T; K329Q; L331V; W358R", "PA2020": "L138R; N186S", "PA2272": "A104P", "PA2491": "D249N", "PA2492": "F172I", "PA3047": "Q156H", "PA3168": "aa914\u0394PS", "PA3574": NaN, "PA3721": "G71E; A145V; S209R", "PA3999": NaN, "PA4003": NaN, "PA4020": "M297V", "PA4109": "E114A; G283E; M288R", "PA4110": "G27D; A55T; T105A; Q155R; V205L; G391A", "PA4266": NaN, "PA4418": NaN, "PA4522": NaN, "PA4600": "R21H; D56G", "PA4700": "L353Q; S25G", "PA4776": NaN, "PA4777": "S2P; A4T; V15I; G68S; Y345H", "PA4964": "R131S", "PA4967": "D533E", "PA5045": "I418T; N622K", "PA5235": NaN, "PA5471": "C40R; L88P; S112N; D119E; I237V; V243A", "PA5485": NaN}') ON DUPLICATE KEY UPDATE aislado_id = '52', clon = 'ST253', resistoma_mutante = '{"PA0004": NaN, "PA0424": "V126E", "PA0425": NaN, "PA0426": NaN, "PA0427": NaN, "PA0807": NaN, "PA0869": NaN, "PA0958": NaN, "PA1179": NaN, "PA1180": NaN, "PA1777": NaN, "PA1798": "H398R", "PA1799": "L153R; S170N", "PA2018": "I536V; T543A; G589A; Q840E; N1036T; Q1039R", "PA2019": "A30T; K329Q; L331V; W358R", "PA2020": "L138R; N186S", "PA2272": "A104P", "PA2491": "D249N", "PA2492": "F172I", "PA3047": "Q156H", "PA3168": "aa914\u0394PS", "PA3574": NaN, "PA3721": "G71E; A145V; S209R", "PA3999": NaN, "PA4003": NaN, "PA4020": "M297V", "PA4109": "E114A; G283E; M288R", "PA4110": "G27D; A55T; T105A; Q155R; V205L; G391A", "PA4266": NaN, "PA4418": NaN, "PA4522": NaN, "PA4600": "R21H; D56G", "PA4700": "L353Q; S25G", "PA4776": NaN, "PA4777": "S2P; A4T; V15I; G68S; Y345H", "PA4964": "R131S", "PA4967": "D533E", "PA5045": "I418T; N622K", "PA5235": NaN, "PA5471": "C40R; L88P; S112N; D119E; I237V; V243A", "PA5485": NaN}'; 
INSERT INTO metadata_general(aislado_id, aislado_nombre) VALUES ('53', 'CAN01-037') ON DUPLICATE KEY UPDATE aislado_id = '53', aislado_nombre = 'CAN01-037'; 
INSERT INTO mic(mic_id, aislado_id, pip_tz, fep, caz, imi, mer, cip, tob, col, tic, cza, tol, atm, caz_cloxa, imi_cloxa) VALUES ('53', '53', '16', '32', '16', '8', '4', '8', '16', '1', '64', '4', '4', '8', '+', '+') ON DUPLICATE KEY UPDATE aislado_id = '53', pip_tz = '16', fep = '32', caz = '16', imi = '8', mer = '4', cip = '8', tob = '16', col = '1', tic = '64', cza = '4', tol = '4', atm = '8', caz_cloxa = '+', imi_cloxa = '+'; 
INSERT INTO secuencia(secuencia_id, aislado_id, clon, resistoma_mutante) VALUES ('53', '53', 'ST3134', '{"PA0004": "G481D", "PA0424": "V126E", "PA0425": NaN, "PA0426": "W753R", "PA0427": NaN, "PA0807": "A219T", "PA0869": NaN, "PA0958": NaN, "PA1179": "A92V; Q124X", "PA1180": NaN, "PA1777": NaN, "PA1798": "H398R", "PA1799": NaN, "PA2018": "V475A; Q840E", "PA2019": "K329Q; L331V; W358R", "PA2020": "nt590InsC", "PA2272": "Y495H", "PA2491": "D249N", "PA2492": "M7V; F172I", "PA3047": NaN, "PA3168": "T83I", "PA3574": NaN, "PA3721": "G71E; A186T", "PA3999": NaN, "PA4003": NaN, "PA4020": "S119G; nt112InsC", "PA4109": NaN, "PA4110": "T105A", "PA4266": "T671I", "PA4418": NaN, "PA4522": "G148A", "PA4600": NaN, "PA4700": "L353Q", "PA4776": "L71R", "PA4777": "G188S; Y345H", "PA4964": "V646L", "PA4967": NaN, "PA5045": NaN, "PA5235": NaN, "PA5471": "R52C; L88P; D161G; H182Q; V243A", "PA5485": NaN}') ON DUPLICATE KEY UPDATE aislado_id = '53', clon = 'ST3134', resistoma_mutante = '{"PA0004": "G481D", "PA0424": "V126E", "PA0425": NaN, "PA0426": "W753R", "PA0427": NaN, "PA0807": "A219T", "PA0869": NaN, "PA0958": NaN, "PA1179": "A92V; Q124X", "PA1180": NaN, "PA1777": NaN, "PA1798": "H398R", "PA1799": NaN, "PA2018": "V475A; Q840E", "PA2019": "K329Q; L331V; W358R", "PA2020": "nt590InsC", "PA2272": "Y495H", "PA2491": "D249N", "PA2492": "M7V; F172I", "PA3047": NaN, "PA3168": "T83I", "PA3574": NaN, "PA3721": "G71E; A186T", "PA3999": NaN, "PA4003": NaN, "PA4020": "S119G; nt112InsC", "PA4109": NaN, "PA4110": "T105A", "PA4266": "T671I", "PA4418": NaN, "PA4522": "G148A", "PA4600": NaN, "PA4700": "L353Q", "PA4776": "L71R", "PA4777": "G188S; Y345H", "PA4964": "V646L", "PA4967": NaN, "PA5045": NaN, "PA5235": NaN, "PA5471": "R52C; L88P; D161G; H182Q; V243A", "PA5485": NaN}'; 
INSERT INTO metadata_general(aislado_id, aislado_nombre) VALUES ('54', 'CAN01-038') ON DUPLICATE KEY UPDATE aislado_id = '54', aislado_nombre = 'CAN01-038'; 
INSERT INTO mic(mic_id, aislado_id, pip_tz, fep, caz, imi, mer, cip, tob, col, tic, cza, tol, atm, caz_cloxa, imi_cloxa) VALUES ('54', '54', '32', '16', '8', '16', '32', '1', '0.5', '1', '128', '8', '2', '32', '+', '+') ON DUPLICATE KEY UPDATE aislado_id = '54', pip_tz = '32', fep = '16', caz = '8', imi = '16', mer = '32', cip = '1', tob = '0.5', col = '1', tic = '128', cza = '8', tol = '2', atm = '32', caz_cloxa = '+', imi_cloxa = '+'; 
INSERT INTO secuencia(secuencia_id, aislado_id, clon, resistoma_mutante) VALUES ('54', '54', 'ST274', '{"PA0004": "H148N", "PA0424": "nt318InsG", "PA0425": NaN, "PA0426": NaN, "PA0427": NaN, "PA0807": NaN, "PA0869": "S250N", "PA0958": "Y214X", "PA1179": NaN, "PA1180": NaN, "PA1777": NaN, "PA1798": "A82T; T131P; H398R", "PA1799": NaN, "PA2018": "T543A; Q840E", "PA2019": "K329Q; L331V; D346H; W358R", "PA2020": NaN, "PA2272": "A104P", "PA2491": "D249N", "PA2492": "F172I", "PA3047": "A358V; A394P", "PA3168": NaN, "PA3574": NaN, "PA3721": "G71E; S209R", "PA3999": NaN, "PA4003": NaN, "PA4020": "M297V", "PA4109": NaN, "PA4110": "T21A; T105A", "PA4266": NaN, "PA4418": NaN, "PA4522": "R11L; G148A; D183Y", "PA4600": NaN, "PA4700": "S25G", "PA4776": "L71R", "PA4777": "Y345H", "PA4964": NaN, "PA4967": NaN, "PA5045": NaN, "PA5235": NaN, "PA5471": "L88P; D119E", "PA5485": NaN}') ON DUPLICATE KEY UPDATE aislado_id = '54', clon = 'ST274', resistoma_mutante = '{"PA0004": "H148N", "PA0424": "nt318InsG", "PA0425": NaN, "PA0426": NaN, "PA0427": NaN, "PA0807": NaN, "PA0869": "S250N", "PA0958": "Y214X", "PA1179": NaN, "PA1180": NaN, "PA1777": NaN, "PA1798": "A82T; T131P; H398R", "PA1799": NaN, "PA2018": "T543A; Q840E", "PA2019": "K329Q; L331V; D346H; W358R", "PA2020": NaN, "PA2272": "A104P", "PA2491": "D249N", "PA2492": "F172I", "PA3047": "A358V; A394P", "PA3168": NaN, "PA3574": NaN, "PA3721": "G71E; S209R", "PA3999": NaN, "PA4003": NaN, "PA4020": "M297V", "PA4109": NaN, "PA4110": "T21A; T105A", "PA4266": NaN, "PA4418": NaN, "PA4522": "R11L; G148A; D183Y", "PA4600": NaN, "PA4700": "S25G", "PA4776": "L71R", "PA4777": "Y345H", "PA4964": NaN, "PA4967": NaN, "PA5045": NaN, "PA5235": NaN, "PA5471": "L88P; D119E", "PA5485": NaN}'; 
INSERT INTO metadata_general(aislado_id, aislado_nombre) VALUES ('55', 'CAN01-039') ON DUPLICATE KEY UPDATE aislado_id = '55', aislado_nombre = 'CAN01-039'; 
INSERT INTO mic(mic_id, aislado_id, pip_tz, fep, caz, imi, mer, cip, tob, col, tic, cza, tol, atm, caz_cloxa, imi_cloxa) VALUES ('55', '55', '256', '32', '64', '2', '2', '>16', '>32', '1', '256', '16', '4', '64', 'nan', 'nan') ON DUPLICATE KEY UPDATE aislado_id = '55', pip_tz = '256', fep = '32', caz = '64', imi = '2', mer = '2', cip = '>16', tob = '>32', col = '1', tic = '256', cza = '16', tol = '4', atm = '64', caz_cloxa = 'nan', imi_cloxa = 'nan'; 
INSERT INTO secuencia(secuencia_id, aislado_id, clon, resistoma_mutante) VALUES ('55', '55', 'ST308', '{"PA0004": "E468D", "PA0424": "V126E", "PA0425": NaN, "PA0426": "G957D", "PA0427": NaN, "PA0807": NaN, "PA0869": "A287S", "PA0958": NaN, "PA1179": NaN, "PA1180": NaN, "PA1777": NaN, "PA1798": "L137P; V216A; H398R", "PA1799": "L153R; S170N; nt618InsA", "PA2018": "I536V; T543A; G589A; Q840E; N1036T", "PA2019": "A30T; K329Q; L331V; W358R", "PA2020": "G89S; nt483InsTAT", "PA2272": "A104P", "PA2491": "V73A; D249N", "PA2492": "F172I", "PA3047": NaN, "PA3168": "T83I", "PA3574": NaN, "PA3721": "G71E; D79E; S209R", "PA3999": NaN, "PA4003": NaN, "PA4020": NaN, "PA4109": "G283E; M288R", "PA4110": "G27D; T105A; V205L; V356I; G391A", "PA4266": NaN, "PA4418": NaN, "PA4522": "A96T", "PA4600": NaN, "PA4700": "L353Q; S25G", "PA4776": NaN, "PA4777": "A4T; V15I; G68S; Y345H", "PA4964": "S87L; P752T", "PA4967": "P438S; D533E", "PA5045": "D73N", "PA5235": NaN, "PA5471": "C40R; L88P; S112N; D119E; I237V; V243A", "PA5485": "V40I"}') ON DUPLICATE KEY UPDATE aislado_id = '55', clon = 'ST308', resistoma_mutante = '{"PA0004": "E468D", "PA0424": "V126E", "PA0425": NaN, "PA0426": "G957D", "PA0427": NaN, "PA0807": NaN, "PA0869": "A287S", "PA0958": NaN, "PA1179": NaN, "PA1180": NaN, "PA1777": NaN, "PA1798": "L137P; V216A; H398R", "PA1799": "L153R; S170N; nt618InsA", "PA2018": "I536V; T543A; G589A; Q840E; N1036T", "PA2019": "A30T; K329Q; L331V; W358R", "PA2020": "G89S; nt483InsTAT", "PA2272": "A104P", "PA2491": "V73A; D249N", "PA2492": "F172I", "PA3047": NaN, "PA3168": "T83I", "PA3574": NaN, "PA3721": "G71E; D79E; S209R", "PA3999": NaN, "PA4003": NaN, "PA4020": NaN, "PA4109": "G283E; M288R", "PA4110": "G27D; T105A; V205L; V356I; G391A", "PA4266": NaN, "PA4418": NaN, "PA4522": "A96T", "PA4600": NaN, "PA4700": "L353Q; S25G", "PA4776": NaN, "PA4777": "A4T; V15I; G68S; Y345H", "PA4964": "S87L; P752T", "PA4967": "P438S; D533E", "PA5045": "D73N", "PA5235": NaN, "PA5471": "C40R; L88P; S112N; D119E; I237V; V243A", "PA5485": "V40I"}'; 
INSERT INTO metadata_general(aislado_id, aislado_nombre) VALUES ('56', 'CAT01-001') ON DUPLICATE KEY UPDATE aislado_id = '56', aislado_nombre = 'CAT01-001'; 
INSERT INTO mic(mic_id, aislado_id, pip_tz, fep, caz, imi, mer, cip, tob, col, tic, cza, tol, atm, caz_cloxa, imi_cloxa) VALUES ('56', '56', '256', '32', '64', '2', '2', '8', '2', '1', '256', '16', '4', '64', '+', 'nan') ON DUPLICATE KEY UPDATE aislado_id = '56', pip_tz = '256', fep = '32', caz = '64', imi = '2', mer = '2', cip = '8', tob = '2', col = '1', tic = '256', cza = '16', tol = '4', atm = '64', caz_cloxa = '+', imi_cloxa = 'nan'; 
INSERT INTO secuencia(secuencia_id, aislado_id, clon, resistoma_mutante) VALUES ('56', '56', 'ST3149', '{"PA0004": NaN, "PA0424": NaN, "PA0425": "D373E", "PA0426": NaN, "PA0427": "V72L", "PA0807": "A219T", "PA0869": "S250N", "PA0958": NaN, "PA1179": NaN, "PA1180": NaN, "PA1777": NaN, "PA1798": "A345T; H398R", "PA1799": "L90I", "PA2018": "T543A", "PA2019": "K329Q; L331V; W358R", "PA2020": "nt525\u03948", "PA2272": NaN, "PA2491": "D249N", "PA2492": "P60S; F172I", "PA3047": NaN, "PA3168": "T83I", "PA3574": "T11N", "PA3721": "G71E", "PA3999": NaN, "PA4003": "A619E", "PA4020": "M297V", "PA4109": NaN, "PA4110": "R79Q", "PA4266": NaN, "PA4418": "L23V", "PA4522": "D28G", "PA4600": NaN, "PA4700": "L353Q", "PA4776": "L71R", "PA4777": NaN, "PA4964": NaN, "PA4967": "D533E", "PA5045": "D309E", "PA5235": NaN, "PA5471": "L88P; D161G; H182Q; V243A; A262S", "PA5485": NaN}') ON DUPLICATE KEY UPDATE aislado_id = '56', clon = 'ST3149', resistoma_mutante = '{"PA0004": NaN, "PA0424": NaN, "PA0425": "D373E", "PA0426": NaN, "PA0427": "V72L", "PA0807": "A219T", "PA0869": "S250N", "PA0958": NaN, "PA1179": NaN, "PA1180": NaN, "PA1777": NaN, "PA1798": "A345T; H398R", "PA1799": "L90I", "PA2018": "T543A", "PA2019": "K329Q; L331V; W358R", "PA2020": "nt525\u03948", "PA2272": NaN, "PA2491": "D249N", "PA2492": "P60S; F172I", "PA3047": NaN, "PA3168": "T83I", "PA3574": "T11N", "PA3721": "G71E", "PA3999": NaN, "PA4003": "A619E", "PA4020": "M297V", "PA4109": NaN, "PA4110": "R79Q", "PA4266": NaN, "PA4418": "L23V", "PA4522": "D28G", "PA4600": NaN, "PA4700": "L353Q", "PA4776": "L71R", "PA4777": NaN, "PA4964": NaN, "PA4967": "D533E", "PA5045": "D309E", "PA5235": NaN, "PA5471": "L88P; D161G; H182Q; V243A; A262S", "PA5485": NaN}'; 
INSERT INTO metadata_general(aislado_id, aislado_nombre) VALUES ('57', 'CAT01-015') ON DUPLICATE KEY UPDATE aislado_id = '57', aislado_nombre = 'CAT01-015'; 
INSERT INTO mic(mic_id, aislado_id, pip_tz, fep, caz, imi, mer, cip, tob, col, tic, cza, tol, atm, caz_cloxa, imi_cloxa) VALUES ('57', '57', '128', '16', '32', '16', '8', '>16', '>32', '1', '256', '8', '2', '16', '+', '+') ON DUPLICATE KEY UPDATE aislado_id = '57', pip_tz = '128', fep = '16', caz = '32', imi = '16', mer = '8', cip = '>16', tob = '>32', col = '1', tic = '256', cza = '8', tol = '2', atm = '16', caz_cloxa = '+', imi_cloxa = '+'; 
INSERT INTO secuencia(secuencia_id, aislado_id, clon, resistoma_mutante) VALUES ('57', '57', 'ST175', '{"PA0004": NaN, "PA0424": NaN, "PA0425": NaN, "PA0426": NaN, "PA0427": NaN, "PA0807": "A219T", "PA0869": "S250N", "PA0958": "Q142X", "PA1179": NaN, "PA1180": NaN, "PA1777": NaN, "PA1798": "H398R", "PA1799": NaN, "PA2018": "T543A", "PA2019": "K329Q", "PA2020": "G195D", "PA2272": "E37K; A104P", "PA2491": "D249N", "PA2492": "P60S; F172I", "PA3047": NaN, "PA3168": "T83I; D87N", "PA3574": NaN, "PA3721": "G71E; A186T", "PA3999": NaN, "PA4003": NaN, "PA4020": NaN, "PA4109": "G154R", "PA4110": NaN, "PA4266": NaN, "PA4418": NaN, "PA4522": "G148A; D183Y", "PA4600": NaN, "PA4700": NaN, "PA4776": NaN, "PA4777": "Y345H", "PA4964": "S87W; L168Q", "PA4967": NaN, "PA5045": "E245D", "PA5235": NaN, "PA5471": "L88P; D161G; H182Q; V243A; V266M", "PA5485": NaN}') ON DUPLICATE KEY UPDATE aislado_id = '57', clon = 'ST175', resistoma_mutante = '{"PA0004": NaN, "PA0424": NaN, "PA0425": NaN, "PA0426": NaN, "PA0427": NaN, "PA0807": "A219T", "PA0869": "S250N", "PA0958": "Q142X", "PA1179": NaN, "PA1180": NaN, "PA1777": NaN, "PA1798": "H398R", "PA1799": NaN, "PA2018": "T543A", "PA2019": "K329Q", "PA2020": "G195D", "PA2272": "E37K; A104P", "PA2491": "D249N", "PA2492": "P60S; F172I", "PA3047": NaN, "PA3168": "T83I; D87N", "PA3574": NaN, "PA3721": "G71E; A186T", "PA3999": NaN, "PA4003": NaN, "PA4020": NaN, "PA4109": "G154R", "PA4110": NaN, "PA4266": NaN, "PA4418": NaN, "PA4522": "G148A; D183Y", "PA4600": NaN, "PA4700": NaN, "PA4776": NaN, "PA4777": "Y345H", "PA4964": "S87W; L168Q", "PA4967": NaN, "PA5045": "E245D", "PA5235": NaN, "PA5471": "L88P; D161G; H182Q; V243A; V266M", "PA5485": NaN}'; 
INSERT INTO metadata_general(aislado_id, aislado_nombre) VALUES ('58', 'CAT02-007') ON DUPLICATE KEY UPDATE aislado_id = '58', aislado_nombre = 'CAT02-007'; 
INSERT INTO mic(mic_id, aislado_id, pip_tz, fep, caz, imi, mer, cip, tob, col, tic, cza, tol, atm, caz_cloxa, imi_cloxa) VALUES ('58', '58', '128', '32', '32', '16', '16', '>16', '32', '1', '256', '8', '2', '16', '+', '+') ON DUPLICATE KEY UPDATE aislado_id = '58', pip_tz = '128', fep = '32', caz = '32', imi = '16', mer = '16', cip = '>16', tob = '32', col = '1', tic = '256', cza = '8', tol = '2', atm = '16', caz_cloxa = '+', imi_cloxa = '+'; 
INSERT INTO secuencia(secuencia_id, aislado_id, clon, resistoma_mutante) VALUES ('58', '58', 'ST175', '{"PA0004": NaN, "PA0424": NaN, "PA0425": NaN, "PA0426": NaN, "PA0427": NaN, "PA0807": "A219T", "PA0869": "S250N", "PA0958": "Q142X", "PA1179": NaN, "PA1180": NaN, "PA1777": NaN, "PA1798": "H398R", "PA1799": NaN, "PA2018": "T543A", "PA2019": "K329Q; W358R", "PA2020": "G195D", "PA2272": "E37K; A104P", "PA2491": "D249N", "PA2492": "F172I", "PA3047": NaN, "PA3168": "T83I; D87N", "PA3574": NaN, "PA3721": "G71E; A186T", "PA3999": NaN, "PA4003": NaN, "PA4020": NaN, "PA4109": "G154R", "PA4110": NaN, "PA4266": NaN, "PA4418": NaN, "PA4522": "G148A; D183Y", "PA4600": NaN, "PA4700": NaN, "PA4776": NaN, "PA4777": "Y345H", "PA4964": "S87W; L168Q", "PA4967": NaN, "PA5045": "E245D", "PA5235": "T211P", "PA5471": "L88P; D161G; H182Q; V243A; V266M", "PA5485": NaN}') ON DUPLICATE KEY UPDATE aislado_id = '58', clon = 'ST175', resistoma_mutante = '{"PA0004": NaN, "PA0424": NaN, "PA0425": NaN, "PA0426": NaN, "PA0427": NaN, "PA0807": "A219T", "PA0869": "S250N", "PA0958": "Q142X", "PA1179": NaN, "PA1180": NaN, "PA1777": NaN, "PA1798": "H398R", "PA1799": NaN, "PA2018": "T543A", "PA2019": "K329Q; W358R", "PA2020": "G195D", "PA2272": "E37K; A104P", "PA2491": "D249N", "PA2492": "F172I", "PA3047": NaN, "PA3168": "T83I; D87N", "PA3574": NaN, "PA3721": "G71E; A186T", "PA3999": NaN, "PA4003": NaN, "PA4020": NaN, "PA4109": "G154R", "PA4110": NaN, "PA4266": NaN, "PA4418": NaN, "PA4522": "G148A; D183Y", "PA4600": NaN, "PA4700": NaN, "PA4776": NaN, "PA4777": "Y345H", "PA4964": "S87W; L168Q", "PA4967": NaN, "PA5045": "E245D", "PA5235": "T211P", "PA5471": "L88P; D161G; H182Q; V243A; V266M", "PA5485": NaN}'; 
INSERT INTO metadata_general(aislado_id, aislado_nombre) VALUES ('59', 'CAT02-012') ON DUPLICATE KEY UPDATE aislado_id = '59', aislado_nombre = 'CAT02-012'; 
INSERT INTO mic(mic_id, aislado_id, pip_tz, fep, caz, imi, mer, cip, tob, col, tic, cza, tol, atm, caz_cloxa, imi_cloxa) VALUES ('59', '59', '256', '32', '32', '16', '32', '16', '>32', '1', '512', '4', '2', '32', '+', '+') ON DUPLICATE KEY UPDATE aislado_id = '59', pip_tz = '256', fep = '32', caz = '32', imi = '16', mer = '32', cip = '16', tob = '>32', col = '1', tic = '512', cza = '4', tol = '2', atm = '32', caz_cloxa = '+', imi_cloxa = '+'; 
INSERT INTO secuencia(secuencia_id, aislado_id, clon, resistoma_mutante) VALUES ('59', '59', 'ST235', '{"PA0004": NaN, "PA0424": "K44M; V126E", "PA0425": NaN, "PA0426": "G957D", "PA0427": NaN, "PA0807": "A208V", "PA0869": "A287S", "PA0958": "nt1216InsGTCCG", "PA1179": NaN, "PA1180": "Y85F", "PA1777": NaN, "PA1798": "H398R", "PA1799": "L153R; S170N", "PA2018": "T543A", "PA2019": "A30T; K329Q; L331V; W358R", "PA2020": "V48A", "PA2272": "A104P; V466I", "PA2491": "D249N", "PA2492": "P60S; F172I", "PA3047": NaN, "PA3168": "T83I", "PA3574": NaN, "PA3721": "G71E; E153Q; S209R", "PA3999": NaN, "PA4003": NaN, "PA4020": NaN, "PA4109": "G283E; M288R", "PA4110": "G27D; A97V; T105A; V205L; G391A", "PA4266": NaN, "PA4418": NaN, "PA4522": "A96T; G148A", "PA4600": NaN, "PA4700": "L353Q; S25G", "PA4776": "L71R", "PA4777": "A4T; G68S; Y345H; G362S", "PA4964": "S87L", "PA4967": "D533E", "PA5045": NaN, "PA5235": NaN, "PA5471": "L88P; D161G; H182Q; R204C; V243A", "PA5485": NaN}') ON DUPLICATE KEY UPDATE aislado_id = '59', clon = 'ST235', resistoma_mutante = '{"PA0004": NaN, "PA0424": "K44M; V126E", "PA0425": NaN, "PA0426": "G957D", "PA0427": NaN, "PA0807": "A208V", "PA0869": "A287S", "PA0958": "nt1216InsGTCCG", "PA1179": NaN, "PA1180": "Y85F", "PA1777": NaN, "PA1798": "H398R", "PA1799": "L153R; S170N", "PA2018": "T543A", "PA2019": "A30T; K329Q; L331V; W358R", "PA2020": "V48A", "PA2272": "A104P; V466I", "PA2491": "D249N", "PA2492": "P60S; F172I", "PA3047": NaN, "PA3168": "T83I", "PA3574": NaN, "PA3721": "G71E; E153Q; S209R", "PA3999": NaN, "PA4003": NaN, "PA4020": NaN, "PA4109": "G283E; M288R", "PA4110": "G27D; A97V; T105A; V205L; G391A", "PA4266": NaN, "PA4418": NaN, "PA4522": "A96T; G148A", "PA4600": NaN, "PA4700": "L353Q; S25G", "PA4776": "L71R", "PA4777": "A4T; G68S; Y345H; G362S", "PA4964": "S87L", "PA4967": "D533E", "PA5045": NaN, "PA5235": NaN, "PA5471": "L88P; D161G; H182Q; R204C; V243A", "PA5485": NaN}'; 
INSERT INTO metadata_general(aislado_id, aislado_nombre) VALUES ('60', 'CAT02-015') ON DUPLICATE KEY UPDATE aislado_id = '60', aislado_nombre = 'CAT02-015'; 
INSERT INTO mic(mic_id, aislado_id, pip_tz, fep, caz, imi, mer, cip, tob, col, tic, cza, tol, atm, caz_cloxa, imi_cloxa) VALUES ('60', '60', '16', '32', '>64', '8', '8', '8', '>32', '2', '256', '4', '32', '128', 'nan', '+') ON DUPLICATE KEY UPDATE aislado_id = '60', pip_tz = '16', fep = '32', caz = '>64', imi = '8', mer = '8', cip = '8', tob = '>32', col = '2', tic = '256', cza = '4', tol = '32', atm = '128', caz_cloxa = 'nan', imi_cloxa = '+'; 
INSERT INTO secuencia(secuencia_id, aislado_id, clon, resistoma_mutante) VALUES ('60', '60', 'ST235', '{"PA0004": NaN, "PA0424": "V126E", "PA0425": NaN, "PA0426": "G957D", "PA0427": NaN, "PA0807": "A208V", "PA0869": "A287S", "PA0958": "nt30InsGC", "PA1179": NaN, "PA1180": "Y85F", "PA1777": NaN, "PA1798": "H398R", "PA1799": "L153R; S170N", "PA2018": "T543A", "PA2019": "A30T; K329Q; L331V; W358R", "PA2020": NaN, "PA2272": "A104P; V466I", "PA2491": "D249N", "PA2492": "P60S; F172I", "PA3047": NaN, "PA3168": "T83I", "PA3574": NaN, "PA3721": "G71E; E153Q; S209R", "PA3999": NaN, "PA4003": NaN, "PA4020": NaN, "PA4109": "G283E; M288R", "PA4110": "G27D; A97V; T105A; V205L; G391A", "PA4266": NaN, "PA4418": NaN, "PA4522": "P41S; G148A", "PA4600": NaN, "PA4700": "L353Q; S25G", "PA4776": "L71R", "PA4777": "A4T; G68S; Y345H; G362S", "PA4964": NaN, "PA4967": "E459K; D533E", "PA5045": NaN, "PA5235": NaN, "PA5471": "Ter14Qext*; L88P; D161G; H182Q; R204C; V243A", "PA5485": NaN}') ON DUPLICATE KEY UPDATE aislado_id = '60', clon = 'ST235', resistoma_mutante = '{"PA0004": NaN, "PA0424": "V126E", "PA0425": NaN, "PA0426": "G957D", "PA0427": NaN, "PA0807": "A208V", "PA0869": "A287S", "PA0958": "nt30InsGC", "PA1179": NaN, "PA1180": "Y85F", "PA1777": NaN, "PA1798": "H398R", "PA1799": "L153R; S170N", "PA2018": "T543A", "PA2019": "A30T; K329Q; L331V; W358R", "PA2020": NaN, "PA2272": "A104P; V466I", "PA2491": "D249N", "PA2492": "P60S; F172I", "PA3047": NaN, "PA3168": "T83I", "PA3574": NaN, "PA3721": "G71E; E153Q; S209R", "PA3999": NaN, "PA4003": NaN, "PA4020": NaN, "PA4109": "G283E; M288R", "PA4110": "G27D; A97V; T105A; V205L; G391A", "PA4266": NaN, "PA4418": NaN, "PA4522": "P41S; G148A", "PA4600": NaN, "PA4700": "L353Q; S25G", "PA4776": "L71R", "PA4777": "A4T; G68S; Y345H; G362S", "PA4964": NaN, "PA4967": "E459K; D533E", "PA5045": NaN, "PA5235": NaN, "PA5471": "Ter14Qext*; L88P; D161G; H182Q; R204C; V243A", "PA5485": NaN}'; 
INSERT INTO metadata_general(aislado_id, aislado_nombre) VALUES ('61', 'CAT02-018') ON DUPLICATE KEY UPDATE aislado_id = '61', aislado_nombre = 'CAT02-018'; 
INSERT INTO mic(mic_id, aislado_id, pip_tz, fep, caz, imi, mer, cip, tob, col, tic, cza, tol, atm, caz_cloxa, imi_cloxa) VALUES ('61', '61', '256', '64', '>64', '8', '16', '8', '>32', '2', '512', '16', '>32', '>128', 'nan', '+') ON DUPLICATE KEY UPDATE aislado_id = '61', pip_tz = '256', fep = '64', caz = '>64', imi = '8', mer = '16', cip = '8', tob = '>32', col = '2', tic = '512', cza = '16', tol = '>32', atm = '>128', caz_cloxa = 'nan', imi_cloxa = '+'; 
INSERT INTO secuencia(secuencia_id, aislado_id, clon, resistoma_mutante) VALUES ('61', '61', 'ST235', '{"PA0004": NaN, "PA0424": "V126E", "PA0425": NaN, "PA0426": "G957D", "PA0427": NaN, "PA0807": "A208V", "PA0869": "A287S", "PA0958": "nt30InsGC", "PA1179": NaN, "PA1180": "Y85F", "PA1777": NaN, "PA1798": "H398R", "PA1799": "L153R; S170N", "PA2018": "T543A", "PA2019": "A30T; K329Q; L331V; W358R", "PA2020": NaN, "PA2272": "A104P; V466I", "PA2491": "D249N", "PA2492": "P60S; F172I", "PA3047": NaN, "PA3168": "T83I", "PA3574": NaN, "PA3721": "G71E; E153Q; S209R", "PA3999": NaN, "PA4003": NaN, "PA4020": NaN, "PA4109": "G283E; M288R", "PA4110": "G27D; A97V; T105A; V205L; G391A", "PA4266": NaN, "PA4418": NaN, "PA4522": "P41S; G148A", "PA4600": NaN, "PA4700": "L353Q; S25G", "PA4776": "L71R", "PA4777": "A4T; G68S; Y345H; G362S", "PA4964": NaN, "PA4967": "E459K; D533E", "PA5045": NaN, "PA5235": NaN, "PA5471": "Ter14Qext*; L88P; D161G; H182Q; R204C; V243A", "PA5485": NaN}') ON DUPLICATE KEY UPDATE aislado_id = '61', clon = 'ST235', resistoma_mutante = '{"PA0004": NaN, "PA0424": "V126E", "PA0425": NaN, "PA0426": "G957D", "PA0427": NaN, "PA0807": "A208V", "PA0869": "A287S", "PA0958": "nt30InsGC", "PA1179": NaN, "PA1180": "Y85F", "PA1777": NaN, "PA1798": "H398R", "PA1799": "L153R; S170N", "PA2018": "T543A", "PA2019": "A30T; K329Q; L331V; W358R", "PA2020": NaN, "PA2272": "A104P; V466I", "PA2491": "D249N", "PA2492": "P60S; F172I", "PA3047": NaN, "PA3168": "T83I", "PA3574": NaN, "PA3721": "G71E; E153Q; S209R", "PA3999": NaN, "PA4003": NaN, "PA4020": NaN, "PA4109": "G283E; M288R", "PA4110": "G27D; A97V; T105A; V205L; G391A", "PA4266": NaN, "PA4418": NaN, "PA4522": "P41S; G148A", "PA4600": NaN, "PA4700": "L353Q; S25G", "PA4776": "L71R", "PA4777": "A4T; G68S; Y345H; G362S", "PA4964": NaN, "PA4967": "E459K; D533E", "PA5045": NaN, "PA5235": NaN, "PA5471": "Ter14Qext*; L88P; D161G; H182Q; R204C; V243A", "PA5485": NaN}'; 
INSERT INTO metadata_general(aislado_id, aislado_nombre) VALUES ('62', 'CAT02-020') ON DUPLICATE KEY UPDATE aislado_id = '62', aislado_nombre = 'CAT02-020'; 
INSERT INTO mic(mic_id, aislado_id, pip_tz, fep, caz, imi, mer, cip, tob, col, tic, cza, tol, atm, caz_cloxa, imi_cloxa) VALUES ('62', '62', '128', '16', '32', '16', '16', '>16', '32', '1', '128', '8', '2', '16', '+', '+') ON DUPLICATE KEY UPDATE aislado_id = '62', pip_tz = '128', fep = '16', caz = '32', imi = '16', mer = '16', cip = '>16', tob = '32', col = '1', tic = '128', cza = '8', tol = '2', atm = '16', caz_cloxa = '+', imi_cloxa = '+'; 
INSERT INTO secuencia(secuencia_id, aislado_id, clon, resistoma_mutante) VALUES ('62', '62', 'ST175', '{"PA0004": NaN, "PA0424": NaN, "PA0425": NaN, "PA0426": NaN, "PA0427": NaN, "PA0807": "A219T", "PA0869": "S250N", "PA0958": "Q142X", "PA1179": NaN, "PA1180": NaN, "PA1777": NaN, "PA1798": "H398R", "PA1799": NaN, "PA2018": "T543A", "PA2019": "K329Q; W358R", "PA2020": "G195D", "PA2272": "E37K; A104P", "PA2491": "D249N", "PA2492": "P60S; F172I", "PA3047": NaN, "PA3168": "T83I; D87N", "PA3574": NaN, "PA3721": "G71E; A186T", "PA3999": NaN, "PA4003": NaN, "PA4020": NaN, "PA4109": "G154R", "PA4110": NaN, "PA4266": NaN, "PA4418": NaN, "PA4522": "G148A; D183Y", "PA4600": NaN, "PA4700": NaN, "PA4776": NaN, "PA4777": "Y345H", "PA4964": "S87W; L168Q", "PA4967": NaN, "PA5045": "E245D", "PA5235": "T211P", "PA5471": "L88P; D161G; H182Q; V243A; V266M", "PA5485": NaN}') ON DUPLICATE KEY UPDATE aislado_id = '62', clon = 'ST175', resistoma_mutante = '{"PA0004": NaN, "PA0424": NaN, "PA0425": NaN, "PA0426": NaN, "PA0427": NaN, "PA0807": "A219T", "PA0869": "S250N", "PA0958": "Q142X", "PA1179": NaN, "PA1180": NaN, "PA1777": NaN, "PA1798": "H398R", "PA1799": NaN, "PA2018": "T543A", "PA2019": "K329Q; W358R", "PA2020": "G195D", "PA2272": "E37K; A104P", "PA2491": "D249N", "PA2492": "P60S; F172I", "PA3047": NaN, "PA3168": "T83I; D87N", "PA3574": NaN, "PA3721": "G71E; A186T", "PA3999": NaN, "PA4003": NaN, "PA4020": NaN, "PA4109": "G154R", "PA4110": NaN, "PA4266": NaN, "PA4418": NaN, "PA4522": "G148A; D183Y", "PA4600": NaN, "PA4700": NaN, "PA4776": NaN, "PA4777": "Y345H", "PA4964": "S87W; L168Q", "PA4967": NaN, "PA5045": "E245D", "PA5235": "T211P", "PA5471": "L88P; D161G; H182Q; V243A; V266M", "PA5485": NaN}'; 
INSERT INTO metadata_general(aislado_id, aislado_nombre) VALUES ('63', 'CAT03-004') ON DUPLICATE KEY UPDATE aislado_id = '63', aislado_nombre = 'CAT03-004'; 
INSERT INTO mic(mic_id, aislado_id, pip_tz, fep, caz, imi, mer, cip, tob, col, tic, cza, tol, atm, caz_cloxa, imi_cloxa) VALUES ('63', '63', '128', '16', '32', '16', '16', '>16', '>32', '2', '256', '8', '2', '16', '+', '+') ON DUPLICATE KEY UPDATE aislado_id = '63', pip_tz = '128', fep = '16', caz = '32', imi = '16', mer = '16', cip = '>16', tob = '>32', col = '2', tic = '256', cza = '8', tol = '2', atm = '16', caz_cloxa = '+', imi_cloxa = '+'; 
INSERT INTO secuencia(secuencia_id, aislado_id, clon, resistoma_mutante) VALUES ('63', '63', 'ST175', '{"PA0004": NaN, "PA0424": NaN, "PA0425": NaN, "PA0426": NaN, "PA0427": NaN, "PA0807": "A219T", "PA0869": "S250N", "PA0958": "Q142X", "PA1179": NaN, "PA1180": NaN, "PA1777": NaN, "PA1798": "H398R", "PA1799": NaN, "PA2018": "T543A", "PA2019": "K329Q; W358R", "PA2020": "G195D", "PA2272": "E37K; A104P", "PA2491": "D249N", "PA2492": "P60S; F172I", "PA3047": NaN, "PA3168": "T83I; D87N", "PA3574": NaN, "PA3721": "G71E; A186T", "PA3999": NaN, "PA4003": NaN, "PA4020": NaN, "PA4109": "G154R", "PA4110": NaN, "PA4266": NaN, "PA4418": NaN, "PA4522": "G148A; D183Y", "PA4600": NaN, "PA4700": NaN, "PA4776": NaN, "PA4777": "Y345H", "PA4964": "S87W; L168Q", "PA4967": NaN, "PA5045": "E245D", "PA5235": "T211P", "PA5471": "L88P; D161G; H182Q; V243A; V266M", "PA5485": NaN}') ON DUPLICATE KEY UPDATE aislado_id = '63', clon = 'ST175', resistoma_mutante = '{"PA0004": NaN, "PA0424": NaN, "PA0425": NaN, "PA0426": NaN, "PA0427": NaN, "PA0807": "A219T", "PA0869": "S250N", "PA0958": "Q142X", "PA1179": NaN, "PA1180": NaN, "PA1777": NaN, "PA1798": "H398R", "PA1799": NaN, "PA2018": "T543A", "PA2019": "K329Q; W358R", "PA2020": "G195D", "PA2272": "E37K; A104P", "PA2491": "D249N", "PA2492": "P60S; F172I", "PA3047": NaN, "PA3168": "T83I; D87N", "PA3574": NaN, "PA3721": "G71E; A186T", "PA3999": NaN, "PA4003": NaN, "PA4020": NaN, "PA4109": "G154R", "PA4110": NaN, "PA4266": NaN, "PA4418": NaN, "PA4522": "G148A; D183Y", "PA4600": NaN, "PA4700": NaN, "PA4776": NaN, "PA4777": "Y345H", "PA4964": "S87W; L168Q", "PA4967": NaN, "PA5045": "E245D", "PA5235": "T211P", "PA5471": "L88P; D161G; H182Q; V243A; V266M", "PA5485": NaN}'; 
INSERT INTO metadata_general(aislado_id, aislado_nombre) VALUES ('64', 'CAT04-001') ON DUPLICATE KEY UPDATE aislado_id = '64', aislado_nombre = 'CAT04-001'; 
INSERT INTO mic(mic_id, aislado_id, pip_tz, fep, caz, imi, mer, cip, tob, col, tic, cza, tol, atm, caz_cloxa, imi_cloxa) VALUES ('64', '64', '256', '64', '64', '16', '32', '>16', '0.5', '2', '256', '32', '4', '64', '+', '+') ON DUPLICATE KEY UPDATE aislado_id = '64', pip_tz = '256', fep = '64', caz = '64', imi = '16', mer = '32', cip = '>16', tob = '0.5', col = '2', tic = '256', cza = '32', tol = '4', atm = '64', caz_cloxa = '+', imi_cloxa = '+'; 
INSERT INTO secuencia(secuencia_id, aislado_id, clon, resistoma_mutante) VALUES ('64', '64', 'ST253', '{"PA0004": NaN, "PA0424": "R73L; V126E", "PA0425": NaN, "PA0426": NaN, "PA0427": NaN, "PA0807": NaN, "PA0869": NaN, "PA0958": "Q402H", "PA1179": NaN, "PA1180": NaN, "PA1777": NaN, "PA1798": "H398R", "PA1799": "L153R; S170N", "PA2018": "I536V; T543A; G589A; Q840E; N1036T; Q1039R", "PA2019": "A30T; K329Q; L331V; W358R", "PA2020": "L138R; N186S", "PA2272": "A104P", "PA2491": "D249N", "PA2492": "F172I", "PA3047": "Q156H", "PA3168": "T83I; aa914\u03942", "PA3574": NaN, "PA3721": "G71E; A145V; S209R", "PA3999": NaN, "PA4003": "A481T", "PA4020": "V420M; M297V", "PA4109": "E114A; G283E; M288R", "PA4110": "G27D; A55T; T105A; Q155R; V205L; G391A", "PA4266": NaN, "PA4418": NaN, "PA4522": "S75F", "PA4600": "R21H; D56G", "PA4700": "L353Q; S25G", "PA4776": NaN, "PA4777": "A4T; V15I; G68S; Y345H", "PA4964": "S87W", "PA4967": "D533E", "PA5045": "I418T; N622K", "PA5235": NaN, "PA5471": "C40R; L88P; S112N; D119E; I237V; V243A", "PA5485": NaN}') ON DUPLICATE KEY UPDATE aislado_id = '64', clon = 'ST253', resistoma_mutante = '{"PA0004": NaN, "PA0424": "R73L; V126E", "PA0425": NaN, "PA0426": NaN, "PA0427": NaN, "PA0807": NaN, "PA0869": NaN, "PA0958": "Q402H", "PA1179": NaN, "PA1180": NaN, "PA1777": NaN, "PA1798": "H398R", "PA1799": "L153R; S170N", "PA2018": "I536V; T543A; G589A; Q840E; N1036T; Q1039R", "PA2019": "A30T; K329Q; L331V; W358R", "PA2020": "L138R; N186S", "PA2272": "A104P", "PA2491": "D249N", "PA2492": "F172I", "PA3047": "Q156H", "PA3168": "T83I; aa914\u03942", "PA3574": NaN, "PA3721": "G71E; A145V; S209R", "PA3999": NaN, "PA4003": "A481T", "PA4020": "V420M; M297V", "PA4109": "E114A; G283E; M288R", "PA4110": "G27D; A55T; T105A; Q155R; V205L; G391A", "PA4266": NaN, "PA4418": NaN, "PA4522": "S75F", "PA4600": "R21H; D56G", "PA4700": "L353Q; S25G", "PA4776": NaN, "PA4777": "A4T; V15I; G68S; Y345H", "PA4964": "S87W", "PA4967": "D533E", "PA5045": "I418T; N622K", "PA5235": NaN, "PA5471": "C40R; L88P; S112N; D119E; I237V; V243A", "PA5485": NaN}'; 
INSERT INTO metadata_general(aislado_id, aislado_nombre) VALUES ('65', 'CAT04-016') ON DUPLICATE KEY UPDATE aislado_id = '65', aislado_nombre = 'CAT04-016'; 
INSERT INTO mic(mic_id, aislado_id, pip_tz, fep, caz, imi, mer, cip, tob, col, tic, cza, tol, atm, caz_cloxa, imi_cloxa) VALUES ('65', '65', '128', '16', '32', '8', '16', '>16', '0.5', '2', '128', '8', '16', '32', 'nan', '+') ON DUPLICATE KEY UPDATE aislado_id = '65', pip_tz = '128', fep = '16', caz = '32', imi = '8', mer = '16', cip = '>16', tob = '0.5', col = '2', tic = '128', cza = '8', tol = '16', atm = '32', caz_cloxa = 'nan', imi_cloxa = '+'; 
INSERT INTO secuencia(secuencia_id, aislado_id, clon, resistoma_mutante) VALUES ('65', '65', 'ST253', '{"PA0004": NaN, "PA0424": "V126E", "PA0425": NaN, "PA0426": NaN, "PA0427": NaN, "PA0807": NaN, "PA0869": NaN, "PA0958": "nt106InsG", "PA1179": NaN, "PA1180": NaN, "PA1777": NaN, "PA1798": "H398R", "PA1799": "L153R; S170N", "PA2018": "I536V; T543A; G589A; Q840E; N1036T; Q1039R", "PA2019": "A30T; K329Q; L331V; W358R", "PA2020": "V105G; L138R; N186S", "PA2272": "A104P", "PA2491": "D249N", "PA2492": "F172I", "PA3047": "Q156H", "PA3168": "T83I; V671I; G860S", "PA3574": NaN, "PA3721": "G71E; A145V; S209R", "PA3999": NaN, "PA4003": "A481T", "PA4020": "M297V", "PA4109": "E114A; G283E; M288R", "PA4110": "G27D; A55T; T105A; Q155R; V205L; G391A", "PA4266": NaN, "PA4418": NaN, "PA4522": NaN, "PA4600": "R21H; D56G", "PA4700": "L353Q; S25G", "PA4776": NaN, "PA4777": "A4T; V15I; G68S; Y345H", "PA4964": "S87W", "PA4967": "D533E", "PA5045": "I418T; N622K", "PA5235": NaN, "PA5471": "C40R; L88P; S112N; D119E; I237V; V243A", "PA5485": NaN}') ON DUPLICATE KEY UPDATE aislado_id = '65', clon = 'ST253', resistoma_mutante = '{"PA0004": NaN, "PA0424": "V126E", "PA0425": NaN, "PA0426": NaN, "PA0427": NaN, "PA0807": NaN, "PA0869": NaN, "PA0958": "nt106InsG", "PA1179": NaN, "PA1180": NaN, "PA1777": NaN, "PA1798": "H398R", "PA1799": "L153R; S170N", "PA2018": "I536V; T543A; G589A; Q840E; N1036T; Q1039R", "PA2019": "A30T; K329Q; L331V; W358R", "PA2020": "V105G; L138R; N186S", "PA2272": "A104P", "PA2491": "D249N", "PA2492": "F172I", "PA3047": "Q156H", "PA3168": "T83I; V671I; G860S", "PA3574": NaN, "PA3721": "G71E; A145V; S209R", "PA3999": NaN, "PA4003": "A481T", "PA4020": "M297V", "PA4109": "E114A; G283E; M288R", "PA4110": "G27D; A55T; T105A; Q155R; V205L; G391A", "PA4266": NaN, "PA4418": NaN, "PA4522": NaN, "PA4600": "R21H; D56G", "PA4700": "L353Q; S25G", "PA4776": NaN, "PA4777": "A4T; V15I; G68S; Y345H", "PA4964": "S87W", "PA4967": "D533E", "PA5045": "I418T; N622K", "PA5235": NaN, "PA5471": "C40R; L88P; S112N; D119E; I237V; V243A", "PA5485": NaN}'; 
INSERT INTO metadata_general(aislado_id, aislado_nombre) VALUES ('66', 'CAT04-032') ON DUPLICATE KEY UPDATE aislado_id = '66', aislado_nombre = 'CAT04-032'; 
INSERT INTO mic(mic_id, aislado_id, pip_tz, fep, caz, imi, mer, cip, tob, col, tic, cza, tol, atm, caz_cloxa, imi_cloxa) VALUES ('66', '66', '128', '32', '64', '16', '8', '>16', '32', '2', '128', '8', '2', '32', '+', '+') ON DUPLICATE KEY UPDATE aislado_id = '66', pip_tz = '128', fep = '32', caz = '64', imi = '16', mer = '8', cip = '>16', tob = '32', col = '2', tic = '128', cza = '8', tol = '2', atm = '32', caz_cloxa = '+', imi_cloxa = '+'; 
INSERT INTO secuencia(secuencia_id, aislado_id, clon, resistoma_mutante) VALUES ('66', '66', 'ST175', '{"PA0004": NaN, "PA0424": NaN, "PA0425": NaN, "PA0426": NaN, "PA0427": NaN, "PA0807": "A219T", "PA0869": "S250N", "PA0958": "Q142X", "PA1179": NaN, "PA1180": NaN, "PA1777": NaN, "PA1798": "H398R", "PA1799": NaN, "PA2018": "T543A", "PA2019": "K329Q", "PA2020": "G195D", "PA2272": "E37K; A104P", "PA2491": "D249N", "PA2492": "P60S; F172I", "PA3047": NaN, "PA3168": "T83I; D87N", "PA3574": NaN, "PA3721": "G71E; A186T", "PA3999": NaN, "PA4003": NaN, "PA4020": NaN, "PA4109": "G154R", "PA4110": NaN, "PA4266": NaN, "PA4418": NaN, "PA4522": "G148A; D183Y", "PA4600": NaN, "PA4700": NaN, "PA4776": NaN, "PA4777": "Y345H", "PA4964": "S87W; L168Q", "PA4967": NaN, "PA5045": "E245D", "PA5235": "T211P", "PA5471": "L88P; D161G; H182Q; V243A; V266M", "PA5485": NaN}') ON DUPLICATE KEY UPDATE aislado_id = '66', clon = 'ST175', resistoma_mutante = '{"PA0004": NaN, "PA0424": NaN, "PA0425": NaN, "PA0426": NaN, "PA0427": NaN, "PA0807": "A219T", "PA0869": "S250N", "PA0958": "Q142X", "PA1179": NaN, "PA1180": NaN, "PA1777": NaN, "PA1798": "H398R", "PA1799": NaN, "PA2018": "T543A", "PA2019": "K329Q", "PA2020": "G195D", "PA2272": "E37K; A104P", "PA2491": "D249N", "PA2492": "P60S; F172I", "PA3047": NaN, "PA3168": "T83I; D87N", "PA3574": NaN, "PA3721": "G71E; A186T", "PA3999": NaN, "PA4003": NaN, "PA4020": NaN, "PA4109": "G154R", "PA4110": NaN, "PA4266": NaN, "PA4418": NaN, "PA4522": "G148A; D183Y", "PA4600": NaN, "PA4700": NaN, "PA4776": NaN, "PA4777": "Y345H", "PA4964": "S87W; L168Q", "PA4967": NaN, "PA5045": "E245D", "PA5235": "T211P", "PA5471": "L88P; D161G; H182Q; V243A; V266M", "PA5485": NaN}'; 
INSERT INTO metadata_general(aislado_id, aislado_nombre) VALUES ('67', 'CAT05-001') ON DUPLICATE KEY UPDATE aislado_id = '67', aislado_nombre = 'CAT05-001'; 
INSERT INTO mic(mic_id, aislado_id, pip_tz, fep, caz, imi, mer, cip, tob, col, tic, cza, tol, atm, caz_cloxa, imi_cloxa) VALUES ('67', '67', '64', '16', '16', '8', '4', '>16', '16', '1', '64', '4', '2', '8', '+', '+') ON DUPLICATE KEY UPDATE aislado_id = '67', pip_tz = '64', fep = '16', caz = '16', imi = '8', mer = '4', cip = '>16', tob = '16', col = '1', tic = '64', cza = '4', tol = '2', atm = '8', caz_cloxa = '+', imi_cloxa = '+'; 
INSERT INTO secuencia(secuencia_id, aislado_id, clon, resistoma_mutante) VALUES ('67', '67', 'ST175', '{"PA0004": NaN, "PA0424": NaN, "PA0425": NaN, "PA0426": NaN, "PA0427": NaN, "PA0807": "A219T", "PA0869": "S250N", "PA0958": "Q142X", "PA1179": NaN, "PA1180": NaN, "PA1777": NaN, "PA1798": "H398R", "PA1799": NaN, "PA2018": "T543A", "PA2019": "K329Q; W358R", "PA2020": "G195D", "PA2272": "E37K; A104P", "PA2491": "D249N", "PA2492": "P60S; F172I", "PA3047": NaN, "PA3168": "T83I; D87N", "PA3574": NaN, "PA3721": "G71E; A186T", "PA3999": NaN, "PA4003": NaN, "PA4020": NaN, "PA4109": "G154R", "PA4110": NaN, "PA4266": NaN, "PA4418": NaN, "PA4522": "G148A; D183Y", "PA4600": NaN, "PA4700": NaN, "PA4776": NaN, "PA4777": "Y345H", "PA4964": "S87W; L168Q", "PA4967": NaN, "PA5045": "E245D", "PA5235": "T211P", "PA5471": "L88P; D161G; H182Q; V243A; V266M", "PA5485": NaN}') ON DUPLICATE KEY UPDATE aislado_id = '67', clon = 'ST175', resistoma_mutante = '{"PA0004": NaN, "PA0424": NaN, "PA0425": NaN, "PA0426": NaN, "PA0427": NaN, "PA0807": "A219T", "PA0869": "S250N", "PA0958": "Q142X", "PA1179": NaN, "PA1180": NaN, "PA1777": NaN, "PA1798": "H398R", "PA1799": NaN, "PA2018": "T543A", "PA2019": "K329Q; W358R", "PA2020": "G195D", "PA2272": "E37K; A104P", "PA2491": "D249N", "PA2492": "P60S; F172I", "PA3047": NaN, "PA3168": "T83I; D87N", "PA3574": NaN, "PA3721": "G71E; A186T", "PA3999": NaN, "PA4003": NaN, "PA4020": NaN, "PA4109": "G154R", "PA4110": NaN, "PA4266": NaN, "PA4418": NaN, "PA4522": "G148A; D183Y", "PA4600": NaN, "PA4700": NaN, "PA4776": NaN, "PA4777": "Y345H", "PA4964": "S87W; L168Q", "PA4967": NaN, "PA5045": "E245D", "PA5235": "T211P", "PA5471": "L88P; D161G; H182Q; V243A; V266M", "PA5485": NaN}'; 
INSERT INTO metadata_general(aislado_id, aislado_nombre) VALUES ('68', 'CAT05-004') ON DUPLICATE KEY UPDATE aislado_id = '68', aislado_nombre = 'CAT05-004'; 
INSERT INTO mic(mic_id, aislado_id, pip_tz, fep, caz, imi, mer, cip, tob, col, tic, cza, tol, atm, caz_cloxa, imi_cloxa) VALUES ('68', '68', '>256', '>64', '>64', '>32', '>64', '>16', '2', '2', '>512', '>32', '>32', '4', 'nan', 'nan') ON DUPLICATE KEY UPDATE aislado_id = '68', pip_tz = '>256', fep = '>64', caz = '>64', imi = '>32', mer = '>64', cip = '>16', tob = '2', col = '2', tic = '>512', cza = '>32', tol = '>32', atm = '4', caz_cloxa = 'nan', imi_cloxa = 'nan'; 
INSERT INTO secuencia(secuencia_id, aislado_id, clon, resistoma_mutante) VALUES ('68', '68', 'ST253', '{"PA0004": NaN, "PA0424": "V126E", "PA0425": NaN, "PA0426": NaN, "PA0427": NaN, "PA0807": NaN, "PA0869": NaN, "PA0958": "W77X", "PA1179": NaN, "PA1180": NaN, "PA1777": NaN, "PA1798": "H398R", "PA1799": "L153R; S170N", "PA2018": "I536V; T543A; G589A; Q840E; N1036T; Q1039R", "PA2019": "A30T; K329Q; L331V; W358R", "PA2020": "V105G; L138R; N186S", "PA2272": "A104P", "PA2491": "D249N", "PA2492": "F172I", "PA3047": "Q156H", "PA3168": "T83I; V671I; G860S", "PA3574": NaN, "PA3721": "G71E; A145V; S209R", "PA3999": NaN, "PA4003": "A481T", "PA4020": "M297V", "PA4109": "E114A; G283E; M288R", "PA4110": "G27D; A55T; T105A; Q155R; V205L; G391A", "PA4266": NaN, "PA4418": NaN, "PA4522": NaN, "PA4600": "R21H; D56G", "PA4700": "L353Q; S25G", "PA4776": NaN, "PA4777": "S2P; A4T; V15I; G68S; Y345H", "PA4964": "S87W", "PA4967": "D533E", "PA5045": "I418T; N622K", "PA5235": NaN, "PA5471": "C40R; L88P; S112N; D119E; I237V; V243A", "PA5485": NaN}') ON DUPLICATE KEY UPDATE aislado_id = '68', clon = 'ST253', resistoma_mutante = '{"PA0004": NaN, "PA0424": "V126E", "PA0425": NaN, "PA0426": NaN, "PA0427": NaN, "PA0807": NaN, "PA0869": NaN, "PA0958": "W77X", "PA1179": NaN, "PA1180": NaN, "PA1777": NaN, "PA1798": "H398R", "PA1799": "L153R; S170N", "PA2018": "I536V; T543A; G589A; Q840E; N1036T; Q1039R", "PA2019": "A30T; K329Q; L331V; W358R", "PA2020": "V105G; L138R; N186S", "PA2272": "A104P", "PA2491": "D249N", "PA2492": "F172I", "PA3047": "Q156H", "PA3168": "T83I; V671I; G860S", "PA3574": NaN, "PA3721": "G71E; A145V; S209R", "PA3999": NaN, "PA4003": "A481T", "PA4020": "M297V", "PA4109": "E114A; G283E; M288R", "PA4110": "G27D; A55T; T105A; Q155R; V205L; G391A", "PA4266": NaN, "PA4418": NaN, "PA4522": NaN, "PA4600": "R21H; D56G", "PA4700": "L353Q; S25G", "PA4776": NaN, "PA4777": "S2P; A4T; V15I; G68S; Y345H", "PA4964": "S87W", "PA4967": "D533E", "PA5045": "I418T; N622K", "PA5235": NaN, "PA5471": "C40R; L88P; S112N; D119E; I237V; V243A", "PA5485": NaN}'; 
INSERT INTO metadata_general(aislado_id, aislado_nombre) VALUES ('69', 'CAT05-005') ON DUPLICATE KEY UPDATE aislado_id = '69', aislado_nombre = 'CAT05-005'; 
INSERT INTO mic(mic_id, aislado_id, pip_tz, fep, caz, imi, mer, cip, tob, col, tic, cza, tol, atm, caz_cloxa, imi_cloxa) VALUES ('69', '69', '64', '16', '16', '8', '2', '>16', '32', '<=0.5', '64', '1', '1', '8', '+', '+') ON DUPLICATE KEY UPDATE aislado_id = '69', pip_tz = '64', fep = '16', caz = '16', imi = '8', mer = '2', cip = '>16', tob = '32', col = '<=0.5', tic = '64', cza = '1', tol = '1', atm = '8', caz_cloxa = '+', imi_cloxa = '+'; 
INSERT INTO secuencia(secuencia_id, aislado_id, clon, resistoma_mutante) VALUES ('69', '69', 'ST175', '{"PA0004": NaN, "PA0424": NaN, "PA0425": "nt359\u039414", "PA0426": NaN, "PA0427": NaN, "PA0807": "A219T", "PA0869": "S250N", "PA0958": "Q142X", "PA1179": NaN, "PA1180": NaN, "PA1777": NaN, "PA1798": "H398R", "PA1799": NaN, "PA2018": "T543A", "PA2019": "K329Q", "PA2020": "G195D", "PA2272": "E37K; A104P", "PA2491": "D249N", "PA2492": "P60S; F172I", "PA3047": NaN, "PA3168": "T83I; D87N", "PA3574": NaN, "PA3721": "G71E; A186T", "PA3999": NaN, "PA4003": NaN, "PA4020": NaN, "PA4109": "G154R", "PA4110": NaN, "PA4266": NaN, "PA4418": NaN, "PA4522": "G148A; D183Y", "PA4600": NaN, "PA4700": NaN, "PA4776": NaN, "PA4777": "Y345H", "PA4964": "S87W; L168Q", "PA4967": NaN, "PA5045": "E245D", "PA5235": "T211P", "PA5471": "L88P; D161G; H182Q; V243A; V266M", "PA5485": NaN}') ON DUPLICATE KEY UPDATE aislado_id = '69', clon = 'ST175', resistoma_mutante = '{"PA0004": NaN, "PA0424": NaN, "PA0425": "nt359\u039414", "PA0426": NaN, "PA0427": NaN, "PA0807": "A219T", "PA0869": "S250N", "PA0958": "Q142X", "PA1179": NaN, "PA1180": NaN, "PA1777": NaN, "PA1798": "H398R", "PA1799": NaN, "PA2018": "T543A", "PA2019": "K329Q", "PA2020": "G195D", "PA2272": "E37K; A104P", "PA2491": "D249N", "PA2492": "P60S; F172I", "PA3047": NaN, "PA3168": "T83I; D87N", "PA3574": NaN, "PA3721": "G71E; A186T", "PA3999": NaN, "PA4003": NaN, "PA4020": NaN, "PA4109": "G154R", "PA4110": NaN, "PA4266": NaN, "PA4418": NaN, "PA4522": "G148A; D183Y", "PA4600": NaN, "PA4700": NaN, "PA4776": NaN, "PA4777": "Y345H", "PA4964": "S87W; L168Q", "PA4967": NaN, "PA5045": "E245D", "PA5235": "T211P", "PA5471": "L88P; D161G; H182Q; V243A; V266M", "PA5485": NaN}'; 
INSERT INTO metadata_general(aislado_id, aislado_nombre) VALUES ('70', 'CAT05-008') ON DUPLICATE KEY UPDATE aislado_id = '70', aislado_nombre = 'CAT05-008'; 
INSERT INTO mic(mic_id, aislado_id, pip_tz, fep, caz, imi, mer, cip, tob, col, tic, cza, tol, atm, caz_cloxa, imi_cloxa) VALUES ('70', '70', '>256', '16', '32', '8', '16', '>16', '>32', '2', '>512', '8', '2', '32', '+', '+') ON DUPLICATE KEY UPDATE aislado_id = '70', pip_tz = '>256', fep = '16', caz = '32', imi = '8', mer = '16', cip = '>16', tob = '>32', col = '2', tic = '>512', cza = '8', tol = '2', atm = '32', caz_cloxa = '+', imi_cloxa = '+'; 
INSERT INTO secuencia(secuencia_id, aislado_id, clon, resistoma_mutante) VALUES ('70', '70', 'ST111', '{"PA0004": NaN, "PA0424": "V126E", "PA0425": NaN, "PA0426": NaN, "PA0427": NaN, "PA0807": "A219T", "PA0869": NaN, "PA0958": "W77X", "PA1179": NaN, "PA1180": NaN, "PA1777": NaN, "PA1798": "L137P; H398R", "PA1799": NaN, "PA2018": "G530S", "PA2019": "K329Q; L331V; W358R", "PA2020": NaN, "PA2272": "A104P", "PA2491": "D249N", "PA2492": "F172I", "PA3047": NaN, "PA3168": "T83I; V671I; G860S", "PA3574": NaN, "PA3721": "G71E", "PA3999": NaN, "PA4003": NaN, "PA4020": "D411A", "PA4109": NaN, "PA4110": "T105A", "PA4266": NaN, "PA4418": NaN, "PA4522": "V10G; G148A", "PA4600": "A121T", "PA4700": "M715K; K607R", "PA4776": "L71R", "PA4777": "A4T; V6A; V15I; G68S; Y345H", "PA4964": "S87L", "PA4967": NaN, "PA5045": "G596R", "PA5235": NaN, "PA5471": "L88P; D161G; H182Q; V243A", "PA5485": NaN}') ON DUPLICATE KEY UPDATE aislado_id = '70', clon = 'ST111', resistoma_mutante = '{"PA0004": NaN, "PA0424": "V126E", "PA0425": NaN, "PA0426": NaN, "PA0427": NaN, "PA0807": "A219T", "PA0869": NaN, "PA0958": "W77X", "PA1179": NaN, "PA1180": NaN, "PA1777": NaN, "PA1798": "L137P; H398R", "PA1799": NaN, "PA2018": "G530S", "PA2019": "K329Q; L331V; W358R", "PA2020": NaN, "PA2272": "A104P", "PA2491": "D249N", "PA2492": "F172I", "PA3047": NaN, "PA3168": "T83I; V671I; G860S", "PA3574": NaN, "PA3721": "G71E", "PA3999": NaN, "PA4003": NaN, "PA4020": "D411A", "PA4109": NaN, "PA4110": "T105A", "PA4266": NaN, "PA4418": NaN, "PA4522": "V10G; G148A", "PA4600": "A121T", "PA4700": "M715K; K607R", "PA4776": "L71R", "PA4777": "A4T; V6A; V15I; G68S; Y345H", "PA4964": "S87L", "PA4967": NaN, "PA5045": "G596R", "PA5235": NaN, "PA5471": "L88P; D161G; H182Q; V243A", "PA5485": NaN}'; 
INSERT INTO metadata_general(aislado_id, aislado_nombre) VALUES ('71', 'CAT05-019') ON DUPLICATE KEY UPDATE aislado_id = '71', aislado_nombre = 'CAT05-019'; 
INSERT INTO mic(mic_id, aislado_id, pip_tz, fep, caz, imi, mer, cip, tob, col, tic, cza, tol, atm, caz_cloxa, imi_cloxa) VALUES ('71', '71', '128', '16', '32', '16', '64', '>16', '4', '1', '512', '2', '2', '16', 'nan', '+') ON DUPLICATE KEY UPDATE aislado_id = '71', pip_tz = '128', fep = '16', caz = '32', imi = '16', mer = '64', cip = '>16', tob = '4', col = '1', tic = '512', cza = '2', tol = '2', atm = '16', caz_cloxa = 'nan', imi_cloxa = '+'; 
INSERT INTO secuencia(secuencia_id, aislado_id, clon, resistoma_mutante) VALUES ('71', '71', 'ST175', '{"PA0004": NaN, "PA0424": NaN, "PA0425": NaN, "PA0426": NaN, "PA0427": NaN, "PA0807": "A219T", "PA0869": "S250N", "PA0958": "Q142X", "PA1179": NaN, "PA1180": NaN, "PA1777": NaN, "PA1798": "H398R", "PA1799": NaN, "PA2018": "T543A", "PA2019": "K329Q", "PA2020": "G195D", "PA2272": "E37K; A104P", "PA2491": "D249N", "PA2492": "P60S; F172I", "PA3047": NaN, "PA3168": "T83I; D87N", "PA3574": NaN, "PA3721": "G71E; A186T", "PA3999": NaN, "PA4003": NaN, "PA4020": NaN, "PA4109": "G154R", "PA4110": NaN, "PA4266": NaN, "PA4418": NaN, "PA4522": "G148A; D183Y", "PA4600": NaN, "PA4700": NaN, "PA4776": NaN, "PA4777": "Y345H", "PA4964": "S87W; L168Q", "PA4967": NaN, "PA5045": "E245D", "PA5235": "T211P", "PA5471": "L88P; D161G; H182Q; V243A; V266M", "PA5485": NaN}') ON DUPLICATE KEY UPDATE aislado_id = '71', clon = 'ST175', resistoma_mutante = '{"PA0004": NaN, "PA0424": NaN, "PA0425": NaN, "PA0426": NaN, "PA0427": NaN, "PA0807": "A219T", "PA0869": "S250N", "PA0958": "Q142X", "PA1179": NaN, "PA1180": NaN, "PA1777": NaN, "PA1798": "H398R", "PA1799": NaN, "PA2018": "T543A", "PA2019": "K329Q", "PA2020": "G195D", "PA2272": "E37K; A104P", "PA2491": "D249N", "PA2492": "P60S; F172I", "PA3047": NaN, "PA3168": "T83I; D87N", "PA3574": NaN, "PA3721": "G71E; A186T", "PA3999": NaN, "PA4003": NaN, "PA4020": NaN, "PA4109": "G154R", "PA4110": NaN, "PA4266": NaN, "PA4418": NaN, "PA4522": "G148A; D183Y", "PA4600": NaN, "PA4700": NaN, "PA4776": NaN, "PA4777": "Y345H", "PA4964": "S87W; L168Q", "PA4967": NaN, "PA5045": "E245D", "PA5235": "T211P", "PA5471": "L88P; D161G; H182Q; V243A; V266M", "PA5485": NaN}'; 
INSERT INTO metadata_general(aislado_id, aislado_nombre) VALUES ('72', 'CAT06-008') ON DUPLICATE KEY UPDATE aislado_id = '72', aislado_nombre = 'CAT06-008'; 
INSERT INTO mic(mic_id, aislado_id, pip_tz, fep, caz, imi, mer, cip, tob, col, tic, cza, tol, atm, caz_cloxa, imi_cloxa) VALUES ('72', '72', '64', '8', '4', '16', '1', '>16', '32', '1', '256', '1', '2', '4', '+', '+') ON DUPLICATE KEY UPDATE aislado_id = '72', pip_tz = '64', fep = '8', caz = '4', imi = '16', mer = '1', cip = '>16', tob = '32', col = '1', tic = '256', cza = '1', tol = '2', atm = '4', caz_cloxa = '+', imi_cloxa = '+'; 
INSERT INTO secuencia(secuencia_id, aislado_id, clon, resistoma_mutante) VALUES ('72', '72', 'ST175', '{"PA0004": NaN, "PA0424": NaN, "PA0425": NaN, "PA0426": "A735D", "PA0427": NaN, "PA0807": "A219T", "PA0869": "S250N", "PA0958": "Q142X", "PA1179": NaN, "PA1180": NaN, "PA1777": NaN, "PA1798": "H398R", "PA1799": NaN, "PA2018": "T543A", "PA2019": "K329Q; W358R", "PA2020": "G195D", "PA2272": "E37K; A104P", "PA2491": "D249N", "PA2492": "P60S; F172I", "PA3047": "A434T", "PA3168": "T83I; D87N", "PA3574": NaN, "PA3721": "G71E; A186T", "PA3999": NaN, "PA4003": NaN, "PA4020": NaN, "PA4109": "G154R", "PA4110": NaN, "PA4266": NaN, "PA4418": NaN, "PA4522": "G148A; D183Y", "PA4600": NaN, "PA4700": NaN, "PA4776": NaN, "PA4777": "Y345H", "PA4964": "S87W; L168Q", "PA4967": NaN, "PA5045": "E245D", "PA5235": "T211P", "PA5471": "L88P; D161G; H182Q; V243A; V266M", "PA5485": NaN}') ON DUPLICATE KEY UPDATE aislado_id = '72', clon = 'ST175', resistoma_mutante = '{"PA0004": NaN, "PA0424": NaN, "PA0425": NaN, "PA0426": "A735D", "PA0427": NaN, "PA0807": "A219T", "PA0869": "S250N", "PA0958": "Q142X", "PA1179": NaN, "PA1180": NaN, "PA1777": NaN, "PA1798": "H398R", "PA1799": NaN, "PA2018": "T543A", "PA2019": "K329Q; W358R", "PA2020": "G195D", "PA2272": "E37K; A104P", "PA2491": "D249N", "PA2492": "P60S; F172I", "PA3047": "A434T", "PA3168": "T83I; D87N", "PA3574": NaN, "PA3721": "G71E; A186T", "PA3999": NaN, "PA4003": NaN, "PA4020": NaN, "PA4109": "G154R", "PA4110": NaN, "PA4266": NaN, "PA4418": NaN, "PA4522": "G148A; D183Y", "PA4600": NaN, "PA4700": NaN, "PA4776": NaN, "PA4777": "Y345H", "PA4964": "S87W; L168Q", "PA4967": NaN, "PA5045": "E245D", "PA5235": "T211P", "PA5471": "L88P; D161G; H182Q; V243A; V266M", "PA5485": NaN}'; 
INSERT INTO metadata_general(aislado_id, aislado_nombre) VALUES ('73', 'CAT06-016') ON DUPLICATE KEY UPDATE aislado_id = '73', aislado_nombre = 'CAT06-016'; 
INSERT INTO mic(mic_id, aislado_id, pip_tz, fep, caz, imi, mer, cip, tob, col, tic, cza, tol, atm, caz_cloxa, imi_cloxa) VALUES ('73', '73', '128', '16', '32', '16', '16', '>16', '32', '2', '128', '4', '2', '32', '+', '+') ON DUPLICATE KEY UPDATE aislado_id = '73', pip_tz = '128', fep = '16', caz = '32', imi = '16', mer = '16', cip = '>16', tob = '32', col = '2', tic = '128', cza = '4', tol = '2', atm = '32', caz_cloxa = '+', imi_cloxa = '+'; 
INSERT INTO secuencia(secuencia_id, aislado_id, clon, resistoma_mutante) VALUES ('73', '73', 'ST175', '{"PA0004": NaN, "PA0424": NaN, "PA0425": NaN, "PA0426": NaN, "PA0427": NaN, "PA0807": "A219T", "PA0869": "S250N", "PA0958": "Q142X", "PA1179": NaN, "PA1180": NaN, "PA1777": NaN, "PA1798": "H398R", "PA1799": NaN, "PA2018": "T543A", "PA2019": "K329Q; W358R", "PA2020": "G195D", "PA2272": "E37K; A104P", "PA2491": "D249N", "PA2492": "P60S; F172I", "PA3047": NaN, "PA3168": "T83I; D87N", "PA3574": NaN, "PA3721": "G71E; A186T", "PA3999": NaN, "PA4003": NaN, "PA4020": NaN, "PA4109": "G154R", "PA4110": NaN, "PA4266": NaN, "PA4418": NaN, "PA4522": "G148A; D183Y", "PA4600": NaN, "PA4700": NaN, "PA4776": NaN, "PA4777": "Y345H", "PA4964": "S87W; L168Q", "PA4967": NaN, "PA5045": "E245D", "PA5235": "T211P", "PA5471": "L88P; D161G; H182Q; V243A; V266M", "PA5485": NaN}') ON DUPLICATE KEY UPDATE aislado_id = '73', clon = 'ST175', resistoma_mutante = '{"PA0004": NaN, "PA0424": NaN, "PA0425": NaN, "PA0426": NaN, "PA0427": NaN, "PA0807": "A219T", "PA0869": "S250N", "PA0958": "Q142X", "PA1179": NaN, "PA1180": NaN, "PA1777": NaN, "PA1798": "H398R", "PA1799": NaN, "PA2018": "T543A", "PA2019": "K329Q; W358R", "PA2020": "G195D", "PA2272": "E37K; A104P", "PA2491": "D249N", "PA2492": "P60S; F172I", "PA3047": NaN, "PA3168": "T83I; D87N", "PA3574": NaN, "PA3721": "G71E; A186T", "PA3999": NaN, "PA4003": NaN, "PA4020": NaN, "PA4109": "G154R", "PA4110": NaN, "PA4266": NaN, "PA4418": NaN, "PA4522": "G148A; D183Y", "PA4600": NaN, "PA4700": NaN, "PA4776": NaN, "PA4777": "Y345H", "PA4964": "S87W; L168Q", "PA4967": NaN, "PA5045": "E245D", "PA5235": "T211P", "PA5471": "L88P; D161G; H182Q; V243A; V266M", "PA5485": NaN}'; 
INSERT INTO metadata_general(aislado_id, aislado_nombre) VALUES ('74', 'CAT06-019') ON DUPLICATE KEY UPDATE aislado_id = '74', aislado_nombre = 'CAT06-019'; 
INSERT INTO mic(mic_id, aislado_id, pip_tz, fep, caz, imi, mer, cip, tob, col, tic, cza, tol, atm, caz_cloxa, imi_cloxa) VALUES ('74', '74', '16', '16', '8', '16', '16', '16', '>32', '1', '64', '1', '1', '8', '+', '+') ON DUPLICATE KEY UPDATE aislado_id = '74', pip_tz = '16', fep = '16', caz = '8', imi = '16', mer = '16', cip = '16', tob = '>32', col = '1', tic = '64', cza = '1', tol = '1', atm = '8', caz_cloxa = '+', imi_cloxa = '+'; 
INSERT INTO secuencia(secuencia_id, aislado_id, clon, resistoma_mutante) VALUES ('74', '74', 'ST175', '{"PA0004": NaN, "PA0424": NaN, "PA0425": "S258L", "PA0426": NaN, "PA0427": NaN, "PA0807": "A219T", "PA0869": "S250N", "PA0958": "Q142X", "PA1179": NaN, "PA1180": NaN, "PA1777": NaN, "PA1798": "H398R", "PA1799": NaN, "PA2018": "T543A", "PA2019": "K329Q; W358R", "PA2020": "G195D", "PA2272": "E37K; A104P", "PA2491": "D249N", "PA2492": "P60S; F172I", "PA3047": NaN, "PA3168": "T83I; D87N", "PA3574": NaN, "PA3721": "G71E; A186T", "PA3999": NaN, "PA4003": NaN, "PA4020": NaN, "PA4109": "G154R", "PA4110": NaN, "PA4266": NaN, "PA4418": "F533L", "PA4522": "G148A; D183Y", "PA4600": NaN, "PA4700": NaN, "PA4776": NaN, "PA4777": "Y345H", "PA4964": "S87W; L168Q", "PA4967": NaN, "PA5045": "E245D", "PA5235": "T211P", "PA5471": "L88P; D161G; H182Q; V243A; V266M", "PA5485": NaN}') ON DUPLICATE KEY UPDATE aislado_id = '74', clon = 'ST175', resistoma_mutante = '{"PA0004": NaN, "PA0424": NaN, "PA0425": "S258L", "PA0426": NaN, "PA0427": NaN, "PA0807": "A219T", "PA0869": "S250N", "PA0958": "Q142X", "PA1179": NaN, "PA1180": NaN, "PA1777": NaN, "PA1798": "H398R", "PA1799": NaN, "PA2018": "T543A", "PA2019": "K329Q; W358R", "PA2020": "G195D", "PA2272": "E37K; A104P", "PA2491": "D249N", "PA2492": "P60S; F172I", "PA3047": NaN, "PA3168": "T83I; D87N", "PA3574": NaN, "PA3721": "G71E; A186T", "PA3999": NaN, "PA4003": NaN, "PA4020": NaN, "PA4109": "G154R", "PA4110": NaN, "PA4266": NaN, "PA4418": "F533L", "PA4522": "G148A; D183Y", "PA4600": NaN, "PA4700": NaN, "PA4776": NaN, "PA4777": "Y345H", "PA4964": "S87W; L168Q", "PA4967": NaN, "PA5045": "E245D", "PA5235": "T211P", "PA5471": "L88P; D161G; H182Q; V243A; V266M", "PA5485": NaN}'; 
INSERT INTO metadata_general(aislado_id, aislado_nombre) VALUES ('75', 'CAT06-021') ON DUPLICATE KEY UPDATE aislado_id = '75', aislado_nombre = 'CAT06-021'; 
INSERT INTO mic(mic_id, aislado_id, pip_tz, fep, caz, imi, mer, cip, tob, col, tic, cza, tol, atm, caz_cloxa, imi_cloxa) VALUES ('75', '75', '32', '16', '8', '16', '32', '>16', '32', '1', '64', '4', '1', '16', '+', 'nan') ON DUPLICATE KEY UPDATE aislado_id = '75', pip_tz = '32', fep = '16', caz = '8', imi = '16', mer = '32', cip = '>16', tob = '32', col = '1', tic = '64', cza = '4', tol = '1', atm = '16', caz_cloxa = '+', imi_cloxa = 'nan'; 
INSERT INTO secuencia(secuencia_id, aislado_id, clon, resistoma_mutante) VALUES ('75', '75', 'ST1134', '{"PA0004": NaN, "PA0424": NaN, "PA0425": "D373E", "PA0426": NaN, "PA0427": "V72L", "PA0807": "A219T", "PA0869": NaN, "PA0958": NaN, "PA1179": NaN, "PA1180": NaN, "PA1777": NaN, "PA1798": "H398R", "PA1799": NaN, "PA2018": "T543A", "PA2019": "K329Q; L331V; W358R", "PA2020": NaN, "PA2272": NaN, "PA2491": "D249N", "PA2492": "F172I", "PA3047": NaN, "PA3168": "A908T", "PA3574": NaN, "PA3721": "G71E; S209R", "PA3999": NaN, "PA4003": NaN, "PA4020": "A303V; M297V", "PA4109": NaN, "PA4110": "T105A", "PA4266": NaN, "PA4418": NaN, "PA4522": "R11L; G148A; D183Y", "PA4600": "R82L", "PA4700": NaN, "PA4776": "L71R", "PA4777": "Y345H", "PA4964": NaN, "PA4967": "A473V; D533E", "PA5045": NaN, "PA5235": NaN, "PA5471": "C40R; L88P; D161G; H182Q; V243A", "PA5485": NaN}') ON DUPLICATE KEY UPDATE aislado_id = '75', clon = 'ST1134', resistoma_mutante = '{"PA0004": NaN, "PA0424": NaN, "PA0425": "D373E", "PA0426": NaN, "PA0427": "V72L", "PA0807": "A219T", "PA0869": NaN, "PA0958": NaN, "PA1179": NaN, "PA1180": NaN, "PA1777": NaN, "PA1798": "H398R", "PA1799": NaN, "PA2018": "T543A", "PA2019": "K329Q; L331V; W358R", "PA2020": NaN, "PA2272": NaN, "PA2491": "D249N", "PA2492": "F172I", "PA3047": NaN, "PA3168": "A908T", "PA3574": NaN, "PA3721": "G71E; S209R", "PA3999": NaN, "PA4003": NaN, "PA4020": "A303V; M297V", "PA4109": NaN, "PA4110": "T105A", "PA4266": NaN, "PA4418": NaN, "PA4522": "R11L; G148A; D183Y", "PA4600": "R82L", "PA4700": NaN, "PA4776": "L71R", "PA4777": "Y345H", "PA4964": NaN, "PA4967": "A473V; D533E", "PA5045": NaN, "PA5235": NaN, "PA5471": "C40R; L88P; D161G; H182Q; V243A", "PA5485": NaN}'; 
INSERT INTO metadata_general(aislado_id, aislado_nombre) VALUES ('76', 'CAT06-022') ON DUPLICATE KEY UPDATE aislado_id = '76', aislado_nombre = 'CAT06-022'; 
INSERT INTO mic(mic_id, aislado_id, pip_tz, fep, caz, imi, mer, cip, tob, col, tic, cza, tol, atm, caz_cloxa, imi_cloxa) VALUES ('76', '76', '8', '16', '16', '>32', '32', '16', '32', '1', '16', '4', '1', '4', 'nan', 'nan') ON DUPLICATE KEY UPDATE aislado_id = '76', pip_tz = '8', fep = '16', caz = '16', imi = '>32', mer = '32', cip = '16', tob = '32', col = '1', tic = '16', cza = '4', tol = '1', atm = '4', caz_cloxa = 'nan', imi_cloxa = 'nan'; 
INSERT INTO secuencia(secuencia_id, aislado_id, clon, resistoma_mutante) VALUES ('76', '76', 'ST1134', '{"PA0004": NaN, "PA0424": NaN, "PA0425": "D373E", "PA0426": "L772Q", "PA0427": "V72L", "PA0807": "A219T", "PA0869": NaN, "PA0958": NaN, "PA1179": NaN, "PA1180": NaN, "PA1777": NaN, "PA1798": "H398R", "PA1799": NaN, "PA2018": "T543A", "PA2019": "K329Q; L331V; W358R", "PA2020": NaN, "PA2272": NaN, "PA2491": "D249N", "PA2492": "F172I", "PA3047": NaN, "PA3168": "A908T", "PA3574": NaN, "PA3721": "G71E; S209R", "PA3999": NaN, "PA4003": NaN, "PA4020": "A303V; M297V", "PA4109": NaN, "PA4110": "T105A", "PA4266": NaN, "PA4418": NaN, "PA4522": "R11L; G148A; D183Y", "PA4600": "R82L", "PA4700": NaN, "PA4776": "L71R", "PA4777": "Y345H", "PA4964": NaN, "PA4967": "A473V; D533E", "PA5045": NaN, "PA5235": NaN, "PA5471": "C40R; L88P; D161G; H182Q; V243A", "PA5485": NaN}') ON DUPLICATE KEY UPDATE aislado_id = '76', clon = 'ST1134', resistoma_mutante = '{"PA0004": NaN, "PA0424": NaN, "PA0425": "D373E", "PA0426": "L772Q", "PA0427": "V72L", "PA0807": "A219T", "PA0869": NaN, "PA0958": NaN, "PA1179": NaN, "PA1180": NaN, "PA1777": NaN, "PA1798": "H398R", "PA1799": NaN, "PA2018": "T543A", "PA2019": "K329Q; L331V; W358R", "PA2020": NaN, "PA2272": NaN, "PA2491": "D249N", "PA2492": "F172I", "PA3047": NaN, "PA3168": "A908T", "PA3574": NaN, "PA3721": "G71E; S209R", "PA3999": NaN, "PA4003": NaN, "PA4020": "A303V; M297V", "PA4109": NaN, "PA4110": "T105A", "PA4266": NaN, "PA4418": NaN, "PA4522": "R11L; G148A; D183Y", "PA4600": "R82L", "PA4700": NaN, "PA4776": "L71R", "PA4777": "Y345H", "PA4964": NaN, "PA4967": "A473V; D533E", "PA5045": NaN, "PA5235": NaN, "PA5471": "C40R; L88P; D161G; H182Q; V243A", "PA5485": NaN}'; 
INSERT INTO metadata_general(aislado_id, aislado_nombre) VALUES ('77', 'CAT06-023') ON DUPLICATE KEY UPDATE aislado_id = '77', aislado_nombre = 'CAT06-023'; 
INSERT INTO mic(mic_id, aislado_id, pip_tz, fep, caz, imi, mer, cip, tob, col, tic, cza, tol, atm, caz_cloxa, imi_cloxa) VALUES ('77', '77', '32', '4', '2', '16', '16', '0.25', '32', '8', '32', '1', '<=0.5', '4', 'nan', 'nan') ON DUPLICATE KEY UPDATE aislado_id = '77', pip_tz = '32', fep = '4', caz = '2', imi = '16', mer = '16', cip = '0.25', tob = '32', col = '8', tic = '32', cza = '1', tol = '<=0.5', atm = '4', caz_cloxa = 'nan', imi_cloxa = 'nan'; 
INSERT INTO secuencia(secuencia_id, aislado_id, clon, resistoma_mutante) VALUES ('77', '77', 'ST244', '{"PA0004": NaN, "PA0424": NaN, "PA0425": NaN, "PA0426": NaN, "PA0427": NaN, "PA0807": "A219T", "PA0869": "S250N", "PA0958": NaN, "PA1179": NaN, "PA1180": NaN, "PA1777": NaN, "PA1798": "H398R", "PA1799": NaN, "PA2018": "T543A; Q840E", "PA2019": "K329Q; L331V; W358R", "PA2020": NaN, "PA2272": "A104P", "PA2491": "A75V; D249N", "PA2492": "P60S; F172I", "PA3047": NaN, "PA3168": NaN, "PA3574": NaN, "PA3721": NaN, "PA3999": NaN, "PA4003": NaN, "PA4020": "A303V; M297V", "PA4109": NaN, "PA4110": NaN, "PA4266": NaN, "PA4418": NaN, "PA4522": "R11L; G148A; D183Y", "PA4600": NaN, "PA4700": "S96N", "PA4776": "L71R", "PA4777": NaN, "PA4964": NaN, "PA4967": NaN, "PA5045": NaN, "PA5235": "A121T", "PA5471": "L88P; G157D; D161G; H182Q; V243A", "PA5485": NaN}') ON DUPLICATE KEY UPDATE aislado_id = '77', clon = 'ST244', resistoma_mutante = '{"PA0004": NaN, "PA0424": NaN, "PA0425": NaN, "PA0426": NaN, "PA0427": NaN, "PA0807": "A219T", "PA0869": "S250N", "PA0958": NaN, "PA1179": NaN, "PA1180": NaN, "PA1777": NaN, "PA1798": "H398R", "PA1799": NaN, "PA2018": "T543A; Q840E", "PA2019": "K329Q; L331V; W358R", "PA2020": NaN, "PA2272": "A104P", "PA2491": "A75V; D249N", "PA2492": "P60S; F172I", "PA3047": NaN, "PA3168": NaN, "PA3574": NaN, "PA3721": NaN, "PA3999": NaN, "PA4003": NaN, "PA4020": "A303V; M297V", "PA4109": NaN, "PA4110": NaN, "PA4266": NaN, "PA4418": NaN, "PA4522": "R11L; G148A; D183Y", "PA4600": NaN, "PA4700": "S96N", "PA4776": "L71R", "PA4777": NaN, "PA4964": NaN, "PA4967": NaN, "PA5045": NaN, "PA5235": "A121T", "PA5471": "L88P; G157D; D161G; H182Q; V243A", "PA5485": NaN}'; 
INSERT INTO metadata_general(aislado_id, aislado_nombre) VALUES ('78', 'CAT08-020') ON DUPLICATE KEY UPDATE aislado_id = '78', aislado_nombre = 'CAT08-020'; 
INSERT INTO mic(mic_id, aislado_id, pip_tz, fep, caz, imi, mer, cip, tob, col, tic, cza, tol, atm, caz_cloxa, imi_cloxa) VALUES ('78', '78', '128', '16', '32', '16', '16', '>16', '16', '1', '128', '4', '2', '16', '+', '+') ON DUPLICATE KEY UPDATE aislado_id = '78', pip_tz = '128', fep = '16', caz = '32', imi = '16', mer = '16', cip = '>16', tob = '16', col = '1', tic = '128', cza = '4', tol = '2', atm = '16', caz_cloxa = '+', imi_cloxa = '+'; 
INSERT INTO secuencia(secuencia_id, aislado_id, clon, resistoma_mutante) VALUES ('78', '78', 'ST175', '{"PA0004": NaN, "PA0424": NaN, "PA0425": NaN, "PA0426": NaN, "PA0427": NaN, "PA0807": "A219T", "PA0869": "S250N", "PA0958": "Q142X", "PA1179": NaN, "PA1180": NaN, "PA1777": NaN, "PA1798": "H398R", "PA1799": NaN, "PA2018": "T543A", "PA2019": "K329Q; W358R", "PA2020": "G195D", "PA2272": "E37K; A104P", "PA2491": "D249N", "PA2492": "P60S; F172I", "PA3047": NaN, "PA3168": "T83I; D87N", "PA3574": NaN, "PA3721": "G71E; A186T", "PA3999": NaN, "PA4003": NaN, "PA4020": NaN, "PA4109": "G154R", "PA4110": NaN, "PA4266": NaN, "PA4418": NaN, "PA4522": "G148A; D183Y", "PA4600": NaN, "PA4700": NaN, "PA4776": NaN, "PA4777": "Y345H", "PA4964": "S87W; L168Q", "PA4967": NaN, "PA5045": "E245D", "PA5235": "T211P", "PA5471": "L88P; D161G; H182Q; V243A; V266M", "PA5485": NaN}') ON DUPLICATE KEY UPDATE aislado_id = '78', clon = 'ST175', resistoma_mutante = '{"PA0004": NaN, "PA0424": NaN, "PA0425": NaN, "PA0426": NaN, "PA0427": NaN, "PA0807": "A219T", "PA0869": "S250N", "PA0958": "Q142X", "PA1179": NaN, "PA1180": NaN, "PA1777": NaN, "PA1798": "H398R", "PA1799": NaN, "PA2018": "T543A", "PA2019": "K329Q; W358R", "PA2020": "G195D", "PA2272": "E37K; A104P", "PA2491": "D249N", "PA2492": "P60S; F172I", "PA3047": NaN, "PA3168": "T83I; D87N", "PA3574": NaN, "PA3721": "G71E; A186T", "PA3999": NaN, "PA4003": NaN, "PA4020": NaN, "PA4109": "G154R", "PA4110": NaN, "PA4266": NaN, "PA4418": NaN, "PA4522": "G148A; D183Y", "PA4600": NaN, "PA4700": NaN, "PA4776": NaN, "PA4777": "Y345H", "PA4964": "S87W; L168Q", "PA4967": NaN, "PA5045": "E245D", "PA5235": "T211P", "PA5471": "L88P; D161G; H182Q; V243A; V266M", "PA5485": NaN}'; 
INSERT INTO metadata_general(aislado_id, aislado_nombre) VALUES ('79', 'CAT08-025') ON DUPLICATE KEY UPDATE aislado_id = '79', aislado_nombre = 'CAT08-025'; 
INSERT INTO mic(mic_id, aislado_id, pip_tz, fep, caz, imi, mer, cip, tob, col, tic, cza, tol, atm, caz_cloxa, imi_cloxa) VALUES ('79', '79', '64', '16', '16', '8', '8', '>16', '<=0.25', '<=0.5', '256', '16', '2', '64', 'nan', '+') ON DUPLICATE KEY UPDATE aislado_id = '79', pip_tz = '64', fep = '16', caz = '16', imi = '8', mer = '8', cip = '>16', tob = '<=0.25', col = '<=0.5', tic = '256', cza = '16', tol = '2', atm = '64', caz_cloxa = 'nan', imi_cloxa = '+'; 
INSERT INTO secuencia(secuencia_id, aislado_id, clon, resistoma_mutante) VALUES ('79', '79', 'ST1889', '{"PA0004": NaN, "PA0424": NaN, "PA0425": NaN, "PA0426": NaN, "PA0427": NaN, "PA0807": "A219T", "PA0869": "R105Q", "PA0958": "D43N", "PA1179": NaN, "PA1180": NaN, "PA1777": NaN, "PA1798": "H398R; nt921\u03944", "PA1799": NaN, "PA2018": NaN, "PA2019": NaN, "PA2020": NaN, "PA2272": "A104P; I143L", "PA2491": "D249N", "PA2492": "F172I", "PA3047": NaN, "PA3168": "T83I", "PA3574": "nt130InsGACC; D187H", "PA3721": "G71E; A186T", "PA3999": NaN, "PA4003": NaN, "PA4020": "M297V", "PA4109": NaN, "PA4110": "T21A; T105A; G391A", "PA4266": NaN, "PA4418": NaN, "PA4522": NaN, "PA4600": NaN, "PA4700": "F234L", "PA4776": "L71R", "PA4777": "A4T; D70N; H340R; Y345H", "PA4964": "S87L; E513D", "PA4967": "I57V", "PA5045": NaN, "PA5235": "Ter449Gext*", "PA5471": "L88P; D161G; H182Q; V243A", "PA5485": NaN}') ON DUPLICATE KEY UPDATE aislado_id = '79', clon = 'ST1889', resistoma_mutante = '{"PA0004": NaN, "PA0424": NaN, "PA0425": NaN, "PA0426": NaN, "PA0427": NaN, "PA0807": "A219T", "PA0869": "R105Q", "PA0958": "D43N", "PA1179": NaN, "PA1180": NaN, "PA1777": NaN, "PA1798": "H398R; nt921\u03944", "PA1799": NaN, "PA2018": NaN, "PA2019": NaN, "PA2020": NaN, "PA2272": "A104P; I143L", "PA2491": "D249N", "PA2492": "F172I", "PA3047": NaN, "PA3168": "T83I", "PA3574": "nt130InsGACC; D187H", "PA3721": "G71E; A186T", "PA3999": NaN, "PA4003": NaN, "PA4020": "M297V", "PA4109": NaN, "PA4110": "T21A; T105A; G391A", "PA4266": NaN, "PA4418": NaN, "PA4522": NaN, "PA4600": NaN, "PA4700": "F234L", "PA4776": "L71R", "PA4777": "A4T; D70N; H340R; Y345H", "PA4964": "S87L; E513D", "PA4967": "I57V", "PA5045": NaN, "PA5235": "Ter449Gext*", "PA5471": "L88P; D161G; H182Q; V243A", "PA5485": NaN}'; 
INSERT INTO metadata_general(aislado_id, aislado_nombre) VALUES ('80', 'CAT08-026') ON DUPLICATE KEY UPDATE aislado_id = '80', aislado_nombre = 'CAT08-026'; 
INSERT INTO mic(mic_id, aislado_id, pip_tz, fep, caz, imi, mer, cip, tob, col, tic, cza, tol, atm, caz_cloxa, imi_cloxa) VALUES ('80', '80', '32', '16', '4', '4', '1', '2', '>32', '1', '>512', '4', '2', '8', 'nan', 'nan') ON DUPLICATE KEY UPDATE aislado_id = '80', pip_tz = '32', fep = '16', caz = '4', imi = '4', mer = '1', cip = '2', tob = '>32', col = '1', tic = '>512', cza = '4', tol = '2', atm = '8', caz_cloxa = 'nan', imi_cloxa = 'nan'; 
INSERT INTO secuencia(secuencia_id, aislado_id, clon, resistoma_mutante) VALUES ('80', '80', 'ST299', '{"PA0004": NaN, "PA0424": NaN, "PA0425": NaN, "PA0426": NaN, "PA0427": NaN, "PA0807": "A219T", "PA0869": "S250N", "PA0958": NaN, "PA1179": NaN, "PA1180": NaN, "PA1777": NaN, "PA1798": "L137P", "PA1799": NaN, "PA2018": "E152D; T543A; Q840E", "PA2019": "K329Q; R351S", "PA2020": NaN, "PA2272": NaN, "PA2491": "D249N", "PA2492": "P60S; F172I", "PA3047": NaN, "PA3168": NaN, "PA3574": NaN, "PA3721": "G71E; A186T", "PA3999": NaN, "PA4003": NaN, "PA4020": "M297V", "PA4109": NaN, "PA4110": "T105A", "PA4266": NaN, "PA4418": NaN, "PA4522": "G148A; D183Y", "PA4600": NaN, "PA4700": "L353Q; S25G", "PA4776": NaN, "PA4777": "Y345H", "PA4964": "V646L ", "PA4967": "D533E", "PA5045": "E367G; S631I", "PA5235": NaN, "PA5471": "L88P; H182Q", "PA5485": NaN}') ON DUPLICATE KEY UPDATE aislado_id = '80', clon = 'ST299', resistoma_mutante = '{"PA0004": NaN, "PA0424": NaN, "PA0425": NaN, "PA0426": NaN, "PA0427": NaN, "PA0807": "A219T", "PA0869": "S250N", "PA0958": NaN, "PA1179": NaN, "PA1180": NaN, "PA1777": NaN, "PA1798": "L137P", "PA1799": NaN, "PA2018": "E152D; T543A; Q840E", "PA2019": "K329Q; R351S", "PA2020": NaN, "PA2272": NaN, "PA2491": "D249N", "PA2492": "P60S; F172I", "PA3047": NaN, "PA3168": NaN, "PA3574": NaN, "PA3721": "G71E; A186T", "PA3999": NaN, "PA4003": NaN, "PA4020": "M297V", "PA4109": NaN, "PA4110": "T105A", "PA4266": NaN, "PA4418": NaN, "PA4522": "G148A; D183Y", "PA4600": NaN, "PA4700": "L353Q; S25G", "PA4776": NaN, "PA4777": "Y345H", "PA4964": "V646L ", "PA4967": "D533E", "PA5045": "E367G; S631I", "PA5235": NaN, "PA5471": "L88P; H182Q", "PA5485": NaN}'; 
INSERT INTO metadata_general(aislado_id, aislado_nombre) VALUES ('81', 'CAT08-034') ON DUPLICATE KEY UPDATE aislado_id = '81', aislado_nombre = 'CAT08-034'; 
INSERT INTO mic(mic_id, aislado_id, pip_tz, fep, caz, imi, mer, cip, tob, col, tic, cza, tol, atm, caz_cloxa, imi_cloxa) VALUES ('81', '81', '64', '16', '16', '16', '8', '>16', '16', '1', '128', '4', '2', '16', '+', '+') ON DUPLICATE KEY UPDATE aislado_id = '81', pip_tz = '64', fep = '16', caz = '16', imi = '16', mer = '8', cip = '>16', tob = '16', col = '1', tic = '128', cza = '4', tol = '2', atm = '16', caz_cloxa = '+', imi_cloxa = '+'; 
INSERT INTO secuencia(secuencia_id, aislado_id, clon, resistoma_mutante) VALUES ('81', '81', 'ST175', '{"PA0004": NaN, "PA0424": NaN, "PA0425": NaN, "PA0426": NaN, "PA0427": NaN, "PA0807": "A219T", "PA0869": "S250N", "PA0958": "Q142X", "PA1179": NaN, "PA1180": NaN, "PA1777": NaN, "PA1798": "H398R", "PA1799": NaN, "PA2018": "T543A", "PA2019": "K329Q; W358R", "PA2020": "G195D", "PA2272": "E37K; A104P", "PA2491": "D249N", "PA2492": "F172I", "PA3047": NaN, "PA3168": "T83I; D87N", "PA3574": NaN, "PA3721": "G71E; A186T", "PA3999": NaN, "PA4003": NaN, "PA4020": NaN, "PA4109": "G154R", "PA4110": NaN, "PA4266": NaN, "PA4418": NaN, "PA4522": "G148A; D183Y", "PA4600": "G180S", "PA4700": NaN, "PA4776": NaN, "PA4777": "Y345H", "PA4964": "S87W; L168Q", "PA4967": NaN, "PA5045": "E245D", "PA5235": "T211P", "PA5471": "L88P; D161G; H182Q; V243A; V266M", "PA5485": NaN}') ON DUPLICATE KEY UPDATE aislado_id = '81', clon = 'ST175', resistoma_mutante = '{"PA0004": NaN, "PA0424": NaN, "PA0425": NaN, "PA0426": NaN, "PA0427": NaN, "PA0807": "A219T", "PA0869": "S250N", "PA0958": "Q142X", "PA1179": NaN, "PA1180": NaN, "PA1777": NaN, "PA1798": "H398R", "PA1799": NaN, "PA2018": "T543A", "PA2019": "K329Q; W358R", "PA2020": "G195D", "PA2272": "E37K; A104P", "PA2491": "D249N", "PA2492": "F172I", "PA3047": NaN, "PA3168": "T83I; D87N", "PA3574": NaN, "PA3721": "G71E; A186T", "PA3999": NaN, "PA4003": NaN, "PA4020": NaN, "PA4109": "G154R", "PA4110": NaN, "PA4266": NaN, "PA4418": NaN, "PA4522": "G148A; D183Y", "PA4600": "G180S", "PA4700": NaN, "PA4776": NaN, "PA4777": "Y345H", "PA4964": "S87W; L168Q", "PA4967": NaN, "PA5045": "E245D", "PA5235": "T211P", "PA5471": "L88P; D161G; H182Q; V243A; V266M", "PA5485": NaN}'; 
INSERT INTO metadata_general(aislado_id, aislado_nombre) VALUES ('82', 'CAT09-001') ON DUPLICATE KEY UPDATE aislado_id = '82', aislado_nombre = 'CAT09-001'; 
INSERT INTO mic(mic_id, aislado_id, pip_tz, fep, caz, imi, mer, cip, tob, col, tic, cza, tol, atm, caz_cloxa, imi_cloxa) VALUES ('82', '82', '32', '16', '16', '16', '16', '>16', '>32', '1', '256', '8', '2', '32', '+', 'nan') ON DUPLICATE KEY UPDATE aislado_id = '82', pip_tz = '32', fep = '16', caz = '16', imi = '16', mer = '16', cip = '>16', tob = '>32', col = '1', tic = '256', cza = '8', tol = '2', atm = '32', caz_cloxa = '+', imi_cloxa = 'nan'; 
INSERT INTO secuencia(secuencia_id, aislado_id, clon, resistoma_mutante) VALUES ('82', '82', 'ST235', '{"PA0004": NaN, "PA0424": "V126E", "PA0425": NaN, "PA0426": "G957D", "PA0427": NaN, "PA0807": "A208V", "PA0869": "A287S", "PA0958": NaN, "PA1179": NaN, "PA1180": "Y85F", "PA1777": NaN, "PA1798": "H398R", "PA1799": "L153R; S170N", "PA2018": "T543A", "PA2019": "A30T; K329Q; L331V; W358R", "PA2020": "nt111InsGCGGACGCCGCCGGGGTTTCTCGCGGT", "PA2272": "A104P; V466I", "PA2491": "A52V; D249N", "PA2492": "P60S; F172I; nt392InsC", "PA3047": NaN, "PA3168": "T83I", "PA3574": "nt263\u039417", "PA3721": "G71E; E153Q", "PA3999": NaN, "PA4003": NaN, "PA4020": NaN, "PA4109": "G283E; M288R", "PA4110": "G27D; A97V; T105A; V205L; G391A", "PA4266": NaN, "PA4418": NaN, "PA4522": "G148A", "PA4600": NaN, "PA4700": "L353Q; S25G", "PA4776": "L71R", "PA4777": "S2P; A4T; G68S; Y345H; G362S", "PA4964": "S87L", "PA4967": "D533E", "PA5045": NaN, "PA5235": NaN, "PA5471": "L88P; D161G; H182Q; R204C; V243A", "PA5485": NaN}') ON DUPLICATE KEY UPDATE aislado_id = '82', clon = 'ST235', resistoma_mutante = '{"PA0004": NaN, "PA0424": "V126E", "PA0425": NaN, "PA0426": "G957D", "PA0427": NaN, "PA0807": "A208V", "PA0869": "A287S", "PA0958": NaN, "PA1179": NaN, "PA1180": "Y85F", "PA1777": NaN, "PA1798": "H398R", "PA1799": "L153R; S170N", "PA2018": "T543A", "PA2019": "A30T; K329Q; L331V; W358R", "PA2020": "nt111InsGCGGACGCCGCCGGGGTTTCTCGCGGT", "PA2272": "A104P; V466I", "PA2491": "A52V; D249N", "PA2492": "P60S; F172I; nt392InsC", "PA3047": NaN, "PA3168": "T83I", "PA3574": "nt263\u039417", "PA3721": "G71E; E153Q", "PA3999": NaN, "PA4003": NaN, "PA4020": NaN, "PA4109": "G283E; M288R", "PA4110": "G27D; A97V; T105A; V205L; G391A", "PA4266": NaN, "PA4418": NaN, "PA4522": "G148A", "PA4600": NaN, "PA4700": "L353Q; S25G", "PA4776": "L71R", "PA4777": "S2P; A4T; G68S; Y345H; G362S", "PA4964": "S87L", "PA4967": "D533E", "PA5045": NaN, "PA5235": NaN, "PA5471": "L88P; D161G; H182Q; R204C; V243A", "PA5485": NaN}'; 
INSERT INTO metadata_general(aislado_id, aislado_nombre) VALUES ('83', 'CAT09-009') ON DUPLICATE KEY UPDATE aislado_id = '83', aislado_nombre = 'CAT09-009'; 
INSERT INTO mic(mic_id, aislado_id, pip_tz, fep, caz, imi, mer, cip, tob, col, tic, cza, tol, atm, caz_cloxa, imi_cloxa) VALUES ('83', '83', '128', '16', '32', '8', '8', '>16', '32', '1', '128', '4', '2', '16', '+', '+') ON DUPLICATE KEY UPDATE aislado_id = '83', pip_tz = '128', fep = '16', caz = '32', imi = '8', mer = '8', cip = '>16', tob = '32', col = '1', tic = '128', cza = '4', tol = '2', atm = '16', caz_cloxa = '+', imi_cloxa = '+'; 
INSERT INTO secuencia(secuencia_id, aislado_id, clon, resistoma_mutante) VALUES ('83', '83', 'ST175', '{"PA0004": NaN, "PA0424": NaN, "PA0425": NaN, "PA0426": NaN, "PA0427": NaN, "PA0807": "A219T", "PA0869": "S250N", "PA0958": "Q142X", "PA1179": NaN, "PA1180": NaN, "PA1777": NaN, "PA1798": "H398R", "PA1799": NaN, "PA2018": "T543A", "PA2019": "K329Q; W358R", "PA2020": "G195D", "PA2272": "E37K; A104P", "PA2491": "D249N", "PA2492": "P60S; F172I", "PA3047": NaN, "PA3168": "T83I; D87N", "PA3574": NaN, "PA3721": "G71E; A186T", "PA3999": NaN, "PA4003": NaN, "PA4020": NaN, "PA4109": "G154R", "PA4110": NaN, "PA4266": NaN, "PA4418": NaN, "PA4522": "G148A; D183Y", "PA4600": NaN, "PA4700": NaN, "PA4776": NaN, "PA4777": "Y345H", "PA4964": "S87W; L168Q", "PA4967": NaN, "PA5045": "E245D", "PA5235": "T211P", "PA5471": "L88P; D161G; H182Q; V243A; V266M", "PA5485": NaN}') ON DUPLICATE KEY UPDATE aislado_id = '83', clon = 'ST175', resistoma_mutante = '{"PA0004": NaN, "PA0424": NaN, "PA0425": NaN, "PA0426": NaN, "PA0427": NaN, "PA0807": "A219T", "PA0869": "S250N", "PA0958": "Q142X", "PA1179": NaN, "PA1180": NaN, "PA1777": NaN, "PA1798": "H398R", "PA1799": NaN, "PA2018": "T543A", "PA2019": "K329Q; W358R", "PA2020": "G195D", "PA2272": "E37K; A104P", "PA2491": "D249N", "PA2492": "P60S; F172I", "PA3047": NaN, "PA3168": "T83I; D87N", "PA3574": NaN, "PA3721": "G71E; A186T", "PA3999": NaN, "PA4003": NaN, "PA4020": NaN, "PA4109": "G154R", "PA4110": NaN, "PA4266": NaN, "PA4418": NaN, "PA4522": "G148A; D183Y", "PA4600": NaN, "PA4700": NaN, "PA4776": NaN, "PA4777": "Y345H", "PA4964": "S87W; L168Q", "PA4967": NaN, "PA5045": "E245D", "PA5235": "T211P", "PA5471": "L88P; D161G; H182Q; V243A; V266M", "PA5485": NaN}'; 
INSERT INTO metadata_general(aislado_id, aislado_nombre) VALUES ('84', 'CAT09-018') ON DUPLICATE KEY UPDATE aislado_id = '84', aislado_nombre = 'CAT09-018'; 
INSERT INTO mic(mic_id, aislado_id, pip_tz, fep, caz, imi, mer, cip, tob, col, tic, cza, tol, atm, caz_cloxa, imi_cloxa) VALUES ('84', '84', '64', '16', '16', '16', '8', '>16', '>32', '1', '64', '2', '1', '16', '+', '+') ON DUPLICATE KEY UPDATE aislado_id = '84', pip_tz = '64', fep = '16', caz = '16', imi = '16', mer = '8', cip = '>16', tob = '>32', col = '1', tic = '64', cza = '2', tol = '1', atm = '16', caz_cloxa = '+', imi_cloxa = '+'; 
INSERT INTO secuencia(secuencia_id, aislado_id, clon, resistoma_mutante) VALUES ('84', '84', 'ST175', '{"PA0004": NaN, "PA0424": NaN, "PA0425": "V229A", "PA0426": NaN, "PA0427": NaN, "PA0807": "A219T", "PA0869": "S250N", "PA0958": "Q142X", "PA1179": NaN, "PA1180": NaN, "PA1777": NaN, "PA1798": "H398R", "PA1799": NaN, "PA2018": "T543A", "PA2019": "K329Q; W358R", "PA2020": "G195D", "PA2272": "E37K; A104P", "PA2491": "D249N", "PA2492": "P60S; F172I", "PA3047": NaN, "PA3168": "T83I; D87N", "PA3574": NaN, "PA3721": "G71E; A186T", "PA3999": NaN, "PA4003": NaN, "PA4020": NaN, "PA4109": "G154R", "PA4110": NaN, "PA4266": NaN, "PA4418": NaN, "PA4522": "G148A; D183Y", "PA4600": NaN, "PA4700": NaN, "PA4776": NaN, "PA4777": "Y345H", "PA4964": "S87W; L168Q", "PA4967": NaN, "PA5045": "E245D", "PA5235": "T211P", "PA5471": "L88P; D161G; H182Q; V243A; V266M", "PA5485": NaN}') ON DUPLICATE KEY UPDATE aislado_id = '84', clon = 'ST175', resistoma_mutante = '{"PA0004": NaN, "PA0424": NaN, "PA0425": "V229A", "PA0426": NaN, "PA0427": NaN, "PA0807": "A219T", "PA0869": "S250N", "PA0958": "Q142X", "PA1179": NaN, "PA1180": NaN, "PA1777": NaN, "PA1798": "H398R", "PA1799": NaN, "PA2018": "T543A", "PA2019": "K329Q; W358R", "PA2020": "G195D", "PA2272": "E37K; A104P", "PA2491": "D249N", "PA2492": "P60S; F172I", "PA3047": NaN, "PA3168": "T83I; D87N", "PA3574": NaN, "PA3721": "G71E; A186T", "PA3999": NaN, "PA4003": NaN, "PA4020": NaN, "PA4109": "G154R", "PA4110": NaN, "PA4266": NaN, "PA4418": NaN, "PA4522": "G148A; D183Y", "PA4600": NaN, "PA4700": NaN, "PA4776": NaN, "PA4777": "Y345H", "PA4964": "S87W; L168Q", "PA4967": NaN, "PA5045": "E245D", "PA5235": "T211P", "PA5471": "L88P; D161G; H182Q; V243A; V266M", "PA5485": NaN}'; 
INSERT INTO metadata_general(aislado_id, aislado_nombre) VALUES ('85', 'CAT09-026') ON DUPLICATE KEY UPDATE aislado_id = '85', aislado_nombre = 'CAT09-026'; 
INSERT INTO mic(mic_id, aislado_id, pip_tz, fep, caz, imi, mer, cip, tob, col, tic, cza, tol, atm, caz_cloxa, imi_cloxa) VALUES ('85', '85', '256', '16', '4', '16', '8', '16', '2', '1', '>512', '4', '1', '8', 'nan', '+') ON DUPLICATE KEY UPDATE aislado_id = '85', pip_tz = '256', fep = '16', caz = '4', imi = '16', mer = '8', cip = '16', tob = '2', col = '1', tic = '>512', cza = '4', tol = '1', atm = '8', caz_cloxa = 'nan', imi_cloxa = '+'; 
INSERT INTO secuencia(secuencia_id, aislado_id, clon, resistoma_mutante) VALUES ('85', '85', 'ST111', '{"PA0004": NaN, "PA0424": "V126E", "PA0425": NaN, "PA0426": NaN, "PA0427": NaN, "PA0807": "A219T", "PA0869": NaN, "PA0958": "Q66X", "PA1179": NaN, "PA1180": NaN, "PA1777": NaN, "PA1798": "L137P; L227P; H398R", "PA1799": NaN, "PA2018": "G530S", "PA2019": "L288W; K329Q; L331V; W358R; nt865\u03941", "PA2020": NaN, "PA2272": "A104P", "PA2491": "D249N", "PA2492": "F172I", "PA3047": NaN, "PA3168": "T83I; V671I; G860S", "PA3574": NaN, "PA3721": "G71E", "PA3999": NaN, "PA4003": NaN, "PA4020": "D411A; G343S", "PA4109": NaN, "PA4110": "T105A", "PA4266": NaN, "PA4418": NaN, "PA4522": "G148A", "PA4600": NaN, "PA4700": "M715K; K607R", "PA4776": "L71R", "PA4777": "A4T; V6A; V15I; G68S; Y345H", "PA4964": "S87L", "PA4967": NaN, "PA5045": "G596R", "PA5235": NaN, "PA5471": "L88P; D161G; H182Q; V243A", "PA5485": NaN}') ON DUPLICATE KEY UPDATE aislado_id = '85', clon = 'ST111', resistoma_mutante = '{"PA0004": NaN, "PA0424": "V126E", "PA0425": NaN, "PA0426": NaN, "PA0427": NaN, "PA0807": "A219T", "PA0869": NaN, "PA0958": "Q66X", "PA1179": NaN, "PA1180": NaN, "PA1777": NaN, "PA1798": "L137P; L227P; H398R", "PA1799": NaN, "PA2018": "G530S", "PA2019": "L288W; K329Q; L331V; W358R; nt865\u03941", "PA2020": NaN, "PA2272": "A104P", "PA2491": "D249N", "PA2492": "F172I", "PA3047": NaN, "PA3168": "T83I; V671I; G860S", "PA3574": NaN, "PA3721": "G71E", "PA3999": NaN, "PA4003": NaN, "PA4020": "D411A; G343S", "PA4109": NaN, "PA4110": "T105A", "PA4266": NaN, "PA4418": NaN, "PA4522": "G148A", "PA4600": NaN, "PA4700": "M715K; K607R", "PA4776": "L71R", "PA4777": "A4T; V6A; V15I; G68S; Y345H", "PA4964": "S87L", "PA4967": NaN, "PA5045": "G596R", "PA5235": NaN, "PA5471": "L88P; D161G; H182Q; V243A", "PA5485": NaN}'; 
INSERT INTO metadata_general(aislado_id, aislado_nombre) VALUES ('86', 'CAT09-027') ON DUPLICATE KEY UPDATE aislado_id = '86', aislado_nombre = 'CAT09-027'; 
INSERT INTO mic(mic_id, aislado_id, pip_tz, fep, caz, imi, mer, cip, tob, col, tic, cza, tol, atm, caz_cloxa, imi_cloxa) VALUES ('86', '86', '256', '8', '4', '8', '8', '>16', '32', '1', '>512', '2', '1', '8', 'nan', '+') ON DUPLICATE KEY UPDATE aislado_id = '86', pip_tz = '256', fep = '8', caz = '4', imi = '8', mer = '8', cip = '>16', tob = '32', col = '1', tic = '>512', cza = '2', tol = '1', atm = '8', caz_cloxa = 'nan', imi_cloxa = '+'; 
INSERT INTO secuencia(secuencia_id, aislado_id, clon, resistoma_mutante) VALUES ('86', '86', 'ST253', '{"PA0004": NaN, "PA0424": "V126E", "PA0425": NaN, "PA0426": NaN, "PA0427": NaN, "PA0807": NaN, "PA0869": NaN, "PA0958": NaN, "PA1179": NaN, "PA1180": NaN, "PA1777": NaN, "PA1798": "H398R", "PA1799": "L153R; S170N", "PA2018": "I536V; T543A; G589A; Q840E; N1036T; Q1039R", "PA2019": "A30T; K329Q; L331V; W358R", "PA2020": "V105G; L138R; N186S", "PA2272": "A104P", "PA2491": "D249N", "PA2492": "F172I", "PA3047": "Q156H", "PA3168": "T83I; V671I; G860S", "PA3574": NaN, "PA3721": "G71E; A145V; S209R", "PA3999": NaN, "PA4003": "A481T", "PA4020": "M297V", "PA4109": "E114A; G283E; M288R", "PA4110": "G27D; A55T; T105A; Q155R; V205L; G391A", "PA4266": NaN, "PA4418": NaN, "PA4522": NaN, "PA4600": "R21H; D56G", "PA4700": "L353Q; S25G", "PA4776": NaN, "PA4777": "A4T; V15I; G68S; Y345H", "PA4964": "S87W", "PA4967": "D533E", "PA5045": "I418T; N622K", "PA5235": NaN, "PA5471": "C40R; L88P; S112N; D119E; I237V; V243A", "PA5485": NaN}') ON DUPLICATE KEY UPDATE aislado_id = '86', clon = 'ST253', resistoma_mutante = '{"PA0004": NaN, "PA0424": "V126E", "PA0425": NaN, "PA0426": NaN, "PA0427": NaN, "PA0807": NaN, "PA0869": NaN, "PA0958": NaN, "PA1179": NaN, "PA1180": NaN, "PA1777": NaN, "PA1798": "H398R", "PA1799": "L153R; S170N", "PA2018": "I536V; T543A; G589A; Q840E; N1036T; Q1039R", "PA2019": "A30T; K329Q; L331V; W358R", "PA2020": "V105G; L138R; N186S", "PA2272": "A104P", "PA2491": "D249N", "PA2492": "F172I", "PA3047": "Q156H", "PA3168": "T83I; V671I; G860S", "PA3574": NaN, "PA3721": "G71E; A145V; S209R", "PA3999": NaN, "PA4003": "A481T", "PA4020": "M297V", "PA4109": "E114A; G283E; M288R", "PA4110": "G27D; A55T; T105A; Q155R; V205L; G391A", "PA4266": NaN, "PA4418": NaN, "PA4522": NaN, "PA4600": "R21H; D56G", "PA4700": "L353Q; S25G", "PA4776": NaN, "PA4777": "A4T; V15I; G68S; Y345H", "PA4964": "S87W", "PA4967": "D533E", "PA5045": "I418T; N622K", "PA5235": NaN, "PA5471": "C40R; L88P; S112N; D119E; I237V; V243A", "PA5485": NaN}'; 
INSERT INTO metadata_general(aislado_id, aislado_nombre) VALUES ('87', 'CAT09-028') ON DUPLICATE KEY UPDATE aislado_id = '87', aislado_nombre = 'CAT09-028'; 
INSERT INTO mic(mic_id, aislado_id, pip_tz, fep, caz, imi, mer, cip, tob, col, tic, cza, tol, atm, caz_cloxa, imi_cloxa) VALUES ('87', '87', '256', '32', '64', '4', '8', '16', '8', '1', '>512', '8', '4', '32', '+', 'nan') ON DUPLICATE KEY UPDATE aislado_id = '87', pip_tz = '256', fep = '32', caz = '64', imi = '4', mer = '8', cip = '16', tob = '8', col = '1', tic = '>512', cza = '8', tol = '4', atm = '32', caz_cloxa = '+', imi_cloxa = 'nan'; 
INSERT INTO secuencia(secuencia_id, aislado_id, clon, resistoma_mutante) VALUES ('87', '87', 'ST252', '{"PA0004": NaN, "PA0424": NaN, "PA0425": NaN, "PA0426": NaN, "PA0427": NaN, "PA0807": "A219T", "PA0869": NaN, "PA0958": NaN, "PA1179": NaN, "PA1180": NaN, "PA1777": NaN, "PA1798": "H398R", "PA1799": NaN, "PA2018": "T543A", "PA2019": "K329Q; L331V", "PA2020": NaN, "PA2272": "A104P", "PA2491": "D249N", "PA2492": "F172I", "PA3047": "A394P", "PA3168": "aa914\u03942", "PA3574": NaN, "PA3721": "G71E", "PA3999": NaN, "PA4003": NaN, "PA4020": NaN, "PA4109": NaN, "PA4110": "T105A", "PA4266": NaN, "PA4418": NaN, "PA4522": "L33P", "PA4600": NaN, "PA4700": "L353Q", "PA4776": "L71R", "PA4777": "Y345H", "PA4964": "H262Q", "PA4967": NaN, "PA5045": "A368T; S631I", "PA5235": NaN, "PA5471": "L88P; D161G; H182Q; V243A", "PA5485": NaN}') ON DUPLICATE KEY UPDATE aislado_id = '87', clon = 'ST252', resistoma_mutante = '{"PA0004": NaN, "PA0424": NaN, "PA0425": NaN, "PA0426": NaN, "PA0427": NaN, "PA0807": "A219T", "PA0869": NaN, "PA0958": NaN, "PA1179": NaN, "PA1180": NaN, "PA1777": NaN, "PA1798": "H398R", "PA1799": NaN, "PA2018": "T543A", "PA2019": "K329Q; L331V", "PA2020": NaN, "PA2272": "A104P", "PA2491": "D249N", "PA2492": "F172I", "PA3047": "A394P", "PA3168": "aa914\u03942", "PA3574": NaN, "PA3721": "G71E", "PA3999": NaN, "PA4003": NaN, "PA4020": NaN, "PA4109": NaN, "PA4110": "T105A", "PA4266": NaN, "PA4418": NaN, "PA4522": "L33P", "PA4600": NaN, "PA4700": "L353Q", "PA4776": "L71R", "PA4777": "Y345H", "PA4964": "H262Q", "PA4967": NaN, "PA5045": "A368T; S631I", "PA5235": NaN, "PA5471": "L88P; D161G; H182Q; V243A", "PA5485": NaN}'; 
INSERT INTO metadata_general(aislado_id, aislado_nombre) VALUES ('88', 'CLE02-002') ON DUPLICATE KEY UPDATE aislado_id = '88', aislado_nombre = 'CLE02-002'; 
INSERT INTO mic(mic_id, aislado_id, pip_tz, fep, caz, imi, mer, cip, tob, col, tic, cza, tol, atm, caz_cloxa, imi_cloxa) VALUES ('88', '88', '256', '16', '32', '8', '4', '8', '0.5', '2', '128', '4', '2', '32', '+', '+') ON DUPLICATE KEY UPDATE aislado_id = '88', pip_tz = '256', fep = '16', caz = '32', imi = '8', mer = '4', cip = '8', tob = '0.5', col = '2', tic = '128', cza = '4', tol = '2', atm = '32', caz_cloxa = '+', imi_cloxa = '+'; 
INSERT INTO secuencia(secuencia_id, aislado_id, clon, resistoma_mutante) VALUES ('88', '88', 'ST399', '{"PA0004": "E168D", "PA0424": "V126E", "PA0425": NaN, "PA0426": NaN, "PA0427": NaN, "PA0807": "A219T", "PA0869": NaN, "PA0958": NaN, "PA1179": NaN, "PA1180": NaN, "PA1777": NaN, "PA1798": "H398R", "PA1799": NaN, "PA2018": "Q282R; T543A", "PA2019": "K329Q; W358R", "PA2020": NaN, "PA2272": "A104P", "PA2491": "D249N", "PA2492": "F172I", "PA3047": NaN, "PA3168": NaN, "PA3574": NaN, "PA3721": "R191L; S209R", "PA3999": NaN, "PA4003": NaN, "PA4020": NaN, "PA4109": NaN, "PA4110": "T105A", "PA4266": NaN, "PA4418": NaN, "PA4522": "G148A", "PA4600": NaN, "PA4700": "K607R; L353Q", "PA4776": NaN, "PA4777": "Y345H", "PA4964": "R201P ", "PA4967": NaN, "PA5045": NaN, "PA5235": NaN, "PA5471": "C40R; H182Q; V243A", "PA5485": NaN}') ON DUPLICATE KEY UPDATE aislado_id = '88', clon = 'ST399', resistoma_mutante = '{"PA0004": "E168D", "PA0424": "V126E", "PA0425": NaN, "PA0426": NaN, "PA0427": NaN, "PA0807": "A219T", "PA0869": NaN, "PA0958": NaN, "PA1179": NaN, "PA1180": NaN, "PA1777": NaN, "PA1798": "H398R", "PA1799": NaN, "PA2018": "Q282R; T543A", "PA2019": "K329Q; W358R", "PA2020": NaN, "PA2272": "A104P", "PA2491": "D249N", "PA2492": "F172I", "PA3047": NaN, "PA3168": NaN, "PA3574": NaN, "PA3721": "R191L; S209R", "PA3999": NaN, "PA4003": NaN, "PA4020": NaN, "PA4109": NaN, "PA4110": "T105A", "PA4266": NaN, "PA4418": NaN, "PA4522": "G148A", "PA4600": NaN, "PA4700": "K607R; L353Q", "PA4776": NaN, "PA4777": "Y345H", "PA4964": "R201P ", "PA4967": NaN, "PA5045": NaN, "PA5235": NaN, "PA5471": "C40R; H182Q; V243A", "PA5485": NaN}'; 
INSERT INTO metadata_general(aislado_id, aislado_nombre) VALUES ('89', 'CLE02-006') ON DUPLICATE KEY UPDATE aislado_id = '89', aislado_nombre = 'CLE02-006'; 
INSERT INTO mic(mic_id, aislado_id, pip_tz, fep, caz, imi, mer, cip, tob, col, tic, cza, tol, atm, caz_cloxa, imi_cloxa) VALUES ('89', '89', '128', '>64', '>64', '16', '64', '>16', '16', '2', '>512', '>32', '>32', '32', 'nan', 'nan') ON DUPLICATE KEY UPDATE aislado_id = '89', pip_tz = '128', fep = '>64', caz = '>64', imi = '16', mer = '64', cip = '>16', tob = '16', col = '2', tic = '>512', cza = '>32', tol = '>32', atm = '32', caz_cloxa = 'nan', imi_cloxa = 'nan'; 
INSERT INTO secuencia(secuencia_id, aislado_id, clon, resistoma_mutante) VALUES ('89', '89', 'ST664', '{"PA0004": NaN, "PA0424": "V126E", "PA0425": "K86E", "PA0426": NaN, "PA0427": NaN, "PA0807": "A219T", "PA0869": "S250N", "PA0958": "V127L", "PA1179": NaN, "PA1180": NaN, "PA1777": NaN, "PA1798": "H398R", "PA1799": NaN, "PA2018": "T543A; Q840E; P1032S", "PA2019": "K329Q; L331V", "PA2020": NaN, "PA2272": NaN, "PA2491": "D249N", "PA2492": "F172I", "PA3047": NaN, "PA3168": "T83I", "PA3574": "nt398\u03942", "PA3721": "G71E; S209R", "PA3999": NaN, "PA4003": NaN, "PA4020": "R322Q", "PA4109": NaN, "PA4110": "L176R", "PA4266": NaN, "PA4418": NaN, "PA4522": "A134P; G148A; D183Y", "PA4600": NaN, "PA4700": "L353Q", "PA4776": "L71R", "PA4777": "Y345H", "PA4964": "E91K; H262Q; L458F", "PA4967": "E215Q", "PA5045": NaN, "PA5235": NaN, "PA5471": "L88P; D161G; H182Q; V243A; A262S", "PA5485": NaN}') ON DUPLICATE KEY UPDATE aislado_id = '89', clon = 'ST664', resistoma_mutante = '{"PA0004": NaN, "PA0424": "V126E", "PA0425": "K86E", "PA0426": NaN, "PA0427": NaN, "PA0807": "A219T", "PA0869": "S250N", "PA0958": "V127L", "PA1179": NaN, "PA1180": NaN, "PA1777": NaN, "PA1798": "H398R", "PA1799": NaN, "PA2018": "T543A; Q840E; P1032S", "PA2019": "K329Q; L331V", "PA2020": NaN, "PA2272": NaN, "PA2491": "D249N", "PA2492": "F172I", "PA3047": NaN, "PA3168": "T83I", "PA3574": "nt398\u03942", "PA3721": "G71E; S209R", "PA3999": NaN, "PA4003": NaN, "PA4020": "R322Q", "PA4109": NaN, "PA4110": "L176R", "PA4266": NaN, "PA4418": NaN, "PA4522": "A134P; G148A; D183Y", "PA4600": NaN, "PA4700": "L353Q", "PA4776": "L71R", "PA4777": "Y345H", "PA4964": "E91K; H262Q; L458F", "PA4967": "E215Q", "PA5045": NaN, "PA5235": NaN, "PA5471": "L88P; D161G; H182Q; V243A; A262S", "PA5485": NaN}'; 
INSERT INTO metadata_general(aislado_id, aislado_nombre) VALUES ('90', 'CLE02-016') ON DUPLICATE KEY UPDATE aislado_id = '90', aislado_nombre = 'CLE02-016'; 
INSERT INTO mic(mic_id, aislado_id, pip_tz, fep, caz, imi, mer, cip, tob, col, tic, cza, tol, atm, caz_cloxa, imi_cloxa) VALUES ('90', '90', '64', '16', '16', '16', '8', '>16', '32', '1', '128', '4', '2', '16', '+', '+') ON DUPLICATE KEY UPDATE aislado_id = '90', pip_tz = '64', fep = '16', caz = '16', imi = '16', mer = '8', cip = '>16', tob = '32', col = '1', tic = '128', cza = '4', tol = '2', atm = '16', caz_cloxa = '+', imi_cloxa = '+'; 
INSERT INTO secuencia(secuencia_id, aislado_id, clon, resistoma_mutante) VALUES ('90', '90', 'ST175', '{"PA0004": NaN, "PA0424": "nt385InsGGGT", "PA0425": NaN, "PA0426": NaN, "PA0427": NaN, "PA0807": "A219T", "PA0869": "S250N", "PA0958": "Q142X", "PA1179": NaN, "PA1180": NaN, "PA1777": NaN, "PA1798": "H398R", "PA1799": NaN, "PA2018": "T543A", "PA2019": "K329Q; W358R", "PA2020": "G195D", "PA2272": "E37K; A104P", "PA2491": "D249N", "PA2492": "P60S; F172I", "PA3047": NaN, "PA3168": "T83I; D87N", "PA3574": NaN, "PA3721": "G71E; A186T", "PA3999": NaN, "PA4003": NaN, "PA4020": NaN, "PA4109": "G154R", "PA4110": NaN, "PA4266": NaN, "PA4418": NaN, "PA4522": "G148A; D183Y", "PA4600": NaN, "PA4700": NaN, "PA4776": NaN, "PA4777": "Y345H", "PA4964": "S87W; L168Q", "PA4967": NaN, "PA5045": "E245D", "PA5235": "T211P", "PA5471": "L88P; D161G; H182Q; V243A; V266M", "PA5485": NaN}') ON DUPLICATE KEY UPDATE aislado_id = '90', clon = 'ST175', resistoma_mutante = '{"PA0004": NaN, "PA0424": "nt385InsGGGT", "PA0425": NaN, "PA0426": NaN, "PA0427": NaN, "PA0807": "A219T", "PA0869": "S250N", "PA0958": "Q142X", "PA1179": NaN, "PA1180": NaN, "PA1777": NaN, "PA1798": "H398R", "PA1799": NaN, "PA2018": "T543A", "PA2019": "K329Q; W358R", "PA2020": "G195D", "PA2272": "E37K; A104P", "PA2491": "D249N", "PA2492": "P60S; F172I", "PA3047": NaN, "PA3168": "T83I; D87N", "PA3574": NaN, "PA3721": "G71E; A186T", "PA3999": NaN, "PA4003": NaN, "PA4020": NaN, "PA4109": "G154R", "PA4110": NaN, "PA4266": NaN, "PA4418": NaN, "PA4522": "G148A; D183Y", "PA4600": NaN, "PA4700": NaN, "PA4776": NaN, "PA4777": "Y345H", "PA4964": "S87W; L168Q", "PA4967": NaN, "PA5045": "E245D", "PA5235": "T211P", "PA5471": "L88P; D161G; H182Q; V243A; V266M", "PA5485": NaN}'; 
INSERT INTO metadata_general(aislado_id, aislado_nombre) VALUES ('91', 'CLE02-032') ON DUPLICATE KEY UPDATE aislado_id = '91', aislado_nombre = 'CLE02-032'; 
INSERT INTO mic(mic_id, aislado_id, pip_tz, fep, caz, imi, mer, cip, tob, col, tic, cza, tol, atm, caz_cloxa, imi_cloxa) VALUES ('91', '91', '64', '16', '16', '8', '8', '>16', '32', '1', '128', '4', '2', '16', '+', '+') ON DUPLICATE KEY UPDATE aislado_id = '91', pip_tz = '64', fep = '16', caz = '16', imi = '8', mer = '8', cip = '>16', tob = '32', col = '1', tic = '128', cza = '4', tol = '2', atm = '16', caz_cloxa = '+', imi_cloxa = '+'; 
INSERT INTO secuencia(secuencia_id, aislado_id, clon, resistoma_mutante) VALUES ('91', '91', 'ST175', '{"PA0004": NaN, "PA0424": "nt385InsGGGT", "PA0425": NaN, "PA0426": NaN, "PA0427": NaN, "PA0807": "A219T", "PA0869": "S250N", "PA0958": "Q142X", "PA1179": NaN, "PA1180": NaN, "PA1777": NaN, "PA1798": "H398R", "PA1799": NaN, "PA2018": "T543A", "PA2019": "K329Q; W358R", "PA2020": "G195D", "PA2272": "E37K; A104P", "PA2491": "D249N", "PA2492": "P60S; F172I", "PA3047": NaN, "PA3168": "T83I; D87N", "PA3574": NaN, "PA3721": "G71E; A186T", "PA3999": NaN, "PA4003": NaN, "PA4020": NaN, "PA4109": "G154R", "PA4110": NaN, "PA4266": NaN, "PA4418": NaN, "PA4522": "G148A; D183Y", "PA4600": NaN, "PA4700": NaN, "PA4776": NaN, "PA4777": "Y345H", "PA4964": "S87W; L168Q", "PA4967": NaN, "PA5045": "E245D", "PA5235": "T211P", "PA5471": "L88P; D161G; H182Q; V243A; V266M", "PA5485": NaN}') ON DUPLICATE KEY UPDATE aislado_id = '91', clon = 'ST175', resistoma_mutante = '{"PA0004": NaN, "PA0424": "nt385InsGGGT", "PA0425": NaN, "PA0426": NaN, "PA0427": NaN, "PA0807": "A219T", "PA0869": "S250N", "PA0958": "Q142X", "PA1179": NaN, "PA1180": NaN, "PA1777": NaN, "PA1798": "H398R", "PA1799": NaN, "PA2018": "T543A", "PA2019": "K329Q; W358R", "PA2020": "G195D", "PA2272": "E37K; A104P", "PA2491": "D249N", "PA2492": "P60S; F172I", "PA3047": NaN, "PA3168": "T83I; D87N", "PA3574": NaN, "PA3721": "G71E; A186T", "PA3999": NaN, "PA4003": NaN, "PA4020": NaN, "PA4109": "G154R", "PA4110": NaN, "PA4266": NaN, "PA4418": NaN, "PA4522": "G148A; D183Y", "PA4600": NaN, "PA4700": NaN, "PA4776": NaN, "PA4777": "Y345H", "PA4964": "S87W; L168Q", "PA4967": NaN, "PA5045": "E245D", "PA5235": "T211P", "PA5471": "L88P; D161G; H182Q; V243A; V266M", "PA5485": NaN}'; 
INSERT INTO metadata_general(aislado_id, aislado_nombre) VALUES ('92', 'CLE02-055') ON DUPLICATE KEY UPDATE aislado_id = '92', aislado_nombre = 'CLE02-055'; 
INSERT INTO mic(mic_id, aislado_id, pip_tz, fep, caz, imi, mer, cip, tob, col, tic, cza, tol, atm, caz_cloxa, imi_cloxa) VALUES ('92', '92', '64', '16', '16', '4', '16', '16', '0.5', '1', '128', '8', '2', '16', '+', 'nan') ON DUPLICATE KEY UPDATE aislado_id = '92', pip_tz = '64', fep = '16', caz = '16', imi = '4', mer = '16', cip = '16', tob = '0.5', col = '1', tic = '128', cza = '8', tol = '2', atm = '16', caz_cloxa = '+', imi_cloxa = 'nan'; 
INSERT INTO secuencia(secuencia_id, aislado_id, clon, resistoma_mutante) VALUES ('92', '92', 'ST664', '{"PA0004": NaN, "PA0424": "V126E", "PA0425": NaN, "PA0426": NaN, "PA0427": NaN, "PA0807": "A219T", "PA0869": "S250N", "PA0958": "V127L", "PA1179": NaN, "PA1180": NaN, "PA1777": NaN, "PA1798": "H398R", "PA1799": NaN, "PA2018": "T543A; Q840E; P1032S", "PA2019": "K329Q; L331V; W358R", "PA2020": NaN, "PA2272": NaN, "PA2491": "D249N", "PA2492": "F172I", "PA3047": NaN, "PA3168": "T83I", "PA3574": "nt398\u03942", "PA3721": "G71E; S209R", "PA3999": NaN, "PA4003": NaN, "PA4020": "R322Q", "PA4109": NaN, "PA4110": "L176R", "PA4266": NaN, "PA4418": NaN, "PA4522": "A134P; G148A; D183Y", "PA4600": NaN, "PA4700": "L353Q", "PA4776": "L71R", "PA4777": "Y345H", "PA4964": "E91K; H262Q; L458F", "PA4967": "E215Q", "PA5045": NaN, "PA5235": NaN, "PA5471": "L88P; D161G; H182Q; V243A; A262S", "PA5485": NaN}') ON DUPLICATE KEY UPDATE aislado_id = '92', clon = 'ST664', resistoma_mutante = '{"PA0004": NaN, "PA0424": "V126E", "PA0425": NaN, "PA0426": NaN, "PA0427": NaN, "PA0807": "A219T", "PA0869": "S250N", "PA0958": "V127L", "PA1179": NaN, "PA1180": NaN, "PA1777": NaN, "PA1798": "H398R", "PA1799": NaN, "PA2018": "T543A; Q840E; P1032S", "PA2019": "K329Q; L331V; W358R", "PA2020": NaN, "PA2272": NaN, "PA2491": "D249N", "PA2492": "F172I", "PA3047": NaN, "PA3168": "T83I", "PA3574": "nt398\u03942", "PA3721": "G71E; S209R", "PA3999": NaN, "PA4003": NaN, "PA4020": "R322Q", "PA4109": NaN, "PA4110": "L176R", "PA4266": NaN, "PA4418": NaN, "PA4522": "A134P; G148A; D183Y", "PA4600": NaN, "PA4700": "L353Q", "PA4776": "L71R", "PA4777": "Y345H", "PA4964": "E91K; H262Q; L458F", "PA4967": "E215Q", "PA5045": NaN, "PA5235": NaN, "PA5471": "L88P; D161G; H182Q; V243A; A262S", "PA5485": NaN}'; 
INSERT INTO metadata_general(aislado_id, aislado_nombre) VALUES ('93', 'CLE03-022') ON DUPLICATE KEY UPDATE aislado_id = '93', aislado_nombre = 'CLE03-022'; 
INSERT INTO mic(mic_id, aislado_id, pip_tz, fep, caz, imi, mer, cip, tob, col, tic, cza, tol, atm, caz_cloxa, imi_cloxa) VALUES ('93', '93', '32', '8', '16', '16', '32', '>16', '<=0.25', '2', '256', '8', '2', '32', '+', '+') ON DUPLICATE KEY UPDATE aislado_id = '93', pip_tz = '32', fep = '8', caz = '16', imi = '16', mer = '32', cip = '>16', tob = '<=0.25', col = '2', tic = '256', cza = '8', tol = '2', atm = '32', caz_cloxa = '+', imi_cloxa = '+'; 
INSERT INTO secuencia(secuencia_id, aislado_id, clon, resistoma_mutante) VALUES ('93', '93', 'ST2935', '{"PA0004": NaN, "PA0424": "A103G; V126E; nt373\u03941", "PA0425": NaN, "PA0426": "N248K", "PA0427": NaN, "PA0807": "G186S", "PA0869": NaN, "PA0958": NaN, "PA1179": NaN, "PA1180": NaN, "PA1777": "T93A", "PA1798": "A115E; V304I; E343D; H398R; Y407H", "PA1799": "T135A; L153R", "PA2018": "T543A; Q840E; G1035D; N1036T; Q1039R", "PA2019": "L12P; A30T; K329Q; L331V; W358R", "PA2020": "L138R; L196I", "PA2272": "V18I; R82K; G96D; A104P", "PA2491": "K17T; A175V; E181D; D249N", "PA2492": "E26G; P60S; F172I", "PA3047": "A394P", "PA3168": "T83I; aa914\u0394PS", "PA3574": NaN, "PA3721": "G71E; Q182K; L206V; S209R", "PA3999": NaN, "PA4003": NaN, "PA4020": "S306R; M297L", "PA4109": "A118V; G283E", "PA4110": "R5G; T21A; P23S;A36T; T105A; Q117L; A170T; L200I; V205L; R273K; V356I; G391A", "PA4266": NaN, "PA4418": NaN, "PA4522": "V10I; A85G; G148A; E170G", "PA4600": NaN, "PA4700": "L353Q; S25G", "PA4776": "L71R; Y179H", "PA4777": "A4T; D47N; E69A; Y345H; P369A; A462T", "PA4964": "D86N; S331T", "PA4967": "D533E", "PA5045": "H628N; V643I", "PA5235": NaN, "PA5471": "C40R; A87V; D161G; H182Q; V243A; E307D; I346V", "PA5485": NaN}') ON DUPLICATE KEY UPDATE aislado_id = '93', clon = 'ST2935', resistoma_mutante = '{"PA0004": NaN, "PA0424": "A103G; V126E; nt373\u03941", "PA0425": NaN, "PA0426": "N248K", "PA0427": NaN, "PA0807": "G186S", "PA0869": NaN, "PA0958": NaN, "PA1179": NaN, "PA1180": NaN, "PA1777": "T93A", "PA1798": "A115E; V304I; E343D; H398R; Y407H", "PA1799": "T135A; L153R", "PA2018": "T543A; Q840E; G1035D; N1036T; Q1039R", "PA2019": "L12P; A30T; K329Q; L331V; W358R", "PA2020": "L138R; L196I", "PA2272": "V18I; R82K; G96D; A104P", "PA2491": "K17T; A175V; E181D; D249N", "PA2492": "E26G; P60S; F172I", "PA3047": "A394P", "PA3168": "T83I; aa914\u0394PS", "PA3574": NaN, "PA3721": "G71E; Q182K; L206V; S209R", "PA3999": NaN, "PA4003": NaN, "PA4020": "S306R; M297L", "PA4109": "A118V; G283E", "PA4110": "R5G; T21A; P23S;A36T; T105A; Q117L; A170T; L200I; V205L; R273K; V356I; G391A", "PA4266": NaN, "PA4418": NaN, "PA4522": "V10I; A85G; G148A; E170G", "PA4600": NaN, "PA4700": "L353Q; S25G", "PA4776": "L71R; Y179H", "PA4777": "A4T; D47N; E69A; Y345H; P369A; A462T", "PA4964": "D86N; S331T", "PA4967": "D533E", "PA5045": "H628N; V643I", "PA5235": NaN, "PA5471": "C40R; A87V; D161G; H182Q; V243A; E307D; I346V", "PA5485": NaN}'; 
INSERT INTO metadata_general(aislado_id, aislado_nombre) VALUES ('94', 'CLE03-023') ON DUPLICATE KEY UPDATE aislado_id = '94', aislado_nombre = 'CLE03-023'; 
INSERT INTO mic(mic_id, aislado_id, pip_tz, fep, caz, imi, mer, cip, tob, col, tic, cza, tol, atm, caz_cloxa, imi_cloxa) VALUES ('94', '94', '256', '16', '64', '8', '4', '4', '<=0.25', '2', '256', '4', '4', '16', '+', '+') ON DUPLICATE KEY UPDATE aislado_id = '94', pip_tz = '256', fep = '16', caz = '64', imi = '8', mer = '4', cip = '4', tob = '<=0.25', col = '2', tic = '256', cza = '4', tol = '4', atm = '16', caz_cloxa = '+', imi_cloxa = '+'; 
INSERT INTO secuencia(secuencia_id, aislado_id, clon, resistoma_mutante) VALUES ('94', '94', 'ST155', '{"PA0004": "S466F", "PA0424": NaN, "PA0425": NaN, "PA0426": NaN, "PA0427": NaN, "PA0807": "A219T", "PA0869": NaN, "PA0958": NaN, "PA1179": "P31Q", "PA1180": NaN, "PA1777": NaN, "PA1798": "H398R", "PA1799": NaN, "PA2018": "D428N; T543A; Q840E", "PA2019": "K329Q; L331V; W358R", "PA2020": NaN, "PA2272": NaN, "PA2491": "D249N", "PA2492": "F172I", "PA3047": NaN, "PA3168": NaN, "PA3574": NaN, "PA3721": "G71E; S209R", "PA3999": NaN, "PA4003": NaN, "PA4020": "M297V", "PA4109": NaN, "PA4110": "R79Q; T105A", "PA4266": NaN, "PA4418": NaN, "PA4522": "Q44H; G148A; D183Y; nt430\u039417", "PA4600": NaN, "PA4700": "L353Q", "PA4776": NaN, "PA4777": "Y345H", "PA4964": NaN, "PA4967": NaN, "PA5045": NaN, "PA5235": "Ter449Gext*", "PA5471": "L88P; D161G; H182Q; V243A", "PA5485": NaN}') ON DUPLICATE KEY UPDATE aislado_id = '94', clon = 'ST155', resistoma_mutante = '{"PA0004": "S466F", "PA0424": NaN, "PA0425": NaN, "PA0426": NaN, "PA0427": NaN, "PA0807": "A219T", "PA0869": NaN, "PA0958": NaN, "PA1179": "P31Q", "PA1180": NaN, "PA1777": NaN, "PA1798": "H398R", "PA1799": NaN, "PA2018": "D428N; T543A; Q840E", "PA2019": "K329Q; L331V; W358R", "PA2020": NaN, "PA2272": NaN, "PA2491": "D249N", "PA2492": "F172I", "PA3047": NaN, "PA3168": NaN, "PA3574": NaN, "PA3721": "G71E; S209R", "PA3999": NaN, "PA4003": NaN, "PA4020": "M297V", "PA4109": NaN, "PA4110": "R79Q; T105A", "PA4266": NaN, "PA4418": NaN, "PA4522": "Q44H; G148A; D183Y; nt430\u039417", "PA4600": NaN, "PA4700": "L353Q", "PA4776": NaN, "PA4777": "Y345H", "PA4964": NaN, "PA4967": NaN, "PA5045": NaN, "PA5235": "Ter449Gext*", "PA5471": "L88P; D161G; H182Q; V243A", "PA5485": NaN}'; 
INSERT INTO metadata_general(aislado_id, aislado_nombre) VALUES ('95', 'CLM02-005 ') ON DUPLICATE KEY UPDATE aislado_id = '95', aislado_nombre = 'CLM02-005 '; 
INSERT INTO mic(mic_id, aislado_id, pip_tz, fep, caz, imi, mer, cip, tob, col, tic, cza, tol, atm, caz_cloxa, imi_cloxa) VALUES ('95', '95', '32', '8', '8', '8', '4', '>16', '32', '1', '32', '1', '1', '<=2', 'nan', '+') ON DUPLICATE KEY UPDATE aislado_id = '95', pip_tz = '32', fep = '8', caz = '8', imi = '8', mer = '4', cip = '>16', tob = '32', col = '1', tic = '32', cza = '1', tol = '1', atm = '<=2', caz_cloxa = 'nan', imi_cloxa = '+'; 
INSERT INTO secuencia(secuencia_id, aislado_id, clon, resistoma_mutante) VALUES ('95', '95', 'ST175', '{"PA0004": "E468D", "PA0424": NaN, "PA0425": "Q104X", "PA0426": NaN, "PA0427": NaN, "PA0807": "A219T; nt409\u03941", "PA0869": NaN, "PA0958": "W415X", "PA1179": NaN, "PA1180": NaN, "PA1777": NaN, "PA1798": "H398R", "PA1799": NaN, "PA2018": "T543A", "PA2019": "K329Q", "PA2020": "G195D", "PA2272": "E37K; A104P", "PA2491": "D249N", "PA2492": "P60S; F172I", "PA3047": NaN, "PA3168": "T83I", "PA3574": NaN, "PA3721": "A186T", "PA3999": NaN, "PA4003": NaN, "PA4020": NaN, "PA4109": NaN, "PA4110": NaN, "PA4266": NaN, "PA4418": NaN, "PA4522": "F113L; G148A; D183Y", "PA4600": NaN, "PA4700": NaN, "PA4776": NaN, "PA4777": "Y345H", "PA4964": "S87W; L168Q", "PA4967": NaN, "PA5045": "E245D", "PA5235": NaN, "PA5471": "L88P; D161G; H182Q; V243A; V266M", "PA5485": NaN}') ON DUPLICATE KEY UPDATE aislado_id = '95', clon = 'ST175', resistoma_mutante = '{"PA0004": "E468D", "PA0424": NaN, "PA0425": "Q104X", "PA0426": NaN, "PA0427": NaN, "PA0807": "A219T; nt409\u03941", "PA0869": NaN, "PA0958": "W415X", "PA1179": NaN, "PA1180": NaN, "PA1777": NaN, "PA1798": "H398R", "PA1799": NaN, "PA2018": "T543A", "PA2019": "K329Q", "PA2020": "G195D", "PA2272": "E37K; A104P", "PA2491": "D249N", "PA2492": "P60S; F172I", "PA3047": NaN, "PA3168": "T83I", "PA3574": NaN, "PA3721": "A186T", "PA3999": NaN, "PA4003": NaN, "PA4020": NaN, "PA4109": NaN, "PA4110": NaN, "PA4266": NaN, "PA4418": NaN, "PA4522": "F113L; G148A; D183Y", "PA4600": NaN, "PA4700": NaN, "PA4776": NaN, "PA4777": "Y345H", "PA4964": "S87W; L168Q", "PA4967": NaN, "PA5045": "E245D", "PA5235": NaN, "PA5471": "L88P; D161G; H182Q; V243A; V266M", "PA5485": NaN}'; 
INSERT INTO metadata_general(aislado_id, aislado_nombre) VALUES ('96', 'CLM02-017 ') ON DUPLICATE KEY UPDATE aislado_id = '96', aislado_nombre = 'CLM02-017 '; 
INSERT INTO mic(mic_id, aislado_id, pip_tz, fep, caz, imi, mer, cip, tob, col, tic, cza, tol, atm, caz_cloxa, imi_cloxa) VALUES ('96', '96', '8', '2', '2', '4', '8', '>16', '32', '4', '32', '2', '1', '8', 'nan', 'nan') ON DUPLICATE KEY UPDATE aislado_id = '96', pip_tz = '8', fep = '2', caz = '2', imi = '4', mer = '8', cip = '>16', tob = '32', col = '4', tic = '32', cza = '2', tol = '1', atm = '8', caz_cloxa = 'nan', imi_cloxa = 'nan'; 
INSERT INTO secuencia(secuencia_id, aislado_id, clon, resistoma_mutante) VALUES ('96', '96', 'ST253', '{"PA0004": NaN, "PA0424": "V126E", "PA0425": NaN, "PA0426": NaN, "PA0427": NaN, "PA0807": NaN, "PA0869": NaN, "PA0958": NaN, "PA1179": NaN, "PA1180": NaN, "PA1777": NaN, "PA1798": "H398R", "PA1799": "L153R; S170N", "PA2018": "I536V; T543A; G589A; Q840E; N1036T; Q1039R", "PA2019": "A30T; K329Q; L331V; W358R", "PA2020": "L138R; N186S", "PA2272": "A104P", "PA2491": "D249N", "PA2492": "F172I", "PA3047": "Q156H", "PA3168": "aa914\u0394PS", "PA3574": NaN, "PA3721": "G71E; A145V; S209R", "PA3999": NaN, "PA4003": NaN, "PA4020": "M297V", "PA4109": "E114A; G283E; M288R", "PA4110": "G27D; A55T; T105A; Q155R; V205L; G391A", "PA4266": NaN, "PA4418": NaN, "PA4522": NaN, "PA4600": "R21H; D56G", "PA4700": "L353Q; S25G", "PA4776": NaN, "PA4777": "S2P; A4T; V15I; G68S; Y345H", "PA4964": NaN, "PA4967": "D533E", "PA5045": "I418T; N622K", "PA5235": NaN, "PA5471": "C40R; L88P; S112N; D119E; I237V; V243A", "PA5485": NaN}') ON DUPLICATE KEY UPDATE aislado_id = '96', clon = 'ST253', resistoma_mutante = '{"PA0004": NaN, "PA0424": "V126E", "PA0425": NaN, "PA0426": NaN, "PA0427": NaN, "PA0807": NaN, "PA0869": NaN, "PA0958": NaN, "PA1179": NaN, "PA1180": NaN, "PA1777": NaN, "PA1798": "H398R", "PA1799": "L153R; S170N", "PA2018": "I536V; T543A; G589A; Q840E; N1036T; Q1039R", "PA2019": "A30T; K329Q; L331V; W358R", "PA2020": "L138R; N186S", "PA2272": "A104P", "PA2491": "D249N", "PA2492": "F172I", "PA3047": "Q156H", "PA3168": "aa914\u0394PS", "PA3574": NaN, "PA3721": "G71E; A145V; S209R", "PA3999": NaN, "PA4003": NaN, "PA4020": "M297V", "PA4109": "E114A; G283E; M288R", "PA4110": "G27D; A55T; T105A; Q155R; V205L; G391A", "PA4266": NaN, "PA4418": NaN, "PA4522": NaN, "PA4600": "R21H; D56G", "PA4700": "L353Q; S25G", "PA4776": NaN, "PA4777": "S2P; A4T; V15I; G68S; Y345H", "PA4964": NaN, "PA4967": "D533E", "PA5045": "I418T; N622K", "PA5235": NaN, "PA5471": "C40R; L88P; S112N; D119E; I237V; V243A", "PA5485": NaN}'; 
INSERT INTO metadata_general(aislado_id, aislado_nombre) VALUES ('97', 'CLM02-043 ') ON DUPLICATE KEY UPDATE aislado_id = '97', aislado_nombre = 'CLM02-043 '; 
INSERT INTO mic(mic_id, aislado_id, pip_tz, fep, caz, imi, mer, cip, tob, col, tic, cza, tol, atm, caz_cloxa, imi_cloxa) VALUES ('97', '97', '64', '16', '16', '16', '32', '>16', '>32', '1', '256', '8', '2', '32', '+', '+') ON DUPLICATE KEY UPDATE aislado_id = '97', pip_tz = '64', fep = '16', caz = '16', imi = '16', mer = '32', cip = '>16', tob = '>32', col = '1', tic = '256', cza = '8', tol = '2', atm = '32', caz_cloxa = '+', imi_cloxa = '+'; 
INSERT INTO secuencia(secuencia_id, aislado_id, clon, resistoma_mutante) VALUES ('97', '97', 'ST175', '{"PA0004": "E468D", "PA0424": "nt47InsG", "PA0425": NaN, "PA0426": NaN, "PA0427": NaN, "PA0807": "A219T; nt409\u03941", "PA0869": "S250N", "PA0958": "W415X", "PA1179": NaN, "PA1180": NaN, "PA1777": NaN, "PA1798": "H398R", "PA1799": NaN, "PA2018": "T543A", "PA2019": "K329Q; W358R", "PA2020": "G195D", "PA2272": "E37K; A104P", "PA2491": "D249N", "PA2492": "P60S; F172I", "PA3047": NaN, "PA3168": "T83I", "PA3574": NaN, "PA3721": "G71E; A186T", "PA3999": NaN, "PA4003": NaN, "PA4020": NaN, "PA4109": "R244W", "PA4110": NaN, "PA4266": "aa615InsQL", "PA4418": NaN, "PA4522": "F113L; G148A; D183Y", "PA4600": NaN, "PA4700": NaN, "PA4776": NaN, "PA4777": "Y345H", "PA4964": "S87W; L168Q", "PA4967": NaN, "PA5045": "E245D", "PA5235": NaN, "PA5471": "L88P; D161G; H182Q; V243A; V266M", "PA5485": NaN}') ON DUPLICATE KEY UPDATE aislado_id = '97', clon = 'ST175', resistoma_mutante = '{"PA0004": "E468D", "PA0424": "nt47InsG", "PA0425": NaN, "PA0426": NaN, "PA0427": NaN, "PA0807": "A219T; nt409\u03941", "PA0869": "S250N", "PA0958": "W415X", "PA1179": NaN, "PA1180": NaN, "PA1777": NaN, "PA1798": "H398R", "PA1799": NaN, "PA2018": "T543A", "PA2019": "K329Q; W358R", "PA2020": "G195D", "PA2272": "E37K; A104P", "PA2491": "D249N", "PA2492": "P60S; F172I", "PA3047": NaN, "PA3168": "T83I", "PA3574": NaN, "PA3721": "G71E; A186T", "PA3999": NaN, "PA4003": NaN, "PA4020": NaN, "PA4109": "R244W", "PA4110": NaN, "PA4266": "aa615InsQL", "PA4418": NaN, "PA4522": "F113L; G148A; D183Y", "PA4600": NaN, "PA4700": NaN, "PA4776": NaN, "PA4777": "Y345H", "PA4964": "S87W; L168Q", "PA4967": NaN, "PA5045": "E245D", "PA5235": NaN, "PA5471": "L88P; D161G; H182Q; V243A; V266M", "PA5485": NaN}'; 
INSERT INTO metadata_general(aislado_id, aislado_nombre) VALUES ('98', 'CLM02-046') ON DUPLICATE KEY UPDATE aislado_id = '98', aislado_nombre = 'CLM02-046'; 
INSERT INTO mic(mic_id, aislado_id, pip_tz, fep, caz, imi, mer, cip, tob, col, tic, cza, tol, atm, caz_cloxa, imi_cloxa) VALUES ('98', '98', '32', '32', '16', '8', '8', '0.5', '2', '2', '256', '4', '2', '16', '+', '+') ON DUPLICATE KEY UPDATE aislado_id = '98', pip_tz = '32', fep = '32', caz = '16', imi = '8', mer = '8', cip = '0.5', tob = '2', col = '2', tic = '256', cza = '4', tol = '2', atm = '16', caz_cloxa = '+', imi_cloxa = '+'; 
INSERT INTO secuencia(secuencia_id, aislado_id, clon, resistoma_mutante) VALUES ('98', '98', 'ST882', '{"PA0004": NaN, "PA0424": NaN, "PA0425": NaN, "PA0426": NaN, "PA0427": NaN, "PA0807": NaN, "PA0869": NaN, "PA0958": NaN, "PA1179": NaN, "PA1180": NaN, "PA1777": NaN, "PA1798": "T131P; D348N; H398R", "PA1799": NaN, "PA2018": "T543A; N1036T; Q1039R", "PA2019": "K329Q; L331V; W358R", "PA2020": NaN, "PA2272": "A104P", "PA2491": "D249N", "PA2492": "P60S; F172I", "PA3047": NaN, "PA3168": NaN, "PA3574": NaN, "PA3721": "G71E; S209R", "PA3999": "V29I", "PA4003": NaN, "PA4020": "V124G", "PA4109": NaN, "PA4110": "R79Q; T105A", "PA4266": NaN, "PA4418": "T91A; G243S", "PA4522": "A136V; G148A", "PA4600": NaN, "PA4700": NaN, "PA4776": "L71R", "PA4777": "Y345H", "PA4964": NaN, "PA4967": NaN, "PA5045": NaN, "PA5235": NaN, "PA5471": "L88P; D161G; H182Q; V243A", "PA5485": NaN}') ON DUPLICATE KEY UPDATE aislado_id = '98', clon = 'ST882', resistoma_mutante = '{"PA0004": NaN, "PA0424": NaN, "PA0425": NaN, "PA0426": NaN, "PA0427": NaN, "PA0807": NaN, "PA0869": NaN, "PA0958": NaN, "PA1179": NaN, "PA1180": NaN, "PA1777": NaN, "PA1798": "T131P; D348N; H398R", "PA1799": NaN, "PA2018": "T543A; N1036T; Q1039R", "PA2019": "K329Q; L331V; W358R", "PA2020": NaN, "PA2272": "A104P", "PA2491": "D249N", "PA2492": "P60S; F172I", "PA3047": NaN, "PA3168": NaN, "PA3574": NaN, "PA3721": "G71E; S209R", "PA3999": "V29I", "PA4003": NaN, "PA4020": "V124G", "PA4109": NaN, "PA4110": "R79Q; T105A", "PA4266": NaN, "PA4418": "T91A; G243S", "PA4522": "A136V; G148A", "PA4600": NaN, "PA4700": NaN, "PA4776": "L71R", "PA4777": "Y345H", "PA4964": NaN, "PA4967": NaN, "PA5045": NaN, "PA5235": NaN, "PA5471": "L88P; D161G; H182Q; V243A", "PA5485": NaN}'; 
INSERT INTO metadata_general(aislado_id, aislado_nombre) VALUES ('99', 'CVA01-002') ON DUPLICATE KEY UPDATE aislado_id = '99', aislado_nombre = 'CVA01-002'; 
INSERT INTO mic(mic_id, aislado_id, pip_tz, fep, caz, imi, mer, cip, tob, col, tic, cza, tol, atm, caz_cloxa, imi_cloxa) VALUES ('99', '99', '>256', '64', '>64', '8', '8', '2', '0.5', '2', '256', '16', '8', '64', '+', '+') ON DUPLICATE KEY UPDATE aislado_id = '99', pip_tz = '>256', fep = '64', caz = '>64', imi = '8', mer = '8', cip = '2', tob = '0.5', col = '2', tic = '256', cza = '16', tol = '8', atm = '64', caz_cloxa = '+', imi_cloxa = '+'; 
INSERT INTO secuencia(secuencia_id, aislado_id, clon, resistoma_mutante) VALUES ('99', '99', 'ST500', '{"PA0004": NaN, "PA0424": NaN, "PA0425": NaN, "PA0426": NaN, "PA0427": NaN, "PA0807": "I67T; A219T", "PA0869": NaN, "PA0958": NaN, "PA1179": NaN, "PA1180": NaN, "PA1777": NaN, "PA1798": "Y73C; H398R", "PA1799": NaN, "PA2018": "T543A; Q840E; Q1039R", "PA2019": "K329Q; L331V", "PA2020": NaN, "PA2272": NaN, "PA2491": "D249N", "PA2492": NaN, "PA3047": "A394P", "PA3168": "D87N", "PA3574": NaN, "PA3721": NaN, "PA3999": NaN, "PA4003": NaN, "PA4020": "M297V", "PA4109": NaN, "PA4110": NaN, "PA4266": NaN, "PA4418": NaN, "PA4522": "G148A; S175L", "PA4600": "nt42InsGCAGTC", "PA4700": "K607R; L353Q; S25G", "PA4776": "L71R", "PA4777": "A4T; H311Q; Y345H; A413T", "PA4964": "N633S", "PA4967": NaN, "PA5045": "V643I", "PA5235": NaN, "PA5471": "L88P; D161G; H182Q; V243A", "PA5485": NaN}') ON DUPLICATE KEY UPDATE aislado_id = '99', clon = 'ST500', resistoma_mutante = '{"PA0004": NaN, "PA0424": NaN, "PA0425": NaN, "PA0426": NaN, "PA0427": NaN, "PA0807": "I67T; A219T", "PA0869": NaN, "PA0958": NaN, "PA1179": NaN, "PA1180": NaN, "PA1777": NaN, "PA1798": "Y73C; H398R", "PA1799": NaN, "PA2018": "T543A; Q840E; Q1039R", "PA2019": "K329Q; L331V", "PA2020": NaN, "PA2272": NaN, "PA2491": "D249N", "PA2492": NaN, "PA3047": "A394P", "PA3168": "D87N", "PA3574": NaN, "PA3721": NaN, "PA3999": NaN, "PA4003": NaN, "PA4020": "M297V", "PA4109": NaN, "PA4110": NaN, "PA4266": NaN, "PA4418": NaN, "PA4522": "G148A; S175L", "PA4600": "nt42InsGCAGTC", "PA4700": "K607R; L353Q; S25G", "PA4776": "L71R", "PA4777": "A4T; H311Q; Y345H; A413T", "PA4964": "N633S", "PA4967": NaN, "PA5045": "V643I", "PA5235": NaN, "PA5471": "L88P; D161G; H182Q; V243A", "PA5485": NaN}'; 
INSERT INTO metadata_general(aislado_id, aislado_nombre) VALUES ('100', 'CVA01-006') ON DUPLICATE KEY UPDATE aislado_id = '100', aislado_nombre = 'CVA01-006'; 
INSERT INTO mic(mic_id, aislado_id, pip_tz, fep, caz, imi, mer, cip, tob, col, tic, cza, tol, atm, caz_cloxa, imi_cloxa) VALUES ('100', '100', '16', '16', '16', '>32', '64', '>16', '>32', '1', '>512', '16', '>32', '<=2', 'nan', 'nan') ON DUPLICATE KEY UPDATE aislado_id = '100', pip_tz = '16', fep = '16', caz = '16', imi = '>32', mer = '64', cip = '>16', tob = '>32', col = '1', tic = '>512', cza = '16', tol = '>32', atm = '<=2', caz_cloxa = 'nan', imi_cloxa = 'nan'; 
INSERT INTO secuencia(secuencia_id, aislado_id, clon, resistoma_mutante) VALUES ('100', '100', 'ST175', '{"PA0004": NaN, "PA0424": NaN, "PA0425": NaN, "PA0426": "nt878InsGG", "PA0427": NaN, "PA0807": "A219T", "PA0869": "S250N", "PA0958": "nt55InsGCACT", "PA1179": NaN, "PA1180": NaN, "PA1777": NaN, "PA1798": "H398R", "PA1799": NaN, "PA2018": "T543A", "PA2019": "K329Q; W358R", "PA2020": "G195D", "PA2272": "E37K; A104P", "PA2491": "D249N", "PA2492": "P60S; F172I", "PA3047": NaN, "PA3168": "T83I; D87N", "PA3574": NaN, "PA3721": "G71E; A186T", "PA3999": NaN, "PA4003": NaN, "PA4020": "M297V", "PA4109": NaN, "PA4110": NaN, "PA4266": NaN, "PA4418": NaN, "PA4522": "G148A; D183Y", "PA4600": NaN, "PA4700": NaN, "PA4776": NaN, "PA4777": "Y345H", "PA4964": "S87W; L168Q", "PA4967": NaN, "PA5045": "E245D", "PA5235": NaN, "PA5471": "L88P; D161G; H182Q; V243A; V266M", "PA5485": NaN}') ON DUPLICATE KEY UPDATE aislado_id = '100', clon = 'ST175', resistoma_mutante = '{"PA0004": NaN, "PA0424": NaN, "PA0425": NaN, "PA0426": "nt878InsGG", "PA0427": NaN, "PA0807": "A219T", "PA0869": "S250N", "PA0958": "nt55InsGCACT", "PA1179": NaN, "PA1180": NaN, "PA1777": NaN, "PA1798": "H398R", "PA1799": NaN, "PA2018": "T543A", "PA2019": "K329Q; W358R", "PA2020": "G195D", "PA2272": "E37K; A104P", "PA2491": "D249N", "PA2492": "P60S; F172I", "PA3047": NaN, "PA3168": "T83I; D87N", "PA3574": NaN, "PA3721": "G71E; A186T", "PA3999": NaN, "PA4003": NaN, "PA4020": "M297V", "PA4109": NaN, "PA4110": NaN, "PA4266": NaN, "PA4418": NaN, "PA4522": "G148A; D183Y", "PA4600": NaN, "PA4700": NaN, "PA4776": NaN, "PA4777": "Y345H", "PA4964": "S87W; L168Q", "PA4967": NaN, "PA5045": "E245D", "PA5235": NaN, "PA5471": "L88P; D161G; H182Q; V243A; V266M", "PA5485": NaN}'; 
INSERT INTO metadata_general(aislado_id, aislado_nombre) VALUES ('101', 'CVA01-029') ON DUPLICATE KEY UPDATE aislado_id = '101', aislado_nombre = 'CVA01-029'; 
INSERT INTO mic(mic_id, aislado_id, pip_tz, fep, caz, imi, mer, cip, tob, col, tic, cza, tol, atm, caz_cloxa, imi_cloxa) VALUES ('101', '101', '64', '16', '32', '16', '8', '>16', '32', '1', '128', '4', '2', '16', '+', '+') ON DUPLICATE KEY UPDATE aislado_id = '101', pip_tz = '64', fep = '16', caz = '32', imi = '16', mer = '8', cip = '>16', tob = '32', col = '1', tic = '128', cza = '4', tol = '2', atm = '16', caz_cloxa = '+', imi_cloxa = '+'; 
INSERT INTO secuencia(secuencia_id, aislado_id, clon, resistoma_mutante) VALUES ('101', '101', 'ST175', '{"PA0004": NaN, "PA0424": NaN, "PA0425": NaN, "PA0426": NaN, "PA0427": NaN, "PA0807": "A219T", "PA0869": "S250N", "PA0958": "nt1189InsAG", "PA1179": NaN, "PA1180": NaN, "PA1777": NaN, "PA1798": "H398R", "PA1799": NaN, "PA2018": "T543A", "PA2019": "K329Q", "PA2020": "G195D", "PA2272": "E37K; A104P", "PA2491": "D249N", "PA2492": "P60S; F172I", "PA3047": "G328C", "PA3168": "T83I; D87N", "PA3574": NaN, "PA3721": "G71E; A186T", "PA3999": NaN, "PA4003": NaN, "PA4020": NaN, "PA4109": NaN, "PA4110": NaN, "PA4266": NaN, "PA4418": NaN, "PA4522": "G148A; D183Y", "PA4600": NaN, "PA4700": NaN, "PA4776": NaN, "PA4777": "Y345H", "PA4964": "S87W; L168Q", "PA4967": NaN, "PA5045": "E245D", "PA5235": "L373Q", "PA5471": "L88P; D161G; H182Q; V243A; V266M", "PA5485": NaN}') ON DUPLICATE KEY UPDATE aislado_id = '101', clon = 'ST175', resistoma_mutante = '{"PA0004": NaN, "PA0424": NaN, "PA0425": NaN, "PA0426": NaN, "PA0427": NaN, "PA0807": "A219T", "PA0869": "S250N", "PA0958": "nt1189InsAG", "PA1179": NaN, "PA1180": NaN, "PA1777": NaN, "PA1798": "H398R", "PA1799": NaN, "PA2018": "T543A", "PA2019": "K329Q", "PA2020": "G195D", "PA2272": "E37K; A104P", "PA2491": "D249N", "PA2492": "P60S; F172I", "PA3047": "G328C", "PA3168": "T83I; D87N", "PA3574": NaN, "PA3721": "G71E; A186T", "PA3999": NaN, "PA4003": NaN, "PA4020": NaN, "PA4109": NaN, "PA4110": NaN, "PA4266": NaN, "PA4418": NaN, "PA4522": "G148A; D183Y", "PA4600": NaN, "PA4700": NaN, "PA4776": NaN, "PA4777": "Y345H", "PA4964": "S87W; L168Q", "PA4967": NaN, "PA5045": "E245D", "PA5235": "L373Q", "PA5471": "L88P; D161G; H182Q; V243A; V266M", "PA5485": NaN}'; 
INSERT INTO metadata_general(aislado_id, aislado_nombre) VALUES ('102', 'CVA01-033') ON DUPLICATE KEY UPDATE aislado_id = '102', aislado_nombre = 'CVA01-033'; 
INSERT INTO mic(mic_id, aislado_id, pip_tz, fep, caz, imi, mer, cip, tob, col, tic, cza, tol, atm, caz_cloxa, imi_cloxa) VALUES ('102', '102', '128', '16', '16', '8', '16', '8', '>32', '2', '256', '2', '1', '4', '+', '+') ON DUPLICATE KEY UPDATE aislado_id = '102', pip_tz = '128', fep = '16', caz = '16', imi = '8', mer = '16', cip = '8', tob = '>32', col = '2', tic = '256', cza = '2', tol = '1', atm = '4', caz_cloxa = '+', imi_cloxa = '+'; 
INSERT INTO secuencia(secuencia_id, aislado_id, clon, resistoma_mutante) VALUES ('102', '102', 'ST235', '{"PA0004": NaN, "PA0424": "V126E", "PA0425": NaN, "PA0426": "G957D", "PA0427": NaN, "PA0807": "A208V", "PA0869": "A287S", "PA0958": "nt1286\u03941", "PA1179": NaN, "PA1180": "Y85F", "PA1777": NaN, "PA1798": "A149T; H398R", "PA1799": "L153R; S170N", "PA2018": "T543A", "PA2019": "A30T; W358R", "PA2020": NaN, "PA2272": "A104P", "PA2491": "D249N", "PA2492": "P60S; F172I", "PA3047": NaN, "PA3168": "T83I", "PA3574": NaN, "PA3721": "G71E; S209R", "PA3999": NaN, "PA4003": NaN, "PA4020": NaN, "PA4109": "G283E; M288R", "PA4110": "G27D; T105A; V205L", "PA4266": NaN, "PA4418": NaN, "PA4522": "G148A; nt407InsGGC", "PA4600": NaN, "PA4700": "L353Q", "PA4776": "L71R", "PA4777": "A4T; G68S; Y345H; G362S", "PA4964": "S87L", "PA4967": "D533E", "PA5045": NaN, "PA5235": NaN, "PA5471": "L88P; D161G; H182Q; R204C; V243A", "PA5485": NaN}') ON DUPLICATE KEY UPDATE aislado_id = '102', clon = 'ST235', resistoma_mutante = '{"PA0004": NaN, "PA0424": "V126E", "PA0425": NaN, "PA0426": "G957D", "PA0427": NaN, "PA0807": "A208V", "PA0869": "A287S", "PA0958": "nt1286\u03941", "PA1179": NaN, "PA1180": "Y85F", "PA1777": NaN, "PA1798": "A149T; H398R", "PA1799": "L153R; S170N", "PA2018": "T543A", "PA2019": "A30T; W358R", "PA2020": NaN, "PA2272": "A104P", "PA2491": "D249N", "PA2492": "P60S; F172I", "PA3047": NaN, "PA3168": "T83I", "PA3574": NaN, "PA3721": "G71E; S209R", "PA3999": NaN, "PA4003": NaN, "PA4020": NaN, "PA4109": "G283E; M288R", "PA4110": "G27D; T105A; V205L", "PA4266": NaN, "PA4418": NaN, "PA4522": "G148A; nt407InsGGC", "PA4600": NaN, "PA4700": "L353Q", "PA4776": "L71R", "PA4777": "A4T; G68S; Y345H; G362S", "PA4964": "S87L", "PA4967": "D533E", "PA5045": NaN, "PA5235": NaN, "PA5471": "L88P; D161G; H182Q; R204C; V243A", "PA5485": NaN}'; 
INSERT INTO metadata_general(aislado_id, aislado_nombre) VALUES ('103', 'CVA01-035') ON DUPLICATE KEY UPDATE aislado_id = '103', aislado_nombre = 'CVA01-035'; 
INSERT INTO mic(mic_id, aislado_id, pip_tz, fep, caz, imi, mer, cip, tob, col, tic, cza, tol, atm, caz_cloxa, imi_cloxa) VALUES ('103', '103', '128', '16', '16', '8', '16', '8', '>32', '2', '256', '2', '1', '8', 'nan', '+') ON DUPLICATE KEY UPDATE aislado_id = '103', pip_tz = '128', fep = '16', caz = '16', imi = '8', mer = '16', cip = '8', tob = '>32', col = '2', tic = '256', cza = '2', tol = '1', atm = '8', caz_cloxa = 'nan', imi_cloxa = '+'; 
INSERT INTO secuencia(secuencia_id, aislado_id, clon, resistoma_mutante) VALUES ('103', '103', 'ST235', '{"PA0004": NaN, "PA0424": "V126E", "PA0425": NaN, "PA0426": "G957D", "PA0427": NaN, "PA0807": "A208V", "PA0869": "A287S", "PA0958": "nt1286\u03941", "PA1179": NaN, "PA1180": "Y85F", "PA1777": NaN, "PA1798": "A149T; H398R", "PA1799": "L153R; S170N", "PA2018": "T543A", "PA2019": "A30T; K329Q; L331V; W358R", "PA2020": NaN, "PA2272": "A104P", "PA2491": "D249N", "PA2492": "P60S; F172I", "PA3047": NaN, "PA3168": "T83I", "PA3574": NaN, "PA3721": "G71E; E153Q; S209R", "PA3999": NaN, "PA4003": NaN, "PA4020": NaN, "PA4109": "M288R", "PA4110": "A97V; T105A; V205L; G391A", "PA4266": NaN, "PA4418": NaN, "PA4522": "G148A; nt407InsGGC", "PA4600": NaN, "PA4700": "L353Q; S25G", "PA4776": "L71R", "PA4777": "A4T; G68S; Y345H; G362S", "PA4964": "S87L", "PA4967": "D533E", "PA5045": NaN, "PA5235": NaN, "PA5471": "L88P; D161G; H182Q; R204C; V243A", "PA5485": NaN}') ON DUPLICATE KEY UPDATE aislado_id = '103', clon = 'ST235', resistoma_mutante = '{"PA0004": NaN, "PA0424": "V126E", "PA0425": NaN, "PA0426": "G957D", "PA0427": NaN, "PA0807": "A208V", "PA0869": "A287S", "PA0958": "nt1286\u03941", "PA1179": NaN, "PA1180": "Y85F", "PA1777": NaN, "PA1798": "A149T; H398R", "PA1799": "L153R; S170N", "PA2018": "T543A", "PA2019": "A30T; K329Q; L331V; W358R", "PA2020": NaN, "PA2272": "A104P", "PA2491": "D249N", "PA2492": "P60S; F172I", "PA3047": NaN, "PA3168": "T83I", "PA3574": NaN, "PA3721": "G71E; E153Q; S209R", "PA3999": NaN, "PA4003": NaN, "PA4020": NaN, "PA4109": "M288R", "PA4110": "A97V; T105A; V205L; G391A", "PA4266": NaN, "PA4418": NaN, "PA4522": "G148A; nt407InsGGC", "PA4600": NaN, "PA4700": "L353Q; S25G", "PA4776": "L71R", "PA4777": "A4T; G68S; Y345H; G362S", "PA4964": "S87L", "PA4967": "D533E", "PA5045": NaN, "PA5235": NaN, "PA5471": "L88P; D161G; H182Q; R204C; V243A", "PA5485": NaN}'; 
INSERT INTO metadata_general(aislado_id, aislado_nombre) VALUES ('104', 'CVA02-005') ON DUPLICATE KEY UPDATE aislado_id = '104', aislado_nombre = 'CVA02-005'; 
INSERT INTO mic(mic_id, aislado_id, pip_tz, fep, caz, imi, mer, cip, tob, col, tic, cza, tol, atm, caz_cloxa, imi_cloxa) VALUES ('104', '104', '128', '32', '64', '>32', '>64', '>16', '>32', '2', '>512', '32', '>32', '32', 'nan', 'nan') ON DUPLICATE KEY UPDATE aislado_id = '104', pip_tz = '128', fep = '32', caz = '64', imi = '>32', mer = '>64', cip = '>16', tob = '>32', col = '2', tic = '>512', cza = '32', tol = '>32', atm = '32', caz_cloxa = 'nan', imi_cloxa = 'nan'; 
INSERT INTO secuencia(secuencia_id, aislado_id, clon, resistoma_mutante) VALUES ('104', '104', 'ST175', '{"PA0004": NaN, "PA0424": NaN, "PA0425": NaN, "PA0426": NaN, "PA0427": NaN, "PA0807": "A219T", "PA0869": "S250N", "PA0958": "nt55InsGCACT", "PA1179": NaN, "PA1180": NaN, "PA1777": NaN, "PA1798": "H398R", "PA1799": NaN, "PA2018": "T543A", "PA2019": "K329Q; W358R", "PA2020": "G195D", "PA2272": "E37K; A104P", "PA2491": "D249N", "PA2492": "P60S; F172I", "PA3047": NaN, "PA3168": "T83I; D87N", "PA3574": NaN, "PA3721": "G71E; A186T", "PA3999": NaN, "PA4003": NaN, "PA4020": NaN, "PA4109": NaN, "PA4110": NaN, "PA4266": NaN, "PA4418": NaN, "PA4522": "V10G; G148A; D183Y", "PA4600": NaN, "PA4700": NaN, "PA4776": NaN, "PA4777": "Y345H", "PA4964": "S87W; L168Q", "PA4967": NaN, "PA5045": "E245D", "PA5235": NaN, "PA5471": "L88P; D161G; H182Q; V243A; V266M", "PA5485": NaN}') ON DUPLICATE KEY UPDATE aislado_id = '104', clon = 'ST175', resistoma_mutante = '{"PA0004": NaN, "PA0424": NaN, "PA0425": NaN, "PA0426": NaN, "PA0427": NaN, "PA0807": "A219T", "PA0869": "S250N", "PA0958": "nt55InsGCACT", "PA1179": NaN, "PA1180": NaN, "PA1777": NaN, "PA1798": "H398R", "PA1799": NaN, "PA2018": "T543A", "PA2019": "K329Q; W358R", "PA2020": "G195D", "PA2272": "E37K; A104P", "PA2491": "D249N", "PA2492": "P60S; F172I", "PA3047": NaN, "PA3168": "T83I; D87N", "PA3574": NaN, "PA3721": "G71E; A186T", "PA3999": NaN, "PA4003": NaN, "PA4020": NaN, "PA4109": NaN, "PA4110": NaN, "PA4266": NaN, "PA4418": NaN, "PA4522": "V10G; G148A; D183Y", "PA4600": NaN, "PA4700": NaN, "PA4776": NaN, "PA4777": "Y345H", "PA4964": "S87W; L168Q", "PA4967": NaN, "PA5045": "E245D", "PA5235": NaN, "PA5471": "L88P; D161G; H182Q; V243A; V266M", "PA5485": NaN}'; 
INSERT INTO metadata_general(aislado_id, aislado_nombre) VALUES ('105', 'CVA02-017') ON DUPLICATE KEY UPDATE aislado_id = '105', aislado_nombre = 'CVA02-017'; 
INSERT INTO mic(mic_id, aislado_id, pip_tz, fep, caz, imi, mer, cip, tob, col, tic, cza, tol, atm, caz_cloxa, imi_cloxa) VALUES ('105', '105', '>256', '32', '64', '8', '16', '8', '1', '4', '256', '8', '4', '32', '+', '+') ON DUPLICATE KEY UPDATE aislado_id = '105', pip_tz = '>256', fep = '32', caz = '64', imi = '8', mer = '16', cip = '8', tob = '1', col = '4', tic = '256', cza = '8', tol = '4', atm = '32', caz_cloxa = '+', imi_cloxa = '+'; 
INSERT INTO secuencia(secuencia_id, aislado_id, clon, resistoma_mutante) VALUES ('105', '105', 'ST235*', '{"PA0004": NaN, "PA0424": "V126E", "PA0425": NaN, "PA0426": "G957D", "PA0427": NaN, "PA0807": "A208V", "PA0869": "A287S", "PA0958": NaN, "PA1179": NaN, "PA1180": "Y85F", "PA1777": NaN, "PA1798": "H398R", "PA1799": "L153R; S170N", "PA2018": "T543A", "PA2019": "A30T; K329Q; L331V; W358R", "PA2020": "nt47\u039413", "PA2272": "A104P; V466I", "PA2491": "D249N", "PA2492": "P60S; F172I", "PA3047": NaN, "PA3168": "T83I", "PA3574": NaN, "PA3721": "G71E; E153Q; S209R", "PA3999": NaN, "PA4003": NaN, "PA4020": NaN, "PA4109": "G283E; M288R", "PA4110": "G27D; A97V; T105A; V205L; G391A", "PA4266": NaN, "PA4418": NaN, "PA4522": "D167E; G148A", "PA4600": NaN, "PA4700": "L353Q; S25G", "PA4776": "L71R", "PA4777": "A4T; G52S; G68S; Y345H; G362S", "PA4964": NaN, "PA4967": "D533E", "PA5045": NaN, "PA5235": "G396S", "PA5471": "L88P; D161G; H182Q; R204C; V243A", "PA5485": NaN}') ON DUPLICATE KEY UPDATE aislado_id = '105', clon = 'ST235*', resistoma_mutante = '{"PA0004": NaN, "PA0424": "V126E", "PA0425": NaN, "PA0426": "G957D", "PA0427": NaN, "PA0807": "A208V", "PA0869": "A287S", "PA0958": NaN, "PA1179": NaN, "PA1180": "Y85F", "PA1777": NaN, "PA1798": "H398R", "PA1799": "L153R; S170N", "PA2018": "T543A", "PA2019": "A30T; K329Q; L331V; W358R", "PA2020": "nt47\u039413", "PA2272": "A104P; V466I", "PA2491": "D249N", "PA2492": "P60S; F172I", "PA3047": NaN, "PA3168": "T83I", "PA3574": NaN, "PA3721": "G71E; E153Q; S209R", "PA3999": NaN, "PA4003": NaN, "PA4020": NaN, "PA4109": "G283E; M288R", "PA4110": "G27D; A97V; T105A; V205L; G391A", "PA4266": NaN, "PA4418": NaN, "PA4522": "D167E; G148A", "PA4600": NaN, "PA4700": "L353Q; S25G", "PA4776": "L71R", "PA4777": "A4T; G52S; G68S; Y345H; G362S", "PA4964": NaN, "PA4967": "D533E", "PA5045": NaN, "PA5235": "G396S", "PA5471": "L88P; D161G; H182Q; R204C; V243A", "PA5485": NaN}'; 
INSERT INTO metadata_general(aislado_id, aislado_nombre) VALUES ('106', 'CVA02-018') ON DUPLICATE KEY UPDATE aislado_id = '106', aislado_nombre = 'CVA02-018'; 
INSERT INTO mic(mic_id, aislado_id, pip_tz, fep, caz, imi, mer, cip, tob, col, tic, cza, tol, atm, caz_cloxa, imi_cloxa) VALUES ('106', '106', '32', '8', '16', '16', '16', '2', '0.5', '2', '128', '8', '2', '32', '+', '+') ON DUPLICATE KEY UPDATE aislado_id = '106', pip_tz = '32', fep = '8', caz = '16', imi = '16', mer = '16', cip = '2', tob = '0.5', col = '2', tic = '128', cza = '8', tol = '2', atm = '32', caz_cloxa = '+', imi_cloxa = '+'; 
INSERT INTO secuencia(secuencia_id, aislado_id, clon, resistoma_mutante) VALUES ('106', '106', 'ST274', '{"PA0004": "H148N; aa467\u03942", "PA0424": "R63H", "PA0425": NaN, "PA0426": NaN, "PA0427": NaN, "PA0807": NaN, "PA0869": "S250N", "PA0958": "nt311InsCG", "PA1179": NaN, "PA1180": NaN, "PA1777": NaN, "PA1798": "A82T; H398R", "PA1799": NaN, "PA2018": "T543A; Q840E", "PA2019": "K329Q; L331V; D346H; W358R", "PA2020": NaN, "PA2272": "A104P", "PA2491": "D249N", "PA2492": "P60S; F172I", "PA3047": "A394P", "PA3168": "T686A", "PA3574": "L72P; D187H", "PA3721": "G71E; S209R", "PA3999": NaN, "PA4003": NaN, "PA4020": "M297V", "PA4109": NaN, "PA4110": "T21A; T105A; G391A", "PA4266": NaN, "PA4418": NaN, "PA4522": "R11L; G148A; D183Y", "PA4600": NaN, "PA4700": "S25G", "PA4776": "L71R", "PA4777": "Y345H", "PA4964": NaN, "PA4967": NaN, "PA5045": "D616V", "PA5235": NaN, "PA5471": "L88P; D119E", "PA5485": NaN}') ON DUPLICATE KEY UPDATE aislado_id = '106', clon = 'ST274', resistoma_mutante = '{"PA0004": "H148N; aa467\u03942", "PA0424": "R63H", "PA0425": NaN, "PA0426": NaN, "PA0427": NaN, "PA0807": NaN, "PA0869": "S250N", "PA0958": "nt311InsCG", "PA1179": NaN, "PA1180": NaN, "PA1777": NaN, "PA1798": "A82T; H398R", "PA1799": NaN, "PA2018": "T543A; Q840E", "PA2019": "K329Q; L331V; D346H; W358R", "PA2020": NaN, "PA2272": "A104P", "PA2491": "D249N", "PA2492": "P60S; F172I", "PA3047": "A394P", "PA3168": "T686A", "PA3574": "L72P; D187H", "PA3721": "G71E; S209R", "PA3999": NaN, "PA4003": NaN, "PA4020": "M297V", "PA4109": NaN, "PA4110": "T21A; T105A; G391A", "PA4266": NaN, "PA4418": NaN, "PA4522": "R11L; G148A; D183Y", "PA4600": NaN, "PA4700": "S25G", "PA4776": "L71R", "PA4777": "Y345H", "PA4964": NaN, "PA4967": NaN, "PA5045": "D616V", "PA5235": NaN, "PA5471": "L88P; D119E", "PA5485": NaN}'; 
INSERT INTO metadata_general(aislado_id, aislado_nombre) VALUES ('107', 'CVA02-019') ON DUPLICATE KEY UPDATE aislado_id = '107', aislado_nombre = 'CVA02-019'; 
INSERT INTO mic(mic_id, aislado_id, pip_tz, fep, caz, imi, mer, cip, tob, col, tic, cza, tol, atm, caz_cloxa, imi_cloxa) VALUES ('107', '107', '>256', '64', '>64', '16', '8', '16', '4', '2', '512', '4', '8', '128', '+', '+') ON DUPLICATE KEY UPDATE aislado_id = '107', pip_tz = '>256', fep = '64', caz = '>64', imi = '16', mer = '8', cip = '16', tob = '4', col = '2', tic = '512', cza = '4', tol = '8', atm = '128', caz_cloxa = '+', imi_cloxa = '+'; 
INSERT INTO secuencia(secuencia_id, aislado_id, clon, resistoma_mutante) VALUES ('107', '107', 'ST235', '{"PA0004": NaN, "PA0424": "V126E", "PA0425": NaN, "PA0426": "G957D; nt2806\u03942", "PA0427": NaN, "PA0807": "A208V", "PA0869": "A287S", "PA0958": "Q340X", "PA1179": NaN, "PA1180": "Y85F", "PA1777": NaN, "PA1798": "A149T; H398R", "PA1799": "L153R; S170N", "PA2018": "T543A", "PA2019": "A30T; K329Q; L331V; W358R", "PA2020": "nt604\u03941", "PA2272": "A104P; V466I", "PA2491": "D249N", "PA2492": "P60S; F172I", "PA3047": NaN, "PA3168": "T83I", "PA3574": NaN, "PA3721": "G71E; E153Q; S209R", "PA3999": NaN, "PA4003": NaN, "PA4020": NaN, "PA4109": "G283E; M288R", "PA4110": "G27D; A97V; T105A; V205L; G391A", "PA4266": NaN, "PA4418": NaN, "PA4522": "Q51X; G148A", "PA4600": NaN, "PA4700": "L353Q; S25G", "PA4776": "L71R", "PA4777": "S2P; A4T; G68S; Y345H; G362S", "PA4964": "S87L", "PA4967": "D533E", "PA5045": NaN, "PA5235": NaN, "PA5471": "L88P; D161G; H182Q; R204C; V243A", "PA5485": NaN}') ON DUPLICATE KEY UPDATE aislado_id = '107', clon = 'ST235', resistoma_mutante = '{"PA0004": NaN, "PA0424": "V126E", "PA0425": NaN, "PA0426": "G957D; nt2806\u03942", "PA0427": NaN, "PA0807": "A208V", "PA0869": "A287S", "PA0958": "Q340X", "PA1179": NaN, "PA1180": "Y85F", "PA1777": NaN, "PA1798": "A149T; H398R", "PA1799": "L153R; S170N", "PA2018": "T543A", "PA2019": "A30T; K329Q; L331V; W358R", "PA2020": "nt604\u03941", "PA2272": "A104P; V466I", "PA2491": "D249N", "PA2492": "P60S; F172I", "PA3047": NaN, "PA3168": "T83I", "PA3574": NaN, "PA3721": "G71E; E153Q; S209R", "PA3999": NaN, "PA4003": NaN, "PA4020": NaN, "PA4109": "G283E; M288R", "PA4110": "G27D; A97V; T105A; V205L; G391A", "PA4266": NaN, "PA4418": NaN, "PA4522": "Q51X; G148A", "PA4600": NaN, "PA4700": "L353Q; S25G", "PA4776": "L71R", "PA4777": "S2P; A4T; G68S; Y345H; G362S", "PA4964": "S87L", "PA4967": "D533E", "PA5045": NaN, "PA5235": NaN, "PA5471": "L88P; D161G; H182Q; R204C; V243A", "PA5485": NaN}'; 
INSERT INTO metadata_general(aislado_id, aislado_nombre) VALUES ('108', 'CVA02-020') ON DUPLICATE KEY UPDATE aislado_id = '108', aislado_nombre = 'CVA02-020'; 
INSERT INTO mic(mic_id, aislado_id, pip_tz, fep, caz, imi, mer, cip, tob, col, tic, cza, tol, atm, caz_cloxa, imi_cloxa) VALUES ('108', '108', '16', '32', '>64', '2', '16', '>16', '32', '2', '>512', '>32', '>32', '64', '+', 'nan') ON DUPLICATE KEY UPDATE aislado_id = '108', pip_tz = '16', fep = '32', caz = '>64', imi = '2', mer = '16', cip = '>16', tob = '32', col = '2', tic = '>512', cza = '>32', tol = '>32', atm = '64', caz_cloxa = '+', imi_cloxa = 'nan'; 
INSERT INTO secuencia(secuencia_id, aislado_id, clon, resistoma_mutante) VALUES ('108', '108', 'ST308', '{"PA0004": "E468D", "PA0424": "V126E", "PA0425": NaN, "PA0426": "G957D", "PA0427": NaN, "PA0807": NaN, "PA0869": "A287S", "PA0958": "nt635\u03941", "PA1179": NaN, "PA1180": NaN, "PA1777": NaN, "PA1798": "L137P; V216A; H398R", "PA1799": "L153R; S170N; nt618InsA", "PA2018": "I536V; T543A; G589A; Q840E; N1036T", "PA2019": "A30T; K329Q; L331V; W358R", "PA2020": "G89S; nt483InsTAT", "PA2272": "A104P", "PA2491": "V73A; D249N", "PA2492": "F172I", "PA3047": "G437D", "PA3168": "T83I", "PA3574": NaN, "PA3721": "G71E; D79E; S209R", "PA3999": NaN, "PA4003": NaN, "PA4020": NaN, "PA4109": "G283E; M288R", "PA4110": "G27D; T96I; T105A; V205L; V356I; G391A", "PA4266": NaN, "PA4418": "V471G", "PA4522": "A96T", "PA4600": NaN, "PA4700": "L353Q; S25G", "PA4776": NaN, "PA4777": "A4T; V15I; G68S; Y345H", "PA4964": "S87L; P752T", "PA4967": "P438S; D533E", "PA5045": "D73N", "PA5235": "nt210\u03946", "PA5471": "C40R; L88P; S112N; D119E; I237V; V243A", "PA5485": "V40I"}') ON DUPLICATE KEY UPDATE aislado_id = '108', clon = 'ST308', resistoma_mutante = '{"PA0004": "E468D", "PA0424": "V126E", "PA0425": NaN, "PA0426": "G957D", "PA0427": NaN, "PA0807": NaN, "PA0869": "A287S", "PA0958": "nt635\u03941", "PA1179": NaN, "PA1180": NaN, "PA1777": NaN, "PA1798": "L137P; V216A; H398R", "PA1799": "L153R; S170N; nt618InsA", "PA2018": "I536V; T543A; G589A; Q840E; N1036T", "PA2019": "A30T; K329Q; L331V; W358R", "PA2020": "G89S; nt483InsTAT", "PA2272": "A104P", "PA2491": "V73A; D249N", "PA2492": "F172I", "PA3047": "G437D", "PA3168": "T83I", "PA3574": NaN, "PA3721": "G71E; D79E; S209R", "PA3999": NaN, "PA4003": NaN, "PA4020": NaN, "PA4109": "G283E; M288R", "PA4110": "G27D; T96I; T105A; V205L; V356I; G391A", "PA4266": NaN, "PA4418": "V471G", "PA4522": "A96T", "PA4600": NaN, "PA4700": "L353Q; S25G", "PA4776": NaN, "PA4777": "A4T; V15I; G68S; Y345H", "PA4964": "S87L; P752T", "PA4967": "P438S; D533E", "PA5045": "D73N", "PA5235": "nt210\u03946", "PA5471": "C40R; L88P; S112N; D119E; I237V; V243A", "PA5485": "V40I"}'; 
INSERT INTO metadata_general(aislado_id, aislado_nombre) VALUES ('109', 'CVA02-023') ON DUPLICATE KEY UPDATE aislado_id = '109', aislado_nombre = 'CVA02-023'; 
INSERT INTO mic(mic_id, aislado_id, pip_tz, fep, caz, imi, mer, cip, tob, col, tic, cza, tol, atm, caz_cloxa, imi_cloxa) VALUES ('109', '109', '64', '16', '64', '32', '64', '16', '4', '1', '>512', '>32', '>32', '8', 'nan', 'nan') ON DUPLICATE KEY UPDATE aislado_id = '109', pip_tz = '64', fep = '16', caz = '64', imi = '32', mer = '64', cip = '16', tob = '4', col = '1', tic = '>512', cza = '>32', tol = '>32', atm = '8', caz_cloxa = 'nan', imi_cloxa = 'nan'; 
INSERT INTO secuencia(secuencia_id, aislado_id, clon, resistoma_mutante) VALUES ('109', '109', 'ST175', '{"PA0004": NaN, "PA0424": NaN, "PA0425": NaN, "PA0426": NaN, "PA0427": NaN, "PA0807": "A219T", "PA0869": "S250N", "PA0958": "nt55InsGCACT", "PA1179": NaN, "PA1180": NaN, "PA1777": NaN, "PA1798": "H398R", "PA1799": NaN, "PA2018": NaN, "PA2019": NaN, "PA2020": "G195D", "PA2272": "E37K; A104P", "PA2491": "D249N", "PA2492": "P60S; F172I", "PA3047": NaN, "PA3168": "T83I; D87N", "PA3574": NaN, "PA3721": "G71E; A186T", "PA3999": NaN, "PA4003": NaN, "PA4020": NaN, "PA4109": NaN, "PA4110": NaN, "PA4266": NaN, "PA4418": NaN, "PA4522": "V10G; G148A; D183Y", "PA4600": NaN, "PA4700": NaN, "PA4776": NaN, "PA4777": "E320K; Y345H", "PA4964": "S87W; L168Q", "PA4967": NaN, "PA5045": "E245D", "PA5235": "G99D", "PA5471": "L88P; D161G; H182Q; V243A; V266M", "PA5485": NaN}') ON DUPLICATE KEY UPDATE aislado_id = '109', clon = 'ST175', resistoma_mutante = '{"PA0004": NaN, "PA0424": NaN, "PA0425": NaN, "PA0426": NaN, "PA0427": NaN, "PA0807": "A219T", "PA0869": "S250N", "PA0958": "nt55InsGCACT", "PA1179": NaN, "PA1180": NaN, "PA1777": NaN, "PA1798": "H398R", "PA1799": NaN, "PA2018": NaN, "PA2019": NaN, "PA2020": "G195D", "PA2272": "E37K; A104P", "PA2491": "D249N", "PA2492": "P60S; F172I", "PA3047": NaN, "PA3168": "T83I; D87N", "PA3574": NaN, "PA3721": "G71E; A186T", "PA3999": NaN, "PA4003": NaN, "PA4020": NaN, "PA4109": NaN, "PA4110": NaN, "PA4266": NaN, "PA4418": NaN, "PA4522": "V10G; G148A; D183Y", "PA4600": NaN, "PA4700": NaN, "PA4776": NaN, "PA4777": "E320K; Y345H", "PA4964": "S87W; L168Q", "PA4967": NaN, "PA5045": "E245D", "PA5235": "G99D", "PA5471": "L88P; D161G; H182Q; V243A; V266M", "PA5485": NaN}'; 
INSERT INTO metadata_general(aislado_id, aislado_nombre) VALUES ('110', 'CVA03-004') ON DUPLICATE KEY UPDATE aislado_id = '110', aislado_nombre = 'CVA03-004'; 
INSERT INTO mic(mic_id, aislado_id, pip_tz, fep, caz, imi, mer, cip, tob, col, tic, cza, tol, atm, caz_cloxa, imi_cloxa) VALUES ('110', '110', '256', '32', '64', '16', '16', '>16', '0.5', '2', '256', '8', '4', '64', '+', '+') ON DUPLICATE KEY UPDATE aislado_id = '110', pip_tz = '256', fep = '32', caz = '64', imi = '16', mer = '16', cip = '>16', tob = '0.5', col = '2', tic = '256', cza = '8', tol = '4', atm = '64', caz_cloxa = '+', imi_cloxa = '+'; 
INSERT INTO secuencia(secuencia_id, aislado_id, clon, resistoma_mutante) VALUES ('110', '110', 'ST244', '{"PA0004": NaN, "PA0424": NaN, "PA0425": NaN, "PA0426": NaN, "PA0427": NaN, "PA0807": "A219T", "PA0869": "S250N", "PA0958": "Q402H", "PA1179": NaN, "PA1180": NaN, "PA1777": NaN, "PA1798": "H398R", "PA1799": NaN, "PA2018": "T543A; Q840E", "PA2019": "K329Q; L331V; W358R", "PA2020": "nt319\u039416", "PA2272": "A104P", "PA2491": "A75V; V241M; D249N", "PA2492": "P60S; D96A; F172I", "PA3047": "T27S; S150G", "PA3168": "T83I; V671I; G860S", "PA3574": "nt232\u039419; G78R", "PA3721": NaN, "PA3999": NaN, "PA4003": NaN, "PA4020": "A303V; M297V", "PA4109": NaN, "PA4110": NaN, "PA4266": NaN, "PA4418": NaN, "PA4522": "R11L; L40Q; G148A; D183Y", "PA4600": NaN, "PA4700": "S96N", "PA4776": "L71R", "PA4777": NaN, "PA4964": "S87L", "PA4967": NaN, "PA5045": NaN, "PA5235": "A121T; nt832\u03941", "PA5471": "L88P; G157D; D161G; H182Q; V243A", "PA5485": NaN}') ON DUPLICATE KEY UPDATE aislado_id = '110', clon = 'ST244', resistoma_mutante = '{"PA0004": NaN, "PA0424": NaN, "PA0425": NaN, "PA0426": NaN, "PA0427": NaN, "PA0807": "A219T", "PA0869": "S250N", "PA0958": "Q402H", "PA1179": NaN, "PA1180": NaN, "PA1777": NaN, "PA1798": "H398R", "PA1799": NaN, "PA2018": "T543A; Q840E", "PA2019": "K329Q; L331V; W358R", "PA2020": "nt319\u039416", "PA2272": "A104P", "PA2491": "A75V; V241M; D249N", "PA2492": "P60S; D96A; F172I", "PA3047": "T27S; S150G", "PA3168": "T83I; V671I; G860S", "PA3574": "nt232\u039419; G78R", "PA3721": NaN, "PA3999": NaN, "PA4003": NaN, "PA4020": "A303V; M297V", "PA4109": NaN, "PA4110": NaN, "PA4266": NaN, "PA4418": NaN, "PA4522": "R11L; L40Q; G148A; D183Y", "PA4600": NaN, "PA4700": "S96N", "PA4776": "L71R", "PA4777": NaN, "PA4964": "S87L", "PA4967": NaN, "PA5045": NaN, "PA5235": "A121T; nt832\u03941", "PA5471": "L88P; G157D; D161G; H182Q; V243A", "PA5485": NaN}'; 
INSERT INTO metadata_general(aislado_id, aislado_nombre) VALUES ('111', 'CVA03-019') ON DUPLICATE KEY UPDATE aislado_id = '111', aislado_nombre = 'CVA03-019'; 
INSERT INTO mic(mic_id, aislado_id, pip_tz, fep, caz, imi, mer, cip, tob, col, tic, cza, tol, atm, caz_cloxa, imi_cloxa) VALUES ('111', '111', '256', '32', '64', '>32', '64', '>16', '>32', '1', '>512', '16', '>32', '32', 'nan', 'nan') ON DUPLICATE KEY UPDATE aislado_id = '111', pip_tz = '256', fep = '32', caz = '64', imi = '>32', mer = '64', cip = '>16', tob = '>32', col = '1', tic = '>512', cza = '16', tol = '>32', atm = '32', caz_cloxa = 'nan', imi_cloxa = 'nan'; 
INSERT INTO secuencia(secuencia_id, aislado_id, clon, resistoma_mutante) VALUES ('111', '111', 'ST175', '{"PA0004": NaN, "PA0424": NaN, "PA0425": NaN, "PA0426": NaN, "PA0427": NaN, "PA0807": "A219T", "PA0869": "S250N", "PA0958": "nt55InsGCACT", "PA1179": NaN, "PA1180": NaN, "PA1777": NaN, "PA1798": "H398R", "PA1799": NaN, "PA2018": "T543A", "PA2019": "K329Q; W358R", "PA2020": "G195D", "PA2272": "E37K; A104P", "PA2491": "D249N", "PA2492": "P60S; F172I", "PA3047": "G117V", "PA3168": "T83I; D87N", "PA3574": NaN, "PA3721": "G71E; A186T", "PA3999": NaN, "PA4003": NaN, "PA4020": NaN, "PA4109": "F87L", "PA4110": NaN, "PA4266": NaN, "PA4418": NaN, "PA4522": "G148A; D183Y", "PA4600": NaN, "PA4700": NaN, "PA4776": NaN, "PA4777": "Y345H", "PA4964": "S87W; L168Q", "PA4967": NaN, "PA5045": "E245D", "PA5235": "nt210\u03946", "PA5471": "L88P; D161G; H182Q; V243A; V266M", "PA5485": NaN}') ON DUPLICATE KEY UPDATE aislado_id = '111', clon = 'ST175', resistoma_mutante = '{"PA0004": NaN, "PA0424": NaN, "PA0425": NaN, "PA0426": NaN, "PA0427": NaN, "PA0807": "A219T", "PA0869": "S250N", "PA0958": "nt55InsGCACT", "PA1179": NaN, "PA1180": NaN, "PA1777": NaN, "PA1798": "H398R", "PA1799": NaN, "PA2018": "T543A", "PA2019": "K329Q; W358R", "PA2020": "G195D", "PA2272": "E37K; A104P", "PA2491": "D249N", "PA2492": "P60S; F172I", "PA3047": "G117V", "PA3168": "T83I; D87N", "PA3574": NaN, "PA3721": "G71E; A186T", "PA3999": NaN, "PA4003": NaN, "PA4020": NaN, "PA4109": "F87L", "PA4110": NaN, "PA4266": NaN, "PA4418": NaN, "PA4522": "G148A; D183Y", "PA4600": NaN, "PA4700": NaN, "PA4776": NaN, "PA4777": "Y345H", "PA4964": "S87W; L168Q", "PA4967": NaN, "PA5045": "E245D", "PA5235": "nt210\u03946", "PA5471": "L88P; D161G; H182Q; V243A; V266M", "PA5485": NaN}'; 
INSERT INTO metadata_general(aislado_id, aislado_nombre) VALUES ('112', 'CVA03-024') ON DUPLICATE KEY UPDATE aislado_id = '112', aislado_nombre = 'CVA03-024'; 
INSERT INTO mic(mic_id, aislado_id, pip_tz, fep, caz, imi, mer, cip, tob, col, tic, cza, tol, atm, caz_cloxa, imi_cloxa) VALUES ('112', '112', '256', '32', '>64', '>32', '64', '>16', '>32', '1', '>512', '16', '>32', '32', 'nan', 'nan') ON DUPLICATE KEY UPDATE aislado_id = '112', pip_tz = '256', fep = '32', caz = '>64', imi = '>32', mer = '64', cip = '>16', tob = '>32', col = '1', tic = '>512', cza = '16', tol = '>32', atm = '32', caz_cloxa = 'nan', imi_cloxa = 'nan'; 
INSERT INTO secuencia(secuencia_id, aislado_id, clon, resistoma_mutante) VALUES ('112', '112', 'ST175', '{"PA0004": NaN, "PA0424": NaN, "PA0425": NaN, "PA0426": NaN, "PA0427": NaN, "PA0807": "A219T", "PA0869": "S250N", "PA0958": "nt55InsGCACT", "PA1179": NaN, "PA1180": NaN, "PA1777": NaN, "PA1798": "H398R", "PA1799": NaN, "PA2018": "T543A", "PA2019": "K329Q; W358R", "PA2020": "G195D", "PA2272": "E37K; A104P", "PA2491": "D249N", "PA2492": "P60S; F172I", "PA3047": "G117V", "PA3168": "T83I; D87N", "PA3574": NaN, "PA3721": "G71E; A186T", "PA3999": NaN, "PA4003": NaN, "PA4020": NaN, "PA4109": "F87L", "PA4110": NaN, "PA4266": NaN, "PA4418": NaN, "PA4522": "G148A; D183Y", "PA4600": NaN, "PA4700": NaN, "PA4776": NaN, "PA4777": "Y345H", "PA4964": "S87W; L168Q", "PA4967": NaN, "PA5045": "E245D", "PA5235": "nt210\u03946", "PA5471": "L88P; D161G; H182Q; V243A; V266M", "PA5485": NaN}') ON DUPLICATE KEY UPDATE aislado_id = '112', clon = 'ST175', resistoma_mutante = '{"PA0004": NaN, "PA0424": NaN, "PA0425": NaN, "PA0426": NaN, "PA0427": NaN, "PA0807": "A219T", "PA0869": "S250N", "PA0958": "nt55InsGCACT", "PA1179": NaN, "PA1180": NaN, "PA1777": NaN, "PA1798": "H398R", "PA1799": NaN, "PA2018": "T543A", "PA2019": "K329Q; W358R", "PA2020": "G195D", "PA2272": "E37K; A104P", "PA2491": "D249N", "PA2492": "P60S; F172I", "PA3047": "G117V", "PA3168": "T83I; D87N", "PA3574": NaN, "PA3721": "G71E; A186T", "PA3999": NaN, "PA4003": NaN, "PA4020": NaN, "PA4109": "F87L", "PA4110": NaN, "PA4266": NaN, "PA4418": NaN, "PA4522": "G148A; D183Y", "PA4600": NaN, "PA4700": NaN, "PA4776": NaN, "PA4777": "Y345H", "PA4964": "S87W; L168Q", "PA4967": NaN, "PA5045": "E245D", "PA5235": "nt210\u03946", "PA5471": "L88P; D161G; H182Q; V243A; V266M", "PA5485": NaN}'; 
INSERT INTO metadata_general(aislado_id, aislado_nombre) VALUES ('113', 'CVA03-025') ON DUPLICATE KEY UPDATE aislado_id = '113', aislado_nombre = 'CVA03-025'; 
INSERT INTO mic(mic_id, aislado_id, pip_tz, fep, caz, imi, mer, cip, tob, col, tic, cza, tol, atm, caz_cloxa, imi_cloxa) VALUES ('113', '113', '128', '16', '32', '>32', '64', '>16', '>32', '1', '128', '8', '2', '16', '+', '+') ON DUPLICATE KEY UPDATE aislado_id = '113', pip_tz = '128', fep = '16', caz = '32', imi = '>32', mer = '64', cip = '>16', tob = '>32', col = '1', tic = '128', cza = '8', tol = '2', atm = '16', caz_cloxa = '+', imi_cloxa = '+'; 
INSERT INTO secuencia(secuencia_id, aislado_id, clon, resistoma_mutante) VALUES ('113', '113', 'ST175', '{"PA0004": NaN, "PA0424": NaN, "PA0425": NaN, "PA0426": NaN, "PA0427": NaN, "PA0807": "A219T", "PA0869": "S250N", "PA0958": "Q166X", "PA1179": NaN, "PA1180": NaN, "PA1777": NaN, "PA1798": "H398R", "PA1799": NaN, "PA2018": "T543A", "PA2019": "K329Q; W358R", "PA2020": "G195D", "PA2272": "E37K; A104P", "PA2491": "D249N", "PA2492": "P60S; F172I", "PA3047": NaN, "PA3168": "T83I", "PA3574": NaN, "PA3721": "G71E; A186T", "PA3999": NaN, "PA4003": NaN, "PA4020": NaN, "PA4109": NaN, "PA4110": NaN, "PA4266": NaN, "PA4418": NaN, "PA4522": "Q55P; G148A; D183Y", "PA4600": NaN, "PA4700": "L353Q", "PA4776": NaN, "PA4777": "Y345H", "PA4964": "S87W; L168Q", "PA4967": NaN, "PA5045": "E245D", "PA5235": "nt840\u03941", "PA5471": "L88P; D161G; H182Q; V243A; V266M", "PA5485": NaN}') ON DUPLICATE KEY UPDATE aislado_id = '113', clon = 'ST175', resistoma_mutante = '{"PA0004": NaN, "PA0424": NaN, "PA0425": NaN, "PA0426": NaN, "PA0427": NaN, "PA0807": "A219T", "PA0869": "S250N", "PA0958": "Q166X", "PA1179": NaN, "PA1180": NaN, "PA1777": NaN, "PA1798": "H398R", "PA1799": NaN, "PA2018": "T543A", "PA2019": "K329Q; W358R", "PA2020": "G195D", "PA2272": "E37K; A104P", "PA2491": "D249N", "PA2492": "P60S; F172I", "PA3047": NaN, "PA3168": "T83I", "PA3574": NaN, "PA3721": "G71E; A186T", "PA3999": NaN, "PA4003": NaN, "PA4020": NaN, "PA4109": NaN, "PA4110": NaN, "PA4266": NaN, "PA4418": NaN, "PA4522": "Q55P; G148A; D183Y", "PA4600": NaN, "PA4700": "L353Q", "PA4776": NaN, "PA4777": "Y345H", "PA4964": "S87W; L168Q", "PA4967": NaN, "PA5045": "E245D", "PA5235": "nt840\u03941", "PA5471": "L88P; D161G; H182Q; V243A; V266M", "PA5485": NaN}'; 
INSERT INTO metadata_general(aislado_id, aislado_nombre) VALUES ('114', 'CVA03-033') ON DUPLICATE KEY UPDATE aislado_id = '114', aislado_nombre = 'CVA03-033'; 
INSERT INTO mic(mic_id, aislado_id, pip_tz, fep, caz, imi, mer, cip, tob, col, tic, cza, tol, atm, caz_cloxa, imi_cloxa) VALUES ('114', '114', '32', '16', '16', '16', '64', '>16', '>32', '1', '>512', '16', '>32', '8', 'nan', 'nan') ON DUPLICATE KEY UPDATE aislado_id = '114', pip_tz = '32', fep = '16', caz = '16', imi = '16', mer = '64', cip = '>16', tob = '>32', col = '1', tic = '>512', cza = '16', tol = '>32', atm = '8', caz_cloxa = 'nan', imi_cloxa = 'nan'; 
INSERT INTO secuencia(secuencia_id, aislado_id, clon, resistoma_mutante) VALUES ('114', '114', 'ST175', '{"PA0004": NaN, "PA0424": NaN, "PA0425": NaN, "PA0426": NaN, "PA0427": NaN, "PA0807": "A219T", "PA0869": "S250N", "PA0958": "nt55InsGCACT", "PA1179": NaN, "PA1180": NaN, "PA1777": NaN, "PA1798": "H398R", "PA1799": NaN, "PA2018": "T543A", "PA2019": "K329Q", "PA2020": "G195D", "PA2272": NaN, "PA2491": "D249N", "PA2492": "P60S", "PA3047": NaN, "PA3168": "T83I; D87N", "PA3574": NaN, "PA3721": "G71E", "PA3999": NaN, "PA4003": NaN, "PA4020": NaN, "PA4109": NaN, "PA4110": NaN, "PA4266": NaN, "PA4418": NaN, "PA4522": "G148A; D183Y", "PA4600": NaN, "PA4700": "S25G", "PA4776": NaN, "PA4777": "Y345H", "PA4964": "S87W; L168Q", "PA4967": NaN, "PA5045": "E245D", "PA5235": "G396S", "PA5471": "L88P; D161G; H182Q; V243A; V266M", "PA5485": NaN}') ON DUPLICATE KEY UPDATE aislado_id = '114', clon = 'ST175', resistoma_mutante = '{"PA0004": NaN, "PA0424": NaN, "PA0425": NaN, "PA0426": NaN, "PA0427": NaN, "PA0807": "A219T", "PA0869": "S250N", "PA0958": "nt55InsGCACT", "PA1179": NaN, "PA1180": NaN, "PA1777": NaN, "PA1798": "H398R", "PA1799": NaN, "PA2018": "T543A", "PA2019": "K329Q", "PA2020": "G195D", "PA2272": NaN, "PA2491": "D249N", "PA2492": "P60S", "PA3047": NaN, "PA3168": "T83I; D87N", "PA3574": NaN, "PA3721": "G71E", "PA3999": NaN, "PA4003": NaN, "PA4020": NaN, "PA4109": NaN, "PA4110": NaN, "PA4266": NaN, "PA4418": NaN, "PA4522": "G148A; D183Y", "PA4600": NaN, "PA4700": "S25G", "PA4776": NaN, "PA4777": "Y345H", "PA4964": "S87W; L168Q", "PA4967": NaN, "PA5045": "E245D", "PA5235": "G396S", "PA5471": "L88P; D161G; H182Q; V243A; V266M", "PA5485": NaN}'; 
INSERT INTO metadata_general(aislado_id, aislado_nombre) VALUES ('115', 'EXT01-008') ON DUPLICATE KEY UPDATE aislado_id = '115', aislado_nombre = 'EXT01-008'; 
INSERT INTO mic(mic_id, aislado_id, pip_tz, fep, caz, imi, mer, cip, tob, col, tic, cza, tol, atm, caz_cloxa, imi_cloxa) VALUES ('115', '115', '256', '32', '64', '16', '32', '2', '0.5', '2', '256', '16', '4', '64', '+', '+') ON DUPLICATE KEY UPDATE aislado_id = '115', pip_tz = '256', fep = '32', caz = '64', imi = '16', mer = '32', cip = '2', tob = '0.5', col = '2', tic = '256', cza = '16', tol = '4', atm = '64', caz_cloxa = '+', imi_cloxa = '+'; 
INSERT INTO secuencia(secuencia_id, aislado_id, clon, resistoma_mutante) VALUES ('115', '115', 'ST1754', '{"PA0004": NaN, "PA0424": NaN, "PA0425": NaN, "PA0426": NaN, "PA0427": NaN, "PA0807": NaN, "PA0869": "S250N", "PA0958": "nt334\u03942", "PA1179": NaN, "PA1180": NaN, "PA1777": NaN, "PA1798": "R7H; H398R", "PA1799": "L153R; S170N", "PA2018": "F29S; R515C; T543A", "PA2019": "K329Q; L331V; W358R", "PA2020": NaN, "PA2272": "A104P", "PA2491": "D249N", "PA2492": "M7V; P8H; P60S; F172I", "PA3047": NaN, "PA3168": NaN, "PA3574": NaN, "PA3721": "A169P", "PA3999": NaN, "PA4003": NaN, "PA4020": "M297V", "PA4109": NaN, "PA4110": "T105A; L176R", "PA4266": NaN, "PA4418": NaN, "PA4522": NaN, "PA4600": NaN, "PA4700": "L353Q; S25G", "PA4776": "L71R", "PA4777": "Y345H", "PA4964": "A208G", "PA4967": "D533E", "PA5045": NaN, "PA5235": NaN, "PA5471": "L88P; D161G; H182Q; V243A; A352V", "PA5485": NaN}') ON DUPLICATE KEY UPDATE aislado_id = '115', clon = 'ST1754', resistoma_mutante = '{"PA0004": NaN, "PA0424": NaN, "PA0425": NaN, "PA0426": NaN, "PA0427": NaN, "PA0807": NaN, "PA0869": "S250N", "PA0958": "nt334\u03942", "PA1179": NaN, "PA1180": NaN, "PA1777": NaN, "PA1798": "R7H; H398R", "PA1799": "L153R; S170N", "PA2018": "F29S; R515C; T543A", "PA2019": "K329Q; L331V; W358R", "PA2020": NaN, "PA2272": "A104P", "PA2491": "D249N", "PA2492": "M7V; P8H; P60S; F172I", "PA3047": NaN, "PA3168": NaN, "PA3574": NaN, "PA3721": "A169P", "PA3999": NaN, "PA4003": NaN, "PA4020": "M297V", "PA4109": NaN, "PA4110": "T105A; L176R", "PA4266": NaN, "PA4418": NaN, "PA4522": NaN, "PA4600": NaN, "PA4700": "L353Q; S25G", "PA4776": "L71R", "PA4777": "Y345H", "PA4964": "A208G", "PA4967": "D533E", "PA5045": NaN, "PA5235": NaN, "PA5471": "L88P; D161G; H182Q; V243A; A352V", "PA5485": NaN}'; 
INSERT INTO metadata_general(aislado_id, aislado_nombre) VALUES ('116', 'EXT01-010') ON DUPLICATE KEY UPDATE aislado_id = '116', aislado_nombre = 'EXT01-010'; 
INSERT INTO mic(mic_id, aislado_id, pip_tz, fep, caz, imi, mer, cip, tob, col, tic, cza, tol, atm, caz_cloxa, imi_cloxa) VALUES ('116', '116', '32', '16', '8', '16', '32', '0.5', '4', '1', '512', '8', '1', '32', '+', '+') ON DUPLICATE KEY UPDATE aislado_id = '116', pip_tz = '32', fep = '16', caz = '8', imi = '16', mer = '32', cip = '0.5', tob = '4', col = '1', tic = '512', cza = '8', tol = '1', atm = '32', caz_cloxa = '+', imi_cloxa = '+'; 
INSERT INTO secuencia(secuencia_id, aislado_id, clon, resistoma_mutante) VALUES ('116', '116', 'ST446', '{"PA0004": NaN, "PA0424": "Q55P; V126E", "PA0425": NaN, "PA0426": NaN, "PA0427": NaN, "PA0807": "A208V", "PA0869": "S250N", "PA0958": NaN, "PA1179": NaN, "PA1180": NaN, "PA1777": NaN, "PA1798": "H398R", "PA1799": "L153R; S170N", "PA2018": "I536V; T543A; G589A; Q840E; N1036T", "PA2019": "A30T; K329Q; L331V; W358R", "PA2020": NaN, "PA2272": "A104P", "PA2491": "aa138\u03943", "PA2492": "P60S; F172I; nt471\u03942", "PA3047": NaN, "PA3168": "aa914\u0394PS", "PA3574": NaN, "PA3721": "G71E; A145V; S209R", "PA3999": NaN, "PA4003": NaN, "PA4020": "M297V", "PA4109": "E114A; G283E; M288R", "PA4110": "G27D; T105A; V205L; G391A", "PA4266": "D588G", "PA4418": NaN, "PA4522": NaN, "PA4600": NaN, "PA4700": "L353Q; S25G", "PA4776": "L71R", "PA4777": "Y345H", "PA4964": "D533E; A587T", "PA4967": "D533E", "PA5045": "I418V", "PA5235": "Ter449Gext*", "PA5471": "C40R; L88P; S112N; D119E; I237V; Ans238S; V243A; A352V", "PA5485": NaN}') ON DUPLICATE KEY UPDATE aislado_id = '116', clon = 'ST446', resistoma_mutante = '{"PA0004": NaN, "PA0424": "Q55P; V126E", "PA0425": NaN, "PA0426": NaN, "PA0427": NaN, "PA0807": "A208V", "PA0869": "S250N", "PA0958": NaN, "PA1179": NaN, "PA1180": NaN, "PA1777": NaN, "PA1798": "H398R", "PA1799": "L153R; S170N", "PA2018": "I536V; T543A; G589A; Q840E; N1036T", "PA2019": "A30T; K329Q; L331V; W358R", "PA2020": NaN, "PA2272": "A104P", "PA2491": "aa138\u03943", "PA2492": "P60S; F172I; nt471\u03942", "PA3047": NaN, "PA3168": "aa914\u0394PS", "PA3574": NaN, "PA3721": "G71E; A145V; S209R", "PA3999": NaN, "PA4003": NaN, "PA4020": "M297V", "PA4109": "E114A; G283E; M288R", "PA4110": "G27D; T105A; V205L; G391A", "PA4266": "D588G", "PA4418": NaN, "PA4522": NaN, "PA4600": NaN, "PA4700": "L353Q; S25G", "PA4776": "L71R", "PA4777": "Y345H", "PA4964": "D533E; A587T", "PA4967": "D533E", "PA5045": "I418V", "PA5235": "Ter449Gext*", "PA5471": "C40R; L88P; S112N; D119E; I237V; Ans238S; V243A; A352V", "PA5485": NaN}'; 
INSERT INTO metadata_general(aislado_id, aislado_nombre) VALUES ('117', 'EXT01-024') ON DUPLICATE KEY UPDATE aislado_id = '117', aislado_nombre = 'EXT01-024'; 
INSERT INTO mic(mic_id, aislado_id, pip_tz, fep, caz, imi, mer, cip, tob, col, tic, cza, tol, atm, caz_cloxa, imi_cloxa) VALUES ('117', '117', '32', '16', '8', '16', '16', '4', '<=0.25', '2', '256', '8', '1', '32', 'nan', '+') ON DUPLICATE KEY UPDATE aislado_id = '117', pip_tz = '32', fep = '16', caz = '8', imi = '16', mer = '16', cip = '4', tob = '<=0.25', col = '2', tic = '256', cza = '8', tol = '1', atm = '32', caz_cloxa = 'nan', imi_cloxa = '+'; 
INSERT INTO secuencia(secuencia_id, aislado_id, clon, resistoma_mutante) VALUES ('117', '117', 'ST611', '{"PA0004": "S466F", "PA0424": "L57Q", "PA0425": NaN, "PA0426": NaN, "PA0427": NaN, "PA0807": "V19M; A219T", "PA0869": NaN, "PA0958": "nt636InsG", "PA1179": NaN, "PA1180": NaN, "PA1777": NaN, "PA1798": "H398R", "PA1799": "L153R; S170N", "PA2018": "Q282R; T543A; V980I", "PA2019": "K329Q; L331V; W358R", "PA2020": "K131R", "PA2272": "A104P; I447V", "PA2491": "D249N", "PA2492": "F172I", "PA3047": NaN, "PA3168": "E153K", "PA3574": NaN, "PA3721": "G71E; S209R", "PA3999": NaN, "PA4003": NaN, "PA4020": NaN, "PA4109": NaN, "PA4110": "R79Q; T105A", "PA4266": NaN, "PA4418": NaN, "PA4522": "G148A; D183Y", "PA4600": NaN, "PA4700": "L353Q; S25G", "PA4776": "L71R", "PA4777": "Y345H", "PA4964": NaN, "PA4967": NaN, "PA5045": "E618D", "PA5235": NaN, "PA5471": "C40R; L88P; D161G; H182Q; V243A", "PA5485": NaN}') ON DUPLICATE KEY UPDATE aislado_id = '117', clon = 'ST611', resistoma_mutante = '{"PA0004": "S466F", "PA0424": "L57Q", "PA0425": NaN, "PA0426": NaN, "PA0427": NaN, "PA0807": "V19M; A219T", "PA0869": NaN, "PA0958": "nt636InsG", "PA1179": NaN, "PA1180": NaN, "PA1777": NaN, "PA1798": "H398R", "PA1799": "L153R; S170N", "PA2018": "Q282R; T543A; V980I", "PA2019": "K329Q; L331V; W358R", "PA2020": "K131R", "PA2272": "A104P; I447V", "PA2491": "D249N", "PA2492": "F172I", "PA3047": NaN, "PA3168": "E153K", "PA3574": NaN, "PA3721": "G71E; S209R", "PA3999": NaN, "PA4003": NaN, "PA4020": NaN, "PA4109": NaN, "PA4110": "R79Q; T105A", "PA4266": NaN, "PA4418": NaN, "PA4522": "G148A; D183Y", "PA4600": NaN, "PA4700": "L353Q; S25G", "PA4776": "L71R", "PA4777": "Y345H", "PA4964": NaN, "PA4967": NaN, "PA5045": "E618D", "PA5235": NaN, "PA5471": "C40R; L88P; D161G; H182Q; V243A", "PA5485": NaN}'; 
INSERT INTO metadata_general(aislado_id, aislado_nombre) VALUES ('118', 'EXT01-026') ON DUPLICATE KEY UPDATE aislado_id = '118', aislado_nombre = 'EXT01-026'; 
INSERT INTO mic(mic_id, aislado_id, pip_tz, fep, caz, imi, mer, cip, tob, col, tic, cza, tol, atm, caz_cloxa, imi_cloxa) VALUES ('118', '118', '32', '8', '8', '8', '4', '1', '<=0.25', '4', '128', '8', '<=0.5', '32', '+', '+') ON DUPLICATE KEY UPDATE aislado_id = '118', pip_tz = '32', fep = '8', caz = '8', imi = '8', mer = '4', cip = '1', tob = '<=0.25', col = '4', tic = '128', cza = '8', tol = '<=0.5', atm = '32', caz_cloxa = '+', imi_cloxa = '+'; 
INSERT INTO secuencia(secuencia_id, aislado_id, clon, resistoma_mutante) VALUES ('118', '118', 'ST499', '{"PA0004": NaN, "PA0424": NaN, "PA0425": NaN, "PA0426": NaN, "PA0427": NaN, "PA0807": "A219T", "PA0869": NaN, "PA0958": NaN, "PA1179": NaN, "PA1180": NaN, "PA1777": NaN, "PA1798": "H398R", "PA1799": "L153R", "PA2018": "Q282R; A799V", "PA2019": "K329Q; L331V; W358R", "PA2020": NaN, "PA2272": "A104P", "PA2491": "D249N", "PA2492": "F172I", "PA3047": NaN, "PA3168": NaN, "PA3574": "G206S", "PA3721": "G71E; S209R", "PA3999": NaN, "PA4003": NaN, "PA4020": NaN, "PA4109": NaN, "PA4110": NaN, "PA4266": NaN, "PA4418": NaN, "PA4522": "G148A; D183Y", "PA4600": NaN, "PA4700": "L353Q; S25G", "PA4776": "L71R", "PA4777": "Y345H", "PA4964": "V646L", "PA4967": NaN, "PA5045": NaN, "PA5235": NaN, "PA5471": "L88P; D119E", "PA5485": NaN}') ON DUPLICATE KEY UPDATE aislado_id = '118', clon = 'ST499', resistoma_mutante = '{"PA0004": NaN, "PA0424": NaN, "PA0425": NaN, "PA0426": NaN, "PA0427": NaN, "PA0807": "A219T", "PA0869": NaN, "PA0958": NaN, "PA1179": NaN, "PA1180": NaN, "PA1777": NaN, "PA1798": "H398R", "PA1799": "L153R", "PA2018": "Q282R; A799V", "PA2019": "K329Q; L331V; W358R", "PA2020": NaN, "PA2272": "A104P", "PA2491": "D249N", "PA2492": "F172I", "PA3047": NaN, "PA3168": NaN, "PA3574": "G206S", "PA3721": "G71E; S209R", "PA3999": NaN, "PA4003": NaN, "PA4020": NaN, "PA4109": NaN, "PA4110": NaN, "PA4266": NaN, "PA4418": NaN, "PA4522": "G148A; D183Y", "PA4600": NaN, "PA4700": "L353Q; S25G", "PA4776": "L71R", "PA4777": "Y345H", "PA4964": "V646L", "PA4967": NaN, "PA5045": NaN, "PA5235": NaN, "PA5471": "L88P; D119E", "PA5485": NaN}'; 
INSERT INTO metadata_general(aislado_id, aislado_nombre) VALUES ('119', 'GAL01-029') ON DUPLICATE KEY UPDATE aislado_id = '119', aislado_nombre = 'GAL01-029'; 
INSERT INTO mic(mic_id, aislado_id, pip_tz, fep, caz, imi, mer, cip, tob, col, tic, cza, tol, atm, caz_cloxa, imi_cloxa) VALUES ('119', '119', '256', '32', '64', '2', '4', '0.5', '2', '1', '512', '16', '4', '64', '+', 'nan') ON DUPLICATE KEY UPDATE aislado_id = '119', pip_tz = '256', fep = '32', caz = '64', imi = '2', mer = '4', cip = '0.5', tob = '2', col = '1', tic = '512', cza = '16', tol = '4', atm = '64', caz_cloxa = '+', imi_cloxa = 'nan'; 
INSERT INTO secuencia(secuencia_id, aislado_id, clon, resistoma_mutante) VALUES ('119', '119', 'ST17', '{"PA0004": "E468D", "PA0424": NaN, "PA0425": NaN, "PA0426": NaN, "PA0427": "F352L", "PA0807": "A219T", "PA0869": "S250N", "PA0958": NaN, "PA1179": NaN, "PA1180": NaN, "PA1777": NaN, "PA1798": "H398R", "PA1799": NaN, "PA2018": "T543A", "PA2019": "K329Q; L331V; W358R", "PA2020": "C63R", "PA2272": "A104P", "PA2491": "D249N; H321R", "PA2492": "P60S; F172I; L188P", "PA3047": NaN, "PA3168": "aa914\u0394PS", "PA3574": "X213ext", "PA3721": "G71E; S209R", "PA3999": "V29I", "PA4003": NaN, "PA4020": "Ter452Rext*", "PA4109": NaN, "PA4110": "T105A; L176R", "PA4266": NaN, "PA4418": NaN, "PA4522": "Q88R; A136V; G148A", "PA4600": NaN, "PA4700": "S25G", "PA4776": NaN, "PA4777": "Y345H", "PA4964": NaN, "PA4967": "G494S; D533E", "PA5045": "P388S", "PA5235": "P444S", "PA5471": "C40R; L88P; D161G; H182Q; V243A", "PA5485": NaN}') ON DUPLICATE KEY UPDATE aislado_id = '119', clon = 'ST17', resistoma_mutante = '{"PA0004": "E468D", "PA0424": NaN, "PA0425": NaN, "PA0426": NaN, "PA0427": "F352L", "PA0807": "A219T", "PA0869": "S250N", "PA0958": NaN, "PA1179": NaN, "PA1180": NaN, "PA1777": NaN, "PA1798": "H398R", "PA1799": NaN, "PA2018": "T543A", "PA2019": "K329Q; L331V; W358R", "PA2020": "C63R", "PA2272": "A104P", "PA2491": "D249N; H321R", "PA2492": "P60S; F172I; L188P", "PA3047": NaN, "PA3168": "aa914\u0394PS", "PA3574": "X213ext", "PA3721": "G71E; S209R", "PA3999": "V29I", "PA4003": NaN, "PA4020": "Ter452Rext*", "PA4109": NaN, "PA4110": "T105A; L176R", "PA4266": NaN, "PA4418": NaN, "PA4522": "Q88R; A136V; G148A", "PA4600": NaN, "PA4700": "S25G", "PA4776": NaN, "PA4777": "Y345H", "PA4964": NaN, "PA4967": "G494S; D533E", "PA5045": "P388S", "PA5235": "P444S", "PA5471": "C40R; L88P; D161G; H182Q; V243A", "PA5485": NaN}'; 
INSERT INTO metadata_general(aislado_id, aislado_nombre) VALUES ('120', 'GAL01-030') ON DUPLICATE KEY UPDATE aislado_id = '120', aislado_nombre = 'GAL01-030'; 
INSERT INTO mic(mic_id, aislado_id, pip_tz, fep, caz, imi, mer, cip, tob, col, tic, cza, tol, atm, caz_cloxa, imi_cloxa) VALUES ('120', '120', '256', '32', '64', '16', '8', '16', '0.5', '1', '256', '4', '4', '32', '+', '+') ON DUPLICATE KEY UPDATE aislado_id = '120', pip_tz = '256', fep = '32', caz = '64', imi = '16', mer = '8', cip = '16', tob = '0.5', col = '1', tic = '256', cza = '4', tol = '4', atm = '32', caz_cloxa = '+', imi_cloxa = '+'; 
INSERT INTO secuencia(secuencia_id, aislado_id, clon, resistoma_mutante) VALUES ('120', '120', 'ST235', '{"PA0004": NaN, "PA0424": "V126E", "PA0425": NaN, "PA0426": "G957D", "PA0427": NaN, "PA0807": "A208V", "PA0869": "A287S", "PA0958": NaN, "PA1179": NaN, "PA1180": "Y85F", "PA1777": NaN, "PA1798": "H398R", "PA1799": "L153R; S170N", "PA2018": "T543A", "PA2019": "A30T; K329Q; L331V; W358R", "PA2020": "nt305\u03943", "PA2272": "A104P; V466I", "PA2491": "D249N", "PA2492": "P60S; F172I", "PA3047": NaN, "PA3168": "T83I", "PA3574": NaN, "PA3721": "G71E; E153Q; S209R", "PA3999": NaN, "PA4003": NaN, "PA4020": NaN, "PA4109": "G283E; M288R", "PA4110": "G27D; T105A; V205L; G391A", "PA4266": NaN, "PA4418": NaN, "PA4522": "G148A", "PA4600": NaN, "PA4700": "L353Q; S25G", "PA4776": "L71R", "PA4777": "S2P; A4T; G68S; Y345H; G362S", "PA4964": "S87L", "PA4967": "D533E", "PA5045": NaN, "PA5235": NaN, "PA5471": "L88P; D161G; H182Q; R204C; V243A", "PA5485": NaN}') ON DUPLICATE KEY UPDATE aislado_id = '120', clon = 'ST235', resistoma_mutante = '{"PA0004": NaN, "PA0424": "V126E", "PA0425": NaN, "PA0426": "G957D", "PA0427": NaN, "PA0807": "A208V", "PA0869": "A287S", "PA0958": NaN, "PA1179": NaN, "PA1180": "Y85F", "PA1777": NaN, "PA1798": "H398R", "PA1799": "L153R; S170N", "PA2018": "T543A", "PA2019": "A30T; K329Q; L331V; W358R", "PA2020": "nt305\u03943", "PA2272": "A104P; V466I", "PA2491": "D249N", "PA2492": "P60S; F172I", "PA3047": NaN, "PA3168": "T83I", "PA3574": NaN, "PA3721": "G71E; E153Q; S209R", "PA3999": NaN, "PA4003": NaN, "PA4020": NaN, "PA4109": "G283E; M288R", "PA4110": "G27D; T105A; V205L; G391A", "PA4266": NaN, "PA4418": NaN, "PA4522": "G148A", "PA4600": NaN, "PA4700": "L353Q; S25G", "PA4776": "L71R", "PA4777": "S2P; A4T; G68S; Y345H; G362S", "PA4964": "S87L", "PA4967": "D533E", "PA5045": NaN, "PA5235": NaN, "PA5471": "L88P; D161G; H182Q; R204C; V243A", "PA5485": NaN}'; 
INSERT INTO metadata_general(aislado_id, aislado_nombre) VALUES ('121', 'GAL02-011') ON DUPLICATE KEY UPDATE aislado_id = '121', aislado_nombre = 'GAL02-011'; 
INSERT INTO mic(mic_id, aislado_id, pip_tz, fep, caz, imi, mer, cip, tob, col, tic, cza, tol, atm, caz_cloxa, imi_cloxa) VALUES ('121', '121', '256', '32', '64', '1', '2', '>16', '32', '1', '256', '16', '4', '64', '+', '+') ON DUPLICATE KEY UPDATE aislado_id = '121', pip_tz = '256', fep = '32', caz = '64', imi = '1', mer = '2', cip = '>16', tob = '32', col = '1', tic = '256', cza = '16', tol = '4', atm = '64', caz_cloxa = '+', imi_cloxa = '+'; 
INSERT INTO secuencia(secuencia_id, aislado_id, clon, resistoma_mutante) VALUES ('121', '121', 'ST2223', '{"PA0004": NaN, "PA0424": "V126E", "PA0425": NaN, "PA0426": NaN, "PA0427": NaN, "PA0807": "A208V", "PA0869": "S250N", "PA0958": NaN, "PA1179": NaN, "PA1180": NaN, "PA1777": NaN, "PA1798": "S277N; H398R", "PA1799": "L153R; S170N", "PA2018": "I536V; T543A", "PA2019": "K329Q; L331V; W358R", "PA2020": "A47V", "PA2272": "A104P", "PA2491": "D249N", "PA2492": "P60S; F172I", "PA3047": "F324I", "PA3168": "T83I; D87N", "PA3574": NaN, "PA3721": "G71E; D79E; S209R", "PA3999": NaN, "PA4003": NaN, "PA4020": "A428T; M297V; S131N", "PA4109": "G283E; M288R", "PA4110": "P23S; T105A; G391A", "PA4266": NaN, "PA4418": NaN, "PA4522": "A29V; W97C; G148A", "PA4600": NaN, "PA4700": "L353Q; S25G", "PA4776": NaN, "PA4777": "A4T; V15I; G68S; Y345H", "PA4964": "S87L", "PA4967": "D419N; D533E", "PA5045": NaN, "PA5235": "nt210\u03946", "PA5471": "C40R; L88P; S112N; D119E; D207N; I237V; V243A", "PA5485": NaN}') ON DUPLICATE KEY UPDATE aislado_id = '121', clon = 'ST2223', resistoma_mutante = '{"PA0004": NaN, "PA0424": "V126E", "PA0425": NaN, "PA0426": NaN, "PA0427": NaN, "PA0807": "A208V", "PA0869": "S250N", "PA0958": NaN, "PA1179": NaN, "PA1180": NaN, "PA1777": NaN, "PA1798": "S277N; H398R", "PA1799": "L153R; S170N", "PA2018": "I536V; T543A", "PA2019": "K329Q; L331V; W358R", "PA2020": "A47V", "PA2272": "A104P", "PA2491": "D249N", "PA2492": "P60S; F172I", "PA3047": "F324I", "PA3168": "T83I; D87N", "PA3574": NaN, "PA3721": "G71E; D79E; S209R", "PA3999": NaN, "PA4003": NaN, "PA4020": "A428T; M297V; S131N", "PA4109": "G283E; M288R", "PA4110": "P23S; T105A; G391A", "PA4266": NaN, "PA4418": NaN, "PA4522": "A29V; W97C; G148A", "PA4600": NaN, "PA4700": "L353Q; S25G", "PA4776": NaN, "PA4777": "A4T; V15I; G68S; Y345H", "PA4964": "S87L", "PA4967": "D419N; D533E", "PA5045": NaN, "PA5235": "nt210\u03946", "PA5471": "C40R; L88P; S112N; D119E; D207N; I237V; V243A", "PA5485": NaN}'; 
INSERT INTO metadata_general(aislado_id, aislado_nombre) VALUES ('122', 'GAL02-019') ON DUPLICATE KEY UPDATE aislado_id = '122', aislado_nombre = 'GAL02-019'; 
INSERT INTO mic(mic_id, aislado_id, pip_tz, fep, caz, imi, mer, cip, tob, col, tic, cza, tol, atm, caz_cloxa, imi_cloxa) VALUES ('122', '122', '256', '64', '64', '4', '64', '2', '<=0.25', '1', '>512', '16', '4', '64', 'nan', '+') ON DUPLICATE KEY UPDATE aislado_id = '122', pip_tz = '256', fep = '64', caz = '64', imi = '4', mer = '64', cip = '2', tob = '<=0.25', col = '1', tic = '>512', cza = '16', tol = '4', atm = '64', caz_cloxa = 'nan', imi_cloxa = '+'; 
INSERT INTO secuencia(secuencia_id, aislado_id, clon, resistoma_mutante) VALUES ('122', '122', 'ST360*', '{"PA0004": "P789L", "PA0424": NaN, "PA0425": NaN, "PA0426": NaN, "PA0427": "A261T", "PA0807": NaN, "PA0869": "S250N", "PA0958": "A12E", "PA1179": NaN, "PA1180": NaN, "PA1777": NaN, "PA1798": "H398R", "PA1799": NaN, "PA2018": "T543A", "PA2019": "K329Q; L331V; W358R; nt1157\u03941", "PA2020": "L174Q", "PA2272": "V91A; A104P", "PA2491": "D249N", "PA2492": "F172I", "PA3047": "N122S; A394P", "PA3168": "D87Y", "PA3574": "nt25InsA", "PA3721": "G71E; S209R", "PA3999": NaN, "PA4003": NaN, "PA4020": "R322Q", "PA4109": "K42R", "PA4110": "R79Q; T105A", "PA4266": NaN, "PA4418": "V373I; R504C", "PA4522": "G148A; S175L", "PA4600": NaN, "PA4700": "S25G", "PA4776": "L71R", "PA4777": "Y345H", "PA4964": "H262Q", "PA4967": NaN, "PA5045": "E53K; S631I", "PA5235": "A439T", "PA5471": "L88P; D161G; H182Q; V243A", "PA5485": NaN}') ON DUPLICATE KEY UPDATE aislado_id = '122', clon = 'ST360*', resistoma_mutante = '{"PA0004": "P789L", "PA0424": NaN, "PA0425": NaN, "PA0426": NaN, "PA0427": "A261T", "PA0807": NaN, "PA0869": "S250N", "PA0958": "A12E", "PA1179": NaN, "PA1180": NaN, "PA1777": NaN, "PA1798": "H398R", "PA1799": NaN, "PA2018": "T543A", "PA2019": "K329Q; L331V; W358R; nt1157\u03941", "PA2020": "L174Q", "PA2272": "V91A; A104P", "PA2491": "D249N", "PA2492": "F172I", "PA3047": "N122S; A394P", "PA3168": "D87Y", "PA3574": "nt25InsA", "PA3721": "G71E; S209R", "PA3999": NaN, "PA4003": NaN, "PA4020": "R322Q", "PA4109": "K42R", "PA4110": "R79Q; T105A", "PA4266": NaN, "PA4418": "V373I; R504C", "PA4522": "G148A; S175L", "PA4600": NaN, "PA4700": "S25G", "PA4776": "L71R", "PA4777": "Y345H", "PA4964": "H262Q", "PA4967": NaN, "PA5045": "E53K; S631I", "PA5235": "A439T", "PA5471": "L88P; D161G; H182Q; V243A", "PA5485": NaN}'; 
INSERT INTO metadata_general(aislado_id, aislado_nombre) VALUES ('123', 'GAL02-022') ON DUPLICATE KEY UPDATE aislado_id = '123', aislado_nombre = 'GAL02-022'; 
INSERT INTO mic(mic_id, aislado_id, pip_tz, fep, caz, imi, mer, cip, tob, col, tic, cza, tol, atm, caz_cloxa, imi_cloxa) VALUES ('123', '123', '256', '32', '64', '16', '8', '>16', '1', '1', '256', '8', '4', '32', '+', '+') ON DUPLICATE KEY UPDATE aislado_id = '123', pip_tz = '256', fep = '32', caz = '64', imi = '16', mer = '8', cip = '>16', tob = '1', col = '1', tic = '256', cza = '8', tol = '4', atm = '32', caz_cloxa = '+', imi_cloxa = '+'; 
INSERT INTO secuencia(secuencia_id, aislado_id, clon, resistoma_mutante) VALUES ('123', '123', 'ST235', '{"PA0004": NaN, "PA0424": "V126E", "PA0425": NaN, "PA0426": "G957D; V1042A", "PA0427": NaN, "PA0807": "A208V", "PA0869": "A287S", "PA0958": NaN, "PA1179": NaN, "PA1180": "Y85F", "PA1777": NaN, "PA1798": "H398R", "PA1799": "L153R; S170N", "PA2018": "T543A", "PA2019": "A30T; K329Q; L331V; W358R", "PA2020": "nt305\u03943", "PA2272": "A104P; V466I", "PA2491": "D249N", "PA2492": "P60S; F172I", "PA3047": NaN, "PA3168": "T83I", "PA3574": NaN, "PA3721": "G71E; E153Q; S209R", "PA3999": NaN, "PA4003": NaN, "PA4020": NaN, "PA4109": "G283E; M288R", "PA4110": "G27D; T105A; V205L; G391A", "PA4266": NaN, "PA4418": NaN, "PA4522": "G148A", "PA4600": NaN, "PA4700": "L353Q; S25G", "PA4776": "L71R", "PA4777": "S2P; A4T; G68S; Y345H; G362S", "PA4964": "S87L", "PA4967": "D533E", "PA5045": NaN, "PA5235": NaN, "PA5471": "L88P; D161G; H182Q; R204C; V243A", "PA5485": NaN}') ON DUPLICATE KEY UPDATE aislado_id = '123', clon = 'ST235', resistoma_mutante = '{"PA0004": NaN, "PA0424": "V126E", "PA0425": NaN, "PA0426": "G957D; V1042A", "PA0427": NaN, "PA0807": "A208V", "PA0869": "A287S", "PA0958": NaN, "PA1179": NaN, "PA1180": "Y85F", "PA1777": NaN, "PA1798": "H398R", "PA1799": "L153R; S170N", "PA2018": "T543A", "PA2019": "A30T; K329Q; L331V; W358R", "PA2020": "nt305\u03943", "PA2272": "A104P; V466I", "PA2491": "D249N", "PA2492": "P60S; F172I", "PA3047": NaN, "PA3168": "T83I", "PA3574": NaN, "PA3721": "G71E; E153Q; S209R", "PA3999": NaN, "PA4003": NaN, "PA4020": NaN, "PA4109": "G283E; M288R", "PA4110": "G27D; T105A; V205L; G391A", "PA4266": NaN, "PA4418": NaN, "PA4522": "G148A", "PA4600": NaN, "PA4700": "L353Q; S25G", "PA4776": "L71R", "PA4777": "S2P; A4T; G68S; Y345H; G362S", "PA4964": "S87L", "PA4967": "D533E", "PA5045": NaN, "PA5235": NaN, "PA5471": "L88P; D161G; H182Q; R204C; V243A", "PA5485": NaN}'; 
INSERT INTO metadata_general(aislado_id, aislado_nombre) VALUES ('124', 'GAL03-013') ON DUPLICATE KEY UPDATE aislado_id = '124', aislado_nombre = 'GAL03-013'; 
INSERT INTO mic(mic_id, aislado_id, pip_tz, fep, caz, imi, mer, cip, tob, col, tic, cza, tol, atm, caz_cloxa, imi_cloxa) VALUES ('124', '124', '32', '8', '8', '16', '16', '2', '1', '2', '128', '4', '1', '32', '+', '+') ON DUPLICATE KEY UPDATE aislado_id = '124', pip_tz = '32', fep = '8', caz = '8', imi = '16', mer = '16', cip = '2', tob = '1', col = '2', tic = '128', cza = '4', tol = '1', atm = '32', caz_cloxa = '+', imi_cloxa = '+'; 
INSERT INTO secuencia(secuencia_id, aislado_id, clon, resistoma_mutante) VALUES ('124', '124', 'ST1068', '{"PA0004": "H148N", "PA0424": NaN, "PA0425": NaN, "PA0426": NaN, "PA0427": NaN, "PA0807": NaN, "PA0869": "S250N", "PA0958": "nt1025InsGGCCC", "PA1179": NaN, "PA1180": NaN, "PA1777": NaN, "PA1798": "A82T; H398R", "PA1799": NaN, "PA2018": "T543A; Q840E", "PA2019": "K329Q; L331V; D346H; W358R", "PA2020": NaN, "PA2272": "A104P", "PA2491": "D249N", "PA2492": "F172I", "PA3047": "A394P", "PA3168": "D87Y", "PA3574": NaN, "PA3721": "G71E; S209R", "PA3999": NaN, "PA4003": NaN, "PA4020": "M297V", "PA4109": NaN, "PA4110": "T21A; T105A; G391A", "PA4266": NaN, "PA4418": NaN, "PA4522": "R11L; G148A; D183Y", "PA4600": NaN, "PA4700": "S25G", "PA4776": "L71R", "PA4777": "Y345H", "PA4964": NaN, "PA4967": NaN, "PA5045": NaN, "PA5235": NaN, "PA5471": "L88P; D119E", "PA5485": NaN}') ON DUPLICATE KEY UPDATE aislado_id = '124', clon = 'ST1068', resistoma_mutante = '{"PA0004": "H148N", "PA0424": NaN, "PA0425": NaN, "PA0426": NaN, "PA0427": NaN, "PA0807": NaN, "PA0869": "S250N", "PA0958": "nt1025InsGGCCC", "PA1179": NaN, "PA1180": NaN, "PA1777": NaN, "PA1798": "A82T; H398R", "PA1799": NaN, "PA2018": "T543A; Q840E", "PA2019": "K329Q; L331V; D346H; W358R", "PA2020": NaN, "PA2272": "A104P", "PA2491": "D249N", "PA2492": "F172I", "PA3047": "A394P", "PA3168": "D87Y", "PA3574": NaN, "PA3721": "G71E; S209R", "PA3999": NaN, "PA4003": NaN, "PA4020": "M297V", "PA4109": NaN, "PA4110": "T21A; T105A; G391A", "PA4266": NaN, "PA4418": NaN, "PA4522": "R11L; G148A; D183Y", "PA4600": NaN, "PA4700": "S25G", "PA4776": "L71R", "PA4777": "Y345H", "PA4964": NaN, "PA4967": NaN, "PA5045": NaN, "PA5235": NaN, "PA5471": "L88P; D119E", "PA5485": NaN}'; 
INSERT INTO metadata_general(aislado_id, aislado_nombre) VALUES ('125', 'GAL03-019') ON DUPLICATE KEY UPDATE aislado_id = '125', aislado_nombre = 'GAL03-019'; 
INSERT INTO mic(mic_id, aislado_id, pip_tz, fep, caz, imi, mer, cip, tob, col, tic, cza, tol, atm, caz_cloxa, imi_cloxa) VALUES ('125', '125', '128', '8', '16', '2', '4', '>16', '<=0.25', '1', '128', '4', '1', '16', '+', 'nan') ON DUPLICATE KEY UPDATE aislado_id = '125', pip_tz = '128', fep = '8', caz = '16', imi = '2', mer = '4', cip = '>16', tob = '<=0.25', col = '1', tic = '128', cza = '4', tol = '1', atm = '16', caz_cloxa = '+', imi_cloxa = 'nan'; 
INSERT INTO secuencia(secuencia_id, aislado_id, clon, resistoma_mutante) VALUES ('125', '125', 'ST244', '{"PA0004": NaN, "PA0424": NaN, "PA0425": NaN, "PA0426": NaN, "PA0427": NaN, "PA0807": "A219T", "PA0869": "S250N", "PA0958": NaN, "PA1179": NaN, "PA1180": NaN, "PA1777": NaN, "PA1798": "H398R", "PA1799": NaN, "PA2018": "T543A; Q840E", "PA2019": "K329Q; L331V; W358R", "PA2020": "V43G", "PA2272": "A104P", "PA2491": "A75V; D249N", "PA2492": "P60S; F172I; R209S", "PA3047": NaN, "PA3168": "T83I", "PA3574": "nt475\u039416", "PA3721": NaN, "PA3999": NaN, "PA4003": NaN, "PA4020": "A303V; M297V", "PA4109": NaN, "PA4110": NaN, "PA4266": NaN, "PA4418": "I347T", "PA4522": "R11L; G148A; D183Y; nt436\u03941", "PA4600": NaN, "PA4700": "S96N", "PA4776": "L71R", "PA4777": NaN, "PA4964": "S87L", "PA4967": NaN, "PA5045": NaN, "PA5235": "A121T; nt575\u039413", "PA5471": "L88P; D161G; H182Q; V243A", "PA5485": NaN}') ON DUPLICATE KEY UPDATE aislado_id = '125', clon = 'ST244', resistoma_mutante = '{"PA0004": NaN, "PA0424": NaN, "PA0425": NaN, "PA0426": NaN, "PA0427": NaN, "PA0807": "A219T", "PA0869": "S250N", "PA0958": NaN, "PA1179": NaN, "PA1180": NaN, "PA1777": NaN, "PA1798": "H398R", "PA1799": NaN, "PA2018": "T543A; Q840E", "PA2019": "K329Q; L331V; W358R", "PA2020": "V43G", "PA2272": "A104P", "PA2491": "A75V; D249N", "PA2492": "P60S; F172I; R209S", "PA3047": NaN, "PA3168": "T83I", "PA3574": "nt475\u039416", "PA3721": NaN, "PA3999": NaN, "PA4003": NaN, "PA4020": "A303V; M297V", "PA4109": NaN, "PA4110": NaN, "PA4266": NaN, "PA4418": "I347T", "PA4522": "R11L; G148A; D183Y; nt436\u03941", "PA4600": NaN, "PA4700": "S96N", "PA4776": "L71R", "PA4777": NaN, "PA4964": "S87L", "PA4967": NaN, "PA5045": NaN, "PA5235": "A121T; nt575\u039413", "PA5471": "L88P; D161G; H182Q; V243A", "PA5485": NaN}'; 
INSERT INTO metadata_general(aislado_id, aislado_nombre) VALUES ('126', 'GAL04-041') ON DUPLICATE KEY UPDATE aislado_id = '126', aislado_nombre = 'GAL04-041'; 
INSERT INTO mic(mic_id, aislado_id, pip_tz, fep, caz, imi, mer, cip, tob, col, tic, cza, tol, atm, caz_cloxa, imi_cloxa) VALUES ('126', '126', '>256', '32', '64', '8', '16', '>16', '1', '1', '256', '32', '32', '64', 'nan', '+') ON DUPLICATE KEY UPDATE aislado_id = '126', pip_tz = '>256', fep = '32', caz = '64', imi = '8', mer = '16', cip = '>16', tob = '1', col = '1', tic = '256', cza = '32', tol = '32', atm = '64', caz_cloxa = 'nan', imi_cloxa = '+'; 
INSERT INTO secuencia(secuencia_id, aislado_id, clon, resistoma_mutante) VALUES ('126', '126', 'ST235', '{"PA0004": NaN, "PA0424": "V126E", "PA0425": NaN, "PA0426": "G957D", "PA0427": NaN, "PA0807": "A208V", "PA0869": "A287S", "PA0958": "W417X", "PA1179": NaN, "PA1180": "Y85F", "PA1777": NaN, "PA1798": "H398R", "PA1799": "L153R; S170N", "PA2018": "T543A", "PA2019": "A30T; K329Q; L331V; W358R", "PA2020": "nt99\u03941", "PA2272": "A104P; V466I", "PA2491": "D249N", "PA2492": "P60S; F172I", "PA3047": NaN, "PA3168": "T83I", "PA3574": "nt295\u039417", "PA3721": "G71E; E153Q; S209R", "PA3999": NaN, "PA4003": NaN, "PA4020": NaN, "PA4109": "G283E; M288R", "PA4110": "G27D; A97V; T105A; F147L; V205L; G391A", "PA4266": NaN, "PA4418": NaN, "PA4522": "G148A", "PA4600": NaN, "PA4700": "L353Q; S25G", "PA4776": "L71R", "PA4777": "A4T; G68S; Y345H; G362S", "PA4964": "S87L", "PA4967": "D533E", "PA5045": NaN, "PA5235": NaN, "PA5471": "L88P; D161G; H182Q; R204C; V243A", "PA5485": NaN}') ON DUPLICATE KEY UPDATE aislado_id = '126', clon = 'ST235', resistoma_mutante = '{"PA0004": NaN, "PA0424": "V126E", "PA0425": NaN, "PA0426": "G957D", "PA0427": NaN, "PA0807": "A208V", "PA0869": "A287S", "PA0958": "W417X", "PA1179": NaN, "PA1180": "Y85F", "PA1777": NaN, "PA1798": "H398R", "PA1799": "L153R; S170N", "PA2018": "T543A", "PA2019": "A30T; K329Q; L331V; W358R", "PA2020": "nt99\u03941", "PA2272": "A104P; V466I", "PA2491": "D249N", "PA2492": "P60S; F172I", "PA3047": NaN, "PA3168": "T83I", "PA3574": "nt295\u039417", "PA3721": "G71E; E153Q; S209R", "PA3999": NaN, "PA4003": NaN, "PA4020": NaN, "PA4109": "G283E; M288R", "PA4110": "G27D; A97V; T105A; F147L; V205L; G391A", "PA4266": NaN, "PA4418": NaN, "PA4522": "G148A", "PA4600": NaN, "PA4700": "L353Q; S25G", "PA4776": "L71R", "PA4777": "A4T; G68S; Y345H; G362S", "PA4964": "S87L", "PA4967": "D533E", "PA5045": NaN, "PA5235": NaN, "PA5471": "L88P; D161G; H182Q; R204C; V243A", "PA5485": NaN}'; 
INSERT INTO metadata_general(aislado_id, aislado_nombre) VALUES ('127', 'GAL04-042') ON DUPLICATE KEY UPDATE aislado_id = '127', aislado_nombre = 'GAL04-042'; 
INSERT INTO mic(mic_id, aislado_id, pip_tz, fep, caz, imi, mer, cip, tob, col, tic, cza, tol, atm, caz_cloxa, imi_cloxa) VALUES ('127', '127', '64', '16', '32', '16', '4', '>16', '<=0.25', '1', '64', '2', '2', '32', '+', '+') ON DUPLICATE KEY UPDATE aislado_id = '127', pip_tz = '64', fep = '16', caz = '32', imi = '16', mer = '4', cip = '>16', tob = '<=0.25', col = '1', tic = '64', cza = '2', tol = '2', atm = '32', caz_cloxa = '+', imi_cloxa = '+'; 
INSERT INTO secuencia(secuencia_id, aislado_id, clon, resistoma_mutante) VALUES ('127', '127', 'ST17', '{"PA0004": NaN, "PA0424": NaN, "PA0425": NaN, "PA0426": NaN, "PA0427": NaN, "PA0807": "A219T", "PA0869": "S250N", "PA0958": NaN, "PA1179": NaN, "PA1180": NaN, "PA1777": NaN, "PA1798": "H398R", "PA1799": NaN, "PA2018": NaN, "PA2019": "L331V", "PA2020": NaN, "PA2272": NaN, "PA2491": NaN, "PA2492": NaN, "PA3047": NaN, "PA3168": "T83I", "PA3574": NaN, "PA3721": "G71E", "PA3999": "V29I", "PA4003": NaN, "PA4020": "Ter452Rext*", "PA4109": NaN, "PA4110": NaN, "PA4266": NaN, "PA4418": NaN, "PA4522": "A136V; G148A", "PA4600": NaN, "PA4700": NaN, "PA4776": NaN, "PA4777": "Y345H", "PA4964": "S87L", "PA4967": NaN, "PA5045": "P388S", "PA5235": NaN, "PA5471": "C40R; L88P; D161G", "PA5485": NaN}') ON DUPLICATE KEY UPDATE aislado_id = '127', clon = 'ST17', resistoma_mutante = '{"PA0004": NaN, "PA0424": NaN, "PA0425": NaN, "PA0426": NaN, "PA0427": NaN, "PA0807": "A219T", "PA0869": "S250N", "PA0958": NaN, "PA1179": NaN, "PA1180": NaN, "PA1777": NaN, "PA1798": "H398R", "PA1799": NaN, "PA2018": NaN, "PA2019": "L331V", "PA2020": NaN, "PA2272": NaN, "PA2491": NaN, "PA2492": NaN, "PA3047": NaN, "PA3168": "T83I", "PA3574": NaN, "PA3721": "G71E", "PA3999": "V29I", "PA4003": NaN, "PA4020": "Ter452Rext*", "PA4109": NaN, "PA4110": NaN, "PA4266": NaN, "PA4418": NaN, "PA4522": "A136V; G148A", "PA4600": NaN, "PA4700": NaN, "PA4776": NaN, "PA4777": "Y345H", "PA4964": "S87L", "PA4967": NaN, "PA5045": "P388S", "PA5235": NaN, "PA5471": "C40R; L88P; D161G", "PA5485": NaN}'; 
INSERT INTO metadata_general(aislado_id, aislado_nombre) VALUES ('128', 'GAL04-044') ON DUPLICATE KEY UPDATE aislado_id = '128', aislado_nombre = 'GAL04-044'; 
INSERT INTO mic(mic_id, aislado_id, pip_tz, fep, caz, imi, mer, cip, tob, col, tic, cza, tol, atm, caz_cloxa, imi_cloxa) VALUES ('128', '128', '>256', '64', '>64', '16', '16', '4', '1', '1', '512', '32', '8', '64', '+', '+') ON DUPLICATE KEY UPDATE aislado_id = '128', pip_tz = '>256', fep = '64', caz = '>64', imi = '16', mer = '16', cip = '4', tob = '1', col = '1', tic = '512', cza = '32', tol = '8', atm = '64', caz_cloxa = '+', imi_cloxa = '+'; 
INSERT INTO secuencia(secuencia_id, aislado_id, clon, resistoma_mutante) VALUES ('128', '128', 'ST649', '{"PA0004": NaN, "PA0424": "V126E", "PA0425": NaN, "PA0426": NaN, "PA0427": "T180I", "PA0807": "A219T", "PA0869": NaN, "PA0958": "nt276insTGACCT", "PA1179": NaN, "PA1180": NaN, "PA1777": NaN, "PA1798": "H398R", "PA1799": NaN, "PA2018": "Q282R; T543A", "PA2019": "K329Q", "PA2020": NaN, "PA2272": "A104P", "PA2491": "D249N", "PA2492": "P60S; F172I", "PA3047": NaN, "PA3168": "T83I", "PA3574": NaN, "PA3721": "G71E; S209R", "PA3999": NaN, "PA4003": NaN, "PA4020": "M297V", "PA4109": "D135N", "PA4110": "A24G", "PA4266": NaN, "PA4418": NaN, "PA4522": NaN, "PA4600": NaN, "PA4700": "L353Q", "PA4776": "L71R", "PA4777": "Y345H", "PA4964": NaN, "PA4967": "D533E", "PA5045": NaN, "PA5235": NaN, "PA5471": "L88P; D119E", "PA5485": NaN}') ON DUPLICATE KEY UPDATE aislado_id = '128', clon = 'ST649', resistoma_mutante = '{"PA0004": NaN, "PA0424": "V126E", "PA0425": NaN, "PA0426": NaN, "PA0427": "T180I", "PA0807": "A219T", "PA0869": NaN, "PA0958": "nt276insTGACCT", "PA1179": NaN, "PA1180": NaN, "PA1777": NaN, "PA1798": "H398R", "PA1799": NaN, "PA2018": "Q282R; T543A", "PA2019": "K329Q", "PA2020": NaN, "PA2272": "A104P", "PA2491": "D249N", "PA2492": "P60S; F172I", "PA3047": NaN, "PA3168": "T83I", "PA3574": NaN, "PA3721": "G71E; S209R", "PA3999": NaN, "PA4003": NaN, "PA4020": "M297V", "PA4109": "D135N", "PA4110": "A24G", "PA4266": NaN, "PA4418": NaN, "PA4522": NaN, "PA4600": NaN, "PA4700": "L353Q", "PA4776": "L71R", "PA4777": "Y345H", "PA4964": NaN, "PA4967": "D533E", "PA5045": NaN, "PA5235": NaN, "PA5471": "L88P; D119E", "PA5485": NaN}'; 
INSERT INTO metadata_general(aislado_id, aislado_nombre) VALUES ('129', 'GAL05-003') ON DUPLICATE KEY UPDATE aislado_id = '129', aislado_nombre = 'GAL05-003'; 
INSERT INTO mic(mic_id, aislado_id, pip_tz, fep, caz, imi, mer, cip, tob, col, tic, cza, tol, atm, caz_cloxa, imi_cloxa) VALUES ('129', '129', '32', '8', '8', '8', '2', '>16', '32', '1', '64', '<=0.5', '<=0.5', '8', '+', '+') ON DUPLICATE KEY UPDATE aislado_id = '129', pip_tz = '32', fep = '8', caz = '8', imi = '8', mer = '2', cip = '>16', tob = '32', col = '1', tic = '64', cza = '<=0.5', tol = '<=0.5', atm = '8', caz_cloxa = '+', imi_cloxa = '+'; 
INSERT INTO secuencia(secuencia_id, aislado_id, clon, resistoma_mutante) VALUES ('129', '129', 'ST308', '{"PA0004": "E468D", "PA0424": "V126E", "PA0425": NaN, "PA0426": "G957D", "PA0427": NaN, "PA0807": "L246P", "PA0869": "A287S", "PA0958": "Q158X", "PA1179": NaN, "PA1180": NaN, "PA1777": NaN, "PA1798": "V216A; H398R", "PA1799": "L153R; S170N", "PA2018": "T543A; G589A; Q840E", "PA2019": "A30T; K329Q; L331V; W358R", "PA2020": "G89S; aa163InsY", "PA2272": "A104P", "PA2491": "V73A; D249N", "PA2492": "F172I", "PA3047": NaN, "PA3168": "T83I", "PA3574": NaN, "PA3721": "G71E; D79E; S209R", "PA3999": NaN, "PA4003": NaN, "PA4020": NaN, "PA4109": "G283E; M288R", "PA4110": "T105A; V205L; V356I; G391A", "PA4266": NaN, "PA4418": NaN, "PA4522": "A96T", "PA4600": NaN, "PA4700": "L353Q; S25G", "PA4776": NaN, "PA4777": "A4T; V15I; G68S; Y345H", "PA4964": "S87L; P752T", "PA4967": "P438S; D533E", "PA5045": "D73N", "PA5235": NaN, "PA5471": "C40R; L88P; S112N; D119E; I237V; V243A", "PA5485": "V40I"}') ON DUPLICATE KEY UPDATE aislado_id = '129', clon = 'ST308', resistoma_mutante = '{"PA0004": "E468D", "PA0424": "V126E", "PA0425": NaN, "PA0426": "G957D", "PA0427": NaN, "PA0807": "L246P", "PA0869": "A287S", "PA0958": "Q158X", "PA1179": NaN, "PA1180": NaN, "PA1777": NaN, "PA1798": "V216A; H398R", "PA1799": "L153R; S170N", "PA2018": "T543A; G589A; Q840E", "PA2019": "A30T; K329Q; L331V; W358R", "PA2020": "G89S; aa163InsY", "PA2272": "A104P", "PA2491": "V73A; D249N", "PA2492": "F172I", "PA3047": NaN, "PA3168": "T83I", "PA3574": NaN, "PA3721": "G71E; D79E; S209R", "PA3999": NaN, "PA4003": NaN, "PA4020": NaN, "PA4109": "G283E; M288R", "PA4110": "T105A; V205L; V356I; G391A", "PA4266": NaN, "PA4418": NaN, "PA4522": "A96T", "PA4600": NaN, "PA4700": "L353Q; S25G", "PA4776": NaN, "PA4777": "A4T; V15I; G68S; Y345H", "PA4964": "S87L; P752T", "PA4967": "P438S; D533E", "PA5045": "D73N", "PA5235": NaN, "PA5471": "C40R; L88P; S112N; D119E; I237V; V243A", "PA5485": "V40I"}'; 
INSERT INTO metadata_general(aislado_id, aislado_nombre) VALUES ('130', 'GAL05-014') ON DUPLICATE KEY UPDATE aislado_id = '130', aislado_nombre = 'GAL05-014'; 
INSERT INTO mic(mic_id, aislado_id, pip_tz, fep, caz, imi, mer, cip, tob, col, tic, cza, tol, atm, caz_cloxa, imi_cloxa) VALUES ('130', '130', '32', '16', '8', '2', '1', '1', '2', '1', '128', '8', '1', '16', '+', 'nan') ON DUPLICATE KEY UPDATE aislado_id = '130', pip_tz = '32', fep = '16', caz = '8', imi = '2', mer = '1', cip = '1', tob = '2', col = '1', tic = '128', cza = '8', tol = '1', atm = '16', caz_cloxa = '+', imi_cloxa = 'nan'; 
INSERT INTO secuencia(secuencia_id, aislado_id, clon, resistoma_mutante) VALUES ('130', '130', 'ST274', '{"PA0004": "H148N", "PA0424": NaN, "PA0425": NaN, "PA0426": NaN, "PA0427": NaN, "PA0807": NaN, "PA0869": "S250N", "PA0958": NaN, "PA1179": NaN, "PA1180": NaN, "PA1777": NaN, "PA1798": "A82T; H398R", "PA1799": NaN, "PA2018": "T543A; Q840E", "PA2019": "K329Q; L331V; D346H; W358R", "PA2020": NaN, "PA2272": "A104P", "PA2491": "D249N", "PA2492": "F172I", "PA3047": "A358V; A394P", "PA3168": NaN, "PA3574": "T11N", "PA3721": "G71E; S209R", "PA3999": NaN, "PA4003": NaN, "PA4020": "M297V", "PA4109": NaN, "PA4110": "T21A; T105A; G391A", "PA4266": NaN, "PA4418": NaN, "PA4522": "R11L; A96T; G148A; D183Y", "PA4600": NaN, "PA4700": "S25G", "PA4776": "L71R", "PA4777": "Y345H", "PA4964": NaN, "PA4967": NaN, "PA5045": NaN, "PA5235": NaN, "PA5471": "L88P; D119E", "PA5485": NaN}') ON DUPLICATE KEY UPDATE aislado_id = '130', clon = 'ST274', resistoma_mutante = '{"PA0004": "H148N", "PA0424": NaN, "PA0425": NaN, "PA0426": NaN, "PA0427": NaN, "PA0807": NaN, "PA0869": "S250N", "PA0958": NaN, "PA1179": NaN, "PA1180": NaN, "PA1777": NaN, "PA1798": "A82T; H398R", "PA1799": NaN, "PA2018": "T543A; Q840E", "PA2019": "K329Q; L331V; D346H; W358R", "PA2020": NaN, "PA2272": "A104P", "PA2491": "D249N", "PA2492": "F172I", "PA3047": "A358V; A394P", "PA3168": NaN, "PA3574": "T11N", "PA3721": "G71E; S209R", "PA3999": NaN, "PA4003": NaN, "PA4020": "M297V", "PA4109": NaN, "PA4110": "T21A; T105A; G391A", "PA4266": NaN, "PA4418": NaN, "PA4522": "R11L; A96T; G148A; D183Y", "PA4600": NaN, "PA4700": "S25G", "PA4776": "L71R", "PA4777": "Y345H", "PA4964": NaN, "PA4967": NaN, "PA5045": NaN, "PA5235": NaN, "PA5471": "L88P; D119E", "PA5485": NaN}'; 
INSERT INTO metadata_general(aislado_id, aislado_nombre) VALUES ('131', 'GAL06-002') ON DUPLICATE KEY UPDATE aislado_id = '131', aislado_nombre = 'GAL06-002'; 
INSERT INTO mic(mic_id, aislado_id, pip_tz, fep, caz, imi, mer, cip, tob, col, tic, cza, tol, atm, caz_cloxa, imi_cloxa) VALUES ('131', '131', '64', '8', '2', '<=0.5', '2', '>16', '>32', '4', '>512', '2', '<=0.5', '8', '+', 'nan') ON DUPLICATE KEY UPDATE aislado_id = '131', pip_tz = '64', fep = '8', caz = '2', imi = '<=0.5', mer = '2', cip = '>16', tob = '>32', col = '4', tic = '>512', cza = '2', tol = '<=0.5', atm = '8', caz_cloxa = '+', imi_cloxa = 'nan'; 
INSERT INTO secuencia(secuencia_id, aislado_id, clon, resistoma_mutante) VALUES ('131', '131', 'ST2223', '{"PA0004": NaN, "PA0424": "V126E", "PA0425": NaN, "PA0426": NaN, "PA0427": NaN, "PA0807": "A208V", "PA0869": "S250N", "PA0958": NaN, "PA1179": NaN, "PA1180": NaN, "PA1777": NaN, "PA1798": "S277N; H398R", "PA1799": "L153R; S170N", "PA2018": "I536V; T543A", "PA2019": "K329Q; L331V; W358R", "PA2020": "A47V", "PA2272": "A104P", "PA2491": "D249N", "PA2492": "P60S; F172I", "PA3047": "F324I", "PA3168": "T83I; D87N", "PA3574": NaN, "PA3721": "G71E; D79E; S209R", "PA3999": NaN, "PA4003": NaN, "PA4020": "A428T; M297V; S131N", "PA4109": "G283E; M288R", "PA4110": "P23S; T105A; G391A", "PA4266": NaN, "PA4418": NaN, "PA4522": "A29V; W97C; G148A", "PA4600": NaN, "PA4700": "L353Q; S25G", "PA4776": NaN, "PA4777": "A4T; V15I; G68S; Y345H", "PA4964": "S87L", "PA4967": "D533E", "PA5045": NaN, "PA5235": NaN, "PA5471": "C40R; L88P; S112N; D119E; D207N; I237V; V243A", "PA5485": "nt4\u03944 "}') ON DUPLICATE KEY UPDATE aislado_id = '131', clon = 'ST2223', resistoma_mutante = '{"PA0004": NaN, "PA0424": "V126E", "PA0425": NaN, "PA0426": NaN, "PA0427": NaN, "PA0807": "A208V", "PA0869": "S250N", "PA0958": NaN, "PA1179": NaN, "PA1180": NaN, "PA1777": NaN, "PA1798": "S277N; H398R", "PA1799": "L153R; S170N", "PA2018": "I536V; T543A", "PA2019": "K329Q; L331V; W358R", "PA2020": "A47V", "PA2272": "A104P", "PA2491": "D249N", "PA2492": "P60S; F172I", "PA3047": "F324I", "PA3168": "T83I; D87N", "PA3574": NaN, "PA3721": "G71E; D79E; S209R", "PA3999": NaN, "PA4003": NaN, "PA4020": "A428T; M297V; S131N", "PA4109": "G283E; M288R", "PA4110": "P23S; T105A; G391A", "PA4266": NaN, "PA4418": NaN, "PA4522": "A29V; W97C; G148A", "PA4600": NaN, "PA4700": "L353Q; S25G", "PA4776": NaN, "PA4777": "A4T; V15I; G68S; Y345H", "PA4964": "S87L", "PA4967": "D533E", "PA5045": NaN, "PA5235": NaN, "PA5471": "C40R; L88P; S112N; D119E; D207N; I237V; V243A", "PA5485": "nt4\u03944 "}'; 
INSERT INTO metadata_general(aislado_id, aislado_nombre) VALUES ('132', 'GAL06-004') ON DUPLICATE KEY UPDATE aislado_id = '132', aislado_nombre = 'GAL06-004'; 
INSERT INTO mic(mic_id, aislado_id, pip_tz, fep, caz, imi, mer, cip, tob, col, tic, cza, tol, atm, caz_cloxa, imi_cloxa) VALUES ('132', '132', '32', '8', '8', '16', '16', '>16', '16', '1', '>512', '4', '1', '16', 'nan', '+') ON DUPLICATE KEY UPDATE aislado_id = '132', pip_tz = '32', fep = '8', caz = '8', imi = '16', mer = '16', cip = '>16', tob = '16', col = '1', tic = '>512', cza = '4', tol = '1', atm = '16', caz_cloxa = 'nan', imi_cloxa = '+'; 
INSERT INTO secuencia(secuencia_id, aislado_id, clon, resistoma_mutante) VALUES ('132', '132', 'ST3196', '{"PA0004": NaN, "PA0424": NaN, "PA0425": NaN, "PA0426": "I745V", "PA0427": NaN, "PA0807": "A219T", "PA0869": "P88S", "PA0958": "Q422X", "PA1179": NaN, "PA1180": NaN, "PA1777": NaN, "PA1798": "H398R", "PA1799": NaN, "PA2018": "F29S; T543A; A772T; Q840E; Q1039R", "PA2019": "K329Q; L331V; W358R", "PA2020": NaN, "PA2272": "A104P", "PA2491": "D249N", "PA2492": "P60S; F172I", "PA3047": NaN, "PA3168": NaN, "PA3574": NaN, "PA3721": "G71E; S209R", "PA3999": NaN, "PA4003": NaN, "PA4020": "M297V", "PA4109": NaN, "PA4110": "T105A", "PA4266": NaN, "PA4418": "N117S", "PA4522": "R11L; G137E; G148A; D183Y", "PA4600": NaN, "PA4700": "L353Q; S25G", "PA4776": "L71R", "PA4777": "Y345H", "PA4964": NaN, "PA4967": NaN, "PA5045": NaN, "PA5235": NaN, "PA5471": "L88P; D161G; H182Q; V243A", "PA5485": NaN}') ON DUPLICATE KEY UPDATE aislado_id = '132', clon = 'ST3196', resistoma_mutante = '{"PA0004": NaN, "PA0424": NaN, "PA0425": NaN, "PA0426": "I745V", "PA0427": NaN, "PA0807": "A219T", "PA0869": "P88S", "PA0958": "Q422X", "PA1179": NaN, "PA1180": NaN, "PA1777": NaN, "PA1798": "H398R", "PA1799": NaN, "PA2018": "F29S; T543A; A772T; Q840E; Q1039R", "PA2019": "K329Q; L331V; W358R", "PA2020": NaN, "PA2272": "A104P", "PA2491": "D249N", "PA2492": "P60S; F172I", "PA3047": NaN, "PA3168": NaN, "PA3574": NaN, "PA3721": "G71E; S209R", "PA3999": NaN, "PA4003": NaN, "PA4020": "M297V", "PA4109": NaN, "PA4110": "T105A", "PA4266": NaN, "PA4418": "N117S", "PA4522": "R11L; G137E; G148A; D183Y", "PA4600": NaN, "PA4700": "L353Q; S25G", "PA4776": "L71R", "PA4777": "Y345H", "PA4964": NaN, "PA4967": NaN, "PA5045": NaN, "PA5235": NaN, "PA5471": "L88P; D161G; H182Q; V243A", "PA5485": NaN}'; 
INSERT INTO metadata_general(aislado_id, aislado_nombre) VALUES ('133', 'GAL06-007') ON DUPLICATE KEY UPDATE aislado_id = '133', aislado_nombre = 'GAL06-007'; 
INSERT INTO mic(mic_id, aislado_id, pip_tz, fep, caz, imi, mer, cip, tob, col, tic, cza, tol, atm, caz_cloxa, imi_cloxa) VALUES ('133', '133', '256', '32', '64', '16', '16', '>16', '>32', '4', '256', '16', '4', '64', '+', '+') ON DUPLICATE KEY UPDATE aislado_id = '133', pip_tz = '256', fep = '32', caz = '64', imi = '16', mer = '16', cip = '>16', tob = '>32', col = '4', tic = '256', cza = '16', tol = '4', atm = '64', caz_cloxa = '+', imi_cloxa = '+'; 
INSERT INTO secuencia(secuencia_id, aislado_id, clon, resistoma_mutante) VALUES ('133', '133', 'ST2223', '{"PA0004": NaN, "PA0424": "V126E", "PA0425": NaN, "PA0426": NaN, "PA0427": NaN, "PA0807": "A208V", "PA0869": "S250N", "PA0958": NaN, "PA1179": NaN, "PA1180": NaN, "PA1777": NaN, "PA1798": "S277N; H398R", "PA1799": "L153R; S170N", "PA2018": "I536V; T543A", "PA2019": "K329Q; L331V; W358R", "PA2020": "A47V", "PA2272": "A104P", "PA2491": "D249N", "PA2492": "P60S; F172I", "PA3047": "F324I", "PA3168": "T83I; D87N", "PA3574": NaN, "PA3721": "G71E; D79E; S209R", "PA3999": NaN, "PA4003": NaN, "PA4020": "A428T; M297V; S131N", "PA4109": "G283E; M288R", "PA4110": "P23S; T105A; G391A", "PA4266": NaN, "PA4418": NaN, "PA4522": "A29V; W97C; G148A", "PA4600": NaN, "PA4700": "L353Q; S25G", "PA4776": NaN, "PA4777": "A4T; V15I; G68S; Y345H", "PA4964": "S87L", "PA4967": "L444V; D533E", "PA5045": NaN, "PA5235": "nt210\u03946", "PA5471": "C40R; L88P; S112N; D119E; D207N; I237V; V243A", "PA5485": NaN}') ON DUPLICATE KEY UPDATE aislado_id = '133', clon = 'ST2223', resistoma_mutante = '{"PA0004": NaN, "PA0424": "V126E", "PA0425": NaN, "PA0426": NaN, "PA0427": NaN, "PA0807": "A208V", "PA0869": "S250N", "PA0958": NaN, "PA1179": NaN, "PA1180": NaN, "PA1777": NaN, "PA1798": "S277N; H398R", "PA1799": "L153R; S170N", "PA2018": "I536V; T543A", "PA2019": "K329Q; L331V; W358R", "PA2020": "A47V", "PA2272": "A104P", "PA2491": "D249N", "PA2492": "P60S; F172I", "PA3047": "F324I", "PA3168": "T83I; D87N", "PA3574": NaN, "PA3721": "G71E; D79E; S209R", "PA3999": NaN, "PA4003": NaN, "PA4020": "A428T; M297V; S131N", "PA4109": "G283E; M288R", "PA4110": "P23S; T105A; G391A", "PA4266": NaN, "PA4418": NaN, "PA4522": "A29V; W97C; G148A", "PA4600": NaN, "PA4700": "L353Q; S25G", "PA4776": NaN, "PA4777": "A4T; V15I; G68S; Y345H", "PA4964": "S87L", "PA4967": "L444V; D533E", "PA5045": NaN, "PA5235": "nt210\u03946", "PA5471": "C40R; L88P; S112N; D119E; D207N; I237V; V243A", "PA5485": NaN}'; 
INSERT INTO metadata_general(aislado_id, aislado_nombre) VALUES ('134', 'GAL06-015') ON DUPLICATE KEY UPDATE aislado_id = '134', aislado_nombre = 'GAL06-015'; 
INSERT INTO mic(mic_id, aislado_id, pip_tz, fep, caz, imi, mer, cip, tob, col, tic, cza, tol, atm, caz_cloxa, imi_cloxa) VALUES ('134', '134', '32', '16', '16', '8', '16', '>16', '32', '1', '256', '8', '1', '32', '+', '+') ON DUPLICATE KEY UPDATE aislado_id = '134', pip_tz = '32', fep = '16', caz = '16', imi = '8', mer = '16', cip = '>16', tob = '32', col = '1', tic = '256', cza = '8', tol = '1', atm = '32', caz_cloxa = '+', imi_cloxa = '+'; 
INSERT INTO secuencia(secuencia_id, aislado_id, clon, resistoma_mutante) VALUES ('134', '134', 'ST175', '{"PA0004": NaN, "PA0424": NaN, "PA0425": NaN, "PA0426": NaN, "PA0427": NaN, "PA0807": "A219T", "PA0869": "S250N", "PA0958": "G316D", "PA1179": NaN, "PA1180": NaN, "PA1777": NaN, "PA1798": "H398R", "PA1799": NaN, "PA2018": "T543A", "PA2019": "K329Q; W358R", "PA2020": "G195D", "PA2272": "E37K; A104P", "PA2491": "D249N", "PA2492": "P60S; F172I", "PA3047": NaN, "PA3168": "T83I; D87N", "PA3574": "nt31\u039411", "PA3721": "G71E; A186T", "PA3999": NaN, "PA4003": NaN, "PA4020": NaN, "PA4109": "nt271\u03943", "PA4110": NaN, "PA4266": NaN, "PA4418": NaN, "PA4522": "G148A; D183Y", "PA4600": NaN, "PA4700": NaN, "PA4776": NaN, "PA4777": "Y345H", "PA4964": "S87W; L168Q", "PA4967": NaN, "PA5045": "E245D", "PA5235": NaN, "PA5471": "L88P; D161G; H182Q; V243A; V266M", "PA5485": NaN}') ON DUPLICATE KEY UPDATE aislado_id = '134', clon = 'ST175', resistoma_mutante = '{"PA0004": NaN, "PA0424": NaN, "PA0425": NaN, "PA0426": NaN, "PA0427": NaN, "PA0807": "A219T", "PA0869": "S250N", "PA0958": "G316D", "PA1179": NaN, "PA1180": NaN, "PA1777": NaN, "PA1798": "H398R", "PA1799": NaN, "PA2018": "T543A", "PA2019": "K329Q; W358R", "PA2020": "G195D", "PA2272": "E37K; A104P", "PA2491": "D249N", "PA2492": "P60S; F172I", "PA3047": NaN, "PA3168": "T83I; D87N", "PA3574": "nt31\u039411", "PA3721": "G71E; A186T", "PA3999": NaN, "PA4003": NaN, "PA4020": NaN, "PA4109": "nt271\u03943", "PA4110": NaN, "PA4266": NaN, "PA4418": NaN, "PA4522": "G148A; D183Y", "PA4600": NaN, "PA4700": NaN, "PA4776": NaN, "PA4777": "Y345H", "PA4964": "S87W; L168Q", "PA4967": NaN, "PA5045": "E245D", "PA5235": NaN, "PA5471": "L88P; D161G; H182Q; V243A; V266M", "PA5485": NaN}'; 
INSERT INTO metadata_general(aislado_id, aislado_nombre) VALUES ('135', 'GAL06-033') ON DUPLICATE KEY UPDATE aislado_id = '135', aislado_nombre = 'GAL06-033'; 
INSERT INTO mic(mic_id, aislado_id, pip_tz, fep, caz, imi, mer, cip, tob, col, tic, cza, tol, atm, caz_cloxa, imi_cloxa) VALUES ('135', '135', '>256', '32', '>64', '32', '32', '>16', '4', '<=0.5', '512', '>32', '8', '128', 'nan', 'nan') ON DUPLICATE KEY UPDATE aislado_id = '135', pip_tz = '>256', fep = '32', caz = '>64', imi = '32', mer = '32', cip = '>16', tob = '4', col = '<=0.5', tic = '512', cza = '>32', tol = '8', atm = '128', caz_cloxa = 'nan', imi_cloxa = 'nan'; 
INSERT INTO secuencia(secuencia_id, aislado_id, clon, resistoma_mutante) VALUES ('135', '135', 'ST2223', '{"PA0004": NaN, "PA0424": "V126E", "PA0425": NaN, "PA0426": NaN, "PA0427": NaN, "PA0807": "A208V", "PA0869": "S250N", "PA0958": NaN, "PA1179": NaN, "PA1180": NaN, "PA1777": NaN, "PA1798": "S277N; H398R", "PA1799": "L153R; S170N", "PA2018": NaN, "PA2019": NaN, "PA2020": NaN, "PA2272": "A104P", "PA2491": "D249N", "PA2492": "P60S; F172I", "PA3047": "F324I", "PA3168": "T83I; D87N", "PA3574": NaN, "PA3721": "G71E; D79E; S209R", "PA3999": NaN, "PA4003": NaN, "PA4020": "A428T; M297V; S131N", "PA4109": "G283E; M288R", "PA4110": "P23S; T105A; G391A", "PA4266": NaN, "PA4418": NaN, "PA4522": "A29V; W97C; G148A", "PA4600": NaN, "PA4700": "L353Q; S25G", "PA4776": NaN, "PA4777": "A4T; V15I; G68S; Y345H", "PA4964": "S87L", "PA4967": "L444V; D533E", "PA5045": NaN, "PA5235": "nt210\u03946", "PA5471": "C40R; L88P; S112N; D119E; D207N; I237V; V243A", "PA5485": NaN}') ON DUPLICATE KEY UPDATE aislado_id = '135', clon = 'ST2223', resistoma_mutante = '{"PA0004": NaN, "PA0424": "V126E", "PA0425": NaN, "PA0426": NaN, "PA0427": NaN, "PA0807": "A208V", "PA0869": "S250N", "PA0958": NaN, "PA1179": NaN, "PA1180": NaN, "PA1777": NaN, "PA1798": "S277N; H398R", "PA1799": "L153R; S170N", "PA2018": NaN, "PA2019": NaN, "PA2020": NaN, "PA2272": "A104P", "PA2491": "D249N", "PA2492": "P60S; F172I", "PA3047": "F324I", "PA3168": "T83I; D87N", "PA3574": NaN, "PA3721": "G71E; D79E; S209R", "PA3999": NaN, "PA4003": NaN, "PA4020": "A428T; M297V; S131N", "PA4109": "G283E; M288R", "PA4110": "P23S; T105A; G391A", "PA4266": NaN, "PA4418": NaN, "PA4522": "A29V; W97C; G148A", "PA4600": NaN, "PA4700": "L353Q; S25G", "PA4776": NaN, "PA4777": "A4T; V15I; G68S; Y345H", "PA4964": "S87L", "PA4967": "L444V; D533E", "PA5045": NaN, "PA5235": "nt210\u03946", "PA5471": "C40R; L88P; S112N; D119E; D207N; I237V; V243A", "PA5485": NaN}'; 
INSERT INTO metadata_general(aislado_id, aislado_nombre) VALUES ('136', 'GAL06-034') ON DUPLICATE KEY UPDATE aislado_id = '136', aislado_nombre = 'GAL06-034'; 
INSERT INTO mic(mic_id, aislado_id, pip_tz, fep, caz, imi, mer, cip, tob, col, tic, cza, tol, atm, caz_cloxa, imi_cloxa) VALUES ('136', '136', '256', '16', '64', '8', '16', '>16', '32', '2', '256', '8', '2', '64', '+', '+') ON DUPLICATE KEY UPDATE aislado_id = '136', pip_tz = '256', fep = '16', caz = '64', imi = '8', mer = '16', cip = '>16', tob = '32', col = '2', tic = '256', cza = '8', tol = '2', atm = '64', caz_cloxa = '+', imi_cloxa = '+'; 
INSERT INTO secuencia(secuencia_id, aislado_id, clon, resistoma_mutante) VALUES ('136', '136', 'ST3195', '{"PA0004": NaN, "PA0424": NaN, "PA0425": NaN, "PA0426": NaN, "PA0427": NaN, "PA0807": NaN, "PA0869": "S250N", "PA0958": "I367M, A425G", "PA1179": NaN, "PA1180": NaN, "PA1777": NaN, "PA1798": "H398R", "PA1799": "S170N", "PA2018": "T543A", "PA2019": "K329Q; W358R", "PA2020": NaN, "PA2272": "A104P", "PA2491": "D249N", "PA2492": "F172I", "PA3047": NaN, "PA3168": "T83I", "PA3574": NaN, "PA3721": "G71E", "PA3999": NaN, "PA4003": NaN, "PA4020": NaN, "PA4109": NaN, "PA4110": NaN, "PA4266": NaN, "PA4418": NaN, "PA4522": "G148A", "PA4600": NaN, "PA4700": NaN, "PA4776": NaN, "PA4777": "Y345H", "PA4964": "S87L ", "PA4967": NaN, "PA5045": NaN, "PA5235": NaN, "PA5471": "L88P; V243A", "PA5485": NaN}') ON DUPLICATE KEY UPDATE aislado_id = '136', clon = 'ST3195', resistoma_mutante = '{"PA0004": NaN, "PA0424": NaN, "PA0425": NaN, "PA0426": NaN, "PA0427": NaN, "PA0807": NaN, "PA0869": "S250N", "PA0958": "I367M, A425G", "PA1179": NaN, "PA1180": NaN, "PA1777": NaN, "PA1798": "H398R", "PA1799": "S170N", "PA2018": "T543A", "PA2019": "K329Q; W358R", "PA2020": NaN, "PA2272": "A104P", "PA2491": "D249N", "PA2492": "F172I", "PA3047": NaN, "PA3168": "T83I", "PA3574": NaN, "PA3721": "G71E", "PA3999": NaN, "PA4003": NaN, "PA4020": NaN, "PA4109": NaN, "PA4110": NaN, "PA4266": NaN, "PA4418": NaN, "PA4522": "G148A", "PA4600": NaN, "PA4700": NaN, "PA4776": NaN, "PA4777": "Y345H", "PA4964": "S87L ", "PA4967": NaN, "PA5045": NaN, "PA5235": NaN, "PA5471": "L88P; V243A", "PA5485": NaN}'; 
INSERT INTO metadata_general(aislado_id, aislado_nombre) VALUES ('137', 'GAL06-038') ON DUPLICATE KEY UPDATE aislado_id = '137', aislado_nombre = 'GAL06-038'; 
INSERT INTO mic(mic_id, aislado_id, pip_tz, fep, caz, imi, mer, cip, tob, col, tic, cza, tol, atm, caz_cloxa, imi_cloxa) VALUES ('137', '137', '256', '32', '64', '2', '2', '>16', '32', '4', '>512', '16', '32', '4', '+', '+') ON DUPLICATE KEY UPDATE aislado_id = '137', pip_tz = '256', fep = '32', caz = '64', imi = '2', mer = '2', cip = '>16', tob = '32', col = '4', tic = '>512', cza = '16', tol = '32', atm = '4', caz_cloxa = '+', imi_cloxa = '+'; 
INSERT INTO secuencia(secuencia_id, aislado_id, clon, resistoma_mutante) VALUES ('137', '137', 'ST2223', '{"PA0004": NaN, "PA0424": "V126E", "PA0425": NaN, "PA0426": "nt1543\u03945", "PA0427": "A238V", "PA0807": "A208V", "PA0869": "S250N", "PA0958": "Y237C", "PA1179": NaN, "PA1180": NaN, "PA1777": NaN, "PA1798": "S277N; H398R", "PA1799": "L153R; S170N", "PA2018": "I536V; T543A", "PA2019": "K329Q; L331V; W358R", "PA2020": "A47V", "PA2272": "A104P", "PA2491": "D249N", "PA2492": "P60S; F172I", "PA3047": "F324I", "PA3168": "T83I; D87N", "PA3574": NaN, "PA3721": "G71E; D79E; S209R", "PA3999": NaN, "PA4003": NaN, "PA4020": "A428T; M297V; S131N", "PA4109": "G283E; M288R", "PA4110": "P23S; T105A; G391A; G183D", "PA4266": NaN, "PA4418": NaN, "PA4522": "A29V; W97C; G148A", "PA4600": NaN, "PA4700": "L353Q; S25G", "PA4776": NaN, "PA4777": "A4T; V15I; G68S; L139P; Y345H", "PA4964": "S87L", "PA4967": "D419N; D533E", "PA5045": NaN, "PA5235": "nt210\u03946", "PA5471": "C40R; L88P; S112N; D119E; D207N; I237V; V243A", "PA5485": NaN}') ON DUPLICATE KEY UPDATE aislado_id = '137', clon = 'ST2223', resistoma_mutante = '{"PA0004": NaN, "PA0424": "V126E", "PA0425": NaN, "PA0426": "nt1543\u03945", "PA0427": "A238V", "PA0807": "A208V", "PA0869": "S250N", "PA0958": "Y237C", "PA1179": NaN, "PA1180": NaN, "PA1777": NaN, "PA1798": "S277N; H398R", "PA1799": "L153R; S170N", "PA2018": "I536V; T543A", "PA2019": "K329Q; L331V; W358R", "PA2020": "A47V", "PA2272": "A104P", "PA2491": "D249N", "PA2492": "P60S; F172I", "PA3047": "F324I", "PA3168": "T83I; D87N", "PA3574": NaN, "PA3721": "G71E; D79E; S209R", "PA3999": NaN, "PA4003": NaN, "PA4020": "A428T; M297V; S131N", "PA4109": "G283E; M288R", "PA4110": "P23S; T105A; G391A; G183D", "PA4266": NaN, "PA4418": NaN, "PA4522": "A29V; W97C; G148A", "PA4600": NaN, "PA4700": "L353Q; S25G", "PA4776": NaN, "PA4777": "A4T; V15I; G68S; L139P; Y345H", "PA4964": "S87L", "PA4967": "D419N; D533E", "PA5045": NaN, "PA5235": "nt210\u03946", "PA5471": "C40R; L88P; S112N; D119E; D207N; I237V; V243A", "PA5485": NaN}'; 
INSERT INTO metadata_general(aislado_id, aislado_nombre) VALUES ('138', 'ICA01-001') ON DUPLICATE KEY UPDATE aislado_id = '138', aislado_nombre = 'ICA01-001'; 
INSERT INTO mic(mic_id, aislado_id, pip_tz, fep, caz, imi, mer, cip, tob, col, tic, cza, tol, atm, caz_cloxa, imi_cloxa) VALUES ('138', '138', '32', '16', '>64', '2', '2', '>16', '>32', '1', '64', '16', '8', '16', '+', 'nan') ON DUPLICATE KEY UPDATE aislado_id = '138', pip_tz = '32', fep = '16', caz = '>64', imi = '2', mer = '2', cip = '>16', tob = '>32', col = '1', tic = '64', cza = '16', tol = '8', atm = '16', caz_cloxa = '+', imi_cloxa = 'nan'; 
INSERT INTO secuencia(secuencia_id, aislado_id, clon, resistoma_mutante) VALUES ('138', '138', 'ST308', '{"PA0004": NaN, "PA0424": "V126E", "PA0425": NaN, "PA0426": "G957D", "PA0427": NaN, "PA0807": NaN, "PA0869": "A287S", "PA0958": NaN, "PA1179": NaN, "PA1180": NaN, "PA1777": NaN, "PA1798": "R7H; H398R", "PA1799": "L153R; S170N", "PA2018": "I536V; T543A; G589A; Q840E", "PA2019": "A30T; K329Q; L331V; W358R", "PA2020": "G89S", "PA2272": "A104P", "PA2491": "V73A; D249N", "PA2492": "F172I", "PA3047": NaN, "PA3168": "T83I", "PA3574": NaN, "PA3721": "G71E; D79E; S209R", "PA3999": NaN, "PA4003": NaN, "PA4020": "R103P", "PA4109": "G283E; M288R", "PA4110": "G27D; T105A; V205L; V356I; G391A", "PA4266": NaN, "PA4418": NaN, "PA4522": NaN, "PA4600": NaN, "PA4700": "L353Q; S25G", "PA4776": NaN, "PA4777": "A4T; V15I; G68S; Y345H", "PA4964": "S87L; P752T", "PA4967": "D533E", "PA5045": "D73N", "PA5235": NaN, "PA5471": "C40R; L88P; S112N; D119E; I237V; V243A", "PA5485": "V40I"}') ON DUPLICATE KEY UPDATE aislado_id = '138', clon = 'ST308', resistoma_mutante = '{"PA0004": NaN, "PA0424": "V126E", "PA0425": NaN, "PA0426": "G957D", "PA0427": NaN, "PA0807": NaN, "PA0869": "A287S", "PA0958": NaN, "PA1179": NaN, "PA1180": NaN, "PA1777": NaN, "PA1798": "R7H; H398R", "PA1799": "L153R; S170N", "PA2018": "I536V; T543A; G589A; Q840E", "PA2019": "A30T; K329Q; L331V; W358R", "PA2020": "G89S", "PA2272": "A104P", "PA2491": "V73A; D249N", "PA2492": "F172I", "PA3047": NaN, "PA3168": "T83I", "PA3574": NaN, "PA3721": "G71E; D79E; S209R", "PA3999": NaN, "PA4003": NaN, "PA4020": "R103P", "PA4109": "G283E; M288R", "PA4110": "G27D; T105A; V205L; V356I; G391A", "PA4266": NaN, "PA4418": NaN, "PA4522": NaN, "PA4600": NaN, "PA4700": "L353Q; S25G", "PA4776": NaN, "PA4777": "A4T; V15I; G68S; Y345H", "PA4964": "S87L; P752T", "PA4967": "D533E", "PA5045": "D73N", "PA5235": NaN, "PA5471": "C40R; L88P; S112N; D119E; I237V; V243A", "PA5485": "V40I"}'; 
INSERT INTO metadata_general(aislado_id, aislado_nombre) VALUES ('139', 'ICA01-013') ON DUPLICATE KEY UPDATE aislado_id = '139', aislado_nombre = 'ICA01-013'; 
INSERT INTO mic(mic_id, aislado_id, pip_tz, fep, caz, imi, mer, cip, tob, col, tic, cza, tol, atm, caz_cloxa, imi_cloxa) VALUES ('139', '139', '128', '32', '32', '16', '32', '>16', '0.5', '2', '256', '8', '2', '32', '+', '+') ON DUPLICATE KEY UPDATE aislado_id = '139', pip_tz = '128', fep = '32', caz = '32', imi = '16', mer = '32', cip = '>16', tob = '0.5', col = '2', tic = '256', cza = '8', tol = '2', atm = '32', caz_cloxa = '+', imi_cloxa = '+'; 
INSERT INTO secuencia(secuencia_id, aislado_id, clon, resistoma_mutante) VALUES ('139', '139', 'ST447', '{"PA0004": "E468D", "PA0424": NaN, "PA0425": NaN, "PA0426": NaN, "PA0427": NaN, "PA0807": "A37T; A219T", "PA0869": "S250N", "PA0958": NaN, "PA1179": NaN, "PA1180": NaN, "PA1777": NaN, "PA1798": "H398R", "PA1799": NaN, "PA2018": "Q282R; T543A; V980I", "PA2019": "K329Q; L331V; W358R", "PA2020": NaN, "PA2272": "I447V", "PA2491": "A75V", "PA2492": "F172I", "PA3047": NaN, "PA3168": "T83I", "PA3574": NaN, "PA3721": "G71E", "PA3999": NaN, "PA4003": NaN, "PA4020": "M297V; P274T", "PA4109": NaN, "PA4110": "T105A", "PA4266": NaN, "PA4418": NaN, "PA4522": "G148A; R164H; D183Y", "PA4600": NaN, "PA4700": "L353Q", "PA4776": "L71R", "PA4777": "Y345H", "PA4964": "S87W; H262Q", "PA4967": "E215Q", "PA5045": NaN, "PA5235": NaN, "PA5471": "L88P; D161G; H182Q; V243A", "PA5485": NaN}') ON DUPLICATE KEY UPDATE aislado_id = '139', clon = 'ST447', resistoma_mutante = '{"PA0004": "E468D", "PA0424": NaN, "PA0425": NaN, "PA0426": NaN, "PA0427": NaN, "PA0807": "A37T; A219T", "PA0869": "S250N", "PA0958": NaN, "PA1179": NaN, "PA1180": NaN, "PA1777": NaN, "PA1798": "H398R", "PA1799": NaN, "PA2018": "Q282R; T543A; V980I", "PA2019": "K329Q; L331V; W358R", "PA2020": NaN, "PA2272": "I447V", "PA2491": "A75V", "PA2492": "F172I", "PA3047": NaN, "PA3168": "T83I", "PA3574": NaN, "PA3721": "G71E", "PA3999": NaN, "PA4003": NaN, "PA4020": "M297V; P274T", "PA4109": NaN, "PA4110": "T105A", "PA4266": NaN, "PA4418": NaN, "PA4522": "G148A; R164H; D183Y", "PA4600": NaN, "PA4700": "L353Q", "PA4776": "L71R", "PA4777": "Y345H", "PA4964": "S87W; H262Q", "PA4967": "E215Q", "PA5045": NaN, "PA5235": NaN, "PA5471": "L88P; D161G; H182Q; V243A", "PA5485": NaN}'; 
INSERT INTO metadata_general(aislado_id, aislado_nombre) VALUES ('140', 'ICA01-030') ON DUPLICATE KEY UPDATE aislado_id = '140', aislado_nombre = 'ICA01-030'; 
INSERT INTO mic(mic_id, aislado_id, pip_tz, fep, caz, imi, mer, cip, tob, col, tic, cza, tol, atm, caz_cloxa, imi_cloxa) VALUES ('140', '140', '32', '8', '16', '16', '4', '>16', '>32', '1', '64', '2', '1', '8', '+', '+') ON DUPLICATE KEY UPDATE aislado_id = '140', pip_tz = '32', fep = '8', caz = '16', imi = '16', mer = '4', cip = '>16', tob = '>32', col = '1', tic = '64', cza = '2', tol = '1', atm = '8', caz_cloxa = '+', imi_cloxa = '+'; 
INSERT INTO secuencia(secuencia_id, aislado_id, clon, resistoma_mutante) VALUES ('140', '140', 'ST175', '{"PA0004": NaN, "PA0424": NaN, "PA0425": "Q288X", "PA0426": NaN, "PA0427": NaN, "PA0807": "A219T", "PA0869": "S250N", "PA0958": "Q142X", "PA1179": NaN, "PA1180": NaN, "PA1777": NaN, "PA1798": "H398R", "PA1799": NaN, "PA2018": "T543A", "PA2019": "K329Q; W358R", "PA2020": "G195D", "PA2272": "E37K; A104P", "PA2491": "D249N", "PA2492": "P60S; F172I", "PA3047": NaN, "PA3168": "T83I; D87N", "PA3574": NaN, "PA3721": "G71E; A186T", "PA3999": NaN, "PA4003": NaN, "PA4020": NaN, "PA4109": "G154R", "PA4110": NaN, "PA4266": NaN, "PA4418": NaN, "PA4522": "G148A; D183Y", "PA4600": NaN, "PA4700": NaN, "PA4776": NaN, "PA4777": "Y345H", "PA4964": "S87W; L168Q", "PA4967": NaN, "PA5045": "E245D", "PA5235": "T211P", "PA5471": "L88P; D161G; H182Q; V243A; V266M", "PA5485": NaN}') ON DUPLICATE KEY UPDATE aislado_id = '140', clon = 'ST175', resistoma_mutante = '{"PA0004": NaN, "PA0424": NaN, "PA0425": "Q288X", "PA0426": NaN, "PA0427": NaN, "PA0807": "A219T", "PA0869": "S250N", "PA0958": "Q142X", "PA1179": NaN, "PA1180": NaN, "PA1777": NaN, "PA1798": "H398R", "PA1799": NaN, "PA2018": "T543A", "PA2019": "K329Q; W358R", "PA2020": "G195D", "PA2272": "E37K; A104P", "PA2491": "D249N", "PA2492": "P60S; F172I", "PA3047": NaN, "PA3168": "T83I; D87N", "PA3574": NaN, "PA3721": "G71E; A186T", "PA3999": NaN, "PA4003": NaN, "PA4020": NaN, "PA4109": "G154R", "PA4110": NaN, "PA4266": NaN, "PA4418": NaN, "PA4522": "G148A; D183Y", "PA4600": NaN, "PA4700": NaN, "PA4776": NaN, "PA4777": "Y345H", "PA4964": "S87W; L168Q", "PA4967": NaN, "PA5045": "E245D", "PA5235": "T211P", "PA5471": "L88P; D161G; H182Q; V243A; V266M", "PA5485": NaN}'; 
INSERT INTO metadata_general(aislado_id, aislado_nombre) VALUES ('141', 'ICA01-031') ON DUPLICATE KEY UPDATE aislado_id = '141', aislado_nombre = 'ICA01-031'; 
INSERT INTO mic(mic_id, aislado_id, pip_tz, fep, caz, imi, mer, cip, tob, col, tic, cza, tol, atm, caz_cloxa, imi_cloxa) VALUES ('141', '141', '128', '16', '32', '16', '8', '>16', '>32', '2', '128', '8', '2', '16', '+', '+') ON DUPLICATE KEY UPDATE aislado_id = '141', pip_tz = '128', fep = '16', caz = '32', imi = '16', mer = '8', cip = '>16', tob = '>32', col = '2', tic = '128', cza = '8', tol = '2', atm = '16', caz_cloxa = '+', imi_cloxa = '+'; 
INSERT INTO secuencia(secuencia_id, aislado_id, clon, resistoma_mutante) VALUES ('141', '141', 'ST175', '{"PA0004": NaN, "PA0424": NaN, "PA0425": NaN, "PA0426": NaN, "PA0427": NaN, "PA0807": "A219T", "PA0869": "S250N", "PA0958": "Q142X", "PA1179": NaN, "PA1180": NaN, "PA1777": NaN, "PA1798": "H398R", "PA1799": NaN, "PA2018": "T543A", "PA2019": "K329Q; W358R", "PA2020": "G195D", "PA2272": "E37K; A104P", "PA2491": "D249N", "PA2492": "P60S; F172I", "PA3047": NaN, "PA3168": "T83I; D87N", "PA3574": NaN, "PA3721": "G71E; A186T", "PA3999": NaN, "PA4003": NaN, "PA4020": NaN, "PA4109": "G154R", "PA4110": NaN, "PA4266": NaN, "PA4418": NaN, "PA4522": "G148A; D183Y", "PA4600": NaN, "PA4700": NaN, "PA4776": NaN, "PA4777": "Y345H", "PA4964": "S87W; L168Q", "PA4967": NaN, "PA5045": "E245D", "PA5235": "T211P", "PA5471": "L88P; D161G; H182Q; V243A; V266M", "PA5485": NaN}') ON DUPLICATE KEY UPDATE aislado_id = '141', clon = 'ST175', resistoma_mutante = '{"PA0004": NaN, "PA0424": NaN, "PA0425": NaN, "PA0426": NaN, "PA0427": NaN, "PA0807": "A219T", "PA0869": "S250N", "PA0958": "Q142X", "PA1179": NaN, "PA1180": NaN, "PA1777": NaN, "PA1798": "H398R", "PA1799": NaN, "PA2018": "T543A", "PA2019": "K329Q; W358R", "PA2020": "G195D", "PA2272": "E37K; A104P", "PA2491": "D249N", "PA2492": "P60S; F172I", "PA3047": NaN, "PA3168": "T83I; D87N", "PA3574": NaN, "PA3721": "G71E; A186T", "PA3999": NaN, "PA4003": NaN, "PA4020": NaN, "PA4109": "G154R", "PA4110": NaN, "PA4266": NaN, "PA4418": NaN, "PA4522": "G148A; D183Y", "PA4600": NaN, "PA4700": NaN, "PA4776": NaN, "PA4777": "Y345H", "PA4964": "S87W; L168Q", "PA4967": NaN, "PA5045": "E245D", "PA5235": "T211P", "PA5471": "L88P; D161G; H182Q; V243A; V266M", "PA5485": NaN}'; 
INSERT INTO metadata_general(aislado_id, aislado_nombre) VALUES ('142', 'ICA01-034') ON DUPLICATE KEY UPDATE aislado_id = '142', aislado_nombre = 'ICA01-034'; 
INSERT INTO mic(mic_id, aislado_id, pip_tz, fep, caz, imi, mer, cip, tob, col, tic, cza, tol, atm, caz_cloxa, imi_cloxa) VALUES ('142', '142', '256', '64', '64', '32', '16', '1', '2', '8', '256', '4', '8', '128', '+', '+') ON DUPLICATE KEY UPDATE aislado_id = '142', pip_tz = '256', fep = '64', caz = '64', imi = '32', mer = '16', cip = '1', tob = '2', col = '8', tic = '256', cza = '4', tol = '8', atm = '128', caz_cloxa = '+', imi_cloxa = '+'; 
INSERT INTO secuencia(secuencia_id, aislado_id, clon, resistoma_mutante) VALUES ('142', '142', 'ST261', '{"PA0004": NaN, "PA0424": "V126E", "PA0425": NaN, "PA0426": "R185C; R766W", "PA0427": NaN, "PA0807": NaN, "PA0869": NaN, "PA0958": "K550X", "PA1179": NaN, "PA1180": "V57M", "PA1777": NaN, "PA1798": "H398R", "PA1799": NaN, "PA2018": "T543A", "PA2019": "K329Q; L331V; W358R", "PA2020": "I108S", "PA2272": NaN, "PA2491": "D249N; T299I", "PA2492": "P28Lr; F172I", "PA3047": NaN, "PA3168": "T83I; aa914\u03942", "PA3574": NaN, "PA3721": "H30Y; G71E", "PA3999": NaN, "PA4003": NaN, "PA4020": "A222G", "PA4109": NaN, "PA4110": "T105A; L176R", "PA4266": NaN, "PA4418": "A246V", "PA4522": "A136V; G148A; P162L", "PA4600": NaN, "PA4700": "L353Q", "PA4776": "L71R", "PA4777": "Y345H", "PA4964": NaN, "PA4967": "D533E", "PA5045": "A421T; S539T", "PA5235": NaN, "PA5471": "L88P; D119E", "PA5485": NaN}') ON DUPLICATE KEY UPDATE aislado_id = '142', clon = 'ST261', resistoma_mutante = '{"PA0004": NaN, "PA0424": "V126E", "PA0425": NaN, "PA0426": "R185C; R766W", "PA0427": NaN, "PA0807": NaN, "PA0869": NaN, "PA0958": "K550X", "PA1179": NaN, "PA1180": "V57M", "PA1777": NaN, "PA1798": "H398R", "PA1799": NaN, "PA2018": "T543A", "PA2019": "K329Q; L331V; W358R", "PA2020": "I108S", "PA2272": NaN, "PA2491": "D249N; T299I", "PA2492": "P28Lr; F172I", "PA3047": NaN, "PA3168": "T83I; aa914\u03942", "PA3574": NaN, "PA3721": "H30Y; G71E", "PA3999": NaN, "PA4003": NaN, "PA4020": "A222G", "PA4109": NaN, "PA4110": "T105A; L176R", "PA4266": NaN, "PA4418": "A246V", "PA4522": "A136V; G148A; P162L", "PA4600": NaN, "PA4700": "L353Q", "PA4776": "L71R", "PA4777": "Y345H", "PA4964": NaN, "PA4967": "D533E", "PA5045": "A421T; S539T", "PA5235": NaN, "PA5471": "L88P; D119E", "PA5485": NaN}'; 
INSERT INTO metadata_general(aislado_id, aislado_nombre) VALUES ('143', 'MAD01-013') ON DUPLICATE KEY UPDATE aislado_id = '143', aislado_nombre = 'MAD01-013'; 
INSERT INTO mic(mic_id, aislado_id, pip_tz, fep, caz, imi, mer, cip, tob, col, tic, cza, tol, atm, caz_cloxa, imi_cloxa) VALUES ('143', '143', '32', '16', '16', '32', '8', '16', '8', '<=0.5', '512', '16', '4', '32', '+', '+') ON DUPLICATE KEY UPDATE aislado_id = '143', pip_tz = '32', fep = '16', caz = '16', imi = '32', mer = '8', cip = '16', tob = '8', col = '<=0.5', tic = '512', cza = '16', tol = '4', atm = '32', caz_cloxa = '+', imi_cloxa = '+'; 
INSERT INTO secuencia(secuencia_id, aislado_id, clon, resistoma_mutante) VALUES ('143', '143', 'ST3197 ', '{"PA0004": NaN, "PA0424": "V126E", "PA0425": NaN, "PA0426": NaN, "PA0427": NaN, "PA0807": NaN, "PA0869": NaN, "PA0958": NaN, "PA1179": NaN, "PA1180": NaN, "PA1777": NaN, "PA1798": "L137P", "PA1799": NaN, "PA2018": NaN, "PA2019": "W358R", "PA2020": NaN, "PA2272": NaN, "PA2491": NaN, "PA2492": "F172I", "PA3047": NaN, "PA3168": "T83I; V671I", "PA3574": NaN, "PA3721": "G71E", "PA3999": NaN, "PA4003": NaN, "PA4020": "D411A", "PA4109": NaN, "PA4110": "T105A", "PA4266": NaN, "PA4418": NaN, "PA4522": NaN, "PA4600": NaN, "PA4700": "M715K; K607R", "PA4776": "L71R", "PA4777": "A4T; V6A; V15I; G68S; Y345H", "PA4964": "S87L", "PA4967": NaN, "PA5045": NaN, "PA5235": "G305D", "PA5471": "L88P; D161G; H182Q; V243A", "PA5485": NaN}') ON DUPLICATE KEY UPDATE aislado_id = '143', clon = 'ST3197 ', resistoma_mutante = '{"PA0004": NaN, "PA0424": "V126E", "PA0425": NaN, "PA0426": NaN, "PA0427": NaN, "PA0807": NaN, "PA0869": NaN, "PA0958": NaN, "PA1179": NaN, "PA1180": NaN, "PA1777": NaN, "PA1798": "L137P", "PA1799": NaN, "PA2018": NaN, "PA2019": "W358R", "PA2020": NaN, "PA2272": NaN, "PA2491": NaN, "PA2492": "F172I", "PA3047": NaN, "PA3168": "T83I; V671I", "PA3574": NaN, "PA3721": "G71E", "PA3999": NaN, "PA4003": NaN, "PA4020": "D411A", "PA4109": NaN, "PA4110": "T105A", "PA4266": NaN, "PA4418": NaN, "PA4522": NaN, "PA4600": NaN, "PA4700": "M715K; K607R", "PA4776": "L71R", "PA4777": "A4T; V6A; V15I; G68S; Y345H", "PA4964": "S87L", "PA4967": NaN, "PA5045": NaN, "PA5235": "G305D", "PA5471": "L88P; D161G; H182Q; V243A", "PA5485": NaN}'; 
INSERT INTO metadata_general(aislado_id, aislado_nombre) VALUES ('144', 'MAD01-021') ON DUPLICATE KEY UPDATE aislado_id = '144', aislado_nombre = 'MAD01-021'; 
INSERT INTO mic(mic_id, aislado_id, pip_tz, fep, caz, imi, mer, cip, tob, col, tic, cza, tol, atm, caz_cloxa, imi_cloxa) VALUES ('144', '144', '32', '32', '>64', '8', '4', '>16', '>32', '1', '128', '4', '>32', '4', 'nan', 'nan') ON DUPLICATE KEY UPDATE aislado_id = '144', pip_tz = '32', fep = '32', caz = '>64', imi = '8', mer = '4', cip = '>16', tob = '>32', col = '1', tic = '128', cza = '4', tol = '>32', atm = '4', caz_cloxa = 'nan', imi_cloxa = 'nan'; 
INSERT INTO secuencia(secuencia_id, aislado_id, clon, resistoma_mutante) VALUES ('144', '144', 'ST235', '{"PA0004": NaN, "PA0424": "V126E", "PA0425": NaN, "PA0426": "G957D", "PA0427": NaN, "PA0807": NaN, "PA0869": "A287S", "PA0958": "nt5IS", "PA1179": NaN, "PA1180": "Y85F", "PA1777": NaN, "PA1798": "D249N; H398R", "PA1799": "S170N", "PA2018": "T543A", "PA2019": "A30T; K329Q; L331V; W358R", "PA2020": NaN, "PA2272": "A104P; V466I", "PA2491": "D249N", "PA2492": "P60S; F172I", "PA3047": NaN, "PA3168": "T83I", "PA3574": NaN, "PA3721": "G71E; E153Q; S209R", "PA3999": NaN, "PA4003": NaN, "PA4020": NaN, "PA4109": "G283E; M288R", "PA4110": "G27D; A97V; T105A; V205L; G391A", "PA4266": NaN, "PA4418": NaN, "PA4522": NaN, "PA4600": NaN, "PA4700": "L353Q", "PA4776": "L71R", "PA4777": "A4T; V15I; G68S; Y345H", "PA4964": "S87L", "PA4967": "D533E", "PA5045": NaN, "PA5235": NaN, "PA5471": "L88P; D161G; H182Q; R204C; V243A", "PA5485": NaN}') ON DUPLICATE KEY UPDATE aislado_id = '144', clon = 'ST235', resistoma_mutante = '{"PA0004": NaN, "PA0424": "V126E", "PA0425": NaN, "PA0426": "G957D", "PA0427": NaN, "PA0807": NaN, "PA0869": "A287S", "PA0958": "nt5IS", "PA1179": NaN, "PA1180": "Y85F", "PA1777": NaN, "PA1798": "D249N; H398R", "PA1799": "S170N", "PA2018": "T543A", "PA2019": "A30T; K329Q; L331V; W358R", "PA2020": NaN, "PA2272": "A104P; V466I", "PA2491": "D249N", "PA2492": "P60S; F172I", "PA3047": NaN, "PA3168": "T83I", "PA3574": NaN, "PA3721": "G71E; E153Q; S209R", "PA3999": NaN, "PA4003": NaN, "PA4020": NaN, "PA4109": "G283E; M288R", "PA4110": "G27D; A97V; T105A; V205L; G391A", "PA4266": NaN, "PA4418": NaN, "PA4522": NaN, "PA4600": NaN, "PA4700": "L353Q", "PA4776": "L71R", "PA4777": "A4T; V15I; G68S; Y345H", "PA4964": "S87L", "PA4967": "D533E", "PA5045": NaN, "PA5235": NaN, "PA5471": "L88P; D161G; H182Q; R204C; V243A", "PA5485": NaN}'; 
INSERT INTO metadata_general(aislado_id, aislado_nombre) VALUES ('145', 'MAD02-005') ON DUPLICATE KEY UPDATE aislado_id = '145', aislado_nombre = 'MAD02-005'; 
INSERT INTO mic(mic_id, aislado_id, pip_tz, fep, caz, imi, mer, cip, tob, col, tic, cza, tol, atm, caz_cloxa, imi_cloxa) VALUES ('145', '145', '256', '16', '32', '>32', '>64', '>16', '>32', '1', '>512', '4', '8', '32', 'nan', 'nan') ON DUPLICATE KEY UPDATE aislado_id = '145', pip_tz = '256', fep = '16', caz = '32', imi = '>32', mer = '>64', cip = '>16', tob = '>32', col = '1', tic = '>512', cza = '4', tol = '8', atm = '32', caz_cloxa = 'nan', imi_cloxa = 'nan'; 
INSERT INTO secuencia(secuencia_id, aislado_id, clon, resistoma_mutante) VALUES ('145', '145', 'ST175', '{"PA0004": NaN, "PA0424": NaN, "PA0425": NaN, "PA0426": NaN, "PA0427": NaN, "PA0807": "A219T", "PA0869": "S250N", "PA0958": "W277X", "PA1179": NaN, "PA1180": NaN, "PA1777": NaN, "PA1798": "H398R", "PA1799": NaN, "PA2018": "T543A", "PA2019": "K329Q; W358R", "PA2020": "G195D", "PA2272": "E37K; A104P", "PA2491": "D249N", "PA2492": "P60S; F172I", "PA3047": NaN, "PA3168": "T83I; D87N", "PA3574": NaN, "PA3721": "G71E; A186T", "PA3999": NaN, "PA4003": NaN, "PA4020": NaN, "PA4109": NaN, "PA4110": NaN, "PA4266": NaN, "PA4418": NaN, "PA4522": "G148A; D183Y", "PA4600": NaN, "PA4700": NaN, "PA4776": NaN, "PA4777": "Y345H", "PA4964": "S87W; L168Q", "PA4967": NaN, "PA5045": "E245D", "PA5235": NaN, "PA5471": "L88P; D161G; H182Q; V243A; V266M", "PA5485": NaN}') ON DUPLICATE KEY UPDATE aislado_id = '145', clon = 'ST175', resistoma_mutante = '{"PA0004": NaN, "PA0424": NaN, "PA0425": NaN, "PA0426": NaN, "PA0427": NaN, "PA0807": "A219T", "PA0869": "S250N", "PA0958": "W277X", "PA1179": NaN, "PA1180": NaN, "PA1777": NaN, "PA1798": "H398R", "PA1799": NaN, "PA2018": "T543A", "PA2019": "K329Q; W358R", "PA2020": "G195D", "PA2272": "E37K; A104P", "PA2491": "D249N", "PA2492": "P60S; F172I", "PA3047": NaN, "PA3168": "T83I; D87N", "PA3574": NaN, "PA3721": "G71E; A186T", "PA3999": NaN, "PA4003": NaN, "PA4020": NaN, "PA4109": NaN, "PA4110": NaN, "PA4266": NaN, "PA4418": NaN, "PA4522": "G148A; D183Y", "PA4600": NaN, "PA4700": NaN, "PA4776": NaN, "PA4777": "Y345H", "PA4964": "S87W; L168Q", "PA4967": NaN, "PA5045": "E245D", "PA5235": NaN, "PA5471": "L88P; D161G; H182Q; V243A; V266M", "PA5485": NaN}'; 
INSERT INTO metadata_general(aislado_id, aislado_nombre) VALUES ('146', 'MAD02-006') ON DUPLICATE KEY UPDATE aislado_id = '146', aislado_nombre = 'MAD02-006'; 
INSERT INTO mic(mic_id, aislado_id, pip_tz, fep, caz, imi, mer, cip, tob, col, tic, cza, tol, atm, caz_cloxa, imi_cloxa) VALUES ('146', '146', '64', '8', '2', '2', '4', '>16', '8', '2', '256', '4', '<=0.5', '4', 'nan', 'nan') ON DUPLICATE KEY UPDATE aislado_id = '146', pip_tz = '64', fep = '8', caz = '2', imi = '2', mer = '4', cip = '>16', tob = '8', col = '2', tic = '256', cza = '4', tol = '<=0.5', atm = '4', caz_cloxa = 'nan', imi_cloxa = 'nan'; 
INSERT INTO secuencia(secuencia_id, aislado_id, clon, resistoma_mutante) VALUES ('146', '146', 'ST273', '{"PA0004": NaN, "PA0424": NaN, "PA0425": NaN, "PA0426": "V1042A", "PA0427": NaN, "PA0807": "A219T", "PA0869": "S194T", "PA0958": NaN, "PA1179": NaN, "PA1180": NaN, "PA1777": NaN, "PA1798": "H398R", "PA1799": "L153R; S170N", "PA2018": "T543A; Q840E; V980I", "PA2019": "A30T; K329Q; L331V; W358R", "PA2020": NaN, "PA2272": "A104P", "PA2491": "D249N", "PA2492": "F172I", "PA3047": NaN, "PA3168": NaN, "PA3574": NaN, "PA3721": "G71E; S209R", "PA3999": NaN, "PA4003": NaN, "PA4020": "M297V", "PA4109": "G283E", "PA4110": "R79Q; T105A", "PA4266": NaN, "PA4418": NaN, "PA4522": "G148A; S175L", "PA4600": NaN, "PA4700": "L353Q; S25G", "PA4776": NaN, "PA4777": "Y345H", "PA4964": NaN, "PA4967": "P195T", "PA5045": NaN, "PA5235": NaN, "PA5471": "R41C; L88P; D161G; H182Q", "PA5485": NaN}') ON DUPLICATE KEY UPDATE aislado_id = '146', clon = 'ST273', resistoma_mutante = '{"PA0004": NaN, "PA0424": NaN, "PA0425": NaN, "PA0426": "V1042A", "PA0427": NaN, "PA0807": "A219T", "PA0869": "S194T", "PA0958": NaN, "PA1179": NaN, "PA1180": NaN, "PA1777": NaN, "PA1798": "H398R", "PA1799": "L153R; S170N", "PA2018": "T543A; Q840E; V980I", "PA2019": "A30T; K329Q; L331V; W358R", "PA2020": NaN, "PA2272": "A104P", "PA2491": "D249N", "PA2492": "F172I", "PA3047": NaN, "PA3168": NaN, "PA3574": NaN, "PA3721": "G71E; S209R", "PA3999": NaN, "PA4003": NaN, "PA4020": "M297V", "PA4109": "G283E", "PA4110": "R79Q; T105A", "PA4266": NaN, "PA4418": NaN, "PA4522": "G148A; S175L", "PA4600": NaN, "PA4700": "L353Q; S25G", "PA4776": NaN, "PA4777": "Y345H", "PA4964": NaN, "PA4967": "P195T", "PA5045": NaN, "PA5235": NaN, "PA5471": "R41C; L88P; D161G; H182Q", "PA5485": NaN}'; 
INSERT INTO metadata_general(aislado_id, aislado_nombre) VALUES ('147', 'MAD02-007') ON DUPLICATE KEY UPDATE aislado_id = '147', aislado_nombre = 'MAD02-007'; 
INSERT INTO mic(mic_id, aislado_id, pip_tz, fep, caz, imi, mer, cip, tob, col, tic, cza, tol, atm, caz_cloxa, imi_cloxa) VALUES ('147', '147', '>256', '64', '64', '>32', '>64', '>16', '>32', '1', '>512', '32', '>32', '64', 'nan', 'nan') ON DUPLICATE KEY UPDATE aislado_id = '147', pip_tz = '>256', fep = '64', caz = '64', imi = '>32', mer = '>64', cip = '>16', tob = '>32', col = '1', tic = '>512', cza = '32', tol = '>32', atm = '64', caz_cloxa = 'nan', imi_cloxa = 'nan'; 
INSERT INTO secuencia(secuencia_id, aislado_id, clon, resistoma_mutante) VALUES ('147', '147', 'ST175', '{"PA0004": NaN, "PA0424": NaN, "PA0425": NaN, "PA0426": NaN, "PA0427": NaN, "PA0807": NaN, "PA0869": "S250N", "PA0958": NaN, "PA1179": NaN, "PA1180": NaN, "PA1777": NaN, "PA1798": NaN, "PA1799": NaN, "PA2018": "T543A", "PA2019": NaN, "PA2020": "G195D", "PA2272": NaN, "PA2491": "D249N", "PA2492": "F172I", "PA3047": NaN, "PA3168": "T83I", "PA3574": NaN, "PA3721": "G71E", "PA3999": NaN, "PA4003": NaN, "PA4020": NaN, "PA4109": NaN, "PA4110": NaN, "PA4266": NaN, "PA4418": NaN, "PA4522": "G148A; D183Y", "PA4600": NaN, "PA4700": NaN, "PA4776": NaN, "PA4777": "Y345H", "PA4964": "S87W; L168Q", "PA4967": NaN, "PA5045": NaN, "PA5235": NaN, "PA5471": "L88P; D161G; H182Q; V243A; V266M", "PA5485": NaN}') ON DUPLICATE KEY UPDATE aislado_id = '147', clon = 'ST175', resistoma_mutante = '{"PA0004": NaN, "PA0424": NaN, "PA0425": NaN, "PA0426": NaN, "PA0427": NaN, "PA0807": NaN, "PA0869": "S250N", "PA0958": NaN, "PA1179": NaN, "PA1180": NaN, "PA1777": NaN, "PA1798": NaN, "PA1799": NaN, "PA2018": "T543A", "PA2019": NaN, "PA2020": "G195D", "PA2272": NaN, "PA2491": "D249N", "PA2492": "F172I", "PA3047": NaN, "PA3168": "T83I", "PA3574": NaN, "PA3721": "G71E", "PA3999": NaN, "PA4003": NaN, "PA4020": NaN, "PA4109": NaN, "PA4110": NaN, "PA4266": NaN, "PA4418": NaN, "PA4522": "G148A; D183Y", "PA4600": NaN, "PA4700": NaN, "PA4776": NaN, "PA4777": "Y345H", "PA4964": "S87W; L168Q", "PA4967": NaN, "PA5045": NaN, "PA5235": NaN, "PA5471": "L88P; D161G; H182Q; V243A; V266M", "PA5485": NaN}'; 
INSERT INTO metadata_general(aislado_id, aislado_nombre) VALUES ('148', 'MAD02-009') ON DUPLICATE KEY UPDATE aislado_id = '148', aislado_nombre = 'MAD02-009'; 
INSERT INTO mic(mic_id, aislado_id, pip_tz, fep, caz, imi, mer, cip, tob, col, tic, cza, tol, atm, caz_cloxa, imi_cloxa) VALUES ('148', '148', '256', '>64', '>64', '>32', '>64', '>16', '>32', '1', '>512', '>32', '>32', '128', 'nan', 'nan') ON DUPLICATE KEY UPDATE aislado_id = '148', pip_tz = '256', fep = '>64', caz = '>64', imi = '>32', mer = '>64', cip = '>16', tob = '>32', col = '1', tic = '>512', cza = '>32', tol = '>32', atm = '128', caz_cloxa = 'nan', imi_cloxa = 'nan'; 
INSERT INTO secuencia(secuencia_id, aislado_id, clon, resistoma_mutante) VALUES ('148', '148', 'ST235', '{"PA0004": NaN, "PA0424": NaN, "PA0425": NaN, "PA0426": "G957D", "PA0427": NaN, "PA0807": "A208V", "PA0869": "A287S", "PA0958": NaN, "PA1179": NaN, "PA1180": "Y85F", "PA1777": NaN, "PA1798": "H398R", "PA1799": "L153R; S170N", "PA2018": "T543A", "PA2019": "K329Q; L331V; W358R", "PA2020": NaN, "PA2272": "A104P; V466I", "PA2491": "D249N", "PA2492": "P60S; F172I", "PA3047": NaN, "PA3168": "T83I", "PA3574": NaN, "PA3721": "G71E; S209R", "PA3999": NaN, "PA4003": NaN, "PA4020": NaN, "PA4109": "M288R", "PA4110": "G27D; A97V; T105A; V205L; G391A", "PA4266": NaN, "PA4418": NaN, "PA4522": "G148A", "PA4600": NaN, "PA4700": "L353Q", "PA4776": "L71R", "PA4777": "A4T; G68S; Y345H; G362S", "PA4964": "S87L", "PA4967": NaN, "PA5045": NaN, "PA5235": NaN, "PA5471": "L88P; D161G; H182Q; R204C; V243A", "PA5485": NaN}') ON DUPLICATE KEY UPDATE aislado_id = '148', clon = 'ST235', resistoma_mutante = '{"PA0004": NaN, "PA0424": NaN, "PA0425": NaN, "PA0426": "G957D", "PA0427": NaN, "PA0807": "A208V", "PA0869": "A287S", "PA0958": NaN, "PA1179": NaN, "PA1180": "Y85F", "PA1777": NaN, "PA1798": "H398R", "PA1799": "L153R; S170N", "PA2018": "T543A", "PA2019": "K329Q; L331V; W358R", "PA2020": NaN, "PA2272": "A104P; V466I", "PA2491": "D249N", "PA2492": "P60S; F172I", "PA3047": NaN, "PA3168": "T83I", "PA3574": NaN, "PA3721": "G71E; S209R", "PA3999": NaN, "PA4003": NaN, "PA4020": NaN, "PA4109": "M288R", "PA4110": "G27D; A97V; T105A; V205L; G391A", "PA4266": NaN, "PA4418": NaN, "PA4522": "G148A", "PA4600": NaN, "PA4700": "L353Q", "PA4776": "L71R", "PA4777": "A4T; G68S; Y345H; G362S", "PA4964": "S87L", "PA4967": NaN, "PA5045": NaN, "PA5235": NaN, "PA5471": "L88P; D161G; H182Q; R204C; V243A", "PA5485": NaN}'; 
INSERT INTO metadata_general(aislado_id, aislado_nombre) VALUES ('149', 'MAD02-012') ON DUPLICATE KEY UPDATE aislado_id = '149', aislado_nombre = 'MAD02-012'; 
INSERT INTO mic(mic_id, aislado_id, pip_tz, fep, caz, imi, mer, cip, tob, col, tic, cza, tol, atm, caz_cloxa, imi_cloxa) VALUES ('149', '149', '64', '2', '4', '1', '8', '8', '0.5', '4', '512', '2', '2', '64', '+', 'nan') ON DUPLICATE KEY UPDATE aislado_id = '149', pip_tz = '64', fep = '2', caz = '4', imi = '1', mer = '8', cip = '8', tob = '0.5', col = '4', tic = '512', cza = '2', tol = '2', atm = '64', caz_cloxa = '+', imi_cloxa = 'nan'; 
INSERT INTO secuencia(secuencia_id, aislado_id, clon, resistoma_mutante) VALUES ('149', '149', 'ST3154', '{"PA0004": NaN, "PA0424": NaN, "PA0425": NaN, "PA0426": NaN, "PA0427": NaN, "PA0807": "P157A; D197E", "PA0869": "S250N", "PA0958": NaN, "PA1179": NaN, "PA1180": NaN, "PA1777": NaN, "PA1798": "H398R", "PA1799": "L153R; S170N", "PA2018": "Q282R; T543A", "PA2019": "K329Q", "PA2020": NaN, "PA2272": "A104P", "PA2491": "D249N", "PA2492": "F172I", "PA3047": NaN, "PA3168": NaN, "PA3574": NaN, "PA3721": "G71E; S209R; P210L", "PA3999": NaN, "PA4003": NaN, "PA4020": "M297V", "PA4109": NaN, "PA4110": "T105A; G391A", "PA4266": NaN, "PA4418": NaN, "PA4522": "G148A", "PA4600": NaN, "PA4700": "K607R; L353Q", "PA4776": "L71R", "PA4777": "Y345H", "PA4964": NaN, "PA4967": "D533E", "PA5045": NaN, "PA5235": NaN, "PA5471": "L88P; D161G; H182Q; V243A; A262S", "PA5485": NaN}') ON DUPLICATE KEY UPDATE aislado_id = '149', clon = 'ST3154', resistoma_mutante = '{"PA0004": NaN, "PA0424": NaN, "PA0425": NaN, "PA0426": NaN, "PA0427": NaN, "PA0807": "P157A; D197E", "PA0869": "S250N", "PA0958": NaN, "PA1179": NaN, "PA1180": NaN, "PA1777": NaN, "PA1798": "H398R", "PA1799": "L153R; S170N", "PA2018": "Q282R; T543A", "PA2019": "K329Q", "PA2020": NaN, "PA2272": "A104P", "PA2491": "D249N", "PA2492": "F172I", "PA3047": NaN, "PA3168": NaN, "PA3574": NaN, "PA3721": "G71E; S209R; P210L", "PA3999": NaN, "PA4003": NaN, "PA4020": "M297V", "PA4109": NaN, "PA4110": "T105A; G391A", "PA4266": NaN, "PA4418": NaN, "PA4522": "G148A", "PA4600": NaN, "PA4700": "K607R; L353Q", "PA4776": "L71R", "PA4777": "Y345H", "PA4964": NaN, "PA4967": "D533E", "PA5045": NaN, "PA5235": NaN, "PA5471": "L88P; D161G; H182Q; V243A; A262S", "PA5485": NaN}'; 
INSERT INTO metadata_general(aislado_id, aislado_nombre) VALUES ('150', 'MAD02-013') ON DUPLICATE KEY UPDATE aislado_id = '150', aislado_nombre = 'MAD02-013'; 
INSERT INTO mic(mic_id, aislado_id, pip_tz, fep, caz, imi, mer, cip, tob, col, tic, cza, tol, atm, caz_cloxa, imi_cloxa) VALUES ('150', '150', '128', '32', '16', '16', '4', '>16', '0.5', '4', '128', '4', '4', '32', '+', 'nan') ON DUPLICATE KEY UPDATE aislado_id = '150', pip_tz = '128', fep = '32', caz = '16', imi = '16', mer = '4', cip = '>16', tob = '0.5', col = '4', tic = '128', cza = '4', tol = '4', atm = '32', caz_cloxa = '+', imi_cloxa = 'nan'; 
INSERT INTO secuencia(secuencia_id, aislado_id, clon, resistoma_mutante) VALUES ('150', '150', 'ST17', '{"PA0004": NaN, "PA0424": NaN, "PA0425": NaN, "PA0426": NaN, "PA0427": NaN, "PA0807": "A219T", "PA0869": "S250N", "PA0958": NaN, "PA1179": NaN, "PA1180": NaN, "PA1777": NaN, "PA1798": "H398R", "PA1799": NaN, "PA2018": "T543A", "PA2019": "K329Q; L331V; W358R", "PA2020": NaN, "PA2272": "A104P", "PA2491": "D249N", "PA2492": "F172I", "PA3047": "S399X", "PA3168": "T83I; aa914\u0394PS", "PA3574": NaN, "PA3721": "G71E; S209R", "PA3999": "V29I", "PA4003": NaN, "PA4020": "Ter452Rext*", "PA4109": NaN, "PA4110": "T105A; L176R", "PA4266": NaN, "PA4418": NaN, "PA4522": "A136V; G148A", "PA4600": NaN, "PA4700": "S25G", "PA4776": NaN, "PA4777": "Y345H", "PA4964": "S87L", "PA4967": "D533E", "PA5045": "P388S", "PA5235": "P444S", "PA5471": "C40R; L88P; D161G; H182Q; V243A", "PA5485": NaN}') ON DUPLICATE KEY UPDATE aislado_id = '150', clon = 'ST17', resistoma_mutante = '{"PA0004": NaN, "PA0424": NaN, "PA0425": NaN, "PA0426": NaN, "PA0427": NaN, "PA0807": "A219T", "PA0869": "S250N", "PA0958": NaN, "PA1179": NaN, "PA1180": NaN, "PA1777": NaN, "PA1798": "H398R", "PA1799": NaN, "PA2018": "T543A", "PA2019": "K329Q; L331V; W358R", "PA2020": NaN, "PA2272": "A104P", "PA2491": "D249N", "PA2492": "F172I", "PA3047": "S399X", "PA3168": "T83I; aa914\u0394PS", "PA3574": NaN, "PA3721": "G71E; S209R", "PA3999": "V29I", "PA4003": NaN, "PA4020": "Ter452Rext*", "PA4109": NaN, "PA4110": "T105A; L176R", "PA4266": NaN, "PA4418": NaN, "PA4522": "A136V; G148A", "PA4600": NaN, "PA4700": "S25G", "PA4776": NaN, "PA4777": "Y345H", "PA4964": "S87L", "PA4967": "D533E", "PA5045": "P388S", "PA5235": "P444S", "PA5471": "C40R; L88P; D161G; H182Q; V243A", "PA5485": NaN}'; 
INSERT INTO metadata_general(aislado_id, aislado_nombre) VALUES ('151', 'MAD02-014') ON DUPLICATE KEY UPDATE aislado_id = '151', aislado_nombre = 'MAD02-014'; 
INSERT INTO mic(mic_id, aislado_id, pip_tz, fep, caz, imi, mer, cip, tob, col, tic, cza, tol, atm, caz_cloxa, imi_cloxa) VALUES ('151', '151', '128', '32', '64', '>32', '>64', '>16', '>32', '1', '>512', '>32', '>32', '32', 'nan', 'nan') ON DUPLICATE KEY UPDATE aislado_id = '151', pip_tz = '128', fep = '32', caz = '64', imi = '>32', mer = '>64', cip = '>16', tob = '>32', col = '1', tic = '>512', cza = '>32', tol = '>32', atm = '32', caz_cloxa = 'nan', imi_cloxa = 'nan'; 
INSERT INTO secuencia(secuencia_id, aislado_id, clon, resistoma_mutante) VALUES ('151', '151', 'ST175', '{"PA0004": NaN, "PA0424": NaN, "PA0425": NaN, "PA0426": NaN, "PA0427": NaN, "PA0807": "A219T", "PA0869": "S250N", "PA0958": "W65X", "PA1179": NaN, "PA1180": NaN, "PA1777": NaN, "PA1798": "H398R", "PA1799": NaN, "PA2018": "T543A", "PA2019": "K329Q; W358R", "PA2020": "G195D", "PA2272": "E37K; A104P", "PA2491": "D249N", "PA2492": "P60S; F172I", "PA3047": NaN, "PA3168": "T83I; D87N; I839V", "PA3574": NaN, "PA3721": "G71E; A186T", "PA3999": NaN, "PA4003": NaN, "PA4020": NaN, "PA4109": NaN, "PA4110": NaN, "PA4266": NaN, "PA4418": NaN, "PA4522": "G148A; D183Y", "PA4600": NaN, "PA4700": NaN, "PA4776": NaN, "PA4777": "Y345H", "PA4964": "S87W; L168Q", "PA4967": NaN, "PA5045": "E245D", "PA5235": NaN, "PA5471": "L88P; D161G; H182Q; V243A; V266M", "PA5485": NaN}') ON DUPLICATE KEY UPDATE aislado_id = '151', clon = 'ST175', resistoma_mutante = '{"PA0004": NaN, "PA0424": NaN, "PA0425": NaN, "PA0426": NaN, "PA0427": NaN, "PA0807": "A219T", "PA0869": "S250N", "PA0958": "W65X", "PA1179": NaN, "PA1180": NaN, "PA1777": NaN, "PA1798": "H398R", "PA1799": NaN, "PA2018": "T543A", "PA2019": "K329Q; W358R", "PA2020": "G195D", "PA2272": "E37K; A104P", "PA2491": "D249N", "PA2492": "P60S; F172I", "PA3047": NaN, "PA3168": "T83I; D87N; I839V", "PA3574": NaN, "PA3721": "G71E; A186T", "PA3999": NaN, "PA4003": NaN, "PA4020": NaN, "PA4109": NaN, "PA4110": NaN, "PA4266": NaN, "PA4418": NaN, "PA4522": "G148A; D183Y", "PA4600": NaN, "PA4700": NaN, "PA4776": NaN, "PA4777": "Y345H", "PA4964": "S87W; L168Q", "PA4967": NaN, "PA5045": "E245D", "PA5235": NaN, "PA5471": "L88P; D161G; H182Q; V243A; V266M", "PA5485": NaN}'; 
INSERT INTO metadata_general(aislado_id, aislado_nombre) VALUES ('152', 'MAD02-021') ON DUPLICATE KEY UPDATE aislado_id = '152', aislado_nombre = 'MAD02-021'; 
INSERT INTO mic(mic_id, aislado_id, pip_tz, fep, caz, imi, mer, cip, tob, col, tic, cza, tol, atm, caz_cloxa, imi_cloxa) VALUES ('152', '152', '256', '16', '32', '>32', '>64', '>16', '>32', '2', '512', '32', '>32', '16', 'nan', 'nan') ON DUPLICATE KEY UPDATE aislado_id = '152', pip_tz = '256', fep = '16', caz = '32', imi = '>32', mer = '>64', cip = '>16', tob = '>32', col = '2', tic = '512', cza = '32', tol = '>32', atm = '16', caz_cloxa = 'nan', imi_cloxa = 'nan'; 
INSERT INTO secuencia(secuencia_id, aislado_id, clon, resistoma_mutante) VALUES ('152', '152', 'ST235', '{"PA0004": NaN, "PA0424": "V126E", "PA0425": NaN, "PA0426": "G957D", "PA0427": NaN, "PA0807": "A208V", "PA0869": "A287S", "PA0958": NaN, "PA1179": NaN, "PA1180": "Y85F", "PA1777": NaN, "PA1798": "D249N; H398R", "PA1799": "L153R; S170N", "PA2018": "T543A", "PA2019": "A30T; K329Q; L331V; W358R", "PA2020": "nt290\u039411", "PA2272": "A104P; V466I", "PA2491": "D249N", "PA2492": "P60S; F172I", "PA3047": NaN, "PA3168": "T83I", "PA3574": NaN, "PA3721": "G71E; E153Q; S209R", "PA3999": NaN, "PA4003": NaN, "PA4020": NaN, "PA4109": "G283E; M288R", "PA4110": "G27D; A97V; T105A; V205L; G391A", "PA4266": NaN, "PA4418": NaN, "PA4522": "D112Y; G148A", "PA4600": NaN, "PA4700": "L353Q; S25G", "PA4776": "L71R", "PA4777": "A4T; G68S; Y345H; G362S", "PA4964": "S87L", "PA4967": "D533E", "PA5045": NaN, "PA5235": NaN, "PA5471": "L88P; D161G; H182Q; R204C; V243A", "PA5485": NaN}') ON DUPLICATE KEY UPDATE aislado_id = '152', clon = 'ST235', resistoma_mutante = '{"PA0004": NaN, "PA0424": "V126E", "PA0425": NaN, "PA0426": "G957D", "PA0427": NaN, "PA0807": "A208V", "PA0869": "A287S", "PA0958": NaN, "PA1179": NaN, "PA1180": "Y85F", "PA1777": NaN, "PA1798": "D249N; H398R", "PA1799": "L153R; S170N", "PA2018": "T543A", "PA2019": "A30T; K329Q; L331V; W358R", "PA2020": "nt290\u039411", "PA2272": "A104P; V466I", "PA2491": "D249N", "PA2492": "P60S; F172I", "PA3047": NaN, "PA3168": "T83I", "PA3574": NaN, "PA3721": "G71E; E153Q; S209R", "PA3999": NaN, "PA4003": NaN, "PA4020": NaN, "PA4109": "G283E; M288R", "PA4110": "G27D; A97V; T105A; V205L; G391A", "PA4266": NaN, "PA4418": NaN, "PA4522": "D112Y; G148A", "PA4600": NaN, "PA4700": "L353Q; S25G", "PA4776": "L71R", "PA4777": "A4T; G68S; Y345H; G362S", "PA4964": "S87L", "PA4967": "D533E", "PA5045": NaN, "PA5235": NaN, "PA5471": "L88P; D161G; H182Q; R204C; V243A", "PA5485": NaN}'; 
INSERT INTO metadata_general(aislado_id, aislado_nombre) VALUES ('153', 'MAD02-025') ON DUPLICATE KEY UPDATE aislado_id = '153', aislado_nombre = 'MAD02-025'; 
INSERT INTO mic(mic_id, aislado_id, pip_tz, fep, caz, imi, mer, cip, tob, col, tic, cza, tol, atm, caz_cloxa, imi_cloxa) VALUES ('153', '153', '128', '>64', '>64', '>32', '>64', '>16', '>32', '2', '512', '32', '>32', '128', 'nan', 'nan') ON DUPLICATE KEY UPDATE aislado_id = '153', pip_tz = '128', fep = '>64', caz = '>64', imi = '>32', mer = '>64', cip = '>16', tob = '>32', col = '2', tic = '512', cza = '32', tol = '>32', atm = '128', caz_cloxa = 'nan', imi_cloxa = 'nan'; 
INSERT INTO secuencia(secuencia_id, aislado_id, clon, resistoma_mutante) VALUES ('153', '153', 'ST235', '{"PA0004": NaN, "PA0424": "V126E", "PA0425": NaN, "PA0426": "G957D", "PA0427": NaN, "PA0807": "A208V", "PA0869": "A287S", "PA0958": NaN, "PA1179": NaN, "PA1180": "Y85F", "PA1777": NaN, "PA1798": "H398R", "PA1799": "L153R; S170N", "PA2018": "T543A", "PA2019": "A30T; K329Q; L331V; W358R", "PA2020": NaN, "PA2272": "A104P; V466I", "PA2491": "D249N", "PA2492": "P60S; F172I", "PA3047": NaN, "PA3168": "T83I", "PA3574": NaN, "PA3721": "G71E; E153Q; S209R", "PA3999": NaN, "PA4003": NaN, "PA4020": NaN, "PA4109": "G283E; M288R", "PA4110": "G27D; A97V; T105A; V205L; G391A", "PA4266": "F582I", "PA4418": NaN, "PA4522": "G148A", "PA4600": NaN, "PA4700": "L353Q; S25G", "PA4776": "L71R", "PA4777": "S2P; A4T; G68S; Y345H; G362S", "PA4964": "S87L", "PA4967": "D533E", "PA5045": NaN, "PA5235": NaN, "PA5471": "L88P; D161G; H182Q; R204C; V243A", "PA5485": NaN}') ON DUPLICATE KEY UPDATE aislado_id = '153', clon = 'ST235', resistoma_mutante = '{"PA0004": NaN, "PA0424": "V126E", "PA0425": NaN, "PA0426": "G957D", "PA0427": NaN, "PA0807": "A208V", "PA0869": "A287S", "PA0958": NaN, "PA1179": NaN, "PA1180": "Y85F", "PA1777": NaN, "PA1798": "H398R", "PA1799": "L153R; S170N", "PA2018": "T543A", "PA2019": "A30T; K329Q; L331V; W358R", "PA2020": NaN, "PA2272": "A104P; V466I", "PA2491": "D249N", "PA2492": "P60S; F172I", "PA3047": NaN, "PA3168": "T83I", "PA3574": NaN, "PA3721": "G71E; E153Q; S209R", "PA3999": NaN, "PA4003": NaN, "PA4020": NaN, "PA4109": "G283E; M288R", "PA4110": "G27D; A97V; T105A; V205L; G391A", "PA4266": "F582I", "PA4418": NaN, "PA4522": "G148A", "PA4600": NaN, "PA4700": "L353Q; S25G", "PA4776": "L71R", "PA4777": "S2P; A4T; G68S; Y345H; G362S", "PA4964": "S87L", "PA4967": "D533E", "PA5045": NaN, "PA5235": NaN, "PA5471": "L88P; D161G; H182Q; R204C; V243A", "PA5485": NaN}'; 
INSERT INTO metadata_general(aislado_id, aislado_nombre) VALUES ('154', 'MAD02-035') ON DUPLICATE KEY UPDATE aislado_id = '154', aislado_nombre = 'MAD02-035'; 
INSERT INTO mic(mic_id, aislado_id, pip_tz, fep, caz, imi, mer, cip, tob, col, tic, cza, tol, atm, caz_cloxa, imi_cloxa) VALUES ('154', '154', '256', '64', '>64', '>32', '>64', '16', '>32', '1', '>512', '16', '>32', '64', 'nan', 'nan') ON DUPLICATE KEY UPDATE aislado_id = '154', pip_tz = '256', fep = '64', caz = '>64', imi = '>32', mer = '>64', cip = '16', tob = '>32', col = '1', tic = '>512', cza = '16', tol = '>32', atm = '64', caz_cloxa = 'nan', imi_cloxa = 'nan'; 
INSERT INTO secuencia(secuencia_id, aislado_id, clon, resistoma_mutante) VALUES ('154', '154', 'ST235', '{"PA0004": NaN, "PA0424": "V126E", "PA0425": NaN, "PA0426": "G957D", "PA0427": NaN, "PA0807": "A208V", "PA0869": "A287S", "PA0958": NaN, "PA1179": NaN, "PA1180": "Y85F", "PA1777": NaN, "PA1798": "H398R", "PA1799": "L153R; S170N", "PA2018": "T543A", "PA2019": "A30T; K329Q; L331V; W358R", "PA2020": NaN, "PA2272": "A104P; V466I", "PA2491": "D249N", "PA2492": "P60S; F172I", "PA3047": NaN, "PA3168": "T83I", "PA3574": NaN, "PA3721": "G71E; E153Q; S209R", "PA3999": NaN, "PA4003": NaN, "PA4020": NaN, "PA4109": "G283E; M288R", "PA4110": "G27D; A97V; T105A; V205L; G391A", "PA4266": "F582I", "PA4418": NaN, "PA4522": "G148A", "PA4600": NaN, "PA4700": "L353Q; S25G", "PA4776": "L71R", "PA4777": "A4T; G68S; Y345H; G362S", "PA4964": "S87L", "PA4967": "D533E", "PA5045": NaN, "PA5235": NaN, "PA5471": "L88P; D161G; H182Q; R204C; V243A", "PA5485": NaN}') ON DUPLICATE KEY UPDATE aislado_id = '154', clon = 'ST235', resistoma_mutante = '{"PA0004": NaN, "PA0424": "V126E", "PA0425": NaN, "PA0426": "G957D", "PA0427": NaN, "PA0807": "A208V", "PA0869": "A287S", "PA0958": NaN, "PA1179": NaN, "PA1180": "Y85F", "PA1777": NaN, "PA1798": "H398R", "PA1799": "L153R; S170N", "PA2018": "T543A", "PA2019": "A30T; K329Q; L331V; W358R", "PA2020": NaN, "PA2272": "A104P; V466I", "PA2491": "D249N", "PA2492": "P60S; F172I", "PA3047": NaN, "PA3168": "T83I", "PA3574": NaN, "PA3721": "G71E; E153Q; S209R", "PA3999": NaN, "PA4003": NaN, "PA4020": NaN, "PA4109": "G283E; M288R", "PA4110": "G27D; A97V; T105A; V205L; G391A", "PA4266": "F582I", "PA4418": NaN, "PA4522": "G148A", "PA4600": NaN, "PA4700": "L353Q; S25G", "PA4776": "L71R", "PA4777": "A4T; G68S; Y345H; G362S", "PA4964": "S87L", "PA4967": "D533E", "PA5045": NaN, "PA5235": NaN, "PA5471": "L88P; D161G; H182Q; R204C; V243A", "PA5485": NaN}'; 
INSERT INTO metadata_general(aislado_id, aislado_nombre) VALUES ('155', 'MAD03-001') ON DUPLICATE KEY UPDATE aislado_id = '155', aislado_nombre = 'MAD03-001'; 
INSERT INTO mic(mic_id, aislado_id, pip_tz, fep, caz, imi, mer, cip, tob, col, tic, cza, tol, atm, caz_cloxa, imi_cloxa) VALUES ('155', '155', '256', '16', '32', '2', '8', '>16', '<=0.25', '1', '128', '4', '2', '32', '+', 'nan') ON DUPLICATE KEY UPDATE aislado_id = '155', pip_tz = '256', fep = '16', caz = '32', imi = '2', mer = '8', cip = '>16', tob = '<=0.25', col = '1', tic = '128', cza = '4', tol = '2', atm = '32', caz_cloxa = '+', imi_cloxa = 'nan'; 
INSERT INTO secuencia(secuencia_id, aislado_id, clon, resistoma_mutante) VALUES ('155', '155', 'ST244', '{"PA0004": "E468D", "PA0424": NaN, "PA0425": NaN, "PA0426": NaN, "PA0427": NaN, "PA0807": "A219T", "PA0869": "S250N", "PA0958": NaN, "PA1179": NaN, "PA1180": NaN, "PA1777": NaN, "PA1798": "H398R", "PA1799": NaN, "PA2018": "T543A; Q840E", "PA2019": "K329Q; L331V; W358R", "PA2020": NaN, "PA2272": "A104P", "PA2491": "A75V; D249N", "PA2492": "P60S; F172I; R209S", "PA3047": NaN, "PA3168": "T83I", "PA3574": "nt475\u039416", "PA3721": NaN, "PA3999": NaN, "PA4003": NaN, "PA4020": "A303V; M297V; nt111\u03941", "PA4109": NaN, "PA4110": NaN, "PA4266": NaN, "PA4418": "I347T", "PA4522": "R11L; G148A; D183Y", "PA4600": NaN, "PA4700": "S96N", "PA4776": "L71R", "PA4777": NaN, "PA4964": "S87L", "PA4967": NaN, "PA5045": NaN, "PA5235": "A121T; nt575\u039413", "PA5471": "L88P; G157D; D161G; H182Q; V243A", "PA5485": NaN}') ON DUPLICATE KEY UPDATE aislado_id = '155', clon = 'ST244', resistoma_mutante = '{"PA0004": "E468D", "PA0424": NaN, "PA0425": NaN, "PA0426": NaN, "PA0427": NaN, "PA0807": "A219T", "PA0869": "S250N", "PA0958": NaN, "PA1179": NaN, "PA1180": NaN, "PA1777": NaN, "PA1798": "H398R", "PA1799": NaN, "PA2018": "T543A; Q840E", "PA2019": "K329Q; L331V; W358R", "PA2020": NaN, "PA2272": "A104P", "PA2491": "A75V; D249N", "PA2492": "P60S; F172I; R209S", "PA3047": NaN, "PA3168": "T83I", "PA3574": "nt475\u039416", "PA3721": NaN, "PA3999": NaN, "PA4003": NaN, "PA4020": "A303V; M297V; nt111\u03941", "PA4109": NaN, "PA4110": NaN, "PA4266": NaN, "PA4418": "I347T", "PA4522": "R11L; G148A; D183Y", "PA4600": NaN, "PA4700": "S96N", "PA4776": "L71R", "PA4777": NaN, "PA4964": "S87L", "PA4967": NaN, "PA5045": NaN, "PA5235": "A121T; nt575\u039413", "PA5471": "L88P; G157D; D161G; H182Q; V243A", "PA5485": NaN}'; 
INSERT INTO metadata_general(aislado_id, aislado_nombre) VALUES ('156', 'MAD03-010') ON DUPLICATE KEY UPDATE aislado_id = '156', aislado_nombre = 'MAD03-010'; 
INSERT INTO mic(mic_id, aislado_id, pip_tz, fep, caz, imi, mer, cip, tob, col, tic, cza, tol, atm, caz_cloxa, imi_cloxa) VALUES ('156', '156', '64', '32', '>64', '>32', '>64', '>16', '>32', '2', '>512', '>32', '>32', '16', 'nan', 'nan') ON DUPLICATE KEY UPDATE aislado_id = '156', pip_tz = '64', fep = '32', caz = '>64', imi = '>32', mer = '>64', cip = '>16', tob = '>32', col = '2', tic = '>512', cza = '>32', tol = '>32', atm = '16', caz_cloxa = 'nan', imi_cloxa = 'nan'; 
INSERT INTO secuencia(secuencia_id, aislado_id, clon, resistoma_mutante) VALUES ('156', '156', 'ST175', '{"PA0004": NaN, "PA0424": NaN, "PA0425": NaN, "PA0426": NaN, "PA0427": NaN, "PA0807": "A219T", "PA0869": "S250N", "PA0958": "W65X", "PA1179": NaN, "PA1180": NaN, "PA1777": NaN, "PA1798": "H398R", "PA1799": NaN, "PA2018": "V398A; T543A", "PA2019": "K329Q; W358R", "PA2020": "G195D", "PA2272": "E37K; A104P", "PA2491": "D249N", "PA2492": "P60S; F172I", "PA3047": NaN, "PA3168": "T83I; D87N", "PA3574": NaN, "PA3721": "G71E; A186T", "PA3999": NaN, "PA4003": NaN, "PA4020": NaN, "PA4109": NaN, "PA4110": NaN, "PA4266": NaN, "PA4418": NaN, "PA4522": "G148A; D183Y", "PA4600": NaN, "PA4700": NaN, "PA4776": NaN, "PA4777": "Y345H", "PA4964": "S87W; L168Q", "PA4967": NaN, "PA5045": "E245D", "PA5235": NaN, "PA5471": "L88P; D161G; H182Q; V243A; V266M", "PA5485": NaN}') ON DUPLICATE KEY UPDATE aislado_id = '156', clon = 'ST175', resistoma_mutante = '{"PA0004": NaN, "PA0424": NaN, "PA0425": NaN, "PA0426": NaN, "PA0427": NaN, "PA0807": "A219T", "PA0869": "S250N", "PA0958": "W65X", "PA1179": NaN, "PA1180": NaN, "PA1777": NaN, "PA1798": "H398R", "PA1799": NaN, "PA2018": "V398A; T543A", "PA2019": "K329Q; W358R", "PA2020": "G195D", "PA2272": "E37K; A104P", "PA2491": "D249N", "PA2492": "P60S; F172I", "PA3047": NaN, "PA3168": "T83I; D87N", "PA3574": NaN, "PA3721": "G71E; A186T", "PA3999": NaN, "PA4003": NaN, "PA4020": NaN, "PA4109": NaN, "PA4110": NaN, "PA4266": NaN, "PA4418": NaN, "PA4522": "G148A; D183Y", "PA4600": NaN, "PA4700": NaN, "PA4776": NaN, "PA4777": "Y345H", "PA4964": "S87W; L168Q", "PA4967": NaN, "PA5045": "E245D", "PA5235": NaN, "PA5471": "L88P; D161G; H182Q; V243A; V266M", "PA5485": NaN}'; 
INSERT INTO metadata_general(aislado_id, aislado_nombre) VALUES ('157', 'MAD03-033') ON DUPLICATE KEY UPDATE aislado_id = '157', aislado_nombre = 'MAD03-033'; 
INSERT INTO mic(mic_id, aislado_id, pip_tz, fep, caz, imi, mer, cip, tob, col, tic, cza, tol, atm, caz_cloxa, imi_cloxa) VALUES ('157', '157', '256', '32', '64', '16', '16', '>16', '32', '2', '256', '16', '4', '64', '+', '+') ON DUPLICATE KEY UPDATE aislado_id = '157', pip_tz = '256', fep = '32', caz = '64', imi = '16', mer = '16', cip = '>16', tob = '32', col = '2', tic = '256', cza = '16', tol = '4', atm = '64', caz_cloxa = '+', imi_cloxa = '+'; 
INSERT INTO secuencia(secuencia_id, aislado_id, clon, resistoma_mutante) VALUES ('157', '157', 'ST175', '{"PA0004": NaN, "PA0424": NaN, "PA0425": NaN, "PA0426": NaN, "PA0427": NaN, "PA0807": "A219T", "PA0869": "S250N", "PA0958": "nt659\u03941", "PA1179": NaN, "PA1180": NaN, "PA1777": NaN, "PA1798": "H398R", "PA1799": NaN, "PA2018": "T543A", "PA2019": "K329Q; W358R", "PA2020": "G195D", "PA2272": "E37K; A104P", "PA2491": "D249N", "PA2492": "P60S; F172I", "PA3047": NaN, "PA3168": "T83I; D87N", "PA3574": "nt165\u03941", "PA3721": "G71E; A186T", "PA3999": NaN, "PA4003": NaN, "PA4020": NaN, "PA4109": NaN, "PA4110": NaN, "PA4266": NaN, "PA4418": NaN, "PA4522": "G148A; G156D; D183Y", "PA4600": NaN, "PA4700": NaN, "PA4776": NaN, "PA4777": "Y345H", "PA4964": "S87W; L168Q", "PA4967": NaN, "PA5045": "E245D", "PA5235": NaN, "PA5471": "L88P; D161G; H182Q; V243A; V266M", "PA5485": NaN}') ON DUPLICATE KEY UPDATE aislado_id = '157', clon = 'ST175', resistoma_mutante = '{"PA0004": NaN, "PA0424": NaN, "PA0425": NaN, "PA0426": NaN, "PA0427": NaN, "PA0807": "A219T", "PA0869": "S250N", "PA0958": "nt659\u03941", "PA1179": NaN, "PA1180": NaN, "PA1777": NaN, "PA1798": "H398R", "PA1799": NaN, "PA2018": "T543A", "PA2019": "K329Q; W358R", "PA2020": "G195D", "PA2272": "E37K; A104P", "PA2491": "D249N", "PA2492": "P60S; F172I", "PA3047": NaN, "PA3168": "T83I; D87N", "PA3574": "nt165\u03941", "PA3721": "G71E; A186T", "PA3999": NaN, "PA4003": NaN, "PA4020": NaN, "PA4109": NaN, "PA4110": NaN, "PA4266": NaN, "PA4418": NaN, "PA4522": "G148A; G156D; D183Y", "PA4600": NaN, "PA4700": NaN, "PA4776": NaN, "PA4777": "Y345H", "PA4964": "S87W; L168Q", "PA4967": NaN, "PA5045": "E245D", "PA5235": NaN, "PA5471": "L88P; D161G; H182Q; V243A; V266M", "PA5485": NaN}'; 
INSERT INTO metadata_general(aislado_id, aislado_nombre) VALUES ('158', 'MAD03-038') ON DUPLICATE KEY UPDATE aislado_id = '158', aislado_nombre = 'MAD03-038'; 
INSERT INTO mic(mic_id, aislado_id, pip_tz, fep, caz, imi, mer, cip, tob, col, tic, cza, tol, atm, caz_cloxa, imi_cloxa) VALUES ('158', '158', '128', '16', '16', '16', '16', '0.5', '1', '4', '256', '16', '2', '32', '+', 'nan') ON DUPLICATE KEY UPDATE aislado_id = '158', pip_tz = '128', fep = '16', caz = '16', imi = '16', mer = '16', cip = '0.5', tob = '1', col = '4', tic = '256', cza = '16', tol = '2', atm = '32', caz_cloxa = '+', imi_cloxa = 'nan'; 
INSERT INTO secuencia(secuencia_id, aislado_id, clon, resistoma_mutante) VALUES ('158', '158', 'ST217', '{"PA0004": NaN, "PA0424": NaN, "PA0425": "D373E", "PA0426": NaN, "PA0427": "V72L", "PA0807": "A219T", "PA0869": NaN, "PA0958": NaN, "PA1179": NaN, "PA1180": NaN, "PA1777": NaN, "PA1798": "H398R", "PA1799": NaN, "PA2018": "T543A", "PA2019": "K329Q; L331V; W358R", "PA2020": NaN, "PA2272": NaN, "PA2491": "D249N", "PA2492": "F172I", "PA3047": NaN, "PA3168": NaN, "PA3574": NaN, "PA3721": "G71E; S209R", "PA3999": NaN, "PA4003": NaN, "PA4020": "A303V; M297V", "PA4109": NaN, "PA4110": "T105A", "PA4266": NaN, "PA4418": NaN, "PA4522": "R11L; G148A; D183Y", "PA4600": "R82L", "PA4700": NaN, "PA4776": "L71R", "PA4777": "Y345H", "PA4964": NaN, "PA4967": "A473V; D533E", "PA5045": "S520P", "PA5235": NaN, "PA5471": "C40R; L88P; D161G; H182Q; V243A", "PA5485": NaN}') ON DUPLICATE KEY UPDATE aislado_id = '158', clon = 'ST217', resistoma_mutante = '{"PA0004": NaN, "PA0424": NaN, "PA0425": "D373E", "PA0426": NaN, "PA0427": "V72L", "PA0807": "A219T", "PA0869": NaN, "PA0958": NaN, "PA1179": NaN, "PA1180": NaN, "PA1777": NaN, "PA1798": "H398R", "PA1799": NaN, "PA2018": "T543A", "PA2019": "K329Q; L331V; W358R", "PA2020": NaN, "PA2272": NaN, "PA2491": "D249N", "PA2492": "F172I", "PA3047": NaN, "PA3168": NaN, "PA3574": NaN, "PA3721": "G71E; S209R", "PA3999": NaN, "PA4003": NaN, "PA4020": "A303V; M297V", "PA4109": NaN, "PA4110": "T105A", "PA4266": NaN, "PA4418": NaN, "PA4522": "R11L; G148A; D183Y", "PA4600": "R82L", "PA4700": NaN, "PA4776": "L71R", "PA4777": "Y345H", "PA4964": NaN, "PA4967": "A473V; D533E", "PA5045": "S520P", "PA5235": NaN, "PA5471": "C40R; L88P; D161G; H182Q; V243A", "PA5485": NaN}'; 
INSERT INTO metadata_general(aislado_id, aislado_nombre) VALUES ('159', 'MAD04-005') ON DUPLICATE KEY UPDATE aislado_id = '159', aislado_nombre = 'MAD04-005'; 
INSERT INTO mic(mic_id, aislado_id, pip_tz, fep, caz, imi, mer, cip, tob, col, tic, cza, tol, atm, caz_cloxa, imi_cloxa) VALUES ('159', '159', '<=4', '16', '8', '8', '1', '16', '4', '<=0.5', '32', '2', '4', '<=2', 'nan', '+') ON DUPLICATE KEY UPDATE aislado_id = '159', pip_tz = '<=4', fep = '16', caz = '8', imi = '8', mer = '1', cip = '16', tob = '4', col = '<=0.5', tic = '32', cza = '2', tol = '4', atm = '<=2', caz_cloxa = 'nan', imi_cloxa = '+'; 
INSERT INTO secuencia(secuencia_id, aislado_id, clon, resistoma_mutante) VALUES ('159', '159', 'ST1068', '{"PA0004": "H148N", "PA0424": NaN, "PA0425": "nt454\u03941", "PA0426": NaN, "PA0427": NaN, "PA0807": NaN, "PA0869": "S250N", "PA0958": NaN, "PA1179": NaN, "PA1180": NaN, "PA1777": NaN, "PA1798": "A82T; H398R", "PA1799": NaN, "PA2018": "T543A; Q840E", "PA2019": "K329Q; L331V; D346H; W358R", "PA2020": "W167X", "PA2272": "A104P", "PA2491": "D249N", "PA2492": "F172I", "PA3047": "A394P", "PA3168": "T83I", "PA3574": NaN, "PA3721": "G71E; S209R", "PA3999": NaN, "PA4003": NaN, "PA4020": "M297V", "PA4109": NaN, "PA4110": "T21A; T105A; G391A", "PA4266": "E463Q; R680C", "PA4418": NaN, "PA4522": "R11L; G148A; D183Y", "PA4600": NaN, "PA4700": "S25G", "PA4776": "L71R", "PA4777": "Y345H", "PA4964": NaN, "PA4967": NaN, "PA5045": NaN, "PA5235": NaN, "PA5471": "L88P; D119E", "PA5485": NaN}') ON DUPLICATE KEY UPDATE aislado_id = '159', clon = 'ST1068', resistoma_mutante = '{"PA0004": "H148N", "PA0424": NaN, "PA0425": "nt454\u03941", "PA0426": NaN, "PA0427": NaN, "PA0807": NaN, "PA0869": "S250N", "PA0958": NaN, "PA1179": NaN, "PA1180": NaN, "PA1777": NaN, "PA1798": "A82T; H398R", "PA1799": NaN, "PA2018": "T543A; Q840E", "PA2019": "K329Q; L331V; D346H; W358R", "PA2020": "W167X", "PA2272": "A104P", "PA2491": "D249N", "PA2492": "F172I", "PA3047": "A394P", "PA3168": "T83I", "PA3574": NaN, "PA3721": "G71E; S209R", "PA3999": NaN, "PA4003": NaN, "PA4020": "M297V", "PA4109": NaN, "PA4110": "T21A; T105A; G391A", "PA4266": "E463Q; R680C", "PA4418": NaN, "PA4522": "R11L; G148A; D183Y", "PA4600": NaN, "PA4700": "S25G", "PA4776": "L71R", "PA4777": "Y345H", "PA4964": NaN, "PA4967": NaN, "PA5045": NaN, "PA5235": NaN, "PA5471": "L88P; D119E", "PA5485": NaN}'; 
INSERT INTO metadata_general(aislado_id, aislado_nombre) VALUES ('160', 'MAD04-008') ON DUPLICATE KEY UPDATE aislado_id = '160', aislado_nombre = 'MAD04-008'; 
INSERT INTO mic(mic_id, aislado_id, pip_tz, fep, caz, imi, mer, cip, tob, col, tic, cza, tol, atm, caz_cloxa, imi_cloxa) VALUES ('160', '160', '32', '16', '16', '8', '4', '>16', '16', '2', '64', '4', '2', '8', 'nan', 'nan') ON DUPLICATE KEY UPDATE aislado_id = '160', pip_tz = '32', fep = '16', caz = '16', imi = '8', mer = '4', cip = '>16', tob = '16', col = '2', tic = '64', cza = '4', tol = '2', atm = '8', caz_cloxa = 'nan', imi_cloxa = 'nan'; 
INSERT INTO secuencia(secuencia_id, aislado_id, clon, resistoma_mutante) VALUES ('160', '160', 'ST27', '{"PA0004": NaN, "PA0424": "V126E; V132A", "PA0425": NaN, "PA0426": NaN, "PA0427": NaN, "PA0807": "A219T", "PA0869": NaN, "PA0958": NaN, "PA1179": NaN, "PA1180": NaN, "PA1777": NaN, "PA1798": "H398R", "PA1799": NaN, "PA2018": "T543A", "PA2019": "K329Q; L331V", "PA2020": "L128M", "PA2272": "A104T", "PA2491": "D249N", "PA2492": "M7V; F172I", "PA3047": "A394P", "PA3168": "T83I", "PA3574": NaN, "PA3721": "G71E; S209R", "PA3999": NaN, "PA4003": NaN, "PA4020": NaN, "PA4109": NaN, "PA4110": "R79Q; T105A; P274L", "PA4266": NaN, "PA4418": NaN, "PA4522": NaN, "PA4600": NaN, "PA4700": "L353Q; S25G", "PA4776": "L71R", "PA4777": "Y345H", "PA4964": NaN, "PA4967": "H360Y; V460G", "PA5045": NaN, "PA5235": NaN, "PA5471": "L88P; D161G; H182Q; V243A", "PA5485": NaN}') ON DUPLICATE KEY UPDATE aislado_id = '160', clon = 'ST27', resistoma_mutante = '{"PA0004": NaN, "PA0424": "V126E; V132A", "PA0425": NaN, "PA0426": NaN, "PA0427": NaN, "PA0807": "A219T", "PA0869": NaN, "PA0958": NaN, "PA1179": NaN, "PA1180": NaN, "PA1777": NaN, "PA1798": "H398R", "PA1799": NaN, "PA2018": "T543A", "PA2019": "K329Q; L331V", "PA2020": "L128M", "PA2272": "A104T", "PA2491": "D249N", "PA2492": "M7V; F172I", "PA3047": "A394P", "PA3168": "T83I", "PA3574": NaN, "PA3721": "G71E; S209R", "PA3999": NaN, "PA4003": NaN, "PA4020": NaN, "PA4109": NaN, "PA4110": "R79Q; T105A; P274L", "PA4266": NaN, "PA4418": NaN, "PA4522": NaN, "PA4600": NaN, "PA4700": "L353Q; S25G", "PA4776": "L71R", "PA4777": "Y345H", "PA4964": NaN, "PA4967": "H360Y; V460G", "PA5045": NaN, "PA5235": NaN, "PA5471": "L88P; D161G; H182Q; V243A", "PA5485": NaN}'; 
INSERT INTO metadata_general(aislado_id, aislado_nombre) VALUES ('161', 'MAD04-010') ON DUPLICATE KEY UPDATE aislado_id = '161', aislado_nombre = 'MAD04-010'; 
INSERT INTO mic(mic_id, aislado_id, pip_tz, fep, caz, imi, mer, cip, tob, col, tic, cza, tol, atm, caz_cloxa, imi_cloxa) VALUES ('161', '161', '32', '8', '16', '8', '16', '>16', '>32', '1', '128', '8', '1', '32', '+', '+') ON DUPLICATE KEY UPDATE aislado_id = '161', pip_tz = '32', fep = '8', caz = '16', imi = '8', mer = '16', cip = '>16', tob = '>32', col = '1', tic = '128', cza = '8', tol = '1', atm = '32', caz_cloxa = '+', imi_cloxa = '+'; 
INSERT INTO secuencia(secuencia_id, aislado_id, clon, resistoma_mutante) VALUES ('161', '161', 'ST175', '{"PA0004": NaN, "PA0424": NaN, "PA0425": NaN, "PA0426": NaN, "PA0427": NaN, "PA0807": "A219T", "PA0869": "S250N", "PA0958": NaN, "PA1179": NaN, "PA1180": NaN, "PA1777": NaN, "PA1798": "H398R", "PA1799": NaN, "PA2018": "T543A", "PA2019": "K329Q", "PA2020": "G195D", "PA2272": "E37K; A104P", "PA2491": "D249N", "PA2492": "P60S", "PA3047": NaN, "PA3168": "T83I; D87N", "PA3574": NaN, "PA3721": "A186T", "PA3999": NaN, "PA4003": NaN, "PA4020": NaN, "PA4109": NaN, "PA4110": NaN, "PA4266": NaN, "PA4418": NaN, "PA4522": "R82C; G148A; D183Y", "PA4600": NaN, "PA4700": NaN, "PA4776": NaN, "PA4777": "Y345H", "PA4964": "S87W; L168Q", "PA4967": NaN, "PA5045": "E245D", "PA5235": NaN, "PA5471": "L88P; D161G; H182Q; V243A; V266M", "PA5485": NaN}') ON DUPLICATE KEY UPDATE aislado_id = '161', clon = 'ST175', resistoma_mutante = '{"PA0004": NaN, "PA0424": NaN, "PA0425": NaN, "PA0426": NaN, "PA0427": NaN, "PA0807": "A219T", "PA0869": "S250N", "PA0958": NaN, "PA1179": NaN, "PA1180": NaN, "PA1777": NaN, "PA1798": "H398R", "PA1799": NaN, "PA2018": "T543A", "PA2019": "K329Q", "PA2020": "G195D", "PA2272": "E37K; A104P", "PA2491": "D249N", "PA2492": "P60S", "PA3047": NaN, "PA3168": "T83I; D87N", "PA3574": NaN, "PA3721": "A186T", "PA3999": NaN, "PA4003": NaN, "PA4020": NaN, "PA4109": NaN, "PA4110": NaN, "PA4266": NaN, "PA4418": NaN, "PA4522": "R82C; G148A; D183Y", "PA4600": NaN, "PA4700": NaN, "PA4776": NaN, "PA4777": "Y345H", "PA4964": "S87W; L168Q", "PA4967": NaN, "PA5045": "E245D", "PA5235": NaN, "PA5471": "L88P; D161G; H182Q; V243A; V266M", "PA5485": NaN}'; 
INSERT INTO metadata_general(aislado_id, aislado_nombre) VALUES ('162', 'MAD04-011') ON DUPLICATE KEY UPDATE aislado_id = '162', aislado_nombre = 'MAD04-011'; 
INSERT INTO mic(mic_id, aislado_id, pip_tz, fep, caz, imi, mer, cip, tob, col, tic, cza, tol, atm, caz_cloxa, imi_cloxa) VALUES ('162', '162', '64', '16', '8', '16', '32', '>16', '>32', '2', '128', '8', '1', '32', '+', '+') ON DUPLICATE KEY UPDATE aislado_id = '162', pip_tz = '64', fep = '16', caz = '8', imi = '16', mer = '32', cip = '>16', tob = '>32', col = '2', tic = '128', cza = '8', tol = '1', atm = '32', caz_cloxa = '+', imi_cloxa = '+'; 
INSERT INTO secuencia(secuencia_id, aislado_id, clon, resistoma_mutante) VALUES ('162', '162', 'ST235', '{"PA0004": NaN, "PA0424": "V126E", "PA0425": NaN, "PA0426": "G957D", "PA0427": NaN, "PA0807": "A208V", "PA0869": "A287S", "PA0958": "nt635\u03941", "PA1179": NaN, "PA1180": "Y85F", "PA1777": NaN, "PA1798": "H398R", "PA1799": "L153R; S170N", "PA2018": "T543A", "PA2019": "A30T; K329Q; L331V; W358R", "PA2020": NaN, "PA2272": "A104P; V466I", "PA2491": "D249N", "PA2492": "P60S; F172I", "PA3047": NaN, "PA3168": "T83I", "PA3574": "nt376\u03941", "PA3721": "G71E; E153Q; S209R", "PA3999": NaN, "PA4003": NaN, "PA4020": NaN, "PA4109": "G283E; M288R", "PA4110": "G27D; A97V; T105A; V205L; G391A", "PA4266": NaN, "PA4418": NaN, "PA4522": "G148A", "PA4600": NaN, "PA4700": "L353Q", "PA4776": "L71R", "PA4777": "A4T; G68S; Y345H; G362S", "PA4964": "S87L", "PA4967": "D533E", "PA5045": NaN, "PA5235": NaN, "PA5471": "L88P; D161G; H182Q; R204C; V243A", "PA5485": NaN}') ON DUPLICATE KEY UPDATE aislado_id = '162', clon = 'ST235', resistoma_mutante = '{"PA0004": NaN, "PA0424": "V126E", "PA0425": NaN, "PA0426": "G957D", "PA0427": NaN, "PA0807": "A208V", "PA0869": "A287S", "PA0958": "nt635\u03941", "PA1179": NaN, "PA1180": "Y85F", "PA1777": NaN, "PA1798": "H398R", "PA1799": "L153R; S170N", "PA2018": "T543A", "PA2019": "A30T; K329Q; L331V; W358R", "PA2020": NaN, "PA2272": "A104P; V466I", "PA2491": "D249N", "PA2492": "P60S; F172I", "PA3047": NaN, "PA3168": "T83I", "PA3574": "nt376\u03941", "PA3721": "G71E; E153Q; S209R", "PA3999": NaN, "PA4003": NaN, "PA4020": NaN, "PA4109": "G283E; M288R", "PA4110": "G27D; A97V; T105A; V205L; G391A", "PA4266": NaN, "PA4418": NaN, "PA4522": "G148A", "PA4600": NaN, "PA4700": "L353Q", "PA4776": "L71R", "PA4777": "A4T; G68S; Y345H; G362S", "PA4964": "S87L", "PA4967": "D533E", "PA5045": NaN, "PA5235": NaN, "PA5471": "L88P; D161G; H182Q; R204C; V243A", "PA5485": NaN}'; 
INSERT INTO metadata_general(aislado_id, aislado_nombre) VALUES ('163', 'MAD04-014') ON DUPLICATE KEY UPDATE aislado_id = '163', aislado_nombre = 'MAD04-014'; 
INSERT INTO mic(mic_id, aislado_id, pip_tz, fep, caz, imi, mer, cip, tob, col, tic, cza, tol, atm, caz_cloxa, imi_cloxa) VALUES ('163', '163', '32', '16', '8', '8', '16', '8', '1', '2', '256', '8', '1', '32', '+', '+') ON DUPLICATE KEY UPDATE aislado_id = '163', pip_tz = '32', fep = '16', caz = '8', imi = '8', mer = '16', cip = '8', tob = '1', col = '2', tic = '256', cza = '8', tol = '1', atm = '32', caz_cloxa = '+', imi_cloxa = '+'; 
INSERT INTO secuencia(secuencia_id, aislado_id, clon, resistoma_mutante) VALUES ('163', '163', 'ST189', '{"PA0004": NaN, "PA0424": "nt319\u039410", "PA0425": NaN, "PA0426": NaN, "PA0427": NaN, "PA0807": "A219T", "PA0869": NaN, "PA0958": NaN, "PA1179": NaN, "PA1180": NaN, "PA1777": NaN, "PA1798": "H398R", "PA1799": NaN, "PA2018": "T543A", "PA2019": "K329Q; L331V; W358R", "PA2020": "Q134R; nt593\u039413", "PA2272": "A104P", "PA2491": "D249N", "PA2492": "F172I", "PA3047": NaN, "PA3168": "aa914InsSE", "PA3574": "T188A", "PA3721": "G71E; S209R", "PA3999": NaN, "PA4003": NaN, "PA4020": NaN, "PA4109": NaN, "PA4110": "R79Q; T105A", "PA4266": "A246V", "PA4418": NaN, "PA4522": "V30A; G148A", "PA4600": "nt331\u03941", "PA4700": "K607R; L353Q; S25G", "PA4776": "L71R", "PA4777": "Y345H", "PA4964": "V646L", "PA4967": NaN, "PA5045": NaN, "PA5235": NaN, "PA5471": "L88P; D161G; H182Q; V243A", "PA5485": NaN}') ON DUPLICATE KEY UPDATE aislado_id = '163', clon = 'ST189', resistoma_mutante = '{"PA0004": NaN, "PA0424": "nt319\u039410", "PA0425": NaN, "PA0426": NaN, "PA0427": NaN, "PA0807": "A219T", "PA0869": NaN, "PA0958": NaN, "PA1179": NaN, "PA1180": NaN, "PA1777": NaN, "PA1798": "H398R", "PA1799": NaN, "PA2018": "T543A", "PA2019": "K329Q; L331V; W358R", "PA2020": "Q134R; nt593\u039413", "PA2272": "A104P", "PA2491": "D249N", "PA2492": "F172I", "PA3047": NaN, "PA3168": "aa914InsSE", "PA3574": "T188A", "PA3721": "G71E; S209R", "PA3999": NaN, "PA4003": NaN, "PA4020": NaN, "PA4109": NaN, "PA4110": "R79Q; T105A", "PA4266": "A246V", "PA4418": NaN, "PA4522": "V30A; G148A", "PA4600": "nt331\u03941", "PA4700": "K607R; L353Q; S25G", "PA4776": "L71R", "PA4777": "Y345H", "PA4964": "V646L", "PA4967": NaN, "PA5045": NaN, "PA5235": NaN, "PA5471": "L88P; D161G; H182Q; V243A", "PA5485": NaN}'; 
INSERT INTO metadata_general(aislado_id, aislado_nombre) VALUES ('164', 'MAD04-016') ON DUPLICATE KEY UPDATE aislado_id = '164', aislado_nombre = 'MAD04-016'; 
INSERT INTO mic(mic_id, aislado_id, pip_tz, fep, caz, imi, mer, cip, tob, col, tic, cza, tol, atm, caz_cloxa, imi_cloxa) VALUES ('164', '164', '128', '16', '32', '32', '16', '4', '2', '2', '128', '8', '8', '32', '+', '+') ON DUPLICATE KEY UPDATE aislado_id = '164', pip_tz = '128', fep = '16', caz = '32', imi = '32', mer = '16', cip = '4', tob = '2', col = '2', tic = '128', cza = '8', tol = '8', atm = '32', caz_cloxa = '+', imi_cloxa = '+'; 
INSERT INTO secuencia(secuencia_id, aislado_id, clon, resistoma_mutante) VALUES ('164', '164', 'ST499', '{"PA0004": NaN, "PA0424": NaN, "PA0425": "nt911\u03941", "PA0426": NaN, "PA0427": NaN, "PA0807": "A219T", "PA0869": NaN, "PA0958": "Y397X", "PA1179": NaN, "PA1180": "S157T", "PA1777": NaN, "PA1798": "H398R", "PA1799": NaN, "PA2018": "T543A; T927I; N1036T; Q1039R", "PA2019": "K329Q; L331V; W358R", "PA2020": "nt154InsACAAGA", "PA2272": NaN, "PA2491": "D249N", "PA2492": "F172I", "PA3047": NaN, "PA3168": "aa616\u0394R", "PA3574": "V128M", "PA3721": "G71E", "PA3999": NaN, "PA4003": NaN, "PA4020": "nt112InsC", "PA4109": NaN, "PA4110": "R79Q; T105A; G129S", "PA4266": NaN, "PA4418": "Y268C", "PA4522": "G148A; Q155*; D183Y", "PA4600": NaN, "PA4700": NaN, "PA4776": "L71R", "PA4777": "Y345H", "PA4964": NaN, "PA4967": NaN, "PA5045": NaN, "PA5235": "C432S", "PA5471": "L88P; D161G; H182Q; V243A", "PA5485": NaN}') ON DUPLICATE KEY UPDATE aislado_id = '164', clon = 'ST499', resistoma_mutante = '{"PA0004": NaN, "PA0424": NaN, "PA0425": "nt911\u03941", "PA0426": NaN, "PA0427": NaN, "PA0807": "A219T", "PA0869": NaN, "PA0958": "Y397X", "PA1179": NaN, "PA1180": "S157T", "PA1777": NaN, "PA1798": "H398R", "PA1799": NaN, "PA2018": "T543A; T927I; N1036T; Q1039R", "PA2019": "K329Q; L331V; W358R", "PA2020": "nt154InsACAAGA", "PA2272": NaN, "PA2491": "D249N", "PA2492": "F172I", "PA3047": NaN, "PA3168": "aa616\u0394R", "PA3574": "V128M", "PA3721": "G71E", "PA3999": NaN, "PA4003": NaN, "PA4020": "nt112InsC", "PA4109": NaN, "PA4110": "R79Q; T105A; G129S", "PA4266": NaN, "PA4418": "Y268C", "PA4522": "G148A; Q155*; D183Y", "PA4600": NaN, "PA4700": NaN, "PA4776": "L71R", "PA4777": "Y345H", "PA4964": NaN, "PA4967": NaN, "PA5045": NaN, "PA5235": "C432S", "PA5471": "L88P; D161G; H182Q; V243A", "PA5485": NaN}'; 
INSERT INTO metadata_general(aislado_id, aislado_nombre) VALUES ('165', 'MAD04-028') ON DUPLICATE KEY UPDATE aislado_id = '165', aislado_nombre = 'MAD04-028'; 
INSERT INTO mic(mic_id, aislado_id, pip_tz, fep, caz, imi, mer, cip, tob, col, tic, cza, tol, atm, caz_cloxa, imi_cloxa) VALUES ('165', '165', '256', '32', '64', '16', '16', '16', '1', '1', '256', '4', '2', '32', '+', '+') ON DUPLICATE KEY UPDATE aislado_id = '165', pip_tz = '256', fep = '32', caz = '64', imi = '16', mer = '16', cip = '16', tob = '1', col = '1', tic = '256', cza = '4', tol = '2', atm = '32', caz_cloxa = '+', imi_cloxa = '+'; 
INSERT INTO secuencia(secuencia_id, aislado_id, clon, resistoma_mutante) VALUES ('165', '165', 'ST792', '{"PA0004": NaN, "PA0424": "V126E", "PA0425": NaN, "PA0426": NaN, "PA0427": NaN, "PA0807": "A219T", "PA0869": NaN, "PA0958": NaN, "PA1179": NaN, "PA1180": NaN, "PA1777": NaN, "PA1798": "L50P; H398R", "PA1799": NaN, "PA2018": "T543A", "PA2019": "K329Q; L331V; W358R", "PA2020": "L128M", "PA2272": "A104P", "PA2491": "S84F; I218F; D249N", "PA2492": "P60S; F172I", "PA3047": NaN, "PA3168": "T83I; aa914\u0394PS", "PA3574": NaN, "PA3721": "M39T; G71E; S209R", "PA3999": NaN, "PA4003": NaN, "PA4020": "M297V; nt1178\u03941", "PA4109": NaN, "PA4110": "R79Q; T105A", "PA4266": NaN, "PA4418": NaN, "PA4522": "G148A; S175L", "PA4600": NaN, "PA4700": "L353Q", "PA4776": "L71R", "PA4777": "Y345H", "PA4964": "V646L", "PA4967": NaN, "PA5045": "P388S", "PA5235": "C432S", "PA5471": "L88P; D161G; H182Q; V243A", "PA5485": "P21Q"}') ON DUPLICATE KEY UPDATE aislado_id = '165', clon = 'ST792', resistoma_mutante = '{"PA0004": NaN, "PA0424": "V126E", "PA0425": NaN, "PA0426": NaN, "PA0427": NaN, "PA0807": "A219T", "PA0869": NaN, "PA0958": NaN, "PA1179": NaN, "PA1180": NaN, "PA1777": NaN, "PA1798": "L50P; H398R", "PA1799": NaN, "PA2018": "T543A", "PA2019": "K329Q; L331V; W358R", "PA2020": "L128M", "PA2272": "A104P", "PA2491": "S84F; I218F; D249N", "PA2492": "P60S; F172I", "PA3047": NaN, "PA3168": "T83I; aa914\u0394PS", "PA3574": NaN, "PA3721": "M39T; G71E; S209R", "PA3999": NaN, "PA4003": NaN, "PA4020": "M297V; nt1178\u03941", "PA4109": NaN, "PA4110": "R79Q; T105A", "PA4266": NaN, "PA4418": NaN, "PA4522": "G148A; S175L", "PA4600": NaN, "PA4700": "L353Q", "PA4776": "L71R", "PA4777": "Y345H", "PA4964": "V646L", "PA4967": NaN, "PA5045": "P388S", "PA5235": "C432S", "PA5471": "L88P; D161G; H182Q; V243A", "PA5485": "P21Q"}'; 
INSERT INTO metadata_general(aislado_id, aislado_nombre) VALUES ('166', 'MAD04-041') ON DUPLICATE KEY UPDATE aislado_id = '166', aislado_nombre = 'MAD04-041'; 
INSERT INTO mic(mic_id, aislado_id, pip_tz, fep, caz, imi, mer, cip, tob, col, tic, cza, tol, atm, caz_cloxa, imi_cloxa) VALUES ('166', '166', '16', '>64', '>64', '>32', '>64', '>16', '>32', '1', '>512', '>32', '>32', '8', 'nan', 'nan') ON DUPLICATE KEY UPDATE aislado_id = '166', pip_tz = '16', fep = '>64', caz = '>64', imi = '>32', mer = '>64', cip = '>16', tob = '>32', col = '1', tic = '>512', cza = '>32', tol = '>32', atm = '8', caz_cloxa = 'nan', imi_cloxa = 'nan'; 
INSERT INTO secuencia(secuencia_id, aislado_id, clon, resistoma_mutante) VALUES ('166', '166', 'ST155', '{"PA0004": NaN, "PA0424": NaN, "PA0425": NaN, "PA0426": NaN, "PA0427": NaN, "PA0807": "A219T", "PA0869": NaN, "PA0958": NaN, "PA1179": "P31Q", "PA1180": NaN, "PA1777": NaN, "PA1798": "T131P; H398R", "PA1799": NaN, "PA2018": "D428N; T543A", "PA2019": "K329Q; L331V; W358R", "PA2020": "G50S", "PA2272": NaN, "PA2491": "D249N", "PA2492": "F172I", "PA3047": NaN, "PA3168": "T83I", "PA3574": NaN, "PA3721": "G71E; S209R", "PA3999": NaN, "PA4003": NaN, "PA4020": "M297V", "PA4109": NaN, "PA4110": "R79Q; T105A", "PA4266": NaN, "PA4418": NaN, "PA4522": "Q44H; G148A; D183Y", "PA4600": NaN, "PA4700": "L353Q", "PA4776": NaN, "PA4777": "Y345H", "PA4964": "S87L", "PA4967": NaN, "PA5045": NaN, "PA5235": "Ter449Gext*", "PA5471": "L88P; D161G; H182Q; V243A", "PA5485": NaN}') ON DUPLICATE KEY UPDATE aislado_id = '166', clon = 'ST155', resistoma_mutante = '{"PA0004": NaN, "PA0424": NaN, "PA0425": NaN, "PA0426": NaN, "PA0427": NaN, "PA0807": "A219T", "PA0869": NaN, "PA0958": NaN, "PA1179": "P31Q", "PA1180": NaN, "PA1777": NaN, "PA1798": "T131P; H398R", "PA1799": NaN, "PA2018": "D428N; T543A", "PA2019": "K329Q; L331V; W358R", "PA2020": "G50S", "PA2272": NaN, "PA2491": "D249N", "PA2492": "F172I", "PA3047": NaN, "PA3168": "T83I", "PA3574": NaN, "PA3721": "G71E; S209R", "PA3999": NaN, "PA4003": NaN, "PA4020": "M297V", "PA4109": NaN, "PA4110": "R79Q; T105A", "PA4266": NaN, "PA4418": NaN, "PA4522": "Q44H; G148A; D183Y", "PA4600": NaN, "PA4700": "L353Q", "PA4776": NaN, "PA4777": "Y345H", "PA4964": "S87L", "PA4967": NaN, "PA5045": NaN, "PA5235": "Ter449Gext*", "PA5471": "L88P; D161G; H182Q; V243A", "PA5485": NaN}'; 
INSERT INTO metadata_general(aislado_id, aislado_nombre) VALUES ('167', 'MAD05-017') ON DUPLICATE KEY UPDATE aislado_id = '167', aislado_nombre = 'MAD05-017'; 
INSERT INTO mic(mic_id, aislado_id, pip_tz, fep, caz, imi, mer, cip, tob, col, tic, cza, tol, atm, caz_cloxa, imi_cloxa) VALUES ('167', '167', '256', '16', '64', '8', '8', '>16', '32', '2', '128', '8', '4', '32', '+', '+') ON DUPLICATE KEY UPDATE aislado_id = '167', pip_tz = '256', fep = '16', caz = '64', imi = '8', mer = '8', cip = '>16', tob = '32', col = '2', tic = '128', cza = '8', tol = '4', atm = '32', caz_cloxa = '+', imi_cloxa = '+'; 
INSERT INTO secuencia(secuencia_id, aislado_id, clon, resistoma_mutante) VALUES ('167', '167', 'ST175', '{"PA0004": NaN, "PA0424": NaN, "PA0425": NaN, "PA0426": NaN, "PA0427": NaN, "PA0807": "A219T", "PA0869": "S250N", "PA0958": "W277X", "PA1179": NaN, "PA1180": NaN, "PA1777": NaN, "PA1798": NaN, "PA1799": NaN, "PA2018": "T543A", "PA2019": "K329Q", "PA2020": "G195D", "PA2272": "E37K; A104P", "PA2491": "D249N", "PA2492": "P60S; F172I", "PA3047": NaN, "PA3168": "T83I; D87N", "PA3574": NaN, "PA3721": "G71E; A186T", "PA3999": NaN, "PA4003": NaN, "PA4020": NaN, "PA4109": NaN, "PA4110": NaN, "PA4266": NaN, "PA4418": NaN, "PA4522": "S18L; G148A; D183Y", "PA4600": NaN, "PA4700": NaN, "PA4776": NaN, "PA4777": "Y345H", "PA4964": "S87W; L168Q", "PA4967": NaN, "PA5045": NaN, "PA5235": NaN, "PA5471": "L88P; D161G; H182Q; V243A; V266M", "PA5485": NaN}') ON DUPLICATE KEY UPDATE aislado_id = '167', clon = 'ST175', resistoma_mutante = '{"PA0004": NaN, "PA0424": NaN, "PA0425": NaN, "PA0426": NaN, "PA0427": NaN, "PA0807": "A219T", "PA0869": "S250N", "PA0958": "W277X", "PA1179": NaN, "PA1180": NaN, "PA1777": NaN, "PA1798": NaN, "PA1799": NaN, "PA2018": "T543A", "PA2019": "K329Q", "PA2020": "G195D", "PA2272": "E37K; A104P", "PA2491": "D249N", "PA2492": "P60S; F172I", "PA3047": NaN, "PA3168": "T83I; D87N", "PA3574": NaN, "PA3721": "G71E; A186T", "PA3999": NaN, "PA4003": NaN, "PA4020": NaN, "PA4109": NaN, "PA4110": NaN, "PA4266": NaN, "PA4418": NaN, "PA4522": "S18L; G148A; D183Y", "PA4600": NaN, "PA4700": NaN, "PA4776": NaN, "PA4777": "Y345H", "PA4964": "S87W; L168Q", "PA4967": NaN, "PA5045": NaN, "PA5235": NaN, "PA5471": "L88P; D161G; H182Q; V243A; V266M", "PA5485": NaN}'; 
INSERT INTO metadata_general(aislado_id, aislado_nombre) VALUES ('168', 'MAD05-020') ON DUPLICATE KEY UPDATE aislado_id = '168', aislado_nombre = 'MAD05-020'; 
INSERT INTO mic(mic_id, aislado_id, pip_tz, fep, caz, imi, mer, cip, tob, col, tic, cza, tol, atm, caz_cloxa, imi_cloxa) VALUES ('168', '168', '32', '8', '16', '16', '16', '1', '<=0.25', '2', '128', '8', '1', '32', '+', '+') ON DUPLICATE KEY UPDATE aislado_id = '168', pip_tz = '32', fep = '8', caz = '16', imi = '16', mer = '16', cip = '1', tob = '<=0.25', col = '2', tic = '128', cza = '8', tol = '1', atm = '32', caz_cloxa = '+', imi_cloxa = '+'; 
INSERT INTO secuencia(secuencia_id, aislado_id, clon, resistoma_mutante) VALUES ('168', '168', 'ST3153', '{"PA0004": NaN, "PA0424": "V126E", "PA0425": NaN, "PA0426": NaN, "PA0427": NaN, "PA0807": "A219T", "PA0869": "R98H", "PA0958": "S57E; S59R; R312G", "PA1179": NaN, "PA1180": "R61H", "PA1777": NaN, "PA1798": "R243H; V313I; H398R", "PA1799": "L153R; S170N", "PA2018": "T543A; A635P; G652S", "PA2019": "K329Q; L331V; W358R", "PA2020": NaN, "PA2272": NaN, "PA2491": "D249N", "PA2492": "P60S; F172I", "PA3047": NaN, "PA3168": NaN, "PA3574": NaN, "PA3721": "T50P; G71E; S209R", "PA3999": "V50I", "PA4003": NaN, "PA4020": "A303V; M297V; G24S; aa118\u03941", "PA4109": NaN, "PA4110": "R79Q; T105A", "PA4266": NaN, "PA4418": NaN, "PA4522": "G148A", "PA4600": NaN, "PA4700": "S25G", "PA4776": NaN, "PA4777": "Y345H", "PA4964": NaN, "PA4967": "D533E", "PA5045": NaN, "PA5235": NaN, "PA5471": "R41C; L88P; D161G; H182Q", "PA5485": NaN}') ON DUPLICATE KEY UPDATE aislado_id = '168', clon = 'ST3153', resistoma_mutante = '{"PA0004": NaN, "PA0424": "V126E", "PA0425": NaN, "PA0426": NaN, "PA0427": NaN, "PA0807": "A219T", "PA0869": "R98H", "PA0958": "S57E; S59R; R312G", "PA1179": NaN, "PA1180": "R61H", "PA1777": NaN, "PA1798": "R243H; V313I; H398R", "PA1799": "L153R; S170N", "PA2018": "T543A; A635P; G652S", "PA2019": "K329Q; L331V; W358R", "PA2020": NaN, "PA2272": NaN, "PA2491": "D249N", "PA2492": "P60S; F172I", "PA3047": NaN, "PA3168": NaN, "PA3574": NaN, "PA3721": "T50P; G71E; S209R", "PA3999": "V50I", "PA4003": NaN, "PA4020": "A303V; M297V; G24S; aa118\u03941", "PA4109": NaN, "PA4110": "R79Q; T105A", "PA4266": NaN, "PA4418": NaN, "PA4522": "G148A", "PA4600": NaN, "PA4700": "S25G", "PA4776": NaN, "PA4777": "Y345H", "PA4964": NaN, "PA4967": "D533E", "PA5045": NaN, "PA5235": NaN, "PA5471": "R41C; L88P; D161G; H182Q", "PA5485": NaN}'; 
INSERT INTO metadata_general(aislado_id, aislado_nombre) VALUES ('169', 'MAD05-026') ON DUPLICATE KEY UPDATE aislado_id = '169', aislado_nombre = 'MAD05-026'; 
INSERT INTO mic(mic_id, aislado_id, pip_tz, fep, caz, imi, mer, cip, tob, col, tic, cza, tol, atm, caz_cloxa, imi_cloxa) VALUES ('169', '169', '64', '16', '32', '8', '32', '>16', '4', '2', '128', '8', '2', '32', '+', '+') ON DUPLICATE KEY UPDATE aislado_id = '169', pip_tz = '64', fep = '16', caz = '32', imi = '8', mer = '32', cip = '>16', tob = '4', col = '2', tic = '128', cza = '8', tol = '2', atm = '32', caz_cloxa = '+', imi_cloxa = '+'; 
INSERT INTO secuencia(secuencia_id, aislado_id, clon, resistoma_mutante) VALUES ('169', '169', 'ST175', '{"PA0004": NaN, "PA0424": NaN, "PA0425": NaN, "PA0426": NaN, "PA0427": NaN, "PA0807": "A219T", "PA0869": "S250N", "PA0958": "nt659\u03941", "PA1179": NaN, "PA1180": NaN, "PA1777": NaN, "PA1798": "H398R", "PA1799": NaN, "PA2018": "T543A; nt613InsC", "PA2019": "K329Q; W358R", "PA2020": "G195D", "PA2272": "E37K; A104P", "PA2491": "D249N", "PA2492": "P60S; F172I", "PA3047": NaN, "PA3168": "T83I; D87N", "PA3574": "nt165\u03941", "PA3721": "G71E; A186T", "PA3999": NaN, "PA4003": NaN, "PA4020": NaN, "PA4109": NaN, "PA4110": NaN, "PA4266": NaN, "PA4418": NaN, "PA4522": "G148A; G156D; D183Y", "PA4600": NaN, "PA4700": NaN, "PA4776": NaN, "PA4777": "Y345H", "PA4964": "S87W; L168Q", "PA4967": NaN, "PA5045": "E245D", "PA5235": NaN, "PA5471": "L88P; D161G; H182Q; V243A; V266M", "PA5485": NaN}') ON DUPLICATE KEY UPDATE aislado_id = '169', clon = 'ST175', resistoma_mutante = '{"PA0004": NaN, "PA0424": NaN, "PA0425": NaN, "PA0426": NaN, "PA0427": NaN, "PA0807": "A219T", "PA0869": "S250N", "PA0958": "nt659\u03941", "PA1179": NaN, "PA1180": NaN, "PA1777": NaN, "PA1798": "H398R", "PA1799": NaN, "PA2018": "T543A; nt613InsC", "PA2019": "K329Q; W358R", "PA2020": "G195D", "PA2272": "E37K; A104P", "PA2491": "D249N", "PA2492": "P60S; F172I", "PA3047": NaN, "PA3168": "T83I; D87N", "PA3574": "nt165\u03941", "PA3721": "G71E; A186T", "PA3999": NaN, "PA4003": NaN, "PA4020": NaN, "PA4109": NaN, "PA4110": NaN, "PA4266": NaN, "PA4418": NaN, "PA4522": "G148A; G156D; D183Y", "PA4600": NaN, "PA4700": NaN, "PA4776": NaN, "PA4777": "Y345H", "PA4964": "S87W; L168Q", "PA4967": NaN, "PA5045": "E245D", "PA5235": NaN, "PA5471": "L88P; D161G; H182Q; V243A; V266M", "PA5485": NaN}'; 
INSERT INTO metadata_general(aislado_id, aislado_nombre) VALUES ('170', 'MAD05-027') ON DUPLICATE KEY UPDATE aislado_id = '170', aislado_nombre = 'MAD05-027'; 
INSERT INTO mic(mic_id, aislado_id, pip_tz, fep, caz, imi, mer, cip, tob, col, tic, cza, tol, atm, caz_cloxa, imi_cloxa) VALUES ('170', '170', '32', '8', '32', '16', '16', '1', '1', '2', '128', '4', '1', '16', '+', '+') ON DUPLICATE KEY UPDATE aislado_id = '170', pip_tz = '32', fep = '8', caz = '32', imi = '16', mer = '16', cip = '1', tob = '1', col = '2', tic = '128', cza = '4', tol = '1', atm = '16', caz_cloxa = '+', imi_cloxa = '+'; 
INSERT INTO secuencia(secuencia_id, aislado_id, clon, resistoma_mutante) VALUES ('170', '170', 'ST3153', '{"PA0004": NaN, "PA0424": "V126E", "PA0425": NaN, "PA0426": NaN, "PA0427": NaN, "PA0807": "A219T", "PA0869": "R98H", "PA0958": "S57E; S59R; R312G", "PA1179": NaN, "PA1180": "R61H", "PA1777": NaN, "PA1798": "R243H; V313I; H398R", "PA1799": "L153R; S170N", "PA2018": "T543A; A635P; G652S", "PA2019": "K329Q; L331V; W358R", "PA2020": NaN, "PA2272": NaN, "PA2491": "D249N", "PA2492": "P60S; F172I", "PA3047": NaN, "PA3168": NaN, "PA3574": NaN, "PA3721": "T50P; G71E; S209R", "PA3999": "V50I", "PA4003": NaN, "PA4020": "A303V; M297V; G24S; aa118\u03941", "PA4109": NaN, "PA4110": "R79Q; T105A", "PA4266": NaN, "PA4418": NaN, "PA4522": "G148A", "PA4600": NaN, "PA4700": "S25G", "PA4776": NaN, "PA4777": "Y345H", "PA4964": NaN, "PA4967": "D533E", "PA5045": NaN, "PA5235": NaN, "PA5471": "R41C; L88P; D161G; H182Q", "PA5485": NaN}') ON DUPLICATE KEY UPDATE aislado_id = '170', clon = 'ST3153', resistoma_mutante = '{"PA0004": NaN, "PA0424": "V126E", "PA0425": NaN, "PA0426": NaN, "PA0427": NaN, "PA0807": "A219T", "PA0869": "R98H", "PA0958": "S57E; S59R; R312G", "PA1179": NaN, "PA1180": "R61H", "PA1777": NaN, "PA1798": "R243H; V313I; H398R", "PA1799": "L153R; S170N", "PA2018": "T543A; A635P; G652S", "PA2019": "K329Q; L331V; W358R", "PA2020": NaN, "PA2272": NaN, "PA2491": "D249N", "PA2492": "P60S; F172I", "PA3047": NaN, "PA3168": NaN, "PA3574": NaN, "PA3721": "T50P; G71E; S209R", "PA3999": "V50I", "PA4003": NaN, "PA4020": "A303V; M297V; G24S; aa118\u03941", "PA4109": NaN, "PA4110": "R79Q; T105A", "PA4266": NaN, "PA4418": NaN, "PA4522": "G148A", "PA4600": NaN, "PA4700": "S25G", "PA4776": NaN, "PA4777": "Y345H", "PA4964": NaN, "PA4967": "D533E", "PA5045": NaN, "PA5235": NaN, "PA5471": "R41C; L88P; D161G; H182Q", "PA5485": NaN}'; 
INSERT INTO metadata_general(aislado_id, aislado_nombre) VALUES ('171', 'MAD05-041') ON DUPLICATE KEY UPDATE aislado_id = '171', aislado_nombre = 'MAD05-041'; 
INSERT INTO mic(mic_id, aislado_id, pip_tz, fep, caz, imi, mer, cip, tob, col, tic, cza, tol, atm, caz_cloxa, imi_cloxa) VALUES ('171', '171', '128', '32', '64', '>32', '64', '>16', '32', '1', '>512', '32', '>32', '16', 'nan', 'nan') ON DUPLICATE KEY UPDATE aislado_id = '171', pip_tz = '128', fep = '32', caz = '64', imi = '>32', mer = '64', cip = '>16', tob = '32', col = '1', tic = '>512', cza = '32', tol = '>32', atm = '16', caz_cloxa = 'nan', imi_cloxa = 'nan'; 
INSERT INTO secuencia(secuencia_id, aislado_id, clon, resistoma_mutante) VALUES ('171', '171', 'ST111', '{"PA0004": NaN, "PA0424": "V126E", "PA0425": NaN, "PA0426": NaN, "PA0427": NaN, "PA0807": "A219T", "PA0869": NaN, "PA0958": "Y436F", "PA1179": NaN, "PA1180": NaN, "PA1777": NaN, "PA1798": "L137P; S228P; H398R", "PA1799": NaN, "PA2018": "G530S", "PA2019": "K329Q; L331V; W358R", "PA2020": NaN, "PA2272": "A104P", "PA2491": "D249N", "PA2492": "F172I", "PA3047": NaN, "PA3168": "T83I; V671I", "PA3574": NaN, "PA3721": "G71E", "PA3999": NaN, "PA4003": NaN, "PA4020": "D411A", "PA4109": "G283E", "PA4110": "T105A", "PA4266": NaN, "PA4418": NaN, "PA4522": "Q88L; G148A", "PA4600": NaN, "PA4700": "M715K; K607R", "PA4776": "L71R", "PA4777": "A4T; V6A; V15I; G68S; Y345H", "PA4964": "S87L", "PA4967": NaN, "PA5045": "G596R", "PA5235": NaN, "PA5471": "L88P; D161G; H182Q; V243A", "PA5485": NaN}') ON DUPLICATE KEY UPDATE aislado_id = '171', clon = 'ST111', resistoma_mutante = '{"PA0004": NaN, "PA0424": "V126E", "PA0425": NaN, "PA0426": NaN, "PA0427": NaN, "PA0807": "A219T", "PA0869": NaN, "PA0958": "Y436F", "PA1179": NaN, "PA1180": NaN, "PA1777": NaN, "PA1798": "L137P; S228P; H398R", "PA1799": NaN, "PA2018": "G530S", "PA2019": "K329Q; L331V; W358R", "PA2020": NaN, "PA2272": "A104P", "PA2491": "D249N", "PA2492": "F172I", "PA3047": NaN, "PA3168": "T83I; V671I", "PA3574": NaN, "PA3721": "G71E", "PA3999": NaN, "PA4003": NaN, "PA4020": "D411A", "PA4109": "G283E", "PA4110": "T105A", "PA4266": NaN, "PA4418": NaN, "PA4522": "Q88L; G148A", "PA4600": NaN, "PA4700": "M715K; K607R", "PA4776": "L71R", "PA4777": "A4T; V6A; V15I; G68S; Y345H", "PA4964": "S87L", "PA4967": NaN, "PA5045": "G596R", "PA5235": NaN, "PA5471": "L88P; D161G; H182Q; V243A", "PA5485": NaN}'; 
INSERT INTO metadata_general(aislado_id, aislado_nombre) VALUES ('172', 'MAD06-017') ON DUPLICATE KEY UPDATE aislado_id = '172', aislado_nombre = 'MAD06-017'; 
INSERT INTO mic(mic_id, aislado_id, pip_tz, fep, caz, imi, mer, cip, tob, col, tic, cza, tol, atm, caz_cloxa, imi_cloxa) VALUES ('172', '172', '32', '8', '8', '8', '8', '>16', '32', '2', '64', '1', '1', '8', '+', '+') ON DUPLICATE KEY UPDATE aislado_id = '172', pip_tz = '32', fep = '8', caz = '8', imi = '8', mer = '8', cip = '>16', tob = '32', col = '2', tic = '64', cza = '1', tol = '1', atm = '8', caz_cloxa = '+', imi_cloxa = '+'; 
INSERT INTO secuencia(secuencia_id, aislado_id, clon, resistoma_mutante) VALUES ('172', '172', 'ST175', '{"PA0004": NaN, "PA0424": "nt385InsGGGT", "PA0425": NaN, "PA0426": NaN, "PA0427": NaN, "PA0807": "A219T", "PA0869": "S250N", "PA0958": "Q142X", "PA1179": NaN, "PA1180": NaN, "PA1777": NaN, "PA1798": "H398R", "PA1799": NaN, "PA2018": "T543A", "PA2019": "K329Q; W358R", "PA2020": "G195D", "PA2272": "E37K; A104P", "PA2491": "D249N", "PA2492": "P60S; F172I", "PA3047": NaN, "PA3168": "T83I; D87N", "PA3574": NaN, "PA3721": "G71E; A186T", "PA3999": NaN, "PA4003": NaN, "PA4020": NaN, "PA4109": "G154R", "PA4110": NaN, "PA4266": NaN, "PA4418": NaN, "PA4522": "G148A; D183Y", "PA4600": NaN, "PA4700": NaN, "PA4776": NaN, "PA4777": "Y345H", "PA4964": "S87W; L168Q", "PA4967": NaN, "PA5045": "E245D", "PA5235": "T211P", "PA5471": "L88P; D161G; H182Q; V243A; V266M", "PA5485": NaN}') ON DUPLICATE KEY UPDATE aislado_id = '172', clon = 'ST175', resistoma_mutante = '{"PA0004": NaN, "PA0424": "nt385InsGGGT", "PA0425": NaN, "PA0426": NaN, "PA0427": NaN, "PA0807": "A219T", "PA0869": "S250N", "PA0958": "Q142X", "PA1179": NaN, "PA1180": NaN, "PA1777": NaN, "PA1798": "H398R", "PA1799": NaN, "PA2018": "T543A", "PA2019": "K329Q; W358R", "PA2020": "G195D", "PA2272": "E37K; A104P", "PA2491": "D249N", "PA2492": "P60S; F172I", "PA3047": NaN, "PA3168": "T83I; D87N", "PA3574": NaN, "PA3721": "G71E; A186T", "PA3999": NaN, "PA4003": NaN, "PA4020": NaN, "PA4109": "G154R", "PA4110": NaN, "PA4266": NaN, "PA4418": NaN, "PA4522": "G148A; D183Y", "PA4600": NaN, "PA4700": NaN, "PA4776": NaN, "PA4777": "Y345H", "PA4964": "S87W; L168Q", "PA4967": NaN, "PA5045": "E245D", "PA5235": "T211P", "PA5471": "L88P; D161G; H182Q; V243A; V266M", "PA5485": NaN}'; 
INSERT INTO metadata_general(aislado_id, aislado_nombre) VALUES ('173', 'MUR01-008') ON DUPLICATE KEY UPDATE aislado_id = '173', aislado_nombre = 'MUR01-008'; 
INSERT INTO mic(mic_id, aislado_id, pip_tz, fep, caz, imi, mer, cip, tob, col, tic, cza, tol, atm, caz_cloxa, imi_cloxa) VALUES ('173', '173', '64', '16', '32', '8', '32', '2', '<=0.25', '1', '256', '8', '2', '32', '+', '+') ON DUPLICATE KEY UPDATE aislado_id = '173', pip_tz = '64', fep = '16', caz = '32', imi = '8', mer = '32', cip = '2', tob = '<=0.25', col = '1', tic = '256', cza = '8', tol = '2', atm = '32', caz_cloxa = '+', imi_cloxa = '+'; 
INSERT INTO secuencia(secuencia_id, aislado_id, clon, resistoma_mutante) VALUES ('173', '173', 'ST308', '{"PA0004": "N5K; E468D", "PA0424": "V126E; nt33\u039413", "PA0425": NaN, "PA0426": "G957D; V1042A", "PA0427": NaN, "PA0807": NaN, "PA0869": "A287S", "PA0958": "nt385InsGA", "PA1179": NaN, "PA1180": NaN, "PA1777": NaN, "PA1798": "H398R", "PA1799": "L153R; S170N", "PA2018": "I536V; T543A; G589A; Q840E; N1036T", "PA2019": "A30T; K329Q; L331V; W358R", "PA2020": "G89S", "PA2272": "A104P", "PA2491": "V73A; D249N", "PA2492": "F172I", "PA3047": NaN, "PA3168": NaN, "PA3574": NaN, "PA3721": "G71E; D79E; S209R", "PA3999": NaN, "PA4003": NaN, "PA4020": NaN, "PA4109": "G283E; M288R", "PA4110": "G27D; T105A; V205L; V356I; G391A", "PA4266": NaN, "PA4418": NaN, "PA4522": "T139R", "PA4600": NaN, "PA4700": "L353Q; S25G", "PA4776": NaN, "PA4777": "S2P; A4T; V15I; G68S; Y345H", "PA4964": "P752T", "PA4967": "D533E", "PA5045": "D73N", "PA5235": NaN, "PA5471": "C40R; L88P; S112N; D119E; I237V; V243A", "PA5485": "V40I"}') ON DUPLICATE KEY UPDATE aislado_id = '173', clon = 'ST308', resistoma_mutante = '{"PA0004": "N5K; E468D", "PA0424": "V126E; nt33\u039413", "PA0425": NaN, "PA0426": "G957D; V1042A", "PA0427": NaN, "PA0807": NaN, "PA0869": "A287S", "PA0958": "nt385InsGA", "PA1179": NaN, "PA1180": NaN, "PA1777": NaN, "PA1798": "H398R", "PA1799": "L153R; S170N", "PA2018": "I536V; T543A; G589A; Q840E; N1036T", "PA2019": "A30T; K329Q; L331V; W358R", "PA2020": "G89S", "PA2272": "A104P", "PA2491": "V73A; D249N", "PA2492": "F172I", "PA3047": NaN, "PA3168": NaN, "PA3574": NaN, "PA3721": "G71E; D79E; S209R", "PA3999": NaN, "PA4003": NaN, "PA4020": NaN, "PA4109": "G283E; M288R", "PA4110": "G27D; T105A; V205L; V356I; G391A", "PA4266": NaN, "PA4418": NaN, "PA4522": "T139R", "PA4600": NaN, "PA4700": "L353Q; S25G", "PA4776": NaN, "PA4777": "S2P; A4T; V15I; G68S; Y345H", "PA4964": "P752T", "PA4967": "D533E", "PA5045": "D73N", "PA5235": NaN, "PA5471": "C40R; L88P; S112N; D119E; I237V; V243A", "PA5485": "V40I"}'; 
INSERT INTO metadata_general(aislado_id, aislado_nombre) VALUES ('174', 'MUR01-009') ON DUPLICATE KEY UPDATE aislado_id = '174', aislado_nombre = 'MUR01-009'; 
INSERT INTO mic(mic_id, aislado_id, pip_tz, fep, caz, imi, mer, cip, tob, col, tic, cza, tol, atm, caz_cloxa, imi_cloxa) VALUES ('174', '174', '128', '8', '16', '8', '16', '>16', '32', '2', '128', '4', '2', '16', '+', '+') ON DUPLICATE KEY UPDATE aislado_id = '174', pip_tz = '128', fep = '8', caz = '16', imi = '8', mer = '16', cip = '>16', tob = '32', col = '2', tic = '128', cza = '4', tol = '2', atm = '16', caz_cloxa = '+', imi_cloxa = '+'; 
INSERT INTO secuencia(secuencia_id, aislado_id, clon, resistoma_mutante) VALUES ('174', '174', 'ST175', '{"PA0004": "E468D", "PA0424": NaN, "PA0425": NaN, "PA0426": NaN, "PA0427": NaN, "PA0807": "A219T", "PA0869": "S250N", "PA0958": "nt105\u03941", "PA1179": NaN, "PA1180": NaN, "PA1777": NaN, "PA1798": "H398R", "PA1799": NaN, "PA2018": "T543A", "PA2019": "K329Q; W358R", "PA2020": "G195D", "PA2272": "E37K; A104P", "PA2491": "D249N", "PA2492": "P60S; F172I", "PA3047": NaN, "PA3168": "T83I", "PA3574": NaN, "PA3721": "G71E; A186T", "PA3999": NaN, "PA4003": NaN, "PA4020": NaN, "PA4109": NaN, "PA4110": NaN, "PA4266": NaN, "PA4418": NaN, "PA4522": "V10G; G148A; D183Y", "PA4600": NaN, "PA4700": NaN, "PA4776": NaN, "PA4777": "Y345H", "PA4964": "S87W; L168Q", "PA4967": NaN, "PA5045": "E245D", "PA5235": NaN, "PA5471": "L88P; D161G; H182Q; V243A; V266M", "PA5485": NaN}') ON DUPLICATE KEY UPDATE aislado_id = '174', clon = 'ST175', resistoma_mutante = '{"PA0004": "E468D", "PA0424": NaN, "PA0425": NaN, "PA0426": NaN, "PA0427": NaN, "PA0807": "A219T", "PA0869": "S250N", "PA0958": "nt105\u03941", "PA1179": NaN, "PA1180": NaN, "PA1777": NaN, "PA1798": "H398R", "PA1799": NaN, "PA2018": "T543A", "PA2019": "K329Q; W358R", "PA2020": "G195D", "PA2272": "E37K; A104P", "PA2491": "D249N", "PA2492": "P60S; F172I", "PA3047": NaN, "PA3168": "T83I", "PA3574": NaN, "PA3721": "G71E; A186T", "PA3999": NaN, "PA4003": NaN, "PA4020": NaN, "PA4109": NaN, "PA4110": NaN, "PA4266": NaN, "PA4418": NaN, "PA4522": "V10G; G148A; D183Y", "PA4600": NaN, "PA4700": NaN, "PA4776": NaN, "PA4777": "Y345H", "PA4964": "S87W; L168Q", "PA4967": NaN, "PA5045": "E245D", "PA5235": NaN, "PA5471": "L88P; D161G; H182Q; V243A; V266M", "PA5485": NaN}'; 
INSERT INTO metadata_general(aislado_id, aislado_nombre) VALUES ('175', 'MUR01-018') ON DUPLICATE KEY UPDATE aislado_id = '175', aislado_nombre = 'MUR01-018'; 
INSERT INTO mic(mic_id, aislado_id, pip_tz, fep, caz, imi, mer, cip, tob, col, tic, cza, tol, atm, caz_cloxa, imi_cloxa) VALUES ('175', '175', '32', '>64', '>64', '>32', '>64', '<=0.12', '<=0.25', '2', '>512', '>32', '>32', '16', 'nan', 'nan') ON DUPLICATE KEY UPDATE aislado_id = '175', pip_tz = '32', fep = '>64', caz = '>64', imi = '>32', mer = '>64', cip = '<=0.12', tob = '<=0.25', col = '2', tic = '>512', cza = '>32', tol = '>32', atm = '16', caz_cloxa = 'nan', imi_cloxa = 'nan'; 
INSERT INTO secuencia(secuencia_id, aislado_id, clon, resistoma_mutante) VALUES ('175', '175', 'ST111', '{"PA0004": NaN, "PA0424": "V126E", "PA0425": NaN, "PA0426": NaN, "PA0427": NaN, "PA0807": "A219T", "PA0869": NaN, "PA0958": NaN, "PA1179": NaN, "PA1180": NaN, "PA1777": NaN, "PA1798": "H398R", "PA1799": NaN, "PA2018": "G530S", "PA2019": "K329Q; L331V; W358R", "PA2020": NaN, "PA2272": "A104P", "PA2491": "D249N", "PA2492": "F172I", "PA3047": NaN, "PA3168": NaN, "PA3574": NaN, "PA3721": "G71E", "PA3999": NaN, "PA4003": NaN, "PA4020": "D411A", "PA4109": "G283E", "PA4110": "T105A", "PA4266": NaN, "PA4418": NaN, "PA4522": "G148A", "PA4600": NaN, "PA4700": "M715K; K607R", "PA4776": "L71P", "PA4777": "A4T; V6A; V15I; G68S; Y345H", "PA4964": NaN, "PA4967": NaN, "PA5045": "G596R", "PA5235": NaN, "PA5471": "L88P; D161G; H182Q; V243A", "PA5485": NaN}') ON DUPLICATE KEY UPDATE aislado_id = '175', clon = 'ST111', resistoma_mutante = '{"PA0004": NaN, "PA0424": "V126E", "PA0425": NaN, "PA0426": NaN, "PA0427": NaN, "PA0807": "A219T", "PA0869": NaN, "PA0958": NaN, "PA1179": NaN, "PA1180": NaN, "PA1777": NaN, "PA1798": "H398R", "PA1799": NaN, "PA2018": "G530S", "PA2019": "K329Q; L331V; W358R", "PA2020": NaN, "PA2272": "A104P", "PA2491": "D249N", "PA2492": "F172I", "PA3047": NaN, "PA3168": NaN, "PA3574": NaN, "PA3721": "G71E", "PA3999": NaN, "PA4003": NaN, "PA4020": "D411A", "PA4109": "G283E", "PA4110": "T105A", "PA4266": NaN, "PA4418": NaN, "PA4522": "G148A", "PA4600": NaN, "PA4700": "M715K; K607R", "PA4776": "L71P", "PA4777": "A4T; V6A; V15I; G68S; Y345H", "PA4964": NaN, "PA4967": NaN, "PA5045": "G596R", "PA5235": NaN, "PA5471": "L88P; D161G; H182Q; V243A", "PA5485": NaN}'; 
INSERT INTO metadata_general(aislado_id, aislado_nombre) VALUES ('176', 'MUR01-026') ON DUPLICATE KEY UPDATE aislado_id = '176', aislado_nombre = 'MUR01-026'; 
INSERT INTO mic(mic_id, aislado_id, pip_tz, fep, caz, imi, mer, cip, tob, col, tic, cza, tol, atm, caz_cloxa, imi_cloxa) VALUES ('176', '176', '256', '16', '32', '16', '16', '>16', '>32', '2', '128', '4', '2', '16', '+', '+') ON DUPLICATE KEY UPDATE aislado_id = '176', pip_tz = '256', fep = '16', caz = '32', imi = '16', mer = '16', cip = '>16', tob = '>32', col = '2', tic = '128', cza = '4', tol = '2', atm = '16', caz_cloxa = '+', imi_cloxa = '+'; 
INSERT INTO secuencia(secuencia_id, aislado_id, clon, resistoma_mutante) VALUES ('176', '176', 'ST175', '{"PA0004": "E468D", "PA0424": NaN, "PA0425": NaN, "PA0426": NaN, "PA0427": NaN, "PA0807": "A219T", "PA0869": "S250N", "PA0958": "nt105\u03941", "PA1179": NaN, "PA1180": NaN, "PA1777": NaN, "PA1798": "H398R", "PA1799": NaN, "PA2018": "T543A", "PA2019": "K329Q; W358R", "PA2020": "G195D", "PA2272": NaN, "PA2491": "D249N", "PA2492": "P60S; F172I", "PA3047": NaN, "PA3168": "T83I", "PA3574": NaN, "PA3721": "G71E; A186T", "PA3999": NaN, "PA4003": NaN, "PA4020": NaN, "PA4109": NaN, "PA4110": NaN, "PA4266": NaN, "PA4418": NaN, "PA4522": "V10G; G148A; D183Y", "PA4600": NaN, "PA4700": NaN, "PA4776": NaN, "PA4777": "Y345H", "PA4964": "S87W; L168Q", "PA4967": NaN, "PA5045": "E245D", "PA5235": NaN, "PA5471": "L88P; D161G; H182Q; V243A; V266M", "PA5485": NaN}') ON DUPLICATE KEY UPDATE aislado_id = '176', clon = 'ST175', resistoma_mutante = '{"PA0004": "E468D", "PA0424": NaN, "PA0425": NaN, "PA0426": NaN, "PA0427": NaN, "PA0807": "A219T", "PA0869": "S250N", "PA0958": "nt105\u03941", "PA1179": NaN, "PA1180": NaN, "PA1777": NaN, "PA1798": "H398R", "PA1799": NaN, "PA2018": "T543A", "PA2019": "K329Q; W358R", "PA2020": "G195D", "PA2272": NaN, "PA2491": "D249N", "PA2492": "P60S; F172I", "PA3047": NaN, "PA3168": "T83I", "PA3574": NaN, "PA3721": "G71E; A186T", "PA3999": NaN, "PA4003": NaN, "PA4020": NaN, "PA4109": NaN, "PA4110": NaN, "PA4266": NaN, "PA4418": NaN, "PA4522": "V10G; G148A; D183Y", "PA4600": NaN, "PA4700": NaN, "PA4776": NaN, "PA4777": "Y345H", "PA4964": "S87W; L168Q", "PA4967": NaN, "PA5045": "E245D", "PA5235": NaN, "PA5471": "L88P; D161G; H182Q; V243A; V266M", "PA5485": NaN}'; 
INSERT INTO metadata_general(aislado_id, aislado_nombre) VALUES ('177', 'MUR01-031') ON DUPLICATE KEY UPDATE aislado_id = '177', aislado_nombre = 'MUR01-031'; 
INSERT INTO mic(mic_id, aislado_id, pip_tz, fep, caz, imi, mer, cip, tob, col, tic, cza, tol, atm, caz_cloxa, imi_cloxa) VALUES ('177', '177', '256', '16', '32', '8', '2', '1', '<=0.25', '2', '128', '4', '2', '64', 'nan', 'nan') ON DUPLICATE KEY UPDATE aislado_id = '177', pip_tz = '256', fep = '16', caz = '32', imi = '8', mer = '2', cip = '1', tob = '<=0.25', col = '2', tic = '128', cza = '4', tol = '2', atm = '64', caz_cloxa = 'nan', imi_cloxa = 'nan'; 
INSERT INTO secuencia(secuencia_id, aislado_id, clon, resistoma_mutante) VALUES ('177', '177', 'ST395', '{"PA0004": NaN, "PA0424": NaN, "PA0425": NaN, "PA0426": NaN, "PA0427": NaN, "PA0807": "R66C", "PA0869": "S250N", "PA0958": NaN, "PA1179": NaN, "PA1180": NaN, "PA1777": NaN, "PA1798": "H398R", "PA1799": NaN, "PA2018": "T543A", "PA2019": "H119Y; K329Q; W358R", "PA2020": NaN, "PA2272": "A104P", "PA2491": "D249N", "PA2492": "F172I", "PA3047": NaN, "PA3168": "aa914InsSE", "PA3574": NaN, "PA3721": "G71E", "PA3999": NaN, "PA4003": NaN, "PA4020": "V358I; M297V", "PA4109": NaN, "PA4110": "T105A; L176R", "PA4266": NaN, "PA4418": NaN, "PA4522": "A134V", "PA4600": NaN, "PA4700": NaN, "PA4776": "L71R", "PA4777": "Y345H", "PA4964": NaN, "PA4967": "V200M", "PA5045": NaN, "PA5235": NaN, "PA5471": "L88P; D161G; H182Q; V243A", "PA5485": NaN}') ON DUPLICATE KEY UPDATE aislado_id = '177', clon = 'ST395', resistoma_mutante = '{"PA0004": NaN, "PA0424": NaN, "PA0425": NaN, "PA0426": NaN, "PA0427": NaN, "PA0807": "R66C", "PA0869": "S250N", "PA0958": NaN, "PA1179": NaN, "PA1180": NaN, "PA1777": NaN, "PA1798": "H398R", "PA1799": NaN, "PA2018": "T543A", "PA2019": "H119Y; K329Q; W358R", "PA2020": NaN, "PA2272": "A104P", "PA2491": "D249N", "PA2492": "F172I", "PA3047": NaN, "PA3168": "aa914InsSE", "PA3574": NaN, "PA3721": "G71E", "PA3999": NaN, "PA4003": NaN, "PA4020": "V358I; M297V", "PA4109": NaN, "PA4110": "T105A; L176R", "PA4266": NaN, "PA4418": NaN, "PA4522": "A134V", "PA4600": NaN, "PA4700": NaN, "PA4776": "L71R", "PA4777": "Y345H", "PA4964": NaN, "PA4967": "V200M", "PA5045": NaN, "PA5235": NaN, "PA5471": "L88P; D161G; H182Q; V243A", "PA5485": NaN}'; 
INSERT INTO metadata_general(aislado_id, aislado_nombre) VALUES ('178', 'MUR01-033') ON DUPLICATE KEY UPDATE aislado_id = '178', aislado_nombre = 'MUR01-033'; 
INSERT INTO mic(mic_id, aislado_id, pip_tz, fep, caz, imi, mer, cip, tob, col, tic, cza, tol, atm, caz_cloxa, imi_cloxa) VALUES ('178', '178', '64', '16', '16', '16', '64', '16', '>32', '2', '256', '4', '2', '16', '+', '+') ON DUPLICATE KEY UPDATE aislado_id = '178', pip_tz = '64', fep = '16', caz = '16', imi = '16', mer = '64', cip = '16', tob = '>32', col = '2', tic = '256', cza = '4', tol = '2', atm = '16', caz_cloxa = '+', imi_cloxa = '+'; 
INSERT INTO secuencia(secuencia_id, aislado_id, clon, resistoma_mutante) VALUES ('178', '178', 'ST308', '{"PA0004": NaN, "PA0424": "V126E", "PA0425": NaN, "PA0426": "G957D", "PA0427": NaN, "PA0807": NaN, "PA0869": "A287S", "PA0958": NaN, "PA1179": NaN, "PA1180": NaN, "PA1777": NaN, "PA1798": "H398R", "PA1799": "L153R; S170N", "PA2018": "I536V; T543A; G589A; Q840E; N1036T", "PA2019": "A30T; K329Q; L331V; W358R", "PA2020": "G89S; A175T", "PA2272": "A104P", "PA2491": "V73A; D249N", "PA2492": "F172I", "PA3047": NaN, "PA3168": "T83I", "PA3574": NaN, "PA3721": "G71E; D79E; S209R", "PA3999": NaN, "PA4003": NaN, "PA4020": NaN, "PA4109": "G283E; M288R", "PA4110": "G27D; T105A; V205L; V356I; G391A", "PA4266": NaN, "PA4418": NaN, "PA4522": NaN, "PA4600": NaN, "PA4700": "L353Q; S25G", "PA4776": NaN, "PA4777": "A4T; V15I; G68S; Y345H", "PA4964": "S87L; P752T", "PA4967": "D533E", "PA5045": "D73N", "PA5235": NaN, "PA5471": "C40R; L88P; S112N; D119E; I237V; V243A", "PA5485": "V40I"}') ON DUPLICATE KEY UPDATE aislado_id = '178', clon = 'ST308', resistoma_mutante = '{"PA0004": NaN, "PA0424": "V126E", "PA0425": NaN, "PA0426": "G957D", "PA0427": NaN, "PA0807": NaN, "PA0869": "A287S", "PA0958": NaN, "PA1179": NaN, "PA1180": NaN, "PA1777": NaN, "PA1798": "H398R", "PA1799": "L153R; S170N", "PA2018": "I536V; T543A; G589A; Q840E; N1036T", "PA2019": "A30T; K329Q; L331V; W358R", "PA2020": "G89S; A175T", "PA2272": "A104P", "PA2491": "V73A; D249N", "PA2492": "F172I", "PA3047": NaN, "PA3168": "T83I", "PA3574": NaN, "PA3721": "G71E; D79E; S209R", "PA3999": NaN, "PA4003": NaN, "PA4020": NaN, "PA4109": "G283E; M288R", "PA4110": "G27D; T105A; V205L; V356I; G391A", "PA4266": NaN, "PA4418": NaN, "PA4522": NaN, "PA4600": NaN, "PA4700": "L353Q; S25G", "PA4776": NaN, "PA4777": "A4T; V15I; G68S; Y345H", "PA4964": "S87L; P752T", "PA4967": "D533E", "PA5045": "D73N", "PA5235": NaN, "PA5471": "C40R; L88P; S112N; D119E; I237V; V243A", "PA5485": "V40I"}'; 
INSERT INTO metadata_general(aislado_id, aislado_nombre) VALUES ('179', 'NAV01-012') ON DUPLICATE KEY UPDATE aislado_id = '179', aislado_nombre = 'NAV01-012'; 
INSERT INTO mic(mic_id, aislado_id, pip_tz, fep, caz, imi, mer, cip, tob, col, tic, cza, tol, atm, caz_cloxa, imi_cloxa) VALUES ('179', '179', '128', '8', '16', '16', '8', '16', '16', '1', '>512', '1', '1', '8', '+', '+') ON DUPLICATE KEY UPDATE aislado_id = '179', pip_tz = '128', fep = '8', caz = '16', imi = '16', mer = '8', cip = '16', tob = '16', col = '1', tic = '>512', cza = '1', tol = '1', atm = '8', caz_cloxa = '+', imi_cloxa = '+'; 
INSERT INTO secuencia(secuencia_id, aislado_id, clon, resistoma_mutante) VALUES ('179', '179', 'ST111', '{"PA0004": NaN, "PA0424": "V126E", "PA0425": NaN, "PA0426": NaN, "PA0427": NaN, "PA0807": "A219T", "PA0869": NaN, "PA0958": "nt991InsAC", "PA1179": NaN, "PA1180": NaN, "PA1777": NaN, "PA1798": "L137P; H398R", "PA1799": NaN, "PA2018": "G530S", "PA2019": "K329Q; L331V; W358R", "PA2020": NaN, "PA2272": "A104P", "PA2491": "D249N", "PA2492": "F172I", "PA3047": "nt665InsGGCCT", "PA3168": "T83I; V671I; G860S", "PA3574": NaN, "PA3721": "G71E", "PA3999": NaN, "PA4003": NaN, "PA4020": "D411A", "PA4109": "G283E", "PA4110": "T105A", "PA4266": NaN, "PA4418": NaN, "PA4522": "G148A", "PA4600": NaN, "PA4700": "M715K; K607R", "PA4776": "L71R", "PA4777": "A4T; V6A; V15I; G68S; Y345H", "PA4964": "E91K", "PA4967": NaN, "PA5045": "G596R", "PA5235": NaN, "PA5471": "L88P; D161G; H182Q; V243A", "PA5485": NaN}') ON DUPLICATE KEY UPDATE aislado_id = '179', clon = 'ST111', resistoma_mutante = '{"PA0004": NaN, "PA0424": "V126E", "PA0425": NaN, "PA0426": NaN, "PA0427": NaN, "PA0807": "A219T", "PA0869": NaN, "PA0958": "nt991InsAC", "PA1179": NaN, "PA1180": NaN, "PA1777": NaN, "PA1798": "L137P; H398R", "PA1799": NaN, "PA2018": "G530S", "PA2019": "K329Q; L331V; W358R", "PA2020": NaN, "PA2272": "A104P", "PA2491": "D249N", "PA2492": "F172I", "PA3047": "nt665InsGGCCT", "PA3168": "T83I; V671I; G860S", "PA3574": NaN, "PA3721": "G71E", "PA3999": NaN, "PA4003": NaN, "PA4020": "D411A", "PA4109": "G283E", "PA4110": "T105A", "PA4266": NaN, "PA4418": NaN, "PA4522": "G148A", "PA4600": NaN, "PA4700": "M715K; K607R", "PA4776": "L71R", "PA4777": "A4T; V6A; V15I; G68S; Y345H", "PA4964": "E91K", "PA4967": NaN, "PA5045": "G596R", "PA5235": NaN, "PA5471": "L88P; D161G; H182Q; V243A", "PA5485": NaN}'; 
INSERT INTO metadata_general(aislado_id, aislado_nombre) VALUES ('180', 'NAV01-021') ON DUPLICATE KEY UPDATE aislado_id = '180', aislado_nombre = 'NAV01-021'; 
INSERT INTO mic(mic_id, aislado_id, pip_tz, fep, caz, imi, mer, cip, tob, col, tic, cza, tol, atm, caz_cloxa, imi_cloxa) VALUES ('180', '180', '256', '16', '32', '16', '8', '>16', '1', '1', '128', '4', '2', '16', '+', '+') ON DUPLICATE KEY UPDATE aislado_id = '180', pip_tz = '256', fep = '16', caz = '32', imi = '16', mer = '8', cip = '>16', tob = '1', col = '1', tic = '128', cza = '4', tol = '2', atm = '16', caz_cloxa = '+', imi_cloxa = '+'; 
INSERT INTO secuencia(secuencia_id, aislado_id, clon, resistoma_mutante) VALUES ('180', '180', 'ST2125', '{"PA0004": NaN, "PA0424": "V126E", "PA0425": NaN, "PA0426": NaN, "PA0427": NaN, "PA0807": "A219T", "PA0869": NaN, "PA0958": "Q250X", "PA1179": NaN, "PA1180": NaN, "PA1777": NaN, "PA1798": "H398R", "PA1799": NaN, "PA2018": "T543A", "PA2019": "K329Q; L331V; W358R", "PA2020": NaN, "PA2272": NaN, "PA2491": "D249N", "PA2492": "P60S; F172I", "PA3047": "A394P", "PA3168": "T83I", "PA3574": NaN, "PA3721": "G71E; S209R", "PA3999": NaN, "PA4003": NaN, "PA4020": "T276A", "PA4109": NaN, "PA4110": NaN, "PA4266": NaN, "PA4418": NaN, "PA4522": "G84D; A136V; G148A", "PA4600": NaN, "PA4700": NaN, "PA4776": "L71R", "PA4777": "Y345H", "PA4964": "V646L", "PA4967": "nt1345InsGTGGAC", "PA5045": NaN, "PA5235": "A439T", "PA5471": "L88P; D161G; H182Q; V243A", "PA5485": NaN}') ON DUPLICATE KEY UPDATE aislado_id = '180', clon = 'ST2125', resistoma_mutante = '{"PA0004": NaN, "PA0424": "V126E", "PA0425": NaN, "PA0426": NaN, "PA0427": NaN, "PA0807": "A219T", "PA0869": NaN, "PA0958": "Q250X", "PA1179": NaN, "PA1180": NaN, "PA1777": NaN, "PA1798": "H398R", "PA1799": NaN, "PA2018": "T543A", "PA2019": "K329Q; L331V; W358R", "PA2020": NaN, "PA2272": NaN, "PA2491": "D249N", "PA2492": "P60S; F172I", "PA3047": "A394P", "PA3168": "T83I", "PA3574": NaN, "PA3721": "G71E; S209R", "PA3999": NaN, "PA4003": NaN, "PA4020": "T276A", "PA4109": NaN, "PA4110": NaN, "PA4266": NaN, "PA4418": NaN, "PA4522": "G84D; A136V; G148A", "PA4600": NaN, "PA4700": NaN, "PA4776": "L71R", "PA4777": "Y345H", "PA4964": "V646L", "PA4967": "nt1345InsGTGGAC", "PA5045": NaN, "PA5235": "A439T", "PA5471": "L88P; D161G; H182Q; V243A", "PA5485": NaN}'; 
INSERT INTO metadata_general(aislado_id, aislado_nombre) VALUES ('181', 'PVA01-007') ON DUPLICATE KEY UPDATE aislado_id = '181', aislado_nombre = 'PVA01-007'; 
INSERT INTO mic(mic_id, aislado_id, pip_tz, fep, caz, imi, mer, cip, tob, col, tic, cza, tol, atm, caz_cloxa, imi_cloxa) VALUES ('181', '181', '64', '16', '16', '16', '8', '>16', '>32', '1', '64', '2', '2', '8', '+', '+') ON DUPLICATE KEY UPDATE aislado_id = '181', pip_tz = '64', fep = '16', caz = '16', imi = '16', mer = '8', cip = '>16', tob = '>32', col = '1', tic = '64', cza = '2', tol = '2', atm = '8', caz_cloxa = '+', imi_cloxa = '+'; 
INSERT INTO secuencia(secuencia_id, aislado_id, clon, resistoma_mutante) VALUES ('181', '181', 'ST175', '{"PA0004": NaN, "PA0424": "nt385InsGGGT", "PA0425": NaN, "PA0426": NaN, "PA0427": NaN, "PA0807": "A219T", "PA0869": "S250N", "PA0958": "Q142X", "PA1179": NaN, "PA1180": NaN, "PA1777": NaN, "PA1798": "H398R", "PA1799": NaN, "PA2018": "T543A", "PA2019": "K329Q; W358R", "PA2020": "G195D", "PA2272": "E37K; A104P", "PA2491": "D249N", "PA2492": "P60S; F172I", "PA3047": NaN, "PA3168": "T83I; D87N", "PA3574": NaN, "PA3721": "G71E; A186T", "PA3999": NaN, "PA4003": NaN, "PA4020": NaN, "PA4109": "G154R", "PA4110": NaN, "PA4266": NaN, "PA4418": NaN, "PA4522": "G148A; D183Y", "PA4600": NaN, "PA4700": NaN, "PA4776": NaN, "PA4777": "Y345H", "PA4964": "S87W; L168Q", "PA4967": NaN, "PA5045": "E245D", "PA5235": "T211P", "PA5471": "L88P; D161G; H182Q; V243A; V266M", "PA5485": NaN}') ON DUPLICATE KEY UPDATE aislado_id = '181', clon = 'ST175', resistoma_mutante = '{"PA0004": NaN, "PA0424": "nt385InsGGGT", "PA0425": NaN, "PA0426": NaN, "PA0427": NaN, "PA0807": "A219T", "PA0869": "S250N", "PA0958": "Q142X", "PA1179": NaN, "PA1180": NaN, "PA1777": NaN, "PA1798": "H398R", "PA1799": NaN, "PA2018": "T543A", "PA2019": "K329Q; W358R", "PA2020": "G195D", "PA2272": "E37K; A104P", "PA2491": "D249N", "PA2492": "P60S; F172I", "PA3047": NaN, "PA3168": "T83I; D87N", "PA3574": NaN, "PA3721": "G71E; A186T", "PA3999": NaN, "PA4003": NaN, "PA4020": NaN, "PA4109": "G154R", "PA4110": NaN, "PA4266": NaN, "PA4418": NaN, "PA4522": "G148A; D183Y", "PA4600": NaN, "PA4700": NaN, "PA4776": NaN, "PA4777": "Y345H", "PA4964": "S87W; L168Q", "PA4967": NaN, "PA5045": "E245D", "PA5235": "T211P", "PA5471": "L88P; D161G; H182Q; V243A; V266M", "PA5485": NaN}'; 
INSERT INTO metadata_general(aislado_id, aislado_nombre) VALUES ('182', 'PVA01-019') ON DUPLICATE KEY UPDATE aislado_id = '182', aislado_nombre = 'PVA01-019'; 
INSERT INTO mic(mic_id, aislado_id, pip_tz, fep, caz, imi, mer, cip, tob, col, tic, cza, tol, atm, caz_cloxa, imi_cloxa) VALUES ('182', '182', '64', '16', '16', '16', '16', '>16', '>32', '1', '128', '4', '2', '16', '+', '+') ON DUPLICATE KEY UPDATE aislado_id = '182', pip_tz = '64', fep = '16', caz = '16', imi = '16', mer = '16', cip = '>16', tob = '>32', col = '1', tic = '128', cza = '4', tol = '2', atm = '16', caz_cloxa = '+', imi_cloxa = '+'; 
INSERT INTO secuencia(secuencia_id, aislado_id, clon, resistoma_mutante) VALUES ('182', '182', 'ST175', '{"PA0004": NaN, "PA0424": "nt385InsGGGT", "PA0425": NaN, "PA0426": NaN, "PA0427": NaN, "PA0807": "A219T", "PA0869": "S250N", "PA0958": "Q142X", "PA1179": NaN, "PA1180": NaN, "PA1777": NaN, "PA1798": "H398R", "PA1799": NaN, "PA2018": "T543A", "PA2019": "K329Q; W358R", "PA2020": "G195D", "PA2272": "E37K; A104P", "PA2491": "D249N", "PA2492": "P60S; F172I", "PA3047": NaN, "PA3168": "T83I; D87N", "PA3574": NaN, "PA3721": "G71E; A186T", "PA3999": NaN, "PA4003": NaN, "PA4020": NaN, "PA4109": "G154R", "PA4110": NaN, "PA4266": NaN, "PA4418": NaN, "PA4522": "G148A; D183Y", "PA4600": NaN, "PA4700": NaN, "PA4776": NaN, "PA4777": "Y345H", "PA4964": "S87W; L168Q", "PA4967": NaN, "PA5045": "E245D", "PA5235": "T211P", "PA5471": "L88P; D161G; H182Q; V243A; V266M", "PA5485": NaN}') ON DUPLICATE KEY UPDATE aislado_id = '182', clon = 'ST175', resistoma_mutante = '{"PA0004": NaN, "PA0424": "nt385InsGGGT", "PA0425": NaN, "PA0426": NaN, "PA0427": NaN, "PA0807": "A219T", "PA0869": "S250N", "PA0958": "Q142X", "PA1179": NaN, "PA1180": NaN, "PA1777": NaN, "PA1798": "H398R", "PA1799": NaN, "PA2018": "T543A", "PA2019": "K329Q; W358R", "PA2020": "G195D", "PA2272": "E37K; A104P", "PA2491": "D249N", "PA2492": "P60S; F172I", "PA3047": NaN, "PA3168": "T83I; D87N", "PA3574": NaN, "PA3721": "G71E; A186T", "PA3999": NaN, "PA4003": NaN, "PA4020": NaN, "PA4109": "G154R", "PA4110": NaN, "PA4266": NaN, "PA4418": NaN, "PA4522": "G148A; D183Y", "PA4600": NaN, "PA4700": NaN, "PA4776": NaN, "PA4777": "Y345H", "PA4964": "S87W; L168Q", "PA4967": NaN, "PA5045": "E245D", "PA5235": "T211P", "PA5471": "L88P; D161G; H182Q; V243A; V266M", "PA5485": NaN}'; 
INSERT INTO metadata_general(aislado_id, aislado_nombre) VALUES ('183', 'PVA01-021') ON DUPLICATE KEY UPDATE aislado_id = '183', aislado_nombre = 'PVA01-021'; 
INSERT INTO mic(mic_id, aislado_id, pip_tz, fep, caz, imi, mer, cip, tob, col, tic, cza, tol, atm, caz_cloxa, imi_cloxa) VALUES ('183', '183', '256', '32', '32', '>32', '>64', '>16', '32', '1', '>512', '32', '>32', '16', 'nan', 'nan') ON DUPLICATE KEY UPDATE aislado_id = '183', pip_tz = '256', fep = '32', caz = '32', imi = '>32', mer = '>64', cip = '>16', tob = '32', col = '1', tic = '>512', cza = '32', tol = '>32', atm = '16', caz_cloxa = 'nan', imi_cloxa = 'nan'; 
INSERT INTO secuencia(secuencia_id, aislado_id, clon, resistoma_mutante) VALUES ('183', '183', 'ST111', '{"PA0004": NaN, "PA0424": "V126E; nt67\u039410", "PA0425": NaN, "PA0426": NaN, "PA0427": NaN, "PA0807": "A219T", "PA0869": NaN, "PA0958": "nt200InsC", "PA1179": NaN, "PA1180": NaN, "PA1777": NaN, "PA1798": "L137P; H398R", "PA1799": NaN, "PA2018": "G530S", "PA2019": "K329Q; L331V; W358R", "PA2020": NaN, "PA2272": "A104P", "PA2491": "D249N", "PA2492": "F172I", "PA3047": NaN, "PA3168": "T83I; V671I; G860S", "PA3574": NaN, "PA3721": "G71E", "PA3999": "nt619\u03941", "PA4003": NaN, "PA4020": "D411A", "PA4109": "G283E", "PA4110": "T105A", "PA4266": NaN, "PA4418": "L3V", "PA4522": "G148A", "PA4600": NaN, "PA4700": "M715K; K607R", "PA4776": "L71R", "PA4777": "S2P; A4T; V6A; V15I; G68S; Y345H", "PA4964": "S87L", "PA4967": NaN, "PA5045": "G596R", "PA5235": "nt210\u03946", "PA5471": "L88P; D161G; H182Q; V243A", "PA5485": NaN}') ON DUPLICATE KEY UPDATE aislado_id = '183', clon = 'ST111', resistoma_mutante = '{"PA0004": NaN, "PA0424": "V126E; nt67\u039410", "PA0425": NaN, "PA0426": NaN, "PA0427": NaN, "PA0807": "A219T", "PA0869": NaN, "PA0958": "nt200InsC", "PA1179": NaN, "PA1180": NaN, "PA1777": NaN, "PA1798": "L137P; H398R", "PA1799": NaN, "PA2018": "G530S", "PA2019": "K329Q; L331V; W358R", "PA2020": NaN, "PA2272": "A104P", "PA2491": "D249N", "PA2492": "F172I", "PA3047": NaN, "PA3168": "T83I; V671I; G860S", "PA3574": NaN, "PA3721": "G71E", "PA3999": "nt619\u03941", "PA4003": NaN, "PA4020": "D411A", "PA4109": "G283E", "PA4110": "T105A", "PA4266": NaN, "PA4418": "L3V", "PA4522": "G148A", "PA4600": NaN, "PA4700": "M715K; K607R", "PA4776": "L71R", "PA4777": "S2P; A4T; V6A; V15I; G68S; Y345H", "PA4964": "S87L", "PA4967": NaN, "PA5045": "G596R", "PA5235": "nt210\u03946", "PA5471": "L88P; D161G; H182Q; V243A", "PA5485": NaN}'; 
INSERT INTO metadata_general(aislado_id, aislado_nombre) VALUES ('184', 'PVA01-041') ON DUPLICATE KEY UPDATE aislado_id = '184', aislado_nombre = 'PVA01-041'; 
INSERT INTO mic(mic_id, aislado_id, pip_tz, fep, caz, imi, mer, cip, tob, col, tic, cza, tol, atm, caz_cloxa, imi_cloxa) VALUES ('184', '184', '64', '16', '32', '8', '8', '4', '16', '1', '128', '2', '2', '32', '+', 'nan') ON DUPLICATE KEY UPDATE aislado_id = '184', pip_tz = '64', fep = '16', caz = '32', imi = '8', mer = '8', cip = '4', tob = '16', col = '1', tic = '128', cza = '2', tol = '2', atm = '32', caz_cloxa = '+', imi_cloxa = 'nan'; 
INSERT INTO secuencia(secuencia_id, aislado_id, clon, resistoma_mutante) VALUES ('184', '184', 'ST1756', '{"PA0004": NaN, "PA0424": NaN, "PA0425": "A280V; D373E", "PA0426": NaN, "PA0427": "V72L", "PA0807": "A219T", "PA0869": NaN, "PA0958": NaN, "PA1179": NaN, "PA1180": NaN, "PA1777": NaN, "PA1798": "H398R", "PA1799": "P126L; L153R; S170N", "PA2018": "T543A", "PA2019": "K329Q; L331V; W358R", "PA2020": "Q10X", "PA2272": NaN, "PA2491": "D249N", "PA2492": "F172I", "PA3047": "K313E", "PA3168": "T83I", "PA3574": "D187H", "PA3721": "G71E; P210L; S209R", "PA3999": NaN, "PA4003": NaN, "PA4020": NaN, "PA4109": NaN, "PA4110": "T105A", "PA4266": NaN, "PA4418": NaN, "PA4522": "R11L; G148A; D183Y", "PA4600": NaN, "PA4700": "S25G", "PA4776": "L71R", "PA4777": "Y345H", "PA4964": NaN, "PA4967": "S457R", "PA5045": NaN, "PA5235": NaN, "PA5471": "L88P; D161G; H182Q; V243A", "PA5485": NaN}') ON DUPLICATE KEY UPDATE aislado_id = '184', clon = 'ST1756', resistoma_mutante = '{"PA0004": NaN, "PA0424": NaN, "PA0425": "A280V; D373E", "PA0426": NaN, "PA0427": "V72L", "PA0807": "A219T", "PA0869": NaN, "PA0958": NaN, "PA1179": NaN, "PA1180": NaN, "PA1777": NaN, "PA1798": "H398R", "PA1799": "P126L; L153R; S170N", "PA2018": "T543A", "PA2019": "K329Q; L331V; W358R", "PA2020": "Q10X", "PA2272": NaN, "PA2491": "D249N", "PA2492": "F172I", "PA3047": "K313E", "PA3168": "T83I", "PA3574": "D187H", "PA3721": "G71E; P210L; S209R", "PA3999": NaN, "PA4003": NaN, "PA4020": NaN, "PA4109": NaN, "PA4110": "T105A", "PA4266": NaN, "PA4418": NaN, "PA4522": "R11L; G148A; D183Y", "PA4600": NaN, "PA4700": "S25G", "PA4776": "L71R", "PA4777": "Y345H", "PA4964": NaN, "PA4967": "S457R", "PA5045": NaN, "PA5235": NaN, "PA5471": "L88P; D161G; H182Q; V243A", "PA5485": NaN}'; 
INSERT INTO metadata_general(aislado_id, aislado_nombre) VALUES ('185', 'PVA01-042') ON DUPLICATE KEY UPDATE aislado_id = '185', aislado_nombre = 'PVA01-042'; 
INSERT INTO mic(mic_id, aislado_id, pip_tz, fep, caz, imi, mer, cip, tob, col, tic, cza, tol, atm, caz_cloxa, imi_cloxa) VALUES ('185', '185', '32', '8', '16', '8', '4', '>16', '16', '1', '64', '2', '1', '8', 'nan', 'nan') ON DUPLICATE KEY UPDATE aislado_id = '185', pip_tz = '32', fep = '8', caz = '16', imi = '8', mer = '4', cip = '>16', tob = '16', col = '1', tic = '64', cza = '2', tol = '1', atm = '8', caz_cloxa = 'nan', imi_cloxa = 'nan'; 
INSERT INTO secuencia(secuencia_id, aislado_id, clon, resistoma_mutante) VALUES ('185', '185', 'ST244', '{"PA0004": NaN, "PA0424": NaN, "PA0425": "R57W", "PA0426": NaN, "PA0427": NaN, "PA0807": "A219T", "PA0869": "S250N", "PA0958": NaN, "PA1179": NaN, "PA1180": NaN, "PA1777": NaN, "PA1798": "H398R", "PA1799": NaN, "PA2018": "T543A; Q840E", "PA2019": "K329Q; W358R", "PA2020": "nt248\u039413", "PA2272": "A104P", "PA2491": "A75V; D249N", "PA2492": "P60S; F172I", "PA3047": NaN, "PA3168": "A51V; D87Y", "PA3574": NaN, "PA3721": NaN, "PA3999": NaN, "PA4003": NaN, "PA4020": "A303V; M297V", "PA4109": NaN, "PA4110": NaN, "PA4266": NaN, "PA4418": NaN, "PA4522": "R11L; G148A; D183Y", "PA4600": "E78X", "PA4700": "S96N", "PA4776": "L71R", "PA4777": NaN, "PA4964": NaN, "PA4967": NaN, "PA5045": NaN, "PA5235": "A121T", "PA5471": "L88P; G157D; D161G; H182Q; V243A", "PA5485": NaN}') ON DUPLICATE KEY UPDATE aislado_id = '185', clon = 'ST244', resistoma_mutante = '{"PA0004": NaN, "PA0424": NaN, "PA0425": "R57W", "PA0426": NaN, "PA0427": NaN, "PA0807": "A219T", "PA0869": "S250N", "PA0958": NaN, "PA1179": NaN, "PA1180": NaN, "PA1777": NaN, "PA1798": "H398R", "PA1799": NaN, "PA2018": "T543A; Q840E", "PA2019": "K329Q; W358R", "PA2020": "nt248\u039413", "PA2272": "A104P", "PA2491": "A75V; D249N", "PA2492": "P60S; F172I", "PA3047": NaN, "PA3168": "A51V; D87Y", "PA3574": NaN, "PA3721": NaN, "PA3999": NaN, "PA4003": NaN, "PA4020": "A303V; M297V", "PA4109": NaN, "PA4110": NaN, "PA4266": NaN, "PA4418": NaN, "PA4522": "R11L; G148A; D183Y", "PA4600": "E78X", "PA4700": "S96N", "PA4776": "L71R", "PA4777": NaN, "PA4964": NaN, "PA4967": NaN, "PA5045": NaN, "PA5235": "A121T", "PA5471": "L88P; G157D; D161G; H182Q; V243A", "PA5485": NaN}'; 
