INSERT INTO metadata_general(isolate_id, isolate_name, isolate_source, project_name, species) VALUES ('204', 'AND01-011', 'WILD-TYPE', 'GEMARA', 'Pseudomonas aeruginosa') ON DUPLICATE KEY UPDATE isolate_name = 'AND01-011', isolate_source = 'WILD-TYPE', project_name = 'GEMARA', species = 'Pseudomonas aeruginosa'; 
INSERT INTO mic(mic_id, isolate_id, ami, ami_clinical_category, azt, azt_clinical_category, cip, cip_clinical_category, col, col_clinical_category, cza, cza_clinical_category, fep, fep_clinical_category, imi, imi_clinical_category, mer, mer_clinical_category, pip, pip_clinical_category, taz, taz_clinical_category, tic, tic_clinical_category, tob, tob_clinical_category, tol, tol_clinical_category) VALUES ('204', '204', '4', 'S', '4', 'S', '≤0.12', 'S', '1', 'S', '2', 'S', '2', 'S', '2', 'S', '≤0.5', 'S', '≤4', 'S', '2', 'S', '16', 'S', '0.5', 'S', '≤0.5', 'S') ON DUPLICATE KEY UPDATE ami = '4', ami_clinical_category = 'S', azt = '4', azt_clinical_category = 'S', cip = '≤0.12', cip_clinical_category = 'S', col = '1', col_clinical_category = 'S', cza = '2', cza_clinical_category = 'S', fep = '2', fep_clinical_category = 'S', imi = '2', imi_clinical_category = 'S', mer = '≤0.5', mer_clinical_category = 'S', pip = '≤4', pip_clinical_category = 'S', taz = '2', taz_clinical_category = 'S', tic = '16', tic_clinical_category = 'S', tob = '0.5', tob_clinical_category = 'S', tol = '≤0.5', tol_clinical_category = 'S'; 
INSERT INTO phenotypic_data(phenotypic_data_id, isolate_id, ecdc_resistance_profile) VALUES ('19', '204', 'S') ON DUPLICATE KEY UPDATE ecdc_resistance_profile = 'S'; 
INSERT INTO sequence_analysis(sequence_analysis_id, isolate_id, ame_loci, beta_lactamase_loci, clonal_complex, mutational_resistome) VALUES ('204', '204', '-', '-', '155', '{"PA0004": "WT", "PA0424": "WT", "PA0425": "WT", "PA0426": "WT", "PA0427": "WT", "PA0807": "A219T", "PA0958": "WT", "PA1798": "H398R", "PA1799": "WT", "PA2020": "WT", "PA2023": "WT", "PA2491": "D249N", "PA2492": "F172I, nt234\u22068", "PA2493": "WT", "PA2494": "WT", "PA2495": "WT", "PA3047": "WT", "PA3168": "WT", "PA3574": "WT", "PA3721": "G71E, S209R", "PA3999": "WT", "PA4003": "WT", "PA4020": "M297V", "PA4109": "WT", "PA4110": "R79Q, T105A", "PA4266": "WT", "PA4418": "WT", "PA4522": "Q44H, G148A, D183Y", "PA4597": "D68G, M69V, Q267R", "PA4598": "A566T, V607A, S845A", "PA4599": "WT", "PA4600": "WT", "PA4776": "WT", "PA4777": "Y345H", "PA4964": "WT", "PA4967": "WT", "PA5471": "L88P, D161G, H182Q, V243A", "PA5485": "WT"}') ON DUPLICATE KEY UPDATE ame_loci = '-', beta_lactamase_loci = '-', clonal_complex = '155', mutational_resistome = '{"PA0004": "WT", "PA0424": "WT", "PA0425": "WT", "PA0426": "WT", "PA0427": "WT", "PA0807": "A219T", "PA0958": "WT", "PA1798": "H398R", "PA1799": "WT", "PA2020": "WT", "PA2023": "WT", "PA2491": "D249N", "PA2492": "F172I, nt234\u22068", "PA2493": "WT", "PA2494": "WT", "PA2495": "WT", "PA3047": "WT", "PA3168": "WT", "PA3574": "WT", "PA3721": "G71E, S209R", "PA3999": "WT", "PA4003": "WT", "PA4020": "M297V", "PA4109": "WT", "PA4110": "R79Q, T105A", "PA4266": "WT", "PA4418": "WT", "PA4522": "Q44H, G148A, D183Y", "PA4597": "D68G, M69V, Q267R", "PA4598": "A566T, V607A, S845A", "PA4599": "WT", "PA4600": "WT", "PA4776": "WT", "PA4777": "Y345H", "PA4964": "WT", "PA4967": "WT", "PA5471": "L88P, D161G, H182Q, V243A", "PA5485": "WT"}'; 
INSERT INTO metadata_general(isolate_id, isolate_name, isolate_source, project_name, species) VALUES ('189', 'AND01-028', 'WILD-TYPE', 'GEMARA', 'Pseudomonas aeruginosa') ON DUPLICATE KEY UPDATE isolate_name = 'AND01-028', isolate_source = 'WILD-TYPE', project_name = 'GEMARA', species = 'Pseudomonas aeruginosa'; 
INSERT INTO mic(mic_id, isolate_id, ami, ami_clinical_category, azt, azt_clinical_category, cip, cip_clinical_category, col, col_clinical_category, cza, cza_clinical_category, fep, fep_clinical_category, imi, imi_clinical_category, mer, mer_clinical_category, pip, pip_clinical_category, taz, taz_clinical_category, tic, tic_clinical_category, tob, tob_clinical_category, tol, tol_clinical_category) VALUES ('189', '189', '≤2', 'S', '4', 'S', '≤0.12', 'S', '2', 'S', '1', 'S', '≤1', 'S', '1', 'S', '≤0.5', 'S', '≤4', 'S', '2', 'S', '32', 'R', '≤0.25', 'S', '≤0.5', 'S') ON DUPLICATE KEY UPDATE ami = '≤2', ami_clinical_category = 'S', azt = '4', azt_clinical_category = 'S', cip = '≤0.12', cip_clinical_category = 'S', col = '2', col_clinical_category = 'S', cza = '1', cza_clinical_category = 'S', fep = '≤1', fep_clinical_category = 'S', imi = '1', imi_clinical_category = 'S', mer = '≤0.5', mer_clinical_category = 'S', pip = '≤4', pip_clinical_category = 'S', taz = '2', taz_clinical_category = 'S', tic = '32', tic_clinical_category = 'R', tob = '≤0.25', tob_clinical_category = 'S', tol = '≤0.5', tol_clinical_category = 'S'; 
INSERT INTO phenotypic_data(phenotypic_data_id, isolate_id, ecdc_resistance_profile) VALUES ('4', '189', 'S') ON DUPLICATE KEY UPDATE ecdc_resistance_profile = 'S'; 
INSERT INTO sequence_analysis(sequence_analysis_id, isolate_id, ame_loci, beta_lactamase_loci, clonal_complex, mutational_resistome) VALUES ('189', '189', '-', '-', '654', '{"PA0004": "WT", "PA0424": "WT", "PA0425": "WT", "PA0426": "WT", "PA0427": "WT", "PA0807": "A219T", "PA0958": "WT", "PA1798": "H398R", "PA1799": "WT", "PA2020": "WT", "PA2023": "WT", "PA2491": "D249N", "PA2492": "P60S, F172I, nt234\u22068", "PA2493": "WT", "PA2494": "WT", "PA2495": "WT", "PA3047": "WT", "PA3168": "WT", "PA3574": "WT", "PA3721": "G71E", "PA3999": "WT", "PA4003": "WT", "PA4020": "M297V", "PA4109": "WT", "PA4110": "T105A", "PA4266": "WT", "PA4418": "WT", "PA4522": "G148A", "PA4597": "M69V", "PA4598": "E257Q, S845A", "PA4599": "S330A", "PA4600": "WT", "PA4776": "L71R", "PA4777": "Y345H", "PA4964": "WT", "PA4967": "WT", "PA5471": "L88P, D161G, H182Q, V243A, R322H", "PA5485": "WT"}') ON DUPLICATE KEY UPDATE ame_loci = '-', beta_lactamase_loci = '-', clonal_complex = '654', mutational_resistome = '{"PA0004": "WT", "PA0424": "WT", "PA0425": "WT", "PA0426": "WT", "PA0427": "WT", "PA0807": "A219T", "PA0958": "WT", "PA1798": "H398R", "PA1799": "WT", "PA2020": "WT", "PA2023": "WT", "PA2491": "D249N", "PA2492": "P60S, F172I, nt234\u22068", "PA2493": "WT", "PA2494": "WT", "PA2495": "WT", "PA3047": "WT", "PA3168": "WT", "PA3574": "WT", "PA3721": "G71E", "PA3999": "WT", "PA4003": "WT", "PA4020": "M297V", "PA4109": "WT", "PA4110": "T105A", "PA4266": "WT", "PA4418": "WT", "PA4522": "G148A", "PA4597": "M69V", "PA4598": "E257Q, S845A", "PA4599": "S330A", "PA4600": "WT", "PA4776": "L71R", "PA4777": "Y345H", "PA4964": "WT", "PA4967": "WT", "PA5471": "L88P, D161G, H182Q, V243A, R322H", "PA5485": "WT"}'; 
INSERT INTO metadata_general(isolate_id, isolate_name, isolate_source, project_name, species) VALUES ('233', 'AND02-007', 'WILD-TYPE', 'GEMARA', 'Pseudomonas aeruginosa') ON DUPLICATE KEY UPDATE isolate_name = 'AND02-007', isolate_source = 'WILD-TYPE', project_name = 'GEMARA', species = 'Pseudomonas aeruginosa'; 
INSERT INTO mic(mic_id, isolate_id, ami, ami_clinical_category, azt, azt_clinical_category, cip, cip_clinical_category, col, col_clinical_category, cza, cza_clinical_category, fep, fep_clinical_category, imi, imi_clinical_category, mer, mer_clinical_category, pip, pip_clinical_category, taz, taz_clinical_category, tic, tic_clinical_category, tob, tob_clinical_category, tol, tol_clinical_category) VALUES ('233', '233', '≤2', 'S', '4', 'S', '≤0.12', 'S', '2', 'S', '2', 'S', '2', 'S', '2', 'S', '≤0.5', 'S', '≤4', 'S', '2', 'S', '32', 'R', '0.5', 'S', '≤0.5', 'S') ON DUPLICATE KEY UPDATE ami = '≤2', ami_clinical_category = 'S', azt = '4', azt_clinical_category = 'S', cip = '≤0.12', cip_clinical_category = 'S', col = '2', col_clinical_category = 'S', cza = '2', cza_clinical_category = 'S', fep = '2', fep_clinical_category = 'S', imi = '2', imi_clinical_category = 'S', mer = '≤0.5', mer_clinical_category = 'S', pip = '≤4', pip_clinical_category = 'S', taz = '2', taz_clinical_category = 'S', tic = '32', tic_clinical_category = 'R', tob = '0.5', tob_clinical_category = 'S', tol = '≤0.5', tol_clinical_category = 'S'; 
INSERT INTO phenotypic_data(phenotypic_data_id, isolate_id, ecdc_resistance_profile) VALUES ('54', '233', 'S') ON DUPLICATE KEY UPDATE ecdc_resistance_profile = 'S'; 
INSERT INTO sequence_analysis(sequence_analysis_id, isolate_id, ame_loci, beta_lactamase_loci, clonal_complex, mutational_resistome) VALUES ('233', '233', '-', '-', '3365', '{"PA0004": "WT", "PA0424": "WT", "PA0425": "WT", "PA0426": "WT", "PA0427": "WT", "PA0807": "A219T", "PA0958": "WT", "PA1798": "H398R", "PA1799": "WT", "PA2020": "WT", "PA2023": "WT", "PA2491": "D249N", "PA2492": "F172I, nt234\u22068", "PA2493": "WT", "PA2494": "E860G", "PA2495": "WT", "PA3047": "A35T", "PA3168": "N200S", "PA3574": "WT", "PA3721": "G71E, S209R", "PA3999": "WT", "PA4003": "WT", "PA4020": "WT", "PA4109": "WT", "PA4110": "T105A", "PA4266": "WT", "PA4418": "WT", "PA4522": "G148A", "PA4597": "M69V, G322A", "PA4598": "E257Q, S845A, S896T", "PA4599": "I133V", "PA4600": "WT", "PA4776": "L71R", "PA4777": "E269K, Y345H", "PA4964": "WT", "PA4967": "WT", "PA5471": "L88P, D161G, H182Q, V243A", "PA5485": "WT"}') ON DUPLICATE KEY UPDATE ame_loci = '-', beta_lactamase_loci = '-', clonal_complex = '3365', mutational_resistome = '{"PA0004": "WT", "PA0424": "WT", "PA0425": "WT", "PA0426": "WT", "PA0427": "WT", "PA0807": "A219T", "PA0958": "WT", "PA1798": "H398R", "PA1799": "WT", "PA2020": "WT", "PA2023": "WT", "PA2491": "D249N", "PA2492": "F172I, nt234\u22068", "PA2493": "WT", "PA2494": "E860G", "PA2495": "WT", "PA3047": "A35T", "PA3168": "N200S", "PA3574": "WT", "PA3721": "G71E, S209R", "PA3999": "WT", "PA4003": "WT", "PA4020": "WT", "PA4109": "WT", "PA4110": "T105A", "PA4266": "WT", "PA4418": "WT", "PA4522": "G148A", "PA4597": "M69V, G322A", "PA4598": "E257Q, S845A, S896T", "PA4599": "I133V", "PA4600": "WT", "PA4776": "L71R", "PA4777": "E269K, Y345H", "PA4964": "WT", "PA4967": "WT", "PA5471": "L88P, D161G, H182Q, V243A", "PA5485": "WT"}'; 
INSERT INTO metadata_general(isolate_id, isolate_name, isolate_source, project_name, species) VALUES ('223', 'AND02-013', 'WILD-TYPE', 'GEMARA', 'Pseudomonas aeruginosa') ON DUPLICATE KEY UPDATE isolate_name = 'AND02-013', isolate_source = 'WILD-TYPE', project_name = 'GEMARA', species = 'Pseudomonas aeruginosa'; 
INSERT INTO mic(mic_id, isolate_id, ami, ami_clinical_category, azt, azt_clinical_category, cip, cip_clinical_category, col, col_clinical_category, cza, cza_clinical_category, fep, fep_clinical_category, imi, imi_clinical_category, mer, mer_clinical_category, pip, pip_clinical_category, taz, taz_clinical_category, tic, tic_clinical_category, tob, tob_clinical_category, tol, tol_clinical_category) VALUES ('223', '223', '4', 'S', '4', 'S', '≤0.12', 'S', '2', 'S', '2', 'S', '2', 'S', '2', 'S', '1', 'S', '≤4', 'S', '2', 'S', '32', 'R', '0.5', 'S', '≤0.5', 'S') ON DUPLICATE KEY UPDATE ami = '4', ami_clinical_category = 'S', azt = '4', azt_clinical_category = 'S', cip = '≤0.12', cip_clinical_category = 'S', col = '2', col_clinical_category = 'S', cza = '2', cza_clinical_category = 'S', fep = '2', fep_clinical_category = 'S', imi = '2', imi_clinical_category = 'S', mer = '1', mer_clinical_category = 'S', pip = '≤4', pip_clinical_category = 'S', taz = '2', taz_clinical_category = 'S', tic = '32', tic_clinical_category = 'R', tob = '0.5', tob_clinical_category = 'S', tol = '≤0.5', tol_clinical_category = 'S'; 
INSERT INTO phenotypic_data(phenotypic_data_id, isolate_id, ecdc_resistance_profile) VALUES ('44', '223', 'S') ON DUPLICATE KEY UPDATE ecdc_resistance_profile = 'S'; 
INSERT INTO sequence_analysis(sequence_analysis_id, isolate_id, ame_loci, beta_lactamase_loci, clonal_complex, mutational_resistome) VALUES ('223', '223', '-', '-', '646', '{"PA0004": "WT", "PA0424": "V126E, V132A", "PA0425": "WT", "PA0426": "WT", "PA0427": "WT", "PA0807": "A219T", "PA0958": "WT", "PA1798": "H398R", "PA1799": "L153R, S170N", "PA2020": "WT", "PA2023": "WT", "PA2491": "D249N", "PA2492": "F172I, nt234\u22068", "PA2493": "S8F, S22G", "PA2494": "WT", "PA2495": "S13P, S77N", "PA3047": "WT", "PA3168": "WT", "PA3574": "WT", "PA3721": "G71E, S209R", "PA3999": "V50I", "PA4003": "WT", "PA4020": "M297V", "PA4109": "WT", "PA4110": "T105A, L176R", "PA4266": "WT", "PA4418": "WT", "PA4522": "G148A", "PA4597": "M69V", "PA4598": "E257Q, S845A", "PA4599": "WT", "PA4600": "WT", "PA4776": "L71R", "PA4777": "Y345H", "PA4964": "V419L, V646L", "PA4967": "WT", "PA5471": "L88P, D161G, H182Q, V243A", "PA5485": "WT"}') ON DUPLICATE KEY UPDATE ame_loci = '-', beta_lactamase_loci = '-', clonal_complex = '646', mutational_resistome = '{"PA0004": "WT", "PA0424": "V126E, V132A", "PA0425": "WT", "PA0426": "WT", "PA0427": "WT", "PA0807": "A219T", "PA0958": "WT", "PA1798": "H398R", "PA1799": "L153R, S170N", "PA2020": "WT", "PA2023": "WT", "PA2491": "D249N", "PA2492": "F172I, nt234\u22068", "PA2493": "S8F, S22G", "PA2494": "WT", "PA2495": "S13P, S77N", "PA3047": "WT", "PA3168": "WT", "PA3574": "WT", "PA3721": "G71E, S209R", "PA3999": "V50I", "PA4003": "WT", "PA4020": "M297V", "PA4109": "WT", "PA4110": "T105A, L176R", "PA4266": "WT", "PA4418": "WT", "PA4522": "G148A", "PA4597": "M69V", "PA4598": "E257Q, S845A", "PA4599": "WT", "PA4600": "WT", "PA4776": "L71R", "PA4777": "Y345H", "PA4964": "V419L, V646L", "PA4967": "WT", "PA5471": "L88P, D161G, H182Q, V243A", "PA5485": "WT"}'; 
INSERT INTO metadata_general(isolate_id, isolate_name, isolate_source, project_name, species) VALUES ('228', 'AND02-039', 'WILD-TYPE', 'GEMARA', 'Pseudomonas aeruginosa') ON DUPLICATE KEY UPDATE isolate_name = 'AND02-039', isolate_source = 'WILD-TYPE', project_name = 'GEMARA', species = 'Pseudomonas aeruginosa'; 
INSERT INTO mic(mic_id, isolate_id, ami, ami_clinical_category, azt, azt_clinical_category, cip, cip_clinical_category, col, col_clinical_category, cza, cza_clinical_category, fep, fep_clinical_category, imi, imi_clinical_category, mer, mer_clinical_category, pip, pip_clinical_category, taz, taz_clinical_category, tic, tic_clinical_category, tob, tob_clinical_category, tol, tol_clinical_category) VALUES ('228', '228', '≤2', 'S', '4', 'S', '≤0.12', 'S', '2', 'S', '1', 'S', '2', 'S', '2', 'S', '≤0.5', 'S', '≤4', 'S', '2', 'S', '16', 'S', '≤0.25', 'S', '≤0.5', 'S') ON DUPLICATE KEY UPDATE ami = '≤2', ami_clinical_category = 'S', azt = '4', azt_clinical_category = 'S', cip = '≤0.12', cip_clinical_category = 'S', col = '2', col_clinical_category = 'S', cza = '1', cza_clinical_category = 'S', fep = '2', fep_clinical_category = 'S', imi = '2', imi_clinical_category = 'S', mer = '≤0.5', mer_clinical_category = 'S', pip = '≤4', pip_clinical_category = 'S', taz = '2', taz_clinical_category = 'S', tic = '16', tic_clinical_category = 'S', tob = '≤0.25', tob_clinical_category = 'S', tol = '≤0.5', tol_clinical_category = 'S'; 
INSERT INTO phenotypic_data(phenotypic_data_id, isolate_id, ecdc_resistance_profile) VALUES ('49', '228', 'S') ON DUPLICATE KEY UPDATE ecdc_resistance_profile = 'S'; 
INSERT INTO sequence_analysis(sequence_analysis_id, isolate_id, ame_loci, beta_lactamase_loci, clonal_complex, mutational_resistome) VALUES ('228', '228', '-', '-', '2475', '{"PA0004": "WT", "PA0424": "WT", "PA0425": "WT", "PA0426": "WT", "PA0427": "WT", "PA0807": "WT", "PA0958": "WT", "PA1798": "H398R", "PA1799": "WT", "PA2020": "WT", "PA2023": "WT", "PA2491": "D249N", "PA2492": "F172I, nt234\u22068", "PA2493": "WT", "PA2494": "WT", "PA2495": "WT", "PA3047": "WT", "PA3168": "aa911\u22062", "PA3574": "WT", "PA3721": "WT", "PA3999": "WT", "PA4003": "WT", "PA4020": "M297V", "PA4109": "WT", "PA4110": "R79Q, T105A, R284H", "PA4266": "WT", "PA4418": "WT", "PA4522": "G148A, D183Y", "PA4597": "M69V", "PA4598": "E257Q", "PA4599": "R76Q, P351L", "PA4600": "WT", "PA4776": "L71R", "PA4777": "A4T, Y345H", "PA4964": "WT", "PA4967": "WT", "PA5471": "L88P, D161G, H182Q, V243A", "PA5485": "WT"}') ON DUPLICATE KEY UPDATE ame_loci = '-', beta_lactamase_loci = '-', clonal_complex = '2475', mutational_resistome = '{"PA0004": "WT", "PA0424": "WT", "PA0425": "WT", "PA0426": "WT", "PA0427": "WT", "PA0807": "WT", "PA0958": "WT", "PA1798": "H398R", "PA1799": "WT", "PA2020": "WT", "PA2023": "WT", "PA2491": "D249N", "PA2492": "F172I, nt234\u22068", "PA2493": "WT", "PA2494": "WT", "PA2495": "WT", "PA3047": "WT", "PA3168": "aa911\u22062", "PA3574": "WT", "PA3721": "WT", "PA3999": "WT", "PA4003": "WT", "PA4020": "M297V", "PA4109": "WT", "PA4110": "R79Q, T105A, R284H", "PA4266": "WT", "PA4418": "WT", "PA4522": "G148A, D183Y", "PA4597": "M69V", "PA4598": "E257Q", "PA4599": "R76Q, P351L", "PA4600": "WT", "PA4776": "L71R", "PA4777": "A4T, Y345H", "PA4964": "WT", "PA4967": "WT", "PA5471": "L88P, D161G, H182Q, V243A", "PA5485": "WT"}'; 
INSERT INTO metadata_general(isolate_id, isolate_name, isolate_source, project_name, species) VALUES ('259', 'AND03-024', 'WILD-TYPE', 'GEMARA', 'Pseudomonas aeruginosa') ON DUPLICATE KEY UPDATE isolate_name = 'AND03-024', isolate_source = 'WILD-TYPE', project_name = 'GEMARA', species = 'Pseudomonas aeruginosa'; 
INSERT INTO mic(mic_id, isolate_id, ami, ami_clinical_category, azt, azt_clinical_category, cip, cip_clinical_category, col, col_clinical_category, cza, cza_clinical_category, fep, fep_clinical_category, imi, imi_clinical_category, mer, mer_clinical_category, pip, pip_clinical_category, taz, taz_clinical_category, tic, tic_clinical_category, tob, tob_clinical_category, tol, tol_clinical_category) VALUES ('259', '259', '≤2', 'S', '≤2', 'S', '≤0.12', 'S', '1', 'S', '1', 'S', '2', 'S', '1', 'S', '≤0.5', 'S', '≤4', 'S', '≤1', 'S', '16', 'S', '≤0.25', 'S', '≤0.5', 'S') ON DUPLICATE KEY UPDATE ami = '≤2', ami_clinical_category = 'S', azt = '≤2', azt_clinical_category = 'S', cip = '≤0.12', cip_clinical_category = 'S', col = '1', col_clinical_category = 'S', cza = '1', cza_clinical_category = 'S', fep = '2', fep_clinical_category = 'S', imi = '1', imi_clinical_category = 'S', mer = '≤0.5', mer_clinical_category = 'S', pip = '≤4', pip_clinical_category = 'S', taz = '≤1', taz_clinical_category = 'S', tic = '16', tic_clinical_category = 'S', tob = '≤0.25', tob_clinical_category = 'S', tol = '≤0.5', tol_clinical_category = 'S'; 
INSERT INTO phenotypic_data(phenotypic_data_id, isolate_id, ecdc_resistance_profile) VALUES ('83', '259', 'S') ON DUPLICATE KEY UPDATE ecdc_resistance_profile = 'S'; 
INSERT INTO sequence_analysis(sequence_analysis_id, isolate_id, ame_loci, beta_lactamase_loci, clonal_complex, mutational_resistome) VALUES ('259', '259', '-', '-', '390', '{"PA0004": "WT", "PA0424": "WT", "PA0425": "WT", "PA0426": "WT", "PA0427": "A478T, nt1451InsC", "PA0807": "A219T", "PA0958": "WT", "PA1798": "H398R", "PA1799": "A41G", "PA2020": "L138R", "PA2023": "WT", "PA2491": "D249N", "PA2492": "P60S, F172I, nt234\u22068", "PA2493": "WT", "PA2494": "WT", "PA2495": "S13P", "PA3047": "A474T", "PA3168": "WT", "PA3574": "WT", "PA3721": "G71E", "PA3999": "WT", "PA4003": "WT", "PA4020": "WT", "PA4109": "WT", "PA4110": "R79Q, T105A, R235H", "PA4266": "WT", "PA4418": "WT", "PA4522": "G148A, S175L", "PA4597": "M69V, L291F", "PA4598": "T87S, E257Q, E602K, S845A", "PA4599": "H310R, S330A, A378T, A384V", "PA4600": "WT", "PA4776": "L71R", "PA4777": "Y345H", "PA4964": "WT", "PA4967": "WT", "PA5471": "L88P, D161G, H182Q, V243A, G258S", "PA5485": "WT"}') ON DUPLICATE KEY UPDATE ame_loci = '-', beta_lactamase_loci = '-', clonal_complex = '390', mutational_resistome = '{"PA0004": "WT", "PA0424": "WT", "PA0425": "WT", "PA0426": "WT", "PA0427": "A478T, nt1451InsC", "PA0807": "A219T", "PA0958": "WT", "PA1798": "H398R", "PA1799": "A41G", "PA2020": "L138R", "PA2023": "WT", "PA2491": "D249N", "PA2492": "P60S, F172I, nt234\u22068", "PA2493": "WT", "PA2494": "WT", "PA2495": "S13P", "PA3047": "A474T", "PA3168": "WT", "PA3574": "WT", "PA3721": "G71E", "PA3999": "WT", "PA4003": "WT", "PA4020": "WT", "PA4109": "WT", "PA4110": "R79Q, T105A, R235H", "PA4266": "WT", "PA4418": "WT", "PA4522": "G148A, S175L", "PA4597": "M69V, L291F", "PA4598": "T87S, E257Q, E602K, S845A", "PA4599": "H310R, S330A, A378T, A384V", "PA4600": "WT", "PA4776": "L71R", "PA4777": "Y345H", "PA4964": "WT", "PA4967": "WT", "PA5471": "L88P, D161G, H182Q, V243A, G258S", "PA5485": "WT"}'; 
INSERT INTO metadata_general(isolate_id, isolate_name, isolate_source, project_name, species) VALUES ('245', 'AND03-031', 'WILD-TYPE', 'GEMARA', 'Pseudomonas aeruginosa') ON DUPLICATE KEY UPDATE isolate_name = 'AND03-031', isolate_source = 'WILD-TYPE', project_name = 'GEMARA', species = 'Pseudomonas aeruginosa'; 
INSERT INTO mic(mic_id, isolate_id, ami, ami_clinical_category, azt, azt_clinical_category, cip, cip_clinical_category, col, col_clinical_category, cza, cza_clinical_category, fep, fep_clinical_category, imi, imi_clinical_category, mer, mer_clinical_category, pip, pip_clinical_category, taz, taz_clinical_category, tic, tic_clinical_category, tob, tob_clinical_category, tol, tol_clinical_category) VALUES ('245', '245', '4', 'S', '4', 'S', '≤0.12', 'S', '2', 'S', '1', 'S', '2', 'S', '1', 'S', '1', 'S', '≤4', 'S', '2', 'S', '32', 'R', '0.5', 'S', '≤0.5', 'S') ON DUPLICATE KEY UPDATE ami = '4', ami_clinical_category = 'S', azt = '4', azt_clinical_category = 'S', cip = '≤0.12', cip_clinical_category = 'S', col = '2', col_clinical_category = 'S', cza = '1', cza_clinical_category = 'S', fep = '2', fep_clinical_category = 'S', imi = '1', imi_clinical_category = 'S', mer = '1', mer_clinical_category = 'S', pip = '≤4', pip_clinical_category = 'S', taz = '2', taz_clinical_category = 'S', tic = '32', tic_clinical_category = 'R', tob = '0.5', tob_clinical_category = 'S', tol = '≤0.5', tol_clinical_category = 'S'; 
INSERT INTO phenotypic_data(phenotypic_data_id, isolate_id, ecdc_resistance_profile) VALUES ('69', '245', 'S') ON DUPLICATE KEY UPDATE ecdc_resistance_profile = 'S'; 
INSERT INTO sequence_analysis(sequence_analysis_id, isolate_id, ame_loci, beta_lactamase_loci, clonal_complex, mutational_resistome) VALUES ('245', '245', '-', '-', '532', '{"PA0004": "WT", "PA0424": "V126E", "PA0425": "WT", "PA0426": "WT", "PA0427": "WT", "PA0807": "WT", "PA0958": "WT", "PA1798": "R243H, H398R", "PA1799": "L153R, S170N", "PA2020": "WT", "PA2023": "WT", "PA2491": "D249N", "PA2492": "R40H, F172I, nt234\u22068", "PA2493": "S8F", "PA2494": "WT", "PA2495": "S13P", "PA3047": "WT", "PA3168": "WT", "PA3574": "WT", "PA3721": "G71E, A145V, S209R", "PA3999": "WT", "PA4003": "WT", "PA4020": "M297V", "PA4109": "E114A, G283E, M288R", "PA4110": "G27D, T105A, V205L, S306T, G391A", "PA4266": "WT", "PA4418": "WT", "PA4522": "WT", "PA4597": "WT", "PA4598": "T87S, S845A", "PA4599": "E251Q, A262E, A277T, H310R, S330A, A378T", "PA4600": "WT", "PA4776": "WT", "PA4777": "A4T, V15I, G68S, Y345H", "PA4964": "WT", "PA4967": "D533E", "PA5471": "C40R, L88P, D104E, S112N, D119E, H182Q, I237V, V243A", "PA5485": "F9I, R189H"}') ON DUPLICATE KEY UPDATE ame_loci = '-', beta_lactamase_loci = '-', clonal_complex = '532', mutational_resistome = '{"PA0004": "WT", "PA0424": "V126E", "PA0425": "WT", "PA0426": "WT", "PA0427": "WT", "PA0807": "WT", "PA0958": "WT", "PA1798": "R243H, H398R", "PA1799": "L153R, S170N", "PA2020": "WT", "PA2023": "WT", "PA2491": "D249N", "PA2492": "R40H, F172I, nt234\u22068", "PA2493": "S8F", "PA2494": "WT", "PA2495": "S13P", "PA3047": "WT", "PA3168": "WT", "PA3574": "WT", "PA3721": "G71E, A145V, S209R", "PA3999": "WT", "PA4003": "WT", "PA4020": "M297V", "PA4109": "E114A, G283E, M288R", "PA4110": "G27D, T105A, V205L, S306T, G391A", "PA4266": "WT", "PA4418": "WT", "PA4522": "WT", "PA4597": "WT", "PA4598": "T87S, S845A", "PA4599": "E251Q, A262E, A277T, H310R, S330A, A378T", "PA4600": "WT", "PA4776": "WT", "PA4777": "A4T, V15I, G68S, Y345H", "PA4964": "WT", "PA4967": "D533E", "PA5471": "C40R, L88P, D104E, S112N, D119E, H182Q, I237V, V243A", "PA5485": "F9I, R189H"}'; 
INSERT INTO metadata_general(isolate_id, isolate_name, isolate_source, project_name, species) VALUES ('284', 'AND04-008', 'WILD-TYPE', 'GEMARA', 'Pseudomonas aeruginosa') ON DUPLICATE KEY UPDATE isolate_name = 'AND04-008', isolate_source = 'WILD-TYPE', project_name = 'GEMARA', species = 'Pseudomonas aeruginosa'; 
INSERT INTO mic(mic_id, isolate_id, ami, ami_clinical_category, azt, azt_clinical_category, cip, cip_clinical_category, col, col_clinical_category, cza, cza_clinical_category, fep, fep_clinical_category, imi, imi_clinical_category, mer, mer_clinical_category, pip, pip_clinical_category, taz, taz_clinical_category, tic, tic_clinical_category, tob, tob_clinical_category, tol, tol_clinical_category) VALUES ('284', '284', '≤2', 'S', '4', 'S', '≤0.12', 'S', '2', 'S', '1', 'S', '4', 'S', '4', 'S', '2', 'S', '≤4', 'S', '2', 'S', '16', 'S', '≤0.25', 'S', '1', 'S') ON DUPLICATE KEY UPDATE ami = '≤2', ami_clinical_category = 'S', azt = '4', azt_clinical_category = 'S', cip = '≤0.12', cip_clinical_category = 'S', col = '2', col_clinical_category = 'S', cza = '1', cza_clinical_category = 'S', fep = '4', fep_clinical_category = 'S', imi = '4', imi_clinical_category = 'S', mer = '2', mer_clinical_category = 'S', pip = '≤4', pip_clinical_category = 'S', taz = '2', taz_clinical_category = 'S', tic = '16', tic_clinical_category = 'S', tob = '≤0.25', tob_clinical_category = 'S', tol = '1', tol_clinical_category = 'S'; 
INSERT INTO phenotypic_data(phenotypic_data_id, isolate_id, ecdc_resistance_profile) VALUES ('110', '284', 'S') ON DUPLICATE KEY UPDATE ecdc_resistance_profile = 'S'; 
INSERT INTO sequence_analysis(sequence_analysis_id, isolate_id, ame_loci, beta_lactamase_loci, clonal_complex, mutational_resistome) VALUES ('284', '284', '-', '-', '245', '{"PA0004": "WT", "PA0424": "WT", "PA0425": "WT", "PA0426": "WT", "PA0427": "A261T", "PA0807": "A219T", "PA0958": "WT", "PA1798": "H398R", "PA1799": "WT", "PA2020": "WT", "PA2023": "WT", "PA2491": "D249N", "PA2492": "F172I, nt234\u22068", "PA2493": "P397Q", "PA2494": "WT", "PA2495": "WT", "PA3047": "WT", "PA3168": "WT", "PA3574": "WT", "PA3721": "G71E, S209R", "PA3999": "WT", "PA4003": "WT", "PA4020": "M297V, A303V", "PA4109": "WT", "PA4110": "R79Q, T105A", "PA4266": "WT", "PA4418": "WT", "PA4522": "D28G, G148A, S175L", "PA4597": "M69V, Q267R", "PA4598": "E257Q, S845A", "PA4599": "S330A", "PA4600": "WT", "PA4776": "L71R", "PA4777": "Y345H", "PA4964": "H262Q", "PA4967": "WT", "PA5471": "L88P, D161G, H182Q, V243A", "PA5485": "WT"}') ON DUPLICATE KEY UPDATE ame_loci = '-', beta_lactamase_loci = '-', clonal_complex = '245', mutational_resistome = '{"PA0004": "WT", "PA0424": "WT", "PA0425": "WT", "PA0426": "WT", "PA0427": "A261T", "PA0807": "A219T", "PA0958": "WT", "PA1798": "H398R", "PA1799": "WT", "PA2020": "WT", "PA2023": "WT", "PA2491": "D249N", "PA2492": "F172I, nt234\u22068", "PA2493": "P397Q", "PA2494": "WT", "PA2495": "WT", "PA3047": "WT", "PA3168": "WT", "PA3574": "WT", "PA3721": "G71E, S209R", "PA3999": "WT", "PA4003": "WT", "PA4020": "M297V, A303V", "PA4109": "WT", "PA4110": "R79Q, T105A", "PA4266": "WT", "PA4418": "WT", "PA4522": "D28G, G148A, S175L", "PA4597": "M69V, Q267R", "PA4598": "E257Q, S845A", "PA4599": "S330A", "PA4600": "WT", "PA4776": "L71R", "PA4777": "Y345H", "PA4964": "H262Q", "PA4967": "WT", "PA5471": "L88P, D161G, H182Q, V243A", "PA5485": "WT"}'; 
INSERT INTO metadata_general(isolate_id, isolate_name, isolate_source, project_name, species) VALUES ('265', 'AND04-015', 'WILD-TYPE', 'GEMARA', 'Pseudomonas aeruginosa') ON DUPLICATE KEY UPDATE isolate_name = 'AND04-015', isolate_source = 'WILD-TYPE', project_name = 'GEMARA', species = 'Pseudomonas aeruginosa'; 
INSERT INTO mic(mic_id, isolate_id, ami, ami_clinical_category, azt, azt_clinical_category, cip, cip_clinical_category, col, col_clinical_category, cza, cza_clinical_category, fep, fep_clinical_category, imi, imi_clinical_category, mer, mer_clinical_category, pip, pip_clinical_category, taz, taz_clinical_category, tic, tic_clinical_category, tob, tob_clinical_category, tol, tol_clinical_category) VALUES ('265', '265', '≤2', 'S', '≤2', 'S', '≤0.12', 'S', '≤0.5', 'S', '≤0.5', 'S', '4', 'S', '1', 'S', '≤0.5', 'S', '≤4', 'S', '≤1', 'S', '≤8', 'S', '≤0.25', 'S', '≤0.5', 'S') ON DUPLICATE KEY UPDATE ami = '≤2', ami_clinical_category = 'S', azt = '≤2', azt_clinical_category = 'S', cip = '≤0.12', cip_clinical_category = 'S', col = '≤0.5', col_clinical_category = 'S', cza = '≤0.5', cza_clinical_category = 'S', fep = '4', fep_clinical_category = 'S', imi = '1', imi_clinical_category = 'S', mer = '≤0.5', mer_clinical_category = 'S', pip = '≤4', pip_clinical_category = 'S', taz = '≤1', taz_clinical_category = 'S', tic = '≤8', tic_clinical_category = 'S', tob = '≤0.25', tob_clinical_category = 'S', tol = '≤0.5', tol_clinical_category = 'S'; 
INSERT INTO phenotypic_data(phenotypic_data_id, isolate_id, ecdc_resistance_profile) VALUES ('91', '265', 'S') ON DUPLICATE KEY UPDATE ecdc_resistance_profile = 'S'; 
INSERT INTO sequence_analysis(sequence_analysis_id, isolate_id, ame_loci, beta_lactamase_loci, clonal_complex, mutational_resistome) VALUES ('265', '265', '-', '-', '809', '{"PA0004": "WT", "PA0424": "WT", "PA0425": "C24G", "PA0426": "S183L", "PA0427": "WT", "PA0807": "D235G", "PA0958": "WT", "PA1798": "T131P, H398R", "PA1799": "WT", "PA2020": "WT", "PA2023": "WT", "PA2491": "D249N, V318I", "PA2492": "P60S, F172I, nt234\u22068", "PA2493": "A27V", "PA2494": "WT", "PA2495": "WT", "PA3047": "WT", "PA3168": "WT", "PA3574": "WT", "PA3721": "G71E, S209R", "PA3999": "WT", "PA4003": "WT", "PA4020": "WT", "PA4109": "WT", "PA4110": "T105A, E198K, V205L", "PA4266": "WT", "PA4418": "WT", "PA4522": "G148A, S175L", "PA4597": "A40G, D68G, M69V", "PA4598": "E257Q, S606L, S845A", "PA4599": "S330A", "PA4600": "WT", "PA4776": "WT", "PA4777": "Y345H", "PA4964": "V646L", "PA4967": "D142N", "PA5471": "L88P, D161G, H182Q", "PA5485": "WT"}') ON DUPLICATE KEY UPDATE ame_loci = '-', beta_lactamase_loci = '-', clonal_complex = '809', mutational_resistome = '{"PA0004": "WT", "PA0424": "WT", "PA0425": "C24G", "PA0426": "S183L", "PA0427": "WT", "PA0807": "D235G", "PA0958": "WT", "PA1798": "T131P, H398R", "PA1799": "WT", "PA2020": "WT", "PA2023": "WT", "PA2491": "D249N, V318I", "PA2492": "P60S, F172I, nt234\u22068", "PA2493": "A27V", "PA2494": "WT", "PA2495": "WT", "PA3047": "WT", "PA3168": "WT", "PA3574": "WT", "PA3721": "G71E, S209R", "PA3999": "WT", "PA4003": "WT", "PA4020": "WT", "PA4109": "WT", "PA4110": "T105A, E198K, V205L", "PA4266": "WT", "PA4418": "WT", "PA4522": "G148A, S175L", "PA4597": "A40G, D68G, M69V", "PA4598": "E257Q, S606L, S845A", "PA4599": "S330A", "PA4600": "WT", "PA4776": "WT", "PA4777": "Y345H", "PA4964": "V646L", "PA4967": "D142N", "PA5471": "L88P, D161G, H182Q", "PA5485": "WT"}'; 
INSERT INTO metadata_general(isolate_id, isolate_name, isolate_source, project_name, species) VALUES ('306', 'AND05-018', 'WILD-TYPE', 'GEMARA', 'Pseudomonas aeruginosa') ON DUPLICATE KEY UPDATE isolate_name = 'AND05-018', isolate_source = 'WILD-TYPE', project_name = 'GEMARA', species = 'Pseudomonas aeruginosa'; 
INSERT INTO mic(mic_id, isolate_id, ami, ami_clinical_category, azt, azt_clinical_category, cip, cip_clinical_category, col, col_clinical_category, cza, cza_clinical_category, fep, fep_clinical_category, imi, imi_clinical_category, mer, mer_clinical_category, pip, pip_clinical_category, taz, taz_clinical_category, tic, tic_clinical_category, tob, tob_clinical_category, tol, tol_clinical_category) VALUES ('306', '306', '4', 'S', '4', 'S', '≤0.12', 'S', '1', 'S', '1', 'S', '2', 'S', '4', 'S', '≤0.5', 'S', '≤4', 'S', '2', 'S', '32', 'R', '1', 'S', '≤0.5', 'S') ON DUPLICATE KEY UPDATE ami = '4', ami_clinical_category = 'S', azt = '4', azt_clinical_category = 'S', cip = '≤0.12', cip_clinical_category = 'S', col = '1', col_clinical_category = 'S', cza = '1', cza_clinical_category = 'S', fep = '2', fep_clinical_category = 'S', imi = '4', imi_clinical_category = 'S', mer = '≤0.5', mer_clinical_category = 'S', pip = '≤4', pip_clinical_category = 'S', taz = '2', taz_clinical_category = 'S', tic = '32', tic_clinical_category = 'R', tob = '1', tob_clinical_category = 'S', tol = '≤0.5', tol_clinical_category = 'S'; 
INSERT INTO phenotypic_data(phenotypic_data_id, isolate_id, ecdc_resistance_profile) VALUES ('135', '306', 'S') ON DUPLICATE KEY UPDATE ecdc_resistance_profile = 'S'; 
INSERT INTO sequence_analysis(sequence_analysis_id, isolate_id, ame_loci, beta_lactamase_loci, clonal_complex, mutational_resistome) VALUES ('306', '306', '-', '-', '270', '{"PA0004": "WT", "PA0424": "WT", "PA0425": "WT", "PA0426": "WT", "PA0427": "WT", "PA0807": "D235G", "PA0958": "WT", "PA1798": "H398R", "PA1799": "M160T", "PA2020": "WT", "PA2023": "WT", "PA2491": "D249N", "PA2492": "P60S, F172I, nt234\u22068", "PA2493": "WT", "PA2494": "WT", "PA2495": "A360T", "PA3047": "WT", "PA3168": "WT", "PA3574": "D187H", "PA3721": "G71E, S209R", "PA3999": "WT", "PA4003": "WT", "PA4020": "WT", "PA4109": "WT", "PA4110": "T105A, L176R", "PA4266": "WT", "PA4418": "WT", "PA4522": "R11L, G148A, D183Y", "PA4597": "D35H, M69V", "PA4598": "E257Q, V384L, S845A", "PA4599": "WT", "PA4600": "WT", "PA4776": "L71R", "PA4777": "Y345H", "PA4964": "Q405R", "PA4967": "WT", "PA5471": "L88P, D161G, H182Q, V243A", "PA5485": "WT"}') ON DUPLICATE KEY UPDATE ame_loci = '-', beta_lactamase_loci = '-', clonal_complex = '270', mutational_resistome = '{"PA0004": "WT", "PA0424": "WT", "PA0425": "WT", "PA0426": "WT", "PA0427": "WT", "PA0807": "D235G", "PA0958": "WT", "PA1798": "H398R", "PA1799": "M160T", "PA2020": "WT", "PA2023": "WT", "PA2491": "D249N", "PA2492": "P60S, F172I, nt234\u22068", "PA2493": "WT", "PA2494": "WT", "PA2495": "A360T", "PA3047": "WT", "PA3168": "WT", "PA3574": "D187H", "PA3721": "G71E, S209R", "PA3999": "WT", "PA4003": "WT", "PA4020": "WT", "PA4109": "WT", "PA4110": "T105A, L176R", "PA4266": "WT", "PA4418": "WT", "PA4522": "R11L, G148A, D183Y", "PA4597": "D35H, M69V", "PA4598": "E257Q, V384L, S845A", "PA4599": "WT", "PA4600": "WT", "PA4776": "L71R", "PA4777": "Y345H", "PA4964": "Q405R", "PA4967": "WT", "PA5471": "L88P, D161G, H182Q, V243A", "PA5485": "WT"}'; 
INSERT INTO metadata_general(isolate_id, isolate_name, isolate_source, project_name, species) VALUES ('300', 'AND05-041', 'WILD-TYPE', 'GEMARA', 'Pseudomonas aeruginosa') ON DUPLICATE KEY UPDATE isolate_name = 'AND05-041', isolate_source = 'WILD-TYPE', project_name = 'GEMARA', species = 'Pseudomonas aeruginosa'; 
INSERT INTO mic(mic_id, isolate_id, ami, ami_clinical_category, azt, azt_clinical_category, cip, cip_clinical_category, col, col_clinical_category, cza, cza_clinical_category, fep, fep_clinical_category, imi, imi_clinical_category, mer, mer_clinical_category, pip, pip_clinical_category, taz, taz_clinical_category, tic, tic_clinical_category, tob, tob_clinical_category, tol, tol_clinical_category) VALUES ('300', '300', '≤2', 'S', '4', 'S', '≤0.12', 'S', '1', 'S', '1', 'S', '2', 'S', '1', 'S', '1', 'S', '≤4', 'S', '2', 'S', '32', 'R', '≤0.25', 'S', '≤0.5', 'S') ON DUPLICATE KEY UPDATE ami = '≤2', ami_clinical_category = 'S', azt = '4', azt_clinical_category = 'S', cip = '≤0.12', cip_clinical_category = 'S', col = '1', col_clinical_category = 'S', cza = '1', cza_clinical_category = 'S', fep = '2', fep_clinical_category = 'S', imi = '1', imi_clinical_category = 'S', mer = '1', mer_clinical_category = 'S', pip = '≤4', pip_clinical_category = 'S', taz = '2', taz_clinical_category = 'S', tic = '32', tic_clinical_category = 'R', tob = '≤0.25', tob_clinical_category = 'S', tol = '≤0.5', tol_clinical_category = 'S'; 
INSERT INTO phenotypic_data(phenotypic_data_id, isolate_id, ecdc_resistance_profile) VALUES ('129', '300', 'S') ON DUPLICATE KEY UPDATE ecdc_resistance_profile = 'S'; 
INSERT INTO sequence_analysis(sequence_analysis_id, isolate_id, ame_loci, beta_lactamase_loci, clonal_complex, mutational_resistome) VALUES ('300', '300', '-', '-', '244', '{"PA0004": "WT", "PA0424": "WT", "PA0425": "WT", "PA0426": "WT", "PA0427": "WT", "PA0807": "A219T", "PA0958": "WT", "PA1798": "H398R", "PA1799": "WT", "PA2020": "WT", "PA2023": "WT", "PA2491": "A75V, D249N", "PA2492": "P60S, F172I, nt234\u22068", "PA2493": "WT", "PA2494": "WT", "PA2495": "WT", "PA3047": "WT", "PA3168": "WT", "PA3574": "WT", "PA3721": "WT", "PA3999": "WT", "PA4003": "WT", "PA4020": "M297V, A303V", "PA4109": "WT", "PA4110": "WT", "PA4266": "WT", "PA4418": "WT", "PA4522": "R11L, G148A, D183Y", "PA4597": "D68G, M69V", "PA4598": "S845A", "PA4599": "R76Q, H310R, S330A, P383S", "PA4600": "WT", "PA4776": "L71R", "PA4777": "WT", "PA4964": "WT", "PA4967": "WT", "PA5471": "L88P, G157D, D161G, H182Q, V243A", "PA5485": "WT"}') ON DUPLICATE KEY UPDATE ame_loci = '-', beta_lactamase_loci = '-', clonal_complex = '244', mutational_resistome = '{"PA0004": "WT", "PA0424": "WT", "PA0425": "WT", "PA0426": "WT", "PA0427": "WT", "PA0807": "A219T", "PA0958": "WT", "PA1798": "H398R", "PA1799": "WT", "PA2020": "WT", "PA2023": "WT", "PA2491": "A75V, D249N", "PA2492": "P60S, F172I, nt234\u22068", "PA2493": "WT", "PA2494": "WT", "PA2495": "WT", "PA3047": "WT", "PA3168": "WT", "PA3574": "WT", "PA3721": "WT", "PA3999": "WT", "PA4003": "WT", "PA4020": "M297V, A303V", "PA4109": "WT", "PA4110": "WT", "PA4266": "WT", "PA4418": "WT", "PA4522": "R11L, G148A, D183Y", "PA4597": "D68G, M69V", "PA4598": "S845A", "PA4599": "R76Q, H310R, S330A, P383S", "PA4600": "WT", "PA4776": "L71R", "PA4777": "WT", "PA4964": "WT", "PA4967": "WT", "PA5471": "L88P, G157D, D161G, H182Q, V243A", "PA5485": "WT"}'; 
INSERT INTO metadata_general(isolate_id, isolate_name, isolate_source, project_name, species) VALUES ('313', 'AND06-013', 'WILD-TYPE', 'GEMARA', 'Pseudomonas aeruginosa') ON DUPLICATE KEY UPDATE isolate_name = 'AND06-013', isolate_source = 'WILD-TYPE', project_name = 'GEMARA', species = 'Pseudomonas aeruginosa'; 
INSERT INTO mic(mic_id, isolate_id, ami, ami_clinical_category, azt, azt_clinical_category, cip, cip_clinical_category, col, col_clinical_category, cza, cza_clinical_category, fep, fep_clinical_category, imi, imi_clinical_category, mer, mer_clinical_category, pip, pip_clinical_category, taz, taz_clinical_category, tic, tic_clinical_category, tob, tob_clinical_category, tol, tol_clinical_category) VALUES ('313', '313', '≤2', 'S', '4', 'S', '≤0.12', 'S', '2', 'S', '1', 'S', '2', 'S', '2', 'S', '1', 'S', '≤4', 'S', '2', 'S', '16', 'S', '≤0.25', 'S', '≤0.5', 'S') ON DUPLICATE KEY UPDATE ami = '≤2', ami_clinical_category = 'S', azt = '4', azt_clinical_category = 'S', cip = '≤0.12', cip_clinical_category = 'S', col = '2', col_clinical_category = 'S', cza = '1', cza_clinical_category = 'S', fep = '2', fep_clinical_category = 'S', imi = '2', imi_clinical_category = 'S', mer = '1', mer_clinical_category = 'S', pip = '≤4', pip_clinical_category = 'S', taz = '2', taz_clinical_category = 'S', tic = '16', tic_clinical_category = 'S', tob = '≤0.25', tob_clinical_category = 'S', tol = '≤0.5', tol_clinical_category = 'S'; 
INSERT INTO phenotypic_data(phenotypic_data_id, isolate_id, ecdc_resistance_profile) VALUES ('142', '313', 'S') ON DUPLICATE KEY UPDATE ecdc_resistance_profile = 'S'; 
INSERT INTO sequence_analysis(sequence_analysis_id, isolate_id, ame_loci, beta_lactamase_loci, clonal_complex, mutational_resistome) VALUES ('313', '313', '-', '-', '244', '{"PA0004": "WT", "PA0424": "WT", "PA0425": "WT", "PA0426": "WT", "PA0427": "WT", "PA0807": "A219T", "PA0958": "WT", "PA1798": "H398R", "PA1799": "WT", "PA2020": "WT", "PA2023": "WT", "PA2491": "A75V, D249N", "PA2492": "P60S, F172I, nt234\u22068", "PA2493": "WT", "PA2494": "WT", "PA2495": "WT", "PA3047": "WT", "PA3168": "WT", "PA3574": "WT", "PA3721": "WT", "PA3999": "WT", "PA4003": "WT", "PA4020": "M297V, A303V", "PA4109": "WT", "PA4110": "WT", "PA4266": "WT", "PA4418": "WT", "PA4522": "R11L, G148A, D183Y", "PA4597": "D68G, M69V", "PA4598": "S845A", "PA4599": "R76Q, H310R, S330A, P383S", "PA4600": "WT", "PA4776": "L71R", "PA4777": "WT", "PA4964": "WT", "PA4967": "WT", "PA5471": "L88P, G157D, D161G, H182Q, V243A", "PA5485": "WT"}') ON DUPLICATE KEY UPDATE ame_loci = '-', beta_lactamase_loci = '-', clonal_complex = '244', mutational_resistome = '{"PA0004": "WT", "PA0424": "WT", "PA0425": "WT", "PA0426": "WT", "PA0427": "WT", "PA0807": "A219T", "PA0958": "WT", "PA1798": "H398R", "PA1799": "WT", "PA2020": "WT", "PA2023": "WT", "PA2491": "A75V, D249N", "PA2492": "P60S, F172I, nt234\u22068", "PA2493": "WT", "PA2494": "WT", "PA2495": "WT", "PA3047": "WT", "PA3168": "WT", "PA3574": "WT", "PA3721": "WT", "PA3999": "WT", "PA4003": "WT", "PA4020": "M297V, A303V", "PA4109": "WT", "PA4110": "WT", "PA4266": "WT", "PA4418": "WT", "PA4522": "R11L, G148A, D183Y", "PA4597": "D68G, M69V", "PA4598": "S845A", "PA4599": "R76Q, H310R, S330A, P383S", "PA4600": "WT", "PA4776": "L71R", "PA4777": "WT", "PA4964": "WT", "PA4967": "WT", "PA5471": "L88P, G157D, D161G, H182Q, V243A", "PA5485": "WT"}'; 
INSERT INTO metadata_general(isolate_id, isolate_name, isolate_source, project_name, species) VALUES ('326', 'AND06-028', 'WILD-TYPE', 'GEMARA', 'Pseudomonas aeruginosa') ON DUPLICATE KEY UPDATE isolate_name = 'AND06-028', isolate_source = 'WILD-TYPE', project_name = 'GEMARA', species = 'Pseudomonas aeruginosa'; 
INSERT INTO mic(mic_id, isolate_id, ami, ami_clinical_category, azt, azt_clinical_category, cip, cip_clinical_category, col, col_clinical_category, cza, cza_clinical_category, fep, fep_clinical_category, imi, imi_clinical_category, mer, mer_clinical_category, pip, pip_clinical_category, taz, taz_clinical_category, tic, tic_clinical_category, tob, tob_clinical_category, tol, tol_clinical_category) VALUES ('326', '326', '≤2', 'S', '4', 'S', '≤0.12', 'S', '1', 'S', '2', 'S', '2', 'S', '1', 'S', '≤0.5', 'S', '≤4', 'S', '2', 'S', '32', 'R', '0.5', 'S', '1', 'S') ON DUPLICATE KEY UPDATE ami = '≤2', ami_clinical_category = 'S', azt = '4', azt_clinical_category = 'S', cip = '≤0.12', cip_clinical_category = 'S', col = '1', col_clinical_category = 'S', cza = '2', cza_clinical_category = 'S', fep = '2', fep_clinical_category = 'S', imi = '1', imi_clinical_category = 'S', mer = '≤0.5', mer_clinical_category = 'S', pip = '≤4', pip_clinical_category = 'S', taz = '2', taz_clinical_category = 'S', tic = '32', tic_clinical_category = 'R', tob = '0.5', tob_clinical_category = 'S', tol = '1', tol_clinical_category = 'S'; 
INSERT INTO phenotypic_data(phenotypic_data_id, isolate_id, ecdc_resistance_profile) VALUES ('155', '326', 'S') ON DUPLICATE KEY UPDATE ecdc_resistance_profile = 'S'; 
INSERT INTO sequence_analysis(sequence_analysis_id, isolate_id, ame_loci, beta_lactamase_loci, clonal_complex, mutational_resistome) VALUES ('326', '326', '-', '-', '3366', '{"PA0004": "WT", "PA0424": "V126E", "PA0425": "WT", "PA0426": "WT", "PA0427": "WT", "PA0807": "R182C, A219T", "PA0958": "WT", "PA1798": "H398R", "PA1799": "WT", "PA2020": "WT", "PA2023": "WT", "PA2491": "D249N", "PA2492": "F172I, nt234\u22068", "PA2493": "WT", "PA2494": "WT", "PA2495": "A38T", "PA3047": "A394P", "PA3168": "WT", "PA3574": "WT", "PA3721": "G71E, S209R", "PA3999": "WT", "PA4003": "WT", "PA4020": "M297V, A303V", "PA4109": "E114A", "PA4110": "WT", "PA4266": "WT", "PA4418": "N117S", "PA4522": "WT", "PA4597": "D68G, M69V, Q267R", "PA4598": "E257Q, S845A", "PA4599": "WT", "PA4600": "WT", "PA4776": "L71R", "PA4777": "WT", "PA4964": "WT", "PA4967": "WT", "PA5471": "C40R, L88P, S112N, D119E, D207N, I237V, V243A", "PA5485": "WT"}') ON DUPLICATE KEY UPDATE ame_loci = '-', beta_lactamase_loci = '-', clonal_complex = '3366', mutational_resistome = '{"PA0004": "WT", "PA0424": "V126E", "PA0425": "WT", "PA0426": "WT", "PA0427": "WT", "PA0807": "R182C, A219T", "PA0958": "WT", "PA1798": "H398R", "PA1799": "WT", "PA2020": "WT", "PA2023": "WT", "PA2491": "D249N", "PA2492": "F172I, nt234\u22068", "PA2493": "WT", "PA2494": "WT", "PA2495": "A38T", "PA3047": "A394P", "PA3168": "WT", "PA3574": "WT", "PA3721": "G71E, S209R", "PA3999": "WT", "PA4003": "WT", "PA4020": "M297V, A303V", "PA4109": "E114A", "PA4110": "WT", "PA4266": "WT", "PA4418": "N117S", "PA4522": "WT", "PA4597": "D68G, M69V, Q267R", "PA4598": "E257Q, S845A", "PA4599": "WT", "PA4600": "WT", "PA4776": "L71R", "PA4777": "WT", "PA4964": "WT", "PA4967": "WT", "PA5471": "C40R, L88P, S112N, D119E, D207N, I237V, V243A", "PA5485": "WT"}'; 
INSERT INTO metadata_general(isolate_id, isolate_name, isolate_source, project_name, species) VALUES ('349', 'AND07-023', 'WILD-TYPE', 'GEMARA', 'Pseudomonas aeruginosa') ON DUPLICATE KEY UPDATE isolate_name = 'AND07-023', isolate_source = 'WILD-TYPE', project_name = 'GEMARA', species = 'Pseudomonas aeruginosa'; 
INSERT INTO mic(mic_id, isolate_id, ami, ami_clinical_category, azt, azt_clinical_category, cip, cip_clinical_category, col, col_clinical_category, cza, cza_clinical_category, fep, fep_clinical_category, imi, imi_clinical_category, mer, mer_clinical_category, pip, pip_clinical_category, taz, taz_clinical_category, tic, tic_clinical_category, tob, tob_clinical_category, tol, tol_clinical_category) VALUES ('349', '349', '≤2', 'S', '4', 'S', '≤0.12', 'S', '1', 'S', '2', 'S', '2', 'S', '1', 'S', '≤0.5', 'S', '≤4', 'S', '2', 'S', '32', 'R', '1', 'S', '≤0.5', 'S') ON DUPLICATE KEY UPDATE ami = '≤2', ami_clinical_category = 'S', azt = '4', azt_clinical_category = 'S', cip = '≤0.12', cip_clinical_category = 'S', col = '1', col_clinical_category = 'S', cza = '2', cza_clinical_category = 'S', fep = '2', fep_clinical_category = 'S', imi = '1', imi_clinical_category = 'S', mer = '≤0.5', mer_clinical_category = 'S', pip = '≤4', pip_clinical_category = 'S', taz = '2', taz_clinical_category = 'S', tic = '32', tic_clinical_category = 'R', tob = '1', tob_clinical_category = 'S', tol = '≤0.5', tol_clinical_category = 'S'; 
INSERT INTO phenotypic_data(phenotypic_data_id, isolate_id, ecdc_resistance_profile) VALUES ('181', '349', 'S') ON DUPLICATE KEY UPDATE ecdc_resistance_profile = 'S'; 
INSERT INTO sequence_analysis(sequence_analysis_id, isolate_id, ame_loci, beta_lactamase_loci, clonal_complex, mutational_resistome) VALUES ('349', '349', '-', '-', '238', '{"PA0004": "WT", "PA0424": "V126E", "PA0425": "WT", "PA0426": "I186V", "PA0427": "WT", "PA0807": "WT", "PA0958": "WT", "PA1798": "H398R", "PA1799": "T135A, L153R, S170N", "PA2020": "L138R", "PA2023": "WT", "PA2491": "D249N", "PA2492": "P60S, F172I, nt234\u22068", "PA2493": "S8F, P337A", "PA2494": "WT", "PA2495": "S13P, G364S", "PA3047": "WT", "PA3168": "WT", "PA3574": "WT", "PA3721": "G71E, A145V, S209R", "PA3999": "WT", "PA4003": "WT", "PA4020": "M297V", "PA4109": "E114A", "PA4110": "G27D, T105A, Q155R, V205L, G391A", "PA4266": "I186V", "PA4418": "A139S", "PA4522": "A29T", "PA4597": "Q267R, T376S", "PA4598": "E257Q, N775K, S845A, K1031R, S1040T", "PA4599": "A262E, S330A, P383S", "PA4600": "WT", "PA4776": "L71R, E131D", "PA4777": "A4T, G68S, A119T, Y345H", "PA4964": "WT", "PA4967": "D533E", "PA5471": "C40R, L88P, S112N, D119E, I237V, V243A", "PA5485": "Q117E"}') ON DUPLICATE KEY UPDATE ame_loci = '-', beta_lactamase_loci = '-', clonal_complex = '238', mutational_resistome = '{"PA0004": "WT", "PA0424": "V126E", "PA0425": "WT", "PA0426": "I186V", "PA0427": "WT", "PA0807": "WT", "PA0958": "WT", "PA1798": "H398R", "PA1799": "T135A, L153R, S170N", "PA2020": "L138R", "PA2023": "WT", "PA2491": "D249N", "PA2492": "P60S, F172I, nt234\u22068", "PA2493": "S8F, P337A", "PA2494": "WT", "PA2495": "S13P, G364S", "PA3047": "WT", "PA3168": "WT", "PA3574": "WT", "PA3721": "G71E, A145V, S209R", "PA3999": "WT", "PA4003": "WT", "PA4020": "M297V", "PA4109": "E114A", "PA4110": "G27D, T105A, Q155R, V205L, G391A", "PA4266": "I186V", "PA4418": "A139S", "PA4522": "A29T", "PA4597": "Q267R, T376S", "PA4598": "E257Q, N775K, S845A, K1031R, S1040T", "PA4599": "A262E, S330A, P383S", "PA4600": "WT", "PA4776": "L71R, E131D", "PA4777": "A4T, G68S, A119T, Y345H", "PA4964": "WT", "PA4967": "D533E", "PA5471": "C40R, L88P, S112N, D119E, I237V, V243A", "PA5485": "Q117E"}'; 
INSERT INTO metadata_general(isolate_id, isolate_name, isolate_source, project_name, species) VALUES ('351', 'AND07-034', 'WILD-TYPE', 'GEMARA', 'Pseudomonas aeruginosa') ON DUPLICATE KEY UPDATE isolate_name = 'AND07-034', isolate_source = 'WILD-TYPE', project_name = 'GEMARA', species = 'Pseudomonas aeruginosa'; 
INSERT INTO mic(mic_id, isolate_id, ami, ami_clinical_category, azt, azt_clinical_category, cip, cip_clinical_category, col, col_clinical_category, cza, cza_clinical_category, fep, fep_clinical_category, imi, imi_clinical_category, mer, mer_clinical_category, pip, pip_clinical_category, taz, taz_clinical_category, tic, tic_clinical_category, tob, tob_clinical_category, tol, tol_clinical_category) VALUES ('351', '351', '4', 'S', '4', 'S', '0.25', 'S', '1', 'S', '2', 'S', '2', 'S', '1', 'S', '≤0.5', 'S', '≤4', 'S', '≤1', 'S', '32', 'R', '0.5', 'S', '1', 'S') ON DUPLICATE KEY UPDATE ami = '4', ami_clinical_category = 'S', azt = '4', azt_clinical_category = 'S', cip = '0.25', cip_clinical_category = 'S', col = '1', col_clinical_category = 'S', cza = '2', cza_clinical_category = 'S', fep = '2', fep_clinical_category = 'S', imi = '1', imi_clinical_category = 'S', mer = '≤0.5', mer_clinical_category = 'S', pip = '≤4', pip_clinical_category = 'S', taz = '≤1', taz_clinical_category = 'S', tic = '32', tic_clinical_category = 'R', tob = '0.5', tob_clinical_category = 'S', tol = '1', tol_clinical_category = 'S'; 
INSERT INTO phenotypic_data(phenotypic_data_id, isolate_id, ecdc_resistance_profile) VALUES ('183', '351', 'S') ON DUPLICATE KEY UPDATE ecdc_resistance_profile = 'S'; 
INSERT INTO sequence_analysis(sequence_analysis_id, isolate_id, ame_loci, beta_lactamase_loci, clonal_complex, mutational_resistome) VALUES ('351', '351', '-', '-', '242', '{"PA0004": "WT", "PA0424": "WT", "PA0425": "WT", "PA0426": "WT", "PA0427": "WT", "PA0807": "I67T", "PA0958": "WT", "PA1798": "H398R", "PA1799": "WT", "PA2020": "WT", "PA2023": "WT", "PA2491": "D249N", "PA2492": "F172I, nt234\u22068", "PA2493": "WT", "PA2494": "WT", "PA2495": "WT", "PA3047": "WT", "PA3168": "WT", "PA3574": "WT", "PA3721": "G71E, S209R", "PA3999": "WT", "PA4003": "WT", "PA4020": "M297V", "PA4109": "G283E, M288R", "PA4110": "T105A", "PA4266": "WT", "PA4418": "WT", "PA4522": "G148A, S175L", "PA4597": "D68G, M69V", "PA4598": "S845A", "PA4599": "S330A", "PA4600": "WT", "PA4776": "L71R", "PA4777": "Y345H", "PA4964": "WT", "PA4967": "WT", "PA5471": "D161G, H182Q, V243A", "PA5485": "WT"}') ON DUPLICATE KEY UPDATE ame_loci = '-', beta_lactamase_loci = '-', clonal_complex = '242', mutational_resistome = '{"PA0004": "WT", "PA0424": "WT", "PA0425": "WT", "PA0426": "WT", "PA0427": "WT", "PA0807": "I67T", "PA0958": "WT", "PA1798": "H398R", "PA1799": "WT", "PA2020": "WT", "PA2023": "WT", "PA2491": "D249N", "PA2492": "F172I, nt234\u22068", "PA2493": "WT", "PA2494": "WT", "PA2495": "WT", "PA3047": "WT", "PA3168": "WT", "PA3574": "WT", "PA3721": "G71E, S209R", "PA3999": "WT", "PA4003": "WT", "PA4020": "M297V", "PA4109": "G283E, M288R", "PA4110": "T105A", "PA4266": "WT", "PA4418": "WT", "PA4522": "G148A, S175L", "PA4597": "D68G, M69V", "PA4598": "S845A", "PA4599": "S330A", "PA4600": "WT", "PA4776": "L71R", "PA4777": "Y345H", "PA4964": "WT", "PA4967": "WT", "PA5471": "D161G, H182Q, V243A", "PA5485": "WT"}'; 
INSERT INTO metadata_general(isolate_id, isolate_name, isolate_source, project_name, species) VALUES ('371', 'ARA01-014', 'WILD-TYPE', 'GEMARA', 'Pseudomonas aeruginosa') ON DUPLICATE KEY UPDATE isolate_name = 'ARA01-014', isolate_source = 'WILD-TYPE', project_name = 'GEMARA', species = 'Pseudomonas aeruginosa'; 
INSERT INTO mic(mic_id, isolate_id, ami, ami_clinical_category, azt, azt_clinical_category, cip, cip_clinical_category, col, col_clinical_category, cza, cza_clinical_category, fep, fep_clinical_category, imi, imi_clinical_category, mer, mer_clinical_category, pip, pip_clinical_category, taz, taz_clinical_category, tic, tic_clinical_category, tob, tob_clinical_category, tol, tol_clinical_category) VALUES ('371', '371', '≤2', 'S', '≤2', 'S', '≤0.12', 'S', '1', 'S', '1', 'S', '2', 'S', '1', 'S', '1', 'S', '≤4', 'S', '≤1', 'S', '16', 'S', '≤0.25', 'S', '≤0.5', 'S') ON DUPLICATE KEY UPDATE ami = '≤2', ami_clinical_category = 'S', azt = '≤2', azt_clinical_category = 'S', cip = '≤0.12', cip_clinical_category = 'S', col = '1', col_clinical_category = 'S', cza = '1', cza_clinical_category = 'S', fep = '2', fep_clinical_category = 'S', imi = '1', imi_clinical_category = 'S', mer = '1', mer_clinical_category = 'S', pip = '≤4', pip_clinical_category = 'S', taz = '≤1', taz_clinical_category = 'S', tic = '16', tic_clinical_category = 'S', tob = '≤0.25', tob_clinical_category = 'S', tol = '≤0.5', tol_clinical_category = 'S'; 
INSERT INTO phenotypic_data(phenotypic_data_id, isolate_id, ecdc_resistance_profile) VALUES ('207', '371', 'S') ON DUPLICATE KEY UPDATE ecdc_resistance_profile = 'S'; 
INSERT INTO sequence_analysis(sequence_analysis_id, isolate_id, ame_loci, beta_lactamase_loci, clonal_complex, mutational_resistome) VALUES ('371', '371', '-', '-', '699', '{"PA0004": "WT", "PA0424": "WT", "PA0425": "WT", "PA0426": "WT", "PA0427": "WT", "PA0807": "WT", "PA0958": "WT", "PA1798": "H398R", "PA1799": "WT", "PA2020": "WT", "PA2023": "WT", "PA2491": "D249N", "PA2492": "F172I, nt234\u22068", "PA2493": "WT", "PA2494": "WT", "PA2495": "WT", "PA3047": "WT", "PA3168": "WT", "PA3574": "WT", "PA3721": "WT", "PA3999": "WT", "PA4003": "WT", "PA4020": "WT", "PA4109": "WT", "PA4110": "WT", "PA4266": "WT", "PA4418": "WT", "PA4522": "WT", "PA4597": "WT", "PA4598": "WT", "PA4599": "WT", "PA4600": "WT", "PA4776": "WT", "PA4777": "WT", "PA4964": "WT", "PA4967": "WT", "PA5471": "WT", "PA5485": "WT"}') ON DUPLICATE KEY UPDATE ame_loci = '-', beta_lactamase_loci = '-', clonal_complex = '699', mutational_resistome = '{"PA0004": "WT", "PA0424": "WT", "PA0425": "WT", "PA0426": "WT", "PA0427": "WT", "PA0807": "WT", "PA0958": "WT", "PA1798": "H398R", "PA1799": "WT", "PA2020": "WT", "PA2023": "WT", "PA2491": "D249N", "PA2492": "F172I, nt234\u22068", "PA2493": "WT", "PA2494": "WT", "PA2495": "WT", "PA3047": "WT", "PA3168": "WT", "PA3574": "WT", "PA3721": "WT", "PA3999": "WT", "PA4003": "WT", "PA4020": "WT", "PA4109": "WT", "PA4110": "WT", "PA4266": "WT", "PA4418": "WT", "PA4522": "WT", "PA4597": "WT", "PA4598": "WT", "PA4599": "WT", "PA4600": "WT", "PA4776": "WT", "PA4777": "WT", "PA4964": "WT", "PA4967": "WT", "PA5471": "WT", "PA5485": "WT"}'; 
INSERT INTO metadata_general(isolate_id, isolate_name, isolate_source, project_name, species) VALUES ('383', 'ARA01-041', 'WILD-TYPE', 'GEMARA', 'Pseudomonas aeruginosa') ON DUPLICATE KEY UPDATE isolate_name = 'ARA01-041', isolate_source = 'WILD-TYPE', project_name = 'GEMARA', species = 'Pseudomonas aeruginosa'; 
INSERT INTO mic(mic_id, isolate_id, ami, ami_clinical_category, azt, azt_clinical_category, cip, cip_clinical_category, col, col_clinical_category, cza, cza_clinical_category, fep, fep_clinical_category, imi, imi_clinical_category, mer, mer_clinical_category, pip, pip_clinical_category, taz, taz_clinical_category, tic, tic_clinical_category, tob, tob_clinical_category, tol, tol_clinical_category) VALUES ('383', '383', '4', 'S', '≤2', 'S', '≤0.12', 'S', '1', 'S', '2', 'S', '2', 'S', '1', 'S', '≤0.5', 'S', '≤4', 'S', '2', 'S', '32', 'R', '0.5', 'S', '≤0.5', 'S') ON DUPLICATE KEY UPDATE ami = '4', ami_clinical_category = 'S', azt = '≤2', azt_clinical_category = 'S', cip = '≤0.12', cip_clinical_category = 'S', col = '1', col_clinical_category = 'S', cza = '2', cza_clinical_category = 'S', fep = '2', fep_clinical_category = 'S', imi = '1', imi_clinical_category = 'S', mer = '≤0.5', mer_clinical_category = 'S', pip = '≤4', pip_clinical_category = 'S', taz = '2', taz_clinical_category = 'S', tic = '32', tic_clinical_category = 'R', tob = '0.5', tob_clinical_category = 'S', tol = '≤0.5', tol_clinical_category = 'S'; 
INSERT INTO phenotypic_data(phenotypic_data_id, isolate_id, ecdc_resistance_profile) VALUES ('219', '383', 'S') ON DUPLICATE KEY UPDATE ecdc_resistance_profile = 'S'; 
INSERT INTO sequence_analysis(sequence_analysis_id, isolate_id, ame_loci, beta_lactamase_loci, clonal_complex, mutational_resistome) VALUES ('383', '383', '-', '-', '3235', '{"PA0004": "WT", "PA0424": "V126E", "PA0425": "WT", "PA0426": "WT", "PA0427": "WT", "PA0807": "A208V", "PA0958": "WT", "PA1798": "V295I, V313I, H398R", "PA1799": "L153R, S170N", "PA2020": "WT", "PA2023": "WT", "PA2491": "D249N", "PA2492": "F172I, nt234\u22068", "PA2493": "S8F, D353E, D370E", "PA2494": "D230A, D666E, V957I", "PA2495": "S13P", "PA3047": "WT", "PA3168": "WT", "PA3574": "WT", "PA3721": "G71E, A145V, S209R", "PA3999": "WT", "PA4003": "WT", "PA4020": "WT", "PA4109": "G283E, M288R", "PA4110": "P23S, T105A, V205L, G391A", "PA4266": "I186V", "PA4418": "WT", "PA4522": "G148A", "PA4597": "WT", "PA4598": "E314D, S845A", "PA4599": "R76Q, T175A, H310R, S313G, S330A, P383S", "PA4600": "WT", "PA4776": "WT", "PA4777": "A4T, V15I, G68S, Y345H", "PA4964": "S197L", "PA4967": "D533E", "PA5471": "C40R, A58V, L88P, S112N, D119E, D161G, H182Q, V243A", "PA5485": "WT"}') ON DUPLICATE KEY UPDATE ame_loci = '-', beta_lactamase_loci = '-', clonal_complex = '3235', mutational_resistome = '{"PA0004": "WT", "PA0424": "V126E", "PA0425": "WT", "PA0426": "WT", "PA0427": "WT", "PA0807": "A208V", "PA0958": "WT", "PA1798": "V295I, V313I, H398R", "PA1799": "L153R, S170N", "PA2020": "WT", "PA2023": "WT", "PA2491": "D249N", "PA2492": "F172I, nt234\u22068", "PA2493": "S8F, D353E, D370E", "PA2494": "D230A, D666E, V957I", "PA2495": "S13P", "PA3047": "WT", "PA3168": "WT", "PA3574": "WT", "PA3721": "G71E, A145V, S209R", "PA3999": "WT", "PA4003": "WT", "PA4020": "WT", "PA4109": "G283E, M288R", "PA4110": "P23S, T105A, V205L, G391A", "PA4266": "I186V", "PA4418": "WT", "PA4522": "G148A", "PA4597": "WT", "PA4598": "E314D, S845A", "PA4599": "R76Q, T175A, H310R, S313G, S330A, P383S", "PA4600": "WT", "PA4776": "WT", "PA4777": "A4T, V15I, G68S, Y345H", "PA4964": "S197L", "PA4967": "D533E", "PA5471": "C40R, A58V, L88P, S112N, D119E, D161G, H182Q, V243A", "PA5485": "WT"}'; 
INSERT INTO metadata_general(isolate_id, isolate_name, isolate_source, project_name, species) VALUES ('377', 'ARA01-046', 'WILD-TYPE', 'GEMARA', 'Pseudomonas aeruginosa') ON DUPLICATE KEY UPDATE isolate_name = 'ARA01-046', isolate_source = 'WILD-TYPE', project_name = 'GEMARA', species = 'Pseudomonas aeruginosa'; 
INSERT INTO mic(mic_id, isolate_id, ami, ami_clinical_category, azt, azt_clinical_category, cip, cip_clinical_category, col, col_clinical_category, cza, cza_clinical_category, fep, fep_clinical_category, imi, imi_clinical_category, mer, mer_clinical_category, pip, pip_clinical_category, taz, taz_clinical_category, tic, tic_clinical_category, tob, tob_clinical_category, tol, tol_clinical_category) VALUES ('377', '377', '≤2', 'S', '4', 'S', '≤0.12', 'S', '2', 'S', '≤0.5', 'S', '≤1', 'S', '≤0.5', 'S', '≤0.5', 'S', '≤4', 'S', '≤1', 'S', '16', 'S', '≤0.25', 'S', '≤0.5', 'S') ON DUPLICATE KEY UPDATE ami = '≤2', ami_clinical_category = 'S', azt = '4', azt_clinical_category = 'S', cip = '≤0.12', cip_clinical_category = 'S', col = '2', col_clinical_category = 'S', cza = '≤0.5', cza_clinical_category = 'S', fep = '≤1', fep_clinical_category = 'S', imi = '≤0.5', imi_clinical_category = 'S', mer = '≤0.5', mer_clinical_category = 'S', pip = '≤4', pip_clinical_category = 'S', taz = '≤1', taz_clinical_category = 'S', tic = '16', tic_clinical_category = 'S', tob = '≤0.25', tob_clinical_category = 'S', tol = '≤0.5', tol_clinical_category = 'S'; 
INSERT INTO phenotypic_data(phenotypic_data_id, isolate_id, ecdc_resistance_profile) VALUES ('213', '377', 'S') ON DUPLICATE KEY UPDATE ecdc_resistance_profile = 'S'; 
INSERT INTO sequence_analysis(sequence_analysis_id, isolate_id, ame_loci, beta_lactamase_loci, clonal_complex, mutational_resistome) VALUES ('377', '377', '-', '-', '252', '{"PA0004": "WT", "PA0424": "WT", "PA0425": "WT", "PA0426": "WT", "PA0427": "WT", "PA0807": "A219T", "PA0958": "WT", "PA1798": "H398R", "PA1799": "WT", "PA2020": "WT", "PA2023": "WT", "PA2491": "D249N, nt390\u039411", "PA2492": "F172I, nt234\u22068, aa92\u03944", "PA2493": "A383G", "PA2494": "WT", "PA2495": "WT", "PA3047": "A394P", "PA3168": "WT", "PA3574": "WT", "PA3721": "G71E", "PA3999": "WT", "PA4003": "WT", "PA4020": "WT", "PA4109": "WT", "PA4110": "T105A", "PA4266": "WT", "PA4418": "WT", "PA4522": "WT", "PA4597": "M69V, Q267R", "PA4598": "S845A", "PA4599": "S330A", "PA4600": "WT", "PA4776": "L71R", "PA4777": "Y345H", "PA4964": "H262Q", "PA4967": "WT", "PA5471": "L88P, D161G, H182Q, V243A", "PA5485": "WT"}') ON DUPLICATE KEY UPDATE ame_loci = '-', beta_lactamase_loci = '-', clonal_complex = '252', mutational_resistome = '{"PA0004": "WT", "PA0424": "WT", "PA0425": "WT", "PA0426": "WT", "PA0427": "WT", "PA0807": "A219T", "PA0958": "WT", "PA1798": "H398R", "PA1799": "WT", "PA2020": "WT", "PA2023": "WT", "PA2491": "D249N, nt390\u039411", "PA2492": "F172I, nt234\u22068, aa92\u03944", "PA2493": "A383G", "PA2494": "WT", "PA2495": "WT", "PA3047": "A394P", "PA3168": "WT", "PA3574": "WT", "PA3721": "G71E", "PA3999": "WT", "PA4003": "WT", "PA4020": "WT", "PA4109": "WT", "PA4110": "T105A", "PA4266": "WT", "PA4418": "WT", "PA4522": "WT", "PA4597": "M69V, Q267R", "PA4598": "S845A", "PA4599": "S330A", "PA4600": "WT", "PA4776": "L71R", "PA4777": "Y345H", "PA4964": "H262Q", "PA4967": "WT", "PA5471": "L88P, D161G, H182Q, V243A", "PA5485": "WT"}'; 
INSERT INTO metadata_general(isolate_id, isolate_name, isolate_source, project_name, species) VALUES ('407', 'ARA02-006', 'WILD-TYPE', 'GEMARA', 'Pseudomonas aeruginosa') ON DUPLICATE KEY UPDATE isolate_name = 'ARA02-006', isolate_source = 'WILD-TYPE', project_name = 'GEMARA', species = 'Pseudomonas aeruginosa'; 
INSERT INTO mic(mic_id, isolate_id, ami, ami_clinical_category, azt, azt_clinical_category, cip, cip_clinical_category, col, col_clinical_category, cza, cza_clinical_category, fep, fep_clinical_category, imi, imi_clinical_category, mer, mer_clinical_category, pip, pip_clinical_category, taz, taz_clinical_category, tic, tic_clinical_category, tob, tob_clinical_category, tol, tol_clinical_category) VALUES ('407', '407', '≤2', 'S', '4', 'S', '≤0.12', 'S', '1', 'S', '2', 'S', '2', 'S', '2', 'S', '≤0.5', 'S', '≤4', 'S', '2', 'S', '16', 'S', '≤0.25', 'S', '≤0.5', 'S') ON DUPLICATE KEY UPDATE ami = '≤2', ami_clinical_category = 'S', azt = '4', azt_clinical_category = 'S', cip = '≤0.12', cip_clinical_category = 'S', col = '1', col_clinical_category = 'S', cza = '2', cza_clinical_category = 'S', fep = '2', fep_clinical_category = 'S', imi = '2', imi_clinical_category = 'S', mer = '≤0.5', mer_clinical_category = 'S', pip = '≤4', pip_clinical_category = 'S', taz = '2', taz_clinical_category = 'S', tic = '16', tic_clinical_category = 'S', tob = '≤0.25', tob_clinical_category = 'S', tol = '≤0.5', tol_clinical_category = 'S'; 
INSERT INTO phenotypic_data(phenotypic_data_id, isolate_id, ecdc_resistance_profile) VALUES ('246', '407', 'S') ON DUPLICATE KEY UPDATE ecdc_resistance_profile = 'S'; 
INSERT INTO sequence_analysis(sequence_analysis_id, isolate_id, ame_loci, beta_lactamase_loci, clonal_complex, mutational_resistome) VALUES ('407', '407', '-', '-', '270', '{"PA0004": "WT", "PA0424": "WT", "PA0425": "WT", "PA0426": "WT", "PA0427": "WT", "PA0807": "D235G", "PA0958": "WT", "PA1798": "H398R", "PA1799": "M160T", "PA2020": "WT", "PA2023": "WT", "PA2491": "D249N", "PA2492": "P60S, F172I, nt234\u22068", "PA2493": "WT", "PA2494": "WT", "PA2495": "A360T", "PA3047": "WT", "PA3168": "WT", "PA3574": "D187H", "PA3721": "G71E, S209R", "PA3999": "WT", "PA4003": "WT", "PA4020": "WT", "PA4109": "WT", "PA4110": "T105A, L176R", "PA4266": "WT", "PA4418": "WT", "PA4522": "R11L, G148A, D183Y", "PA4597": "D35H, M69V", "PA4598": "E257Q, V384L, S845A", "PA4599": "WT", "PA4600": "WT", "PA4776": "L71R", "PA4777": "Y345H", "PA4964": "Q405R", "PA4967": "WT", "PA5471": "L88P, D161G, H182Q, V243A", "PA5485": "WT"}') ON DUPLICATE KEY UPDATE ame_loci = '-', beta_lactamase_loci = '-', clonal_complex = '270', mutational_resistome = '{"PA0004": "WT", "PA0424": "WT", "PA0425": "WT", "PA0426": "WT", "PA0427": "WT", "PA0807": "D235G", "PA0958": "WT", "PA1798": "H398R", "PA1799": "M160T", "PA2020": "WT", "PA2023": "WT", "PA2491": "D249N", "PA2492": "P60S, F172I, nt234\u22068", "PA2493": "WT", "PA2494": "WT", "PA2495": "A360T", "PA3047": "WT", "PA3168": "WT", "PA3574": "D187H", "PA3721": "G71E, S209R", "PA3999": "WT", "PA4003": "WT", "PA4020": "WT", "PA4109": "WT", "PA4110": "T105A, L176R", "PA4266": "WT", "PA4418": "WT", "PA4522": "R11L, G148A, D183Y", "PA4597": "D35H, M69V", "PA4598": "E257Q, V384L, S845A", "PA4599": "WT", "PA4600": "WT", "PA4776": "L71R", "PA4777": "Y345H", "PA4964": "Q405R", "PA4967": "WT", "PA5471": "L88P, D161G, H182Q, V243A", "PA5485": "WT"}'; 
INSERT INTO metadata_general(isolate_id, isolate_name, isolate_source, project_name, species) VALUES ('404', 'ARA02-038', 'WILD-TYPE', 'GEMARA', 'Pseudomonas aeruginosa') ON DUPLICATE KEY UPDATE isolate_name = 'ARA02-038', isolate_source = 'WILD-TYPE', project_name = 'GEMARA', species = 'Pseudomonas aeruginosa'; 
INSERT INTO mic(mic_id, isolate_id, ami, ami_clinical_category, azt, azt_clinical_category, cip, cip_clinical_category, col, col_clinical_category, cza, cza_clinical_category, fep, fep_clinical_category, imi, imi_clinical_category, mer, mer_clinical_category, pip, pip_clinical_category, taz, taz_clinical_category, tic, tic_clinical_category, tob, tob_clinical_category, tol, tol_clinical_category) VALUES ('404', '404', '≤2', 'S', '4', 'S', '≤0.12', 'S', '1', 'S', '2', 'S', '2', 'S', '1', 'S', '≤0.5', 'S', '≤4', 'S', '2', 'S', '32', 'R', '≤0.25', 'S', '≤0.5', 'S') ON DUPLICATE KEY UPDATE ami = '≤2', ami_clinical_category = 'S', azt = '4', azt_clinical_category = 'S', cip = '≤0.12', cip_clinical_category = 'S', col = '1', col_clinical_category = 'S', cza = '2', cza_clinical_category = 'S', fep = '2', fep_clinical_category = 'S', imi = '1', imi_clinical_category = 'S', mer = '≤0.5', mer_clinical_category = 'S', pip = '≤4', pip_clinical_category = 'S', taz = '2', taz_clinical_category = 'S', tic = '32', tic_clinical_category = 'R', tob = '≤0.25', tob_clinical_category = 'S', tol = '≤0.5', tol_clinical_category = 'S'; 
INSERT INTO phenotypic_data(phenotypic_data_id, isolate_id, ecdc_resistance_profile) VALUES ('243', '404', 'S') ON DUPLICATE KEY UPDATE ecdc_resistance_profile = 'S'; 
INSERT INTO sequence_analysis(sequence_analysis_id, isolate_id, ame_loci, beta_lactamase_loci, clonal_complex, mutational_resistome) VALUES ('404', '404', '-', '-', '3368', '{"PA0004": "WT", "PA0424": "WT", "PA0425": "WT", "PA0426": "WT", "PA0427": "WT", "PA0807": "A219T", "PA0958": "WT", "PA1798": "H398R", "PA1799": "A44S, L153R, S170N", "PA2020": "WT", "PA2023": "WT", "PA2491": "D249N", "PA2492": "P60S, F172I, nt234\u22068", "PA2493": "WT", "PA2494": "WT", "PA2495": "WT", "PA3047": "WT", "PA3168": "WT", "PA3574": "WT", "PA3721": "G71E, A145V, S209R", "PA3999": "WT", "PA4003": "WT", "PA4020": "M297V", "PA4109": "WT", "PA4110": "T105A", "PA4266": "I186V", "PA4418": "WT", "PA4522": "WT", "PA4597": "WT", "PA4598": "E257Q, S845A, I982V, K1031R, S1040T", "PA4599": "R76Q, S330A", "PA4600": "WT", "PA4776": "H139Y", "PA4777": "Y345H", "PA4964": "S197L", "PA4967": "D533E", "PA5471": "L88P, D161G, H182Q, V243A", "PA5485": "WT"}') ON DUPLICATE KEY UPDATE ame_loci = '-', beta_lactamase_loci = '-', clonal_complex = '3368', mutational_resistome = '{"PA0004": "WT", "PA0424": "WT", "PA0425": "WT", "PA0426": "WT", "PA0427": "WT", "PA0807": "A219T", "PA0958": "WT", "PA1798": "H398R", "PA1799": "A44S, L153R, S170N", "PA2020": "WT", "PA2023": "WT", "PA2491": "D249N", "PA2492": "P60S, F172I, nt234\u22068", "PA2493": "WT", "PA2494": "WT", "PA2495": "WT", "PA3047": "WT", "PA3168": "WT", "PA3574": "WT", "PA3721": "G71E, A145V, S209R", "PA3999": "WT", "PA4003": "WT", "PA4020": "M297V", "PA4109": "WT", "PA4110": "T105A", "PA4266": "I186V", "PA4418": "WT", "PA4522": "WT", "PA4597": "WT", "PA4598": "E257Q, S845A, I982V, K1031R, S1040T", "PA4599": "R76Q, S330A", "PA4600": "WT", "PA4776": "H139Y", "PA4777": "Y345H", "PA4964": "S197L", "PA4967": "D533E", "PA5471": "L88P, D161G, H182Q, V243A", "PA5485": "WT"}'; 
INSERT INTO metadata_general(isolate_id, isolate_name, isolate_source, project_name, species) VALUES ('416', 'ARA03-006', 'WILD-TYPE', 'GEMARA', 'Pseudomonas aeruginosa') ON DUPLICATE KEY UPDATE isolate_name = 'ARA03-006', isolate_source = 'WILD-TYPE', project_name = 'GEMARA', species = 'Pseudomonas aeruginosa'; 
INSERT INTO mic(mic_id, isolate_id, ami, ami_clinical_category, azt, azt_clinical_category, cip, cip_clinical_category, col, col_clinical_category, cza, cza_clinical_category, fep, fep_clinical_category, imi, imi_clinical_category, mer, mer_clinical_category, pip, pip_clinical_category, taz, taz_clinical_category, tic, tic_clinical_category, tob, tob_clinical_category, tol, tol_clinical_category) VALUES ('416', '416', '4', 'S', '4', 'S', '≤0.12', 'S', '1', 'S', '2', 'S', '2', 'S', '1', 'S', '≤0.5', 'S', '≤4', 'S', '2', 'S', '16', 'S', '0.5', 'S', '≤0.5', 'S') ON DUPLICATE KEY UPDATE ami = '4', ami_clinical_category = 'S', azt = '4', azt_clinical_category = 'S', cip = '≤0.12', cip_clinical_category = 'S', col = '1', col_clinical_category = 'S', cza = '2', cza_clinical_category = 'S', fep = '2', fep_clinical_category = 'S', imi = '1', imi_clinical_category = 'S', mer = '≤0.5', mer_clinical_category = 'S', pip = '≤4', pip_clinical_category = 'S', taz = '2', taz_clinical_category = 'S', tic = '16', tic_clinical_category = 'S', tob = '0.5', tob_clinical_category = 'S', tol = '≤0.5', tol_clinical_category = 'S'; 
INSERT INTO phenotypic_data(phenotypic_data_id, isolate_id, ecdc_resistance_profile) VALUES ('260', '416', 'S') ON DUPLICATE KEY UPDATE ecdc_resistance_profile = 'S'; 
INSERT INTO sequence_analysis(sequence_analysis_id, isolate_id, ame_loci, beta_lactamase_loci, clonal_complex, mutational_resistome) VALUES ('416', '416', '-', '-', '1239', '{"PA0004": "WT", "PA0424": "WT", "PA0425": "WT", "PA0426": "WT", "PA0427": "WT", "PA0807": "I171V", "PA0958": "WT", "PA1798": "H398R", "PA1799": "WT", "PA2020": "WT", "PA2023": "WT", "PA2491": "D249N", "PA2492": "F172I, nt234\u22068", "PA2493": "WT", "PA2494": "WT", "PA2495": "G16S", "PA3047": "WT", "PA3168": "WT", "PA3574": "WT", "PA3721": "G71E, S209R", "PA3999": "WT", "PA4003": "WT", "PA4020": "M297V", "PA4109": "R244W", "PA4110": "T105A", "PA4266": "WT", "PA4418": "WT", "PA4522": "G148A", "PA4597": "M69V", "PA4598": "E257Q, S845A", "PA4599": "S330A", "PA4600": "A170T", "PA4776": "L71R", "PA4777": "Y345H", "PA4964": "V646L", "PA4967": "D533E", "PA5471": "L88P, D161G, H182Q, V243A", "PA5485": "WT"}') ON DUPLICATE KEY UPDATE ame_loci = '-', beta_lactamase_loci = '-', clonal_complex = '1239', mutational_resistome = '{"PA0004": "WT", "PA0424": "WT", "PA0425": "WT", "PA0426": "WT", "PA0427": "WT", "PA0807": "I171V", "PA0958": "WT", "PA1798": "H398R", "PA1799": "WT", "PA2020": "WT", "PA2023": "WT", "PA2491": "D249N", "PA2492": "F172I, nt234\u22068", "PA2493": "WT", "PA2494": "WT", "PA2495": "G16S", "PA3047": "WT", "PA3168": "WT", "PA3574": "WT", "PA3721": "G71E, S209R", "PA3999": "WT", "PA4003": "WT", "PA4020": "M297V", "PA4109": "R244W", "PA4110": "T105A", "PA4266": "WT", "PA4418": "WT", "PA4522": "G148A", "PA4597": "M69V", "PA4598": "E257Q, S845A", "PA4599": "S330A", "PA4600": "A170T", "PA4776": "L71R", "PA4777": "Y345H", "PA4964": "V646L", "PA4967": "D533E", "PA5471": "L88P, D161G, H182Q, V243A", "PA5485": "WT"}'; 
INSERT INTO metadata_general(isolate_id, isolate_name, isolate_source, project_name, species) VALUES ('444', 'AST01-011', 'WILD-TYPE', 'GEMARA', 'Pseudomonas aeruginosa') ON DUPLICATE KEY UPDATE isolate_name = 'AST01-011', isolate_source = 'WILD-TYPE', project_name = 'GEMARA', species = 'Pseudomonas aeruginosa'; 
INSERT INTO mic(mic_id, isolate_id, ami, ami_clinical_category, azt, azt_clinical_category, cip, cip_clinical_category, col, col_clinical_category, cza, cza_clinical_category, fep, fep_clinical_category, imi, imi_clinical_category, mer, mer_clinical_category, pip, pip_clinical_category, taz, taz_clinical_category, tic, tic_clinical_category, tob, tob_clinical_category, tol, tol_clinical_category) VALUES ('444', '444', '≤2', 'S', '4', 'S', '≤0.12', 'S', '1', 'S', '2', 'S', '2', 'S', '2', 'S', '≤0.5', 'S', '≤4', 'S', '2', 'S', '32', 'R', '0.5', 'S', '≤0.5', 'S') ON DUPLICATE KEY UPDATE ami = '≤2', ami_clinical_category = 'S', azt = '4', azt_clinical_category = 'S', cip = '≤0.12', cip_clinical_category = 'S', col = '1', col_clinical_category = 'S', cza = '2', cza_clinical_category = 'S', fep = '2', fep_clinical_category = 'S', imi = '2', imi_clinical_category = 'S', mer = '≤0.5', mer_clinical_category = 'S', pip = '≤4', pip_clinical_category = 'S', taz = '2', taz_clinical_category = 'S', tic = '32', tic_clinical_category = 'R', tob = '0.5', tob_clinical_category = 'S', tol = '≤0.5', tol_clinical_category = 'S'; 
INSERT INTO phenotypic_data(phenotypic_data_id, isolate_id, ecdc_resistance_profile) VALUES ('289', '444', 'S') ON DUPLICATE KEY UPDATE ecdc_resistance_profile = 'S'; 
INSERT INTO sequence_analysis(sequence_analysis_id, isolate_id, ame_loci, beta_lactamase_loci, clonal_complex, mutational_resistome) VALUES ('444', '444', '-', '-', '500', '{"PA0004": "WT", "PA0424": "WT", "PA0425": "WT", "PA0426": "WT", "PA0427": "WT", "PA0807": "I67T, A219T", "PA0958": "WT", "PA1798": "H398R", "PA1799": "WT", "PA2020": "WT", "PA2023": "WT", "PA2491": "D249N", "PA2492": "F172I, nt234\u22068", "PA2493": "WT", "PA2494": "F509V", "PA2495": "R150H", "PA3047": "A394P", "PA3168": "WT", "PA3574": "WT", "PA3721": "WT", "PA3999": "WT", "PA4003": "WT", "PA4020": "M297V", "PA4109": "WT", "PA4110": "WT", "PA4266": "WT", "PA4418": "WT", "PA4522": "G148A, S175L", "PA4597": "Q267R", "PA4598": "S845A", "PA4599": "A227V", "PA4600": "WT", "PA4776": "L71R", "PA4777": "S2P, A4T, H311Q, Y345H, A413T", "PA4964": "N633S", "PA4967": "WT", "PA5471": "L88P, D161G, H182Q, V243A", "PA5485": "WT"}') ON DUPLICATE KEY UPDATE ame_loci = '-', beta_lactamase_loci = '-', clonal_complex = '500', mutational_resistome = '{"PA0004": "WT", "PA0424": "WT", "PA0425": "WT", "PA0426": "WT", "PA0427": "WT", "PA0807": "I67T, A219T", "PA0958": "WT", "PA1798": "H398R", "PA1799": "WT", "PA2020": "WT", "PA2023": "WT", "PA2491": "D249N", "PA2492": "F172I, nt234\u22068", "PA2493": "WT", "PA2494": "F509V", "PA2495": "R150H", "PA3047": "A394P", "PA3168": "WT", "PA3574": "WT", "PA3721": "WT", "PA3999": "WT", "PA4003": "WT", "PA4020": "M297V", "PA4109": "WT", "PA4110": "WT", "PA4266": "WT", "PA4418": "WT", "PA4522": "G148A, S175L", "PA4597": "Q267R", "PA4598": "S845A", "PA4599": "A227V", "PA4600": "WT", "PA4776": "L71R", "PA4777": "S2P, A4T, H311Q, Y345H, A413T", "PA4964": "N633S", "PA4967": "WT", "PA5471": "L88P, D161G, H182Q, V243A", "PA5485": "WT"}'; 
INSERT INTO metadata_general(isolate_id, isolate_name, isolate_source, project_name, species) VALUES ('438', 'AST01-034', 'WILD-TYPE', 'GEMARA', 'Pseudomonas aeruginosa') ON DUPLICATE KEY UPDATE isolate_name = 'AST01-034', isolate_source = 'WILD-TYPE', project_name = 'GEMARA', species = 'Pseudomonas aeruginosa'; 
INSERT INTO mic(mic_id, isolate_id, ami, ami_clinical_category, azt, azt_clinical_category, cip, cip_clinical_category, col, col_clinical_category, cza, cza_clinical_category, fep, fep_clinical_category, imi, imi_clinical_category, mer, mer_clinical_category, pip, pip_clinical_category, taz, taz_clinical_category, tic, tic_clinical_category, tob, tob_clinical_category, tol, tol_clinical_category) VALUES ('438', '438', '≤2', 'S', '≤2', 'S', '≤0.12', 'S', '1', 'S', '1', 'S', '≤1', 'S', '1', 'S', '≤0.5', 'S', '≤4', 'S', '2', 'S', '16', 'S', '≤0.25', 'S', '≤0.5', 'S') ON DUPLICATE KEY UPDATE ami = '≤2', ami_clinical_category = 'S', azt = '≤2', azt_clinical_category = 'S', cip = '≤0.12', cip_clinical_category = 'S', col = '1', col_clinical_category = 'S', cza = '1', cza_clinical_category = 'S', fep = '≤1', fep_clinical_category = 'S', imi = '1', imi_clinical_category = 'S', mer = '≤0.5', mer_clinical_category = 'S', pip = '≤4', pip_clinical_category = 'S', taz = '2', taz_clinical_category = 'S', tic = '16', tic_clinical_category = 'S', tob = '≤0.25', tob_clinical_category = 'S', tol = '≤0.5', tol_clinical_category = 'S'; 
INSERT INTO phenotypic_data(phenotypic_data_id, isolate_id, ecdc_resistance_profile) VALUES ('283', '438', 'S') ON DUPLICATE KEY UPDATE ecdc_resistance_profile = 'S'; 
INSERT INTO sequence_analysis(sequence_analysis_id, isolate_id, ame_loci, beta_lactamase_loci, clonal_complex, mutational_resistome) VALUES ('438', '438', '-', '-', '253', '{"PA0004": "WT", "PA0424": "V126E", "PA0425": "WT", "PA0426": "WT", "PA0427": "WT", "PA0807": "WT", "PA0958": "WT", "PA1798": "H398R", "PA1799": "L153R, S170N", "PA2020": "N186S, L138R", "PA2023": "WT", "PA2491": "D249N", "PA2492": "F172I, nt234\u22068", "PA2493": "WT", "PA2494": "WT", "PA2495": "S13P", "PA3047": "Q156H", "PA3168": "aa911\u22062", "PA3574": "WT", "PA3721": "G71E, A145V, S209R", "PA3999": "WT", "PA4003": "WT", "PA4020": "M297V", "PA4109": "E114A, G283E, M288R", "PA4110": "G27D, A55T, T105A, Q155R, V205L, G391A", "PA4266": "WT", "PA4418": "WT", "PA4522": "WT", "PA4597": "D68G, M69V", "PA4598": "T87S, A155T, E257Q, V660I, S845A, I982V, K1031R, S1040T", "PA4599": "P47S, R76Q, H310R, S330A, A378T", "PA4600": "R21H, D56G", "PA4776": "WT", "PA4777": "S2P, A4T, V15I, G68S, Y345H", "PA4964": "WT", "PA4967": "D533E", "PA5471": "C40R, L88P, S112N, D119E, I237V, V243A", "PA5485": "WT"}') ON DUPLICATE KEY UPDATE ame_loci = '-', beta_lactamase_loci = '-', clonal_complex = '253', mutational_resistome = '{"PA0004": "WT", "PA0424": "V126E", "PA0425": "WT", "PA0426": "WT", "PA0427": "WT", "PA0807": "WT", "PA0958": "WT", "PA1798": "H398R", "PA1799": "L153R, S170N", "PA2020": "N186S, L138R", "PA2023": "WT", "PA2491": "D249N", "PA2492": "F172I, nt234\u22068", "PA2493": "WT", "PA2494": "WT", "PA2495": "S13P", "PA3047": "Q156H", "PA3168": "aa911\u22062", "PA3574": "WT", "PA3721": "G71E, A145V, S209R", "PA3999": "WT", "PA4003": "WT", "PA4020": "M297V", "PA4109": "E114A, G283E, M288R", "PA4110": "G27D, A55T, T105A, Q155R, V205L, G391A", "PA4266": "WT", "PA4418": "WT", "PA4522": "WT", "PA4597": "D68G, M69V", "PA4598": "T87S, A155T, E257Q, V660I, S845A, I982V, K1031R, S1040T", "PA4599": "P47S, R76Q, H310R, S330A, A378T", "PA4600": "R21H, D56G", "PA4776": "WT", "PA4777": "S2P, A4T, V15I, G68S, Y345H", "PA4964": "WT", "PA4967": "D533E", "PA5471": "C40R, L88P, S112N, D119E, I237V, V243A", "PA5485": "WT"}'; 
INSERT INTO metadata_general(isolate_id, isolate_name, isolate_source, project_name, species) VALUES ('446', 'AST01-039', 'WILD-TYPE', 'GEMARA', 'Pseudomonas aeruginosa') ON DUPLICATE KEY UPDATE isolate_name = 'AST01-039', isolate_source = 'WILD-TYPE', project_name = 'GEMARA', species = 'Pseudomonas aeruginosa'; 
INSERT INTO mic(mic_id, isolate_id, ami, ami_clinical_category, azt, azt_clinical_category, cip, cip_clinical_category, col, col_clinical_category, cza, cza_clinical_category, fep, fep_clinical_category, imi, imi_clinical_category, mer, mer_clinical_category, pip, pip_clinical_category, taz, taz_clinical_category, tic, tic_clinical_category, tob, tob_clinical_category, tol, tol_clinical_category) VALUES ('446', '446', '≤2', 'S', '4', 'S', '≤0.12', 'S', '2', 'S', '1', 'S', '2', 'S', '2', 'S', '≤0.5', '1', '≤4', 'S', '2', 'S', '16', 'S', '≤0.25', 'S', '≤0.5', 'S') ON DUPLICATE KEY UPDATE ami = '≤2', ami_clinical_category = 'S', azt = '4', azt_clinical_category = 'S', cip = '≤0.12', cip_clinical_category = 'S', col = '2', col_clinical_category = 'S', cza = '1', cza_clinical_category = 'S', fep = '2', fep_clinical_category = 'S', imi = '2', imi_clinical_category = 'S', mer = '≤0.5', mer_clinical_category = '1', pip = '≤4', pip_clinical_category = 'S', taz = '2', taz_clinical_category = 'S', tic = '16', tic_clinical_category = 'S', tob = '≤0.25', tob_clinical_category = 'S', tol = '≤0.5', tol_clinical_category = 'S'; 
INSERT INTO phenotypic_data(phenotypic_data_id, isolate_id, ecdc_resistance_profile) VALUES ('291', '446', 'S') ON DUPLICATE KEY UPDATE ecdc_resistance_profile = 'S'; 
INSERT INTO sequence_analysis(sequence_analysis_id, isolate_id, ame_loci, beta_lactamase_loci, clonal_complex, mutational_resistome) VALUES ('446', '446', '-', '-', '395', '{"PA0004": "WT", "PA0424": "WT", "PA0425": "WT", "PA0426": "WT", "PA0427": "WT", "PA0807": "R66C", "PA0958": "WT", "PA1798": "H398R", "PA1799": "WT", "PA2020": "WT", "PA2023": "WT", "PA2491": "D249N", "PA2492": "F172I, nt234\u22068", "PA2493": "WT", "PA2494": "WT", "PA2495": "WT", "PA3047": "WT", "PA3168": "WT", "PA3574": "WT", "PA3721": "G71E", "PA3999": "WT", "PA4003": "WT", "PA4020": "M297V, V358I", "PA4109": "WT", "PA4110": "T105A, L176R", "PA4266": "WT", "PA4418": "A481S", "PA4522": "A134V", "PA4597": "M69V, Q267R", "PA4598": "E257Q, S845A", "PA4599": "S330A", "PA4600": "WT", "PA4776": "L71R", "PA4777": "Y345H", "PA4964": "WT", "PA4967": "V200M", "PA5471": "L88P, D161G, H182Q, V243A", "PA5485": "WT"}') ON DUPLICATE KEY UPDATE ame_loci = '-', beta_lactamase_loci = '-', clonal_complex = '395', mutational_resistome = '{"PA0004": "WT", "PA0424": "WT", "PA0425": "WT", "PA0426": "WT", "PA0427": "WT", "PA0807": "R66C", "PA0958": "WT", "PA1798": "H398R", "PA1799": "WT", "PA2020": "WT", "PA2023": "WT", "PA2491": "D249N", "PA2492": "F172I, nt234\u22068", "PA2493": "WT", "PA2494": "WT", "PA2495": "WT", "PA3047": "WT", "PA3168": "WT", "PA3574": "WT", "PA3721": "G71E", "PA3999": "WT", "PA4003": "WT", "PA4020": "M297V, V358I", "PA4109": "WT", "PA4110": "T105A, L176R", "PA4266": "WT", "PA4418": "A481S", "PA4522": "A134V", "PA4597": "M69V, Q267R", "PA4598": "E257Q, S845A", "PA4599": "S330A", "PA4600": "WT", "PA4776": "L71R", "PA4777": "Y345H", "PA4964": "WT", "PA4967": "V200M", "PA5471": "L88P, D161G, H182Q, V243A", "PA5485": "WT"}'; 
INSERT INTO metadata_general(isolate_id, isolate_name, isolate_source, project_name, species) VALUES ('461', 'BAL01-005', 'WILD-TYPE', 'GEMARA', 'Pseudomonas aeruginosa') ON DUPLICATE KEY UPDATE isolate_name = 'BAL01-005', isolate_source = 'WILD-TYPE', project_name = 'GEMARA', species = 'Pseudomonas aeruginosa'; 
INSERT INTO mic(mic_id, isolate_id, ami, ami_clinical_category, azt, azt_clinical_category, cip, cip_clinical_category, col, col_clinical_category, cza, cza_clinical_category, fep, fep_clinical_category, imi, imi_clinical_category, mer, mer_clinical_category, pip, pip_clinical_category, taz, taz_clinical_category, tic, tic_clinical_category, tob, tob_clinical_category, tol, tol_clinical_category) VALUES ('461', '461', '4', 'S', '4', 'S', '≤0.12', 'S', '≤0.5', 'S', '1', 'S', '≤1', 'S', '≤0.5', 'S', '1', 'S', '≤4', 'S', '≤1', 'S', '16', 'S', '0.5', 'S', '≤0.5', 'S') ON DUPLICATE KEY UPDATE ami = '4', ami_clinical_category = 'S', azt = '4', azt_clinical_category = 'S', cip = '≤0.12', cip_clinical_category = 'S', col = '≤0.5', col_clinical_category = 'S', cza = '1', cza_clinical_category = 'S', fep = '≤1', fep_clinical_category = 'S', imi = '≤0.5', imi_clinical_category = 'S', mer = '1', mer_clinical_category = 'S', pip = '≤4', pip_clinical_category = 'S', taz = '≤1', taz_clinical_category = 'S', tic = '16', tic_clinical_category = 'S', tob = '0.5', tob_clinical_category = 'S', tol = '≤0.5', tol_clinical_category = 'S'; 
INSERT INTO phenotypic_data(phenotypic_data_id, isolate_id, ecdc_resistance_profile) VALUES ('310', '461', 'S') ON DUPLICATE KEY UPDATE ecdc_resistance_profile = 'S'; 
INSERT INTO sequence_analysis(sequence_analysis_id, isolate_id, ame_loci, beta_lactamase_loci, clonal_complex, mutational_resistome) VALUES ('461', '461', '-', '-', '2688', '{"PA0004": "A720V", "PA0424": "V126E", "PA0425": "WT", "PA0426": "WT", "PA0427": "WT", "PA0807": "WT", "PA0958": "WT", "PA1798": "H398R", "PA1799": "WT", "PA2020": "WT", "PA2023": "WT", "PA2491": "D249N", "PA2492": "F172I, nt234\u22068", "PA2493": "WT", "PA2494": "WT", "PA2495": "WT", "PA3047": "WT", "PA3168": "WT", "PA3574": "WT", "PA3721": "G71E, S209R", "PA3999": "WT", "PA4003": "WT", "PA4020": "M297V", "PA4109": "E114A, G283E, M288R", "PA4110": "T21A, T105A, V205L, G391A", "PA4266": "WT", "PA4418": "WT", "PA4522": "WT", "PA4597": "WT", "PA4598": "S845A", "PA4599": "R76Q, T175A, H310R, S330A, E347K, P383S", "PA4600": "WT", "PA4776": "WT", "PA4777": "A4T, V15I, G68S, Y345H", "PA4964": "A233P", "PA4967": "D533E", "PA5471": "C40R, L88P, S112N, D119E, D207N, I237V, V243A, A352V", "PA5485": "F9I, R189H"}') ON DUPLICATE KEY UPDATE ame_loci = '-', beta_lactamase_loci = '-', clonal_complex = '2688', mutational_resistome = '{"PA0004": "A720V", "PA0424": "V126E", "PA0425": "WT", "PA0426": "WT", "PA0427": "WT", "PA0807": "WT", "PA0958": "WT", "PA1798": "H398R", "PA1799": "WT", "PA2020": "WT", "PA2023": "WT", "PA2491": "D249N", "PA2492": "F172I, nt234\u22068", "PA2493": "WT", "PA2494": "WT", "PA2495": "WT", "PA3047": "WT", "PA3168": "WT", "PA3574": "WT", "PA3721": "G71E, S209R", "PA3999": "WT", "PA4003": "WT", "PA4020": "M297V", "PA4109": "E114A, G283E, M288R", "PA4110": "T21A, T105A, V205L, G391A", "PA4266": "WT", "PA4418": "WT", "PA4522": "WT", "PA4597": "WT", "PA4598": "S845A", "PA4599": "R76Q, T175A, H310R, S330A, E347K, P383S", "PA4600": "WT", "PA4776": "WT", "PA4777": "A4T, V15I, G68S, Y345H", "PA4964": "A233P", "PA4967": "D533E", "PA5471": "C40R, L88P, S112N, D119E, D207N, I237V, V243A, A352V", "PA5485": "F9I, R189H"}'; 
INSERT INTO metadata_general(isolate_id, isolate_name, isolate_source, project_name, species) VALUES ('464', 'BAL01-007', 'WILD-TYPE', 'GEMARA', 'Pseudomonas aeruginosa') ON DUPLICATE KEY UPDATE isolate_name = 'BAL01-007', isolate_source = 'WILD-TYPE', project_name = 'GEMARA', species = 'Pseudomonas aeruginosa'; 
INSERT INTO mic(mic_id, isolate_id, ami, ami_clinical_category, azt, azt_clinical_category, cip, cip_clinical_category, col, col_clinical_category, cza, cza_clinical_category, fep, fep_clinical_category, imi, imi_clinical_category, mer, mer_clinical_category, pip, pip_clinical_category, taz, taz_clinical_category, tic, tic_clinical_category, tob, tob_clinical_category, tol, tol_clinical_category) VALUES ('464', '464', '≤2', 'S', '≤2', 'S', '≤0.12', 'S', '1', 'S', '1', 'S', '≤1', 'S', '1', 'S', '≤0.5', 'S', '≤4', 'S', '2', 'S', '16', 'S', '≤0.25', 'S', '≤0.5', 'S') ON DUPLICATE KEY UPDATE ami = '≤2', ami_clinical_category = 'S', azt = '≤2', azt_clinical_category = 'S', cip = '≤0.12', cip_clinical_category = 'S', col = '1', col_clinical_category = 'S', cza = '1', cza_clinical_category = 'S', fep = '≤1', fep_clinical_category = 'S', imi = '1', imi_clinical_category = 'S', mer = '≤0.5', mer_clinical_category = 'S', pip = '≤4', pip_clinical_category = 'S', taz = '2', taz_clinical_category = 'S', tic = '16', tic_clinical_category = 'S', tob = '≤0.25', tob_clinical_category = 'S', tol = '≤0.5', tol_clinical_category = 'S'; 
INSERT INTO phenotypic_data(phenotypic_data_id, isolate_id, ecdc_resistance_profile) VALUES ('313', '464', 'S') ON DUPLICATE KEY UPDATE ecdc_resistance_profile = 'S'; 
INSERT INTO sequence_analysis(sequence_analysis_id, isolate_id, ame_loci, beta_lactamase_loci, clonal_complex, mutational_resistome) VALUES ('464', '464', '-', '-', '557', '{"PA0004": "WT", "PA0424": "WT", "PA0425": "WT", "PA0426": "nt1435\u22061", "PA0427": "WT", "PA0807": "WT", "PA0958": "WT", "PA1798": "H398R", "PA1799": "L153R, S170N", "PA2020": "WT", "PA2023": "WT", "PA2491": "D249N", "PA2492": "F172I, nt234\u22068", "PA2493": "WT", "PA2494": "WT", "PA2495": "WT", "PA3047": "WT", "PA3168": "T847A, aa911\u22062", "PA3574": "WT", "PA3721": "G71E, S209R, P210L", "PA3999": "WT", "PA4003": "WT", "PA4020": "M297V", "PA4109": "WT", "PA4110": "T105A", "PA4266": "WT", "PA4418": "WT", "PA4522": "G148A, S175L", "PA4597": "D68G, M69V, A372V", "PA4598": "E257Q, S845A", "PA4599": "WT", "PA4600": "WT", "PA4776": "L71R", "PA4777": "Y345H", "PA4964": "WT", "PA4967": "WT", "PA5471": "L88P, D161G, H182Q, V243A", "PA5485": "WT"}') ON DUPLICATE KEY UPDATE ame_loci = '-', beta_lactamase_loci = '-', clonal_complex = '557', mutational_resistome = '{"PA0004": "WT", "PA0424": "WT", "PA0425": "WT", "PA0426": "nt1435\u22061", "PA0427": "WT", "PA0807": "WT", "PA0958": "WT", "PA1798": "H398R", "PA1799": "L153R, S170N", "PA2020": "WT", "PA2023": "WT", "PA2491": "D249N", "PA2492": "F172I, nt234\u22068", "PA2493": "WT", "PA2494": "WT", "PA2495": "WT", "PA3047": "WT", "PA3168": "T847A, aa911\u22062", "PA3574": "WT", "PA3721": "G71E, S209R, P210L", "PA3999": "WT", "PA4003": "WT", "PA4020": "M297V", "PA4109": "WT", "PA4110": "T105A", "PA4266": "WT", "PA4418": "WT", "PA4522": "G148A, S175L", "PA4597": "D68G, M69V, A372V", "PA4598": "E257Q, S845A", "PA4599": "WT", "PA4600": "WT", "PA4776": "L71R", "PA4777": "Y345H", "PA4964": "WT", "PA4967": "WT", "PA5471": "L88P, D161G, H182Q, V243A", "PA5485": "WT"}'; 
INSERT INTO metadata_general(isolate_id, isolate_name, isolate_source, project_name, species) VALUES ('491', 'BAL02-010', 'WILD-TYPE', 'GEMARA', 'Pseudomonas aeruginosa') ON DUPLICATE KEY UPDATE isolate_name = 'BAL02-010', isolate_source = 'WILD-TYPE', project_name = 'GEMARA', species = 'Pseudomonas aeruginosa'; 
INSERT INTO mic(mic_id, isolate_id, ami, ami_clinical_category, azt, azt_clinical_category, cip, cip_clinical_category, col, col_clinical_category, cza, cza_clinical_category, fep, fep_clinical_category, imi, imi_clinical_category, mer, mer_clinical_category, pip, pip_clinical_category, taz, taz_clinical_category, tic, tic_clinical_category, tob, tob_clinical_category, tol, tol_clinical_category) VALUES ('491', '491', '≤2', 'S', '≤2', 'S', '≤0.12', 'S', '1', 'S', '1', 'S', '≤1', 'S', '≤0.5', 'S', '≤0.5', 'S', '≤4', 'S', '≤1', 'S', '≤8', 'S', '≤0.25', 'S', '≤0.5', 'S') ON DUPLICATE KEY UPDATE ami = '≤2', ami_clinical_category = 'S', azt = '≤2', azt_clinical_category = 'S', cip = '≤0.12', cip_clinical_category = 'S', col = '1', col_clinical_category = 'S', cza = '1', cza_clinical_category = 'S', fep = '≤1', fep_clinical_category = 'S', imi = '≤0.5', imi_clinical_category = 'S', mer = '≤0.5', mer_clinical_category = 'S', pip = '≤4', pip_clinical_category = 'S', taz = '≤1', taz_clinical_category = 'S', tic = '≤8', tic_clinical_category = 'S', tob = '≤0.25', tob_clinical_category = 'S', tol = '≤0.5', tol_clinical_category = 'S'; 
INSERT INTO phenotypic_data(phenotypic_data_id, isolate_id, ecdc_resistance_profile) VALUES ('343', '491', 'S') ON DUPLICATE KEY UPDATE ecdc_resistance_profile = 'S'; 
INSERT INTO sequence_analysis(sequence_analysis_id, isolate_id, ame_loci, beta_lactamase_loci, clonal_complex, mutational_resistome) VALUES ('491', '491', '-', '-', '667', '{"PA0004": "WT", "PA0424": "A103T, V126E", "PA0425": "WT", "PA0426": "I186V, E845D", "PA0427": "WT", "PA0807": "A219T", "PA0958": "WT", "PA1798": "V327L, H398R", "PA1799": "R34H, L153R, S170N", "PA2020": "WT", "PA2023": "WT", "PA2491": "D249N", "PA2492": "P60S, F172I, nt234\u22068", "PA2493": "D353E, D370E", "PA2494": "D230A, D666E", "PA2495": "S13P, T34P, S77N, A410S", "PA3047": "WT", "PA3168": "WT", "PA3574": "WT", "PA3721": "A145V, S209R", "PA3999": "WT", "PA4003": "WT", "PA4020": "WT", "PA4109": "A51T, E114A", "PA4110": "F19L, T105A, V205L, V356I, G391A", "PA4266": "I186V", "PA4418": "WT", "PA4522": "G148A", "PA4597": "T376S", "PA4598": "T87S, A155T, E257Q, S281L, V434A, V660I, S845A, I982V, K1031R, S1040T", "PA4599": "H310R, S341A", "PA4600": "WT", "PA4776": "L71R", "PA4777": "A4T, G68S, A119T, Y345H", "PA4964": "WT", "PA4967": "D533E", "PA5471": "C40R, L88P, S112N, D119E, D161G, H182Q, I237V, V243A", "PA5485": "WT"}') ON DUPLICATE KEY UPDATE ame_loci = '-', beta_lactamase_loci = '-', clonal_complex = '667', mutational_resistome = '{"PA0004": "WT", "PA0424": "A103T, V126E", "PA0425": "WT", "PA0426": "I186V, E845D", "PA0427": "WT", "PA0807": "A219T", "PA0958": "WT", "PA1798": "V327L, H398R", "PA1799": "R34H, L153R, S170N", "PA2020": "WT", "PA2023": "WT", "PA2491": "D249N", "PA2492": "P60S, F172I, nt234\u22068", "PA2493": "D353E, D370E", "PA2494": "D230A, D666E", "PA2495": "S13P, T34P, S77N, A410S", "PA3047": "WT", "PA3168": "WT", "PA3574": "WT", "PA3721": "A145V, S209R", "PA3999": "WT", "PA4003": "WT", "PA4020": "WT", "PA4109": "A51T, E114A", "PA4110": "F19L, T105A, V205L, V356I, G391A", "PA4266": "I186V", "PA4418": "WT", "PA4522": "G148A", "PA4597": "T376S", "PA4598": "T87S, A155T, E257Q, S281L, V434A, V660I, S845A, I982V, K1031R, S1040T", "PA4599": "H310R, S341A", "PA4600": "WT", "PA4776": "L71R", "PA4777": "A4T, G68S, A119T, Y345H", "PA4964": "WT", "PA4967": "D533E", "PA5471": "C40R, L88P, S112N, D119E, D161G, H182Q, I237V, V243A", "PA5485": "WT"}'; 
INSERT INTO metadata_general(isolate_id, isolate_name, isolate_source, project_name, species) VALUES ('501', 'BAL02-033', 'WILD-TYPE', 'GEMARA', 'Pseudomonas aeruginosa') ON DUPLICATE KEY UPDATE isolate_name = 'BAL02-033', isolate_source = 'WILD-TYPE', project_name = 'GEMARA', species = 'Pseudomonas aeruginosa'; 
INSERT INTO mic(mic_id, isolate_id, ami, ami_clinical_category, azt, azt_clinical_category, cip, cip_clinical_category, col, col_clinical_category, cza, cza_clinical_category, fep, fep_clinical_category, imi, imi_clinical_category, mer, mer_clinical_category, pip, pip_clinical_category, taz, taz_clinical_category, tic, tic_clinical_category, tob, tob_clinical_category, tol, tol_clinical_category) VALUES ('501', '501', '4', 'S', '4', 'S', '≤0.12', 'S', '2', 'S', '1', 'S', '2', 'S', '2', 'S', '≤0.5', 'S', '≤4', 'S', '2', 'S', '32', 'R', '0.5', 'S', '≤0.5', 'S') ON DUPLICATE KEY UPDATE ami = '4', ami_clinical_category = 'S', azt = '4', azt_clinical_category = 'S', cip = '≤0.12', cip_clinical_category = 'S', col = '2', col_clinical_category = 'S', cza = '1', cza_clinical_category = 'S', fep = '2', fep_clinical_category = 'S', imi = '2', imi_clinical_category = 'S', mer = '≤0.5', mer_clinical_category = 'S', pip = '≤4', pip_clinical_category = 'S', taz = '2', taz_clinical_category = 'S', tic = '32', tic_clinical_category = 'R', tob = '0.5', tob_clinical_category = 'S', tol = '≤0.5', tol_clinical_category = 'S'; 
INSERT INTO phenotypic_data(phenotypic_data_id, isolate_id, ecdc_resistance_profile) VALUES ('353', '501', 'S') ON DUPLICATE KEY UPDATE ecdc_resistance_profile = 'S'; 
INSERT INTO sequence_analysis(sequence_analysis_id, isolate_id, ame_loci, beta_lactamase_loci, clonal_complex, mutational_resistome) VALUES ('501', '501', '-', '-', '1204', '{"PA0004": "I769V", "PA0424": "WT", "PA0425": "WT", "PA0426": "WT", "PA0427": "WT", "PA0807": "WT", "PA0958": "WT", "PA1798": "H398R", "PA1799": "WT", "PA2020": "WT", "PA2023": "WT", "PA2491": "D249N", "PA2492": "F172I, nt234\u22068", "PA2493": "WT", "PA2494": "WT", "PA2495": "WT", "PA3047": "WT", "PA3168": "WT", "PA3574": "WT", "PA3721": "G71E", "PA3999": "WT", "PA4003": "WT", "PA4020": "M297V", "PA4109": "A10S", "PA4110": "R79Q, T105A", "PA4266": "WT", "PA4418": "WT", "PA4522": "WT", "PA4597": "D68G, M69V", "PA4598": "S845A", "PA4599": "S330A", "PA4600": "WT", "PA4776": "L71R", "PA4777": "Y345H", "PA4964": "WT", "PA4967": "WT", "PA5471": "L88P, D119E", "PA5485": "WT"}') ON DUPLICATE KEY UPDATE ame_loci = '-', beta_lactamase_loci = '-', clonal_complex = '1204', mutational_resistome = '{"PA0004": "I769V", "PA0424": "WT", "PA0425": "WT", "PA0426": "WT", "PA0427": "WT", "PA0807": "WT", "PA0958": "WT", "PA1798": "H398R", "PA1799": "WT", "PA2020": "WT", "PA2023": "WT", "PA2491": "D249N", "PA2492": "F172I, nt234\u22068", "PA2493": "WT", "PA2494": "WT", "PA2495": "WT", "PA3047": "WT", "PA3168": "WT", "PA3574": "WT", "PA3721": "G71E", "PA3999": "WT", "PA4003": "WT", "PA4020": "M297V", "PA4109": "A10S", "PA4110": "R79Q, T105A", "PA4266": "WT", "PA4418": "WT", "PA4522": "WT", "PA4597": "D68G, M69V", "PA4598": "S845A", "PA4599": "S330A", "PA4600": "WT", "PA4776": "L71R", "PA4777": "Y345H", "PA4964": "WT", "PA4967": "WT", "PA5471": "L88P, D119E", "PA5485": "WT"}'; 
INSERT INTO metadata_general(isolate_id, isolate_name, isolate_source, project_name, species) VALUES ('513', 'BAL03-015', 'WILD-TYPE', 'GEMARA', 'Pseudomonas aeruginosa') ON DUPLICATE KEY UPDATE isolate_name = 'BAL03-015', isolate_source = 'WILD-TYPE', project_name = 'GEMARA', species = 'Pseudomonas aeruginosa'; 
INSERT INTO mic(mic_id, isolate_id, ami, ami_clinical_category, azt, azt_clinical_category, cip, cip_clinical_category, col, col_clinical_category, cza, cza_clinical_category, fep, fep_clinical_category, imi, imi_clinical_category, mer, mer_clinical_category, pip, pip_clinical_category, taz, taz_clinical_category, tic, tic_clinical_category, tob, tob_clinical_category, tol, tol_clinical_category) VALUES ('513', '513', '≤2', 'S', '≤2', 'S', '≤0.12', 'S', '2', 'S', '≤0.5', 'S', '≤1', 'S', '1', 'S', '≤0.5', 'S', '≤4', 'S', '≤1', 'S', '≤8 ', 'S', '≤0.25 ', 'S', '≤0.5 ', 'S') ON DUPLICATE KEY UPDATE ami = '≤2', ami_clinical_category = 'S', azt = '≤2', azt_clinical_category = 'S', cip = '≤0.12', cip_clinical_category = 'S', col = '2', col_clinical_category = 'S', cza = '≤0.5', cza_clinical_category = 'S', fep = '≤1', fep_clinical_category = 'S', imi = '1', imi_clinical_category = 'S', mer = '≤0.5', mer_clinical_category = 'S', pip = '≤4', pip_clinical_category = 'S', taz = '≤1', taz_clinical_category = 'S', tic = '≤8 ', tic_clinical_category = 'S', tob = '≤0.25 ', tob_clinical_category = 'S', tol = '≤0.5 ', tol_clinical_category = 'S'; 
INSERT INTO phenotypic_data(phenotypic_data_id, isolate_id, ecdc_resistance_profile) VALUES ('368', '513', 'S') ON DUPLICATE KEY UPDATE ecdc_resistance_profile = 'S'; 
INSERT INTO sequence_analysis(sequence_analysis_id, isolate_id, ame_loci, beta_lactamase_loci, clonal_complex, mutational_resistome) VALUES ('513', '513', '-', '-', '1262', '{"PA0004": "A623T", "PA0424": "V126E", "PA0425": "V286I, D342E", "PA0426": "I186V", "PA0427": "WT", "PA0807": "D197E", "PA0958": "WT", "PA1798": "H398R", "PA1799": "L153R, S170N", "PA2020": "L138R", "PA2023": "WT", "PA2491": "V73A, D249N", "PA2492": "P60S, F172I, nt234\u22068", "PA2493": "S8F, D353E, D370E", "PA2494": "D230A, D666E", "PA2495": "S13P, A410S", "PA3047": "WT", "PA3168": "aa911\u22062", "PA3574": "WT", "PA3721": "G71E, A145V, S209R", "PA3999": "WT", "PA4003": "P621L", "PA4020": "WT", "PA4109": "G283E", "PA4110": "T21A, T105A, Q117E, Q155R, V205L, G391A", "PA4266": "WT", "PA4418": "WT", "PA4522": "Q44K, G148A", "PA4597": "T376S, K413M", "PA4598": "T87S, A155T, V343A, S845A, I982V, K1031R, S1040T", "PA4599": "R76Q, H310R, S330A, A378T", "PA4600": "WT", "PA4776": "L71R", "PA4777": "Y345H", "PA4964": "S197L, E498D", "PA4967": "D533E", "PA5471": "T32I, C40R, S112N, D119E, I237V, V243A", "PA5485": "WT"}') ON DUPLICATE KEY UPDATE ame_loci = '-', beta_lactamase_loci = '-', clonal_complex = '1262', mutational_resistome = '{"PA0004": "A623T", "PA0424": "V126E", "PA0425": "V286I, D342E", "PA0426": "I186V", "PA0427": "WT", "PA0807": "D197E", "PA0958": "WT", "PA1798": "H398R", "PA1799": "L153R, S170N", "PA2020": "L138R", "PA2023": "WT", "PA2491": "V73A, D249N", "PA2492": "P60S, F172I, nt234\u22068", "PA2493": "S8F, D353E, D370E", "PA2494": "D230A, D666E", "PA2495": "S13P, A410S", "PA3047": "WT", "PA3168": "aa911\u22062", "PA3574": "WT", "PA3721": "G71E, A145V, S209R", "PA3999": "WT", "PA4003": "P621L", "PA4020": "WT", "PA4109": "G283E", "PA4110": "T21A, T105A, Q117E, Q155R, V205L, G391A", "PA4266": "WT", "PA4418": "WT", "PA4522": "Q44K, G148A", "PA4597": "T376S, K413M", "PA4598": "T87S, A155T, V343A, S845A, I982V, K1031R, S1040T", "PA4599": "R76Q, H310R, S330A, A378T", "PA4600": "WT", "PA4776": "L71R", "PA4777": "Y345H", "PA4964": "S197L, E498D", "PA4967": "D533E", "PA5471": "T32I, C40R, S112N, D119E, I237V, V243A", "PA5485": "WT"}'; 
INSERT INTO metadata_general(isolate_id, isolate_name, isolate_source, project_name, species) VALUES ('522', 'BAL03-041', 'WILD-TYPE', 'GEMARA', 'Pseudomonas aeruginosa') ON DUPLICATE KEY UPDATE isolate_name = 'BAL03-041', isolate_source = 'WILD-TYPE', project_name = 'GEMARA', species = 'Pseudomonas aeruginosa'; 
INSERT INTO mic(mic_id, isolate_id, ami, ami_clinical_category, azt, azt_clinical_category, cip, cip_clinical_category, col, col_clinical_category, cza, cza_clinical_category, fep, fep_clinical_category, imi, imi_clinical_category, mer, mer_clinical_category, pip, pip_clinical_category, taz, taz_clinical_category, tic, tic_clinical_category, tob, tob_clinical_category, tol, tol_clinical_category) VALUES ('522', '522', '≤2', 'S', '4', 'S', '≤0.12', 'S', '2', 'S', '1', 'S', '2', 'S', '4', 'S', '2', 'S', '≤4', 'S', '≤1', 'S', '32', 'R', '≤0.25', 'S', '1', 'S') ON DUPLICATE KEY UPDATE ami = '≤2', ami_clinical_category = 'S', azt = '4', azt_clinical_category = 'S', cip = '≤0.12', cip_clinical_category = 'S', col = '2', col_clinical_category = 'S', cza = '1', cza_clinical_category = 'S', fep = '2', fep_clinical_category = 'S', imi = '4', imi_clinical_category = 'S', mer = '2', mer_clinical_category = 'S', pip = '≤4', pip_clinical_category = 'S', taz = '≤1', taz_clinical_category = 'S', tic = '32', tic_clinical_category = 'R', tob = '≤0.25', tob_clinical_category = 'S', tol = '1', tol_clinical_category = 'S'; 
INSERT INTO phenotypic_data(phenotypic_data_id, isolate_id, ecdc_resistance_profile) VALUES ('377', '522', 'S') ON DUPLICATE KEY UPDATE ecdc_resistance_profile = 'S'; 
INSERT INTO sequence_analysis(sequence_analysis_id, isolate_id, ame_loci, beta_lactamase_loci, clonal_complex, mutational_resistome) VALUES ('522', '522', 'aadA6', '-', '235', '{"PA0004": "WT", "PA0424": "V126E", "PA0425": "WT", "PA0426": "G957D", "PA0427": "WT", "PA0807": "A208V", "PA0958": "WT", "PA1798": "H398R", "PA1799": "L153R, S170N", "PA2020": "WT", "PA2023": "WT", "PA2491": "P94S, D249N", "PA2492": "P60S, F172I, nt234\u22068", "PA2493": "DELETED", "PA2494": "\u22062646nt", "PA2495": "S13P", "PA3047": "WT", "PA3168": "WT", "PA3574": "WT", "PA3721": "G71E, E153Q, S209R", "PA3999": "WT", "PA4003": "WT", "PA4020": "WT", "PA4109": "G283E, M288R", "PA4110": "G27D, A97V, T105A, V205L, G391A", "PA4266": "WT", "PA4418": "WT", "PA4522": "G148A", "PA4597": "M69V, Q267R", "PA4598": "S845A, I982V", "PA4599": "A31V, R76Q, H310R, S330A, P383S", "PA4600": "WT", "PA4776": "L71R", "PA4777": "A4T, G68S, Y345H, G362S", "PA4964": "WT", "PA4967": "D533E", "PA5471": "L88P, D161G, H182Q, R204C, V243A", "PA5485": "WT"}') ON DUPLICATE KEY UPDATE ame_loci = 'aadA6', beta_lactamase_loci = '-', clonal_complex = '235', mutational_resistome = '{"PA0004": "WT", "PA0424": "V126E", "PA0425": "WT", "PA0426": "G957D", "PA0427": "WT", "PA0807": "A208V", "PA0958": "WT", "PA1798": "H398R", "PA1799": "L153R, S170N", "PA2020": "WT", "PA2023": "WT", "PA2491": "P94S, D249N", "PA2492": "P60S, F172I, nt234\u22068", "PA2493": "DELETED", "PA2494": "\u22062646nt", "PA2495": "S13P", "PA3047": "WT", "PA3168": "WT", "PA3574": "WT", "PA3721": "G71E, E153Q, S209R", "PA3999": "WT", "PA4003": "WT", "PA4020": "WT", "PA4109": "G283E, M288R", "PA4110": "G27D, A97V, T105A, V205L, G391A", "PA4266": "WT", "PA4418": "WT", "PA4522": "G148A", "PA4597": "M69V, Q267R", "PA4598": "S845A, I982V", "PA4599": "A31V, R76Q, H310R, S330A, P383S", "PA4600": "WT", "PA4776": "L71R", "PA4777": "A4T, G68S, Y345H, G362S", "PA4964": "WT", "PA4967": "D533E", "PA5471": "L88P, D161G, H182Q, R204C, V243A", "PA5485": "WT"}'; 
INSERT INTO metadata_general(isolate_id, isolate_name, isolate_source, project_name, species) VALUES ('540', 'BAL04-008', 'WILD-TYPE', 'GEMARA', 'Pseudomonas aeruginosa') ON DUPLICATE KEY UPDATE isolate_name = 'BAL04-008', isolate_source = 'WILD-TYPE', project_name = 'GEMARA', species = 'Pseudomonas aeruginosa'; 
INSERT INTO mic(mic_id, isolate_id, ami, ami_clinical_category, azt, azt_clinical_category, cip, cip_clinical_category, col, col_clinical_category, cza, cza_clinical_category, fep, fep_clinical_category, imi, imi_clinical_category, mer, mer_clinical_category, pip, pip_clinical_category, taz, taz_clinical_category, tic, tic_clinical_category, tob, tob_clinical_category, tol, tol_clinical_category) VALUES ('540', '540', '≤2', 'S', '4', 'S', '≤0.12', 'S', '1', 'S', '2', 'S', '2', 'S', '1', 'S', '≤0.5', 'S', '≤4', 'S', '2', 'S', '16', 'S', '0.5', 'S', '≤0.5', 'S') ON DUPLICATE KEY UPDATE ami = '≤2', ami_clinical_category = 'S', azt = '4', azt_clinical_category = 'S', cip = '≤0.12', cip_clinical_category = 'S', col = '1', col_clinical_category = 'S', cza = '2', cza_clinical_category = 'S', fep = '2', fep_clinical_category = 'S', imi = '1', imi_clinical_category = 'S', mer = '≤0.5', mer_clinical_category = 'S', pip = '≤4', pip_clinical_category = 'S', taz = '2', taz_clinical_category = 'S', tic = '16', tic_clinical_category = 'S', tob = '0.5', tob_clinical_category = 'S', tol = '≤0.5', tol_clinical_category = 'S'; 
INSERT INTO phenotypic_data(phenotypic_data_id, isolate_id, ecdc_resistance_profile) VALUES ('398', '540', 'S') ON DUPLICATE KEY UPDATE ecdc_resistance_profile = 'S'; 
INSERT INTO sequence_analysis(sequence_analysis_id, isolate_id, ame_loci, beta_lactamase_loci, clonal_complex, mutational_resistome) VALUES ('540', '540', '-', '-', '3216', '{"PA0004": "WT", "PA0424": "V126E", "PA0425": "WT", "PA0426": "WT", "PA0427": "WT", "PA0807": "WT", "PA0958": "WT", "PA1798": "S352I, H398R", "PA1799": "L153R", "PA2020": "WT", "PA2023": "WT", "PA2491": "D249N", "PA2492": "F172I, nt234\u22068", "PA2493": "P397Q", "PA2494": "WT", "PA2495": "WT", "PA3047": "WT", "PA3168": "WT", "PA3574": "WT", "PA3721": "S209R", "PA3999": "WT", "PA4003": "WT", "PA4020": "WT", "PA4109": "WT", "PA4110": "T21A, T105A, Q117E, V205L, G391A", "PA4266": "I186V", "PA4418": "WT", "PA4522": "WT", "PA4597": "M69V, Q267R", "PA4598": "T87S, A155T, V343A, S845A", "PA4599": "A49V, R76Q, H310R, S330A, A378T", "PA4600": "R21H, D56G", "PA4776": "WT", "PA4777": "A4T, V15I, G68S, Y345H", "PA4964": "WT", "PA4967": "D533E", "PA5471": "C40R, L88P, S112N, D119E, I237V, V243A, P244L", "PA5485": "WT"}') ON DUPLICATE KEY UPDATE ame_loci = '-', beta_lactamase_loci = '-', clonal_complex = '3216', mutational_resistome = '{"PA0004": "WT", "PA0424": "V126E", "PA0425": "WT", "PA0426": "WT", "PA0427": "WT", "PA0807": "WT", "PA0958": "WT", "PA1798": "S352I, H398R", "PA1799": "L153R", "PA2020": "WT", "PA2023": "WT", "PA2491": "D249N", "PA2492": "F172I, nt234\u22068", "PA2493": "P397Q", "PA2494": "WT", "PA2495": "WT", "PA3047": "WT", "PA3168": "WT", "PA3574": "WT", "PA3721": "S209R", "PA3999": "WT", "PA4003": "WT", "PA4020": "WT", "PA4109": "WT", "PA4110": "T21A, T105A, Q117E, V205L, G391A", "PA4266": "I186V", "PA4418": "WT", "PA4522": "WT", "PA4597": "M69V, Q267R", "PA4598": "T87S, A155T, V343A, S845A", "PA4599": "A49V, R76Q, H310R, S330A, A378T", "PA4600": "R21H, D56G", "PA4776": "WT", "PA4777": "A4T, V15I, G68S, Y345H", "PA4964": "WT", "PA4967": "D533E", "PA5471": "C40R, L88P, S112N, D119E, I237V, V243A, P244L", "PA5485": "WT"}'; 
INSERT INTO metadata_general(isolate_id, isolate_name, isolate_source, project_name, species) VALUES ('547', 'BAL04-019', 'WILD-TYPE', 'GEMARA', 'Pseudomonas aeruginosa') ON DUPLICATE KEY UPDATE isolate_name = 'BAL04-019', isolate_source = 'WILD-TYPE', project_name = 'GEMARA', species = 'Pseudomonas aeruginosa'; 
INSERT INTO mic(mic_id, isolate_id, ami, ami_clinical_category, azt, azt_clinical_category, cip, cip_clinical_category, col, col_clinical_category, cza, cza_clinical_category, fep, fep_clinical_category, imi, imi_clinical_category, mer, mer_clinical_category, pip, pip_clinical_category, taz, taz_clinical_category, tic, tic_clinical_category, tob, tob_clinical_category, tol, tol_clinical_category) VALUES ('547', '547', '≤2', 'S', '4', 'S', '≤0.12', 'S', '1', 'S', '2', 'S', '2', 'S', '1', 'S', '≤0.5', 'S', '≤4', 'S', '2', 'S', '32', 'R', '≤0.25', 'S', '1', 'S') ON DUPLICATE KEY UPDATE ami = '≤2', ami_clinical_category = 'S', azt = '4', azt_clinical_category = 'S', cip = '≤0.12', cip_clinical_category = 'S', col = '1', col_clinical_category = 'S', cza = '2', cza_clinical_category = 'S', fep = '2', fep_clinical_category = 'S', imi = '1', imi_clinical_category = 'S', mer = '≤0.5', mer_clinical_category = 'S', pip = '≤4', pip_clinical_category = 'S', taz = '2', taz_clinical_category = 'S', tic = '32', tic_clinical_category = 'R', tob = '≤0.25', tob_clinical_category = 'S', tol = '1', tol_clinical_category = 'S'; 
INSERT INTO phenotypic_data(phenotypic_data_id, isolate_id, ecdc_resistance_profile) VALUES ('405', '547', 'S') ON DUPLICATE KEY UPDATE ecdc_resistance_profile = 'S'; 
INSERT INTO sequence_analysis(sequence_analysis_id, isolate_id, ame_loci, beta_lactamase_loci, clonal_complex, mutational_resistome) VALUES ('547', '547', '-', '-', '795', '{"PA0004": "WT", "PA0424": "WT", "PA0425": "WT", "PA0426": "WT", "PA0427": "WT", "PA0807": "WT", "PA0958": "WT", "PA1798": "H398R", "PA1799": "L58R, L153R, S170N", "PA2020": "WT", "PA2023": "WT", "PA2491": "D249N", "PA2492": "F172I, nt234\u22068", "PA2493": "S8F", "PA2494": "WT", "PA2495": "A4T, S13P", "PA3047": "A394P", "PA3168": "WT", "PA3574": "WT", "PA3721": "G71E, S209R", "PA3999": "WT", "PA4003": "WT", "PA4020": "M297V, A303V", "PA4109": "WT", "PA4110": "T105A", "PA4266": "WT", "PA4418": "WT", "PA4522": "G148A", "PA4597": "M69V, Q267R", "PA4598": "E257Q", "PA4599": "S330A", "PA4600": "WT", "PA4776": "L71R", "PA4777": "Y345H", "PA4964": "WT", "PA4967": "WT", "PA5471": "L88P, D161G, H182Q, V243A", "PA5485": "WT"}') ON DUPLICATE KEY UPDATE ame_loci = '-', beta_lactamase_loci = '-', clonal_complex = '795', mutational_resistome = '{"PA0004": "WT", "PA0424": "WT", "PA0425": "WT", "PA0426": "WT", "PA0427": "WT", "PA0807": "WT", "PA0958": "WT", "PA1798": "H398R", "PA1799": "L58R, L153R, S170N", "PA2020": "WT", "PA2023": "WT", "PA2491": "D249N", "PA2492": "F172I, nt234\u22068", "PA2493": "S8F", "PA2494": "WT", "PA2495": "A4T, S13P", "PA3047": "A394P", "PA3168": "WT", "PA3574": "WT", "PA3721": "G71E, S209R", "PA3999": "WT", "PA4003": "WT", "PA4020": "M297V, A303V", "PA4109": "WT", "PA4110": "T105A", "PA4266": "WT", "PA4418": "WT", "PA4522": "G148A", "PA4597": "M69V, Q267R", "PA4598": "E257Q", "PA4599": "S330A", "PA4600": "WT", "PA4776": "L71R", "PA4777": "Y345H", "PA4964": "WT", "PA4967": "WT", "PA5471": "L88P, D161G, H182Q, V243A", "PA5485": "WT"}'; 
INSERT INTO metadata_general(isolate_id, isolate_name, isolate_source, project_name, species) VALUES ('575', 'CAN01-009', 'WILD-TYPE', 'GEMARA', 'Pseudomonas aeruginosa') ON DUPLICATE KEY UPDATE isolate_name = 'CAN01-009', isolate_source = 'WILD-TYPE', project_name = 'GEMARA', species = 'Pseudomonas aeruginosa'; 
INSERT INTO mic(mic_id, isolate_id, ami, ami_clinical_category, azt, azt_clinical_category, cip, cip_clinical_category, col, col_clinical_category, cza, cza_clinical_category, fep, fep_clinical_category, imi, imi_clinical_category, mer, mer_clinical_category, pip, pip_clinical_category, taz, taz_clinical_category, tic, tic_clinical_category, tob, tob_clinical_category, tol, tol_clinical_category) VALUES ('575', '575', '4', 'S', '4', 'S', '≤0.12', 'S', '2', 'S', '1', 'S', '2', 'S', '2', 'S', '≤0.5', 'S', '≤4', 'S', '2', 'S', '32', 'R', '2', 'S', '≤0.5', 'S') ON DUPLICATE KEY UPDATE ami = '4', ami_clinical_category = 'S', azt = '4', azt_clinical_category = 'S', cip = '≤0.12', cip_clinical_category = 'S', col = '2', col_clinical_category = 'S', cza = '1', cza_clinical_category = 'S', fep = '2', fep_clinical_category = 'S', imi = '2', imi_clinical_category = 'S', mer = '≤0.5', mer_clinical_category = 'S', pip = '≤4', pip_clinical_category = 'S', taz = '2', taz_clinical_category = 'S', tic = '32', tic_clinical_category = 'R', tob = '2', tob_clinical_category = 'S', tol = '≤0.5', tol_clinical_category = 'S'; 
INSERT INTO phenotypic_data(phenotypic_data_id, isolate_id, ecdc_resistance_profile) VALUES ('436', '575', 'S') ON DUPLICATE KEY UPDATE ecdc_resistance_profile = 'S'; 
INSERT INTO sequence_analysis(sequence_analysis_id, isolate_id, ame_loci, beta_lactamase_loci, clonal_complex, mutational_resistome) VALUES ('575', '575', '-', '-', '3374', '{"PA0004": "WT", "PA0424": "WT", "PA0425": "WT", "PA0426": "WT", "PA0427": "WT", "PA0807": "D235G", "PA0958": "WT", "PA1798": "H398R", "PA1799": "M160T", "PA2020": "WT", "PA2023": "WT", "PA2491": "D249N", "PA2492": "P60S, F172I, nt234\u22068", "PA2493": "WT", "PA2494": "WT", "PA2495": "A360T", "PA3047": "WT", "PA3168": "WT", "PA3574": "D187H", "PA3721": "G71E, S209R", "PA3999": "WT", "PA4003": "WT", "PA4020": "WT", "PA4109": "WT", "PA4110": "T105A, L176R", "PA4266": "WT", "PA4418": "WT", "PA4522": "R11L, G148A, D183Y", "PA4597": "D35H, M69V", "PA4598": "E257Q, V384L, S845A", "PA4599": "WT", "PA4600": "WT", "PA4776": "L71R", "PA4777": "Y345H", "PA4964": "Q405R", "PA4967": "WT", "PA5471": "L88P, D161G, H182Q, V243A", "PA5485": "WT"}') ON DUPLICATE KEY UPDATE ame_loci = '-', beta_lactamase_loci = '-', clonal_complex = '3374', mutational_resistome = '{"PA0004": "WT", "PA0424": "WT", "PA0425": "WT", "PA0426": "WT", "PA0427": "WT", "PA0807": "D235G", "PA0958": "WT", "PA1798": "H398R", "PA1799": "M160T", "PA2020": "WT", "PA2023": "WT", "PA2491": "D249N", "PA2492": "P60S, F172I, nt234\u22068", "PA2493": "WT", "PA2494": "WT", "PA2495": "A360T", "PA3047": "WT", "PA3168": "WT", "PA3574": "D187H", "PA3721": "G71E, S209R", "PA3999": "WT", "PA4003": "WT", "PA4020": "WT", "PA4109": "WT", "PA4110": "T105A, L176R", "PA4266": "WT", "PA4418": "WT", "PA4522": "R11L, G148A, D183Y", "PA4597": "D35H, M69V", "PA4598": "E257Q, V384L, S845A", "PA4599": "WT", "PA4600": "WT", "PA4776": "L71R", "PA4777": "Y345H", "PA4964": "Q405R", "PA4967": "WT", "PA5471": "L88P, D161G, H182Q, V243A", "PA5485": "WT"}'; 
INSERT INTO metadata_general(isolate_id, isolate_name, isolate_source, project_name, species) VALUES ('604', 'CAT01-003', 'WILD-TYPE', 'GEMARA', 'Pseudomonas aeruginosa') ON DUPLICATE KEY UPDATE isolate_name = 'CAT01-003', isolate_source = 'WILD-TYPE', project_name = 'GEMARA', species = 'Pseudomonas aeruginosa'; 
INSERT INTO mic(mic_id, isolate_id, ami, ami_clinical_category, azt, azt_clinical_category, cip, cip_clinical_category, col, col_clinical_category, cza, cza_clinical_category, fep, fep_clinical_category, imi, imi_clinical_category, mer, mer_clinical_category, pip, pip_clinical_category, taz, taz_clinical_category, tic, tic_clinical_category, tob, tob_clinical_category, tol, tol_clinical_category) VALUES ('604', '604', '≤2', 'S', '≤2', 'S', '≤0.12', 'S', '1', 'S', '1', 'S', '≤1', 'S', '1', 'S', '≤0.5', 'S', '≤4', 'S', '≤1', 'S', '≤8', 'S', '≤0.25', 'S', '≤0.5', 'S') ON DUPLICATE KEY UPDATE ami = '≤2', ami_clinical_category = 'S', azt = '≤2', azt_clinical_category = 'S', cip = '≤0.12', cip_clinical_category = 'S', col = '1', col_clinical_category = 'S', cza = '1', cza_clinical_category = 'S', fep = '≤1', fep_clinical_category = 'S', imi = '1', imi_clinical_category = 'S', mer = '≤0.5', mer_clinical_category = 'S', pip = '≤4', pip_clinical_category = 'S', taz = '≤1', taz_clinical_category = 'S', tic = '≤8', tic_clinical_category = 'S', tob = '≤0.25', tob_clinical_category = 'S', tol = '≤0.5', tol_clinical_category = 'S'; 
INSERT INTO phenotypic_data(phenotypic_data_id, isolate_id, ecdc_resistance_profile) VALUES ('474', '604', 'S') ON DUPLICATE KEY UPDATE ecdc_resistance_profile = 'S'; 
INSERT INTO sequence_analysis(sequence_analysis_id, isolate_id, ame_loci, beta_lactamase_loci, clonal_complex, mutational_resistome) VALUES ('604', '604', '-', '-', '560', '{"PA0004": "WT", "PA0424": "WT", "PA0425": "WT", "PA0426": "WT", "PA0427": "WT", "PA0807": "D75G", "PA0958": "WT", "PA1798": "R356L, H398R", "PA1799": "L153R, S170N", "PA2020": "WT", "PA2023": "WT", "PA2491": "D249N", "PA2492": "F172I, nt234\u22068", "PA2493": "S8F", "PA2494": "WT", "PA2495": "A4T, S13P", "PA3047": "WT", "PA3168": "WT", "PA3574": "WT", "PA3721": "G71E, S209R", "PA3999": "WT", "PA4003": "WT", "PA4020": "WT", "PA4109": "E114A, I251V, G283E, M288R", "PA4110": "T21A, T105A, V205L, G391P", "PA4266": "WT", "PA4418": "WT", "PA4522": "G148A", "PA4597": "Q267R", "PA4598": "V660I, S845A, I982V, K1031R, S1040T", "PA4599": "R76Q, H310R, S330A, P383S", "PA4600": "WT", "PA4776": "WT", "PA4777": "A4T, V15I, G68S, Y345H", "PA4964": "WT", "PA4967": "D533E", "PA5471": "C40R, L88P, S112N, D119E, I237V, V243A, P244L", "PA5485": "WT"}') ON DUPLICATE KEY UPDATE ame_loci = '-', beta_lactamase_loci = '-', clonal_complex = '560', mutational_resistome = '{"PA0004": "WT", "PA0424": "WT", "PA0425": "WT", "PA0426": "WT", "PA0427": "WT", "PA0807": "D75G", "PA0958": "WT", "PA1798": "R356L, H398R", "PA1799": "L153R, S170N", "PA2020": "WT", "PA2023": "WT", "PA2491": "D249N", "PA2492": "F172I, nt234\u22068", "PA2493": "S8F", "PA2494": "WT", "PA2495": "A4T, S13P", "PA3047": "WT", "PA3168": "WT", "PA3574": "WT", "PA3721": "G71E, S209R", "PA3999": "WT", "PA4003": "WT", "PA4020": "WT", "PA4109": "E114A, I251V, G283E, M288R", "PA4110": "T21A, T105A, V205L, G391P", "PA4266": "WT", "PA4418": "WT", "PA4522": "G148A", "PA4597": "Q267R", "PA4598": "V660I, S845A, I982V, K1031R, S1040T", "PA4599": "R76Q, H310R, S330A, P383S", "PA4600": "WT", "PA4776": "WT", "PA4777": "A4T, V15I, G68S, Y345H", "PA4964": "WT", "PA4967": "D533E", "PA5471": "C40R, L88P, S112N, D119E, I237V, V243A, P244L", "PA5485": "WT"}'; 
INSERT INTO metadata_general(isolate_id, isolate_name, isolate_source, project_name, species) VALUES ('605', 'CAT01-027', 'WILD-TYPE', 'GEMARA', 'Pseudomonas aeruginosa') ON DUPLICATE KEY UPDATE isolate_name = 'CAT01-027', isolate_source = 'WILD-TYPE', project_name = 'GEMARA', species = 'Pseudomonas aeruginosa'; 
INSERT INTO mic(mic_id, isolate_id, ami, ami_clinical_category, azt, azt_clinical_category, cip, cip_clinical_category, col, col_clinical_category, cza, cza_clinical_category, fep, fep_clinical_category, imi, imi_clinical_category, mer, mer_clinical_category, pip, pip_clinical_category, taz, taz_clinical_category, tic, tic_clinical_category, tob, tob_clinical_category, tol, tol_clinical_category) VALUES ('605', '605', '≤2', 'S', '4', 'S', '0.25', 'S', '1', 'S', '1', 'S', '≤1', 'S', '4', 'S', '≤0.5', 'S', '≤4', 'S', '2', 'S', '16', 'S', '≤0.25', 'S', '≤0.5', 'S') ON DUPLICATE KEY UPDATE ami = '≤2', ami_clinical_category = 'S', azt = '4', azt_clinical_category = 'S', cip = '0.25', cip_clinical_category = 'S', col = '1', col_clinical_category = 'S', cza = '1', cza_clinical_category = 'S', fep = '≤1', fep_clinical_category = 'S', imi = '4', imi_clinical_category = 'S', mer = '≤0.5', mer_clinical_category = 'S', pip = '≤4', pip_clinical_category = 'S', taz = '2', taz_clinical_category = 'S', tic = '16', tic_clinical_category = 'S', tob = '≤0.25', tob_clinical_category = 'S', tol = '≤0.5', tol_clinical_category = 'S'; 
INSERT INTO phenotypic_data(phenotypic_data_id, isolate_id, ecdc_resistance_profile) VALUES ('475', '605', 'S') ON DUPLICATE KEY UPDATE ecdc_resistance_profile = 'S'; 
INSERT INTO sequence_analysis(sequence_analysis_id, isolate_id, ame_loci, beta_lactamase_loci, clonal_complex, mutational_resistome) VALUES ('605', '605', '-', '-', '560', '{"PA0004": "WT", "PA0424": "WT", "PA0425": "WT", "PA0426": "WT", "PA0427": "WT", "PA0807": "D75G", "PA0958": "WT", "PA1798": "R356L, H398R", "PA1799": "L153R, S170N", "PA2020": "WT", "PA2023": "WT", "PA2491": "D249N, nt769\u22061", "PA2492": "F172I, nt234\u22068", "PA2493": "S8F", "PA2494": "WT", "PA2495": "A4T, S13P", "PA3047": "WT", "PA3168": "WT", "PA3574": "WT", "PA3721": "G71E, S209R", "PA3999": "WT", "PA4003": "WT", "PA4020": "WT", "PA4109": "E114A, I251V, G283E, M288R", "PA4110": "T21A, T105A, V205L, G391P", "PA4266": "WT", "PA4418": "WT", "PA4522": "G148A", "PA4597": "Q267R", "PA4598": "V660I, S845A, I982V, K1031R, S1040T", "PA4599": "R76Q, H310R, S330A, P383S", "PA4600": "WT", "PA4776": "WT", "PA4777": "A4T, V15I, G68S, Y345H", "PA4964": "WT", "PA4967": "D533E", "PA5471": "C40R, L88P, S112N, D119E, I237V, V243A, P244L", "PA5485": "WT"}') ON DUPLICATE KEY UPDATE ame_loci = '-', beta_lactamase_loci = '-', clonal_complex = '560', mutational_resistome = '{"PA0004": "WT", "PA0424": "WT", "PA0425": "WT", "PA0426": "WT", "PA0427": "WT", "PA0807": "D75G", "PA0958": "WT", "PA1798": "R356L, H398R", "PA1799": "L153R, S170N", "PA2020": "WT", "PA2023": "WT", "PA2491": "D249N, nt769\u22061", "PA2492": "F172I, nt234\u22068", "PA2493": "S8F", "PA2494": "WT", "PA2495": "A4T, S13P", "PA3047": "WT", "PA3168": "WT", "PA3574": "WT", "PA3721": "G71E, S209R", "PA3999": "WT", "PA4003": "WT", "PA4020": "WT", "PA4109": "E114A, I251V, G283E, M288R", "PA4110": "T21A, T105A, V205L, G391P", "PA4266": "WT", "PA4418": "WT", "PA4522": "G148A", "PA4597": "Q267R", "PA4598": "V660I, S845A, I982V, K1031R, S1040T", "PA4599": "R76Q, H310R, S330A, P383S", "PA4600": "WT", "PA4776": "WT", "PA4777": "A4T, V15I, G68S, Y345H", "PA4964": "WT", "PA4967": "D533E", "PA5471": "C40R, L88P, S112N, D119E, I237V, V243A, P244L", "PA5485": "WT"}'; 
INSERT INTO metadata_general(isolate_id, isolate_name, isolate_source, project_name, species) VALUES ('615', 'CAT02-005', 'WILD-TYPE', 'GEMARA', 'Pseudomonas aeruginosa') ON DUPLICATE KEY UPDATE isolate_name = 'CAT02-005', isolate_source = 'WILD-TYPE', project_name = 'GEMARA', species = 'Pseudomonas aeruginosa'; 
INSERT INTO mic(mic_id, isolate_id, ami, ami_clinical_category, azt, azt_clinical_category, cip, cip_clinical_category, col, col_clinical_category, cza, cza_clinical_category, fep, fep_clinical_category, imi, imi_clinical_category, mer, mer_clinical_category, pip, pip_clinical_category, taz, taz_clinical_category, tic, tic_clinical_category, tob, tob_clinical_category, tol, tol_clinical_category) VALUES ('615', '615', '≤2', 'S', '≤2', 'S', '≤0.12', 'S', '1', 'S', '1', 'S', '2', 'S', '2', 'S', '≤0.5', 'S', '≤4', 'S', '2', 'S', '≤8', 'S', '≤0.25', 'S', '1', 'S') ON DUPLICATE KEY UPDATE ami = '≤2', ami_clinical_category = 'S', azt = '≤2', azt_clinical_category = 'S', cip = '≤0.12', cip_clinical_category = 'S', col = '1', col_clinical_category = 'S', cza = '1', cza_clinical_category = 'S', fep = '2', fep_clinical_category = 'S', imi = '2', imi_clinical_category = 'S', mer = '≤0.5', mer_clinical_category = 'S', pip = '≤4', pip_clinical_category = 'S', taz = '2', taz_clinical_category = 'S', tic = '≤8', tic_clinical_category = 'S', tob = '≤0.25', tob_clinical_category = 'S', tol = '1', tol_clinical_category = 'S'; 
INSERT INTO phenotypic_data(phenotypic_data_id, isolate_id, ecdc_resistance_profile) VALUES ('487', '615', 'S') ON DUPLICATE KEY UPDATE ecdc_resistance_profile = 'S'; 
INSERT INTO sequence_analysis(sequence_analysis_id, isolate_id, ame_loci, beta_lactamase_loci, clonal_complex, mutational_resistome) VALUES ('615', '615', '-', '-', '3222', '{"PA0004": "WT", "PA0424": "WT", "PA0425": "WT", "PA0426": "nt1345\u22068", "PA0427": "WT", "PA0807": "A219T", "PA0958": "WT", "PA1798": "H398R", "PA1799": "WT", "PA2020": "WT", "PA2023": "WT", "PA2491": "R108C, D249N", "PA2492": "M7V, P60S, F172I, nt234\u22068", "PA2493": "WT", "PA2494": "WT", "PA2495": "S13P, T37A", "PA3047": "WT", "PA3168": "WT", "PA3574": "WT", "PA3721": "G71E, A186T", "PA3999": "WT", "PA4003": "WT", "PA4020": "M297V", "PA4109": "WT", "PA4110": "T105A, S173R", "PA4266": "WT", "PA4418": "WT", "PA4522": "Q44H, P126Q, G148A, D183Y", "PA4597": "M69V", "PA4598": "Q149H, E257Q, S845A", "PA4599": "H310R, S330A, P383S", "PA4600": "WT", "PA4776": "L71R", "PA4777": "Y345H", "PA4964": "D754N", "PA4967": "H50Y, I57V", "PA5471": "L88P, D161G, H182Q, V243A", "PA5485": "WT"}') ON DUPLICATE KEY UPDATE ame_loci = '-', beta_lactamase_loci = '-', clonal_complex = '3222', mutational_resistome = '{"PA0004": "WT", "PA0424": "WT", "PA0425": "WT", "PA0426": "nt1345\u22068", "PA0427": "WT", "PA0807": "A219T", "PA0958": "WT", "PA1798": "H398R", "PA1799": "WT", "PA2020": "WT", "PA2023": "WT", "PA2491": "R108C, D249N", "PA2492": "M7V, P60S, F172I, nt234\u22068", "PA2493": "WT", "PA2494": "WT", "PA2495": "S13P, T37A", "PA3047": "WT", "PA3168": "WT", "PA3574": "WT", "PA3721": "G71E, A186T", "PA3999": "WT", "PA4003": "WT", "PA4020": "M297V", "PA4109": "WT", "PA4110": "T105A, S173R", "PA4266": "WT", "PA4418": "WT", "PA4522": "Q44H, P126Q, G148A, D183Y", "PA4597": "M69V", "PA4598": "Q149H, E257Q, S845A", "PA4599": "H310R, S330A, P383S", "PA4600": "WT", "PA4776": "L71R", "PA4777": "Y345H", "PA4964": "D754N", "PA4967": "H50Y, I57V", "PA5471": "L88P, D161G, H182Q, V243A", "PA5485": "WT"}'; 
INSERT INTO metadata_general(isolate_id, isolate_name, isolate_source, project_name, species) VALUES ('631', 'CAT02-025', 'WILD-TYPE', 'GEMARA', 'Pseudomonas aeruginosa') ON DUPLICATE KEY UPDATE isolate_name = 'CAT02-025', isolate_source = 'WILD-TYPE', project_name = 'GEMARA', species = 'Pseudomonas aeruginosa'; 
INSERT INTO mic(mic_id, isolate_id, ami, ami_clinical_category, azt, azt_clinical_category, cip, cip_clinical_category, col, col_clinical_category, cza, cza_clinical_category, fep, fep_clinical_category, imi, imi_clinical_category, mer, mer_clinical_category, pip, pip_clinical_category, taz, taz_clinical_category, tic, tic_clinical_category, tob, tob_clinical_category, tol, tol_clinical_category) VALUES ('631', '631', '≤2', 'S', '4', 'S', '≤0.12', 'S', '1', 'S', '2', 'S', '2', 'S', '2', 'S', '≤0.5', 'S', '≤4', 'S', '2', 'S', '32', 'R', '≤0.25', 'S', '≤0.5', 'S') ON DUPLICATE KEY UPDATE ami = '≤2', ami_clinical_category = 'S', azt = '4', azt_clinical_category = 'S', cip = '≤0.12', cip_clinical_category = 'S', col = '1', col_clinical_category = 'S', cza = '2', cza_clinical_category = 'S', fep = '2', fep_clinical_category = 'S', imi = '2', imi_clinical_category = 'S', mer = '≤0.5', mer_clinical_category = 'S', pip = '≤4', pip_clinical_category = 'S', taz = '2', taz_clinical_category = 'S', tic = '32', tic_clinical_category = 'R', tob = '≤0.25', tob_clinical_category = 'S', tol = '≤0.5', tol_clinical_category = 'S'; 
INSERT INTO phenotypic_data(phenotypic_data_id, isolate_id, ecdc_resistance_profile) VALUES ('503', '631', 'S') ON DUPLICATE KEY UPDATE ecdc_resistance_profile = 'S'; 
INSERT INTO sequence_analysis(sequence_analysis_id, isolate_id, ame_loci, beta_lactamase_loci, clonal_complex, mutational_resistome) VALUES ('631', '631', '-', '-', '898', '{"PA0004": "WT", "PA0424": "WT", "PA0425": "WT", "PA0426": "WT", "PA0427": "WT", "PA0807": "WT", "PA0958": "WT", "PA1798": "H398R", "PA1799": "L153R, S170N", "PA2020": "WT", "PA2023": "WT", "PA2491": "D249N", "PA2492": "P60S, F172I, nt234\u22068", "PA2493": "WT", "PA2494": "WT", "PA2495": "WT", "PA3047": "WT", "PA3168": "T847A", "PA3574": "WT", "PA3721": "G71E, S209R, P210L", "PA3999": "WT", "PA4003": "WT", "PA4020": "WT", "PA4109": "WT", "PA4110": "T105A", "PA4266": "WT", "PA4418": "WT", "PA4522": "G148A", "PA4597": "D68G, M69V, A372V", "PA4598": "E257Q, S845A", "PA4599": "WT", "PA4600": "WT", "PA4776": "L71R", "PA4777": "Y345H", "PA4964": "V419L, V646L", "PA4967": "WT", "PA5471": "L88P, D161G, H182Q, V243A", "PA5485": "WT"}') ON DUPLICATE KEY UPDATE ame_loci = '-', beta_lactamase_loci = '-', clonal_complex = '898', mutational_resistome = '{"PA0004": "WT", "PA0424": "WT", "PA0425": "WT", "PA0426": "WT", "PA0427": "WT", "PA0807": "WT", "PA0958": "WT", "PA1798": "H398R", "PA1799": "L153R, S170N", "PA2020": "WT", "PA2023": "WT", "PA2491": "D249N", "PA2492": "P60S, F172I, nt234\u22068", "PA2493": "WT", "PA2494": "WT", "PA2495": "WT", "PA3047": "WT", "PA3168": "T847A", "PA3574": "WT", "PA3721": "G71E, S209R, P210L", "PA3999": "WT", "PA4003": "WT", "PA4020": "WT", "PA4109": "WT", "PA4110": "T105A", "PA4266": "WT", "PA4418": "WT", "PA4522": "G148A", "PA4597": "D68G, M69V, A372V", "PA4598": "E257Q, S845A", "PA4599": "WT", "PA4600": "WT", "PA4776": "L71R", "PA4777": "Y345H", "PA4964": "V419L, V646L", "PA4967": "WT", "PA5471": "L88P, D161G, H182Q, V243A", "PA5485": "WT"}'; 
INSERT INTO metadata_general(isolate_id, isolate_name, isolate_source, project_name, species) VALUES ('651', 'CAT03-010', 'WILD-TYPE', 'GEMARA', 'Pseudomonas aeruginosa') ON DUPLICATE KEY UPDATE isolate_name = 'CAT03-010', isolate_source = 'WILD-TYPE', project_name = 'GEMARA', species = 'Pseudomonas aeruginosa'; 
INSERT INTO mic(mic_id, isolate_id, ami, ami_clinical_category, azt, azt_clinical_category, cip, cip_clinical_category, col, col_clinical_category, cza, cza_clinical_category, fep, fep_clinical_category, imi, imi_clinical_category, mer, mer_clinical_category, pip, pip_clinical_category, taz, taz_clinical_category, tic, tic_clinical_category, tob, tob_clinical_category, tol, tol_clinical_category) VALUES ('651', '651', '≤2', 'S', '≤2', 'S', '0.25', 'S', '1', 'S', '1', 'S', '2', 'S', '2', 'S', '1', 'S', '≤4', 'S', '4', 'S', '16', 'S', '0.5', 'S', '≤0.5', 'S') ON DUPLICATE KEY UPDATE ami = '≤2', ami_clinical_category = 'S', azt = '≤2', azt_clinical_category = 'S', cip = '0.25', cip_clinical_category = 'S', col = '1', col_clinical_category = 'S', cza = '1', cza_clinical_category = 'S', fep = '2', fep_clinical_category = 'S', imi = '2', imi_clinical_category = 'S', mer = '1', mer_clinical_category = 'S', pip = '≤4', pip_clinical_category = 'S', taz = '4', taz_clinical_category = 'S', tic = '16', tic_clinical_category = 'S', tob = '0.5', tob_clinical_category = 'S', tol = '≤0.5', tol_clinical_category = 'S'; 
INSERT INTO phenotypic_data(phenotypic_data_id, isolate_id, ecdc_resistance_profile) VALUES ('528', '651', 'S') ON DUPLICATE KEY UPDATE ecdc_resistance_profile = 'S'; 
INSERT INTO sequence_analysis(sequence_analysis_id, isolate_id, ame_loci, beta_lactamase_loci, clonal_complex, mutational_resistome) VALUES ('651', '651', '-', '-', '699', '{"PA0004": "WT", "PA0424": "WT", "PA0425": "WT", "PA0426": "WT", "PA0427": "WT", "PA0807": "WT", "PA0958": "WT", "PA1798": "H398R", "PA1799": "WT", "PA2020": "WT", "PA2023": "WT", "PA2491": "D249N", "PA2492": "F172I, nt234\u22068", "PA2493": "WT", "PA2494": "WT", "PA2495": "WT", "PA3047": "WT", "PA3168": "WT", "PA3574": "WT", "PA3721": "WT", "PA3999": "WT", "PA4003": "WT", "PA4020": "WT", "PA4109": "WT", "PA4110": "WT", "PA4266": "WT", "PA4418": "WT", "PA4522": "WT", "PA4597": "WT", "PA4598": "WT", "PA4599": "WT", "PA4600": "WT", "PA4776": "WT", "PA4777": "WT", "PA4964": "WT", "PA4967": "WT", "PA5471": "WT", "PA5485": "WT"}') ON DUPLICATE KEY UPDATE ame_loci = '-', beta_lactamase_loci = '-', clonal_complex = '699', mutational_resistome = '{"PA0004": "WT", "PA0424": "WT", "PA0425": "WT", "PA0426": "WT", "PA0427": "WT", "PA0807": "WT", "PA0958": "WT", "PA1798": "H398R", "PA1799": "WT", "PA2020": "WT", "PA2023": "WT", "PA2491": "D249N", "PA2492": "F172I, nt234\u22068", "PA2493": "WT", "PA2494": "WT", "PA2495": "WT", "PA3047": "WT", "PA3168": "WT", "PA3574": "WT", "PA3721": "WT", "PA3999": "WT", "PA4003": "WT", "PA4020": "WT", "PA4109": "WT", "PA4110": "WT", "PA4266": "WT", "PA4418": "WT", "PA4522": "WT", "PA4597": "WT", "PA4598": "WT", "PA4599": "WT", "PA4600": "WT", "PA4776": "WT", "PA4777": "WT", "PA4964": "WT", "PA4967": "WT", "PA5471": "WT", "PA5485": "WT"}'; 
INSERT INTO metadata_general(isolate_id, isolate_name, isolate_source, project_name, species) VALUES ('656', 'CAT03-021', 'WILD-TYPE', 'GEMARA', 'Pseudomonas aeruginosa') ON DUPLICATE KEY UPDATE isolate_name = 'CAT03-021', isolate_source = 'WILD-TYPE', project_name = 'GEMARA', species = 'Pseudomonas aeruginosa'; 
INSERT INTO mic(mic_id, isolate_id, ami, ami_clinical_category, azt, azt_clinical_category, cip, cip_clinical_category, col, col_clinical_category, cza, cza_clinical_category, fep, fep_clinical_category, imi, imi_clinical_category, mer, mer_clinical_category, pip, pip_clinical_category, taz, taz_clinical_category, tic, tic_clinical_category, tob, tob_clinical_category, tol, tol_clinical_category) VALUES ('656', '656', '≤2', 'S', '4', 'S', '≤0.12', 'S', '1', 'S', '2', 'S', '2', 'S', '1', 'S', '≤0.5', 'S', '≤4', 'S', '2', 'S', '32', 'R', '≤0.25', 'S', '1', 'S') ON DUPLICATE KEY UPDATE ami = '≤2', ami_clinical_category = 'S', azt = '4', azt_clinical_category = 'S', cip = '≤0.12', cip_clinical_category = 'S', col = '1', col_clinical_category = 'S', cza = '2', cza_clinical_category = 'S', fep = '2', fep_clinical_category = 'S', imi = '1', imi_clinical_category = 'S', mer = '≤0.5', mer_clinical_category = 'S', pip = '≤4', pip_clinical_category = 'S', taz = '2', taz_clinical_category = 'S', tic = '32', tic_clinical_category = 'R', tob = '≤0.25', tob_clinical_category = 'S', tol = '1', tol_clinical_category = 'S'; 
INSERT INTO phenotypic_data(phenotypic_data_id, isolate_id, ecdc_resistance_profile) VALUES ('533', '656', 'S') ON DUPLICATE KEY UPDATE ecdc_resistance_profile = 'S'; 
INSERT INTO sequence_analysis(sequence_analysis_id, isolate_id, ame_loci, beta_lactamase_loci, clonal_complex, mutational_resistome) VALUES ('656', '656', '-', '-', '395', '{"PA0004": "WT", "PA0424": "WT", "PA0425": "WT", "PA0426": "WT", "PA0427": "WT", "PA0807": "R66C", "PA0958": "WT", "PA1798": "H398R, nt1086\u22061", "PA1799": "WT", "PA2020": "WT", "PA2023": "WT", "PA2491": "D249N", "PA2492": "F172I, nt234\u22068", "PA2493": "WT", "PA2494": "WT", "PA2495": "WT", "PA3047": "WT", "PA3168": "WT", "PA3574": "WT", "PA3721": "G71E", "PA3999": "WT", "PA4003": "WT", "PA4020": "M297V, V358I", "PA4109": "WT", "PA4110": "T105A, L176R", "PA4266": "WT", "PA4418": "WT", "PA4522": "A134V", "PA4597": "M69V, Q267R", "PA4598": "E257Q, S845A", "PA4599": "S330A", "PA4600": "WT", "PA4776": "L71R", "PA4777": "Y345H", "PA4964": "WT", "PA4967": "V200M", "PA5471": "L88P, D161G, H182Q, V243A", "PA5485": "WT"}') ON DUPLICATE KEY UPDATE ame_loci = '-', beta_lactamase_loci = '-', clonal_complex = '395', mutational_resistome = '{"PA0004": "WT", "PA0424": "WT", "PA0425": "WT", "PA0426": "WT", "PA0427": "WT", "PA0807": "R66C", "PA0958": "WT", "PA1798": "H398R, nt1086\u22061", "PA1799": "WT", "PA2020": "WT", "PA2023": "WT", "PA2491": "D249N", "PA2492": "F172I, nt234\u22068", "PA2493": "WT", "PA2494": "WT", "PA2495": "WT", "PA3047": "WT", "PA3168": "WT", "PA3574": "WT", "PA3721": "G71E", "PA3999": "WT", "PA4003": "WT", "PA4020": "M297V, V358I", "PA4109": "WT", "PA4110": "T105A, L176R", "PA4266": "WT", "PA4418": "WT", "PA4522": "A134V", "PA4597": "M69V, Q267R", "PA4598": "E257Q, S845A", "PA4599": "S330A", "PA4600": "WT", "PA4776": "L71R", "PA4777": "Y345H", "PA4964": "WT", "PA4967": "V200M", "PA5471": "L88P, D161G, H182Q, V243A", "PA5485": "WT"}'; 
INSERT INTO metadata_general(isolate_id, isolate_name, isolate_source, project_name, species) VALUES ('668', 'CAT04-014', 'WILD-TYPE', 'GEMARA', 'Pseudomonas aeruginosa') ON DUPLICATE KEY UPDATE isolate_name = 'CAT04-014', isolate_source = 'WILD-TYPE', project_name = 'GEMARA', species = 'Pseudomonas aeruginosa'; 
INSERT INTO mic(mic_id, isolate_id, ami, ami_clinical_category, azt, azt_clinical_category, cip, cip_clinical_category, col, col_clinical_category, cza, cza_clinical_category, fep, fep_clinical_category, imi, imi_clinical_category, mer, mer_clinical_category, pip, pip_clinical_category, taz, taz_clinical_category, tic, tic_clinical_category, tob, tob_clinical_category, tol, tol_clinical_category) VALUES ('668', '668', '4', 'S', '≤2', 'S', '≤0.12', 'S', '1', 'S', '1', 'S', '2', 'S', '≤0.5', 'S', '≤0.5', 'S', '≤4', 'S', '≤1', 'S', '≤8', 'S', '0.5', 'S', '≤0.5', 'S') ON DUPLICATE KEY UPDATE ami = '4', ami_clinical_category = 'S', azt = '≤2', azt_clinical_category = 'S', cip = '≤0.12', cip_clinical_category = 'S', col = '1', col_clinical_category = 'S', cza = '1', cza_clinical_category = 'S', fep = '2', fep_clinical_category = 'S', imi = '≤0.5', imi_clinical_category = 'S', mer = '≤0.5', mer_clinical_category = 'S', pip = '≤4', pip_clinical_category = 'S', taz = '≤1', taz_clinical_category = 'S', tic = '≤8', tic_clinical_category = 'S', tob = '0.5', tob_clinical_category = 'S', tol = '≤0.5', tol_clinical_category = 'S'; 
INSERT INTO phenotypic_data(phenotypic_data_id, isolate_id, ecdc_resistance_profile) VALUES ('546', '668', 'S') ON DUPLICATE KEY UPDATE ecdc_resistance_profile = 'S'; 
INSERT INTO sequence_analysis(sequence_analysis_id, isolate_id, ame_loci, beta_lactamase_loci, clonal_complex, mutational_resistome) VALUES ('668', '668', '-', '-', '2865', '{"PA0004": "WT", "PA0424": "V126E", "PA0425": "WT", "PA0426": "WT", "PA0427": "WT", "PA0807": "WT", "PA0958": "WT", "PA1798": "H398R", "PA1799": "L153R, S170N", "PA2020": "WT", "PA2023": "WT", "PA2491": "D249N", "PA2492": "F172I, nt234\u22068", "PA2493": "S8F", "PA2494": "WT", "PA2495": "A38T", "PA3047": "WT", "PA3168": "WT", "PA3574": "WT", "PA3721": "G71E, D79E, S209R, G213D", "PA3999": "WT", "PA4003": "WT", "PA4020": "WT", "PA4109": "E114A, S179T, G283E, M288R", "PA4110": "G27D, T105A, Q155R, V205L, G391A", "PA4266": "WT", "PA4418": "WT", "PA4522": "WT", "PA4597": "Q267R", "PA4598": "E257Q, S845A, I982V", "PA4599": "H310R, S330A, E347K, P383S", "PA4600": "WT", "PA4776": "L71R", "PA4777": "A4T, V15I, G68S, Y345H", "PA4964": "WT", "PA4967": "D533E", "PA5471": "C40R, L88P, S112N, D119E, I237V, V243A", "PA5485": "WT"}') ON DUPLICATE KEY UPDATE ame_loci = '-', beta_lactamase_loci = '-', clonal_complex = '2865', mutational_resistome = '{"PA0004": "WT", "PA0424": "V126E", "PA0425": "WT", "PA0426": "WT", "PA0427": "WT", "PA0807": "WT", "PA0958": "WT", "PA1798": "H398R", "PA1799": "L153R, S170N", "PA2020": "WT", "PA2023": "WT", "PA2491": "D249N", "PA2492": "F172I, nt234\u22068", "PA2493": "S8F", "PA2494": "WT", "PA2495": "A38T", "PA3047": "WT", "PA3168": "WT", "PA3574": "WT", "PA3721": "G71E, D79E, S209R, G213D", "PA3999": "WT", "PA4003": "WT", "PA4020": "WT", "PA4109": "E114A, S179T, G283E, M288R", "PA4110": "G27D, T105A, Q155R, V205L, G391A", "PA4266": "WT", "PA4418": "WT", "PA4522": "WT", "PA4597": "Q267R", "PA4598": "E257Q, S845A, I982V", "PA4599": "H310R, S330A, E347K, P383S", "PA4600": "WT", "PA4776": "L71R", "PA4777": "A4T, V15I, G68S, Y345H", "PA4964": "WT", "PA4967": "D533E", "PA5471": "C40R, L88P, S112N, D119E, I237V, V243A", "PA5485": "WT"}'; 
INSERT INTO metadata_general(isolate_id, isolate_name, isolate_source, project_name, species) VALUES ('686', 'CAT04-017', 'WILD-TYPE', 'GEMARA', 'Pseudomonas aeruginosa') ON DUPLICATE KEY UPDATE isolate_name = 'CAT04-017', isolate_source = 'WILD-TYPE', project_name = 'GEMARA', species = 'Pseudomonas aeruginosa'; 
INSERT INTO mic(mic_id, isolate_id, ami, ami_clinical_category, azt, azt_clinical_category, cip, cip_clinical_category, col, col_clinical_category, cza, cza_clinical_category, fep, fep_clinical_category, imi, imi_clinical_category, mer, mer_clinical_category, pip, pip_clinical_category, taz, taz_clinical_category, tic, tic_clinical_category, tob, tob_clinical_category, tol, tol_clinical_category) VALUES ('686', '686', '4', 'S', '4', 'S', '≤0.12', 'S', '2', 'S', '2', 'S', '2', 'S', '1', 'S', '≤0.5', 'S', '≤4', 'S', '2', 'S', '32', 'R', '0.5', 'S', '≤0.5', 'S') ON DUPLICATE KEY UPDATE ami = '4', ami_clinical_category = 'S', azt = '4', azt_clinical_category = 'S', cip = '≤0.12', cip_clinical_category = 'S', col = '2', col_clinical_category = 'S', cza = '2', cza_clinical_category = 'S', fep = '2', fep_clinical_category = 'S', imi = '1', imi_clinical_category = 'S', mer = '≤0.5', mer_clinical_category = 'S', pip = '≤4', pip_clinical_category = 'S', taz = '2', taz_clinical_category = 'S', tic = '32', tic_clinical_category = 'R', tob = '0.5', tob_clinical_category = 'S', tol = '≤0.5', tol_clinical_category = 'S'; 
INSERT INTO phenotypic_data(phenotypic_data_id, isolate_id, ecdc_resistance_profile) VALUES ('564', '686', 'S') ON DUPLICATE KEY UPDATE ecdc_resistance_profile = 'S'; 
INSERT INTO sequence_analysis(sequence_analysis_id, isolate_id, ame_loci, beta_lactamase_loci, clonal_complex, mutational_resistome) VALUES ('686', '686', '-', '-', '555', '{"PA0004": "WT", "PA0424": "WT", "PA0425": "WT", "PA0426": "WT", "PA0427": "WT", "PA0807": "A219T", "PA0958": "WT", "PA1798": "H398R", "PA1799": "WT", "PA2020": "WT", "PA2023": "WT", "PA2491": "D249N", "PA2492": "F172I, nt234\u22068", "PA2493": "WT", "PA2494": "WT", "PA2495": "WT", "PA3047": "WT", "PA3168": "D652Y", "PA3574": "WT", "PA3721": "G71E, S209R", "PA3999": "WT", "PA4003": "WT", "PA4020": "M297V", "PA4109": "WT", "PA4110": "T105A", "PA4266": "WT", "PA4418": "WT", "PA4522": "D183Y", "PA4597": "M69V", "PA4598": "E257Q, S845A", "PA4599": "S330A", "PA4600": "WT", "PA4776": "L71R", "PA4777": "Y345H", "PA4964": "WT", "PA4967": "WT", "PA5471": "L88P, D161G, H182Q, V243A", "PA5485": "WT"}') ON DUPLICATE KEY UPDATE ame_loci = '-', beta_lactamase_loci = '-', clonal_complex = '555', mutational_resistome = '{"PA0004": "WT", "PA0424": "WT", "PA0425": "WT", "PA0426": "WT", "PA0427": "WT", "PA0807": "A219T", "PA0958": "WT", "PA1798": "H398R", "PA1799": "WT", "PA2020": "WT", "PA2023": "WT", "PA2491": "D249N", "PA2492": "F172I, nt234\u22068", "PA2493": "WT", "PA2494": "WT", "PA2495": "WT", "PA3047": "WT", "PA3168": "D652Y", "PA3574": "WT", "PA3721": "G71E, S209R", "PA3999": "WT", "PA4003": "WT", "PA4020": "M297V", "PA4109": "WT", "PA4110": "T105A", "PA4266": "WT", "PA4418": "WT", "PA4522": "D183Y", "PA4597": "M69V", "PA4598": "E257Q, S845A", "PA4599": "S330A", "PA4600": "WT", "PA4776": "L71R", "PA4777": "Y345H", "PA4964": "WT", "PA4967": "WT", "PA5471": "L88P, D161G, H182Q, V243A", "PA5485": "WT"}'; 
INSERT INTO metadata_general(isolate_id, isolate_name, isolate_source, project_name, species) VALUES ('700', 'CAT05-011', 'WILD-TYPE', 'GEMARA', 'Pseudomonas aeruginosa') ON DUPLICATE KEY UPDATE isolate_name = 'CAT05-011', isolate_source = 'WILD-TYPE', project_name = 'GEMARA', species = 'Pseudomonas aeruginosa'; 
INSERT INTO mic(mic_id, isolate_id, ami, ami_clinical_category, azt, azt_clinical_category, cip, cip_clinical_category, col, col_clinical_category, cza, cza_clinical_category, fep, fep_clinical_category, imi, imi_clinical_category, mer, mer_clinical_category, pip, pip_clinical_category, taz, taz_clinical_category, tic, tic_clinical_category, tob, tob_clinical_category, tol, tol_clinical_category) VALUES ('700', '700', '≤2', 'S', '≤2', 'S', '≤0.12', 'S', '1', 'S', '1', 'S', '≤1', 'S', '≤0.5', 'S', '≤0.5', 'S', '≤4', 'S', '2', 'S', '16', 'S', '≤0.25', 'S', '≤0.5', 'S') ON DUPLICATE KEY UPDATE ami = '≤2', ami_clinical_category = 'S', azt = '≤2', azt_clinical_category = 'S', cip = '≤0.12', cip_clinical_category = 'S', col = '1', col_clinical_category = 'S', cza = '1', cza_clinical_category = 'S', fep = '≤1', fep_clinical_category = 'S', imi = '≤0.5', imi_clinical_category = 'S', mer = '≤0.5', mer_clinical_category = 'S', pip = '≤4', pip_clinical_category = 'S', taz = '2', taz_clinical_category = 'S', tic = '16', tic_clinical_category = 'S', tob = '≤0.25', tob_clinical_category = 'S', tol = '≤0.5', tol_clinical_category = 'S'; 
INSERT INTO phenotypic_data(phenotypic_data_id, isolate_id, ecdc_resistance_profile) VALUES ('581', '700', 'S') ON DUPLICATE KEY UPDATE ecdc_resistance_profile = 'S'; 
INSERT INTO sequence_analysis(sequence_analysis_id, isolate_id, ame_loci, beta_lactamase_loci, clonal_complex, mutational_resistome) VALUES ('700', '700', '-', '-', '381', '{"PA0004": "WT", "PA0424": "WT", "PA0425": "D373E", "PA0426": "WT", "PA0427": "V72L", "PA0807": "WT", "PA0958": "WT", "PA1798": "H398R", "PA1799": "WT", "PA2020": "WT", "PA2023": "WT", "PA2491": "D249N", "PA2492": "F172I, nt234\u22068", "PA2493": "WT", "PA2494": "WT", "PA2495": "WT", "PA3047": "A394P", "PA3168": "WT", "PA3574": "WT", "PA3721": "G71E, A186T", "PA3999": "WT", "PA4003": "WT", "PA4020": "M297V", "PA4109": "G283E, M288R", "PA4110": "T105A, G229S", "PA4266": "WT", "PA4418": "G8S", "PA4522": "G148A, D183Y", "PA4597": "M69V", "PA4598": "E257Q", "PA4599": "WT", "PA4600": "WT", "PA4776": "L71R", "PA4777": "Y345H, G441D", "PA4964": "E225D, H262Q", "PA4967": "WT", "PA5471": "L88P, D161G, H182Q, V243A", "PA5485": "WT"}') ON DUPLICATE KEY UPDATE ame_loci = '-', beta_lactamase_loci = '-', clonal_complex = '381', mutational_resistome = '{"PA0004": "WT", "PA0424": "WT", "PA0425": "D373E", "PA0426": "WT", "PA0427": "V72L", "PA0807": "WT", "PA0958": "WT", "PA1798": "H398R", "PA1799": "WT", "PA2020": "WT", "PA2023": "WT", "PA2491": "D249N", "PA2492": "F172I, nt234\u22068", "PA2493": "WT", "PA2494": "WT", "PA2495": "WT", "PA3047": "A394P", "PA3168": "WT", "PA3574": "WT", "PA3721": "G71E, A186T", "PA3999": "WT", "PA4003": "WT", "PA4020": "M297V", "PA4109": "G283E, M288R", "PA4110": "T105A, G229S", "PA4266": "WT", "PA4418": "G8S", "PA4522": "G148A, D183Y", "PA4597": "M69V", "PA4598": "E257Q", "PA4599": "WT", "PA4600": "WT", "PA4776": "L71R", "PA4777": "Y345H, G441D", "PA4964": "E225D, H262Q", "PA4967": "WT", "PA5471": "L88P, D161G, H182Q, V243A", "PA5485": "WT"}'; 
INSERT INTO metadata_general(isolate_id, isolate_name, isolate_source, project_name, species) VALUES ('709', 'CAT05-028', 'WILD-TYPE', 'GEMARA', 'Pseudomonas aeruginosa') ON DUPLICATE KEY UPDATE isolate_name = 'CAT05-028', isolate_source = 'WILD-TYPE', project_name = 'GEMARA', species = 'Pseudomonas aeruginosa'; 
INSERT INTO mic(mic_id, isolate_id, ami, ami_clinical_category, azt, azt_clinical_category, cip, cip_clinical_category, col, col_clinical_category, cza, cza_clinical_category, fep, fep_clinical_category, imi, imi_clinical_category, mer, mer_clinical_category, pip, pip_clinical_category, taz, taz_clinical_category, tic, tic_clinical_category, tob, tob_clinical_category, tol, tol_clinical_category) VALUES ('709', '709', '≤2', 'S', '4', 'S', '≤0.12', 'S', '2', 'S', '2', 'S', '2', 'S', '2', 'S', '≤0.5', 'S', '≤4', 'S', '2', 'S', '32', 'R', '0.5', 'S', '≤0.5', 'S') ON DUPLICATE KEY UPDATE ami = '≤2', ami_clinical_category = 'S', azt = '4', azt_clinical_category = 'S', cip = '≤0.12', cip_clinical_category = 'S', col = '2', col_clinical_category = 'S', cza = '2', cza_clinical_category = 'S', fep = '2', fep_clinical_category = 'S', imi = '2', imi_clinical_category = 'S', mer = '≤0.5', mer_clinical_category = 'S', pip = '≤4', pip_clinical_category = 'S', taz = '2', taz_clinical_category = 'S', tic = '32', tic_clinical_category = 'R', tob = '0.5', tob_clinical_category = 'S', tol = '≤0.5', tol_clinical_category = 'S'; 
INSERT INTO phenotypic_data(phenotypic_data_id, isolate_id, ecdc_resistance_profile) VALUES ('590', '709', 'S') ON DUPLICATE KEY UPDATE ecdc_resistance_profile = 'S'; 
INSERT INTO sequence_analysis(sequence_analysis_id, isolate_id, ame_loci, beta_lactamase_loci, clonal_complex, mutational_resistome) VALUES ('709', '709', '-', '-', '3369', '{"PA0004": "WT", "PA0424": "WT", "PA0425": "WT", "PA0426": "WT", "PA0427": "WT", "PA0807": "WT", "PA0958": "WT", "PA1798": "H398R", "PA1799": "WT", "PA2020": "WT", "PA2023": "WT", "PA2491": "G212D, D249N", "PA2492": "P60S, F172I, nt234\u22068", "PA2493": "S8F, D353E, D370E, Q372L", "PA2494": "D230A, G501S", "PA2495": "WT", "PA3047": "WT", "PA3168": "WT", "PA3574": "WT", "PA3721": "G71E, A145V, S209R", "PA3999": "WT", "PA4003": "WT", "PA4020": "M297V", "PA4109": "WT", "PA4110": "T105A", "PA4266": "I186V", "PA4418": "D515N", "PA4522": "WT", "PA4597": "WT", "PA4598": "S845A, K1031R", "PA4599": "S330A", "PA4600": "WT", "PA4776": "L71R", "PA4777": "Y345H, V451L", "PA4964": "WT", "PA4967": "D533E", "PA5471": "C40R, L88P, S112N, D119E, D159A, L196P, I237V, V243A, R322S", "PA5485": "WT"}') ON DUPLICATE KEY UPDATE ame_loci = '-', beta_lactamase_loci = '-', clonal_complex = '3369', mutational_resistome = '{"PA0004": "WT", "PA0424": "WT", "PA0425": "WT", "PA0426": "WT", "PA0427": "WT", "PA0807": "WT", "PA0958": "WT", "PA1798": "H398R", "PA1799": "WT", "PA2020": "WT", "PA2023": "WT", "PA2491": "G212D, D249N", "PA2492": "P60S, F172I, nt234\u22068", "PA2493": "S8F, D353E, D370E, Q372L", "PA2494": "D230A, G501S", "PA2495": "WT", "PA3047": "WT", "PA3168": "WT", "PA3574": "WT", "PA3721": "G71E, A145V, S209R", "PA3999": "WT", "PA4003": "WT", "PA4020": "M297V", "PA4109": "WT", "PA4110": "T105A", "PA4266": "I186V", "PA4418": "D515N", "PA4522": "WT", "PA4597": "WT", "PA4598": "S845A, K1031R", "PA4599": "S330A", "PA4600": "WT", "PA4776": "L71R", "PA4777": "Y345H, V451L", "PA4964": "WT", "PA4967": "D533E", "PA5471": "C40R, L88P, S112N, D119E, D159A, L196P, I237V, V243A, R322S", "PA5485": "WT"}'; 
INSERT INTO metadata_general(isolate_id, isolate_name, isolate_source, project_name, species) VALUES ('726', 'CAT06-010', 'WILD-TYPE', 'GEMARA', 'Pseudomonas aeruginosa') ON DUPLICATE KEY UPDATE isolate_name = 'CAT06-010', isolate_source = 'WILD-TYPE', project_name = 'GEMARA', species = 'Pseudomonas aeruginosa'; 
INSERT INTO mic(mic_id, isolate_id, ami, ami_clinical_category, azt, azt_clinical_category, cip, cip_clinical_category, col, col_clinical_category, cza, cza_clinical_category, fep, fep_clinical_category, imi, imi_clinical_category, mer, mer_clinical_category, pip, pip_clinical_category, taz, taz_clinical_category, tic, tic_clinical_category, tob, tob_clinical_category, tol, tol_clinical_category) VALUES ('726', '726', '≤2', 'S', '4', 'S', '≤0.12', 'S', '1', 'S', '1', 'S', '2', 'S', '1', 'S', '≤0.5', 'S', '≤4', 'S', '≤1', 'S', '32', 'R', '≤0.25', 'S', '≤0.5', 'S') ON DUPLICATE KEY UPDATE ami = '≤2', ami_clinical_category = 'S', azt = '4', azt_clinical_category = 'S', cip = '≤0.12', cip_clinical_category = 'S', col = '1', col_clinical_category = 'S', cza = '1', cza_clinical_category = 'S', fep = '2', fep_clinical_category = 'S', imi = '1', imi_clinical_category = 'S', mer = '≤0.5', mer_clinical_category = 'S', pip = '≤4', pip_clinical_category = 'S', taz = '≤1', taz_clinical_category = 'S', tic = '32', tic_clinical_category = 'R', tob = '≤0.25', tob_clinical_category = 'S', tol = '≤0.5', tol_clinical_category = 'S'; 
INSERT INTO phenotypic_data(phenotypic_data_id, isolate_id, ecdc_resistance_profile) VALUES ('612', '726', 'S') ON DUPLICATE KEY UPDATE ecdc_resistance_profile = 'S'; 
INSERT INTO sequence_analysis(sequence_analysis_id, isolate_id, ame_loci, beta_lactamase_loci, clonal_complex, mutational_resistome) VALUES ('726', '726', '-', '-', '17', '{"PA0004": "WT", "PA0424": "WT", "PA0425": "WT", "PA0426": "WT", "PA0427": "WT", "PA0807": "A219T", "PA0958": "WT", "PA1798": "H398R", "PA1799": "WT", "PA2020": "WT", "PA2023": "WT", "PA2491": "D249N", "PA2492": "P60S, F172I, nt234\u22068", "PA2493": "WT", "PA2494": "WT", "PA2495": "WT", "PA3047": "WT", "PA3168": "WT", "PA3574": "WT", "PA3721": "G71E, S209R", "PA3999": "V29I", "PA4003": "WT", "PA4020": "X452ext", "PA4109": "WT", "PA4110": "T105A, L176R", "PA4266": "WT", "PA4418": "WT", "PA4522": "A136V, G148A", "PA4597": "D68G, M69V", "PA4598": "E257Q, S845A", "PA4599": "WT", "PA4600": "WT", "PA4776": "WT", "PA4777": "Y345H", "PA4964": "WT", "PA4967": "D533E", "PA5471": "C40R, L88P, D161G, H182Q, V243A", "PA5485": "WT"}') ON DUPLICATE KEY UPDATE ame_loci = '-', beta_lactamase_loci = '-', clonal_complex = '17', mutational_resistome = '{"PA0004": "WT", "PA0424": "WT", "PA0425": "WT", "PA0426": "WT", "PA0427": "WT", "PA0807": "A219T", "PA0958": "WT", "PA1798": "H398R", "PA1799": "WT", "PA2020": "WT", "PA2023": "WT", "PA2491": "D249N", "PA2492": "P60S, F172I, nt234\u22068", "PA2493": "WT", "PA2494": "WT", "PA2495": "WT", "PA3047": "WT", "PA3168": "WT", "PA3574": "WT", "PA3721": "G71E, S209R", "PA3999": "V29I", "PA4003": "WT", "PA4020": "X452ext", "PA4109": "WT", "PA4110": "T105A, L176R", "PA4266": "WT", "PA4418": "WT", "PA4522": "A136V, G148A", "PA4597": "D68G, M69V", "PA4598": "E257Q, S845A", "PA4599": "WT", "PA4600": "WT", "PA4776": "WT", "PA4777": "Y345H", "PA4964": "WT", "PA4967": "D533E", "PA5471": "C40R, L88P, D161G, H182Q, V243A", "PA5485": "WT"}'; 
INSERT INTO metadata_general(isolate_id, isolate_name, isolate_source, project_name, species) VALUES ('727', 'CAT06-011', 'WILD-TYPE', 'GEMARA', 'Pseudomonas aeruginosa') ON DUPLICATE KEY UPDATE isolate_name = 'CAT06-011', isolate_source = 'WILD-TYPE', project_name = 'GEMARA', species = 'Pseudomonas aeruginosa'; 
INSERT INTO mic(mic_id, isolate_id, ami, ami_clinical_category, azt, azt_clinical_category, cip, cip_clinical_category, col, col_clinical_category, cza, cza_clinical_category, fep, fep_clinical_category, imi, imi_clinical_category, mer, mer_clinical_category, pip, pip_clinical_category, taz, taz_clinical_category, tic, tic_clinical_category, tob, tob_clinical_category, tol, tol_clinical_category) VALUES ('727', '727', '≤2', 'S', '≤2', 'S', '≤0.12', 'S', '2', 'S', '1', 'S', '2', 'S', '1', 'S', '1', 'S', '≤4', 'S', '2', 'S', '16', 'S', '≤0.25', 'S', '≤0.5', 'S') ON DUPLICATE KEY UPDATE ami = '≤2', ami_clinical_category = 'S', azt = '≤2', azt_clinical_category = 'S', cip = '≤0.12', cip_clinical_category = 'S', col = '2', col_clinical_category = 'S', cza = '1', cza_clinical_category = 'S', fep = '2', fep_clinical_category = 'S', imi = '1', imi_clinical_category = 'S', mer = '1', mer_clinical_category = 'S', pip = '≤4', pip_clinical_category = 'S', taz = '2', taz_clinical_category = 'S', tic = '16', tic_clinical_category = 'S', tob = '≤0.25', tob_clinical_category = 'S', tol = '≤0.5', tol_clinical_category = 'S'; 
INSERT INTO phenotypic_data(phenotypic_data_id, isolate_id, ecdc_resistance_profile) VALUES ('613', '727', 'S') ON DUPLICATE KEY UPDATE ecdc_resistance_profile = 'S'; 
INSERT INTO sequence_analysis(sequence_analysis_id, isolate_id, ame_loci, beta_lactamase_loci, clonal_complex, mutational_resistome) VALUES ('727', '727', '-', '-', '244', '{"PA0004": "WT", "PA0424": "WT", "PA0425": "WT", "PA0426": "WT", "PA0427": "WT", "PA0807": "A219T", "PA0958": "WT", "PA1798": "H398R", "PA1799": "WT", "PA2020": "WT", "PA2023": "WT", "PA2491": "A75V, D249N", "PA2492": "P60S, F172I, nt234\u22068", "PA2493": "WT", "PA2494": "WT", "PA2495": "WT", "PA3047": "WT", "PA3168": "WT", "PA3574": "WT", "PA3721": "WT", "PA3999": "WT", "PA4003": "WT", "PA4020": "M297V, A303V", "PA4109": "WT", "PA4110": "WT", "PA4266": "WT", "PA4418": "WT", "PA4522": "R11L, G148A, D183Y", "PA4597": "D68G, M69V", "PA4598": "S845A", "PA4599": "R76Q, H310R, S330A, P383S", "PA4600": "WT", "PA4776": "L71R", "PA4777": "WT", "PA4964": "WT", "PA4967": "WT", "PA5471": "L88P, G157D, D161G, H182Q, V243A", "PA5485": "WT"}') ON DUPLICATE KEY UPDATE ame_loci = '-', beta_lactamase_loci = '-', clonal_complex = '244', mutational_resistome = '{"PA0004": "WT", "PA0424": "WT", "PA0425": "WT", "PA0426": "WT", "PA0427": "WT", "PA0807": "A219T", "PA0958": "WT", "PA1798": "H398R", "PA1799": "WT", "PA2020": "WT", "PA2023": "WT", "PA2491": "A75V, D249N", "PA2492": "P60S, F172I, nt234\u22068", "PA2493": "WT", "PA2494": "WT", "PA2495": "WT", "PA3047": "WT", "PA3168": "WT", "PA3574": "WT", "PA3721": "WT", "PA3999": "WT", "PA4003": "WT", "PA4020": "M297V, A303V", "PA4109": "WT", "PA4110": "WT", "PA4266": "WT", "PA4418": "WT", "PA4522": "R11L, G148A, D183Y", "PA4597": "D68G, M69V", "PA4598": "S845A", "PA4599": "R76Q, H310R, S330A, P383S", "PA4600": "WT", "PA4776": "L71R", "PA4777": "WT", "PA4964": "WT", "PA4967": "WT", "PA5471": "L88P, G157D, D161G, H182Q, V243A", "PA5485": "WT"}'; 
INSERT INTO metadata_general(isolate_id, isolate_name, isolate_source, project_name, species) VALUES ('743', 'CAT07-004', 'WILD-TYPE', 'GEMARA', 'Pseudomonas aeruginosa') ON DUPLICATE KEY UPDATE isolate_name = 'CAT07-004', isolate_source = 'WILD-TYPE', project_name = 'GEMARA', species = 'Pseudomonas aeruginosa'; 
INSERT INTO mic(mic_id, isolate_id, ami, ami_clinical_category, azt, azt_clinical_category, cip, cip_clinical_category, col, col_clinical_category, cza, cza_clinical_category, fep, fep_clinical_category, imi, imi_clinical_category, mer, mer_clinical_category, pip, pip_clinical_category, taz, taz_clinical_category, tic, tic_clinical_category, tob, tob_clinical_category, tol, tol_clinical_category) VALUES ('743', '743', '≤2', 'S', '≤2', 'S', '≤0.12', 'S', '1', 'S', '≤0.5', 'S', '≤1', 'S', '1', 'S', '≤0.5', 'S', '≤4', 'S', '≤1', 'S', '≤8', 'S', '≤0.25', 'S', '≤0.5', 'S') ON DUPLICATE KEY UPDATE ami = '≤2', ami_clinical_category = 'S', azt = '≤2', azt_clinical_category = 'S', cip = '≤0.12', cip_clinical_category = 'S', col = '1', col_clinical_category = 'S', cza = '≤0.5', cza_clinical_category = 'S', fep = '≤1', fep_clinical_category = 'S', imi = '1', imi_clinical_category = 'S', mer = '≤0.5', mer_clinical_category = 'S', pip = '≤4', pip_clinical_category = 'S', taz = '≤1', taz_clinical_category = 'S', tic = '≤8', tic_clinical_category = 'S', tob = '≤0.25', tob_clinical_category = 'S', tol = '≤0.5', tol_clinical_category = 'S'; 
INSERT INTO phenotypic_data(phenotypic_data_id, isolate_id, ecdc_resistance_profile) VALUES ('635', '743', 'S') ON DUPLICATE KEY UPDATE ecdc_resistance_profile = 'S'; 
INSERT INTO sequence_analysis(sequence_analysis_id, isolate_id, ame_loci, beta_lactamase_loci, clonal_complex, mutational_resistome) VALUES ('743', '743', '-', '-', '27', '{"PA0004": "WT", "PA0424": "V132A", "PA0425": "WT", "PA0426": "WT", "PA0427": "nt426\u22061", "PA0807": "A219T", "PA0958": "WT", "PA1798": "H398R", "PA1799": "WT", "PA2020": "L128M", "PA2023": "WT", "PA2491": "D249N", "PA2492": "M7V, F172I, nt234\u22068", "PA2493": "WT", "PA2494": "A598E", "PA2495": "WT", "PA3047": "A394P", "PA3168": "WT", "PA3574": "WT", "PA3721": "G71E, S209R", "PA3999": "WT", "PA4003": "WT", "PA4020": "WT", "PA4109": "WT", "PA4110": "R79Q, T105A, P274L", "PA4266": "WT", "PA4418": "WT", "PA4522": "WT", "PA4597": "D68G, M69V", "PA4598": "I960L", "PA4599": "WT", "PA4600": "WT", "PA4776": "L71R", "PA4777": "Y345H", "PA4964": "WT", "PA4967": "WT", "PA5471": "WT", "PA5485": "WT"}') ON DUPLICATE KEY UPDATE ame_loci = '-', beta_lactamase_loci = '-', clonal_complex = '27', mutational_resistome = '{"PA0004": "WT", "PA0424": "V132A", "PA0425": "WT", "PA0426": "WT", "PA0427": "nt426\u22061", "PA0807": "A219T", "PA0958": "WT", "PA1798": "H398R", "PA1799": "WT", "PA2020": "L128M", "PA2023": "WT", "PA2491": "D249N", "PA2492": "M7V, F172I, nt234\u22068", "PA2493": "WT", "PA2494": "A598E", "PA2495": "WT", "PA3047": "A394P", "PA3168": "WT", "PA3574": "WT", "PA3721": "G71E, S209R", "PA3999": "WT", "PA4003": "WT", "PA4020": "WT", "PA4109": "WT", "PA4110": "R79Q, T105A, P274L", "PA4266": "WT", "PA4418": "WT", "PA4522": "WT", "PA4597": "D68G, M69V", "PA4598": "I960L", "PA4599": "WT", "PA4600": "WT", "PA4776": "L71R", "PA4777": "Y345H", "PA4964": "WT", "PA4967": "WT", "PA5471": "WT", "PA5485": "WT"}'; 
INSERT INTO metadata_general(isolate_id, isolate_name, isolate_source, project_name, species) VALUES ('1448', 'CAT07-011', 'WILD-TYPE', 'GEMARA', 'Pseudomonas aeruginosa') ON DUPLICATE KEY UPDATE isolate_name = 'CAT07-011', isolate_source = 'WILD-TYPE', project_name = 'GEMARA', species = 'Pseudomonas aeruginosa'; 
INSERT INTO mic(mic_id, isolate_id, ami, ami_clinical_category, azt, azt_clinical_category, cip, cip_clinical_category, col, col_clinical_category, cza, cza_clinical_category, fep, fep_clinical_category, imi, imi_clinical_category, mer, mer_clinical_category, pip, pip_clinical_category, taz, taz_clinical_category, tic, tic_clinical_category, tob, tob_clinical_category, tol, tol_clinical_category) VALUES ('1448', '1448', '≤2', 'S', '4', 'S', '≤0.12', 'S', '1', 'S', '2', 'S', '2', 'S', '1', 'S', '≤0.5', 'S', '≤4', 'S', '2', 'S', '32', 'R', '≤0.25', 'S', '≤0.5', 'S') ON DUPLICATE KEY UPDATE ami = '≤2', ami_clinical_category = 'S', azt = '4', azt_clinical_category = 'S', cip = '≤0.12', cip_clinical_category = 'S', col = '1', col_clinical_category = 'S', cza = '2', cza_clinical_category = 'S', fep = '2', fep_clinical_category = 'S', imi = '1', imi_clinical_category = 'S', mer = '≤0.5', mer_clinical_category = 'S', pip = '≤4', pip_clinical_category = 'S', taz = '2', taz_clinical_category = 'S', tic = '32', tic_clinical_category = 'R', tob = '≤0.25', tob_clinical_category = 'S', tol = '≤0.5', tol_clinical_category = 'S'; 
INSERT INTO phenotypic_data(phenotypic_data_id, isolate_id, ecdc_resistance_profile) VALUES ('1446', '1448', 'S') ON DUPLICATE KEY UPDATE ecdc_resistance_profile = 'S'; 
INSERT INTO sequence_analysis(sequence_analysis_id, isolate_id, ame_loci, beta_lactamase_loci, clonal_complex, mutational_resistome) VALUES ('1448', '1448', '-', '-', '3375', '{"PA0004": "WT", "PA0424": "A103G, V126E", "PA0425": "WT", "PA0426": "WT", "PA0427": "WT", "PA0807": "T40I", "PA0958": "WT", "PA1798": "H398R, Y407H", "PA1799": "A129T", "PA2020": "L138R, L196I", "PA2023": "WT", "PA2491": "K17T, A175V, E181D, D249N, S289T", "PA2492": "S19W, E26G, R45X, nt234\u22068", "PA2493": "S403T", "PA2494": "Q788R", "PA2495": "S13P, T275S", "PA3047": "A394P", "PA3168": "WT", "PA3574": "WT", "PA3721": "G71E, Q182K, L206V, S209R", "PA3999": "WT", "PA4003": "WT", "PA4020": "V124I, M297L, S306R, D351G", "PA4109": "E114A, H209Y, G283E", "PA4110": "R5G, T21A, P23S, A36T, T105A, Q117L, A170T, G194D, L200I, V205L, R273K, V356I, G391A", "PA4266": "WT", "PA4418": "WT", "PA4522": "A85G, G148A", "PA4597": "F6L, A30V, G120S, V146I, A163T, G184S, L250F, S264N, D351A", "PA4598": "V364L, V523A, I610V, S845A, A1039V", "PA4599": "R76Q, D226E, D298A, Q300R, H310R, S313G, S330A, A384V", "PA4600": "WT", "PA4776": "D61E, L71R", "PA4777": "A4T, Y345H, P369A, A462T", "PA4964": "S331T", "PA4967": "D533E", "PA5471": "C40R, L88P, H182Q, V243A, E307D, I346V", "PA5485": "WT"}') ON DUPLICATE KEY UPDATE ame_loci = '-', beta_lactamase_loci = '-', clonal_complex = '3375', mutational_resistome = '{"PA0004": "WT", "PA0424": "A103G, V126E", "PA0425": "WT", "PA0426": "WT", "PA0427": "WT", "PA0807": "T40I", "PA0958": "WT", "PA1798": "H398R, Y407H", "PA1799": "A129T", "PA2020": "L138R, L196I", "PA2023": "WT", "PA2491": "K17T, A175V, E181D, D249N, S289T", "PA2492": "S19W, E26G, R45X, nt234\u22068", "PA2493": "S403T", "PA2494": "Q788R", "PA2495": "S13P, T275S", "PA3047": "A394P", "PA3168": "WT", "PA3574": "WT", "PA3721": "G71E, Q182K, L206V, S209R", "PA3999": "WT", "PA4003": "WT", "PA4020": "V124I, M297L, S306R, D351G", "PA4109": "E114A, H209Y, G283E", "PA4110": "R5G, T21A, P23S, A36T, T105A, Q117L, A170T, G194D, L200I, V205L, R273K, V356I, G391A", "PA4266": "WT", "PA4418": "WT", "PA4522": "A85G, G148A", "PA4597": "F6L, A30V, G120S, V146I, A163T, G184S, L250F, S264N, D351A", "PA4598": "V364L, V523A, I610V, S845A, A1039V", "PA4599": "R76Q, D226E, D298A, Q300R, H310R, S313G, S330A, A384V", "PA4600": "WT", "PA4776": "D61E, L71R", "PA4777": "A4T, Y345H, P369A, A462T", "PA4964": "S331T", "PA4967": "D533E", "PA5471": "C40R, L88P, H182Q, V243A, E307D, I346V", "PA5485": "WT"}'; 
INSERT INTO metadata_general(isolate_id, isolate_name, isolate_source, project_name, species) VALUES ('781', 'CAT08-018', 'WILD-TYPE', 'GEMARA', 'Pseudomonas aeruginosa') ON DUPLICATE KEY UPDATE isolate_name = 'CAT08-018', isolate_source = 'WILD-TYPE', project_name = 'GEMARA', species = 'Pseudomonas aeruginosa'; 
INSERT INTO mic(mic_id, isolate_id, ami, ami_clinical_category, azt, azt_clinical_category, cip, cip_clinical_category, col, col_clinical_category, cza, cza_clinical_category, fep, fep_clinical_category, imi, imi_clinical_category, mer, mer_clinical_category, pip, pip_clinical_category, taz, taz_clinical_category, tic, tic_clinical_category, tob, tob_clinical_category, tol, tol_clinical_category) VALUES ('781', '781', '≤2', 'S', '4', 'S', '≤0.12', 'S', '2', 'S', '2', 'S', '2', 'S', '2', 'S', '≤0.5', 'S', '≤4', 'S', '2', 'S', '32', 'R', '≤0.25', 'S', '1', 'S') ON DUPLICATE KEY UPDATE ami = '≤2', ami_clinical_category = 'S', azt = '4', azt_clinical_category = 'S', cip = '≤0.12', cip_clinical_category = 'S', col = '2', col_clinical_category = 'S', cza = '2', cza_clinical_category = 'S', fep = '2', fep_clinical_category = 'S', imi = '2', imi_clinical_category = 'S', mer = '≤0.5', mer_clinical_category = 'S', pip = '≤4', pip_clinical_category = 'S', taz = '2', taz_clinical_category = 'S', tic = '32', tic_clinical_category = 'R', tob = '≤0.25', tob_clinical_category = 'S', tol = '1', tol_clinical_category = 'S'; 
INSERT INTO phenotypic_data(phenotypic_data_id, isolate_id, ecdc_resistance_profile) VALUES ('673', '781', 'S') ON DUPLICATE KEY UPDATE ecdc_resistance_profile = 'S'; 
INSERT INTO sequence_analysis(sequence_analysis_id, isolate_id, ame_loci, beta_lactamase_loci, clonal_complex, mutational_resistome) VALUES ('781', '781', '-', '-', '646', '{"PA0004": "WT", "PA0424": "V126E, V132A", "PA0425": "WT", "PA0426": "WT", "PA0427": "WT", "PA0807": "A219T", "PA0958": "WT", "PA1798": "H398R", "PA1799": "L153R, S170N", "PA2020": "WT", "PA2023": "WT", "PA2491": "D249N", "PA2492": "F172I, nt234\u22068", "PA2493": "S8F, S22G", "PA2494": "WT", "PA2495": "S13P, S77N", "PA3047": "WT", "PA3168": "WT", "PA3574": "WT", "PA3721": "G71E, S209R", "PA3999": "V50I", "PA4003": "WT", "PA4020": "M297V", "PA4109": "WT", "PA4110": "T105A, L176R", "PA4266": "WT", "PA4418": "WT", "PA4522": "G148A", "PA4597": "M69V", "PA4598": "E257Q, S845A", "PA4599": "WT", "PA4600": "WT", "PA4776": "L71R", "PA4777": "Y345H", "PA4964": "V419L, V646L", "PA4967": "WT", "PA5471": "L88P, D161G, H182Q, V243A", "PA5485": "WT"}') ON DUPLICATE KEY UPDATE ame_loci = '-', beta_lactamase_loci = '-', clonal_complex = '646', mutational_resistome = '{"PA0004": "WT", "PA0424": "V126E, V132A", "PA0425": "WT", "PA0426": "WT", "PA0427": "WT", "PA0807": "A219T", "PA0958": "WT", "PA1798": "H398R", "PA1799": "L153R, S170N", "PA2020": "WT", "PA2023": "WT", "PA2491": "D249N", "PA2492": "F172I, nt234\u22068", "PA2493": "S8F, S22G", "PA2494": "WT", "PA2495": "S13P, S77N", "PA3047": "WT", "PA3168": "WT", "PA3574": "WT", "PA3721": "G71E, S209R", "PA3999": "V50I", "PA4003": "WT", "PA4020": "M297V", "PA4109": "WT", "PA4110": "T105A, L176R", "PA4266": "WT", "PA4418": "WT", "PA4522": "G148A", "PA4597": "M69V", "PA4598": "E257Q, S845A", "PA4599": "WT", "PA4600": "WT", "PA4776": "L71R", "PA4777": "Y345H", "PA4964": "V419L, V646L", "PA4967": "WT", "PA5471": "L88P, D161G, H182Q, V243A", "PA5485": "WT"}'; 
INSERT INTO metadata_general(isolate_id, isolate_name, isolate_source, project_name, species) VALUES ('771', 'CAT08-032', 'WILD-TYPE', 'GEMARA', 'Pseudomonas aeruginosa') ON DUPLICATE KEY UPDATE isolate_name = 'CAT08-032', isolate_source = 'WILD-TYPE', project_name = 'GEMARA', species = 'Pseudomonas aeruginosa'; 
INSERT INTO mic(mic_id, isolate_id, ami, ami_clinical_category, azt, azt_clinical_category, cip, cip_clinical_category, col, col_clinical_category, cza, cza_clinical_category, fep, fep_clinical_category, imi, imi_clinical_category, mer, mer_clinical_category, pip, pip_clinical_category, taz, taz_clinical_category, tic, tic_clinical_category, tob, tob_clinical_category, tol, tol_clinical_category) VALUES ('771', '771', '≤2', 'S', '4', 'S', '≤0.12', 'S', '1', 'S', '2', 'S', '2', 'S', '1', 'S', '≤0.5', 'S', '≤4', 'S', '2', 'S', '≤8', 'S', '≤0.25', 'S', '≤0.5', 'S') ON DUPLICATE KEY UPDATE ami = '≤2', ami_clinical_category = 'S', azt = '4', azt_clinical_category = 'S', cip = '≤0.12', cip_clinical_category = 'S', col = '1', col_clinical_category = 'S', cza = '2', cza_clinical_category = 'S', fep = '2', fep_clinical_category = 'S', imi = '1', imi_clinical_category = 'S', mer = '≤0.5', mer_clinical_category = 'S', pip = '≤4', pip_clinical_category = 'S', taz = '2', taz_clinical_category = 'S', tic = '≤8', tic_clinical_category = 'S', tob = '≤0.25', tob_clinical_category = 'S', tol = '≤0.5', tol_clinical_category = 'S'; 
INSERT INTO phenotypic_data(phenotypic_data_id, isolate_id, ecdc_resistance_profile) VALUES ('663', '771', 'S') ON DUPLICATE KEY UPDATE ecdc_resistance_profile = 'S'; 
INSERT INTO sequence_analysis(sequence_analysis_id, isolate_id, ame_loci, beta_lactamase_loci, clonal_complex, mutational_resistome) VALUES ('771', '771', '-', '-', '3218', '{"PA0004": "WT", "PA0424": "A103G, V126E", "PA0425": "WT", "PA0426": "N248K", "PA0427": "WT", "PA0807": "Y207X", "PA0958": "V127L", "PA1798": "A115E, A293V, V304I, E343D, H398R, Y407H", "PA1799": "T135A: L153R", "PA2020": "L138R, N186S, L196I", "PA2023": "WT", "PA2491": "K17T, D249N", "PA2492": "E26G, P60S, F172I, nt234\u22068", "PA2493": "WT", "PA2494": "WT", "PA2495": "S13P, T34S", "PA3047": "A394P", "PA3168": "WT", "PA3574": "WT", "PA3721": "G71E, Q182K", "PA3999": "WT", "PA4003": "V29I", "PA4020": "M297L", "PA4109": "G231S, G283E", "PA4110": "R5G, T21A, P23S, T105A, Q117E, L133I, A170T, L200I, V205L, R273K, V356I, G391A", "PA4266": "S695T", "PA4418": "WT", "PA4522": "A85G, G148A, E170G", "PA4597": "A30V, G120S, V146I, A163T, S176G, G184S, L250F, S264N, D351A", "PA4598": "V523A, I610V, A748V, K863Q, A1039T", "PA4599": "R76Q, D226E, D298A, Q300R, H310R, S313G, S330A", "PA4600": "H109Y, I149L", "PA4776": "L71R", "PA4777": "A4T, Y345H, P369A, A462T", "PA4964": "S331T", "PA4967": "D533E", "PA5471": "C40R, L88P, H182Q, V243A, E307D, I346V", "PA5485": "WT"}') ON DUPLICATE KEY UPDATE ame_loci = '-', beta_lactamase_loci = '-', clonal_complex = '3218', mutational_resistome = '{"PA0004": "WT", "PA0424": "A103G, V126E", "PA0425": "WT", "PA0426": "N248K", "PA0427": "WT", "PA0807": "Y207X", "PA0958": "V127L", "PA1798": "A115E, A293V, V304I, E343D, H398R, Y407H", "PA1799": "T135A: L153R", "PA2020": "L138R, N186S, L196I", "PA2023": "WT", "PA2491": "K17T, D249N", "PA2492": "E26G, P60S, F172I, nt234\u22068", "PA2493": "WT", "PA2494": "WT", "PA2495": "S13P, T34S", "PA3047": "A394P", "PA3168": "WT", "PA3574": "WT", "PA3721": "G71E, Q182K", "PA3999": "WT", "PA4003": "V29I", "PA4020": "M297L", "PA4109": "G231S, G283E", "PA4110": "R5G, T21A, P23S, T105A, Q117E, L133I, A170T, L200I, V205L, R273K, V356I, G391A", "PA4266": "S695T", "PA4418": "WT", "PA4522": "A85G, G148A, E170G", "PA4597": "A30V, G120S, V146I, A163T, S176G, G184S, L250F, S264N, D351A", "PA4598": "V523A, I610V, A748V, K863Q, A1039T", "PA4599": "R76Q, D226E, D298A, Q300R, H310R, S313G, S330A", "PA4600": "H109Y, I149L", "PA4776": "L71R", "PA4777": "A4T, Y345H, P369A, A462T", "PA4964": "S331T", "PA4967": "D533E", "PA5471": "C40R, L88P, H182Q, V243A, E307D, I346V", "PA5485": "WT"}'; 
INSERT INTO metadata_general(isolate_id, isolate_name, isolate_source, project_name, species) VALUES ('800', 'CAT09-012', 'WILD-TYPE', 'GEMARA', 'Pseudomonas aeruginosa') ON DUPLICATE KEY UPDATE isolate_name = 'CAT09-012', isolate_source = 'WILD-TYPE', project_name = 'GEMARA', species = 'Pseudomonas aeruginosa'; 
INSERT INTO mic(mic_id, isolate_id, ami, ami_clinical_category, azt, azt_clinical_category, cip, cip_clinical_category, col, col_clinical_category, cza, cza_clinical_category, fep, fep_clinical_category, imi, imi_clinical_category, mer, mer_clinical_category, pip, pip_clinical_category, taz, taz_clinical_category, tic, tic_clinical_category, tob, tob_clinical_category, tol, tol_clinical_category) VALUES ('800', '800', '≤2', 'S', '4', 'S', '≤0.12', 'S', '1', 'S', '2', 'S', '2', 'S', '1', 'S', '≤0.5', 'S', '≤4', 'S', '2', 'S', '32', 'R', '2', 'S', '1', 'S') ON DUPLICATE KEY UPDATE ami = '≤2', ami_clinical_category = 'S', azt = '4', azt_clinical_category = 'S', cip = '≤0.12', cip_clinical_category = 'S', col = '1', col_clinical_category = 'S', cza = '2', cza_clinical_category = 'S', fep = '2', fep_clinical_category = 'S', imi = '1', imi_clinical_category = 'S', mer = '≤0.5', mer_clinical_category = 'S', pip = '≤4', pip_clinical_category = 'S', taz = '2', taz_clinical_category = 'S', tic = '32', tic_clinical_category = 'R', tob = '2', tob_clinical_category = 'S', tol = '1', tol_clinical_category = 'S'; 
INSERT INTO phenotypic_data(phenotypic_data_id, isolate_id, ecdc_resistance_profile) VALUES ('696', '800', 'S') ON DUPLICATE KEY UPDATE ecdc_resistance_profile = 'S'; 
INSERT INTO sequence_analysis(sequence_analysis_id, isolate_id, ame_loci, beta_lactamase_loci, clonal_complex, mutational_resistome) VALUES ('800', '800', '-', '-', '856', '{"PA0004": "WT", "PA0424": "WT", "PA0425": "WT", "PA0426": "WT", "PA0427": "WT", "PA0807": "A51T", "PA0958": "WT", "PA1798": "H398R", "PA1799": "L153R, S170N", "PA2020": "WT", "PA2023": "WT", "PA2491": "D249N", "PA2492": "F172I, nt234\u22068", "PA2493": "S8F, S22G", "PA2494": "WT", "PA2495": "S13P", "PA3047": "WT", "PA3168": "WT", "PA3574": "WT", "PA3721": "G71E, S209R", "PA3999": "WT", "PA4003": "WT", "PA4020": "R322Q", "PA4109": "WT", "PA4110": "R79Q, T105A, P274T", "PA4266": "WT", "PA4418": "WT", "PA4522": "G148A", "PA4597": "M69V, Q267R", "PA4598": "E257Q, S845A, A958S", "PA4599": "H310R, S330A", "PA4600": "WT", "PA4776": "L71R", "PA4777": "Y345H", "PA4964": "WT", "PA4967": "D142N, D533E", "PA5471": "L88P, D161G, H182Q, V243A", "PA5485": "WT"}') ON DUPLICATE KEY UPDATE ame_loci = '-', beta_lactamase_loci = '-', clonal_complex = '856', mutational_resistome = '{"PA0004": "WT", "PA0424": "WT", "PA0425": "WT", "PA0426": "WT", "PA0427": "WT", "PA0807": "A51T", "PA0958": "WT", "PA1798": "H398R", "PA1799": "L153R, S170N", "PA2020": "WT", "PA2023": "WT", "PA2491": "D249N", "PA2492": "F172I, nt234\u22068", "PA2493": "S8F, S22G", "PA2494": "WT", "PA2495": "S13P", "PA3047": "WT", "PA3168": "WT", "PA3574": "WT", "PA3721": "G71E, S209R", "PA3999": "WT", "PA4003": "WT", "PA4020": "R322Q", "PA4109": "WT", "PA4110": "R79Q, T105A, P274T", "PA4266": "WT", "PA4418": "WT", "PA4522": "G148A", "PA4597": "M69V, Q267R", "PA4598": "E257Q, S845A, A958S", "PA4599": "H310R, S330A", "PA4600": "WT", "PA4776": "L71R", "PA4777": "Y345H", "PA4964": "WT", "PA4967": "D142N, D533E", "PA5471": "L88P, D161G, H182Q, V243A", "PA5485": "WT"}'; 
INSERT INTO metadata_general(isolate_id, isolate_name, isolate_source, project_name, species) VALUES ('808', 'CLE01-002', 'WILD-TYPE', 'GEMARA', 'Pseudomonas aeruginosa') ON DUPLICATE KEY UPDATE isolate_name = 'CLE01-002', isolate_source = 'WILD-TYPE', project_name = 'GEMARA', species = 'Pseudomonas aeruginosa'; 
INSERT INTO mic(mic_id, isolate_id, ami, ami_clinical_category, azt, azt_clinical_category, cip, cip_clinical_category, col, col_clinical_category, cza, cza_clinical_category, fep, fep_clinical_category, imi, imi_clinical_category, mer, mer_clinical_category, pip, pip_clinical_category, taz, taz_clinical_category, tic, tic_clinical_category, tob, tob_clinical_category, tol, tol_clinical_category) VALUES ('808', '808', '≤2', 'S', '4', 'S', '≤0.12', 'S', '1', 'S', '1', 'S', '2', 'S', '≤0.5', 'S', '≤0.5', 'S', '≤4', 'S', '2', 'S', '16', 'S', '≤0.25', 'S', '≤0.5', 'S') ON DUPLICATE KEY UPDATE ami = '≤2', ami_clinical_category = 'S', azt = '4', azt_clinical_category = 'S', cip = '≤0.12', cip_clinical_category = 'S', col = '1', col_clinical_category = 'S', cza = '1', cza_clinical_category = 'S', fep = '2', fep_clinical_category = 'S', imi = '≤0.5', imi_clinical_category = 'S', mer = '≤0.5', mer_clinical_category = 'S', pip = '≤4', pip_clinical_category = 'S', taz = '2', taz_clinical_category = 'S', tic = '16', tic_clinical_category = 'S', tob = '≤0.25', tob_clinical_category = 'S', tol = '≤0.5', tol_clinical_category = 'S'; 
INSERT INTO phenotypic_data(phenotypic_data_id, isolate_id, ecdc_resistance_profile) VALUES ('710', '808', 'S') ON DUPLICATE KEY UPDATE ecdc_resistance_profile = 'S'; 
INSERT INTO sequence_analysis(sequence_analysis_id, isolate_id, ame_loci, beta_lactamase_loci, clonal_complex, mutational_resistome) VALUES ('808', '808', '-', '-', '2049', '{"PA0004": "WT", "PA0424": "V126E", "PA0425": "WT", "PA0426": "N312S", "PA0427": "WT", "PA0807": "K63E", "PA0958": "WT", "PA1798": "H398R", "PA1799": "L153R, S170N", "PA2020": "WT", "PA2023": "WT", "PA2491": "D249N", "PA2492": "F172I, nt234\u22068", "PA2493": "S8F", "PA2494": "WT", "PA2495": "S13P", "PA3047": "WT", "PA3168": "aa914InsPK", "PA3574": "WT", "PA3721": "G71E, A145V, S209R", "PA3999": "WT", "PA4003": "WT", "PA4020": "WT", "PA4109": "G283E, M288R", "PA4110": "G27D, T105A, V205L, V356I, G391A", "PA4266": "WT", "PA4418": "WT", "PA4522": "WT", "PA4597": "D68G, M69V, L81I, A152T, Q267R", "PA4598": "E257Q, E314D, G686R, S845A, K1031R", "PA4599": "R76Q, T175A, H310R, S313G, S330A, P383S", "PA4600": "WT", "PA4776": "WT", "PA4777": "S2P, A4T, V15I, G68S, Y345H, G439D", "PA4964": "WT", "PA4967": "D533E", "PA5471": "C40R, L88P, S112N, D119E, D159A, L196P, I237V, V243A, R322S", "PA5485": "WT"}') ON DUPLICATE KEY UPDATE ame_loci = '-', beta_lactamase_loci = '-', clonal_complex = '2049', mutational_resistome = '{"PA0004": "WT", "PA0424": "V126E", "PA0425": "WT", "PA0426": "N312S", "PA0427": "WT", "PA0807": "K63E", "PA0958": "WT", "PA1798": "H398R", "PA1799": "L153R, S170N", "PA2020": "WT", "PA2023": "WT", "PA2491": "D249N", "PA2492": "F172I, nt234\u22068", "PA2493": "S8F", "PA2494": "WT", "PA2495": "S13P", "PA3047": "WT", "PA3168": "aa914InsPK", "PA3574": "WT", "PA3721": "G71E, A145V, S209R", "PA3999": "WT", "PA4003": "WT", "PA4020": "WT", "PA4109": "G283E, M288R", "PA4110": "G27D, T105A, V205L, V356I, G391A", "PA4266": "WT", "PA4418": "WT", "PA4522": "WT", "PA4597": "D68G, M69V, L81I, A152T, Q267R", "PA4598": "E257Q, E314D, G686R, S845A, K1031R", "PA4599": "R76Q, T175A, H310R, S313G, S330A, P383S", "PA4600": "WT", "PA4776": "WT", "PA4777": "S2P, A4T, V15I, G68S, Y345H, G439D", "PA4964": "WT", "PA4967": "D533E", "PA5471": "C40R, L88P, S112N, D119E, D159A, L196P, I237V, V243A, R322S", "PA5485": "WT"}'; 
INSERT INTO metadata_general(isolate_id, isolate_name, isolate_source, project_name, species) VALUES ('834', 'CLE02-015', 'WILD-TYPE', 'GEMARA', 'Pseudomonas aeruginosa') ON DUPLICATE KEY UPDATE isolate_name = 'CLE02-015', isolate_source = 'WILD-TYPE', project_name = 'GEMARA', species = 'Pseudomonas aeruginosa'; 
INSERT INTO mic(mic_id, isolate_id, ami, ami_clinical_category, azt, azt_clinical_category, cip, cip_clinical_category, col, col_clinical_category, cza, cza_clinical_category, fep, fep_clinical_category, imi, imi_clinical_category, mer, mer_clinical_category, pip, pip_clinical_category, taz, taz_clinical_category, tic, tic_clinical_category, tob, tob_clinical_category, tol, tol_clinical_category) VALUES ('834', '834', '≤2', 'S', '4', 'S', '≤0.12', 'S', '1', 'S', '2', 'S', '2', 'S', '2', 'S', '1', 'S', '≤4', 'S', '2', 'S', '32', 'R', '≤0.25', 'S', '≤0.5', 'S') ON DUPLICATE KEY UPDATE ami = '≤2', ami_clinical_category = 'S', azt = '4', azt_clinical_category = 'S', cip = '≤0.12', cip_clinical_category = 'S', col = '1', col_clinical_category = 'S', cza = '2', cza_clinical_category = 'S', fep = '2', fep_clinical_category = 'S', imi = '2', imi_clinical_category = 'S', mer = '1', mer_clinical_category = 'S', pip = '≤4', pip_clinical_category = 'S', taz = '2', taz_clinical_category = 'S', tic = '32', tic_clinical_category = 'R', tob = '≤0.25', tob_clinical_category = 'S', tol = '≤0.5', tol_clinical_category = 'S'; 
INSERT INTO phenotypic_data(phenotypic_data_id, isolate_id, ecdc_resistance_profile) VALUES ('736', '834', 'S') ON DUPLICATE KEY UPDATE ecdc_resistance_profile = 'S'; 
INSERT INTO sequence_analysis(sequence_analysis_id, isolate_id, ame_loci, beta_lactamase_loci, clonal_complex, mutational_resistome) VALUES ('834', '834', '-', '-', '3370', '{"PA0004": "WT", "PA0424": "V126E", "PA0425": "WT", "PA0426": "I186V", "PA0427": "WT", "PA0807": "WT", "PA0958": "WT", "PA1798": "H398R", "PA1799": "L153R, S170N", "PA2020": "D83E, L138R", "PA2023": "WT", "PA2491": "D249N", "PA2492": "P60S, F172I, nt234\u22068", "PA2493": "S8F, D353E, D370E", "PA2494": "D230A, A258T", "PA2495": "S13P, A410S", "PA3047": "WT", "PA3168": "WT", "PA3574": "WT", "PA3721": "G71E, A145V, S209R", "PA3999": "WT", "PA4003": "WT", "PA4020": "M297L", "PA4109": "A175T", "PA4110": "T21A, T105A, V205L, V356I, G391A", "PA4266": "I186V", "PA4418": "A139S", "PA4522": "WT", "PA4597": "D68G, M69V, R263W", "PA4598": "T87S, A155T, E257Q, V660I, K804R, S845A, I982V, K1031R, S1040T", "PA4599": "P47S, R76G, H310R, S330A, A378T", "PA4600": "R21H, D56G, L88F", "PA4776": "L71R", "PA4777": "A4T, G68S, A119T, Y345H", "PA4964": "WT", "PA4967": "D533E", "PA5471": "C40R, L88P, S112N, D119E, H182Q, L196P, I237V, V243A", "PA5485": "WT"}') ON DUPLICATE KEY UPDATE ame_loci = '-', beta_lactamase_loci = '-', clonal_complex = '3370', mutational_resistome = '{"PA0004": "WT", "PA0424": "V126E", "PA0425": "WT", "PA0426": "I186V", "PA0427": "WT", "PA0807": "WT", "PA0958": "WT", "PA1798": "H398R", "PA1799": "L153R, S170N", "PA2020": "D83E, L138R", "PA2023": "WT", "PA2491": "D249N", "PA2492": "P60S, F172I, nt234\u22068", "PA2493": "S8F, D353E, D370E", "PA2494": "D230A, A258T", "PA2495": "S13P, A410S", "PA3047": "WT", "PA3168": "WT", "PA3574": "WT", "PA3721": "G71E, A145V, S209R", "PA3999": "WT", "PA4003": "WT", "PA4020": "M297L", "PA4109": "A175T", "PA4110": "T21A, T105A, V205L, V356I, G391A", "PA4266": "I186V", "PA4418": "A139S", "PA4522": "WT", "PA4597": "D68G, M69V, R263W", "PA4598": "T87S, A155T, E257Q, V660I, K804R, S845A, I982V, K1031R, S1040T", "PA4599": "P47S, R76G, H310R, S330A, A378T", "PA4600": "R21H, D56G, L88F", "PA4776": "L71R", "PA4777": "A4T, G68S, A119T, Y345H", "PA4964": "WT", "PA4967": "D533E", "PA5471": "C40R, L88P, S112N, D119E, H182Q, L196P, I237V, V243A", "PA5485": "WT"}'; 
INSERT INTO metadata_general(isolate_id, isolate_name, isolate_source, project_name, species) VALUES ('825', 'CLE02-027', 'WILD-TYPE', 'GEMARA', 'Pseudomonas aeruginosa') ON DUPLICATE KEY UPDATE isolate_name = 'CLE02-027', isolate_source = 'WILD-TYPE', project_name = 'GEMARA', species = 'Pseudomonas aeruginosa'; 
INSERT INTO mic(mic_id, isolate_id, ami, ami_clinical_category, azt, azt_clinical_category, cip, cip_clinical_category, col, col_clinical_category, cza, cza_clinical_category, fep, fep_clinical_category, imi, imi_clinical_category, mer, mer_clinical_category, pip, pip_clinical_category, taz, taz_clinical_category, tic, tic_clinical_category, tob, tob_clinical_category, tol, tol_clinical_category) VALUES ('825', '825', '≤2', 'S', '4', 'S', '≤0.12', 'S', '2', 'S', '1', 'S', '2', 'S', '1', 'S', '≤0.5', 'S', '≤4', 'S', '2', 'S', '16', 'S', '≤0.25', 'S', '≤0.5', 'S') ON DUPLICATE KEY UPDATE ami = '≤2', ami_clinical_category = 'S', azt = '4', azt_clinical_category = 'S', cip = '≤0.12', cip_clinical_category = 'S', col = '2', col_clinical_category = 'S', cza = '1', cza_clinical_category = 'S', fep = '2', fep_clinical_category = 'S', imi = '1', imi_clinical_category = 'S', mer = '≤0.5', mer_clinical_category = 'S', pip = '≤4', pip_clinical_category = 'S', taz = '2', taz_clinical_category = 'S', tic = '16', tic_clinical_category = 'S', tob = '≤0.25', tob_clinical_category = 'S', tol = '≤0.5', tol_clinical_category = 'S'; 
INSERT INTO phenotypic_data(phenotypic_data_id, isolate_id, ecdc_resistance_profile) VALUES ('727', '825', 'S') ON DUPLICATE KEY UPDATE ecdc_resistance_profile = 'S'; 
INSERT INTO sequence_analysis(sequence_analysis_id, isolate_id, ame_loci, beta_lactamase_loci, clonal_complex, mutational_resistome) VALUES ('825', '825', '-', '-', '3219', '{"PA0004": "WT", "PA0424": "A103G, V126E, V132M", "PA0425": "WT", "PA0426": "E429D, H525N", "PA0427": "WT", "PA0807": "WT", "PA0958": "WT", "PA1798": "A115E, V304I, E343D, H398R, Y407H", "PA1799": "T135A, L153R", "PA2020": "L138R", "PA2023": "WT", "PA2491": "K17T, A175V, E181D", "PA2492": "E26G, F172I, nt234\u22068", "PA2493": "S403T", "PA2494": "Q788R", "PA2495": "S13P, T34S", "PA3047": "A394P", "PA3168": "aa911\u22062", "PA3574": "A19T", "PA3721": "G71E, Q182K, L206V, S209R", "PA3999": "WT", "PA4003": "WT", "PA4020": "M297L", "PA4109": "E114A, G283E", "PA4110": "P23S, A36T, T105A, Q117E, A170T, L200I, V205L, R273K, V356I, G391A", "PA4266": "WT", "PA4418": "WT", "PA4522": "A85G, G148A, E170G", "PA4597": "A30V, G120S, V146I, A163T, S176G, G184S, L250F, S264N, D351A", "PA4598": "V364L, V523A, A748V, S845A, K863Q, A1039T", "PA4599": "S157T, D226E, D298A, Q300R, H310R, S313G, S330A", "PA4600": "WT", "PA4776": "L71R", "PA4777": "A4T, Y345H, P369A, A462T", "PA4964": "S331T", "PA4967": "D533E", "PA5471": "C40R, H182Q, V243A", "PA5485": "WT"}') ON DUPLICATE KEY UPDATE ame_loci = '-', beta_lactamase_loci = '-', clonal_complex = '3219', mutational_resistome = '{"PA0004": "WT", "PA0424": "A103G, V126E, V132M", "PA0425": "WT", "PA0426": "E429D, H525N", "PA0427": "WT", "PA0807": "WT", "PA0958": "WT", "PA1798": "A115E, V304I, E343D, H398R, Y407H", "PA1799": "T135A, L153R", "PA2020": "L138R", "PA2023": "WT", "PA2491": "K17T, A175V, E181D", "PA2492": "E26G, F172I, nt234\u22068", "PA2493": "S403T", "PA2494": "Q788R", "PA2495": "S13P, T34S", "PA3047": "A394P", "PA3168": "aa911\u22062", "PA3574": "A19T", "PA3721": "G71E, Q182K, L206V, S209R", "PA3999": "WT", "PA4003": "WT", "PA4020": "M297L", "PA4109": "E114A, G283E", "PA4110": "P23S, A36T, T105A, Q117E, A170T, L200I, V205L, R273K, V356I, G391A", "PA4266": "WT", "PA4418": "WT", "PA4522": "A85G, G148A, E170G", "PA4597": "A30V, G120S, V146I, A163T, S176G, G184S, L250F, S264N, D351A", "PA4598": "V364L, V523A, A748V, S845A, K863Q, A1039T", "PA4599": "S157T, D226E, D298A, Q300R, H310R, S313G, S330A", "PA4600": "WT", "PA4776": "L71R", "PA4777": "A4T, Y345H, P369A, A462T", "PA4964": "S331T", "PA4967": "D533E", "PA5471": "C40R, H182Q, V243A", "PA5485": "WT"}'; 
INSERT INTO metadata_general(isolate_id, isolate_name, isolate_source, project_name, species) VALUES ('832', 'CLE02-043', 'WILD-TYPE', 'GEMARA', 'Pseudomonas aeruginosa') ON DUPLICATE KEY UPDATE isolate_name = 'CLE02-043', isolate_source = 'WILD-TYPE', project_name = 'GEMARA', species = 'Pseudomonas aeruginosa'; 
INSERT INTO mic(mic_id, isolate_id, ami, ami_clinical_category, azt, azt_clinical_category, cip, cip_clinical_category, col, col_clinical_category, cza, cza_clinical_category, fep, fep_clinical_category, imi, imi_clinical_category, mer, mer_clinical_category, pip, pip_clinical_category, taz, taz_clinical_category, tic, tic_clinical_category, tob, tob_clinical_category, tol, tol_clinical_category) VALUES ('832', '832', '≤2', 'S', '4', 'S', '≤0.12', 'S', '1', 'S', '2', 'S', '2', 'S', '1', 'S', '≤0.5', 'S', '≤4', 'S', '2', 'S', '32', 'R', '≤0.25', 'S', '≤0.5', 'S') ON DUPLICATE KEY UPDATE ami = '≤2', ami_clinical_category = 'S', azt = '4', azt_clinical_category = 'S', cip = '≤0.12', cip_clinical_category = 'S', col = '1', col_clinical_category = 'S', cza = '2', cza_clinical_category = 'S', fep = '2', fep_clinical_category = 'S', imi = '1', imi_clinical_category = 'S', mer = '≤0.5', mer_clinical_category = 'S', pip = '≤4', pip_clinical_category = 'S', taz = '2', taz_clinical_category = 'S', tic = '32', tic_clinical_category = 'R', tob = '≤0.25', tob_clinical_category = 'S', tol = '≤0.5', tol_clinical_category = 'S'; 
INSERT INTO phenotypic_data(phenotypic_data_id, isolate_id, ecdc_resistance_profile) VALUES ('734', '832', 'S') ON DUPLICATE KEY UPDATE ecdc_resistance_profile = 'S'; 
INSERT INTO sequence_analysis(sequence_analysis_id, isolate_id, ame_loci, beta_lactamase_loci, clonal_complex, mutational_resistome) VALUES ('832', '832', '-', '-', '569', '{"PA0004": "WT", "PA0424": "WT", "PA0425": "WT", "PA0426": "WT", "PA0427": "WT", "PA0807": "WT", "PA0958": "WT", "PA1798": "H398R", "PA1799": "L153R, S170N", "PA2020": "WT", "PA2023": "WT", "PA2491": "D249N", "PA2492": "F172I, nt234\u22068", "PA2493": "T285I", "PA2494": "WT", "PA2495": "WT", "PA3047": "A394P", "PA3168": "WT", "PA3574": "WT", "PA3721": "G71E, S209R", "PA3999": "WT", "PA4003": "WT", "PA4020": "M297V, A303V", "PA4109": "G283E, M288R", "PA4110": "R79Q, T105A, S254N", "PA4266": "WT", "PA4418": "T91A", "PA4522": "G148A, D183Y", "PA4597": "D68G, M69V", "PA4598": "E257Q, S845A", "PA4599": "S330A", "PA4600": "R82L", "PA4776": "L71R", "PA4777": "Y345H", "PA4964": "WT", "PA4967": "WT", "PA5471": "L88P, S112N, D119E, D161G, H182Q, V243A, A352V", "PA5485": "WT"}') ON DUPLICATE KEY UPDATE ame_loci = '-', beta_lactamase_loci = '-', clonal_complex = '569', mutational_resistome = '{"PA0004": "WT", "PA0424": "WT", "PA0425": "WT", "PA0426": "WT", "PA0427": "WT", "PA0807": "WT", "PA0958": "WT", "PA1798": "H398R", "PA1799": "L153R, S170N", "PA2020": "WT", "PA2023": "WT", "PA2491": "D249N", "PA2492": "F172I, nt234\u22068", "PA2493": "T285I", "PA2494": "WT", "PA2495": "WT", "PA3047": "A394P", "PA3168": "WT", "PA3574": "WT", "PA3721": "G71E, S209R", "PA3999": "WT", "PA4003": "WT", "PA4020": "M297V, A303V", "PA4109": "G283E, M288R", "PA4110": "R79Q, T105A, S254N", "PA4266": "WT", "PA4418": "T91A", "PA4522": "G148A, D183Y", "PA4597": "D68G, M69V", "PA4598": "E257Q, S845A", "PA4599": "S330A", "PA4600": "R82L", "PA4776": "L71R", "PA4777": "Y345H", "PA4964": "WT", "PA4967": "WT", "PA5471": "L88P, S112N, D119E, D161G, H182Q, V243A, A352V", "PA5485": "WT"}'; 
INSERT INTO metadata_general(isolate_id, isolate_name, isolate_source, project_name, species) VALUES ('858', 'CLE03-014', 'WILD-TYPE', 'GEMARA', 'Pseudomonas aeruginosa') ON DUPLICATE KEY UPDATE isolate_name = 'CLE03-014', isolate_source = 'WILD-TYPE', project_name = 'GEMARA', species = 'Pseudomonas aeruginosa'; 
INSERT INTO mic(mic_id, isolate_id, ami, ami_clinical_category, azt, azt_clinical_category, cip, cip_clinical_category, col, col_clinical_category, cza, cza_clinical_category, fep, fep_clinical_category, imi, imi_clinical_category, mer, mer_clinical_category, pip, pip_clinical_category, taz, taz_clinical_category, tic, tic_clinical_category, tob, tob_clinical_category, tol, tol_clinical_category) VALUES ('858', '858', '4', 'S', '≤2', 'S', '≤0.12', 'S', '1', 'S', '1', 'S', '2', 'S', '1', 'S', '≤0.5', 'S', '≤4', 'S', '2', 'S', '16', 'S', '0.5', 'S', '≤0.5', 'S') ON DUPLICATE KEY UPDATE ami = '4', ami_clinical_category = 'S', azt = '≤2', azt_clinical_category = 'S', cip = '≤0.12', cip_clinical_category = 'S', col = '1', col_clinical_category = 'S', cza = '1', cza_clinical_category = 'S', fep = '2', fep_clinical_category = 'S', imi = '1', imi_clinical_category = 'S', mer = '≤0.5', mer_clinical_category = 'S', pip = '≤4', pip_clinical_category = 'S', taz = '2', taz_clinical_category = 'S', tic = '16', tic_clinical_category = 'S', tob = '0.5', tob_clinical_category = 'S', tol = '≤0.5', tol_clinical_category = 'S'; 
INSERT INTO phenotypic_data(phenotypic_data_id, isolate_id, ecdc_resistance_profile) VALUES ('764', '858', 'S') ON DUPLICATE KEY UPDATE ecdc_resistance_profile = 'S'; 
INSERT INTO sequence_analysis(sequence_analysis_id, isolate_id, ame_loci, beta_lactamase_loci, clonal_complex, mutational_resistome) VALUES ('858', '858', '-', '-', '1748', '{"PA0004": "WT", "PA0424": "WT", "PA0425": "WT", "PA0426": "WT", "PA0427": "WT", "PA0807": "D235G", "PA0958": "WT", "PA1798": "H398R", "PA1799": "WT", "PA2020": "G195S", "PA2023": "WT", "PA2491": "D249N", "PA2492": "P60S, F172I, nt234\u22068", "PA2493": "WT", "PA2494": "WT", "PA2495": "WT", "PA3047": "A394P", "PA3168": "D652Y", "PA3574": "WT", "PA3721": "G71E, S209R", "PA3999": "WT", "PA4003": "WT", "PA4020": "M297V, A303V", "PA4109": "WT", "PA4110": "T105A", "PA4266": "WT", "PA4418": "WT", "PA4522": "G148A, S175L", "PA4597": "M69V", "PA4598": "T304A, S845A", "PA4599": "S330A, Q381L", "PA4600": "WT", "PA4776": "L71R", "PA4777": "Y345H", "PA4964": "WT", "PA4967": "WT", "PA5471": "G51C, L88P, D161G, H182Q, V243A, A245V", "PA5485": "WT"}') ON DUPLICATE KEY UPDATE ame_loci = '-', beta_lactamase_loci = '-', clonal_complex = '1748', mutational_resistome = '{"PA0004": "WT", "PA0424": "WT", "PA0425": "WT", "PA0426": "WT", "PA0427": "WT", "PA0807": "D235G", "PA0958": "WT", "PA1798": "H398R", "PA1799": "WT", "PA2020": "G195S", "PA2023": "WT", "PA2491": "D249N", "PA2492": "P60S, F172I, nt234\u22068", "PA2493": "WT", "PA2494": "WT", "PA2495": "WT", "PA3047": "A394P", "PA3168": "D652Y", "PA3574": "WT", "PA3721": "G71E, S209R", "PA3999": "WT", "PA4003": "WT", "PA4020": "M297V, A303V", "PA4109": "WT", "PA4110": "T105A", "PA4266": "WT", "PA4418": "WT", "PA4522": "G148A, S175L", "PA4597": "M69V", "PA4598": "T304A, S845A", "PA4599": "S330A, Q381L", "PA4600": "WT", "PA4776": "L71R", "PA4777": "Y345H", "PA4964": "WT", "PA4967": "WT", "PA5471": "G51C, L88P, D161G, H182Q, V243A, A245V", "PA5485": "WT"}'; 
INSERT INTO metadata_general(isolate_id, isolate_name, isolate_source, project_name, species) VALUES ('859', 'CLE03-016', 'WILD-TYPE', 'GEMARA', 'Pseudomonas aeruginosa') ON DUPLICATE KEY UPDATE isolate_name = 'CLE03-016', isolate_source = 'WILD-TYPE', project_name = 'GEMARA', species = 'Pseudomonas aeruginosa'; 
INSERT INTO mic(mic_id, isolate_id, ami, ami_clinical_category, azt, azt_clinical_category, cip, cip_clinical_category, col, col_clinical_category, cza, cza_clinical_category, fep, fep_clinical_category, imi, imi_clinical_category, mer, mer_clinical_category, pip, pip_clinical_category, taz, taz_clinical_category, tic, tic_clinical_category, tob, tob_clinical_category, tol, tol_clinical_category) VALUES ('859', '859', '4', 'S', '4', 'S', '≤0.12', 'S', '1', 'S', '2', 'S', '2', 'S', '1', 'S', '1', 'S', '≤4', 'S', '2', 'S', '16', 'S', '0.5', 'S', '≤0.5', 'S') ON DUPLICATE KEY UPDATE ami = '4', ami_clinical_category = 'S', azt = '4', azt_clinical_category = 'S', cip = '≤0.12', cip_clinical_category = 'S', col = '1', col_clinical_category = 'S', cza = '2', cza_clinical_category = 'S', fep = '2', fep_clinical_category = 'S', imi = '1', imi_clinical_category = 'S', mer = '1', mer_clinical_category = 'S', pip = '≤4', pip_clinical_category = 'S', taz = '2', taz_clinical_category = 'S', tic = '16', tic_clinical_category = 'S', tob = '0.5', tob_clinical_category = 'S', tol = '≤0.5', tol_clinical_category = 'S'; 
INSERT INTO phenotypic_data(phenotypic_data_id, isolate_id, ecdc_resistance_profile) VALUES ('765', '859', 'S') ON DUPLICATE KEY UPDATE ecdc_resistance_profile = 'S'; 
INSERT INTO sequence_analysis(sequence_analysis_id, isolate_id, ame_loci, beta_lactamase_loci, clonal_complex, mutational_resistome) VALUES ('859', '859', '-', '-', '699', '{"PA0004": "WT", "PA0424": "WT", "PA0425": "WT", "PA0426": "WT", "PA0427": "WT", "PA0807": "WT", "PA0958": "WT", "PA1798": "H398R", "PA1799": "WT", "PA2020": "WT", "PA2023": "WT", "PA2491": "D249N", "PA2492": "F172I, nt234\u22068", "PA2493": "WT", "PA2494": "WT", "PA2495": "WT", "PA3047": "WT", "PA3168": "WT", "PA3574": "WT", "PA3721": "WT", "PA3999": "WT", "PA4003": "WT", "PA4020": "WT", "PA4109": "WT", "PA4110": "WT", "PA4266": "WT", "PA4418": "WT", "PA4522": "WT", "PA4597": "WT", "PA4598": "WT", "PA4599": "WT", "PA4600": "WT", "PA4776": "WT", "PA4777": "WT", "PA4964": "WT", "PA4967": "WT", "PA5471": "WT", "PA5485": "WT"}') ON DUPLICATE KEY UPDATE ame_loci = '-', beta_lactamase_loci = '-', clonal_complex = '699', mutational_resistome = '{"PA0004": "WT", "PA0424": "WT", "PA0425": "WT", "PA0426": "WT", "PA0427": "WT", "PA0807": "WT", "PA0958": "WT", "PA1798": "H398R", "PA1799": "WT", "PA2020": "WT", "PA2023": "WT", "PA2491": "D249N", "PA2492": "F172I, nt234\u22068", "PA2493": "WT", "PA2494": "WT", "PA2495": "WT", "PA3047": "WT", "PA3168": "WT", "PA3574": "WT", "PA3721": "WT", "PA3999": "WT", "PA4003": "WT", "PA4020": "WT", "PA4109": "WT", "PA4110": "WT", "PA4266": "WT", "PA4418": "WT", "PA4522": "WT", "PA4597": "WT", "PA4598": "WT", "PA4599": "WT", "PA4600": "WT", "PA4776": "WT", "PA4777": "WT", "PA4964": "WT", "PA4967": "WT", "PA5471": "WT", "PA5485": "WT"}'; 
INSERT INTO metadata_general(isolate_id, isolate_name, isolate_source, project_name, species) VALUES ('860', 'CLE03-019', 'WILD-TYPE', 'GEMARA', 'Pseudomonas aeruginosa') ON DUPLICATE KEY UPDATE isolate_name = 'CLE03-019', isolate_source = 'WILD-TYPE', project_name = 'GEMARA', species = 'Pseudomonas aeruginosa'; 
INSERT INTO mic(mic_id, isolate_id, ami, ami_clinical_category, azt, azt_clinical_category, cip, cip_clinical_category, col, col_clinical_category, cza, cza_clinical_category, fep, fep_clinical_category, imi, imi_clinical_category, mer, mer_clinical_category, pip, pip_clinical_category, taz, taz_clinical_category, tic, tic_clinical_category, tob, tob_clinical_category, tol, tol_clinical_category) VALUES ('860', '860', '4', 'S', '4', 'S', '≤0.12', 'S', '1', 'S', '1', 'S', '2', 'S', '1', 'S', '≤0.5', 'S', '≤4', 'S', '2', 'S', '32', 'R', '0.5', 'S', '≤0.5', 'S') ON DUPLICATE KEY UPDATE ami = '4', ami_clinical_category = 'S', azt = '4', azt_clinical_category = 'S', cip = '≤0.12', cip_clinical_category = 'S', col = '1', col_clinical_category = 'S', cza = '1', cza_clinical_category = 'S', fep = '2', fep_clinical_category = 'S', imi = '1', imi_clinical_category = 'S', mer = '≤0.5', mer_clinical_category = 'S', pip = '≤4', pip_clinical_category = 'S', taz = '2', taz_clinical_category = 'S', tic = '32', tic_clinical_category = 'R', tob = '0.5', tob_clinical_category = 'S', tol = '≤0.5', tol_clinical_category = 'S'; 
INSERT INTO phenotypic_data(phenotypic_data_id, isolate_id, ecdc_resistance_profile) VALUES ('766', '860', 'S') ON DUPLICATE KEY UPDATE ecdc_resistance_profile = 'S'; 
INSERT INTO sequence_analysis(sequence_analysis_id, isolate_id, ame_loci, beta_lactamase_loci, clonal_complex, mutational_resistome) VALUES ('860', '860', '-', '-', '1141', '{"PA0004": "WT", "PA0424": "V126E", "PA0425": "WT", "PA0426": "WT", "PA0427": "WT", "PA0807": "WT", "PA0958": "WT", "PA1798": "R243H, H398R", "PA1799": "L153R, S170N", "PA2020": "WT", "PA2023": "WT", "PA2491": "V73A, D249N", "PA2492": "F172I, nt234\u22068", "PA2493": "WT", "PA2494": "WT", "PA2495": "A4T, S13P", "PA3047": "WT", "PA3168": "WT", "PA3574": "WT", "PA3721": "G71E, A145V, S209R", "PA3999": "WT", "PA4003": "WT", "PA4020": "H98Y, M297V", "PA4109": "G283E, M288R", "PA4110": "T21A, T105A, V205L, D263V, G391A", "PA4266": "WT", "PA4418": "WT", "PA4522": "G148A", "PA4597": "T376S, K413M", "PA4598": "E257Q, S845A, I982V, K1031R, S1040T", "PA4599": "R76G, T175A, H310R, S330A, P383S", "PA4600": "WT", "PA4776": "WT", "PA4777": "A4T, V15I, G68S, Y345H", "PA4964": "WT", "PA4967": "D533E", "PA5471": "C40R, L88P, S112N, D119E, I237V, V243A, S348T", "PA5485": "WT"}') ON DUPLICATE KEY UPDATE ame_loci = '-', beta_lactamase_loci = '-', clonal_complex = '1141', mutational_resistome = '{"PA0004": "WT", "PA0424": "V126E", "PA0425": "WT", "PA0426": "WT", "PA0427": "WT", "PA0807": "WT", "PA0958": "WT", "PA1798": "R243H, H398R", "PA1799": "L153R, S170N", "PA2020": "WT", "PA2023": "WT", "PA2491": "V73A, D249N", "PA2492": "F172I, nt234\u22068", "PA2493": "WT", "PA2494": "WT", "PA2495": "A4T, S13P", "PA3047": "WT", "PA3168": "WT", "PA3574": "WT", "PA3721": "G71E, A145V, S209R", "PA3999": "WT", "PA4003": "WT", "PA4020": "H98Y, M297V", "PA4109": "G283E, M288R", "PA4110": "T21A, T105A, V205L, D263V, G391A", "PA4266": "WT", "PA4418": "WT", "PA4522": "G148A", "PA4597": "T376S, K413M", "PA4598": "E257Q, S845A, I982V, K1031R, S1040T", "PA4599": "R76G, T175A, H310R, S330A, P383S", "PA4600": "WT", "PA4776": "WT", "PA4777": "A4T, V15I, G68S, Y345H", "PA4964": "WT", "PA4967": "D533E", "PA5471": "C40R, L88P, S112N, D119E, I237V, V243A, S348T", "PA5485": "WT"}'; 
INSERT INTO metadata_general(isolate_id, isolate_name, isolate_source, project_name, species) VALUES ('880', 'CLM01-008', 'WILD-TYPE', 'GEMARA', 'Pseudomonas aeruginosa') ON DUPLICATE KEY UPDATE isolate_name = 'CLM01-008', isolate_source = 'WILD-TYPE', project_name = 'GEMARA', species = 'Pseudomonas aeruginosa'; 
INSERT INTO mic(mic_id, isolate_id, ami, ami_clinical_category, azt, azt_clinical_category, cip, cip_clinical_category, col, col_clinical_category, cza, cza_clinical_category, fep, fep_clinical_category, imi, imi_clinical_category, mer, mer_clinical_category, pip, pip_clinical_category, taz, taz_clinical_category, tic, tic_clinical_category, tob, tob_clinical_category, tol, tol_clinical_category) VALUES ('880', '880', '≤2', 'S', '4', 'S', '≤0.12', 'S', '2', 'S', '2', 'S', '2', 'S', '1', 'S', '≤0.5', 'S', '≤4', 'S', '2', 'S', '32', 'R', '≤0.25', 'S', '≤0.5', 'S') ON DUPLICATE KEY UPDATE ami = '≤2', ami_clinical_category = 'S', azt = '4', azt_clinical_category = 'S', cip = '≤0.12', cip_clinical_category = 'S', col = '2', col_clinical_category = 'S', cza = '2', cza_clinical_category = 'S', fep = '2', fep_clinical_category = 'S', imi = '1', imi_clinical_category = 'S', mer = '≤0.5', mer_clinical_category = 'S', pip = '≤4', pip_clinical_category = 'S', taz = '2', taz_clinical_category = 'S', tic = '32', tic_clinical_category = 'R', tob = '≤0.25', tob_clinical_category = 'S', tol = '≤0.5', tol_clinical_category = 'S'; 
INSERT INTO phenotypic_data(phenotypic_data_id, isolate_id, ecdc_resistance_profile) VALUES ('788', '880', 'S') ON DUPLICATE KEY UPDATE ecdc_resistance_profile = 'S'; 
INSERT INTO sequence_analysis(sequence_analysis_id, isolate_id, ame_loci, beta_lactamase_loci, clonal_complex, mutational_resistome) VALUES ('880', '880', '-', '-', '654', '{"PA0004": "WT", "PA0424": "WT", "PA0425": "WT", "PA0426": "WT", "PA0427": "WT", "PA0807": "A219T", "PA0958": "WT", "PA1798": "H398R", "PA1799": "WT", "PA2020": "WT", "PA2023": "WT", "PA2491": "D249N", "PA2492": "P60S, F172I, nt234\u22068", "PA2493": "WT", "PA2494": "WT", "PA2495": "WT", "PA3047": "WT", "PA3168": "WT", "PA3574": "WT", "PA3721": "G71E", "PA3999": "WT", "PA4003": "WT", "PA4020": "M297V", "PA4109": "WT", "PA4110": "T105A", "PA4266": "WT", "PA4418": "WT", "PA4522": "G148A", "PA4597": "M69V", "PA4598": "E257Q, S845A", "PA4599": "S330A", "PA4600": "WT", "PA4776": "L71R", "PA4777": "Y345H", "PA4964": "WT", "PA4967": "WT", "PA5471": "L88P, D161G, H182Q, V243A, R322H", "PA5485": "WT"}') ON DUPLICATE KEY UPDATE ame_loci = '-', beta_lactamase_loci = '-', clonal_complex = '654', mutational_resistome = '{"PA0004": "WT", "PA0424": "WT", "PA0425": "WT", "PA0426": "WT", "PA0427": "WT", "PA0807": "A219T", "PA0958": "WT", "PA1798": "H398R", "PA1799": "WT", "PA2020": "WT", "PA2023": "WT", "PA2491": "D249N", "PA2492": "P60S, F172I, nt234\u22068", "PA2493": "WT", "PA2494": "WT", "PA2495": "WT", "PA3047": "WT", "PA3168": "WT", "PA3574": "WT", "PA3721": "G71E", "PA3999": "WT", "PA4003": "WT", "PA4020": "M297V", "PA4109": "WT", "PA4110": "T105A", "PA4266": "WT", "PA4418": "WT", "PA4522": "G148A", "PA4597": "M69V", "PA4598": "E257Q, S845A", "PA4599": "S330A", "PA4600": "WT", "PA4776": "L71R", "PA4777": "Y345H", "PA4964": "WT", "PA4967": "WT", "PA5471": "L88P, D161G, H182Q, V243A, R322H", "PA5485": "WT"}'; 
INSERT INTO metadata_general(isolate_id, isolate_name, isolate_source, project_name, species) VALUES ('866', 'CLM01-022', 'WILD-TYPE', 'GEMARA', 'Pseudomonas aeruginosa') ON DUPLICATE KEY UPDATE isolate_name = 'CLM01-022', isolate_source = 'WILD-TYPE', project_name = 'GEMARA', species = 'Pseudomonas aeruginosa'; 
INSERT INTO mic(mic_id, isolate_id, ami, ami_clinical_category, azt, azt_clinical_category, cip, cip_clinical_category, col, col_clinical_category, cza, cza_clinical_category, fep, fep_clinical_category, imi, imi_clinical_category, mer, mer_clinical_category, pip, pip_clinical_category, taz, taz_clinical_category, tic, tic_clinical_category, tob, tob_clinical_category, tol, tol_clinical_category) VALUES ('866', '866', '4', 'S', '≤2', 'S', '≤0.12', 'S', '1', 'S', '1', 'S', '≤1', 'S', '1', 'S', '≤0.5', 'S', '≤4', 'S', '≤1', 'S', '16', 'S', '0.5', 'S', '≤0.5', 'S') ON DUPLICATE KEY UPDATE ami = '4', ami_clinical_category = 'S', azt = '≤2', azt_clinical_category = 'S', cip = '≤0.12', cip_clinical_category = 'S', col = '1', col_clinical_category = 'S', cza = '1', cza_clinical_category = 'S', fep = '≤1', fep_clinical_category = 'S', imi = '1', imi_clinical_category = 'S', mer = '≤0.5', mer_clinical_category = 'S', pip = '≤4', pip_clinical_category = 'S', taz = '≤1', taz_clinical_category = 'S', tic = '16', tic_clinical_category = 'S', tob = '0.5', tob_clinical_category = 'S', tol = '≤0.5', tol_clinical_category = 'S'; 
INSERT INTO phenotypic_data(phenotypic_data_id, isolate_id, ecdc_resistance_profile) VALUES ('774', '866', 'S') ON DUPLICATE KEY UPDATE ecdc_resistance_profile = 'S'; 
INSERT INTO sequence_analysis(sequence_analysis_id, isolate_id, ame_loci, beta_lactamase_loci, clonal_complex, mutational_resistome) VALUES ('866', '866', '-', '-', '274', '{"PA0004": "H148N", "PA0424": "WT", "PA0425": "WT", "PA0426": "WT", "PA0427": "T477S", "PA0807": "WT", "PA0958": "WT", "PA1798": "A82T, H398R", "PA1799": "WT", "PA2020": "WT", "PA2023": "WT", "PA2491": "DELETED", "PA2492": "DELETED", "PA2493": "DELETED", "PA2494": "DELETED", "PA2495": "DELETED", "PA3047": "A358V, A394P", "PA3168": "WT", "PA3574": "WT", "PA3721": "G71E, S209R", "PA3999": "WT", "PA4003": "WT", "PA4020": "M297V", "PA4109": "WT", "PA4110": "T21A, T105A, G391A", "PA4266": "WT", "PA4418": "WT", "PA4522": "R11L, G148A, D183Y", "PA4597": "D68G, M69V", "PA4598": "E257Q, A536S, S845A", "PA4599": "WT", "PA4600": "WT", "PA4776": "L71R", "PA4777": "Y345H", "PA4964": "WT", "PA4967": "WT", "PA5471": "L88P, D119E", "PA5485": "WT"}') ON DUPLICATE KEY UPDATE ame_loci = '-', beta_lactamase_loci = '-', clonal_complex = '274', mutational_resistome = '{"PA0004": "H148N", "PA0424": "WT", "PA0425": "WT", "PA0426": "WT", "PA0427": "T477S", "PA0807": "WT", "PA0958": "WT", "PA1798": "A82T, H398R", "PA1799": "WT", "PA2020": "WT", "PA2023": "WT", "PA2491": "DELETED", "PA2492": "DELETED", "PA2493": "DELETED", "PA2494": "DELETED", "PA2495": "DELETED", "PA3047": "A358V, A394P", "PA3168": "WT", "PA3574": "WT", "PA3721": "G71E, S209R", "PA3999": "WT", "PA4003": "WT", "PA4020": "M297V", "PA4109": "WT", "PA4110": "T21A, T105A, G391A", "PA4266": "WT", "PA4418": "WT", "PA4522": "R11L, G148A, D183Y", "PA4597": "D68G, M69V", "PA4598": "E257Q, A536S, S845A", "PA4599": "WT", "PA4600": "WT", "PA4776": "L71R", "PA4777": "Y345H", "PA4964": "WT", "PA4967": "WT", "PA5471": "L88P, D119E", "PA5485": "WT"}'; 
INSERT INTO metadata_general(isolate_id, isolate_name, isolate_source, project_name, species) VALUES ('869', 'CLM01-039', 'WILD-TYPE', 'GEMARA', 'Pseudomonas aeruginosa') ON DUPLICATE KEY UPDATE isolate_name = 'CLM01-039', isolate_source = 'WILD-TYPE', project_name = 'GEMARA', species = 'Pseudomonas aeruginosa'; 
INSERT INTO mic(mic_id, isolate_id, ami, ami_clinical_category, azt, azt_clinical_category, cip, cip_clinical_category, col, col_clinical_category, cza, cza_clinical_category, fep, fep_clinical_category, imi, imi_clinical_category, mer, mer_clinical_category, pip, pip_clinical_category, taz, taz_clinical_category, tic, tic_clinical_category, tob, tob_clinical_category, tol, tol_clinical_category) VALUES ('869', '869', '4', 'S', '≤2', 'S', '≤0.12', 'S', '1', 'S', '1', 'S', '≤1', 'S', '≤0.5', 'S', '≤0.5', 'S', '≤4', 'S', '≤1', 'S', '16', 'S', '0.5', 'S', '≤0.5', 'S') ON DUPLICATE KEY UPDATE ami = '4', ami_clinical_category = 'S', azt = '≤2', azt_clinical_category = 'S', cip = '≤0.12', cip_clinical_category = 'S', col = '1', col_clinical_category = 'S', cza = '1', cza_clinical_category = 'S', fep = '≤1', fep_clinical_category = 'S', imi = '≤0.5', imi_clinical_category = 'S', mer = '≤0.5', mer_clinical_category = 'S', pip = '≤4', pip_clinical_category = 'S', taz = '≤1', taz_clinical_category = 'S', tic = '16', tic_clinical_category = 'S', tob = '0.5', tob_clinical_category = 'S', tol = '≤0.5', tol_clinical_category = 'S'; 
INSERT INTO phenotypic_data(phenotypic_data_id, isolate_id, ecdc_resistance_profile) VALUES ('777', '869', 'S') ON DUPLICATE KEY UPDATE ecdc_resistance_profile = 'S'; 
INSERT INTO sequence_analysis(sequence_analysis_id, isolate_id, ame_loci, beta_lactamase_loci, clonal_complex, mutational_resistome) VALUES ('869', '869', '-', '-', '170', '{"PA0004": "WT", "PA0424": "WT", "PA0425": "WT", "PA0426": "WT", "PA0427": "WT", "PA0807": "A219T", "PA0958": "WT", "PA1798": "V146A, H398R", "PA1799": "WT", "PA2020": "WT", "PA2023": "WT", "PA2491": "D249N", "PA2492": "F172I, nt234\u22068", "PA2493": "WT", "PA2494": "WT", "PA2495": "WT", "PA3047": "WT", "PA3168": "WT", "PA3574": "WT", "PA3721": "G71E", "PA3999": "WT", "PA4003": "WT", "PA4020": "A286V, M297V, A303V", "PA4109": "WT", "PA4110": "T105A", "PA4266": "WT", "PA4418": "WT", "PA4522": "G148A, D183Y", "PA4597": "M69V", "PA4598": "S845A, A959S", "PA4599": "S330A", "PA4600": "WT", "PA4776": "L71R", "PA4777": "Y345H", "PA4964": "WT", "PA4967": "WT", "PA5471": "L88P, D161G, H182Q, V243A", "PA5485": "WT"}') ON DUPLICATE KEY UPDATE ame_loci = '-', beta_lactamase_loci = '-', clonal_complex = '170', mutational_resistome = '{"PA0004": "WT", "PA0424": "WT", "PA0425": "WT", "PA0426": "WT", "PA0427": "WT", "PA0807": "A219T", "PA0958": "WT", "PA1798": "V146A, H398R", "PA1799": "WT", "PA2020": "WT", "PA2023": "WT", "PA2491": "D249N", "PA2492": "F172I, nt234\u22068", "PA2493": "WT", "PA2494": "WT", "PA2495": "WT", "PA3047": "WT", "PA3168": "WT", "PA3574": "WT", "PA3721": "G71E", "PA3999": "WT", "PA4003": "WT", "PA4020": "A286V, M297V, A303V", "PA4109": "WT", "PA4110": "T105A", "PA4266": "WT", "PA4418": "WT", "PA4522": "G148A, D183Y", "PA4597": "M69V", "PA4598": "S845A, A959S", "PA4599": "S330A", "PA4600": "WT", "PA4776": "L71R", "PA4777": "Y345H", "PA4964": "WT", "PA4967": "WT", "PA5471": "L88P, D161G, H182Q, V243A", "PA5485": "WT"}'; 
INSERT INTO metadata_general(isolate_id, isolate_name, isolate_source, project_name, species) VALUES ('914', 'CLM02-018', 'WILD-TYPE', 'GEMARA', 'Pseudomonas aeruginosa') ON DUPLICATE KEY UPDATE isolate_name = 'CLM02-018', isolate_source = 'WILD-TYPE', project_name = 'GEMARA', species = 'Pseudomonas aeruginosa'; 
INSERT INTO mic(mic_id, isolate_id, ami, ami_clinical_category, azt, azt_clinical_category, cip, cip_clinical_category, col, col_clinical_category, cza, cza_clinical_category, fep, fep_clinical_category, imi, imi_clinical_category, mer, mer_clinical_category, pip, pip_clinical_category, taz, taz_clinical_category, tic, tic_clinical_category, tob, tob_clinical_category, tol, tol_clinical_category) VALUES ('914', '914', '4', 'S', '≤2', 'S', '≤0.12', 'S', '≤0.5', 'S', '≤0.5', 'S', '≤1', 'S', '≤0.5', 'S', '≤0.5', 'S', '≤4', 'S', '≤1', 'S', '≤8', 'S', '0.5', 'S', '≤0.5', 'S') ON DUPLICATE KEY UPDATE ami = '4', ami_clinical_category = 'S', azt = '≤2', azt_clinical_category = 'S', cip = '≤0.12', cip_clinical_category = 'S', col = '≤0.5', col_clinical_category = 'S', cza = '≤0.5', cza_clinical_category = 'S', fep = '≤1', fep_clinical_category = 'S', imi = '≤0.5', imi_clinical_category = 'S', mer = '≤0.5', mer_clinical_category = 'S', pip = '≤4', pip_clinical_category = 'S', taz = '≤1', taz_clinical_category = 'S', tic = '≤8', tic_clinical_category = 'S', tob = '0.5', tob_clinical_category = 'S', tol = '≤0.5', tol_clinical_category = 'S'; 
INSERT INTO phenotypic_data(phenotypic_data_id, isolate_id, ecdc_resistance_profile) VALUES ('822', '914', 'S') ON DUPLICATE KEY UPDATE ecdc_resistance_profile = 'S'; 
INSERT INTO sequence_analysis(sequence_analysis_id, isolate_id, ame_loci, beta_lactamase_loci, clonal_complex, mutational_resistome) VALUES ('914', '914', '-', '-', '313', '{"PA0004": "WT", "PA0424": "V126E", "PA0425": "WT", "PA0426": "aa36\u22065", "PA0427": "D448N", "PA0807": "WT", "PA0958": "WT", "PA1798": "H398R", "PA1799": "L153R, S170N", "PA2020": "nt350\u220619", "PA2023": "WT", "PA2491": "V73A, D249N", "PA2492": "P60S, F172I, nt234\u22068", "PA2493": "WT", "PA2494": "WT", "PA2495": "A4T, S13P", "PA3047": "WT", "PA3168": "WT", "PA3574": "WT", "PA3721": "A145V, S209R", "PA3999": "WT", "PA4003": "WT", "PA4020": "M297V", "PA4109": "E114A, I251V, G283E, M288R", "PA4110": "G27D, T105A, V205L, V356I, G391A", "PA4266": "WT", "PA4418": "WT", "PA4522": "WT", "PA4597": "WT", "PA4598": "S845A, K1031R", "PA4599": "S330A", "PA4600": "WT", "PA4776": "L71R", "PA4777": "Y345H", "PA4964": "WT", "PA4967": "D533E", "PA5471": "C40R, L88P, S112N, D119E, D207N, I237V, V243A", "PA5485": "V89D"}') ON DUPLICATE KEY UPDATE ame_loci = '-', beta_lactamase_loci = '-', clonal_complex = '313', mutational_resistome = '{"PA0004": "WT", "PA0424": "V126E", "PA0425": "WT", "PA0426": "aa36\u22065", "PA0427": "D448N", "PA0807": "WT", "PA0958": "WT", "PA1798": "H398R", "PA1799": "L153R, S170N", "PA2020": "nt350\u220619", "PA2023": "WT", "PA2491": "V73A, D249N", "PA2492": "P60S, F172I, nt234\u22068", "PA2493": "WT", "PA2494": "WT", "PA2495": "A4T, S13P", "PA3047": "WT", "PA3168": "WT", "PA3574": "WT", "PA3721": "A145V, S209R", "PA3999": "WT", "PA4003": "WT", "PA4020": "M297V", "PA4109": "E114A, I251V, G283E, M288R", "PA4110": "G27D, T105A, V205L, V356I, G391A", "PA4266": "WT", "PA4418": "WT", "PA4522": "WT", "PA4597": "WT", "PA4598": "S845A, K1031R", "PA4599": "S330A", "PA4600": "WT", "PA4776": "L71R", "PA4777": "Y345H", "PA4964": "WT", "PA4967": "D533E", "PA5471": "C40R, L88P, S112N, D119E, D207N, I237V, V243A", "PA5485": "V89D"}'; 
INSERT INTO metadata_general(isolate_id, isolate_name, isolate_source, project_name, species) VALUES ('1449', 'CLM02-020', 'WILD-TYPE', 'GEMARA', 'Pseudomonas aeruginosa') ON DUPLICATE KEY UPDATE isolate_name = 'CLM02-020', isolate_source = 'WILD-TYPE', project_name = 'GEMARA', species = 'Pseudomonas aeruginosa'; 
INSERT INTO mic(mic_id, isolate_id, ami, ami_clinical_category, azt, azt_clinical_category, cip, cip_clinical_category, col, col_clinical_category, cza, cza_clinical_category, fep, fep_clinical_category, imi, imi_clinical_category, mer, mer_clinical_category, pip, pip_clinical_category, taz, taz_clinical_category, tic, tic_clinical_category, tob, tob_clinical_category, tol, tol_clinical_category) VALUES ('1449', '1449', '4', 'S', '≤2', 'S', '≤0.12', 'S', '2', 'S', '2', 'S', '≤1', 'S', '1', 'S', '≤0.5', 'S', '≤4', 'S', '2', 'S', '16', 'S', '≤0.25', 'S', '≤0.5', 'S') ON DUPLICATE KEY UPDATE ami = '4', ami_clinical_category = 'S', azt = '≤2', azt_clinical_category = 'S', cip = '≤0.12', cip_clinical_category = 'S', col = '2', col_clinical_category = 'S', cza = '2', cza_clinical_category = 'S', fep = '≤1', fep_clinical_category = 'S', imi = '1', imi_clinical_category = 'S', mer = '≤0.5', mer_clinical_category = 'S', pip = '≤4', pip_clinical_category = 'S', taz = '2', taz_clinical_category = 'S', tic = '16', tic_clinical_category = 'S', tob = '≤0.25', tob_clinical_category = 'S', tol = '≤0.5', tol_clinical_category = 'S'; 
INSERT INTO phenotypic_data(phenotypic_data_id, isolate_id, ecdc_resistance_profile) VALUES ('1447', '1449', 'S') ON DUPLICATE KEY UPDATE ecdc_resistance_profile = 'S'; 
INSERT INTO sequence_analysis(sequence_analysis_id, isolate_id, ame_loci, beta_lactamase_loci, clonal_complex, mutational_resistome) VALUES ('1449', '1449', '-', '-', '683', '{"PA0004": "WT", "PA0424": "WT", "PA0425": "WT", "PA0426": "WT", "PA0427": "WT", "PA0807": "WT", "PA0958": "WT", "PA1798": "H398R", "PA1799": "WT", "PA2020": "WT", "PA2023": "WT", "PA2491": "D249N", "PA2492": "M7V, P60S, F172I, nt234\u22068", "PA2493": "WT", "PA2494": "WT", "PA2495": "WT", "PA3047": "A394P", "PA3168": "WT", "PA3574": "D187H", "PA3721": "G71E", "PA3999": "WT", "PA4003": "WT", "PA4020": "WT", "PA4109": "WT", "PA4110": "T105A", "PA4266": "WT", "PA4418": "WT", "PA4522": "G148A, S175L", "PA4597": "WT", "PA4598": "E257Q, S845A", "PA4599": "R76Q, H310R, S330A, P383S", "PA4600": "WT", "PA4776": "L71R", "PA4777": "Y345H", "PA4964": "WT", "PA4967": "D142N", "PA5471": "L88P, D161G, H182Q, V243A", "PA5485": "WT"}') ON DUPLICATE KEY UPDATE ame_loci = '-', beta_lactamase_loci = '-', clonal_complex = '683', mutational_resistome = '{"PA0004": "WT", "PA0424": "WT", "PA0425": "WT", "PA0426": "WT", "PA0427": "WT", "PA0807": "WT", "PA0958": "WT", "PA1798": "H398R", "PA1799": "WT", "PA2020": "WT", "PA2023": "WT", "PA2491": "D249N", "PA2492": "M7V, P60S, F172I, nt234\u22068", "PA2493": "WT", "PA2494": "WT", "PA2495": "WT", "PA3047": "A394P", "PA3168": "WT", "PA3574": "D187H", "PA3721": "G71E", "PA3999": "WT", "PA4003": "WT", "PA4020": "WT", "PA4109": "WT", "PA4110": "T105A", "PA4266": "WT", "PA4418": "WT", "PA4522": "G148A, S175L", "PA4597": "WT", "PA4598": "E257Q, S845A", "PA4599": "R76Q, H310R, S330A, P383S", "PA4600": "WT", "PA4776": "L71R", "PA4777": "Y345H", "PA4964": "WT", "PA4967": "D142N", "PA5471": "L88P, D161G, H182Q, V243A", "PA5485": "WT"}'; 
INSERT INTO metadata_general(isolate_id, isolate_name, isolate_source, project_name, species) VALUES ('1450', 'CLM02-036', 'WILD-TYPE', 'GEMARA', 'Pseudomonas aeruginosa') ON DUPLICATE KEY UPDATE isolate_name = 'CLM02-036', isolate_source = 'WILD-TYPE', project_name = 'GEMARA', species = 'Pseudomonas aeruginosa'; 
INSERT INTO mic(mic_id, isolate_id, ami, ami_clinical_category, azt, azt_clinical_category, cip, cip_clinical_category, col, col_clinical_category, cza, cza_clinical_category, fep, fep_clinical_category, imi, imi_clinical_category, mer, mer_clinical_category, pip, pip_clinical_category, taz, taz_clinical_category, tic, tic_clinical_category, tob, tob_clinical_category, tol, tol_clinical_category) VALUES ('1450', '1450', '≤2', 'S', '4', 'S', '≤0.12', 'S', '1', 'S', '1', 'S', '2', 'S', '≤0.5', 'S', '≤0.5', 'S', '≤4', 'S', '2', 'S', '16', 'S', '≤0.25', 'S', '1', 'S') ON DUPLICATE KEY UPDATE ami = '≤2', ami_clinical_category = 'S', azt = '4', azt_clinical_category = 'S', cip = '≤0.12', cip_clinical_category = 'S', col = '1', col_clinical_category = 'S', cza = '1', cza_clinical_category = 'S', fep = '2', fep_clinical_category = 'S', imi = '≤0.5', imi_clinical_category = 'S', mer = '≤0.5', mer_clinical_category = 'S', pip = '≤4', pip_clinical_category = 'S', taz = '2', taz_clinical_category = 'S', tic = '16', tic_clinical_category = 'S', tob = '≤0.25', tob_clinical_category = 'S', tol = '1', tol_clinical_category = 'S'; 
INSERT INTO phenotypic_data(phenotypic_data_id, isolate_id, ecdc_resistance_profile) VALUES ('1448', '1450', 'S') ON DUPLICATE KEY UPDATE ecdc_resistance_profile = 'S'; 
INSERT INTO sequence_analysis(sequence_analysis_id, isolate_id, ame_loci, beta_lactamase_loci, clonal_complex, mutational_resistome) VALUES ('1450', '1450', '-', '-', '499', '{"PA0004": "WT", "PA0424": "WT", "PA0425": "WT", "PA0426": "WT", "PA0427": "WT", "PA0807": "A219T", "PA0958": "WT", "PA1798": "H398R", "PA1799": "WT", "PA2020": "WT", "PA2023": "WT", "PA2491": "D249N", "PA2492": "F172I, nt234\u22068", "PA2493": "WT", "PA2494": "WT", "PA2495": "A140T", "PA3047": "WT", "PA3168": "WT", "PA3574": "WT", "PA3721": "\u2206239nt, nt444\u22061", "PA3999": "WT", "PA4003": "WT", "PA4020": "WT", "PA4109": "WT", "PA4110": "R79Q, T105A, G129S", "PA4266": "WT", "PA4418": "WT", "PA4522": "G148A, D183Y", "PA4597": "M69V", "PA4598": "T304A, S845A, aa1027InsLLS", "PA4599": "S330A", "PA4600": "WT", "PA4776": "L71R", "PA4777": "Y345H", "PA4964": "WT", "PA4967": "WT", "PA5471": "L88P, D161G, H182Q, V243A", "PA5485": "WT"}') ON DUPLICATE KEY UPDATE ame_loci = '-', beta_lactamase_loci = '-', clonal_complex = '499', mutational_resistome = '{"PA0004": "WT", "PA0424": "WT", "PA0425": "WT", "PA0426": "WT", "PA0427": "WT", "PA0807": "A219T", "PA0958": "WT", "PA1798": "H398R", "PA1799": "WT", "PA2020": "WT", "PA2023": "WT", "PA2491": "D249N", "PA2492": "F172I, nt234\u22068", "PA2493": "WT", "PA2494": "WT", "PA2495": "A140T", "PA3047": "WT", "PA3168": "WT", "PA3574": "WT", "PA3721": "\u2206239nt, nt444\u22061", "PA3999": "WT", "PA4003": "WT", "PA4020": "WT", "PA4109": "WT", "PA4110": "R79Q, T105A, G129S", "PA4266": "WT", "PA4418": "WT", "PA4522": "G148A, D183Y", "PA4597": "M69V", "PA4598": "T304A, S845A, aa1027InsLLS", "PA4599": "S330A", "PA4600": "WT", "PA4776": "L71R", "PA4777": "Y345H", "PA4964": "WT", "PA4967": "WT", "PA5471": "L88P, D161G, H182Q, V243A", "PA5485": "WT"}'; 
INSERT INTO metadata_general(isolate_id, isolate_name, isolate_source, project_name, species) VALUES ('930', 'CVA01-024', 'WILD-TYPE', 'GEMARA', 'Pseudomonas aeruginosa') ON DUPLICATE KEY UPDATE isolate_name = 'CVA01-024', isolate_source = 'WILD-TYPE', project_name = 'GEMARA', species = 'Pseudomonas aeruginosa'; 
INSERT INTO mic(mic_id, isolate_id, ami, ami_clinical_category, azt, azt_clinical_category, cip, cip_clinical_category, col, col_clinical_category, cza, cza_clinical_category, fep, fep_clinical_category, imi, imi_clinical_category, mer, mer_clinical_category, pip, pip_clinical_category, taz, taz_clinical_category, tic, tic_clinical_category, tob, tob_clinical_category, tol, tol_clinical_category) VALUES ('930', '930', '≤2', 'S', '≤2', 'S', '≤0.12', 'S', '1', 'S', '1', 'S', '≤1', 'S', '1', 'S', '≤0.5', 'S', '≤4', 'S', '≤1', 'S', '16', 'S', '≤0.25', 'S', '≤0.5', 'S') ON DUPLICATE KEY UPDATE ami = '≤2', ami_clinical_category = 'S', azt = '≤2', azt_clinical_category = 'S', cip = '≤0.12', cip_clinical_category = 'S', col = '1', col_clinical_category = 'S', cza = '1', cza_clinical_category = 'S', fep = '≤1', fep_clinical_category = 'S', imi = '1', imi_clinical_category = 'S', mer = '≤0.5', mer_clinical_category = 'S', pip = '≤4', pip_clinical_category = 'S', taz = '≤1', taz_clinical_category = 'S', tic = '16', tic_clinical_category = 'S', tob = '≤0.25', tob_clinical_category = 'S', tol = '≤0.5', tol_clinical_category = 'S'; 
INSERT INTO phenotypic_data(phenotypic_data_id, isolate_id, ecdc_resistance_profile) VALUES ('842', '930', 'S') ON DUPLICATE KEY UPDATE ecdc_resistance_profile = 'S'; 
INSERT INTO sequence_analysis(sequence_analysis_id, isolate_id, ame_loci, beta_lactamase_loci, clonal_complex, mutational_resistome) VALUES ('930', '930', '-', '-', '3151', '{"PA0004": "WT", "PA0424": "V126E", "PA0425": "WT", "PA0426": "WT", "PA0427": "WT", "PA0807": "D197E, A219T", "PA0958": "WT", "PA1798": "D294A, S386N, H398R", "PA1799": "L153R, S170N", "PA2020": "L138R, R200S", "PA2023": "WT", "PA2491": "D249N", "PA2492": "P60S, F172I, nt234\u22068", "PA2493": "S8F, D353E, D370E", "PA2494": "D230A, D666E", "PA2495": "S13P, A410S", "PA3047": "WT", "PA3168": "S912A, aa911\u22062", "PA3574": "WT", "PA3721": "G71E, A145V, S209R", "PA3999": "A363G", "PA4003": "WT", "PA4020": "M297V", "PA4109": "M241I, G283E, M288R", "PA4110": "T105A, V205L, V356I, G391A", "PA4266": "I186V", "PA4418": "S455F", "PA4522": "Q44K, G148A", "PA4597": "T376S", "PA4598": "T87S, A155T, G199D, E257Q, V660I, S845A, I982V, K1031R, S1040T", "PA4599": "R76Q, H310R, S330A, A378T, A384V", "PA4600": "R21H, D56G", "PA4776": "L71R", "PA4777": "G68S, A119T, Y345H", "PA4964": "WT", "PA4967": "D533E", "PA5471": "C40R, L88P, S112N, D119E, D159A, H182Q, V243A", "PA5485": "WT"}') ON DUPLICATE KEY UPDATE ame_loci = '-', beta_lactamase_loci = '-', clonal_complex = '3151', mutational_resistome = '{"PA0004": "WT", "PA0424": "V126E", "PA0425": "WT", "PA0426": "WT", "PA0427": "WT", "PA0807": "D197E, A219T", "PA0958": "WT", "PA1798": "D294A, S386N, H398R", "PA1799": "L153R, S170N", "PA2020": "L138R, R200S", "PA2023": "WT", "PA2491": "D249N", "PA2492": "P60S, F172I, nt234\u22068", "PA2493": "S8F, D353E, D370E", "PA2494": "D230A, D666E", "PA2495": "S13P, A410S", "PA3047": "WT", "PA3168": "S912A, aa911\u22062", "PA3574": "WT", "PA3721": "G71E, A145V, S209R", "PA3999": "A363G", "PA4003": "WT", "PA4020": "M297V", "PA4109": "M241I, G283E, M288R", "PA4110": "T105A, V205L, V356I, G391A", "PA4266": "I186V", "PA4418": "S455F", "PA4522": "Q44K, G148A", "PA4597": "T376S", "PA4598": "T87S, A155T, G199D, E257Q, V660I, S845A, I982V, K1031R, S1040T", "PA4599": "R76Q, H310R, S330A, A378T, A384V", "PA4600": "R21H, D56G", "PA4776": "L71R", "PA4777": "G68S, A119T, Y345H", "PA4964": "WT", "PA4967": "D533E", "PA5471": "C40R, L88P, S112N, D119E, D159A, H182Q, V243A", "PA5485": "WT"}'; 
INSERT INTO metadata_general(isolate_id, isolate_name, isolate_source, project_name, species) VALUES ('931', 'CVA01-050', 'WILD-TYPE', 'GEMARA', 'Pseudomonas aeruginosa') ON DUPLICATE KEY UPDATE isolate_name = 'CVA01-050', isolate_source = 'WILD-TYPE', project_name = 'GEMARA', species = 'Pseudomonas aeruginosa'; 
INSERT INTO mic(mic_id, isolate_id, ami, ami_clinical_category, azt, azt_clinical_category, cip, cip_clinical_category, col, col_clinical_category, cza, cza_clinical_category, fep, fep_clinical_category, imi, imi_clinical_category, mer, mer_clinical_category, pip, pip_clinical_category, taz, taz_clinical_category, tic, tic_clinical_category, tob, tob_clinical_category, tol, tol_clinical_category) VALUES ('931', '931', '≤2', 'S', '≤2', 'S', '≤0.12', 'S', '1', 'S', '2', 'S', '2', 'S', '1', 'S', '≤0.5', 'S', '≤4', 'S', '2', 'S', '32', 'R', '≤0.25', 'S', '≤0.5', 'S') ON DUPLICATE KEY UPDATE ami = '≤2', ami_clinical_category = 'S', azt = '≤2', azt_clinical_category = 'S', cip = '≤0.12', cip_clinical_category = 'S', col = '1', col_clinical_category = 'S', cza = '2', cza_clinical_category = 'S', fep = '2', fep_clinical_category = 'S', imi = '1', imi_clinical_category = 'S', mer = '≤0.5', mer_clinical_category = 'S', pip = '≤4', pip_clinical_category = 'S', taz = '2', taz_clinical_category = 'S', tic = '32', tic_clinical_category = 'R', tob = '≤0.25', tob_clinical_category = 'S', tol = '≤0.5', tol_clinical_category = 'S'; 
INSERT INTO phenotypic_data(phenotypic_data_id, isolate_id, ecdc_resistance_profile) VALUES ('843', '931', 'S') ON DUPLICATE KEY UPDATE ecdc_resistance_profile = 'S'; 
INSERT INTO sequence_analysis(sequence_analysis_id, isolate_id, ame_loci, beta_lactamase_loci, clonal_complex, mutational_resistome) VALUES ('931', '931', '-', '-', '463', '{"PA0004": "WT", "PA0424": "WT", "PA0425": "WT", "PA0426": "I745V", "PA0427": "WT", "PA0807": "A219T", "PA0958": "WT", "PA1798": "H398R", "PA1799": "WT", "PA2020": "WT", "PA2023": "WT", "PA2491": "D249N", "PA2492": "P60S, F172I, nt234\u22068", "PA2493": "WT", "PA2494": "WT", "PA2495": "S13P", "PA3047": "A394P", "PA3168": "WT", "PA3574": "WT", "PA3721": "G71E, S209R", "PA3999": "WT", "PA4003": "WT", "PA4020": "M297V", "PA4109": "WT", "PA4110": "T105A, L176R", "PA4266": "WT", "PA4418": "WT", "PA4522": "G148A", "PA4597": "D68G, M69V", "PA4598": "S845A", "PA4599": "E26A, H310R, S330A", "PA4600": "WT", "PA4776": "L71R", "PA4777": "Y345H, P369S", "PA4964": "WT", "PA4967": "WT", "PA5471": "L88P, D161G, H182Q, V243A", "PA5485": "WT"}') ON DUPLICATE KEY UPDATE ame_loci = '-', beta_lactamase_loci = '-', clonal_complex = '463', mutational_resistome = '{"PA0004": "WT", "PA0424": "WT", "PA0425": "WT", "PA0426": "I745V", "PA0427": "WT", "PA0807": "A219T", "PA0958": "WT", "PA1798": "H398R", "PA1799": "WT", "PA2020": "WT", "PA2023": "WT", "PA2491": "D249N", "PA2492": "P60S, F172I, nt234\u22068", "PA2493": "WT", "PA2494": "WT", "PA2495": "S13P", "PA3047": "A394P", "PA3168": "WT", "PA3574": "WT", "PA3721": "G71E, S209R", "PA3999": "WT", "PA4003": "WT", "PA4020": "M297V", "PA4109": "WT", "PA4110": "T105A, L176R", "PA4266": "WT", "PA4418": "WT", "PA4522": "G148A", "PA4597": "D68G, M69V", "PA4598": "S845A", "PA4599": "E26A, H310R, S330A", "PA4600": "WT", "PA4776": "L71R", "PA4777": "Y345H, P369S", "PA4964": "WT", "PA4967": "WT", "PA5471": "L88P, D161G, H182Q, V243A", "PA5485": "WT"}'; 
INSERT INTO metadata_general(isolate_id, isolate_name, isolate_source, project_name, species) VALUES ('938', 'CVA01-052', 'WILD-TYPE', 'GEMARA', 'Pseudomonas aeruginosa') ON DUPLICATE KEY UPDATE isolate_name = 'CVA01-052', isolate_source = 'WILD-TYPE', project_name = 'GEMARA', species = 'Pseudomonas aeruginosa'; 
INSERT INTO mic(mic_id, isolate_id, ami, ami_clinical_category, azt, azt_clinical_category, cip, cip_clinical_category, col, col_clinical_category, cza, cza_clinical_category, fep, fep_clinical_category, imi, imi_clinical_category, mer, mer_clinical_category, pip, pip_clinical_category, taz, taz_clinical_category, tic, tic_clinical_category, tob, tob_clinical_category, tol, tol_clinical_category) VALUES ('938', '938', '4', 'S', '≤2', 'S', '0.25', 'S', '1', 'S', '1', 'S', '4', 'S', '≤0.5', 'S', '≤0.5', 'S', '≤4', 'S', '2', 'S', '16', 'S', '0.5', 'S', '≤0.5', 'S') ON DUPLICATE KEY UPDATE ami = '4', ami_clinical_category = 'S', azt = '≤2', azt_clinical_category = 'S', cip = '0.25', cip_clinical_category = 'S', col = '1', col_clinical_category = 'S', cza = '1', cza_clinical_category = 'S', fep = '4', fep_clinical_category = 'S', imi = '≤0.5', imi_clinical_category = 'S', mer = '≤0.5', mer_clinical_category = 'S', pip = '≤4', pip_clinical_category = 'S', taz = '2', taz_clinical_category = 'S', tic = '16', tic_clinical_category = 'S', tob = '0.5', tob_clinical_category = 'S', tol = '≤0.5', tol_clinical_category = 'S'; 
INSERT INTO phenotypic_data(phenotypic_data_id, isolate_id, ecdc_resistance_profile) VALUES ('850', '938', 'S') ON DUPLICATE KEY UPDATE ecdc_resistance_profile = 'S'; 
INSERT INTO sequence_analysis(sequence_analysis_id, isolate_id, ame_loci, beta_lactamase_loci, clonal_complex, mutational_resistome) VALUES ('938', '938', '-', '-', '3223', '{"PA0004": "WT", "PA0424": "V126E", "PA0425": "V286I", "PA0426": "I186V", "PA0427": "WT", "PA0807": "WT", "PA0958": "WT", "PA1798": "H398R", "PA1799": "L153R, S170N", "PA2020": "S44F, L138R, R200S", "PA2023": "WT", "PA2491": "D249N", "PA2492": "P60S, F172I, nt234\u22068", "PA2493": "S8F, D353E, D370E", "PA2494": "D230A, D666E", "PA2495": "S13P, A277V, A410S", "PA3047": "WT", "PA3168": "aa911\u22062", "PA3574": "WT", "PA3721": "G71E, A145V, S209R", "PA3999": "WT", "PA4003": "WT", "PA4020": "WT", "PA4109": "A51T", "PA4110": "F19L, R79Q, T105A, V205L, G391A", "PA4266": "I186V", "PA4418": "A139S", "PA4522": "G148A", "PA4597": "M69V, T376S", "PA4598": "T87S, A155T, E257Q, V434A, S845A, I982V, K1031R, S1040T", "PA4599": "A49V, R76Q, H310R, S330A, A378T, A384V", "PA4600": "R21H, D56G", "PA4776": "L71R", "PA4777": "A4T, G68S, T343N, Y345H", "PA4964": "WT", "PA4967": "D533E", "PA5471": "C40R, L88P, S112N, D119E, D159A, I237V, V243A", "PA5485": "WT"}') ON DUPLICATE KEY UPDATE ame_loci = '-', beta_lactamase_loci = '-', clonal_complex = '3223', mutational_resistome = '{"PA0004": "WT", "PA0424": "V126E", "PA0425": "V286I", "PA0426": "I186V", "PA0427": "WT", "PA0807": "WT", "PA0958": "WT", "PA1798": "H398R", "PA1799": "L153R, S170N", "PA2020": "S44F, L138R, R200S", "PA2023": "WT", "PA2491": "D249N", "PA2492": "P60S, F172I, nt234\u22068", "PA2493": "S8F, D353E, D370E", "PA2494": "D230A, D666E", "PA2495": "S13P, A277V, A410S", "PA3047": "WT", "PA3168": "aa911\u22062", "PA3574": "WT", "PA3721": "G71E, A145V, S209R", "PA3999": "WT", "PA4003": "WT", "PA4020": "WT", "PA4109": "A51T", "PA4110": "F19L, R79Q, T105A, V205L, G391A", "PA4266": "I186V", "PA4418": "A139S", "PA4522": "G148A", "PA4597": "M69V, T376S", "PA4598": "T87S, A155T, E257Q, V434A, S845A, I982V, K1031R, S1040T", "PA4599": "A49V, R76Q, H310R, S330A, A378T, A384V", "PA4600": "R21H, D56G", "PA4776": "L71R", "PA4777": "A4T, G68S, T343N, Y345H", "PA4964": "WT", "PA4967": "D533E", "PA5471": "C40R, L88P, S112N, D119E, D159A, I237V, V243A", "PA5485": "WT"}'; 
INSERT INTO metadata_general(isolate_id, isolate_name, isolate_source, project_name, species) VALUES ('953', 'CVA02-027', 'WILD-TYPE', 'GEMARA', 'Pseudomonas aeruginosa') ON DUPLICATE KEY UPDATE isolate_name = 'CVA02-027', isolate_source = 'WILD-TYPE', project_name = 'GEMARA', species = 'Pseudomonas aeruginosa'; 
INSERT INTO mic(mic_id, isolate_id, ami, ami_clinical_category, azt, azt_clinical_category, cip, cip_clinical_category, col, col_clinical_category, cza, cza_clinical_category, fep, fep_clinical_category, imi, imi_clinical_category, mer, mer_clinical_category, pip, pip_clinical_category, taz, taz_clinical_category, tic, tic_clinical_category, tob, tob_clinical_category, tol, tol_clinical_category) VALUES ('953', '953', '≤2', 'S', '4', 'S', '≤0.12', 'S', '1', 'S', '2', 'S', '2', 'S', '1', 'S', '≤0.5', 'S', '≤4', 'S', '2', 'S', '32', 'R', '0.5', 'S', '≤0.5', 'S') ON DUPLICATE KEY UPDATE ami = '≤2', ami_clinical_category = 'S', azt = '4', azt_clinical_category = 'S', cip = '≤0.12', cip_clinical_category = 'S', col = '1', col_clinical_category = 'S', cza = '2', cza_clinical_category = 'S', fep = '2', fep_clinical_category = 'S', imi = '1', imi_clinical_category = 'S', mer = '≤0.5', mer_clinical_category = 'S', pip = '≤4', pip_clinical_category = 'S', taz = '2', taz_clinical_category = 'S', tic = '32', tic_clinical_category = 'R', tob = '0.5', tob_clinical_category = 'S', tol = '≤0.5', tol_clinical_category = 'S'; 
INSERT INTO phenotypic_data(phenotypic_data_id, isolate_id, ecdc_resistance_profile) VALUES ('870', '953', 'S') ON DUPLICATE KEY UPDATE ecdc_resistance_profile = 'S'; 
INSERT INTO sequence_analysis(sequence_analysis_id, isolate_id, ame_loci, beta_lactamase_loci, clonal_complex, mutational_resistome) VALUES ('953', '953', '-', '-', '446', '{"PA0004": "WT", "PA0424": "V126E", "PA0425": "WT", "PA0426": "WT", "PA0427": "WT", "PA0807": "A208V", "PA0958": "WT", "PA1798": "H398R", "PA1799": "L153R, S170N", "PA2020": "WT", "PA2023": "WT", "PA2491": "D249N", "PA2492": "P60S, F172I, nt234\u22068", "PA2493": "S8F", "PA2494": "WT", "PA2495": "S13P", "PA3047": "WT", "PA3168": "WT", "PA3574": "WT", "PA3721": "G71E, A145V, S209R", "PA3999": "WT", "PA4003": "WT", "PA4020": "M297V", "PA4109": "E114A, G283E, M288R", "PA4110": "G27D, T105A, V205L, G391A", "PA4266": "WT", "PA4418": "WT", "PA4522": "WT", "PA4597": "M69V, T376S", "PA4598": "E257Q, S845A", "PA4599": "H310R, S330A, A378T, A384V", "PA4600": "WT", "PA4776": "L71R", "PA4777": "Y345H", "PA4964": "A587T", "PA4967": "D533E", "PA5471": "C40R, L88P, S112N, D119E, I237V, N238S, V243A, A352V", "PA5485": "WT"}') ON DUPLICATE KEY UPDATE ame_loci = '-', beta_lactamase_loci = '-', clonal_complex = '446', mutational_resistome = '{"PA0004": "WT", "PA0424": "V126E", "PA0425": "WT", "PA0426": "WT", "PA0427": "WT", "PA0807": "A208V", "PA0958": "WT", "PA1798": "H398R", "PA1799": "L153R, S170N", "PA2020": "WT", "PA2023": "WT", "PA2491": "D249N", "PA2492": "P60S, F172I, nt234\u22068", "PA2493": "S8F", "PA2494": "WT", "PA2495": "S13P", "PA3047": "WT", "PA3168": "WT", "PA3574": "WT", "PA3721": "G71E, A145V, S209R", "PA3999": "WT", "PA4003": "WT", "PA4020": "M297V", "PA4109": "E114A, G283E, M288R", "PA4110": "G27D, T105A, V205L, G391A", "PA4266": "WT", "PA4418": "WT", "PA4522": "WT", "PA4597": "M69V, T376S", "PA4598": "E257Q, S845A", "PA4599": "H310R, S330A, A378T, A384V", "PA4600": "WT", "PA4776": "L71R", "PA4777": "Y345H", "PA4964": "A587T", "PA4967": "D533E", "PA5471": "C40R, L88P, S112N, D119E, I237V, N238S, V243A, A352V", "PA5485": "WT"}'; 
INSERT INTO metadata_general(isolate_id, isolate_name, isolate_source, project_name, species) VALUES ('975', 'CVA03-012', 'WILD-TYPE', 'GEMARA', 'Pseudomonas aeruginosa') ON DUPLICATE KEY UPDATE isolate_name = 'CVA03-012', isolate_source = 'WILD-TYPE', project_name = 'GEMARA', species = 'Pseudomonas aeruginosa'; 
INSERT INTO mic(mic_id, isolate_id, ami, ami_clinical_category, azt, azt_clinical_category, cip, cip_clinical_category, col, col_clinical_category, cza, cza_clinical_category, fep, fep_clinical_category, imi, imi_clinical_category, mer, mer_clinical_category, pip, pip_clinical_category, taz, taz_clinical_category, tic, tic_clinical_category, tob, tob_clinical_category, tol, tol_clinical_category) VALUES ('975', '975', '4', 'S', '≤2', 'S', '≤0.12', 'S', '1', 'S', '≤0.5', 'S', '4', 'S', '2', 'S', '≤0.5', 'S', '≤4', 'S', '≤1', 'S', '≤8', 'S', '0.5', 'S', '≤0.5', 'S') ON DUPLICATE KEY UPDATE ami = '4', ami_clinical_category = 'S', azt = '≤2', azt_clinical_category = 'S', cip = '≤0.12', cip_clinical_category = 'S', col = '1', col_clinical_category = 'S', cza = '≤0.5', cza_clinical_category = 'S', fep = '4', fep_clinical_category = 'S', imi = '2', imi_clinical_category = 'S', mer = '≤0.5', mer_clinical_category = 'S', pip = '≤4', pip_clinical_category = 'S', taz = '≤1', taz_clinical_category = 'S', tic = '≤8', tic_clinical_category = 'S', tob = '0.5', tob_clinical_category = 'S', tol = '≤0.5', tol_clinical_category = 'S'; 
INSERT INTO phenotypic_data(phenotypic_data_id, isolate_id, ecdc_resistance_profile) VALUES ('898', '975', 'S') ON DUPLICATE KEY UPDATE ecdc_resistance_profile = 'S'; 
INSERT INTO sequence_analysis(sequence_analysis_id, isolate_id, ame_loci, beta_lactamase_loci, clonal_complex, mutational_resistome) VALUES ('975', '975', '-', '-', '308', '{"PA0004": "WT", "PA0424": "V126E", "PA0425": "A111T", "PA0426": "G957D, aa287\u22064", "PA0427": "WT", "PA0807": "WT", "PA0958": "WT", "PA1798": "H398R", "PA1799": "L153R, S170N", "PA2020": "G89S, nt9InsC", "PA2023": "WT", "PA2491": "V73A, D249N", "PA2492": "F172I, nt234\u22068", "PA2493": "WT", "PA2494": "WT", "PA2495": "S13P", "PA3047": "WT", "PA3168": "WT", "PA3574": "WT", "PA3721": "G71E, D79E, S209R", "PA3999": "WT", "PA4003": "WT", "PA4020": "WT", "PA4109": "G283E, M288R", "PA4110": "G27D, T105A, V205L, V356I, G391A", "PA4266": "WT", "PA4418": "WT", "PA4522": "WT", "PA4597": "WT", "PA4598": "T87S, S845A", "PA4599": "E251Q, A262E, A277T, H310R, S330A, A378T, A384V", "PA4600": "WT", "PA4776": "WT", "PA4777": "A4T, V15I, G68S, Y345H", "PA4964": "P752T", "PA4967": "D533E", "PA5471": "C40R, L88P, S112N, D119E, D159A, I237V, V243A", "PA5485": "V40I"}') ON DUPLICATE KEY UPDATE ame_loci = '-', beta_lactamase_loci = '-', clonal_complex = '308', mutational_resistome = '{"PA0004": "WT", "PA0424": "V126E", "PA0425": "A111T", "PA0426": "G957D, aa287\u22064", "PA0427": "WT", "PA0807": "WT", "PA0958": "WT", "PA1798": "H398R", "PA1799": "L153R, S170N", "PA2020": "G89S, nt9InsC", "PA2023": "WT", "PA2491": "V73A, D249N", "PA2492": "F172I, nt234\u22068", "PA2493": "WT", "PA2494": "WT", "PA2495": "S13P", "PA3047": "WT", "PA3168": "WT", "PA3574": "WT", "PA3721": "G71E, D79E, S209R", "PA3999": "WT", "PA4003": "WT", "PA4020": "WT", "PA4109": "G283E, M288R", "PA4110": "G27D, T105A, V205L, V356I, G391A", "PA4266": "WT", "PA4418": "WT", "PA4522": "WT", "PA4597": "WT", "PA4598": "T87S, S845A", "PA4599": "E251Q, A262E, A277T, H310R, S330A, A378T, A384V", "PA4600": "WT", "PA4776": "WT", "PA4777": "A4T, V15I, G68S, Y345H", "PA4964": "P752T", "PA4967": "D533E", "PA5471": "C40R, L88P, S112N, D119E, D159A, I237V, V243A", "PA5485": "V40I"}'; 
INSERT INTO metadata_general(isolate_id, isolate_name, isolate_source, project_name, species) VALUES ('987', 'CVA03-023', 'WILD-TYPE', 'GEMARA', 'Pseudomonas aeruginosa') ON DUPLICATE KEY UPDATE isolate_name = 'CVA03-023', isolate_source = 'WILD-TYPE', project_name = 'GEMARA', species = 'Pseudomonas aeruginosa'; 
INSERT INTO mic(mic_id, isolate_id, ami, ami_clinical_category, azt, azt_clinical_category, cip, cip_clinical_category, col, col_clinical_category, cza, cza_clinical_category, fep, fep_clinical_category, imi, imi_clinical_category, mer, mer_clinical_category, pip, pip_clinical_category, taz, taz_clinical_category, tic, tic_clinical_category, tob, tob_clinical_category, tol, tol_clinical_category) VALUES ('987', '987', '≤2', 'S', '4', 'S', '≤0.12', 'S', '1', 'S', '2', 'S', '2', 'S', '≤0.5', 'S', '≤0.5', 'S', '≤4', 'S', '2', 'S', '16', 'S', '≤0.25', 'S', '1', 'S') ON DUPLICATE KEY UPDATE ami = '≤2', ami_clinical_category = 'S', azt = '4', azt_clinical_category = 'S', cip = '≤0.12', cip_clinical_category = 'S', col = '1', col_clinical_category = 'S', cza = '2', cza_clinical_category = 'S', fep = '2', fep_clinical_category = 'S', imi = '≤0.5', imi_clinical_category = 'S', mer = '≤0.5', mer_clinical_category = 'S', pip = '≤4', pip_clinical_category = 'S', taz = '2', taz_clinical_category = 'S', tic = '16', tic_clinical_category = 'S', tob = '≤0.25', tob_clinical_category = 'S', tol = '1', tol_clinical_category = 'S'; 
INSERT INTO phenotypic_data(phenotypic_data_id, isolate_id, ecdc_resistance_profile) VALUES ('910', '987', 'S') ON DUPLICATE KEY UPDATE ecdc_resistance_profile = 'S'; 
INSERT INTO sequence_analysis(sequence_analysis_id, isolate_id, ame_loci, beta_lactamase_loci, clonal_complex, mutational_resistome) VALUES ('987', '987', '-', '-', '3218', '{"PA0004": "WT", "PA0424": "A103G, V126E", "PA0425": "WT", "PA0426": "N248K", "PA0427": "WT", "PA0807": "WT", "PA0958": "V127L", "PA1798": "A115E, A293V, V304I, E343D, H398R, Y407H", "PA1799": "T135A, L153R", "PA2020": "L138R, N186S, L196I", "PA2023": "WT", "PA2491": "K17T, D249N", "PA2492": "E26G, P60S, F172I, nt234\u22068", "PA2493": "WT", "PA2494": "WT", "PA2495": "S13P, T34S", "PA3047": "A394P", "PA3168": "WT", "PA3574": "WT", "PA3721": "G71E, Q182K", "PA3999": "WT", "PA4003": "V29I", "PA4020": "M297L", "PA4109": "G231S, G283E", "PA4110": "R5G, T21A, P23S, T105A, Q117E, L133I, A170T, L200I, V205L, R273K, V356I, G391A", "PA4266": "S695T", "PA4418": "WT", "PA4522": "A85G, G148A, E170G", "PA4597": "A30V, G120S, V146I, A163T, S176G, G184S, L250F, S264N, D351A", "PA4598": "V364L, V523A, I610V, E650Q, A748V, S845A, K863Q, A1039V", "PA4599": "R76Q, D226E, D298A, Q300R, H310R, S313G, S330A", "PA4600": "H109Y, I149L", "PA4776": "L71R", "PA4777": "A4T, Y345H, P369A, A462T", "PA4964": "S331T", "PA4967": "D533E", "PA5471": "C40R, L88P, H182Q, V243A, E307D, I346V", "PA5485": "WT"}') ON DUPLICATE KEY UPDATE ame_loci = '-', beta_lactamase_loci = '-', clonal_complex = '3218', mutational_resistome = '{"PA0004": "WT", "PA0424": "A103G, V126E", "PA0425": "WT", "PA0426": "N248K", "PA0427": "WT", "PA0807": "WT", "PA0958": "V127L", "PA1798": "A115E, A293V, V304I, E343D, H398R, Y407H", "PA1799": "T135A, L153R", "PA2020": "L138R, N186S, L196I", "PA2023": "WT", "PA2491": "K17T, D249N", "PA2492": "E26G, P60S, F172I, nt234\u22068", "PA2493": "WT", "PA2494": "WT", "PA2495": "S13P, T34S", "PA3047": "A394P", "PA3168": "WT", "PA3574": "WT", "PA3721": "G71E, Q182K", "PA3999": "WT", "PA4003": "V29I", "PA4020": "M297L", "PA4109": "G231S, G283E", "PA4110": "R5G, T21A, P23S, T105A, Q117E, L133I, A170T, L200I, V205L, R273K, V356I, G391A", "PA4266": "S695T", "PA4418": "WT", "PA4522": "A85G, G148A, E170G", "PA4597": "A30V, G120S, V146I, A163T, S176G, G184S, L250F, S264N, D351A", "PA4598": "V364L, V523A, I610V, E650Q, A748V, S845A, K863Q, A1039V", "PA4599": "R76Q, D226E, D298A, Q300R, H310R, S313G, S330A", "PA4600": "H109Y, I149L", "PA4776": "L71R", "PA4777": "A4T, Y345H, P369A, A462T", "PA4964": "S331T", "PA4967": "D533E", "PA5471": "C40R, L88P, H182Q, V243A, E307D, I346V", "PA5485": "WT"}'; 
INSERT INTO metadata_general(isolate_id, isolate_name, isolate_source, project_name, species) VALUES ('1004', 'EXT01-017', 'WILD-TYPE', 'GEMARA', 'Pseudomonas aeruginosa') ON DUPLICATE KEY UPDATE isolate_name = 'EXT01-017', isolate_source = 'WILD-TYPE', project_name = 'GEMARA', species = 'Pseudomonas aeruginosa'; 
INSERT INTO mic(mic_id, isolate_id, ami, ami_clinical_category, azt, azt_clinical_category, cip, cip_clinical_category, col, col_clinical_category, cza, cza_clinical_category, fep, fep_clinical_category, imi, imi_clinical_category, mer, mer_clinical_category, pip, pip_clinical_category, taz, taz_clinical_category, tic, tic_clinical_category, tob, tob_clinical_category, tol, tol_clinical_category) VALUES ('1004', '1004', '≤2', 'S', '4', 'S', '≤0.12', 'S', '1', 'S', '1', 'S', '2', 'S', '1', 'S', '≤0.5', 'S', '≤4', 'S', '2', 'S', '32', 'R', '≤0.25', 'S', '≤0.5', 'S') ON DUPLICATE KEY UPDATE ami = '≤2', ami_clinical_category = 'S', azt = '4', azt_clinical_category = 'S', cip = '≤0.12', cip_clinical_category = 'S', col = '1', col_clinical_category = 'S', cza = '1', cza_clinical_category = 'S', fep = '2', fep_clinical_category = 'S', imi = '1', imi_clinical_category = 'S', mer = '≤0.5', mer_clinical_category = 'S', pip = '≤4', pip_clinical_category = 'S', taz = '2', taz_clinical_category = 'S', tic = '32', tic_clinical_category = 'R', tob = '≤0.25', tob_clinical_category = 'S', tol = '≤0.5', tol_clinical_category = 'S'; 
INSERT INTO phenotypic_data(phenotypic_data_id, isolate_id, ecdc_resistance_profile) VALUES ('932', '1004', 'S') ON DUPLICATE KEY UPDATE ecdc_resistance_profile = 'S'; 
INSERT INTO sequence_analysis(sequence_analysis_id, isolate_id, ame_loci, beta_lactamase_loci, clonal_complex, mutational_resistome) VALUES ('1004', '1004', '-', '-', '316', '{"PA0004": "WT", "PA0424": "V126E", "PA0425": "WT", "PA0426": "WT", "PA0427": "WT", "PA0807": "WT", "PA0958": "WT", "PA1798": "E90X", "PA1799": "L153R, S170N", "PA2020": "WT", "PA2023": "WT", "PA2491": "D249N", "PA2492": "P60S, F172I, nt234\u22068", "PA2493": "S8F", "PA2494": "D666E", "PA2495": "S13P", "PA3047": "WT", "PA3168": "G889R", "PA3574": "WT", "PA3721": "G71E, E153Q, S209R", "PA3999": "WT", "PA4003": "WT", "PA4020": "WT", "PA4109": "E114A, G283E, M288R", "PA4110": "T105A, V205L, V356I, G391A", "PA4266": "WT", "PA4418": "WT", "PA4522": "G148A, D183Y", "PA4597": "WT", "PA4598": "A647V, S845A", "PA4599": "A31V, R76Q, H310R, S330A, P383S", "PA4600": "WT", "PA4776": "WT", "PA4777": "A4T, V6A, V15I, G68S, Y345H", "PA4964": "WT", "PA4967": "D533E", "PA5471": "C40R, L88P, S112N, D119E, I237V, V243A", "PA5485": "WT"}') ON DUPLICATE KEY UPDATE ame_loci = '-', beta_lactamase_loci = '-', clonal_complex = '316', mutational_resistome = '{"PA0004": "WT", "PA0424": "V126E", "PA0425": "WT", "PA0426": "WT", "PA0427": "WT", "PA0807": "WT", "PA0958": "WT", "PA1798": "E90X", "PA1799": "L153R, S170N", "PA2020": "WT", "PA2023": "WT", "PA2491": "D249N", "PA2492": "P60S, F172I, nt234\u22068", "PA2493": "S8F", "PA2494": "D666E", "PA2495": "S13P", "PA3047": "WT", "PA3168": "G889R", "PA3574": "WT", "PA3721": "G71E, E153Q, S209R", "PA3999": "WT", "PA4003": "WT", "PA4020": "WT", "PA4109": "E114A, G283E, M288R", "PA4110": "T105A, V205L, V356I, G391A", "PA4266": "WT", "PA4418": "WT", "PA4522": "G148A, D183Y", "PA4597": "WT", "PA4598": "A647V, S845A", "PA4599": "A31V, R76Q, H310R, S330A, P383S", "PA4600": "WT", "PA4776": "WT", "PA4777": "A4T, V6A, V15I, G68S, Y345H", "PA4964": "WT", "PA4967": "D533E", "PA5471": "C40R, L88P, S112N, D119E, I237V, V243A", "PA5485": "WT"}'; 
INSERT INTO metadata_general(isolate_id, isolate_name, isolate_source, project_name, species) VALUES ('1024', 'GAL01-008', 'WILD-TYPE', 'GEMARA', 'Pseudomonas aeruginosa') ON DUPLICATE KEY UPDATE isolate_name = 'GAL01-008', isolate_source = 'WILD-TYPE', project_name = 'GEMARA', species = 'Pseudomonas aeruginosa'; 
INSERT INTO mic(mic_id, isolate_id, ami, ami_clinical_category, azt, azt_clinical_category, cip, cip_clinical_category, col, col_clinical_category, cza, cza_clinical_category, fep, fep_clinical_category, imi, imi_clinical_category, mer, mer_clinical_category, pip, pip_clinical_category, taz, taz_clinical_category, tic, tic_clinical_category, tob, tob_clinical_category, tol, tol_clinical_category) VALUES ('1024', '1024', '≤2', 'S', '≤2', 'S', '≤0.12', 'S', '2', 'S', '1', 'S', '≤1', 'S', '1', 'S', '1', 'S', '≤4', 'S', '≤1', 'S', '16', 'S', '≤0.25', 'S', '≤0.5', 'S') ON DUPLICATE KEY UPDATE ami = '≤2', ami_clinical_category = 'S', azt = '≤2', azt_clinical_category = 'S', cip = '≤0.12', cip_clinical_category = 'S', col = '2', col_clinical_category = 'S', cza = '1', cza_clinical_category = 'S', fep = '≤1', fep_clinical_category = 'S', imi = '1', imi_clinical_category = 'S', mer = '1', mer_clinical_category = 'S', pip = '≤4', pip_clinical_category = 'S', taz = '≤1', taz_clinical_category = 'S', tic = '16', tic_clinical_category = 'S', tob = '≤0.25', tob_clinical_category = 'S', tol = '≤0.5', tol_clinical_category = 'S'; 
INSERT INTO phenotypic_data(phenotypic_data_id, isolate_id, ecdc_resistance_profile) VALUES ('956', '1024', 'S') ON DUPLICATE KEY UPDATE ecdc_resistance_profile = 'S'; 
INSERT INTO sequence_analysis(sequence_analysis_id, isolate_id, ame_loci, beta_lactamase_loci, clonal_complex, mutational_resistome) VALUES ('1024', '1024', '-', '-', '244', '{"PA0004": "WT", "PA0424": "WT", "PA0425": "WT", "PA0426": "WT", "PA0427": "WT", "PA0807": "A219T", "PA0958": "WT", "PA1798": "H398R", "PA1799": "WT", "PA2020": "WT", "PA2023": "WT", "PA2491": "A75V, D249N", "PA2492": "P60S, F172I, nt234\u22068", "PA2493": "WT", "PA2494": "WT", "PA2495": "WT", "PA3047": "WT", "PA3168": "WT", "PA3574": "WT", "PA3721": "WT", "PA3999": "WT", "PA4003": "WT", "PA4020": "M297V, A303V", "PA4109": "WT", "PA4110": "WT", "PA4266": "WT", "PA4418": "WT", "PA4522": "R11L, G148A, D183Y", "PA4597": "D68G, M69V", "PA4598": "S845A", "PA4599": "R76Q, H310R, S330A, P383S", "PA4600": "WT", "PA4776": "L71R", "PA4777": "WT", "PA4964": "WT", "PA4967": "WT", "PA5471": "L88P, G157D, D161G, H182Q, V243A", "PA5485": "WT"}') ON DUPLICATE KEY UPDATE ame_loci = '-', beta_lactamase_loci = '-', clonal_complex = '244', mutational_resistome = '{"PA0004": "WT", "PA0424": "WT", "PA0425": "WT", "PA0426": "WT", "PA0427": "WT", "PA0807": "A219T", "PA0958": "WT", "PA1798": "H398R", "PA1799": "WT", "PA2020": "WT", "PA2023": "WT", "PA2491": "A75V, D249N", "PA2492": "P60S, F172I, nt234\u22068", "PA2493": "WT", "PA2494": "WT", "PA2495": "WT", "PA3047": "WT", "PA3168": "WT", "PA3574": "WT", "PA3721": "WT", "PA3999": "WT", "PA4003": "WT", "PA4020": "M297V, A303V", "PA4109": "WT", "PA4110": "WT", "PA4266": "WT", "PA4418": "WT", "PA4522": "R11L, G148A, D183Y", "PA4597": "D68G, M69V", "PA4598": "S845A", "PA4599": "R76Q, H310R, S330A, P383S", "PA4600": "WT", "PA4776": "L71R", "PA4777": "WT", "PA4964": "WT", "PA4967": "WT", "PA5471": "L88P, G157D, D161G, H182Q, V243A", "PA5485": "WT"}'; 
INSERT INTO metadata_general(isolate_id, isolate_name, isolate_source, project_name, species) VALUES ('1025', 'GAL01-017', 'WILD-TYPE', 'GEMARA', 'Pseudomonas aeruginosa') ON DUPLICATE KEY UPDATE isolate_name = 'GAL01-017', isolate_source = 'WILD-TYPE', project_name = 'GEMARA', species = 'Pseudomonas aeruginosa'; 
INSERT INTO mic(mic_id, isolate_id, ami, ami_clinical_category, azt, azt_clinical_category, cip, cip_clinical_category, col, col_clinical_category, cza, cza_clinical_category, fep, fep_clinical_category, imi, imi_clinical_category, mer, mer_clinical_category, pip, pip_clinical_category, taz, taz_clinical_category, tic, tic_clinical_category, tob, tob_clinical_category, tol, tol_clinical_category) VALUES ('1025', '1025', '≤2', 'S', '≤2', 'S', '≤0.12', 'S', '1', 'S', '1', 'S', '2', 'S', '1', 'S', '1', 'S', '≤4', 'S', '≤1', 'S', '16', 'S', '≤0.25', 'S', '≤0.5', 'S') ON DUPLICATE KEY UPDATE ami = '≤2', ami_clinical_category = 'S', azt = '≤2', azt_clinical_category = 'S', cip = '≤0.12', cip_clinical_category = 'S', col = '1', col_clinical_category = 'S', cza = '1', cza_clinical_category = 'S', fep = '2', fep_clinical_category = 'S', imi = '1', imi_clinical_category = 'S', mer = '1', mer_clinical_category = 'S', pip = '≤4', pip_clinical_category = 'S', taz = '≤1', taz_clinical_category = 'S', tic = '16', tic_clinical_category = 'S', tob = '≤0.25', tob_clinical_category = 'S', tol = '≤0.5', tol_clinical_category = 'S'; 
INSERT INTO phenotypic_data(phenotypic_data_id, isolate_id, ecdc_resistance_profile) VALUES ('957', '1025', 'S') ON DUPLICATE KEY UPDATE ecdc_resistance_profile = 'S'; 
INSERT INTO sequence_analysis(sequence_analysis_id, isolate_id, ame_loci, beta_lactamase_loci, clonal_complex, mutational_resistome) VALUES ('1025', '1025', '-', '-', '244', '{"PA0004": "WT", "PA0424": "WT", "PA0425": "WT", "PA0426": "WT", "PA0427": "WT", "PA0807": "A219T", "PA0958": "F77L, F89L, L96I, Q250K", "PA1798": "H398R", "PA1799": "WT", "PA2020": "WT", "PA2023": "WT", "PA2491": "A75V, D249N", "PA2492": "P60S, F172I, nt234\u22068", "PA2493": "WT", "PA2494": "WT", "PA2495": "WT", "PA3047": "WT", "PA3168": "WT", "PA3574": "WT", "PA3721": "WT", "PA3999": "WT", "PA4003": "WT", "PA4020": "M297V, A303V", "PA4109": "WT", "PA4110": "WT", "PA4266": "WT", "PA4418": "WT", "PA4522": "R11L, G148A, D183Y", "PA4597": "D68G, M69V", "PA4598": "S845A", "PA4599": "R76Q, H310R, S330A, P383S", "PA4600": "WT", "PA4776": "L71R", "PA4777": "WT", "PA4964": "WT", "PA4967": "WT", "PA5471": "L88P, G157D, D161G, H182Q, V243A", "PA5485": "WT"}') ON DUPLICATE KEY UPDATE ame_loci = '-', beta_lactamase_loci = '-', clonal_complex = '244', mutational_resistome = '{"PA0004": "WT", "PA0424": "WT", "PA0425": "WT", "PA0426": "WT", "PA0427": "WT", "PA0807": "A219T", "PA0958": "F77L, F89L, L96I, Q250K", "PA1798": "H398R", "PA1799": "WT", "PA2020": "WT", "PA2023": "WT", "PA2491": "A75V, D249N", "PA2492": "P60S, F172I, nt234\u22068", "PA2493": "WT", "PA2494": "WT", "PA2495": "WT", "PA3047": "WT", "PA3168": "WT", "PA3574": "WT", "PA3721": "WT", "PA3999": "WT", "PA4003": "WT", "PA4020": "M297V, A303V", "PA4109": "WT", "PA4110": "WT", "PA4266": "WT", "PA4418": "WT", "PA4522": "R11L, G148A, D183Y", "PA4597": "D68G, M69V", "PA4598": "S845A", "PA4599": "R76Q, H310R, S330A, P383S", "PA4600": "WT", "PA4776": "L71R", "PA4777": "WT", "PA4964": "WT", "PA4967": "WT", "PA5471": "L88P, G157D, D161G, H182Q, V243A", "PA5485": "WT"}'; 
INSERT INTO metadata_general(isolate_id, isolate_name, isolate_source, project_name, species) VALUES ('1044', 'GAL02-037', 'WILD-TYPE', 'GEMARA', 'Pseudomonas aeruginosa') ON DUPLICATE KEY UPDATE isolate_name = 'GAL02-037', isolate_source = 'WILD-TYPE', project_name = 'GEMARA', species = 'Pseudomonas aeruginosa'; 
INSERT INTO mic(mic_id, isolate_id, ami, ami_clinical_category, azt, azt_clinical_category, cip, cip_clinical_category, col, col_clinical_category, cza, cza_clinical_category, fep, fep_clinical_category, imi, imi_clinical_category, mer, mer_clinical_category, pip, pip_clinical_category, taz, taz_clinical_category, tic, tic_clinical_category, tob, tob_clinical_category, tol, tol_clinical_category) VALUES ('1044', '1044', '≤2', 'S', '4', 'S', '≤0.12', 'S', '1', 'S', '1', 'S', '2', 'S', '1', 'S', '1', 'S', '≤4', 'S', '2', 'S', '16', 'S', '0.5', 'S', '≤0.5', 'S') ON DUPLICATE KEY UPDATE ami = '≤2', ami_clinical_category = 'S', azt = '4', azt_clinical_category = 'S', cip = '≤0.12', cip_clinical_category = 'S', col = '1', col_clinical_category = 'S', cza = '1', cza_clinical_category = 'S', fep = '2', fep_clinical_category = 'S', imi = '1', imi_clinical_category = 'S', mer = '1', mer_clinical_category = 'S', pip = '≤4', pip_clinical_category = 'S', taz = '2', taz_clinical_category = 'S', tic = '16', tic_clinical_category = 'S', tob = '0.5', tob_clinical_category = 'S', tol = '≤0.5', tol_clinical_category = 'S'; 
INSERT INTO phenotypic_data(phenotypic_data_id, isolate_id, ecdc_resistance_profile) VALUES ('978', '1044', 'S') ON DUPLICATE KEY UPDATE ecdc_resistance_profile = 'S'; 
INSERT INTO sequence_analysis(sequence_analysis_id, isolate_id, ame_loci, beta_lactamase_loci, clonal_complex, mutational_resistome) VALUES ('1044', '1044', '-', '-', '357', '{"PA0004": "WT", "PA0424": "V126E", "PA0425": "WT", "PA0426": "WT", "PA0427": "WT", "PA0807": "WT", "PA0958": "WT", "PA1798": "H398R", "PA1799": "L153R, S170N", "PA2020": "WT", "PA2023": "WT", "PA2491": "D249N", "PA2492": "F172I, nt234\u22068", "PA2493": "S8F, A79G, A231T", "PA2494": "A843T", "PA2495": "S13P, A410S", "PA3047": "WT", "PA3168": "WT", "PA3574": "WT", "PA3721": "G71E, S209R", "PA3999": "WT", "PA4003": "WT", "PA4020": "M297V", "PA4109": "E114A, S179T, G283E, M288R", "PA4110": "P7S, T105A, V205L, G391A", "PA4266": "WT", "PA4418": "WT", "PA4522": "E68D", "PA4597": "A260V", "PA4598": "T87S, S845A", "PA4599": "E251Q, A262E, A277T, H310R, S330A, A378T, A384V", "PA4600": "WT", "PA4776": "WT", "PA4777": "S2P, A4T, V15I, G68S, Y345H", "PA4964": "P752T", "PA4967": "D533E", "PA5471": "C40R, L88P, S112N, D119E, D207N, I237V, V243A, S314N", "PA5485": "WT"}') ON DUPLICATE KEY UPDATE ame_loci = '-', beta_lactamase_loci = '-', clonal_complex = '357', mutational_resistome = '{"PA0004": "WT", "PA0424": "V126E", "PA0425": "WT", "PA0426": "WT", "PA0427": "WT", "PA0807": "WT", "PA0958": "WT", "PA1798": "H398R", "PA1799": "L153R, S170N", "PA2020": "WT", "PA2023": "WT", "PA2491": "D249N", "PA2492": "F172I, nt234\u22068", "PA2493": "S8F, A79G, A231T", "PA2494": "A843T", "PA2495": "S13P, A410S", "PA3047": "WT", "PA3168": "WT", "PA3574": "WT", "PA3721": "G71E, S209R", "PA3999": "WT", "PA4003": "WT", "PA4020": "M297V", "PA4109": "E114A, S179T, G283E, M288R", "PA4110": "P7S, T105A, V205L, G391A", "PA4266": "WT", "PA4418": "WT", "PA4522": "E68D", "PA4597": "A260V", "PA4598": "T87S, S845A", "PA4599": "E251Q, A262E, A277T, H310R, S330A, A378T, A384V", "PA4600": "WT", "PA4776": "WT", "PA4777": "S2P, A4T, V15I, G68S, Y345H", "PA4964": "P752T", "PA4967": "D533E", "PA5471": "C40R, L88P, S112N, D119E, D207N, I237V, V243A, S314N", "PA5485": "WT"}'; 
INSERT INTO metadata_general(isolate_id, isolate_name, isolate_source, project_name, species) VALUES ('1069', 'GAL03-001', 'WILD-TYPE', 'GEMARA', 'Pseudomonas aeruginosa') ON DUPLICATE KEY UPDATE isolate_name = 'GAL03-001', isolate_source = 'WILD-TYPE', project_name = 'GEMARA', species = 'Pseudomonas aeruginosa'; 
INSERT INTO mic(mic_id, isolate_id, ami, ami_clinical_category, azt, azt_clinical_category, cip, cip_clinical_category, col, col_clinical_category, cza, cza_clinical_category, fep, fep_clinical_category, imi, imi_clinical_category, mer, mer_clinical_category, pip, pip_clinical_category, taz, taz_clinical_category, tic, tic_clinical_category, tob, tob_clinical_category, tol, tol_clinical_category) VALUES ('1069', '1069', '≤2', 'S', '4', 'S', '≤0.12', 'S', '2', 'S', '1', 'S', '2', 'S', '2', 'S', '1', 'S', '≤4', 'S', '2', 'S', '16', 'S', '≤0.25', 'S', '≤0.5', 'S') ON DUPLICATE KEY UPDATE ami = '≤2', ami_clinical_category = 'S', azt = '4', azt_clinical_category = 'S', cip = '≤0.12', cip_clinical_category = 'S', col = '2', col_clinical_category = 'S', cza = '1', cza_clinical_category = 'S', fep = '2', fep_clinical_category = 'S', imi = '2', imi_clinical_category = 'S', mer = '1', mer_clinical_category = 'S', pip = '≤4', pip_clinical_category = 'S', taz = '2', taz_clinical_category = 'S', tic = '16', tic_clinical_category = 'S', tob = '≤0.25', tob_clinical_category = 'S', tol = '≤0.5', tol_clinical_category = 'S'; 
INSERT INTO phenotypic_data(phenotypic_data_id, isolate_id, ecdc_resistance_profile) VALUES ('1006', '1069', 'S') ON DUPLICATE KEY UPDATE ecdc_resistance_profile = 'S'; 
INSERT INTO sequence_analysis(sequence_analysis_id, isolate_id, ame_loci, beta_lactamase_loci, clonal_complex, mutational_resistome) VALUES ('1069', '1069', '-', '-', '1053', '{"PA0004": "WT", "PA0424": "V126E", "PA0425": "WT", "PA0426": "WT", "PA0427": "WT", "PA0807": "A219T", "PA0958": "WT", "PA1798": "H398R", "PA1799": "WT", "PA2020": "WT", "PA2023": "WT", "PA2491": "T236P, D249N", "PA2492": "F172I, nt234\u22068", "PA2493": "S8F", "PA2494": "WT", "PA2495": "S13P", "PA3047": "WT", "PA3168": "WT", "PA3574": "WT", "PA3721": "S209R", "PA3999": "WT", "PA4003": "WT", "PA4020": "M297V, A303V", "PA4109": "WT", "PA4110": "WT", "PA4266": "WT", "PA4418": "N117S", "PA4522": "WT", "PA4597": "M69V", "PA4598": "R540G, S845A", "PA4599": "S330A", "PA4600": "WT", "PA4776": "L71R", "PA4777": "Y345H", "PA4964": "WT", "PA4967": "WT", "PA5471": "L88P, D161G, H182Q, V243A, R320P", "PA5485": "WT"}') ON DUPLICATE KEY UPDATE ame_loci = '-', beta_lactamase_loci = '-', clonal_complex = '1053', mutational_resistome = '{"PA0004": "WT", "PA0424": "V126E", "PA0425": "WT", "PA0426": "WT", "PA0427": "WT", "PA0807": "A219T", "PA0958": "WT", "PA1798": "H398R", "PA1799": "WT", "PA2020": "WT", "PA2023": "WT", "PA2491": "T236P, D249N", "PA2492": "F172I, nt234\u22068", "PA2493": "S8F", "PA2494": "WT", "PA2495": "S13P", "PA3047": "WT", "PA3168": "WT", "PA3574": "WT", "PA3721": "S209R", "PA3999": "WT", "PA4003": "WT", "PA4020": "M297V, A303V", "PA4109": "WT", "PA4110": "WT", "PA4266": "WT", "PA4418": "N117S", "PA4522": "WT", "PA4597": "M69V", "PA4598": "R540G, S845A", "PA4599": "S330A", "PA4600": "WT", "PA4776": "L71R", "PA4777": "Y345H", "PA4964": "WT", "PA4967": "WT", "PA5471": "L88P, D161G, H182Q, V243A, R320P", "PA5485": "WT"}'; 
INSERT INTO metadata_general(isolate_id, isolate_name, isolate_source, project_name, species) VALUES ('1090', 'GAL04-008', 'WILD-TYPE', 'GEMARA', 'Pseudomonas aeruginosa') ON DUPLICATE KEY UPDATE isolate_name = 'GAL04-008', isolate_source = 'WILD-TYPE', project_name = 'GEMARA', species = 'Pseudomonas aeruginosa'; 
INSERT INTO mic(mic_id, isolate_id, ami, ami_clinical_category, azt, azt_clinical_category, cip, cip_clinical_category, col, col_clinical_category, cza, cza_clinical_category, fep, fep_clinical_category, imi, imi_clinical_category, mer, mer_clinical_category, pip, pip_clinical_category, taz, taz_clinical_category, tic, tic_clinical_category, tob, tob_clinical_category, tol, tol_clinical_category) VALUES ('1090', '1090', '4', 'S', '≤2', 'S', '≤0.12', 'S', '1', 'S', '1', 'S', '≤1', 'S', '1', 'S', '≤0.5', 'S', '≤4', 'S', '≤1', 'S', '≤8', 'S', '0.5', 'S', '≤0.5', 'S') ON DUPLICATE KEY UPDATE ami = '4', ami_clinical_category = 'S', azt = '≤2', azt_clinical_category = 'S', cip = '≤0.12', cip_clinical_category = 'S', col = '1', col_clinical_category = 'S', cza = '1', cza_clinical_category = 'S', fep = '≤1', fep_clinical_category = 'S', imi = '1', imi_clinical_category = 'S', mer = '≤0.5', mer_clinical_category = 'S', pip = '≤4', pip_clinical_category = 'S', taz = '≤1', taz_clinical_category = 'S', tic = '≤8', tic_clinical_category = 'S', tob = '0.5', tob_clinical_category = 'S', tol = '≤0.5', tol_clinical_category = 'S'; 
INSERT INTO phenotypic_data(phenotypic_data_id, isolate_id, ecdc_resistance_profile) VALUES ('1029', '1090', 'S') ON DUPLICATE KEY UPDATE ecdc_resistance_profile = 'S'; 
INSERT INTO sequence_analysis(sequence_analysis_id, isolate_id, ame_loci, beta_lactamase_loci, clonal_complex, mutational_resistome) VALUES ('1090', '1090', '-', '-', '3235', '{"PA0004": "WT", "PA0424": "V126E", "PA0425": "WT", "PA0426": "R817P", "PA0427": "WT", "PA0807": "A208V", "PA0958": "WT", "PA1798": "V295I, V313I, H398R", "PA1799": "L153R, S170N", "PA2020": "WT", "PA2023": "WT", "PA2491": "\u2206803nt", "PA2492": "D59A, F172I, nt234\u22068", "PA2493": "S8F, D353E, D370E", "PA2494": "D230A, D666E, V957I", "PA2495": "S13P", "PA3047": "WT", "PA3168": "WT", "PA3574": "WT", "PA3721": "G71E, A145V, S209R", "PA3999": "WT", "PA4003": "WT", "PA4020": "WT", "PA4109": "G283E, M288R", "PA4110": "P23S, T105A, V205L, G391A", "PA4266": "I186V", "PA4418": "WT", "PA4522": "G148A", "PA4597": "WT", "PA4598": "E314D, S845A", "PA4599": "R76Q, T175A, H310R, S313G, S330A, P383S", "PA4600": "WT", "PA4776": "WT", "PA4777": "A4T, V15I, G68S, Y345H", "PA4964": "S197L", "PA4967": "D533E", "PA5471": "C40R, A58V, L88P, S112N, D119E, D161G, H182Q, V243A", "PA5485": "WT"}') ON DUPLICATE KEY UPDATE ame_loci = '-', beta_lactamase_loci = '-', clonal_complex = '3235', mutational_resistome = '{"PA0004": "WT", "PA0424": "V126E", "PA0425": "WT", "PA0426": "R817P", "PA0427": "WT", "PA0807": "A208V", "PA0958": "WT", "PA1798": "V295I, V313I, H398R", "PA1799": "L153R, S170N", "PA2020": "WT", "PA2023": "WT", "PA2491": "\u2206803nt", "PA2492": "D59A, F172I, nt234\u22068", "PA2493": "S8F, D353E, D370E", "PA2494": "D230A, D666E, V957I", "PA2495": "S13P", "PA3047": "WT", "PA3168": "WT", "PA3574": "WT", "PA3721": "G71E, A145V, S209R", "PA3999": "WT", "PA4003": "WT", "PA4020": "WT", "PA4109": "G283E, M288R", "PA4110": "P23S, T105A, V205L, G391A", "PA4266": "I186V", "PA4418": "WT", "PA4522": "G148A", "PA4597": "WT", "PA4598": "E314D, S845A", "PA4599": "R76Q, T175A, H310R, S313G, S330A, P383S", "PA4600": "WT", "PA4776": "WT", "PA4777": "A4T, V15I, G68S, Y345H", "PA4964": "S197L", "PA4967": "D533E", "PA5471": "C40R, A58V, L88P, S112N, D119E, D161G, H182Q, V243A", "PA5485": "WT"}'; 
INSERT INTO metadata_general(isolate_id, isolate_name, isolate_source, project_name, species) VALUES ('1111', 'GAL04-038', 'WILD-TYPE', 'GEMARA', 'Pseudomonas aeruginosa') ON DUPLICATE KEY UPDATE isolate_name = 'GAL04-038', isolate_source = 'WILD-TYPE', project_name = 'GEMARA', species = 'Pseudomonas aeruginosa'; 
INSERT INTO mic(mic_id, isolate_id, ami, ami_clinical_category, azt, azt_clinical_category, cip, cip_clinical_category, col, col_clinical_category, cza, cza_clinical_category, fep, fep_clinical_category, imi, imi_clinical_category, mer, mer_clinical_category, pip, pip_clinical_category, taz, taz_clinical_category, tic, tic_clinical_category, tob, tob_clinical_category, tol, tol_clinical_category) VALUES ('1111', '1111', '≤2', 'S', '4', 'S', '≤0.12', 'S', '1', 'S', '1', 'S', '2', 'S', '2', 'S', '2', 'S', '≤4', 'S', '2', 'S', '16', 'S', '≤0.25', 'S', '1', 'S') ON DUPLICATE KEY UPDATE ami = '≤2', ami_clinical_category = 'S', azt = '4', azt_clinical_category = 'S', cip = '≤0.12', cip_clinical_category = 'S', col = '1', col_clinical_category = 'S', cza = '1', cza_clinical_category = 'S', fep = '2', fep_clinical_category = 'S', imi = '2', imi_clinical_category = 'S', mer = '2', mer_clinical_category = 'S', pip = '≤4', pip_clinical_category = 'S', taz = '2', taz_clinical_category = 'S', tic = '16', tic_clinical_category = 'S', tob = '≤0.25', tob_clinical_category = 'S', tol = '1', tol_clinical_category = 'S'; 
INSERT INTO phenotypic_data(phenotypic_data_id, isolate_id, ecdc_resistance_profile) VALUES ('1050', '1111', 'S') ON DUPLICATE KEY UPDATE ecdc_resistance_profile = 'S'; 
INSERT INTO sequence_analysis(sequence_analysis_id, isolate_id, ame_loci, beta_lactamase_loci, clonal_complex, mutational_resistome) VALUES ('1111', '1111', '-', '-', '709', '{"PA0004": "WT", "PA0424": "WT", "PA0425": "WT", "PA0426": "WT", "PA0427": "WT", "PA0807": "WT", "PA0958": "WT", "PA1798": "H398R", "PA1799": "WT", "PA2020": "WT", "PA2023": "WT", "PA2491": "D249N", "PA2492": "P60S, F172I, nt234\u22068", "PA2493": "WT", "PA2494": "WT", "PA2495": "WT", "PA3047": "WT", "PA3168": "WT", "PA3574": "WT", "PA3721": "G71E, S209R", "PA3999": "WT", "PA4003": "WT", "PA4020": "D411A", "PA4109": "WT", "PA4110": "R79Q, T105A, I365V", "PA4266": "WT", "PA4418": "WT", "PA4522": "G148A, D183Y", "PA4597": "M69V, Q267R", "PA4598": "E257Q, S845A", "PA4599": "S330A", "PA4600": "WT", "PA4776": "L71R", "PA4777": "Y345H", "PA4964": "WT", "PA4967": "WT", "PA5471": "L88P, D161G, H182Q, V243A", "PA5485": "WT"}') ON DUPLICATE KEY UPDATE ame_loci = '-', beta_lactamase_loci = '-', clonal_complex = '709', mutational_resistome = '{"PA0004": "WT", "PA0424": "WT", "PA0425": "WT", "PA0426": "WT", "PA0427": "WT", "PA0807": "WT", "PA0958": "WT", "PA1798": "H398R", "PA1799": "WT", "PA2020": "WT", "PA2023": "WT", "PA2491": "D249N", "PA2492": "P60S, F172I, nt234\u22068", "PA2493": "WT", "PA2494": "WT", "PA2495": "WT", "PA3047": "WT", "PA3168": "WT", "PA3574": "WT", "PA3721": "G71E, S209R", "PA3999": "WT", "PA4003": "WT", "PA4020": "D411A", "PA4109": "WT", "PA4110": "R79Q, T105A, I365V", "PA4266": "WT", "PA4418": "WT", "PA4522": "G148A, D183Y", "PA4597": "M69V, Q267R", "PA4598": "E257Q, S845A", "PA4599": "S330A", "PA4600": "WT", "PA4776": "L71R", "PA4777": "Y345H", "PA4964": "WT", "PA4967": "WT", "PA5471": "L88P, D161G, H182Q, V243A", "PA5485": "WT"}'; 
INSERT INTO metadata_general(isolate_id, isolate_name, isolate_source, project_name, species) VALUES ('1124', 'GAL05-011', 'WILD-TYPE', 'GEMARA', 'Pseudomonas aeruginosa') ON DUPLICATE KEY UPDATE isolate_name = 'GAL05-011', isolate_source = 'WILD-TYPE', project_name = 'GEMARA', species = 'Pseudomonas aeruginosa'; 
INSERT INTO mic(mic_id, isolate_id, ami, ami_clinical_category, azt, azt_clinical_category, cip, cip_clinical_category, col, col_clinical_category, cza, cza_clinical_category, fep, fep_clinical_category, imi, imi_clinical_category, mer, mer_clinical_category, pip, pip_clinical_category, taz, taz_clinical_category, tic, tic_clinical_category, tob, tob_clinical_category, tol, tol_clinical_category) VALUES ('1124', '1124', '≤2', 'S', '4', 'S', '≤0.12', 'S', '1', 'S', '2', 'S', '2', 'S', '1', 'S', '≤0.5', 'S', '≤4', 'S', '2', 'S', '32', 'R', '0.5', 'S', '≤0.5', 'S') ON DUPLICATE KEY UPDATE ami = '≤2', ami_clinical_category = 'S', azt = '4', azt_clinical_category = 'S', cip = '≤0.12', cip_clinical_category = 'S', col = '1', col_clinical_category = 'S', cza = '2', cza_clinical_category = 'S', fep = '2', fep_clinical_category = 'S', imi = '1', imi_clinical_category = 'S', mer = '≤0.5', mer_clinical_category = 'S', pip = '≤4', pip_clinical_category = 'S', taz = '2', taz_clinical_category = 'S', tic = '32', tic_clinical_category = 'R', tob = '0.5', tob_clinical_category = 'S', tol = '≤0.5', tol_clinical_category = 'S'; 
INSERT INTO phenotypic_data(phenotypic_data_id, isolate_id, ecdc_resistance_profile) VALUES ('1066', '1124', 'S') ON DUPLICATE KEY UPDATE ecdc_resistance_profile = 'S'; 
INSERT INTO sequence_analysis(sequence_analysis_id, isolate_id, ame_loci, beta_lactamase_loci, clonal_complex, mutational_resistome) VALUES ('1124', '1124', '-', '-', '3236', '{"PA0004": "WT", "PA0424": "V126E", "PA0425": "WT", "PA0426": "WT", "PA0427": "WT", "PA0807": "A219T", "PA0958": "WT", "PA1798": "H398R", "PA1799": "L153R, S170N", "PA2020": "L138R", "PA2023": "WT", "PA2491": "D249N", "PA2492": "F172I, nt234\u22068", "PA2493": "S8F", "PA2494": "WT", "PA2495": "S13P", "PA3047": "WT", "PA3168": "G897D, aa911\u22062", "PA3574": "WT", "PA3721": "G71E, A145V, S209R", "PA3999": "WT", "PA4003": "WT", "PA4020": "WT", "PA4109": "E114A, I251V, G283E, M288R", "PA4110": "P7S, G27D, T105A, V205L, V356I, G391A", "PA4266": "WT", "PA4418": "WT", "PA4522": "WT", "PA4597": "WT", "PA4598": "S845A", "PA4599": "R76Q, T175A, H310R, S330A, A378T, A384V", "PA4600": "WT", "PA4776": "WT", "PA4777": "S2P, A4T, V6A, V15I, G68S, Y345H", "PA4964": "WT", "PA4967": "D533E", "PA5471": "C40R, L88P, S112N, D119E, I237V, V243A", "PA5485": "WT"}') ON DUPLICATE KEY UPDATE ame_loci = '-', beta_lactamase_loci = '-', clonal_complex = '3236', mutational_resistome = '{"PA0004": "WT", "PA0424": "V126E", "PA0425": "WT", "PA0426": "WT", "PA0427": "WT", "PA0807": "A219T", "PA0958": "WT", "PA1798": "H398R", "PA1799": "L153R, S170N", "PA2020": "L138R", "PA2023": "WT", "PA2491": "D249N", "PA2492": "F172I, nt234\u22068", "PA2493": "S8F", "PA2494": "WT", "PA2495": "S13P", "PA3047": "WT", "PA3168": "G897D, aa911\u22062", "PA3574": "WT", "PA3721": "G71E, A145V, S209R", "PA3999": "WT", "PA4003": "WT", "PA4020": "WT", "PA4109": "E114A, I251V, G283E, M288R", "PA4110": "P7S, G27D, T105A, V205L, V356I, G391A", "PA4266": "WT", "PA4418": "WT", "PA4522": "WT", "PA4597": "WT", "PA4598": "S845A", "PA4599": "R76Q, T175A, H310R, S330A, A378T, A384V", "PA4600": "WT", "PA4776": "WT", "PA4777": "S2P, A4T, V6A, V15I, G68S, Y345H", "PA4964": "WT", "PA4967": "D533E", "PA5471": "C40R, L88P, S112N, D119E, I237V, V243A", "PA5485": "WT"}'; 
INSERT INTO metadata_general(isolate_id, isolate_name, isolate_source, project_name, species) VALUES ('1140', 'GAL05-033', 'WILD-TYPE', 'GEMARA', 'Pseudomonas aeruginosa') ON DUPLICATE KEY UPDATE isolate_name = 'GAL05-033', isolate_source = 'WILD-TYPE', project_name = 'GEMARA', species = 'Pseudomonas aeruginosa'; 
INSERT INTO mic(mic_id, isolate_id, ami, ami_clinical_category, azt, azt_clinical_category, cip, cip_clinical_category, col, col_clinical_category, cza, cza_clinical_category, fep, fep_clinical_category, imi, imi_clinical_category, mer, mer_clinical_category, pip, pip_clinical_category, taz, taz_clinical_category, tic, tic_clinical_category, tob, tob_clinical_category, tol, tol_clinical_category) VALUES ('1140', '1140', '≤2', 'S', '4', 'S', '≤0.12', 'S', '1', 'S', '2', 'S', '2', 'S', '1', 'S', '1', 'S', '≤4', 'S', '2', 'S', '32', 'R', '≤0.25', 'S', '≤0.5', 'S') ON DUPLICATE KEY UPDATE ami = '≤2', ami_clinical_category = 'S', azt = '4', azt_clinical_category = 'S', cip = '≤0.12', cip_clinical_category = 'S', col = '1', col_clinical_category = 'S', cza = '2', cza_clinical_category = 'S', fep = '2', fep_clinical_category = 'S', imi = '1', imi_clinical_category = 'S', mer = '1', mer_clinical_category = 'S', pip = '≤4', pip_clinical_category = 'S', taz = '2', taz_clinical_category = 'S', tic = '32', tic_clinical_category = 'R', tob = '≤0.25', tob_clinical_category = 'S', tol = '≤0.5', tol_clinical_category = 'S'; 
INSERT INTO phenotypic_data(phenotypic_data_id, isolate_id, ecdc_resistance_profile) VALUES ('1082', '1140', 'S') ON DUPLICATE KEY UPDATE ecdc_resistance_profile = 'S'; 
INSERT INTO sequence_analysis(sequence_analysis_id, isolate_id, ame_loci, beta_lactamase_loci, clonal_complex, mutational_resistome) VALUES ('1140', '1140', '-', '-', '671', '{"PA0004": "WT", "PA0424": "WT", "PA0425": "WT", "PA0426": "WT", "PA0427": "WT", "PA0807": "D75G", "PA0958": "WT", "PA1798": "R356L, H398R", "PA1799": "L153R, S170N", "PA2020": "A35V", "PA2023": "WT", "PA2491": "D249N", "PA2492": "F172I, nt234\u22068", "PA2493": "S8F", "PA2494": "WT", "PA2495": "A4T, S13P", "PA3047": "WT", "PA3168": "WT", "PA3574": "WT", "PA3721": "G71E, S209R", "PA3999": "WT", "PA4003": "WT", "PA4020": "WT", "PA4109": "E114A, I251V, G283E, M288R", "PA4110": "T21A, T105A, V205L", "PA4266": "WT", "PA4418": "WT", "PA4522": "G148A", "PA4597": "Q267R", "PA4598": "A734V, S845A, I982V, K1031R, S1040T", "PA4599": "R76Q, H310R, S330A, P383S", "PA4600": "WT", "PA4776": "WT", "PA4777": "A4T, V15I, G68S, Y345H", "PA4964": "WT", "PA4967": "D533E", "PA5471": "C40R, L88P, S112N, D119E, I237V, V243A", "PA5485": "WT"}') ON DUPLICATE KEY UPDATE ame_loci = '-', beta_lactamase_loci = '-', clonal_complex = '671', mutational_resistome = '{"PA0004": "WT", "PA0424": "WT", "PA0425": "WT", "PA0426": "WT", "PA0427": "WT", "PA0807": "D75G", "PA0958": "WT", "PA1798": "R356L, H398R", "PA1799": "L153R, S170N", "PA2020": "A35V", "PA2023": "WT", "PA2491": "D249N", "PA2492": "F172I, nt234\u22068", "PA2493": "S8F", "PA2494": "WT", "PA2495": "A4T, S13P", "PA3047": "WT", "PA3168": "WT", "PA3574": "WT", "PA3721": "G71E, S209R", "PA3999": "WT", "PA4003": "WT", "PA4020": "WT", "PA4109": "E114A, I251V, G283E, M288R", "PA4110": "T21A, T105A, V205L", "PA4266": "WT", "PA4418": "WT", "PA4522": "G148A", "PA4597": "Q267R", "PA4598": "A734V, S845A, I982V, K1031R, S1040T", "PA4599": "R76Q, H310R, S330A, P383S", "PA4600": "WT", "PA4776": "WT", "PA4777": "A4T, V15I, G68S, Y345H", "PA4964": "WT", "PA4967": "D533E", "PA5471": "C40R, L88P, S112N, D119E, I237V, V243A", "PA5485": "WT"}'; 
INSERT INTO metadata_general(isolate_id, isolate_name, isolate_source, project_name, species) VALUES ('1173', 'ICA01-038', 'WILD-TYPE', 'GEMARA', 'Pseudomonas aeruginosa') ON DUPLICATE KEY UPDATE isolate_name = 'ICA01-038', isolate_source = 'WILD-TYPE', project_name = 'GEMARA', species = 'Pseudomonas aeruginosa'; 
INSERT INTO mic(mic_id, isolate_id, ami, ami_clinical_category, azt, azt_clinical_category, cip, cip_clinical_category, col, col_clinical_category, cza, cza_clinical_category, fep, fep_clinical_category, imi, imi_clinical_category, mer, mer_clinical_category, pip, pip_clinical_category, taz, taz_clinical_category, tic, tic_clinical_category, tob, tob_clinical_category, tol, tol_clinical_category) VALUES ('1173', '1173', '4', 'S', '4', 'S', '≤0.12', 'S', '1', 'S', '2', 'S', '2', 'S', '≤0.5', 'S', '≤0.5', 'S', '≤4', 'S', '2', 'S', '32', 'R', '0.5', 'S', '≤0.5', 'S') ON DUPLICATE KEY UPDATE ami = '4', ami_clinical_category = 'S', azt = '4', azt_clinical_category = 'S', cip = '≤0.12', cip_clinical_category = 'S', col = '1', col_clinical_category = 'S', cza = '2', cza_clinical_category = 'S', fep = '2', fep_clinical_category = 'S', imi = '≤0.5', imi_clinical_category = 'S', mer = '≤0.5', mer_clinical_category = 'S', pip = '≤4', pip_clinical_category = 'S', taz = '2', taz_clinical_category = 'S', tic = '32', tic_clinical_category = 'R', tob = '0.5', tob_clinical_category = 'S', tol = '≤0.5', tol_clinical_category = 'S'; 
INSERT INTO phenotypic_data(phenotypic_data_id, isolate_id, ecdc_resistance_profile) VALUES ('1124', '1173', 'S') ON DUPLICATE KEY UPDATE ecdc_resistance_profile = 'S'; 
INSERT INTO sequence_analysis(sequence_analysis_id, isolate_id, ame_loci, beta_lactamase_loci, clonal_complex, mutational_resistome) VALUES ('1173', '1173', '-', '-', '235', '{"PA0004": "WT", "PA0424": "V126E", "PA0425": "WT", "PA0426": "G957D", "PA0427": "WT", "PA0807": "A208V", "PA0958": "WT", "PA1798": "H398R", "PA1799": "L153R, S170N", "PA2020": "WT", "PA2023": "WT", "PA2491": "D249N", "PA2492": "P60S, F172I, nt234\u22068", "PA2493": "E2V, S8F, Q368R", "PA2494": "WT", "PA2495": "S13P", "PA3047": "WT", "PA3168": "WT", "PA3574": "WT", "PA3721": "G71E, E153Q, S209R", "PA3999": "WT", "PA4003": "WT", "PA4020": "WT", "PA4109": "G283E, M288R", "PA4110": "G27D, A97V, T105A, V205L, G391A", "PA4266": "WT", "PA4418": "WT", "PA4522": "G148A", "PA4597": "M69V, Q267R", "PA4598": "S845A, I982V", "PA4599": "A31V, R76Q, H310R, S330A, P383S", "PA4600": "WT", "PA4776": "L71R", "PA4777": "A4T, G68S, Y345H, G362S", "PA4964": "WT", "PA4967": "D533E", "PA5471": "L88P, D161G, H182Q, R204C, V243A", "PA5485": "WT"}') ON DUPLICATE KEY UPDATE ame_loci = '-', beta_lactamase_loci = '-', clonal_complex = '235', mutational_resistome = '{"PA0004": "WT", "PA0424": "V126E", "PA0425": "WT", "PA0426": "G957D", "PA0427": "WT", "PA0807": "A208V", "PA0958": "WT", "PA1798": "H398R", "PA1799": "L153R, S170N", "PA2020": "WT", "PA2023": "WT", "PA2491": "D249N", "PA2492": "P60S, F172I, nt234\u22068", "PA2493": "E2V, S8F, Q368R", "PA2494": "WT", "PA2495": "S13P", "PA3047": "WT", "PA3168": "WT", "PA3574": "WT", "PA3721": "G71E, E153Q, S209R", "PA3999": "WT", "PA4003": "WT", "PA4020": "WT", "PA4109": "G283E, M288R", "PA4110": "G27D, A97V, T105A, V205L, G391A", "PA4266": "WT", "PA4418": "WT", "PA4522": "G148A", "PA4597": "M69V, Q267R", "PA4598": "S845A, I982V", "PA4599": "A31V, R76Q, H310R, S330A, P383S", "PA4600": "WT", "PA4776": "L71R", "PA4777": "A4T, G68S, Y345H, G362S", "PA4964": "WT", "PA4967": "D533E", "PA5471": "L88P, D161G, H182Q, R204C, V243A", "PA5485": "WT"}'; 
INSERT INTO metadata_general(isolate_id, isolate_name, isolate_source, project_name, species) VALUES ('1192', 'LRJ01-009', 'WILD-TYPE', 'GEMARA', 'Pseudomonas aeruginosa') ON DUPLICATE KEY UPDATE isolate_name = 'LRJ01-009', isolate_source = 'WILD-TYPE', project_name = 'GEMARA', species = 'Pseudomonas aeruginosa'; 
INSERT INTO mic(mic_id, isolate_id, ami, ami_clinical_category, azt, azt_clinical_category, cip, cip_clinical_category, col, col_clinical_category, cza, cza_clinical_category, fep, fep_clinical_category, imi, imi_clinical_category, mer, mer_clinical_category, pip, pip_clinical_category, taz, taz_clinical_category, tic, tic_clinical_category, tob, tob_clinical_category, tol, tol_clinical_category) VALUES ('1192', '1192', '≤2', 'S', '≤2', 'S', '≤0.12', 'S', '≤0.5', 'S', '≤0.5', 'S', '≤1', 'S', '≤0.5', 'S', '≤0.5', 'S', '≤4', 'S', '≤1', 'S', '≤8', 'S', '≤0.25', 'S', '≤0.5', 'S') ON DUPLICATE KEY UPDATE ami = '≤2', ami_clinical_category = 'S', azt = '≤2', azt_clinical_category = 'S', cip = '≤0.12', cip_clinical_category = 'S', col = '≤0.5', col_clinical_category = 'S', cza = '≤0.5', cza_clinical_category = 'S', fep = '≤1', fep_clinical_category = 'S', imi = '≤0.5', imi_clinical_category = 'S', mer = '≤0.5', mer_clinical_category = 'S', pip = '≤4', pip_clinical_category = 'S', taz = '≤1', taz_clinical_category = 'S', tic = '≤8', tic_clinical_category = 'S', tob = '≤0.25', tob_clinical_category = 'S', tol = '≤0.5', tol_clinical_category = 'S'; 
INSERT INTO phenotypic_data(phenotypic_data_id, isolate_id, ecdc_resistance_profile) VALUES ('1148', '1192', 'S') ON DUPLICATE KEY UPDATE ecdc_resistance_profile = 'S'; 
INSERT INTO sequence_analysis(sequence_analysis_id, isolate_id, ame_loci, beta_lactamase_loci, clonal_complex, mutational_resistome) VALUES ('1192', '1192', '-', '-', '1159', '{"PA0004": "WT", "PA0424": "WT", "PA0425": "Q69X", "PA0426": "WT", "PA0427": "WT", "PA0807": "A219T", "PA0958": "WT", "PA1798": "H398R", "PA1799": "WT", "PA2020": "DELETED", "PA2023": "DELETED", "PA2491": "D249N", "PA2492": "F172I, nt234\u22068", "PA2493": "WT", "PA2494": "WT", "PA2495": "S13P", "PA3047": "M85V", "PA3168": "WT", "PA3574": "WT", "PA3721": "G71E, S209R", "PA3999": "WT", "PA4003": "WT", "PA4020": "M297V", "PA4109": "WT", "PA4110": "T105A", "PA4266": "K496R", "PA4418": "WT", "PA4522": "G148A, D183Y", "PA4597": "WT", "PA4598": "E257Q, S845A", "PA4599": "WT", "PA4600": "WT", "PA4776": "L71R", "PA4777": "Y345H", "PA4964": "WT", "PA4967": "WT", "PA5471": "L88P, D161G, H182Q, V243A", "PA5485": "T258A"}') ON DUPLICATE KEY UPDATE ame_loci = '-', beta_lactamase_loci = '-', clonal_complex = '1159', mutational_resistome = '{"PA0004": "WT", "PA0424": "WT", "PA0425": "Q69X", "PA0426": "WT", "PA0427": "WT", "PA0807": "A219T", "PA0958": "WT", "PA1798": "H398R", "PA1799": "WT", "PA2020": "DELETED", "PA2023": "DELETED", "PA2491": "D249N", "PA2492": "F172I, nt234\u22068", "PA2493": "WT", "PA2494": "WT", "PA2495": "S13P", "PA3047": "M85V", "PA3168": "WT", "PA3574": "WT", "PA3721": "G71E, S209R", "PA3999": "WT", "PA4003": "WT", "PA4020": "M297V", "PA4109": "WT", "PA4110": "T105A", "PA4266": "K496R", "PA4418": "WT", "PA4522": "G148A, D183Y", "PA4597": "WT", "PA4598": "E257Q, S845A", "PA4599": "WT", "PA4600": "WT", "PA4776": "L71R", "PA4777": "Y345H", "PA4964": "WT", "PA4967": "WT", "PA5471": "L88P, D161G, H182Q, V243A", "PA5485": "T258A"}'; 
INSERT INTO metadata_general(isolate_id, isolate_name, isolate_source, project_name, species) VALUES ('1194', 'LRJ01-020', 'WILD-TYPE', 'GEMARA', 'Pseudomonas aeruginosa') ON DUPLICATE KEY UPDATE isolate_name = 'LRJ01-020', isolate_source = 'WILD-TYPE', project_name = 'GEMARA', species = 'Pseudomonas aeruginosa'; 
INSERT INTO mic(mic_id, isolate_id, ami, ami_clinical_category, azt, azt_clinical_category, cip, cip_clinical_category, col, col_clinical_category, cza, cza_clinical_category, fep, fep_clinical_category, imi, imi_clinical_category, mer, mer_clinical_category, pip, pip_clinical_category, taz, taz_clinical_category, tic, tic_clinical_category, tob, tob_clinical_category, tol, tol_clinical_category) VALUES ('1194', '1194', '≤2', 'S', '4', 'S', '≤0.12', 'S', '2', 'S', '2', 'S', '2', 'S', '1', 'S', '≤0.5', 'S', '≤4', 'S', '2', 'S', '32', 'R', '≤0.25', 'S', '≤0.5', 'S') ON DUPLICATE KEY UPDATE ami = '≤2', ami_clinical_category = 'S', azt = '4', azt_clinical_category = 'S', cip = '≤0.12', cip_clinical_category = 'S', col = '2', col_clinical_category = 'S', cza = '2', cza_clinical_category = 'S', fep = '2', fep_clinical_category = 'S', imi = '1', imi_clinical_category = 'S', mer = '≤0.5', mer_clinical_category = 'S', pip = '≤4', pip_clinical_category = 'S', taz = '2', taz_clinical_category = 'S', tic = '32', tic_clinical_category = 'R', tob = '≤0.25', tob_clinical_category = 'S', tol = '≤0.5', tol_clinical_category = 'S'; 
INSERT INTO phenotypic_data(phenotypic_data_id, isolate_id, ecdc_resistance_profile) VALUES ('1150', '1194', 'S') ON DUPLICATE KEY UPDATE ecdc_resistance_profile = 'S'; 
INSERT INTO sequence_analysis(sequence_analysis_id, isolate_id, ame_loci, beta_lactamase_loci, clonal_complex, mutational_resistome) VALUES ('1194', '1194', '-', '-', '17', '{"PA0004": "WT", "PA0424": "WT", "PA0425": "WT", "PA0426": "WT", "PA0427": "WT", "PA0807": "A219T", "PA0958": "WT", "PA1798": "H398R", "PA1799": "WT", "PA2020": "WT", "PA2023": "WT", "PA2491": "D249N", "PA2492": "P60S, F172I, nt234\u22068", "PA2493": "WT", "PA2494": "WT", "PA2495": "WT", "PA3047": "WT", "PA3168": "WT", "PA3574": "WT", "PA3721": "G71E, S209R", "PA3999": "V29I", "PA4003": "WT", "PA4020": "X452ext", "PA4109": "WT", "PA4110": "T105A, L176R", "PA4266": "WT", "PA4418": "WT", "PA4522": "A136V, G148A", "PA4597": "D68G, M69V", "PA4598": "E257Q, S845A", "PA4599": "WT", "PA4600": "WT", "PA4776": "WT", "PA4777": "Y345H", "PA4964": "WT", "PA4967": "D533E", "PA5471": "C40R, L88P, D161G, H182Q, V243A", "PA5485": "WT"}') ON DUPLICATE KEY UPDATE ame_loci = '-', beta_lactamase_loci = '-', clonal_complex = '17', mutational_resistome = '{"PA0004": "WT", "PA0424": "WT", "PA0425": "WT", "PA0426": "WT", "PA0427": "WT", "PA0807": "A219T", "PA0958": "WT", "PA1798": "H398R", "PA1799": "WT", "PA2020": "WT", "PA2023": "WT", "PA2491": "D249N", "PA2492": "P60S, F172I, nt234\u22068", "PA2493": "WT", "PA2494": "WT", "PA2495": "WT", "PA3047": "WT", "PA3168": "WT", "PA3574": "WT", "PA3721": "G71E, S209R", "PA3999": "V29I", "PA4003": "WT", "PA4020": "X452ext", "PA4109": "WT", "PA4110": "T105A, L176R", "PA4266": "WT", "PA4418": "WT", "PA4522": "A136V, G148A", "PA4597": "D68G, M69V", "PA4598": "E257Q, S845A", "PA4599": "WT", "PA4600": "WT", "PA4776": "WT", "PA4777": "Y345H", "PA4964": "WT", "PA4967": "D533E", "PA5471": "C40R, L88P, D161G, H182Q, V243A", "PA5485": "WT"}'; 
INSERT INTO metadata_general(isolate_id, isolate_name, isolate_source, project_name, species) VALUES ('1211', 'LRJ01-032', 'WILD-TYPE', 'GEMARA', 'Pseudomonas aeruginosa') ON DUPLICATE KEY UPDATE isolate_name = 'LRJ01-032', isolate_source = 'WILD-TYPE', project_name = 'GEMARA', species = 'Pseudomonas aeruginosa'; 
INSERT INTO mic(mic_id, isolate_id, ami, ami_clinical_category, azt, azt_clinical_category, cip, cip_clinical_category, col, col_clinical_category, cza, cza_clinical_category, fep, fep_clinical_category, imi, imi_clinical_category, mer, mer_clinical_category, pip, pip_clinical_category, taz, taz_clinical_category, tic, tic_clinical_category, tob, tob_clinical_category, tol, tol_clinical_category) VALUES ('1211', '1211', '4', 'S', '4', 'S', '0.25', 'S', '2', 'S', '1', 'S', '2', 'S', '1', 'S', '1', 'S', '≤4', 'S', '≤1', 'S', '16', 'S', '≤0.25', 'S', '≤0.5', 'S') ON DUPLICATE KEY UPDATE ami = '4', ami_clinical_category = 'S', azt = '4', azt_clinical_category = 'S', cip = '0.25', cip_clinical_category = 'S', col = '2', col_clinical_category = 'S', cza = '1', cza_clinical_category = 'S', fep = '2', fep_clinical_category = 'S', imi = '1', imi_clinical_category = 'S', mer = '1', mer_clinical_category = 'S', pip = '≤4', pip_clinical_category = 'S', taz = '≤1', taz_clinical_category = 'S', tic = '16', tic_clinical_category = 'S', tob = '≤0.25', tob_clinical_category = 'S', tol = '≤0.5', tol_clinical_category = 'S'; 
INSERT INTO phenotypic_data(phenotypic_data_id, isolate_id, ecdc_resistance_profile) VALUES ('1167', '1211', 'S') ON DUPLICATE KEY UPDATE ecdc_resistance_profile = 'S'; 
INSERT INTO sequence_analysis(sequence_analysis_id, isolate_id, ame_loci, beta_lactamase_loci, clonal_complex, mutational_resistome) VALUES ('1211', '1211', '-', '-', '549', '{"PA0004": "WT", "PA0424": "WT", "PA0425": "WT", "PA0426": "WT", "PA0427": "WT", "PA0807": "WT", "PA0958": "WT", "PA1798": "WT", "PA1799": "WT", "PA2020": "WT", "PA2023": "WT", "PA2491": "D249N", "PA2492": "F172I, nt234\u22068", "PA2493": "WT", "PA2494": "WT", "PA2495": "WT", "PA3047": "WT", "PA3168": "WT", "PA3574": "WT", "PA3721": "S209R", "PA3999": "WT", "PA4003": "WT", "PA4020": "WT", "PA4109": "WT", "PA4110": "WT", "PA4266": "WT", "PA4418": "WT", "PA4522": "WT", "PA4597": "WT", "PA4598": "WT", "PA4599": "WT", "PA4600": "WT", "PA4776": "L71R", "PA4777": "Y345H, T458I", "PA4964": "WT", "PA4967": "WT", "PA5471": "WT", "PA5485": "WT"}') ON DUPLICATE KEY UPDATE ame_loci = '-', beta_lactamase_loci = '-', clonal_complex = '549', mutational_resistome = '{"PA0004": "WT", "PA0424": "WT", "PA0425": "WT", "PA0426": "WT", "PA0427": "WT", "PA0807": "WT", "PA0958": "WT", "PA1798": "WT", "PA1799": "WT", "PA2020": "WT", "PA2023": "WT", "PA2491": "D249N", "PA2492": "F172I, nt234\u22068", "PA2493": "WT", "PA2494": "WT", "PA2495": "WT", "PA3047": "WT", "PA3168": "WT", "PA3574": "WT", "PA3721": "S209R", "PA3999": "WT", "PA4003": "WT", "PA4020": "WT", "PA4109": "WT", "PA4110": "WT", "PA4266": "WT", "PA4418": "WT", "PA4522": "WT", "PA4597": "WT", "PA4598": "WT", "PA4599": "WT", "PA4600": "WT", "PA4776": "L71R", "PA4777": "Y345H, T458I", "PA4964": "WT", "PA4967": "WT", "PA5471": "WT", "PA5485": "WT"}'; 
INSERT INTO metadata_general(isolate_id, isolate_name, isolate_source, project_name, species) VALUES ('1238', 'MAD01-003', 'WILD-TYPE', 'GEMARA', 'Pseudomonas aeruginosa') ON DUPLICATE KEY UPDATE isolate_name = 'MAD01-003', isolate_source = 'WILD-TYPE', project_name = 'GEMARA', species = 'Pseudomonas aeruginosa'; 
INSERT INTO mic(mic_id, isolate_id, ami, ami_clinical_category, azt, azt_clinical_category, cip, cip_clinical_category, col, col_clinical_category, cza, cza_clinical_category, fep, fep_clinical_category, imi, imi_clinical_category, mer, mer_clinical_category, pip, pip_clinical_category, taz, taz_clinical_category, tic, tic_clinical_category, tob, tob_clinical_category, tol, tol_clinical_category) VALUES ('1238', '1238', '≤2', 'S', '≤2', 'S', '≤0.12', 'S', '1', 'S', '1', 'S', '≤1', 'S', '2', 'S', '≤0.5', 'S', '≤4', 'S', '≤1', 'S', '16', 'S', '≤0.25', 'S', '≤0.5', 'S') ON DUPLICATE KEY UPDATE ami = '≤2', ami_clinical_category = 'S', azt = '≤2', azt_clinical_category = 'S', cip = '≤0.12', cip_clinical_category = 'S', col = '1', col_clinical_category = 'S', cza = '1', cza_clinical_category = 'S', fep = '≤1', fep_clinical_category = 'S', imi = '2', imi_clinical_category = 'S', mer = '≤0.5', mer_clinical_category = 'S', pip = '≤4', pip_clinical_category = 'S', taz = '≤1', taz_clinical_category = 'S', tic = '16', tic_clinical_category = 'S', tob = '≤0.25', tob_clinical_category = 'S', tol = '≤0.5', tol_clinical_category = 'S'; 
INSERT INTO phenotypic_data(phenotypic_data_id, isolate_id, ecdc_resistance_profile) VALUES ('1194', '1238', 'S') ON DUPLICATE KEY UPDATE ecdc_resistance_profile = 'S'; 
INSERT INTO sequence_analysis(sequence_analysis_id, isolate_id, ame_loci, beta_lactamase_loci, clonal_complex, mutational_resistome) VALUES ('1238', '1238', '-', '-', '277', '{"PA0004": "WT", "PA0424": "WT", "PA0425": "WT", "PA0426": "WT", "PA0427": "A261T", "PA0807": "WT", "PA0958": "WT", "PA1798": "H398R", "PA1799": "WT", "PA2020": "L174Q", "PA2023": "WT", "PA2491": "D249N", "PA2492": "F172I, nt234\u22068", "PA2493": "P397Q, A407V", "PA2494": "WT", "PA2495": "WT", "PA3047": "A394P", "PA3168": "WT", "PA3574": "WT", "PA3721": "G71E, S209R", "PA3999": "WT", "PA4003": "WT", "PA4020": "R322Q", "PA4109": "WT", "PA4110": "R79Q, T105A", "PA4266": "WT", "PA4418": "WT", "PA4522": "G148A, S175L", "PA4597": "D68G, M69V", "PA4598": "E257Q, S845A", "PA4599": "WT", "PA4600": "WT", "PA4776": "L71R", "PA4777": "Y345H", "PA4964": "H262Q", "PA4967": "WT", "PA5471": "L88P, D161G, H182Q, V243A", "PA5485": "WT"}') ON DUPLICATE KEY UPDATE ame_loci = '-', beta_lactamase_loci = '-', clonal_complex = '277', mutational_resistome = '{"PA0004": "WT", "PA0424": "WT", "PA0425": "WT", "PA0426": "WT", "PA0427": "A261T", "PA0807": "WT", "PA0958": "WT", "PA1798": "H398R", "PA1799": "WT", "PA2020": "L174Q", "PA2023": "WT", "PA2491": "D249N", "PA2492": "F172I, nt234\u22068", "PA2493": "P397Q, A407V", "PA2494": "WT", "PA2495": "WT", "PA3047": "A394P", "PA3168": "WT", "PA3574": "WT", "PA3721": "G71E, S209R", "PA3999": "WT", "PA4003": "WT", "PA4020": "R322Q", "PA4109": "WT", "PA4110": "R79Q, T105A", "PA4266": "WT", "PA4418": "WT", "PA4522": "G148A, S175L", "PA4597": "D68G, M69V", "PA4598": "E257Q, S845A", "PA4599": "WT", "PA4600": "WT", "PA4776": "L71R", "PA4777": "Y345H", "PA4964": "H262Q", "PA4967": "WT", "PA5471": "L88P, D161G, H182Q, V243A", "PA5485": "WT"}'; 
INSERT INTO metadata_general(isolate_id, isolate_name, isolate_source, project_name, species) VALUES ('1242', 'MAD01-018', 'WILD-TYPE', 'GEMARA', 'Pseudomonas aeruginosa') ON DUPLICATE KEY UPDATE isolate_name = 'MAD01-018', isolate_source = 'WILD-TYPE', project_name = 'GEMARA', species = 'Pseudomonas aeruginosa'; 
INSERT INTO mic(mic_id, isolate_id, ami, ami_clinical_category, azt, azt_clinical_category, cip, cip_clinical_category, col, col_clinical_category, cza, cza_clinical_category, fep, fep_clinical_category, imi, imi_clinical_category, mer, mer_clinical_category, pip, pip_clinical_category, taz, taz_clinical_category, tic, tic_clinical_category, tob, tob_clinical_category, tol, tol_clinical_category) VALUES ('1242', '1242', '4', 'S', '4', 'S', '≤0.12', 'S', '1', 'S', '2', 'S', '2', 'S', '≤0.5', 'S', '≤0.5', 'S', '≤4', 'S', '2', 'S', '16', 'S', '0.5', 'S', '1', 'S') ON DUPLICATE KEY UPDATE ami = '4', ami_clinical_category = 'S', azt = '4', azt_clinical_category = 'S', cip = '≤0.12', cip_clinical_category = 'S', col = '1', col_clinical_category = 'S', cza = '2', cza_clinical_category = 'S', fep = '2', fep_clinical_category = 'S', imi = '≤0.5', imi_clinical_category = 'S', mer = '≤0.5', mer_clinical_category = 'S', pip = '≤4', pip_clinical_category = 'S', taz = '2', taz_clinical_category = 'S', tic = '16', tic_clinical_category = 'S', tob = '0.5', tob_clinical_category = 'S', tol = '1', tol_clinical_category = 'S'; 
INSERT INTO phenotypic_data(phenotypic_data_id, isolate_id, ecdc_resistance_profile) VALUES ('1198', '1242', 'S') ON DUPLICATE KEY UPDATE ecdc_resistance_profile = 'S'; 
INSERT INTO sequence_analysis(sequence_analysis_id, isolate_id, ame_loci, beta_lactamase_loci, clonal_complex, mutational_resistome) VALUES ('1242', '1242', '-', '-', '3119', '{"PA0004": "WT", "PA0424": "WT", "PA0425": "WT", "PA0426": "L672Q", "PA0427": "WT", "PA0807": "WT", "PA0958": "WT", "PA1798": "R421C, H398R", "PA1799": "WT", "PA2020": "WT", "PA2023": "WT", "PA2491": "D249N", "PA2492": "P60S, F172I, nt234\u22068", "PA2493": "WT", "PA2494": "A850E", "PA2495": "S13P, A410S", "PA3047": "A394P", "PA3168": "WT", "PA3574": "WT", "PA3721": "G71E, A186T, S209R", "PA3999": "WT", "PA4003": "WT", "PA4020": "WT", "PA4109": "M61L, L113Q", "PA4110": "T105A", "PA4266": "WT", "PA4418": "WT", "PA4522": "WT", "PA4597": "A48V, M69V", "PA4598": "M118T, E257Q, S845A", "PA4599": "S330A", "PA4600": "WT", "PA4776": "L71R", "PA4777": "Y345H", "PA4964": "D62N, V646L", "PA4967": "WT", "PA5471": "C40R, L88P, S112N, D119E, I237V, V242M, V243A, A352V", "PA5485": "WT"}') ON DUPLICATE KEY UPDATE ame_loci = '-', beta_lactamase_loci = '-', clonal_complex = '3119', mutational_resistome = '{"PA0004": "WT", "PA0424": "WT", "PA0425": "WT", "PA0426": "L672Q", "PA0427": "WT", "PA0807": "WT", "PA0958": "WT", "PA1798": "R421C, H398R", "PA1799": "WT", "PA2020": "WT", "PA2023": "WT", "PA2491": "D249N", "PA2492": "P60S, F172I, nt234\u22068", "PA2493": "WT", "PA2494": "A850E", "PA2495": "S13P, A410S", "PA3047": "A394P", "PA3168": "WT", "PA3574": "WT", "PA3721": "G71E, A186T, S209R", "PA3999": "WT", "PA4003": "WT", "PA4020": "WT", "PA4109": "M61L, L113Q", "PA4110": "T105A", "PA4266": "WT", "PA4418": "WT", "PA4522": "WT", "PA4597": "A48V, M69V", "PA4598": "M118T, E257Q, S845A", "PA4599": "S330A", "PA4600": "WT", "PA4776": "L71R", "PA4777": "Y345H", "PA4964": "D62N, V646L", "PA4967": "WT", "PA5471": "C40R, L88P, S112N, D119E, I237V, V242M, V243A, A352V", "PA5485": "WT"}'; 
INSERT INTO metadata_general(isolate_id, isolate_name, isolate_source, project_name, species) VALUES ('1262', 'MAD02-022', 'WILD-TYPE', 'GEMARA', 'Pseudomonas aeruginosa') ON DUPLICATE KEY UPDATE isolate_name = 'MAD02-022', isolate_source = 'WILD-TYPE', project_name = 'GEMARA', species = 'Pseudomonas aeruginosa'; 
INSERT INTO mic(mic_id, isolate_id, ami, ami_clinical_category, azt, azt_clinical_category, cip, cip_clinical_category, col, col_clinical_category, cza, cza_clinical_category, fep, fep_clinical_category, imi, imi_clinical_category, mer, mer_clinical_category, pip, pip_clinical_category, taz, taz_clinical_category, tic, tic_clinical_category, tob, tob_clinical_category, tol, tol_clinical_category) VALUES ('1262', '1262', '4', 'S', '4', 'S', '≤0.12', 'S', '1', 'S', '2', 'S', '2', 'S', '1', 'S', '≤0.5', 'S', '≤4', 'S', '2', 'S', '32', 'R', '0.5', 'S', '1', 'S') ON DUPLICATE KEY UPDATE ami = '4', ami_clinical_category = 'S', azt = '4', azt_clinical_category = 'S', cip = '≤0.12', cip_clinical_category = 'S', col = '1', col_clinical_category = 'S', cza = '2', cza_clinical_category = 'S', fep = '2', fep_clinical_category = 'S', imi = '1', imi_clinical_category = 'S', mer = '≤0.5', mer_clinical_category = 'S', pip = '≤4', pip_clinical_category = 'S', taz = '2', taz_clinical_category = 'S', tic = '32', tic_clinical_category = 'R', tob = '0.5', tob_clinical_category = 'S', tol = '1', tol_clinical_category = 'S'; 
INSERT INTO phenotypic_data(phenotypic_data_id, isolate_id, ecdc_resistance_profile) VALUES ('1220', '1262', 'S') ON DUPLICATE KEY UPDATE ecdc_resistance_profile = 'S'; 
INSERT INTO sequence_analysis(sequence_analysis_id, isolate_id, ame_loci, beta_lactamase_loci, clonal_complex, mutational_resistome) VALUES ('1262', '1262', '-', '-', '1648', '{"PA0004": "WT", "PA0424": "V126E", "PA0425": "D373N", "PA0426": "WT", "PA0427": "WT", "PA0807": "WT", "PA0958": "WT", "PA1798": "H398R", "PA1799": "WT", "PA2020": "WT", "PA2023": "WT", "PA2491": "D249N", "PA2492": "M7V, F172I, nt234\u22068", "PA2493": "WT", "PA2494": "L893V", "PA2495": "T34P", "PA3047": "A394P", "PA3168": "WT", "PA3574": "WT", "PA3721": "G71E", "PA3999": "WT", "PA4003": "E107D", "PA4020": "M297V", "PA4109": "R244W", "PA4110": "T105A", "PA4266": "WT", "PA4418": "T91A", "PA4522": "G148A, D183Y", "PA4597": "D68G, M69V, Q267R, G278D, T376A", "PA4598": "E257Q, A566V, S845A", "PA4599": "S330A", "PA4600": "WT", "PA4776": "L71R", "PA4777": "Y345H", "PA4964": "Q359R", "PA4967": "WT", "PA5471": "L88P, D161G, H182Q, V243A", "PA5485": "WT"}') ON DUPLICATE KEY UPDATE ame_loci = '-', beta_lactamase_loci = '-', clonal_complex = '1648', mutational_resistome = '{"PA0004": "WT", "PA0424": "V126E", "PA0425": "D373N", "PA0426": "WT", "PA0427": "WT", "PA0807": "WT", "PA0958": "WT", "PA1798": "H398R", "PA1799": "WT", "PA2020": "WT", "PA2023": "WT", "PA2491": "D249N", "PA2492": "M7V, F172I, nt234\u22068", "PA2493": "WT", "PA2494": "L893V", "PA2495": "T34P", "PA3047": "A394P", "PA3168": "WT", "PA3574": "WT", "PA3721": "G71E", "PA3999": "WT", "PA4003": "E107D", "PA4020": "M297V", "PA4109": "R244W", "PA4110": "T105A", "PA4266": "WT", "PA4418": "T91A", "PA4522": "G148A, D183Y", "PA4597": "D68G, M69V, Q267R, G278D, T376A", "PA4598": "E257Q, A566V, S845A", "PA4599": "S330A", "PA4600": "WT", "PA4776": "L71R", "PA4777": "Y345H", "PA4964": "Q359R", "PA4967": "WT", "PA5471": "L88P, D161G, H182Q, V243A", "PA5485": "WT"}'; 
INSERT INTO metadata_general(isolate_id, isolate_name, isolate_source, project_name, species) VALUES ('1257', 'MAD02-027', 'WILD-TYPE', 'GEMARA', 'Pseudomonas aeruginosa') ON DUPLICATE KEY UPDATE isolate_name = 'MAD02-027', isolate_source = 'WILD-TYPE', project_name = 'GEMARA', species = 'Pseudomonas aeruginosa'; 
INSERT INTO mic(mic_id, isolate_id, ami, ami_clinical_category, azt, azt_clinical_category, cip, cip_clinical_category, col, col_clinical_category, cza, cza_clinical_category, fep, fep_clinical_category, imi, imi_clinical_category, mer, mer_clinical_category, pip, pip_clinical_category, taz, taz_clinical_category, tic, tic_clinical_category, tob, tob_clinical_category, tol, tol_clinical_category) VALUES ('1257', '1257', '≤2', 'S', '4', 'S', '≤0.12', 'S', '2', 'S', '2', 'S', '2', 'S', '2', 'S', '≤0.5', 'S', '≤4', 'S', '2', 'S', '≤8', 'S', '0.5', 'S', '≤0.5', 'S') ON DUPLICATE KEY UPDATE ami = '≤2', ami_clinical_category = 'S', azt = '4', azt_clinical_category = 'S', cip = '≤0.12', cip_clinical_category = 'S', col = '2', col_clinical_category = 'S', cza = '2', cza_clinical_category = 'S', fep = '2', fep_clinical_category = 'S', imi = '2', imi_clinical_category = 'S', mer = '≤0.5', mer_clinical_category = 'S', pip = '≤4', pip_clinical_category = 'S', taz = '2', taz_clinical_category = 'S', tic = '≤8', tic_clinical_category = 'S', tob = '0.5', tob_clinical_category = 'S', tol = '≤0.5', tol_clinical_category = 'S'; 
INSERT INTO phenotypic_data(phenotypic_data_id, isolate_id, ecdc_resistance_profile) VALUES ('1215', '1257', 'S') ON DUPLICATE KEY UPDATE ecdc_resistance_profile = 'S'; 
INSERT INTO sequence_analysis(sequence_analysis_id, isolate_id, ame_loci, beta_lactamase_loci, clonal_complex, mutational_resistome) VALUES ('1257', '1257', 'strA, strB', '-', '527', '{"PA0004": "WT", "PA0424": "WT", "PA0425": "WT", "PA0426": "WT", "PA0427": "WT", "PA0807": "A219T", "PA0958": "WT", "PA1798": "H398R", "PA1799": "WT", "PA2020": "WT", "PA2023": "K236T", "PA2491": "D249N", "PA2492": "F172I, nt234\u22068", "PA2493": "WT", "PA2494": "D648A", "PA2495": "WT", "PA3047": "WT", "PA3168": "WT", "PA3574": "N130S", "PA3721": "G71E", "PA3999": "WT", "PA4003": "P503L", "PA4020": "M297V, A303V", "PA4109": "G283E, M288R", "PA4110": "T105A", "PA4266": "WT", "PA4418": "N117S", "PA4522": "G148A, D183Y", "PA4597": "M69V", "PA4598": "E257Q, S845A", "PA4599": "S330A", "PA4600": "WT", "PA4776": "L71R", "PA4777": "S2P, A4T, D70N, H340R, Y345H", "PA4964": "WT", "PA4967": "WT", "PA5471": "L88P, S112N, D119E, D161G, H182Q, V243A", "PA5485": "WT"}') ON DUPLICATE KEY UPDATE ame_loci = 'strA, strB', beta_lactamase_loci = '-', clonal_complex = '527', mutational_resistome = '{"PA0004": "WT", "PA0424": "WT", "PA0425": "WT", "PA0426": "WT", "PA0427": "WT", "PA0807": "A219T", "PA0958": "WT", "PA1798": "H398R", "PA1799": "WT", "PA2020": "WT", "PA2023": "K236T", "PA2491": "D249N", "PA2492": "F172I, nt234\u22068", "PA2493": "WT", "PA2494": "D648A", "PA2495": "WT", "PA3047": "WT", "PA3168": "WT", "PA3574": "N130S", "PA3721": "G71E", "PA3999": "WT", "PA4003": "P503L", "PA4020": "M297V, A303V", "PA4109": "G283E, M288R", "PA4110": "T105A", "PA4266": "WT", "PA4418": "N117S", "PA4522": "G148A, D183Y", "PA4597": "M69V", "PA4598": "E257Q, S845A", "PA4599": "S330A", "PA4600": "WT", "PA4776": "L71R", "PA4777": "S2P, A4T, D70N, H340R, Y345H", "PA4964": "WT", "PA4967": "WT", "PA5471": "L88P, S112N, D119E, D161G, H182Q, V243A", "PA5485": "WT"}'; 
INSERT INTO metadata_general(isolate_id, isolate_name, isolate_source, project_name, species) VALUES ('1274', 'MAD03-008', 'WILD-TYPE', 'GEMARA', 'Pseudomonas aeruginosa') ON DUPLICATE KEY UPDATE isolate_name = 'MAD03-008', isolate_source = 'WILD-TYPE', project_name = 'GEMARA', species = 'Pseudomonas aeruginosa'; 
INSERT INTO mic(mic_id, isolate_id, ami, ami_clinical_category, azt, azt_clinical_category, cip, cip_clinical_category, col, col_clinical_category, cza, cza_clinical_category, fep, fep_clinical_category, imi, imi_clinical_category, mer, mer_clinical_category, pip, pip_clinical_category, taz, taz_clinical_category, tic, tic_clinical_category, tob, tob_clinical_category, tol, tol_clinical_category) VALUES ('1274', '1274', '≤2', 'S', '4', 'S', '≤0.12', 'S', '2', 'S', '2', 'S', '2', 'S', '2', 'S', '1', 'S', '≤4', 'S', '2', 'S', '32', 'R', '≤0.25', 'S', '1', 'S') ON DUPLICATE KEY UPDATE ami = '≤2', ami_clinical_category = 'S', azt = '4', azt_clinical_category = 'S', cip = '≤0.12', cip_clinical_category = 'S', col = '2', col_clinical_category = 'S', cza = '2', cza_clinical_category = 'S', fep = '2', fep_clinical_category = 'S', imi = '2', imi_clinical_category = 'S', mer = '1', mer_clinical_category = 'S', pip = '≤4', pip_clinical_category = 'S', taz = '2', taz_clinical_category = 'S', tic = '32', tic_clinical_category = 'R', tob = '≤0.25', tob_clinical_category = 'S', tol = '1', tol_clinical_category = 'S'; 
INSERT INTO phenotypic_data(phenotypic_data_id, isolate_id, ecdc_resistance_profile) VALUES ('1242', '1274', 'S') ON DUPLICATE KEY UPDATE ecdc_resistance_profile = 'S'; 
INSERT INTO sequence_analysis(sequence_analysis_id, isolate_id, ame_loci, beta_lactamase_loci, clonal_complex, mutational_resistome) VALUES ('1274', '1274', '-', '-', '1437', '{"PA0004": "WT", "PA0424": "WT", "PA0425": "WT", "PA0426": "WT", "PA0427": "WT", "PA0807": "WT", "PA0958": "WT", "PA1798": "H398R", "PA1799": "WT", "PA2020": "WT", "PA2023": "WT", "PA2491": "L186F, D249N", "PA2492": "P60S, F172I, nt234\u22068, nt844\u22061", "PA2493": "WT", "PA2494": "WT", "PA2495": "WT", "PA3047": "N44K, A394P", "PA3168": "WT", "PA3574": "WT", "PA3721": "G71E", "PA3999": "WT", "PA4003": "WT", "PA4020": "WT", "PA4109": "WT", "PA4110": "T105A", "PA4266": "WT", "PA4418": "WT", "PA4522": "WT", "PA4597": "D68G, M69V", "PA4598": "E257Q, T659M, S845A", "PA4599": "nt205\u22062", "PA4600": "nt295\u220614", "PA4776": "L71R", "PA4777": "Y345H", "PA4964": "V646L", "PA4967": "WT", "PA5471": "L88P, D161G, H182Q, V243A", "PA5485": "WT"}') ON DUPLICATE KEY UPDATE ame_loci = '-', beta_lactamase_loci = '-', clonal_complex = '1437', mutational_resistome = '{"PA0004": "WT", "PA0424": "WT", "PA0425": "WT", "PA0426": "WT", "PA0427": "WT", "PA0807": "WT", "PA0958": "WT", "PA1798": "H398R", "PA1799": "WT", "PA2020": "WT", "PA2023": "WT", "PA2491": "L186F, D249N", "PA2492": "P60S, F172I, nt234\u22068, nt844\u22061", "PA2493": "WT", "PA2494": "WT", "PA2495": "WT", "PA3047": "N44K, A394P", "PA3168": "WT", "PA3574": "WT", "PA3721": "G71E", "PA3999": "WT", "PA4003": "WT", "PA4020": "WT", "PA4109": "WT", "PA4110": "T105A", "PA4266": "WT", "PA4418": "WT", "PA4522": "WT", "PA4597": "D68G, M69V", "PA4598": "E257Q, T659M, S845A", "PA4599": "nt205\u22062", "PA4600": "nt295\u220614", "PA4776": "L71R", "PA4777": "Y345H", "PA4964": "V646L", "PA4967": "WT", "PA5471": "L88P, D161G, H182Q, V243A", "PA5485": "WT"}'; 
INSERT INTO metadata_general(isolate_id, isolate_name, isolate_source, project_name, species) VALUES ('1286', 'MAD03-022', 'WILD-TYPE', 'GEMARA', 'Pseudomonas aeruginosa') ON DUPLICATE KEY UPDATE isolate_name = 'MAD03-022', isolate_source = 'WILD-TYPE', project_name = 'GEMARA', species = 'Pseudomonas aeruginosa'; 
INSERT INTO mic(mic_id, isolate_id, ami, ami_clinical_category, azt, azt_clinical_category, cip, cip_clinical_category, col, col_clinical_category, cza, cza_clinical_category, fep, fep_clinical_category, imi, imi_clinical_category, mer, mer_clinical_category, pip, pip_clinical_category, taz, taz_clinical_category, tic, tic_clinical_category, tob, tob_clinical_category, tol, tol_clinical_category) VALUES ('1286', '1286', '≤2', 'S', '≤2', 'S', '≤0.12', 'S', '1', 'S', '≤0.5', 'S', '≤1', 'S', '1', 'S', '≤0.5', 'S', '≤4', 'S', '≤1', 'S', '16', 'S', '≤0.25', 'S', '≤0.5', 'S') ON DUPLICATE KEY UPDATE ami = '≤2', ami_clinical_category = 'S', azt = '≤2', azt_clinical_category = 'S', cip = '≤0.12', cip_clinical_category = 'S', col = '1', col_clinical_category = 'S', cza = '≤0.5', cza_clinical_category = 'S', fep = '≤1', fep_clinical_category = 'S', imi = '1', imi_clinical_category = 'S', mer = '≤0.5', mer_clinical_category = 'S', pip = '≤4', pip_clinical_category = 'S', taz = '≤1', taz_clinical_category = 'S', tic = '16', tic_clinical_category = 'S', tob = '≤0.25', tob_clinical_category = 'S', tol = '≤0.5', tol_clinical_category = 'S'; 
INSERT INTO phenotypic_data(phenotypic_data_id, isolate_id, ecdc_resistance_profile) VALUES ('1254', '1286', 'S') ON DUPLICATE KEY UPDATE ecdc_resistance_profile = 'S'; 
INSERT INTO sequence_analysis(sequence_analysis_id, isolate_id, ame_loci, beta_lactamase_loci, clonal_complex, mutational_resistome) VALUES ('1286', '1286', '-', '-', '554', '{"PA0004": "WT", "PA0424": "WT", "PA0425": "WT", "PA0426": "WT", "PA0427": "A261T", "PA0807": "WT", "PA0958": "WT", "PA1798": "H398R", "PA1799": "WT", "PA2020": "WT", "PA2023": "WT", "PA2491": "D249N", "PA2492": "P60S, F172I, nt234\u22068", "PA2493": "WT", "PA2494": "WT", "PA2495": "WT", "PA3047": "WT", "PA3168": "WT", "PA3574": "G206S", "PA3721": "G71E", "PA3999": "WT", "PA4003": "WT", "PA4020": "R322Q", "PA4109": "WT", "PA4110": "T105A", "PA4266": "WT", "PA4418": "WT", "PA4522": "WT", "PA4597": "M69V, T323S", "PA4598": "E314D, S845A, A959S", "PA4599": "H310R, S313G, S330A, A378T, P383S", "PA4600": "WT", "PA4776": "L71R", "PA4777": "Y345H", "PA4964": "WT", "PA4967": "WT", "PA5471": "L88P, D119E", "PA5485": "WT"}') ON DUPLICATE KEY UPDATE ame_loci = '-', beta_lactamase_loci = '-', clonal_complex = '554', mutational_resistome = '{"PA0004": "WT", "PA0424": "WT", "PA0425": "WT", "PA0426": "WT", "PA0427": "A261T", "PA0807": "WT", "PA0958": "WT", "PA1798": "H398R", "PA1799": "WT", "PA2020": "WT", "PA2023": "WT", "PA2491": "D249N", "PA2492": "P60S, F172I, nt234\u22068", "PA2493": "WT", "PA2494": "WT", "PA2495": "WT", "PA3047": "WT", "PA3168": "WT", "PA3574": "G206S", "PA3721": "G71E", "PA3999": "WT", "PA4003": "WT", "PA4020": "R322Q", "PA4109": "WT", "PA4110": "T105A", "PA4266": "WT", "PA4418": "WT", "PA4522": "WT", "PA4597": "M69V, T323S", "PA4598": "E314D, S845A, A959S", "PA4599": "H310R, S313G, S330A, A378T, P383S", "PA4600": "WT", "PA4776": "L71R", "PA4777": "Y345H", "PA4964": "WT", "PA4967": "WT", "PA5471": "L88P, D119E", "PA5485": "WT"}'; 
INSERT INTO metadata_general(isolate_id, isolate_name, isolate_source, project_name, species) VALUES ('1303', 'MAD04-034', 'WILD-TYPE', 'GEMARA', 'Pseudomonas aeruginosa') ON DUPLICATE KEY UPDATE isolate_name = 'MAD04-034', isolate_source = 'WILD-TYPE', project_name = 'GEMARA', species = 'Pseudomonas aeruginosa'; 
INSERT INTO mic(mic_id, isolate_id, ami, ami_clinical_category, azt, azt_clinical_category, cip, cip_clinical_category, col, col_clinical_category, cza, cza_clinical_category, fep, fep_clinical_category, imi, imi_clinical_category, mer, mer_clinical_category, pip, pip_clinical_category, taz, taz_clinical_category, tic, tic_clinical_category, tob, tob_clinical_category, tol, tol_clinical_category) VALUES ('1303', '1303', '4', 'S', '≤2', 'S', '≤0.12', 'S', '1', 'S', '1', 'S', '2', 'S', '2', 'S', '2', 'S', '≤4', 'S', '2', 'S', '16', 'S', '0.5', 'S', '≤0.5', 'S') ON DUPLICATE KEY UPDATE ami = '4', ami_clinical_category = 'S', azt = '≤2', azt_clinical_category = 'S', cip = '≤0.12', cip_clinical_category = 'S', col = '1', col_clinical_category = 'S', cza = '1', cza_clinical_category = 'S', fep = '2', fep_clinical_category = 'S', imi = '2', imi_clinical_category = 'S', mer = '2', mer_clinical_category = 'S', pip = '≤4', pip_clinical_category = 'S', taz = '2', taz_clinical_category = 'S', tic = '16', tic_clinical_category = 'S', tob = '0.5', tob_clinical_category = 'S', tol = '≤0.5', tol_clinical_category = 'S'; 
INSERT INTO phenotypic_data(phenotypic_data_id, isolate_id, ecdc_resistance_profile) VALUES ('1275', '1303', 'S') ON DUPLICATE KEY UPDATE ecdc_resistance_profile = 'S'; 
INSERT INTO sequence_analysis(sequence_analysis_id, isolate_id, ame_loci, beta_lactamase_loci, clonal_complex, mutational_resistome) VALUES ('1303', '1303', '-', '-', '360', '{"PA0004": "WT", "PA0424": "WT", "PA0425": "WT", "PA0426": "WT", "PA0427": "A261T", "PA0807": "WT", "PA0958": "WT", "PA1798": "H398R", "PA1799": "WT", "PA2020": "L174Q", "PA2023": "WT", "PA2491": "D249N", "PA2492": "F172I, nt234\u22068", "PA2493": "WT", "PA2494": "WT", "PA2495": "WT", "PA3047": "A394P", "PA3168": "WT", "PA3574": "WT", "PA3721": "G71E, S209R", "PA3999": "WT", "PA4003": "WT", "PA4020": "R322Q", "PA4109": "WT", "PA4110": "R79Q, T105A", "PA4266": "WT", "PA4418": "V373I", "PA4522": "G148A, S175L", "PA4597": "M69V, Q267R", "PA4598": "E257Q, S845A", "PA4599": "S330A", "PA4600": "WT", "PA4776": "L71R", "PA4777": "Y345H", "PA4964": "H262Q", "PA4967": "WT", "PA5471": "L88P, D161G, H182Q, V243A", "PA5485": "WT"}') ON DUPLICATE KEY UPDATE ame_loci = '-', beta_lactamase_loci = '-', clonal_complex = '360', mutational_resistome = '{"PA0004": "WT", "PA0424": "WT", "PA0425": "WT", "PA0426": "WT", "PA0427": "A261T", "PA0807": "WT", "PA0958": "WT", "PA1798": "H398R", "PA1799": "WT", "PA2020": "L174Q", "PA2023": "WT", "PA2491": "D249N", "PA2492": "F172I, nt234\u22068", "PA2493": "WT", "PA2494": "WT", "PA2495": "WT", "PA3047": "A394P", "PA3168": "WT", "PA3574": "WT", "PA3721": "G71E, S209R", "PA3999": "WT", "PA4003": "WT", "PA4020": "R322Q", "PA4109": "WT", "PA4110": "R79Q, T105A", "PA4266": "WT", "PA4418": "V373I", "PA4522": "G148A, S175L", "PA4597": "M69V, Q267R", "PA4598": "E257Q, S845A", "PA4599": "S330A", "PA4600": "WT", "PA4776": "L71R", "PA4777": "Y345H", "PA4964": "H262Q", "PA4967": "WT", "PA5471": "L88P, D161G, H182Q, V243A", "PA5485": "WT"}'; 
INSERT INTO metadata_general(isolate_id, isolate_name, isolate_source, project_name, species) VALUES ('1321', 'MAD05-006', 'WILD-TYPE', 'GEMARA', 'Pseudomonas aeruginosa') ON DUPLICATE KEY UPDATE isolate_name = 'MAD05-006', isolate_source = 'WILD-TYPE', project_name = 'GEMARA', species = 'Pseudomonas aeruginosa'; 
INSERT INTO mic(mic_id, isolate_id, ami, ami_clinical_category, azt, azt_clinical_category, cip, cip_clinical_category, col, col_clinical_category, cza, cza_clinical_category, fep, fep_clinical_category, imi, imi_clinical_category, mer, mer_clinical_category, pip, pip_clinical_category, taz, taz_clinical_category, tic, tic_clinical_category, tob, tob_clinical_category, tol, tol_clinical_category) VALUES ('1321', '1321', '≤2', 'S', '4', 'S', '≤0.12', 'S', '2', 'S', '2', 'S', '2', 'S', '2', 'S', '1', 'S', '≤4', 'S', '2', 'S', '16', 'S', '≤0.25', 'S', '≤0.5', 'S') ON DUPLICATE KEY UPDATE ami = '≤2', ami_clinical_category = 'S', azt = '4', azt_clinical_category = 'S', cip = '≤0.12', cip_clinical_category = 'S', col = '2', col_clinical_category = 'S', cza = '2', cza_clinical_category = 'S', fep = '2', fep_clinical_category = 'S', imi = '2', imi_clinical_category = 'S', mer = '1', mer_clinical_category = 'S', pip = '≤4', pip_clinical_category = 'S', taz = '2', taz_clinical_category = 'S', tic = '16', tic_clinical_category = 'S', tob = '≤0.25', tob_clinical_category = 'S', tol = '≤0.5', tol_clinical_category = 'S'; 
INSERT INTO phenotypic_data(phenotypic_data_id, isolate_id, ecdc_resistance_profile) VALUES ('1301', '1321', 'S') ON DUPLICATE KEY UPDATE ecdc_resistance_profile = 'S'; 
INSERT INTO sequence_analysis(sequence_analysis_id, isolate_id, ame_loci, beta_lactamase_loci, clonal_complex, mutational_resistome) VALUES ('1321', '1321', '-', '-', '611', '{"PA0004": "WT", "PA0424": "WT", "PA0425": "WT", "PA0426": "WT", "PA0427": "WT", "PA0807": "V19M, A219T", "PA0958": "WT", "PA1798": "H398R", "PA1799": "L153R, S170N", "PA2020": "K131R", "PA2023": "WT", "PA2491": "D249N", "PA2492": "F172I, nt234\u22068", "PA2493": "P397Q", "PA2494": "WT", "PA2495": "WT", "PA3047": "WT", "PA3168": "WT", "PA3574": "WT", "PA3721": "G71E, S209R", "PA3999": "WT", "PA4003": "WT", "PA4020": "WT", "PA4109": "WT", "PA4110": "R79Q, T105A", "PA4266": "WT", "PA4418": "WT", "PA4522": "G148A, D183Y", "PA4597": "Q267R", "PA4598": "E257Q, S845A, K1031R", "PA4599": "M34I, R76Q, H310R, S330A, E347K, P383S", "PA4600": "WT", "PA4776": "L71R", "PA4777": "Y345H", "PA4964": "WT", "PA4967": "WT", "PA5471": "L88P, S112N, D119E, D161G, H182Q, V243A", "PA5485": "WT"}') ON DUPLICATE KEY UPDATE ame_loci = '-', beta_lactamase_loci = '-', clonal_complex = '611', mutational_resistome = '{"PA0004": "WT", "PA0424": "WT", "PA0425": "WT", "PA0426": "WT", "PA0427": "WT", "PA0807": "V19M, A219T", "PA0958": "WT", "PA1798": "H398R", "PA1799": "L153R, S170N", "PA2020": "K131R", "PA2023": "WT", "PA2491": "D249N", "PA2492": "F172I, nt234\u22068", "PA2493": "P397Q", "PA2494": "WT", "PA2495": "WT", "PA3047": "WT", "PA3168": "WT", "PA3574": "WT", "PA3721": "G71E, S209R", "PA3999": "WT", "PA4003": "WT", "PA4020": "WT", "PA4109": "WT", "PA4110": "R79Q, T105A", "PA4266": "WT", "PA4418": "WT", "PA4522": "G148A, D183Y", "PA4597": "Q267R", "PA4598": "E257Q, S845A, K1031R", "PA4599": "M34I, R76Q, H310R, S330A, E347K, P383S", "PA4600": "WT", "PA4776": "L71R", "PA4777": "Y345H", "PA4964": "WT", "PA4967": "WT", "PA5471": "L88P, S112N, D119E, D161G, H182Q, V243A", "PA5485": "WT"}'; 
INSERT INTO metadata_general(isolate_id, isolate_name, isolate_source, project_name, species) VALUES ('1318', 'MAD05-018', 'WILD-TYPE', 'GEMARA', 'Pseudomonas aeruginosa') ON DUPLICATE KEY UPDATE isolate_name = 'MAD05-018', isolate_source = 'WILD-TYPE', project_name = 'GEMARA', species = 'Pseudomonas aeruginosa'; 
INSERT INTO mic(mic_id, isolate_id, ami, ami_clinical_category, azt, azt_clinical_category, cip, cip_clinical_category, col, col_clinical_category, cza, cza_clinical_category, fep, fep_clinical_category, imi, imi_clinical_category, mer, mer_clinical_category, pip, pip_clinical_category, taz, taz_clinical_category, tic, tic_clinical_category, tob, tob_clinical_category, tol, tol_clinical_category) VALUES ('1318', '1318', '≤2', 'S', '4', 'S', '≤0.12', 'S', '1', 'S', '2', 'S', '2', 'S', '1', 'S', '≤0.5', 'S', '≤4', 'S', '2', 'S', '32', 'R', '0.5', 'S', '≤0.5', 'S') ON DUPLICATE KEY UPDATE ami = '≤2', ami_clinical_category = 'S', azt = '4', azt_clinical_category = 'S', cip = '≤0.12', cip_clinical_category = 'S', col = '1', col_clinical_category = 'S', cza = '2', cza_clinical_category = 'S', fep = '2', fep_clinical_category = 'S', imi = '1', imi_clinical_category = 'S', mer = '≤0.5', mer_clinical_category = 'S', pip = '≤4', pip_clinical_category = 'S', taz = '2', taz_clinical_category = 'S', tic = '32', tic_clinical_category = 'R', tob = '0.5', tob_clinical_category = 'S', tol = '≤0.5', tol_clinical_category = 'S'; 
INSERT INTO phenotypic_data(phenotypic_data_id, isolate_id, ecdc_resistance_profile) VALUES ('1298', '1318', 'S') ON DUPLICATE KEY UPDATE ecdc_resistance_profile = 'S'; 
INSERT INTO sequence_analysis(sequence_analysis_id, isolate_id, ame_loci, beta_lactamase_loci, clonal_complex, mutational_resistome) VALUES ('1318', '1318', '-', '-', '296', '{"PA0004": "WT", "PA0424": "V126E", "PA0425": "WT", "PA0426": "WT", "PA0427": "WT", "PA0807": "A208V", "PA0958": "WT", "PA1798": "H398R", "PA1799": "L153R, S170N", "PA2020": "L138R", "PA2023": "WT", "PA2491": "D249N", "PA2492": "P28L, P60S, F172I, nt234\u22068", "PA2493": "A231T", "PA2494": "WT", "PA2495": "L15V", "PA3047": "WT", "PA3168": "WT", "PA3574": "WT", "PA3721": "G71E, S209R", "PA3999": "WT", "PA4003": "WT", "PA4020": "M297V", "PA4109": "G283E, M288R", "PA4110": "P23S, T105A", "PA4266": "WT", "PA4418": "WT", "PA4522": "WT", "PA4597": "WT", "PA4598": "T87S, A155T, E257Q, E314Q, V434A, S845A, K1031R", "PA4599": "P47S, R76Q, A106T, H310R, S330A, A378T", "PA4600": "R21H, D56G", "PA4776": "WT", "PA4777": "A4T, V6A, V15I, G68S, Y345H", "PA4964": "WT", "PA4967": "D533E", "PA5471": "C40R, L88P, S112N, D119E, H182Q, G190A, L196P, I237V, V243A", "PA5485": "Q110R"}') ON DUPLICATE KEY UPDATE ame_loci = '-', beta_lactamase_loci = '-', clonal_complex = '296', mutational_resistome = '{"PA0004": "WT", "PA0424": "V126E", "PA0425": "WT", "PA0426": "WT", "PA0427": "WT", "PA0807": "A208V", "PA0958": "WT", "PA1798": "H398R", "PA1799": "L153R, S170N", "PA2020": "L138R", "PA2023": "WT", "PA2491": "D249N", "PA2492": "P28L, P60S, F172I, nt234\u22068", "PA2493": "A231T", "PA2494": "WT", "PA2495": "L15V", "PA3047": "WT", "PA3168": "WT", "PA3574": "WT", "PA3721": "G71E, S209R", "PA3999": "WT", "PA4003": "WT", "PA4020": "M297V", "PA4109": "G283E, M288R", "PA4110": "P23S, T105A", "PA4266": "WT", "PA4418": "WT", "PA4522": "WT", "PA4597": "WT", "PA4598": "T87S, A155T, E257Q, E314Q, V434A, S845A, K1031R", "PA4599": "P47S, R76Q, A106T, H310R, S330A, A378T", "PA4600": "R21H, D56G", "PA4776": "WT", "PA4777": "A4T, V6A, V15I, G68S, Y345H", "PA4964": "WT", "PA4967": "D533E", "PA5471": "C40R, L88P, S112N, D119E, H182Q, G190A, L196P, I237V, V243A", "PA5485": "Q110R"}'; 
INSERT INTO metadata_general(isolate_id, isolate_name, isolate_source, project_name, species) VALUES ('1349', 'MAD06-003', 'WILD-TYPE', 'GEMARA', 'Pseudomonas aeruginosa') ON DUPLICATE KEY UPDATE isolate_name = 'MAD06-003', isolate_source = 'WILD-TYPE', project_name = 'GEMARA', species = 'Pseudomonas aeruginosa'; 
INSERT INTO mic(mic_id, isolate_id, ami, ami_clinical_category, azt, azt_clinical_category, cip, cip_clinical_category, col, col_clinical_category, cza, cza_clinical_category, fep, fep_clinical_category, imi, imi_clinical_category, mer, mer_clinical_category, pip, pip_clinical_category, taz, taz_clinical_category, tic, tic_clinical_category, tob, tob_clinical_category, tol, tol_clinical_category) VALUES ('1349', '1349', '4', 'S', '4', 'S', '0.25', 'S', '2', 'S', '2', 'S', '4', 'S', '≤0.5', 'S', '1', 'S', '≤4 ', 'S', '2', 'S', '16', 'S', '0.5', 'S', '≤0.5', 'S') ON DUPLICATE KEY UPDATE ami = '4', ami_clinical_category = 'S', azt = '4', azt_clinical_category = 'S', cip = '0.25', cip_clinical_category = 'S', col = '2', col_clinical_category = 'S', cza = '2', cza_clinical_category = 'S', fep = '4', fep_clinical_category = 'S', imi = '≤0.5', imi_clinical_category = 'S', mer = '1', mer_clinical_category = 'S', pip = '≤4 ', pip_clinical_category = 'S', taz = '2', taz_clinical_category = 'S', tic = '16', tic_clinical_category = 'S', tob = '0.5', tob_clinical_category = 'S', tol = '≤0.5', tol_clinical_category = 'S'; 
INSERT INTO phenotypic_data(phenotypic_data_id, isolate_id, ecdc_resistance_profile) VALUES ('1333', '1349', 'S') ON DUPLICATE KEY UPDATE ecdc_resistance_profile = 'S'; 
INSERT INTO sequence_analysis(sequence_analysis_id, isolate_id, ame_loci, beta_lactamase_loci, clonal_complex, mutational_resistome) VALUES ('1349', '1349', '-', '-', '3224', '{"PA0004": "WT", "PA0424": "WT", "PA0425": "WT", "PA0426": "I745V, V1014I", "PA0427": "WT", "PA0807": "A219T", "PA0958": "nt88IS", "PA1798": "R165H, H398R", "PA1799": "WT", "PA2020": "WT", "PA2023": "WT", "PA2491": "D249N", "PA2492": "F172I, nt234\u22068", "PA2493": "WT", "PA2494": "WT", "PA2495": "WT", "PA3047": "WT", "PA3168": "WT", "PA3574": "WT", "PA3721": "G71E, A186T", "PA3999": "T286S", "PA4003": "WT", "PA4020": "WT", "PA4109": "WT", "PA4110": "R79Q, T105A", "PA4266": "WT", "PA4418": "T91A", "PA4522": "G148A", "PA4597": "A14V, M69V, Q267R", "PA4598": "E257Q, S845A", "PA4599": "S330A", "PA4600": "WT", "PA4776": "L71R", "PA4777": "Y345H", "PA4964": "V646L", "PA4967": "H50Y, I57V", "PA5471": "L88P, D161G, H182Q, V243A", "PA5485": "WT"}') ON DUPLICATE KEY UPDATE ame_loci = '-', beta_lactamase_loci = '-', clonal_complex = '3224', mutational_resistome = '{"PA0004": "WT", "PA0424": "WT", "PA0425": "WT", "PA0426": "I745V, V1014I", "PA0427": "WT", "PA0807": "A219T", "PA0958": "nt88IS", "PA1798": "R165H, H398R", "PA1799": "WT", "PA2020": "WT", "PA2023": "WT", "PA2491": "D249N", "PA2492": "F172I, nt234\u22068", "PA2493": "WT", "PA2494": "WT", "PA2495": "WT", "PA3047": "WT", "PA3168": "WT", "PA3574": "WT", "PA3721": "G71E, A186T", "PA3999": "T286S", "PA4003": "WT", "PA4020": "WT", "PA4109": "WT", "PA4110": "R79Q, T105A", "PA4266": "WT", "PA4418": "T91A", "PA4522": "G148A", "PA4597": "A14V, M69V, Q267R", "PA4598": "E257Q, S845A", "PA4599": "S330A", "PA4600": "WT", "PA4776": "L71R", "PA4777": "Y345H", "PA4964": "V646L", "PA4967": "H50Y, I57V", "PA5471": "L88P, D161G, H182Q, V243A", "PA5485": "WT"}'; 
INSERT INTO metadata_general(isolate_id, isolate_name, isolate_source, project_name, species) VALUES ('1352', 'MAD06-018', 'WILD-TYPE', 'GEMARA', 'Pseudomonas aeruginosa') ON DUPLICATE KEY UPDATE isolate_name = 'MAD06-018', isolate_source = 'WILD-TYPE', project_name = 'GEMARA', species = 'Pseudomonas aeruginosa'; 
INSERT INTO mic(mic_id, isolate_id, ami, ami_clinical_category, azt, azt_clinical_category, cip, cip_clinical_category, col, col_clinical_category, cza, cza_clinical_category, fep, fep_clinical_category, imi, imi_clinical_category, mer, mer_clinical_category, pip, pip_clinical_category, taz, taz_clinical_category, tic, tic_clinical_category, tob, tob_clinical_category, tol, tol_clinical_category) VALUES ('1352', '1352', '4', 'S', '4', 'S', '≤0.12', 'S', '1', 'S', '2', 'S', '2', 'S', '2', 'S', '1', 'S', '≤4', 'S', '2', 'S', '32', 'R', '0.5', 'S', '1', 'S') ON DUPLICATE KEY UPDATE ami = '4', ami_clinical_category = 'S', azt = '4', azt_clinical_category = 'S', cip = '≤0.12', cip_clinical_category = 'S', col = '1', col_clinical_category = 'S', cza = '2', cza_clinical_category = 'S', fep = '2', fep_clinical_category = 'S', imi = '2', imi_clinical_category = 'S', mer = '1', mer_clinical_category = 'S', pip = '≤4', pip_clinical_category = 'S', taz = '2', taz_clinical_category = 'S', tic = '32', tic_clinical_category = 'R', tob = '0.5', tob_clinical_category = 'S', tol = '1', tol_clinical_category = 'S'; 
INSERT INTO phenotypic_data(phenotypic_data_id, isolate_id, ecdc_resistance_profile) VALUES ('1336', '1352', 'S') ON DUPLICATE KEY UPDATE ecdc_resistance_profile = 'S'; 
INSERT INTO sequence_analysis(sequence_analysis_id, isolate_id, ame_loci, beta_lactamase_loci, clonal_complex, mutational_resistome) VALUES ('1352', '1352', '-', '-', '446', '{"PA0004": "WT", "PA0424": "V126E", "PA0425": "WT", "PA0426": "WT", "PA0427": "WT", "PA0807": "A208V", "PA0958": "WT", "PA1798": "H398R", "PA1799": "L153R, S170N", "PA2020": "WT", "PA2023": "WT", "PA2491": "D249N", "PA2492": "P60S, F172I, nt234\u22068", "PA2493": "S8F", "PA2494": "WT", "PA2495": "S13P", "PA3047": "WT", "PA3168": "WT", "PA3574": "WT", "PA3721": "G71E, A145V, S209R", "PA3999": "WT", "PA4003": "WT", "PA4020": "M297V", "PA4109": "E114A, G283E, M288R", "PA4110": "G27D, T105A, V205L, G391A", "PA4266": "WT", "PA4418": "WT", "PA4522": "WT", "PA4597": "M69V, T376S", "PA4598": "E257Q, S845A", "PA4599": "H310R, S330A, A378T, A384V", "PA4600": "WT", "PA4776": "L71R", "PA4777": "Y345H", "PA4964": "A587T", "PA4967": "D533E", "PA5471": "C40R, L88P, S112N, D119E, I237V, N238S, V243A, A352V", "PA5485": "WT"}') ON DUPLICATE KEY UPDATE ame_loci = '-', beta_lactamase_loci = '-', clonal_complex = '446', mutational_resistome = '{"PA0004": "WT", "PA0424": "V126E", "PA0425": "WT", "PA0426": "WT", "PA0427": "WT", "PA0807": "A208V", "PA0958": "WT", "PA1798": "H398R", "PA1799": "L153R, S170N", "PA2020": "WT", "PA2023": "WT", "PA2491": "D249N", "PA2492": "P60S, F172I, nt234\u22068", "PA2493": "S8F", "PA2494": "WT", "PA2495": "S13P", "PA3047": "WT", "PA3168": "WT", "PA3574": "WT", "PA3721": "G71E, A145V, S209R", "PA3999": "WT", "PA4003": "WT", "PA4020": "M297V", "PA4109": "E114A, G283E, M288R", "PA4110": "G27D, T105A, V205L, G391A", "PA4266": "WT", "PA4418": "WT", "PA4522": "WT", "PA4597": "M69V, T376S", "PA4598": "E257Q, S845A", "PA4599": "H310R, S330A, A378T, A384V", "PA4600": "WT", "PA4776": "L71R", "PA4777": "Y345H", "PA4964": "A587T", "PA4967": "D533E", "PA5471": "C40R, L88P, S112N, D119E, I237V, N238S, V243A, A352V", "PA5485": "WT"}'; 
INSERT INTO metadata_general(isolate_id, isolate_name, isolate_source, project_name, species) VALUES ('1375', 'MUR01-013', 'WILD-TYPE', 'GEMARA', 'Pseudomonas aeruginosa') ON DUPLICATE KEY UPDATE isolate_name = 'MUR01-013', isolate_source = 'WILD-TYPE', project_name = 'GEMARA', species = 'Pseudomonas aeruginosa'; 
INSERT INTO mic(mic_id, isolate_id, ami, ami_clinical_category, azt, azt_clinical_category, cip, cip_clinical_category, col, col_clinical_category, cza, cza_clinical_category, fep, fep_clinical_category, imi, imi_clinical_category, mer, mer_clinical_category, pip, pip_clinical_category, taz, taz_clinical_category, tic, tic_clinical_category, tob, tob_clinical_category, tol, tol_clinical_category) VALUES ('1375', '1375', '≤2', 'S', '≤2', 'S', '≤0.12', 'S', '1', 'S', '1', 'S', '≤1', 'S', '1', 'S', '≤0.5', 'S', '≤4', 'S', '≤1', 'S', '≤8', 'S', '≤0.25', 'S', '≤0.5', 'S') ON DUPLICATE KEY UPDATE ami = '≤2', ami_clinical_category = 'S', azt = '≤2', azt_clinical_category = 'S', cip = '≤0.12', cip_clinical_category = 'S', col = '1', col_clinical_category = 'S', cza = '1', cza_clinical_category = 'S', fep = '≤1', fep_clinical_category = 'S', imi = '1', imi_clinical_category = 'S', mer = '≤0.5', mer_clinical_category = 'S', pip = '≤4', pip_clinical_category = 'S', taz = '≤1', taz_clinical_category = 'S', tic = '≤8', tic_clinical_category = 'S', tob = '≤0.25', tob_clinical_category = 'S', tol = '≤0.5', tol_clinical_category = 'S'; 
INSERT INTO phenotypic_data(phenotypic_data_id, isolate_id, ecdc_resistance_profile) VALUES ('1360', '1375', 'S') ON DUPLICATE KEY UPDATE ecdc_resistance_profile = 'S'; 
INSERT INTO sequence_analysis(sequence_analysis_id, isolate_id, ame_loci, beta_lactamase_loci, clonal_complex, mutational_resistome) VALUES ('1375', '1375', '-', '-', '3220', '{"PA0004": "WT", "PA0424": "V126E", "PA0425": "WT", "PA0426": "I186V", "PA0427": "WT", "PA0807": "R66G, A196V, D197E", "PA0958": "WT", "PA1798": "H398R", "PA1799": "L153R, S170N", "PA2020": "L138R", "PA2023": "WT", "PA2491": "D249N", "PA2492": "P60S, F172I, nt234\u22068", "PA2493": "S8F, D353E, D370E", "PA2494": "D230A", "PA2495": "S13P, A410S", "PA3047": "WT", "PA3168": "aa911\u22062", "PA3574": "WT", "PA3721": "G71E, A145V, S209R", "PA3999": "WT", "PA4003": "WT", "PA4020": "M297V", "PA4109": "WT", "PA4110": "F19L, T105A, A156V, V205L, V356I, G391A", "PA4266": "I186V", "PA4418": "T514S", "PA4522": "R14H", "PA4597": "T376S", "PA4598": "T87S, A155T, E257Q, V434A, V660I, S845A, I982V, K1031R, S1040T", "PA4599": "P47S, R76Q, H310R, S330A, A378T, A384V", "PA4600": "R21H, D56G", "PA4776": "L71R", "PA4777": "A4T, G68S, A119T, Y345H", "PA4964": "WT", "PA4967": "D533E", "PA5471": "C40R, L88P, S112N, D119E, L196P, I237V, V243A", "PA5485": "WT"}') ON DUPLICATE KEY UPDATE ame_loci = '-', beta_lactamase_loci = '-', clonal_complex = '3220', mutational_resistome = '{"PA0004": "WT", "PA0424": "V126E", "PA0425": "WT", "PA0426": "I186V", "PA0427": "WT", "PA0807": "R66G, A196V, D197E", "PA0958": "WT", "PA1798": "H398R", "PA1799": "L153R, S170N", "PA2020": "L138R", "PA2023": "WT", "PA2491": "D249N", "PA2492": "P60S, F172I, nt234\u22068", "PA2493": "S8F, D353E, D370E", "PA2494": "D230A", "PA2495": "S13P, A410S", "PA3047": "WT", "PA3168": "aa911\u22062", "PA3574": "WT", "PA3721": "G71E, A145V, S209R", "PA3999": "WT", "PA4003": "WT", "PA4020": "M297V", "PA4109": "WT", "PA4110": "F19L, T105A, A156V, V205L, V356I, G391A", "PA4266": "I186V", "PA4418": "T514S", "PA4522": "R14H", "PA4597": "T376S", "PA4598": "T87S, A155T, E257Q, V434A, V660I, S845A, I982V, K1031R, S1040T", "PA4599": "P47S, R76Q, H310R, S330A, A378T, A384V", "PA4600": "R21H, D56G", "PA4776": "L71R", "PA4777": "A4T, G68S, A119T, Y345H", "PA4964": "WT", "PA4967": "D533E", "PA5471": "C40R, L88P, S112N, D119E, L196P, I237V, V243A", "PA5485": "WT"}'; 
INSERT INTO metadata_general(isolate_id, isolate_name, isolate_source, project_name, species) VALUES ('1389', 'MUR01-023', 'WILD-TYPE', 'GEMARA', 'Pseudomonas aeruginosa') ON DUPLICATE KEY UPDATE isolate_name = 'MUR01-023', isolate_source = 'WILD-TYPE', project_name = 'GEMARA', species = 'Pseudomonas aeruginosa'; 
INSERT INTO mic(mic_id, isolate_id, ami, ami_clinical_category, azt, azt_clinical_category, cip, cip_clinical_category, col, col_clinical_category, cza, cza_clinical_category, fep, fep_clinical_category, imi, imi_clinical_category, mer, mer_clinical_category, pip, pip_clinical_category, taz, taz_clinical_category, tic, tic_clinical_category, tob, tob_clinical_category, tol, tol_clinical_category) VALUES ('1389', '1389', '≤2', 'S', '8', 'S', '≤0.12', 'S', '1', 'S', '2', 'S', '2', 'S', '1', 'S', '≤0.5', 'S', '≤4', 'S', '2', 'S', '32', 'R', '≤0.25', 'S', '≤0.5', 'S') ON DUPLICATE KEY UPDATE ami = '≤2', ami_clinical_category = 'S', azt = '8', azt_clinical_category = 'S', cip = '≤0.12', cip_clinical_category = 'S', col = '1', col_clinical_category = 'S', cza = '2', cza_clinical_category = 'S', fep = '2', fep_clinical_category = 'S', imi = '1', imi_clinical_category = 'S', mer = '≤0.5', mer_clinical_category = 'S', pip = '≤4', pip_clinical_category = 'S', taz = '2', taz_clinical_category = 'S', tic = '32', tic_clinical_category = 'R', tob = '≤0.25', tob_clinical_category = 'S', tol = '≤0.5', tol_clinical_category = 'S'; 
INSERT INTO phenotypic_data(phenotypic_data_id, isolate_id, ecdc_resistance_profile) VALUES ('1374', '1389', 'S') ON DUPLICATE KEY UPDATE ecdc_resistance_profile = 'S'; 
INSERT INTO sequence_analysis(sequence_analysis_id, isolate_id, ame_loci, beta_lactamase_loci, clonal_complex, mutational_resistome) VALUES ('1389', '1389', '-', '-', '262', '{"PA0004": "WT", "PA0424": "WT", "PA0425": "WT", "PA0426": "I745V, V1014I", "PA0427": "WT", "PA0807": "A219T", "PA0958": "WT", "PA1798": "H398R", "PA1799": "WT", "PA2020": "WT", "PA2023": "WT", "PA2491": "D249N", "PA2492": "F172I, nt234\u22068", "PA2493": "WT", "PA2494": "WT", "PA2495": "G16S", "PA3047": "WT", "PA3168": "WT", "PA3574": "WT", "PA3721": "G71E, S209R", "PA3999": "T286S", "PA4003": "WT", "PA4020": "R322Q", "PA4109": "WT", "PA4110": "R79Q, T105A", "PA4266": "WT", "PA4418": "WT", "PA4522": "G148A", "PA4597": "L66P, M69V", "PA4598": "E257Q, S845A", "PA4599": "S330A", "PA4600": "A170T", "PA4776": "L71R", "PA4777": "Y345H", "PA4964": "WT", "PA4967": "A473V, D533E", "PA5471": "L88P, D161G, H182Q, V243A", "PA5485": "WT"}') ON DUPLICATE KEY UPDATE ame_loci = '-', beta_lactamase_loci = '-', clonal_complex = '262', mutational_resistome = '{"PA0004": "WT", "PA0424": "WT", "PA0425": "WT", "PA0426": "I745V, V1014I", "PA0427": "WT", "PA0807": "A219T", "PA0958": "WT", "PA1798": "H398R", "PA1799": "WT", "PA2020": "WT", "PA2023": "WT", "PA2491": "D249N", "PA2492": "F172I, nt234\u22068", "PA2493": "WT", "PA2494": "WT", "PA2495": "G16S", "PA3047": "WT", "PA3168": "WT", "PA3574": "WT", "PA3721": "G71E, S209R", "PA3999": "T286S", "PA4003": "WT", "PA4020": "R322Q", "PA4109": "WT", "PA4110": "R79Q, T105A", "PA4266": "WT", "PA4418": "WT", "PA4522": "G148A", "PA4597": "L66P, M69V", "PA4598": "E257Q, S845A", "PA4599": "S330A", "PA4600": "A170T", "PA4776": "L71R", "PA4777": "Y345H", "PA4964": "WT", "PA4967": "A473V, D533E", "PA5471": "L88P, D161G, H182Q, V243A", "PA5485": "WT"}'; 
INSERT INTO metadata_general(isolate_id, isolate_name, isolate_source, project_name, species) VALUES ('1418', 'NAV01-003', 'WILD-TYPE', 'GEMARA', 'Pseudomonas aeruginosa') ON DUPLICATE KEY UPDATE isolate_name = 'NAV01-003', isolate_source = 'WILD-TYPE', project_name = 'GEMARA', species = 'Pseudomonas aeruginosa'; 
INSERT INTO mic(mic_id, isolate_id, ami, ami_clinical_category, azt, azt_clinical_category, cip, cip_clinical_category, col, col_clinical_category, cza, cza_clinical_category, fep, fep_clinical_category, imi, imi_clinical_category, mer, mer_clinical_category, pip, pip_clinical_category, taz, taz_clinical_category, tic, tic_clinical_category, tob, tob_clinical_category, tol, tol_clinical_category) VALUES ('1418', '1418', '≤2', 'S', '≤2', 'S', '≤0.12', 'S', '2', 'S', '1', 'S', '≤1', 'S', '2', 'S', '≤0.5', 'S', '≤4', 'S', '≤1', 'S', '≤8', 'S', '0.5', 'S', '≤0,5', 'S') ON DUPLICATE KEY UPDATE ami = '≤2', ami_clinical_category = 'S', azt = '≤2', azt_clinical_category = 'S', cip = '≤0.12', cip_clinical_category = 'S', col = '2', col_clinical_category = 'S', cza = '1', cza_clinical_category = 'S', fep = '≤1', fep_clinical_category = 'S', imi = '2', imi_clinical_category = 'S', mer = '≤0.5', mer_clinical_category = 'S', pip = '≤4', pip_clinical_category = 'S', taz = '≤1', taz_clinical_category = 'S', tic = '≤8', tic_clinical_category = 'S', tob = '0.5', tob_clinical_category = 'S', tol = '≤0,5', tol_clinical_category = 'S'; 
INSERT INTO phenotypic_data(phenotypic_data_id, isolate_id, ecdc_resistance_profile) VALUES ('1409', '1418', 'S') ON DUPLICATE KEY UPDATE ecdc_resistance_profile = 'S'; 
INSERT INTO sequence_analysis(sequence_analysis_id, isolate_id, ame_loci, beta_lactamase_loci, clonal_complex, mutational_resistome) VALUES ('1418', '1418', '-', '-', '527', '{"PA0004": "WT", "PA0424": "WT", "PA0425": "WT", "PA0426": "WT", "PA0427": "WT", "PA0807": "A219T", "PA0958": "WT", "PA1798": "H398R", "PA1799": "WT", "PA2020": "WT", "PA2023": "K236T", "PA2491": "D249N", "PA2492": "F172I, nt234\u22068", "PA2493": "WT", "PA2494": "D648A", "PA2495": "WT", "PA3047": "WT", "PA3168": "WT", "PA3574": "N130S", "PA3721": "G71E", "PA3999": "WT", "PA4003": "WT", "PA4020": "M297V, A303V", "PA4109": "G283E, M288R", "PA4110": "T105A", "PA4266": "WT", "PA4418": "N117S", "PA4522": "G148A, D183Y", "PA4597": "M69V", "PA4598": "E257Q, S845A", "PA4599": "S330A", "PA4600": "WT", "PA4776": "L71R", "PA4777": "S2P, A4T, D70N, H340R, Y345H", "PA4964": "WT", "PA4967": "WT", "PA5471": "L88P, S112N, D119E, D161G, H182Q, V243A", "PA5485": "WT"}') ON DUPLICATE KEY UPDATE ame_loci = '-', beta_lactamase_loci = '-', clonal_complex = '527', mutational_resistome = '{"PA0004": "WT", "PA0424": "WT", "PA0425": "WT", "PA0426": "WT", "PA0427": "WT", "PA0807": "A219T", "PA0958": "WT", "PA1798": "H398R", "PA1799": "WT", "PA2020": "WT", "PA2023": "K236T", "PA2491": "D249N", "PA2492": "F172I, nt234\u22068", "PA2493": "WT", "PA2494": "D648A", "PA2495": "WT", "PA3047": "WT", "PA3168": "WT", "PA3574": "N130S", "PA3721": "G71E", "PA3999": "WT", "PA4003": "WT", "PA4020": "M297V, A303V", "PA4109": "G283E, M288R", "PA4110": "T105A", "PA4266": "WT", "PA4418": "N117S", "PA4522": "G148A, D183Y", "PA4597": "M69V", "PA4598": "E257Q, S845A", "PA4599": "S330A", "PA4600": "WT", "PA4776": "L71R", "PA4777": "S2P, A4T, D70N, H340R, Y345H", "PA4964": "WT", "PA4967": "WT", "PA5471": "L88P, S112N, D119E, D161G, H182Q, V243A", "PA5485": "WT"}'; 
INSERT INTO metadata_general(isolate_id, isolate_name, isolate_source, project_name, species) VALUES ('1410', 'NAV01-030', 'WILD-TYPE', 'GEMARA', 'Pseudomonas aeruginosa') ON DUPLICATE KEY UPDATE isolate_name = 'NAV01-030', isolate_source = 'WILD-TYPE', project_name = 'GEMARA', species = 'Pseudomonas aeruginosa'; 
INSERT INTO mic(mic_id, isolate_id, ami, ami_clinical_category, azt, azt_clinical_category, cip, cip_clinical_category, col, col_clinical_category, cza, cza_clinical_category, fep, fep_clinical_category, imi, imi_clinical_category, mer, mer_clinical_category, pip, pip_clinical_category, taz, taz_clinical_category, tic, tic_clinical_category, tob, tob_clinical_category, tol, tol_clinical_category) VALUES ('1410', '1410', '4', 'S', '8', 'S', '≤0.12', 'S', '1', 'S', '2', 'S', '2', 'S', '1', 'S', '≤0.5', 'S', '≤4', 'S', '2', 'S', '32', 'R', '0.5', 'S', '≤0.5', 'S') ON DUPLICATE KEY UPDATE ami = '4', ami_clinical_category = 'S', azt = '8', azt_clinical_category = 'S', cip = '≤0.12', cip_clinical_category = 'S', col = '1', col_clinical_category = 'S', cza = '2', cza_clinical_category = 'S', fep = '2', fep_clinical_category = 'S', imi = '1', imi_clinical_category = 'S', mer = '≤0.5', mer_clinical_category = 'S', pip = '≤4', pip_clinical_category = 'S', taz = '2', taz_clinical_category = 'S', tic = '32', tic_clinical_category = 'R', tob = '0.5', tob_clinical_category = 'S', tol = '≤0.5', tol_clinical_category = 'S'; 
INSERT INTO phenotypic_data(phenotypic_data_id, isolate_id, ecdc_resistance_profile) VALUES ('1401', '1410', 'S') ON DUPLICATE KEY UPDATE ecdc_resistance_profile = 'S'; 
INSERT INTO sequence_analysis(sequence_analysis_id, isolate_id, ame_loci, beta_lactamase_loci, clonal_complex, mutational_resistome) VALUES ('1410', '1410', '-', '-', '308', '{"PA0004": "WT", "PA0424": "V126E", "PA0425": "WT", "PA0426": "G957D", "PA0427": "WT", "PA0807": "WT", "PA0958": "WT", "PA1798": "H398R", "PA1799": "L153R, S170N", "PA2020": "G89S", "PA2023": "WT", "PA2491": "V73A, D249N", "PA2492": "F172I, nt234\u22068", "PA2493": "WT", "PA2494": "WT", "PA2495": "S13P", "PA3047": "WT", "PA3168": "WT", "PA3574": "WT", "PA3721": "G71E, D79E, S209R", "PA3999": "WT", "PA4003": "WT", "PA4020": "WT", "PA4109": "G283E, M288R", "PA4110": "G27D, T105A, V205L, V356I, G391A", "PA4266": "WT", "PA4418": "WT", "PA4522": "WT", "PA4597": "WT", "PA4598": "T87S, S845A", "PA4599": "E251Q, A262E, A277T, H310R, S330A, A378T, A384V", "PA4600": "WT", "PA4776": "WT", "PA4777": "A4T, V15I, G68S, Y345H", "PA4964": "P752T", "PA4967": "D533E", "PA5471": "C40R, L88P, S112N, D119E, I237V, V243A", "PA5485": "V40I"}') ON DUPLICATE KEY UPDATE ame_loci = '-', beta_lactamase_loci = '-', clonal_complex = '308', mutational_resistome = '{"PA0004": "WT", "PA0424": "V126E", "PA0425": "WT", "PA0426": "G957D", "PA0427": "WT", "PA0807": "WT", "PA0958": "WT", "PA1798": "H398R", "PA1799": "L153R, S170N", "PA2020": "G89S", "PA2023": "WT", "PA2491": "V73A, D249N", "PA2492": "F172I, nt234\u22068", "PA2493": "WT", "PA2494": "WT", "PA2495": "S13P", "PA3047": "WT", "PA3168": "WT", "PA3574": "WT", "PA3721": "G71E, D79E, S209R", "PA3999": "WT", "PA4003": "WT", "PA4020": "WT", "PA4109": "G283E, M288R", "PA4110": "G27D, T105A, V205L, V356I, G391A", "PA4266": "WT", "PA4418": "WT", "PA4522": "WT", "PA4597": "WT", "PA4598": "T87S, S845A", "PA4599": "E251Q, A262E, A277T, H310R, S330A, A378T, A384V", "PA4600": "WT", "PA4776": "WT", "PA4777": "A4T, V15I, G68S, Y345H", "PA4964": "P752T", "PA4967": "D533E", "PA5471": "C40R, L88P, S112N, D119E, I237V, V243A", "PA5485": "V40I"}'; 
INSERT INTO metadata_general(isolate_id, isolate_name, isolate_source, project_name, species) VALUES ('1429', 'PVA01-032', 'WILD-TYPE', 'GEMARA', 'Pseudomonas aeruginosa') ON DUPLICATE KEY UPDATE isolate_name = 'PVA01-032', isolate_source = 'WILD-TYPE', project_name = 'GEMARA', species = 'Pseudomonas aeruginosa'; 
INSERT INTO mic(mic_id, isolate_id, ami, ami_clinical_category, azt, azt_clinical_category, cip, cip_clinical_category, col, col_clinical_category, cza, cza_clinical_category, fep, fep_clinical_category, imi, imi_clinical_category, mer, mer_clinical_category, pip, pip_clinical_category, taz, taz_clinical_category, tic, tic_clinical_category, tob, tob_clinical_category, tol, tol_clinical_category) VALUES ('1429', '1429', '≤2', 'S', '4', 'S', '≤0.12', 'S', '1', 'S', '2', 'S', '≤1', 'S', '1', 'S', '≤0.5', 'S', '≤4', 'S', '2', 'S', '16', 'S', '≤0.25', 'S', '≤0.5', 'S') ON DUPLICATE KEY UPDATE ami = '≤2', ami_clinical_category = 'S', azt = '4', azt_clinical_category = 'S', cip = '≤0.12', cip_clinical_category = 'S', col = '1', col_clinical_category = 'S', cza = '2', cza_clinical_category = 'S', fep = '≤1', fep_clinical_category = 'S', imi = '1', imi_clinical_category = 'S', mer = '≤0.5', mer_clinical_category = 'S', pip = '≤4', pip_clinical_category = 'S', taz = '2', taz_clinical_category = 'S', tic = '16', tic_clinical_category = 'S', tob = '≤0.25', tob_clinical_category = 'S', tol = '≤0.5', tol_clinical_category = 'S'; 
INSERT INTO phenotypic_data(phenotypic_data_id, isolate_id, ecdc_resistance_profile) VALUES ('1422', '1429', 'S') ON DUPLICATE KEY UPDATE ecdc_resistance_profile = 'S'; 
INSERT INTO sequence_analysis(sequence_analysis_id, isolate_id, ame_loci, beta_lactamase_loci, clonal_complex, mutational_resistome) VALUES ('1429', '1429', '-', '-', '3221', '{"PA0004": "WT", "PA0424": "WT", "PA0425": "WT", "PA0426": "WT", "PA0427": "WT", "PA0807": "WT", "PA0958": "WT", "PA1798": "H398R", "PA1799": "WT", "PA2020": "WT", "PA2023": "WT", "PA2491": "D249N", "PA2492": "P60S, F172I, nt234\u22068", "PA2493": "WT", "PA2494": "WT", "PA2495": "WT", "PA3047": "WT", "PA3168": "WT", "PA3574": "WT", "PA3721": "G71E, S209R", "PA3999": "WT", "PA4003": "WT", "PA4020": "M297V, A303V, D382N", "PA4109": "WT", "PA4110": "T105A, L176R", "PA4266": "WT", "PA4418": "WT", "PA4522": "WT", "PA4597": "M69V, R263Q, Q267R", "PA4598": "E257Q, S845A", "PA4599": "S330A", "PA4600": "WT", "PA4776": "L71R", "PA4777": "Y345H", "PA4964": "V646L", "PA4967": "WT", "PA5471": "L88P, D161G, H182Q, V243A, R302C", "PA5485": "WT"}') ON DUPLICATE KEY UPDATE ame_loci = '-', beta_lactamase_loci = '-', clonal_complex = '3221', mutational_resistome = '{"PA0004": "WT", "PA0424": "WT", "PA0425": "WT", "PA0426": "WT", "PA0427": "WT", "PA0807": "WT", "PA0958": "WT", "PA1798": "H398R", "PA1799": "WT", "PA2020": "WT", "PA2023": "WT", "PA2491": "D249N", "PA2492": "P60S, F172I, nt234\u22068", "PA2493": "WT", "PA2494": "WT", "PA2495": "WT", "PA3047": "WT", "PA3168": "WT", "PA3574": "WT", "PA3721": "G71E, S209R", "PA3999": "WT", "PA4003": "WT", "PA4020": "M297V, A303V, D382N", "PA4109": "WT", "PA4110": "T105A, L176R", "PA4266": "WT", "PA4418": "WT", "PA4522": "WT", "PA4597": "M69V, R263Q, Q267R", "PA4598": "E257Q, S845A", "PA4599": "S330A", "PA4600": "WT", "PA4776": "L71R", "PA4777": "Y345H", "PA4964": "V646L", "PA4967": "WT", "PA5471": "L88P, D161G, H182Q, V243A, R302C", "PA5485": "WT"}'; 
INSERT INTO metadata_general(isolate_id, isolate_name, isolate_source, project_name, species) VALUES ('1433', 'PVA01-035', 'WILD-TYPE', 'GEMARA', 'Pseudomonas aeruginosa') ON DUPLICATE KEY UPDATE isolate_name = 'PVA01-035', isolate_source = 'WILD-TYPE', project_name = 'GEMARA', species = 'Pseudomonas aeruginosa'; 
INSERT INTO mic(mic_id, isolate_id, ami, ami_clinical_category, azt, azt_clinical_category, cip, cip_clinical_category, col, col_clinical_category, cza, cza_clinical_category, fep, fep_clinical_category, imi, imi_clinical_category, mer, mer_clinical_category, pip, pip_clinical_category, taz, taz_clinical_category, tic, tic_clinical_category, tob, tob_clinical_category, tol, tol_clinical_category) VALUES ('1433', '1433', '≤2', 'S', '4', 'S', '≤0.12', 'S', '2', 'S', '2', 'S', '2', 'S', '1', 'S', '≤0.5', 'S', '≤4', 'S', '2', 'S', '32', 'R', '≤0.25', 'S', '≤0.5', 'S') ON DUPLICATE KEY UPDATE ami = '≤2', ami_clinical_category = 'S', azt = '4', azt_clinical_category = 'S', cip = '≤0.12', cip_clinical_category = 'S', col = '2', col_clinical_category = 'S', cza = '2', cza_clinical_category = 'S', fep = '2', fep_clinical_category = 'S', imi = '1', imi_clinical_category = 'S', mer = '≤0.5', mer_clinical_category = 'S', pip = '≤4', pip_clinical_category = 'S', taz = '2', taz_clinical_category = 'S', tic = '32', tic_clinical_category = 'R', tob = '≤0.25', tob_clinical_category = 'S', tol = '≤0.5', tol_clinical_category = 'S'; 
INSERT INTO phenotypic_data(phenotypic_data_id, isolate_id, ecdc_resistance_profile) VALUES ('1426', '1433', 'S') ON DUPLICATE KEY UPDATE ecdc_resistance_profile = 'S'; 
INSERT INTO sequence_analysis(sequence_analysis_id, isolate_id, ame_loci, beta_lactamase_loci, clonal_complex, mutational_resistome) VALUES ('1433', '1433', '-', '-', '235', '{"PA0004": "WT", "PA0424": "V126E", "PA0425": "WT", "PA0426": "G957D", "PA0427": "WT", "PA0807": "A208V", "PA0958": "WT", "PA1798": "H398R", "PA1799": "L153R, S170N", "PA2020": "WT", "PA2023": "WT", "PA2491": "D249N", "PA2492": "P60S, F172I, nt234\u22068", "PA2493": "E2V, S8F, Q368R", "PA2494": "WT", "PA2495": "S13P", "PA3047": "WT", "PA3168": "WT", "PA3574": "WT", "PA3721": "G71E, E153Q, S209R", "PA3999": "WT", "PA4003": "WT", "PA4020": "WT", "PA4109": "G283E, M288R", "PA4110": "G27D, A97V, T105A, V205L, G391A", "PA4266": "WT", "PA4418": "WT", "PA4522": "G148A", "PA4597": "M69V, Q267R", "PA4598": "S845A, I982V", "PA4599": "A31V, R76Q, H310R, S330A, P383S", "PA4600": "WT", "PA4776": "L71R", "PA4777": "A4T, G68S, Y345H, G362S", "PA4964": "WT", "PA4967": "D533E", "PA5471": "L88P, D161G, H182Q, R204C, V243A", "PA5485": "WT"}') ON DUPLICATE KEY UPDATE ame_loci = '-', beta_lactamase_loci = '-', clonal_complex = '235', mutational_resistome = '{"PA0004": "WT", "PA0424": "V126E", "PA0425": "WT", "PA0426": "G957D", "PA0427": "WT", "PA0807": "A208V", "PA0958": "WT", "PA1798": "H398R", "PA1799": "L153R, S170N", "PA2020": "WT", "PA2023": "WT", "PA2491": "D249N", "PA2492": "P60S, F172I, nt234\u22068", "PA2493": "E2V, S8F, Q368R", "PA2494": "WT", "PA2495": "S13P", "PA3047": "WT", "PA3168": "WT", "PA3574": "WT", "PA3721": "G71E, E153Q, S209R", "PA3999": "WT", "PA4003": "WT", "PA4020": "WT", "PA4109": "G283E, M288R", "PA4110": "G27D, A97V, T105A, V205L, G391A", "PA4266": "WT", "PA4418": "WT", "PA4522": "G148A", "PA4597": "M69V, Q267R", "PA4598": "S845A, I982V", "PA4599": "A31V, R76Q, H310R, S330A, P383S", "PA4600": "WT", "PA4776": "L71R", "PA4777": "A4T, G68S, Y345H, G362S", "PA4964": "WT", "PA4967": "D533E", "PA5471": "L88P, D161G, H182Q, R204C, V243A", "PA5485": "WT"}'; 
INSERT INTO metadata_general(isolate_id, isolate_name, isolate_source, project_name, species) VALUES ('1435', 'PVA01-040', 'WILD-TYPE', 'GEMARA', 'Pseudomonas aeruginosa') ON DUPLICATE KEY UPDATE isolate_name = 'PVA01-040', isolate_source = 'WILD-TYPE', project_name = 'GEMARA', species = 'Pseudomonas aeruginosa'; 
INSERT INTO mic(mic_id, isolate_id, ami, ami_clinical_category, azt, azt_clinical_category, cip, cip_clinical_category, col, col_clinical_category, cza, cza_clinical_category, fep, fep_clinical_category, imi, imi_clinical_category, mer, mer_clinical_category, pip, pip_clinical_category, taz, taz_clinical_category, tic, tic_clinical_category, tob, tob_clinical_category, tol, tol_clinical_category) VALUES ('1435', '1435', '4', 'S', '≤2', 'S', '≤0.12', 'S', '1', 'S', '1', 'S', '≤1', 'S', '2', 'S', '≤0.5', 'S', '≤4', 'S', '≤1', 'S', '16', 'S', '0.5', 'S', '≤0.5', 'S') ON DUPLICATE KEY UPDATE ami = '4', ami_clinical_category = 'S', azt = '≤2', azt_clinical_category = 'S', cip = '≤0.12', cip_clinical_category = 'S', col = '1', col_clinical_category = 'S', cza = '1', cza_clinical_category = 'S', fep = '≤1', fep_clinical_category = 'S', imi = '2', imi_clinical_category = 'S', mer = '≤0.5', mer_clinical_category = 'S', pip = '≤4', pip_clinical_category = 'S', taz = '≤1', taz_clinical_category = 'S', tic = '16', tic_clinical_category = 'S', tob = '0.5', tob_clinical_category = 'S', tol = '≤0.5', tol_clinical_category = 'S'; 
INSERT INTO phenotypic_data(phenotypic_data_id, isolate_id, ecdc_resistance_profile) VALUES ('1428', '1435', 'S') ON DUPLICATE KEY UPDATE ecdc_resistance_profile = 'S'; 
INSERT INTO sequence_analysis(sequence_analysis_id, isolate_id, ame_loci, beta_lactamase_loci, clonal_complex, mutational_resistome) VALUES ('1435', '1435', '-', '-', '3371', '{"PA0004": "WT", "PA0424": "WT", "PA0425": "WT", "PA0426": "nt1726\u22064", "PA0427": "WT", "PA0807": "WT", "PA0958": "WT", "PA1798": "H398R", "PA1799": "WT", "PA2020": "WT", "PA2023": "WT", "PA2491": "D249N", "PA2492": "F172I, A299T, nt234\u22068", "PA2493": "WT", "PA2494": "WT", "PA2495": "WT", "PA3047": "WT", "PA3168": "WT", "PA3574": "WT", "PA3721": "G71E, S209R", "PA3999": "V50I", "PA4003": "WT", "PA4020": "M297V", "PA4109": "WT", "PA4110": "WT", "PA4266": "WT", "PA4418": "L3V", "PA4522": "WT", "PA4597": "M69V, Q267R", "PA4598": "E257Q, S845A", "PA4599": "S330A", "PA4600": "WT", "PA4776": "L71R", "PA4777": "Y345H", "PA4964": "E513D", "PA4967": "WT", "PA5471": "L88P, D119E", "PA5485": "WT"}') ON DUPLICATE KEY UPDATE ame_loci = '-', beta_lactamase_loci = '-', clonal_complex = '3371', mutational_resistome = '{"PA0004": "WT", "PA0424": "WT", "PA0425": "WT", "PA0426": "nt1726\u22064", "PA0427": "WT", "PA0807": "WT", "PA0958": "WT", "PA1798": "H398R", "PA1799": "WT", "PA2020": "WT", "PA2023": "WT", "PA2491": "D249N", "PA2492": "F172I, A299T, nt234\u22068", "PA2493": "WT", "PA2494": "WT", "PA2495": "WT", "PA3047": "WT", "PA3168": "WT", "PA3574": "WT", "PA3721": "G71E, S209R", "PA3999": "V50I", "PA4003": "WT", "PA4020": "M297V", "PA4109": "WT", "PA4110": "WT", "PA4266": "WT", "PA4418": "L3V", "PA4522": "WT", "PA4597": "M69V, Q267R", "PA4598": "E257Q, S845A", "PA4599": "S330A", "PA4600": "WT", "PA4776": "L71R", "PA4777": "Y345H", "PA4964": "E513D", "PA4967": "WT", "PA5471": "L88P, D119E", "PA5485": "WT"}'; 
INSERT INTO metadata_general(isolate_id, isolate_name, isolate_source, project_name, species) VALUES ('193', 'AND01-004', 'VALIDATION SET', 'GEMARA', 'Pseudomonas aeruginosa') ON DUPLICATE KEY UPDATE isolate_name = 'AND01-004', isolate_source = 'VALIDATION SET', project_name = 'GEMARA', species = 'Pseudomonas aeruginosa'; 
INSERT INTO mic(mic_id, isolate_id, ami, ami_clinical_category, azt, azt_clinical_category, cip, cip_clinical_category, col, col_clinical_category, cza, cza_clinical_category, fep, fep_clinical_category, imi, imi_clinical_category, mer, mer_clinical_category, pip, pip_clinical_category, taz, taz_clinical_category, tic, tic_clinical_category, tob, tob_clinical_category, tol, tol_clinical_category) VALUES ('193', '193', '≤2', 'S', '16', 'S', '0.5', 'S', '2', 'S', '4', 'S', '8', 'S', '2', 'S', '≤0.5', 'S', '16', 'S', '4', 'S', '128', 'R', '≤0.25', 'S', '1', 'S') ON DUPLICATE KEY UPDATE ami = '≤2', ami_clinical_category = 'S', azt = '16', azt_clinical_category = 'S', cip = '0.5', cip_clinical_category = 'S', col = '2', col_clinical_category = 'S', cza = '4', cza_clinical_category = 'S', fep = '8', fep_clinical_category = 'S', imi = '2', imi_clinical_category = 'S', mer = '≤0.5', mer_clinical_category = 'S', pip = '16', pip_clinical_category = 'S', taz = '4', taz_clinical_category = 'S', tic = '128', tic_clinical_category = 'R', tob = '≤0.25', tob_clinical_category = 'S', tol = '1', tol_clinical_category = 'S'; 
INSERT INTO phenotypic_data(phenotypic_data_id, isolate_id, ecdc_resistance_profile) VALUES ('8', '193', 'S') ON DUPLICATE KEY UPDATE ecdc_resistance_profile = 'S'; 
INSERT INTO sequence_analysis(sequence_analysis_id, isolate_id, ame_loci, beta_lactamase_loci, clonal_complex, mutational_resistome) VALUES ('193', '193', '-', '-', '1677', '{"PA0004": "WT", "PA0424": "V126E", "PA0425": "WT", "PA0426": "I186V", "PA0427": "WT", "PA0807": "WT", "PA0958": "WT", "PA1798": "WT", "PA1799": "L153R", "PA2020": "D83E, L138R", "PA2023": "WT", "PA2491": "D249N", "PA2492": "F172I, nt234\u22068", "PA2493": "S8F", "PA2494": "D666E", "PA2495": "A12T, A410S", "PA3047": "WT", "PA3168": "G897D, aa911\u22062", "PA3574": "WT", "PA3721": "T50P, G71E, A186T", "PA3999": "WT", "PA4003": "WT", "PA4020": "M297V", "PA4109": "G283E, M288R", "PA4110": "G27D, T105A, V205L, V356I", "PA4266": "WT", "PA4418": "WT", "PA4522": "WT", "PA4597": "WT", "PA4598": "A155T, S845A, K1031R", "PA4599": "R76Q, H310R, S313G, S330A, P383S", "PA4600": "WT", "PA4776": "WT", "PA4777": "A4T, V15I, G68S, Y345H", "PA4964": "WT", "PA4967": "D533E", "PA5471": "L88P", "PA5485": "WT"}') ON DUPLICATE KEY UPDATE ame_loci = '-', beta_lactamase_loci = '-', clonal_complex = '1677', mutational_resistome = '{"PA0004": "WT", "PA0424": "V126E", "PA0425": "WT", "PA0426": "I186V", "PA0427": "WT", "PA0807": "WT", "PA0958": "WT", "PA1798": "WT", "PA1799": "L153R", "PA2020": "D83E, L138R", "PA2023": "WT", "PA2491": "D249N", "PA2492": "F172I, nt234\u22068", "PA2493": "S8F", "PA2494": "D666E", "PA2495": "A12T, A410S", "PA3047": "WT", "PA3168": "G897D, aa911\u22062", "PA3574": "WT", "PA3721": "T50P, G71E, A186T", "PA3999": "WT", "PA4003": "WT", "PA4020": "M297V", "PA4109": "G283E, M288R", "PA4110": "G27D, T105A, V205L, V356I", "PA4266": "WT", "PA4418": "WT", "PA4522": "WT", "PA4597": "WT", "PA4598": "A155T, S845A, K1031R", "PA4599": "R76Q, H310R, S313G, S330A, P383S", "PA4600": "WT", "PA4776": "WT", "PA4777": "A4T, V15I, G68S, Y345H", "PA4964": "WT", "PA4967": "D533E", "PA5471": "L88P", "PA5485": "WT"}'; 
INSERT INTO metadata_general(isolate_id, isolate_name, isolate_source, project_name, species) VALUES ('194', 'AND01-005', 'VALIDATION SET', 'GEMARA', 'Pseudomonas aeruginosa') ON DUPLICATE KEY UPDATE isolate_name = 'AND01-005', isolate_source = 'VALIDATION SET', project_name = 'GEMARA', species = 'Pseudomonas aeruginosa'; 
INSERT INTO mic(mic_id, isolate_id, ami, ami_clinical_category, azt, azt_clinical_category, cip, cip_clinical_category, col, col_clinical_category, cza, cza_clinical_category, fep, fep_clinical_category, imi, imi_clinical_category, mer, mer_clinical_category, pip, pip_clinical_category, taz, taz_clinical_category, tic, tic_clinical_category, tob, tob_clinical_category, tol, tol_clinical_category) VALUES ('194', '194', '≤2', 'S', '16', 'S', '0.5', 'S', '1', 'S', '4', 'S', '4', 'S', '2', 'S', '≤0.5', 'S', '8', 'S', '4', 'S', '128', 'R', '0.5', 'S', '≤0.5', 'S') ON DUPLICATE KEY UPDATE ami = '≤2', ami_clinical_category = 'S', azt = '16', azt_clinical_category = 'S', cip = '0.5', cip_clinical_category = 'S', col = '1', col_clinical_category = 'S', cza = '4', cza_clinical_category = 'S', fep = '4', fep_clinical_category = 'S', imi = '2', imi_clinical_category = 'S', mer = '≤0.5', mer_clinical_category = 'S', pip = '8', pip_clinical_category = 'S', taz = '4', taz_clinical_category = 'S', tic = '128', tic_clinical_category = 'R', tob = '0.5', tob_clinical_category = 'S', tol = '≤0.5', tol_clinical_category = 'S'; 
INSERT INTO phenotypic_data(phenotypic_data_id, isolate_id, ecdc_resistance_profile) VALUES ('9', '194', 'S') ON DUPLICATE KEY UPDATE ecdc_resistance_profile = 'S'; 
INSERT INTO sequence_analysis(sequence_analysis_id, isolate_id, ame_loci, beta_lactamase_loci, clonal_complex, mutational_resistome) VALUES ('194', '194', '-', '-', '408', '{"PA0004": "WT", "PA0424": "WT", "PA0425": "D373N", "PA0426": "WT", "PA0427": "WT", "PA0807": "WT", "PA0958": "WT", "PA1798": "V238L, H398R", "PA1799": "WT", "PA2020": "WT", "PA2023": "WT", "PA2491": "D249N", "PA2492": "P60S, F172I, nt234\u22068", "PA2493": "WT", "PA2494": "WT", "PA2495": "WT", "PA3047": "A394P", "PA3168": "WT", "PA3574": "WT", "PA3721": "G71E, S209R", "PA3999": "WT", "PA4003": "WT", "PA4020": "M297V, A303V, A356V", "PA4109": "WT", "PA4110": "T105A", "PA4266": "WT", "PA4418": "WT", "PA4522": "G148A, D183Y", "PA4597": "M69V, Q267R", "PA4598": "S845A", "PA4599": "V131M, S330A", "PA4600": "WT", "PA4776": "L71R", "PA4777": "Y345H", "PA4964": "WT", "PA4967": "WT", "PA5471": "L88P, D161G, H182Q, V243A", "PA5485": "WT"}') ON DUPLICATE KEY UPDATE ame_loci = '-', beta_lactamase_loci = '-', clonal_complex = '408', mutational_resistome = '{"PA0004": "WT", "PA0424": "WT", "PA0425": "D373N", "PA0426": "WT", "PA0427": "WT", "PA0807": "WT", "PA0958": "WT", "PA1798": "V238L, H398R", "PA1799": "WT", "PA2020": "WT", "PA2023": "WT", "PA2491": "D249N", "PA2492": "P60S, F172I, nt234\u22068", "PA2493": "WT", "PA2494": "WT", "PA2495": "WT", "PA3047": "A394P", "PA3168": "WT", "PA3574": "WT", "PA3721": "G71E, S209R", "PA3999": "WT", "PA4003": "WT", "PA4020": "M297V, A303V, A356V", "PA4109": "WT", "PA4110": "T105A", "PA4266": "WT", "PA4418": "WT", "PA4522": "G148A, D183Y", "PA4597": "M69V, Q267R", "PA4598": "S845A", "PA4599": "V131M, S330A", "PA4600": "WT", "PA4776": "L71R", "PA4777": "Y345H", "PA4964": "WT", "PA4967": "WT", "PA5471": "L88P, D161G, H182Q, V243A", "PA5485": "WT"}'; 
INSERT INTO metadata_general(isolate_id, isolate_name, isolate_source, project_name, species) VALUES ('202', 'AND01-006', 'VALIDATION SET', 'GEMARA', 'Pseudomonas aeruginosa') ON DUPLICATE KEY UPDATE isolate_name = 'AND01-006', isolate_source = 'VALIDATION SET', project_name = 'GEMARA', species = 'Pseudomonas aeruginosa'; 
INSERT INTO mic(mic_id, isolate_id, ami, ami_clinical_category, azt, azt_clinical_category, cip, cip_clinical_category, col, col_clinical_category, cza, cza_clinical_category, fep, fep_clinical_category, imi, imi_clinical_category, mer, mer_clinical_category, pip, pip_clinical_category, taz, taz_clinical_category, tic, tic_clinical_category, tob, tob_clinical_category, tol, tol_clinical_category) VALUES ('202', '202', '4', 'S', '16', 'S', '≤0.12', 'S', '1', 'S', '4', 'S', '4', 'S', '1', 'S', '≤0.5', 'S', '16', 'S', '2', 'S', '64', 'R', '0.5', 'S', '1', 'S') ON DUPLICATE KEY UPDATE ami = '4', ami_clinical_category = 'S', azt = '16', azt_clinical_category = 'S', cip = '≤0.12', cip_clinical_category = 'S', col = '1', col_clinical_category = 'S', cza = '4', cza_clinical_category = 'S', fep = '4', fep_clinical_category = 'S', imi = '1', imi_clinical_category = 'S', mer = '≤0.5', mer_clinical_category = 'S', pip = '16', pip_clinical_category = 'S', taz = '2', taz_clinical_category = 'S', tic = '64', tic_clinical_category = 'R', tob = '0.5', tob_clinical_category = 'S', tol = '1', tol_clinical_category = 'S'; 
INSERT INTO phenotypic_data(phenotypic_data_id, isolate_id, ecdc_resistance_profile) VALUES ('17', '202', 'S') ON DUPLICATE KEY UPDATE ecdc_resistance_profile = 'S'; 
INSERT INTO sequence_analysis(sequence_analysis_id, isolate_id, ame_loci, beta_lactamase_loci, clonal_complex, mutational_resistome) VALUES ('202', '202', '-', '-', '3345', '{"PA0004": "WT", "PA0424": "V126E", "PA0425": "WT", "PA0426": "I186V", "PA0427": "WT", "PA0807": "A208V", "PA0958": "WT", "PA1798": "H398R", "PA1799": "L153R, S170N", "PA2020": "L138R", "PA2023": "WT", "PA2491": "D249N", "PA2492": "F172I, nt234\u22068", "PA2493": "G282S", "PA2494": "D230A", "PA2495": "S13P", "PA3047": "WT", "PA3168": "aa911\u22062", "PA3574": "WT", "PA3721": "G71E, A145V, S209R", "PA3999": "WT", "PA4003": "WT", "PA4020": "WT", "PA4109": "G283E, M288R", "PA4110": "F6L, G27D, T105A, V205L, V356I, G391A", "PA4266": "I186V", "PA4418": "WT", "PA4522": "G148A", "PA4597": "WT", "PA4598": "E257Q, S845A", "PA4599": "R76Q, H310R, S330A, E347K, P383S", "PA4600": "WT", "PA4776": "L71R", "PA4777": "Y345H", "PA4964": "R441L", "PA4967": "D533E", "PA5471": "C40R, L88P", "PA5485": "WT"}') ON DUPLICATE KEY UPDATE ame_loci = '-', beta_lactamase_loci = '-', clonal_complex = '3345', mutational_resistome = '{"PA0004": "WT", "PA0424": "V126E", "PA0425": "WT", "PA0426": "I186V", "PA0427": "WT", "PA0807": "A208V", "PA0958": "WT", "PA1798": "H398R", "PA1799": "L153R, S170N", "PA2020": "L138R", "PA2023": "WT", "PA2491": "D249N", "PA2492": "F172I, nt234\u22068", "PA2493": "G282S", "PA2494": "D230A", "PA2495": "S13P", "PA3047": "WT", "PA3168": "aa911\u22062", "PA3574": "WT", "PA3721": "G71E, A145V, S209R", "PA3999": "WT", "PA4003": "WT", "PA4020": "WT", "PA4109": "G283E, M288R", "PA4110": "F6L, G27D, T105A, V205L, V356I, G391A", "PA4266": "I186V", "PA4418": "WT", "PA4522": "G148A", "PA4597": "WT", "PA4598": "E257Q, S845A", "PA4599": "R76Q, H310R, S330A, E347K, P383S", "PA4600": "WT", "PA4776": "L71R", "PA4777": "Y345H", "PA4964": "R441L", "PA4967": "D533E", "PA5471": "C40R, L88P", "PA5485": "WT"}'; 
INSERT INTO metadata_general(isolate_id, isolate_name, isolate_source, project_name, species) VALUES ('2', 'AND01-016', 'VALIDATION SET', 'GEMARA', 'Pseudomonas aeruginosa') ON DUPLICATE KEY UPDATE isolate_name = 'AND01-016', isolate_source = 'VALIDATION SET', project_name = 'GEMARA', species = 'Pseudomonas aeruginosa'; 
INSERT INTO mic(mic_id, isolate_id, ami, ami_clinical_category, azt, azt_clinical_category, cip, cip_clinical_category, col, col_clinical_category, cza, cza_clinical_category, fep, fep_clinical_category, imi, imi_clinical_category, mer, mer_clinical_category, pip, pip_clinical_category, taz, taz_clinical_category, tic, tic_clinical_category, tob, tob_clinical_category, tol, tol_clinical_category) VALUES ('2', '2', '4', 'S', '32', 'R', '>16', 'R', '1', 'S', '16', 'R', '32', 'R', '8', 'R', '8', 'I', '256', 'R', '64', 'R', '256', 'R', '0.5', 'S', '2', 'S') ON DUPLICATE KEY UPDATE ami = '4', ami_clinical_category = 'S', azt = '32', azt_clinical_category = 'R', cip = '>16', cip_clinical_category = 'R', col = '1', col_clinical_category = 'S', cza = '16', cza_clinical_category = 'R', fep = '32', fep_clinical_category = 'R', imi = '8', imi_clinical_category = 'R', mer = '8', mer_clinical_category = 'I', pip = '256', pip_clinical_category = 'R', taz = '64', taz_clinical_category = 'R', tic = '256', tic_clinical_category = 'R', tob = '0.5', tob_clinical_category = 'S', tol = '2', tol_clinical_category = 'S'; 
INSERT INTO phenotypic_data(phenotypic_data_id, isolate_id, ecdc_resistance_profile) VALUES ('27', '2', 'XDR') ON DUPLICATE KEY UPDATE ecdc_resistance_profile = 'XDR'; 
INSERT INTO sequence_analysis(sequence_analysis_id, isolate_id, ame_loci, beta_lactamase_loci, clonal_complex, mutational_resistome) VALUES ('2', '2', '-', '-', '348', '{"PA0004": "WT", "PA0424": "WT", "PA0425": "WT", "PA0426": "WT", "PA0427": "WT", "PA0807": "A219T", "PA0958": "WT", "PA1798": "H398R", "PA1799": "WT", "PA2020": "WT", "PA2023": "WT", "PA2491": "D249N", "PA2492": "P60S, F172I, nt234\u22068", "PA2493": "WT", "PA2494": "WT", "PA2495": "WT", "PA3047": "A474T", "PA3168": "T83I", "PA3574": "nt451\u039416", "PA3721": "G71E, S209R", "PA3999": "WT", "PA4003": "WT", "PA4020": "M297V", "PA4109": "R244W, G273E", "PA4110": "R79Q, T105A", "PA4266": "WT", "PA4418": "WT", "PA4522": "WT", "PA4597": "WT", "PA4598": "WT", "PA4599": "WT", "PA4600": "WT", "PA4776": "L71R", "PA4777": "Y345H", "PA4964": "S87W, E513D", "PA4967": "WT", "PA5471": "L88P, D161G, H182Q, V243A", "PA5485": "WT"}') ON DUPLICATE KEY UPDATE ame_loci = '-', beta_lactamase_loci = '-', clonal_complex = '348', mutational_resistome = '{"PA0004": "WT", "PA0424": "WT", "PA0425": "WT", "PA0426": "WT", "PA0427": "WT", "PA0807": "A219T", "PA0958": "WT", "PA1798": "H398R", "PA1799": "WT", "PA2020": "WT", "PA2023": "WT", "PA2491": "D249N", "PA2492": "P60S, F172I, nt234\u22068", "PA2493": "WT", "PA2494": "WT", "PA2495": "WT", "PA3047": "A474T", "PA3168": "T83I", "PA3574": "nt451\u039416", "PA3721": "G71E, S209R", "PA3999": "WT", "PA4003": "WT", "PA4020": "M297V", "PA4109": "R244W, G273E", "PA4110": "R79Q, T105A", "PA4266": "WT", "PA4418": "WT", "PA4522": "WT", "PA4597": "WT", "PA4598": "WT", "PA4599": "WT", "PA4600": "WT", "PA4776": "L71R", "PA4777": "Y345H", "PA4964": "S87W, E513D", "PA4967": "WT", "PA5471": "L88P, D161G, H182Q, V243A", "PA5485": "WT"}'; 
INSERT INTO metadata_general(isolate_id, isolate_name, isolate_source, project_name, species) VALUES ('7', 'AND02-001', 'VALIDATION SET', 'GEMARA', 'Pseudomonas aeruginosa') ON DUPLICATE KEY UPDATE isolate_name = 'AND02-001', isolate_source = 'VALIDATION SET', project_name = 'GEMARA', species = 'Pseudomonas aeruginosa'; 
INSERT INTO mic(mic_id, isolate_id, ami, ami_clinical_category, azt, azt_clinical_category, cip, cip_clinical_category, col, col_clinical_category, cza, cza_clinical_category, fep, fep_clinical_category, imi, imi_clinical_category, mer, mer_clinical_category, pip, pip_clinical_category, taz, taz_clinical_category, tic, tic_clinical_category, tob, tob_clinical_category, tol, tol_clinical_category) VALUES ('7', '7', '8', 'S', '32', 'R', '2', 'R', '2', 'S', '4', 'S', '16', 'R', '8', 'R', '8', 'I', '256', 'R', '16', 'R', '128', 'R', '0.5', 'S', '≤0.5', 'S') ON DUPLICATE KEY UPDATE ami = '8', ami_clinical_category = 'S', azt = '32', azt_clinical_category = 'R', cip = '2', cip_clinical_category = 'R', col = '2', col_clinical_category = 'S', cza = '4', cza_clinical_category = 'S', fep = '16', fep_clinical_category = 'R', imi = '8', imi_clinical_category = 'R', mer = '8', mer_clinical_category = 'I', pip = '256', pip_clinical_category = 'R', taz = '16', taz_clinical_category = 'R', tic = '128', tic_clinical_category = 'R', tob = '0.5', tob_clinical_category = 'S', tol = '≤0.5', tol_clinical_category = 'S'; 
INSERT INTO phenotypic_data(phenotypic_data_id, isolate_id, ecdc_resistance_profile) VALUES ('60', '7', 'MDR') ON DUPLICATE KEY UPDATE ecdc_resistance_profile = 'MDR'; 
INSERT INTO sequence_analysis(sequence_analysis_id, isolate_id, ame_loci, beta_lactamase_loci, clonal_complex, mutational_resistome) VALUES ('7', '7', '-', '-', '155', '{"PA0004": "WT", "PA0424": "WT", "PA0425": "WT", "PA0426": "WT", "PA0427": "WT", "PA0807": "A219T", "PA0958": "W138X", "PA1798": "H398R", "PA1799": "WT", "PA2020": "aa103\u22061", "PA2023": "WT", "PA2491": "D249N", "PA2492": "F172I, nt234\u22068", "PA2493": "WT", "PA2494": "WT", "PA2495": "WT", "PA3047": "WT", "PA3168": "T83I", "PA3574": "WT", "PA3721": "G71E, S209R", "PA3999": "WT", "PA4003": "WT", "PA4020": "M297V", "PA4109": "WT", "PA4110": "R79Q, T105A", "PA4266": "WT", "PA4418": "WT", "PA4522": "Q44H, L135Q, G148A, D183Y", "PA4597": "D68G, M69V, Q267R", "PA4598": "A566T, V607A, S845A", "PA4599": "WT", "PA4600": "WT", "PA4776": "WT", "PA4777": "Y345H", "PA4964": "WT", "PA4967": "E459V", "PA5471": "L88P, D161G, H182Q, V243A", "PA5485": "WT"}') ON DUPLICATE KEY UPDATE ame_loci = '-', beta_lactamase_loci = '-', clonal_complex = '155', mutational_resistome = '{"PA0004": "WT", "PA0424": "WT", "PA0425": "WT", "PA0426": "WT", "PA0427": "WT", "PA0807": "A219T", "PA0958": "W138X", "PA1798": "H398R", "PA1799": "WT", "PA2020": "aa103\u22061", "PA2023": "WT", "PA2491": "D249N", "PA2492": "F172I, nt234\u22068", "PA2493": "WT", "PA2494": "WT", "PA2495": "WT", "PA3047": "WT", "PA3168": "T83I", "PA3574": "WT", "PA3721": "G71E, S209R", "PA3999": "WT", "PA4003": "WT", "PA4020": "M297V", "PA4109": "WT", "PA4110": "R79Q, T105A", "PA4266": "WT", "PA4418": "WT", "PA4522": "Q44H, L135Q, G148A, D183Y", "PA4597": "D68G, M69V, Q267R", "PA4598": "A566T, V607A, S845A", "PA4599": "WT", "PA4600": "WT", "PA4776": "WT", "PA4777": "Y345H", "PA4964": "WT", "PA4967": "E459V", "PA5471": "L88P, D161G, H182Q, V243A", "PA5485": "WT"}'; 
INSERT INTO metadata_general(isolate_id, isolate_name, isolate_source, project_name, species) VALUES ('215', 'AND02-002', 'VALIDATION SET', 'GEMARA', 'Pseudomonas aeruginosa') ON DUPLICATE KEY UPDATE isolate_name = 'AND02-002', isolate_source = 'VALIDATION SET', project_name = 'GEMARA', species = 'Pseudomonas aeruginosa'; 
INSERT INTO mic(mic_id, isolate_id, ami, ami_clinical_category, azt, azt_clinical_category, cip, cip_clinical_category, col, col_clinical_category, cza, cza_clinical_category, fep, fep_clinical_category, imi, imi_clinical_category, mer, mer_clinical_category, pip, pip_clinical_category, taz, taz_clinical_category, tic, tic_clinical_category, tob, tob_clinical_category, tol, tol_clinical_category) VALUES ('215', '215', '≤2', 'S', '32', 'R', '≤0.12', 'S', '1', 'S', '8', 'S', '4', 'S', '4', 'S', '1', 'S', '8', 'S', '4', 'S', '64', 'R', '0.5', 'S', '1', 'S') ON DUPLICATE KEY UPDATE ami = '≤2', ami_clinical_category = 'S', azt = '32', azt_clinical_category = 'R', cip = '≤0.12', cip_clinical_category = 'S', col = '1', col_clinical_category = 'S', cza = '8', cza_clinical_category = 'S', fep = '4', fep_clinical_category = 'S', imi = '4', imi_clinical_category = 'S', mer = '1', mer_clinical_category = 'S', pip = '8', pip_clinical_category = 'S', taz = '4', taz_clinical_category = 'S', tic = '64', tic_clinical_category = 'R', tob = '0.5', tob_clinical_category = 'S', tol = '1', tol_clinical_category = 'S'; 
INSERT INTO phenotypic_data(phenotypic_data_id, isolate_id, ecdc_resistance_profile) VALUES ('36', '215', 'S') ON DUPLICATE KEY UPDATE ecdc_resistance_profile = 'S'; 
INSERT INTO sequence_analysis(sequence_analysis_id, isolate_id, ame_loci, beta_lactamase_loci, clonal_complex, mutational_resistome) VALUES ('215', '215', '-', '-', '1637', '{"PA0004": "WT", "PA0424": "V126E", "PA0425": "WT", "PA0426": "I186V", "PA0427": "WT", "PA0807": "WT", "PA0958": "WT", "PA1798": "H398R", "PA1799": "L153R, S170N", "PA2020": "WT", "PA2023": "WT", "PA2491": "D249N", "PA2492": "F172I, nt234\u22068", "PA2493": "S8F", "PA2494": "WT", "PA2495": "A4T, S13P, A410S", "PA3047": "WT", "PA3168": "WT", "PA3574": "WT", "PA3721": "G71E, E153Q", "PA3999": "WT", "PA4003": "WT", "PA4020": "M297V", "PA4109": "WT", "PA4110": "T105A, L200F", "PA4266": "I186V", "PA4418": "WT", "PA4522": "Q44H, P126Q, G148A, D183Y", "PA4597": "D68G, M69V", "PA4598": "R596S, S845A, L1027V", "PA4599": "V367A", "PA4600": "WT", "PA4776": "D61N, L71R", "PA4777": "G68S, A119T, Y345H", "PA4964": "WT", "PA4967": "WT", "PA5471": "C40R, V243A, A262S", "PA5485": "WT"}') ON DUPLICATE KEY UPDATE ame_loci = '-', beta_lactamase_loci = '-', clonal_complex = '1637', mutational_resistome = '{"PA0004": "WT", "PA0424": "V126E", "PA0425": "WT", "PA0426": "I186V", "PA0427": "WT", "PA0807": "WT", "PA0958": "WT", "PA1798": "H398R", "PA1799": "L153R, S170N", "PA2020": "WT", "PA2023": "WT", "PA2491": "D249N", "PA2492": "F172I, nt234\u22068", "PA2493": "S8F", "PA2494": "WT", "PA2495": "A4T, S13P, A410S", "PA3047": "WT", "PA3168": "WT", "PA3574": "WT", "PA3721": "G71E, E153Q", "PA3999": "WT", "PA4003": "WT", "PA4020": "M297V", "PA4109": "WT", "PA4110": "T105A, L200F", "PA4266": "I186V", "PA4418": "WT", "PA4522": "Q44H, P126Q, G148A, D183Y", "PA4597": "D68G, M69V", "PA4598": "R596S, S845A, L1027V", "PA4599": "V367A", "PA4600": "WT", "PA4776": "D61N, L71R", "PA4777": "G68S, A119T, Y345H", "PA4964": "WT", "PA4967": "WT", "PA5471": "C40R, V243A, A262S", "PA5485": "WT"}'; 
INSERT INTO metadata_general(isolate_id, isolate_name, isolate_source, project_name, species) VALUES ('236', 'AND02-003', 'VALIDATION SET', 'GEMARA', 'Pseudomonas aeruginosa') ON DUPLICATE KEY UPDATE isolate_name = 'AND02-003', isolate_source = 'VALIDATION SET', project_name = 'GEMARA', species = 'Pseudomonas aeruginosa'; 
INSERT INTO mic(mic_id, isolate_id, ami, ami_clinical_category, azt, azt_clinical_category, cip, cip_clinical_category, col, col_clinical_category, cza, cza_clinical_category, fep, fep_clinical_category, imi, imi_clinical_category, mer, mer_clinical_category, pip, pip_clinical_category, taz, taz_clinical_category, tic, tic_clinical_category, tob, tob_clinical_category, tol, tol_clinical_category) VALUES ('236', '236', '16', 'I', '32', 'R', '>16', 'R', '1', 'S', '16', 'R', '8', 'S', '16', 'R', '16', 'R', '32', 'R', '8', 'S', '256', 'R', '>32', 'R', '1', 'S') ON DUPLICATE KEY UPDATE ami = '16', ami_clinical_category = 'I', azt = '32', azt_clinical_category = 'R', cip = '>16', cip_clinical_category = 'R', col = '1', col_clinical_category = 'S', cza = '16', cza_clinical_category = 'R', fep = '8', fep_clinical_category = 'S', imi = '16', imi_clinical_category = 'R', mer = '16', mer_clinical_category = 'R', pip = '32', pip_clinical_category = 'R', taz = '8', taz_clinical_category = 'S', tic = '256', tic_clinical_category = 'R', tob = '>32', tob_clinical_category = 'R', tol = '1', tol_clinical_category = 'S'; 
INSERT INTO phenotypic_data(phenotypic_data_id, isolate_id, ecdc_resistance_profile) VALUES ('57', '236', 'XDR') ON DUPLICATE KEY UPDATE ecdc_resistance_profile = 'XDR'; 
INSERT INTO sequence_analysis(sequence_analysis_id, isolate_id, ame_loci, beta_lactamase_loci, clonal_complex, mutational_resistome) VALUES ('236', '236', 'aac(3)-Ib, aacA4, strA, strB', '-', '308', '{"PA0004": "E468D", "PA0424": "V126E", "PA0425": "WT", "PA0426": "G957D", "PA0427": "WT", "PA0807": "WT", "PA0958": "nt1056\u22061", "PA1798": "L137P, V216A, H398R", "PA1799": "L153R, S170N", "PA2020": "G89S, aa163InsY", "PA2023": "WT", "PA2491": "V73A, D249N", "PA2492": "F172I, nt234\u22068", "PA2493": "WT", "PA2494": "WT", "PA2495": "WT", "PA3047": "WT", "PA3168": "T83I", "PA3574": "WT", "PA3721": "S209R", "PA3999": "WT", "PA4003": "WT", "PA4020": "WT", "PA4109": "G283E, M288R", "PA4110": "G27D, T105A, V205L, V356I", "PA4266": "WT", "PA4418": "WT", "PA4522": "A96T", "PA4597": "WT", "PA4598": "T87S, S845A", "PA4599": "E251Q, A262E, A277T, H310R, S330A", "PA4600": "WT", "PA4776": "WT", "PA4777": "A4T, V15I, G68S, Y345H", "PA4964": "S87L, P752T", "PA4967": "P438S, D533E", "PA5471": "C40R, L88P, S112N, D119E, I237V, V243A", "PA5485": "V40I"}') ON DUPLICATE KEY UPDATE ame_loci = 'aac(3)-Ib, aacA4, strA, strB', beta_lactamase_loci = '-', clonal_complex = '308', mutational_resistome = '{"PA0004": "E468D", "PA0424": "V126E", "PA0425": "WT", "PA0426": "G957D", "PA0427": "WT", "PA0807": "WT", "PA0958": "nt1056\u22061", "PA1798": "L137P, V216A, H398R", "PA1799": "L153R, S170N", "PA2020": "G89S, aa163InsY", "PA2023": "WT", "PA2491": "V73A, D249N", "PA2492": "F172I, nt234\u22068", "PA2493": "WT", "PA2494": "WT", "PA2495": "WT", "PA3047": "WT", "PA3168": "T83I", "PA3574": "WT", "PA3721": "S209R", "PA3999": "WT", "PA4003": "WT", "PA4020": "WT", "PA4109": "G283E, M288R", "PA4110": "G27D, T105A, V205L, V356I", "PA4266": "WT", "PA4418": "WT", "PA4522": "A96T", "PA4597": "WT", "PA4598": "T87S, S845A", "PA4599": "E251Q, A262E, A277T, H310R, S330A", "PA4600": "WT", "PA4776": "WT", "PA4777": "A4T, V15I, G68S, Y345H", "PA4964": "S87L, P752T", "PA4967": "P438S, D533E", "PA5471": "C40R, L88P, S112N, D119E, I237V, V243A", "PA5485": "V40I"}'; 
INSERT INTO metadata_general(isolate_id, isolate_name, isolate_source, project_name, species) VALUES ('212', 'AND02-006', 'VALIDATION SET', 'GEMARA', 'Pseudomonas aeruginosa') ON DUPLICATE KEY UPDATE isolate_name = 'AND02-006', isolate_source = 'VALIDATION SET', project_name = 'GEMARA', species = 'Pseudomonas aeruginosa'; 
INSERT INTO mic(mic_id, isolate_id, ami, ami_clinical_category, azt, azt_clinical_category, cip, cip_clinical_category, col, col_clinical_category, cza, cza_clinical_category, fep, fep_clinical_category, imi, imi_clinical_category, mer, mer_clinical_category, pip, pip_clinical_category, taz, taz_clinical_category, tic, tic_clinical_category, tob, tob_clinical_category, tol, tol_clinical_category) VALUES ('212', '212', '4', 'S', '4', 'S', '≤0.12', 'S', '1', 'S', '2', 'S', '2', 'S', '2', 'S', '≤0.5', 'S', '≤4', 'S', '2', 'S', '32', 'R', '≤0.25', 'S', '≤0.5', 'S') ON DUPLICATE KEY UPDATE ami = '4', ami_clinical_category = 'S', azt = '4', azt_clinical_category = 'S', cip = '≤0.12', cip_clinical_category = 'S', col = '1', col_clinical_category = 'S', cza = '2', cza_clinical_category = 'S', fep = '2', fep_clinical_category = 'S', imi = '2', imi_clinical_category = 'S', mer = '≤0.5', mer_clinical_category = 'S', pip = '≤4', pip_clinical_category = 'S', taz = '2', taz_clinical_category = 'S', tic = '32', tic_clinical_category = 'R', tob = '≤0.25', tob_clinical_category = 'S', tol = '≤0.5', tol_clinical_category = 'S'; 
INSERT INTO phenotypic_data(phenotypic_data_id, isolate_id, ecdc_resistance_profile) VALUES ('33', '212', 'S') ON DUPLICATE KEY UPDATE ecdc_resistance_profile = 'S'; 
INSERT INTO sequence_analysis(sequence_analysis_id, isolate_id, ame_loci, beta_lactamase_loci, clonal_complex, mutational_resistome) VALUES ('212', '212', '-', '-', '709', '{"PA0004": "WT", "PA0424": "WT", "PA0425": "WT", "PA0426": "WT", "PA0427": "WT", "PA0807": "WT", "PA0958": "WT", "PA1798": "H398R", "PA1799": "WT", "PA2020": "WT", "PA2023": "WT", "PA2491": "D249N", "PA2492": "P60S, F172I, nt234\u22068", "PA2493": "WT", "PA2494": "WT", "PA2495": "WT", "PA3047": "WT", "PA3168": "WT", "PA3574": "WT", "PA3721": "G71E, S209R", "PA3999": "WT", "PA4003": "WT", "PA4020": "D411A", "PA4109": "WT", "PA4110": "R79Q, T105A, I365V", "PA4266": "WT", "PA4418": "WT", "PA4522": "G148A, D183Y", "PA4597": "M69V, Q267R", "PA4598": "E257Q, S845A", "PA4599": "S330A", "PA4600": "WT", "PA4776": "L71R", "PA4777": "Y345H", "PA4964": "WT", "PA4967": "WT", "PA5471": "L88P, D161G, H182Q, V243A", "PA5485": "WT"}') ON DUPLICATE KEY UPDATE ame_loci = '-', beta_lactamase_loci = '-', clonal_complex = '709', mutational_resistome = '{"PA0004": "WT", "PA0424": "WT", "PA0425": "WT", "PA0426": "WT", "PA0427": "WT", "PA0807": "WT", "PA0958": "WT", "PA1798": "H398R", "PA1799": "WT", "PA2020": "WT", "PA2023": "WT", "PA2491": "D249N", "PA2492": "P60S, F172I, nt234\u22068", "PA2493": "WT", "PA2494": "WT", "PA2495": "WT", "PA3047": "WT", "PA3168": "WT", "PA3574": "WT", "PA3721": "G71E, S209R", "PA3999": "WT", "PA4003": "WT", "PA4020": "D411A", "PA4109": "WT", "PA4110": "R79Q, T105A, I365V", "PA4266": "WT", "PA4418": "WT", "PA4522": "G148A, D183Y", "PA4597": "M69V, Q267R", "PA4598": "E257Q, S845A", "PA4599": "S330A", "PA4600": "WT", "PA4776": "L71R", "PA4777": "Y345H", "PA4964": "WT", "PA4967": "WT", "PA5471": "L88P, D161G, H182Q, V243A", "PA5485": "WT"}'; 
INSERT INTO metadata_general(isolate_id, isolate_name, isolate_source, project_name, species) VALUES ('252', 'AND03-001', 'VALIDATION SET', 'GEMARA', 'Pseudomonas aeruginosa') ON DUPLICATE KEY UPDATE isolate_name = 'AND03-001', isolate_source = 'VALIDATION SET', project_name = 'GEMARA', species = 'Pseudomonas aeruginosa'; 
INSERT INTO mic(mic_id, isolate_id, ami, ami_clinical_category, azt, azt_clinical_category, cip, cip_clinical_category, col, col_clinical_category, cza, cza_clinical_category, fep, fep_clinical_category, imi, imi_clinical_category, mer, mer_clinical_category, pip, pip_clinical_category, taz, taz_clinical_category, tic, tic_clinical_category, tob, tob_clinical_category, tol, tol_clinical_category) VALUES ('252', '252', '≤2', 'S', '4', 'S', '≤0.12', 'S', '1', 'S', '4', 'S', '4', 'S', '1', 'S', '≤0.5', 'S', '8', 'S', '2', 'S', '32', 'R', '≤0.25', 'S', '1', 'S') ON DUPLICATE KEY UPDATE ami = '≤2', ami_clinical_category = 'S', azt = '4', azt_clinical_category = 'S', cip = '≤0.12', cip_clinical_category = 'S', col = '1', col_clinical_category = 'S', cza = '4', cza_clinical_category = 'S', fep = '4', fep_clinical_category = 'S', imi = '1', imi_clinical_category = 'S', mer = '≤0.5', mer_clinical_category = 'S', pip = '8', pip_clinical_category = 'S', taz = '2', taz_clinical_category = 'S', tic = '32', tic_clinical_category = 'R', tob = '≤0.25', tob_clinical_category = 'S', tol = '1', tol_clinical_category = 'S'; 
INSERT INTO phenotypic_data(phenotypic_data_id, isolate_id, ecdc_resistance_profile) VALUES ('76', '252', 'S') ON DUPLICATE KEY UPDATE ecdc_resistance_profile = 'S'; 
INSERT INTO sequence_analysis(sequence_analysis_id, isolate_id, ame_loci, beta_lactamase_loci, clonal_complex, mutational_resistome) VALUES ('252', '252', '-', '-', '170', '{"PA0004": "WT", "PA0424": "WT", "PA0425": "WT", "PA0426": "WT", "PA0427": "WT", "PA0807": "A219T", "PA0958": "WT", "PA1798": "V146A, H398R", "PA1799": "WT", "PA2020": "WT", "PA2023": "WT", "PA2491": "D249N", "PA2492": "F172I, nt234\u22068", "PA2493": "WT", "PA2494": "WT", "PA2495": "WT", "PA3047": "WT", "PA3168": "WT", "PA3574": "WT", "PA3721": "G71E", "PA3999": "WT", "PA4003": "WT", "PA4020": "M297V, A286V, A303V", "PA4109": "WT", "PA4110": "T105A", "PA4266": "WT", "PA4418": "WT", "PA4522": "G148A, D183Y", "PA4597": "M69V", "PA4598": "S845A, A959S", "PA4599": "S330A", "PA4600": "WT", "PA4776": "L71R", "PA4777": "Y345H", "PA4964": "WT", "PA4967": "WT", "PA5471": "L88P, V243A", "PA5485": "WT"}') ON DUPLICATE KEY UPDATE ame_loci = '-', beta_lactamase_loci = '-', clonal_complex = '170', mutational_resistome = '{"PA0004": "WT", "PA0424": "WT", "PA0425": "WT", "PA0426": "WT", "PA0427": "WT", "PA0807": "A219T", "PA0958": "WT", "PA1798": "V146A, H398R", "PA1799": "WT", "PA2020": "WT", "PA2023": "WT", "PA2491": "D249N", "PA2492": "F172I, nt234\u22068", "PA2493": "WT", "PA2494": "WT", "PA2495": "WT", "PA3047": "WT", "PA3168": "WT", "PA3574": "WT", "PA3721": "G71E", "PA3999": "WT", "PA4003": "WT", "PA4020": "M297V, A286V, A303V", "PA4109": "WT", "PA4110": "T105A", "PA4266": "WT", "PA4418": "WT", "PA4522": "G148A, D183Y", "PA4597": "M69V", "PA4598": "S845A, A959S", "PA4599": "S330A", "PA4600": "WT", "PA4776": "L71R", "PA4777": "Y345H", "PA4964": "WT", "PA4967": "WT", "PA5471": "L88P, V243A", "PA5485": "WT"}'; 
INSERT INTO metadata_general(isolate_id, isolate_name, isolate_source, project_name, species) VALUES ('250', 'AND03-003', 'VALIDATION SET', 'GEMARA', 'Pseudomonas aeruginosa') ON DUPLICATE KEY UPDATE isolate_name = 'AND03-003', isolate_source = 'VALIDATION SET', project_name = 'GEMARA', species = 'Pseudomonas aeruginosa'; 
INSERT INTO mic(mic_id, isolate_id, ami, ami_clinical_category, azt, azt_clinical_category, cip, cip_clinical_category, col, col_clinical_category, cza, cza_clinical_category, fep, fep_clinical_category, imi, imi_clinical_category, mer, mer_clinical_category, pip, pip_clinical_category, taz, taz_clinical_category, tic, tic_clinical_category, tob, tob_clinical_category, tol, tol_clinical_category) VALUES ('250', '250', '≤2', 'S', '4', 'S', '≤0.12', 'S', '4', 'R', '2', 'S', '2', 'S', '1', 'S', '2', 'S', '≤4', 'S', '8', 'S', '32', 'R', '0.5', 'S', '≤0.5', 'S') ON DUPLICATE KEY UPDATE ami = '≤2', ami_clinical_category = 'S', azt = '4', azt_clinical_category = 'S', cip = '≤0.12', cip_clinical_category = 'S', col = '4', col_clinical_category = 'R', cza = '2', cza_clinical_category = 'S', fep = '2', fep_clinical_category = 'S', imi = '1', imi_clinical_category = 'S', mer = '2', mer_clinical_category = 'S', pip = '≤4', pip_clinical_category = 'S', taz = '8', taz_clinical_category = 'S', tic = '32', tic_clinical_category = 'R', tob = '0.5', tob_clinical_category = 'S', tol = '≤0.5', tol_clinical_category = 'S'; 
INSERT INTO phenotypic_data(phenotypic_data_id, isolate_id, ecdc_resistance_profile) VALUES ('74', '250', 'R') ON DUPLICATE KEY UPDATE ecdc_resistance_profile = 'R'; 
INSERT INTO sequence_analysis(sequence_analysis_id, isolate_id, ame_loci, beta_lactamase_loci, clonal_complex, mutational_resistome) VALUES ('250', '250', '-', '-', '244', '{"PA0004": "WT", "PA0424": "WT", "PA0425": "WT", "PA0426": "WT", "PA0427": "WT", "PA0807": "A219T", "PA0958": "WT", "PA1798": "WT", "PA1799": "WT", "PA2020": "WT", "PA2023": "WT", "PA2491": "D249N", "PA2492": "P60S, F172I, nt234\u22068", "PA2493": "WT", "PA2494": "WT", "PA2495": "A228V", "PA3047": "WT", "PA3168": "WT", "PA3574": "WT", "PA3721": "WT", "PA3999": "WT", "PA4003": "WT", "PA4020": "M297V, A303V", "PA4109": "WT", "PA4110": "WT", "PA4266": "WT", "PA4418": "WT", "PA4522": "R11L, G148A, D183Y", "PA4597": "D68G, M69V", "PA4598": "S845A", "PA4599": "R76Q, H310R, S330A, P383S", "PA4600": "WT", "PA4776": "L71R", "PA4777": "WT", "PA4964": "WT", "PA4967": "WT", "PA5471": "L88P, G157D, D161G, H182Q, V243A", "PA5485": "WT"}') ON DUPLICATE KEY UPDATE ame_loci = '-', beta_lactamase_loci = '-', clonal_complex = '244', mutational_resistome = '{"PA0004": "WT", "PA0424": "WT", "PA0425": "WT", "PA0426": "WT", "PA0427": "WT", "PA0807": "A219T", "PA0958": "WT", "PA1798": "WT", "PA1799": "WT", "PA2020": "WT", "PA2023": "WT", "PA2491": "D249N", "PA2492": "P60S, F172I, nt234\u22068", "PA2493": "WT", "PA2494": "WT", "PA2495": "A228V", "PA3047": "WT", "PA3168": "WT", "PA3574": "WT", "PA3721": "WT", "PA3999": "WT", "PA4003": "WT", "PA4020": "M297V, A303V", "PA4109": "WT", "PA4110": "WT", "PA4266": "WT", "PA4418": "WT", "PA4522": "R11L, G148A, D183Y", "PA4597": "D68G, M69V", "PA4598": "S845A", "PA4599": "R76Q, H310R, S330A, P383S", "PA4600": "WT", "PA4776": "L71R", "PA4777": "WT", "PA4964": "WT", "PA4967": "WT", "PA5471": "L88P, G157D, D161G, H182Q, V243A", "PA5485": "WT"}'; 
INSERT INTO metadata_general(isolate_id, isolate_name, isolate_source, project_name, species) VALUES ('238', 'AND03-009', 'VALIDATION SET', 'GEMARA', 'Pseudomonas aeruginosa') ON DUPLICATE KEY UPDATE isolate_name = 'AND03-009', isolate_source = 'VALIDATION SET', project_name = 'GEMARA', species = 'Pseudomonas aeruginosa'; 
INSERT INTO mic(mic_id, isolate_id, ami, ami_clinical_category, azt, azt_clinical_category, cip, cip_clinical_category, col, col_clinical_category, cza, cza_clinical_category, fep, fep_clinical_category, imi, imi_clinical_category, mer, mer_clinical_category, pip, pip_clinical_category, taz, taz_clinical_category, tic, tic_clinical_category, tob, tob_clinical_category, tol, tol_clinical_category) VALUES ('238', '238', '4', 'S', '4', 'S', '0.25', 'S', '2', 'S', '2', 'S', '4', 'S', '1', 'S', '≤0.5', 'S', '8', 'S', '2', 'S', '32', 'R', '0.5', 'S', '1', 'S') ON DUPLICATE KEY UPDATE ami = '4', ami_clinical_category = 'S', azt = '4', azt_clinical_category = 'S', cip = '0.25', cip_clinical_category = 'S', col = '2', col_clinical_category = 'S', cza = '2', cza_clinical_category = 'S', fep = '4', fep_clinical_category = 'S', imi = '1', imi_clinical_category = 'S', mer = '≤0.5', mer_clinical_category = 'S', pip = '8', pip_clinical_category = 'S', taz = '2', taz_clinical_category = 'S', tic = '32', tic_clinical_category = 'R', tob = '0.5', tob_clinical_category = 'S', tol = '1', tol_clinical_category = 'S'; 
INSERT INTO phenotypic_data(phenotypic_data_id, isolate_id, ecdc_resistance_profile) VALUES ('62', '238', 'S') ON DUPLICATE KEY UPDATE ecdc_resistance_profile = 'S'; 
INSERT INTO sequence_analysis(sequence_analysis_id, isolate_id, ame_loci, beta_lactamase_loci, clonal_complex, mutational_resistome) VALUES ('238', '238', '-', '-', '971', '{"PA0004": "WT", "PA0424": "V126E", "PA0425": "WT", "PA0426": "WT", "PA0427": "WT", "PA0807": "WT", "PA0958": "WT", "PA1798": "S352I, H398R", "PA1799": "L153R, S170N", "PA2020": "WT", "PA2023": "WT", "PA2491": "D249N", "PA2492": "F172I, nt234\u22068", "PA2493": "WT", "PA2494": "WT", "PA2495": "S13P", "PA3047": "WT", "PA3168": "WT", "PA3574": "WT", "PA3721": "S209R, G213D", "PA3999": "WT", "PA4003": "WT", "PA4020": "WT", "PA4109": "WT", "PA4110": "T21A, T105A, V205L", "PA4266": "I186V", "PA4418": "WT", "PA4522": "WT", "PA4597": "M69V, Q267R", "PA4598": "T87S, A155T, V434A, S845A", "PA4599": "A49V, R76Q, H310R, S330A, A378T", "PA4600": "R21H, D56G", "PA4776": "WT", "PA4777": "A4T, V15I, G68S, T343A, Y345H", "PA4964": "WT", "PA4967": "D533E", "PA5471": "C40R, L88P, S112N, D119E, I237V, V243A", "PA5485": "WT"}') ON DUPLICATE KEY UPDATE ame_loci = '-', beta_lactamase_loci = '-', clonal_complex = '971', mutational_resistome = '{"PA0004": "WT", "PA0424": "V126E", "PA0425": "WT", "PA0426": "WT", "PA0427": "WT", "PA0807": "WT", "PA0958": "WT", "PA1798": "S352I, H398R", "PA1799": "L153R, S170N", "PA2020": "WT", "PA2023": "WT", "PA2491": "D249N", "PA2492": "F172I, nt234\u22068", "PA2493": "WT", "PA2494": "WT", "PA2495": "S13P", "PA3047": "WT", "PA3168": "WT", "PA3574": "WT", "PA3721": "S209R, G213D", "PA3999": "WT", "PA4003": "WT", "PA4020": "WT", "PA4109": "WT", "PA4110": "T21A, T105A, V205L", "PA4266": "I186V", "PA4418": "WT", "PA4522": "WT", "PA4597": "M69V, Q267R", "PA4598": "T87S, A155T, V434A, S845A", "PA4599": "A49V, R76Q, H310R, S330A, A378T", "PA4600": "R21H, D56G", "PA4776": "WT", "PA4777": "A4T, V15I, G68S, T343A, Y345H", "PA4964": "WT", "PA4967": "D533E", "PA5471": "C40R, L88P, S112N, D119E, I237V, V243A", "PA5485": "WT"}'; 
INSERT INTO metadata_general(isolate_id, isolate_name, isolate_source, project_name, species) VALUES ('239', 'AND03-012', 'VALIDATION SET', 'GEMARA', 'Pseudomonas aeruginosa') ON DUPLICATE KEY UPDATE isolate_name = 'AND03-012', isolate_source = 'VALIDATION SET', project_name = 'GEMARA', species = 'Pseudomonas aeruginosa'; 
INSERT INTO mic(mic_id, isolate_id, ami, ami_clinical_category, azt, azt_clinical_category, cip, cip_clinical_category, col, col_clinical_category, cza, cza_clinical_category, fep, fep_clinical_category, imi, imi_clinical_category, mer, mer_clinical_category, pip, pip_clinical_category, taz, taz_clinical_category, tic, tic_clinical_category, tob, tob_clinical_category, tol, tol_clinical_category) VALUES ('239', '239', '8', 'S', '8', 'S', '0.25', 'S', '2', 'S', '2', 'S', '2', 'S', '2', 'S', '≤0.5', 'S', '≤4', 'S', '8', 'S', '64', 'R', '1', 'S', '1', 'S') ON DUPLICATE KEY UPDATE ami = '8', ami_clinical_category = 'S', azt = '8', azt_clinical_category = 'S', cip = '0.25', cip_clinical_category = 'S', col = '2', col_clinical_category = 'S', cza = '2', cza_clinical_category = 'S', fep = '2', fep_clinical_category = 'S', imi = '2', imi_clinical_category = 'S', mer = '≤0.5', mer_clinical_category = 'S', pip = '≤4', pip_clinical_category = 'S', taz = '8', taz_clinical_category = 'S', tic = '64', tic_clinical_category = 'R', tob = '1', tob_clinical_category = 'S', tol = '1', tol_clinical_category = 'S'; 
INSERT INTO phenotypic_data(phenotypic_data_id, isolate_id, ecdc_resistance_profile) VALUES ('63', '239', 'S') ON DUPLICATE KEY UPDATE ecdc_resistance_profile = 'S'; 
INSERT INTO sequence_analysis(sequence_analysis_id, isolate_id, ame_loci, beta_lactamase_loci, clonal_complex, mutational_resistome) VALUES ('239', '239', '-', '-', '242', '{"PA0004": "WT", "PA0424": "WT", "PA0425": "WT", "PA0426": "WT", "PA0427": "WT", "PA0807": "I67T", "PA0958": "WT", "PA1798": "H398R", "PA1799": "WT", "PA2020": "WT", "PA2023": "WT", "PA2491": "D249N", "PA2492": "F172I, nt234\u22068", "PA2493": "WT", "PA2494": "WT", "PA2495": "WT", "PA3047": "WT", "PA3168": "WT", "PA3574": "WT", "PA3721": "G71E, S209R", "PA3999": "WT", "PA4003": "WT", "PA4020": "M297V", "PA4109": "G283E, M288R", "PA4110": "T105A", "PA4266": "WT", "PA4418": "WT", "PA4522": "G148A, S175L", "PA4597": "D68G, M69V", "PA4598": "S845A", "PA4599": "S330A", "PA4600": "WT", "PA4776": "L71R", "PA4777": "Y345H", "PA4964": "WT", "PA4967": "WT", "PA5471": "V243A", "PA5485": "WT"}') ON DUPLICATE KEY UPDATE ame_loci = '-', beta_lactamase_loci = '-', clonal_complex = '242', mutational_resistome = '{"PA0004": "WT", "PA0424": "WT", "PA0425": "WT", "PA0426": "WT", "PA0427": "WT", "PA0807": "I67T", "PA0958": "WT", "PA1798": "H398R", "PA1799": "WT", "PA2020": "WT", "PA2023": "WT", "PA2491": "D249N", "PA2492": "F172I, nt234\u22068", "PA2493": "WT", "PA2494": "WT", "PA2495": "WT", "PA3047": "WT", "PA3168": "WT", "PA3574": "WT", "PA3721": "G71E, S209R", "PA3999": "WT", "PA4003": "WT", "PA4020": "M297V", "PA4109": "G283E, M288R", "PA4110": "T105A", "PA4266": "WT", "PA4418": "WT", "PA4522": "G148A, S175L", "PA4597": "D68G, M69V", "PA4598": "S845A", "PA4599": "S330A", "PA4600": "WT", "PA4776": "L71R", "PA4777": "Y345H", "PA4964": "WT", "PA4967": "WT", "PA5471": "V243A", "PA5485": "WT"}'; 
INSERT INTO metadata_general(isolate_id, isolate_name, isolate_source, project_name, species) VALUES ('280', 'AND04-001', 'VALIDATION SET', 'GEMARA', 'Pseudomonas aeruginosa') ON DUPLICATE KEY UPDATE isolate_name = 'AND04-001', isolate_source = 'VALIDATION SET', project_name = 'GEMARA', species = 'Pseudomonas aeruginosa'; 
INSERT INTO mic(mic_id, isolate_id, ami, ami_clinical_category, azt, azt_clinical_category, cip, cip_clinical_category, col, col_clinical_category, cza, cza_clinical_category, fep, fep_clinical_category, imi, imi_clinical_category, mer, mer_clinical_category, pip, pip_clinical_category, taz, taz_clinical_category, tic, tic_clinical_category, tob, tob_clinical_category, tol, tol_clinical_category) VALUES ('280', '280', '4', 'S', '8', 'S', '≤0.12', 'S', '1', 'S', '4', 'S', '8', 'S', '1', 'S', '1', 'S', '16', 'S', '4', 'S', '32', 'R', '0.5', 'S', '1', 'S') ON DUPLICATE KEY UPDATE ami = '4', ami_clinical_category = 'S', azt = '8', azt_clinical_category = 'S', cip = '≤0.12', cip_clinical_category = 'S', col = '1', col_clinical_category = 'S', cza = '4', cza_clinical_category = 'S', fep = '8', fep_clinical_category = 'S', imi = '1', imi_clinical_category = 'S', mer = '1', mer_clinical_category = 'S', pip = '16', pip_clinical_category = 'S', taz = '4', taz_clinical_category = 'S', tic = '32', tic_clinical_category = 'R', tob = '0.5', tob_clinical_category = 'S', tol = '1', tol_clinical_category = 'S'; 
INSERT INTO phenotypic_data(phenotypic_data_id, isolate_id, ecdc_resistance_profile) VALUES ('106', '280', 'S') ON DUPLICATE KEY UPDATE ecdc_resistance_profile = 'S'; 
INSERT INTO sequence_analysis(sequence_analysis_id, isolate_id, ame_loci, beta_lactamase_loci, clonal_complex, mutational_resistome) VALUES ('280', '280', '-', '-', '902', '{"PA0004": "WT", "PA0424": "WT", "PA0425": "WT", "PA0426": "WT", "PA0427": "A261T", "PA0807": "WT", "PA0958": "WT", "PA1798": "WT", "PA1799": "WT", "PA2020": "WT", "PA2023": "WT", "PA2491": "D249N", "PA2492": "F172I, nt234\u22068", "PA2493": "WT", "PA2494": "WT", "PA2495": "WT", "PA3047": "WT", "PA3168": "WT", "PA3574": "WT", "PA3721": "G71E, S209R", "PA3999": "WT", "PA4003": "WT", "PA4020": "R322Q", "PA4109": "WT", "PA4110": "T105A", "PA4266": "WT", "PA4418": "WT", "PA4522": "G148A, D183Y", "PA4597": "I261T", "PA4598": "E257Q, S845A", "PA4599": "S330A", "PA4600": "WT", "PA4776": "L71R", "PA4777": "Y345H", "PA4964": "WT", "PA4967": "WT", "PA5471": "L88P, D161G, H182Q, V243A", "PA5485": "WT"}') ON DUPLICATE KEY UPDATE ame_loci = '-', beta_lactamase_loci = '-', clonal_complex = '902', mutational_resistome = '{"PA0004": "WT", "PA0424": "WT", "PA0425": "WT", "PA0426": "WT", "PA0427": "A261T", "PA0807": "WT", "PA0958": "WT", "PA1798": "WT", "PA1799": "WT", "PA2020": "WT", "PA2023": "WT", "PA2491": "D249N", "PA2492": "F172I, nt234\u22068", "PA2493": "WT", "PA2494": "WT", "PA2495": "WT", "PA3047": "WT", "PA3168": "WT", "PA3574": "WT", "PA3721": "G71E, S209R", "PA3999": "WT", "PA4003": "WT", "PA4020": "R322Q", "PA4109": "WT", "PA4110": "T105A", "PA4266": "WT", "PA4418": "WT", "PA4522": "G148A, D183Y", "PA4597": "I261T", "PA4598": "E257Q, S845A", "PA4599": "S330A", "PA4600": "WT", "PA4776": "L71R", "PA4777": "Y345H", "PA4964": "WT", "PA4967": "WT", "PA5471": "L88P, D161G, H182Q, V243A", "PA5485": "WT"}'; 
INSERT INTO metadata_general(isolate_id, isolate_name, isolate_source, project_name, species) VALUES ('289', 'AND04-002', 'VALIDATION SET', 'GEMARA', 'Pseudomonas aeruginosa') ON DUPLICATE KEY UPDATE isolate_name = 'AND04-002', isolate_source = 'VALIDATION SET', project_name = 'GEMARA', species = 'Pseudomonas aeruginosa'; 
INSERT INTO mic(mic_id, isolate_id, ami, ami_clinical_category, azt, azt_clinical_category, cip, cip_clinical_category, col, col_clinical_category, cza, cza_clinical_category, fep, fep_clinical_category, imi, imi_clinical_category, mer, mer_clinical_category, pip, pip_clinical_category, taz, taz_clinical_category, tic, tic_clinical_category, tob, tob_clinical_category, tol, tol_clinical_category) VALUES ('289', '289', '≤2', 'S', '4', 'S', '≤0.12', 'S', '1', 'S', '2', 'S', '2', 'S', '2', 'S', '1', 'S', '8', 'S', '4', 'S', '32', 'R', '≤0.25', 'S', '≤0.5', 'S') ON DUPLICATE KEY UPDATE ami = '≤2', ami_clinical_category = 'S', azt = '4', azt_clinical_category = 'S', cip = '≤0.12', cip_clinical_category = 'S', col = '1', col_clinical_category = 'S', cza = '2', cza_clinical_category = 'S', fep = '2', fep_clinical_category = 'S', imi = '2', imi_clinical_category = 'S', mer = '1', mer_clinical_category = 'S', pip = '8', pip_clinical_category = 'S', taz = '4', taz_clinical_category = 'S', tic = '32', tic_clinical_category = 'R', tob = '≤0.25', tob_clinical_category = 'S', tol = '≤0.5', tol_clinical_category = 'S'; 
INSERT INTO phenotypic_data(phenotypic_data_id, isolate_id, ecdc_resistance_profile) VALUES ('115', '289', 'S') ON DUPLICATE KEY UPDATE ecdc_resistance_profile = 'S'; 
INSERT INTO sequence_analysis(sequence_analysis_id, isolate_id, ame_loci, beta_lactamase_loci, clonal_complex, mutational_resistome) VALUES ('289', '289', '-', '-', '395', '{"PA0004": "WT", "PA0424": "WT", "PA0425": "WT", "PA0426": "WT", "PA0427": "WT", "PA0807": "R66C", "PA0958": "WT", "PA1798": "H398R", "PA1799": "WT", "PA2020": "WT", "PA2023": "WT", "PA2491": "D249N", "PA2492": "F172I, nt234\u22068", "PA2493": "WT", "PA2494": "WT", "PA2495": "WT", "PA3047": "WT", "PA3168": "aa911\u22062", "PA3574": "WT", "PA3721": "G71E", "PA3999": "WT", "PA4003": "WT", "PA4020": "M297V, V358I", "PA4109": "WT", "PA4110": "T105A, L176R", "PA4266": "WT", "PA4418": "WT", "PA4522": "A134V", "PA4597": "M69V, Q267R", "PA4598": "E257Q, S845A", "PA4599": "S330A", "PA4600": "WT", "PA4776": "L71R", "PA4777": "Y345H", "PA4964": "WT", "PA4967": "V200M", "PA5471": "L88P, D161G, H182Q, V243A", "PA5485": "WT"}') ON DUPLICATE KEY UPDATE ame_loci = '-', beta_lactamase_loci = '-', clonal_complex = '395', mutational_resistome = '{"PA0004": "WT", "PA0424": "WT", "PA0425": "WT", "PA0426": "WT", "PA0427": "WT", "PA0807": "R66C", "PA0958": "WT", "PA1798": "H398R", "PA1799": "WT", "PA2020": "WT", "PA2023": "WT", "PA2491": "D249N", "PA2492": "F172I, nt234\u22068", "PA2493": "WT", "PA2494": "WT", "PA2495": "WT", "PA3047": "WT", "PA3168": "aa911\u22062", "PA3574": "WT", "PA3721": "G71E", "PA3999": "WT", "PA4003": "WT", "PA4020": "M297V, V358I", "PA4109": "WT", "PA4110": "T105A, L176R", "PA4266": "WT", "PA4418": "WT", "PA4522": "A134V", "PA4597": "M69V, Q267R", "PA4598": "E257Q, S845A", "PA4599": "S330A", "PA4600": "WT", "PA4776": "L71R", "PA4777": "Y345H", "PA4964": "WT", "PA4967": "V200M", "PA5471": "L88P, D161G, H182Q, V243A", "PA5485": "WT"}'; 
INSERT INTO metadata_general(isolate_id, isolate_name, isolate_source, project_name, species) VALUES ('12', 'AND04-003', 'VALIDATION SET', 'GEMARA', 'Pseudomonas aeruginosa') ON DUPLICATE KEY UPDATE isolate_name = 'AND04-003', isolate_source = 'VALIDATION SET', project_name = 'GEMARA', species = 'Pseudomonas aeruginosa'; 
INSERT INTO mic(mic_id, isolate_id, ami, ami_clinical_category, azt, azt_clinical_category, cip, cip_clinical_category, col, col_clinical_category, cza, cza_clinical_category, fep, fep_clinical_category, imi, imi_clinical_category, mer, mer_clinical_category, pip, pip_clinical_category, taz, taz_clinical_category, tic, tic_clinical_category, tob, tob_clinical_category, tol, tol_clinical_category) VALUES ('12', '12', '8', 'S', '16', 'S', '8', 'R', '2', 'S', '4', 'S', '8', 'S', '>32', 'R', '8', 'I', '32', 'R', '16', 'R', '128', 'R', '1', 'S', '≤0.5', 'S') ON DUPLICATE KEY UPDATE ami = '8', ami_clinical_category = 'S', azt = '16', azt_clinical_category = 'S', cip = '8', cip_clinical_category = 'R', col = '2', col_clinical_category = 'S', cza = '4', cza_clinical_category = 'S', fep = '8', fep_clinical_category = 'S', imi = '>32', imi_clinical_category = 'R', mer = '8', mer_clinical_category = 'I', pip = '32', pip_clinical_category = 'R', taz = '16', taz_clinical_category = 'R', tic = '128', tic_clinical_category = 'R', tob = '1', tob_clinical_category = 'S', tol = '≤0.5', tol_clinical_category = 'S'; 
INSERT INTO phenotypic_data(phenotypic_data_id, isolate_id, ecdc_resistance_profile) VALUES ('119', '12', 'XDR') ON DUPLICATE KEY UPDATE ecdc_resistance_profile = 'XDR'; 
INSERT INTO sequence_analysis(sequence_analysis_id, isolate_id, ame_loci, beta_lactamase_loci, clonal_complex, mutational_resistome) VALUES ('12', '12', '-', '-', '1227', '{"PA0004": "WT", "PA0424": "WT", "PA0425": "WT", "PA0426": "WT", "PA0427": "WT", "PA0807": "A219T", "PA0958": "WT", "PA1798": "H398R", "PA1799": "WT", "PA2020": "WT", "PA2023": "WT", "PA2491": "L32Q, A75V, D249N, V333M", "PA2492": "P60S, F172I, R334C, nt234\u22068", "PA2493": "WT", "PA2494": "WT", "PA2495": "WT", "PA3047": "WT", "PA3168": "T83I, K162R", "PA3574": "Q97X", "PA3721": "WT", "PA3999": "WT", "PA4003": "WT", "PA4020": "M297V, A303V", "PA4109": "WT", "PA4110": "R79Q, T105A", "PA4266": "WT", "PA4418": "WT", "PA4522": "R11L, R140W, G148A, D183Y", "PA4597": "D68G, M69V", "PA4598": "S845A", "PA4599": "R76Q, H310R, S330A, P383S", "PA4600": "WT", "PA4776": "L71R", "PA4777": "Y345H", "PA4964": "WT", "PA4967": "WT", "PA5471": "L88P, G157D, D161G, H182Q, V243A", "PA5485": "WT"}') ON DUPLICATE KEY UPDATE ame_loci = '-', beta_lactamase_loci = '-', clonal_complex = '1227', mutational_resistome = '{"PA0004": "WT", "PA0424": "WT", "PA0425": "WT", "PA0426": "WT", "PA0427": "WT", "PA0807": "A219T", "PA0958": "WT", "PA1798": "H398R", "PA1799": "WT", "PA2020": "WT", "PA2023": "WT", "PA2491": "L32Q, A75V, D249N, V333M", "PA2492": "P60S, F172I, R334C, nt234\u22068", "PA2493": "WT", "PA2494": "WT", "PA2495": "WT", "PA3047": "WT", "PA3168": "T83I, K162R", "PA3574": "Q97X", "PA3721": "WT", "PA3999": "WT", "PA4003": "WT", "PA4020": "M297V, A303V", "PA4109": "WT", "PA4110": "R79Q, T105A", "PA4266": "WT", "PA4418": "WT", "PA4522": "R11L, R140W, G148A, D183Y", "PA4597": "D68G, M69V", "PA4598": "S845A", "PA4599": "R76Q, H310R, S330A, P383S", "PA4600": "WT", "PA4776": "L71R", "PA4777": "Y345H", "PA4964": "WT", "PA4967": "WT", "PA5471": "L88P, G157D, D161G, H182Q, V243A", "PA5485": "WT"}'; 
INSERT INTO metadata_general(isolate_id, isolate_name, isolate_source, project_name, species) VALUES ('283', 'AND04-004A', 'VALIDATION SET', 'GEMARA', 'Pseudomonas aeruginosa') ON DUPLICATE KEY UPDATE isolate_name = 'AND04-004A', isolate_source = 'VALIDATION SET', project_name = 'GEMARA', species = 'Pseudomonas aeruginosa'; 
INSERT INTO mic(mic_id, isolate_id, ami, ami_clinical_category, azt, azt_clinical_category, cip, cip_clinical_category, col, col_clinical_category, cza, cza_clinical_category, fep, fep_clinical_category, imi, imi_clinical_category, mer, mer_clinical_category, pip, pip_clinical_category, taz, taz_clinical_category, tic, tic_clinical_category, tob, tob_clinical_category, tol, tol_clinical_category) VALUES ('283', '283', '≤2', 'S', '8', 'S', '≤0.12', 'S', '1', 'S', '2', 'S', '2', 'S', '4', 'S', '4', 'I', '16', 'S', '4', 'S', '32', 'R', '0.5', 'S', '≤0.5', 'S') ON DUPLICATE KEY UPDATE ami = '≤2', ami_clinical_category = 'S', azt = '8', azt_clinical_category = 'S', cip = '≤0.12', cip_clinical_category = 'S', col = '1', col_clinical_category = 'S', cza = '2', cza_clinical_category = 'S', fep = '2', fep_clinical_category = 'S', imi = '4', imi_clinical_category = 'S', mer = '4', mer_clinical_category = 'I', pip = '16', pip_clinical_category = 'S', taz = '4', taz_clinical_category = 'S', tic = '32', tic_clinical_category = 'R', tob = '0.5', tob_clinical_category = 'S', tol = '≤0.5', tol_clinical_category = 'S'; 
INSERT INTO phenotypic_data(phenotypic_data_id, isolate_id, ecdc_resistance_profile) VALUES ('109', '283', 'R') ON DUPLICATE KEY UPDATE ecdc_resistance_profile = 'R'; 
INSERT INTO sequence_analysis(sequence_analysis_id, isolate_id, ame_loci, beta_lactamase_loci, clonal_complex, mutational_resistome) VALUES ('283', '283', '-', '-', '244', '{"PA0004": "WT", "PA0424": "WT", "PA0425": "WT", "PA0426": "WT", "PA0427": "WT", "PA0807": "A219T", "PA0958": "WT", "PA1798": "H398R", "PA1799": "WT", "PA2020": "WT", "PA2023": "WT", "PA2491": "A75V, D249N", "PA2492": "P60S, nt234\u22068", "PA2493": "WT", "PA2494": "WT", "PA2495": "WT", "PA3047": "WT", "PA3168": "WT", "PA3574": "WT", "PA3721": "WT", "PA3999": "WT", "PA4003": "WT", "PA4020": "M297V, A303V", "PA4109": "WT", "PA4110": "WT", "PA4266": "WT", "PA4418": "WT", "PA4522": "R11L, G148A, D183Y", "PA4597": "D68G, M69V", "PA4598": "S845A", "PA4599": "R76Q, H310R, S330A, P383S", "PA4600": "WT", "PA4776": "L71R", "PA4777": "WT", "PA4964": "WT", "PA4967": "WT", "PA5471": "L88P, D161G, H182Q, V243A", "PA5485": "WT"}') ON DUPLICATE KEY UPDATE ame_loci = '-', beta_lactamase_loci = '-', clonal_complex = '244', mutational_resistome = '{"PA0004": "WT", "PA0424": "WT", "PA0425": "WT", "PA0426": "WT", "PA0427": "WT", "PA0807": "A219T", "PA0958": "WT", "PA1798": "H398R", "PA1799": "WT", "PA2020": "WT", "PA2023": "WT", "PA2491": "A75V, D249N", "PA2492": "P60S, nt234\u22068", "PA2493": "WT", "PA2494": "WT", "PA2495": "WT", "PA3047": "WT", "PA3168": "WT", "PA3574": "WT", "PA3721": "WT", "PA3999": "WT", "PA4003": "WT", "PA4020": "M297V, A303V", "PA4109": "WT", "PA4110": "WT", "PA4266": "WT", "PA4418": "WT", "PA4522": "R11L, G148A, D183Y", "PA4597": "D68G, M69V", "PA4598": "S845A", "PA4599": "R76Q, H310R, S330A, P383S", "PA4600": "WT", "PA4776": "L71R", "PA4777": "WT", "PA4964": "WT", "PA4967": "WT", "PA5471": "L88P, D161G, H182Q, V243A", "PA5485": "WT"}'; 
INSERT INTO metadata_general(isolate_id, isolate_name, isolate_source, project_name, species) VALUES ('294', 'AND05-004', 'VALIDATION SET', 'GEMARA', 'Pseudomonas aeruginosa') ON DUPLICATE KEY UPDATE isolate_name = 'AND05-004', isolate_source = 'VALIDATION SET', project_name = 'GEMARA', species = 'Pseudomonas aeruginosa'; 
INSERT INTO mic(mic_id, isolate_id, ami, ami_clinical_category, azt, azt_clinical_category, cip, cip_clinical_category, col, col_clinical_category, cza, cza_clinical_category, fep, fep_clinical_category, imi, imi_clinical_category, mer, mer_clinical_category, pip, pip_clinical_category, taz, taz_clinical_category, tic, tic_clinical_category, tob, tob_clinical_category, tol, tol_clinical_category) VALUES ('294', '294', '≤2', 'S', '8', 'S', '≤0.12', 'S', '1', 'S', '2', 'S', '2', 'S', '1', 'S', '≤0.5', 'S', '8', 'S', '2', 'S', '32', 'R', '0.5', 'S', '≤0.5', 'S') ON DUPLICATE KEY UPDATE ami = '≤2', ami_clinical_category = 'S', azt = '8', azt_clinical_category = 'S', cip = '≤0.12', cip_clinical_category = 'S', col = '1', col_clinical_category = 'S', cza = '2', cza_clinical_category = 'S', fep = '2', fep_clinical_category = 'S', imi = '1', imi_clinical_category = 'S', mer = '≤0.5', mer_clinical_category = 'S', pip = '8', pip_clinical_category = 'S', taz = '2', taz_clinical_category = 'S', tic = '32', tic_clinical_category = 'R', tob = '0.5', tob_clinical_category = 'S', tol = '≤0.5', tol_clinical_category = 'S'; 
INSERT INTO phenotypic_data(phenotypic_data_id, isolate_id, ecdc_resistance_profile) VALUES ('123', '294', 'S') ON DUPLICATE KEY UPDATE ecdc_resistance_profile = 'S'; 
INSERT INTO sequence_analysis(sequence_analysis_id, isolate_id, ame_loci, beta_lactamase_loci, clonal_complex, mutational_resistome) VALUES ('294', '294', '-', '-', '313', '{"PA0004": "WT", "PA0424": "V126E", "PA0425": "WT", "PA0426": "WT", "PA0427": "D448N", "PA0807": "WT", "PA0958": "WT", "PA1798": "H398R", "PA1799": "WT", "PA2020": "WT", "PA2023": "WT", "PA2491": "D249N", "PA2492": "P60S, F172I, nt234\u22068", "PA2493": "WT", "PA2494": "WT", "PA2495": "A4T, S13P", "PA3047": "WT", "PA3168": "WT", "PA3574": "WT", "PA3721": "G71E", "PA3999": "WT", "PA4003": "WT", "PA4020": "M297V", "PA4109": "E114A, I251V, G283E, M288R", "PA4110": "P7S, G27D, T105A, V205L, G391A", "PA4266": "WT", "PA4418": "WT", "PA4522": "WT", "PA4597": "WT", "PA4598": "S845A, K1031R", "PA4599": "S330A", "PA4600": "WT", "PA4776": "L71R", "PA4777": "Y345H", "PA4964": "WT", "PA4967": "D533E", "PA5471": "C40R, L88P, D207N, I237V, V243A", "PA5485": "V89D"}') ON DUPLICATE KEY UPDATE ame_loci = '-', beta_lactamase_loci = '-', clonal_complex = '313', mutational_resistome = '{"PA0004": "WT", "PA0424": "V126E", "PA0425": "WT", "PA0426": "WT", "PA0427": "D448N", "PA0807": "WT", "PA0958": "WT", "PA1798": "H398R", "PA1799": "WT", "PA2020": "WT", "PA2023": "WT", "PA2491": "D249N", "PA2492": "P60S, F172I, nt234\u22068", "PA2493": "WT", "PA2494": "WT", "PA2495": "A4T, S13P", "PA3047": "WT", "PA3168": "WT", "PA3574": "WT", "PA3721": "G71E", "PA3999": "WT", "PA4003": "WT", "PA4020": "M297V", "PA4109": "E114A, I251V, G283E, M288R", "PA4110": "P7S, G27D, T105A, V205L, G391A", "PA4266": "WT", "PA4418": "WT", "PA4522": "WT", "PA4597": "WT", "PA4598": "S845A, K1031R", "PA4599": "S330A", "PA4600": "WT", "PA4776": "L71R", "PA4777": "Y345H", "PA4964": "WT", "PA4967": "D533E", "PA5471": "C40R, L88P, D207N, I237V, V243A", "PA5485": "V89D"}'; 
INSERT INTO metadata_general(isolate_id, isolate_name, isolate_source, project_name, species) VALUES ('308', 'AND05-005', 'VALIDATION SET', 'GEMARA', 'Pseudomonas aeruginosa') ON DUPLICATE KEY UPDATE isolate_name = 'AND05-005', isolate_source = 'VALIDATION SET', project_name = 'GEMARA', species = 'Pseudomonas aeruginosa'; 
INSERT INTO mic(mic_id, isolate_id, ami, ami_clinical_category, azt, azt_clinical_category, cip, cip_clinical_category, col, col_clinical_category, cza, cza_clinical_category, fep, fep_clinical_category, imi, imi_clinical_category, mer, mer_clinical_category, pip, pip_clinical_category, taz, taz_clinical_category, tic, tic_clinical_category, tob, tob_clinical_category, tol, tol_clinical_category) VALUES ('308', '308', '4', 'S', '4', 'S', '≤0.12', 'S', '1', 'S', '2', 'S', '2', 'S', '2', 'S', '≤0.5', 'S', '≤4', 'S', '4', 'S', '32', 'R', '0.5', 'S', '1', 'S') ON DUPLICATE KEY UPDATE ami = '4', ami_clinical_category = 'S', azt = '4', azt_clinical_category = 'S', cip = '≤0.12', cip_clinical_category = 'S', col = '1', col_clinical_category = 'S', cza = '2', cza_clinical_category = 'S', fep = '2', fep_clinical_category = 'S', imi = '2', imi_clinical_category = 'S', mer = '≤0.5', mer_clinical_category = 'S', pip = '≤4', pip_clinical_category = 'S', taz = '4', taz_clinical_category = 'S', tic = '32', tic_clinical_category = 'R', tob = '0.5', tob_clinical_category = 'S', tol = '1', tol_clinical_category = 'S'; 
INSERT INTO phenotypic_data(phenotypic_data_id, isolate_id, ecdc_resistance_profile) VALUES ('137', '308', 'S') ON DUPLICATE KEY UPDATE ecdc_resistance_profile = 'S'; 
INSERT INTO sequence_analysis(sequence_analysis_id, isolate_id, ame_loci, beta_lactamase_loci, clonal_complex, mutational_resistome) VALUES ('308', '308', '-', '-', '291', '{"PA0004": "WT", "PA0424": "WT", "PA0425": "WT", "PA0426": "WT", "PA0427": "WT", "PA0807": "A219T", "PA0958": "WT", "PA1798": "WT", "PA1799": "WT", "PA2020": "WT", "PA2023": "WT", "PA2491": "D249N", "PA2492": "P60S, F172I, nt234\u22068", "PA2493": "V156A", "PA2494": "WT", "PA2495": "WT", "PA3047": "M85V", "PA3168": "WT", "PA3574": "WT", "PA3721": "G71E, S209R", "PA3999": "WT", "PA4003": "WT", "PA4020": "WT", "PA4109": "WT", "PA4110": "T105A", "PA4266": "WT", "PA4418": "WT", "PA4522": "WT", "PA4597": "D68G, M69V, A152V", "PA4598": "E257Q, S845A", "PA4599": "WT", "PA4600": "WT", "PA4776": "L71R", "PA4777": "Y345H", "PA4964": "WT", "PA4967": "WT", "PA5471": "L88P, H182Q, V243A", "PA5485": "T258A"}') ON DUPLICATE KEY UPDATE ame_loci = '-', beta_lactamase_loci = '-', clonal_complex = '291', mutational_resistome = '{"PA0004": "WT", "PA0424": "WT", "PA0425": "WT", "PA0426": "WT", "PA0427": "WT", "PA0807": "A219T", "PA0958": "WT", "PA1798": "WT", "PA1799": "WT", "PA2020": "WT", "PA2023": "WT", "PA2491": "D249N", "PA2492": "P60S, F172I, nt234\u22068", "PA2493": "V156A", "PA2494": "WT", "PA2495": "WT", "PA3047": "M85V", "PA3168": "WT", "PA3574": "WT", "PA3721": "G71E, S209R", "PA3999": "WT", "PA4003": "WT", "PA4020": "WT", "PA4109": "WT", "PA4110": "T105A", "PA4266": "WT", "PA4418": "WT", "PA4522": "WT", "PA4597": "D68G, M69V, A152V", "PA4598": "E257Q, S845A", "PA4599": "WT", "PA4600": "WT", "PA4776": "L71R", "PA4777": "Y345H", "PA4964": "WT", "PA4967": "WT", "PA5471": "L88P, H182Q, V243A", "PA5485": "T258A"}'; 
INSERT INTO metadata_general(isolate_id, isolate_name, isolate_source, project_name, species) VALUES ('302', 'AND05-008', 'VALIDATION SET', 'GEMARA', 'Pseudomonas aeruginosa') ON DUPLICATE KEY UPDATE isolate_name = 'AND05-008', isolate_source = 'VALIDATION SET', project_name = 'GEMARA', species = 'Pseudomonas aeruginosa'; 
INSERT INTO mic(mic_id, isolate_id, ami, ami_clinical_category, azt, azt_clinical_category, cip, cip_clinical_category, col, col_clinical_category, cza, cza_clinical_category, fep, fep_clinical_category, imi, imi_clinical_category, mer, mer_clinical_category, pip, pip_clinical_category, taz, taz_clinical_category, tic, tic_clinical_category, tob, tob_clinical_category, tol, tol_clinical_category) VALUES ('302', '302', '4', 'S', '4', 'S', '≤0.12', 'S', '2', 'S', '2', 'S', '8', 'S', '4', 'S', '≤0.5', 'S', '8', 'S', '8', 'S', '64', 'R', '0.5', 'S', '1', 'S') ON DUPLICATE KEY UPDATE ami = '4', ami_clinical_category = 'S', azt = '4', azt_clinical_category = 'S', cip = '≤0.12', cip_clinical_category = 'S', col = '2', col_clinical_category = 'S', cza = '2', cza_clinical_category = 'S', fep = '8', fep_clinical_category = 'S', imi = '4', imi_clinical_category = 'S', mer = '≤0.5', mer_clinical_category = 'S', pip = '8', pip_clinical_category = 'S', taz = '8', taz_clinical_category = 'S', tic = '64', tic_clinical_category = 'R', tob = '0.5', tob_clinical_category = 'S', tol = '1', tol_clinical_category = 'S'; 
INSERT INTO phenotypic_data(phenotypic_data_id, isolate_id, ecdc_resistance_profile) VALUES ('131', '302', 'S') ON DUPLICATE KEY UPDATE ecdc_resistance_profile = 'S'; 
INSERT INTO sequence_analysis(sequence_analysis_id, isolate_id, ame_loci, beta_lactamase_loci, clonal_complex, mutational_resistome) VALUES ('302', '302', '-', '-', '274', '{"PA0004": "H148N", "PA0424": "WT", "PA0425": "WT", "PA0426": "WT", "PA0427": "WT", "PA0807": "WT", "PA0958": "WT", "PA1798": "A82T, H398R", "PA1799": "WT", "PA2020": "WT", "PA2023": "WT", "PA2491": "D249N", "PA2492": "F172I, nt234\u22068", "PA2493": "WT", "PA2494": "WT", "PA2495": "WT", "PA3047": "A394P", "PA3168": "WT", "PA3574": "WT", "PA3721": "G71E, S209R", "PA3999": "WT", "PA4003": "WT", "PA4020": "M297V", "PA4109": "WT", "PA4110": "T21A, T105A, G391A", "PA4266": "WT", "PA4418": "WT", "PA4522": "R11L, G148A, D183Y", "PA4597": "D68G, M69V", "PA4598": "E257Q, A536S, S845A", "PA4599": "WT", "PA4600": "WT", "PA4776": "L71R", "PA4777": "Y345H", "PA4964": "WT", "PA4967": "WT", "PA5471": "L88P, D119E", "PA5485": "WT"}') ON DUPLICATE KEY UPDATE ame_loci = '-', beta_lactamase_loci = '-', clonal_complex = '274', mutational_resistome = '{"PA0004": "H148N", "PA0424": "WT", "PA0425": "WT", "PA0426": "WT", "PA0427": "WT", "PA0807": "WT", "PA0958": "WT", "PA1798": "A82T, H398R", "PA1799": "WT", "PA2020": "WT", "PA2023": "WT", "PA2491": "D249N", "PA2492": "F172I, nt234\u22068", "PA2493": "WT", "PA2494": "WT", "PA2495": "WT", "PA3047": "A394P", "PA3168": "WT", "PA3574": "WT", "PA3721": "G71E, S209R", "PA3999": "WT", "PA4003": "WT", "PA4020": "M297V", "PA4109": "WT", "PA4110": "T21A, T105A, G391A", "PA4266": "WT", "PA4418": "WT", "PA4522": "R11L, G148A, D183Y", "PA4597": "D68G, M69V", "PA4598": "E257Q, A536S, S845A", "PA4599": "WT", "PA4600": "WT", "PA4776": "L71R", "PA4777": "Y345H", "PA4964": "WT", "PA4967": "WT", "PA5471": "L88P, D119E", "PA5485": "WT"}'; 
INSERT INTO metadata_general(isolate_id, isolate_name, isolate_source, project_name, species) VALUES ('296', 'AND05-009', 'VALIDATION SET', 'GEMARA', 'Pseudomonas aeruginosa') ON DUPLICATE KEY UPDATE isolate_name = 'AND05-009', isolate_source = 'VALIDATION SET', project_name = 'GEMARA', species = 'Pseudomonas aeruginosa'; 
INSERT INTO mic(mic_id, isolate_id, ami, ami_clinical_category, azt, azt_clinical_category, cip, cip_clinical_category, col, col_clinical_category, cza, cza_clinical_category, fep, fep_clinical_category, imi, imi_clinical_category, mer, mer_clinical_category, pip, pip_clinical_category, taz, taz_clinical_category, tic, tic_clinical_category, tob, tob_clinical_category, tol, tol_clinical_category) VALUES ('296', '296', '≤2', 'S', '4', 'S', '≤0.12', 'S', '4', 'R', '2', 'S', '2', 'S', '1', 'S', '1', 'S', '≤4', 'S', '2', 'S', '32', 'R', '0.5', 'S', '≤0.5', 'S') ON DUPLICATE KEY UPDATE ami = '≤2', ami_clinical_category = 'S', azt = '4', azt_clinical_category = 'S', cip = '≤0.12', cip_clinical_category = 'S', col = '4', col_clinical_category = 'R', cza = '2', cza_clinical_category = 'S', fep = '2', fep_clinical_category = 'S', imi = '1', imi_clinical_category = 'S', mer = '1', mer_clinical_category = 'S', pip = '≤4', pip_clinical_category = 'S', taz = '2', taz_clinical_category = 'S', tic = '32', tic_clinical_category = 'R', tob = '0.5', tob_clinical_category = 'S', tol = '≤0.5', tol_clinical_category = 'S'; 
INSERT INTO phenotypic_data(phenotypic_data_id, isolate_id, ecdc_resistance_profile) VALUES ('125', '296', 'R') ON DUPLICATE KEY UPDATE ecdc_resistance_profile = 'R'; 
INSERT INTO sequence_analysis(sequence_analysis_id, isolate_id, ame_loci, beta_lactamase_loci, clonal_complex, mutational_resistome) VALUES ('296', '296', '-', '-', '308', '{"PA0004": "N5K", "PA0424": "V126E", "PA0425": "WT", "PA0426": "G957D", "PA0427": "WT", "PA0807": "WT", "PA0958": "WT", "PA1798": "H398R", "PA1799": "L153R, S170N", "PA2020": "G89S", "PA2023": "WT", "PA2491": "V73A, D249N", "PA2492": "F172I, nt234\u22068", "PA2493": "WT", "PA2494": "WT", "PA2495": "S13P", "PA3047": "WT", "PA3168": "WT", "PA3574": "WT", "PA3721": "G71E, D79E, S209R", "PA3999": "WT", "PA4003": "WT", "PA4020": "WT", "PA4109": "G283E, M288R", "PA4110": "G27D, T105A, V205L, V356I, G391A", "PA4266": "WT", "PA4418": "WT", "PA4522": "WT", "PA4597": "WT", "PA4598": "T87S, S845A", "PA4599": "E251Q, A262E, A277T, A378T", "PA4600": "WT", "PA4776": "WT", "PA4777": "V15I, G68S, Y345H", "PA4964": "P752T", "PA4967": "D533E", "PA5471": "C40R, I237V", "PA5485": "V40I"}') ON DUPLICATE KEY UPDATE ame_loci = '-', beta_lactamase_loci = '-', clonal_complex = '308', mutational_resistome = '{"PA0004": "N5K", "PA0424": "V126E", "PA0425": "WT", "PA0426": "G957D", "PA0427": "WT", "PA0807": "WT", "PA0958": "WT", "PA1798": "H398R", "PA1799": "L153R, S170N", "PA2020": "G89S", "PA2023": "WT", "PA2491": "V73A, D249N", "PA2492": "F172I, nt234\u22068", "PA2493": "WT", "PA2494": "WT", "PA2495": "S13P", "PA3047": "WT", "PA3168": "WT", "PA3574": "WT", "PA3721": "G71E, D79E, S209R", "PA3999": "WT", "PA4003": "WT", "PA4020": "WT", "PA4109": "G283E, M288R", "PA4110": "G27D, T105A, V205L, V356I, G391A", "PA4266": "WT", "PA4418": "WT", "PA4522": "WT", "PA4597": "WT", "PA4598": "T87S, S845A", "PA4599": "E251Q, A262E, A277T, A378T", "PA4600": "WT", "PA4776": "WT", "PA4777": "V15I, G68S, Y345H", "PA4964": "P752T", "PA4967": "D533E", "PA5471": "C40R, I237V", "PA5485": "V40I"}'; 
INSERT INTO metadata_general(isolate_id, isolate_name, isolate_source, project_name, species) VALUES ('310', 'AND06-001', 'VALIDATION SET', 'GEMARA', 'Pseudomonas aeruginosa') ON DUPLICATE KEY UPDATE isolate_name = 'AND06-001', isolate_source = 'VALIDATION SET', project_name = 'GEMARA', species = 'Pseudomonas aeruginosa'; 
INSERT INTO mic(mic_id, isolate_id, ami, ami_clinical_category, azt, azt_clinical_category, cip, cip_clinical_category, col, col_clinical_category, cza, cza_clinical_category, fep, fep_clinical_category, imi, imi_clinical_category, mer, mer_clinical_category, pip, pip_clinical_category, taz, taz_clinical_category, tic, tic_clinical_category, tob, tob_clinical_category, tol, tol_clinical_category) VALUES ('310', '310', '≤2', 'S', '16', 'S', '≤0.12', 'S', '1', 'S', '4', 'S', '4', 'S', '1', 'S', '≤0.5', 'S', '16', 'S', '4', 'S', '128', 'R', '≤0.25', 'S', '≤0.5', 'S') ON DUPLICATE KEY UPDATE ami = '≤2', ami_clinical_category = 'S', azt = '16', azt_clinical_category = 'S', cip = '≤0.12', cip_clinical_category = 'S', col = '1', col_clinical_category = 'S', cza = '4', cza_clinical_category = 'S', fep = '4', fep_clinical_category = 'S', imi = '1', imi_clinical_category = 'S', mer = '≤0.5', mer_clinical_category = 'S', pip = '16', pip_clinical_category = 'S', taz = '4', taz_clinical_category = 'S', tic = '128', tic_clinical_category = 'R', tob = '≤0.25', tob_clinical_category = 'S', tol = '≤0.5', tol_clinical_category = 'S'; 
INSERT INTO phenotypic_data(phenotypic_data_id, isolate_id, ecdc_resistance_profile) VALUES ('139', '310', 'S') ON DUPLICATE KEY UPDATE ecdc_resistance_profile = 'S'; 
INSERT INTO sequence_analysis(sequence_analysis_id, isolate_id, ame_loci, beta_lactamase_loci, clonal_complex, mutational_resistome) VALUES ('310', '310', '-', '-', '238', '{"PA0004": "WT", "PA0424": "S92N, V126E", "PA0425": "WT", "PA0426": "I186V", "PA0427": "WT", "PA0807": "WT", "PA0958": "WT", "PA1798": "WT", "PA1799": "T135A, L153R, S170N", "PA2020": "L138R", "PA2023": "WT", "PA2491": "D249N", "PA2492": "P60S, F172I, nt234\u22068", "PA2493": "S8F, P337A", "PA2494": "WT", "PA2495": "S13P", "PA3047": "WT", "PA3168": "WT", "PA3574": "WT", "PA3721": "G71E, A145V, S209R", "PA3999": "WT", "PA4003": "WT", "PA4020": "M297V", "PA4109": "E114A", "PA4110": "G27D, T105A, Q155R, V205L, G391A", "PA4266": "I186V", "PA4418": "A139S", "PA4522": "A29T", "PA4597": "Q267R, T376S", "PA4598": "E257Q, N775K, S845A, S1040T", "PA4599": "A262E, S330A, P383S", "PA4600": "WT", "PA4776": "L71R, E131D", "PA4777": "S2P, A4T, G68S, A119T, Y345H", "PA4964": "WT", "PA4967": "D533E", "PA5471": "C40R, I237V, V243A", "PA5485": "Q117E"}') ON DUPLICATE KEY UPDATE ame_loci = '-', beta_lactamase_loci = '-', clonal_complex = '238', mutational_resistome = '{"PA0004": "WT", "PA0424": "S92N, V126E", "PA0425": "WT", "PA0426": "I186V", "PA0427": "WT", "PA0807": "WT", "PA0958": "WT", "PA1798": "WT", "PA1799": "T135A, L153R, S170N", "PA2020": "L138R", "PA2023": "WT", "PA2491": "D249N", "PA2492": "P60S, F172I, nt234\u22068", "PA2493": "S8F, P337A", "PA2494": "WT", "PA2495": "S13P", "PA3047": "WT", "PA3168": "WT", "PA3574": "WT", "PA3721": "G71E, A145V, S209R", "PA3999": "WT", "PA4003": "WT", "PA4020": "M297V", "PA4109": "E114A", "PA4110": "G27D, T105A, Q155R, V205L, G391A", "PA4266": "I186V", "PA4418": "A139S", "PA4522": "A29T", "PA4597": "Q267R, T376S", "PA4598": "E257Q, N775K, S845A, S1040T", "PA4599": "A262E, S330A, P383S", "PA4600": "WT", "PA4776": "L71R, E131D", "PA4777": "S2P, A4T, G68S, A119T, Y345H", "PA4964": "WT", "PA4967": "D533E", "PA5471": "C40R, I237V, V243A", "PA5485": "Q117E"}'; 
INSERT INTO metadata_general(isolate_id, isolate_name, isolate_source, project_name, species) VALUES ('311', 'AND06-002', 'VALIDATION SET', 'GEMARA', 'Pseudomonas aeruginosa') ON DUPLICATE KEY UPDATE isolate_name = 'AND06-002', isolate_source = 'VALIDATION SET', project_name = 'GEMARA', species = 'Pseudomonas aeruginosa'; 
INSERT INTO mic(mic_id, isolate_id, ami, ami_clinical_category, azt, azt_clinical_category, cip, cip_clinical_category, col, col_clinical_category, cza, cza_clinical_category, fep, fep_clinical_category, imi, imi_clinical_category, mer, mer_clinical_category, pip, pip_clinical_category, taz, taz_clinical_category, tic, tic_clinical_category, tob, tob_clinical_category, tol, tol_clinical_category) VALUES ('311', '311', '16', 'I', '≤2', 'S', '1', 'R', '1', 'S', '1', 'S', '4', 'S', '2', 'S', '≤0.5', 'S', '≤4', 'S', '2', 'S', '≤8', 'S', '2', 'S', '1', 'S') ON DUPLICATE KEY UPDATE ami = '16', ami_clinical_category = 'I', azt = '≤2', azt_clinical_category = 'S', cip = '1', cip_clinical_category = 'R', col = '1', col_clinical_category = 'S', cza = '1', cza_clinical_category = 'S', fep = '4', fep_clinical_category = 'S', imi = '2', imi_clinical_category = 'S', mer = '≤0.5', mer_clinical_category = 'S', pip = '≤4', pip_clinical_category = 'S', taz = '2', taz_clinical_category = 'S', tic = '≤8', tic_clinical_category = 'S', tob = '2', tob_clinical_category = 'S', tol = '1', tol_clinical_category = 'S'; 
INSERT INTO phenotypic_data(phenotypic_data_id, isolate_id, ecdc_resistance_profile) VALUES ('140', '311', 'R') ON DUPLICATE KEY UPDATE ecdc_resistance_profile = 'R'; 
INSERT INTO sequence_analysis(sequence_analysis_id, isolate_id, ame_loci, beta_lactamase_loci, clonal_complex, mutational_resistome) VALUES ('311', '311', '-', '-', '575', '{"PA0004": "WT", "PA0424": "aa11\u22064", "PA0425": "WT", "PA0426": "WT", "PA0427": "WT", "PA0807": "A219T", "PA0958": "WT", "PA1798": "WT", "PA1799": "WT", "PA2020": "T12N", "PA2023": "WT", "PA2491": "D249N", "PA2492": "P60S, F172I, nt234\u22068", "PA2493": "WT", "PA2494": "WT", "PA2495": "WT", "PA3047": "A394P", "PA3168": "D87N", "PA3574": "WT", "PA3721": "G71E, A186T", "PA3999": "WT", "PA4003": "WT", "PA4020": "M297V", "PA4109": "WT", "PA4110": "T105A", "PA4266": "WT", "PA4418": "WT", "PA4522": "D183Y", "PA4597": "M69V", "PA4598": "T304A, S845A", "PA4599": "S330A, Q381L", "PA4600": "WT", "PA4776": "L71R", "PA4777": "Y345H, V431I", "PA4964": "WT", "PA4967": "WT", "PA5471": "L88P, H182Q, V243A", "PA5485": "WT"}') ON DUPLICATE KEY UPDATE ame_loci = '-', beta_lactamase_loci = '-', clonal_complex = '575', mutational_resistome = '{"PA0004": "WT", "PA0424": "aa11\u22064", "PA0425": "WT", "PA0426": "WT", "PA0427": "WT", "PA0807": "A219T", "PA0958": "WT", "PA1798": "WT", "PA1799": "WT", "PA2020": "T12N", "PA2023": "WT", "PA2491": "D249N", "PA2492": "P60S, F172I, nt234\u22068", "PA2493": "WT", "PA2494": "WT", "PA2495": "WT", "PA3047": "A394P", "PA3168": "D87N", "PA3574": "WT", "PA3721": "G71E, A186T", "PA3999": "WT", "PA4003": "WT", "PA4020": "M297V", "PA4109": "WT", "PA4110": "T105A", "PA4266": "WT", "PA4418": "WT", "PA4522": "D183Y", "PA4597": "M69V", "PA4598": "T304A, S845A", "PA4599": "S330A, Q381L", "PA4600": "WT", "PA4776": "L71R", "PA4777": "Y345H, V431I", "PA4964": "WT", "PA4967": "WT", "PA5471": "L88P, H182Q, V243A", "PA5485": "WT"}'; 
INSERT INTO metadata_general(isolate_id, isolate_name, isolate_source, project_name, species) VALUES ('319', 'AND06-003', 'VALIDATION SET', 'GEMARA', 'Pseudomonas aeruginosa') ON DUPLICATE KEY UPDATE isolate_name = 'AND06-003', isolate_source = 'VALIDATION SET', project_name = 'GEMARA', species = 'Pseudomonas aeruginosa'; 
INSERT INTO mic(mic_id, isolate_id, ami, ami_clinical_category, azt, azt_clinical_category, cip, cip_clinical_category, col, col_clinical_category, cza, cza_clinical_category, fep, fep_clinical_category, imi, imi_clinical_category, mer, mer_clinical_category, pip, pip_clinical_category, taz, taz_clinical_category, tic, tic_clinical_category, tob, tob_clinical_category, tol, tol_clinical_category) VALUES ('319', '319', '≤2', 'S', '8', 'S', '≤0.12', 'S', '1', 'S', '2', 'S', '2', 'S', '2', 'S', '≤0.5', 'S', '≤4', 'S', '2', 'S', '32', 'R', '0.5', 'S', '1', 'S') ON DUPLICATE KEY UPDATE ami = '≤2', ami_clinical_category = 'S', azt = '8', azt_clinical_category = 'S', cip = '≤0.12', cip_clinical_category = 'S', col = '1', col_clinical_category = 'S', cza = '2', cza_clinical_category = 'S', fep = '2', fep_clinical_category = 'S', imi = '2', imi_clinical_category = 'S', mer = '≤0.5', mer_clinical_category = 'S', pip = '≤4', pip_clinical_category = 'S', taz = '2', taz_clinical_category = 'S', tic = '32', tic_clinical_category = 'R', tob = '0.5', tob_clinical_category = 'S', tol = '1', tol_clinical_category = 'S'; 
INSERT INTO phenotypic_data(phenotypic_data_id, isolate_id, ecdc_resistance_profile) VALUES ('148', '319', 'S') ON DUPLICATE KEY UPDATE ecdc_resistance_profile = 'S'; 
INSERT INTO sequence_analysis(sequence_analysis_id, isolate_id, ame_loci, beta_lactamase_loci, clonal_complex, mutational_resistome) VALUES ('319', '319', '-', '-', '316', '{"PA0004": "WT", "PA0424": "WT", "PA0425": "WT", "PA0426": "WT", "PA0427": "WT", "PA0807": "WT", "PA0958": "WT", "PA1798": "WT", "PA1799": "S170N", "PA2020": "WT", "PA2023": "WT", "PA2491": "D249N", "PA2492": "P60S, nt234\u22068", "PA2493": "WT", "PA2494": "WT", "PA2495": "WT", "PA3047": "WT", "PA3168": "G889R", "PA3574": "WT", "PA3721": "E153Q, S209R", "PA3999": "WT", "PA4003": "WT", "PA4020": "WT", "PA4109": "WT", "PA4110": "T105A, V205L", "PA4266": "WT", "PA4418": "WT", "PA4522": "G148A, D183Y", "PA4597": "WT", "PA4598": "S845A", "PA4599": "A31V, R76Q", "PA4600": "WT", "PA4776": "WT", "PA4777": "A4T, V6A, V15I, G68S", "PA4964": "WT", "PA4967": "D533E", "PA5471": "S112N, D119E, I237V, V243A", "PA5485": "WT"}') ON DUPLICATE KEY UPDATE ame_loci = '-', beta_lactamase_loci = '-', clonal_complex = '316', mutational_resistome = '{"PA0004": "WT", "PA0424": "WT", "PA0425": "WT", "PA0426": "WT", "PA0427": "WT", "PA0807": "WT", "PA0958": "WT", "PA1798": "WT", "PA1799": "S170N", "PA2020": "WT", "PA2023": "WT", "PA2491": "D249N", "PA2492": "P60S, nt234\u22068", "PA2493": "WT", "PA2494": "WT", "PA2495": "WT", "PA3047": "WT", "PA3168": "G889R", "PA3574": "WT", "PA3721": "E153Q, S209R", "PA3999": "WT", "PA4003": "WT", "PA4020": "WT", "PA4109": "WT", "PA4110": "T105A, V205L", "PA4266": "WT", "PA4418": "WT", "PA4522": "G148A, D183Y", "PA4597": "WT", "PA4598": "S845A", "PA4599": "A31V, R76Q", "PA4600": "WT", "PA4776": "WT", "PA4777": "A4T, V6A, V15I, G68S", "PA4964": "WT", "PA4967": "D533E", "PA5471": "S112N, D119E, I237V, V243A", "PA5485": "WT"}'; 
INSERT INTO metadata_general(isolate_id, isolate_name, isolate_source, project_name, species) VALUES ('330', 'AND06-006', 'VALIDATION SET', 'GEMARA', 'Pseudomonas aeruginosa') ON DUPLICATE KEY UPDATE isolate_name = 'AND06-006', isolate_source = 'VALIDATION SET', project_name = 'GEMARA', species = 'Pseudomonas aeruginosa'; 
INSERT INTO mic(mic_id, isolate_id, ami, ami_clinical_category, azt, azt_clinical_category, cip, cip_clinical_category, col, col_clinical_category, cza, cza_clinical_category, fep, fep_clinical_category, imi, imi_clinical_category, mer, mer_clinical_category, pip, pip_clinical_category, taz, taz_clinical_category, tic, tic_clinical_category, tob, tob_clinical_category, tol, tol_clinical_category) VALUES ('330', '330', '4', 'S', '4', 'S', '≤0.12', 'S', '1', 'S', '2', 'S', '2', 'S', '16', 'R', '8', 'I', '≤4', 'S', '2', 'S', '32', 'R', '0.5', 'S', '1', 'S') ON DUPLICATE KEY UPDATE ami = '4', ami_clinical_category = 'S', azt = '4', azt_clinical_category = 'S', cip = '≤0.12', cip_clinical_category = 'S', col = '1', col_clinical_category = 'S', cza = '2', cza_clinical_category = 'S', fep = '2', fep_clinical_category = 'S', imi = '16', imi_clinical_category = 'R', mer = '8', mer_clinical_category = 'I', pip = '≤4', pip_clinical_category = 'S', taz = '2', taz_clinical_category = 'S', tic = '32', tic_clinical_category = 'R', tob = '0.5', tob_clinical_category = 'S', tol = '1', tol_clinical_category = 'S'; 
INSERT INTO phenotypic_data(phenotypic_data_id, isolate_id, ecdc_resistance_profile) VALUES ('159', '330', 'R') ON DUPLICATE KEY UPDATE ecdc_resistance_profile = 'R'; 
INSERT INTO sequence_analysis(sequence_analysis_id, isolate_id, ame_loci, beta_lactamase_loci, clonal_complex, mutational_resistome) VALUES ('330', '330', '-', '-', '3337', '{"PA0004": "WT", "PA0424": "WT", "PA0425": "WT", "PA0426": "WT", "PA0427": "WT", "PA0807": "A219T", "PA0958": "nt1185\u22061", "PA1798": "A345T, H398R", "PA1799": "WT", "PA2020": "WT", "PA2023": "WT", "PA2491": "D249N", "PA2492": "F172I, nt234\u22068", "PA2493": "WT", "PA2494": "WT", "PA2495": "WT", "PA3047": "WT", "PA3168": "WT", "PA3574": "WT", "PA3721": "G71E, S209R", "PA3999": "WT", "PA4003": "WT", "PA4020": "M297V", "PA4109": "WT", "PA4110": "R79Q, T105A", "PA4266": "WT", "PA4418": "WT", "PA4522": "G148A", "PA4597": "M69V", "PA4598": "E257Q, S845A", "PA4599": "H310R, P383S", "PA4600": "WT", "PA4776": "L71R", "PA4777": "Y345H", "PA4964": "WT", "PA4967": "I57V", "PA5471": "L88P, D161G, H182Q, V243A", "PA5485": "WT"}') ON DUPLICATE KEY UPDATE ame_loci = '-', beta_lactamase_loci = '-', clonal_complex = '3337', mutational_resistome = '{"PA0004": "WT", "PA0424": "WT", "PA0425": "WT", "PA0426": "WT", "PA0427": "WT", "PA0807": "A219T", "PA0958": "nt1185\u22061", "PA1798": "A345T, H398R", "PA1799": "WT", "PA2020": "WT", "PA2023": "WT", "PA2491": "D249N", "PA2492": "F172I, nt234\u22068", "PA2493": "WT", "PA2494": "WT", "PA2495": "WT", "PA3047": "WT", "PA3168": "WT", "PA3574": "WT", "PA3721": "G71E, S209R", "PA3999": "WT", "PA4003": "WT", "PA4020": "M297V", "PA4109": "WT", "PA4110": "R79Q, T105A", "PA4266": "WT", "PA4418": "WT", "PA4522": "G148A", "PA4597": "M69V", "PA4598": "E257Q, S845A", "PA4599": "H310R, P383S", "PA4600": "WT", "PA4776": "L71R", "PA4777": "Y345H", "PA4964": "WT", "PA4967": "I57V", "PA5471": "L88P, D161G, H182Q, V243A", "PA5485": "WT"}'; 
INSERT INTO metadata_general(isolate_id, isolate_name, isolate_source, project_name, species) VALUES ('345', 'AND07-001', 'VALIDATION SET', 'GEMARA', 'Pseudomonas aeruginosa') ON DUPLICATE KEY UPDATE isolate_name = 'AND07-001', isolate_source = 'VALIDATION SET', project_name = 'GEMARA', species = 'Pseudomonas aeruginosa'; 
INSERT INTO mic(mic_id, isolate_id, ami, ami_clinical_category, azt, azt_clinical_category, cip, cip_clinical_category, col, col_clinical_category, cza, cza_clinical_category, fep, fep_clinical_category, imi, imi_clinical_category, mer, mer_clinical_category, pip, pip_clinical_category, taz, taz_clinical_category, tic, tic_clinical_category, tob, tob_clinical_category, tol, tol_clinical_category) VALUES ('345', '345', '≤2', 'S', '4', 'S', '≤0.12', 'S', '2', 'S', '1', 'S', '2', 'S', '2', 'S', '1', 'S', '≤4', 'S', '2', 'S', '32', 'R', '2', 'S', '≤0.5', 'S') ON DUPLICATE KEY UPDATE ami = '≤2', ami_clinical_category = 'S', azt = '4', azt_clinical_category = 'S', cip = '≤0.12', cip_clinical_category = 'S', col = '2', col_clinical_category = 'S', cza = '1', cza_clinical_category = 'S', fep = '2', fep_clinical_category = 'S', imi = '2', imi_clinical_category = 'S', mer = '1', mer_clinical_category = 'S', pip = '≤4', pip_clinical_category = 'S', taz = '2', taz_clinical_category = 'S', tic = '32', tic_clinical_category = 'R', tob = '2', tob_clinical_category = 'S', tol = '≤0.5', tol_clinical_category = 'S'; 
INSERT INTO phenotypic_data(phenotypic_data_id, isolate_id, ecdc_resistance_profile) VALUES ('177', '345', 'S') ON DUPLICATE KEY UPDATE ecdc_resistance_profile = 'S'; 
INSERT INTO sequence_analysis(sequence_analysis_id, isolate_id, ame_loci, beta_lactamase_loci, clonal_complex, mutational_resistome) VALUES ('345', '345', '-', '-', '244', '{"PA0004": "WT", "PA0424": "WT", "PA0425": "WT", "PA0426": "WT", "PA0427": "WT", "PA0807": "WT", "PA0958": "WT", "PA1798": "H398R", "PA1799": "WT", "PA2020": "WT", "PA2023": "WT", "PA2491": "WT", "PA2492": "WT", "PA2493": "WT", "PA2494": "WT", "PA2495": "WT", "PA3047": "WT", "PA3168": "WT", "PA3574": "WT", "PA3721": "WT", "PA3999": "WT", "PA4003": "WT", "PA4020": "WT", "PA4109": "WT", "PA4110": "WT", "PA4266": "WT", "PA4418": "WT", "PA4522": "R11L", "PA4597": "M69V", "PA4598": "WT", "PA4599": "R76Q", "PA4600": "WT", "PA4776": "L71R", "PA4777": "WT", "PA4964": "WT", "PA4967": "WT", "PA5471": "WT", "PA5485": "WT"}') ON DUPLICATE KEY UPDATE ame_loci = '-', beta_lactamase_loci = '-', clonal_complex = '244', mutational_resistome = '{"PA0004": "WT", "PA0424": "WT", "PA0425": "WT", "PA0426": "WT", "PA0427": "WT", "PA0807": "WT", "PA0958": "WT", "PA1798": "H398R", "PA1799": "WT", "PA2020": "WT", "PA2023": "WT", "PA2491": "WT", "PA2492": "WT", "PA2493": "WT", "PA2494": "WT", "PA2495": "WT", "PA3047": "WT", "PA3168": "WT", "PA3574": "WT", "PA3721": "WT", "PA3999": "WT", "PA4003": "WT", "PA4020": "WT", "PA4109": "WT", "PA4110": "WT", "PA4266": "WT", "PA4418": "WT", "PA4522": "R11L", "PA4597": "M69V", "PA4598": "WT", "PA4599": "R76Q", "PA4600": "WT", "PA4776": "L71R", "PA4777": "WT", "PA4964": "WT", "PA4967": "WT", "PA5471": "WT", "PA5485": "WT"}'; 
INSERT INTO metadata_general(isolate_id, isolate_name, isolate_source, project_name, species) VALUES ('346', 'AND07-002', 'VALIDATION SET', 'GEMARA', 'Pseudomonas aeruginosa') ON DUPLICATE KEY UPDATE isolate_name = 'AND07-002', isolate_source = 'VALIDATION SET', project_name = 'GEMARA', species = 'Pseudomonas aeruginosa'; 
INSERT INTO mic(mic_id, isolate_id, ami, ami_clinical_category, azt, azt_clinical_category, cip, cip_clinical_category, col, col_clinical_category, cza, cza_clinical_category, fep, fep_clinical_category, imi, imi_clinical_category, mer, mer_clinical_category, pip, pip_clinical_category, taz, taz_clinical_category, tic, tic_clinical_category, tob, tob_clinical_category, tol, tol_clinical_category) VALUES ('346', '346', '≤2', 'S', '4', 'S', '0.25', 'S', '1', 'S', '2', 'S', '4', 'S', '2', 'S', '≤0.5', 'S', '≤4', 'S', '2', 'S', '32', 'R', '2', 'S', '1', 'S') ON DUPLICATE KEY UPDATE ami = '≤2', ami_clinical_category = 'S', azt = '4', azt_clinical_category = 'S', cip = '0.25', cip_clinical_category = 'S', col = '1', col_clinical_category = 'S', cza = '2', cza_clinical_category = 'S', fep = '4', fep_clinical_category = 'S', imi = '2', imi_clinical_category = 'S', mer = '≤0.5', mer_clinical_category = 'S', pip = '≤4', pip_clinical_category = 'S', taz = '2', taz_clinical_category = 'S', tic = '32', tic_clinical_category = 'R', tob = '2', tob_clinical_category = 'S', tol = '1', tol_clinical_category = 'S'; 
INSERT INTO phenotypic_data(phenotypic_data_id, isolate_id, ecdc_resistance_profile) VALUES ('178', '346', 'S') ON DUPLICATE KEY UPDATE ecdc_resistance_profile = 'S'; 
INSERT INTO sequence_analysis(sequence_analysis_id, isolate_id, ame_loci, beta_lactamase_loci, clonal_complex, mutational_resistome) VALUES ('346', '346', '-', '-', '242', '{"PA0004": "WT", "PA0424": "WT", "PA0425": "WT", "PA0426": "WT", "PA0427": "WT", "PA0807": "I67T", "PA0958": "WT", "PA1798": "H398R", "PA1799": "WT", "PA2020": "WT", "PA2023": "WT", "PA2491": "D249N", "PA2492": "F172I, nt234\u22068", "PA2493": "WT", "PA2494": "WT", "PA2495": "WT", "PA3047": "WT", "PA3168": "WT", "PA3574": "WT", "PA3721": "G71E, S209R", "PA3999": "WT", "PA4003": "WT", "PA4020": "M297V", "PA4109": "G283E, M288R", "PA4110": "T105A", "PA4266": "WT", "PA4418": "WT", "PA4522": "G148A, S175L", "PA4597": "D68G, M69V", "PA4598": "S845A", "PA4599": "S330A", "PA4600": "WT", "PA4776": "L71R", "PA4777": "Y345H", "PA4964": "WT", "PA4967": "WT", "PA5471": "D161G, V243A", "PA5485": "WT"}') ON DUPLICATE KEY UPDATE ame_loci = '-', beta_lactamase_loci = '-', clonal_complex = '242', mutational_resistome = '{"PA0004": "WT", "PA0424": "WT", "PA0425": "WT", "PA0426": "WT", "PA0427": "WT", "PA0807": "I67T", "PA0958": "WT", "PA1798": "H398R", "PA1799": "WT", "PA2020": "WT", "PA2023": "WT", "PA2491": "D249N", "PA2492": "F172I, nt234\u22068", "PA2493": "WT", "PA2494": "WT", "PA2495": "WT", "PA3047": "WT", "PA3168": "WT", "PA3574": "WT", "PA3721": "G71E, S209R", "PA3999": "WT", "PA4003": "WT", "PA4020": "M297V", "PA4109": "G283E, M288R", "PA4110": "T105A", "PA4266": "WT", "PA4418": "WT", "PA4522": "G148A, S175L", "PA4597": "D68G, M69V", "PA4598": "S845A", "PA4599": "S330A", "PA4600": "WT", "PA4776": "L71R", "PA4777": "Y345H", "PA4964": "WT", "PA4967": "WT", "PA5471": "D161G, V243A", "PA5485": "WT"}'; 
INSERT INTO metadata_general(isolate_id, isolate_name, isolate_source, project_name, species) VALUES ('347', 'AND07-003', 'VALIDATION SET', 'GEMARA', 'Pseudomonas aeruginosa') ON DUPLICATE KEY UPDATE isolate_name = 'AND07-003', isolate_source = 'VALIDATION SET', project_name = 'GEMARA', species = 'Pseudomonas aeruginosa'; 
INSERT INTO mic(mic_id, isolate_id, ami, ami_clinical_category, azt, azt_clinical_category, cip, cip_clinical_category, col, col_clinical_category, cza, cza_clinical_category, fep, fep_clinical_category, imi, imi_clinical_category, mer, mer_clinical_category, pip, pip_clinical_category, taz, taz_clinical_category, tic, tic_clinical_category, tob, tob_clinical_category, tol, tol_clinical_category) VALUES ('347', '347', '≤2', 'S', '4', 'S', '0.5', 'S', '1', 'S', '2', 'S', '2', 'S', '4', 'S', '≤0.5', 'S', '≤4', 'S', '2', 'S', '32', 'R', '≤0.25', 'S', '1', 'S') ON DUPLICATE KEY UPDATE ami = '≤2', ami_clinical_category = 'S', azt = '4', azt_clinical_category = 'S', cip = '0.5', cip_clinical_category = 'S', col = '1', col_clinical_category = 'S', cza = '2', cza_clinical_category = 'S', fep = '2', fep_clinical_category = 'S', imi = '4', imi_clinical_category = 'S', mer = '≤0.5', mer_clinical_category = 'S', pip = '≤4', pip_clinical_category = 'S', taz = '2', taz_clinical_category = 'S', tic = '32', tic_clinical_category = 'R', tob = '≤0.25', tob_clinical_category = 'S', tol = '1', tol_clinical_category = 'S'; 
INSERT INTO phenotypic_data(phenotypic_data_id, isolate_id, ecdc_resistance_profile) VALUES ('179', '347', 'S') ON DUPLICATE KEY UPDATE ecdc_resistance_profile = 'S'; 
INSERT INTO sequence_analysis(sequence_analysis_id, isolate_id, ame_loci, beta_lactamase_loci, clonal_complex, mutational_resistome) VALUES ('347', '347', '-', '-', '701', '{"PA0004": "WT", "PA0424": "V126E", "PA0425": "WT", "PA0426": "WT", "PA0427": "WT", "PA0807": "A208V", "PA0958": "WT", "PA1798": "H398R", "PA1799": "L153R, S170N", "PA2020": "L138R", "PA2023": "WT", "PA2491": "P90L, D249N", "PA2492": "F172I, nt234\u22068", "PA2493": "S8F", "PA2494": "D230A, D666E", "PA2495": "S13P, R363H", "PA3047": "WT", "PA3168": "WT", "PA3574": "WT", "PA3721": "G71E, A145V, S209R", "PA3999": "WT", "PA4003": "WT", "PA4020": "M297V, S306N", "PA4109": "G283E, M288R", "PA4110": "R79Q, T105A, V205L, V356I, G391A", "PA4266": "WT", "PA4418": "WT", "PA4522": "G148A", "PA4597": "WT", "PA4598": "S845A, K1031R", "PA4599": "P47S, R76Q, H310R, S330A, A378T", "PA4600": "R21H, D56G", "PA4776": "WT", "PA4777": "G68S, Y345H", "PA4964": "WT", "PA4967": "D533E", "PA5471": "C40R, L88P, S112N, I237V, V243A", "PA5485": "P116S"}') ON DUPLICATE KEY UPDATE ame_loci = '-', beta_lactamase_loci = '-', clonal_complex = '701', mutational_resistome = '{"PA0004": "WT", "PA0424": "V126E", "PA0425": "WT", "PA0426": "WT", "PA0427": "WT", "PA0807": "A208V", "PA0958": "WT", "PA1798": "H398R", "PA1799": "L153R, S170N", "PA2020": "L138R", "PA2023": "WT", "PA2491": "P90L, D249N", "PA2492": "F172I, nt234\u22068", "PA2493": "S8F", "PA2494": "D230A, D666E", "PA2495": "S13P, R363H", "PA3047": "WT", "PA3168": "WT", "PA3574": "WT", "PA3721": "G71E, A145V, S209R", "PA3999": "WT", "PA4003": "WT", "PA4020": "M297V, S306N", "PA4109": "G283E, M288R", "PA4110": "R79Q, T105A, V205L, V356I, G391A", "PA4266": "WT", "PA4418": "WT", "PA4522": "G148A", "PA4597": "WT", "PA4598": "S845A, K1031R", "PA4599": "P47S, R76Q, H310R, S330A, A378T", "PA4600": "R21H, D56G", "PA4776": "WT", "PA4777": "G68S, Y345H", "PA4964": "WT", "PA4967": "D533E", "PA5471": "C40R, L88P, S112N, I237V, V243A", "PA5485": "P116S"}'; 
INSERT INTO metadata_general(isolate_id, isolate_name, isolate_source, project_name, species) VALUES ('362', 'AND07-005', 'VALIDATION SET', 'GEMARA', 'Pseudomonas aeruginosa') ON DUPLICATE KEY UPDATE isolate_name = 'AND07-005', isolate_source = 'VALIDATION SET', project_name = 'GEMARA', species = 'Pseudomonas aeruginosa'; 
INSERT INTO mic(mic_id, isolate_id, ami, ami_clinical_category, azt, azt_clinical_category, cip, cip_clinical_category, col, col_clinical_category, cza, cza_clinical_category, fep, fep_clinical_category, imi, imi_clinical_category, mer, mer_clinical_category, pip, pip_clinical_category, taz, taz_clinical_category, tic, tic_clinical_category, tob, tob_clinical_category, tol, tol_clinical_category) VALUES ('362', '362', '≤2', 'S', '4', 'S', '≤0.12', 'S', '2', 'S', '2', 'S', '2', 'S', '4', 'S', '4', 'I', '≤4', 'S', '4', 'S', '32', 'R', '≤0.25', 'S', '≤0.5', 'S') ON DUPLICATE KEY UPDATE ami = '≤2', ami_clinical_category = 'S', azt = '4', azt_clinical_category = 'S', cip = '≤0.12', cip_clinical_category = 'S', col = '2', col_clinical_category = 'S', cza = '2', cza_clinical_category = 'S', fep = '2', fep_clinical_category = 'S', imi = '4', imi_clinical_category = 'S', mer = '4', mer_clinical_category = 'I', pip = '≤4', pip_clinical_category = 'S', taz = '4', taz_clinical_category = 'S', tic = '32', tic_clinical_category = 'R', tob = '≤0.25', tob_clinical_category = 'S', tol = '≤0.5', tol_clinical_category = 'S'; 
INSERT INTO phenotypic_data(phenotypic_data_id, isolate_id, ecdc_resistance_profile) VALUES ('194', '362', 'R') ON DUPLICATE KEY UPDATE ecdc_resistance_profile = 'R'; 
INSERT INTO sequence_analysis(sequence_analysis_id, isolate_id, ame_loci, beta_lactamase_loci, clonal_complex, mutational_resistome) VALUES ('362', '362', '-', '-', '244', '{"PA0004": "WT", "PA0424": "WT", "PA0425": "WT", "PA0426": "WT", "PA0427": "WT", "PA0807": "A219T", "PA0958": "WT", "PA1798": "H398R", "PA1799": "WT", "PA2020": "WT", "PA2023": "WT", "PA2491": "A75V, D249N", "PA2492": "P60S, F172I, nt234\u22068", "PA2493": "WT", "PA2494": "WT", "PA2495": "WT", "PA3047": "WT", "PA3168": "WT", "PA3574": "WT", "PA3721": "WT", "PA3999": "WT", "PA4003": "WT", "PA4020": "M297V, A303V", "PA4109": "WT", "PA4110": "WT", "PA4266": "WT", "PA4418": "WT", "PA4522": "R11L, G148A, D183Y", "PA4597": "D68G, M69V", "PA4598": "S845A", "PA4599": "R76Q, H310R, S330A, P383S", "PA4600": "WT", "PA4776": "L71R", "PA4777": "WT", "PA4964": "WT", "PA4967": "WT", "PA5471": "L88P, G157D, D161G, H182Q, V243A", "PA5485": "WT"}') ON DUPLICATE KEY UPDATE ame_loci = '-', beta_lactamase_loci = '-', clonal_complex = '244', mutational_resistome = '{"PA0004": "WT", "PA0424": "WT", "PA0425": "WT", "PA0426": "WT", "PA0427": "WT", "PA0807": "A219T", "PA0958": "WT", "PA1798": "H398R", "PA1799": "WT", "PA2020": "WT", "PA2023": "WT", "PA2491": "A75V, D249N", "PA2492": "P60S, F172I, nt234\u22068", "PA2493": "WT", "PA2494": "WT", "PA2495": "WT", "PA3047": "WT", "PA3168": "WT", "PA3574": "WT", "PA3721": "WT", "PA3999": "WT", "PA4003": "WT", "PA4020": "M297V, A303V", "PA4109": "WT", "PA4110": "WT", "PA4266": "WT", "PA4418": "WT", "PA4522": "R11L, G148A, D183Y", "PA4597": "D68G, M69V", "PA4598": "S845A", "PA4599": "R76Q, H310R, S330A, P383S", "PA4600": "WT", "PA4776": "L71R", "PA4777": "WT", "PA4964": "WT", "PA4967": "WT", "PA5471": "L88P, G157D, D161G, H182Q, V243A", "PA5485": "WT"}'; 
INSERT INTO metadata_general(isolate_id, isolate_name, isolate_source, project_name, species) VALUES ('384', 'ARA01-001', 'VALIDATION SET', 'GEMARA', 'Pseudomonas aeruginosa') ON DUPLICATE KEY UPDATE isolate_name = 'ARA01-001', isolate_source = 'VALIDATION SET', project_name = 'GEMARA', species = 'Pseudomonas aeruginosa'; 
INSERT INTO mic(mic_id, isolate_id, ami, ami_clinical_category, azt, azt_clinical_category, cip, cip_clinical_category, col, col_clinical_category, cza, cza_clinical_category, fep, fep_clinical_category, imi, imi_clinical_category, mer, mer_clinical_category, pip, pip_clinical_category, taz, taz_clinical_category, tic, tic_clinical_category, tob, tob_clinical_category, tol, tol_clinical_category) VALUES ('384', '384', '≤2', 'S', '≤2', 'S', '0.25', 'S', '1', 'S', '2', 'S', '2', 'S', '4', 'S', '≤0.5', 'S', '8', 'S', '2', 'S', '32', 'R', '≤0.25', 'S', '≤0.5', 'S') ON DUPLICATE KEY UPDATE ami = '≤2', ami_clinical_category = 'S', azt = '≤2', azt_clinical_category = 'S', cip = '0.25', cip_clinical_category = 'S', col = '1', col_clinical_category = 'S', cza = '2', cza_clinical_category = 'S', fep = '2', fep_clinical_category = 'S', imi = '4', imi_clinical_category = 'S', mer = '≤0.5', mer_clinical_category = 'S', pip = '8', pip_clinical_category = 'S', taz = '2', taz_clinical_category = 'S', tic = '32', tic_clinical_category = 'R', tob = '≤0.25', tob_clinical_category = 'S', tol = '≤0.5', tol_clinical_category = 'S'; 
INSERT INTO phenotypic_data(phenotypic_data_id, isolate_id, ecdc_resistance_profile) VALUES ('220', '384', 'S') ON DUPLICATE KEY UPDATE ecdc_resistance_profile = 'S'; 
INSERT INTO sequence_analysis(sequence_analysis_id, isolate_id, ame_loci, beta_lactamase_loci, clonal_complex, mutational_resistome) VALUES ('384', '384', '-', '-', '3338', '{"PA0004": "WT", "PA0424": "WT", "PA0425": "WT", "PA0426": "WT", "PA0427": "WT", "PA0807": "A51T", "PA0958": "WT", "PA1798": "WT", "PA1799": "WT", "PA2020": "WT", "PA2023": "WT", "PA2491": "D249N", "PA2492": "F172I, nt234\u22068", "PA2493": "WT", "PA2494": "F509V", "PA2495": "WT", "PA3047": "WT", "PA3168": "WT", "PA3574": "WT", "PA3721": "G71E, S209R", "PA3999": "WT", "PA4003": "WT", "PA4020": "M297V", "PA4109": "WT", "PA4110": "T105A", "PA4266": "WT", "PA4418": "WT", "PA4522": "G148A", "PA4597": "D68G, M69V", "PA4598": "E257Q, S845A", "PA4599": "G8R, A49V", "PA4600": "A124T", "PA4776": "L71R", "PA4777": "Y345H", "PA4964": "E513D, A688V", "PA4967": "WT", "PA5471": "L88P, D161G, H182Q, V243A", "PA5485": "WT"}') ON DUPLICATE KEY UPDATE ame_loci = '-', beta_lactamase_loci = '-', clonal_complex = '3338', mutational_resistome = '{"PA0004": "WT", "PA0424": "WT", "PA0425": "WT", "PA0426": "WT", "PA0427": "WT", "PA0807": "A51T", "PA0958": "WT", "PA1798": "WT", "PA1799": "WT", "PA2020": "WT", "PA2023": "WT", "PA2491": "D249N", "PA2492": "F172I, nt234\u22068", "PA2493": "WT", "PA2494": "F509V", "PA2495": "WT", "PA3047": "WT", "PA3168": "WT", "PA3574": "WT", "PA3721": "G71E, S209R", "PA3999": "WT", "PA4003": "WT", "PA4020": "M297V", "PA4109": "WT", "PA4110": "T105A", "PA4266": "WT", "PA4418": "WT", "PA4522": "G148A", "PA4597": "D68G, M69V", "PA4598": "E257Q, S845A", "PA4599": "G8R, A49V", "PA4600": "A124T", "PA4776": "L71R", "PA4777": "Y345H", "PA4964": "E513D, A688V", "PA4967": "WT", "PA5471": "L88P, D161G, H182Q, V243A", "PA5485": "WT"}'; 
INSERT INTO metadata_general(isolate_id, isolate_name, isolate_source, project_name, species) VALUES ('369', 'ARA01-002', 'VALIDATION SET', 'GEMARA', 'Pseudomonas aeruginosa') ON DUPLICATE KEY UPDATE isolate_name = 'ARA01-002', isolate_source = 'VALIDATION SET', project_name = 'GEMARA', species = 'Pseudomonas aeruginosa'; 
INSERT INTO mic(mic_id, isolate_id, ami, ami_clinical_category, azt, azt_clinical_category, cip, cip_clinical_category, col, col_clinical_category, cza, cza_clinical_category, fep, fep_clinical_category, imi, imi_clinical_category, mer, mer_clinical_category, pip, pip_clinical_category, taz, taz_clinical_category, tic, tic_clinical_category, tob, tob_clinical_category, tol, tol_clinical_category) VALUES ('369', '369', '≤2', 'S', '16', 'S', '2', 'R', '1', 'S', '4', 'S', '8', 'S', '2', 'S', '2', 'S', '16', 'S', '4', 'S', '128', 'R', '≤0.25', 'S', '1', 'S') ON DUPLICATE KEY UPDATE ami = '≤2', ami_clinical_category = 'S', azt = '16', azt_clinical_category = 'S', cip = '2', cip_clinical_category = 'R', col = '1', col_clinical_category = 'S', cza = '4', cza_clinical_category = 'S', fep = '8', fep_clinical_category = 'S', imi = '2', imi_clinical_category = 'S', mer = '2', mer_clinical_category = 'S', pip = '16', pip_clinical_category = 'S', taz = '4', taz_clinical_category = 'S', tic = '128', tic_clinical_category = 'R', tob = '≤0.25', tob_clinical_category = 'S', tol = '1', tol_clinical_category = 'S'; 
INSERT INTO phenotypic_data(phenotypic_data_id, isolate_id, ecdc_resistance_profile) VALUES ('205', '369', 'R') ON DUPLICATE KEY UPDATE ecdc_resistance_profile = 'R'; 
INSERT INTO sequence_analysis(sequence_analysis_id, isolate_id, ame_loci, beta_lactamase_loci, clonal_complex, mutational_resistome) VALUES ('369', '369', '-', '-', '253', '{"PA0004": "S466F", "PA0424": "L102P, V126E", "PA0425": "WT", "PA0426": "WT", "PA0427": "WT", "PA0807": "WT", "PA0958": "WT", "PA1798": "H398R", "PA1799": "L153R, S170N", "PA2020": "WT", "PA2023": "WT", "PA2491": "D249N", "PA2492": "F172I, nt234\u22068", "PA2493": "WT", "PA2494": "WT", "PA2495": "S13P", "PA3047": "Q156H", "PA3168": "aa911\u22062", "PA3574": "WT", "PA3721": "A145V, S209R", "PA3999": "WT", "PA4003": "A481T", "PA4020": "M297V", "PA4109": "E114A, G283E, M288R", "PA4110": "G27D, A55T, T105A, Q155R, V205L, G391A", "PA4266": "WT", "PA4418": "WT", "PA4522": "WT", "PA4597": "D68G, M69V", "PA4598": "T87S, A155T, E257Q, V434A, V660I, S845A, I982V", "PA4599": "P47S, R76Q, H310R, S330A, A378T", "PA4600": "R21H, D56G", "PA4776": "WT", "PA4777": "A4T, V15I, G68S, Y345H", "PA4964": "WT", "PA4967": "D533E", "PA5471": "C40R, L88P, S112N, D119E, I237V, V243A", "PA5485": "WT"}') ON DUPLICATE KEY UPDATE ame_loci = '-', beta_lactamase_loci = '-', clonal_complex = '253', mutational_resistome = '{"PA0004": "S466F", "PA0424": "L102P, V126E", "PA0425": "WT", "PA0426": "WT", "PA0427": "WT", "PA0807": "WT", "PA0958": "WT", "PA1798": "H398R", "PA1799": "L153R, S170N", "PA2020": "WT", "PA2023": "WT", "PA2491": "D249N", "PA2492": "F172I, nt234\u22068", "PA2493": "WT", "PA2494": "WT", "PA2495": "S13P", "PA3047": "Q156H", "PA3168": "aa911\u22062", "PA3574": "WT", "PA3721": "A145V, S209R", "PA3999": "WT", "PA4003": "A481T", "PA4020": "M297V", "PA4109": "E114A, G283E, M288R", "PA4110": "G27D, A55T, T105A, Q155R, V205L, G391A", "PA4266": "WT", "PA4418": "WT", "PA4522": "WT", "PA4597": "D68G, M69V", "PA4598": "T87S, A155T, E257Q, V434A, V660I, S845A, I982V", "PA4599": "P47S, R76Q, H310R, S330A, A378T", "PA4600": "R21H, D56G", "PA4776": "WT", "PA4777": "A4T, V15I, G68S, Y345H", "PA4964": "WT", "PA4967": "D533E", "PA5471": "C40R, L88P, S112N, D119E, I237V, V243A", "PA5485": "WT"}'; 
INSERT INTO metadata_general(isolate_id, isolate_name, isolate_source, project_name, species) VALUES ('365', 'ARA01-003', 'VALIDATION SET', 'GEMARA', 'Pseudomonas aeruginosa') ON DUPLICATE KEY UPDATE isolate_name = 'ARA01-003', isolate_source = 'VALIDATION SET', project_name = 'GEMARA', species = 'Pseudomonas aeruginosa'; 
INSERT INTO mic(mic_id, isolate_id, ami, ami_clinical_category, azt, azt_clinical_category, cip, cip_clinical_category, col, col_clinical_category, cza, cza_clinical_category, fep, fep_clinical_category, imi, imi_clinical_category, mer, mer_clinical_category, pip, pip_clinical_category, taz, taz_clinical_category, tic, tic_clinical_category, tob, tob_clinical_category, tol, tol_clinical_category) VALUES ('365', '365', '4', 'S', '4', 'S', '≤0.12', 'S', '1', 'S', '2', 'S', '4', 'S', '8', 'R', '4', 'I', '16', 'S', '4', 'S', '32', 'R', '0.5', 'S', '1', 'S') ON DUPLICATE KEY UPDATE ami = '4', ami_clinical_category = 'S', azt = '4', azt_clinical_category = 'S', cip = '≤0.12', cip_clinical_category = 'S', col = '1', col_clinical_category = 'S', cza = '2', cza_clinical_category = 'S', fep = '4', fep_clinical_category = 'S', imi = '8', imi_clinical_category = 'R', mer = '4', mer_clinical_category = 'I', pip = '16', pip_clinical_category = 'S', taz = '4', taz_clinical_category = 'S', tic = '32', tic_clinical_category = 'R', tob = '0.5', tob_clinical_category = 'S', tol = '1', tol_clinical_category = 'S'; 
INSERT INTO phenotypic_data(phenotypic_data_id, isolate_id, ecdc_resistance_profile) VALUES ('201', '365', 'R') ON DUPLICATE KEY UPDATE ecdc_resistance_profile = 'R'; 
INSERT INTO sequence_analysis(sequence_analysis_id, isolate_id, ame_loci, beta_lactamase_loci, clonal_complex, mutational_resistome) VALUES ('365', '365', '-', '-', '244', '{"PA0004": "WT", "PA0424": "WT", "PA0425": "WT", "PA0426": "WT", "PA0427": "WT", "PA0807": "A219T", "PA0958": "nt1206InsC", "PA1798": "H398R", "PA1799": "WT", "PA2020": "W185X", "PA2023": "WT", "PA2491": "D249N", "PA2492": "F172I, nt234\u22068", "PA2493": "WT", "PA2494": "Q363R", "PA2495": "WT", "PA3047": "WT", "PA3168": "WT", "PA3574": "WT", "PA3721": "WT", "PA3999": "WT", "PA4003": "WT", "PA4020": "M297V", "PA4109": "WT", "PA4110": "WT", "PA4266": "WT", "PA4418": "WT", "PA4522": "R11L, G148A, D183Y", "PA4597": "D68G, M69V", "PA4598": "S845A", "PA4599": "R76Q, H310R, P383S", "PA4600": "WT", "PA4776": "L71R", "PA4777": "WT", "PA4964": "WT", "PA4967": "WT", "PA5471": "L88P, G157D, D161G, H182Q, V243A", "PA5485": "WT"}') ON DUPLICATE KEY UPDATE ame_loci = '-', beta_lactamase_loci = '-', clonal_complex = '244', mutational_resistome = '{"PA0004": "WT", "PA0424": "WT", "PA0425": "WT", "PA0426": "WT", "PA0427": "WT", "PA0807": "A219T", "PA0958": "nt1206InsC", "PA1798": "H398R", "PA1799": "WT", "PA2020": "W185X", "PA2023": "WT", "PA2491": "D249N", "PA2492": "F172I, nt234\u22068", "PA2493": "WT", "PA2494": "Q363R", "PA2495": "WT", "PA3047": "WT", "PA3168": "WT", "PA3574": "WT", "PA3721": "WT", "PA3999": "WT", "PA4003": "WT", "PA4020": "M297V", "PA4109": "WT", "PA4110": "WT", "PA4266": "WT", "PA4418": "WT", "PA4522": "R11L, G148A, D183Y", "PA4597": "D68G, M69V", "PA4598": "S845A", "PA4599": "R76Q, H310R, P383S", "PA4600": "WT", "PA4776": "L71R", "PA4777": "WT", "PA4964": "WT", "PA4967": "WT", "PA5471": "L88P, G157D, D161G, H182Q, V243A", "PA5485": "WT"}'; 
INSERT INTO metadata_general(isolate_id, isolate_name, isolate_source, project_name, species) VALUES ('370', 'ARA01-006', 'VALIDATION SET', 'GEMARA', 'Pseudomonas aeruginosa') ON DUPLICATE KEY UPDATE isolate_name = 'ARA01-006', isolate_source = 'VALIDATION SET', project_name = 'GEMARA', species = 'Pseudomonas aeruginosa'; 
INSERT INTO mic(mic_id, isolate_id, ami, ami_clinical_category, azt, azt_clinical_category, cip, cip_clinical_category, col, col_clinical_category, cza, cza_clinical_category, fep, fep_clinical_category, imi, imi_clinical_category, mer, mer_clinical_category, pip, pip_clinical_category, taz, taz_clinical_category, tic, tic_clinical_category, tob, tob_clinical_category, tol, tol_clinical_category) VALUES ('370', '370', '≤2', 'S', '4', 'S', '≤0.12', 'S', '1', 'S', '2', 'S', '4', 'S', '16', 'R', '4', 'I', '8', 'S', '4', 'S', '128', 'R', '0.5', 'S', '2', 'S') ON DUPLICATE KEY UPDATE ami = '≤2', ami_clinical_category = 'S', azt = '4', azt_clinical_category = 'S', cip = '≤0.12', cip_clinical_category = 'S', col = '1', col_clinical_category = 'S', cza = '2', cza_clinical_category = 'S', fep = '4', fep_clinical_category = 'S', imi = '16', imi_clinical_category = 'R', mer = '4', mer_clinical_category = 'I', pip = '8', pip_clinical_category = 'S', taz = '4', taz_clinical_category = 'S', tic = '128', tic_clinical_category = 'R', tob = '0.5', tob_clinical_category = 'S', tol = '2', tol_clinical_category = 'S'; 
INSERT INTO phenotypic_data(phenotypic_data_id, isolate_id, ecdc_resistance_profile) VALUES ('206', '370', 'R') ON DUPLICATE KEY UPDATE ecdc_resistance_profile = 'R'; 
INSERT INTO sequence_analysis(sequence_analysis_id, isolate_id, ame_loci, beta_lactamase_loci, clonal_complex, mutational_resistome) VALUES ('370', '370', '-', '-', '815', '{"PA0004": "WT", "PA0424": "V126E", "PA0425": "WT", "PA0426": "G957D, V1042A", "PA0427": "WT", "PA0807": "WT", "PA0958": "aa397\u22069", "PA1798": "H398R", "PA1799": "L153R, S170N", "PA2020": "WT", "PA2023": "WT", "PA2491": "D249N", "PA2492": "F172I, nt234\u22068", "PA2493": "S8F", "PA2494": "WT", "PA2495": "S13P", "PA3047": "Q156H", "PA3168": "WT", "PA3574": "WT", "PA3721": "S209R", "PA3999": "WT", "PA4003": "WT", "PA4020": "M297V", "PA4109": "E114A, A175V", "PA4110": "T21A, T105A, Q155R, A156V, V205L, S306T, G391A", "PA4266": "WT", "PA4418": "WT", "PA4522": "G148A", "PA4597": "A260V", "PA4598": "T87S, S845A", "PA4599": "E251Q, A262E, A277T, H310R, S330A, A378T", "PA4600": "WT", "PA4776": "WT", "PA4777": "Y345H", "PA4964": "V238I", "PA4967": "D533E", "PA5471": "C40R, L88P, S112N, D119E, I237V, V243A, A352V", "PA5485": "WT"}') ON DUPLICATE KEY UPDATE ame_loci = '-', beta_lactamase_loci = '-', clonal_complex = '815', mutational_resistome = '{"PA0004": "WT", "PA0424": "V126E", "PA0425": "WT", "PA0426": "G957D, V1042A", "PA0427": "WT", "PA0807": "WT", "PA0958": "aa397\u22069", "PA1798": "H398R", "PA1799": "L153R, S170N", "PA2020": "WT", "PA2023": "WT", "PA2491": "D249N", "PA2492": "F172I, nt234\u22068", "PA2493": "S8F", "PA2494": "WT", "PA2495": "S13P", "PA3047": "Q156H", "PA3168": "WT", "PA3574": "WT", "PA3721": "S209R", "PA3999": "WT", "PA4003": "WT", "PA4020": "M297V", "PA4109": "E114A, A175V", "PA4110": "T21A, T105A, Q155R, A156V, V205L, S306T, G391A", "PA4266": "WT", "PA4418": "WT", "PA4522": "G148A", "PA4597": "A260V", "PA4598": "T87S, S845A", "PA4599": "E251Q, A262E, A277T, H310R, S330A, A378T", "PA4600": "WT", "PA4776": "WT", "PA4777": "Y345H", "PA4964": "V238I", "PA4967": "D533E", "PA5471": "C40R, L88P, S112N, D119E, I237V, V243A, A352V", "PA5485": "WT"}'; 
INSERT INTO metadata_general(isolate_id, isolate_name, isolate_source, project_name, species) VALUES ('390', 'ARA02-001', 'VALIDATION SET', 'GEMARA', 'Pseudomonas aeruginosa') ON DUPLICATE KEY UPDATE isolate_name = 'ARA02-001', isolate_source = 'VALIDATION SET', project_name = 'GEMARA', species = 'Pseudomonas aeruginosa'; 
INSERT INTO mic(mic_id, isolate_id, ami, ami_clinical_category, azt, azt_clinical_category, cip, cip_clinical_category, col, col_clinical_category, cza, cza_clinical_category, fep, fep_clinical_category, imi, imi_clinical_category, mer, mer_clinical_category, pip, pip_clinical_category, taz, taz_clinical_category, tic, tic_clinical_category, tob, tob_clinical_category, tol, tol_clinical_category) VALUES ('390', '390', '≤2', 'S', '16', 'S', '0.5', 'S', '2', 'S', '8', 'S', '16', 'R', '8', 'R', '16', 'R', '128', 'R', '32', 'R', '256', 'R', '≤0.25', 'S', '2', 'S') ON DUPLICATE KEY UPDATE ami = '≤2', ami_clinical_category = 'S', azt = '16', azt_clinical_category = 'S', cip = '0.5', cip_clinical_category = 'S', col = '2', col_clinical_category = 'S', cza = '8', cza_clinical_category = 'S', fep = '16', fep_clinical_category = 'R', imi = '8', imi_clinical_category = 'R', mer = '16', mer_clinical_category = 'R', pip = '128', pip_clinical_category = 'R', taz = '32', taz_clinical_category = 'R', tic = '256', tic_clinical_category = 'R', tob = '≤0.25', tob_clinical_category = 'S', tol = '2', tol_clinical_category = 'S'; 
INSERT INTO phenotypic_data(phenotypic_data_id, isolate_id, ecdc_resistance_profile) VALUES ('229', '390', 'MDR') ON DUPLICATE KEY UPDATE ecdc_resistance_profile = 'MDR'; 
INSERT INTO sequence_analysis(sequence_analysis_id, isolate_id, ame_loci, beta_lactamase_loci, clonal_complex, mutational_resistome) VALUES ('390', '390', '-', '-', '244', '{"PA0004": "WT", "PA0424": "WT", "PA0425": "WT", "PA0426": "WT", "PA0427": "WT", "PA0807": "A219T", "PA0958": "WT", "PA1798": "H398R", "PA1799": "WT", "PA2020": "WT", "PA2023": "WT", "PA2491": "A75V, D249N", "PA2492": "P60S, F172I, nt234\u22068", "PA2493": "WT", "PA2494": "WT", "PA2495": "WT", "PA3047": "WT", "PA3168": "WT", "PA3574": "WT", "PA3721": "WT", "PA3999": "WT", "PA4003": "WT", "PA4020": "M297V, A303V", "PA4109": "WT", "PA4110": "WT", "PA4266": "WT", "PA4418": "WT", "PA4522": "R11L, G148A, D183Y", "PA4597": "D68G, M69V", "PA4598": "S845A", "PA4599": "R76Q, H310R, S330A, P383S", "PA4600": "WT", "PA4776": "L71R", "PA4777": "WT", "PA4964": "WT", "PA4967": "WT", "PA5471": "L88P, G157D, D161G, H182Q, V243A", "PA5485": "WT"}') ON DUPLICATE KEY UPDATE ame_loci = '-', beta_lactamase_loci = '-', clonal_complex = '244', mutational_resistome = '{"PA0004": "WT", "PA0424": "WT", "PA0425": "WT", "PA0426": "WT", "PA0427": "WT", "PA0807": "A219T", "PA0958": "WT", "PA1798": "H398R", "PA1799": "WT", "PA2020": "WT", "PA2023": "WT", "PA2491": "A75V, D249N", "PA2492": "P60S, F172I, nt234\u22068", "PA2493": "WT", "PA2494": "WT", "PA2495": "WT", "PA3047": "WT", "PA3168": "WT", "PA3574": "WT", "PA3721": "WT", "PA3999": "WT", "PA4003": "WT", "PA4020": "M297V, A303V", "PA4109": "WT", "PA4110": "WT", "PA4266": "WT", "PA4418": "WT", "PA4522": "R11L, G148A, D183Y", "PA4597": "D68G, M69V", "PA4598": "S845A", "PA4599": "R76Q, H310R, S330A, P383S", "PA4600": "WT", "PA4776": "L71R", "PA4777": "WT", "PA4964": "WT", "PA4967": "WT", "PA5471": "L88P, G157D, D161G, H182Q, V243A", "PA5485": "WT"}'; 
INSERT INTO metadata_general(isolate_id, isolate_name, isolate_source, project_name, species) VALUES ('406', 'ARA02-002', 'VALIDATION SET', 'GEMARA', 'Pseudomonas aeruginosa') ON DUPLICATE KEY UPDATE isolate_name = 'ARA02-002', isolate_source = 'VALIDATION SET', project_name = 'GEMARA', species = 'Pseudomonas aeruginosa'; 
INSERT INTO mic(mic_id, isolate_id, ami, ami_clinical_category, azt, azt_clinical_category, cip, cip_clinical_category, col, col_clinical_category, cza, cza_clinical_category, fep, fep_clinical_category, imi, imi_clinical_category, mer, mer_clinical_category, pip, pip_clinical_category, taz, taz_clinical_category, tic, tic_clinical_category, tob, tob_clinical_category, tol, tol_clinical_category) VALUES ('406', '406', '4', 'S', '16', 'S', '1', 'R', '2', 'S', '4', 'S', '8', 'S', '4', 'S', '8', 'I', '16', 'S', '8', 'S', '128', 'R', '0.5', 'S', '1', 'S') ON DUPLICATE KEY UPDATE ami = '4', ami_clinical_category = 'S', azt = '16', azt_clinical_category = 'S', cip = '1', cip_clinical_category = 'R', col = '2', col_clinical_category = 'S', cza = '4', cza_clinical_category = 'S', fep = '8', fep_clinical_category = 'S', imi = '4', imi_clinical_category = 'S', mer = '8', mer_clinical_category = 'I', pip = '16', pip_clinical_category = 'S', taz = '8', taz_clinical_category = 'S', tic = '128', tic_clinical_category = 'R', tob = '0.5', tob_clinical_category = 'S', tol = '1', tol_clinical_category = 'S'; 
INSERT INTO phenotypic_data(phenotypic_data_id, isolate_id, ecdc_resistance_profile) VALUES ('245', '406', 'R') ON DUPLICATE KEY UPDATE ecdc_resistance_profile = 'R'; 
INSERT INTO sequence_analysis(sequence_analysis_id, isolate_id, ame_loci, beta_lactamase_loci, clonal_complex, mutational_resistome) VALUES ('406', '406', '-', '-', '186', '{"PA0004": "WT", "PA0424": "nt402\u220611", "PA0425": "WT", "PA0426": "WT", "PA0427": "WT", "PA0807": "WT", "PA0958": "WT", "PA1798": "R83K, V216A, H398R", "PA1799": "WT", "PA2020": "WT", "PA2023": "WT", "PA2491": "D249N", "PA2492": "P60S, F172I, nt234\u22068", "PA2493": "WT", "PA2494": "WT", "PA2495": "WT", "PA3047": "Y61H", "PA3168": "WT", "PA3574": "WT", "PA3721": "G71E, A186T", "PA3999": "WT", "PA4003": "WT", "PA4020": "A222G", "PA4109": "WT", "PA4110": "R79Q, T105A, I365V", "PA4266": "WT", "PA4418": "WT", "PA4522": "A136V, G148A", "PA4597": "M69V", "PA4598": "S845A, A959S", "PA4599": "S330A", "PA4600": "WT", "PA4776": "L71R", "PA4777": "A4T, Y345H", "PA4964": "WT", "PA4967": "WT", "PA5471": "L88P, D161G, H182Q, V243A", "PA5485": "WT"}') ON DUPLICATE KEY UPDATE ame_loci = '-', beta_lactamase_loci = '-', clonal_complex = '186', mutational_resistome = '{"PA0004": "WT", "PA0424": "nt402\u220611", "PA0425": "WT", "PA0426": "WT", "PA0427": "WT", "PA0807": "WT", "PA0958": "WT", "PA1798": "R83K, V216A, H398R", "PA1799": "WT", "PA2020": "WT", "PA2023": "WT", "PA2491": "D249N", "PA2492": "P60S, F172I, nt234\u22068", "PA2493": "WT", "PA2494": "WT", "PA2495": "WT", "PA3047": "Y61H", "PA3168": "WT", "PA3574": "WT", "PA3721": "G71E, A186T", "PA3999": "WT", "PA4003": "WT", "PA4020": "A222G", "PA4109": "WT", "PA4110": "R79Q, T105A, I365V", "PA4266": "WT", "PA4418": "WT", "PA4522": "A136V, G148A", "PA4597": "M69V", "PA4598": "S845A, A959S", "PA4599": "S330A", "PA4600": "WT", "PA4776": "L71R", "PA4777": "A4T, Y345H", "PA4964": "WT", "PA4967": "WT", "PA5471": "L88P, D161G, H182Q, V243A", "PA5485": "WT"}'; 
INSERT INTO metadata_general(isolate_id, isolate_name, isolate_source, project_name, species) VALUES ('405', 'ARA02-005', 'VALIDATION SET', 'GEMARA', 'Pseudomonas aeruginosa') ON DUPLICATE KEY UPDATE isolate_name = 'ARA02-005', isolate_source = 'VALIDATION SET', project_name = 'GEMARA', species = 'Pseudomonas aeruginosa'; 
INSERT INTO mic(mic_id, isolate_id, ami, ami_clinical_category, azt, azt_clinical_category, cip, cip_clinical_category, col, col_clinical_category, cza, cza_clinical_category, fep, fep_clinical_category, imi, imi_clinical_category, mer, mer_clinical_category, pip, pip_clinical_category, taz, taz_clinical_category, tic, tic_clinical_category, tob, tob_clinical_category, tol, tol_clinical_category) VALUES ('405', '405', '≤2', 'S', '≤2', 'S', '≤0.12', 'S', '4', 'R', '1', 'S', '2', 'S', '2', 'S', '1', 'S', '≤4', 'S', '2', 'S', '32', 'R', '≤0.25', 'S', '1', 'S') ON DUPLICATE KEY UPDATE ami = '≤2', ami_clinical_category = 'S', azt = '≤2', azt_clinical_category = 'S', cip = '≤0.12', cip_clinical_category = 'S', col = '4', col_clinical_category = 'R', cza = '1', cza_clinical_category = 'S', fep = '2', fep_clinical_category = 'S', imi = '2', imi_clinical_category = 'S', mer = '1', mer_clinical_category = 'S', pip = '≤4', pip_clinical_category = 'S', taz = '2', taz_clinical_category = 'S', tic = '32', tic_clinical_category = 'R', tob = '≤0.25', tob_clinical_category = 'S', tol = '1', tol_clinical_category = 'S'; 
INSERT INTO phenotypic_data(phenotypic_data_id, isolate_id, ecdc_resistance_profile) VALUES ('244', '405', 'R') ON DUPLICATE KEY UPDATE ecdc_resistance_profile = 'R'; 
INSERT INTO sequence_analysis(sequence_analysis_id, isolate_id, ame_loci, beta_lactamase_loci, clonal_complex, mutational_resistome) VALUES ('405', '405', '-', '-', '267', '{"PA0004": "WT", "PA0424": "WT", "PA0425": "WT", "PA0426": "WT", "PA0427": "WT", "PA0807": "A219T", "PA0958": "WT", "PA1798": "H398R", "PA1799": "WT", "PA2020": "WT", "PA2023": "WT", "PA2491": "A75V, D249N", "PA2492": "P60S, F172I, nt234\u22068", "PA2493": "WT", "PA2494": "WT", "PA2495": "R151L", "PA3047": "WT", "PA3168": "WT", "PA3574": "WT", "PA3721": "WT", "PA3999": "WT", "PA4003": "WT", "PA4020": "M297V, A303V", "PA4109": "WT", "PA4110": "T105A", "PA4266": "WT", "PA4418": "WT", "PA4522": "R11L, G148A, D183Y", "PA4597": "WT", "PA4598": "S845A, I982V, K1031R, S1040T", "PA4599": "WT", "PA4600": "WT", "PA4776": "L71R", "PA4777": "Y345H", "PA4964": "WT", "PA4967": "WT", "PA5471": "L88P, D161G, H182Q, V243A, R320C", "PA5485": "WT"}') ON DUPLICATE KEY UPDATE ame_loci = '-', beta_lactamase_loci = '-', clonal_complex = '267', mutational_resistome = '{"PA0004": "WT", "PA0424": "WT", "PA0425": "WT", "PA0426": "WT", "PA0427": "WT", "PA0807": "A219T", "PA0958": "WT", "PA1798": "H398R", "PA1799": "WT", "PA2020": "WT", "PA2023": "WT", "PA2491": "A75V, D249N", "PA2492": "P60S, F172I, nt234\u22068", "PA2493": "WT", "PA2494": "WT", "PA2495": "R151L", "PA3047": "WT", "PA3168": "WT", "PA3574": "WT", "PA3721": "WT", "PA3999": "WT", "PA4003": "WT", "PA4020": "M297V, A303V", "PA4109": "WT", "PA4110": "T105A", "PA4266": "WT", "PA4418": "WT", "PA4522": "R11L, G148A, D183Y", "PA4597": "WT", "PA4598": "S845A, I982V, K1031R, S1040T", "PA4599": "WT", "PA4600": "WT", "PA4776": "L71R", "PA4777": "Y345H", "PA4964": "WT", "PA4967": "WT", "PA5471": "L88P, D161G, H182Q, V243A, R320C", "PA5485": "WT"}'; 
INSERT INTO metadata_general(isolate_id, isolate_name, isolate_source, project_name, species) VALUES ('399', 'ARA02-007', 'VALIDATION SET', 'GEMARA', 'Pseudomonas aeruginosa') ON DUPLICATE KEY UPDATE isolate_name = 'ARA02-007', isolate_source = 'VALIDATION SET', project_name = 'GEMARA', species = 'Pseudomonas aeruginosa'; 
INSERT INTO mic(mic_id, isolate_id, ami, ami_clinical_category, azt, azt_clinical_category, cip, cip_clinical_category, col, col_clinical_category, cza, cza_clinical_category, fep, fep_clinical_category, imi, imi_clinical_category, mer, mer_clinical_category, pip, pip_clinical_category, taz, taz_clinical_category, tic, tic_clinical_category, tob, tob_clinical_category, tol, tol_clinical_category) VALUES ('399', '399', '4', 'S', '4', 'S', '0.25', 'S', '4', 'R', '2', 'S', '8', 'S', '1', 'S', '≤0.5', 'S', '≤4', 'S', '2', 'S', '32', 'R', '0.5', 'S', '1', 'S') ON DUPLICATE KEY UPDATE ami = '4', ami_clinical_category = 'S', azt = '4', azt_clinical_category = 'S', cip = '0.25', cip_clinical_category = 'S', col = '4', col_clinical_category = 'R', cza = '2', cza_clinical_category = 'S', fep = '8', fep_clinical_category = 'S', imi = '1', imi_clinical_category = 'S', mer = '≤0.5', mer_clinical_category = 'S', pip = '≤4', pip_clinical_category = 'S', taz = '2', taz_clinical_category = 'S', tic = '32', tic_clinical_category = 'R', tob = '0.5', tob_clinical_category = 'S', tol = '1', tol_clinical_category = 'S'; 
INSERT INTO phenotypic_data(phenotypic_data_id, isolate_id, ecdc_resistance_profile) VALUES ('238', '399', 'R') ON DUPLICATE KEY UPDATE ecdc_resistance_profile = 'R'; 
INSERT INTO sequence_analysis(sequence_analysis_id, isolate_id, ame_loci, beta_lactamase_loci, clonal_complex, mutational_resistome) VALUES ('399', '399', '-', '-', '1336', '{"PA0004": "WT", "PA0424": "WT", "PA0425": "WT", "PA0426": "WT", "PA0427": "WT", "PA0807": "A219T", "PA0958": "WT", "PA1798": "H398R", "PA1799": "WT", "PA2020": "nt484InsC", "PA2023": "WT", "PA2491": "D249N", "PA2492": "P60S, F172I, nt234\u22068", "PA2493": "WT", "PA2494": "WT", "PA2495": "WT", "PA3047": "A394P, A474T", "PA3168": "P440S", "PA3574": "WT", "PA3721": "G71E, S209R", "PA3999": "WT", "PA4003": "WT", "PA4020": "M297V", "PA4109": "WT", "PA4110": "T105A", "PA4266": "WT", "PA4418": "WT", "PA4522": "G148A", "PA4597": "D68G, M69V", "PA4598": "A536S, T778A, S845A, P829H", "PA4599": "R76Q, H310R, S330A, P383S", "PA4600": "WT", "PA4776": "L71R", "PA4777": "Y345H", "PA4964": "WT", "PA4967": "I57V", "PA5471": "L88P, D161G, H182Q, V243A", "PA5485": "WT"}') ON DUPLICATE KEY UPDATE ame_loci = '-', beta_lactamase_loci = '-', clonal_complex = '1336', mutational_resistome = '{"PA0004": "WT", "PA0424": "WT", "PA0425": "WT", "PA0426": "WT", "PA0427": "WT", "PA0807": "A219T", "PA0958": "WT", "PA1798": "H398R", "PA1799": "WT", "PA2020": "nt484InsC", "PA2023": "WT", "PA2491": "D249N", "PA2492": "P60S, F172I, nt234\u22068", "PA2493": "WT", "PA2494": "WT", "PA2495": "WT", "PA3047": "A394P, A474T", "PA3168": "P440S", "PA3574": "WT", "PA3721": "G71E, S209R", "PA3999": "WT", "PA4003": "WT", "PA4020": "M297V", "PA4109": "WT", "PA4110": "T105A", "PA4266": "WT", "PA4418": "WT", "PA4522": "G148A", "PA4597": "D68G, M69V", "PA4598": "A536S, T778A, S845A, P829H", "PA4599": "R76Q, H310R, S330A, P383S", "PA4600": "WT", "PA4776": "L71R", "PA4777": "Y345H", "PA4964": "WT", "PA4967": "I57V", "PA5471": "L88P, D161G, H182Q, V243A", "PA5485": "WT"}'; 
INSERT INTO metadata_general(isolate_id, isolate_name, isolate_source, project_name, species) VALUES ('423', 'ARA03-001', 'VALIDATION SET', 'GEMARA', 'Pseudomonas aeruginosa') ON DUPLICATE KEY UPDATE isolate_name = 'ARA03-001', isolate_source = 'VALIDATION SET', project_name = 'GEMARA', species = 'Pseudomonas aeruginosa'; 
INSERT INTO mic(mic_id, isolate_id, ami, ami_clinical_category, azt, azt_clinical_category, cip, cip_clinical_category, col, col_clinical_category, cza, cza_clinical_category, fep, fep_clinical_category, imi, imi_clinical_category, mer, mer_clinical_category, pip, pip_clinical_category, taz, taz_clinical_category, tic, tic_clinical_category, tob, tob_clinical_category, tol, tol_clinical_category) VALUES ('423', '423', '≤2', 'S', '4', 'S', '≤0.12', 'S', '1', 'S', '2', 'S', '2', 'S', '1', 'S', '2', 'S', '8', 'S', '2', 'S', '512', 'R', '0.5', 'S', '1', 'S') ON DUPLICATE KEY UPDATE ami = '≤2', ami_clinical_category = 'S', azt = '4', azt_clinical_category = 'S', cip = '≤0.12', cip_clinical_category = 'S', col = '1', col_clinical_category = 'S', cza = '2', cza_clinical_category = 'S', fep = '2', fep_clinical_category = 'S', imi = '1', imi_clinical_category = 'S', mer = '2', mer_clinical_category = 'S', pip = '8', pip_clinical_category = 'S', taz = '2', taz_clinical_category = 'S', tic = '512', tic_clinical_category = 'R', tob = '0.5', tob_clinical_category = 'S', tol = '1', tol_clinical_category = 'S'; 
INSERT INTO phenotypic_data(phenotypic_data_id, isolate_id, ecdc_resistance_profile) VALUES ('267', '423', 'S') ON DUPLICATE KEY UPDATE ecdc_resistance_profile = 'S'; 
INSERT INTO sequence_analysis(sequence_analysis_id, isolate_id, ame_loci, beta_lactamase_loci, clonal_complex, mutational_resistome) VALUES ('423', '423', '-', '-', '446', '{"PA0004": "WT", "PA0424": "V126E", "PA0425": "WT", "PA0426": "WT", "PA0427": "WT", "PA0807": "A208V", "PA0958": "WT", "PA1798": "H398R", "PA1799": "L153R, S170N", "PA2020": "WT", "PA2023": "WT", "PA2491": "D249N", "PA2492": "P60S, F172I, nt234\u22068", "PA2493": "S8F", "PA2494": "WT", "PA2495": "S13P", "PA3047": "WT", "PA3168": "aa911\u22062", "PA3574": "WT", "PA3721": "G71E, A145V, S209R", "PA3999": "WT", "PA4003": "WT", "PA4020": "M297V", "PA4109": "E114A, G283E, M288R", "PA4110": "G27D, T105A, V205L, G391A", "PA4266": "WT", "PA4418": "WT", "PA4522": "WT", "PA4597": "M69V, T376S", "PA4598": "E257Q, S845A", "PA4599": "H310R, S330A, A378T, A384V", "PA4600": "WT", "PA4776": "L71R", "PA4777": "Y345H", "PA4964": "A587T", "PA4967": "D533E", "PA5471": "C40R, L88P, S112N, D119E, I237V, N238S, V243A, A352V", "PA5485": "WT"}') ON DUPLICATE KEY UPDATE ame_loci = '-', beta_lactamase_loci = '-', clonal_complex = '446', mutational_resistome = '{"PA0004": "WT", "PA0424": "V126E", "PA0425": "WT", "PA0426": "WT", "PA0427": "WT", "PA0807": "A208V", "PA0958": "WT", "PA1798": "H398R", "PA1799": "L153R, S170N", "PA2020": "WT", "PA2023": "WT", "PA2491": "D249N", "PA2492": "P60S, F172I, nt234\u22068", "PA2493": "S8F", "PA2494": "WT", "PA2495": "S13P", "PA3047": "WT", "PA3168": "aa911\u22062", "PA3574": "WT", "PA3721": "G71E, A145V, S209R", "PA3999": "WT", "PA4003": "WT", "PA4020": "M297V", "PA4109": "E114A, G283E, M288R", "PA4110": "G27D, T105A, V205L, G391A", "PA4266": "WT", "PA4418": "WT", "PA4522": "WT", "PA4597": "M69V, T376S", "PA4598": "E257Q, S845A", "PA4599": "H310R, S330A, A378T, A384V", "PA4600": "WT", "PA4776": "L71R", "PA4777": "Y345H", "PA4964": "A587T", "PA4967": "D533E", "PA5471": "C40R, L88P, S112N, D119E, I237V, N238S, V243A, A352V", "PA5485": "WT"}'; 
INSERT INTO metadata_general(isolate_id, isolate_name, isolate_source, project_name, species) VALUES ('428', 'ARA03-002', 'VALIDATION SET', 'GEMARA', 'Pseudomonas aeruginosa') ON DUPLICATE KEY UPDATE isolate_name = 'ARA03-002', isolate_source = 'VALIDATION SET', project_name = 'GEMARA', species = 'Pseudomonas aeruginosa'; 
INSERT INTO mic(mic_id, isolate_id, ami, ami_clinical_category, azt, azt_clinical_category, cip, cip_clinical_category, col, col_clinical_category, cza, cza_clinical_category, fep, fep_clinical_category, imi, imi_clinical_category, mer, mer_clinical_category, pip, pip_clinical_category, taz, taz_clinical_category, tic, tic_clinical_category, tob, tob_clinical_category, tol, tol_clinical_category) VALUES ('428', '428', '≤2', 'S', '≤2', 'S', '≤0.12', 'S', '2', 'S', '1', 'S', '≤1', 'S', '8', 'R', '4', 'I', '≤4', 'S', '2', 'S', '16', 'S', '≤0.25', 'S', '≤0.5', 'S') ON DUPLICATE KEY UPDATE ami = '≤2', ami_clinical_category = 'S', azt = '≤2', azt_clinical_category = 'S', cip = '≤0.12', cip_clinical_category = 'S', col = '2', col_clinical_category = 'S', cza = '1', cza_clinical_category = 'S', fep = '≤1', fep_clinical_category = 'S', imi = '8', imi_clinical_category = 'R', mer = '4', mer_clinical_category = 'I', pip = '≤4', pip_clinical_category = 'S', taz = '2', taz_clinical_category = 'S', tic = '16', tic_clinical_category = 'S', tob = '≤0.25', tob_clinical_category = 'S', tol = '≤0.5', tol_clinical_category = 'S'; 
INSERT INTO phenotypic_data(phenotypic_data_id, isolate_id, ecdc_resistance_profile) VALUES ('272', '428', 'R') ON DUPLICATE KEY UPDATE ecdc_resistance_profile = 'R'; 
INSERT INTO sequence_analysis(sequence_analysis_id, isolate_id, ame_loci, beta_lactamase_loci, clonal_complex, mutational_resistome) VALUES ('428', '428', 'strA, strB', '-', '244', '{"PA0004": "WT", "PA0424": "WT", "PA0425": "WT", "PA0426": "WT", "PA0427": "WT", "PA0807": "A219T", "PA0958": "nt1206InsC", "PA1798": "H398R", "PA1799": "WT", "PA2020": "WT", "PA2023": "WT", "PA2491": "A75V, D249N", "PA2492": "P60S, F172I, nt234\u22068", "PA2493": "WT", "PA2494": "WT", "PA2495": "WT", "PA3047": "WT", "PA3168": "WT", "PA3574": "WT", "PA3721": "WT", "PA3999": "WT", "PA4003": "WT", "PA4020": "M297V, A303V", "PA4109": "WT", "PA4110": "WT", "PA4266": "WT", "PA4418": "WT", "PA4522": "R11L, G148A, D183Y", "PA4597": "D68G, M69V", "PA4598": "S845A", "PA4599": "R76Q, H310R, S330A, P383S", "PA4600": "WT", "PA4776": "L71R", "PA4777": "WT", "PA4964": "WT", "PA4967": "WT", "PA5471": "L88P, G157D, D161G, H182Q, V243A", "PA5485": "WT"}') ON DUPLICATE KEY UPDATE ame_loci = 'strA, strB', beta_lactamase_loci = '-', clonal_complex = '244', mutational_resistome = '{"PA0004": "WT", "PA0424": "WT", "PA0425": "WT", "PA0426": "WT", "PA0427": "WT", "PA0807": "A219T", "PA0958": "nt1206InsC", "PA1798": "H398R", "PA1799": "WT", "PA2020": "WT", "PA2023": "WT", "PA2491": "A75V, D249N", "PA2492": "P60S, F172I, nt234\u22068", "PA2493": "WT", "PA2494": "WT", "PA2495": "WT", "PA3047": "WT", "PA3168": "WT", "PA3574": "WT", "PA3721": "WT", "PA3999": "WT", "PA4003": "WT", "PA4020": "M297V, A303V", "PA4109": "WT", "PA4110": "WT", "PA4266": "WT", "PA4418": "WT", "PA4522": "R11L, G148A, D183Y", "PA4597": "D68G, M69V", "PA4598": "S845A", "PA4599": "R76Q, H310R, S330A, P383S", "PA4600": "WT", "PA4776": "L71R", "PA4777": "WT", "PA4964": "WT", "PA4967": "WT", "PA5471": "L88P, G157D, D161G, H182Q, V243A", "PA5485": "WT"}'; 
INSERT INTO metadata_general(isolate_id, isolate_name, isolate_source, project_name, species) VALUES ('414', 'ARA03-003', 'VALIDATION SET', 'GEMARA', 'Pseudomonas aeruginosa') ON DUPLICATE KEY UPDATE isolate_name = 'ARA03-003', isolate_source = 'VALIDATION SET', project_name = 'GEMARA', species = 'Pseudomonas aeruginosa'; 
INSERT INTO mic(mic_id, isolate_id, ami, ami_clinical_category, azt, azt_clinical_category, cip, cip_clinical_category, col, col_clinical_category, cza, cza_clinical_category, fep, fep_clinical_category, imi, imi_clinical_category, mer, mer_clinical_category, pip, pip_clinical_category, taz, taz_clinical_category, tic, tic_clinical_category, tob, tob_clinical_category, tol, tol_clinical_category) VALUES ('414', '414', '4', 'S', '16', 'S', '≤0.12', 'S', '1', 'S', '2', 'S', '8', 'S', '16', 'R', '8', 'I', '16', 'S', '8', 'S', '64', 'R', '0.5', 'S', '1', 'S') ON DUPLICATE KEY UPDATE ami = '4', ami_clinical_category = 'S', azt = '16', azt_clinical_category = 'S', cip = '≤0.12', cip_clinical_category = 'S', col = '1', col_clinical_category = 'S', cza = '2', cza_clinical_category = 'S', fep = '8', fep_clinical_category = 'S', imi = '16', imi_clinical_category = 'R', mer = '8', mer_clinical_category = 'I', pip = '16', pip_clinical_category = 'S', taz = '8', taz_clinical_category = 'S', tic = '64', tic_clinical_category = 'R', tob = '0.5', tob_clinical_category = 'S', tol = '1', tol_clinical_category = 'S'; 
INSERT INTO phenotypic_data(phenotypic_data_id, isolate_id, ecdc_resistance_profile) VALUES ('258', '414', 'R') ON DUPLICATE KEY UPDATE ecdc_resistance_profile = 'R'; 
INSERT INTO sequence_analysis(sequence_analysis_id, isolate_id, ame_loci, beta_lactamase_loci, clonal_complex, mutational_resistome) VALUES ('414', '414', '-', '-', '274', '{"PA0004": "H148N", "PA0424": "WT", "PA0425": "WT", "PA0426": "WT", "PA0427": "WT", "PA0807": "WT", "PA0958": "nt209\u220610", "PA1798": "A82T, H398R", "PA1799": "WT", "PA2020": "WT", "PA2023": "WT", "PA2491": "D249N", "PA2492": "F172I, nt234\u22068", "PA2493": "WT", "PA2494": "WT", "PA2495": "WT", "PA3047": "A394P", "PA3168": "WT", "PA3574": "WT", "PA3721": "G71E, S209R", "PA3999": "WT", "PA4003": "WT", "PA4020": "Y35S, M297V", "PA4109": "WT", "PA4110": "T21A, T105A, G391A", "PA4266": "WT", "PA4418": "WT", "PA4522": "R11L, G148A, D183Y", "PA4597": "D68G, M69V", "PA4598": "E257Q, A536S, S845A", "PA4599": "WT", "PA4600": "WT", "PA4776": "L71R", "PA4777": "Y345H", "PA4964": "WT", "PA4967": "WT", "PA5471": "L88P, D119E", "PA5485": "WT"}') ON DUPLICATE KEY UPDATE ame_loci = '-', beta_lactamase_loci = '-', clonal_complex = '274', mutational_resistome = '{"PA0004": "H148N", "PA0424": "WT", "PA0425": "WT", "PA0426": "WT", "PA0427": "WT", "PA0807": "WT", "PA0958": "nt209\u220610", "PA1798": "A82T, H398R", "PA1799": "WT", "PA2020": "WT", "PA2023": "WT", "PA2491": "D249N", "PA2492": "F172I, nt234\u22068", "PA2493": "WT", "PA2494": "WT", "PA2495": "WT", "PA3047": "A394P", "PA3168": "WT", "PA3574": "WT", "PA3721": "G71E, S209R", "PA3999": "WT", "PA4003": "WT", "PA4020": "Y35S, M297V", "PA4109": "WT", "PA4110": "T21A, T105A, G391A", "PA4266": "WT", "PA4418": "WT", "PA4522": "R11L, G148A, D183Y", "PA4597": "D68G, M69V", "PA4598": "E257Q, A536S, S845A", "PA4599": "WT", "PA4600": "WT", "PA4776": "L71R", "PA4777": "Y345H", "PA4964": "WT", "PA4967": "WT", "PA5471": "L88P, D119E", "PA5485": "WT"}'; 
INSERT INTO metadata_general(isolate_id, isolate_name, isolate_source, project_name, species) VALUES ('422', 'ARA03-004', 'VALIDATION SET', 'GEMARA', 'Pseudomonas aeruginosa') ON DUPLICATE KEY UPDATE isolate_name = 'ARA03-004', isolate_source = 'VALIDATION SET', project_name = 'GEMARA', species = 'Pseudomonas aeruginosa'; 
INSERT INTO mic(mic_id, isolate_id, ami, ami_clinical_category, azt, azt_clinical_category, cip, cip_clinical_category, col, col_clinical_category, cza, cza_clinical_category, fep, fep_clinical_category, imi, imi_clinical_category, mer, mer_clinical_category, pip, pip_clinical_category, taz, taz_clinical_category, tic, tic_clinical_category, tob, tob_clinical_category, tol, tol_clinical_category) VALUES ('422', '422', '4', 'S', '4', 'S', '1', 'R', '2', 'S', '≤0.5', 'S', '2', 'S', '≤0.5', 'S', '≤0.5', 'S', '≤4', 'S', '2', 'S', '≤8', 'S', '0.5', 'S', '≤0.5', 'S') ON DUPLICATE KEY UPDATE ami = '4', ami_clinical_category = 'S', azt = '4', azt_clinical_category = 'S', cip = '1', cip_clinical_category = 'R', col = '2', col_clinical_category = 'S', cza = '≤0.5', cza_clinical_category = 'S', fep = '2', fep_clinical_category = 'S', imi = '≤0.5', imi_clinical_category = 'S', mer = '≤0.5', mer_clinical_category = 'S', pip = '≤4', pip_clinical_category = 'S', taz = '2', taz_clinical_category = 'S', tic = '≤8', tic_clinical_category = 'S', tob = '0.5', tob_clinical_category = 'S', tol = '≤0.5', tol_clinical_category = 'S'; 
INSERT INTO phenotypic_data(phenotypic_data_id, isolate_id, ecdc_resistance_profile) VALUES ('266', '422', 'R') ON DUPLICATE KEY UPDATE ecdc_resistance_profile = 'R'; 
INSERT INTO sequence_analysis(sequence_analysis_id, isolate_id, ame_loci, beta_lactamase_loci, clonal_complex, mutational_resistome) VALUES ('422', '422', '-', '-', '845', '{"PA0004": "WT", "PA0424": "WT", "PA0425": "WT", "PA0426": "WT", "PA0427": "WT", "PA0807": "A219T", "PA0958": "WT", "PA1798": "H398R", "PA1799": "WT", "PA2020": "WT", "PA2023": "WT", "PA2491": "D249N", "PA2492": "P60S, F172I, nt234\u22068", "PA2493": "WT", "PA2494": "WT", "PA2495": "WT", "PA3047": "WT", "PA3168": "D87N", "PA3574": "WT", "PA3721": "G71E, S209R", "PA3999": "V29I", "PA4003": "WT", "PA4020": "X452ext", "PA4109": "WT", "PA4110": "T105A, L176R", "PA4266": "WT", "PA4418": "WT", "PA4522": "Q131X", "PA4597": "D68G, M69V", "PA4598": "E257Q, S845A", "PA4599": "WT", "PA4600": "WT", "PA4776": "WT", "PA4777": "Y345H", "PA4964": "WT", "PA4967": "D533E", "PA5471": "C40R, L88P, D161G, H182Q, V243A", "PA5485": "WT"}') ON DUPLICATE KEY UPDATE ame_loci = '-', beta_lactamase_loci = '-', clonal_complex = '845', mutational_resistome = '{"PA0004": "WT", "PA0424": "WT", "PA0425": "WT", "PA0426": "WT", "PA0427": "WT", "PA0807": "A219T", "PA0958": "WT", "PA1798": "H398R", "PA1799": "WT", "PA2020": "WT", "PA2023": "WT", "PA2491": "D249N", "PA2492": "P60S, F172I, nt234\u22068", "PA2493": "WT", "PA2494": "WT", "PA2495": "WT", "PA3047": "WT", "PA3168": "D87N", "PA3574": "WT", "PA3721": "G71E, S209R", "PA3999": "V29I", "PA4003": "WT", "PA4020": "X452ext", "PA4109": "WT", "PA4110": "T105A, L176R", "PA4266": "WT", "PA4418": "WT", "PA4522": "Q131X", "PA4597": "D68G, M69V", "PA4598": "E257Q, S845A", "PA4599": "WT", "PA4600": "WT", "PA4776": "WT", "PA4777": "Y345H", "PA4964": "WT", "PA4967": "D533E", "PA5471": "C40R, L88P, D161G, H182Q, V243A", "PA5485": "WT"}'; 
INSERT INTO metadata_general(isolate_id, isolate_name, isolate_source, project_name, species) VALUES ('432', 'AST01-001', 'VALIDATION SET', 'GEMARA', 'Pseudomonas aeruginosa') ON DUPLICATE KEY UPDATE isolate_name = 'AST01-001', isolate_source = 'VALIDATION SET', project_name = 'GEMARA', species = 'Pseudomonas aeruginosa'; 
INSERT INTO mic(mic_id, isolate_id, ami, ami_clinical_category, azt, azt_clinical_category, cip, cip_clinical_category, col, col_clinical_category, cza, cza_clinical_category, fep, fep_clinical_category, imi, imi_clinical_category, mer, mer_clinical_category, pip, pip_clinical_category, taz, taz_clinical_category, tic, tic_clinical_category, tob, tob_clinical_category, tol, tol_clinical_category) VALUES ('432', '432', '8', 'S', '4', 'S', '0.25', 'S', '2', 'S', '2', 'S', '2', 'S', '1', 'S', '1', 'S', '8', 'S', '4', 'S', '32', 'R', '1', 'S', '1', 'S') ON DUPLICATE KEY UPDATE ami = '8', ami_clinical_category = 'S', azt = '4', azt_clinical_category = 'S', cip = '0.25', cip_clinical_category = 'S', col = '2', col_clinical_category = 'S', cza = '2', cza_clinical_category = 'S', fep = '2', fep_clinical_category = 'S', imi = '1', imi_clinical_category = 'S', mer = '1', mer_clinical_category = 'S', pip = '8', pip_clinical_category = 'S', taz = '4', taz_clinical_category = 'S', tic = '32', tic_clinical_category = 'R', tob = '1', tob_clinical_category = 'S', tol = '1', tol_clinical_category = 'S'; 
INSERT INTO phenotypic_data(phenotypic_data_id, isolate_id, ecdc_resistance_profile) VALUES ('277', '432', 'S') ON DUPLICATE KEY UPDATE ecdc_resistance_profile = 'S'; 
INSERT INTO sequence_analysis(sequence_analysis_id, isolate_id, ame_loci, beta_lactamase_loci, clonal_complex, mutational_resistome) VALUES ('432', '432', '-', '-', '1228', '{"PA0004": "WT", "PA0424": "WT", "PA0425": "WT", "PA0426": "WT", "PA0427": "WT", "PA0807": "A219T", "PA0958": "WT", "PA1798": "H398R", "PA1799": "WT", "PA2020": "WT", "PA2023": "WT", "PA2491": "D249N", "PA2492": "F172I, nt234\u22068", "PA2493": "WT", "PA2494": "WT", "PA2495": "WT", "PA3047": "WT", "PA3168": "WT", "PA3574": "WT", "PA3721": "G71E, S209R", "PA3999": "WT", "PA4003": "WT", "PA4020": "WT", "PA4109": "WT", "PA4110": "T105A", "PA4266": "WT", "PA4418": "WT", "PA4522": "G148A", "PA4597": "D68G, M69V", "PA4598": "S845A", "PA4599": "S330A", "PA4600": "WT", "PA4776": "L71R", "PA4777": "Y345H", "PA4964": "V646L", "PA4967": "D533E", "PA5471": "L88P, D161G, H182Q, V243A", "PA5485": "WT"}') ON DUPLICATE KEY UPDATE ame_loci = '-', beta_lactamase_loci = '-', clonal_complex = '1228', mutational_resistome = '{"PA0004": "WT", "PA0424": "WT", "PA0425": "WT", "PA0426": "WT", "PA0427": "WT", "PA0807": "A219T", "PA0958": "WT", "PA1798": "H398R", "PA1799": "WT", "PA2020": "WT", "PA2023": "WT", "PA2491": "D249N", "PA2492": "F172I, nt234\u22068", "PA2493": "WT", "PA2494": "WT", "PA2495": "WT", "PA3047": "WT", "PA3168": "WT", "PA3574": "WT", "PA3721": "G71E, S209R", "PA3999": "WT", "PA4003": "WT", "PA4020": "WT", "PA4109": "WT", "PA4110": "T105A", "PA4266": "WT", "PA4418": "WT", "PA4522": "G148A", "PA4597": "D68G, M69V", "PA4598": "S845A", "PA4599": "S330A", "PA4600": "WT", "PA4776": "L71R", "PA4777": "Y345H", "PA4964": "V646L", "PA4967": "D533E", "PA5471": "L88P, D161G, H182Q, V243A", "PA5485": "WT"}'; 
INSERT INTO metadata_general(isolate_id, isolate_name, isolate_source, project_name, species) VALUES ('448', 'AST01-003', 'VALIDATION SET', 'GEMARA', 'Pseudomonas aeruginosa') ON DUPLICATE KEY UPDATE isolate_name = 'AST01-003', isolate_source = 'VALIDATION SET', project_name = 'GEMARA', species = 'Pseudomonas aeruginosa'; 
INSERT INTO mic(mic_id, isolate_id, ami, ami_clinical_category, azt, azt_clinical_category, cip, cip_clinical_category, col, col_clinical_category, cza, cza_clinical_category, fep, fep_clinical_category, imi, imi_clinical_category, mer, mer_clinical_category, pip, pip_clinical_category, taz, taz_clinical_category, tic, tic_clinical_category, tob, tob_clinical_category, tol, tol_clinical_category) VALUES ('448', '448', '≤2', 'S', '4', 'S', '0.25', 'S', '2', 'S', '2', 'S', '2', 'S', '1', 'S', '1', 'S', '8', 'S', '4', 'S', '32', 'R', '0.5', 'S', '1', 'S') ON DUPLICATE KEY UPDATE ami = '≤2', ami_clinical_category = 'S', azt = '4', azt_clinical_category = 'S', cip = '0.25', cip_clinical_category = 'S', col = '2', col_clinical_category = 'S', cza = '2', cza_clinical_category = 'S', fep = '2', fep_clinical_category = 'S', imi = '1', imi_clinical_category = 'S', mer = '1', mer_clinical_category = 'S', pip = '8', pip_clinical_category = 'S', taz = '4', taz_clinical_category = 'S', tic = '32', tic_clinical_category = 'R', tob = '0.5', tob_clinical_category = 'S', tol = '1', tol_clinical_category = 'S'; 
INSERT INTO phenotypic_data(phenotypic_data_id, isolate_id, ecdc_resistance_profile) VALUES ('293', '448', 'S') ON DUPLICATE KEY UPDATE ecdc_resistance_profile = 'S'; 
INSERT INTO sequence_analysis(sequence_analysis_id, isolate_id, ame_loci, beta_lactamase_loci, clonal_complex, mutational_resistome) VALUES ('448', '448', '-', '-', '3118', '{"PA0004": "WT", "PA0424": "V126E", "PA0425": "WT", "PA0426": "WT", "PA0427": "WT", "PA0807": "WT", "PA0958": "WT", "PA1798": "H398R", "PA1799": "L153R, S170N", "PA2020": "WT", "PA2023": "WT", "PA2491": "Q100H, D249N", "PA2492": "F172I, nt234\u22068", "PA2493": "WT", "PA2494": "WT", "PA2495": "WT", "PA3047": "WT", "PA3168": "WT", "PA3574": "WT", "PA3721": "G71E, S209R", "PA3999": "WT", "PA4003": "WT", "PA4020": "D411A", "PA4109": "WT", "PA4110": "R79Q, T105A", "PA4266": "WT", "PA4418": "WT", "PA4522": "G148A", "PA4597": "D68G, M69V", "PA4598": "E257Q, S845A", "PA4599": "R76Q, H310R, S330A", "PA4600": "WT", "PA4776": "L71R", "PA4777": "Y345H", "PA4964": "V419L, V646L", "PA4967": "WT", "PA5471": "C40R, L88P, D161G, H182Q, V243A", "PA5485": "WT"}') ON DUPLICATE KEY UPDATE ame_loci = '-', beta_lactamase_loci = '-', clonal_complex = '3118', mutational_resistome = '{"PA0004": "WT", "PA0424": "V126E", "PA0425": "WT", "PA0426": "WT", "PA0427": "WT", "PA0807": "WT", "PA0958": "WT", "PA1798": "H398R", "PA1799": "L153R, S170N", "PA2020": "WT", "PA2023": "WT", "PA2491": "Q100H, D249N", "PA2492": "F172I, nt234\u22068", "PA2493": "WT", "PA2494": "WT", "PA2495": "WT", "PA3047": "WT", "PA3168": "WT", "PA3574": "WT", "PA3721": "G71E, S209R", "PA3999": "WT", "PA4003": "WT", "PA4020": "D411A", "PA4109": "WT", "PA4110": "R79Q, T105A", "PA4266": "WT", "PA4418": "WT", "PA4522": "G148A", "PA4597": "D68G, M69V", "PA4598": "E257Q, S845A", "PA4599": "R76Q, H310R, S330A", "PA4600": "WT", "PA4776": "L71R", "PA4777": "Y345H", "PA4964": "V419L, V646L", "PA4967": "WT", "PA5471": "C40R, L88P, D161G, H182Q, V243A", "PA5485": "WT"}'; 
INSERT INTO metadata_general(isolate_id, isolate_name, isolate_source, project_name, species) VALUES ('440', 'AST01-005', 'VALIDATION SET', 'GEMARA', 'Pseudomonas aeruginosa') ON DUPLICATE KEY UPDATE isolate_name = 'AST01-005', isolate_source = 'VALIDATION SET', project_name = 'GEMARA', species = 'Pseudomonas aeruginosa'; 
INSERT INTO mic(mic_id, isolate_id, ami, ami_clinical_category, azt, azt_clinical_category, cip, cip_clinical_category, col, col_clinical_category, cza, cza_clinical_category, fep, fep_clinical_category, imi, imi_clinical_category, mer, mer_clinical_category, pip, pip_clinical_category, taz, taz_clinical_category, tic, tic_clinical_category, tob, tob_clinical_category, tol, tol_clinical_category) VALUES ('440', '440', '4', 'S', '4', 'S', '0.25', 'S', '8', 'R', '2', 'S', '4', 'S', '2', 'S', '1', 'S', '8', 'S', '2', 'S', '64', 'R', '4', 'S', '1', 'S') ON DUPLICATE KEY UPDATE ami = '4', ami_clinical_category = 'S', azt = '4', azt_clinical_category = 'S', cip = '0.25', cip_clinical_category = 'S', col = '8', col_clinical_category = 'R', cza = '2', cza_clinical_category = 'S', fep = '4', fep_clinical_category = 'S', imi = '2', imi_clinical_category = 'S', mer = '1', mer_clinical_category = 'S', pip = '8', pip_clinical_category = 'S', taz = '2', taz_clinical_category = 'S', tic = '64', tic_clinical_category = 'R', tob = '4', tob_clinical_category = 'S', tol = '1', tol_clinical_category = 'S'; 
INSERT INTO phenotypic_data(phenotypic_data_id, isolate_id, ecdc_resistance_profile) VALUES ('285', '440', 'R') ON DUPLICATE KEY UPDATE ecdc_resistance_profile = 'R'; 
INSERT INTO sequence_analysis(sequence_analysis_id, isolate_id, ame_loci, beta_lactamase_loci, clonal_complex, mutational_resistome) VALUES ('440', '440', '-', '-', '198', '{"PA0004": "WT", "PA0424": "V126E", "PA0425": "I63V", "PA0426": "WT", "PA0427": "WT", "PA0807": "A219T", "PA0958": "WT", "PA1798": "H398R", "PA1799": "WT", "PA2020": "WT", "PA2023": "WT", "PA2491": "D249N", "PA2492": "F172I, nt234\u22068", "PA2493": "WT", "PA2494": "G1056D", "PA2495": "D102N", "PA3047": "A394P", "PA3168": "WT", "PA3574": "D187H", "PA3721": "G71E, S209R", "PA3999": "WT", "PA4003": "WT", "PA4020": "WT", "PA4109": "G283E, M288R", "PA4110": "T105A, V205L", "PA4266": "WT", "PA4418": "WT", "PA4522": "Q44H, G148A, D183Y", "PA4597": "WT", "PA4598": "S845A", "PA4599": "S330A, Q381L", "PA4600": "WT", "PA4776": "L71R", "PA4777": "WT", "PA4964": "P683S", "PA4967": "WT", "PA5471": "L88P, D161G, H182Q, V243A", "PA5485": "WT"}') ON DUPLICATE KEY UPDATE ame_loci = '-', beta_lactamase_loci = '-', clonal_complex = '198', mutational_resistome = '{"PA0004": "WT", "PA0424": "V126E", "PA0425": "I63V", "PA0426": "WT", "PA0427": "WT", "PA0807": "A219T", "PA0958": "WT", "PA1798": "H398R", "PA1799": "WT", "PA2020": "WT", "PA2023": "WT", "PA2491": "D249N", "PA2492": "F172I, nt234\u22068", "PA2493": "WT", "PA2494": "G1056D", "PA2495": "D102N", "PA3047": "A394P", "PA3168": "WT", "PA3574": "D187H", "PA3721": "G71E, S209R", "PA3999": "WT", "PA4003": "WT", "PA4020": "WT", "PA4109": "G283E, M288R", "PA4110": "T105A, V205L", "PA4266": "WT", "PA4418": "WT", "PA4522": "Q44H, G148A, D183Y", "PA4597": "WT", "PA4598": "S845A", "PA4599": "S330A, Q381L", "PA4600": "WT", "PA4776": "L71R", "PA4777": "WT", "PA4964": "P683S", "PA4967": "WT", "PA5471": "L88P, D161G, H182Q, V243A", "PA5485": "WT"}'; 
INSERT INTO metadata_general(isolate_id, isolate_name, isolate_source, project_name, species) VALUES ('449', 'AST01-006', 'VALIDATION SET', 'GEMARA', 'Pseudomonas aeruginosa') ON DUPLICATE KEY UPDATE isolate_name = 'AST01-006', isolate_source = 'VALIDATION SET', project_name = 'GEMARA', species = 'Pseudomonas aeruginosa'; 
INSERT INTO mic(mic_id, isolate_id, ami, ami_clinical_category, azt, azt_clinical_category, cip, cip_clinical_category, col, col_clinical_category, cza, cza_clinical_category, fep, fep_clinical_category, imi, imi_clinical_category, mer, mer_clinical_category, pip, pip_clinical_category, taz, taz_clinical_category, tic, tic_clinical_category, tob, tob_clinical_category, tol, tol_clinical_category) VALUES ('449', '449', '≤2', 'S', '4', 'S', '≤0.12', 'S', '2', 'S', '2', 'S', '2', 'S', '2', 'S', '≤0.5', 'S', '8', 'S', '2', 'S', '64', 'R', '1', 'S', '1', 'S') ON DUPLICATE KEY UPDATE ami = '≤2', ami_clinical_category = 'S', azt = '4', azt_clinical_category = 'S', cip = '≤0.12', cip_clinical_category = 'S', col = '2', col_clinical_category = 'S', cza = '2', cza_clinical_category = 'S', fep = '2', fep_clinical_category = 'S', imi = '2', imi_clinical_category = 'S', mer = '≤0.5', mer_clinical_category = 'S', pip = '8', pip_clinical_category = 'S', taz = '2', taz_clinical_category = 'S', tic = '64', tic_clinical_category = 'R', tob = '1', tob_clinical_category = 'S', tol = '1', tol_clinical_category = 'S'; 
INSERT INTO phenotypic_data(phenotypic_data_id, isolate_id, ecdc_resistance_profile) VALUES ('294', '449', 'S') ON DUPLICATE KEY UPDATE ecdc_resistance_profile = 'S'; 
INSERT INTO sequence_analysis(sequence_analysis_id, isolate_id, ame_loci, beta_lactamase_loci, clonal_complex, mutational_resistome) VALUES ('449', '449', '-', '-', '560', '{"PA0004": "WT", "PA0424": "WT", "PA0425": "WT", "PA0426": "WT", "PA0427": "WT", "PA0807": "D75G", "PA0958": "WT", "PA1798": "R356L, H398R", "PA1799": "L153R, S170N", "PA2020": "WT", "PA2023": "WT", "PA2491": "D249N", "PA2492": "F172I, nt234\u22068", "PA2493": "S8F", "PA2494": "WT", "PA2495": "A4T, S13P", "PA3047": "WT", "PA3168": "WT", "PA3574": "WT", "PA3721": "G71E, S209R", "PA3999": "WT", "PA4003": "WT", "PA4020": "WT", "PA4109": "E114A, I251V, G283E, M288R", "PA4110": "T21A, T105A, V205L, G391P", "PA4266": "WT", "PA4418": "WT", "PA4522": "G148A", "PA4597": "Q267R", "PA4598": "S845A, I982V, K1031R, S1040T", "PA4599": "R76Q, H310R, S330A, P383S", "PA4600": "WT", "PA4776": "WT", "PA4777": "A4T, V15I, G68S, Y345H", "PA4964": "WT", "PA4967": "D533E", "PA5471": "C40R, L88P, S112N, D119E, I237V, V243A", "PA5485": "WT"}') ON DUPLICATE KEY UPDATE ame_loci = '-', beta_lactamase_loci = '-', clonal_complex = '560', mutational_resistome = '{"PA0004": "WT", "PA0424": "WT", "PA0425": "WT", "PA0426": "WT", "PA0427": "WT", "PA0807": "D75G", "PA0958": "WT", "PA1798": "R356L, H398R", "PA1799": "L153R, S170N", "PA2020": "WT", "PA2023": "WT", "PA2491": "D249N", "PA2492": "F172I, nt234\u22068", "PA2493": "S8F", "PA2494": "WT", "PA2495": "A4T, S13P", "PA3047": "WT", "PA3168": "WT", "PA3574": "WT", "PA3721": "G71E, S209R", "PA3999": "WT", "PA4003": "WT", "PA4020": "WT", "PA4109": "E114A, I251V, G283E, M288R", "PA4110": "T21A, T105A, V205L, G391P", "PA4266": "WT", "PA4418": "WT", "PA4522": "G148A", "PA4597": "Q267R", "PA4598": "S845A, I982V, K1031R, S1040T", "PA4599": "R76Q, H310R, S330A, P383S", "PA4600": "WT", "PA4776": "WT", "PA4777": "A4T, V15I, G68S, Y345H", "PA4964": "WT", "PA4967": "D533E", "PA5471": "C40R, L88P, S112N, D119E, I237V, V243A", "PA5485": "WT"}'; 
INSERT INTO metadata_general(isolate_id, isolate_name, isolate_source, project_name, species) VALUES ('468', 'BAL01-001', 'VALIDATION SET', 'GEMARA', 'Pseudomonas aeruginosa') ON DUPLICATE KEY UPDATE isolate_name = 'BAL01-001', isolate_source = 'VALIDATION SET', project_name = 'GEMARA', species = 'Pseudomonas aeruginosa'; 
INSERT INTO mic(mic_id, isolate_id, ami, ami_clinical_category, azt, azt_clinical_category, cip, cip_clinical_category, col, col_clinical_category, cza, cza_clinical_category, fep, fep_clinical_category, imi, imi_clinical_category, mer, mer_clinical_category, pip, pip_clinical_category, taz, taz_clinical_category, tic, tic_clinical_category, tob, tob_clinical_category, tol, tol_clinical_category) VALUES ('468', '468', '4', 'S', '4', 'S', '≤0.12', 'S', '2', 'S', '2', 'S', '4', 'S', '1', 'S', '≤0.5', 'S', '8', 'S', '2', 'S', '32', 'R', '0.5', 'S', '1', 'S') ON DUPLICATE KEY UPDATE ami = '4', ami_clinical_category = 'S', azt = '4', azt_clinical_category = 'S', cip = '≤0.12', cip_clinical_category = 'S', col = '2', col_clinical_category = 'S', cza = '2', cza_clinical_category = 'S', fep = '4', fep_clinical_category = 'S', imi = '1', imi_clinical_category = 'S', mer = '≤0.5', mer_clinical_category = 'S', pip = '8', pip_clinical_category = 'S', taz = '2', taz_clinical_category = 'S', tic = '32', tic_clinical_category = 'R', tob = '0.5', tob_clinical_category = 'S', tol = '1', tol_clinical_category = 'S'; 
INSERT INTO phenotypic_data(phenotypic_data_id, isolate_id, ecdc_resistance_profile) VALUES ('317', '468', 'S') ON DUPLICATE KEY UPDATE ecdc_resistance_profile = 'S'; 
INSERT INTO sequence_analysis(sequence_analysis_id, isolate_id, ame_loci, beta_lactamase_loci, clonal_complex, mutational_resistome) VALUES ('468', '468', '-', '-', '17', '{"PA0004": "WT", "PA0424": "WT", "PA0425": "WT", "PA0426": "WT", "PA0427": "WT", "PA0807": "A219T", "PA0958": "WT", "PA1798": "H398R", "PA1799": "WT", "PA2020": "WT", "PA2023": "WT", "PA2491": "D249N", "PA2492": "P60S, F172I, nt234\u22068", "PA2493": "WT", "PA2494": "WT", "PA2495": "WT", "PA3047": "WT", "PA3168": "aa911\u22062", "PA3574": "WT", "PA3721": "G71E, S209R", "PA3999": "V29I", "PA4003": "WT", "PA4020": "X452ext", "PA4109": "WT", "PA4110": "T105A, L176R", "PA4266": "WT", "PA4418": "WT", "PA4522": "A136V, G148A", "PA4597": "D68G, M69V", "PA4598": "E257Q, S845A", "PA4599": "WT", "PA4600": "WT", "PA4776": "WT", "PA4777": "Y345H", "PA4964": "WT", "PA4967": "D533E", "PA5471": "C40R, L88P, D161G, H182Q, V243A", "PA5485": "WT"}') ON DUPLICATE KEY UPDATE ame_loci = '-', beta_lactamase_loci = '-', clonal_complex = '17', mutational_resistome = '{"PA0004": "WT", "PA0424": "WT", "PA0425": "WT", "PA0426": "WT", "PA0427": "WT", "PA0807": "A219T", "PA0958": "WT", "PA1798": "H398R", "PA1799": "WT", "PA2020": "WT", "PA2023": "WT", "PA2491": "D249N", "PA2492": "P60S, F172I, nt234\u22068", "PA2493": "WT", "PA2494": "WT", "PA2495": "WT", "PA3047": "WT", "PA3168": "aa911\u22062", "PA3574": "WT", "PA3721": "G71E, S209R", "PA3999": "V29I", "PA4003": "WT", "PA4020": "X452ext", "PA4109": "WT", "PA4110": "T105A, L176R", "PA4266": "WT", "PA4418": "WT", "PA4522": "A136V, G148A", "PA4597": "D68G, M69V", "PA4598": "E257Q, S845A", "PA4599": "WT", "PA4600": "WT", "PA4776": "WT", "PA4777": "Y345H", "PA4964": "WT", "PA4967": "D533E", "PA5471": "C40R, L88P, D161G, H182Q, V243A", "PA5485": "WT"}'; 
INSERT INTO metadata_general(isolate_id, isolate_name, isolate_source, project_name, species) VALUES ('35', 'BAL01-003', 'VALIDATION SET', 'GEMARA', 'Pseudomonas aeruginosa') ON DUPLICATE KEY UPDATE isolate_name = 'BAL01-003', isolate_source = 'VALIDATION SET', project_name = 'GEMARA', species = 'Pseudomonas aeruginosa'; 
INSERT INTO mic(mic_id, isolate_id, ami, ami_clinical_category, azt, azt_clinical_category, cip, cip_clinical_category, col, col_clinical_category, cza, cza_clinical_category, fep, fep_clinical_category, imi, imi_clinical_category, mer, mer_clinical_category, pip, pip_clinical_category, taz, taz_clinical_category, tic, tic_clinical_category, tob, tob_clinical_category, tol, tol_clinical_category) VALUES ('35', '35', '4', 'S', '16', 'S', '>16', 'R', '2', 'S', '2', 'S', '4', 'S', '8', 'R', '8', 'I', '128', 'R', '16', 'R', '128', 'R', '16', 'R', '1', 'S') ON DUPLICATE KEY UPDATE ami = '4', ami_clinical_category = 'S', azt = '16', azt_clinical_category = 'S', cip = '>16', cip_clinical_category = 'R', col = '2', col_clinical_category = 'S', cza = '2', cza_clinical_category = 'S', fep = '4', fep_clinical_category = 'S', imi = '8', imi_clinical_category = 'R', mer = '8', mer_clinical_category = 'I', pip = '128', pip_clinical_category = 'R', taz = '16', taz_clinical_category = 'R', tic = '128', tic_clinical_category = 'R', tob = '16', tob_clinical_category = 'R', tol = '1', tol_clinical_category = 'S'; 
INSERT INTO phenotypic_data(phenotypic_data_id, isolate_id, ecdc_resistance_profile) VALUES ('325', '35', 'XDR') ON DUPLICATE KEY UPDATE ecdc_resistance_profile = 'XDR'; 
INSERT INTO sequence_analysis(sequence_analysis_id, isolate_id, ame_loci, beta_lactamase_loci, clonal_complex, mutational_resistome) VALUES ('35', '35', 'aadB', '-', '175', '{"PA0004": "WT", "PA0424": "WT", "PA0425": "WT", "PA0426": "WT", "PA0427": "WT", "PA0807": "A219T", "PA0958": "Q142X", "PA1798": "H398R", "PA1799": "WT", "PA2020": "G195D", "PA2023": "WT", "PA2491": "D249N", "PA2492": "P60S, F172I, nt234\u22068", "PA2493": "WT", "PA2494": "WT", "PA2495": "WT", "PA3047": "WT", "PA3168": "T83I, D87N", "PA3574": "WT", "PA3721": "G71E, A186T", "PA3999": "WT", "PA4003": "WT", "PA4020": "WT", "PA4109": "G154R", "PA4110": "WT", "PA4266": "WT", "PA4418": "WT", "PA4522": "G148A, D183Y", "PA4597": "M69V", "PA4598": "E257Q, S845A", "PA4599": "E26A, H310R, S330A, P383S", "PA4600": "WT", "PA4776": "WT", "PA4777": "Y345H", "PA4964": "S87W, L168Q", "PA4967": "WT", "PA5471": "L88P, D161G, H182Q, V243A, V266M", "PA5485": "WT"}') ON DUPLICATE KEY UPDATE ame_loci = 'aadB', beta_lactamase_loci = '-', clonal_complex = '175', mutational_resistome = '{"PA0004": "WT", "PA0424": "WT", "PA0425": "WT", "PA0426": "WT", "PA0427": "WT", "PA0807": "A219T", "PA0958": "Q142X", "PA1798": "H398R", "PA1799": "WT", "PA2020": "G195D", "PA2023": "WT", "PA2491": "D249N", "PA2492": "P60S, F172I, nt234\u22068", "PA2493": "WT", "PA2494": "WT", "PA2495": "WT", "PA3047": "WT", "PA3168": "T83I, D87N", "PA3574": "WT", "PA3721": "G71E, A186T", "PA3999": "WT", "PA4003": "WT", "PA4020": "WT", "PA4109": "G154R", "PA4110": "WT", "PA4266": "WT", "PA4418": "WT", "PA4522": "G148A, D183Y", "PA4597": "M69V", "PA4598": "E257Q, S845A", "PA4599": "E26A, H310R, S330A, P383S", "PA4600": "WT", "PA4776": "WT", "PA4777": "Y345H", "PA4964": "S87W, L168Q", "PA4967": "WT", "PA5471": "L88P, D161G, H182Q, V243A, V266M", "PA5485": "WT"}'; 
INSERT INTO metadata_general(isolate_id, isolate_name, isolate_source, project_name, species) VALUES ('456', 'BAL01-004', 'VALIDATION SET', 'GEMARA', 'Pseudomonas aeruginosa') ON DUPLICATE KEY UPDATE isolate_name = 'BAL01-004', isolate_source = 'VALIDATION SET', project_name = 'GEMARA', species = 'Pseudomonas aeruginosa'; 
INSERT INTO mic(mic_id, isolate_id, ami, ami_clinical_category, azt, azt_clinical_category, cip, cip_clinical_category, col, col_clinical_category, cza, cza_clinical_category, fep, fep_clinical_category, imi, imi_clinical_category, mer, mer_clinical_category, pip, pip_clinical_category, taz, taz_clinical_category, tic, tic_clinical_category, tob, tob_clinical_category, tol, tol_clinical_category) VALUES ('456', '456', '≤2', 'S', '64', 'R', '0.25', 'S', '4', 'R', '16', 'R', '16', 'R', '16', 'R', '16', 'R', '64', 'R', '16', 'R', '256', 'R', '0.5', 'S', '2', 'S') ON DUPLICATE KEY UPDATE ami = '≤2', ami_clinical_category = 'S', azt = '64', azt_clinical_category = 'R', cip = '0.25', cip_clinical_category = 'S', col = '4', col_clinical_category = 'R', cza = '16', cza_clinical_category = 'R', fep = '16', fep_clinical_category = 'R', imi = '16', imi_clinical_category = 'R', mer = '16', mer_clinical_category = 'R', pip = '64', pip_clinical_category = 'R', taz = '16', taz_clinical_category = 'R', tic = '256', tic_clinical_category = 'R', tob = '0.5', tob_clinical_category = 'S', tol = '2', tol_clinical_category = 'S'; 
INSERT INTO phenotypic_data(phenotypic_data_id, isolate_id, ecdc_resistance_profile) VALUES ('305', '456', 'MDR') ON DUPLICATE KEY UPDATE ecdc_resistance_profile = 'MDR'; 
INSERT INTO sequence_analysis(sequence_analysis_id, isolate_id, ame_loci, beta_lactamase_loci, clonal_complex, mutational_resistome) VALUES ('456', '456', '-', '-', '253', '{"PA0004": "WT", "PA0424": "L95F, V126E", "PA0425": "WT", "PA0426": "WT", "PA0427": "WT", "PA0807": "WT", "PA0958": "nt1206InsC", "PA1798": "H398R", "PA1799": "L153R, S170N", "PA2020": "L138R, N186S", "PA2023": "WT", "PA2491": "WT", "PA2492": "F172I, nt234\u22068", "PA2493": "WT", "PA2494": "WT", "PA2495": "S13P", "PA3047": "Q156H", "PA3168": "aa911\u22062", "PA3574": "WT", "PA3721": "G71E, A145V, S209R", "PA3999": "WT", "PA4003": "WT", "PA4020": "M297V", "PA4109": "E114A, G283E, M288R", "PA4110": "G27D, A55T, T105A, Q155R, V205L, G391A", "PA4266": "WT", "PA4418": "D440E", "PA4522": "WT", "PA4597": "D68G, M69V", "PA4598": "T87S, A155T, E257Q, V660I, S845A, I982V, S1040T", "PA4599": "P47S, R76Q, H310R, S330A, A378T, A384V", "PA4600": "R21H, D56G", "PA4776": "WT", "PA4777": "A4T, V15I, G68S, Y345H", "PA4964": "WT", "PA4967": "D533E", "PA5471": "C40R, L88P, S112N, D119E, I237V, V243A", "PA5485": "WT"}') ON DUPLICATE KEY UPDATE ame_loci = '-', beta_lactamase_loci = '-', clonal_complex = '253', mutational_resistome = '{"PA0004": "WT", "PA0424": "L95F, V126E", "PA0425": "WT", "PA0426": "WT", "PA0427": "WT", "PA0807": "WT", "PA0958": "nt1206InsC", "PA1798": "H398R", "PA1799": "L153R, S170N", "PA2020": "L138R, N186S", "PA2023": "WT", "PA2491": "WT", "PA2492": "F172I, nt234\u22068", "PA2493": "WT", "PA2494": "WT", "PA2495": "S13P", "PA3047": "Q156H", "PA3168": "aa911\u22062", "PA3574": "WT", "PA3721": "G71E, A145V, S209R", "PA3999": "WT", "PA4003": "WT", "PA4020": "M297V", "PA4109": "E114A, G283E, M288R", "PA4110": "G27D, A55T, T105A, Q155R, V205L, G391A", "PA4266": "WT", "PA4418": "D440E", "PA4522": "WT", "PA4597": "D68G, M69V", "PA4598": "T87S, A155T, E257Q, V660I, S845A, I982V, S1040T", "PA4599": "P47S, R76Q, H310R, S330A, A378T, A384V", "PA4600": "R21H, D56G", "PA4776": "WT", "PA4777": "A4T, V15I, G68S, Y345H", "PA4964": "WT", "PA4967": "D533E", "PA5471": "C40R, L88P, S112N, D119E, I237V, V243A", "PA5485": "WT"}'; 
INSERT INTO metadata_general(isolate_id, isolate_name, isolate_source, project_name, species) VALUES ('476', 'BAL01-006', 'VALIDATION SET', 'GEMARA', 'Pseudomonas aeruginosa') ON DUPLICATE KEY UPDATE isolate_name = 'BAL01-006', isolate_source = 'VALIDATION SET', project_name = 'GEMARA', species = 'Pseudomonas aeruginosa'; 
INSERT INTO mic(mic_id, isolate_id, ami, ami_clinical_category, azt, azt_clinical_category, cip, cip_clinical_category, col, col_clinical_category, cza, cza_clinical_category, fep, fep_clinical_category, imi, imi_clinical_category, mer, mer_clinical_category, pip, pip_clinical_category, taz, taz_clinical_category, tic, tic_clinical_category, tob, tob_clinical_category, tol, tol_clinical_category) VALUES ('476', '476', '8', 'S', '16', 'S', '>16', 'R', '1', 'S', '8', 'S', '16', 'R', '32', 'R', '16', 'R', '128', 'R', '32', 'R', '256', 'R', '>32', 'R', '2', 'S') ON DUPLICATE KEY UPDATE ami = '8', ami_clinical_category = 'S', azt = '16', azt_clinical_category = 'S', cip = '>16', cip_clinical_category = 'R', col = '1', col_clinical_category = 'S', cza = '8', cza_clinical_category = 'S', fep = '16', fep_clinical_category = 'R', imi = '32', imi_clinical_category = 'R', mer = '16', mer_clinical_category = 'R', pip = '128', pip_clinical_category = 'R', taz = '32', taz_clinical_category = 'R', tic = '256', tic_clinical_category = 'R', tob = '>32', tob_clinical_category = 'R', tol = '2', tol_clinical_category = 'S'; 
INSERT INTO phenotypic_data(phenotypic_data_id, isolate_id, ecdc_resistance_profile) VALUES ('326', '476', 'XDR') ON DUPLICATE KEY UPDATE ecdc_resistance_profile = 'XDR'; 
INSERT INTO sequence_analysis(sequence_analysis_id, isolate_id, ame_loci, beta_lactamase_loci, clonal_complex, mutational_resistome) VALUES ('476', '476', 'aadB', '-', '175', '{"PA0004": "WT", "PA0424": "WT", "PA0425": "WT", "PA0426": "WT", "PA0427": "WT", "PA0807": "A219T", "PA0958": "Q142X", "PA1798": "H398R", "PA1799": "WT", "PA2020": "G195D", "PA2023": "WT", "PA2491": "D249N", "PA2492": "P60S, F172I, nt234\u22068", "PA2493": "WT", "PA2494": "WT", "PA2495": "WT", "PA3047": "WT", "PA3168": "T83I, D87N", "PA3574": "WT", "PA3721": "G71E, A186T", "PA3999": "WT", "PA4003": "WT", "PA4020": "WT", "PA4109": "G154R", "PA4110": "WT", "PA4266": "WT", "PA4418": "WT", "PA4522": "G148A, D183Y", "PA4597": "M69V", "PA4598": "E257Q, S845A", "PA4599": "E26A, H310R, S330A, P383S", "PA4600": "WT", "PA4776": "WT", "PA4777": "Y345H", "PA4964": "S87W, L168Q", "PA4967": "WT", "PA5471": "L88P, D161G, H182Q, V243A, V266M", "PA5485": "WT"}') ON DUPLICATE KEY UPDATE ame_loci = 'aadB', beta_lactamase_loci = '-', clonal_complex = '175', mutational_resistome = '{"PA0004": "WT", "PA0424": "WT", "PA0425": "WT", "PA0426": "WT", "PA0427": "WT", "PA0807": "A219T", "PA0958": "Q142X", "PA1798": "H398R", "PA1799": "WT", "PA2020": "G195D", "PA2023": "WT", "PA2491": "D249N", "PA2492": "P60S, F172I, nt234\u22068", "PA2493": "WT", "PA2494": "WT", "PA2495": "WT", "PA3047": "WT", "PA3168": "T83I, D87N", "PA3574": "WT", "PA3721": "G71E, A186T", "PA3999": "WT", "PA4003": "WT", "PA4020": "WT", "PA4109": "G154R", "PA4110": "WT", "PA4266": "WT", "PA4418": "WT", "PA4522": "G148A, D183Y", "PA4597": "M69V", "PA4598": "E257Q, S845A", "PA4599": "E26A, H310R, S330A, P383S", "PA4600": "WT", "PA4776": "WT", "PA4777": "Y345H", "PA4964": "S87W, L168Q", "PA4967": "WT", "PA5471": "L88P, D161G, H182Q, V243A, V266M", "PA5485": "WT"}'; 
INSERT INTO metadata_general(isolate_id, isolate_name, isolate_source, project_name, species) VALUES ('494', 'BAL02-001', 'VALIDATION SET', 'GEMARA', 'Pseudomonas aeruginosa') ON DUPLICATE KEY UPDATE isolate_name = 'BAL02-001', isolate_source = 'VALIDATION SET', project_name = 'GEMARA', species = 'Pseudomonas aeruginosa'; 
INSERT INTO mic(mic_id, isolate_id, ami, ami_clinical_category, azt, azt_clinical_category, cip, cip_clinical_category, col, col_clinical_category, cza, cza_clinical_category, fep, fep_clinical_category, imi, imi_clinical_category, mer, mer_clinical_category, pip, pip_clinical_category, taz, taz_clinical_category, tic, tic_clinical_category, tob, tob_clinical_category, tol, tol_clinical_category) VALUES ('494', '494', '≤2', 'S', '4', 'S', '≤0.12', 'S', '2', 'S', '2', 'S', '4', 'S', '4', 'S', '4', 'I', '≤4', 'S', '2', 'S', '64', 'R', '≤0.25', 'S', '≤0.5', 'S') ON DUPLICATE KEY UPDATE ami = '≤2', ami_clinical_category = 'S', azt = '4', azt_clinical_category = 'S', cip = '≤0.12', cip_clinical_category = 'S', col = '2', col_clinical_category = 'S', cza = '2', cza_clinical_category = 'S', fep = '4', fep_clinical_category = 'S', imi = '4', imi_clinical_category = 'S', mer = '4', mer_clinical_category = 'I', pip = '≤4', pip_clinical_category = 'S', taz = '2', taz_clinical_category = 'S', tic = '64', tic_clinical_category = 'R', tob = '≤0.25', tob_clinical_category = 'S', tol = '≤0.5', tol_clinical_category = 'S'; 
INSERT INTO phenotypic_data(phenotypic_data_id, isolate_id, ecdc_resistance_profile) VALUES ('346', '494', 'R') ON DUPLICATE KEY UPDATE ecdc_resistance_profile = 'R'; 
INSERT INTO sequence_analysis(sequence_analysis_id, isolate_id, ame_loci, beta_lactamase_loci, clonal_complex, mutational_resistome) VALUES ('494', '494', '-', '-', '1619', '{"PA0004": "WT", "PA0424": "V126E", "PA0425": "WT", "PA0426": "WT", "PA0427": "WT", "PA0807": "WT", "PA0958": "WT", "PA1798": "H398R", "PA1799": "L153R, S170N", "PA2020": "L138R, N186S", "PA2023": "WT", "PA2491": "D249N", "PA2492": "F172I, nt234\u22068", "PA2493": "WT", "PA2494": "WT", "PA2495": "S13P", "PA3047": "Q156H", "PA3168": "aa911\u22062", "PA3574": "WT", "PA3721": "G71E, A145V, S209R", "PA3999": "WT", "PA4003": "WT", "PA4020": "M297V", "PA4109": "E114A, G283E, M288R", "PA4110": "G27D, A55T, T105A, Q155R, V205L, G391A", "PA4266": "WT", "PA4418": "WT", "PA4522": "WT", "PA4597": "D68G, M69V", "PA4598": "E257Q, S845A", "PA4599": "H310R, S330A, P383S", "PA4600": "WT", "PA4776": "L71R", "PA4777": "G68S, Y345H", "PA4964": "WT", "PA4967": "WT", "PA5471": "C40R, L88P, S112N, D119E, I237V, V243A", "PA5485": "WT"}') ON DUPLICATE KEY UPDATE ame_loci = '-', beta_lactamase_loci = '-', clonal_complex = '1619', mutational_resistome = '{"PA0004": "WT", "PA0424": "V126E", "PA0425": "WT", "PA0426": "WT", "PA0427": "WT", "PA0807": "WT", "PA0958": "WT", "PA1798": "H398R", "PA1799": "L153R, S170N", "PA2020": "L138R, N186S", "PA2023": "WT", "PA2491": "D249N", "PA2492": "F172I, nt234\u22068", "PA2493": "WT", "PA2494": "WT", "PA2495": "S13P", "PA3047": "Q156H", "PA3168": "aa911\u22062", "PA3574": "WT", "PA3721": "G71E, A145V, S209R", "PA3999": "WT", "PA4003": "WT", "PA4020": "M297V", "PA4109": "E114A, G283E, M288R", "PA4110": "G27D, A55T, T105A, Q155R, V205L, G391A", "PA4266": "WT", "PA4418": "WT", "PA4522": "WT", "PA4597": "D68G, M69V", "PA4598": "E257Q, S845A", "PA4599": "H310R, S330A, P383S", "PA4600": "WT", "PA4776": "L71R", "PA4777": "G68S, Y345H", "PA4964": "WT", "PA4967": "WT", "PA5471": "C40R, L88P, S112N, D119E, I237V, V243A", "PA5485": "WT"}'; 
INSERT INTO metadata_general(isolate_id, isolate_name, isolate_source, project_name, species) VALUES ('499', 'BAL02-005', 'VALIDATION SET', 'GEMARA', 'Pseudomonas aeruginosa') ON DUPLICATE KEY UPDATE isolate_name = 'BAL02-005', isolate_source = 'VALIDATION SET', project_name = 'GEMARA', species = 'Pseudomonas aeruginosa'; 
INSERT INTO mic(mic_id, isolate_id, ami, ami_clinical_category, azt, azt_clinical_category, cip, cip_clinical_category, col, col_clinical_category, cza, cza_clinical_category, fep, fep_clinical_category, imi, imi_clinical_category, mer, mer_clinical_category, pip, pip_clinical_category, taz, taz_clinical_category, tic, tic_clinical_category, tob, tob_clinical_category, tol, tol_clinical_category) VALUES ('499', '499', '4', 'S', '4', 'S', '0.5', 'S', '2', 'S', '1', 'S', '4', 'S', '4', 'S', '2', 'S', '8', 'S', '2', 'S', '16', 'S', '0.5', 'S', '≤0.5', 'S') ON DUPLICATE KEY UPDATE ami = '4', ami_clinical_category = 'S', azt = '4', azt_clinical_category = 'S', cip = '0.5', cip_clinical_category = 'S', col = '2', col_clinical_category = 'S', cza = '1', cza_clinical_category = 'S', fep = '4', fep_clinical_category = 'S', imi = '4', imi_clinical_category = 'S', mer = '2', mer_clinical_category = 'S', pip = '8', pip_clinical_category = 'S', taz = '2', taz_clinical_category = 'S', tic = '16', tic_clinical_category = 'S', tob = '0.5', tob_clinical_category = 'S', tol = '≤0.5', tol_clinical_category = 'S'; 
INSERT INTO phenotypic_data(phenotypic_data_id, isolate_id, ecdc_resistance_profile) VALUES ('351', '499', 'S') ON DUPLICATE KEY UPDATE ecdc_resistance_profile = 'S'; 
INSERT INTO sequence_analysis(sequence_analysis_id, isolate_id, ame_loci, beta_lactamase_loci, clonal_complex, mutational_resistome) VALUES ('499', '499', '-', '-', '244', '{"PA0004": "WT", "PA0424": "WT", "PA0425": "WT", "PA0426": "WT", "PA0427": "WT", "PA0807": "A219T", "PA0958": "WT", "PA1798": "H398R", "PA1799": "WT", "PA2020": "aa187\u22066", "PA2023": "WT", "PA2491": "A75V, G231S, D249N", "PA2492": "P60S, F172I, nt234\u22068", "PA2493": "WT", "PA2494": "WT", "PA2495": "WT", "PA3047": "WT", "PA3168": "WT", "PA3574": "WT", "PA3721": "WT", "PA3999": "WT", "PA4003": "WT", "PA4020": "M297V, A303V", "PA4109": "WT", "PA4110": "WT", "PA4266": "WT", "PA4418": "WT", "PA4522": "R11L, G148A, D183Y", "PA4597": "D68G, M69V", "PA4598": "S845A", "PA4599": "R76Q, H310R, S330A, P383S", "PA4600": "WT", "PA4776": "L71R", "PA4777": "WT", "PA4964": "WT", "PA4967": "WT", "PA5471": "L88P, G157D, D161G, H182Q, V243A", "PA5485": "WT"}') ON DUPLICATE KEY UPDATE ame_loci = '-', beta_lactamase_loci = '-', clonal_complex = '244', mutational_resistome = '{"PA0004": "WT", "PA0424": "WT", "PA0425": "WT", "PA0426": "WT", "PA0427": "WT", "PA0807": "A219T", "PA0958": "WT", "PA1798": "H398R", "PA1799": "WT", "PA2020": "aa187\u22066", "PA2023": "WT", "PA2491": "A75V, G231S, D249N", "PA2492": "P60S, F172I, nt234\u22068", "PA2493": "WT", "PA2494": "WT", "PA2495": "WT", "PA3047": "WT", "PA3168": "WT", "PA3574": "WT", "PA3721": "WT", "PA3999": "WT", "PA4003": "WT", "PA4020": "M297V, A303V", "PA4109": "WT", "PA4110": "WT", "PA4266": "WT", "PA4418": "WT", "PA4522": "R11L, G148A, D183Y", "PA4597": "D68G, M69V", "PA4598": "S845A", "PA4599": "R76Q, H310R, S330A, P383S", "PA4600": "WT", "PA4776": "L71R", "PA4777": "WT", "PA4964": "WT", "PA4967": "WT", "PA5471": "L88P, G157D, D161G, H182Q, V243A", "PA5485": "WT"}'; 
INSERT INTO metadata_general(isolate_id, isolate_name, isolate_source, project_name, species) VALUES ('504', 'BAL02-006', 'VALIDATION SET', 'GEMARA', 'Pseudomonas aeruginosa') ON DUPLICATE KEY UPDATE isolate_name = 'BAL02-006', isolate_source = 'VALIDATION SET', project_name = 'GEMARA', species = 'Pseudomonas aeruginosa'; 
INSERT INTO mic(mic_id, isolate_id, ami, ami_clinical_category, azt, azt_clinical_category, cip, cip_clinical_category, col, col_clinical_category, cza, cza_clinical_category, fep, fep_clinical_category, imi, imi_clinical_category, mer, mer_clinical_category, pip, pip_clinical_category, taz, taz_clinical_category, tic, tic_clinical_category, tob, tob_clinical_category, tol, tol_clinical_category) VALUES ('504', '504', '≤2', 'S', '4', 'S', '≤0.12', 'S', '1', 'S', '2', 'S', '4', 'S', '1', 'S', '≤0.5', 'S', '8', 'S', '2', 'S', '32', 'R', '2', 'S', '1', 'S') ON DUPLICATE KEY UPDATE ami = '≤2', ami_clinical_category = 'S', azt = '4', azt_clinical_category = 'S', cip = '≤0.12', cip_clinical_category = 'S', col = '1', col_clinical_category = 'S', cza = '2', cza_clinical_category = 'S', fep = '4', fep_clinical_category = 'S', imi = '1', imi_clinical_category = 'S', mer = '≤0.5', mer_clinical_category = 'S', pip = '8', pip_clinical_category = 'S', taz = '2', taz_clinical_category = 'S', tic = '32', tic_clinical_category = 'R', tob = '2', tob_clinical_category = 'S', tol = '1', tol_clinical_category = 'S'; 
INSERT INTO phenotypic_data(phenotypic_data_id, isolate_id, ecdc_resistance_profile) VALUES ('356', '504', 'S') ON DUPLICATE KEY UPDATE ecdc_resistance_profile = 'S'; 
INSERT INTO sequence_analysis(sequence_analysis_id, isolate_id, ame_loci, beta_lactamase_loci, clonal_complex, mutational_resistome) VALUES ('504', '504', '-', '-', '910', '{"PA0004": "WT", "PA0424": "V126E", "PA0425": "D373N", "PA0426": "WT", "PA0427": "WT", "PA0807": "WT", "PA0958": "WT", "PA1798": "H398R", "PA1799": "L153R, S170N", "PA2020": "WT", "PA2023": "WT", "PA2491": "D249N", "PA2492": "P60S, F172I, nt234\u22068", "PA2493": "S8F, D353E, D370E", "PA2494": "D230A", "PA2495": "A410S, R455H", "PA3047": "WT", "PA3168": "WT", "PA3574": "WT", "PA3721": "G71E, S209R, P210L", "PA3999": "WT", "PA4003": "WT", "PA4020": "M297V, A303V", "PA4109": "WT", "PA4110": "R79Q, T105A, I365V", "PA4266": "WT", "PA4418": "WT", "PA4522": "G148A, D183Y", "PA4597": "M69V", "PA4598": "E257Q, S845A", "PA4599": "H310R, S330A, P383S", "PA4600": "WT", "PA4776": "L71R", "PA4777": "S2P, A4T, V15I, G68S, Y345H, T406A", "PA4964": "WT", "PA4967": "WT", "PA5471": "L88P, D161G, H182Q, V243A", "PA5485": "WT"}') ON DUPLICATE KEY UPDATE ame_loci = '-', beta_lactamase_loci = '-', clonal_complex = '910', mutational_resistome = '{"PA0004": "WT", "PA0424": "V126E", "PA0425": "D373N", "PA0426": "WT", "PA0427": "WT", "PA0807": "WT", "PA0958": "WT", "PA1798": "H398R", "PA1799": "L153R, S170N", "PA2020": "WT", "PA2023": "WT", "PA2491": "D249N", "PA2492": "P60S, F172I, nt234\u22068", "PA2493": "S8F, D353E, D370E", "PA2494": "D230A", "PA2495": "A410S, R455H", "PA3047": "WT", "PA3168": "WT", "PA3574": "WT", "PA3721": "G71E, S209R, P210L", "PA3999": "WT", "PA4003": "WT", "PA4020": "M297V, A303V", "PA4109": "WT", "PA4110": "R79Q, T105A, I365V", "PA4266": "WT", "PA4418": "WT", "PA4522": "G148A, D183Y", "PA4597": "M69V", "PA4598": "E257Q, S845A", "PA4599": "H310R, S330A, P383S", "PA4600": "WT", "PA4776": "L71R", "PA4777": "S2P, A4T, V15I, G68S, Y345H, T406A", "PA4964": "WT", "PA4967": "WT", "PA5471": "L88P, D161G, H182Q, V243A", "PA5485": "WT"}'; 
INSERT INTO metadata_general(isolate_id, isolate_name, isolate_source, project_name, species) VALUES ('481', 'BAL02-009', 'VALIDATION SET', 'GEMARA', 'Pseudomonas aeruginosa') ON DUPLICATE KEY UPDATE isolate_name = 'BAL02-009', isolate_source = 'VALIDATION SET', project_name = 'GEMARA', species = 'Pseudomonas aeruginosa'; 
INSERT INTO mic(mic_id, isolate_id, ami, ami_clinical_category, azt, azt_clinical_category, cip, cip_clinical_category, col, col_clinical_category, cza, cza_clinical_category, fep, fep_clinical_category, imi, imi_clinical_category, mer, mer_clinical_category, pip, pip_clinical_category, taz, taz_clinical_category, tic, tic_clinical_category, tob, tob_clinical_category, tol, tol_clinical_category) VALUES ('481', '481', '≤2', 'S', '4', 'S', '2', 'R', '4', 'R', '1', 'S', '4', 'S', '16', 'R', '4', 'I', '8', 'S', '2', 'S', '16', 'S', '≤0.25', 'S', '≤0.5', 'S') ON DUPLICATE KEY UPDATE ami = '≤2', ami_clinical_category = 'S', azt = '4', azt_clinical_category = 'S', cip = '2', cip_clinical_category = 'R', col = '4', col_clinical_category = 'R', cza = '1', cza_clinical_category = 'S', fep = '4', fep_clinical_category = 'S', imi = '16', imi_clinical_category = 'R', mer = '4', mer_clinical_category = 'I', pip = '8', pip_clinical_category = 'S', taz = '2', taz_clinical_category = 'S', tic = '16', tic_clinical_category = 'S', tob = '≤0.25', tob_clinical_category = 'S', tol = '≤0.5', tol_clinical_category = 'S'; 
INSERT INTO phenotypic_data(phenotypic_data_id, isolate_id, ecdc_resistance_profile) VALUES ('333', '481', 'R') ON DUPLICATE KEY UPDATE ecdc_resistance_profile = 'R'; 
INSERT INTO sequence_analysis(sequence_analysis_id, isolate_id, ame_loci, beta_lactamase_loci, clonal_complex, mutational_resistome) VALUES ('481', '481', '-', '-', '2124', '{"PA0004": "WT", "PA0424": "V126E", "PA0425": "WT", "PA0426": "G957D", "PA0427": "WT", "PA0807": "P55S, D197E", "PA0958": "WT", "PA1798": "H398R", "PA1799": "L153R, S170N", "PA2020": "G68D", "PA2023": "WT", "PA2491": "V104A, D249N", "PA2492": "F172I, nt234\u22068", "PA2493": "S8F", "PA2494": "WT", "PA2495": "S13P", "PA3047": "WT", "PA3168": "aa911\u22062", "PA3574": "WT", "PA3721": "G71E, S209R", "PA3999": "WT", "PA4003": "WT", "PA4020": "WT", "PA4109": "A16V", "PA4110": "T105A", "PA4266": "I186V", "PA4418": "WT", "PA4522": "T47I, G148A", "PA4597": "D68G, M69V, T376S", "PA4598": "T87S, A155T, E257Q, V434A, V660I, S845A, I982V, K1031R, S1040T", "PA4599": "R76Q, H310R, A378T", "PA4600": "R163Q", "PA4776": "WT", "PA4777": "A4T, V15I, G68S, Y345H", "PA4964": "WT", "PA4967": "D533E", "PA5471": "C40R, S112N, D119E, H182Q, V243A", "PA5485": "WT"}') ON DUPLICATE KEY UPDATE ame_loci = '-', beta_lactamase_loci = '-', clonal_complex = '2124', mutational_resistome = '{"PA0004": "WT", "PA0424": "V126E", "PA0425": "WT", "PA0426": "G957D", "PA0427": "WT", "PA0807": "P55S, D197E", "PA0958": "WT", "PA1798": "H398R", "PA1799": "L153R, S170N", "PA2020": "G68D", "PA2023": "WT", "PA2491": "V104A, D249N", "PA2492": "F172I, nt234\u22068", "PA2493": "S8F", "PA2494": "WT", "PA2495": "S13P", "PA3047": "WT", "PA3168": "aa911\u22062", "PA3574": "WT", "PA3721": "G71E, S209R", "PA3999": "WT", "PA4003": "WT", "PA4020": "WT", "PA4109": "A16V", "PA4110": "T105A", "PA4266": "I186V", "PA4418": "WT", "PA4522": "T47I, G148A", "PA4597": "D68G, M69V, T376S", "PA4598": "T87S, A155T, E257Q, V434A, V660I, S845A, I982V, K1031R, S1040T", "PA4599": "R76Q, H310R, A378T", "PA4600": "R163Q", "PA4776": "WT", "PA4777": "A4T, V15I, G68S, Y345H", "PA4964": "WT", "PA4967": "D533E", "PA5471": "C40R, S112N, D119E, H182Q, V243A", "PA5485": "WT"}'; 
INSERT INTO metadata_general(isolate_id, isolate_name, isolate_source, project_name, species) VALUES ('510', 'BAL03-001', 'VALIDATION SET', 'GEMARA', 'Pseudomonas aeruginosa') ON DUPLICATE KEY UPDATE isolate_name = 'BAL03-001', isolate_source = 'VALIDATION SET', project_name = 'GEMARA', species = 'Pseudomonas aeruginosa'; 
INSERT INTO mic(mic_id, isolate_id, ami, ami_clinical_category, azt, azt_clinical_category, cip, cip_clinical_category, col, col_clinical_category, cza, cza_clinical_category, fep, fep_clinical_category, imi, imi_clinical_category, mer, mer_clinical_category, pip, pip_clinical_category, taz, taz_clinical_category, tic, tic_clinical_category, tob, tob_clinical_category, tol, tol_clinical_category) VALUES ('510', '510', '≤2', 'S', '8', 'S', '0.25', 'S', '2', 'S', '2', 'S', '4', 'S', '1', 'S', '≤0.5', 'S', '8', 'S', '2', 'S', '64', 'R', '≤0.25', 'S', '≤0.5', 'S') ON DUPLICATE KEY UPDATE ami = '≤2', ami_clinical_category = 'S', azt = '8', azt_clinical_category = 'S', cip = '0.25', cip_clinical_category = 'S', col = '2', col_clinical_category = 'S', cza = '2', cza_clinical_category = 'S', fep = '4', fep_clinical_category = 'S', imi = '1', imi_clinical_category = 'S', mer = '≤0.5', mer_clinical_category = 'S', pip = '8', pip_clinical_category = 'S', taz = '2', taz_clinical_category = 'S', tic = '64', tic_clinical_category = 'R', tob = '≤0.25', tob_clinical_category = 'S', tol = '≤0.5', tol_clinical_category = 'S'; 
INSERT INTO phenotypic_data(phenotypic_data_id, isolate_id, ecdc_resistance_profile) VALUES ('365', '510', 'S') ON DUPLICATE KEY UPDATE ecdc_resistance_profile = 'S'; 
INSERT INTO sequence_analysis(sequence_analysis_id, isolate_id, ame_loci, beta_lactamase_loci, clonal_complex, mutational_resistome) VALUES ('510', '510', '-', '-', '238', '{"PA0004": "WT", "PA0424": "V126E", "PA0425": "WT", "PA0426": "I186V", "PA0427": "WT", "PA0807": "WT", "PA0958": "WT", "PA1798": "H398R", "PA1799": "T135A, L153R, S170N", "PA2020": "L138R", "PA2023": "WT", "PA2491": "D249N", "PA2492": "P60S, F172I, nt234\u22068", "PA2493": "S8F, P337A", "PA2494": "WT", "PA2495": "S13P, G364S", "PA3047": "WT", "PA3168": "WT", "PA3574": "WT", "PA3721": "G71E, A145V, S209R", "PA3999": "WT", "PA4003": "WT", "PA4020": "M297V", "PA4109": "E114A", "PA4110": "G27D, T105A, Q155R, V205L, G391A", "PA4266": "I186V", "PA4418": "A139S", "PA4522": "A29T", "PA4597": "Q267R, T376S", "PA4598": "E257Q, N775K, S845A, K1031R, S1040T", "PA4599": "A262E, S330A, P383S", "PA4600": "WT", "PA4776": "L71R, E131D", "PA4777": "A4T, G68S, A119T, Y345H", "PA4964": "WT", "PA4967": "D533E", "PA5471": "C40R, L88P, S112N, D119E, I237V, V243A", "PA5485": "Q117E"}') ON DUPLICATE KEY UPDATE ame_loci = '-', beta_lactamase_loci = '-', clonal_complex = '238', mutational_resistome = '{"PA0004": "WT", "PA0424": "V126E", "PA0425": "WT", "PA0426": "I186V", "PA0427": "WT", "PA0807": "WT", "PA0958": "WT", "PA1798": "H398R", "PA1799": "T135A, L153R, S170N", "PA2020": "L138R", "PA2023": "WT", "PA2491": "D249N", "PA2492": "P60S, F172I, nt234\u22068", "PA2493": "S8F, P337A", "PA2494": "WT", "PA2495": "S13P, G364S", "PA3047": "WT", "PA3168": "WT", "PA3574": "WT", "PA3721": "G71E, A145V, S209R", "PA3999": "WT", "PA4003": "WT", "PA4020": "M297V", "PA4109": "E114A", "PA4110": "G27D, T105A, Q155R, V205L, G391A", "PA4266": "I186V", "PA4418": "A139S", "PA4522": "A29T", "PA4597": "Q267R, T376S", "PA4598": "E257Q, N775K, S845A, K1031R, S1040T", "PA4599": "A262E, S330A, P383S", "PA4600": "WT", "PA4776": "L71R, E131D", "PA4777": "A4T, G68S, A119T, Y345H", "PA4964": "WT", "PA4967": "D533E", "PA5471": "C40R, L88P, S112N, D119E, I237V, V243A", "PA5485": "Q117E"}'; 
INSERT INTO metadata_general(isolate_id, isolate_name, isolate_source, project_name, species) VALUES ('41', 'BAL03-002', 'VALIDATION SET', 'GEMARA', 'Pseudomonas aeruginosa') ON DUPLICATE KEY UPDATE isolate_name = 'BAL03-002', isolate_source = 'VALIDATION SET', project_name = 'GEMARA', species = 'Pseudomonas aeruginosa'; 
INSERT INTO mic(mic_id, isolate_id, ami, ami_clinical_category, azt, azt_clinical_category, cip, cip_clinical_category, col, col_clinical_category, cza, cza_clinical_category, fep, fep_clinical_category, imi, imi_clinical_category, mer, mer_clinical_category, pip, pip_clinical_category, taz, taz_clinical_category, tic, tic_clinical_category, tob, tob_clinical_category, tol, tol_clinical_category) VALUES ('41', '41', '8', 'S', '16', 'S', '>16', 'R', '4', 'R', '4', 'S', '16', 'R', '4', 'S', '8', 'I', '64', 'R', '64', 'R', '128', 'R', '>32', 'R', '32', 'R') ON DUPLICATE KEY UPDATE ami = '8', ami_clinical_category = 'S', azt = '16', azt_clinical_category = 'S', cip = '>16', cip_clinical_category = 'R', col = '4', col_clinical_category = 'R', cza = '4', cza_clinical_category = 'S', fep = '16', fep_clinical_category = 'R', imi = '4', imi_clinical_category = 'S', mer = '8', mer_clinical_category = 'I', pip = '64', pip_clinical_category = 'R', taz = '64', taz_clinical_category = 'R', tic = '128', tic_clinical_category = 'R', tob = '>32', tob_clinical_category = 'R', tol = '32', tol_clinical_category = 'R'; 
INSERT INTO phenotypic_data(phenotypic_data_id, isolate_id, ecdc_resistance_profile) VALUES ('389', '41', 'XDR') ON DUPLICATE KEY UPDATE ecdc_resistance_profile = 'XDR'; 
INSERT INTO sequence_analysis(sequence_analysis_id, isolate_id, ame_loci, beta_lactamase_loci, clonal_complex, mutational_resistome) VALUES ('41', '41', 'aadB', '-', '175', '{"PA0004": "WT", "PA0424": "WT", "PA0425": "WT", "PA0426": "WT", "PA0427": "WT", "PA0807": "A219T", "PA0958": "WT", "PA1798": "H398R", "PA1799": "WT", "PA2020": "G195D", "PA2023": "WT", "PA2491": "D249N", "PA2492": "P60S, F172I, nt234\u22068", "PA2493": "WT", "PA2494": "WT", "PA2495": "WT", "PA3047": "WT", "PA3168": "T83I, D87N", "PA3574": "WT", "PA3721": "G71E, A186T", "PA3999": "WT", "PA4003": "WT", "PA4020": "WT", "PA4109": "G154R", "PA4110": "E247G", "PA4266": "WT", "PA4418": "WT", "PA4522": "G148A, D183Y", "PA4597": "M69V", "PA4598": "E257Q, S845A", "PA4599": "E26A, H310R, S330A, P383S", "PA4600": "WT", "PA4776": "WT", "PA4777": "Y345H", "PA4964": "S87W, L168Q", "PA4967": "WT", "PA5471": "L88P, D161G, H182Q, V243A, V266M", "PA5485": "WT"}') ON DUPLICATE KEY UPDATE ame_loci = 'aadB', beta_lactamase_loci = '-', clonal_complex = '175', mutational_resistome = '{"PA0004": "WT", "PA0424": "WT", "PA0425": "WT", "PA0426": "WT", "PA0427": "WT", "PA0807": "A219T", "PA0958": "WT", "PA1798": "H398R", "PA1799": "WT", "PA2020": "G195D", "PA2023": "WT", "PA2491": "D249N", "PA2492": "P60S, F172I, nt234\u22068", "PA2493": "WT", "PA2494": "WT", "PA2495": "WT", "PA3047": "WT", "PA3168": "T83I, D87N", "PA3574": "WT", "PA3721": "G71E, A186T", "PA3999": "WT", "PA4003": "WT", "PA4020": "WT", "PA4109": "G154R", "PA4110": "E247G", "PA4266": "WT", "PA4418": "WT", "PA4522": "G148A, D183Y", "PA4597": "M69V", "PA4598": "E257Q, S845A", "PA4599": "E26A, H310R, S330A, P383S", "PA4600": "WT", "PA4776": "WT", "PA4777": "Y345H", "PA4964": "S87W, L168Q", "PA4967": "WT", "PA5471": "L88P, D161G, H182Q, V243A, V266M", "PA5485": "WT"}'; 
INSERT INTO metadata_general(isolate_id, isolate_name, isolate_source, project_name, species) VALUES ('42', 'BAL03-003', 'VALIDATION SET', 'GEMARA', 'Pseudomonas aeruginosa') ON DUPLICATE KEY UPDATE isolate_name = 'BAL03-003', isolate_source = 'VALIDATION SET', project_name = 'GEMARA', species = 'Pseudomonas aeruginosa'; 
INSERT INTO mic(mic_id, isolate_id, ami, ami_clinical_category, azt, azt_clinical_category, cip, cip_clinical_category, col, col_clinical_category, cza, cza_clinical_category, fep, fep_clinical_category, imi, imi_clinical_category, mer, mer_clinical_category, pip, pip_clinical_category, taz, taz_clinical_category, tic, tic_clinical_category, tob, tob_clinical_category, tol, tol_clinical_category) VALUES ('42', '42', '16', 'I', '32', 'R', '4', 'R', '2', 'S', '>32', 'R', '32', 'R', '16', 'R', '32', 'R', '64', 'R', '>64', 'R', '256', 'R', '>32', 'R', '>32', 'R') ON DUPLICATE KEY UPDATE ami = '16', ami_clinical_category = 'I', azt = '32', azt_clinical_category = 'R', cip = '4', cip_clinical_category = 'R', col = '2', col_clinical_category = 'S', cza = '>32', cza_clinical_category = 'R', fep = '32', fep_clinical_category = 'R', imi = '16', imi_clinical_category = 'R', mer = '32', mer_clinical_category = 'R', pip = '64', pip_clinical_category = 'R', taz = '>64', taz_clinical_category = 'R', tic = '256', tic_clinical_category = 'R', tob = '>32', tob_clinical_category = 'R', tol = '>32', tol_clinical_category = 'R'; 
INSERT INTO phenotypic_data(phenotypic_data_id, isolate_id, ecdc_resistance_profile) VALUES ('391', '42', 'XDR') ON DUPLICATE KEY UPDATE ecdc_resistance_profile = 'XDR'; 
INSERT INTO sequence_analysis(sequence_analysis_id, isolate_id, ame_loci, beta_lactamase_loci, clonal_complex, mutational_resistome) VALUES ('42', '42', 'aac(3)-I, aacA4', 'blaOXA-15', '395', '{"PA0004": "S466Y", "PA0424": "WT", "PA0425": "WT", "PA0426": "WT", "PA0427": "WT", "PA0807": "R66C", "PA0958": "WT", "PA1798": "R385H, H398R", "PA1799": "WT", "PA2020": "WT", "PA2023": "WT", "PA2491": "D249N", "PA2492": "F172I, nt234\u22068", "PA2493": "WT", "PA2494": "WT", "PA2495": "WT", "PA3047": "WT", "PA3168": "aa911\u22062", "PA3574": "aa25\u22061", "PA3721": "G71E", "PA3999": "WT", "PA4003": "WT", "PA4020": "M297V, V358I", "PA4109": "WT", "PA4110": "T105A, L176R", "PA4266": "WT", "PA4418": "WT", "PA4522": "A134V", "PA4597": "M69V, Q267R", "PA4598": "E257Q, S845A", "PA4599": "S330A", "PA4600": "WT", "PA4776": "L71R", "PA4777": "Y345H", "PA4964": "WT", "PA4967": "V200M", "PA5471": "L88P, D161G, H182Q, V243A", "PA5485": "WT"}') ON DUPLICATE KEY UPDATE ame_loci = 'aac(3)-I, aacA4', beta_lactamase_loci = 'blaOXA-15', clonal_complex = '395', mutational_resistome = '{"PA0004": "S466Y", "PA0424": "WT", "PA0425": "WT", "PA0426": "WT", "PA0427": "WT", "PA0807": "R66C", "PA0958": "WT", "PA1798": "R385H, H398R", "PA1799": "WT", "PA2020": "WT", "PA2023": "WT", "PA2491": "D249N", "PA2492": "F172I, nt234\u22068", "PA2493": "WT", "PA2494": "WT", "PA2495": "WT", "PA3047": "WT", "PA3168": "aa911\u22062", "PA3574": "aa25\u22061", "PA3721": "G71E", "PA3999": "WT", "PA4003": "WT", "PA4020": "M297V, V358I", "PA4109": "WT", "PA4110": "T105A, L176R", "PA4266": "WT", "PA4418": "WT", "PA4522": "A134V", "PA4597": "M69V, Q267R", "PA4598": "E257Q, S845A", "PA4599": "S330A", "PA4600": "WT", "PA4776": "L71R", "PA4777": "Y345H", "PA4964": "WT", "PA4967": "V200M", "PA5471": "L88P, D161G, H182Q, V243A", "PA5485": "WT"}'; 
INSERT INTO metadata_general(isolate_id, isolate_name, isolate_source, project_name, species) VALUES ('527', 'BAL03-006', 'VALIDATION SET', 'GEMARA', 'Pseudomonas aeruginosa') ON DUPLICATE KEY UPDATE isolate_name = 'BAL03-006', isolate_source = 'VALIDATION SET', project_name = 'GEMARA', species = 'Pseudomonas aeruginosa'; 
INSERT INTO mic(mic_id, isolate_id, ami, ami_clinical_category, azt, azt_clinical_category, cip, cip_clinical_category, col, col_clinical_category, cza, cza_clinical_category, fep, fep_clinical_category, imi, imi_clinical_category, mer, mer_clinical_category, pip, pip_clinical_category, taz, taz_clinical_category, tic, tic_clinical_category, tob, tob_clinical_category, tol, tol_clinical_category) VALUES ('527', '527', '≤2', 'S', '8', 'S', '0.5', 'S', '1', 'S', '4', 'S', '2', 'S', '1', 'S', '≤0.5', 'S', '≤4', 'S', '4', 'S', '32', 'R', '≤0.25', 'S', '≤0.5', 'S') ON DUPLICATE KEY UPDATE ami = '≤2', ami_clinical_category = 'S', azt = '8', azt_clinical_category = 'S', cip = '0.5', cip_clinical_category = 'S', col = '1', col_clinical_category = 'S', cza = '4', cza_clinical_category = 'S', fep = '2', fep_clinical_category = 'S', imi = '1', imi_clinical_category = 'S', mer = '≤0.5', mer_clinical_category = 'S', pip = '≤4', pip_clinical_category = 'S', taz = '4', taz_clinical_category = 'S', tic = '32', tic_clinical_category = 'R', tob = '≤0.25', tob_clinical_category = 'S', tol = '≤0.5', tol_clinical_category = 'S'; 
INSERT INTO phenotypic_data(phenotypic_data_id, isolate_id, ecdc_resistance_profile) VALUES ('382', '527', 'S') ON DUPLICATE KEY UPDATE ecdc_resistance_profile = 'S'; 
INSERT INTO sequence_analysis(sequence_analysis_id, isolate_id, ame_loci, beta_lactamase_loci, clonal_complex, mutational_resistome) VALUES ('527', '527', '-', '-', '262', '{"PA0004": "WT", "PA0424": "WT", "PA0425": "WT", "PA0426": "I745V, V1014I", "PA0427": "WT", "PA0807": "A219T", "PA0958": "WT", "PA1798": "H398R", "PA1799": "WT", "PA2020": "WT", "PA2023": "WT", "PA2491": "D249N", "PA2492": "F172I, nt234\u22068", "PA2493": "WT", "PA2494": "WT", "PA2495": "G16S", "PA3047": "WT", "PA3168": "D87G", "PA3574": "WT", "PA3721": "G71E, S209R", "PA3999": "T286S", "PA4003": "WT", "PA4020": "R322Q", "PA4109": "nt66InsCC", "PA4110": "R79Q, T105A", "PA4266": "WT", "PA4418": "WT", "PA4522": "G148A", "PA4597": "M69V", "PA4598": "E257Q, S845A", "PA4599": "S330A, nt205\u22062", "PA4600": "A170T", "PA4776": "L71R", "PA4777": "Y345H", "PA4964": "WT", "PA4967": "A473V, D533E", "PA5471": "L88P, D161G, H182Q, V243A", "PA5485": "WT"}') ON DUPLICATE KEY UPDATE ame_loci = '-', beta_lactamase_loci = '-', clonal_complex = '262', mutational_resistome = '{"PA0004": "WT", "PA0424": "WT", "PA0425": "WT", "PA0426": "I745V, V1014I", "PA0427": "WT", "PA0807": "A219T", "PA0958": "WT", "PA1798": "H398R", "PA1799": "WT", "PA2020": "WT", "PA2023": "WT", "PA2491": "D249N", "PA2492": "F172I, nt234\u22068", "PA2493": "WT", "PA2494": "WT", "PA2495": "G16S", "PA3047": "WT", "PA3168": "D87G", "PA3574": "WT", "PA3721": "G71E, S209R", "PA3999": "T286S", "PA4003": "WT", "PA4020": "R322Q", "PA4109": "nt66InsCC", "PA4110": "R79Q, T105A", "PA4266": "WT", "PA4418": "WT", "PA4522": "G148A", "PA4597": "M69V", "PA4598": "E257Q, S845A", "PA4599": "S330A, nt205\u22062", "PA4600": "A170T", "PA4776": "L71R", "PA4777": "Y345H", "PA4964": "WT", "PA4967": "A473V, D533E", "PA5471": "L88P, D161G, H182Q, V243A", "PA5485": "WT"}'; 
INSERT INTO metadata_general(isolate_id, isolate_name, isolate_source, project_name, species) VALUES ('549', 'BAL04-001', 'VALIDATION SET', 'GEMARA', 'Pseudomonas aeruginosa') ON DUPLICATE KEY UPDATE isolate_name = 'BAL04-001', isolate_source = 'VALIDATION SET', project_name = 'GEMARA', species = 'Pseudomonas aeruginosa'; 
INSERT INTO mic(mic_id, isolate_id, ami, ami_clinical_category, azt, azt_clinical_category, cip, cip_clinical_category, col, col_clinical_category, cza, cza_clinical_category, fep, fep_clinical_category, imi, imi_clinical_category, mer, mer_clinical_category, pip, pip_clinical_category, taz, taz_clinical_category, tic, tic_clinical_category, tob, tob_clinical_category, tol, tol_clinical_category) VALUES ('549', '549', '≤2', 'S', '4', 'S', '≤0.12', 'S', '2', 'S', '2', 'S', '2', 'S', '2', 'S', '1', 'S', '8', 'S', '2', 'S', '32', 'R', '0.5', 'S', '2', 'S') ON DUPLICATE KEY UPDATE ami = '≤2', ami_clinical_category = 'S', azt = '4', azt_clinical_category = 'S', cip = '≤0.12', cip_clinical_category = 'S', col = '2', col_clinical_category = 'S', cza = '2', cza_clinical_category = 'S', fep = '2', fep_clinical_category = 'S', imi = '2', imi_clinical_category = 'S', mer = '1', mer_clinical_category = 'S', pip = '8', pip_clinical_category = 'S', taz = '2', taz_clinical_category = 'S', tic = '32', tic_clinical_category = 'R', tob = '0.5', tob_clinical_category = 'S', tol = '2', tol_clinical_category = 'S'; 
INSERT INTO phenotypic_data(phenotypic_data_id, isolate_id, ecdc_resistance_profile) VALUES ('407', '549', 'S') ON DUPLICATE KEY UPDATE ecdc_resistance_profile = 'S'; 
INSERT INTO sequence_analysis(sequence_analysis_id, isolate_id, ame_loci, beta_lactamase_loci, clonal_complex, mutational_resistome) VALUES ('549', '549', '-', '-', '699', '{"PA0004": "WT", "PA0424": "WT", "PA0425": "WT", "PA0426": "WT", "PA0427": "WT", "PA0807": "WT", "PA0958": "WT", "PA1798": "H398R", "PA1799": "WT", "PA2020": "WT", "PA2023": "WT", "PA2491": "D249N", "PA2492": "F172I, nt234\u22068", "PA2493": "WT", "PA2494": "A1062T", "PA2495": "WT", "PA3047": "WT", "PA3168": "WT", "PA3574": "WT", "PA3721": "WT", "PA3999": "WT", "PA4003": "WT", "PA4020": "WT", "PA4109": "WT", "PA4110": "WT", "PA4266": "WT", "PA4418": "WT", "PA4522": "WT", "PA4597": "WT", "PA4598": "WT", "PA4599": "WT", "PA4600": "WT", "PA4776": "WT", "PA4777": "WT", "PA4964": "WT", "PA4967": "WT", "PA5471": "WT", "PA5485": "WT"}') ON DUPLICATE KEY UPDATE ame_loci = '-', beta_lactamase_loci = '-', clonal_complex = '699', mutational_resistome = '{"PA0004": "WT", "PA0424": "WT", "PA0425": "WT", "PA0426": "WT", "PA0427": "WT", "PA0807": "WT", "PA0958": "WT", "PA1798": "H398R", "PA1799": "WT", "PA2020": "WT", "PA2023": "WT", "PA2491": "D249N", "PA2492": "F172I, nt234\u22068", "PA2493": "WT", "PA2494": "A1062T", "PA2495": "WT", "PA3047": "WT", "PA3168": "WT", "PA3574": "WT", "PA3721": "WT", "PA3999": "WT", "PA4003": "WT", "PA4020": "WT", "PA4109": "WT", "PA4110": "WT", "PA4266": "WT", "PA4418": "WT", "PA4522": "WT", "PA4597": "WT", "PA4598": "WT", "PA4599": "WT", "PA4600": "WT", "PA4776": "WT", "PA4777": "WT", "PA4964": "WT", "PA4967": "WT", "PA5471": "WT", "PA5485": "WT"}'; 
INSERT INTO metadata_general(isolate_id, isolate_name, isolate_source, project_name, species) VALUES ('552', 'BAL04-002', 'VALIDATION SET', 'GEMARA', 'Pseudomonas aeruginosa') ON DUPLICATE KEY UPDATE isolate_name = 'BAL04-002', isolate_source = 'VALIDATION SET', project_name = 'GEMARA', species = 'Pseudomonas aeruginosa'; 
INSERT INTO mic(mic_id, isolate_id, ami, ami_clinical_category, azt, azt_clinical_category, cip, cip_clinical_category, col, col_clinical_category, cza, cza_clinical_category, fep, fep_clinical_category, imi, imi_clinical_category, mer, mer_clinical_category, pip, pip_clinical_category, taz, taz_clinical_category, tic, tic_clinical_category, tob, tob_clinical_category, tol, tol_clinical_category) VALUES ('552', '552', '≤2', 'S', '4', 'S', '≤0.12', 'S', '4', 'R', '1', 'S', '2', 'S', '≤0.5', 'S', '≤0.5', 'S', '≤4', 'S', '2', 'S', '16', 'S', '≤0.25', 'S', '≤0.5', 'S') ON DUPLICATE KEY UPDATE ami = '≤2', ami_clinical_category = 'S', azt = '4', azt_clinical_category = 'S', cip = '≤0.12', cip_clinical_category = 'S', col = '4', col_clinical_category = 'R', cza = '1', cza_clinical_category = 'S', fep = '2', fep_clinical_category = 'S', imi = '≤0.5', imi_clinical_category = 'S', mer = '≤0.5', mer_clinical_category = 'S', pip = '≤4', pip_clinical_category = 'S', taz = '2', taz_clinical_category = 'S', tic = '16', tic_clinical_category = 'S', tob = '≤0.25', tob_clinical_category = 'S', tol = '≤0.5', tol_clinical_category = 'S'; 
INSERT INTO phenotypic_data(phenotypic_data_id, isolate_id, ecdc_resistance_profile) VALUES ('410', '552', 'R') ON DUPLICATE KEY UPDATE ecdc_resistance_profile = 'R'; 
INSERT INTO sequence_analysis(sequence_analysis_id, isolate_id, ame_loci, beta_lactamase_loci, clonal_complex, mutational_resistome) VALUES ('552', '552', '-', '-', '1816', '{"PA0004": "WT", "PA0424": "V126E", "PA0425": "K86E", "PA0426": "WT", "PA0427": "WT", "PA0807": "A219T", "PA0958": "WT", "PA1798": "H398R", "PA1799": "WT", "PA2020": "WT", "PA2023": "WT", "PA2491": "D249N", "PA2492": "F172I, nt234\u22068", "PA2493": "WT", "PA2494": "WT", "PA2495": "WT", "PA3047": "WT", "PA3168": "WT", "PA3574": "WT", "PA3721": "G71E, S209R", "PA3999": "WT", "PA4003": "WT", "PA4020": "M297V, V358I", "PA4109": "G295R", "PA4110": "R79Q, T105A, A278G", "PA4266": "WT", "PA4418": "WT", "PA4522": "G148A, D183Y", "PA4597": "D68G, M69V", "PA4598": "E257Q, S845A", "PA4599": "WT", "PA4600": "WT", "PA4776": "L71R", "PA4777": "Y345H", "PA4964": "H262Q", "PA4967": "E215Q", "PA5471": "L88P, D159N, D161G, H182Q, V243A", "PA5485": "WT"}') ON DUPLICATE KEY UPDATE ame_loci = '-', beta_lactamase_loci = '-', clonal_complex = '1816', mutational_resistome = '{"PA0004": "WT", "PA0424": "V126E", "PA0425": "K86E", "PA0426": "WT", "PA0427": "WT", "PA0807": "A219T", "PA0958": "WT", "PA1798": "H398R", "PA1799": "WT", "PA2020": "WT", "PA2023": "WT", "PA2491": "D249N", "PA2492": "F172I, nt234\u22068", "PA2493": "WT", "PA2494": "WT", "PA2495": "WT", "PA3047": "WT", "PA3168": "WT", "PA3574": "WT", "PA3721": "G71E, S209R", "PA3999": "WT", "PA4003": "WT", "PA4020": "M297V, V358I", "PA4109": "G295R", "PA4110": "R79Q, T105A, A278G", "PA4266": "WT", "PA4418": "WT", "PA4522": "G148A, D183Y", "PA4597": "D68G, M69V", "PA4598": "E257Q, S845A", "PA4599": "WT", "PA4600": "WT", "PA4776": "L71R", "PA4777": "Y345H", "PA4964": "H262Q", "PA4967": "E215Q", "PA5471": "L88P, D159N, D161G, H182Q, V243A", "PA5485": "WT"}'; 
INSERT INTO metadata_general(isolate_id, isolate_name, isolate_source, project_name, species) VALUES ('44', 'BAL04-003', 'VALIDATION SET', 'GEMARA', 'Pseudomonas aeruginosa') ON DUPLICATE KEY UPDATE isolate_name = 'BAL04-003', isolate_source = 'VALIDATION SET', project_name = 'GEMARA', species = 'Pseudomonas aeruginosa'; 
INSERT INTO mic(mic_id, isolate_id, ami, ami_clinical_category, azt, azt_clinical_category, cip, cip_clinical_category, col, col_clinical_category, cza, cza_clinical_category, fep, fep_clinical_category, imi, imi_clinical_category, mer, mer_clinical_category, pip, pip_clinical_category, taz, taz_clinical_category, tic, tic_clinical_category, tob, tob_clinical_category, tol, tol_clinical_category) VALUES ('44', '44', '≤2', 'S', '64', 'R', '8', 'R', '2', 'S', '16', 'R', '16', 'R', '16', 'R', '32', 'R', '>256', 'R', '32', 'R', '256', 'R', '0.5', 'S', '2', 'S') ON DUPLICATE KEY UPDATE ami = '≤2', ami_clinical_category = 'S', azt = '64', azt_clinical_category = 'R', cip = '8', cip_clinical_category = 'R', col = '2', col_clinical_category = 'S', cza = '16', cza_clinical_category = 'R', fep = '16', fep_clinical_category = 'R', imi = '16', imi_clinical_category = 'R', mer = '32', mer_clinical_category = 'R', pip = '>256', pip_clinical_category = 'R', taz = '32', taz_clinical_category = 'R', tic = '256', tic_clinical_category = 'R', tob = '0.5', tob_clinical_category = 'S', tol = '2', tol_clinical_category = 'S'; 
INSERT INTO phenotypic_data(phenotypic_data_id, isolate_id, ecdc_resistance_profile) VALUES ('418', '44', 'XDR') ON DUPLICATE KEY UPDATE ecdc_resistance_profile = 'XDR'; 
INSERT INTO sequence_analysis(sequence_analysis_id, isolate_id, ame_loci, beta_lactamase_loci, clonal_complex, mutational_resistome) VALUES ('44', '44', '-', '-', '390', '{"PA0004": "WT", "PA0424": "nt81InsT", "PA0425": "WT", "PA0426": "WT", "PA0427": "A478T, nt1451InsC", "PA0807": "A219T", "PA0958": "nt438InsC", "PA1798": "H398R", "PA1799": "A41G", "PA2020": "L138R", "PA2023": "WT", "PA2491": "D249N", "PA2492": "P60S, F172I, nt234\u22068", "PA2493": "WT", "PA2494": "WT", "PA2495": "S13P", "PA3047": "A474T", "PA3168": "T83I", "PA3574": "WT", "PA3721": "G71E", "PA3999": "WT", "PA4003": "WT", "PA4020": "WT", "PA4109": "D135G", "PA4110": "R79Q, T105A, R235H", "PA4266": "WT", "PA4418": "R551L", "PA4522": "G148A, S175L", "PA4597": "M69V, L291F", "PA4598": "T87S, E257Q, E602K, S845A", "PA4599": "H310R, S330A, A378T", "PA4600": "WT", "PA4776": "L71R", "PA4777": "Y345H", "PA4964": "D422A", "PA4967": "WT", "PA5471": "L88P, D161G, H182Q, V243A, G258S", "PA5485": "WT"}') ON DUPLICATE KEY UPDATE ame_loci = '-', beta_lactamase_loci = '-', clonal_complex = '390', mutational_resistome = '{"PA0004": "WT", "PA0424": "nt81InsT", "PA0425": "WT", "PA0426": "WT", "PA0427": "A478T, nt1451InsC", "PA0807": "A219T", "PA0958": "nt438InsC", "PA1798": "H398R", "PA1799": "A41G", "PA2020": "L138R", "PA2023": "WT", "PA2491": "D249N", "PA2492": "P60S, F172I, nt234\u22068", "PA2493": "WT", "PA2494": "WT", "PA2495": "S13P", "PA3047": "A474T", "PA3168": "T83I", "PA3574": "WT", "PA3721": "G71E", "PA3999": "WT", "PA4003": "WT", "PA4020": "WT", "PA4109": "D135G", "PA4110": "R79Q, T105A, R235H", "PA4266": "WT", "PA4418": "R551L", "PA4522": "G148A, S175L", "PA4597": "M69V, L291F", "PA4598": "T87S, E257Q, E602K, S845A", "PA4599": "H310R, S330A, A378T", "PA4600": "WT", "PA4776": "L71R", "PA4777": "Y345H", "PA4964": "D422A", "PA4967": "WT", "PA5471": "L88P, D161G, H182Q, V243A, G258S", "PA5485": "WT"}'; 
INSERT INTO metadata_general(isolate_id, isolate_name, isolate_source, project_name, species) VALUES ('550', 'BAL04-004', 'VALIDATION SET', 'GEMARA', 'Pseudomonas aeruginosa') ON DUPLICATE KEY UPDATE isolate_name = 'BAL04-004', isolate_source = 'VALIDATION SET', project_name = 'GEMARA', species = 'Pseudomonas aeruginosa'; 
INSERT INTO mic(mic_id, isolate_id, ami, ami_clinical_category, azt, azt_clinical_category, cip, cip_clinical_category, col, col_clinical_category, cza, cza_clinical_category, fep, fep_clinical_category, imi, imi_clinical_category, mer, mer_clinical_category, pip, pip_clinical_category, taz, taz_clinical_category, tic, tic_clinical_category, tob, tob_clinical_category, tol, tol_clinical_category) VALUES ('550', '550', '≤2', 'S', '≤2', 'S', '≤0.12', 'S', '2', 'S', '1', 'S', '≤1', 'S', '16', 'R', '4', 'I', '≤4', 'S', '2', 'S', '≤8', 'S', '≤0.25', 'S', '1', 'S') ON DUPLICATE KEY UPDATE ami = '≤2', ami_clinical_category = 'S', azt = '≤2', azt_clinical_category = 'S', cip = '≤0.12', cip_clinical_category = 'S', col = '2', col_clinical_category = 'S', cza = '1', cza_clinical_category = 'S', fep = '≤1', fep_clinical_category = 'S', imi = '16', imi_clinical_category = 'R', mer = '4', mer_clinical_category = 'I', pip = '≤4', pip_clinical_category = 'S', taz = '2', taz_clinical_category = 'S', tic = '≤8', tic_clinical_category = 'S', tob = '≤0.25', tob_clinical_category = 'S', tol = '1', tol_clinical_category = 'S'; 
INSERT INTO phenotypic_data(phenotypic_data_id, isolate_id, ecdc_resistance_profile) VALUES ('408', '550', 'R') ON DUPLICATE KEY UPDATE ecdc_resistance_profile = 'R'; 
INSERT INTO sequence_analysis(sequence_analysis_id, isolate_id, ame_loci, beta_lactamase_loci, clonal_complex, mutational_resistome) VALUES ('550', '550', '-', '-', '244', '{"PA0004": "WT", "PA0424": "WT", "PA0425": "WT", "PA0426": "E422X", "PA0427": "WT", "PA0807": "A219T", "PA0958": "W339X", "PA1798": "H398R", "PA1799": "WT", "PA2020": "WT", "PA2023": "WT", "PA2491": "A75V, D249N", "PA2492": "P60S, F172I, nt234\u22068", "PA2493": "WT", "PA2494": "WT", "PA2495": "WT", "PA3047": "WT", "PA3168": "WT", "PA3574": "WT", "PA3721": "WT", "PA3999": "WT", "PA4003": "WT", "PA4020": "M297V, A303V", "PA4109": "WT", "PA4110": "WT", "PA4266": "WT", "PA4418": "WT", "PA4522": "R11L, G148A, D183Y", "PA4597": "D68G, M69V", "PA4598": "S845A", "PA4599": "R76Q, H310R, S330A, P383S", "PA4600": "WT", "PA4776": "L71R", "PA4777": "WT", "PA4964": "WT", "PA4967": "WT", "PA5471": "L88P, G157D, D161G, H182Q, V243A", "PA5485": "WT"}') ON DUPLICATE KEY UPDATE ame_loci = '-', beta_lactamase_loci = '-', clonal_complex = '244', mutational_resistome = '{"PA0004": "WT", "PA0424": "WT", "PA0425": "WT", "PA0426": "E422X", "PA0427": "WT", "PA0807": "A219T", "PA0958": "W339X", "PA1798": "H398R", "PA1799": "WT", "PA2020": "WT", "PA2023": "WT", "PA2491": "A75V, D249N", "PA2492": "P60S, F172I, nt234\u22068", "PA2493": "WT", "PA2494": "WT", "PA2495": "WT", "PA3047": "WT", "PA3168": "WT", "PA3574": "WT", "PA3721": "WT", "PA3999": "WT", "PA4003": "WT", "PA4020": "M297V, A303V", "PA4109": "WT", "PA4110": "WT", "PA4266": "WT", "PA4418": "WT", "PA4522": "R11L, G148A, D183Y", "PA4597": "D68G, M69V", "PA4598": "S845A", "PA4599": "R76Q, H310R, S330A, P383S", "PA4600": "WT", "PA4776": "L71R", "PA4777": "WT", "PA4964": "WT", "PA4967": "WT", "PA5471": "L88P, G157D, D161G, H182Q, V243A", "PA5485": "WT"}'; 
INSERT INTO metadata_general(isolate_id, isolate_name, isolate_source, project_name, species) VALUES ('577', 'CAN01-001', 'VALIDATION SET', 'GEMARA', 'Pseudomonas aeruginosa') ON DUPLICATE KEY UPDATE isolate_name = 'CAN01-001', isolate_source = 'VALIDATION SET', project_name = 'GEMARA', species = 'Pseudomonas aeruginosa'; 
INSERT INTO mic(mic_id, isolate_id, ami, ami_clinical_category, azt, azt_clinical_category, cip, cip_clinical_category, col, col_clinical_category, cza, cza_clinical_category, fep, fep_clinical_category, imi, imi_clinical_category, mer, mer_clinical_category, pip, pip_clinical_category, taz, taz_clinical_category, tic, tic_clinical_category, tob, tob_clinical_category, tol, tol_clinical_category) VALUES ('577', '577', '≤2', 'S', '4', 'S', '0.25', 'S', '2', 'S', '2', 'S', '4', 'S', '4', 'S', '4', 'I', '≤4', 'S', '2', 'S', '32', 'R', '0.5', 'S', '1', 'S') ON DUPLICATE KEY UPDATE ami = '≤2', ami_clinical_category = 'S', azt = '4', azt_clinical_category = 'S', cip = '0.25', cip_clinical_category = 'S', col = '2', col_clinical_category = 'S', cza = '2', cza_clinical_category = 'S', fep = '4', fep_clinical_category = 'S', imi = '4', imi_clinical_category = 'S', mer = '4', mer_clinical_category = 'I', pip = '≤4', pip_clinical_category = 'S', taz = '2', taz_clinical_category = 'S', tic = '32', tic_clinical_category = 'R', tob = '0.5', tob_clinical_category = 'S', tol = '1', tol_clinical_category = 'S'; 
INSERT INTO phenotypic_data(phenotypic_data_id, isolate_id, ecdc_resistance_profile) VALUES ('438', '577', 'R') ON DUPLICATE KEY UPDATE ecdc_resistance_profile = 'R'; 
INSERT INTO sequence_analysis(sequence_analysis_id, isolate_id, ame_loci, beta_lactamase_loci, clonal_complex, mutational_resistome) VALUES ('577', '577', '-', '-', '179', '{"PA0004": "WT", "PA0424": "WT", "PA0425": "WT", "PA0426": "WT", "PA0427": "WT", "PA0807": "A219T", "PA0958": "WT", "PA1798": "H398R, aa118\u22064", "PA1799": "WT", "PA2020": "WT", "PA2023": "WT", "PA2491": "D249N", "PA2492": "F172I, nt234\u22068", "PA2493": "WT", "PA2494": "WT", "PA2495": "WT", "PA3047": "WT", "PA3168": "WT", "PA3574": "WT", "PA3721": "G71E, S209R", "PA3999": "WT", "PA4003": "WT", "PA4020": "M297V, A303V", "PA4109": "WT", "PA4110": "T105A, L176R", "PA4266": "WT", "PA4418": "L21P", "PA4522": "Q44H, G148A, D183Y", "PA4597": "D68G, M69V, Q267R", "PA4598": "A566T, V607A, S845A", "PA4599": "WT", "PA4600": "WT", "PA4776": "WT", "PA4777": "Y345H", "PA4964": "WT", "PA4967": "WT", "PA5471": "L88P, D161G, H182Q, V243A", "PA5485": "WT"}') ON DUPLICATE KEY UPDATE ame_loci = '-', beta_lactamase_loci = '-', clonal_complex = '179', mutational_resistome = '{"PA0004": "WT", "PA0424": "WT", "PA0425": "WT", "PA0426": "WT", "PA0427": "WT", "PA0807": "A219T", "PA0958": "WT", "PA1798": "H398R, aa118\u22064", "PA1799": "WT", "PA2020": "WT", "PA2023": "WT", "PA2491": "D249N", "PA2492": "F172I, nt234\u22068", "PA2493": "WT", "PA2494": "WT", "PA2495": "WT", "PA3047": "WT", "PA3168": "WT", "PA3574": "WT", "PA3721": "G71E, S209R", "PA3999": "WT", "PA4003": "WT", "PA4020": "M297V, A303V", "PA4109": "WT", "PA4110": "T105A, L176R", "PA4266": "WT", "PA4418": "L21P", "PA4522": "Q44H, G148A, D183Y", "PA4597": "D68G, M69V, Q267R", "PA4598": "A566T, V607A, S845A", "PA4599": "WT", "PA4600": "WT", "PA4776": "WT", "PA4777": "Y345H", "PA4964": "WT", "PA4967": "WT", "PA5471": "L88P, D161G, H182Q, V243A", "PA5485": "WT"}'; 
INSERT INTO metadata_general(isolate_id, isolate_name, isolate_source, project_name, species) VALUES ('566', 'CAN01-002', 'VALIDATION SET', 'GEMARA', 'Pseudomonas aeruginosa') ON DUPLICATE KEY UPDATE isolate_name = 'CAN01-002', isolate_source = 'VALIDATION SET', project_name = 'GEMARA', species = 'Pseudomonas aeruginosa'; 
INSERT INTO mic(mic_id, isolate_id, ami, ami_clinical_category, azt, azt_clinical_category, cip, cip_clinical_category, col, col_clinical_category, cza, cza_clinical_category, fep, fep_clinical_category, imi, imi_clinical_category, mer, mer_clinical_category, pip, pip_clinical_category, taz, taz_clinical_category, tic, tic_clinical_category, tob, tob_clinical_category, tol, tol_clinical_category) VALUES ('566', '566', '4', 'S', '≤2', 'S', '≤0.12', 'S', '2', 'S', '1', 'S', '4', 'S', '16', 'R', '1', 'S', '≤4', 'S', '≤1', 'S', '≤8', 'S', '0.5', 'S', '1', 'S') ON DUPLICATE KEY UPDATE ami = '4', ami_clinical_category = 'S', azt = '≤2', azt_clinical_category = 'S', cip = '≤0.12', cip_clinical_category = 'S', col = '2', col_clinical_category = 'S', cza = '1', cza_clinical_category = 'S', fep = '4', fep_clinical_category = 'S', imi = '16', imi_clinical_category = 'R', mer = '1', mer_clinical_category = 'S', pip = '≤4', pip_clinical_category = 'S', taz = '≤1', taz_clinical_category = 'S', tic = '≤8', tic_clinical_category = 'S', tob = '0.5', tob_clinical_category = 'S', tol = '1', tol_clinical_category = 'S'; 
INSERT INTO phenotypic_data(phenotypic_data_id, isolate_id, ecdc_resistance_profile) VALUES ('427', '566', 'R') ON DUPLICATE KEY UPDATE ecdc_resistance_profile = 'R'; 
INSERT INTO sequence_analysis(sequence_analysis_id, isolate_id, ame_loci, beta_lactamase_loci, clonal_complex, mutational_resistome) VALUES ('566', '566', '-', '-', '111', '{"PA0004": "WT", "PA0424": "WT", "PA0425": "WT", "PA0426": "Q319X", "PA0427": "WT", "PA0807": "A219T", "PA0958": "WT", "PA1798": "H398R", "PA1799": "WT", "PA2020": "Q140K", "PA2023": "WT", "PA2491": "WT", "PA2492": "F172I, G276D, nt234\u22068", "PA2493": "WT", "PA2494": "WT", "PA2495": "WT", "PA3047": "WT", "PA3168": "WT", "PA3574": "WT", "PA3721": "G71E, A186T", "PA3999": "WT", "PA4003": "WT", "PA4020": "M297V", "PA4109": "WT", "PA4110": "WT", "PA4266": "WT", "PA4418": "WT", "PA4522": "G148A", "PA4597": "M69V, Q267R", "PA4598": "E257Q, S845A", "PA4599": "S330A", "PA4600": "WT", "PA4776": "L71R", "PA4777": "A4T, V6A, V15I, G68S, Y345H", "PA4964": "WT", "PA4967": "WT", "PA5471": "L88P, D161G, H182Q, V243A", "PA5485": "WT"}') ON DUPLICATE KEY UPDATE ame_loci = '-', beta_lactamase_loci = '-', clonal_complex = '111', mutational_resistome = '{"PA0004": "WT", "PA0424": "WT", "PA0425": "WT", "PA0426": "Q319X", "PA0427": "WT", "PA0807": "A219T", "PA0958": "WT", "PA1798": "H398R", "PA1799": "WT", "PA2020": "Q140K", "PA2023": "WT", "PA2491": "WT", "PA2492": "F172I, G276D, nt234\u22068", "PA2493": "WT", "PA2494": "WT", "PA2495": "WT", "PA3047": "WT", "PA3168": "WT", "PA3574": "WT", "PA3721": "G71E, A186T", "PA3999": "WT", "PA4003": "WT", "PA4020": "M297V", "PA4109": "WT", "PA4110": "WT", "PA4266": "WT", "PA4418": "WT", "PA4522": "G148A", "PA4597": "M69V, Q267R", "PA4598": "E257Q, S845A", "PA4599": "S330A", "PA4600": "WT", "PA4776": "L71R", "PA4777": "A4T, V6A, V15I, G68S, Y345H", "PA4964": "WT", "PA4967": "WT", "PA5471": "L88P, D161G, H182Q, V243A", "PA5485": "WT"}'; 
INSERT INTO metadata_general(isolate_id, isolate_name, isolate_source, project_name, species) VALUES ('47', 'CAN01-003', 'VALIDATION SET', 'GEMARA', 'Pseudomonas aeruginosa') ON DUPLICATE KEY UPDATE isolate_name = 'CAN01-003', isolate_source = 'VALIDATION SET', project_name = 'GEMARA', species = 'Pseudomonas aeruginosa'; 
INSERT INTO mic(mic_id, isolate_id, ami, ami_clinical_category, azt, azt_clinical_category, cip, cip_clinical_category, col, col_clinical_category, cza, cza_clinical_category, fep, fep_clinical_category, imi, imi_clinical_category, mer, mer_clinical_category, pip, pip_clinical_category, taz, taz_clinical_category, tic, tic_clinical_category, tob, tob_clinical_category, tol, tol_clinical_category) VALUES ('47', '47', '≤2', 'S', '32', 'R', '16', 'R', '2', 'S', '8', 'S', '16', 'R', '16', 'R', '16', 'R', '32', 'R', '8', 'S', '256', 'R', '4', 'S', '≤0.5', 'S') ON DUPLICATE KEY UPDATE ami = '≤2', ami_clinical_category = 'S', azt = '32', azt_clinical_category = 'R', cip = '16', cip_clinical_category = 'R', col = '2', col_clinical_category = 'S', cza = '8', cza_clinical_category = 'S', fep = '16', fep_clinical_category = 'R', imi = '16', imi_clinical_category = 'R', mer = '16', mer_clinical_category = 'R', pip = '32', pip_clinical_category = 'R', taz = '8', taz_clinical_category = 'S', tic = '256', tic_clinical_category = 'R', tob = '4', tob_clinical_category = 'S', tol = '≤0.5', tol_clinical_category = 'S'; 
INSERT INTO phenotypic_data(phenotypic_data_id, isolate_id, ecdc_resistance_profile) VALUES ('444', '47', 'MDR') ON DUPLICATE KEY UPDATE ecdc_resistance_profile = 'MDR'; 
INSERT INTO sequence_analysis(sequence_analysis_id, isolate_id, ame_loci, beta_lactamase_loci, clonal_complex, mutational_resistome) VALUES ('47', '47', 'aacA4', 'blaOXA-46(IS)', '111', '{"PA0004": "WT", "PA0424": "V126E", "PA0425": "WT", "PA0426": "WT", "PA0427": "WT", "PA0807": "A219T", "PA0958": "WT", "PA1798": "L137P, H398R, nt998\u22061", "PA1799": "WT", "PA2020": "WT", "PA2023": "WT", "PA2491": "D249N", "PA2492": "F172I, nt234\u22068", "PA2493": "WT", "PA2494": "WT", "PA2495": "WT", "PA3047": "WT", "PA3168": "T83I, V671I, G860S", "PA3574": "WT", "PA3721": "G71E", "PA3999": "WT", "PA4003": "WT", "PA4020": "D411A, aa436InsGGF", "PA4109": "WT", "PA4110": "T105A", "PA4266": "WT", "PA4418": "WT", "PA4522": "G148A", "PA4597": "M69V, Q267R", "PA4598": "E257Q, S845A", "PA4599": "S330A", "PA4600": "WT", "PA4776": "L71R", "PA4777": "A4T, V6A, V15I, G68S, Y345H", "PA4964": "S87L", "PA4967": "WT", "PA5471": "L88P, D161G, H182Q, V243A", "PA5485": "WT"}') ON DUPLICATE KEY UPDATE ame_loci = 'aacA4', beta_lactamase_loci = 'blaOXA-46(IS)', clonal_complex = '111', mutational_resistome = '{"PA0004": "WT", "PA0424": "V126E", "PA0425": "WT", "PA0426": "WT", "PA0427": "WT", "PA0807": "A219T", "PA0958": "WT", "PA1798": "L137P, H398R, nt998\u22061", "PA1799": "WT", "PA2020": "WT", "PA2023": "WT", "PA2491": "D249N", "PA2492": "F172I, nt234\u22068", "PA2493": "WT", "PA2494": "WT", "PA2495": "WT", "PA3047": "WT", "PA3168": "T83I, V671I, G860S", "PA3574": "WT", "PA3721": "G71E", "PA3999": "WT", "PA4003": "WT", "PA4020": "D411A, aa436InsGGF", "PA4109": "WT", "PA4110": "T105A", "PA4266": "WT", "PA4418": "WT", "PA4522": "G148A", "PA4597": "M69V, Q267R", "PA4598": "E257Q, S845A", "PA4599": "S330A", "PA4600": "WT", "PA4776": "L71R", "PA4777": "A4T, V6A, V15I, G68S, Y345H", "PA4964": "S87L", "PA4967": "WT", "PA5471": "L88P, D161G, H182Q, V243A", "PA5485": "WT"}'; 
INSERT INTO metadata_general(isolate_id, isolate_name, isolate_source, project_name, species) VALUES ('48', 'CAN01-004', 'VALIDATION SET', 'GEMARA', 'Pseudomonas aeruginosa') ON DUPLICATE KEY UPDATE isolate_name = 'CAN01-004', isolate_source = 'VALIDATION SET', project_name = 'GEMARA', species = 'Pseudomonas aeruginosa'; 
INSERT INTO mic(mic_id, isolate_id, ami, ami_clinical_category, azt, azt_clinical_category, cip, cip_clinical_category, col, col_clinical_category, cza, cza_clinical_category, fep, fep_clinical_category, imi, imi_clinical_category, mer, mer_clinical_category, pip, pip_clinical_category, taz, taz_clinical_category, tic, tic_clinical_category, tob, tob_clinical_category, tol, tol_clinical_category) VALUES ('48', '48', '4', 'S', '16', 'S', '>16', 'R', '2', 'S', '4', 'S', '16', 'R', '16', 'R', '16', 'R', '32', 'R', '8', 'S', '128', 'R', '16', 'R', '2', 'S') ON DUPLICATE KEY UPDATE ami = '4', ami_clinical_category = 'S', azt = '16', azt_clinical_category = 'S', cip = '>16', cip_clinical_category = 'R', col = '2', col_clinical_category = 'S', cza = '4', cza_clinical_category = 'S', fep = '16', fep_clinical_category = 'R', imi = '16', imi_clinical_category = 'R', mer = '16', mer_clinical_category = 'R', pip = '32', pip_clinical_category = 'R', taz = '8', taz_clinical_category = 'S', tic = '128', tic_clinical_category = 'R', tob = '16', tob_clinical_category = 'R', tol = '2', tol_clinical_category = 'S'; 
INSERT INTO phenotypic_data(phenotypic_data_id, isolate_id, ecdc_resistance_profile) VALUES ('448', '48', 'XDR') ON DUPLICATE KEY UPDATE ecdc_resistance_profile = 'XDR'; 
INSERT INTO sequence_analysis(sequence_analysis_id, isolate_id, ame_loci, beta_lactamase_loci, clonal_complex, mutational_resistome) VALUES ('48', '48', 'aadB', '-', '175', '{"PA0004": "WT", "PA0424": "WT", "PA0425": "WT", "PA0426": "WT", "PA0427": "WT", "PA0807": "A219T", "PA0958": "nt199\u22061", "PA1798": "H398R", "PA1799": "WT", "PA2020": "G195D", "PA2023": "WT", "PA2491": "D249N", "PA2492": "P60S, F172I, nt234\u22068", "PA2493": "WT", "PA2494": "WT", "PA2495": "WT", "PA3047": "WT", "PA3168": "T83I, D87N", "PA3574": "WT", "PA3721": "G71E, A186T", "PA3999": "WT", "PA4003": "WT", "PA4020": "WT", "PA4109": "WT", "PA4110": "WT", "PA4266": "WT", "PA4418": "WT", "PA4522": "T139M, G148A, D183Y", "PA4597": "M69V", "PA4598": "E257Q, S845A", "PA4599": "E26A, H310R, S330A, P383S", "PA4600": "WT", "PA4776": "WT", "PA4777": "Y345H", "PA4964": "S87W, L168Q", "PA4967": "WT", "PA5471": "L88P, D161G, H182Q, V243A, V266M", "PA5485": "WT"}') ON DUPLICATE KEY UPDATE ame_loci = 'aadB', beta_lactamase_loci = '-', clonal_complex = '175', mutational_resistome = '{"PA0004": "WT", "PA0424": "WT", "PA0425": "WT", "PA0426": "WT", "PA0427": "WT", "PA0807": "A219T", "PA0958": "nt199\u22061", "PA1798": "H398R", "PA1799": "WT", "PA2020": "G195D", "PA2023": "WT", "PA2491": "D249N", "PA2492": "P60S, F172I, nt234\u22068", "PA2493": "WT", "PA2494": "WT", "PA2495": "WT", "PA3047": "WT", "PA3168": "T83I, D87N", "PA3574": "WT", "PA3721": "G71E, A186T", "PA3999": "WT", "PA4003": "WT", "PA4020": "WT", "PA4109": "WT", "PA4110": "WT", "PA4266": "WT", "PA4418": "WT", "PA4522": "T139M, G148A, D183Y", "PA4597": "M69V", "PA4598": "E257Q, S845A", "PA4599": "E26A, H310R, S330A, P383S", "PA4600": "WT", "PA4776": "WT", "PA4777": "Y345H", "PA4964": "S87W, L168Q", "PA4967": "WT", "PA5471": "L88P, D161G, H182Q, V243A, V266M", "PA5485": "WT"}'; 
INSERT INTO metadata_general(isolate_id, isolate_name, isolate_source, project_name, species) VALUES ('56', 'CAT01-001', 'VALIDATION SET', 'GEMARA', 'Pseudomonas aeruginosa') ON DUPLICATE KEY UPDATE isolate_name = 'CAT01-001', isolate_source = 'VALIDATION SET', project_name = 'GEMARA', species = 'Pseudomonas aeruginosa'; 
INSERT INTO mic(mic_id, isolate_id, ami, ami_clinical_category, azt, azt_clinical_category, cip, cip_clinical_category, col, col_clinical_category, cza, cza_clinical_category, fep, fep_clinical_category, imi, imi_clinical_category, mer, mer_clinical_category, pip, pip_clinical_category, taz, taz_clinical_category, tic, tic_clinical_category, tob, tob_clinical_category, tol, tol_clinical_category) VALUES ('56', '56', '8', 'S', '16', 'S', '8', 'R', '4', 'R', '4', 'S', '8', 'S', '4', 'S', '8', 'I', '16', 'S', '8', 'S', '128', 'R', '0.5', 'S', '1', 'S') ON DUPLICATE KEY UPDATE ami = '8', ami_clinical_category = 'S', azt = '16', azt_clinical_category = 'S', cip = '8', cip_clinical_category = 'R', col = '4', col_clinical_category = 'R', cza = '4', cza_clinical_category = 'S', fep = '8', fep_clinical_category = 'S', imi = '4', imi_clinical_category = 'S', mer = '8', mer_clinical_category = 'I', pip = '16', pip_clinical_category = 'S', taz = '8', taz_clinical_category = 'S', tic = '128', tic_clinical_category = 'R', tob = '0.5', tob_clinical_category = 'S', tol = '1', tol_clinical_category = 'S'; 
INSERT INTO phenotypic_data(phenotypic_data_id, isolate_id, ecdc_resistance_profile) VALUES ('477', '56', 'R') ON DUPLICATE KEY UPDATE ecdc_resistance_profile = 'R'; 
INSERT INTO sequence_analysis(sequence_analysis_id, isolate_id, ame_loci, beta_lactamase_loci, clonal_complex, mutational_resistome) VALUES ('56', '56', 'aac(3)-I', '-', '3149', '{"PA0004": "WT", "PA0424": "WT", "PA0425": "D373N", "PA0426": "WT", "PA0427": "V72L", "PA0807": "A219T", "PA0958": "WT", "PA1798": "H398R", "PA1799": "L90I", "PA2020": "nt526\u22068", "PA2023": "WT", "PA2491": "D249N", "PA2492": "P60S, F172I, nt234\u22068", "PA2493": "WT", "PA2494": "WT", "PA2495": "WT", "PA3047": "WT", "PA3168": "T83I", "PA3574": "T11N", "PA3721": "G71E", "PA3999": "WT", "PA4003": "A619E", "PA4020": "M297V", "PA4109": "WT", "PA4110": "R79Q", "PA4266": "WT", "PA4418": "L23V", "PA4522": "D28G", "PA4597": "M69V", "PA4598": "E257Q, A536S, S845A", "PA4599": "H310R, S330A, P383S", "PA4600": "WT", "PA4776": "L71R", "PA4777": "WT", "PA4964": "WT", "PA4967": "D533E", "PA5471": "L88P, D161G, H182Q, V243A, A262S", "PA5485": "WT"}') ON DUPLICATE KEY UPDATE ame_loci = 'aac(3)-I', beta_lactamase_loci = '-', clonal_complex = '3149', mutational_resistome = '{"PA0004": "WT", "PA0424": "WT", "PA0425": "D373N", "PA0426": "WT", "PA0427": "V72L", "PA0807": "A219T", "PA0958": "WT", "PA1798": "H398R", "PA1799": "L90I", "PA2020": "nt526\u22068", "PA2023": "WT", "PA2491": "D249N", "PA2492": "P60S, F172I, nt234\u22068", "PA2493": "WT", "PA2494": "WT", "PA2495": "WT", "PA3047": "WT", "PA3168": "T83I", "PA3574": "T11N", "PA3721": "G71E", "PA3999": "WT", "PA4003": "A619E", "PA4020": "M297V", "PA4109": "WT", "PA4110": "R79Q", "PA4266": "WT", "PA4418": "L23V", "PA4522": "D28G", "PA4597": "M69V", "PA4598": "E257Q, A536S, S845A", "PA4599": "H310R, S330A, P383S", "PA4600": "WT", "PA4776": "L71R", "PA4777": "WT", "PA4964": "WT", "PA4967": "D533E", "PA5471": "L88P, D161G, H182Q, V243A, A262S", "PA5485": "WT"}'; 
INSERT INTO metadata_general(isolate_id, isolate_name, isolate_source, project_name, species) VALUES ('600', 'CAT01-004', 'VALIDATION SET', 'GEMARA', 'Pseudomonas aeruginosa') ON DUPLICATE KEY UPDATE isolate_name = 'CAT01-004', isolate_source = 'VALIDATION SET', project_name = 'GEMARA', species = 'Pseudomonas aeruginosa'; 
INSERT INTO mic(mic_id, isolate_id, ami, ami_clinical_category, azt, azt_clinical_category, cip, cip_clinical_category, col, col_clinical_category, cza, cza_clinical_category, fep, fep_clinical_category, imi, imi_clinical_category, mer, mer_clinical_category, pip, pip_clinical_category, taz, taz_clinical_category, tic, tic_clinical_category, tob, tob_clinical_category, tol, tol_clinical_category) VALUES ('600', '600', '4', 'S', '4', 'S', '≤0.12', 'S', '1', 'S', '2', 'S', '4', 'S', '4', 'S', '4', 'I', '8', 'S', '4', 'S', '32', 'R', '0.5', 'S', '≤0.5', 'S') ON DUPLICATE KEY UPDATE ami = '4', ami_clinical_category = 'S', azt = '4', azt_clinical_category = 'S', cip = '≤0.12', cip_clinical_category = 'S', col = '1', col_clinical_category = 'S', cza = '2', cza_clinical_category = 'S', fep = '4', fep_clinical_category = 'S', imi = '4', imi_clinical_category = 'S', mer = '4', mer_clinical_category = 'I', pip = '8', pip_clinical_category = 'S', taz = '4', taz_clinical_category = 'S', tic = '32', tic_clinical_category = 'R', tob = '0.5', tob_clinical_category = 'S', tol = '≤0.5', tol_clinical_category = 'S'; 
INSERT INTO phenotypic_data(phenotypic_data_id, isolate_id, ecdc_resistance_profile) VALUES ('470', '600', 'R') ON DUPLICATE KEY UPDATE ecdc_resistance_profile = 'R'; 
INSERT INTO sequence_analysis(sequence_analysis_id, isolate_id, ame_loci, beta_lactamase_loci, clonal_complex, mutational_resistome) VALUES ('600', '600', '-', '-', '1068', '{"PA0004": "H148N", "PA0424": "WT", "PA0425": "WT", "PA0426": "WT", "PA0427": "WT", "PA0807": "WT", "PA0958": "WT", "PA1798": "A82T, H398R", "PA1799": "WT", "PA2020": "WT", "PA2023": "WT", "PA2491": "D249N", "PA2492": "F172I, nt234\u22068", "PA2493": "WT", "PA2494": "WT", "PA2495": "WT", "PA3047": "A394P", "PA3168": "WT", "PA3574": "WT", "PA3721": "G71E, S209R", "PA3999": "WT", "PA4003": "WT", "PA4020": "M297V", "PA4109": "WT", "PA4110": "T21A, T105A, G391A", "PA4266": "WT", "PA4418": "WT", "PA4522": "R11L, G148A, D183Y", "PA4597": "D68G, M69V", "PA4598": "E257Q, A536S, S845A", "PA4599": "WT", "PA4600": "WT", "PA4776": "L71R", "PA4777": "Y345H", "PA4964": "WT", "PA4967": "WT", "PA5471": "L88P, D119E", "PA5485": "WT"}') ON DUPLICATE KEY UPDATE ame_loci = '-', beta_lactamase_loci = '-', clonal_complex = '1068', mutational_resistome = '{"PA0004": "H148N", "PA0424": "WT", "PA0425": "WT", "PA0426": "WT", "PA0427": "WT", "PA0807": "WT", "PA0958": "WT", "PA1798": "A82T, H398R", "PA1799": "WT", "PA2020": "WT", "PA2023": "WT", "PA2491": "D249N", "PA2492": "F172I, nt234\u22068", "PA2493": "WT", "PA2494": "WT", "PA2495": "WT", "PA3047": "A394P", "PA3168": "WT", "PA3574": "WT", "PA3721": "G71E, S209R", "PA3999": "WT", "PA4003": "WT", "PA4020": "M297V", "PA4109": "WT", "PA4110": "T21A, T105A, G391A", "PA4266": "WT", "PA4418": "WT", "PA4522": "R11L, G148A, D183Y", "PA4597": "D68G, M69V", "PA4598": "E257Q, A536S, S845A", "PA4599": "WT", "PA4600": "WT", "PA4776": "L71R", "PA4777": "Y345H", "PA4964": "WT", "PA4967": "WT", "PA5471": "L88P, D119E", "PA5485": "WT"}'; 
INSERT INTO metadata_general(isolate_id, isolate_name, isolate_source, project_name, species) VALUES ('596', 'CAT01-005', 'VALIDATION SET', 'GEMARA', 'Pseudomonas aeruginosa') ON DUPLICATE KEY UPDATE isolate_name = 'CAT01-005', isolate_source = 'VALIDATION SET', project_name = 'GEMARA', species = 'Pseudomonas aeruginosa'; 
INSERT INTO mic(mic_id, isolate_id, ami, ami_clinical_category, azt, azt_clinical_category, cip, cip_clinical_category, col, col_clinical_category, cza, cza_clinical_category, fep, fep_clinical_category, imi, imi_clinical_category, mer, mer_clinical_category, pip, pip_clinical_category, taz, taz_clinical_category, tic, tic_clinical_category, tob, tob_clinical_category, tol, tol_clinical_category) VALUES ('596', '596', '4', 'S', '4', 'S', '≤0.12', 'S', '1', 'S', '2', 'S', '2', 'S', '1', 'S', '≤0.5', 'S', '≤4', 'S', '2', 'S', '32', 'R', '≤0.25', 'S', '1', 'S') ON DUPLICATE KEY UPDATE ami = '4', ami_clinical_category = 'S', azt = '4', azt_clinical_category = 'S', cip = '≤0.12', cip_clinical_category = 'S', col = '1', col_clinical_category = 'S', cza = '2', cza_clinical_category = 'S', fep = '2', fep_clinical_category = 'S', imi = '1', imi_clinical_category = 'S', mer = '≤0.5', mer_clinical_category = 'S', pip = '≤4', pip_clinical_category = 'S', taz = '2', taz_clinical_category = 'S', tic = '32', tic_clinical_category = 'R', tob = '≤0.25', tob_clinical_category = 'S', tol = '1', tol_clinical_category = 'S'; 
INSERT INTO phenotypic_data(phenotypic_data_id, isolate_id, ecdc_resistance_profile) VALUES ('466', '596', 'S') ON DUPLICATE KEY UPDATE ecdc_resistance_profile = 'S'; 
INSERT INTO sequence_analysis(sequence_analysis_id, isolate_id, ame_loci, beta_lactamase_loci, clonal_complex, mutational_resistome) VALUES ('596', '596', '-', '-', '1035', '{"PA0004": "WT", "PA0424": "WT", "PA0425": "WT", "PA0426": "WT", "PA0427": "WT", "PA0807": "A219T", "PA0958": "WT", "PA1798": "H398R", "PA1799": "L153R, S170N", "PA2020": "WT", "PA2023": "WT", "PA2491": "D249N", "PA2492": "P60S, F172I, nt234\u22068", "PA2493": "WT", "PA2494": "WT", "PA2495": "WT", "PA3047": "G263S", "PA3168": "WT", "PA3574": "WT", "PA3721": "WT", "PA3999": "WT", "PA4003": "WT", "PA4020": "M297V, A303V", "PA4109": "WT", "PA4110": "T105A, L176R", "PA4266": "WT", "PA4418": "L3V", "PA4522": "G148A, D183Y", "PA4597": "M69V, Q267R", "PA4598": "E257Q, S845A", "PA4599": "S330A", "PA4600": "WT", "PA4776": "L71R", "PA4777": "S2P, A4T, H311Q, Y345H", "PA4964": "V646L", "PA4967": "D533E", "PA5471": "L88P, D161G, H182Q, V243A", "PA5485": "WT"}') ON DUPLICATE KEY UPDATE ame_loci = '-', beta_lactamase_loci = '-', clonal_complex = '1035', mutational_resistome = '{"PA0004": "WT", "PA0424": "WT", "PA0425": "WT", "PA0426": "WT", "PA0427": "WT", "PA0807": "A219T", "PA0958": "WT", "PA1798": "H398R", "PA1799": "L153R, S170N", "PA2020": "WT", "PA2023": "WT", "PA2491": "D249N", "PA2492": "P60S, F172I, nt234\u22068", "PA2493": "WT", "PA2494": "WT", "PA2495": "WT", "PA3047": "G263S", "PA3168": "WT", "PA3574": "WT", "PA3721": "WT", "PA3999": "WT", "PA4003": "WT", "PA4020": "M297V, A303V", "PA4109": "WT", "PA4110": "T105A, L176R", "PA4266": "WT", "PA4418": "L3V", "PA4522": "G148A, D183Y", "PA4597": "M69V, Q267R", "PA4598": "E257Q, S845A", "PA4599": "S330A", "PA4600": "WT", "PA4776": "L71R", "PA4777": "S2P, A4T, H311Q, Y345H", "PA4964": "V646L", "PA4967": "D533E", "PA5471": "L88P, D161G, H182Q, V243A", "PA5485": "WT"}'; 
INSERT INTO metadata_general(isolate_id, isolate_name, isolate_source, project_name, species) VALUES ('606', 'CAT01-007', 'VALIDATION SET', 'GEMARA', 'Pseudomonas aeruginosa') ON DUPLICATE KEY UPDATE isolate_name = 'CAT01-007', isolate_source = 'VALIDATION SET', project_name = 'GEMARA', species = 'Pseudomonas aeruginosa'; 
INSERT INTO mic(mic_id, isolate_id, ami, ami_clinical_category, azt, azt_clinical_category, cip, cip_clinical_category, col, col_clinical_category, cza, cza_clinical_category, fep, fep_clinical_category, imi, imi_clinical_category, mer, mer_clinical_category, pip, pip_clinical_category, taz, taz_clinical_category, tic, tic_clinical_category, tob, tob_clinical_category, tol, tol_clinical_category) VALUES ('606', '606', '4', 'S', '16', 'S', '>16', 'R', '1', 'S', '4', 'S', '8', 'S', '≤0.5', 'S', '2', 'S', '16', 'S', '4', 'S', '64', 'R', '0.5', 'S', '1', 'S') ON DUPLICATE KEY UPDATE ami = '4', ami_clinical_category = 'S', azt = '16', azt_clinical_category = 'S', cip = '>16', cip_clinical_category = 'R', col = '1', col_clinical_category = 'S', cza = '4', cza_clinical_category = 'S', fep = '8', fep_clinical_category = 'S', imi = '≤0.5', imi_clinical_category = 'S', mer = '2', mer_clinical_category = 'S', pip = '16', pip_clinical_category = 'S', taz = '4', taz_clinical_category = 'S', tic = '64', tic_clinical_category = 'R', tob = '0.5', tob_clinical_category = 'S', tol = '1', tol_clinical_category = 'S'; 
INSERT INTO phenotypic_data(phenotypic_data_id, isolate_id, ecdc_resistance_profile) VALUES ('476', '606', 'R') ON DUPLICATE KEY UPDATE ecdc_resistance_profile = 'R'; 
INSERT INTO sequence_analysis(sequence_analysis_id, isolate_id, ame_loci, beta_lactamase_loci, clonal_complex, mutational_resistome) VALUES ('606', '606', '-', '-', '253', '{"PA0004": "WT", "PA0424": "V126E", "PA0425": "WT", "PA0426": "WT", "PA0427": "WT", "PA0807": "WT", "PA0958": "WT", "PA1798": "H398R", "PA1799": "L153R, S170N", "PA2020": "V105G, L138R, N186S", "PA2023": "WT", "PA2491": "D249N", "PA2492": "F172I, nt234\u22068", "PA2493": "WT", "PA2494": "WT", "PA2495": "S13P", "PA3047": "Q156H", "PA3168": "T83I, D87N, V671I", "PA3574": "\u2206204nt", "PA3721": "G71E, A145V, S209R", "PA3999": "WT", "PA4003": "A481T", "PA4020": "M297V", "PA4109": "E114A, G283E, M288R", "PA4110": "G27D, A55T, T105A, Q155R, V205L, G391A", "PA4266": "WT", "PA4418": "WT", "PA4522": "WT", "PA4597": "D68G, M69V", "PA4598": "T87S, A155T, E257Q, S845A, I982V, K1031R, S1040T", "PA4599": "P47S, R76Q, H310R, S330A, A378T", "PA4600": "R21H, D56G", "PA4776": "WT", "PA4777": "A4T, V15I, G68S, Y345H", "PA4964": "S87W", "PA4967": "D533E", "PA5471": "C40R, L88P, S112N, D119E, I237V, V243A", "PA5485": "WT"}') ON DUPLICATE KEY UPDATE ame_loci = '-', beta_lactamase_loci = '-', clonal_complex = '253', mutational_resistome = '{"PA0004": "WT", "PA0424": "V126E", "PA0425": "WT", "PA0426": "WT", "PA0427": "WT", "PA0807": "WT", "PA0958": "WT", "PA1798": "H398R", "PA1799": "L153R, S170N", "PA2020": "V105G, L138R, N186S", "PA2023": "WT", "PA2491": "D249N", "PA2492": "F172I, nt234\u22068", "PA2493": "WT", "PA2494": "WT", "PA2495": "S13P", "PA3047": "Q156H", "PA3168": "T83I, D87N, V671I", "PA3574": "\u2206204nt", "PA3721": "G71E, A145V, S209R", "PA3999": "WT", "PA4003": "A481T", "PA4020": "M297V", "PA4109": "E114A, G283E, M288R", "PA4110": "G27D, A55T, T105A, Q155R, V205L, G391A", "PA4266": "WT", "PA4418": "WT", "PA4522": "WT", "PA4597": "D68G, M69V", "PA4598": "T87S, A155T, E257Q, S845A, I982V, K1031R, S1040T", "PA4599": "P47S, R76Q, H310R, S330A, A378T", "PA4600": "R21H, D56G", "PA4776": "WT", "PA4777": "A4T, V15I, G68S, Y345H", "PA4964": "S87W", "PA4967": "D533E", "PA5471": "C40R, L88P, S112N, D119E, I237V, V243A", "PA5485": "WT"}'; 
INSERT INTO metadata_general(isolate_id, isolate_name, isolate_source, project_name, species) VALUES ('616', 'CAT02-001', 'VALIDATION SET', 'GEMARA', 'Pseudomonas aeruginosa') ON DUPLICATE KEY UPDATE isolate_name = 'CAT02-001', isolate_source = 'VALIDATION SET', project_name = 'GEMARA', species = 'Pseudomonas aeruginosa'; 
INSERT INTO mic(mic_id, isolate_id, ami, ami_clinical_category, azt, azt_clinical_category, cip, cip_clinical_category, col, col_clinical_category, cza, cza_clinical_category, fep, fep_clinical_category, imi, imi_clinical_category, mer, mer_clinical_category, pip, pip_clinical_category, taz, taz_clinical_category, tic, tic_clinical_category, tob, tob_clinical_category, tol, tol_clinical_category) VALUES ('616', '616', '≤2', 'S', '32', 'R', '0.25', 'S', '1', 'S', '4', 'S', '16', 'R', '2', 'S', '≤0.5', 'S', '64', 'R', '32', 'R', '128', 'R', '≤0.25', 'S', '2', 'S') ON DUPLICATE KEY UPDATE ami = '≤2', ami_clinical_category = 'S', azt = '32', azt_clinical_category = 'R', cip = '0.25', cip_clinical_category = 'S', col = '1', col_clinical_category = 'S', cza = '4', cza_clinical_category = 'S', fep = '16', fep_clinical_category = 'R', imi = '2', imi_clinical_category = 'S', mer = '≤0.5', mer_clinical_category = 'S', pip = '64', pip_clinical_category = 'R', taz = '32', taz_clinical_category = 'R', tic = '128', tic_clinical_category = 'R', tob = '≤0.25', tob_clinical_category = 'S', tol = '2', tol_clinical_category = 'S'; 
INSERT INTO phenotypic_data(phenotypic_data_id, isolate_id, ecdc_resistance_profile) VALUES ('488', '616', 'R') ON DUPLICATE KEY UPDATE ecdc_resistance_profile = 'R'; 
INSERT INTO sequence_analysis(sequence_analysis_id, isolate_id, ame_loci, beta_lactamase_loci, clonal_complex, mutational_resistome) VALUES ('616', '616', '-', '-', '242', '{"PA0004": "WT", "PA0424": "WT", "PA0425": "WT", "PA0426": "WT", "PA0427": "WT", "PA0807": "I67T", "PA0958": "WT", "PA1798": "G303R, H398R", "PA1799": "WT", "PA2020": "WT", "PA2023": "WT", "PA2491": "D249N", "PA2492": "F172I, nt234\u22068", "PA2493": "G250D", "PA2494": "WT", "PA2495": "WT", "PA3047": "D176N", "PA3168": "WT", "PA3574": "WT", "PA3721": "G71E, S209R", "PA3999": "WT", "PA4003": "WT", "PA4020": "M297V", "PA4109": "S179N, G283E, M288R", "PA4110": "T105A", "PA4266": "WT", "PA4418": "WT", "PA4522": "G148A, S175L", "PA4597": "D68G, M69V", "PA4598": "S845A", "PA4599": "S330A", "PA4600": "WT", "PA4776": "L71R", "PA4777": "Y345H", "PA4964": "WT", "PA4967": "WT", "PA5471": "D161G, H182Q, V243A", "PA5485": "WT"}') ON DUPLICATE KEY UPDATE ame_loci = '-', beta_lactamase_loci = '-', clonal_complex = '242', mutational_resistome = '{"PA0004": "WT", "PA0424": "WT", "PA0425": "WT", "PA0426": "WT", "PA0427": "WT", "PA0807": "I67T", "PA0958": "WT", "PA1798": "G303R, H398R", "PA1799": "WT", "PA2020": "WT", "PA2023": "WT", "PA2491": "D249N", "PA2492": "F172I, nt234\u22068", "PA2493": "G250D", "PA2494": "WT", "PA2495": "WT", "PA3047": "D176N", "PA3168": "WT", "PA3574": "WT", "PA3721": "G71E, S209R", "PA3999": "WT", "PA4003": "WT", "PA4020": "M297V", "PA4109": "S179N, G283E, M288R", "PA4110": "T105A", "PA4266": "WT", "PA4418": "WT", "PA4522": "G148A, S175L", "PA4597": "D68G, M69V", "PA4598": "S845A", "PA4599": "S330A", "PA4600": "WT", "PA4776": "L71R", "PA4777": "Y345H", "PA4964": "WT", "PA4967": "WT", "PA5471": "D161G, H182Q, V243A", "PA5485": "WT"}'; 
INSERT INTO metadata_general(isolate_id, isolate_name, isolate_source, project_name, species) VALUES ('630', 'CAT02-002', 'VALIDATION SET', 'GEMARA', 'Pseudomonas aeruginosa') ON DUPLICATE KEY UPDATE isolate_name = 'CAT02-002', isolate_source = 'VALIDATION SET', project_name = 'GEMARA', species = 'Pseudomonas aeruginosa'; 
INSERT INTO mic(mic_id, isolate_id, ami, ami_clinical_category, azt, azt_clinical_category, cip, cip_clinical_category, col, col_clinical_category, cza, cza_clinical_category, fep, fep_clinical_category, imi, imi_clinical_category, mer, mer_clinical_category, pip, pip_clinical_category, taz, taz_clinical_category, tic, tic_clinical_category, tob, tob_clinical_category, tol, tol_clinical_category) VALUES ('630', '630', '≤2', 'S', '4', 'S', '≤0.12', 'S', '1', 'S', '2', 'S', '2', 'S', '4', 'S', '≤0.5', 'S', '≤4', 'S', '2', 'S', '32', 'R', '≤0.25', 'S', '≤0.5', 'S') ON DUPLICATE KEY UPDATE ami = '≤2', ami_clinical_category = 'S', azt = '4', azt_clinical_category = 'S', cip = '≤0.12', cip_clinical_category = 'S', col = '1', col_clinical_category = 'S', cza = '2', cza_clinical_category = 'S', fep = '2', fep_clinical_category = 'S', imi = '4', imi_clinical_category = 'S', mer = '≤0.5', mer_clinical_category = 'S', pip = '≤4', pip_clinical_category = 'S', taz = '2', taz_clinical_category = 'S', tic = '32', tic_clinical_category = 'R', tob = '≤0.25', tob_clinical_category = 'S', tol = '≤0.5', tol_clinical_category = 'S'; 
INSERT INTO phenotypic_data(phenotypic_data_id, isolate_id, ecdc_resistance_profile) VALUES ('502', '630', 'S') ON DUPLICATE KEY UPDATE ecdc_resistance_profile = 'S'; 
INSERT INTO sequence_analysis(sequence_analysis_id, isolate_id, ame_loci, beta_lactamase_loci, clonal_complex, mutational_resistome) VALUES ('630', '630', '-', '-', '560', '{"PA0004": "WT", "PA0424": "WT", "PA0425": "WT", "PA0426": "WT", "PA0427": "WT", "PA0807": "D75G", "PA0958": "WT", "PA1798": "R356L, H398R", "PA1799": "L153R, S170N", "PA2020": "WT", "PA2023": "WT", "PA2491": "D249N", "PA2492": "F172I, nt234\u22068", "PA2493": "S8F", "PA2494": "WT", "PA2495": "A4T, S13P", "PA3047": "WT", "PA3168": "WT", "PA3574": "WT", "PA3721": "G71E, S209R", "PA3999": "WT", "PA4003": "WT", "PA4020": "WT", "PA4109": "E114A, I251V, G283E, M288R", "PA4110": "T21A, T105A, V205L, G391P", "PA4266": "WT", "PA4418": "WT", "PA4522": "G148A", "PA4597": "WT", "PA4598": "S845A, I982V, K1031R, S1040T", "PA4599": "R76Q, H310R, S330A, P383S", "PA4600": "WT", "PA4776": "WT", "PA4777": "A4T, V15I, G68S, Y345H", "PA4964": "WT", "PA4967": "D533E", "PA5471": "C40R, L88P, S112N, D119E, I237V, V243A, P244L", "PA5485": "WT"}') ON DUPLICATE KEY UPDATE ame_loci = '-', beta_lactamase_loci = '-', clonal_complex = '560', mutational_resistome = '{"PA0004": "WT", "PA0424": "WT", "PA0425": "WT", "PA0426": "WT", "PA0427": "WT", "PA0807": "D75G", "PA0958": "WT", "PA1798": "R356L, H398R", "PA1799": "L153R, S170N", "PA2020": "WT", "PA2023": "WT", "PA2491": "D249N", "PA2492": "F172I, nt234\u22068", "PA2493": "S8F", "PA2494": "WT", "PA2495": "A4T, S13P", "PA3047": "WT", "PA3168": "WT", "PA3574": "WT", "PA3721": "G71E, S209R", "PA3999": "WT", "PA4003": "WT", "PA4020": "WT", "PA4109": "E114A, I251V, G283E, M288R", "PA4110": "T21A, T105A, V205L, G391P", "PA4266": "WT", "PA4418": "WT", "PA4522": "G148A", "PA4597": "WT", "PA4598": "S845A, I982V, K1031R, S1040T", "PA4599": "R76Q, H310R, S330A, P383S", "PA4600": "WT", "PA4776": "WT", "PA4777": "A4T, V15I, G68S, Y345H", "PA4964": "WT", "PA4967": "D533E", "PA5471": "C40R, L88P, S112N, D119E, I237V, V243A, P244L", "PA5485": "WT"}'; 
INSERT INTO metadata_general(isolate_id, isolate_name, isolate_source, project_name, species) VALUES ('617', 'CAT02-003', 'VALIDATION SET', 'GEMARA', 'Pseudomonas aeruginosa') ON DUPLICATE KEY UPDATE isolate_name = 'CAT02-003', isolate_source = 'VALIDATION SET', project_name = 'GEMARA', species = 'Pseudomonas aeruginosa'; 
INSERT INTO mic(mic_id, isolate_id, ami, ami_clinical_category, azt, azt_clinical_category, cip, cip_clinical_category, col, col_clinical_category, cza, cza_clinical_category, fep, fep_clinical_category, imi, imi_clinical_category, mer, mer_clinical_category, pip, pip_clinical_category, taz, taz_clinical_category, tic, tic_clinical_category, tob, tob_clinical_category, tol, tol_clinical_category) VALUES ('617', '617', '4', 'S', '≤2', 'S', '≤0.12', 'S', '1', 'S', '1', 'S', '8', 'S', '4', 'S', '1', 'S', '≤4', 'S', '2', 'S', '16', 'S', '0.5', 'S', '1', 'S') ON DUPLICATE KEY UPDATE ami = '4', ami_clinical_category = 'S', azt = '≤2', azt_clinical_category = 'S', cip = '≤0.12', cip_clinical_category = 'S', col = '1', col_clinical_category = 'S', cza = '1', cza_clinical_category = 'S', fep = '8', fep_clinical_category = 'S', imi = '4', imi_clinical_category = 'S', mer = '1', mer_clinical_category = 'S', pip = '≤4', pip_clinical_category = 'S', taz = '2', taz_clinical_category = 'S', tic = '16', tic_clinical_category = 'S', tob = '0.5', tob_clinical_category = 'S', tol = '1', tol_clinical_category = 'S'; 
INSERT INTO phenotypic_data(phenotypic_data_id, isolate_id, ecdc_resistance_profile) VALUES ('489', '617', 'S') ON DUPLICATE KEY UPDATE ecdc_resistance_profile = 'S'; 
INSERT INTO sequence_analysis(sequence_analysis_id, isolate_id, ame_loci, beta_lactamase_loci, clonal_complex, mutational_resistome) VALUES ('617', '617', '-', '-', '207', '{"PA0004": "WT", "PA0424": "V126E", "PA0425": "WT", "PA0426": "WT", "PA0427": "D448N", "PA0807": "WT", "PA0958": "WT", "PA1798": "H398R", "PA1799": "L153R, S170N", "PA2020": "L138R", "PA2023": "WT", "PA2491": "V73A, D249N", "PA2492": "P60S, F172I, nt234\u22068", "PA2493": "WT", "PA2494": "WT", "PA2495": "S13P", "PA3047": "WT", "PA3168": "WT", "PA3574": "WT", "PA3721": "G71E, S209R", "PA3999": "WT", "PA4003": "WT", "PA4020": "WT", "PA4109": "E114A, I251V, G283E, M288R", "PA4110": "T21A, T105A, V205L", "PA4266": "WT", "PA4418": "WT", "PA4522": "WT", "PA4597": "WT", "PA4598": "S845A", "PA4599": "H310R, S330A, P383S", "PA4600": "WT", "PA4776": "L71R", "PA4777": "A4T, V15I, G68S, Y345H", "PA4964": "P752T", "PA4967": "D533E", "PA5471": "C40R, A87T, L88P, S112N, D119E, I237V, V243A", "PA5485": "WT"}') ON DUPLICATE KEY UPDATE ame_loci = '-', beta_lactamase_loci = '-', clonal_complex = '207', mutational_resistome = '{"PA0004": "WT", "PA0424": "V126E", "PA0425": "WT", "PA0426": "WT", "PA0427": "D448N", "PA0807": "WT", "PA0958": "WT", "PA1798": "H398R", "PA1799": "L153R, S170N", "PA2020": "L138R", "PA2023": "WT", "PA2491": "V73A, D249N", "PA2492": "P60S, F172I, nt234\u22068", "PA2493": "WT", "PA2494": "WT", "PA2495": "S13P", "PA3047": "WT", "PA3168": "WT", "PA3574": "WT", "PA3721": "G71E, S209R", "PA3999": "WT", "PA4003": "WT", "PA4020": "WT", "PA4109": "E114A, I251V, G283E, M288R", "PA4110": "T21A, T105A, V205L", "PA4266": "WT", "PA4418": "WT", "PA4522": "WT", "PA4597": "WT", "PA4598": "S845A", "PA4599": "H310R, S330A, P383S", "PA4600": "WT", "PA4776": "L71R", "PA4777": "A4T, V15I, G68S, Y345H", "PA4964": "P752T", "PA4967": "D533E", "PA5471": "C40R, A87T, L88P, S112N, D119E, I237V, V243A", "PA5485": "WT"}'; 
INSERT INTO metadata_general(isolate_id, isolate_name, isolate_source, project_name, species) VALUES ('612', 'CAT02-004', 'VALIDATION SET', 'GEMARA', 'Pseudomonas aeruginosa') ON DUPLICATE KEY UPDATE isolate_name = 'CAT02-004', isolate_source = 'VALIDATION SET', project_name = 'GEMARA', species = 'Pseudomonas aeruginosa'; 
INSERT INTO mic(mic_id, isolate_id, ami, ami_clinical_category, azt, azt_clinical_category, cip, cip_clinical_category, col, col_clinical_category, cza, cza_clinical_category, fep, fep_clinical_category, imi, imi_clinical_category, mer, mer_clinical_category, pip, pip_clinical_category, taz, taz_clinical_category, tic, tic_clinical_category, tob, tob_clinical_category, tol, tol_clinical_category) VALUES ('612', '612', '≤2', 'S', '32', 'R', '0.5', 'S', '1', 'S', '8', 'S', '16', 'R', '1', 'S', '4', 'I', '32', 'R', '8', 'S', '128', 'R', '≤0.25', 'S', '1', 'S') ON DUPLICATE KEY UPDATE ami = '≤2', ami_clinical_category = 'S', azt = '32', azt_clinical_category = 'R', cip = '0.5', cip_clinical_category = 'S', col = '1', col_clinical_category = 'S', cza = '8', cza_clinical_category = 'S', fep = '16', fep_clinical_category = 'R', imi = '1', imi_clinical_category = 'S', mer = '4', mer_clinical_category = 'I', pip = '32', pip_clinical_category = 'R', taz = '8', taz_clinical_category = 'S', tic = '128', tic_clinical_category = 'R', tob = '≤0.25', tob_clinical_category = 'S', tol = '1', tol_clinical_category = 'S'; 
INSERT INTO phenotypic_data(phenotypic_data_id, isolate_id, ecdc_resistance_profile) VALUES ('484', '612', 'MDR') ON DUPLICATE KEY UPDATE ecdc_resistance_profile = 'MDR'; 
INSERT INTO sequence_analysis(sequence_analysis_id, isolate_id, ame_loci, beta_lactamase_loci, clonal_complex, mutational_resistome) VALUES ('612', '612', '-', '-', '244', '{"PA0004": "WT", "PA0424": "nt266InsG", "PA0425": "WT", "PA0426": "WT", "PA0427": "WT", "PA0807": "A219T", "PA0958": "WT", "PA1798": "H398R", "PA1799": "WT", "PA2020": "WT", "PA2023": "WT", "PA2491": "A75V, D249N", "PA2492": "P60S, F172I, nt234\u22068", "PA2493": "WT", "PA2494": "WT", "PA2495": "WT", "PA3047": "A340G", "PA3168": "WT", "PA3574": "WT", "PA3721": "WT", "PA3999": "WT", "PA4003": "WT", "PA4020": "M297V, A303V", "PA4109": "WT", "PA4110": "WT", "PA4266": "WT", "PA4418": "WT", "PA4522": "R11L, G148A, D183Y", "PA4597": "D68G, M69V", "PA4598": "S845A", "PA4599": "R76Q, H310R, P383S", "PA4600": "WT", "PA4776": "L71R", "PA4777": "WT", "PA4964": "WT", "PA4967": "WT", "PA5471": "L88P, G157D, D161G, H182Q, V243A", "PA5485": "WT"}') ON DUPLICATE KEY UPDATE ame_loci = '-', beta_lactamase_loci = '-', clonal_complex = '244', mutational_resistome = '{"PA0004": "WT", "PA0424": "nt266InsG", "PA0425": "WT", "PA0426": "WT", "PA0427": "WT", "PA0807": "A219T", "PA0958": "WT", "PA1798": "H398R", "PA1799": "WT", "PA2020": "WT", "PA2023": "WT", "PA2491": "A75V, D249N", "PA2492": "P60S, F172I, nt234\u22068", "PA2493": "WT", "PA2494": "WT", "PA2495": "WT", "PA3047": "A340G", "PA3168": "WT", "PA3574": "WT", "PA3721": "WT", "PA3999": "WT", "PA4003": "WT", "PA4020": "M297V, A303V", "PA4109": "WT", "PA4110": "WT", "PA4266": "WT", "PA4418": "WT", "PA4522": "R11L, G148A, D183Y", "PA4597": "D68G, M69V", "PA4598": "S845A", "PA4599": "R76Q, H310R, P383S", "PA4600": "WT", "PA4776": "L71R", "PA4777": "WT", "PA4964": "WT", "PA4967": "WT", "PA5471": "L88P, G157D, D161G, H182Q, V243A", "PA5485": "WT"}'; 
INSERT INTO metadata_general(isolate_id, isolate_name, isolate_source, project_name, species) VALUES ('636', 'CAT03-001', 'VALIDATION SET', 'GEMARA', 'Pseudomonas aeruginosa') ON DUPLICATE KEY UPDATE isolate_name = 'CAT03-001', isolate_source = 'VALIDATION SET', project_name = 'GEMARA', species = 'Pseudomonas aeruginosa'; 
INSERT INTO mic(mic_id, isolate_id, ami, ami_clinical_category, azt, azt_clinical_category, cip, cip_clinical_category, col, col_clinical_category, cza, cza_clinical_category, fep, fep_clinical_category, imi, imi_clinical_category, mer, mer_clinical_category, pip, pip_clinical_category, taz, taz_clinical_category, tic, tic_clinical_category, tob, tob_clinical_category, tol, tol_clinical_category) VALUES ('636', '636', '4', 'S', '8', 'S', '0.25', 'S', '1', 'S', '2', 'S', '2', 'S', '2', 'S', '1', 'S', '8', 'S', '2', 'S', '64', 'R', '0.5', 'S', '≤0.5', 'S') ON DUPLICATE KEY UPDATE ami = '4', ami_clinical_category = 'S', azt = '8', azt_clinical_category = 'S', cip = '0.25', cip_clinical_category = 'S', col = '1', col_clinical_category = 'S', cza = '2', cza_clinical_category = 'S', fep = '2', fep_clinical_category = 'S', imi = '2', imi_clinical_category = 'S', mer = '1', mer_clinical_category = 'S', pip = '8', pip_clinical_category = 'S', taz = '2', taz_clinical_category = 'S', tic = '64', tic_clinical_category = 'R', tob = '0.5', tob_clinical_category = 'S', tol = '≤0.5', tol_clinical_category = 'S'; 
INSERT INTO phenotypic_data(phenotypic_data_id, isolate_id, ecdc_resistance_profile) VALUES ('513', '636', 'S') ON DUPLICATE KEY UPDATE ecdc_resistance_profile = 'S'; 
INSERT INTO sequence_analysis(sequence_analysis_id, isolate_id, ame_loci, beta_lactamase_loci, clonal_complex, mutational_resistome) VALUES ('636', '636', '-', '-', '313', '{"PA0004": "WT", "PA0424": "V126E", "PA0425": "WT", "PA0426": "WT", "PA0427": "D448N", "PA0807": "WT", "PA0958": "WT", "PA1798": "H398R", "PA1799": "L153R, S170N", "PA2020": "WT", "PA2023": "WT", "PA2491": "V73A, D249N", "PA2492": "P60S, F172I, nt234\u22068", "PA2493": "WT", "PA2494": "WT", "PA2495": "A4T, S13P", "PA3047": "WT", "PA3168": "WT", "PA3574": "WT", "PA3721": "G71E, A145V, S209R", "PA3999": "WT", "PA4003": "WT", "PA4020": "M297V", "PA4109": "E114A, I251V, G283E, M288R", "PA4110": "P7S, G27D, T105A, V205L, V356I, G391A", "PA4266": "WT", "PA4418": "WT", "PA4522": "WT", "PA4597": "WT", "PA4598": "S845A, K1031R", "PA4599": "S330A", "PA4600": "WT", "PA4776": "L71R", "PA4777": "Y345H", "PA4964": "WT", "PA4967": "D533E", "PA5471": "C40R, L88P, S112N, D119E, D207N, I237V, V243A", "PA5485": "V89D"}') ON DUPLICATE KEY UPDATE ame_loci = '-', beta_lactamase_loci = '-', clonal_complex = '313', mutational_resistome = '{"PA0004": "WT", "PA0424": "V126E", "PA0425": "WT", "PA0426": "WT", "PA0427": "D448N", "PA0807": "WT", "PA0958": "WT", "PA1798": "H398R", "PA1799": "L153R, S170N", "PA2020": "WT", "PA2023": "WT", "PA2491": "V73A, D249N", "PA2492": "P60S, F172I, nt234\u22068", "PA2493": "WT", "PA2494": "WT", "PA2495": "A4T, S13P", "PA3047": "WT", "PA3168": "WT", "PA3574": "WT", "PA3721": "G71E, A145V, S209R", "PA3999": "WT", "PA4003": "WT", "PA4020": "M297V", "PA4109": "E114A, I251V, G283E, M288R", "PA4110": "P7S, G27D, T105A, V205L, V356I, G391A", "PA4266": "WT", "PA4418": "WT", "PA4522": "WT", "PA4597": "WT", "PA4598": "S845A, K1031R", "PA4599": "S330A", "PA4600": "WT", "PA4776": "L71R", "PA4777": "Y345H", "PA4964": "WT", "PA4967": "D533E", "PA5471": "C40R, L88P, S112N, D119E, D207N, I237V, V243A", "PA5485": "V89D"}'; 
INSERT INTO metadata_general(isolate_id, isolate_name, isolate_source, project_name, species) VALUES ('653', 'CAT03-002', 'VALIDATION SET', 'GEMARA', 'Pseudomonas aeruginosa') ON DUPLICATE KEY UPDATE isolate_name = 'CAT03-002', isolate_source = 'VALIDATION SET', project_name = 'GEMARA', species = 'Pseudomonas aeruginosa'; 
INSERT INTO mic(mic_id, isolate_id, ami, ami_clinical_category, azt, azt_clinical_category, cip, cip_clinical_category, col, col_clinical_category, cza, cza_clinical_category, fep, fep_clinical_category, imi, imi_clinical_category, mer, mer_clinical_category, pip, pip_clinical_category, taz, taz_clinical_category, tic, tic_clinical_category, tob, tob_clinical_category, tol, tol_clinical_category) VALUES ('653', '653', '≤2', 'S', '≤2', 'S', '1', 'R', '2', 'S', '1', 'S', '2', 'S', '4', 'S', '1', 'S', '≤4', 'S', '2', 'S', '16', 'S', '≤0.25', 'S', '1', 'S') ON DUPLICATE KEY UPDATE ami = '≤2', ami_clinical_category = 'S', azt = '≤2', azt_clinical_category = 'S', cip = '1', cip_clinical_category = 'R', col = '2', col_clinical_category = 'S', cza = '1', cza_clinical_category = 'S', fep = '2', fep_clinical_category = 'S', imi = '4', imi_clinical_category = 'S', mer = '1', mer_clinical_category = 'S', pip = '≤4', pip_clinical_category = 'S', taz = '2', taz_clinical_category = 'S', tic = '16', tic_clinical_category = 'S', tob = '≤0.25', tob_clinical_category = 'S', tol = '1', tol_clinical_category = 'S'; 
INSERT INTO phenotypic_data(phenotypic_data_id, isolate_id, ecdc_resistance_profile) VALUES ('530', '653', 'R') ON DUPLICATE KEY UPDATE ecdc_resistance_profile = 'R'; 
INSERT INTO sequence_analysis(sequence_analysis_id, isolate_id, ame_loci, beta_lactamase_loci, clonal_complex, mutational_resistome) VALUES ('653', '653', '-', '-', '179', '{"PA0004": "WT", "PA0424": "WT", "PA0425": "WT", "PA0426": "WT", "PA0427": "WT", "PA0807": "A219T", "PA0958": "WT", "PA1798": "H398R", "PA1799": "WT", "PA2020": "WT", "PA2023": "WT", "PA2491": "K43E, D249N", "PA2492": "F172I, nt234\u22068", "PA2493": "WT", "PA2494": "WT", "PA2495": "WT", "PA3047": "WT", "PA3168": "WT", "PA3574": "WT", "PA3721": "G71E, S209R", "PA3999": "WT", "PA4003": "WT", "PA4020": "M297V, A303V", "PA4109": "WT", "PA4110": "T105A, L176R", "PA4266": "WT", "PA4418": "WT", "PA4522": "Q44H, G148A, D183Y", "PA4597": "D68G, M69V, Q267R", "PA4598": "A566T, V607A, S845A", "PA4599": "WT", "PA4600": "WT", "PA4776": "R122H", "PA4777": "Y345H", "PA4964": "WT", "PA4967": "WT", "PA5471": "L88P, D161G, H182Q, V243A", "PA5485": "WT"}') ON DUPLICATE KEY UPDATE ame_loci = '-', beta_lactamase_loci = '-', clonal_complex = '179', mutational_resistome = '{"PA0004": "WT", "PA0424": "WT", "PA0425": "WT", "PA0426": "WT", "PA0427": "WT", "PA0807": "A219T", "PA0958": "WT", "PA1798": "H398R", "PA1799": "WT", "PA2020": "WT", "PA2023": "WT", "PA2491": "K43E, D249N", "PA2492": "F172I, nt234\u22068", "PA2493": "WT", "PA2494": "WT", "PA2495": "WT", "PA3047": "WT", "PA3168": "WT", "PA3574": "WT", "PA3721": "G71E, S209R", "PA3999": "WT", "PA4003": "WT", "PA4020": "M297V, A303V", "PA4109": "WT", "PA4110": "T105A, L176R", "PA4266": "WT", "PA4418": "WT", "PA4522": "Q44H, G148A, D183Y", "PA4597": "D68G, M69V, Q267R", "PA4598": "A566T, V607A, S845A", "PA4599": "WT", "PA4600": "WT", "PA4776": "R122H", "PA4777": "Y345H", "PA4964": "WT", "PA4967": "WT", "PA5471": "L88P, D161G, H182Q, V243A", "PA5485": "WT"}'; 
INSERT INTO metadata_general(isolate_id, isolate_name, isolate_source, project_name, species) VALUES ('63', 'CAT03-004', 'VALIDATION SET', 'GEMARA', 'Pseudomonas aeruginosa') ON DUPLICATE KEY UPDATE isolate_name = 'CAT03-004', isolate_source = 'VALIDATION SET', project_name = 'GEMARA', species = 'Pseudomonas aeruginosa'; 
INSERT INTO mic(mic_id, isolate_id, ami, ami_clinical_category, azt, azt_clinical_category, cip, cip_clinical_category, col, col_clinical_category, cza, cza_clinical_category, fep, fep_clinical_category, imi, imi_clinical_category, mer, mer_clinical_category, pip, pip_clinical_category, taz, taz_clinical_category, tic, tic_clinical_category, tob, tob_clinical_category, tol, tol_clinical_category) VALUES ('63', '63', '4', 'S', '16', 'S', '>16', 'R', '2', 'S', '8', 'S', '16', 'R', '16', 'R', '16', 'R', '128', 'R', '32', 'R', '256', 'R', '>32', 'R', '2', 'S') ON DUPLICATE KEY UPDATE ami = '4', ami_clinical_category = 'S', azt = '16', azt_clinical_category = 'S', cip = '>16', cip_clinical_category = 'R', col = '2', col_clinical_category = 'S', cza = '8', cza_clinical_category = 'S', fep = '16', fep_clinical_category = 'R', imi = '16', imi_clinical_category = 'R', mer = '16', mer_clinical_category = 'R', pip = '128', pip_clinical_category = 'R', taz = '32', taz_clinical_category = 'R', tic = '256', tic_clinical_category = 'R', tob = '>32', tob_clinical_category = 'R', tol = '2', tol_clinical_category = 'S'; 
INSERT INTO phenotypic_data(phenotypic_data_id, isolate_id, ecdc_resistance_profile) VALUES ('535', '63', 'XDR') ON DUPLICATE KEY UPDATE ecdc_resistance_profile = 'XDR'; 
INSERT INTO sequence_analysis(sequence_analysis_id, isolate_id, ame_loci, beta_lactamase_loci, clonal_complex, mutational_resistome) VALUES ('63', '63', 'aadB', '-', '175', '{"PA0004": "WT", "PA0424": "WT", "PA0425": "WT", "PA0426": "WT", "PA0427": "WT", "PA0807": "A219T", "PA0958": "Q142X", "PA1798": "H398R", "PA1799": "WT", "PA2020": "G195D", "PA2023": "WT", "PA2491": "D249N", "PA2492": "P60S, F172I, nt234\u22068", "PA2493": "WT", "PA2494": "WT", "PA2495": "WT", "PA3047": "WT", "PA3168": "T83I, D87N", "PA3574": "WT", "PA3721": "G71E, A186T", "PA3999": "WT", "PA4003": "WT", "PA4020": "WT", "PA4109": "G154R", "PA4110": "WT", "PA4266": "WT", "PA4418": "WT", "PA4522": "G148A, D183Y", "PA4597": "M69V", "PA4598": "E257Q, S845A", "PA4599": "E26A, H310R, S330A, P383S", "PA4600": "WT", "PA4776": "WT", "PA4777": "Y345H", "PA4964": "S87W, L168Q", "PA4967": "WT", "PA5471": "L88P, D161G, H182Q, V243A, V266M", "PA5485": "WT"}') ON DUPLICATE KEY UPDATE ame_loci = 'aadB', beta_lactamase_loci = '-', clonal_complex = '175', mutational_resistome = '{"PA0004": "WT", "PA0424": "WT", "PA0425": "WT", "PA0426": "WT", "PA0427": "WT", "PA0807": "A219T", "PA0958": "Q142X", "PA1798": "H398R", "PA1799": "WT", "PA2020": "G195D", "PA2023": "WT", "PA2491": "D249N", "PA2492": "P60S, F172I, nt234\u22068", "PA2493": "WT", "PA2494": "WT", "PA2495": "WT", "PA3047": "WT", "PA3168": "T83I, D87N", "PA3574": "WT", "PA3721": "G71E, A186T", "PA3999": "WT", "PA4003": "WT", "PA4020": "WT", "PA4109": "G154R", "PA4110": "WT", "PA4266": "WT", "PA4418": "WT", "PA4522": "G148A, D183Y", "PA4597": "M69V", "PA4598": "E257Q, S845A", "PA4599": "E26A, H310R, S330A, P383S", "PA4600": "WT", "PA4776": "WT", "PA4777": "Y345H", "PA4964": "S87W, L168Q", "PA4967": "WT", "PA5471": "L88P, D161G, H182Q, V243A, V266M", "PA5485": "WT"}'; 
INSERT INTO metadata_general(isolate_id, isolate_name, isolate_source, project_name, species) VALUES ('640', 'CAT03-005', 'VALIDATION SET', 'GEMARA', 'Pseudomonas aeruginosa') ON DUPLICATE KEY UPDATE isolate_name = 'CAT03-005', isolate_source = 'VALIDATION SET', project_name = 'GEMARA', species = 'Pseudomonas aeruginosa'; 
INSERT INTO mic(mic_id, isolate_id, ami, ami_clinical_category, azt, azt_clinical_category, cip, cip_clinical_category, col, col_clinical_category, cza, cza_clinical_category, fep, fep_clinical_category, imi, imi_clinical_category, mer, mer_clinical_category, pip, pip_clinical_category, taz, taz_clinical_category, tic, tic_clinical_category, tob, tob_clinical_category, tol, tol_clinical_category) VALUES ('640', '640', '≤2', 'S', '4', 'S', '≤0.12', 'S', '1', 'S', '2', 'S', '2', 'S', '2', 'S', '≤0.5', 'S', '≤4', 'S', '2', 'S', '32', 'R', '≤0.25', 'S', '1', 'S') ON DUPLICATE KEY UPDATE ami = '≤2', ami_clinical_category = 'S', azt = '4', azt_clinical_category = 'S', cip = '≤0.12', cip_clinical_category = 'S', col = '1', col_clinical_category = 'S', cza = '2', cza_clinical_category = 'S', fep = '2', fep_clinical_category = 'S', imi = '2', imi_clinical_category = 'S', mer = '≤0.5', mer_clinical_category = 'S', pip = '≤4', pip_clinical_category = 'S', taz = '2', taz_clinical_category = 'S', tic = '32', tic_clinical_category = 'R', tob = '≤0.25', tob_clinical_category = 'S', tol = '1', tol_clinical_category = 'S'; 
INSERT INTO phenotypic_data(phenotypic_data_id, isolate_id, ecdc_resistance_profile) VALUES ('517', '640', 'S') ON DUPLICATE KEY UPDATE ecdc_resistance_profile = 'S'; 
INSERT INTO sequence_analysis(sequence_analysis_id, isolate_id, ame_loci, beta_lactamase_loci, clonal_complex, mutational_resistome) VALUES ('640', '640', '-', '-', '253', '{"PA0004": "WT", "PA0424": "V126E", "PA0425": "WT", "PA0426": "WT", "PA0427": "WT", "PA0807": "WT", "PA0958": "WT", "PA1798": "H398R", "PA1799": "L153R, S170N", "PA2020": "N186S", "PA2023": "WT", "PA2491": "D249N", "PA2492": "F172I, nt234\u22068", "PA2493": "WT", "PA2494": "WT", "PA2495": "S13P", "PA3047": "Q156H", "PA3168": "aa911\u22062", "PA3574": "WT", "PA3721": "G71E, A145V, S209R", "PA3999": "WT", "PA4003": "WT", "PA4020": "M297V", "PA4109": "E114A, G283E, M288R", "PA4110": "G27D, A55T, T105A, Q155R, V205L, G391A", "PA4266": "WT", "PA4418": "WT", "PA4522": "WT", "PA4597": "D68G, M69V", "PA4598": "T87S, A155T, E257Q, V660I, S845A, I982V, K1031R, S1040T", "PA4599": "P47S, R76Q, H310R, S330A, A378T", "PA4600": "R21H, D56G", "PA4776": "WT", "PA4777": "A4T, V15I, G68S, Y345H", "PA4964": "WT", "PA4967": "D533E", "PA5471": "C40R, L88P, S112N, D119E, I237V, V243A", "PA5485": "WT"}') ON DUPLICATE KEY UPDATE ame_loci = '-', beta_lactamase_loci = '-', clonal_complex = '253', mutational_resistome = '{"PA0004": "WT", "PA0424": "V126E", "PA0425": "WT", "PA0426": "WT", "PA0427": "WT", "PA0807": "WT", "PA0958": "WT", "PA1798": "H398R", "PA1799": "L153R, S170N", "PA2020": "N186S", "PA2023": "WT", "PA2491": "D249N", "PA2492": "F172I, nt234\u22068", "PA2493": "WT", "PA2494": "WT", "PA2495": "S13P", "PA3047": "Q156H", "PA3168": "aa911\u22062", "PA3574": "WT", "PA3721": "G71E, A145V, S209R", "PA3999": "WT", "PA4003": "WT", "PA4020": "M297V", "PA4109": "E114A, G283E, M288R", "PA4110": "G27D, A55T, T105A, Q155R, V205L, G391A", "PA4266": "WT", "PA4418": "WT", "PA4522": "WT", "PA4597": "D68G, M69V", "PA4598": "T87S, A155T, E257Q, V660I, S845A, I982V, K1031R, S1040T", "PA4599": "P47S, R76Q, H310R, S330A, A378T", "PA4600": "R21H, D56G", "PA4776": "WT", "PA4777": "A4T, V15I, G68S, Y345H", "PA4964": "WT", "PA4967": "D533E", "PA5471": "C40R, L88P, S112N, D119E, I237V, V243A", "PA5485": "WT"}'; 
INSERT INTO metadata_general(isolate_id, isolate_name, isolate_source, project_name, species) VALUES ('64', 'CAT04-001', 'VALIDATION SET', 'GEMARA', 'Pseudomonas aeruginosa') ON DUPLICATE KEY UPDATE isolate_name = 'CAT04-001', isolate_source = 'VALIDATION SET', project_name = 'GEMARA', species = 'Pseudomonas aeruginosa'; 
INSERT INTO mic(mic_id, isolate_id, ami, ami_clinical_category, azt, azt_clinical_category, cip, cip_clinical_category, col, col_clinical_category, cza, cza_clinical_category, fep, fep_clinical_category, imi, imi_clinical_category, mer, mer_clinical_category, pip, pip_clinical_category, taz, taz_clinical_category, tic, tic_clinical_category, tob, tob_clinical_category, tol, tol_clinical_category) VALUES ('64', '64', '4', 'S', '64', 'R', '>16', 'R', '2', 'S', '32', 'R', '64', 'R', '16', 'R', '32', 'R', '256', 'R', '64', 'R', '256', 'R', '0.5', 'S', '4', 'S') ON DUPLICATE KEY UPDATE ami = '4', ami_clinical_category = 'S', azt = '64', azt_clinical_category = 'R', cip = '>16', cip_clinical_category = 'R', col = '2', col_clinical_category = 'S', cza = '32', cza_clinical_category = 'R', fep = '64', fep_clinical_category = 'R', imi = '16', imi_clinical_category = 'R', mer = '32', mer_clinical_category = 'R', pip = '256', pip_clinical_category = 'R', taz = '64', taz_clinical_category = 'R', tic = '256', tic_clinical_category = 'R', tob = '0.5', tob_clinical_category = 'S', tol = '4', tol_clinical_category = 'S'; 
INSERT INTO phenotypic_data(phenotypic_data_id, isolate_id, ecdc_resistance_profile) VALUES ('569', '64', 'XDR') ON DUPLICATE KEY UPDATE ecdc_resistance_profile = 'XDR'; 
INSERT INTO sequence_analysis(sequence_analysis_id, isolate_id, ame_loci, beta_lactamase_loci, clonal_complex, mutational_resistome) VALUES ('64', '64', '-', '-', '253', '{"PA0004": "WT", "PA0424": "R73L, V126E", "PA0425": "WT", "PA0426": "WT", "PA0427": "WT", "PA0807": "WT", "PA0958": "nt1206InsC", "PA1798": "H398R", "PA1799": "L153R, S170N", "PA2020": "L138R, N186S", "PA2023": "WT", "PA2491": "D249N", "PA2492": "F172I, nt234\u22068", "PA2493": "WT", "PA2494": "WT", "PA2495": "S13P", "PA3047": "Q156H", "PA3168": "T83I, aa911\u22062", "PA3574": "WT", "PA3721": "G71E, A145V, S209R", "PA3999": "WT", "PA4003": "A481T", "PA4020": "M297V, V420M", "PA4109": "E114A, G283E, M288R", "PA4110": "G27D, A55T, T105A, Q155R, V205L, G391A", "PA4266": "WT", "PA4418": "WT", "PA4522": "S75F", "PA4597": "D68G, M69V", "PA4598": "T87S, A155T, E257Q, V660I, S845A, I982V, K1031R, S1040T", "PA4599": "P47S, R76Q, H310R, S330A, A378T, A384V", "PA4600": "R21H, D56G", "PA4776": "WT", "PA4777": "A4T, V15I, G68S, Y345H", "PA4964": "S87W", "PA4967": "D533E", "PA5471": "C40R, L88P, S112N, D119E, I237V, V243A", "PA5485": "WT"}') ON DUPLICATE KEY UPDATE ame_loci = '-', beta_lactamase_loci = '-', clonal_complex = '253', mutational_resistome = '{"PA0004": "WT", "PA0424": "R73L, V126E", "PA0425": "WT", "PA0426": "WT", "PA0427": "WT", "PA0807": "WT", "PA0958": "nt1206InsC", "PA1798": "H398R", "PA1799": "L153R, S170N", "PA2020": "L138R, N186S", "PA2023": "WT", "PA2491": "D249N", "PA2492": "F172I, nt234\u22068", "PA2493": "WT", "PA2494": "WT", "PA2495": "S13P", "PA3047": "Q156H", "PA3168": "T83I, aa911\u22062", "PA3574": "WT", "PA3721": "G71E, A145V, S209R", "PA3999": "WT", "PA4003": "A481T", "PA4020": "M297V, V420M", "PA4109": "E114A, G283E, M288R", "PA4110": "G27D, A55T, T105A, Q155R, V205L, G391A", "PA4266": "WT", "PA4418": "WT", "PA4522": "S75F", "PA4597": "D68G, M69V", "PA4598": "T87S, A155T, E257Q, V660I, S845A, I982V, K1031R, S1040T", "PA4599": "P47S, R76Q, H310R, S330A, A378T, A384V", "PA4600": "R21H, D56G", "PA4776": "WT", "PA4777": "A4T, V15I, G68S, Y345H", "PA4964": "S87W", "PA4967": "D533E", "PA5471": "C40R, L88P, S112N, D119E, I237V, V243A", "PA5485": "WT"}'; 
INSERT INTO metadata_general(isolate_id, isolate_name, isolate_source, project_name, species) VALUES ('664', 'CAT04-002', 'VALIDATION SET', 'GEMARA', 'Pseudomonas aeruginosa') ON DUPLICATE KEY UPDATE isolate_name = 'CAT04-002', isolate_source = 'VALIDATION SET', project_name = 'GEMARA', species = 'Pseudomonas aeruginosa'; 
INSERT INTO mic(mic_id, isolate_id, ami, ami_clinical_category, azt, azt_clinical_category, cip, cip_clinical_category, col, col_clinical_category, cza, cza_clinical_category, fep, fep_clinical_category, imi, imi_clinical_category, mer, mer_clinical_category, pip, pip_clinical_category, taz, taz_clinical_category, tic, tic_clinical_category, tob, tob_clinical_category, tol, tol_clinical_category) VALUES ('664', '664', '≤2', 'S', '4', 'S', '≤0.12', 'S', '1', 'S', '2', 'S', '2', 'S', '2', 'S', '≤0.5', 'S', '≤4', 'S', '2', 'S', '32', 'R', '≤0.25', 'S', '1', 'S') ON DUPLICATE KEY UPDATE ami = '≤2', ami_clinical_category = 'S', azt = '4', azt_clinical_category = 'S', cip = '≤0.12', cip_clinical_category = 'S', col = '1', col_clinical_category = 'S', cza = '2', cza_clinical_category = 'S', fep = '2', fep_clinical_category = 'S', imi = '2', imi_clinical_category = 'S', mer = '≤0.5', mer_clinical_category = 'S', pip = '≤4', pip_clinical_category = 'S', taz = '2', taz_clinical_category = 'S', tic = '32', tic_clinical_category = 'R', tob = '≤0.25', tob_clinical_category = 'S', tol = '1', tol_clinical_category = 'S'; 
INSERT INTO phenotypic_data(phenotypic_data_id, isolate_id, ecdc_resistance_profile) VALUES ('542', '664', 'S') ON DUPLICATE KEY UPDATE ecdc_resistance_profile = 'S'; 
INSERT INTO sequence_analysis(sequence_analysis_id, isolate_id, ame_loci, beta_lactamase_loci, clonal_complex, mutational_resistome) VALUES ('664', '664', '-', '-', '281', '{"PA0004": "WT", "PA0424": "WT", "PA0425": "D373N", "PA0426": "WT", "PA0427": "V72L", "PA0807": "I67T, A219T", "PA0958": "WT", "PA1798": "H398R", "PA1799": "WT", "PA2020": "WT", "PA2023": "WT", "PA2491": "V77I, D249N", "PA2492": "F172I, nt234\u22068", "PA2493": "WT", "PA2494": "WT", "PA2495": "WT", "PA3047": "A394P", "PA3168": "WT", "PA3574": "WT", "PA3721": "G71E, S209R", "PA3999": "WT", "PA4003": "WT", "PA4020": "WT", "PA4109": "WT", "PA4110": "WT", "PA4266": "WT", "PA4418": "WT", "PA4522": "G148A, S175L", "PA4597": "M69V, Q267R", "PA4598": "E257Q, S845A", "PA4599": "WT", "PA4600": "WT", "PA4776": "L71R", "PA4777": "A4T, H311Q, Y345H, A413T", "PA4964": "WT", "PA4967": "WT", "PA5471": "L88P, D161G, H182Q, V243A", "PA5485": "T258A"}') ON DUPLICATE KEY UPDATE ame_loci = '-', beta_lactamase_loci = '-', clonal_complex = '281', mutational_resistome = '{"PA0004": "WT", "PA0424": "WT", "PA0425": "D373N", "PA0426": "WT", "PA0427": "V72L", "PA0807": "I67T, A219T", "PA0958": "WT", "PA1798": "H398R", "PA1799": "WT", "PA2020": "WT", "PA2023": "WT", "PA2491": "V77I, D249N", "PA2492": "F172I, nt234\u22068", "PA2493": "WT", "PA2494": "WT", "PA2495": "WT", "PA3047": "A394P", "PA3168": "WT", "PA3574": "WT", "PA3721": "G71E, S209R", "PA3999": "WT", "PA4003": "WT", "PA4020": "WT", "PA4109": "WT", "PA4110": "WT", "PA4266": "WT", "PA4418": "WT", "PA4522": "G148A, S175L", "PA4597": "M69V, Q267R", "PA4598": "E257Q, S845A", "PA4599": "WT", "PA4600": "WT", "PA4776": "L71R", "PA4777": "A4T, H311Q, Y345H, A413T", "PA4964": "WT", "PA4967": "WT", "PA5471": "L88P, D161G, H182Q, V243A", "PA5485": "T258A"}'; 
INSERT INTO metadata_general(isolate_id, isolate_name, isolate_source, project_name, species) VALUES ('683', 'CAT04-003', 'VALIDATION SET', 'GEMARA', 'Pseudomonas aeruginosa') ON DUPLICATE KEY UPDATE isolate_name = 'CAT04-003', isolate_source = 'VALIDATION SET', project_name = 'GEMARA', species = 'Pseudomonas aeruginosa'; 
INSERT INTO mic(mic_id, isolate_id, ami, ami_clinical_category, azt, azt_clinical_category, cip, cip_clinical_category, col, col_clinical_category, cza, cza_clinical_category, fep, fep_clinical_category, imi, imi_clinical_category, mer, mer_clinical_category, pip, pip_clinical_category, taz, taz_clinical_category, tic, tic_clinical_category, tob, tob_clinical_category, tol, tol_clinical_category) VALUES ('683', '683', '≤2', 'S', '4', 'S', '≤0.12', 'S', '1', 'S', '2', 'S', '4', 'S', '1', 'S', '≤0.5', 'S', '8', 'S', '2', 'S', '32', 'R', '0.5', 'S', '≤0.5', 'S') ON DUPLICATE KEY UPDATE ami = '≤2', ami_clinical_category = 'S', azt = '4', azt_clinical_category = 'S', cip = '≤0.12', cip_clinical_category = 'S', col = '1', col_clinical_category = 'S', cza = '2', cza_clinical_category = 'S', fep = '4', fep_clinical_category = 'S', imi = '1', imi_clinical_category = 'S', mer = '≤0.5', mer_clinical_category = 'S', pip = '8', pip_clinical_category = 'S', taz = '2', taz_clinical_category = 'S', tic = '32', tic_clinical_category = 'R', tob = '0.5', tob_clinical_category = 'S', tol = '≤0.5', tol_clinical_category = 'S'; 
INSERT INTO phenotypic_data(phenotypic_data_id, isolate_id, ecdc_resistance_profile) VALUES ('561', '683', 'S') ON DUPLICATE KEY UPDATE ecdc_resistance_profile = 'S'; 
INSERT INTO sequence_analysis(sequence_analysis_id, isolate_id, ame_loci, beta_lactamase_loci, clonal_complex, mutational_resistome) VALUES ('683', '683', '-', '-', '262', '{"PA0004": "WT", "PA0424": "WT", "PA0425": "WT", "PA0426": "I745V, V1014I", "PA0427": "WT", "PA0807": "A219T", "PA0958": "WT", "PA1798": "H398R", "PA1799": "WT", "PA2020": "WT", "PA2023": "WT", "PA2491": "D249N", "PA2492": "F172I, nt234\u22068", "PA2493": "WT", "PA2494": "WT", "PA2495": "G16S", "PA3047": "WT", "PA3168": "WT", "PA3574": "WT", "PA3721": "G71E, S209R", "PA3999": "T286S", "PA4003": "WT", "PA4020": "R322Q", "PA4109": "WT", "PA4110": "R79Q, T105A", "PA4266": "WT", "PA4418": "WT", "PA4522": "G148A", "PA4597": "M69V", "PA4598": "E257Q, S845A", "PA4599": "S330A", "PA4600": "A170T", "PA4776": "L71R", "PA4777": "Y345H", "PA4964": "WT", "PA4967": "D533E", "PA5471": "L88P, D161G, H182Q, V243A", "PA5485": "WT"}') ON DUPLICATE KEY UPDATE ame_loci = '-', beta_lactamase_loci = '-', clonal_complex = '262', mutational_resistome = '{"PA0004": "WT", "PA0424": "WT", "PA0425": "WT", "PA0426": "I745V, V1014I", "PA0427": "WT", "PA0807": "A219T", "PA0958": "WT", "PA1798": "H398R", "PA1799": "WT", "PA2020": "WT", "PA2023": "WT", "PA2491": "D249N", "PA2492": "F172I, nt234\u22068", "PA2493": "WT", "PA2494": "WT", "PA2495": "G16S", "PA3047": "WT", "PA3168": "WT", "PA3574": "WT", "PA3721": "G71E, S209R", "PA3999": "T286S", "PA4003": "WT", "PA4020": "R322Q", "PA4109": "WT", "PA4110": "R79Q, T105A", "PA4266": "WT", "PA4418": "WT", "PA4522": "G148A", "PA4597": "M69V", "PA4598": "E257Q, S845A", "PA4599": "S330A", "PA4600": "A170T", "PA4776": "L71R", "PA4777": "Y345H", "PA4964": "WT", "PA4967": "D533E", "PA5471": "L88P, D161G, H182Q, V243A", "PA5485": "WT"}'; 
INSERT INTO metadata_general(isolate_id, isolate_name, isolate_source, project_name, species) VALUES ('684', 'CAT04-004', 'VALIDATION SET', 'GEMARA', 'Pseudomonas aeruginosa') ON DUPLICATE KEY UPDATE isolate_name = 'CAT04-004', isolate_source = 'VALIDATION SET', project_name = 'GEMARA', species = 'Pseudomonas aeruginosa'; 
INSERT INTO mic(mic_id, isolate_id, ami, ami_clinical_category, azt, azt_clinical_category, cip, cip_clinical_category, col, col_clinical_category, cza, cza_clinical_category, fep, fep_clinical_category, imi, imi_clinical_category, mer, mer_clinical_category, pip, pip_clinical_category, taz, taz_clinical_category, tic, tic_clinical_category, tob, tob_clinical_category, tol, tol_clinical_category) VALUES ('684', '684', '≤2', 'S', '4', 'S', '≤0.12', 'S', '1', 'S', '2', 'S', '2', 'S', '1', 'S', '≤0.5', 'S', '≤4', 'S', '2', 'S', '32', 'R', '≤0.25', 'S', '1', 'S') ON DUPLICATE KEY UPDATE ami = '≤2', ami_clinical_category = 'S', azt = '4', azt_clinical_category = 'S', cip = '≤0.12', cip_clinical_category = 'S', col = '1', col_clinical_category = 'S', cza = '2', cza_clinical_category = 'S', fep = '2', fep_clinical_category = 'S', imi = '1', imi_clinical_category = 'S', mer = '≤0.5', mer_clinical_category = 'S', pip = '≤4', pip_clinical_category = 'S', taz = '2', taz_clinical_category = 'S', tic = '32', tic_clinical_category = 'R', tob = '≤0.25', tob_clinical_category = 'S', tol = '1', tol_clinical_category = 'S'; 
INSERT INTO phenotypic_data(phenotypic_data_id, isolate_id, ecdc_resistance_profile) VALUES ('562', '684', 'S') ON DUPLICATE KEY UPDATE ecdc_resistance_profile = 'S'; 
INSERT INTO sequence_analysis(sequence_analysis_id, isolate_id, ame_loci, beta_lactamase_loci, clonal_complex, mutational_resistome) VALUES ('684', '684', '-', '-', '281', '{"PA0004": "WT", "PA0424": "WT", "PA0425": "D373N", "PA0426": "WT", "PA0427": "V72L", "PA0807": "I67T, A219T", "PA0958": "WT", "PA1798": "H398R", "PA1799": "WT", "PA2020": "WT", "PA2023": "WT", "PA2491": "V77I, D249N", "PA2492": "F172I, nt234\u22068", "PA2493": "WT", "PA2494": "WT", "PA2495": "WT", "PA3047": "A394P", "PA3168": "WT", "PA3574": "WT", "PA3721": "G71E, S209R", "PA3999": "WT", "PA4003": "WT", "PA4020": "WT", "PA4109": "WT", "PA4110": "WT", "PA4266": "WT", "PA4418": "WT", "PA4522": "G148A, S175L", "PA4597": "M69V, Q267R", "PA4598": "E257Q, S845A", "PA4599": "WT", "PA4600": "WT", "PA4776": "L71R", "PA4777": "S2P, A4T, H311Q, Y345H, A413T", "PA4964": "WT", "PA4967": "WT", "PA5471": "L88P, D161G, H182Q, V243A", "PA5485": "T258A"}') ON DUPLICATE KEY UPDATE ame_loci = '-', beta_lactamase_loci = '-', clonal_complex = '281', mutational_resistome = '{"PA0004": "WT", "PA0424": "WT", "PA0425": "D373N", "PA0426": "WT", "PA0427": "V72L", "PA0807": "I67T, A219T", "PA0958": "WT", "PA1798": "H398R", "PA1799": "WT", "PA2020": "WT", "PA2023": "WT", "PA2491": "V77I, D249N", "PA2492": "F172I, nt234\u22068", "PA2493": "WT", "PA2494": "WT", "PA2495": "WT", "PA3047": "A394P", "PA3168": "WT", "PA3574": "WT", "PA3721": "G71E, S209R", "PA3999": "WT", "PA4003": "WT", "PA4020": "WT", "PA4109": "WT", "PA4110": "WT", "PA4266": "WT", "PA4418": "WT", "PA4522": "G148A, S175L", "PA4597": "M69V, Q267R", "PA4598": "E257Q, S845A", "PA4599": "WT", "PA4600": "WT", "PA4776": "L71R", "PA4777": "S2P, A4T, H311Q, Y345H, A413T", "PA4964": "WT", "PA4967": "WT", "PA5471": "L88P, D161G, H182Q, V243A", "PA5485": "T258A"}'; 
INSERT INTO metadata_general(isolate_id, isolate_name, isolate_source, project_name, species) VALUES ('67', 'CAT05-001', 'VALIDATION SET', 'GEMARA', 'Pseudomonas aeruginosa') ON DUPLICATE KEY UPDATE isolate_name = 'CAT05-001', isolate_source = 'VALIDATION SET', project_name = 'GEMARA', species = 'Pseudomonas aeruginosa'; 
INSERT INTO mic(mic_id, isolate_id, ami, ami_clinical_category, azt, azt_clinical_category, cip, cip_clinical_category, col, col_clinical_category, cza, cza_clinical_category, fep, fep_clinical_category, imi, imi_clinical_category, mer, mer_clinical_category, pip, pip_clinical_category, taz, taz_clinical_category, tic, tic_clinical_category, tob, tob_clinical_category, tol, tol_clinical_category) VALUES ('67', '67', '≤2', 'S', '8', 'S', '>16', 'R', '1', 'S', '4', 'S', '16', 'R', '8', 'R', '4', 'I', '64', 'R', '16', 'R', '64', 'R', '16', 'R', '2', 'S') ON DUPLICATE KEY UPDATE ami = '≤2', ami_clinical_category = 'S', azt = '8', azt_clinical_category = 'S', cip = '>16', cip_clinical_category = 'R', col = '1', col_clinical_category = 'S', cza = '4', cza_clinical_category = 'S', fep = '16', fep_clinical_category = 'R', imi = '8', imi_clinical_category = 'R', mer = '4', mer_clinical_category = 'I', pip = '64', pip_clinical_category = 'R', taz = '16', taz_clinical_category = 'R', tic = '64', tic_clinical_category = 'R', tob = '16', tob_clinical_category = 'R', tol = '2', tol_clinical_category = 'S'; 
INSERT INTO phenotypic_data(phenotypic_data_id, isolate_id, ecdc_resistance_profile) VALUES ('597', '67', 'XDR') ON DUPLICATE KEY UPDATE ecdc_resistance_profile = 'XDR'; 
INSERT INTO sequence_analysis(sequence_analysis_id, isolate_id, ame_loci, beta_lactamase_loci, clonal_complex, mutational_resistome) VALUES ('67', '67', 'aadB', '-', '175', '{"PA0004": "WT", "PA0424": "WT", "PA0425": "WT", "PA0426": "WT", "PA0427": "WT", "PA0807": "A219T", "PA0958": "Q142X", "PA1798": "H398R", "PA1799": "WT", "PA2020": "G195D", "PA2023": "WT", "PA2491": "D249N", "PA2492": "P60S, F172I, nt234\u22068", "PA2493": "WT", "PA2494": "WT", "PA2495": "WT", "PA3047": "WT", "PA3168": "T83I, D87N", "PA3574": "WT", "PA3721": "G71E, A186T", "PA3999": "WT", "PA4003": "WT", "PA4020": "WT", "PA4109": "G154R", "PA4110": "WT", "PA4266": "WT", "PA4418": "WT", "PA4522": "G148A, D183Y", "PA4597": "M69V", "PA4598": "E257Q, S845A", "PA4599": "E26A, H310R, S330A, P383S", "PA4600": "WT", "PA4776": "WT", "PA4777": "Y345H", "PA4964": "S87W, L168Q", "PA4967": "WT", "PA5471": "L88P, D161G, H182Q, V243A, V266M", "PA5485": "WT"}') ON DUPLICATE KEY UPDATE ame_loci = 'aadB', beta_lactamase_loci = '-', clonal_complex = '175', mutational_resistome = '{"PA0004": "WT", "PA0424": "WT", "PA0425": "WT", "PA0426": "WT", "PA0427": "WT", "PA0807": "A219T", "PA0958": "Q142X", "PA1798": "H398R", "PA1799": "WT", "PA2020": "G195D", "PA2023": "WT", "PA2491": "D249N", "PA2492": "P60S, F172I, nt234\u22068", "PA2493": "WT", "PA2494": "WT", "PA2495": "WT", "PA3047": "WT", "PA3168": "T83I, D87N", "PA3574": "WT", "PA3721": "G71E, A186T", "PA3999": "WT", "PA4003": "WT", "PA4020": "WT", "PA4109": "G154R", "PA4110": "WT", "PA4266": "WT", "PA4418": "WT", "PA4522": "G148A, D183Y", "PA4597": "M69V", "PA4598": "E257Q, S845A", "PA4599": "E26A, H310R, S330A, P383S", "PA4600": "WT", "PA4776": "WT", "PA4777": "Y345H", "PA4964": "S87W, L168Q", "PA4967": "WT", "PA5471": "L88P, D161G, H182Q, V243A, V266M", "PA5485": "WT"}'; 
INSERT INTO metadata_general(isolate_id, isolate_name, isolate_source, project_name, species) VALUES ('690', 'CAT05-002', 'VALIDATION SET', 'GEMARA', 'Pseudomonas aeruginosa') ON DUPLICATE KEY UPDATE isolate_name = 'CAT05-002', isolate_source = 'VALIDATION SET', project_name = 'GEMARA', species = 'Pseudomonas aeruginosa'; 
INSERT INTO mic(mic_id, isolate_id, ami, ami_clinical_category, azt, azt_clinical_category, cip, cip_clinical_category, col, col_clinical_category, cza, cza_clinical_category, fep, fep_clinical_category, imi, imi_clinical_category, mer, mer_clinical_category, pip, pip_clinical_category, taz, taz_clinical_category, tic, tic_clinical_category, tob, tob_clinical_category, tol, tol_clinical_category) VALUES ('690', '690', '≤2', 'S', '8', 'S', '>16', 'R', '≤0.5', 'S', '1', 'S', '8', 'S', '16', 'R', '2', 'S', '128', 'R', '16', 'R', '64', 'R', '8', 'R', '1', 'S') ON DUPLICATE KEY UPDATE ami = '≤2', ami_clinical_category = 'S', azt = '8', azt_clinical_category = 'S', cip = '>16', cip_clinical_category = 'R', col = '≤0.5', col_clinical_category = 'S', cza = '1', cza_clinical_category = 'S', fep = '8', fep_clinical_category = 'S', imi = '16', imi_clinical_category = 'R', mer = '2', mer_clinical_category = 'S', pip = '128', pip_clinical_category = 'R', taz = '16', taz_clinical_category = 'R', tic = '64', tic_clinical_category = 'R', tob = '8', tob_clinical_category = 'R', tol = '1', tol_clinical_category = 'S'; 
INSERT INTO phenotypic_data(phenotypic_data_id, isolate_id, ecdc_resistance_profile) VALUES ('571', '690', 'XDR') ON DUPLICATE KEY UPDATE ecdc_resistance_profile = 'XDR'; 
INSERT INTO sequence_analysis(sequence_analysis_id, isolate_id, ame_loci, beta_lactamase_loci, clonal_complex, mutational_resistome) VALUES ('690', '690', 'aadB', '-', '175', '{"PA0004": "WT", "PA0424": "WT", "PA0425": "WT", "PA0426": "nt1135\u22061", "PA0427": "WT", "PA0807": "A219T", "PA0958": "Q142X", "PA1798": "H398R", "PA1799": "WT", "PA2020": "G195D", "PA2023": "nt61\u22065", "PA2491": "D249N", "PA2492": "P60S, F172I, nt234\u22068", "PA2493": "WT", "PA2494": "WT", "PA2495": "WT", "PA3047": "WT", "PA3168": "T83I, D87N", "PA3574": "WT", "PA3721": "G71E, A186T", "PA3999": "WT", "PA4003": "WT", "PA4020": "WT", "PA4109": "G154R", "PA4110": "WT", "PA4266": "WT", "PA4418": "WT", "PA4522": "G148A, D183Y", "PA4597": "M69V", "PA4598": "E257Q, S845A", "PA4599": "E26A, H310R, S330A, P383S", "PA4600": "WT", "PA4776": "WT", "PA4777": "Y345H", "PA4964": "S87W, L168Q", "PA4967": "WT", "PA5471": "L88P, D161G, H182Q, V266M", "PA5485": "WT"}') ON DUPLICATE KEY UPDATE ame_loci = 'aadB', beta_lactamase_loci = '-', clonal_complex = '175', mutational_resistome = '{"PA0004": "WT", "PA0424": "WT", "PA0425": "WT", "PA0426": "nt1135\u22061", "PA0427": "WT", "PA0807": "A219T", "PA0958": "Q142X", "PA1798": "H398R", "PA1799": "WT", "PA2020": "G195D", "PA2023": "nt61\u22065", "PA2491": "D249N", "PA2492": "P60S, F172I, nt234\u22068", "PA2493": "WT", "PA2494": "WT", "PA2495": "WT", "PA3047": "WT", "PA3168": "T83I, D87N", "PA3574": "WT", "PA3721": "G71E, A186T", "PA3999": "WT", "PA4003": "WT", "PA4020": "WT", "PA4109": "G154R", "PA4110": "WT", "PA4266": "WT", "PA4418": "WT", "PA4522": "G148A, D183Y", "PA4597": "M69V", "PA4598": "E257Q, S845A", "PA4599": "E26A, H310R, S330A, P383S", "PA4600": "WT", "PA4776": "WT", "PA4777": "Y345H", "PA4964": "S87W, L168Q", "PA4967": "WT", "PA5471": "L88P, D161G, H182Q, V266M", "PA5485": "WT"}'; 
INSERT INTO metadata_general(isolate_id, isolate_name, isolate_source, project_name, species) VALUES ('695', 'CAT05-003', 'VALIDATION SET', 'GEMARA', 'Pseudomonas aeruginosa') ON DUPLICATE KEY UPDATE isolate_name = 'CAT05-003', isolate_source = 'VALIDATION SET', project_name = 'GEMARA', species = 'Pseudomonas aeruginosa'; 
INSERT INTO mic(mic_id, isolate_id, ami, ami_clinical_category, azt, azt_clinical_category, cip, cip_clinical_category, col, col_clinical_category, cza, cza_clinical_category, fep, fep_clinical_category, imi, imi_clinical_category, mer, mer_clinical_category, pip, pip_clinical_category, taz, taz_clinical_category, tic, tic_clinical_category, tob, tob_clinical_category, tol, tol_clinical_category) VALUES ('695', '695', '≤2', 'S', '4', 'S', '≤0.12', 'S', '1', 'S', '2', 'S', '2', 'S', '2', 'S', '≤0.5', 'S', '≤4', 'S', '2', 'S', '32', 'R', '0.5', 'S', '1', 'S') ON DUPLICATE KEY UPDATE ami = '≤2', ami_clinical_category = 'S', azt = '4', azt_clinical_category = 'S', cip = '≤0.12', cip_clinical_category = 'S', col = '1', col_clinical_category = 'S', cza = '2', cza_clinical_category = 'S', fep = '2', fep_clinical_category = 'S', imi = '2', imi_clinical_category = 'S', mer = '≤0.5', mer_clinical_category = 'S', pip = '≤4', pip_clinical_category = 'S', taz = '2', taz_clinical_category = 'S', tic = '32', tic_clinical_category = 'R', tob = '0.5', tob_clinical_category = 'S', tol = '1', tol_clinical_category = 'S'; 
INSERT INTO phenotypic_data(phenotypic_data_id, isolate_id, ecdc_resistance_profile) VALUES ('576', '695', 'S') ON DUPLICATE KEY UPDATE ecdc_resistance_profile = 'S'; 
INSERT INTO sequence_analysis(sequence_analysis_id, isolate_id, ame_loci, beta_lactamase_loci, clonal_complex, mutational_resistome) VALUES ('695', '695', '-', '-', '3339', '{"PA0004": "WT", "PA0424": "WT", "PA0425": "WT", "PA0426": "WT", "PA0427": "WT", "PA0807": "D235G", "PA0958": "WT", "PA1798": "H398R", "PA1799": "WT", "PA2020": "WT", "PA2023": "WT", "PA2491": "D249N, V318I", "PA2492": "P60S, F172I, nt234\u22068", "PA2493": "A27V", "PA2494": "WT", "PA2495": "WT", "PA3047": "WT", "PA3168": "WT", "PA3574": "WT", "PA3721": "G71E, S209R", "PA3999": "WT", "PA4003": "D485N", "PA4020": "WT", "PA4109": "WT", "PA4110": "T105A, E198K, V205L", "PA4266": "WT", "PA4418": "WT", "PA4522": "G148A, S175L", "PA4597": "A40G, D68G, M69V", "PA4598": "E257Q, S606L, S845A", "PA4599": "S330A", "PA4600": "WT", "PA4776": "WT", "PA4777": "Y345H", "PA4964": "V646L", "PA4967": "D142N", "PA5471": "L88P, D161G, H182Q", "PA5485": "WT"}') ON DUPLICATE KEY UPDATE ame_loci = '-', beta_lactamase_loci = '-', clonal_complex = '3339', mutational_resistome = '{"PA0004": "WT", "PA0424": "WT", "PA0425": "WT", "PA0426": "WT", "PA0427": "WT", "PA0807": "D235G", "PA0958": "WT", "PA1798": "H398R", "PA1799": "WT", "PA2020": "WT", "PA2023": "WT", "PA2491": "D249N, V318I", "PA2492": "P60S, F172I, nt234\u22068", "PA2493": "A27V", "PA2494": "WT", "PA2495": "WT", "PA3047": "WT", "PA3168": "WT", "PA3574": "WT", "PA3721": "G71E, S209R", "PA3999": "WT", "PA4003": "D485N", "PA4020": "WT", "PA4109": "WT", "PA4110": "T105A, E198K, V205L", "PA4266": "WT", "PA4418": "WT", "PA4522": "G148A, S175L", "PA4597": "A40G, D68G, M69V", "PA4598": "E257Q, S606L, S845A", "PA4599": "S330A", "PA4600": "WT", "PA4776": "WT", "PA4777": "Y345H", "PA4964": "V646L", "PA4967": "D142N", "PA5471": "L88P, D161G, H182Q", "PA5485": "WT"}'; 
INSERT INTO metadata_general(isolate_id, isolate_name, isolate_source, project_name, species) VALUES ('68', 'CAT05-004', 'VALIDATION SET', 'GEMARA', 'Pseudomonas aeruginosa') ON DUPLICATE KEY UPDATE isolate_name = 'CAT05-004', isolate_source = 'VALIDATION SET', project_name = 'GEMARA', species = 'Pseudomonas aeruginosa'; 
INSERT INTO mic(mic_id, isolate_id, ami, ami_clinical_category, azt, azt_clinical_category, cip, cip_clinical_category, col, col_clinical_category, cza, cza_clinical_category, fep, fep_clinical_category, imi, imi_clinical_category, mer, mer_clinical_category, pip, pip_clinical_category, taz, taz_clinical_category, tic, tic_clinical_category, tob, tob_clinical_category, tol, tol_clinical_category) VALUES ('68', '68', '4', 'S', '4', 'S', '>16', 'R', '2', 'S', '>32', 'R', '>64', 'R', '>32', 'R', '>64', 'R', '>256', 'R', '>64', 'R', '>512', 'R', '2', 'S', '>32', 'R') ON DUPLICATE KEY UPDATE ami = '4', ami_clinical_category = 'S', azt = '4', azt_clinical_category = 'S', cip = '>16', cip_clinical_category = 'R', col = '2', col_clinical_category = 'S', cza = '>32', cza_clinical_category = 'R', fep = '>64', fep_clinical_category = 'R', imi = '>32', imi_clinical_category = 'R', mer = '>64', mer_clinical_category = 'R', pip = '>256', pip_clinical_category = 'R', taz = '>64', taz_clinical_category = 'R', tic = '>512', tic_clinical_category = 'R', tob = '2', tob_clinical_category = 'S', tol = '>32', tol_clinical_category = 'R'; 
INSERT INTO phenotypic_data(phenotypic_data_id, isolate_id, ecdc_resistance_profile) VALUES ('593', '68', 'XDR') ON DUPLICATE KEY UPDATE ecdc_resistance_profile = 'XDR'; 
INSERT INTO sequence_analysis(sequence_analysis_id, isolate_id, ame_loci, beta_lactamase_loci, clonal_complex, mutational_resistome) VALUES ('68', '68', 'aac(3)-I, aph(3\')-XV, aadA1', 'blaVIM-1', '253', '{"PA0004": "WT", "PA0424": "V126E", "PA0425": "WT", "PA0426": "WT", "PA0427": "WT", "PA0807": "WT", "PA0958": "W277X", "PA1798": "H398R", "PA1799": "L153R, S170N", "PA2020": "V105G, L138R, N186S", "PA2023": "WT", "PA2491": "D249N", "PA2492": "F172I, nt234\u22068", "PA2493": "WT", "PA2494": "WT", "PA2495": "S13P", "PA3047": "Q156H", "PA3168": "T83I, V671I, G860S", "PA3574": "WT", "PA3721": "G71E, A145V, S209R", "PA3999": "WT", "PA4003": "A481T", "PA4020": "M297V", "PA4109": "E114A, G283E, M288R", "PA4110": "G27D, A55T, T105A, Q155R, V205L, G391A", "PA4266": "WT", "PA4418": "WT", "PA4522": "WT", "PA4597": "D68G, M69V", "PA4598": "T87S, A155T, E257Q, S845A, I982V, K1031R, S1040T", "PA4599": "P47S, R76Q, H310R, S330A, A378T", "PA4600": "R21H, D56G", "PA4776": "WT", "PA4777": "S2P, A4T, V15I, G68S, Y345H", "PA4964": "S87W", "PA4967": "D533E", "PA5471": "C40R, L88P, S112N, D119E, I237V, V243A", "PA5485": "WT"}') ON DUPLICATE KEY UPDATE ame_loci = 'aac(3)-I, aph(3\')-XV, aadA1', beta_lactamase_loci = 'blaVIM-1', clonal_complex = '253', mutational_resistome = '{"PA0004": "WT", "PA0424": "V126E", "PA0425": "WT", "PA0426": "WT", "PA0427": "WT", "PA0807": "WT", "PA0958": "W277X", "PA1798": "H398R", "PA1799": "L153R, S170N", "PA2020": "V105G, L138R, N186S", "PA2023": "WT", "PA2491": "D249N", "PA2492": "F172I, nt234\u22068", "PA2493": "WT", "PA2494": "WT", "PA2495": "S13P", "PA3047": "Q156H", "PA3168": "T83I, V671I, G860S", "PA3574": "WT", "PA3721": "G71E, A145V, S209R", "PA3999": "WT", "PA4003": "A481T", "PA4020": "M297V", "PA4109": "E114A, G283E, M288R", "PA4110": "G27D, A55T, T105A, Q155R, V205L, G391A", "PA4266": "WT", "PA4418": "WT", "PA4522": "WT", "PA4597": "D68G, M69V", "PA4598": "T87S, A155T, E257Q, S845A, I982V, K1031R, S1040T", "PA4599": "P47S, R76Q, H310R, S330A, A378T", "PA4600": "R21H, D56G", "PA4776": "WT", "PA4777": "S2P, A4T, V15I, G68S, Y345H", "PA4964": "S87W", "PA4967": "D533E", "PA5471": "C40R, L88P, S112N, D119E, I237V, V243A", "PA5485": "WT"}'; 
INSERT INTO metadata_general(isolate_id, isolate_name, isolate_source, project_name, species) VALUES ('721', 'CAT06-001', 'VALIDATION SET', 'GEMARA', 'Pseudomonas aeruginosa') ON DUPLICATE KEY UPDATE isolate_name = 'CAT06-001', isolate_source = 'VALIDATION SET', project_name = 'GEMARA', species = 'Pseudomonas aeruginosa'; 
INSERT INTO mic(mic_id, isolate_id, ami, ami_clinical_category, azt, azt_clinical_category, cip, cip_clinical_category, col, col_clinical_category, cza, cza_clinical_category, fep, fep_clinical_category, imi, imi_clinical_category, mer, mer_clinical_category, pip, pip_clinical_category, taz, taz_clinical_category, tic, tic_clinical_category, tob, tob_clinical_category, tol, tol_clinical_category) VALUES ('721', '721', '≤2', 'S', '≤2', 'S', '≤0.12', 'S', '2', 'S', '1', 'S', '≤1', 'S', '2', 'S', '≤0.5', 'S', '≤4', 'S', '≤1', 'S', '≤8', 'S', '0.5', 'S', '≤0.5', 'S') ON DUPLICATE KEY UPDATE ami = '≤2', ami_clinical_category = 'S', azt = '≤2', azt_clinical_category = 'S', cip = '≤0.12', cip_clinical_category = 'S', col = '2', col_clinical_category = 'S', cza = '1', cza_clinical_category = 'S', fep = '≤1', fep_clinical_category = 'S', imi = '2', imi_clinical_category = 'S', mer = '≤0.5', mer_clinical_category = 'S', pip = '≤4', pip_clinical_category = 'S', taz = '≤1', taz_clinical_category = 'S', tic = '≤8', tic_clinical_category = 'S', tob = '0.5', tob_clinical_category = 'S', tol = '≤0.5', tol_clinical_category = 'S'; 
INSERT INTO phenotypic_data(phenotypic_data_id, isolate_id, ecdc_resistance_profile) VALUES ('607', '721', 'S') ON DUPLICATE KEY UPDATE ecdc_resistance_profile = 'S'; 
INSERT INTO sequence_analysis(sequence_analysis_id, isolate_id, ame_loci, beta_lactamase_loci, clonal_complex, mutational_resistome) VALUES ('721', '721', '-', '-', '699', '{"PA0004": "WT", "PA0424": "WT", "PA0425": "Q143P", "PA0426": "WT", "PA0427": "WT", "PA0807": "WT", "PA0958": "WT", "PA1798": "H398R", "PA1799": "WT", "PA2020": "WT", "PA2023": "WT", "PA2491": "D249N", "PA2492": "F172I, nt234\u22068", "PA2493": "WT", "PA2494": "WT", "PA2495": "WT", "PA3047": "WT", "PA3168": "WT", "PA3574": "WT", "PA3721": "WT", "PA3999": "WT", "PA4003": "WT", "PA4020": "WT", "PA4109": "WT", "PA4110": "WT", "PA4266": "WT", "PA4418": "WT", "PA4522": "WT", "PA4597": "WT", "PA4598": "WT", "PA4599": "WT", "PA4600": "WT", "PA4776": "WT", "PA4777": "WT", "PA4964": "WT", "PA4967": "WT", "PA5471": "WT", "PA5485": "WT"}') ON DUPLICATE KEY UPDATE ame_loci = '-', beta_lactamase_loci = '-', clonal_complex = '699', mutational_resistome = '{"PA0004": "WT", "PA0424": "WT", "PA0425": "Q143P", "PA0426": "WT", "PA0427": "WT", "PA0807": "WT", "PA0958": "WT", "PA1798": "H398R", "PA1799": "WT", "PA2020": "WT", "PA2023": "WT", "PA2491": "D249N", "PA2492": "F172I, nt234\u22068", "PA2493": "WT", "PA2494": "WT", "PA2495": "WT", "PA3047": "WT", "PA3168": "WT", "PA3574": "WT", "PA3721": "WT", "PA3999": "WT", "PA4003": "WT", "PA4020": "WT", "PA4109": "WT", "PA4110": "WT", "PA4266": "WT", "PA4418": "WT", "PA4522": "WT", "PA4597": "WT", "PA4598": "WT", "PA4599": "WT", "PA4600": "WT", "PA4776": "WT", "PA4777": "WT", "PA4964": "WT", "PA4967": "WT", "PA5471": "WT", "PA5485": "WT"}'; 
INSERT INTO metadata_general(isolate_id, isolate_name, isolate_source, project_name, species) VALUES ('734', 'CAT06-004', 'VALIDATION SET', 'GEMARA', 'Pseudomonas aeruginosa') ON DUPLICATE KEY UPDATE isolate_name = 'CAT06-004', isolate_source = 'VALIDATION SET', project_name = 'GEMARA', species = 'Pseudomonas aeruginosa'; 
INSERT INTO mic(mic_id, isolate_id, ami, ami_clinical_category, azt, azt_clinical_category, cip, cip_clinical_category, col, col_clinical_category, cza, cza_clinical_category, fep, fep_clinical_category, imi, imi_clinical_category, mer, mer_clinical_category, pip, pip_clinical_category, taz, taz_clinical_category, tic, tic_clinical_category, tob, tob_clinical_category, tol, tol_clinical_category) VALUES ('734', '734', '≤2', 'S', '4', 'S', '≤0.12', 'S', '1', 'S', '2', 'S', '2', 'S', '1', 'S', '≤0.5', 'S', '16', 'S', '2', 'S', '32', 'R', '0.5', 'S', '1', 'S') ON DUPLICATE KEY UPDATE ami = '≤2', ami_clinical_category = 'S', azt = '4', azt_clinical_category = 'S', cip = '≤0.12', cip_clinical_category = 'S', col = '1', col_clinical_category = 'S', cza = '2', cza_clinical_category = 'S', fep = '2', fep_clinical_category = 'S', imi = '1', imi_clinical_category = 'S', mer = '≤0.5', mer_clinical_category = 'S', pip = '16', pip_clinical_category = 'S', taz = '2', taz_clinical_category = 'S', tic = '32', tic_clinical_category = 'R', tob = '0.5', tob_clinical_category = 'S', tol = '1', tol_clinical_category = 'S'; 
INSERT INTO phenotypic_data(phenotypic_data_id, isolate_id, ecdc_resistance_profile) VALUES ('620', '734', 'S') ON DUPLICATE KEY UPDATE ecdc_resistance_profile = 'S'; 
INSERT INTO sequence_analysis(sequence_analysis_id, isolate_id, ame_loci, beta_lactamase_loci, clonal_complex, mutational_resistome) VALUES ('734', '734', '-', '-', '1182', '{"PA0004": "WT", "PA0424": "V126E", "PA0425": "N269S", "PA0426": "I186V", "PA0427": "WT", "PA0807": "WT", "PA0958": "WT", "PA1798": "H398R", "PA1799": "L153R, S170N", "PA2020": "L138R", "PA2023": "WT", "PA2491": "M106T, D249N", "PA2492": "P60S, F172I, nt234\u22068", "PA2493": "D353E, D370E, A377V", "PA2494": "D230A, D666E", "PA2495": "S13P, T27A, A410S", "PA3047": "WT", "PA3168": "aa911\u22062", "PA3574": "WT", "PA3721": "G71E, S209R", "PA3999": "WT", "PA4003": "WT", "PA4020": "WT", "PA4109": "E114A, L177V", "PA4110": "P7S, G27D, T105A, V205L, G391A", "PA4266": "I186V", "PA4418": "WT", "PA4522": "A144V", "PA4597": "T376S, K413M", "PA4598": "E257Q, V434A, S845A, K1031R, S1040T", "PA4599": "R76Q, H310R, S313G, S330A, P383S", "PA4600": "WT", "PA4776": "L71R", "PA4777": "G68S, A119T, Y345H", "PA4964": "S197L", "PA4967": "D533E, V629A", "PA5471": "C40R, L88P, S112N, D119E, I237V, V243A", "PA5485": "WT"}') ON DUPLICATE KEY UPDATE ame_loci = '-', beta_lactamase_loci = '-', clonal_complex = '1182', mutational_resistome = '{"PA0004": "WT", "PA0424": "V126E", "PA0425": "N269S", "PA0426": "I186V", "PA0427": "WT", "PA0807": "WT", "PA0958": "WT", "PA1798": "H398R", "PA1799": "L153R, S170N", "PA2020": "L138R", "PA2023": "WT", "PA2491": "M106T, D249N", "PA2492": "P60S, F172I, nt234\u22068", "PA2493": "D353E, D370E, A377V", "PA2494": "D230A, D666E", "PA2495": "S13P, T27A, A410S", "PA3047": "WT", "PA3168": "aa911\u22062", "PA3574": "WT", "PA3721": "G71E, S209R", "PA3999": "WT", "PA4003": "WT", "PA4020": "WT", "PA4109": "E114A, L177V", "PA4110": "P7S, G27D, T105A, V205L, G391A", "PA4266": "I186V", "PA4418": "WT", "PA4522": "A144V", "PA4597": "T376S, K413M", "PA4598": "E257Q, V434A, S845A, K1031R, S1040T", "PA4599": "R76Q, H310R, S313G, S330A, P383S", "PA4600": "WT", "PA4776": "L71R", "PA4777": "G68S, A119T, Y345H", "PA4964": "S197L", "PA4967": "D533E, V629A", "PA5471": "C40R, L88P, S112N, D119E, I237V, V243A", "PA5485": "WT"}'; 
INSERT INTO metadata_general(isolate_id, isolate_name, isolate_source, project_name, species) VALUES ('719', 'CAT06-005', 'VALIDATION SET', 'GEMARA', 'Pseudomonas aeruginosa') ON DUPLICATE KEY UPDATE isolate_name = 'CAT06-005', isolate_source = 'VALIDATION SET', project_name = 'GEMARA', species = 'Pseudomonas aeruginosa'; 
INSERT INTO mic(mic_id, isolate_id, ami, ami_clinical_category, azt, azt_clinical_category, cip, cip_clinical_category, col, col_clinical_category, cza, cza_clinical_category, fep, fep_clinical_category, imi, imi_clinical_category, mer, mer_clinical_category, pip, pip_clinical_category, taz, taz_clinical_category, tic, tic_clinical_category, tob, tob_clinical_category, tol, tol_clinical_category) VALUES ('719', '719', '≤2', 'S', '4', 'S', '8', 'R', '1', 'S', '2', 'S', '8', 'S', '16', 'R', '4', 'I', '16', 'S', '4', 'S', '64', 'R', '8', 'R', '2', 'S') ON DUPLICATE KEY UPDATE ami = '≤2', ami_clinical_category = 'S', azt = '4', azt_clinical_category = 'S', cip = '8', cip_clinical_category = 'R', col = '1', col_clinical_category = 'S', cza = '2', cza_clinical_category = 'S', fep = '8', fep_clinical_category = 'S', imi = '16', imi_clinical_category = 'R', mer = '4', mer_clinical_category = 'I', pip = '16', pip_clinical_category = 'S', taz = '4', taz_clinical_category = 'S', tic = '64', tic_clinical_category = 'R', tob = '8', tob_clinical_category = 'R', tol = '2', tol_clinical_category = 'S'; 
INSERT INTO phenotypic_data(phenotypic_data_id, isolate_id, ecdc_resistance_profile) VALUES ('605', '719', 'MDR') ON DUPLICATE KEY UPDATE ecdc_resistance_profile = 'MDR'; 
INSERT INTO sequence_analysis(sequence_analysis_id, isolate_id, ame_loci, beta_lactamase_loci, clonal_complex, mutational_resistome) VALUES ('719', '719', 'aadB', '-', '175', '{"PA0004": "WT", "PA0424": "WT", "PA0425": "WT", "PA0426": "WT", "PA0427": "T198P", "PA0807": "A219T", "PA0958": "Q142X", "PA1798": "H398R", "PA1799": "WT", "PA2020": "G195D", "PA2023": "WT", "PA2491": "D249N", "PA2492": "P60S, F172I, nt234\u22068", "PA2493": "WT", "PA2494": "WT", "PA2495": "WT", "PA3047": "WT", "PA3168": "T83I, D87N", "PA3574": "WT", "PA3721": "G71E, A186T", "PA3999": "WT", "PA4003": "WT", "PA4020": "WT", "PA4109": "G154R", "PA4110": "WT", "PA4266": "WT", "PA4418": "WT", "PA4522": "G148A, D183Y", "PA4597": "M69V", "PA4598": "E257Q, S845A", "PA4599": "E26A, H310R, S330A, P383S", "PA4600": "WT", "PA4776": "WT", "PA4777": "Y345H", "PA4964": "S87W, L168Q", "PA4967": "WT", "PA5471": "L88P, D161G, H182Q, V243A, V266M", "PA5485": "WT"}') ON DUPLICATE KEY UPDATE ame_loci = 'aadB', beta_lactamase_loci = '-', clonal_complex = '175', mutational_resistome = '{"PA0004": "WT", "PA0424": "WT", "PA0425": "WT", "PA0426": "WT", "PA0427": "T198P", "PA0807": "A219T", "PA0958": "Q142X", "PA1798": "H398R", "PA1799": "WT", "PA2020": "G195D", "PA2023": "WT", "PA2491": "D249N", "PA2492": "P60S, F172I, nt234\u22068", "PA2493": "WT", "PA2494": "WT", "PA2495": "WT", "PA3047": "WT", "PA3168": "T83I, D87N", "PA3574": "WT", "PA3721": "G71E, A186T", "PA3999": "WT", "PA4003": "WT", "PA4020": "WT", "PA4109": "G154R", "PA4110": "WT", "PA4266": "WT", "PA4418": "WT", "PA4522": "G148A, D183Y", "PA4597": "M69V", "PA4598": "E257Q, S845A", "PA4599": "E26A, H310R, S330A, P383S", "PA4600": "WT", "PA4776": "WT", "PA4777": "Y345H", "PA4964": "S87W, L168Q", "PA4967": "WT", "PA5471": "L88P, D161G, H182Q, V243A, V266M", "PA5485": "WT"}'; 
INSERT INTO metadata_general(isolate_id, isolate_name, isolate_source, project_name, species) VALUES ('72', 'CAT06-008', 'VALIDATION SET', 'GEMARA', 'Pseudomonas aeruginosa') ON DUPLICATE KEY UPDATE isolate_name = 'CAT06-008', isolate_source = 'VALIDATION SET', project_name = 'GEMARA', species = 'Pseudomonas aeruginosa'; 
INSERT INTO mic(mic_id, isolate_id, ami, ami_clinical_category, azt, azt_clinical_category, cip, cip_clinical_category, col, col_clinical_category, cza, cza_clinical_category, fep, fep_clinical_category, imi, imi_clinical_category, mer, mer_clinical_category, pip, pip_clinical_category, taz, taz_clinical_category, tic, tic_clinical_category, tob, tob_clinical_category, tol, tol_clinical_category) VALUES ('72', '72', '8', 'S', '4', 'S', '>16', 'R', '1', 'S', '1', 'S', '8', 'S', '16', 'R', '1', 'S', '64', 'R', '4', 'S', '256', 'R', '32', 'R', '2', 'S') ON DUPLICATE KEY UPDATE ami = '8', ami_clinical_category = 'S', azt = '4', azt_clinical_category = 'S', cip = '>16', cip_clinical_category = 'R', col = '1', col_clinical_category = 'S', cza = '1', cza_clinical_category = 'S', fep = '8', fep_clinical_category = 'S', imi = '16', imi_clinical_category = 'R', mer = '1', mer_clinical_category = 'S', pip = '64', pip_clinical_category = 'R', taz = '4', taz_clinical_category = 'S', tic = '256', tic_clinical_category = 'R', tob = '32', tob_clinical_category = 'R', tol = '2', tol_clinical_category = 'S'; 
INSERT INTO phenotypic_data(phenotypic_data_id, isolate_id, ecdc_resistance_profile) VALUES ('626', '72', 'XDR') ON DUPLICATE KEY UPDATE ecdc_resistance_profile = 'XDR'; 
INSERT INTO sequence_analysis(sequence_analysis_id, isolate_id, ame_loci, beta_lactamase_loci, clonal_complex, mutational_resistome) VALUES ('72', '72', 'aac(3)-I, aadB', '-', '175', '{"PA0004": "WT", "PA0424": "WT", "PA0425": "WT", "PA0426": "A735D", "PA0427": "WT", "PA0807": "A219T", "PA0958": "Q142X", "PA1798": "H398R", "PA1799": "WT", "PA2020": "G195D", "PA2023": "WT", "PA2491": "D249N", "PA2492": "P60S, F172I, nt234\u22068", "PA2493": "WT", "PA2494": "WT", "PA2495": "WT", "PA3047": "A434T", "PA3168": "T83I, D87N", "PA3574": "WT", "PA3721": "G71E, A186T", "PA3999": "WT", "PA4003": "WT", "PA4020": "WT", "PA4109": "G154R", "PA4110": "WT", "PA4266": "WT", "PA4418": "WT", "PA4522": "G148A, D183Y", "PA4597": "M69V", "PA4598": "E257Q, S845A", "PA4599": "E26A, H310R, S330A, P383S", "PA4600": "WT", "PA4776": "WT", "PA4777": "Y345H", "PA4964": "S87W, L168Q", "PA4967": "WT", "PA5471": "L88P, D161G, H182Q, V243A, V266M", "PA5485": "WT"}') ON DUPLICATE KEY UPDATE ame_loci = 'aac(3)-I, aadB', beta_lactamase_loci = '-', clonal_complex = '175', mutational_resistome = '{"PA0004": "WT", "PA0424": "WT", "PA0425": "WT", "PA0426": "A735D", "PA0427": "WT", "PA0807": "A219T", "PA0958": "Q142X", "PA1798": "H398R", "PA1799": "WT", "PA2020": "G195D", "PA2023": "WT", "PA2491": "D249N", "PA2492": "P60S, F172I, nt234\u22068", "PA2493": "WT", "PA2494": "WT", "PA2495": "WT", "PA3047": "A434T", "PA3168": "T83I, D87N", "PA3574": "WT", "PA3721": "G71E, A186T", "PA3999": "WT", "PA4003": "WT", "PA4020": "WT", "PA4109": "G154R", "PA4110": "WT", "PA4266": "WT", "PA4418": "WT", "PA4522": "G148A, D183Y", "PA4597": "M69V", "PA4598": "E257Q, S845A", "PA4599": "E26A, H310R, S330A, P383S", "PA4600": "WT", "PA4776": "WT", "PA4777": "Y345H", "PA4964": "S87W, L168Q", "PA4967": "WT", "PA5471": "L88P, D161G, H182Q, V243A, V266M", "PA5485": "WT"}'; 
INSERT INTO metadata_general(isolate_id, isolate_name, isolate_source, project_name, species) VALUES ('1451', 'CAT07-001', 'VALIDATION SET', 'GEMARA', 'Pseudomonas aeruginosa') ON DUPLICATE KEY UPDATE isolate_name = 'CAT07-001', isolate_source = 'VALIDATION SET', project_name = 'GEMARA', species = 'Pseudomonas aeruginosa'; 
INSERT INTO mic(mic_id, isolate_id, ami, ami_clinical_category, azt, azt_clinical_category, cip, cip_clinical_category, col, col_clinical_category, cza, cza_clinical_category, fep, fep_clinical_category, imi, imi_clinical_category, mer, mer_clinical_category, pip, pip_clinical_category, taz, taz_clinical_category, tic, tic_clinical_category, tob, tob_clinical_category, tol, tol_clinical_category) VALUES ('1451', '1451', '≤2', 'S', '4', 'S', '≤0.12', 'S', '1', 'S', '2', 'S', '2', 'S', '1', 'S', '≤0.5', 'S', '≤4', 'S', '4', 'S', '32', 'R', '0.5', 'S', '1', 'S') ON DUPLICATE KEY UPDATE ami = '≤2', ami_clinical_category = 'S', azt = '4', azt_clinical_category = 'S', cip = '≤0.12', cip_clinical_category = 'S', col = '1', col_clinical_category = 'S', cza = '2', cza_clinical_category = 'S', fep = '2', fep_clinical_category = 'S', imi = '1', imi_clinical_category = 'S', mer = '≤0.5', mer_clinical_category = 'S', pip = '≤4', pip_clinical_category = 'S', taz = '4', taz_clinical_category = 'S', tic = '32', tic_clinical_category = 'R', tob = '0.5', tob_clinical_category = 'S', tol = '1', tol_clinical_category = 'S'; 
INSERT INTO phenotypic_data(phenotypic_data_id, isolate_id, ecdc_resistance_profile) VALUES ('1449', '1451', 'S') ON DUPLICATE KEY UPDATE ecdc_resistance_profile = 'S'; 
INSERT INTO sequence_analysis(sequence_analysis_id, isolate_id, ame_loci, beta_lactamase_loci, clonal_complex, mutational_resistome) VALUES ('1451', '1451', '-', '-', '1248', '{"PA0004": "WT", "PA0424": "V126E", "PA0425": "WT", "PA0426": "WT", "PA0427": "WT", "PA0807": "WT", "PA0958": "WT", "PA1798": "S352I, H398R", "PA1799": "L153R, S170N", "PA2020": "WT", "PA2023": "WT", "PA2491": "D249N", "PA2492": "F172I, nt234\u22068", "PA2493": "S8F", "PA2494": "WT", "PA2495": "S13P, P35L", "PA3047": "WT", "PA3168": "WT", "PA3574": "WT", "PA3721": "G71E, S209R", "PA3999": "WT", "PA4003": "WT", "PA4020": "M297V", "PA4109": "E114A, G283E, M288R", "PA4110": "G27D, T105A, V205L, G391A", "PA4266": "WT", "PA4418": "WT", "PA4522": "G148A", "PA4597": "T376S, K413M", "PA4598": "S845A, I982V, K1031R, S1040T", "PA4599": "M34I, R76Q, H310R, S330A, P383S", "PA4600": "WT", "PA4776": "WT", "PA4777": "A4T, V6A, V15I, G68S, Y345H", "PA4964": "WT", "PA4967": "D533E", "PA5471": "C40R, L88P, S112N, D119E, I237V, V243A", "PA5485": "WT"}') ON DUPLICATE KEY UPDATE ame_loci = '-', beta_lactamase_loci = '-', clonal_complex = '1248', mutational_resistome = '{"PA0004": "WT", "PA0424": "V126E", "PA0425": "WT", "PA0426": "WT", "PA0427": "WT", "PA0807": "WT", "PA0958": "WT", "PA1798": "S352I, H398R", "PA1799": "L153R, S170N", "PA2020": "WT", "PA2023": "WT", "PA2491": "D249N", "PA2492": "F172I, nt234\u22068", "PA2493": "S8F", "PA2494": "WT", "PA2495": "S13P, P35L", "PA3047": "WT", "PA3168": "WT", "PA3574": "WT", "PA3721": "G71E, S209R", "PA3999": "WT", "PA4003": "WT", "PA4020": "M297V", "PA4109": "E114A, G283E, M288R", "PA4110": "G27D, T105A, V205L, G391A", "PA4266": "WT", "PA4418": "WT", "PA4522": "G148A", "PA4597": "T376S, K413M", "PA4598": "S845A, I982V, K1031R, S1040T", "PA4599": "M34I, R76Q, H310R, S330A, P383S", "PA4600": "WT", "PA4776": "WT", "PA4777": "A4T, V6A, V15I, G68S, Y345H", "PA4964": "WT", "PA4967": "D533E", "PA5471": "C40R, L88P, S112N, D119E, I237V, V243A", "PA5485": "WT"}'; 
INSERT INTO metadata_general(isolate_id, isolate_name, isolate_source, project_name, species) VALUES ('1452', 'CAT07-002', 'VALIDATION SET', 'GEMARA', 'Pseudomonas aeruginosa') ON DUPLICATE KEY UPDATE isolate_name = 'CAT07-002', isolate_source = 'VALIDATION SET', project_name = 'GEMARA', species = 'Pseudomonas aeruginosa'; 
INSERT INTO mic(mic_id, isolate_id, ami, ami_clinical_category, azt, azt_clinical_category, cip, cip_clinical_category, col, col_clinical_category, cza, cza_clinical_category, fep, fep_clinical_category, imi, imi_clinical_category, mer, mer_clinical_category, pip, pip_clinical_category, taz, taz_clinical_category, tic, tic_clinical_category, tob, tob_clinical_category, tol, tol_clinical_category) VALUES ('1452', '1452', '4', 'S', '32', 'R', '1', 'R', '2', 'S', '2', 'S', '4', 'S', '≤0.5', 'S', '2', 'S', '16', 'S', '4', 'S', '128', 'R', '0.5', 'S', '1', 'S') ON DUPLICATE KEY UPDATE ami = '4', ami_clinical_category = 'S', azt = '32', azt_clinical_category = 'R', cip = '1', cip_clinical_category = 'R', col = '2', col_clinical_category = 'S', cza = '2', cza_clinical_category = 'S', fep = '4', fep_clinical_category = 'S', imi = '≤0.5', imi_clinical_category = 'S', mer = '2', mer_clinical_category = 'S', pip = '16', pip_clinical_category = 'S', taz = '4', taz_clinical_category = 'S', tic = '128', tic_clinical_category = 'R', tob = '0.5', tob_clinical_category = 'S', tol = '1', tol_clinical_category = 'S'; 
INSERT INTO phenotypic_data(phenotypic_data_id, isolate_id, ecdc_resistance_profile) VALUES ('1450', '1452', 'R') ON DUPLICATE KEY UPDATE ecdc_resistance_profile = 'R'; 
INSERT INTO sequence_analysis(sequence_analysis_id, isolate_id, ame_loci, beta_lactamase_loci, clonal_complex, mutational_resistome) VALUES ('1452', '1452', '-', '-', '17', '{"PA0004": "E468D", "PA0424": "L95F", "PA0425": "WT", "PA0426": "WT", "PA0427": "WT", "PA0807": "A219T", "PA0958": "WT", "PA1798": "H398R", "PA1799": "WT", "PA2020": "WT", "PA2023": "WT", "PA2491": "D249N", "PA2492": "P60S, F172I, V265A, nt234\u22068", "PA2493": "F284L", "PA2494": "WT", "PA2495": "WT", "PA3047": "WT", "PA3168": "aa911\u22062", "PA3574": "WT", "PA3721": "G71E, S209R", "PA3999": "V29I", "PA4003": "WT", "PA4020": "A331T, X452ext", "PA4109": "WT", "PA4110": "T105A, L176R", "PA4266": "WT", "PA4418": "WT", "PA4522": "A136V, G148A", "PA4597": "D68G, M69V", "PA4598": "E257Q, S845A", "PA4599": "WT", "PA4600": "WT", "PA4776": "WT", "PA4777": "Y345H", "PA4964": "WT", "PA4967": "D533E", "PA5471": "C40R, L88P, D161G, H182Q, V243A", "PA5485": "WT"}') ON DUPLICATE KEY UPDATE ame_loci = '-', beta_lactamase_loci = '-', clonal_complex = '17', mutational_resistome = '{"PA0004": "E468D", "PA0424": "L95F", "PA0425": "WT", "PA0426": "WT", "PA0427": "WT", "PA0807": "A219T", "PA0958": "WT", "PA1798": "H398R", "PA1799": "WT", "PA2020": "WT", "PA2023": "WT", "PA2491": "D249N", "PA2492": "P60S, F172I, V265A, nt234\u22068", "PA2493": "F284L", "PA2494": "WT", "PA2495": "WT", "PA3047": "WT", "PA3168": "aa911\u22062", "PA3574": "WT", "PA3721": "G71E, S209R", "PA3999": "V29I", "PA4003": "WT", "PA4020": "A331T, X452ext", "PA4109": "WT", "PA4110": "T105A, L176R", "PA4266": "WT", "PA4418": "WT", "PA4522": "A136V, G148A", "PA4597": "D68G, M69V", "PA4598": "E257Q, S845A", "PA4599": "WT", "PA4600": "WT", "PA4776": "WT", "PA4777": "Y345H", "PA4964": "WT", "PA4967": "D533E", "PA5471": "C40R, L88P, D161G, H182Q, V243A", "PA5485": "WT"}'; 
INSERT INTO metadata_general(isolate_id, isolate_name, isolate_source, project_name, species) VALUES ('1453', 'CAT07-003', 'VALIDATION SET', 'GEMARA', 'Pseudomonas aeruginosa') ON DUPLICATE KEY UPDATE isolate_name = 'CAT07-003', isolate_source = 'VALIDATION SET', project_name = 'GEMARA', species = 'Pseudomonas aeruginosa'; 
INSERT INTO mic(mic_id, isolate_id, ami, ami_clinical_category, azt, azt_clinical_category, cip, cip_clinical_category, col, col_clinical_category, cza, cza_clinical_category, fep, fep_clinical_category, imi, imi_clinical_category, mer, mer_clinical_category, pip, pip_clinical_category, taz, taz_clinical_category, tic, tic_clinical_category, tob, tob_clinical_category, tol, tol_clinical_category) VALUES ('1453', '1453', '≤2', 'S', '4', 'S', '≤0.12', 'S', '2', 'S', '2', 'S', '2', 'S', '2', 'S', '≤0.5', 'S', '≤4', 'S', '2', 'S', '32', 'R', '≤0.25', 'S', '1', 'S') ON DUPLICATE KEY UPDATE ami = '≤2', ami_clinical_category = 'S', azt = '4', azt_clinical_category = 'S', cip = '≤0.12', cip_clinical_category = 'S', col = '2', col_clinical_category = 'S', cza = '2', cza_clinical_category = 'S', fep = '2', fep_clinical_category = 'S', imi = '2', imi_clinical_category = 'S', mer = '≤0.5', mer_clinical_category = 'S', pip = '≤4', pip_clinical_category = 'S', taz = '2', taz_clinical_category = 'S', tic = '32', tic_clinical_category = 'R', tob = '≤0.25', tob_clinical_category = 'S', tol = '1', tol_clinical_category = 'S'; 
INSERT INTO phenotypic_data(phenotypic_data_id, isolate_id, ecdc_resistance_profile) VALUES ('1451', '1453', 'S') ON DUPLICATE KEY UPDATE ecdc_resistance_profile = 'S'; 
INSERT INTO sequence_analysis(sequence_analysis_id, isolate_id, ame_loci, beta_lactamase_loci, clonal_complex, mutational_resistome) VALUES ('1453', '1453', '-', '-', '3340', '{"PA0004": "WT", "PA0424": "WT", "PA0425": "WT", "PA0426": "WT", "PA0427": "WT", "PA0807": "A219T", "PA0958": "WT", "PA1798": "H398R", "PA1799": "WT", "PA2020": "WT", "PA2023": "WT", "PA2491": "D249N", "PA2492": "P60S, F172I, nt234\u22068", "PA2493": "WT", "PA2494": "WT", "PA2495": "WT", "PA3047": "A394P", "PA3168": "N200S", "PA3574": "WT", "PA3721": "G71E, S209R", "PA3999": "WT", "PA4003": "WT", "PA4020": "WT", "PA4109": "WT", "PA4110": "T105A", "PA4266": "WT", "PA4418": "WT", "PA4522": "V10I, G148A", "PA4597": "WT", "PA4598": "E257Q, S845A, K1031R", "PA4599": "WT", "PA4600": "WT", "PA4776": "L71R", "PA4777": "Y345H", "PA4964": "N633S", "PA4967": "WT", "PA5471": "L88P, D161G, H182Q, V243A", "PA5485": "WT"}') ON DUPLICATE KEY UPDATE ame_loci = '-', beta_lactamase_loci = '-', clonal_complex = '3340', mutational_resistome = '{"PA0004": "WT", "PA0424": "WT", "PA0425": "WT", "PA0426": "WT", "PA0427": "WT", "PA0807": "A219T", "PA0958": "WT", "PA1798": "H398R", "PA1799": "WT", "PA2020": "WT", "PA2023": "WT", "PA2491": "D249N", "PA2492": "P60S, F172I, nt234\u22068", "PA2493": "WT", "PA2494": "WT", "PA2495": "WT", "PA3047": "A394P", "PA3168": "N200S", "PA3574": "WT", "PA3721": "G71E, S209R", "PA3999": "WT", "PA4003": "WT", "PA4020": "WT", "PA4109": "WT", "PA4110": "T105A", "PA4266": "WT", "PA4418": "WT", "PA4522": "V10I, G148A", "PA4597": "WT", "PA4598": "E257Q, S845A, K1031R", "PA4599": "WT", "PA4600": "WT", "PA4776": "L71R", "PA4777": "Y345H", "PA4964": "N633S", "PA4967": "WT", "PA5471": "L88P, D161G, H182Q, V243A", "PA5485": "WT"}'; 
INSERT INTO metadata_general(isolate_id, isolate_name, isolate_source, project_name, species) VALUES ('752', 'CAT07-005', 'VALIDATION SET', 'GEMARA', 'Pseudomonas aeruginosa') ON DUPLICATE KEY UPDATE isolate_name = 'CAT07-005', isolate_source = 'VALIDATION SET', project_name = 'GEMARA', species = 'Pseudomonas aeruginosa'; 
INSERT INTO mic(mic_id, isolate_id, ami, ami_clinical_category, azt, azt_clinical_category, cip, cip_clinical_category, col, col_clinical_category, cza, cza_clinical_category, fep, fep_clinical_category, imi, imi_clinical_category, mer, mer_clinical_category, pip, pip_clinical_category, taz, taz_clinical_category, tic, tic_clinical_category, tob, tob_clinical_category, tol, tol_clinical_category) VALUES ('752', '752', '≤2', 'S', '4', 'S', '≤0.12', 'S', '1', 'S', '2', 'S', '2', 'S', '1', 'S', '≤0.5', 'S', '≤4', 'S', '2', 'S', '32', 'R', '≤0.25', 'S', '≤0.5', 'S') ON DUPLICATE KEY UPDATE ami = '≤2', ami_clinical_category = 'S', azt = '4', azt_clinical_category = 'S', cip = '≤0.12', cip_clinical_category = 'S', col = '1', col_clinical_category = 'S', cza = '2', cza_clinical_category = 'S', fep = '2', fep_clinical_category = 'S', imi = '1', imi_clinical_category = 'S', mer = '≤0.5', mer_clinical_category = 'S', pip = '≤4', pip_clinical_category = 'S', taz = '2', taz_clinical_category = 'S', tic = '32', tic_clinical_category = 'R', tob = '≤0.25', tob_clinical_category = 'S', tol = '≤0.5', tol_clinical_category = 'S'; 
INSERT INTO phenotypic_data(phenotypic_data_id, isolate_id, ecdc_resistance_profile) VALUES ('644', '752', 'S') ON DUPLICATE KEY UPDATE ecdc_resistance_profile = 'S'; 
INSERT INTO sequence_analysis(sequence_analysis_id, isolate_id, ame_loci, beta_lactamase_loci, clonal_complex, mutational_resistome) VALUES ('752', '752', '-', '-', '3346', '{"PA0004": "WT", "PA0424": "V126E", "PA0425": "WT", "PA0426": "I186V", "PA0427": "WT", "PA0807": "WT", "PA0958": "WT", "PA1798": "H398R", "PA1799": "L153R, S170N", "PA2020": "WT", "PA2023": "WT", "PA2491": "G11S, D249N", "PA2492": "F172I, A245V, nt234\u22068", "PA2493": "S8F", "PA2494": "WT", "PA2495": "S13P", "PA3047": "A394P", "PA3168": "WT", "PA3574": "WT", "PA3721": "G71E, A145V, S209R", "PA3999": "WT", "PA4003": "WT", "PA4020": "M297V, C410T", "PA4109": "WT", "PA4110": "R79Q, T105A", "PA4266": "I186V", "PA4418": "WT", "PA4522": "Q44H, G148A, D183Y", "PA4597": "M69V", "PA4598": "T87S, A155T, E257Q, V434A, V660I, I703V, S845A", "PA4599": "R76Q, H310R, S330A, A378T", "PA4600": "R21H, D56G", "PA4776": "L71R", "PA4777": "Y345H", "PA4964": "WT", "PA4967": "WT", "PA5471": "L88P, D119E", "PA5485": "Q110R"}') ON DUPLICATE KEY UPDATE ame_loci = '-', beta_lactamase_loci = '-', clonal_complex = '3346', mutational_resistome = '{"PA0004": "WT", "PA0424": "V126E", "PA0425": "WT", "PA0426": "I186V", "PA0427": "WT", "PA0807": "WT", "PA0958": "WT", "PA1798": "H398R", "PA1799": "L153R, S170N", "PA2020": "WT", "PA2023": "WT", "PA2491": "G11S, D249N", "PA2492": "F172I, A245V, nt234\u22068", "PA2493": "S8F", "PA2494": "WT", "PA2495": "S13P", "PA3047": "A394P", "PA3168": "WT", "PA3574": "WT", "PA3721": "G71E, A145V, S209R", "PA3999": "WT", "PA4003": "WT", "PA4020": "M297V, C410T", "PA4109": "WT", "PA4110": "R79Q, T105A", "PA4266": "I186V", "PA4418": "WT", "PA4522": "Q44H, G148A, D183Y", "PA4597": "M69V", "PA4598": "T87S, A155T, E257Q, V434A, V660I, I703V, S845A", "PA4599": "R76Q, H310R, S330A, A378T", "PA4600": "R21H, D56G", "PA4776": "L71R", "PA4777": "Y345H", "PA4964": "WT", "PA4967": "WT", "PA5471": "L88P, D119E", "PA5485": "Q110R"}'; 
INSERT INTO metadata_general(isolate_id, isolate_name, isolate_source, project_name, species) VALUES ('775', 'CAT08-013', 'VALIDATION SET', 'GEMARA', 'Pseudomonas aeruginosa') ON DUPLICATE KEY UPDATE isolate_name = 'CAT08-013', isolate_source = 'VALIDATION SET', project_name = 'GEMARA', species = 'Pseudomonas aeruginosa'; 
INSERT INTO mic(mic_id, isolate_id, ami, ami_clinical_category, azt, azt_clinical_category, cip, cip_clinical_category, col, col_clinical_category, cza, cza_clinical_category, fep, fep_clinical_category, imi, imi_clinical_category, mer, mer_clinical_category, pip, pip_clinical_category, taz, taz_clinical_category, tic, tic_clinical_category, tob, tob_clinical_category, tol, tol_clinical_category) VALUES ('775', '775', '≤2', 'S', '4', 'S', '≤0.12', 'S', '≤0.5', 'S', '4', 'S', '8', 'S', '4', 'S', '≤0.5', 'S', '8', 'S', '4', 'S', '32', 'R', '≤0.25', 'S', '2', 'S') ON DUPLICATE KEY UPDATE ami = '≤2', ami_clinical_category = 'S', azt = '4', azt_clinical_category = 'S', cip = '≤0.12', cip_clinical_category = 'S', col = '≤0.5', col_clinical_category = 'S', cza = '4', cza_clinical_category = 'S', fep = '8', fep_clinical_category = 'S', imi = '4', imi_clinical_category = 'S', mer = '≤0.5', mer_clinical_category = 'S', pip = '8', pip_clinical_category = 'S', taz = '4', taz_clinical_category = 'S', tic = '32', tic_clinical_category = 'R', tob = '≤0.25', tob_clinical_category = 'S', tol = '2', tol_clinical_category = 'S'; 
INSERT INTO phenotypic_data(phenotypic_data_id, isolate_id, ecdc_resistance_profile) VALUES ('667', '775', 'S') ON DUPLICATE KEY UPDATE ecdc_resistance_profile = 'S'; 
INSERT INTO sequence_analysis(sequence_analysis_id, isolate_id, ame_loci, beta_lactamase_loci, clonal_complex, mutational_resistome) VALUES ('775', '775', '-', '-', '649', '{"PA0004": "WT", "PA0424": "WT", "PA0425": "WT", "PA0426": "WT", "PA0427": "T180I", "PA0807": "WT", "PA0958": "WT", "PA1798": "H398R", "PA1799": "WT", "PA2020": "WT", "PA2023": "WT", "PA2491": "D249N", "PA2492": "F172I, nt234\u22068", "PA2493": "S8F", "PA2494": "WT", "PA2495": "WT", "PA3047": "WT", "PA3168": "WT", "PA3574": "WT", "PA3721": "G71E, S209R", "PA3999": "WT", "PA4003": "WT", "PA4020": "M297V", "PA4109": "WT", "PA4110": "T105A", "PA4266": "WT", "PA4418": "WT", "PA4522": "WT", "PA4597": "M69V, D256G, Q267R", "PA4598": "E257Q, S845A", "PA4599": "S330A", "PA4600": "X188ext", "PA4776": "L71R", "PA4777": "Y345H", "PA4964": "WT", "PA4967": "D533E", "PA5471": "L88P, D119E", "PA5485": "WT"}') ON DUPLICATE KEY UPDATE ame_loci = '-', beta_lactamase_loci = '-', clonal_complex = '649', mutational_resistome = '{"PA0004": "WT", "PA0424": "WT", "PA0425": "WT", "PA0426": "WT", "PA0427": "T180I", "PA0807": "WT", "PA0958": "WT", "PA1798": "H398R", "PA1799": "WT", "PA2020": "WT", "PA2023": "WT", "PA2491": "D249N", "PA2492": "F172I, nt234\u22068", "PA2493": "S8F", "PA2494": "WT", "PA2495": "WT", "PA3047": "WT", "PA3168": "WT", "PA3574": "WT", "PA3721": "G71E, S209R", "PA3999": "WT", "PA4003": "WT", "PA4020": "M297V", "PA4109": "WT", "PA4110": "T105A", "PA4266": "WT", "PA4418": "WT", "PA4522": "WT", "PA4597": "M69V, D256G, Q267R", "PA4598": "E257Q, S845A", "PA4599": "S330A", "PA4600": "X188ext", "PA4776": "L71R", "PA4777": "Y345H", "PA4964": "WT", "PA4967": "D533E", "PA5471": "L88P, D119E", "PA5485": "WT"}'; 
INSERT INTO metadata_general(isolate_id, isolate_name, isolate_source, project_name, species) VALUES ('769', 'CAT08-014', 'VALIDATION SET', 'GEMARA', 'Pseudomonas aeruginosa') ON DUPLICATE KEY UPDATE isolate_name = 'CAT08-014', isolate_source = 'VALIDATION SET', project_name = 'GEMARA', species = 'Pseudomonas aeruginosa'; 
INSERT INTO mic(mic_id, isolate_id, ami, ami_clinical_category, azt, azt_clinical_category, cip, cip_clinical_category, col, col_clinical_category, cza, cza_clinical_category, fep, fep_clinical_category, imi, imi_clinical_category, mer, mer_clinical_category, pip, pip_clinical_category, taz, taz_clinical_category, tic, tic_clinical_category, tob, tob_clinical_category, tol, tol_clinical_category) VALUES ('769', '769', '4', 'S', '8', 'S', '>16', 'R', '1', 'S', '2', 'S', '4', 'S', '2', 'S', '≤0.5', 'S', '16', 'S', '4', 'S', '64', 'R', '0.5', 'S', '2', 'S') ON DUPLICATE KEY UPDATE ami = '4', ami_clinical_category = 'S', azt = '8', azt_clinical_category = 'S', cip = '>16', cip_clinical_category = 'R', col = '1', col_clinical_category = 'S', cza = '2', cza_clinical_category = 'S', fep = '4', fep_clinical_category = 'S', imi = '2', imi_clinical_category = 'S', mer = '≤0.5', mer_clinical_category = 'S', pip = '16', pip_clinical_category = 'S', taz = '4', taz_clinical_category = 'S', tic = '64', tic_clinical_category = 'R', tob = '0.5', tob_clinical_category = 'S', tol = '2', tol_clinical_category = 'S'; 
INSERT INTO phenotypic_data(phenotypic_data_id, isolate_id, ecdc_resistance_profile) VALUES ('661', '769', 'R') ON DUPLICATE KEY UPDATE ecdc_resistance_profile = 'R'; 
INSERT INTO sequence_analysis(sequence_analysis_id, isolate_id, ame_loci, beta_lactamase_loci, clonal_complex, mutational_resistome) VALUES ('769', '769', '-', '-', '274', '{"PA0004": "H148N", "PA0424": "nt161InsC", "PA0425": "WT", "PA0426": "WT", "PA0427": "WT", "PA0807": "WT", "PA0958": "WT", "PA1798": "A82T, H398R", "PA1799": "WT", "PA2020": "WT", "PA2023": "WT", "PA2491": "D249N", "PA2492": "F172I, nt234\u22068", "PA2493": "WT", "PA2494": "WT", "PA2495": "WT", "PA3047": "A358V, A394P", "PA3168": "T83I", "PA3574": "WT", "PA3721": "G71E, S209R", "PA3999": "WT", "PA4003": "WT", "PA4020": "M297V", "PA4109": "WT", "PA4110": "T21A, T105A, G391A", "PA4266": "WT", "PA4418": "WT", "PA4522": "R11L, G148A, D183Y", "PA4597": "D68G, M69V", "PA4598": "E257Q, A536S, S845A", "PA4599": "WT", "PA4600": "WT", "PA4776": "L71R", "PA4777": "Y345H", "PA4964": "S87L", "PA4967": "WT", "PA5471": "L88P, D119E", "PA5485": "WT"}') ON DUPLICATE KEY UPDATE ame_loci = '-', beta_lactamase_loci = '-', clonal_complex = '274', mutational_resistome = '{"PA0004": "H148N", "PA0424": "nt161InsC", "PA0425": "WT", "PA0426": "WT", "PA0427": "WT", "PA0807": "WT", "PA0958": "WT", "PA1798": "A82T, H398R", "PA1799": "WT", "PA2020": "WT", "PA2023": "WT", "PA2491": "D249N", "PA2492": "F172I, nt234\u22068", "PA2493": "WT", "PA2494": "WT", "PA2495": "WT", "PA3047": "A358V, A394P", "PA3168": "T83I", "PA3574": "WT", "PA3721": "G71E, S209R", "PA3999": "WT", "PA4003": "WT", "PA4020": "M297V", "PA4109": "WT", "PA4110": "T21A, T105A, G391A", "PA4266": "WT", "PA4418": "WT", "PA4522": "R11L, G148A, D183Y", "PA4597": "D68G, M69V", "PA4598": "E257Q, A536S, S845A", "PA4599": "WT", "PA4600": "WT", "PA4776": "L71R", "PA4777": "Y345H", "PA4964": "S87L", "PA4967": "WT", "PA5471": "L88P, D119E", "PA5485": "WT"}'; 
INSERT INTO metadata_general(isolate_id, isolate_name, isolate_source, project_name, species) VALUES ('776', 'CAT08-015', 'VALIDATION SET', 'GEMARA', 'Pseudomonas aeruginosa') ON DUPLICATE KEY UPDATE isolate_name = 'CAT08-015', isolate_source = 'VALIDATION SET', project_name = 'GEMARA', species = 'Pseudomonas aeruginosa'; 
INSERT INTO mic(mic_id, isolate_id, ami, ami_clinical_category, azt, azt_clinical_category, cip, cip_clinical_category, col, col_clinical_category, cza, cza_clinical_category, fep, fep_clinical_category, imi, imi_clinical_category, mer, mer_clinical_category, pip, pip_clinical_category, taz, taz_clinical_category, tic, tic_clinical_category, tob, tob_clinical_category, tol, tol_clinical_category) VALUES ('776', '776', '≤2', 'S', '4', 'S', '0.25', 'S', '1', 'S', '2', 'S', '4', 'S', '1', 'S', '≤0.5', 'S', '≤4', 'S', '2', 'S', '32', 'R', '≤0.25', 'S', '1', 'S') ON DUPLICATE KEY UPDATE ami = '≤2', ami_clinical_category = 'S', azt = '4', azt_clinical_category = 'S', cip = '0.25', cip_clinical_category = 'S', col = '1', col_clinical_category = 'S', cza = '2', cza_clinical_category = 'S', fep = '4', fep_clinical_category = 'S', imi = '1', imi_clinical_category = 'S', mer = '≤0.5', mer_clinical_category = 'S', pip = '≤4', pip_clinical_category = 'S', taz = '2', taz_clinical_category = 'S', tic = '32', tic_clinical_category = 'R', tob = '≤0.25', tob_clinical_category = 'S', tol = '1', tol_clinical_category = 'S'; 
INSERT INTO phenotypic_data(phenotypic_data_id, isolate_id, ecdc_resistance_profile) VALUES ('668', '776', 'S') ON DUPLICATE KEY UPDATE ecdc_resistance_profile = 'S'; 
INSERT INTO sequence_analysis(sequence_analysis_id, isolate_id, ame_loci, beta_lactamase_loci, clonal_complex, mutational_resistome) VALUES ('776', '776', '-', '-', '362', '{"PA0004": "WT", "PA0424": "WT", "PA0425": "A33T", "PA0426": "WT", "PA0427": "WT", "PA0807": "A219T", "PA0958": "WT", "PA1798": "H398R", "PA1799": "WT", "PA2020": "WT", "PA2023": "WT", "PA2491": "D249N", "PA2492": "F172I, nt234\u22068", "PA2493": "WT", "PA2494": "WT", "PA2495": "WT", "PA3047": "WT", "PA3168": "WT", "PA3574": "T188A", "PA3721": "G71E", "PA3999": "WT", "PA4003": "WT", "PA4020": "M297V, A303V", "PA4109": "WT", "PA4110": "T105A", "PA4266": "WT", "PA4418": "WT", "PA4522": "G148A", "PA4597": "WT", "PA4598": "E257Q, S845A, K1031R", "PA4599": "WT", "PA4600": "WT", "PA4776": "L71R", "PA4777": "Y345H", "PA4964": "WT", "PA4967": "WT", "PA5471": "C40R, L88P, D161G, H182Q, V243A", "PA5485": "WT"}') ON DUPLICATE KEY UPDATE ame_loci = '-', beta_lactamase_loci = '-', clonal_complex = '362', mutational_resistome = '{"PA0004": "WT", "PA0424": "WT", "PA0425": "A33T", "PA0426": "WT", "PA0427": "WT", "PA0807": "A219T", "PA0958": "WT", "PA1798": "H398R", "PA1799": "WT", "PA2020": "WT", "PA2023": "WT", "PA2491": "D249N", "PA2492": "F172I, nt234\u22068", "PA2493": "WT", "PA2494": "WT", "PA2495": "WT", "PA3047": "WT", "PA3168": "WT", "PA3574": "T188A", "PA3721": "G71E", "PA3999": "WT", "PA4003": "WT", "PA4020": "M297V, A303V", "PA4109": "WT", "PA4110": "T105A", "PA4266": "WT", "PA4418": "WT", "PA4522": "G148A", "PA4597": "WT", "PA4598": "E257Q, S845A, K1031R", "PA4599": "WT", "PA4600": "WT", "PA4776": "L71R", "PA4777": "Y345H", "PA4964": "WT", "PA4967": "WT", "PA5471": "C40R, L88P, D161G, H182Q, V243A", "PA5485": "WT"}'; 
INSERT INTO metadata_general(isolate_id, isolate_name, isolate_source, project_name, species) VALUES ('777', 'CAT08-016', 'VALIDATION SET', 'GEMARA', 'Pseudomonas aeruginosa') ON DUPLICATE KEY UPDATE isolate_name = 'CAT08-016', isolate_source = 'VALIDATION SET', project_name = 'GEMARA', species = 'Pseudomonas aeruginosa'; 
INSERT INTO mic(mic_id, isolate_id, ami, ami_clinical_category, azt, azt_clinical_category, cip, cip_clinical_category, col, col_clinical_category, cza, cza_clinical_category, fep, fep_clinical_category, imi, imi_clinical_category, mer, mer_clinical_category, pip, pip_clinical_category, taz, taz_clinical_category, tic, tic_clinical_category, tob, tob_clinical_category, tol, tol_clinical_category) VALUES ('777', '777', '≤2', 'S', '4', 'S', '≤0.12', 'S', '8', 'R', '2', 'S', '4', 'S', '4', 'S', '≤0.5', 'S', '≤4', 'S', '2', 'S', '32', 'R', '≤0.25', 'S', '≤0.5', 'S') ON DUPLICATE KEY UPDATE ami = '≤2', ami_clinical_category = 'S', azt = '4', azt_clinical_category = 'S', cip = '≤0.12', cip_clinical_category = 'S', col = '8', col_clinical_category = 'R', cza = '2', cza_clinical_category = 'S', fep = '4', fep_clinical_category = 'S', imi = '4', imi_clinical_category = 'S', mer = '≤0.5', mer_clinical_category = 'S', pip = '≤4', pip_clinical_category = 'S', taz = '2', taz_clinical_category = 'S', tic = '32', tic_clinical_category = 'R', tob = '≤0.25', tob_clinical_category = 'S', tol = '≤0.5', tol_clinical_category = 'S'; 
INSERT INTO phenotypic_data(phenotypic_data_id, isolate_id, ecdc_resistance_profile) VALUES ('669', '777', 'R') ON DUPLICATE KEY UPDATE ecdc_resistance_profile = 'R'; 
INSERT INTO sequence_analysis(sequence_analysis_id, isolate_id, ame_loci, beta_lactamase_loci, clonal_complex, mutational_resistome) VALUES ('777', '777', '-', '-', '179', '{"PA0004": "WT", "PA0424": "WT", "PA0425": "WT", "PA0426": "WT", "PA0427": "WT", "PA0807": "A219T", "PA0958": "WT", "PA1798": "H398R", "PA1799": "WT", "PA2020": "WT", "PA2023": "WT", "PA2491": "D249N", "PA2492": "F172I, nt234\u22068", "PA2493": "WT", "PA2494": "WT", "PA2495": "WT", "PA3047": "WT", "PA3168": "WT", "PA3574": "WT", "PA3721": "G71E, S209R", "PA3999": "WT", "PA4003": "WT", "PA4020": "M297V, A303V", "PA4109": "WT", "PA4110": "T105A, L176R", "PA4266": "WT", "PA4418": "WT", "PA4522": "Q44H, G148A, D183Y", "PA4597": "D68G, M69V, Q267R", "PA4598": "A566T, V607A, S845A", "PA4599": "WT", "PA4600": "WT", "PA4776": "WT", "PA4777": "Y345H", "PA4964": "WT", "PA4967": "WT", "PA5471": "L88P, D161G, H182Q, V243A", "PA5485": "WT"}') ON DUPLICATE KEY UPDATE ame_loci = '-', beta_lactamase_loci = '-', clonal_complex = '179', mutational_resistome = '{"PA0004": "WT", "PA0424": "WT", "PA0425": "WT", "PA0426": "WT", "PA0427": "WT", "PA0807": "A219T", "PA0958": "WT", "PA1798": "H398R", "PA1799": "WT", "PA2020": "WT", "PA2023": "WT", "PA2491": "D249N", "PA2492": "F172I, nt234\u22068", "PA2493": "WT", "PA2494": "WT", "PA2495": "WT", "PA3047": "WT", "PA3168": "WT", "PA3574": "WT", "PA3721": "G71E, S209R", "PA3999": "WT", "PA4003": "WT", "PA4020": "M297V, A303V", "PA4109": "WT", "PA4110": "T105A, L176R", "PA4266": "WT", "PA4418": "WT", "PA4522": "Q44H, G148A, D183Y", "PA4597": "D68G, M69V, Q267R", "PA4598": "A566T, V607A, S845A", "PA4599": "WT", "PA4600": "WT", "PA4776": "WT", "PA4777": "Y345H", "PA4964": "WT", "PA4967": "WT", "PA5471": "L88P, D161G, H182Q, V243A", "PA5485": "WT"}'; 
INSERT INTO metadata_general(isolate_id, isolate_name, isolate_source, project_name, species) VALUES ('82', 'CAT09-001', 'VALIDATION SET', 'GEMARA', 'Pseudomonas aeruginosa') ON DUPLICATE KEY UPDATE isolate_name = 'CAT09-001', isolate_source = 'VALIDATION SET', project_name = 'GEMARA', species = 'Pseudomonas aeruginosa'; 
INSERT INTO mic(mic_id, isolate_id, ami, ami_clinical_category, azt, azt_clinical_category, cip, cip_clinical_category, col, col_clinical_category, cza, cza_clinical_category, fep, fep_clinical_category, imi, imi_clinical_category, mer, mer_clinical_category, pip, pip_clinical_category, taz, taz_clinical_category, tic, tic_clinical_category, tob, tob_clinical_category, tol, tol_clinical_category) VALUES ('82', '82', '32', 'R', '32', 'R', '>16', 'R', '1', 'S', '8', 'S', '16', 'R', '16', 'R', '16', 'R', '32', 'R', '16', 'R', '256', 'R', '>32', 'R', '2', 'S') ON DUPLICATE KEY UPDATE ami = '32', ami_clinical_category = 'R', azt = '32', azt_clinical_category = 'R', cip = '>16', cip_clinical_category = 'R', col = '1', col_clinical_category = 'S', cza = '8', cza_clinical_category = 'S', fep = '16', fep_clinical_category = 'R', imi = '16', imi_clinical_category = 'R', mer = '16', mer_clinical_category = 'R', pip = '32', pip_clinical_category = 'R', taz = '16', taz_clinical_category = 'R', tic = '256', tic_clinical_category = 'R', tob = '>32', tob_clinical_category = 'R', tol = '2', tol_clinical_category = 'S'; 
INSERT INTO phenotypic_data(phenotypic_data_id, isolate_id, ecdc_resistance_profile) VALUES ('700', '82', 'XDR') ON DUPLICATE KEY UPDATE ecdc_resistance_profile = 'XDR'; 
INSERT INTO sequence_analysis(sequence_analysis_id, isolate_id, ame_loci, beta_lactamase_loci, clonal_complex, mutational_resistome) VALUES ('82', '82', 'aadB4, aadA6, strA, strB', 'blaOXA-2', '235', '{"PA0004": "WT", "PA0424": "V126E", "PA0425": "WT", "PA0426": "G957D", "PA0427": "WT", "PA0807": "A208V", "PA0958": "WT", "PA1798": "H398R", "PA1799": "L153R, S170N", "PA2020": "aa48\u22069", "PA2023": "WT", "PA2491": "A52V, D249N", "PA2492": "P60S, F172I, nt234\u22068, nt395InsC", "PA2493": "E2V, S8F, Q368R", "PA2494": "WT", "PA2495": "S13P", "PA3047": "WT", "PA3168": "T83I", "PA3574": "nt263\u220617", "PA3721": "G71E, E153Q, S209R", "PA3999": "WT", "PA4003": "WT", "PA4020": "WT", "PA4109": "G283E, M288R", "PA4110": "G27D, A97V, T105A, V205L, G391A", "PA4266": "WT", "PA4418": "WT", "PA4522": "G148A", "PA4597": "M69V, Q267R", "PA4598": "S845A, I982V", "PA4599": "A31V, R76Q, H310R, S330A, P383S", "PA4600": "WT", "PA4776": "L71R", "PA4777": "S2P, A4T, G68S, Y345H, G362S", "PA4964": "S87L", "PA4967": "D533E", "PA5471": "L88P, D161G, H182Q, R204C, V243A", "PA5485": "WT"}') ON DUPLICATE KEY UPDATE ame_loci = 'aadB4, aadA6, strA, strB', beta_lactamase_loci = 'blaOXA-2', clonal_complex = '235', mutational_resistome = '{"PA0004": "WT", "PA0424": "V126E", "PA0425": "WT", "PA0426": "G957D", "PA0427": "WT", "PA0807": "A208V", "PA0958": "WT", "PA1798": "H398R", "PA1799": "L153R, S170N", "PA2020": "aa48\u22069", "PA2023": "WT", "PA2491": "A52V, D249N", "PA2492": "P60S, F172I, nt234\u22068, nt395InsC", "PA2493": "E2V, S8F, Q368R", "PA2494": "WT", "PA2495": "S13P", "PA3047": "WT", "PA3168": "T83I", "PA3574": "nt263\u220617", "PA3721": "G71E, E153Q, S209R", "PA3999": "WT", "PA4003": "WT", "PA4020": "WT", "PA4109": "G283E, M288R", "PA4110": "G27D, A97V, T105A, V205L, G391A", "PA4266": "WT", "PA4418": "WT", "PA4522": "G148A", "PA4597": "M69V, Q267R", "PA4598": "S845A, I982V", "PA4599": "A31V, R76Q, H310R, S330A, P383S", "PA4600": "WT", "PA4776": "L71R", "PA4777": "S2P, A4T, G68S, Y345H, G362S", "PA4964": "S87L", "PA4967": "D533E", "PA5471": "L88P, D161G, H182Q, R204C, V243A", "PA5485": "WT"}'; 
INSERT INTO metadata_general(isolate_id, isolate_name, isolate_source, project_name, species) VALUES ('799', 'CAT09-002', 'VALIDATION SET', 'GEMARA', 'Pseudomonas aeruginosa') ON DUPLICATE KEY UPDATE isolate_name = 'CAT09-002', isolate_source = 'VALIDATION SET', project_name = 'GEMARA', species = 'Pseudomonas aeruginosa'; 
INSERT INTO mic(mic_id, isolate_id, ami, ami_clinical_category, azt, azt_clinical_category, cip, cip_clinical_category, col, col_clinical_category, cza, cza_clinical_category, fep, fep_clinical_category, imi, imi_clinical_category, mer, mer_clinical_category, pip, pip_clinical_category, taz, taz_clinical_category, tic, tic_clinical_category, tob, tob_clinical_category, tol, tol_clinical_category) VALUES ('799', '799', '≤2', 'S', '≤2', 'S', '1', 'R', '2', 'S', '1', 'S', '2', 'S', '4', 'S', '≤0.5', 'S', '≤4', 'S', '2', 'S', '16', 'S', '≤0.25', 'S', '1', 'S') ON DUPLICATE KEY UPDATE ami = '≤2', ami_clinical_category = 'S', azt = '≤2', azt_clinical_category = 'S', cip = '1', cip_clinical_category = 'R', col = '2', col_clinical_category = 'S', cza = '1', cza_clinical_category = 'S', fep = '2', fep_clinical_category = 'S', imi = '4', imi_clinical_category = 'S', mer = '≤0.5', mer_clinical_category = 'S', pip = '≤4', pip_clinical_category = 'S', taz = '2', taz_clinical_category = 'S', tic = '16', tic_clinical_category = 'S', tob = '≤0.25', tob_clinical_category = 'S', tol = '1', tol_clinical_category = 'S'; 
INSERT INTO phenotypic_data(phenotypic_data_id, isolate_id, ecdc_resistance_profile) VALUES ('695', '799', 'R') ON DUPLICATE KEY UPDATE ecdc_resistance_profile = 'R'; 
INSERT INTO sequence_analysis(sequence_analysis_id, isolate_id, ame_loci, beta_lactamase_loci, clonal_complex, mutational_resistome) VALUES ('799', '799', '-', '-', '560', '{"PA0004": "WT", "PA0424": "WT", "PA0425": "WT", "PA0426": "WT", "PA0427": "WT", "PA0807": "D75G", "PA0958": "WT", "PA1798": "R356L, H398R", "PA1799": "L153R, S170N", "PA2020": "WT", "PA2023": "WT", "PA2491": "F10L, D249N", "PA2492": "F172I, nt234\u22068", "PA2493": "S8F", "PA2494": "WT", "PA2495": "A4T, S13P", "PA3047": "WT", "PA3168": "WT", "PA3574": "WT", "PA3721": "G71E, S209R", "PA3999": "WT", "PA4003": "WT", "PA4020": "WT", "PA4109": "E114A, I251V, G283E, M288R", "PA4110": "T21A, T105A, V205L, G391P", "PA4266": "WT", "PA4418": "WT", "PA4522": "G148A", "PA4597": "Q267R", "PA4598": "V660I, S845A, I982V, K1031R, S1040T", "PA4599": "R76Q, H310R, S330A, P383S", "PA4600": "WT", "PA4776": "WT", "PA4777": "S2P, A4T, V15I, G68S, Y345H", "PA4964": "WT", "PA4967": "D533E", "PA5471": "C40R, L88P, S112N, D119E, I237V, V243A, P244L", "PA5485": "WT"}') ON DUPLICATE KEY UPDATE ame_loci = '-', beta_lactamase_loci = '-', clonal_complex = '560', mutational_resistome = '{"PA0004": "WT", "PA0424": "WT", "PA0425": "WT", "PA0426": "WT", "PA0427": "WT", "PA0807": "D75G", "PA0958": "WT", "PA1798": "R356L, H398R", "PA1799": "L153R, S170N", "PA2020": "WT", "PA2023": "WT", "PA2491": "F10L, D249N", "PA2492": "F172I, nt234\u22068", "PA2493": "S8F", "PA2494": "WT", "PA2495": "A4T, S13P", "PA3047": "WT", "PA3168": "WT", "PA3574": "WT", "PA3721": "G71E, S209R", "PA3999": "WT", "PA4003": "WT", "PA4020": "WT", "PA4109": "E114A, I251V, G283E, M288R", "PA4110": "T21A, T105A, V205L, G391P", "PA4266": "WT", "PA4418": "WT", "PA4522": "G148A", "PA4597": "Q267R", "PA4598": "V660I, S845A, I982V, K1031R, S1040T", "PA4599": "R76Q, H310R, S330A, P383S", "PA4600": "WT", "PA4776": "WT", "PA4777": "S2P, A4T, V15I, G68S, Y345H", "PA4964": "WT", "PA4967": "D533E", "PA5471": "C40R, L88P, S112N, D119E, I237V, V243A, P244L", "PA5485": "WT"}'; 
INSERT INTO metadata_general(isolate_id, isolate_name, isolate_source, project_name, species) VALUES ('792', 'CAT09-003', 'VALIDATION SET', 'GEMARA', 'Pseudomonas aeruginosa') ON DUPLICATE KEY UPDATE isolate_name = 'CAT09-003', isolate_source = 'VALIDATION SET', project_name = 'GEMARA', species = 'Pseudomonas aeruginosa'; 
INSERT INTO mic(mic_id, isolate_id, ami, ami_clinical_category, azt, azt_clinical_category, cip, cip_clinical_category, col, col_clinical_category, cza, cza_clinical_category, fep, fep_clinical_category, imi, imi_clinical_category, mer, mer_clinical_category, pip, pip_clinical_category, taz, taz_clinical_category, tic, tic_clinical_category, tob, tob_clinical_category, tol, tol_clinical_category) VALUES ('792', '792', '16', 'I', '4', 'S', '0.25', 'S', '2', 'S', '2', 'S', '8', 'S', '≤0.5', 'S', '≤0.5', 'S', '≤4', 'S', '2', 'S', '32', 'R', '>32', 'R', '1', 'S') ON DUPLICATE KEY UPDATE ami = '16', ami_clinical_category = 'I', azt = '4', azt_clinical_category = 'S', cip = '0.25', cip_clinical_category = 'S', col = '2', col_clinical_category = 'S', cza = '2', cza_clinical_category = 'S', fep = '8', fep_clinical_category = 'S', imi = '≤0.5', imi_clinical_category = 'S', mer = '≤0.5', mer_clinical_category = 'S', pip = '≤4', pip_clinical_category = 'S', taz = '2', taz_clinical_category = 'S', tic = '32', tic_clinical_category = 'R', tob = '>32', tob_clinical_category = 'R', tol = '1', tol_clinical_category = 'S'; 
INSERT INTO phenotypic_data(phenotypic_data_id, isolate_id, ecdc_resistance_profile) VALUES ('688', '792', 'R') ON DUPLICATE KEY UPDATE ecdc_resistance_profile = 'R'; 
INSERT INTO sequence_analysis(sequence_analysis_id, isolate_id, ame_loci, beta_lactamase_loci, clonal_complex, mutational_resistome) VALUES ('792', '792', 'aacA4', '-', '253', '{"PA0004": "WT", "PA0424": "V126E", "PA0425": "WT", "PA0426": "WT", "PA0427": "WT", "PA0807": "WT", "PA0958": "WT", "PA1798": "H398R", "PA1799": "L153R, S170N", "PA2020": "H51D, L138R, N186S", "PA2023": "WT", "PA2491": "D249N", "PA2492": "F172I, nt234\u22068", "PA2493": "WT", "PA2494": "WT", "PA2495": "S13P", "PA3047": "Q156H", "PA3168": "aa911\u22062", "PA3574": "WT", "PA3721": "G71E, A145V, S209R", "PA3999": "WT", "PA4003": "WT", "PA4020": "M297V", "PA4109": "E114A, G283E, M288R", "PA4110": "G27D, A55T, T105A, Q155R, V205L, G391A", "PA4266": "WT", "PA4418": "WT", "PA4522": "WT", "PA4597": "D68G, M69V", "PA4598": "T87S, A155T, E257Q, S845A, I982V, K1031R, S1040T", "PA4599": "P47S, R76Q, H310R, S330A, A378T", "PA4600": "R21H, D56G", "PA4776": "WT", "PA4777": "A4T, V15I, G68S, Y345H", "PA4964": "WT", "PA4967": "D533E", "PA5471": "C40R, L88P, S112N, D119E, I237V, V243A", "PA5485": "WT"}') ON DUPLICATE KEY UPDATE ame_loci = 'aacA4', beta_lactamase_loci = '-', clonal_complex = '253', mutational_resistome = '{"PA0004": "WT", "PA0424": "V126E", "PA0425": "WT", "PA0426": "WT", "PA0427": "WT", "PA0807": "WT", "PA0958": "WT", "PA1798": "H398R", "PA1799": "L153R, S170N", "PA2020": "H51D, L138R, N186S", "PA2023": "WT", "PA2491": "D249N", "PA2492": "F172I, nt234\u22068", "PA2493": "WT", "PA2494": "WT", "PA2495": "S13P", "PA3047": "Q156H", "PA3168": "aa911\u22062", "PA3574": "WT", "PA3721": "G71E, A145V, S209R", "PA3999": "WT", "PA4003": "WT", "PA4020": "M297V", "PA4109": "E114A, G283E, M288R", "PA4110": "G27D, A55T, T105A, Q155R, V205L, G391A", "PA4266": "WT", "PA4418": "WT", "PA4522": "WT", "PA4597": "D68G, M69V", "PA4598": "T87S, A155T, E257Q, S845A, I982V, K1031R, S1040T", "PA4599": "P47S, R76Q, H310R, S330A, A378T", "PA4600": "R21H, D56G", "PA4776": "WT", "PA4777": "A4T, V15I, G68S, Y345H", "PA4964": "WT", "PA4967": "D533E", "PA5471": "C40R, L88P, S112N, D119E, I237V, V243A", "PA5485": "WT"}'; 
INSERT INTO metadata_general(isolate_id, isolate_name, isolate_source, project_name, species) VALUES ('795', 'CAT09-004', 'VALIDATION SET', 'GEMARA', 'Pseudomonas aeruginosa') ON DUPLICATE KEY UPDATE isolate_name = 'CAT09-004', isolate_source = 'VALIDATION SET', project_name = 'GEMARA', species = 'Pseudomonas aeruginosa'; 
INSERT INTO mic(mic_id, isolate_id, ami, ami_clinical_category, azt, azt_clinical_category, cip, cip_clinical_category, col, col_clinical_category, cza, cza_clinical_category, fep, fep_clinical_category, imi, imi_clinical_category, mer, mer_clinical_category, pip, pip_clinical_category, taz, taz_clinical_category, tic, tic_clinical_category, tob, tob_clinical_category, tol, tol_clinical_category) VALUES ('795', '795', '4', 'S', '≤2', 'S', '≤0.12', 'S', '4', 'R', '1', 'S', '4', 'S', '2', 'S', '4', 'I', '8', 'S', '4', 'S', '16', 'S', '≤0.25', 'S', '≤0.5', 'S') ON DUPLICATE KEY UPDATE ami = '4', ami_clinical_category = 'S', azt = '≤2', azt_clinical_category = 'S', cip = '≤0.12', cip_clinical_category = 'S', col = '4', col_clinical_category = 'R', cza = '1', cza_clinical_category = 'S', fep = '4', fep_clinical_category = 'S', imi = '2', imi_clinical_category = 'S', mer = '4', mer_clinical_category = 'I', pip = '8', pip_clinical_category = 'S', taz = '4', taz_clinical_category = 'S', tic = '16', tic_clinical_category = 'S', tob = '≤0.25', tob_clinical_category = 'S', tol = '≤0.5', tol_clinical_category = 'S'; 
INSERT INTO phenotypic_data(phenotypic_data_id, isolate_id, ecdc_resistance_profile) VALUES ('691', '795', 'R') ON DUPLICATE KEY UPDATE ecdc_resistance_profile = 'R'; 
INSERT INTO sequence_analysis(sequence_analysis_id, isolate_id, ame_loci, beta_lactamase_loci, clonal_complex, mutational_resistome) VALUES ('795', '795', '-', '-', '244', '{"PA0004": "WT", "PA0424": "WT", "PA0425": "WT", "PA0426": "WT", "PA0427": "WT", "PA0807": "A219T", "PA0958": "WT", "PA1798": "H398R", "PA1799": "WT", "PA2020": "WT", "PA2023": "WT", "PA2491": "A75V, D249N", "PA2492": "P60S, F172I, nt234\u22068", "PA2493": "WT", "PA2494": "WT", "PA2495": "WT", "PA3047": "WT", "PA3168": "WT", "PA3574": "WT", "PA3721": "WT", "PA3999": "WT", "PA4003": "WT", "PA4020": "M297V", "PA4109": "WT", "PA4110": "WT", "PA4266": "WT", "PA4418": "WT", "PA4522": "R11L, G148A, D183Y", "PA4597": "D68G, M69V", "PA4598": "S845A", "PA4599": "R76Q, H310R, S330A, P383S", "PA4600": "WT", "PA4776": "L71R", "PA4777": "WT", "PA4964": "WT", "PA4967": "WT", "PA5471": "L88P, G157D, D161G, H182Q, V243A", "PA5485": "WT"}') ON DUPLICATE KEY UPDATE ame_loci = '-', beta_lactamase_loci = '-', clonal_complex = '244', mutational_resistome = '{"PA0004": "WT", "PA0424": "WT", "PA0425": "WT", "PA0426": "WT", "PA0427": "WT", "PA0807": "A219T", "PA0958": "WT", "PA1798": "H398R", "PA1799": "WT", "PA2020": "WT", "PA2023": "WT", "PA2491": "A75V, D249N", "PA2492": "P60S, F172I, nt234\u22068", "PA2493": "WT", "PA2494": "WT", "PA2495": "WT", "PA3047": "WT", "PA3168": "WT", "PA3574": "WT", "PA3721": "WT", "PA3999": "WT", "PA4003": "WT", "PA4020": "M297V", "PA4109": "WT", "PA4110": "WT", "PA4266": "WT", "PA4418": "WT", "PA4522": "R11L, G148A, D183Y", "PA4597": "D68G, M69V", "PA4598": "S845A", "PA4599": "R76Q, H310R, S330A, P383S", "PA4600": "WT", "PA4776": "L71R", "PA4777": "WT", "PA4964": "WT", "PA4967": "WT", "PA5471": "L88P, G157D, D161G, H182Q, V243A", "PA5485": "WT"}'; 
INSERT INTO metadata_general(isolate_id, isolate_name, isolate_source, project_name, species) VALUES ('809', 'CLE01-003', 'VALIDATION SET', 'GEMARA', 'Pseudomonas aeruginosa') ON DUPLICATE KEY UPDATE isolate_name = 'CLE01-003', isolate_source = 'VALIDATION SET', project_name = 'GEMARA', species = 'Pseudomonas aeruginosa'; 
INSERT INTO mic(mic_id, isolate_id, ami, ami_clinical_category, azt, azt_clinical_category, cip, cip_clinical_category, col, col_clinical_category, cza, cza_clinical_category, fep, fep_clinical_category, imi, imi_clinical_category, mer, mer_clinical_category, pip, pip_clinical_category, taz, taz_clinical_category, tic, tic_clinical_category, tob, tob_clinical_category, tol, tol_clinical_category) VALUES ('809', '809', '≤2', 'S', '4', 'S', '≤0.12', 'S', '1', 'S', '2', 'S', '4', 'S', '1', 'S', '1', 'S', '8', 'S', '2', 'S', '32', 'R', '≤0.25', 'S', '≤0.5', 'S') ON DUPLICATE KEY UPDATE ami = '≤2', ami_clinical_category = 'S', azt = '4', azt_clinical_category = 'S', cip = '≤0.12', cip_clinical_category = 'S', col = '1', col_clinical_category = 'S', cza = '2', cza_clinical_category = 'S', fep = '4', fep_clinical_category = 'S', imi = '1', imi_clinical_category = 'S', mer = '1', mer_clinical_category = 'S', pip = '8', pip_clinical_category = 'S', taz = '2', taz_clinical_category = 'S', tic = '32', tic_clinical_category = 'R', tob = '≤0.25', tob_clinical_category = 'S', tol = '≤0.5', tol_clinical_category = 'S'; 
INSERT INTO phenotypic_data(phenotypic_data_id, isolate_id, ecdc_resistance_profile) VALUES ('711', '809', 'S') ON DUPLICATE KEY UPDATE ecdc_resistance_profile = 'S'; 
INSERT INTO sequence_analysis(sequence_analysis_id, isolate_id, ame_loci, beta_lactamase_loci, clonal_complex, mutational_resistome) VALUES ('809', '809', '-', '-', '2554', '{"PA0004": "WT", "PA0424": "WT", "PA0425": "WT", "PA0426": "WT", "PA0427": "WT", "PA0807": "WT", "PA0958": "WT", "PA1798": "H398R", "PA1799": "WT", "PA2020": "WT", "PA2023": "WT", "PA2491": "D249N", "PA2492": "M7V, P60S, F172I, nt234\u22068", "PA2493": "WT", "PA2494": "WT", "PA2495": "WT", "PA3047": "WT", "PA3168": "WT", "PA3574": "WT", "PA3721": "G71E", "PA3999": "WT", "PA4003": "WT", "PA4020": "M297V", "PA4109": "WT", "PA4110": "T105A", "PA4266": "WT", "PA4418": "WT", "PA4522": "R11L, G148A, T182I, D183Y", "PA4597": "D68G, M69V", "PA4598": "E257Q, T489I, S845A", "PA4599": "WT", "PA4600": "WT", "PA4776": "L71R", "PA4777": "S94N, Y345H", "PA4964": "N633S", "PA4967": "WT", "PA5471": "L88P, D161G, H182Q, V243A", "PA5485": "WT"}') ON DUPLICATE KEY UPDATE ame_loci = '-', beta_lactamase_loci = '-', clonal_complex = '2554', mutational_resistome = '{"PA0004": "WT", "PA0424": "WT", "PA0425": "WT", "PA0426": "WT", "PA0427": "WT", "PA0807": "WT", "PA0958": "WT", "PA1798": "H398R", "PA1799": "WT", "PA2020": "WT", "PA2023": "WT", "PA2491": "D249N", "PA2492": "M7V, P60S, F172I, nt234\u22068", "PA2493": "WT", "PA2494": "WT", "PA2495": "WT", "PA3047": "WT", "PA3168": "WT", "PA3574": "WT", "PA3721": "G71E", "PA3999": "WT", "PA4003": "WT", "PA4020": "M297V", "PA4109": "WT", "PA4110": "T105A", "PA4266": "WT", "PA4418": "WT", "PA4522": "R11L, G148A, T182I, D183Y", "PA4597": "D68G, M69V", "PA4598": "E257Q, T489I, S845A", "PA4599": "WT", "PA4600": "WT", "PA4776": "L71R", "PA4777": "S94N, Y345H", "PA4964": "N633S", "PA4967": "WT", "PA5471": "L88P, D161G, H182Q, V243A", "PA5485": "WT"}'; 
INSERT INTO metadata_general(isolate_id, isolate_name, isolate_source, project_name, species) VALUES ('811', 'CLE01-006', 'VALIDATION SET', 'GEMARA', 'Pseudomonas aeruginosa') ON DUPLICATE KEY UPDATE isolate_name = 'CLE01-006', isolate_source = 'VALIDATION SET', project_name = 'GEMARA', species = 'Pseudomonas aeruginosa'; 
INSERT INTO mic(mic_id, isolate_id, ami, ami_clinical_category, azt, azt_clinical_category, cip, cip_clinical_category, col, col_clinical_category, cza, cza_clinical_category, fep, fep_clinical_category, imi, imi_clinical_category, mer, mer_clinical_category, pip, pip_clinical_category, taz, taz_clinical_category, tic, tic_clinical_category, tob, tob_clinical_category, tol, tol_clinical_category) VALUES ('811', '811', '4', 'S', '4', 'S', '≤0.12', 'S', '2', 'S', '1', 'S', '2', 'S', '1', 'S', '≤0.5', 'S', '8', 'S', '2', 'S', '32', 'R', '0.5', 'S', '≤0.5', 'S') ON DUPLICATE KEY UPDATE ami = '4', ami_clinical_category = 'S', azt = '4', azt_clinical_category = 'S', cip = '≤0.12', cip_clinical_category = 'S', col = '2', col_clinical_category = 'S', cza = '1', cza_clinical_category = 'S', fep = '2', fep_clinical_category = 'S', imi = '1', imi_clinical_category = 'S', mer = '≤0.5', mer_clinical_category = 'S', pip = '8', pip_clinical_category = 'S', taz = '2', taz_clinical_category = 'S', tic = '32', tic_clinical_category = 'R', tob = '0.5', tob_clinical_category = 'S', tol = '≤0.5', tol_clinical_category = 'S'; 
INSERT INTO phenotypic_data(phenotypic_data_id, isolate_id, ecdc_resistance_profile) VALUES ('713', '811', 'S') ON DUPLICATE KEY UPDATE ecdc_resistance_profile = 'S'; 
INSERT INTO sequence_analysis(sequence_analysis_id, isolate_id, ame_loci, beta_lactamase_loci, clonal_complex, mutational_resistome) VALUES ('811', '811', '-', '-', '385', '{"PA0004": "WT", "PA0424": "V126E", "PA0425": "WT", "PA0426": "I186V, E429D", "PA0427": "WT", "PA0807": "A219T", "PA0958": "WT", "PA1798": "H398R", "PA1799": "WT", "PA2020": "WT", "PA2023": "WT", "PA2491": "WT", "PA2492": "F172I, nt234\u22068", "PA2493": "S8F", "PA2494": "WT", "PA2495": "WT", "PA3047": "WT", "PA3168": "WT", "PA3574": "WT", "PA3721": "G71E, S209R", "PA3999": "WT", "PA4003": "WT", "PA4020": "M297V", "PA4109": "WT", "PA4110": "R79Q, T105A", "PA4266": "WT", "PA4418": "WT", "PA4522": "A136V, G148A", "PA4597": "D68G, M69V", "PA4598": "E257Q, S845A", "PA4599": "H310R, S330A, P383S", "PA4600": "WT", "PA4776": "L71R", "PA4777": "G68S, Y345H", "PA4964": "WT", "PA4967": "P511S", "PA5471": "L88P, D161G, H182Q, V243A", "PA5485": "WT"}') ON DUPLICATE KEY UPDATE ame_loci = '-', beta_lactamase_loci = '-', clonal_complex = '385', mutational_resistome = '{"PA0004": "WT", "PA0424": "V126E", "PA0425": "WT", "PA0426": "I186V, E429D", "PA0427": "WT", "PA0807": "A219T", "PA0958": "WT", "PA1798": "H398R", "PA1799": "WT", "PA2020": "WT", "PA2023": "WT", "PA2491": "WT", "PA2492": "F172I, nt234\u22068", "PA2493": "S8F", "PA2494": "WT", "PA2495": "WT", "PA3047": "WT", "PA3168": "WT", "PA3574": "WT", "PA3721": "G71E, S209R", "PA3999": "WT", "PA4003": "WT", "PA4020": "M297V", "PA4109": "WT", "PA4110": "R79Q, T105A", "PA4266": "WT", "PA4418": "WT", "PA4522": "A136V, G148A", "PA4597": "D68G, M69V", "PA4598": "E257Q, S845A", "PA4599": "H310R, S330A, P383S", "PA4600": "WT", "PA4776": "L71R", "PA4777": "G68S, Y345H", "PA4964": "WT", "PA4967": "P511S", "PA5471": "L88P, D161G, H182Q, V243A", "PA5485": "WT"}'; 
INSERT INTO metadata_general(isolate_id, isolate_name, isolate_source, project_name, species) VALUES ('810', 'CLE01-007', 'VALIDATION SET', 'GEMARA', 'Pseudomonas aeruginosa') ON DUPLICATE KEY UPDATE isolate_name = 'CLE01-007', isolate_source = 'VALIDATION SET', project_name = 'GEMARA', species = 'Pseudomonas aeruginosa'; 
INSERT INTO mic(mic_id, isolate_id, ami, ami_clinical_category, azt, azt_clinical_category, cip, cip_clinical_category, col, col_clinical_category, cza, cza_clinical_category, fep, fep_clinical_category, imi, imi_clinical_category, mer, mer_clinical_category, pip, pip_clinical_category, taz, taz_clinical_category, tic, tic_clinical_category, tob, tob_clinical_category, tol, tol_clinical_category) VALUES ('810', '810', '4', 'S', '8', 'S', '≤0.12', 'S', '1', 'S', '2', 'S', '8', 'S', '1', 'S', '≤0.5', 'S', '32', 'R', '8', 'S', '64', 'R', '≤0.25', 'S', '1', 'S') ON DUPLICATE KEY UPDATE ami = '4', ami_clinical_category = 'S', azt = '8', azt_clinical_category = 'S', cip = '≤0.12', cip_clinical_category = 'S', col = '1', col_clinical_category = 'S', cza = '2', cza_clinical_category = 'S', fep = '8', fep_clinical_category = 'S', imi = '1', imi_clinical_category = 'S', mer = '≤0.5', mer_clinical_category = 'S', pip = '32', pip_clinical_category = 'R', taz = '8', taz_clinical_category = 'S', tic = '64', tic_clinical_category = 'R', tob = '≤0.25', tob_clinical_category = 'S', tol = '1', tol_clinical_category = 'S'; 
INSERT INTO phenotypic_data(phenotypic_data_id, isolate_id, ecdc_resistance_profile) VALUES ('712', '810', 'R') ON DUPLICATE KEY UPDATE ecdc_resistance_profile = 'R'; 
INSERT INTO sequence_analysis(sequence_analysis_id, isolate_id, ame_loci, beta_lactamase_loci, clonal_complex, mutational_resistome) VALUES ('810', '810', '-', '-', '827', '{"PA0004": "WT", "PA0424": "R82H", "PA0425": "WT", "PA0426": "WT", "PA0427": "WT", "PA0807": "A219T", "PA0958": "WT", "PA1798": "H398R", "PA1799": "WT", "PA2020": "WT", "PA2023": "WT", "PA2491": "A75V, D249N", "PA2492": "P60S, F172I, nt234\u22068", "PA2493": "WT", "PA2494": "WT", "PA2495": "WT", "PA3047": "A394P", "PA3168": "WT", "PA3574": "WT", "PA3721": "G71E, A186T", "PA3999": "WT", "PA4003": "WT", "PA4020": "WT", "PA4109": "WT", "PA4110": "T21A, T105A, G391A", "PA4266": "WT", "PA4418": "WT", "PA4522": "R11L, G148A, D183Y", "PA4597": "WT", "PA4598": "E257Q, S845A", "PA4599": "R76Q, H310R, S330A, P383S", "PA4600": "WT", "PA4776": "L71R", "PA4777": "Y345H", "PA4964": "WT", "PA4967": "WT", "PA5471": "L88P, D161G, H182Q, V243A", "PA5485": "WT"}') ON DUPLICATE KEY UPDATE ame_loci = '-', beta_lactamase_loci = '-', clonal_complex = '827', mutational_resistome = '{"PA0004": "WT", "PA0424": "R82H", "PA0425": "WT", "PA0426": "WT", "PA0427": "WT", "PA0807": "A219T", "PA0958": "WT", "PA1798": "H398R", "PA1799": "WT", "PA2020": "WT", "PA2023": "WT", "PA2491": "A75V, D249N", "PA2492": "P60S, F172I, nt234\u22068", "PA2493": "WT", "PA2494": "WT", "PA2495": "WT", "PA3047": "A394P", "PA3168": "WT", "PA3574": "WT", "PA3721": "G71E, A186T", "PA3999": "WT", "PA4003": "WT", "PA4020": "WT", "PA4109": "WT", "PA4110": "T21A, T105A, G391A", "PA4266": "WT", "PA4418": "WT", "PA4522": "R11L, G148A, D183Y", "PA4597": "WT", "PA4598": "E257Q, S845A", "PA4599": "R76Q, H310R, S330A, P383S", "PA4600": "WT", "PA4776": "L71R", "PA4777": "Y345H", "PA4964": "WT", "PA4967": "WT", "PA5471": "L88P, D161G, H182Q, V243A", "PA5485": "WT"}'; 
INSERT INTO metadata_general(isolate_id, isolate_name, isolate_source, project_name, species) VALUES ('813', 'CLE01-008', 'VALIDATION SET', 'GEMARA', 'Pseudomonas aeruginosa') ON DUPLICATE KEY UPDATE isolate_name = 'CLE01-008', isolate_source = 'VALIDATION SET', project_name = 'GEMARA', species = 'Pseudomonas aeruginosa'; 
INSERT INTO mic(mic_id, isolate_id, ami, ami_clinical_category, azt, azt_clinical_category, cip, cip_clinical_category, col, col_clinical_category, cza, cza_clinical_category, fep, fep_clinical_category, imi, imi_clinical_category, mer, mer_clinical_category, pip, pip_clinical_category, taz, taz_clinical_category, tic, tic_clinical_category, tob, tob_clinical_category, tol, tol_clinical_category) VALUES ('813', '813', '≤2', 'S', '4', 'S', '≤0.12', 'S', '1', 'S', '2', 'S', '2', 'S', '1', 'S', '≤0.5', 'S', '8', 'S', '4', 'S', '32', 'R', '≤0.25', 'S', '≤0.5', 'S') ON DUPLICATE KEY UPDATE ami = '≤2', ami_clinical_category = 'S', azt = '4', azt_clinical_category = 'S', cip = '≤0.12', cip_clinical_category = 'S', col = '1', col_clinical_category = 'S', cza = '2', cza_clinical_category = 'S', fep = '2', fep_clinical_category = 'S', imi = '1', imi_clinical_category = 'S', mer = '≤0.5', mer_clinical_category = 'S', pip = '8', pip_clinical_category = 'S', taz = '4', taz_clinical_category = 'S', tic = '32', tic_clinical_category = 'R', tob = '≤0.25', tob_clinical_category = 'S', tol = '≤0.5', tol_clinical_category = 'S'; 
INSERT INTO phenotypic_data(phenotypic_data_id, isolate_id, ecdc_resistance_profile) VALUES ('715', '813', 'S') ON DUPLICATE KEY UPDATE ecdc_resistance_profile = 'S'; 
INSERT INTO sequence_analysis(sequence_analysis_id, isolate_id, ame_loci, beta_lactamase_loci, clonal_complex, mutational_resistome) VALUES ('813', '813', '-', '-', '671', '{"PA0004": "WT", "PA0424": "WT", "PA0425": "WT", "PA0426": "WT", "PA0427": "WT", "PA0807": "D75G", "PA0958": "WT", "PA1798": "H398R", "PA1799": "L153R, S170N", "PA2020": "A35V", "PA2023": "WT", "PA2491": "D249N", "PA2492": "F172I, nt234\u22068", "PA2493": "S8F", "PA2494": "WT", "PA2495": "A4T, S13P", "PA3047": "WT", "PA3168": "WT", "PA3574": "WT", "PA3721": "G71E, S209R", "PA3999": "WT", "PA4003": "WT", "PA4020": "WT", "PA4109": "E114A, I251V, G283E, M288R", "PA4110": "T21A, T105A, V205L, G391P", "PA4266": "WT", "PA4418": "WT", "PA4522": "G148A", "PA4597": "Q267R", "PA4598": "V660I, A734V, S845A, I982V, K1031R, S1040T", "PA4599": "R76Q, H310R, S330A, P383S", "PA4600": "WT", "PA4776": "WT", "PA4777": "A4T, V15I, G68S, Y345H", "PA4964": "WT", "PA4967": "D533E", "PA5471": "C40R, L88P, S112N, D119E, I237V, V243A", "PA5485": "WT"}') ON DUPLICATE KEY UPDATE ame_loci = '-', beta_lactamase_loci = '-', clonal_complex = '671', mutational_resistome = '{"PA0004": "WT", "PA0424": "WT", "PA0425": "WT", "PA0426": "WT", "PA0427": "WT", "PA0807": "D75G", "PA0958": "WT", "PA1798": "H398R", "PA1799": "L153R, S170N", "PA2020": "A35V", "PA2023": "WT", "PA2491": "D249N", "PA2492": "F172I, nt234\u22068", "PA2493": "S8F", "PA2494": "WT", "PA2495": "A4T, S13P", "PA3047": "WT", "PA3168": "WT", "PA3574": "WT", "PA3721": "G71E, S209R", "PA3999": "WT", "PA4003": "WT", "PA4020": "WT", "PA4109": "E114A, I251V, G283E, M288R", "PA4110": "T21A, T105A, V205L, G391P", "PA4266": "WT", "PA4418": "WT", "PA4522": "G148A", "PA4597": "Q267R", "PA4598": "V660I, A734V, S845A, I982V, K1031R, S1040T", "PA4599": "R76Q, H310R, S330A, P383S", "PA4600": "WT", "PA4776": "WT", "PA4777": "A4T, V15I, G68S, Y345H", "PA4964": "WT", "PA4967": "D533E", "PA5471": "C40R, L88P, S112N, D119E, I237V, V243A", "PA5485": "WT"}'; 
INSERT INTO metadata_general(isolate_id, isolate_name, isolate_source, project_name, species) VALUES ('824', 'CLE02-001', 'VALIDATION SET', 'GEMARA', 'Pseudomonas aeruginosa') ON DUPLICATE KEY UPDATE isolate_name = 'CLE02-001', isolate_source = 'VALIDATION SET', project_name = 'GEMARA', species = 'Pseudomonas aeruginosa'; 
INSERT INTO mic(mic_id, isolate_id, ami, ami_clinical_category, azt, azt_clinical_category, cip, cip_clinical_category, col, col_clinical_category, cza, cza_clinical_category, fep, fep_clinical_category, imi, imi_clinical_category, mer, mer_clinical_category, pip, pip_clinical_category, taz, taz_clinical_category, tic, tic_clinical_category, tob, tob_clinical_category, tol, tol_clinical_category) VALUES ('824', '824', '≤2', 'S', '4', 'S', '≤0.12', 'S', '1', 'S', '2', 'S', '2', 'S', '1', 'S', '≤0.5', 'S', '≤4', 'S', '2', 'S', '32', 'R', '≤0.25', 'S', '≤0.5', 'S') ON DUPLICATE KEY UPDATE ami = '≤2', ami_clinical_category = 'S', azt = '4', azt_clinical_category = 'S', cip = '≤0.12', cip_clinical_category = 'S', col = '1', col_clinical_category = 'S', cza = '2', cza_clinical_category = 'S', fep = '2', fep_clinical_category = 'S', imi = '1', imi_clinical_category = 'S', mer = '≤0.5', mer_clinical_category = 'S', pip = '≤4', pip_clinical_category = 'S', taz = '2', taz_clinical_category = 'S', tic = '32', tic_clinical_category = 'R', tob = '≤0.25', tob_clinical_category = 'S', tol = '≤0.5', tol_clinical_category = 'S'; 
INSERT INTO phenotypic_data(phenotypic_data_id, isolate_id, ecdc_resistance_profile) VALUES ('726', '824', 'S') ON DUPLICATE KEY UPDATE ecdc_resistance_profile = 'S'; 
INSERT INTO sequence_analysis(sequence_analysis_id, isolate_id, ame_loci, beta_lactamase_loci, clonal_complex, mutational_resistome) VALUES ('824', '824', '-', '-', '712', '{"PA0004": "WT", "PA0424": "V126E", "PA0425": "WT", "PA0426": "I186V", "PA0427": "WT", "PA0807": "D197E", "PA0958": "WT", "PA1798": "H398R", "PA1799": "L153R, S170N", "PA2020": "L138R", "PA2023": "WT", "PA2491": "D249N", "PA2492": "P60S, F172I, nt234\u22068", "PA2493": "S8F, D353E, D370E", "PA2494": "D230A, S510L", "PA2495": "A12T, A410S", "PA3047": "WT", "PA3168": "A669P, aa911\u22062", "PA3574": "WT", "PA3721": "G71E, A145V, S209R", "PA3999": "WT", "PA4003": "WT", "PA4020": "G231E", "PA4109": "G283E, M288R", "PA4110": "F19L, R79Q, T105A, V205L, V356I, G391A", "PA4266": "I186V", "PA4418": "A139S", "PA4522": "WT", "PA4597": "T376S", "PA4598": "T87S, A155T, E257Q, V434A, S845A, I982V, K1031R, S1040T", "PA4599": "P47S, R76Q, H310R, S330A, A378T", "PA4600": "R21H, D56G", "PA4776": "L71R", "PA4777": "A4T, G68S, A119T, Y345H", "PA4964": "WT", "PA4967": "D533E", "PA5471": "C40R, D119E, D159A, S184G, I237V, V243A", "PA5485": "WT"}') ON DUPLICATE KEY UPDATE ame_loci = '-', beta_lactamase_loci = '-', clonal_complex = '712', mutational_resistome = '{"PA0004": "WT", "PA0424": "V126E", "PA0425": "WT", "PA0426": "I186V", "PA0427": "WT", "PA0807": "D197E", "PA0958": "WT", "PA1798": "H398R", "PA1799": "L153R, S170N", "PA2020": "L138R", "PA2023": "WT", "PA2491": "D249N", "PA2492": "P60S, F172I, nt234\u22068", "PA2493": "S8F, D353E, D370E", "PA2494": "D230A, S510L", "PA2495": "A12T, A410S", "PA3047": "WT", "PA3168": "A669P, aa911\u22062", "PA3574": "WT", "PA3721": "G71E, A145V, S209R", "PA3999": "WT", "PA4003": "WT", "PA4020": "G231E", "PA4109": "G283E, M288R", "PA4110": "F19L, R79Q, T105A, V205L, V356I, G391A", "PA4266": "I186V", "PA4418": "A139S", "PA4522": "WT", "PA4597": "T376S", "PA4598": "T87S, A155T, E257Q, V434A, S845A, I982V, K1031R, S1040T", "PA4599": "P47S, R76Q, H310R, S330A, A378T", "PA4600": "R21H, D56G", "PA4776": "L71R", "PA4777": "A4T, G68S, A119T, Y345H", "PA4964": "WT", "PA4967": "D533E", "PA5471": "C40R, D119E, D159A, S184G, I237V, V243A", "PA5485": "WT"}'; 
INSERT INTO metadata_general(isolate_id, isolate_name, isolate_source, project_name, species) VALUES ('88', 'CLE02-002', 'VALIDATION SET', 'GEMARA', 'Pseudomonas aeruginosa') ON DUPLICATE KEY UPDATE isolate_name = 'CLE02-002', isolate_source = 'VALIDATION SET', project_name = 'GEMARA', species = 'Pseudomonas aeruginosa'; 
INSERT INTO mic(mic_id, isolate_id, ami, ami_clinical_category, azt, azt_clinical_category, cip, cip_clinical_category, col, col_clinical_category, cza, cza_clinical_category, fep, fep_clinical_category, imi, imi_clinical_category, mer, mer_clinical_category, pip, pip_clinical_category, taz, taz_clinical_category, tic, tic_clinical_category, tob, tob_clinical_category, tol, tol_clinical_category) VALUES ('88', '88', '≤2', 'S', '8', 'S', '0.5', 'S', '2', 'S', '4', 'S', '4', 'S', '2', 'S', '≤0.5', 'S', '8', 'S', '4', 'S', '64', 'R', '≤0.25', 'S', '1', 'S') ON DUPLICATE KEY UPDATE ami = '≤2', ami_clinical_category = 'S', azt = '8', azt_clinical_category = 'S', cip = '0.5', cip_clinical_category = 'S', col = '2', col_clinical_category = 'S', cza = '4', cza_clinical_category = 'S', fep = '4', fep_clinical_category = 'S', imi = '2', imi_clinical_category = 'S', mer = '≤0.5', mer_clinical_category = 'S', pip = '8', pip_clinical_category = 'S', taz = '4', taz_clinical_category = 'S', tic = '64', tic_clinical_category = 'R', tob = '≤0.25', tob_clinical_category = 'S', tol = '1', tol_clinical_category = 'S'; 
INSERT INTO phenotypic_data(phenotypic_data_id, isolate_id, ecdc_resistance_profile) VALUES ('744', '88', 'S') ON DUPLICATE KEY UPDATE ecdc_resistance_profile = 'S'; 
INSERT INTO sequence_analysis(sequence_analysis_id, isolate_id, ame_loci, beta_lactamase_loci, clonal_complex, mutational_resistome) VALUES ('88', '88', '-', '-', '399', '{"PA0004": "WT", "PA0424": "V126E", "PA0425": "WT", "PA0426": "WT", "PA0427": "WT", "PA0807": "A219T", "PA0958": "WT", "PA1798": "H398R", "PA1799": "WT", "PA2020": "WT", "PA2023": "\u220663nt", "PA2491": "WT", "PA2492": "F172I, nt234\u22068", "PA2493": "WT", "PA2494": "WT", "PA2495": "WT", "PA3047": "WT", "PA3168": "WT", "PA3574": "WT", "PA3721": "R191L, S209R", "PA3999": "WT", "PA4003": "WT", "PA4020": "WT", "PA4109": "WT", "PA4110": "T105A", "PA4266": "WT", "PA4418": "WT", "PA4522": "G148A", "PA4597": "WT", "PA4598": "S845A, K1031R", "PA4599": "WT", "PA4600": "WT", "PA4776": "WT", "PA4777": "Y345H", "PA4964": "WT", "PA4967": "WT", "PA5471": "C40R, H182Q, V243A", "PA5485": "WT"}') ON DUPLICATE KEY UPDATE ame_loci = '-', beta_lactamase_loci = '-', clonal_complex = '399', mutational_resistome = '{"PA0004": "WT", "PA0424": "V126E", "PA0425": "WT", "PA0426": "WT", "PA0427": "WT", "PA0807": "A219T", "PA0958": "WT", "PA1798": "H398R", "PA1799": "WT", "PA2020": "WT", "PA2023": "\u220663nt", "PA2491": "WT", "PA2492": "F172I, nt234\u22068", "PA2493": "WT", "PA2494": "WT", "PA2495": "WT", "PA3047": "WT", "PA3168": "WT", "PA3574": "WT", "PA3721": "R191L, S209R", "PA3999": "WT", "PA4003": "WT", "PA4020": "WT", "PA4109": "WT", "PA4110": "T105A", "PA4266": "WT", "PA4418": "WT", "PA4522": "G148A", "PA4597": "WT", "PA4598": "S845A, K1031R", "PA4599": "WT", "PA4600": "WT", "PA4776": "WT", "PA4777": "Y345H", "PA4964": "WT", "PA4967": "WT", "PA5471": "C40R, H182Q, V243A", "PA5485": "WT"}'; 
INSERT INTO metadata_general(isolate_id, isolate_name, isolate_source, project_name, species) VALUES ('817', 'CLE02-004', 'VALIDATION SET', 'GEMARA', 'Pseudomonas aeruginosa') ON DUPLICATE KEY UPDATE isolate_name = 'CLE02-004', isolate_source = 'VALIDATION SET', project_name = 'GEMARA', species = 'Pseudomonas aeruginosa'; 
INSERT INTO mic(mic_id, isolate_id, ami, ami_clinical_category, azt, azt_clinical_category, cip, cip_clinical_category, col, col_clinical_category, cza, cza_clinical_category, fep, fep_clinical_category, imi, imi_clinical_category, mer, mer_clinical_category, pip, pip_clinical_category, taz, taz_clinical_category, tic, tic_clinical_category, tob, tob_clinical_category, tol, tol_clinical_category) VALUES ('817', '817', '4', 'S', '16', 'S', '16', 'R', '4', 'R', '4', 'S', '16', 'R', '8', 'R', '4', 'I', '128', 'R', '32', 'R', '128', 'R', '0.5', 'S', '2', 'S') ON DUPLICATE KEY UPDATE ami = '4', ami_clinical_category = 'S', azt = '16', azt_clinical_category = 'S', cip = '16', cip_clinical_category = 'R', col = '4', col_clinical_category = 'R', cza = '4', cza_clinical_category = 'S', fep = '16', fep_clinical_category = 'R', imi = '8', imi_clinical_category = 'R', mer = '4', mer_clinical_category = 'I', pip = '128', pip_clinical_category = 'R', taz = '32', taz_clinical_category = 'R', tic = '128', tic_clinical_category = 'R', tob = '0.5', tob_clinical_category = 'S', tol = '2', tol_clinical_category = 'S'; 
INSERT INTO phenotypic_data(phenotypic_data_id, isolate_id, ecdc_resistance_profile) VALUES ('719', '817', 'XDR') ON DUPLICATE KEY UPDATE ecdc_resistance_profile = 'XDR'; 
INSERT INTO sequence_analysis(sequence_analysis_id, isolate_id, ame_loci, beta_lactamase_loci, clonal_complex, mutational_resistome) VALUES ('817', '817', 'aac(3)-Ia, aadA1, aadA6', '-', '235', '{"PA0004": "WT", "PA0424": "V126E", "PA0425": "WT", "PA0426": "G957D", "PA0427": "WT", "PA0807": "A208V", "PA0958": "nt350InsC", "PA1798": "H398R", "PA1799": "L153R, S170N", "PA2020": "WT", "PA2023": "WT", "PA2491": "D249N", "PA2492": "P60S, F172I, nt234\u22068", "PA2493": "E2V, S8F, Q368R", "PA2494": "WT", "PA2495": "S13P", "PA3047": "WT", "PA3168": "T83I", "PA3574": "WT", "PA3721": "G71E, E153Q, S209R, nt12InsG", "PA3999": "WT", "PA4003": "WT", "PA4020": "WT", "PA4109": "D135N, G283E, M288R", "PA4110": "T105A, V205L, G391A", "PA4266": "WT", "PA4418": "WT", "PA4522": "G148A", "PA4597": "M69V, Q267R", "PA4598": "S845A, I982V", "PA4599": "A31V, R76Q, H310R, S330A, P383S", "PA4600": "WT", "PA4776": "L71R", "PA4777": "A4T, G68S, Y345H, G362S", "PA4964": "S87L", "PA4967": "D533E", "PA5471": "L88P, D161G, H182Q, R204C, V243A", "PA5485": "WT"}') ON DUPLICATE KEY UPDATE ame_loci = 'aac(3)-Ia, aadA1, aadA6', beta_lactamase_loci = '-', clonal_complex = '235', mutational_resistome = '{"PA0004": "WT", "PA0424": "V126E", "PA0425": "WT", "PA0426": "G957D", "PA0427": "WT", "PA0807": "A208V", "PA0958": "nt350InsC", "PA1798": "H398R", "PA1799": "L153R, S170N", "PA2020": "WT", "PA2023": "WT", "PA2491": "D249N", "PA2492": "P60S, F172I, nt234\u22068", "PA2493": "E2V, S8F, Q368R", "PA2494": "WT", "PA2495": "S13P", "PA3047": "WT", "PA3168": "T83I", "PA3574": "WT", "PA3721": "G71E, E153Q, S209R, nt12InsG", "PA3999": "WT", "PA4003": "WT", "PA4020": "WT", "PA4109": "D135N, G283E, M288R", "PA4110": "T105A, V205L, G391A", "PA4266": "WT", "PA4418": "WT", "PA4522": "G148A", "PA4597": "M69V, Q267R", "PA4598": "S845A, I982V", "PA4599": "A31V, R76Q, H310R, S330A, P383S", "PA4600": "WT", "PA4776": "L71R", "PA4777": "A4T, G68S, Y345H, G362S", "PA4964": "S87L", "PA4967": "D533E", "PA5471": "L88P, D161G, H182Q, R204C, V243A", "PA5485": "WT"}'; 
INSERT INTO metadata_general(isolate_id, isolate_name, isolate_source, project_name, species) VALUES ('89', 'CLE02-006', 'VALIDATION SET', 'GEMARA', 'Pseudomonas aeruginosa') ON DUPLICATE KEY UPDATE isolate_name = 'CLE02-006', isolate_source = 'VALIDATION SET', project_name = 'GEMARA', species = 'Pseudomonas aeruginosa'; 
INSERT INTO mic(mic_id, isolate_id, ami, ami_clinical_category, azt, azt_clinical_category, cip, cip_clinical_category, col, col_clinical_category, cza, cza_clinical_category, fep, fep_clinical_category, imi, imi_clinical_category, mer, mer_clinical_category, pip, pip_clinical_category, taz, taz_clinical_category, tic, tic_clinical_category, tob, tob_clinical_category, tol, tol_clinical_category) VALUES ('89', '89', '32', 'R', '32', 'R', '>16', 'R', '2', 'S', '>32', 'R', '>64', 'R', '16', 'R', '64', 'R', '128', 'R', '>64', 'R', '>512', 'R', '16', 'R', '>32', 'R') ON DUPLICATE KEY UPDATE ami = '32', ami_clinical_category = 'R', azt = '32', azt_clinical_category = 'R', cip = '>16', cip_clinical_category = 'R', col = '2', col_clinical_category = 'S', cza = '>32', cza_clinical_category = 'R', fep = '>64', fep_clinical_category = 'R', imi = '16', imi_clinical_category = 'R', mer = '64', mer_clinical_category = 'R', pip = '128', pip_clinical_category = 'R', taz = '>64', taz_clinical_category = 'R', tic = '>512', tic_clinical_category = 'R', tob = '16', tob_clinical_category = 'R', tol = '>32', tol_clinical_category = 'R'; 
INSERT INTO phenotypic_data(phenotypic_data_id, isolate_id, ecdc_resistance_profile) VALUES ('741', '89', 'XDR') ON DUPLICATE KEY UPDATE ecdc_resistance_profile = 'XDR'; 
INSERT INTO sequence_analysis(sequence_analysis_id, isolate_id, ame_loci, beta_lactamase_loci, clonal_complex, mutational_resistome) VALUES ('89', '89', 'strA, strB, aadB', 'blaIMP-1', '664', '{"PA0004": "WT", "PA0424": "V126E", "PA0425": "K86E", "PA0426": "WT", "PA0427": "WT", "PA0807": "A219T", "PA0958": "WT", "PA1798": "H398R", "PA1799": "WT", "PA2020": "WT", "PA2023": "WT", "PA2491": "D249N", "PA2492": "F172I, nt234\u22068", "PA2493": "WT", "PA2494": "WT", "PA2495": "WT", "PA3047": "WT", "PA3168": "T83I", "PA3574": "nt396\u22062", "PA3721": "G71E, S209R", "PA3999": "WT", "PA4003": "WT", "PA4020": "R322Q", "PA4109": "WT", "PA4110": "L176R", "PA4266": "WT", "PA4418": "WT", "PA4522": "A134P, G148A, D183Y", "PA4597": "D68G, M69V", "PA4598": "E257Q, S845A", "PA4599": "WT", "PA4600": "WT", "PA4776": "L71R", "PA4777": "Y345H", "PA4964": "E91K, H262Q, L458F", "PA4967": "E215Q", "PA5471": "L88P, D161G, H182Q, V243A, A262S", "PA5485": "WT"}') ON DUPLICATE KEY UPDATE ame_loci = 'strA, strB, aadB', beta_lactamase_loci = 'blaIMP-1', clonal_complex = '664', mutational_resistome = '{"PA0004": "WT", "PA0424": "V126E", "PA0425": "K86E", "PA0426": "WT", "PA0427": "WT", "PA0807": "A219T", "PA0958": "WT", "PA1798": "H398R", "PA1799": "WT", "PA2020": "WT", "PA2023": "WT", "PA2491": "D249N", "PA2492": "F172I, nt234\u22068", "PA2493": "WT", "PA2494": "WT", "PA2495": "WT", "PA3047": "WT", "PA3168": "T83I", "PA3574": "nt396\u22062", "PA3721": "G71E, S209R", "PA3999": "WT", "PA4003": "WT", "PA4020": "R322Q", "PA4109": "WT", "PA4110": "L176R", "PA4266": "WT", "PA4418": "WT", "PA4522": "A134P, G148A, D183Y", "PA4597": "D68G, M69V", "PA4598": "E257Q, S845A", "PA4599": "WT", "PA4600": "WT", "PA4776": "L71R", "PA4777": "Y345H", "PA4964": "E91K, H262Q, L458F", "PA4967": "E215Q", "PA5471": "L88P, D161G, H182Q, V243A, A262S", "PA5485": "WT"}'; 
INSERT INTO metadata_general(isolate_id, isolate_name, isolate_source, project_name, species) VALUES ('840', 'CLE03-003', 'VALIDATION SET', 'GEMARA', 'Pseudomonas aeruginosa') ON DUPLICATE KEY UPDATE isolate_name = 'CLE03-003', isolate_source = 'VALIDATION SET', project_name = 'GEMARA', species = 'Pseudomonas aeruginosa'; 
INSERT INTO mic(mic_id, isolate_id, ami, ami_clinical_category, azt, azt_clinical_category, cip, cip_clinical_category, col, col_clinical_category, cza, cza_clinical_category, fep, fep_clinical_category, imi, imi_clinical_category, mer, mer_clinical_category, pip, pip_clinical_category, taz, taz_clinical_category, tic, tic_clinical_category, tob, tob_clinical_category, tol, tol_clinical_category) VALUES ('840', '840', '16', 'I', '8', 'S', '16', 'R', '1', 'S', '4', 'S', '32', 'R', '1', 'S', '≤0.5', 'S', '16', 'S', '8', 'S', '64', 'R', '1', 'S', '2', 'S') ON DUPLICATE KEY UPDATE ami = '16', ami_clinical_category = 'I', azt = '8', azt_clinical_category = 'S', cip = '16', cip_clinical_category = 'R', col = '1', col_clinical_category = 'S', cza = '4', cza_clinical_category = 'S', fep = '32', fep_clinical_category = 'R', imi = '1', imi_clinical_category = 'S', mer = '≤0.5', mer_clinical_category = 'S', pip = '16', pip_clinical_category = 'S', taz = '8', taz_clinical_category = 'S', tic = '64', tic_clinical_category = 'R', tob = '1', tob_clinical_category = 'S', tol = '2', tol_clinical_category = 'S'; 
INSERT INTO phenotypic_data(phenotypic_data_id, isolate_id, ecdc_resistance_profile) VALUES ('746', '840', 'MDR') ON DUPLICATE KEY UPDATE ecdc_resistance_profile = 'MDR'; 
INSERT INTO sequence_analysis(sequence_analysis_id, isolate_id, ame_loci, beta_lactamase_loci, clonal_complex, mutational_resistome) VALUES ('840', '840', '-', '-', '845', '{"PA0004": "WT", "PA0424": "WT", "PA0425": "WT", "PA0426": "WT", "PA0427": "WT", "PA0807": "A219T", "PA0958": "WT", "PA1798": "H398R", "PA1799": "WT", "PA2020": "R45C", "PA2023": "WT", "PA2491": "D249N", "PA2492": "P60S, F172I, nt234\u22068", "PA2493": "WT", "PA2494": "WT", "PA2495": "WT", "PA3047": "WT", "PA3168": "T83I, aa911\u22062", "PA3574": "WT", "PA3721": "G71E, S209R", "PA3999": "V29I", "PA4003": "WT", "PA4020": "P178L, X452ext", "PA4109": "WT", "PA4110": "T105A, L176R", "PA4266": "WT", "PA4418": "WT", "PA4522": "A136V, G148A", "PA4597": "D68G, M69V", "PA4598": "E257Q, S845A", "PA4599": "WT", "PA4600": "WT", "PA4776": "WT", "PA4777": "Y345H", "PA4964": "S87L", "PA4967": "D533E", "PA5471": "C40R, L88P, D161G, H182Q, V243A", "PA5485": "WT"}') ON DUPLICATE KEY UPDATE ame_loci = '-', beta_lactamase_loci = '-', clonal_complex = '845', mutational_resistome = '{"PA0004": "WT", "PA0424": "WT", "PA0425": "WT", "PA0426": "WT", "PA0427": "WT", "PA0807": "A219T", "PA0958": "WT", "PA1798": "H398R", "PA1799": "WT", "PA2020": "R45C", "PA2023": "WT", "PA2491": "D249N", "PA2492": "P60S, F172I, nt234\u22068", "PA2493": "WT", "PA2494": "WT", "PA2495": "WT", "PA3047": "WT", "PA3168": "T83I, aa911\u22062", "PA3574": "WT", "PA3721": "G71E, S209R", "PA3999": "V29I", "PA4003": "WT", "PA4020": "P178L, X452ext", "PA4109": "WT", "PA4110": "T105A, L176R", "PA4266": "WT", "PA4418": "WT", "PA4522": "A136V, G148A", "PA4597": "D68G, M69V", "PA4598": "E257Q, S845A", "PA4599": "WT", "PA4600": "WT", "PA4776": "WT", "PA4777": "Y345H", "PA4964": "S87L", "PA4967": "D533E", "PA5471": "C40R, L88P, D161G, H182Q, V243A", "PA5485": "WT"}'; 
INSERT INTO metadata_general(isolate_id, isolate_name, isolate_source, project_name, species) VALUES ('854', 'CLE03-004', 'VALIDATION SET', 'GEMARA', 'Pseudomonas aeruginosa') ON DUPLICATE KEY UPDATE isolate_name = 'CLE03-004', isolate_source = 'VALIDATION SET', project_name = 'GEMARA', species = 'Pseudomonas aeruginosa'; 
INSERT INTO mic(mic_id, isolate_id, ami, ami_clinical_category, azt, azt_clinical_category, cip, cip_clinical_category, col, col_clinical_category, cza, cza_clinical_category, fep, fep_clinical_category, imi, imi_clinical_category, mer, mer_clinical_category, pip, pip_clinical_category, taz, taz_clinical_category, tic, tic_clinical_category, tob, tob_clinical_category, tol, tol_clinical_category) VALUES ('854', '854', '4', 'S', '4', 'S', '≤0.12', 'S', '4', 'R', '2', 'S', '2', 'S', '≤0.5', 'S', '≤0.5', 'S', '≤4', 'S', '2', 'S', '32', 'R', '≤0.25', 'S', '1', 'S') ON DUPLICATE KEY UPDATE ami = '4', ami_clinical_category = 'S', azt = '4', azt_clinical_category = 'S', cip = '≤0.12', cip_clinical_category = 'S', col = '4', col_clinical_category = 'R', cza = '2', cza_clinical_category = 'S', fep = '2', fep_clinical_category = 'S', imi = '≤0.5', imi_clinical_category = 'S', mer = '≤0.5', mer_clinical_category = 'S', pip = '≤4', pip_clinical_category = 'S', taz = '2', taz_clinical_category = 'S', tic = '32', tic_clinical_category = 'R', tob = '≤0.25', tob_clinical_category = 'S', tol = '1', tol_clinical_category = 'S'; 
INSERT INTO phenotypic_data(phenotypic_data_id, isolate_id, ecdc_resistance_profile) VALUES ('760', '854', 'R') ON DUPLICATE KEY UPDATE ecdc_resistance_profile = 'R'; 
INSERT INTO sequence_analysis(sequence_analysis_id, isolate_id, ame_loci, beta_lactamase_loci, clonal_complex, mutational_resistome) VALUES ('854', '854', '-', '-', '381', '{"PA0004": "WT", "PA0424": "WT", "PA0425": "D373E", "PA0426": "WT", "PA0427": "V72L", "PA0807": "A219T", "PA0958": "WT", "PA1798": "H398R", "PA1799": "WT", "PA2020": "nt386\u22061", "PA2023": "WT", "PA2491": "D249N", "PA2492": "F172I, nt234\u22068", "PA2493": "WT", "PA2494": "WT", "PA2495": "WT", "PA3047": "A394P", "PA3168": "WT", "PA3574": "WT", "PA3721": "G71E, A186T", "PA3999": "WT", "PA4003": "WT", "PA4020": "M297V, A303V", "PA4109": "G283E, M288R", "PA4110": "T105A, S173N, G229S", "PA4266": "WT", "PA4418": "WT", "PA4522": "G148A, D183Y", "PA4597": "M69V", "PA4598": "E257Q", "PA4599": "WT", "PA4600": "WT", "PA4776": "L71R", "PA4777": "Y345H", "PA4964": "H262Q", "PA4967": "WT", "PA5471": "L88P, D161G, H182Q, V243A", "PA5485": "WT"}') ON DUPLICATE KEY UPDATE ame_loci = '-', beta_lactamase_loci = '-', clonal_complex = '381', mutational_resistome = '{"PA0004": "WT", "PA0424": "WT", "PA0425": "D373E", "PA0426": "WT", "PA0427": "V72L", "PA0807": "A219T", "PA0958": "WT", "PA1798": "H398R", "PA1799": "WT", "PA2020": "nt386\u22061", "PA2023": "WT", "PA2491": "D249N", "PA2492": "F172I, nt234\u22068", "PA2493": "WT", "PA2494": "WT", "PA2495": "WT", "PA3047": "A394P", "PA3168": "WT", "PA3574": "WT", "PA3721": "G71E, A186T", "PA3999": "WT", "PA4003": "WT", "PA4020": "M297V, A303V", "PA4109": "G283E, M288R", "PA4110": "T105A, S173N, G229S", "PA4266": "WT", "PA4418": "WT", "PA4522": "G148A, D183Y", "PA4597": "M69V", "PA4598": "E257Q", "PA4599": "WT", "PA4600": "WT", "PA4776": "L71R", "PA4777": "Y345H", "PA4964": "H262Q", "PA4967": "WT", "PA5471": "L88P, D161G, H182Q, V243A", "PA5485": "WT"}'; 
INSERT INTO metadata_general(isolate_id, isolate_name, isolate_source, project_name, species) VALUES ('855', 'CLE03-005', 'VALIDATION SET', 'GEMARA', 'Pseudomonas aeruginosa') ON DUPLICATE KEY UPDATE isolate_name = 'CLE03-005', isolate_source = 'VALIDATION SET', project_name = 'GEMARA', species = 'Pseudomonas aeruginosa'; 
INSERT INTO mic(mic_id, isolate_id, ami, ami_clinical_category, azt, azt_clinical_category, cip, cip_clinical_category, col, col_clinical_category, cza, cza_clinical_category, fep, fep_clinical_category, imi, imi_clinical_category, mer, mer_clinical_category, pip, pip_clinical_category, taz, taz_clinical_category, tic, tic_clinical_category, tob, tob_clinical_category, tol, tol_clinical_category) VALUES ('855', '855', '≤2', 'S', '8', 'S', '≤0.12', 'S', '≤0.5', 'S', '4', 'S', '2', 'S', '2', 'S', '1', 'S', '8', 'S', '4', 'S', '32', 'R', '≤0.25', 'S', '1', 'S') ON DUPLICATE KEY UPDATE ami = '≤2', ami_clinical_category = 'S', azt = '8', azt_clinical_category = 'S', cip = '≤0.12', cip_clinical_category = 'S', col = '≤0.5', col_clinical_category = 'S', cza = '4', cza_clinical_category = 'S', fep = '2', fep_clinical_category = 'S', imi = '2', imi_clinical_category = 'S', mer = '1', mer_clinical_category = 'S', pip = '8', pip_clinical_category = 'S', taz = '4', taz_clinical_category = 'S', tic = '32', tic_clinical_category = 'R', tob = '≤0.25', tob_clinical_category = 'S', tol = '1', tol_clinical_category = 'S'; 
INSERT INTO phenotypic_data(phenotypic_data_id, isolate_id, ecdc_resistance_profile) VALUES ('761', '855', 'S') ON DUPLICATE KEY UPDATE ecdc_resistance_profile = 'S'; 
INSERT INTO sequence_analysis(sequence_analysis_id, isolate_id, ame_loci, beta_lactamase_loci, clonal_complex, mutational_resistome) VALUES ('855', '855', '-', '-', '253', '{"PA0004": "WT", "PA0424": "V126E", "PA0425": "WT", "PA0426": "WT", "PA0427": "WT", "PA0807": "WT", "PA0958": "WT", "PA1798": "H398R", "PA1799": "L153R, S170N", "PA2020": "DELETED", "PA2023": "DELETED", "PA2491": "D249N", "PA2492": "F172I, nt234\u22068", "PA2493": "WT", "PA2494": "WT", "PA2495": "S13P", "PA3047": "Q156H", "PA3168": "aa911\u22062", "PA3574": "WT", "PA3721": "G71E, A145V, S209R", "PA3999": "WT", "PA4003": "WT", "PA4020": "M297V", "PA4109": "E114A, G283E, M288R", "PA4110": "G27D, A55T, T105A, Q155R, V205L, G391A", "PA4266": "WT", "PA4418": "WT", "PA4522": "WT", "PA4597": "D68G, M69V", "PA4598": "T87S, A155T, E257Q, S845A, I982V, K1031R, S1040T", "PA4599": "P47S, R76Q, H310R, S330A, A378T", "PA4600": "R21H, D56G", "PA4776": "WT", "PA4777": "A4T, V15I, G68S, Y345H", "PA4964": "WT", "PA4967": "D533E", "PA5471": "C40R, L88P, S112N, D119E, I237V, V243A", "PA5485": "WT"}') ON DUPLICATE KEY UPDATE ame_loci = '-', beta_lactamase_loci = '-', clonal_complex = '253', mutational_resistome = '{"PA0004": "WT", "PA0424": "V126E", "PA0425": "WT", "PA0426": "WT", "PA0427": "WT", "PA0807": "WT", "PA0958": "WT", "PA1798": "H398R", "PA1799": "L153R, S170N", "PA2020": "DELETED", "PA2023": "DELETED", "PA2491": "D249N", "PA2492": "F172I, nt234\u22068", "PA2493": "WT", "PA2494": "WT", "PA2495": "S13P", "PA3047": "Q156H", "PA3168": "aa911\u22062", "PA3574": "WT", "PA3721": "G71E, A145V, S209R", "PA3999": "WT", "PA4003": "WT", "PA4020": "M297V", "PA4109": "E114A, G283E, M288R", "PA4110": "G27D, A55T, T105A, Q155R, V205L, G391A", "PA4266": "WT", "PA4418": "WT", "PA4522": "WT", "PA4597": "D68G, M69V", "PA4598": "T87S, A155T, E257Q, S845A, I982V, K1031R, S1040T", "PA4599": "P47S, R76Q, H310R, S330A, A378T", "PA4600": "R21H, D56G", "PA4776": "WT", "PA4777": "A4T, V15I, G68S, Y345H", "PA4964": "WT", "PA4967": "D533E", "PA5471": "C40R, L88P, S112N, D119E, I237V, V243A", "PA5485": "WT"}'; 
INSERT INTO metadata_general(isolate_id, isolate_name, isolate_source, project_name, species) VALUES ('843', 'CLE03-006', 'VALIDATION SET', 'GEMARA', 'Pseudomonas aeruginosa') ON DUPLICATE KEY UPDATE isolate_name = 'CLE03-006', isolate_source = 'VALIDATION SET', project_name = 'GEMARA', species = 'Pseudomonas aeruginosa'; 
INSERT INTO mic(mic_id, isolate_id, ami, ami_clinical_category, azt, azt_clinical_category, cip, cip_clinical_category, col, col_clinical_category, cza, cza_clinical_category, fep, fep_clinical_category, imi, imi_clinical_category, mer, mer_clinical_category, pip, pip_clinical_category, taz, taz_clinical_category, tic, tic_clinical_category, tob, tob_clinical_category, tol, tol_clinical_category) VALUES ('843', '843', '16', 'I', '8', 'S', '2', 'R', '4', 'R', '4', 'S', '8', 'S', '8', 'R', '4', 'I', '8', 'S', '4', 'S', '32', 'R', '2', 'S', '2', 'S') ON DUPLICATE KEY UPDATE ami = '16', ami_clinical_category = 'I', azt = '8', azt_clinical_category = 'S', cip = '2', cip_clinical_category = 'R', col = '4', col_clinical_category = 'R', cza = '4', cza_clinical_category = 'S', fep = '8', fep_clinical_category = 'S', imi = '8', imi_clinical_category = 'R', mer = '4', mer_clinical_category = 'I', pip = '8', pip_clinical_category = 'S', taz = '4', taz_clinical_category = 'S', tic = '32', tic_clinical_category = 'R', tob = '2', tob_clinical_category = 'S', tol = '2', tol_clinical_category = 'S'; 
INSERT INTO phenotypic_data(phenotypic_data_id, isolate_id, ecdc_resistance_profile) VALUES ('749', '843', 'XDR') ON DUPLICATE KEY UPDATE ecdc_resistance_profile = 'XDR'; 
INSERT INTO sequence_analysis(sequence_analysis_id, isolate_id, ame_loci, beta_lactamase_loci, clonal_complex, mutational_resistome) VALUES ('843', '843', '-', '-', '1337', '{"PA0004": "WT", "PA0424": "WT", "PA0425": "WT", "PA0426": "WT", "PA0427": "WT", "PA0807": "WT", "PA0958": "WT", "PA1798": "H398R", "PA1799": "aa214\u22061", "PA2020": "WT", "PA2023": "WT", "PA2491": "D249N", "PA2492": "F172I, nt234\u22068", "PA2493": "WT", "PA2494": "WT", "PA2495": "WT", "PA3047": "A394P", "PA3168": "D87N, aa911\u22062", "PA3574": "WT", "PA3721": "G71E, E153Q, S209R", "PA3999": "WT", "PA4003": "WT", "PA4020": "M297V", "PA4109": "WT", "PA4110": "T105A", "PA4266": "WT", "PA4418": "WT", "PA4522": "D59E", "PA4597": "D68G, M69V", "PA4598": "E257Q, S845A", "PA4599": "S330A", "PA4600": "WT", "PA4776": "L71R", "PA4777": "Y345H", "PA4964": "E513D", "PA4967": "WT", "PA5471": "L88P, D119E", "PA5485": "WT"}') ON DUPLICATE KEY UPDATE ame_loci = '-', beta_lactamase_loci = '-', clonal_complex = '1337', mutational_resistome = '{"PA0004": "WT", "PA0424": "WT", "PA0425": "WT", "PA0426": "WT", "PA0427": "WT", "PA0807": "WT", "PA0958": "WT", "PA1798": "H398R", "PA1799": "aa214\u22061", "PA2020": "WT", "PA2023": "WT", "PA2491": "D249N", "PA2492": "F172I, nt234\u22068", "PA2493": "WT", "PA2494": "WT", "PA2495": "WT", "PA3047": "A394P", "PA3168": "D87N, aa911\u22062", "PA3574": "WT", "PA3721": "G71E, E153Q, S209R", "PA3999": "WT", "PA4003": "WT", "PA4020": "M297V", "PA4109": "WT", "PA4110": "T105A", "PA4266": "WT", "PA4418": "WT", "PA4522": "D59E", "PA4597": "D68G, M69V", "PA4598": "E257Q, S845A", "PA4599": "S330A", "PA4600": "WT", "PA4776": "L71R", "PA4777": "Y345H", "PA4964": "E513D", "PA4967": "WT", "PA5471": "L88P, D119E", "PA5485": "WT"}'; 
INSERT INTO metadata_general(isolate_id, isolate_name, isolate_source, project_name, species) VALUES ('873', 'CLM01-001', 'VALIDATION SET', 'GEMARA', 'Pseudomonas aeruginosa') ON DUPLICATE KEY UPDATE isolate_name = 'CLM01-001', isolate_source = 'VALIDATION SET', project_name = 'GEMARA', species = 'Pseudomonas aeruginosa'; 
INSERT INTO mic(mic_id, isolate_id, ami, ami_clinical_category, azt, azt_clinical_category, cip, cip_clinical_category, col, col_clinical_category, cza, cza_clinical_category, fep, fep_clinical_category, imi, imi_clinical_category, mer, mer_clinical_category, pip, pip_clinical_category, taz, taz_clinical_category, tic, tic_clinical_category, tob, tob_clinical_category, tol, tol_clinical_category) VALUES ('873', '873', '≤2', 'S', '8', 'S', '8', 'R', '2', 'S', '2', 'S', '2', 'S', '2', 'S', '4', 'I', '8', 'S', '4', 'S', '64', 'R', '≤0.25', 'S', '≤0.5', 'S') ON DUPLICATE KEY UPDATE ami = '≤2', ami_clinical_category = 'S', azt = '8', azt_clinical_category = 'S', cip = '8', cip_clinical_category = 'R', col = '2', col_clinical_category = 'S', cza = '2', cza_clinical_category = 'S', fep = '2', fep_clinical_category = 'S', imi = '2', imi_clinical_category = 'S', mer = '4', mer_clinical_category = 'I', pip = '8', pip_clinical_category = 'S', taz = '4', taz_clinical_category = 'S', tic = '64', tic_clinical_category = 'R', tob = '≤0.25', tob_clinical_category = 'S', tol = '≤0.5', tol_clinical_category = 'S'; 
INSERT INTO phenotypic_data(phenotypic_data_id, isolate_id, ecdc_resistance_profile) VALUES ('781', '873', 'R') ON DUPLICATE KEY UPDATE ecdc_resistance_profile = 'R'; 
INSERT INTO sequence_analysis(sequence_analysis_id, isolate_id, ame_loci, beta_lactamase_loci, clonal_complex, mutational_resistome) VALUES ('873', '873', '-', '-', '267', '{"PA0004": "WT", "PA0424": "WT", "PA0425": "WT", "PA0426": "WT", "PA0427": "WT", "PA0807": "A219T", "PA0958": "WT", "PA1798": "H398R", "PA1799": "WT", "PA2020": "WT", "PA2023": "WT", "PA2491": "P13L, A75V, D249N", "PA2492": "P60S, F172I, nt234\u22068", "PA2493": "WT", "PA2494": "WT", "PA2495": "R151L", "PA3047": "WT", "PA3168": "T83I", "PA3574": "C149Y", "PA3721": "WT", "PA3999": "WT", "PA4003": "WT", "PA4020": "M297V, A303V", "PA4109": "WT", "PA4110": "T105A", "PA4266": "WT", "PA4418": "WT", "PA4522": "R11L, G148A, D183Y", "PA4597": "WT", "PA4598": "V660I, S845A, I982V, K1031R, S1040T", "PA4599": "WT", "PA4600": "WT", "PA4776": "L71R", "PA4777": "Y345H", "PA4964": "WT", "PA4967": "WT", "PA5471": "L88P, D161G, H182Q, V243A", "PA5485": "WT"}') ON DUPLICATE KEY UPDATE ame_loci = '-', beta_lactamase_loci = '-', clonal_complex = '267', mutational_resistome = '{"PA0004": "WT", "PA0424": "WT", "PA0425": "WT", "PA0426": "WT", "PA0427": "WT", "PA0807": "A219T", "PA0958": "WT", "PA1798": "H398R", "PA1799": "WT", "PA2020": "WT", "PA2023": "WT", "PA2491": "P13L, A75V, D249N", "PA2492": "P60S, F172I, nt234\u22068", "PA2493": "WT", "PA2494": "WT", "PA2495": "R151L", "PA3047": "WT", "PA3168": "T83I", "PA3574": "C149Y", "PA3721": "WT", "PA3999": "WT", "PA4003": "WT", "PA4020": "M297V, A303V", "PA4109": "WT", "PA4110": "T105A", "PA4266": "WT", "PA4418": "WT", "PA4522": "R11L, G148A, D183Y", "PA4597": "WT", "PA4598": "V660I, S845A, I982V, K1031R, S1040T", "PA4599": "WT", "PA4600": "WT", "PA4776": "L71R", "PA4777": "Y345H", "PA4964": "WT", "PA4967": "WT", "PA5471": "L88P, D161G, H182Q, V243A", "PA5485": "WT"}'; 
INSERT INTO metadata_general(isolate_id, isolate_name, isolate_source, project_name, species) VALUES ('871', 'CLM01-002', 'VALIDATION SET', 'GEMARA', 'Pseudomonas aeruginosa') ON DUPLICATE KEY UPDATE isolate_name = 'CLM01-002', isolate_source = 'VALIDATION SET', project_name = 'GEMARA', species = 'Pseudomonas aeruginosa'; 
INSERT INTO mic(mic_id, isolate_id, ami, ami_clinical_category, azt, azt_clinical_category, cip, cip_clinical_category, col, col_clinical_category, cza, cza_clinical_category, fep, fep_clinical_category, imi, imi_clinical_category, mer, mer_clinical_category, pip, pip_clinical_category, taz, taz_clinical_category, tic, tic_clinical_category, tob, tob_clinical_category, tol, tol_clinical_category) VALUES ('871', '871', '4', 'S', '4', 'S', '≤0.12', 'S', '2', 'S', '1', 'S', '2', 'S', '1', 'S', '≤0.5', 'S', '≤4', 'S', '2', 'S', '32', 'R', '1', 'S', '≤0.5', 'S') ON DUPLICATE KEY UPDATE ami = '4', ami_clinical_category = 'S', azt = '4', azt_clinical_category = 'S', cip = '≤0.12', cip_clinical_category = 'S', col = '2', col_clinical_category = 'S', cza = '1', cza_clinical_category = 'S', fep = '2', fep_clinical_category = 'S', imi = '1', imi_clinical_category = 'S', mer = '≤0.5', mer_clinical_category = 'S', pip = '≤4', pip_clinical_category = 'S', taz = '2', taz_clinical_category = 'S', tic = '32', tic_clinical_category = 'R', tob = '1', tob_clinical_category = 'S', tol = '≤0.5', tol_clinical_category = 'S'; 
INSERT INTO phenotypic_data(phenotypic_data_id, isolate_id, ecdc_resistance_profile) VALUES ('779', '871', 'S') ON DUPLICATE KEY UPDATE ecdc_resistance_profile = 'S'; 
INSERT INTO sequence_analysis(sequence_analysis_id, isolate_id, ame_loci, beta_lactamase_loci, clonal_complex, mutational_resistome) VALUES ('871', '871', '-', '-', '309', '{"PA0004": "WT", "PA0424": "V126E", "PA0425": "K76Q", "PA0426": "WT", "PA0427": "WT", "PA0807": "WT", "PA0958": "WT", "PA1798": "H398R", "PA1799": "L153R, S170N", "PA2020": "D83E, L138R", "PA2023": "WT", "PA2491": "D249N", "PA2492": "F172I, nt234\u22068", "PA2493": "S8F, D353E, D370E", "PA2494": "WT", "PA2495": "S13P", "PA3047": "WT", "PA3168": "aa911\u22062", "PA3574": "WT", "PA3721": "G71E, S209R", "PA3999": "WT", "PA4003": "WT", "PA4020": "M297V", "PA4109": "G283E, M288R", "PA4110": "G27D, T105A, V205L, V356I, G391A", "PA4266": "WT", "PA4418": "N117S", "PA4522": "Q44H, G148A", "PA4597": "WT", "PA4598": "S845A, K1031R", "PA4599": "R76Q, H310R, S313G, S330A, P383S", "PA4600": "WT", "PA4776": "L71R", "PA4777": "S2P, A4T, V15I, G68S, Y345H", "PA4964": "S197L", "PA4967": "D533E", "PA5471": "C40R, L88P, S112N, D119E, I237V, V243A", "PA5485": "WT"}') ON DUPLICATE KEY UPDATE ame_loci = '-', beta_lactamase_loci = '-', clonal_complex = '309', mutational_resistome = '{"PA0004": "WT", "PA0424": "V126E", "PA0425": "K76Q", "PA0426": "WT", "PA0427": "WT", "PA0807": "WT", "PA0958": "WT", "PA1798": "H398R", "PA1799": "L153R, S170N", "PA2020": "D83E, L138R", "PA2023": "WT", "PA2491": "D249N", "PA2492": "F172I, nt234\u22068", "PA2493": "S8F, D353E, D370E", "PA2494": "WT", "PA2495": "S13P", "PA3047": "WT", "PA3168": "aa911\u22062", "PA3574": "WT", "PA3721": "G71E, S209R", "PA3999": "WT", "PA4003": "WT", "PA4020": "M297V", "PA4109": "G283E, M288R", "PA4110": "G27D, T105A, V205L, V356I, G391A", "PA4266": "WT", "PA4418": "N117S", "PA4522": "Q44H, G148A", "PA4597": "WT", "PA4598": "S845A, K1031R", "PA4599": "R76Q, H310R, S313G, S330A, P383S", "PA4600": "WT", "PA4776": "L71R", "PA4777": "S2P, A4T, V15I, G68S, Y345H", "PA4964": "S197L", "PA4967": "D533E", "PA5471": "C40R, L88P, S112N, D119E, I237V, V243A", "PA5485": "WT"}'; 
INSERT INTO metadata_general(isolate_id, isolate_name, isolate_source, project_name, species) VALUES ('862', 'CLM01-003', 'VALIDATION SET', 'GEMARA', 'Pseudomonas aeruginosa') ON DUPLICATE KEY UPDATE isolate_name = 'CLM01-003', isolate_source = 'VALIDATION SET', project_name = 'GEMARA', species = 'Pseudomonas aeruginosa'; 
INSERT INTO mic(mic_id, isolate_id, ami, ami_clinical_category, azt, azt_clinical_category, cip, cip_clinical_category, col, col_clinical_category, cza, cza_clinical_category, fep, fep_clinical_category, imi, imi_clinical_category, mer, mer_clinical_category, pip, pip_clinical_category, taz, taz_clinical_category, tic, tic_clinical_category, tob, tob_clinical_category, tol, tol_clinical_category) VALUES ('862', '862', '8', 'S', '16', 'S', '2', 'R', '≤0.5', 'S', '1', 'S', '16', 'R', '≤0.5', 'S', '≤0.5', 'S', '128', 'R', '16', 'R', '64', 'R', '1', 'S', '2', 'S') ON DUPLICATE KEY UPDATE ami = '8', ami_clinical_category = 'S', azt = '16', azt_clinical_category = 'S', cip = '2', cip_clinical_category = 'R', col = '≤0.5', col_clinical_category = 'S', cza = '1', cza_clinical_category = 'S', fep = '16', fep_clinical_category = 'R', imi = '≤0.5', imi_clinical_category = 'S', mer = '≤0.5', mer_clinical_category = 'S', pip = '128', pip_clinical_category = 'R', taz = '16', taz_clinical_category = 'R', tic = '64', tic_clinical_category = 'R', tob = '1', tob_clinical_category = 'S', tol = '2', tol_clinical_category = 'S'; 
INSERT INTO phenotypic_data(phenotypic_data_id, isolate_id, ecdc_resistance_profile) VALUES ('770', '862', 'MDR') ON DUPLICATE KEY UPDATE ecdc_resistance_profile = 'MDR'; 
INSERT INTO sequence_analysis(sequence_analysis_id, isolate_id, ame_loci, beta_lactamase_loci, clonal_complex, mutational_resistome) VALUES ('862', '862', '-', '-', '709', '{"PA0004": "S466Y", "PA0424": "WT", "PA0425": "WT", "PA0426": "WT", "PA0427": "nt501\u22065", "PA0807": "WT", "PA0958": "WT", "PA1798": "H398R", "PA1799": "WT", "PA2020": "WT", "PA2023": "WT", "PA2491": "D249N", "PA2492": "P60S, F172I, nt234\u22068", "PA2493": "WT", "PA2494": "WT", "PA2495": "WT", "PA3047": "WT", "PA3168": "WT", "PA3574": "WT", "PA3721": "G71E, S209R", "PA3999": "WT", "PA4003": "WT", "PA4020": "D411A", "PA4109": "D135N", "PA4110": "R79Q, T105A, I365V", "PA4266": "Q678L", "PA4418": "WT", "PA4522": "G148A, D183Y", "PA4597": "M69V, Q267R", "PA4598": "E257Q, S845A", "PA4599": "S330A", "PA4600": "WT", "PA4776": "L71R", "PA4777": "Y345H", "PA4964": "WT", "PA4967": "WT", "PA5471": "L88P, D161G, H182Q, V243A", "PA5485": "WT"}') ON DUPLICATE KEY UPDATE ame_loci = '-', beta_lactamase_loci = '-', clonal_complex = '709', mutational_resistome = '{"PA0004": "S466Y", "PA0424": "WT", "PA0425": "WT", "PA0426": "WT", "PA0427": "nt501\u22065", "PA0807": "WT", "PA0958": "WT", "PA1798": "H398R", "PA1799": "WT", "PA2020": "WT", "PA2023": "WT", "PA2491": "D249N", "PA2492": "P60S, F172I, nt234\u22068", "PA2493": "WT", "PA2494": "WT", "PA2495": "WT", "PA3047": "WT", "PA3168": "WT", "PA3574": "WT", "PA3721": "G71E, S209R", "PA3999": "WT", "PA4003": "WT", "PA4020": "D411A", "PA4109": "D135N", "PA4110": "R79Q, T105A, I365V", "PA4266": "Q678L", "PA4418": "WT", "PA4522": "G148A, D183Y", "PA4597": "M69V, Q267R", "PA4598": "E257Q, S845A", "PA4599": "S330A", "PA4600": "WT", "PA4776": "L71R", "PA4777": "Y345H", "PA4964": "WT", "PA4967": "WT", "PA5471": "L88P, D161G, H182Q, V243A", "PA5485": "WT"}'; 
INSERT INTO metadata_general(isolate_id, isolate_name, isolate_source, project_name, species) VALUES ('889', 'CLM01-004', 'VALIDATION SET', 'GEMARA', 'Pseudomonas aeruginosa') ON DUPLICATE KEY UPDATE isolate_name = 'CLM01-004', isolate_source = 'VALIDATION SET', project_name = 'GEMARA', species = 'Pseudomonas aeruginosa'; 
INSERT INTO mic(mic_id, isolate_id, ami, ami_clinical_category, azt, azt_clinical_category, cip, cip_clinical_category, col, col_clinical_category, cza, cza_clinical_category, fep, fep_clinical_category, imi, imi_clinical_category, mer, mer_clinical_category, pip, pip_clinical_category, taz, taz_clinical_category, tic, tic_clinical_category, tob, tob_clinical_category, tol, tol_clinical_category) VALUES ('889', '889', '≤2', 'S', '4', 'S', '≤0.12', 'S', '1', 'S', '2', 'S', '2', 'S', '1', 'S', '2', 'S', '≤4', 'S', '2', 'S', '32', 'R', '≤0.25', 'S', '≤0.5', 'S') ON DUPLICATE KEY UPDATE ami = '≤2', ami_clinical_category = 'S', azt = '4', azt_clinical_category = 'S', cip = '≤0.12', cip_clinical_category = 'S', col = '1', col_clinical_category = 'S', cza = '2', cza_clinical_category = 'S', fep = '2', fep_clinical_category = 'S', imi = '1', imi_clinical_category = 'S', mer = '2', mer_clinical_category = 'S', pip = '≤4', pip_clinical_category = 'S', taz = '2', taz_clinical_category = 'S', tic = '32', tic_clinical_category = 'R', tob = '≤0.25', tob_clinical_category = 'S', tol = '≤0.5', tol_clinical_category = 'S'; 
INSERT INTO phenotypic_data(phenotypic_data_id, isolate_id, ecdc_resistance_profile) VALUES ('797', '889', 'S') ON DUPLICATE KEY UPDATE ecdc_resistance_profile = 'S'; 
INSERT INTO sequence_analysis(sequence_analysis_id, isolate_id, ame_loci, beta_lactamase_loci, clonal_complex, mutational_resistome) VALUES ('889', '889', '-', '-', '455', '{"PA0004": "WT", "PA0424": "WT", "PA0425": "WT", "PA0426": "WT", "PA0427": "WT", "PA0807": "A219T", "PA0958": "WT", "PA1798": "H398R", "PA1799": "L153R, S170N", "PA2020": "L138R, N186S", "PA2023": "WT", "PA2491": "D249N", "PA2492": "P60S, F172I, nt234\u22068", "PA2493": "S8F, D353E, D370E", "PA2494": "D230A", "PA2495": "S13P, A113S", "PA3047": "WT", "PA3168": "WT", "PA3574": "WT", "PA3721": "G71E, S209R, P210L", "PA3999": "WT", "PA4003": "WT", "PA4020": "M297V, C410T", "PA4109": "WT", "PA4110": "T105A", "PA4266": "WT", "PA4418": "WT", "PA4522": "G148A, S175L", "PA4597": "D68G, M69V, N73D", "PA4598": "E257Q, S845A", "PA4599": "T145I, S330A", "PA4600": "WT", "PA4776": "L71R", "PA4777": "Y345H", "PA4964": "V419L, V646L", "PA4967": "WT", "PA5471": "L88P, D161G, H182Q, V243A", "PA5485": "WT"}') ON DUPLICATE KEY UPDATE ame_loci = '-', beta_lactamase_loci = '-', clonal_complex = '455', mutational_resistome = '{"PA0004": "WT", "PA0424": "WT", "PA0425": "WT", "PA0426": "WT", "PA0427": "WT", "PA0807": "A219T", "PA0958": "WT", "PA1798": "H398R", "PA1799": "L153R, S170N", "PA2020": "L138R, N186S", "PA2023": "WT", "PA2491": "D249N", "PA2492": "P60S, F172I, nt234\u22068", "PA2493": "S8F, D353E, D370E", "PA2494": "D230A", "PA2495": "S13P, A113S", "PA3047": "WT", "PA3168": "WT", "PA3574": "WT", "PA3721": "G71E, S209R, P210L", "PA3999": "WT", "PA4003": "WT", "PA4020": "M297V, C410T", "PA4109": "WT", "PA4110": "T105A", "PA4266": "WT", "PA4418": "WT", "PA4522": "G148A, S175L", "PA4597": "D68G, M69V, N73D", "PA4598": "E257Q, S845A", "PA4599": "T145I, S330A", "PA4600": "WT", "PA4776": "L71R", "PA4777": "Y345H", "PA4964": "V419L, V646L", "PA4967": "WT", "PA5471": "L88P, D161G, H182Q, V243A", "PA5485": "WT"}'; 
INSERT INTO metadata_general(isolate_id, isolate_name, isolate_source, project_name, species) VALUES ('1454', 'CLM02-004', 'VALIDATION SET', 'GEMARA', 'Pseudomonas aeruginosa') ON DUPLICATE KEY UPDATE isolate_name = 'CLM02-004', isolate_source = 'VALIDATION SET', project_name = 'GEMARA', species = 'Pseudomonas aeruginosa'; 
INSERT INTO mic(mic_id, isolate_id, ami, ami_clinical_category, azt, azt_clinical_category, cip, cip_clinical_category, col, col_clinical_category, cza, cza_clinical_category, fep, fep_clinical_category, imi, imi_clinical_category, mer, mer_clinical_category, pip, pip_clinical_category, taz, taz_clinical_category, tic, tic_clinical_category, tob, tob_clinical_category, tol, tol_clinical_category) VALUES ('1454', '1454', '4', 'S', '4', 'S', '≤0.12', 'S', '1', 'S', '2', 'S', '8', 'S', '1', 'S', '≤0.5', 'S', '8', 'S', '2', 'S', '64', 'R', '≤0.25', 'S', '≤0.5', 'S') ON DUPLICATE KEY UPDATE ami = '4', ami_clinical_category = 'S', azt = '4', azt_clinical_category = 'S', cip = '≤0.12', cip_clinical_category = 'S', col = '1', col_clinical_category = 'S', cza = '2', cza_clinical_category = 'S', fep = '8', fep_clinical_category = 'S', imi = '1', imi_clinical_category = 'S', mer = '≤0.5', mer_clinical_category = 'S', pip = '8', pip_clinical_category = 'S', taz = '2', taz_clinical_category = 'S', tic = '64', tic_clinical_category = 'R', tob = '≤0.25', tob_clinical_category = 'S', tol = '≤0.5', tol_clinical_category = 'S'; 
INSERT INTO phenotypic_data(phenotypic_data_id, isolate_id, ecdc_resistance_profile) VALUES ('1452', '1454', 'S') ON DUPLICATE KEY UPDATE ecdc_resistance_profile = 'S'; 
INSERT INTO sequence_analysis(sequence_analysis_id, isolate_id, ame_loci, beta_lactamase_loci, clonal_complex, mutational_resistome) VALUES ('1454', '1454', '-', '-', '253', '{"PA0004": "WT", "PA0424": "V126E", "PA0425": "WT", "PA0426": "WT", "PA0427": "WT", "PA0807": "WT", "PA0958": "WT", "PA1798": "H398R", "PA1799": "L153R, S170N", "PA2020": "L138R, N186S", "PA2023": "WT", "PA2491": "D249N", "PA2492": "F172I, nt234\u22068", "PA2493": "WT", "PA2494": "WT", "PA2495": "S13P", "PA3047": "Q156H", "PA3168": "aa911\u22062", "PA3574": "WT", "PA3721": "G71E, A145V, S209R", "PA3999": "WT", "PA4003": "WT", "PA4020": "M297V", "PA4109": "E114A, G283E, M288R", "PA4110": "G27D, A55T, T105A, Q155R, V205L, G391A", "PA4266": "WT", "PA4418": "WT", "PA4522": "WT", "PA4597": "D68G, M69V", "PA4598": "T87S, A155T, E257Q, S845A, I982V, K1031R, S1040T", "PA4599": "P47S, R76Q, H310R, S330A, A378T", "PA4600": "R21H, D56G", "PA4776": "WT", "PA4777": "A4T, V15I, G68S, Y345H", "PA4964": "WT", "PA4967": "D533E", "PA5471": "C40R, L88P, S112N, D119E, I237V, V243A", "PA5485": "WT"}') ON DUPLICATE KEY UPDATE ame_loci = '-', beta_lactamase_loci = '-', clonal_complex = '253', mutational_resistome = '{"PA0004": "WT", "PA0424": "V126E", "PA0425": "WT", "PA0426": "WT", "PA0427": "WT", "PA0807": "WT", "PA0958": "WT", "PA1798": "H398R", "PA1799": "L153R, S170N", "PA2020": "L138R, N186S", "PA2023": "WT", "PA2491": "D249N", "PA2492": "F172I, nt234\u22068", "PA2493": "WT", "PA2494": "WT", "PA2495": "S13P", "PA3047": "Q156H", "PA3168": "aa911\u22062", "PA3574": "WT", "PA3721": "G71E, A145V, S209R", "PA3999": "WT", "PA4003": "WT", "PA4020": "M297V", "PA4109": "E114A, G283E, M288R", "PA4110": "G27D, A55T, T105A, Q155R, V205L, G391A", "PA4266": "WT", "PA4418": "WT", "PA4522": "WT", "PA4597": "D68G, M69V", "PA4598": "T87S, A155T, E257Q, S845A, I982V, K1031R, S1040T", "PA4599": "P47S, R76Q, H310R, S330A, A378T", "PA4600": "R21H, D56G", "PA4776": "WT", "PA4777": "A4T, V15I, G68S, Y345H", "PA4964": "WT", "PA4967": "D533E", "PA5471": "C40R, L88P, S112N, D119E, I237V, V243A", "PA5485": "WT"}'; 
INSERT INTO metadata_general(isolate_id, isolate_name, isolate_source, project_name, species) VALUES ('1455', 'CLM02-005', 'VALIDATION SET', 'GEMARA', 'Pseudomonas aeruginosa') ON DUPLICATE KEY UPDATE isolate_name = 'CLM02-005', isolate_source = 'VALIDATION SET', project_name = 'GEMARA', species = 'Pseudomonas aeruginosa'; 
INSERT INTO mic(mic_id, isolate_id, ami, ami_clinical_category, azt, azt_clinical_category, cip, cip_clinical_category, col, col_clinical_category, cza, cza_clinical_category, fep, fep_clinical_category, imi, imi_clinical_category, mer, mer_clinical_category, pip, pip_clinical_category, taz, taz_clinical_category, tic, tic_clinical_category, tob, tob_clinical_category, tol, tol_clinical_category) VALUES ('1455', '1455', '4', 'S', '≤2', 'S', '>16', 'R', '1', 'S', '1', 'S', '8', 'S', '8', 'R', '4', 'I', '32', 'R', '8', 'S', '32', 'R', '32', 'R', '1', 'S') ON DUPLICATE KEY UPDATE ami = '4', ami_clinical_category = 'S', azt = '≤2', azt_clinical_category = 'S', cip = '>16', cip_clinical_category = 'R', col = '1', col_clinical_category = 'S', cza = '1', cza_clinical_category = 'S', fep = '8', fep_clinical_category = 'S', imi = '8', imi_clinical_category = 'R', mer = '4', mer_clinical_category = 'I', pip = '32', pip_clinical_category = 'R', taz = '8', taz_clinical_category = 'S', tic = '32', tic_clinical_category = 'R', tob = '32', tob_clinical_category = 'R', tol = '1', tol_clinical_category = 'S'; 
INSERT INTO phenotypic_data(phenotypic_data_id, isolate_id, ecdc_resistance_profile) VALUES ('1453', '1455', 'XDR') ON DUPLICATE KEY UPDATE ecdc_resistance_profile = 'XDR'; 
INSERT INTO sequence_analysis(sequence_analysis_id, isolate_id, ame_loci, beta_lactamase_loci, clonal_complex, mutational_resistome) VALUES ('1455', '1455', 'aadB', '-', '175', '{"PA0004": "E468D", "PA0424": "WT", "PA0425": "Q104X", "PA0426": "WT", "PA0427": "WT", "PA0807": "A219T, nt410\u22061", "PA0958": "W415X", "PA1798": "H398R", "PA1799": "WT", "PA2020": "WT", "PA2023": "WT", "PA2491": "D249N", "PA2492": "P60S, F172I, nt234\u22068", "PA2493": "WT", "PA2494": "WT", "PA2495": "P470S", "PA3047": "WT", "PA3168": "T83I", "PA3574": "WT", "PA3721": "A186T", "PA3999": "WT", "PA4003": "WT", "PA4020": "WT", "PA4109": "WT", "PA4110": "WT", "PA4266": "WT", "PA4418": "WT", "PA4522": "F113L, G148A, D183Y", "PA4597": "M69V", "PA4598": "E257Q, S845A", "PA4599": "E26A, H310R, S330A, P383S", "PA4600": "WT", "PA4776": "WT", "PA4777": "Y345H", "PA4964": "S87W, L168Q", "PA4967": "WT", "PA5471": "L88P, D161G, H182Q, V243A, V266M", "PA5485": "WT"}') ON DUPLICATE KEY UPDATE ame_loci = 'aadB', beta_lactamase_loci = '-', clonal_complex = '175', mutational_resistome = '{"PA0004": "E468D", "PA0424": "WT", "PA0425": "Q104X", "PA0426": "WT", "PA0427": "WT", "PA0807": "A219T, nt410\u22061", "PA0958": "W415X", "PA1798": "H398R", "PA1799": "WT", "PA2020": "WT", "PA2023": "WT", "PA2491": "D249N", "PA2492": "P60S, F172I, nt234\u22068", "PA2493": "WT", "PA2494": "WT", "PA2495": "P470S", "PA3047": "WT", "PA3168": "T83I", "PA3574": "WT", "PA3721": "A186T", "PA3999": "WT", "PA4003": "WT", "PA4020": "WT", "PA4109": "WT", "PA4110": "WT", "PA4266": "WT", "PA4418": "WT", "PA4522": "F113L, G148A, D183Y", "PA4597": "M69V", "PA4598": "E257Q, S845A", "PA4599": "E26A, H310R, S330A, P383S", "PA4600": "WT", "PA4776": "WT", "PA4777": "Y345H", "PA4964": "S87W, L168Q", "PA4967": "WT", "PA5471": "L88P, D161G, H182Q, V243A, V266M", "PA5485": "WT"}'; 
INSERT INTO metadata_general(isolate_id, isolate_name, isolate_source, project_name, species) VALUES ('1456', 'CLM02-013', 'VALIDATION SET', 'GEMARA', 'Pseudomonas aeruginosa') ON DUPLICATE KEY UPDATE isolate_name = 'CLM02-013', isolate_source = 'VALIDATION SET', project_name = 'GEMARA', species = 'Pseudomonas aeruginosa'; 
INSERT INTO mic(mic_id, isolate_id, ami, ami_clinical_category, azt, azt_clinical_category, cip, cip_clinical_category, col, col_clinical_category, cza, cza_clinical_category, fep, fep_clinical_category, imi, imi_clinical_category, mer, mer_clinical_category, pip, pip_clinical_category, taz, taz_clinical_category, tic, tic_clinical_category, tob, tob_clinical_category, tol, tol_clinical_category) VALUES ('1456', '1456', '≤2', 'S', '≤2', 'S', '16', 'R', '1', 'S', '1', 'S', '≤1', 'S', '8', 'R', '2', 'S', '≤4', 'S', '≤1', 'S', '16', 'S', '≤0.25', 'S', '≤0.5', 'S') ON DUPLICATE KEY UPDATE ami = '≤2', ami_clinical_category = 'S', azt = '≤2', azt_clinical_category = 'S', cip = '16', cip_clinical_category = 'R', col = '1', col_clinical_category = 'S', cza = '1', cza_clinical_category = 'S', fep = '≤1', fep_clinical_category = 'S', imi = '8', imi_clinical_category = 'R', mer = '2', mer_clinical_category = 'S', pip = '≤4', pip_clinical_category = 'S', taz = '≤1', taz_clinical_category = 'S', tic = '16', tic_clinical_category = 'S', tob = '≤0.25', tob_clinical_category = 'S', tol = '≤0.5', tol_clinical_category = 'S'; 
INSERT INTO phenotypic_data(phenotypic_data_id, isolate_id, ecdc_resistance_profile) VALUES ('1454', '1456', 'R') ON DUPLICATE KEY UPDATE ecdc_resistance_profile = 'R'; 
INSERT INTO sequence_analysis(sequence_analysis_id, isolate_id, ame_loci, beta_lactamase_loci, clonal_complex, mutational_resistome) VALUES ('1456', '1456', '-', '-', '277', '{"PA0004": "WT", "PA0424": "WT", "PA0425": "WT", "PA0426": "WT", "PA0427": "A261T", "PA0807": "WT", "PA0958": "WT", "PA1798": "H398R", "PA1799": "WT", "PA2020": "L174Q", "PA2023": "WT", "PA2491": "D249N, nt907\u220614", "PA2492": "F172I, nt234\u22068", "PA2493": "P397Q, A407V", "PA2494": "WT", "PA2495": "WT", "PA3047": "A394P", "PA3168": "T83I", "PA3574": "WT", "PA3721": "G71E, S209R", "PA3999": "WT", "PA4003": "WT", "PA4020": "R322Q", "PA4109": "WT", "PA4110": "R79Q, T105A", "PA4266": "Q678R", "PA4418": "WT", "PA4522": "G148A, S175L", "PA4597": "D68G, M69V", "PA4598": "E257Q, S845A", "PA4599": "WT", "PA4600": "WT", "PA4776": "L71R", "PA4777": "Y345H", "PA4964": "H262Q", "PA4967": "WT", "PA5471": "L88P, D161G, H182Q, V243A", "PA5485": "WT"}') ON DUPLICATE KEY UPDATE ame_loci = '-', beta_lactamase_loci = '-', clonal_complex = '277', mutational_resistome = '{"PA0004": "WT", "PA0424": "WT", "PA0425": "WT", "PA0426": "WT", "PA0427": "A261T", "PA0807": "WT", "PA0958": "WT", "PA1798": "H398R", "PA1799": "WT", "PA2020": "L174Q", "PA2023": "WT", "PA2491": "D249N, nt907\u220614", "PA2492": "F172I, nt234\u22068", "PA2493": "P397Q, A407V", "PA2494": "WT", "PA2495": "WT", "PA3047": "A394P", "PA3168": "T83I", "PA3574": "WT", "PA3721": "G71E, S209R", "PA3999": "WT", "PA4003": "WT", "PA4020": "R322Q", "PA4109": "WT", "PA4110": "R79Q, T105A", "PA4266": "Q678R", "PA4418": "WT", "PA4522": "G148A, S175L", "PA4597": "D68G, M69V", "PA4598": "E257Q, S845A", "PA4599": "WT", "PA4600": "WT", "PA4776": "L71R", "PA4777": "Y345H", "PA4964": "H262Q", "PA4967": "WT", "PA5471": "L88P, D161G, H182Q, V243A", "PA5485": "WT"}'; 
INSERT INTO metadata_general(isolate_id, isolate_name, isolate_source, project_name, species) VALUES ('915', 'CLM02-014', 'VALIDATION SET', 'GEMARA', 'Pseudomonas aeruginosa') ON DUPLICATE KEY UPDATE isolate_name = 'CLM02-014', isolate_source = 'VALIDATION SET', project_name = 'GEMARA', species = 'Pseudomonas aeruginosa'; 
INSERT INTO mic(mic_id, isolate_id, ami, ami_clinical_category, azt, azt_clinical_category, cip, cip_clinical_category, col, col_clinical_category, cza, cza_clinical_category, fep, fep_clinical_category, imi, imi_clinical_category, mer, mer_clinical_category, pip, pip_clinical_category, taz, taz_clinical_category, tic, tic_clinical_category, tob, tob_clinical_category, tol, tol_clinical_category) VALUES ('915', '915', '8', 'S', '8', 'S', '>16', 'R', '1', 'S', '2', 'S', '8', 'S', '8', 'R', '16', 'R', '32', 'R', '8', 'S', '64', 'R', '>32', 'R', '1', 'S') ON DUPLICATE KEY UPDATE ami = '8', ami_clinical_category = 'S', azt = '8', azt_clinical_category = 'S', cip = '>16', cip_clinical_category = 'R', col = '1', col_clinical_category = 'S', cza = '2', cza_clinical_category = 'S', fep = '8', fep_clinical_category = 'S', imi = '8', imi_clinical_category = 'R', mer = '16', mer_clinical_category = 'R', pip = '32', pip_clinical_category = 'R', taz = '8', taz_clinical_category = 'S', tic = '64', tic_clinical_category = 'R', tob = '>32', tob_clinical_category = 'R', tol = '1', tol_clinical_category = 'S'; 
INSERT INTO phenotypic_data(phenotypic_data_id, isolate_id, ecdc_resistance_profile) VALUES ('826', '915', 'XDR') ON DUPLICATE KEY UPDATE ecdc_resistance_profile = 'XDR'; 
INSERT INTO sequence_analysis(sequence_analysis_id, isolate_id, ame_loci, beta_lactamase_loci, clonal_complex, mutational_resistome) VALUES ('915', '915', 'aadB', '-', '175', '{"PA0004": "E468D", "PA0424": "WT", "PA0425": "WT", "PA0426": "WT", "PA0427": "WT", "PA0807": "A219T, nt410\u22061", "PA0958": "W415X", "PA1798": "H398R", "PA1799": "WT", "PA2020": "G195D", "PA2023": "WT", "PA2491": "D249N", "PA2492": "P60S, F172I, nt234\u22068", "PA2493": "WT", "PA2494": "WT", "PA2495": "WT", "PA3047": "WT", "PA3168": "T83I", "PA3574": "WT", "PA3721": "G71E, A186T", "PA3999": "WT", "PA4003": "WT", "PA4020": "WT", "PA4109": "WT", "PA4110": "WT", "PA4266": "WT", "PA4418": "WT", "PA4522": "F113L, G148A, D183Y", "PA4597": "M69V", "PA4598": "E257Q, S845A", "PA4599": "E26A, H310R, S330A, P383S", "PA4600": "WT", "PA4776": "WT", "PA4777": "Y345H", "PA4964": "S87W, L168Q", "PA4967": "WT", "PA5471": "L88P, D161G, H182Q, V243A, V266M", "PA5485": "WT"}') ON DUPLICATE KEY UPDATE ame_loci = 'aadB', beta_lactamase_loci = '-', clonal_complex = '175', mutational_resistome = '{"PA0004": "E468D", "PA0424": "WT", "PA0425": "WT", "PA0426": "WT", "PA0427": "WT", "PA0807": "A219T, nt410\u22061", "PA0958": "W415X", "PA1798": "H398R", "PA1799": "WT", "PA2020": "G195D", "PA2023": "WT", "PA2491": "D249N", "PA2492": "P60S, F172I, nt234\u22068", "PA2493": "WT", "PA2494": "WT", "PA2495": "WT", "PA3047": "WT", "PA3168": "T83I", "PA3574": "WT", "PA3721": "G71E, A186T", "PA3999": "WT", "PA4003": "WT", "PA4020": "WT", "PA4109": "WT", "PA4110": "WT", "PA4266": "WT", "PA4418": "WT", "PA4522": "F113L, G148A, D183Y", "PA4597": "M69V", "PA4598": "E257Q, S845A", "PA4599": "E26A, H310R, S330A, P383S", "PA4600": "WT", "PA4776": "WT", "PA4777": "Y345H", "PA4964": "S87W, L168Q", "PA4967": "WT", "PA5471": "L88P, D161G, H182Q, V243A, V266M", "PA5485": "WT"}'; 
INSERT INTO metadata_general(isolate_id, isolate_name, isolate_source, project_name, species) VALUES ('933', 'CVA01-001', 'VALIDATION SET', 'GEMARA', 'Pseudomonas aeruginosa') ON DUPLICATE KEY UPDATE isolate_name = 'CVA01-001', isolate_source = 'VALIDATION SET', project_name = 'GEMARA', species = 'Pseudomonas aeruginosa'; 
INSERT INTO mic(mic_id, isolate_id, ami, ami_clinical_category, azt, azt_clinical_category, cip, cip_clinical_category, col, col_clinical_category, cza, cza_clinical_category, fep, fep_clinical_category, imi, imi_clinical_category, mer, mer_clinical_category, pip, pip_clinical_category, taz, taz_clinical_category, tic, tic_clinical_category, tob, tob_clinical_category, tol, tol_clinical_category) VALUES ('933', '933', '4', 'S', '4', 'S', '≤0.12', 'S', '2', 'S', '2', 'S', '2', 'S', '2', 'S', '2', 'S', '≤4', 'S', '2', 'S', '32', 'R', '0.5', 'S', '≤0.5', 'S') ON DUPLICATE KEY UPDATE ami = '4', ami_clinical_category = 'S', azt = '4', azt_clinical_category = 'S', cip = '≤0.12', cip_clinical_category = 'S', col = '2', col_clinical_category = 'S', cza = '2', cza_clinical_category = 'S', fep = '2', fep_clinical_category = 'S', imi = '2', imi_clinical_category = 'S', mer = '2', mer_clinical_category = 'S', pip = '≤4', pip_clinical_category = 'S', taz = '2', taz_clinical_category = 'S', tic = '32', tic_clinical_category = 'R', tob = '0.5', tob_clinical_category = 'S', tol = '≤0.5', tol_clinical_category = 'S'; 
INSERT INTO phenotypic_data(phenotypic_data_id, isolate_id, ecdc_resistance_profile) VALUES ('845', '933', 'S') ON DUPLICATE KEY UPDATE ecdc_resistance_profile = 'S'; 
INSERT INTO sequence_analysis(sequence_analysis_id, isolate_id, ame_loci, beta_lactamase_loci, clonal_complex, mutational_resistome) VALUES ('933', '933', '-', '-', '1283', '{"PA0004": "WT", "PA0424": "WT", "PA0425": "WT", "PA0426": "WT", "PA0427": "WT", "PA0807": "WT", "PA0958": "WT", "PA1798": "V238L, H398R", "PA1799": "WT", "PA2020": "WT", "PA2023": "WT", "PA2491": "D249N", "PA2492": "P60S, F172I, nt234\u22068", "PA2493": "WT", "PA2494": "WT", "PA2495": "S13P", "PA3047": "WT", "PA3168": "WT", "PA3574": "WT", "PA3721": "G71E, S209R", "PA3999": "WT", "PA4003": "WT", "PA4020": "M297V", "PA4109": "E114A, G283E, M288R", "PA4110": "P7S, G27D, T105A", "PA4266": "WT", "PA4418": "WT", "PA4522": "WT", "PA4597": "M69V, Q267R, V472A", "PA4598": "E257Q", "PA4599": "S330A", "PA4600": "WT", "PA4776": "L71R", "PA4777": "Y345H", "PA4964": "WT", "PA4967": "WT", "PA5471": "L88P, D119E", "PA5485": "WT"}') ON DUPLICATE KEY UPDATE ame_loci = '-', beta_lactamase_loci = '-', clonal_complex = '1283', mutational_resistome = '{"PA0004": "WT", "PA0424": "WT", "PA0425": "WT", "PA0426": "WT", "PA0427": "WT", "PA0807": "WT", "PA0958": "WT", "PA1798": "V238L, H398R", "PA1799": "WT", "PA2020": "WT", "PA2023": "WT", "PA2491": "D249N", "PA2492": "P60S, F172I, nt234\u22068", "PA2493": "WT", "PA2494": "WT", "PA2495": "S13P", "PA3047": "WT", "PA3168": "WT", "PA3574": "WT", "PA3721": "G71E, S209R", "PA3999": "WT", "PA4003": "WT", "PA4020": "M297V", "PA4109": "E114A, G283E, M288R", "PA4110": "P7S, G27D, T105A", "PA4266": "WT", "PA4418": "WT", "PA4522": "WT", "PA4597": "M69V, Q267R, V472A", "PA4598": "E257Q", "PA4599": "S330A", "PA4600": "WT", "PA4776": "L71R", "PA4777": "Y345H", "PA4964": "WT", "PA4967": "WT", "PA5471": "L88P, D119E", "PA5485": "WT"}'; 
INSERT INTO metadata_general(isolate_id, isolate_name, isolate_source, project_name, species) VALUES ('99', 'CVA01-002', 'VALIDATION SET', 'GEMARA', 'Pseudomonas aeruginosa') ON DUPLICATE KEY UPDATE isolate_name = 'CVA01-002', isolate_source = 'VALIDATION SET', project_name = 'GEMARA', species = 'Pseudomonas aeruginosa'; 
INSERT INTO mic(mic_id, isolate_id, ami, ami_clinical_category, azt, azt_clinical_category, cip, cip_clinical_category, col, col_clinical_category, cza, cza_clinical_category, fep, fep_clinical_category, imi, imi_clinical_category, mer, mer_clinical_category, pip, pip_clinical_category, taz, taz_clinical_category, tic, tic_clinical_category, tob, tob_clinical_category, tol, tol_clinical_category) VALUES ('99', '99', '8', 'S', '64', 'R', '2', 'R', '2', 'S', '16', 'R', '64', 'R', '16', 'R', '16', 'R', '>256', 'R', '32', 'R', '256', 'R', '0.5', 'S', '4', 'S') ON DUPLICATE KEY UPDATE ami = '8', ami_clinical_category = 'S', azt = '64', azt_clinical_category = 'R', cip = '2', cip_clinical_category = 'R', col = '2', col_clinical_category = 'S', cza = '16', cza_clinical_category = 'R', fep = '64', fep_clinical_category = 'R', imi = '16', imi_clinical_category = 'R', mer = '16', mer_clinical_category = 'R', pip = '>256', pip_clinical_category = 'R', taz = '32', taz_clinical_category = 'R', tic = '256', tic_clinical_category = 'R', tob = '0.5', tob_clinical_category = 'S', tol = '4', tol_clinical_category = 'S'; 
INSERT INTO phenotypic_data(phenotypic_data_id, isolate_id, ecdc_resistance_profile) VALUES ('859', '99', 'XDR') ON DUPLICATE KEY UPDATE ecdc_resistance_profile = 'XDR'; 
INSERT INTO sequence_analysis(sequence_analysis_id, isolate_id, ame_loci, beta_lactamase_loci, clonal_complex, mutational_resistome) VALUES ('99', '99', '-', '-', '500', '{"PA0004": "WT", "PA0424": "WT", "PA0425": "WT", "PA0426": "WT", "PA0427": "WT", "PA0807": "I67T, A219T", "PA0958": "WT", "PA1798": "Y73C, H398R", "PA1799": "WT", "PA2020": "WT", "PA2023": "WT", "PA2491": "D249N", "PA2492": "F172I, nt234\u22068", "PA2493": "WT", "PA2494": "F509V", "PA2495": "R150H", "PA3047": "A394P", "PA3168": "D87N", "PA3574": "WT", "PA3721": "WT", "PA3999": "WT", "PA4003": "WT", "PA4020": "M297V", "PA4109": "WT", "PA4110": "WT", "PA4266": "WT", "PA4418": "WT", "PA4522": "G148A, S175L", "PA4597": "Q267R", "PA4598": "R333C, S845A", "PA4599": "Q206X", "PA4600": "aa18InsVA", "PA4776": "L71R", "PA4777": "A4T, H311Q, Y345H, A413T", "PA4964": "N633S", "PA4967": "WT", "PA5471": "L88P, D161G, H182Q, V243A", "PA5485": "WT"}') ON DUPLICATE KEY UPDATE ame_loci = '-', beta_lactamase_loci = '-', clonal_complex = '500', mutational_resistome = '{"PA0004": "WT", "PA0424": "WT", "PA0425": "WT", "PA0426": "WT", "PA0427": "WT", "PA0807": "I67T, A219T", "PA0958": "WT", "PA1798": "Y73C, H398R", "PA1799": "WT", "PA2020": "WT", "PA2023": "WT", "PA2491": "D249N", "PA2492": "F172I, nt234\u22068", "PA2493": "WT", "PA2494": "F509V", "PA2495": "R150H", "PA3047": "A394P", "PA3168": "D87N", "PA3574": "WT", "PA3721": "WT", "PA3999": "WT", "PA4003": "WT", "PA4020": "M297V", "PA4109": "WT", "PA4110": "WT", "PA4266": "WT", "PA4418": "WT", "PA4522": "G148A, S175L", "PA4597": "Q267R", "PA4598": "R333C, S845A", "PA4599": "Q206X", "PA4600": "aa18InsVA", "PA4776": "L71R", "PA4777": "A4T, H311Q, Y345H, A413T", "PA4964": "N633S", "PA4967": "WT", "PA5471": "L88P, D161G, H182Q, V243A", "PA5485": "WT"}'; 
INSERT INTO metadata_general(isolate_id, isolate_name, isolate_source, project_name, species) VALUES ('919', 'CVA01-005', 'VALIDATION SET', 'GEMARA', 'Pseudomonas aeruginosa') ON DUPLICATE KEY UPDATE isolate_name = 'CVA01-005', isolate_source = 'VALIDATION SET', project_name = 'GEMARA', species = 'Pseudomonas aeruginosa'; 
INSERT INTO mic(mic_id, isolate_id, ami, ami_clinical_category, azt, azt_clinical_category, cip, cip_clinical_category, col, col_clinical_category, cza, cza_clinical_category, fep, fep_clinical_category, imi, imi_clinical_category, mer, mer_clinical_category, pip, pip_clinical_category, taz, taz_clinical_category, tic, tic_clinical_category, tob, tob_clinical_category, tol, tol_clinical_category) VALUES ('919', '919', '4', 'S', '4', 'S', '≤0.12', 'S', '1', 'S', '2', 'S', '2', 'S', '1', 'S', '≤0.5', 'S', '8', 'S', '2', 'S', '32', 'R', '≤0.25', 'S', '1', 'S') ON DUPLICATE KEY UPDATE ami = '4', ami_clinical_category = 'S', azt = '4', azt_clinical_category = 'S', cip = '≤0.12', cip_clinical_category = 'S', col = '1', col_clinical_category = 'S', cza = '2', cza_clinical_category = 'S', fep = '2', fep_clinical_category = 'S', imi = '1', imi_clinical_category = 'S', mer = '≤0.5', mer_clinical_category = 'S', pip = '8', pip_clinical_category = 'S', taz = '2', taz_clinical_category = 'S', tic = '32', tic_clinical_category = 'R', tob = '≤0.25', tob_clinical_category = 'S', tol = '1', tol_clinical_category = 'S'; 
INSERT INTO phenotypic_data(phenotypic_data_id, isolate_id, ecdc_resistance_profile) VALUES ('831', '919', 'S') ON DUPLICATE KEY UPDATE ecdc_resistance_profile = 'S'; 
INSERT INTO sequence_analysis(sequence_analysis_id, isolate_id, ame_loci, beta_lactamase_loci, clonal_complex, mutational_resistome) VALUES ('919', '919', '-', '-', '3347', '{"PA0004": "WT", "PA0424": "V126E", "PA0425": "WT", "PA0426": "I186V", "PA0427": "WT", "PA0807": "WT", "PA0958": "WT", "PA1798": "H398R", "PA1799": "WT", "PA2020": "WT", "PA2023": "WT", "PA2491": "P24L, D249N", "PA2492": "P60S, F172I, nt234\u22068", "PA2493": "WT", "PA2494": "WT", "PA2495": "WT", "PA3047": "WT", "PA3168": "aa911\u22062", "PA3574": "WT", "PA3721": "G71E", "PA3999": "WT", "PA4003": "WT", "PA4020": "WT", "PA4109": "WT", "PA4110": "T105A", "PA4266": "I186V", "PA4418": "WT", "PA4522": "G148A", "PA4597": "D68G, M69V", "PA4598": "T87S, A155T, E257Q, V434A, S845A, A905T", "PA4599": "E251Q, H310R, S330A, A378T, A384V", "PA4600": "WT", "PA4776": "L71R", "PA4777": "A4T, G68S, A119T, Y345H", "PA4964": "WT", "PA4967": "WT", "PA5471": "L88P, D161G, H182Q, V243A", "PA5485": "WT"}') ON DUPLICATE KEY UPDATE ame_loci = '-', beta_lactamase_loci = '-', clonal_complex = '3347', mutational_resistome = '{"PA0004": "WT", "PA0424": "V126E", "PA0425": "WT", "PA0426": "I186V", "PA0427": "WT", "PA0807": "WT", "PA0958": "WT", "PA1798": "H398R", "PA1799": "WT", "PA2020": "WT", "PA2023": "WT", "PA2491": "P24L, D249N", "PA2492": "P60S, F172I, nt234\u22068", "PA2493": "WT", "PA2494": "WT", "PA2495": "WT", "PA3047": "WT", "PA3168": "aa911\u22062", "PA3574": "WT", "PA3721": "G71E", "PA3999": "WT", "PA4003": "WT", "PA4020": "WT", "PA4109": "WT", "PA4110": "T105A", "PA4266": "I186V", "PA4418": "WT", "PA4522": "G148A", "PA4597": "D68G, M69V", "PA4598": "T87S, A155T, E257Q, V434A, S845A, A905T", "PA4599": "E251Q, H310R, S330A, A378T, A384V", "PA4600": "WT", "PA4776": "L71R", "PA4777": "A4T, G68S, A119T, Y345H", "PA4964": "WT", "PA4967": "WT", "PA5471": "L88P, D161G, H182Q, V243A", "PA5485": "WT"}'; 
INSERT INTO metadata_general(isolate_id, isolate_name, isolate_source, project_name, species) VALUES ('100', 'CVA01-006', 'VALIDATION SET', 'GEMARA', 'Pseudomonas aeruginosa') ON DUPLICATE KEY UPDATE isolate_name = 'CVA01-006', isolate_source = 'VALIDATION SET', project_name = 'GEMARA', species = 'Pseudomonas aeruginosa'; 
INSERT INTO mic(mic_id, isolate_id, ami, ami_clinical_category, azt, azt_clinical_category, cip, cip_clinical_category, col, col_clinical_category, cza, cza_clinical_category, fep, fep_clinical_category, imi, imi_clinical_category, mer, mer_clinical_category, pip, pip_clinical_category, taz, taz_clinical_category, tic, tic_clinical_category, tob, tob_clinical_category, tol, tol_clinical_category) VALUES ('100', '100', '8', 'S', '≤2', 'S', '>16', 'R', '1', 'S', '16', 'R', '16', 'R', '>32', 'R', '64', 'R', '16', 'S', '16', 'R', '>512', 'R', '>32', 'R', '>32', 'R') ON DUPLICATE KEY UPDATE ami = '8', ami_clinical_category = 'S', azt = '≤2', azt_clinical_category = 'S', cip = '>16', cip_clinical_category = 'R', col = '1', col_clinical_category = 'S', cza = '16', cza_clinical_category = 'R', fep = '16', fep_clinical_category = 'R', imi = '>32', imi_clinical_category = 'R', mer = '64', mer_clinical_category = 'R', pip = '16', pip_clinical_category = 'S', taz = '16', taz_clinical_category = 'R', tic = '>512', tic_clinical_category = 'R', tob = '>32', tob_clinical_category = 'R', tol = '>32', tol_clinical_category = 'R'; 
INSERT INTO phenotypic_data(phenotypic_data_id, isolate_id, ecdc_resistance_profile) VALUES ('853', '100', 'XDR') ON DUPLICATE KEY UPDATE ecdc_resistance_profile = 'XDR'; 
INSERT INTO sequence_analysis(sequence_analysis_id, isolate_id, ame_loci, beta_lactamase_loci, clonal_complex, mutational_resistome) VALUES ('100', '100', 'aac(3)-Ia, aph(3\')-VIa, aadB', 'blaVIM-20, blaOXA-2 ', '175', '{"PA0004": "WT", "PA0424": "WT", "PA0425": "WT", "PA0426": "nt881InsGG", "PA0427": "WT", "PA0807": "A219T", "PA0958": "nt55InsGCACT", "PA1798": "H398R", "PA1799": "WT", "PA2020": "G195D", "PA2023": "WT", "PA2491": "D249N", "PA2492": "P60S, F172I, nt234\u22068", "PA2493": "WT", "PA2494": "WT", "PA2495": "WT", "PA3047": "WT", "PA3168": "T83I, D87N", "PA3574": "WT", "PA3721": "G71E, A186T", "PA3999": "WT", "PA4003": "WT", "PA4020": "WT", "PA4109": "WT", "PA4110": "WT", "PA4266": "WT", "PA4418": "WT", "PA4522": "G148A, D183Y", "PA4597": "M69V", "PA4598": "E257Q, S845A", "PA4599": "E26A, H310R, S330A, P383S", "PA4600": "WT", "PA4776": "WT", "PA4777": "Y345H", "PA4964": "S87W, L168Q", "PA4967": "WT", "PA5471": "L88P, D161G, H182Q, V243A, V266M", "PA5485": "WT"}') ON DUPLICATE KEY UPDATE ame_loci = 'aac(3)-Ia, aph(3\')-VIa, aadB', beta_lactamase_loci = 'blaVIM-20, blaOXA-2 ', clonal_complex = '175', mutational_resistome = '{"PA0004": "WT", "PA0424": "WT", "PA0425": "WT", "PA0426": "nt881InsGG", "PA0427": "WT", "PA0807": "A219T", "PA0958": "nt55InsGCACT", "PA1798": "H398R", "PA1799": "WT", "PA2020": "G195D", "PA2023": "WT", "PA2491": "D249N", "PA2492": "P60S, F172I, nt234\u22068", "PA2493": "WT", "PA2494": "WT", "PA2495": "WT", "PA3047": "WT", "PA3168": "T83I, D87N", "PA3574": "WT", "PA3721": "G71E, A186T", "PA3999": "WT", "PA4003": "WT", "PA4020": "WT", "PA4109": "WT", "PA4110": "WT", "PA4266": "WT", "PA4418": "WT", "PA4522": "G148A, D183Y", "PA4597": "M69V", "PA4598": "E257Q, S845A", "PA4599": "E26A, H310R, S330A, P383S", "PA4600": "WT", "PA4776": "WT", "PA4777": "Y345H", "PA4964": "S87W, L168Q", "PA4967": "WT", "PA5471": "L88P, D161G, H182Q, V243A, V266M", "PA5485": "WT"}'; 
INSERT INTO metadata_general(isolate_id, isolate_name, isolate_source, project_name, species) VALUES ('944', 'CVA02-001', 'VALIDATION SET', 'GEMARA', 'Pseudomonas aeruginosa') ON DUPLICATE KEY UPDATE isolate_name = 'CVA02-001', isolate_source = 'VALIDATION SET', project_name = 'GEMARA', species = 'Pseudomonas aeruginosa'; 
INSERT INTO mic(mic_id, isolate_id, ami, ami_clinical_category, azt, azt_clinical_category, cip, cip_clinical_category, col, col_clinical_category, cza, cza_clinical_category, fep, fep_clinical_category, imi, imi_clinical_category, mer, mer_clinical_category, pip, pip_clinical_category, taz, taz_clinical_category, tic, tic_clinical_category, tob, tob_clinical_category, tol, tol_clinical_category) VALUES ('944', '944', '4', 'S', '8', 'S', '0.25', 'S', '1', 'S', '1', 'S', '8', 'S', '4', 'S', '4', 'I', '8', 'S', '4', 'S', '32', 'R', '0.5', 'S', '1', 'S') ON DUPLICATE KEY UPDATE ami = '4', ami_clinical_category = 'S', azt = '8', azt_clinical_category = 'S', cip = '0.25', cip_clinical_category = 'S', col = '1', col_clinical_category = 'S', cza = '1', cza_clinical_category = 'S', fep = '8', fep_clinical_category = 'S', imi = '4', imi_clinical_category = 'S', mer = '4', mer_clinical_category = 'I', pip = '8', pip_clinical_category = 'S', taz = '4', taz_clinical_category = 'S', tic = '32', tic_clinical_category = 'R', tob = '0.5', tob_clinical_category = 'S', tol = '1', tol_clinical_category = 'S'; 
INSERT INTO phenotypic_data(phenotypic_data_id, isolate_id, ecdc_resistance_profile) VALUES ('861', '944', 'R') ON DUPLICATE KEY UPDATE ecdc_resistance_profile = 'R'; 
INSERT INTO sequence_analysis(sequence_analysis_id, isolate_id, ame_loci, beta_lactamase_loci, clonal_complex, mutational_resistome) VALUES ('944', '944', '-', '-', '815', '{"PA0004": "WT", "PA0424": "V126E", "PA0425": "WT", "PA0426": "G957D", "PA0427": "WT", "PA0807": "WT", "PA0958": "WT", "PA1798": "H398R", "PA1799": "L153R, S170N", "PA2020": "WT", "PA2023": "WT", "PA2491": "D249N", "PA2492": "F172I, nt234\u22068", "PA2493": "S8F", "PA2494": "WT", "PA2495": "S13P", "PA3047": "Q156H", "PA3168": "WT", "PA3574": "WT", "PA3721": "G71E, S209R, nt15\u22061", "PA3999": "WT", "PA4003": "WT", "PA4020": "M297V", "PA4109": "E114A, A175V", "PA4110": "T21A, T105A, Q155R, A156V, V205L, S306T, G391A", "PA4266": "WT", "PA4418": "WT", "PA4522": "G148A", "PA4597": "A260V", "PA4598": "T87S, S845A", "PA4599": "E251Q, A262E, A277T, H310R, S330A, A378T", "PA4600": "WT", "PA4776": "WT", "PA4777": "A4T, V15I, G68S, Y345H", "PA4964": "V238I", "PA4967": "D533E", "PA5471": "C40R, L88P, S112N, D119E, I237V, V243A, A352V", "PA5485": "WT"}') ON DUPLICATE KEY UPDATE ame_loci = '-', beta_lactamase_loci = '-', clonal_complex = '815', mutational_resistome = '{"PA0004": "WT", "PA0424": "V126E", "PA0425": "WT", "PA0426": "G957D", "PA0427": "WT", "PA0807": "WT", "PA0958": "WT", "PA1798": "H398R", "PA1799": "L153R, S170N", "PA2020": "WT", "PA2023": "WT", "PA2491": "D249N", "PA2492": "F172I, nt234\u22068", "PA2493": "S8F", "PA2494": "WT", "PA2495": "S13P", "PA3047": "Q156H", "PA3168": "WT", "PA3574": "WT", "PA3721": "G71E, S209R, nt15\u22061", "PA3999": "WT", "PA4003": "WT", "PA4020": "M297V", "PA4109": "E114A, A175V", "PA4110": "T21A, T105A, Q155R, A156V, V205L, S306T, G391A", "PA4266": "WT", "PA4418": "WT", "PA4522": "G148A", "PA4597": "A260V", "PA4598": "T87S, S845A", "PA4599": "E251Q, A262E, A277T, H310R, S330A, A378T", "PA4600": "WT", "PA4776": "WT", "PA4777": "A4T, V15I, G68S, Y345H", "PA4964": "V238I", "PA4967": "D533E", "PA5471": "C40R, L88P, S112N, D119E, I237V, V243A, A352V", "PA5485": "WT"}'; 
INSERT INTO metadata_general(isolate_id, isolate_name, isolate_source, project_name, species) VALUES ('957', 'CVA02-002', 'VALIDATION SET', 'GEMARA', 'Pseudomonas aeruginosa') ON DUPLICATE KEY UPDATE isolate_name = 'CVA02-002', isolate_source = 'VALIDATION SET', project_name = 'GEMARA', species = 'Pseudomonas aeruginosa'; 
INSERT INTO mic(mic_id, isolate_id, ami, ami_clinical_category, azt, azt_clinical_category, cip, cip_clinical_category, col, col_clinical_category, cza, cza_clinical_category, fep, fep_clinical_category, imi, imi_clinical_category, mer, mer_clinical_category, pip, pip_clinical_category, taz, taz_clinical_category, tic, tic_clinical_category, tob, tob_clinical_category, tol, tol_clinical_category) VALUES ('957', '957', '4', 'S', '4', 'S', '0.25', 'S', '2', 'S', '1', 'S', '4', 'S', '2', 'S', '≤0.5', 'S', '16', 'S', '4', 'S', '32', 'R', '0.5', 'S', '1', 'S') ON DUPLICATE KEY UPDATE ami = '4', ami_clinical_category = 'S', azt = '4', azt_clinical_category = 'S', cip = '0.25', cip_clinical_category = 'S', col = '2', col_clinical_category = 'S', cza = '1', cza_clinical_category = 'S', fep = '4', fep_clinical_category = 'S', imi = '2', imi_clinical_category = 'S', mer = '≤0.5', mer_clinical_category = 'S', pip = '16', pip_clinical_category = 'S', taz = '4', taz_clinical_category = 'S', tic = '32', tic_clinical_category = 'R', tob = '0.5', tob_clinical_category = 'S', tol = '1', tol_clinical_category = 'S'; 
INSERT INTO phenotypic_data(phenotypic_data_id, isolate_id, ecdc_resistance_profile) VALUES ('874', '957', 'S') ON DUPLICATE KEY UPDATE ecdc_resistance_profile = 'S'; 
INSERT INTO sequence_analysis(sequence_analysis_id, isolate_id, ame_loci, beta_lactamase_loci, clonal_complex, mutational_resistome) VALUES ('957', '957', '-', '-', '3341', '{"PA0004": "WT", "PA0424": "V126E", "PA0425": "WT", "PA0426": "WT", "PA0427": "WT", "PA0807": "A219T", "PA0958": "WT", "PA1798": "H398R", "PA1799": "WT", "PA2020": "L37P", "PA2023": "G175S", "PA2491": "D249N", "PA2492": "F172I, nt234\u22068", "PA2493": "WT", "PA2494": "I753V", "PA2495": "WT", "PA3047": "WT", "PA3168": "WT", "PA3574": "WT", "PA3721": "G71E, S209R", "PA3999": "WT", "PA4003": "WT", "PA4020": "T115A, M297V, nt111InsC", "PA4109": "G283E, M288R, G295R", "PA4110": "R79Q, T105A", "PA4266": "WT", "PA4418": "WT", "PA4522": "G148A", "PA4597": "M69V, R210H", "PA4598": "S845A", "PA4599": "G254S, S330A", "PA4600": "G129R", "PA4776": "L71R", "PA4777": "WT", "PA4964": "E513D", "PA4967": "D533E", "PA5471": "WT", "PA5485": "WT"}') ON DUPLICATE KEY UPDATE ame_loci = '-', beta_lactamase_loci = '-', clonal_complex = '3341', mutational_resistome = '{"PA0004": "WT", "PA0424": "V126E", "PA0425": "WT", "PA0426": "WT", "PA0427": "WT", "PA0807": "A219T", "PA0958": "WT", "PA1798": "H398R", "PA1799": "WT", "PA2020": "L37P", "PA2023": "G175S", "PA2491": "D249N", "PA2492": "F172I, nt234\u22068", "PA2493": "WT", "PA2494": "I753V", "PA2495": "WT", "PA3047": "WT", "PA3168": "WT", "PA3574": "WT", "PA3721": "G71E, S209R", "PA3999": "WT", "PA4003": "WT", "PA4020": "T115A, M297V, nt111InsC", "PA4109": "G283E, M288R, G295R", "PA4110": "R79Q, T105A", "PA4266": "WT", "PA4418": "WT", "PA4522": "G148A", "PA4597": "M69V, R210H", "PA4598": "S845A", "PA4599": "G254S, S330A", "PA4600": "G129R", "PA4776": "L71R", "PA4777": "WT", "PA4964": "E513D", "PA4967": "D533E", "PA5471": "WT", "PA5485": "WT"}'; 
INSERT INTO metadata_general(isolate_id, isolate_name, isolate_source, project_name, species) VALUES ('946', 'CVA02-003', 'VALIDATION SET', 'GEMARA', 'Pseudomonas aeruginosa') ON DUPLICATE KEY UPDATE isolate_name = 'CVA02-003', isolate_source = 'VALIDATION SET', project_name = 'GEMARA', species = 'Pseudomonas aeruginosa'; 
INSERT INTO mic(mic_id, isolate_id, ami, ami_clinical_category, azt, azt_clinical_category, cip, cip_clinical_category, col, col_clinical_category, cza, cza_clinical_category, fep, fep_clinical_category, imi, imi_clinical_category, mer, mer_clinical_category, pip, pip_clinical_category, taz, taz_clinical_category, tic, tic_clinical_category, tob, tob_clinical_category, tol, tol_clinical_category) VALUES ('946', '946', '>128', 'R', '≤2', 'S', '1', 'R', '1', 'S', '≤0.5', 'S', '8', 'S', '4', 'S', '1', 'S', '8', 'S', '4', 'S', '≤8', 'S', '16', 'R', '1', 'S') ON DUPLICATE KEY UPDATE ami = '>128', ami_clinical_category = 'R', azt = '≤2', azt_clinical_category = 'S', cip = '1', cip_clinical_category = 'R', col = '1', col_clinical_category = 'S', cza = '≤0.5', cza_clinical_category = 'S', fep = '8', fep_clinical_category = 'S', imi = '4', imi_clinical_category = 'S', mer = '1', mer_clinical_category = 'S', pip = '8', pip_clinical_category = 'S', taz = '4', taz_clinical_category = 'S', tic = '≤8', tic_clinical_category = 'S', tob = '16', tob_clinical_category = 'R', tol = '1', tol_clinical_category = 'S'; 
INSERT INTO phenotypic_data(phenotypic_data_id, isolate_id, ecdc_resistance_profile) VALUES ('863', '946', 'R') ON DUPLICATE KEY UPDATE ecdc_resistance_profile = 'R'; 
INSERT INTO sequence_analysis(sequence_analysis_id, isolate_id, ame_loci, beta_lactamase_loci, clonal_complex, mutational_resistome) VALUES ('946', '946', '-', '-', '640', '{"PA0004": "S466F", "PA0424": "WT", "PA0425": "E53X", "PA0426": "WT", "PA0427": "WT", "PA0807": "WT", "PA0958": "WT", "PA1798": "S33R, H398R", "PA1799": "WT", "PA2020": "nt491\u220610", "PA2023": "WT", "PA2491": "D249N", "PA2492": "M7V, P60S, F172I, nt234\u22068", "PA2493": "WT", "PA2494": "A598S", "PA2495": "WT", "PA3047": "WT", "PA3168": "WT", "PA3574": "WT", "PA3721": "G71E, A186T", "PA3999": "WT", "PA4003": "WT", "PA4020": "M297V", "PA4109": "WT", "PA4110": "T105A", "PA4266": "R680C", "PA4418": "WT", "PA4522": "WT", "PA4597": "M69V", "PA4598": "S845A", "PA4599": "S330A", "PA4600": "WT", "PA4776": "L71R", "PA4777": "Y345H", "PA4964": "WT", "PA4967": "WT", "PA5471": "L88P, D161G, H182Q", "PA5485": "WT"}') ON DUPLICATE KEY UPDATE ame_loci = '-', beta_lactamase_loci = '-', clonal_complex = '640', mutational_resistome = '{"PA0004": "S466F", "PA0424": "WT", "PA0425": "E53X", "PA0426": "WT", "PA0427": "WT", "PA0807": "WT", "PA0958": "WT", "PA1798": "S33R, H398R", "PA1799": "WT", "PA2020": "nt491\u220610", "PA2023": "WT", "PA2491": "D249N", "PA2492": "M7V, P60S, F172I, nt234\u22068", "PA2493": "WT", "PA2494": "A598S", "PA2495": "WT", "PA3047": "WT", "PA3168": "WT", "PA3574": "WT", "PA3721": "G71E, A186T", "PA3999": "WT", "PA4003": "WT", "PA4020": "M297V", "PA4109": "WT", "PA4110": "T105A", "PA4266": "R680C", "PA4418": "WT", "PA4522": "WT", "PA4597": "M69V", "PA4598": "S845A", "PA4599": "S330A", "PA4600": "WT", "PA4776": "L71R", "PA4777": "Y345H", "PA4964": "WT", "PA4967": "WT", "PA5471": "L88P, D161G, H182Q", "PA5485": "WT"}'; 
INSERT INTO metadata_general(isolate_id, isolate_name, isolate_source, project_name, species) VALUES ('104', 'CVA02-005', 'VALIDATION SET', 'GEMARA', 'Pseudomonas aeruginosa') ON DUPLICATE KEY UPDATE isolate_name = 'CVA02-005', isolate_source = 'VALIDATION SET', project_name = 'GEMARA', species = 'Pseudomonas aeruginosa'; 
INSERT INTO mic(mic_id, isolate_id, ami, ami_clinical_category, azt, azt_clinical_category, cip, cip_clinical_category, col, col_clinical_category, cza, cza_clinical_category, fep, fep_clinical_category, imi, imi_clinical_category, mer, mer_clinical_category, pip, pip_clinical_category, taz, taz_clinical_category, tic, tic_clinical_category, tob, tob_clinical_category, tol, tol_clinical_category) VALUES ('104', '104', '32', 'R', '32', 'R', '>16', 'R', '2', 'S', '32', 'R', '32', 'R', '>32', 'R', '>64', 'R', '128', 'R', '64', 'R', '>512', 'R', '>32', 'R', '>32', 'R') ON DUPLICATE KEY UPDATE ami = '32', ami_clinical_category = 'R', azt = '32', azt_clinical_category = 'R', cip = '>16', cip_clinical_category = 'R', col = '2', col_clinical_category = 'S', cza = '32', cza_clinical_category = 'R', fep = '32', fep_clinical_category = 'R', imi = '>32', imi_clinical_category = 'R', mer = '>64', mer_clinical_category = 'R', pip = '128', pip_clinical_category = 'R', taz = '64', taz_clinical_category = 'R', tic = '>512', tic_clinical_category = 'R', tob = '>32', tob_clinical_category = 'R', tol = '>32', tol_clinical_category = 'R'; 
INSERT INTO phenotypic_data(phenotypic_data_id, isolate_id, ecdc_resistance_profile) VALUES ('888', '104', 'XDR') ON DUPLICATE KEY UPDATE ecdc_resistance_profile = 'XDR'; 
INSERT INTO sequence_analysis(sequence_analysis_id, isolate_id, ame_loci, beta_lactamase_loci, clonal_complex, mutational_resistome) VALUES ('104', '104', 'aadB, aph(3\')-VIa, aadA13, aacA4', 'blaVIM-20, blaOXA-210', '175', '{"PA0004": "WT", "PA0424": "WT", "PA0425": "WT", "PA0426": "WT", "PA0427": "WT", "PA0807": "A219T", "PA0958": "nt55InsGCACT", "PA1798": "H398R", "PA1799": "WT", "PA2020": "G195D", "PA2023": "WT", "PA2491": "D249N", "PA2492": "P60S, F172I, nt234\u22068", "PA2493": "WT", "PA2494": "WT", "PA2495": "WT", "PA3047": "WT", "PA3168": "T83I, D87N", "PA3574": "WT", "PA3721": "G71E, A186T", "PA3999": "WT", "PA4003": "WT", "PA4020": "WT", "PA4109": "WT", "PA4110": "WT", "PA4266": "WT", "PA4418": "WT", "PA4522": "V10G, G148A, D183Y", "PA4597": "M69V", "PA4598": "E257Q, S845A", "PA4599": "E26A, H310R, S330A, P383S", "PA4600": "WT", "PA4776": "WT", "PA4777": "Y345H", "PA4964": "S87W, L168Q", "PA4967": "WT", "PA5471": "L88P, D161G, H182Q, V243A, V266M", "PA5485": "WT"}') ON DUPLICATE KEY UPDATE ame_loci = 'aadB, aph(3\')-VIa, aadA13, aacA4', beta_lactamase_loci = 'blaVIM-20, blaOXA-210', clonal_complex = '175', mutational_resistome = '{"PA0004": "WT", "PA0424": "WT", "PA0425": "WT", "PA0426": "WT", "PA0427": "WT", "PA0807": "A219T", "PA0958": "nt55InsGCACT", "PA1798": "H398R", "PA1799": "WT", "PA2020": "G195D", "PA2023": "WT", "PA2491": "D249N", "PA2492": "P60S, F172I, nt234\u22068", "PA2493": "WT", "PA2494": "WT", "PA2495": "WT", "PA3047": "WT", "PA3168": "T83I, D87N", "PA3574": "WT", "PA3721": "G71E, A186T", "PA3999": "WT", "PA4003": "WT", "PA4020": "WT", "PA4109": "WT", "PA4110": "WT", "PA4266": "WT", "PA4418": "WT", "PA4522": "V10G, G148A, D183Y", "PA4597": "M69V", "PA4598": "E257Q, S845A", "PA4599": "E26A, H310R, S330A, P383S", "PA4600": "WT", "PA4776": "WT", "PA4777": "Y345H", "PA4964": "S87W, L168Q", "PA4967": "WT", "PA5471": "L88P, D161G, H182Q, V243A, V266M", "PA5485": "WT"}'; 
INSERT INTO metadata_general(isolate_id, isolate_name, isolate_source, project_name, species) VALUES ('968', 'CVA03-001', 'VALIDATION SET', 'GEMARA', 'Pseudomonas aeruginosa') ON DUPLICATE KEY UPDATE isolate_name = 'CVA03-001', isolate_source = 'VALIDATION SET', project_name = 'GEMARA', species = 'Pseudomonas aeruginosa'; 
INSERT INTO mic(mic_id, isolate_id, ami, ami_clinical_category, azt, azt_clinical_category, cip, cip_clinical_category, col, col_clinical_category, cza, cza_clinical_category, fep, fep_clinical_category, imi, imi_clinical_category, mer, mer_clinical_category, pip, pip_clinical_category, taz, taz_clinical_category, tic, tic_clinical_category, tob, tob_clinical_category, tol, tol_clinical_category) VALUES ('968', '968', '≤2', 'S', '4', 'S', '≤0.12', 'S', '≤0.5', 'S', '2', 'S', '2', 'S', '1', 'S', '1', 'S', '8', 'S', '2', 'S', '32', 'R', '≤0.25', 'S', '≤0.5', 'S') ON DUPLICATE KEY UPDATE ami = '≤2', ami_clinical_category = 'S', azt = '4', azt_clinical_category = 'S', cip = '≤0.12', cip_clinical_category = 'S', col = '≤0.5', col_clinical_category = 'S', cza = '2', cza_clinical_category = 'S', fep = '2', fep_clinical_category = 'S', imi = '1', imi_clinical_category = 'S', mer = '1', mer_clinical_category = 'S', pip = '8', pip_clinical_category = 'S', taz = '2', taz_clinical_category = 'S', tic = '32', tic_clinical_category = 'R', tob = '≤0.25', tob_clinical_category = 'S', tol = '≤0.5', tol_clinical_category = 'S'; 
INSERT INTO phenotypic_data(phenotypic_data_id, isolate_id, ecdc_resistance_profile) VALUES ('891', '968', 'S') ON DUPLICATE KEY UPDATE ecdc_resistance_profile = 'S'; 
INSERT INTO sequence_analysis(sequence_analysis_id, isolate_id, ame_loci, beta_lactamase_loci, clonal_complex, mutational_resistome) VALUES ('968', '968', '-', '-', '308', '{"PA0004": "WT", "PA0424": "V126E", "PA0425": "A111T", "PA0426": "G957D", "PA0427": "WT", "PA0807": "WT", "PA0958": "WT", "PA1798": "H398R", "PA1799": "L153R, S170N", "PA2020": "G89S", "PA2023": "aa207\u22064", "PA2491": "V73A, D249N", "PA2492": "F172I, nt234\u22068", "PA2493": "WT", "PA2494": "WT", "PA2495": "S13P", "PA3047": "WT", "PA3168": "WT", "PA3574": "WT", "PA3721": "G71E, D79E, S209R", "PA3999": "WT", "PA4003": "WT", "PA4020": "WT", "PA4109": "G283E, M288R", "PA4110": "G27D, T105A, V205L, V356I, G391A", "PA4266": "WT", "PA4418": "WT", "PA4522": "WT", "PA4597": "WT", "PA4598": "T87S, S845A", "PA4599": "E251Q, A262E, A277T, H310R, S330A, A378T, A384V", "PA4600": "WT", "PA4776": "WT", "PA4777": "A4T, V15I, G68S, Y345H", "PA4964": "P752T", "PA4967": "D533E", "PA5471": "C40R, L88P, S112N, D119E, I237V, V243A", "PA5485": "V40I"}') ON DUPLICATE KEY UPDATE ame_loci = '-', beta_lactamase_loci = '-', clonal_complex = '308', mutational_resistome = '{"PA0004": "WT", "PA0424": "V126E", "PA0425": "A111T", "PA0426": "G957D", "PA0427": "WT", "PA0807": "WT", "PA0958": "WT", "PA1798": "H398R", "PA1799": "L153R, S170N", "PA2020": "G89S", "PA2023": "aa207\u22064", "PA2491": "V73A, D249N", "PA2492": "F172I, nt234\u22068", "PA2493": "WT", "PA2494": "WT", "PA2495": "S13P", "PA3047": "WT", "PA3168": "WT", "PA3574": "WT", "PA3721": "G71E, D79E, S209R", "PA3999": "WT", "PA4003": "WT", "PA4020": "WT", "PA4109": "G283E, M288R", "PA4110": "G27D, T105A, V205L, V356I, G391A", "PA4266": "WT", "PA4418": "WT", "PA4522": "WT", "PA4597": "WT", "PA4598": "T87S, S845A", "PA4599": "E251Q, A262E, A277T, H310R, S330A, A378T, A384V", "PA4600": "WT", "PA4776": "WT", "PA4777": "A4T, V15I, G68S, Y345H", "PA4964": "P752T", "PA4967": "D533E", "PA5471": "C40R, L88P, S112N, D119E, I237V, V243A", "PA5485": "V40I"}'; 
INSERT INTO metadata_general(isolate_id, isolate_name, isolate_source, project_name, species) VALUES ('989', 'CVA03-002', 'VALIDATION SET', 'GEMARA', 'Pseudomonas aeruginosa') ON DUPLICATE KEY UPDATE isolate_name = 'CVA03-002', isolate_source = 'VALIDATION SET', project_name = 'GEMARA', species = 'Pseudomonas aeruginosa'; 
INSERT INTO mic(mic_id, isolate_id, ami, ami_clinical_category, azt, azt_clinical_category, cip, cip_clinical_category, col, col_clinical_category, cza, cza_clinical_category, fep, fep_clinical_category, imi, imi_clinical_category, mer, mer_clinical_category, pip, pip_clinical_category, taz, taz_clinical_category, tic, tic_clinical_category, tob, tob_clinical_category, tol, tol_clinical_category) VALUES ('989', '989', '≤2', 'S', '≤2', 'S', '1', 'R', '≤0.5', 'S', '≤0.5', 'S', '≤1', 'S', '≤0.5', 'S', '≤0.5', 'S', '≤4', 'S', '≤1', 'S', '≤8', 'S', '≤0.25', 'S', '≤0.5', 'S') ON DUPLICATE KEY UPDATE ami = '≤2', ami_clinical_category = 'S', azt = '≤2', azt_clinical_category = 'S', cip = '1', cip_clinical_category = 'R', col = '≤0.5', col_clinical_category = 'S', cza = '≤0.5', cza_clinical_category = 'S', fep = '≤1', fep_clinical_category = 'S', imi = '≤0.5', imi_clinical_category = 'S', mer = '≤0.5', mer_clinical_category = 'S', pip = '≤4', pip_clinical_category = 'S', taz = '≤1', taz_clinical_category = 'S', tic = '≤8', tic_clinical_category = 'S', tob = '≤0.25', tob_clinical_category = 'S', tol = '≤0.5', tol_clinical_category = 'S'; 
INSERT INTO phenotypic_data(phenotypic_data_id, isolate_id, ecdc_resistance_profile) VALUES ('912', '989', 'R') ON DUPLICATE KEY UPDATE ecdc_resistance_profile = 'R'; 
INSERT INTO sequence_analysis(sequence_analysis_id, isolate_id, ame_loci, beta_lactamase_loci, clonal_complex, mutational_resistome) VALUES ('989', '989', '-', '-', '244', '{"PA0004": "WT", "PA0424": "WT", "PA0425": "A117V", "PA0426": "nt2936\u22061", "PA0427": "WT", "PA0807": "A219T", "PA0958": "WT", "PA1798": "H398R", "PA1799": "WT", "PA2020": "Q132X", "PA2023": "Y12C, L21R, G56S", "PA2491": "A75V, D249N", "PA2492": "P60S, F172I, nt234\u22068", "PA2493": "WT", "PA2494": "T95I", "PA2495": "WT", "PA3047": "WT", "PA3168": "T83A, D87N", "PA3574": "WT", "PA3721": "WT", "PA3999": "nt390InsGT", "PA4003": "D507G", "PA4020": "M297V, A303V", "PA4109": "WT", "PA4110": "WT", "PA4266": "WT", "PA4418": "WT", "PA4522": "R11L, G148A, D183Y", "PA4597": "D68G, M69V", "PA4598": "S845A", "PA4599": "R76Q, Q134X", "PA4600": "Q64X", "PA4776": "L71R", "PA4777": "WT", "PA4964": "WT", "PA4967": "WT", "PA5471": "L88P, G157D, D161G, H182Q, V243A", "PA5485": "WT"}') ON DUPLICATE KEY UPDATE ame_loci = '-', beta_lactamase_loci = '-', clonal_complex = '244', mutational_resistome = '{"PA0004": "WT", "PA0424": "WT", "PA0425": "A117V", "PA0426": "nt2936\u22061", "PA0427": "WT", "PA0807": "A219T", "PA0958": "WT", "PA1798": "H398R", "PA1799": "WT", "PA2020": "Q132X", "PA2023": "Y12C, L21R, G56S", "PA2491": "A75V, D249N", "PA2492": "P60S, F172I, nt234\u22068", "PA2493": "WT", "PA2494": "T95I", "PA2495": "WT", "PA3047": "WT", "PA3168": "T83A, D87N", "PA3574": "WT", "PA3721": "WT", "PA3999": "nt390InsGT", "PA4003": "D507G", "PA4020": "M297V, A303V", "PA4109": "WT", "PA4110": "WT", "PA4266": "WT", "PA4418": "WT", "PA4522": "R11L, G148A, D183Y", "PA4597": "D68G, M69V", "PA4598": "S845A", "PA4599": "R76Q, Q134X", "PA4600": "Q64X", "PA4776": "L71R", "PA4777": "WT", "PA4964": "WT", "PA4967": "WT", "PA5471": "L88P, G157D, D161G, H182Q, V243A", "PA5485": "WT"}'; 
INSERT INTO metadata_general(isolate_id, isolate_name, isolate_source, project_name, species) VALUES ('110', 'CVA03-004', 'VALIDATION SET', 'GEMARA', 'Pseudomonas aeruginosa') ON DUPLICATE KEY UPDATE isolate_name = 'CVA03-004', isolate_source = 'VALIDATION SET', project_name = 'GEMARA', species = 'Pseudomonas aeruginosa'; 
INSERT INTO mic(mic_id, isolate_id, ami, ami_clinical_category, azt, azt_clinical_category, cip, cip_clinical_category, col, col_clinical_category, cza, cza_clinical_category, fep, fep_clinical_category, imi, imi_clinical_category, mer, mer_clinical_category, pip, pip_clinical_category, taz, taz_clinical_category, tic, tic_clinical_category, tob, tob_clinical_category, tol, tol_clinical_category) VALUES ('110', '110', '4', 'S', '64', 'R', '>16', 'R', '2', 'S', '8', 'S', '32', 'R', '16', 'R', '16', 'R', '256', 'R', '64', 'R', '256', 'R', '0.5', 'S', '4', 'S') ON DUPLICATE KEY UPDATE ami = '4', ami_clinical_category = 'S', azt = '64', azt_clinical_category = 'R', cip = '>16', cip_clinical_category = 'R', col = '2', col_clinical_category = 'S', cza = '8', cza_clinical_category = 'S', fep = '32', fep_clinical_category = 'R', imi = '16', imi_clinical_category = 'R', mer = '16', mer_clinical_category = 'R', pip = '256', pip_clinical_category = 'R', taz = '64', taz_clinical_category = 'R', tic = '256', tic_clinical_category = 'R', tob = '0.5', tob_clinical_category = 'S', tol = '4', tol_clinical_category = 'S'; 
INSERT INTO phenotypic_data(phenotypic_data_id, isolate_id, ecdc_resistance_profile) VALUES ('917', '110', 'XDR') ON DUPLICATE KEY UPDATE ecdc_resistance_profile = 'XDR'; 
INSERT INTO sequence_analysis(sequence_analysis_id, isolate_id, ame_loci, beta_lactamase_loci, clonal_complex, mutational_resistome) VALUES ('110', '110', '-', '-', '244', '{"PA0004": "WT", "PA0424": "WT", "PA0425": "WT", "PA0426": "WT", "PA0427": "WT", "PA0807": "A219T", "PA0958": "nt1206InsC", "PA1798": "H398R", "PA1799": "WT", "PA2020": "nt320\u220616", "PA2023": "WT", "PA2491": "A75V, V241M, D249N", "PA2492": "P60S, D96A, F172I, nt234\u22068", "PA2493": "WT", "PA2494": "A550V", "PA2495": "WT", "PA3047": "T27S, S150G", "PA3168": "T83I, V671I, G860S", "PA3574": "G78R, nt232\u220619", "PA3721": "WT", "PA3999": "WT", "PA4003": "WT", "PA4020": "M297V, A303V", "PA4109": "WT", "PA4110": "WT", "PA4266": "WT", "PA4418": "WT", "PA4522": "R11L, L40Q, G148A, D183Y", "PA4597": "D68G, M69V", "PA4598": "S845A", "PA4599": "R76Q, H310R, S330A, P383S", "PA4600": "WT", "PA4776": "L71R", "PA4777": "WT", "PA4964": "S87L", "PA4967": "WT", "PA5471": "L88P, G157D, D161G, H182Q, V243A", "PA5485": "WT"}') ON DUPLICATE KEY UPDATE ame_loci = '-', beta_lactamase_loci = '-', clonal_complex = '244', mutational_resistome = '{"PA0004": "WT", "PA0424": "WT", "PA0425": "WT", "PA0426": "WT", "PA0427": "WT", "PA0807": "A219T", "PA0958": "nt1206InsC", "PA1798": "H398R", "PA1799": "WT", "PA2020": "nt320\u220616", "PA2023": "WT", "PA2491": "A75V, V241M, D249N", "PA2492": "P60S, D96A, F172I, nt234\u22068", "PA2493": "WT", "PA2494": "A550V", "PA2495": "WT", "PA3047": "T27S, S150G", "PA3168": "T83I, V671I, G860S", "PA3574": "G78R, nt232\u220619", "PA3721": "WT", "PA3999": "WT", "PA4003": "WT", "PA4020": "M297V, A303V", "PA4109": "WT", "PA4110": "WT", "PA4266": "WT", "PA4418": "WT", "PA4522": "R11L, L40Q, G148A, D183Y", "PA4597": "D68G, M69V", "PA4598": "S845A", "PA4599": "R76Q, H310R, S330A, P383S", "PA4600": "WT", "PA4776": "L71R", "PA4777": "WT", "PA4964": "S87L", "PA4967": "WT", "PA5471": "L88P, G157D, D161G, H182Q, V243A", "PA5485": "WT"}'; 
INSERT INTO metadata_general(isolate_id, isolate_name, isolate_source, project_name, species) VALUES ('981', 'CVA03-006', 'VALIDATION SET', 'GEMARA', 'Pseudomonas aeruginosa') ON DUPLICATE KEY UPDATE isolate_name = 'CVA03-006', isolate_source = 'VALIDATION SET', project_name = 'GEMARA', species = 'Pseudomonas aeruginosa'; 
INSERT INTO mic(mic_id, isolate_id, ami, ami_clinical_category, azt, azt_clinical_category, cip, cip_clinical_category, col, col_clinical_category, cza, cza_clinical_category, fep, fep_clinical_category, imi, imi_clinical_category, mer, mer_clinical_category, pip, pip_clinical_category, taz, taz_clinical_category, tic, tic_clinical_category, tob, tob_clinical_category, tol, tol_clinical_category) VALUES ('981', '981', '≤2', 'S', '4', 'S', '≤0.12', 'S', '1', 'S', '2', 'S', '2', 'S', '1', 'S', '≤0.5', 'S', '≤4', 'S', '2', 'S', '32', 'R', '0.5', 'S', '≤0.5', 'S') ON DUPLICATE KEY UPDATE ami = '≤2', ami_clinical_category = 'S', azt = '4', azt_clinical_category = 'S', cip = '≤0.12', cip_clinical_category = 'S', col = '1', col_clinical_category = 'S', cza = '2', cza_clinical_category = 'S', fep = '2', fep_clinical_category = 'S', imi = '1', imi_clinical_category = 'S', mer = '≤0.5', mer_clinical_category = 'S', pip = '≤4', pip_clinical_category = 'S', taz = '2', taz_clinical_category = 'S', tic = '32', tic_clinical_category = 'R', tob = '0.5', tob_clinical_category = 'S', tol = '≤0.5', tol_clinical_category = 'S'; 
INSERT INTO phenotypic_data(phenotypic_data_id, isolate_id, ecdc_resistance_profile) VALUES ('904', '981', 'S') ON DUPLICATE KEY UPDATE ecdc_resistance_profile = 'S'; 
INSERT INTO sequence_analysis(sequence_analysis_id, isolate_id, ame_loci, beta_lactamase_loci, clonal_complex, mutational_resistome) VALUES ('981', '981', '-', '-', '3218', '{"PA0004": "WT", "PA0424": "V126E", "PA0425": "WT", "PA0426": "N248K", "PA0427": "WT", "PA0807": "Y207X", "PA0958": "WT", "PA1798": "A115E, A293V, V304I, E343D, H398R, Y407H", "PA1799": "T135A, L153R", "PA2020": "N186S, L196I", "PA2023": "WT", "PA2491": "K17T, D249N", "PA2492": "E26G, P60S, F172I, nt234\u22068", "PA2493": "WT", "PA2494": "WT", "PA2495": "S13P, T34S", "PA3047": "A394P", "PA3168": "aa911\u22062", "PA3574": "WT", "PA3721": "G71E, Q182K", "PA3999": "WT", "PA4003": "V29I", "PA4020": "M297L", "PA4109": "G231S, G283E, M288R", "PA4110": "R5G, T21A, P23S, A36T, T105A, Q117L, L133I, A170T, L200I, V205L, R273K, V356I, G391A", "PA4266": "S695T", "PA4418": "WT", "PA4522": "A85G, G148A, E170G", "PA4597": "A30V, G120S, V146I, A163T, S176G, G184S, L250F, S264N, D351A", "PA4598": "V364L, V523A, I610V, A748V, S845A, K863Q, A1039T", "PA4599": "R76Q, D226E, D298A, Q300R, H310R, S313G, S330A", "PA4600": "H109Y, I149L", "PA4776": "L71R", "PA4777": "A4T, Y345H, P369A, A462T", "PA4964": "S331T", "PA4967": "D533E", "PA5471": "C40R, L88P, H182Q, V243A", "PA5485": "WT"}') ON DUPLICATE KEY UPDATE ame_loci = '-', beta_lactamase_loci = '-', clonal_complex = '3218', mutational_resistome = '{"PA0004": "WT", "PA0424": "V126E", "PA0425": "WT", "PA0426": "N248K", "PA0427": "WT", "PA0807": "Y207X", "PA0958": "WT", "PA1798": "A115E, A293V, V304I, E343D, H398R, Y407H", "PA1799": "T135A, L153R", "PA2020": "N186S, L196I", "PA2023": "WT", "PA2491": "K17T, D249N", "PA2492": "E26G, P60S, F172I, nt234\u22068", "PA2493": "WT", "PA2494": "WT", "PA2495": "S13P, T34S", "PA3047": "A394P", "PA3168": "aa911\u22062", "PA3574": "WT", "PA3721": "G71E, Q182K", "PA3999": "WT", "PA4003": "V29I", "PA4020": "M297L", "PA4109": "G231S, G283E, M288R", "PA4110": "R5G, T21A, P23S, A36T, T105A, Q117L, L133I, A170T, L200I, V205L, R273K, V356I, G391A", "PA4266": "S695T", "PA4418": "WT", "PA4522": "A85G, G148A, E170G", "PA4597": "A30V, G120S, V146I, A163T, S176G, G184S, L250F, S264N, D351A", "PA4598": "V364L, V523A, I610V, A748V, S845A, K863Q, A1039T", "PA4599": "R76Q, D226E, D298A, Q300R, H310R, S313G, S330A", "PA4600": "H109Y, I149L", "PA4776": "L71R", "PA4777": "A4T, Y345H, P369A, A462T", "PA4964": "S331T", "PA4967": "D533E", "PA5471": "C40R, L88P, H182Q, V243A", "PA5485": "WT"}'; 
INSERT INTO metadata_general(isolate_id, isolate_name, isolate_source, project_name, species) VALUES ('1002', 'EXT01-001', 'VALIDATION SET', 'GEMARA', 'Pseudomonas aeruginosa') ON DUPLICATE KEY UPDATE isolate_name = 'EXT01-001', isolate_source = 'VALIDATION SET', project_name = 'GEMARA', species = 'Pseudomonas aeruginosa'; 
INSERT INTO mic(mic_id, isolate_id, ami, ami_clinical_category, azt, azt_clinical_category, cip, cip_clinical_category, col, col_clinical_category, cza, cza_clinical_category, fep, fep_clinical_category, imi, imi_clinical_category, mer, mer_clinical_category, pip, pip_clinical_category, taz, taz_clinical_category, tic, tic_clinical_category, tob, tob_clinical_category, tol, tol_clinical_category) VALUES ('1002', '1002', '≤2', 'S', '4', 'S', '8', 'R', '1', 'S', '1', 'S', '2', 'S', '8', 'R', '4', 'I', '8', 'S', '2', 'S', '16', 'S', '0.5', 'S', '≤0.5', 'S') ON DUPLICATE KEY UPDATE ami = '≤2', ami_clinical_category = 'S', azt = '4', azt_clinical_category = 'S', cip = '8', cip_clinical_category = 'R', col = '1', col_clinical_category = 'S', cza = '1', cza_clinical_category = 'S', fep = '2', fep_clinical_category = 'S', imi = '8', imi_clinical_category = 'R', mer = '4', mer_clinical_category = 'I', pip = '8', pip_clinical_category = 'S', taz = '2', taz_clinical_category = 'S', tic = '16', tic_clinical_category = 'S', tob = '0.5', tob_clinical_category = 'S', tol = '≤0.5', tol_clinical_category = 'S'; 
INSERT INTO phenotypic_data(phenotypic_data_id, isolate_id, ecdc_resistance_profile) VALUES ('930', '1002', 'R') ON DUPLICATE KEY UPDATE ecdc_resistance_profile = 'R'; 
INSERT INTO sequence_analysis(sequence_analysis_id, isolate_id, ame_loci, beta_lactamase_loci, clonal_complex, mutational_resistome) VALUES ('1002', '1002', '-', '-', '446', '{"PA0004": "WT", "PA0424": "V126E", "PA0425": "WT", "PA0426": "WT", "PA0427": "WT", "PA0807": "A208V", "PA0958": "Y225X", "PA1798": "H398R", "PA1799": "L153R, S170N", "PA2020": "WT", "PA2023": "WT", "PA2491": "D249N, nt396InsGT", "PA2492": "A47V, P60S, F172I, nt234\u22068", "PA2493": "S8F", "PA2494": "WT", "PA2495": "S13P", "PA3047": "WT", "PA3168": "T83I, aa911\u22062", "PA3574": "WT", "PA3721": "G71E, A145V, S209R", "PA3999": "WT", "PA4003": "WT", "PA4020": "M297V, aa35\u22064", "PA4109": "E114A, G283E, M288R", "PA4110": "G27D, T105A, V205L, G391A", "PA4266": "WT", "PA4418": "WT", "PA4522": "WT", "PA4597": "M69V, T376S", "PA4598": "E257Q, S845A", "PA4599": "H310R, S330A, A378T, A384V", "PA4600": "WT", "PA4776": "L71R", "PA4777": "Y345H", "PA4964": "E91K, A587T", "PA4967": "D533E", "PA5471": "C40R, L88P, S112N, D119E, I237V, N238S, V243A, A352V", "PA5485": "WT"}') ON DUPLICATE KEY UPDATE ame_loci = '-', beta_lactamase_loci = '-', clonal_complex = '446', mutational_resistome = '{"PA0004": "WT", "PA0424": "V126E", "PA0425": "WT", "PA0426": "WT", "PA0427": "WT", "PA0807": "A208V", "PA0958": "Y225X", "PA1798": "H398R", "PA1799": "L153R, S170N", "PA2020": "WT", "PA2023": "WT", "PA2491": "D249N, nt396InsGT", "PA2492": "A47V, P60S, F172I, nt234\u22068", "PA2493": "S8F", "PA2494": "WT", "PA2495": "S13P", "PA3047": "WT", "PA3168": "T83I, aa911\u22062", "PA3574": "WT", "PA3721": "G71E, A145V, S209R", "PA3999": "WT", "PA4003": "WT", "PA4020": "M297V, aa35\u22064", "PA4109": "E114A, G283E, M288R", "PA4110": "G27D, T105A, V205L, G391A", "PA4266": "WT", "PA4418": "WT", "PA4522": "WT", "PA4597": "M69V, T376S", "PA4598": "E257Q, S845A", "PA4599": "H310R, S330A, A378T, A384V", "PA4600": "WT", "PA4776": "L71R", "PA4777": "Y345H", "PA4964": "E91K, A587T", "PA4967": "D533E", "PA5471": "C40R, L88P, S112N, D119E, I237V, N238S, V243A, A352V", "PA5485": "WT"}'; 
INSERT INTO metadata_general(isolate_id, isolate_name, isolate_source, project_name, species) VALUES ('993', 'EXT01-003', 'VALIDATION SET', 'GEMARA', 'Pseudomonas aeruginosa') ON DUPLICATE KEY UPDATE isolate_name = 'EXT01-003', isolate_source = 'VALIDATION SET', project_name = 'GEMARA', species = 'Pseudomonas aeruginosa'; 
INSERT INTO mic(mic_id, isolate_id, ami, ami_clinical_category, azt, azt_clinical_category, cip, cip_clinical_category, col, col_clinical_category, cza, cza_clinical_category, fep, fep_clinical_category, imi, imi_clinical_category, mer, mer_clinical_category, pip, pip_clinical_category, taz, taz_clinical_category, tic, tic_clinical_category, tob, tob_clinical_category, tol, tol_clinical_category) VALUES ('993', '993', '≤2', 'S', '≤2', 'S', '>16', 'R', '≤0.5', 'S', '1', 'S', '2', 'S', '1', 'S', '≤0.5', 'S', '≤4', 'S', '≤1', 'S', '≤8', 'S', '≤0.25', 'S', '≤0.5', 'S') ON DUPLICATE KEY UPDATE ami = '≤2', ami_clinical_category = 'S', azt = '≤2', azt_clinical_category = 'S', cip = '>16', cip_clinical_category = 'R', col = '≤0.5', col_clinical_category = 'S', cza = '1', cza_clinical_category = 'S', fep = '2', fep_clinical_category = 'S', imi = '1', imi_clinical_category = 'S', mer = '≤0.5', mer_clinical_category = 'S', pip = '≤4', pip_clinical_category = 'S', taz = '≤1', taz_clinical_category = 'S', tic = '≤8', tic_clinical_category = 'S', tob = '≤0.25', tob_clinical_category = 'S', tol = '≤0.5', tol_clinical_category = 'S'; 
INSERT INTO phenotypic_data(phenotypic_data_id, isolate_id, ecdc_resistance_profile) VALUES ('921', '993', 'R') ON DUPLICATE KEY UPDATE ecdc_resistance_profile = 'R'; 
INSERT INTO sequence_analysis(sequence_analysis_id, isolate_id, ame_loci, beta_lactamase_loci, clonal_complex, mutational_resistome) VALUES ('993', '993', '-', '-', '712', '{"PA0004": "WT", "PA0424": "V126E, nt217\u22061", "PA0425": "WT", "PA0426": "I186V", "PA0427": "WT", "PA0807": "D197E", "PA0958": "WT", "PA1798": "H398R", "PA1799": "L153R, S170N", "PA2020": "L138R", "PA2023": "WT", "PA2491": "D249N, X340ext", "PA2492": "P60S, F172I, R334P, nt234\u22068", "PA2493": "S8F, D353E, D370E", "PA2494": "D230A", "PA2495": "A12T, A410S", "PA3047": "WT", "PA3168": "T83I, A669P, aa911\u22062", "PA3574": "WT", "PA3721": "A145V, S209R", "PA3999": "WT", "PA4003": "WT", "PA4020": "G231E", "PA4109": "G283E, M288R", "PA4110": "F19L, R79Q, T105A, V205L, V356I, G391A", "PA4266": "I186V", "PA4418": "A139S", "PA4522": "WT", "PA4597": "T376S", "PA4598": "T87S, A155T, E257Q, V434A, V660I, N669D, S845A, I982V, K1031R, S1040T", "PA4599": "P47S, R76Q, H310R, S330A, A378T, A384V", "PA4600": "R21H, R47Q, D56G", "PA4776": "L71R", "PA4777": "A4T, G68S, A119T, Y345H", "PA4964": "S87L", "PA4967": "D533E", "PA5471": "C40R, L88P, D119E, D159A, S184G, I237V, V243A", "PA5485": "WT"}') ON DUPLICATE KEY UPDATE ame_loci = '-', beta_lactamase_loci = '-', clonal_complex = '712', mutational_resistome = '{"PA0004": "WT", "PA0424": "V126E, nt217\u22061", "PA0425": "WT", "PA0426": "I186V", "PA0427": "WT", "PA0807": "D197E", "PA0958": "WT", "PA1798": "H398R", "PA1799": "L153R, S170N", "PA2020": "L138R", "PA2023": "WT", "PA2491": "D249N, X340ext", "PA2492": "P60S, F172I, R334P, nt234\u22068", "PA2493": "S8F, D353E, D370E", "PA2494": "D230A", "PA2495": "A12T, A410S", "PA3047": "WT", "PA3168": "T83I, A669P, aa911\u22062", "PA3574": "WT", "PA3721": "A145V, S209R", "PA3999": "WT", "PA4003": "WT", "PA4020": "G231E", "PA4109": "G283E, M288R", "PA4110": "F19L, R79Q, T105A, V205L, V356I, G391A", "PA4266": "I186V", "PA4418": "A139S", "PA4522": "WT", "PA4597": "T376S", "PA4598": "T87S, A155T, E257Q, V434A, V660I, N669D, S845A, I982V, K1031R, S1040T", "PA4599": "P47S, R76Q, H310R, S330A, A378T, A384V", "PA4600": "R21H, R47Q, D56G", "PA4776": "L71R", "PA4777": "A4T, G68S, A119T, Y345H", "PA4964": "S87L", "PA4967": "D533E", "PA5471": "C40R, L88P, D119E, D159A, S184G, I237V, V243A", "PA5485": "WT"}'; 
INSERT INTO metadata_general(isolate_id, isolate_name, isolate_source, project_name, species) VALUES ('1003', 'EXT01-004', 'VALIDATION SET', 'GEMARA', 'Pseudomonas aeruginosa') ON DUPLICATE KEY UPDATE isolate_name = 'EXT01-004', isolate_source = 'VALIDATION SET', project_name = 'GEMARA', species = 'Pseudomonas aeruginosa'; 
INSERT INTO mic(mic_id, isolate_id, ami, ami_clinical_category, azt, azt_clinical_category, cip, cip_clinical_category, col, col_clinical_category, cza, cza_clinical_category, fep, fep_clinical_category, imi, imi_clinical_category, mer, mer_clinical_category, pip, pip_clinical_category, taz, taz_clinical_category, tic, tic_clinical_category, tob, tob_clinical_category, tol, tol_clinical_category) VALUES ('1003', '1003', '8', 'S', '8', 'S', '8', 'R', '4', 'R', '4', 'S', '8', 'S', '1', 'S', '4', 'I', '16', 'S', '4', 'S', '32', 'R', '1', 'S', '1', 'S') ON DUPLICATE KEY UPDATE ami = '8', ami_clinical_category = 'S', azt = '8', azt_clinical_category = 'S', cip = '8', cip_clinical_category = 'R', col = '4', col_clinical_category = 'R', cza = '4', cza_clinical_category = 'S', fep = '8', fep_clinical_category = 'S', imi = '1', imi_clinical_category = 'S', mer = '4', mer_clinical_category = 'I', pip = '16', pip_clinical_category = 'S', taz = '4', taz_clinical_category = 'S', tic = '32', tic_clinical_category = 'R', tob = '1', tob_clinical_category = 'S', tol = '1', tol_clinical_category = 'S'; 
INSERT INTO phenotypic_data(phenotypic_data_id, isolate_id, ecdc_resistance_profile) VALUES ('931', '1003', 'MDR') ON DUPLICATE KEY UPDATE ecdc_resistance_profile = 'MDR'; 
INSERT INTO sequence_analysis(sequence_analysis_id, isolate_id, ame_loci, beta_lactamase_loci, clonal_complex, mutational_resistome) VALUES ('1003', '1003', '-', '-', '3353', '{"PA0004": "S466Y", "PA0424": "A103G, V126E", "PA0425": "WT", "PA0426": "N248K", "PA0427": "WT", "PA0807": "WT", "PA0958": "WT", "PA1798": "A115E, V304I, E343D, H398R, Y407H", "PA1799": "L153R, S170N", "PA2020": "L138R, L196I", "PA2023": "WT", "PA2491": "K17T, A175V, E181D, D249N, S289T, V308I, V318I", "PA2492": "E26G, P60S, F172I, nt234\u22068", "PA2493": "S403T", "PA2494": "Q788R", "PA2495": "S13P", "PA3047": "A394P", "PA3168": "aa911\u22062", "PA3574": "WT", "PA3721": "G71E, Q182K", "PA3999": "WT", "PA4003": "WT", "PA4020": "V124I, P274L, M297L", "PA4109": "WT", "PA4110": "R5G, T21A, P23S, A36T, T105A, Q117L, A170T, L200I, V205L, R273K, D280N, Q311L, V356I, G391A", "PA4266": "WT", "PA4418": "L219V", "PA4522": "D83G, A85G, G148A", "PA4597": "A30V, G120S, N121S, V146I, A163T, S176G, G184S, L250F, S264N, D351A", "PA4598": "V364L, V523A, I610V, E650Q, V660I, A748V, S845A, K863Q, H953N, A1039V", "PA4599": "R76Q, D226E, D298A, Q300R, H310R, S313G, S330A", "PA4600": "WT", "PA4776": "L71R", "PA4777": "A4T, Y345H, P369A, A462T", "PA4964": "S331T", "PA4967": "D533E", "PA5471": "C40R, H182Q, V243A, E307D, I346V", "PA5485": "WT"}') ON DUPLICATE KEY UPDATE ame_loci = '-', beta_lactamase_loci = '-', clonal_complex = '3353', mutational_resistome = '{"PA0004": "S466Y", "PA0424": "A103G, V126E", "PA0425": "WT", "PA0426": "N248K", "PA0427": "WT", "PA0807": "WT", "PA0958": "WT", "PA1798": "A115E, V304I, E343D, H398R, Y407H", "PA1799": "L153R, S170N", "PA2020": "L138R, L196I", "PA2023": "WT", "PA2491": "K17T, A175V, E181D, D249N, S289T, V308I, V318I", "PA2492": "E26G, P60S, F172I, nt234\u22068", "PA2493": "S403T", "PA2494": "Q788R", "PA2495": "S13P", "PA3047": "A394P", "PA3168": "aa911\u22062", "PA3574": "WT", "PA3721": "G71E, Q182K", "PA3999": "WT", "PA4003": "WT", "PA4020": "V124I, P274L, M297L", "PA4109": "WT", "PA4110": "R5G, T21A, P23S, A36T, T105A, Q117L, A170T, L200I, V205L, R273K, D280N, Q311L, V356I, G391A", "PA4266": "WT", "PA4418": "L219V", "PA4522": "D83G, A85G, G148A", "PA4597": "A30V, G120S, N121S, V146I, A163T, S176G, G184S, L250F, S264N, D351A", "PA4598": "V364L, V523A, I610V, E650Q, V660I, A748V, S845A, K863Q, H953N, A1039V", "PA4599": "R76Q, D226E, D298A, Q300R, H310R, S313G, S330A", "PA4600": "WT", "PA4776": "L71R", "PA4777": "A4T, Y345H, P369A, A462T", "PA4964": "S331T", "PA4967": "D533E", "PA5471": "C40R, H182Q, V243A, E307D, I346V", "PA5485": "WT"}'; 
INSERT INTO metadata_general(isolate_id, isolate_name, isolate_source, project_name, species) VALUES ('1014', 'EXT01-005', 'VALIDATION SET', 'GEMARA', 'Pseudomonas aeruginosa') ON DUPLICATE KEY UPDATE isolate_name = 'EXT01-005', isolate_source = 'VALIDATION SET', project_name = 'GEMARA', species = 'Pseudomonas aeruginosa'; 
INSERT INTO mic(mic_id, isolate_id, ami, ami_clinical_category, azt, azt_clinical_category, cip, cip_clinical_category, col, col_clinical_category, cza, cza_clinical_category, fep, fep_clinical_category, imi, imi_clinical_category, mer, mer_clinical_category, pip, pip_clinical_category, taz, taz_clinical_category, tic, tic_clinical_category, tob, tob_clinical_category, tol, tol_clinical_category) VALUES ('1014', '1014', '≤2', 'S', '4', 'S', '≤0.12', 'S', '2', 'S', '2', 'S', '2', 'S', '1', 'S', '≤0.5', 'S', '≤4', 'S', '2', 'S', '32', 'R', '0.5', 'S', '1', 'S') ON DUPLICATE KEY UPDATE ami = '≤2', ami_clinical_category = 'S', azt = '4', azt_clinical_category = 'S', cip = '≤0.12', cip_clinical_category = 'S', col = '2', col_clinical_category = 'S', cza = '2', cza_clinical_category = 'S', fep = '2', fep_clinical_category = 'S', imi = '1', imi_clinical_category = 'S', mer = '≤0.5', mer_clinical_category = 'S', pip = '≤4', pip_clinical_category = 'S', taz = '2', taz_clinical_category = 'S', tic = '32', tic_clinical_category = 'R', tob = '0.5', tob_clinical_category = 'S', tol = '1', tol_clinical_category = 'S'; 
INSERT INTO phenotypic_data(phenotypic_data_id, isolate_id, ecdc_resistance_profile) VALUES ('942', '1014', 'S') ON DUPLICATE KEY UPDATE ecdc_resistance_profile = 'S'; 
INSERT INTO sequence_analysis(sequence_analysis_id, isolate_id, ame_loci, beta_lactamase_loci, clonal_complex, mutational_resistome) VALUES ('1014', '1014', '-', '-', '179', '{"PA0004": "WT", "PA0424": "WT", "PA0425": "WT", "PA0426": "WT", "PA0427": "WT", "PA0807": "A219T", "PA0958": "WT", "PA1798": "H398R", "PA1799": "WT", "PA2020": "WT", "PA2023": "WT", "PA2491": "D249N", "PA2492": "F172I, nt234\u22068", "PA2493": "WT", "PA2494": "WT", "PA2495": "WT", "PA3047": "WT", "PA3168": "WT", "PA3574": "WT", "PA3721": "G71E, S209R", "PA3999": "WT", "PA4003": "WT", "PA4020": "M297V, A303V", "PA4109": "WT", "PA4110": "T105A, L176R", "PA4266": "WT", "PA4418": "WT", "PA4522": "Q44H, G148A, D183Y", "PA4597": "D68G, M69V, Q267R", "PA4598": "A566T, V607A, S845A", "PA4599": "WT", "PA4600": "WT", "PA4776": "WT", "PA4777": "Y345H", "PA4964": "WT", "PA4967": "WT", "PA5471": "L88P, D161G, H182Q, V243A", "PA5485": "WT"}') ON DUPLICATE KEY UPDATE ame_loci = '-', beta_lactamase_loci = '-', clonal_complex = '179', mutational_resistome = '{"PA0004": "WT", "PA0424": "WT", "PA0425": "WT", "PA0426": "WT", "PA0427": "WT", "PA0807": "A219T", "PA0958": "WT", "PA1798": "H398R", "PA1799": "WT", "PA2020": "WT", "PA2023": "WT", "PA2491": "D249N", "PA2492": "F172I, nt234\u22068", "PA2493": "WT", "PA2494": "WT", "PA2495": "WT", "PA3047": "WT", "PA3168": "WT", "PA3574": "WT", "PA3721": "G71E, S209R", "PA3999": "WT", "PA4003": "WT", "PA4020": "M297V, A303V", "PA4109": "WT", "PA4110": "T105A, L176R", "PA4266": "WT", "PA4418": "WT", "PA4522": "Q44H, G148A, D183Y", "PA4597": "D68G, M69V, Q267R", "PA4598": "A566T, V607A, S845A", "PA4599": "WT", "PA4600": "WT", "PA4776": "WT", "PA4777": "Y345H", "PA4964": "WT", "PA4967": "WT", "PA5471": "L88P, D161G, H182Q, V243A", "PA5485": "WT"}'; 
INSERT INTO metadata_general(isolate_id, isolate_name, isolate_source, project_name, species) VALUES ('1018', 'GAL01-001', 'VALIDATION SET', 'GEMARA', 'Pseudomonas aeruginosa') ON DUPLICATE KEY UPDATE isolate_name = 'GAL01-001', isolate_source = 'VALIDATION SET', project_name = 'GEMARA', species = 'Pseudomonas aeruginosa'; 
INSERT INTO mic(mic_id, isolate_id, ami, ami_clinical_category, azt, azt_clinical_category, cip, cip_clinical_category, col, col_clinical_category, cza, cza_clinical_category, fep, fep_clinical_category, imi, imi_clinical_category, mer, mer_clinical_category, pip, pip_clinical_category, taz, taz_clinical_category, tic, tic_clinical_category, tob, tob_clinical_category, tol, tol_clinical_category) VALUES ('1018', '1018', '8', 'S', '4', 'S', '2', 'R', '2', 'S', '2', 'S', '4', 'S', '2', 'S', '4', 'I', '16', 'S', '2', 'S', '32', 'R', '1', 'S', '1', 'S') ON DUPLICATE KEY UPDATE ami = '8', ami_clinical_category = 'S', azt = '4', azt_clinical_category = 'S', cip = '2', cip_clinical_category = 'R', col = '2', col_clinical_category = 'S', cza = '2', cza_clinical_category = 'S', fep = '4', fep_clinical_category = 'S', imi = '2', imi_clinical_category = 'S', mer = '4', mer_clinical_category = 'I', pip = '16', pip_clinical_category = 'S', taz = '2', taz_clinical_category = 'S', tic = '32', tic_clinical_category = 'R', tob = '1', tob_clinical_category = 'S', tol = '1', tol_clinical_category = 'S'; 
INSERT INTO phenotypic_data(phenotypic_data_id, isolate_id, ecdc_resistance_profile) VALUES ('950', '1018', 'R') ON DUPLICATE KEY UPDATE ecdc_resistance_profile = 'R'; 
INSERT INTO sequence_analysis(sequence_analysis_id, isolate_id, ame_loci, beta_lactamase_loci, clonal_complex, mutational_resistome) VALUES ('1018', '1018', '-', '-', '560', '{"PA0004": "WT", "PA0424": "WT", "PA0425": "WT", "PA0426": "WT", "PA0427": "WT", "PA0807": "D75G", "PA0958": "WT", "PA1798": "R356L, H398R", "PA1799": "L153R, S170N", "PA2020": "WT", "PA2023": "WT", "PA2491": "D249N", "PA2492": "F172I, nt234\u22068", "PA2493": "S8F", "PA2494": "WT", "PA2495": "A4T, S13P", "PA3047": "WT", "PA3168": "T83I", "PA3574": "WT", "PA3721": "G71E, S209R", "PA3999": "WT", "PA4003": "WT", "PA4020": "nt111InsC", "PA4109": "E114A, I251V, G283E, M288R", "PA4110": "T21A, T105A, V205L, G391A", "PA4266": "WT", "PA4418": "WT", "PA4522": "G148A", "PA4597": "Q267R", "PA4598": "S845A, I982V, K1031R, S1040T", "PA4599": "R76Q, H310R, S330A, P383S", "PA4600": "WT", "PA4776": "WT", "PA4777": "A4T, V15I, G68S, Y345H", "PA4964": "WT", "PA4967": "D533E", "PA5471": "C40R, L88P, S112N, D119E, I237V, V243A, P244L", "PA5485": "WT"}') ON DUPLICATE KEY UPDATE ame_loci = '-', beta_lactamase_loci = '-', clonal_complex = '560', mutational_resistome = '{"PA0004": "WT", "PA0424": "WT", "PA0425": "WT", "PA0426": "WT", "PA0427": "WT", "PA0807": "D75G", "PA0958": "WT", "PA1798": "R356L, H398R", "PA1799": "L153R, S170N", "PA2020": "WT", "PA2023": "WT", "PA2491": "D249N", "PA2492": "F172I, nt234\u22068", "PA2493": "S8F", "PA2494": "WT", "PA2495": "A4T, S13P", "PA3047": "WT", "PA3168": "T83I", "PA3574": "WT", "PA3721": "G71E, S209R", "PA3999": "WT", "PA4003": "WT", "PA4020": "nt111InsC", "PA4109": "E114A, I251V, G283E, M288R", "PA4110": "T21A, T105A, V205L, G391A", "PA4266": "WT", "PA4418": "WT", "PA4522": "G148A", "PA4597": "Q267R", "PA4598": "S845A, I982V, K1031R, S1040T", "PA4599": "R76Q, H310R, S330A, P383S", "PA4600": "WT", "PA4776": "WT", "PA4777": "A4T, V15I, G68S, Y345H", "PA4964": "WT", "PA4967": "D533E", "PA5471": "C40R, L88P, S112N, D119E, I237V, V243A, P244L", "PA5485": "WT"}'; 
INSERT INTO metadata_general(isolate_id, isolate_name, isolate_source, project_name, species) VALUES ('1019', 'GAL01-002', 'VALIDATION SET', 'GEMARA', 'Pseudomonas aeruginosa') ON DUPLICATE KEY UPDATE isolate_name = 'GAL01-002', isolate_source = 'VALIDATION SET', project_name = 'GEMARA', species = 'Pseudomonas aeruginosa'; 
INSERT INTO mic(mic_id, isolate_id, ami, ami_clinical_category, azt, azt_clinical_category, cip, cip_clinical_category, col, col_clinical_category, cza, cza_clinical_category, fep, fep_clinical_category, imi, imi_clinical_category, mer, mer_clinical_category, pip, pip_clinical_category, taz, taz_clinical_category, tic, tic_clinical_category, tob, tob_clinical_category, tol, tol_clinical_category) VALUES ('1019', '1019', '≤2', 'S', '4', 'S', '≤0.12', 'S', '1', 'S', '2', 'S', '2', 'S', '1', 'S', '≤0.5', 'S', '8', 'S', '2', 'S', '32', 'R', '≤0.25', 'S', '≤0.5', 'S') ON DUPLICATE KEY UPDATE ami = '≤2', ami_clinical_category = 'S', azt = '4', azt_clinical_category = 'S', cip = '≤0.12', cip_clinical_category = 'S', col = '1', col_clinical_category = 'S', cza = '2', cza_clinical_category = 'S', fep = '2', fep_clinical_category = 'S', imi = '1', imi_clinical_category = 'S', mer = '≤0.5', mer_clinical_category = 'S', pip = '8', pip_clinical_category = 'S', taz = '2', taz_clinical_category = 'S', tic = '32', tic_clinical_category = 'R', tob = '≤0.25', tob_clinical_category = 'S', tol = '≤0.5', tol_clinical_category = 'S'; 
INSERT INTO phenotypic_data(phenotypic_data_id, isolate_id, ecdc_resistance_profile) VALUES ('951', '1019', 'S') ON DUPLICATE KEY UPDATE ecdc_resistance_profile = 'S'; 
INSERT INTO sequence_analysis(sequence_analysis_id, isolate_id, ame_loci, beta_lactamase_loci, clonal_complex, mutational_resistome) VALUES ('1019', '1019', '-', '-', '499', '{"PA0004": "WT", "PA0424": "WT", "PA0425": "WT", "PA0426": "WT", "PA0427": "WT", "PA0807": "A219T", "PA0958": "WT", "PA1798": "H398R", "PA1799": "WT", "PA2020": "WT", "PA2023": "WT", "PA2491": "D249N", "PA2492": "F172I, nt234\u22068", "PA2493": "WT", "PA2494": "WT", "PA2495": "A140T", "PA3047": "WT", "PA3168": "WT", "PA3574": "WT", "PA3721": "G71E", "PA3999": "WT", "PA4003": "WT", "PA4020": "WT", "PA4109": "WT", "PA4110": "R79Q, T105A, G129S", "PA4266": "WT", "PA4418": "WT", "PA4522": "G148A, D183Y", "PA4597": "M69V", "PA4598": "E257Q, S845A, aa1027InsLLS", "PA4599": "S330A", "PA4600": "WT", "PA4776": "L71R", "PA4777": "Y345H", "PA4964": "WT", "PA4967": "WT", "PA5471": "L88P, D161G, H182Q, V243A", "PA5485": "WT"}') ON DUPLICATE KEY UPDATE ame_loci = '-', beta_lactamase_loci = '-', clonal_complex = '499', mutational_resistome = '{"PA0004": "WT", "PA0424": "WT", "PA0425": "WT", "PA0426": "WT", "PA0427": "WT", "PA0807": "A219T", "PA0958": "WT", "PA1798": "H398R", "PA1799": "WT", "PA2020": "WT", "PA2023": "WT", "PA2491": "D249N", "PA2492": "F172I, nt234\u22068", "PA2493": "WT", "PA2494": "WT", "PA2495": "A140T", "PA3047": "WT", "PA3168": "WT", "PA3574": "WT", "PA3721": "G71E", "PA3999": "WT", "PA4003": "WT", "PA4020": "WT", "PA4109": "WT", "PA4110": "R79Q, T105A, G129S", "PA4266": "WT", "PA4418": "WT", "PA4522": "G148A, D183Y", "PA4597": "M69V", "PA4598": "E257Q, S845A, aa1027InsLLS", "PA4599": "S330A", "PA4600": "WT", "PA4776": "L71R", "PA4777": "Y345H", "PA4964": "WT", "PA4967": "WT", "PA5471": "L88P, D161G, H182Q, V243A", "PA5485": "WT"}'; 
INSERT INTO metadata_general(isolate_id, isolate_name, isolate_source, project_name, species) VALUES ('1023', 'GAL01-003', 'VALIDATION SET', 'GEMARA', 'Pseudomonas aeruginosa') ON DUPLICATE KEY UPDATE isolate_name = 'GAL01-003', isolate_source = 'VALIDATION SET', project_name = 'GEMARA', species = 'Pseudomonas aeruginosa'; 
INSERT INTO mic(mic_id, isolate_id, ami, ami_clinical_category, azt, azt_clinical_category, cip, cip_clinical_category, col, col_clinical_category, cza, cza_clinical_category, fep, fep_clinical_category, imi, imi_clinical_category, mer, mer_clinical_category, pip, pip_clinical_category, taz, taz_clinical_category, tic, tic_clinical_category, tob, tob_clinical_category, tol, tol_clinical_category) VALUES ('1023', '1023', '≤2', 'S', '16', 'S', '0.25', 'S', '1', 'S', '4', 'S', '4', 'S', '≤0.5', 'S', '1', 'S', '16', 'S', '≤1', 'S', '128', 'R', '0.5', 'S', '≤0.5', 'S') ON DUPLICATE KEY UPDATE ami = '≤2', ami_clinical_category = 'S', azt = '16', azt_clinical_category = 'S', cip = '0.25', cip_clinical_category = 'S', col = '1', col_clinical_category = 'S', cza = '4', cza_clinical_category = 'S', fep = '4', fep_clinical_category = 'S', imi = '≤0.5', imi_clinical_category = 'S', mer = '1', mer_clinical_category = 'S', pip = '16', pip_clinical_category = 'S', taz = '≤1', taz_clinical_category = 'S', tic = '128', tic_clinical_category = 'R', tob = '0.5', tob_clinical_category = 'S', tol = '≤0.5', tol_clinical_category = 'S'; 
INSERT INTO phenotypic_data(phenotypic_data_id, isolate_id, ecdc_resistance_profile) VALUES ('955', '1023', 'S') ON DUPLICATE KEY UPDATE ecdc_resistance_profile = 'S'; 
INSERT INTO sequence_analysis(sequence_analysis_id, isolate_id, ame_loci, beta_lactamase_loci, clonal_complex, mutational_resistome) VALUES ('1023', '1023', '-', '-', '446', '{"PA0004": "WT", "PA0424": "V126E", "PA0425": "WT", "PA0426": "WT", "PA0427": "WT", "PA0807": "A208V", "PA0958": "WT", "PA1798": "H398R", "PA1799": "L153R, S170N", "PA2020": "WT", "PA2023": "WT", "PA2491": "D249N", "PA2492": "P60S, F172I, nt234\u22068", "PA2493": "S8F", "PA2494": "WT", "PA2495": "S13P", "PA3047": "WT", "PA3168": "aa911\u22062", "PA3574": "WT", "PA3721": "G71E, A145V, S209R", "PA3999": "WT", "PA4003": "WT", "PA4020": "M297V", "PA4109": "E114A, G283E, M288R", "PA4110": "G27D, T105A, V205L, G391A", "PA4266": "WT", "PA4418": "WT", "PA4522": "WT", "PA4597": "M69V, T376S", "PA4598": "E257Q, S845A", "PA4599": "H310R, S330A, A378T", "PA4600": "WT", "PA4776": "L71R", "PA4777": "Y345H", "PA4964": "A587T", "PA4967": "D533E", "PA5471": "C40R, L88P, S112N, D119E, I237V, N238S, V243A, A352V", "PA5485": "WT"}') ON DUPLICATE KEY UPDATE ame_loci = '-', beta_lactamase_loci = '-', clonal_complex = '446', mutational_resistome = '{"PA0004": "WT", "PA0424": "V126E", "PA0425": "WT", "PA0426": "WT", "PA0427": "WT", "PA0807": "A208V", "PA0958": "WT", "PA1798": "H398R", "PA1799": "L153R, S170N", "PA2020": "WT", "PA2023": "WT", "PA2491": "D249N", "PA2492": "P60S, F172I, nt234\u22068", "PA2493": "S8F", "PA2494": "WT", "PA2495": "S13P", "PA3047": "WT", "PA3168": "aa911\u22062", "PA3574": "WT", "PA3721": "G71E, A145V, S209R", "PA3999": "WT", "PA4003": "WT", "PA4020": "M297V", "PA4109": "E114A, G283E, M288R", "PA4110": "G27D, T105A, V205L, G391A", "PA4266": "WT", "PA4418": "WT", "PA4522": "WT", "PA4597": "M69V, T376S", "PA4598": "E257Q, S845A", "PA4599": "H310R, S330A, A378T", "PA4600": "WT", "PA4776": "L71R", "PA4777": "Y345H", "PA4964": "A587T", "PA4967": "D533E", "PA5471": "C40R, L88P, S112N, D119E, I237V, N238S, V243A, A352V", "PA5485": "WT"}'; 
INSERT INTO metadata_general(isolate_id, isolate_name, isolate_source, project_name, species) VALUES ('1032', 'GAL01-012', 'VALIDATION SET', 'GEMARA', 'Pseudomonas aeruginosa') ON DUPLICATE KEY UPDATE isolate_name = 'GAL01-012', isolate_source = 'VALIDATION SET', project_name = 'GEMARA', species = 'Pseudomonas aeruginosa'; 
INSERT INTO mic(mic_id, isolate_id, ami, ami_clinical_category, azt, azt_clinical_category, cip, cip_clinical_category, col, col_clinical_category, cza, cza_clinical_category, fep, fep_clinical_category, imi, imi_clinical_category, mer, mer_clinical_category, pip, pip_clinical_category, taz, taz_clinical_category, tic, tic_clinical_category, tob, tob_clinical_category, tol, tol_clinical_category) VALUES ('1032', '1032', '≤2', 'S', '16', 'S', '16', 'R', '2', 'S', '4', 'S', '8', 'S', '2', 'S', '≤0.5', 'S', '16', 'S', '8', 'S', '128', 'R', '≤0.25', 'S', '1', 'S') ON DUPLICATE KEY UPDATE ami = '≤2', ami_clinical_category = 'S', azt = '16', azt_clinical_category = 'S', cip = '16', cip_clinical_category = 'R', col = '2', col_clinical_category = 'S', cza = '4', cza_clinical_category = 'S', fep = '8', fep_clinical_category = 'S', imi = '2', imi_clinical_category = 'S', mer = '≤0.5', mer_clinical_category = 'S', pip = '16', pip_clinical_category = 'S', taz = '8', taz_clinical_category = 'S', tic = '128', tic_clinical_category = 'R', tob = '≤0.25', tob_clinical_category = 'S', tol = '1', tol_clinical_category = 'S'; 
INSERT INTO phenotypic_data(phenotypic_data_id, isolate_id, ecdc_resistance_profile) VALUES ('964', '1032', 'R') ON DUPLICATE KEY UPDATE ecdc_resistance_profile = 'R'; 
INSERT INTO sequence_analysis(sequence_analysis_id, isolate_id, ame_loci, beta_lactamase_loci, clonal_complex, mutational_resistome) VALUES ('1032', '1032', '-', '-', '560', '{"PA0004": "WT", "PA0424": "WT", "PA0425": "WT", "PA0426": "WT", "PA0427": "WT", "PA0807": "D75G", "PA0958": "WT", "PA1798": "R356L, H398R", "PA1799": "L153R, S170N", "PA2020": "WT", "PA2023": "WT", "PA2491": "N246K, D249N", "PA2492": "F172I, nt234\u22068", "PA2493": "S8F", "PA2494": "WT", "PA2495": "A4T, S13P", "PA3047": "WT", "PA3168": "T83I", "PA3574": "nt232\u220619", "PA3721": "G71E, S209R", "PA3999": "WT", "PA4003": "WT", "PA4020": "WT", "PA4109": "E114A, I251V, G283E, M288R", "PA4110": "T21A, T105A, V205L, G391P", "PA4266": "WT", "PA4418": "WT", "PA4522": "G148A", "PA4597": "Q267R", "PA4598": "V660I, N669D, S845A, I982V, K1031R, S1040T", "PA4599": "R76Q, H310R, S330A, P383S", "PA4600": "WT", "PA4776": "WT", "PA4777": "A4T, V15I, G68S, Y345H", "PA4964": "WT", "PA4967": "S457R, D533E", "PA5471": "C40R, L88P, S112N, D119E, I237V, V243A, P244L", "PA5485": "WT"}') ON DUPLICATE KEY UPDATE ame_loci = '-', beta_lactamase_loci = '-', clonal_complex = '560', mutational_resistome = '{"PA0004": "WT", "PA0424": "WT", "PA0425": "WT", "PA0426": "WT", "PA0427": "WT", "PA0807": "D75G", "PA0958": "WT", "PA1798": "R356L, H398R", "PA1799": "L153R, S170N", "PA2020": "WT", "PA2023": "WT", "PA2491": "N246K, D249N", "PA2492": "F172I, nt234\u22068", "PA2493": "S8F", "PA2494": "WT", "PA2495": "A4T, S13P", "PA3047": "WT", "PA3168": "T83I", "PA3574": "nt232\u220619", "PA3721": "G71E, S209R", "PA3999": "WT", "PA4003": "WT", "PA4020": "WT", "PA4109": "E114A, I251V, G283E, M288R", "PA4110": "T21A, T105A, V205L, G391P", "PA4266": "WT", "PA4418": "WT", "PA4522": "G148A", "PA4597": "Q267R", "PA4598": "V660I, N669D, S845A, I982V, K1031R, S1040T", "PA4599": "R76Q, H310R, S330A, P383S", "PA4600": "WT", "PA4776": "WT", "PA4777": "A4T, V15I, G68S, Y345H", "PA4964": "WT", "PA4967": "S457R, D533E", "PA5471": "C40R, L88P, S112N, D119E, I237V, V243A, P244L", "PA5485": "WT"}'; 
INSERT INTO metadata_general(isolate_id, isolate_name, isolate_source, project_name, species) VALUES ('1046', 'GAL02-001', 'VALIDATION SET', 'GEMARA', 'Pseudomonas aeruginosa') ON DUPLICATE KEY UPDATE isolate_name = 'GAL02-001', isolate_source = 'VALIDATION SET', project_name = 'GEMARA', species = 'Pseudomonas aeruginosa'; 
INSERT INTO mic(mic_id, isolate_id, ami, ami_clinical_category, azt, azt_clinical_category, cip, cip_clinical_category, col, col_clinical_category, cza, cza_clinical_category, fep, fep_clinical_category, imi, imi_clinical_category, mer, mer_clinical_category, pip, pip_clinical_category, taz, taz_clinical_category, tic, tic_clinical_category, tob, tob_clinical_category, tol, tol_clinical_category) VALUES ('1046', '1046', '4', 'S', '≤2', 'S', '≤0.12', 'S', '2', 'S', '2', 'S', '≤1', 'S', '1', 'S', '≤0.5', 'S', '8', 'S', '4', 'S', '16', 'S', '0.5', 'S', '1', 'S') ON DUPLICATE KEY UPDATE ami = '4', ami_clinical_category = 'S', azt = '≤2', azt_clinical_category = 'S', cip = '≤0.12', cip_clinical_category = 'S', col = '2', col_clinical_category = 'S', cza = '2', cza_clinical_category = 'S', fep = '≤1', fep_clinical_category = 'S', imi = '1', imi_clinical_category = 'S', mer = '≤0.5', mer_clinical_category = 'S', pip = '8', pip_clinical_category = 'S', taz = '4', taz_clinical_category = 'S', tic = '16', tic_clinical_category = 'S', tob = '0.5', tob_clinical_category = 'S', tol = '1', tol_clinical_category = 'S'; 
INSERT INTO phenotypic_data(phenotypic_data_id, isolate_id, ecdc_resistance_profile) VALUES ('980', '1046', 'S') ON DUPLICATE KEY UPDATE ecdc_resistance_profile = 'S'; 
INSERT INTO sequence_analysis(sequence_analysis_id, isolate_id, ame_loci, beta_lactamase_loci, clonal_complex, mutational_resistome) VALUES ('1046', '1046', '-', '-', '274', '{"PA0004": "H148N", "PA0424": "WT", "PA0425": "R326Q", "PA0426": "WT", "PA0427": "WT", "PA0807": "WT", "PA0958": "WT", "PA1798": "A82T, L346P, H398R", "PA1799": "WT", "PA2020": "WT", "PA2023": "WT", "PA2491": "D249N", "PA2492": "F172I, nt234\u22068", "PA2493": "WT", "PA2494": "WT", "PA2495": "WT", "PA3047": "A358V, A394P", "PA3168": "WT", "PA3574": "WT", "PA3721": "G71E, S209R", "PA3999": "WT", "PA4003": "WT", "PA4020": "M297V", "PA4109": "WT", "PA4110": "T21A, T105A, G391A", "PA4266": "WT", "PA4418": "WT", "PA4522": "R11L, G148A, D183Y", "PA4597": "D68G, M69V", "PA4598": "E257Q, A536S, S845A", "PA4599": "WT", "PA4600": "WT", "PA4776": "L71R", "PA4777": "Y345H", "PA4964": "WT", "PA4967": "WT", "PA5471": "L88P, D119E", "PA5485": "WT"}') ON DUPLICATE KEY UPDATE ame_loci = '-', beta_lactamase_loci = '-', clonal_complex = '274', mutational_resistome = '{"PA0004": "H148N", "PA0424": "WT", "PA0425": "R326Q", "PA0426": "WT", "PA0427": "WT", "PA0807": "WT", "PA0958": "WT", "PA1798": "A82T, L346P, H398R", "PA1799": "WT", "PA2020": "WT", "PA2023": "WT", "PA2491": "D249N", "PA2492": "F172I, nt234\u22068", "PA2493": "WT", "PA2494": "WT", "PA2495": "WT", "PA3047": "A358V, A394P", "PA3168": "WT", "PA3574": "WT", "PA3721": "G71E, S209R", "PA3999": "WT", "PA4003": "WT", "PA4020": "M297V", "PA4109": "WT", "PA4110": "T21A, T105A, G391A", "PA4266": "WT", "PA4418": "WT", "PA4522": "R11L, G148A, D183Y", "PA4597": "D68G, M69V", "PA4598": "E257Q, A536S, S845A", "PA4599": "WT", "PA4600": "WT", "PA4776": "L71R", "PA4777": "Y345H", "PA4964": "WT", "PA4967": "WT", "PA5471": "L88P, D119E", "PA5485": "WT"}'; 
INSERT INTO metadata_general(isolate_id, isolate_name, isolate_source, project_name, species) VALUES ('1052', 'GAL02-002', 'VALIDATION SET', 'GEMARA', 'Pseudomonas aeruginosa') ON DUPLICATE KEY UPDATE isolate_name = 'GAL02-002', isolate_source = 'VALIDATION SET', project_name = 'GEMARA', species = 'Pseudomonas aeruginosa'; 
INSERT INTO mic(mic_id, isolate_id, ami, ami_clinical_category, azt, azt_clinical_category, cip, cip_clinical_category, col, col_clinical_category, cza, cza_clinical_category, fep, fep_clinical_category, imi, imi_clinical_category, mer, mer_clinical_category, pip, pip_clinical_category, taz, taz_clinical_category, tic, tic_clinical_category, tob, tob_clinical_category, tol, tol_clinical_category) VALUES ('1052', '1052', '16', 'I', '8', 'S', '0.5', 'S', '≤0.5', 'S', '4', 'S', '8', 'S', '4', 'S', '8', 'I', '8', 'S', '4', 'S', '32', 'R', '2', 'S', '2', 'S') ON DUPLICATE KEY UPDATE ami = '16', ami_clinical_category = 'I', azt = '8', azt_clinical_category = 'S', cip = '0.5', cip_clinical_category = 'S', col = '≤0.5', col_clinical_category = 'S', cza = '4', cza_clinical_category = 'S', fep = '8', fep_clinical_category = 'S', imi = '4', imi_clinical_category = 'S', mer = '8', mer_clinical_category = 'I', pip = '8', pip_clinical_category = 'S', taz = '4', taz_clinical_category = 'S', tic = '32', tic_clinical_category = 'R', tob = '2', tob_clinical_category = 'S', tol = '2', tol_clinical_category = 'S'; 
INSERT INTO phenotypic_data(phenotypic_data_id, isolate_id, ecdc_resistance_profile) VALUES ('986', '1052', 'R') ON DUPLICATE KEY UPDATE ecdc_resistance_profile = 'R'; 
INSERT INTO sequence_analysis(sequence_analysis_id, isolate_id, ame_loci, beta_lactamase_loci, clonal_complex, mutational_resistome) VALUES ('1052', '1052', '-', '-', '3342', '{"PA0004": "WT", "PA0424": "WT", "PA0425": "WT", "PA0426": "WT", "PA0427": "WT", "PA0807": "A219T", "PA0958": "WT", "PA1798": "H398R", "PA1799": "WT", "PA2020": "Y204X", "PA2023": "C242X", "PA2491": "G76S, D249N", "PA2492": "F172I, nt234\u22068", "PA2493": "WT", "PA2494": "D230A", "PA2495": "WT", "PA3047": "A394P", "PA3168": "WT", "PA3574": "WT", "PA3721": "S209R", "PA3999": "WT", "PA4003": "WT", "PA4020": "M297V, A303V", "PA4109": "WT", "PA4110": "T105A", "PA4266": "WT", "PA4418": "WT", "PA4522": "WT", "PA4597": "D303V", "PA4598": "S845A, aa1027InsLLS", "PA4599": "WT", "PA4600": "WT", "PA4776": "L71R", "PA4777": "Y345H, A467V", "PA4964": "WT", "PA4967": "WT", "PA5471": "L88P, D161G, H182Q, V243A", "PA5485": "WT"}') ON DUPLICATE KEY UPDATE ame_loci = '-', beta_lactamase_loci = '-', clonal_complex = '3342', mutational_resistome = '{"PA0004": "WT", "PA0424": "WT", "PA0425": "WT", "PA0426": "WT", "PA0427": "WT", "PA0807": "A219T", "PA0958": "WT", "PA1798": "H398R", "PA1799": "WT", "PA2020": "Y204X", "PA2023": "C242X", "PA2491": "G76S, D249N", "PA2492": "F172I, nt234\u22068", "PA2493": "WT", "PA2494": "D230A", "PA2495": "WT", "PA3047": "A394P", "PA3168": "WT", "PA3574": "WT", "PA3721": "S209R", "PA3999": "WT", "PA4003": "WT", "PA4020": "M297V, A303V", "PA4109": "WT", "PA4110": "T105A", "PA4266": "WT", "PA4418": "WT", "PA4522": "WT", "PA4597": "D303V", "PA4598": "S845A, aa1027InsLLS", "PA4599": "WT", "PA4600": "WT", "PA4776": "L71R", "PA4777": "Y345H, A467V", "PA4964": "WT", "PA4967": "WT", "PA5471": "L88P, D161G, H182Q, V243A", "PA5485": "WT"}'; 
INSERT INTO metadata_general(isolate_id, isolate_name, isolate_source, project_name, species) VALUES ('1033', 'GAL02-004', 'VALIDATION SET', 'GEMARA', 'Pseudomonas aeruginosa') ON DUPLICATE KEY UPDATE isolate_name = 'GAL02-004', isolate_source = 'VALIDATION SET', project_name = 'GEMARA', species = 'Pseudomonas aeruginosa'; 
INSERT INTO mic(mic_id, isolate_id, ami, ami_clinical_category, azt, azt_clinical_category, cip, cip_clinical_category, col, col_clinical_category, cza, cza_clinical_category, fep, fep_clinical_category, imi, imi_clinical_category, mer, mer_clinical_category, pip, pip_clinical_category, taz, taz_clinical_category, tic, tic_clinical_category, tob, tob_clinical_category, tol, tol_clinical_category) VALUES ('1033', '1033', '64', 'R', '≤2', 'S', '1', 'R', '1', 'S', '2', 'S', '8', 'S', '16', 'R', '4', 'I', '≤4', 'S', '4', 'S', '≤8', 'S', '4', 'S', '1', 'S') ON DUPLICATE KEY UPDATE ami = '64', ami_clinical_category = 'R', azt = '≤2', azt_clinical_category = 'S', cip = '1', cip_clinical_category = 'R', col = '1', col_clinical_category = 'S', cza = '2', cza_clinical_category = 'S', fep = '8', fep_clinical_category = 'S', imi = '16', imi_clinical_category = 'R', mer = '4', mer_clinical_category = 'I', pip = '≤4', pip_clinical_category = 'S', taz = '4', taz_clinical_category = 'S', tic = '≤8', tic_clinical_category = 'S', tob = '4', tob_clinical_category = 'S', tol = '1', tol_clinical_category = 'S'; 
INSERT INTO phenotypic_data(phenotypic_data_id, isolate_id, ecdc_resistance_profile) VALUES ('967', '1033', 'MDR') ON DUPLICATE KEY UPDATE ecdc_resistance_profile = 'MDR'; 
INSERT INTO sequence_analysis(sequence_analysis_id, isolate_id, ame_loci, beta_lactamase_loci, clonal_complex, mutational_resistome) VALUES ('1033', '1033', '-', '-', '217', '{"PA0004": "R22C", "PA0424": "WT", "PA0425": "D373E", "PA0426": "nt3018\u22065", "PA0427": "V72L", "PA0807": "A219T", "PA0958": "WT", "PA1798": "H398R", "PA1799": "WT", "PA2020": "WT", "PA2023": "WT", "PA2491": "P225L, D249N", "PA2492": "F172I, nt234\u22068", "PA2493": "WT", "PA2494": "WT", "PA2495": "WT", "PA3047": "WT", "PA3168": "A908T", "PA3574": "WT", "PA3721": "G71E, S209R", "PA3999": "WT", "PA4003": "WT", "PA4020": "H190Y, M297V, A303V", "PA4109": "WT", "PA4110": "T105A, V239A", "PA4266": "T671A", "PA4418": "WT", "PA4522": "G148A, D183Y", "PA4597": "M69V", "PA4598": "S845A", "PA4599": "WT", "PA4600": "R82L", "PA4776": "L71R", "PA4777": "Y345H", "PA4964": "WT", "PA4967": "A473V, D533E", "PA5471": "C40R, L88P, D161G, H182Q, V243A", "PA5485": "WT"}') ON DUPLICATE KEY UPDATE ame_loci = '-', beta_lactamase_loci = '-', clonal_complex = '217', mutational_resistome = '{"PA0004": "R22C", "PA0424": "WT", "PA0425": "D373E", "PA0426": "nt3018\u22065", "PA0427": "V72L", "PA0807": "A219T", "PA0958": "WT", "PA1798": "H398R", "PA1799": "WT", "PA2020": "WT", "PA2023": "WT", "PA2491": "P225L, D249N", "PA2492": "F172I, nt234\u22068", "PA2493": "WT", "PA2494": "WT", "PA2495": "WT", "PA3047": "WT", "PA3168": "A908T", "PA3574": "WT", "PA3721": "G71E, S209R", "PA3999": "WT", "PA4003": "WT", "PA4020": "H190Y, M297V, A303V", "PA4109": "WT", "PA4110": "T105A, V239A", "PA4266": "T671A", "PA4418": "WT", "PA4522": "G148A, D183Y", "PA4597": "M69V", "PA4598": "S845A", "PA4599": "WT", "PA4600": "R82L", "PA4776": "L71R", "PA4777": "Y345H", "PA4964": "WT", "PA4967": "A473V, D533E", "PA5471": "C40R, L88P, D161G, H182Q, V243A", "PA5485": "WT"}'; 
INSERT INTO metadata_general(isolate_id, isolate_name, isolate_source, project_name, species) VALUES ('1037', 'GAL02-006', 'VALIDATION SET', 'GEMARA', 'Pseudomonas aeruginosa') ON DUPLICATE KEY UPDATE isolate_name = 'GAL02-006', isolate_source = 'VALIDATION SET', project_name = 'GEMARA', species = 'Pseudomonas aeruginosa'; 
INSERT INTO mic(mic_id, isolate_id, ami, ami_clinical_category, azt, azt_clinical_category, cip, cip_clinical_category, col, col_clinical_category, cza, cza_clinical_category, fep, fep_clinical_category, imi, imi_clinical_category, mer, mer_clinical_category, pip, pip_clinical_category, taz, taz_clinical_category, tic, tic_clinical_category, tob, tob_clinical_category, tol, tol_clinical_category) VALUES ('1037', '1037', '≤2', 'S', '16', 'S', '>16', 'R', '1', 'S', '4', 'S', '8', 'S', '16', 'R', '16', 'R', '32', 'R', '8', 'S', '128', 'R', '0.5', 'S', '1', 'S') ON DUPLICATE KEY UPDATE ami = '≤2', ami_clinical_category = 'S', azt = '16', azt_clinical_category = 'S', cip = '>16', cip_clinical_category = 'R', col = '1', col_clinical_category = 'S', cza = '4', cza_clinical_category = 'S', fep = '8', fep_clinical_category = 'S', imi = '16', imi_clinical_category = 'R', mer = '16', mer_clinical_category = 'R', pip = '32', pip_clinical_category = 'R', taz = '8', taz_clinical_category = 'S', tic = '128', tic_clinical_category = 'R', tob = '0.5', tob_clinical_category = 'S', tol = '1', tol_clinical_category = 'S'; 
INSERT INTO phenotypic_data(phenotypic_data_id, isolate_id, ecdc_resistance_profile) VALUES ('971', '1037', 'MDR') ON DUPLICATE KEY UPDATE ecdc_resistance_profile = 'MDR'; 
INSERT INTO sequence_analysis(sequence_analysis_id, isolate_id, ame_loci, beta_lactamase_loci, clonal_complex, mutational_resistome) VALUES ('1037', '1037', '-', '-', '560', '{"PA0004": "WT", "PA0424": "WT", "PA0425": "WT", "PA0426": "WT", "PA0427": "WT", "PA0807": "D75G", "PA0958": "WT", "PA1798": "R356L, H398R", "PA1799": "L153R, S170N", "PA2020": "WT", "PA2023": "WT", "PA2491": "N246K, D249N", "PA2492": "F172I, nt234\u22068", "PA2493": "WT", "PA2494": "WT", "PA2495": "A4T, S13P", "PA3047": "WT", "PA3168": "T83I", "PA3574": "nt232\u220619", "PA3721": "G71E, S209R", "PA3999": "WT", "PA4003": "WT", "PA4020": "nt111InsC", "PA4109": "E114A, I251V, G283E, M288R", "PA4110": "T21A, T105A, V205L", "PA4266": "WT", "PA4418": "WT", "PA4522": "G148A", "PA4597": "Q267R", "PA4598": "S845A, I982V, K1031R, S1040T", "PA4599": "R76Q, H310R, S330A, P383S", "PA4600": "WT", "PA4776": "WT", "PA4777": "A4T, V15I, G68S, Y345H", "PA4964": "WT", "PA4967": "S457R, D533E", "PA5471": "C40R, L88P, S112N, D119E, I237V, V243A, P244L", "PA5485": "WT"}') ON DUPLICATE KEY UPDATE ame_loci = '-', beta_lactamase_loci = '-', clonal_complex = '560', mutational_resistome = '{"PA0004": "WT", "PA0424": "WT", "PA0425": "WT", "PA0426": "WT", "PA0427": "WT", "PA0807": "D75G", "PA0958": "WT", "PA1798": "R356L, H398R", "PA1799": "L153R, S170N", "PA2020": "WT", "PA2023": "WT", "PA2491": "N246K, D249N", "PA2492": "F172I, nt234\u22068", "PA2493": "WT", "PA2494": "WT", "PA2495": "A4T, S13P", "PA3047": "WT", "PA3168": "T83I", "PA3574": "nt232\u220619", "PA3721": "G71E, S209R", "PA3999": "WT", "PA4003": "WT", "PA4020": "nt111InsC", "PA4109": "E114A, I251V, G283E, M288R", "PA4110": "T21A, T105A, V205L", "PA4266": "WT", "PA4418": "WT", "PA4522": "G148A", "PA4597": "Q267R", "PA4598": "S845A, I982V, K1031R, S1040T", "PA4599": "R76Q, H310R, S330A, P383S", "PA4600": "WT", "PA4776": "WT", "PA4777": "A4T, V15I, G68S, Y345H", "PA4964": "WT", "PA4967": "S457R, D533E", "PA5471": "C40R, L88P, S112N, D119E, I237V, V243A, P244L", "PA5485": "WT"}'; 
INSERT INTO metadata_general(isolate_id, isolate_name, isolate_source, project_name, species) VALUES ('1070', 'GAL03-002', 'VALIDATION SET', 'GEMARA', 'Pseudomonas aeruginosa') ON DUPLICATE KEY UPDATE isolate_name = 'GAL03-002', isolate_source = 'VALIDATION SET', project_name = 'GEMARA', species = 'Pseudomonas aeruginosa'; 
INSERT INTO mic(mic_id, isolate_id, ami, ami_clinical_category, azt, azt_clinical_category, cip, cip_clinical_category, col, col_clinical_category, cza, cza_clinical_category, fep, fep_clinical_category, imi, imi_clinical_category, mer, mer_clinical_category, pip, pip_clinical_category, taz, taz_clinical_category, tic, tic_clinical_category, tob, tob_clinical_category, tol, tol_clinical_category) VALUES ('1070', '1070', '≤2', 'S', '≤2', 'S', '1', 'R', '1', 'S', '≤0.5', 'S', '≤1', 'S', '4', 'S', '1', 'S', '≤4', 'S', '≤1', 'S', '16', 'S', '≤0.25', 'S', '≤0.5', 'S') ON DUPLICATE KEY UPDATE ami = '≤2', ami_clinical_category = 'S', azt = '≤2', azt_clinical_category = 'S', cip = '1', cip_clinical_category = 'R', col = '1', col_clinical_category = 'S', cza = '≤0.5', cza_clinical_category = 'S', fep = '≤1', fep_clinical_category = 'S', imi = '4', imi_clinical_category = 'S', mer = '1', mer_clinical_category = 'S', pip = '≤4', pip_clinical_category = 'S', taz = '≤1', taz_clinical_category = 'S', tic = '16', tic_clinical_category = 'S', tob = '≤0.25', tob_clinical_category = 'S', tol = '≤0.5', tol_clinical_category = 'S'; 
INSERT INTO phenotypic_data(phenotypic_data_id, isolate_id, ecdc_resistance_profile) VALUES ('1007', '1070', 'R') ON DUPLICATE KEY UPDATE ecdc_resistance_profile = 'R'; 
INSERT INTO sequence_analysis(sequence_analysis_id, isolate_id, ame_loci, beta_lactamase_loci, clonal_complex, mutational_resistome) VALUES ('1070', '1070', '-', '-', '664', '{"PA0004": "WT", "PA0424": "V126E", "PA0425": "K86E", "PA0426": "WT", "PA0427": "WT", "PA0807": "A219T", "PA0958": "WT", "PA1798": "H398R", "PA1799": "WT", "PA2020": "WT", "PA2023": "WT", "PA2491": "DELETED", "PA2492": "DELETED", "PA2493": "DELETED", "PA2494": "DELETED", "PA2495": "DELETED", "PA3047": "WT", "PA3168": "D87N", "PA3574": "WT", "PA3721": "G71E, S209R", "PA3999": "WT", "PA4003": "WT", "PA4020": "R322Q", "PA4109": "WT", "PA4110": "L176R", "PA4266": "WT", "PA4418": "WT", "PA4522": "G148A, D183Y", "PA4597": "D68G, M69V", "PA4598": "E257Q, S845A", "PA4599": "WT", "PA4600": "WT", "PA4776": "L71R, E163D", "PA4777": "Y345H", "PA4964": "H262Q", "PA4967": "E215Q", "PA5471": "L88P, D161G, H182Q, V243A, A262S", "PA5485": "WT"}') ON DUPLICATE KEY UPDATE ame_loci = '-', beta_lactamase_loci = '-', clonal_complex = '664', mutational_resistome = '{"PA0004": "WT", "PA0424": "V126E", "PA0425": "K86E", "PA0426": "WT", "PA0427": "WT", "PA0807": "A219T", "PA0958": "WT", "PA1798": "H398R", "PA1799": "WT", "PA2020": "WT", "PA2023": "WT", "PA2491": "DELETED", "PA2492": "DELETED", "PA2493": "DELETED", "PA2494": "DELETED", "PA2495": "DELETED", "PA3047": "WT", "PA3168": "D87N", "PA3574": "WT", "PA3721": "G71E, S209R", "PA3999": "WT", "PA4003": "WT", "PA4020": "R322Q", "PA4109": "WT", "PA4110": "L176R", "PA4266": "WT", "PA4418": "WT", "PA4522": "G148A, D183Y", "PA4597": "D68G, M69V", "PA4598": "E257Q, S845A", "PA4599": "WT", "PA4600": "WT", "PA4776": "L71R, E163D", "PA4777": "Y345H", "PA4964": "H262Q", "PA4967": "E215Q", "PA5471": "L88P, D161G, H182Q, V243A, A262S", "PA5485": "WT"}'; 
INSERT INTO metadata_general(isolate_id, isolate_name, isolate_source, project_name, species) VALUES ('1072', 'GAL03-003', 'VALIDATION SET', 'GEMARA', 'Pseudomonas aeruginosa') ON DUPLICATE KEY UPDATE isolate_name = 'GAL03-003', isolate_source = 'VALIDATION SET', project_name = 'GEMARA', species = 'Pseudomonas aeruginosa'; 
INSERT INTO mic(mic_id, isolate_id, ami, ami_clinical_category, azt, azt_clinical_category, cip, cip_clinical_category, col, col_clinical_category, cza, cza_clinical_category, fep, fep_clinical_category, imi, imi_clinical_category, mer, mer_clinical_category, pip, pip_clinical_category, taz, taz_clinical_category, tic, tic_clinical_category, tob, tob_clinical_category, tol, tol_clinical_category) VALUES ('1072', '1072', '4', 'S', '4', 'S', '≤0.12', 'S', '2', 'S', '2', 'S', '2', 'S', '4', 'S', '2', 'S', '≤4', 'S', '2', 'S', '32', 'R', '0.5', 'S', '≤0.5', 'S') ON DUPLICATE KEY UPDATE ami = '4', ami_clinical_category = 'S', azt = '4', azt_clinical_category = 'S', cip = '≤0.12', cip_clinical_category = 'S', col = '2', col_clinical_category = 'S', cza = '2', cza_clinical_category = 'S', fep = '2', fep_clinical_category = 'S', imi = '4', imi_clinical_category = 'S', mer = '2', mer_clinical_category = 'S', pip = '≤4', pip_clinical_category = 'S', taz = '2', taz_clinical_category = 'S', tic = '32', tic_clinical_category = 'R', tob = '0.5', tob_clinical_category = 'S', tol = '≤0.5', tol_clinical_category = 'S'; 
INSERT INTO phenotypic_data(phenotypic_data_id, isolate_id, ecdc_resistance_profile) VALUES ('1009', '1072', 'S') ON DUPLICATE KEY UPDATE ecdc_resistance_profile = 'S'; 
INSERT INTO sequence_analysis(sequence_analysis_id, isolate_id, ame_loci, beta_lactamase_loci, clonal_complex, mutational_resistome) VALUES ('1072', '1072', '-', '-', '2548', '{"PA0004": "I529V", "PA0424": "N79S, V126E", "PA0425": "WT", "PA0426": "A707S, I963V", "PA0427": "Q265E", "PA0807": "D235G", "PA0958": "WT", "PA1798": "V304I, H398R", "PA1799": "T135A, L153R", "PA2020": "L138R, F192L, L196I", "PA2023": "WT", "PA2491": "A175V, E181D, D249N, E286D", "PA2492": "F172I, nt234\u22068", "PA2493": "A79G, S403T", "PA2494": "D230A, A256T, N276S, T713A", "PA2495": "S77T, T275S", "PA3047": "A394P, R475Q", "PA3168": "aa911\u22062", "PA3574": "E21D", "PA3721": "A4V", "PA3999": "N86S, S355T", "PA4003": "A532V", "PA4020": "I266S, M297L, Q347R", "PA4109": "E114A", "PA4110": "T105A,  L200I, P274H, S306A, I325V, V356I, G391A", "PA4266": "WT", "PA4418": "L240V, A572V", "PA4522": "R11H, A85S, G148A, S175P", "PA4597": "A41T, M69V", "PA4598": "G147D, A642D, H651R, T659S, S738N, S845A", "PA4599": "R76Q, E152Q, V282I, N299S, H310R, S330A, G334A, V337A, E350K", "PA4600": "E75G", "PA4776": "L71R", "PA4777": "A4T, A197S, E213D, L217V, Y345H, L398Q, G469S", "PA4964": "S331T, I388V, A528T", "PA4967": "D533E", "PA5471": "L88P, D161G, I237V, V243A, V247I, V362I", "PA5485": "A8V, Q110K"}') ON DUPLICATE KEY UPDATE ame_loci = '-', beta_lactamase_loci = '-', clonal_complex = '2548', mutational_resistome = '{"PA0004": "I529V", "PA0424": "N79S, V126E", "PA0425": "WT", "PA0426": "A707S, I963V", "PA0427": "Q265E", "PA0807": "D235G", "PA0958": "WT", "PA1798": "V304I, H398R", "PA1799": "T135A, L153R", "PA2020": "L138R, F192L, L196I", "PA2023": "WT", "PA2491": "A175V, E181D, D249N, E286D", "PA2492": "F172I, nt234\u22068", "PA2493": "A79G, S403T", "PA2494": "D230A, A256T, N276S, T713A", "PA2495": "S77T, T275S", "PA3047": "A394P, R475Q", "PA3168": "aa911\u22062", "PA3574": "E21D", "PA3721": "A4V", "PA3999": "N86S, S355T", "PA4003": "A532V", "PA4020": "I266S, M297L, Q347R", "PA4109": "E114A", "PA4110": "T105A,  L200I, P274H, S306A, I325V, V356I, G391A", "PA4266": "WT", "PA4418": "L240V, A572V", "PA4522": "R11H, A85S, G148A, S175P", "PA4597": "A41T, M69V", "PA4598": "G147D, A642D, H651R, T659S, S738N, S845A", "PA4599": "R76Q, E152Q, V282I, N299S, H310R, S330A, G334A, V337A, E350K", "PA4600": "E75G", "PA4776": "L71R", "PA4777": "A4T, A197S, E213D, L217V, Y345H, L398Q, G469S", "PA4964": "S331T, I388V, A528T", "PA4967": "D533E", "PA5471": "L88P, D161G, I237V, V243A, V247I, V362I", "PA5485": "A8V, Q110K"}'; 
INSERT INTO metadata_general(isolate_id, isolate_name, isolate_source, project_name, species) VALUES ('1079', 'GAL03-004', 'VALIDATION SET', 'GEMARA', 'Pseudomonas aeruginosa') ON DUPLICATE KEY UPDATE isolate_name = 'GAL03-004', isolate_source = 'VALIDATION SET', project_name = 'GEMARA', species = 'Pseudomonas aeruginosa'; 
INSERT INTO mic(mic_id, isolate_id, ami, ami_clinical_category, azt, azt_clinical_category, cip, cip_clinical_category, col, col_clinical_category, cza, cza_clinical_category, fep, fep_clinical_category, imi, imi_clinical_category, mer, mer_clinical_category, pip, pip_clinical_category, taz, taz_clinical_category, tic, tic_clinical_category, tob, tob_clinical_category, tol, tol_clinical_category) VALUES ('1079', '1079', '≤2', 'S', '≤2', 'S', '≤0.12', 'S', '1', 'S', '≤0.5', 'S', '≤1', 'S', '1', 'S', '≤0.5', 'S', '≤4', 'S', '≤1', 'S', '16', 'S', '≤0.25', 'S', '≤0.5', 'S') ON DUPLICATE KEY UPDATE ami = '≤2', ami_clinical_category = 'S', azt = '≤2', azt_clinical_category = 'S', cip = '≤0.12', cip_clinical_category = 'S', col = '1', col_clinical_category = 'S', cza = '≤0.5', cza_clinical_category = 'S', fep = '≤1', fep_clinical_category = 'S', imi = '1', imi_clinical_category = 'S', mer = '≤0.5', mer_clinical_category = 'S', pip = '≤4', pip_clinical_category = 'S', taz = '≤1', taz_clinical_category = 'S', tic = '16', tic_clinical_category = 'S', tob = '≤0.25', tob_clinical_category = 'S', tol = '≤0.5', tol_clinical_category = 'S'; 
INSERT INTO phenotypic_data(phenotypic_data_id, isolate_id, ecdc_resistance_profile) VALUES ('1016', '1079', 'S') ON DUPLICATE KEY UPDATE ecdc_resistance_profile = 'S'; 
INSERT INTO sequence_analysis(sequence_analysis_id, isolate_id, ame_loci, beta_lactamase_loci, clonal_complex, mutational_resistome) VALUES ('1079', '1079', '-', '-', '2049', '{"PA0004": "WT", "PA0424": "V126E", "PA0425": "WT", "PA0426": "N312S", "PA0427": "WT", "PA0807": "K63E", "PA0958": "WT", "PA1798": "H398R", "PA1799": "L153R, S170N", "PA2020": "WT", "PA2023": "WT", "PA2491": "D249N", "PA2492": "F172I, nt234\u22068", "PA2493": "S8F", "PA2494": "WT", "PA2495": "S13P", "PA3047": "WT", "PA3168": "aa914InsPK", "PA3574": "WT", "PA3721": "G71E, A145V, S209R", "PA3999": "WT", "PA4003": "WT", "PA4020": "WT", "PA4109": "G283E, M288R", "PA4110": "G27D, T105A, V205L, V356I, G391A", "PA4266": "WT", "PA4418": "WT", "PA4522": "WT", "PA4597": "D68G, M69V, L81I, A152T, Q267R", "PA4598": "E257Q, E314D, G686R, S845A", "PA4599": "R76Q, T175A, H310R, S313G, S330A, P383S", "PA4600": "WT", "PA4776": "WT", "PA4777": "A4T, V15I, G68S, Y345H, G439D", "PA4964": "WT", "PA4967": "D533E", "PA5471": "C40R, L88P, S112N, D119E, D159A, L196P, I237V, V243A, R322S", "PA5485": "WT"}') ON DUPLICATE KEY UPDATE ame_loci = '-', beta_lactamase_loci = '-', clonal_complex = '2049', mutational_resistome = '{"PA0004": "WT", "PA0424": "V126E", "PA0425": "WT", "PA0426": "N312S", "PA0427": "WT", "PA0807": "K63E", "PA0958": "WT", "PA1798": "H398R", "PA1799": "L153R, S170N", "PA2020": "WT", "PA2023": "WT", "PA2491": "D249N", "PA2492": "F172I, nt234\u22068", "PA2493": "S8F", "PA2494": "WT", "PA2495": "S13P", "PA3047": "WT", "PA3168": "aa914InsPK", "PA3574": "WT", "PA3721": "G71E, A145V, S209R", "PA3999": "WT", "PA4003": "WT", "PA4020": "WT", "PA4109": "G283E, M288R", "PA4110": "G27D, T105A, V205L, V356I, G391A", "PA4266": "WT", "PA4418": "WT", "PA4522": "WT", "PA4597": "D68G, M69V, L81I, A152T, Q267R", "PA4598": "E257Q, E314D, G686R, S845A", "PA4599": "R76Q, T175A, H310R, S313G, S330A, P383S", "PA4600": "WT", "PA4776": "WT", "PA4777": "A4T, V15I, G68S, Y345H, G439D", "PA4964": "WT", "PA4967": "D533E", "PA5471": "C40R, L88P, S112N, D119E, D159A, L196P, I237V, V243A, R322S", "PA5485": "WT"}'; 
INSERT INTO metadata_general(isolate_id, isolate_name, isolate_source, project_name, species) VALUES ('1067', 'GAL03-005', 'VALIDATION SET', 'GEMARA', 'Pseudomonas aeruginosa') ON DUPLICATE KEY UPDATE isolate_name = 'GAL03-005', isolate_source = 'VALIDATION SET', project_name = 'GEMARA', species = 'Pseudomonas aeruginosa'; 
INSERT INTO mic(mic_id, isolate_id, ami, ami_clinical_category, azt, azt_clinical_category, cip, cip_clinical_category, col, col_clinical_category, cza, cza_clinical_category, fep, fep_clinical_category, imi, imi_clinical_category, mer, mer_clinical_category, pip, pip_clinical_category, taz, taz_clinical_category, tic, tic_clinical_category, tob, tob_clinical_category, tol, tol_clinical_category) VALUES ('1067', '1067', '4', 'S', '4', 'S', '≤0.12', 'S', '2', 'S', '2', 'S', '2', 'S', '1', 'S', '≤0.5', 'S', '≤4', 'S', '2', 'S', '32', 'R', '0.5', 'S', '≤0.5', 'S') ON DUPLICATE KEY UPDATE ami = '4', ami_clinical_category = 'S', azt = '4', azt_clinical_category = 'S', cip = '≤0.12', cip_clinical_category = 'S', col = '2', col_clinical_category = 'S', cza = '2', cza_clinical_category = 'S', fep = '2', fep_clinical_category = 'S', imi = '1', imi_clinical_category = 'S', mer = '≤0.5', mer_clinical_category = 'S', pip = '≤4', pip_clinical_category = 'S', taz = '2', taz_clinical_category = 'S', tic = '32', tic_clinical_category = 'R', tob = '0.5', tob_clinical_category = 'S', tol = '≤0.5', tol_clinical_category = 'S'; 
INSERT INTO phenotypic_data(phenotypic_data_id, isolate_id, ecdc_resistance_profile) VALUES ('1004', '1067', 'S') ON DUPLICATE KEY UPDATE ecdc_resistance_profile = 'S'; 
INSERT INTO sequence_analysis(sequence_analysis_id, isolate_id, ame_loci, beta_lactamase_loci, clonal_complex, mutational_resistome) VALUES ('1067', '1067', '-', '-', '446', '{"PA0004": "WT", "PA0424": "V126E", "PA0425": "WT", "PA0426": "T98A", "PA0427": "WT", "PA0807": "A208V", "PA0958": "WT", "PA1798": "H398R", "PA1799": "L153R, S170N", "PA2020": "WT", "PA2023": "WT", "PA2491": "D249N", "PA2492": "P60S, F172I, nt234\u22068", "PA2493": "S8F", "PA2494": "WT", "PA2495": "S13P", "PA3047": "WT", "PA3168": "aa911\u22062", "PA3574": "WT", "PA3721": "G71E, A145V, S209R", "PA3999": "WT", "PA4003": "L33P", "PA4020": "M297V", "PA4109": "E114A, G283E, M288R", "PA4110": "G27D, T105A, V205L, G391A", "PA4266": "WT", "PA4418": "WT", "PA4522": "WT", "PA4597": "M69V, T376S", "PA4598": "E257Q, S845A", "PA4599": "H310R, S330A, A378T, A384V", "PA4600": "WT", "PA4776": "L71R", "PA4777": "Y345H", "PA4964": "A587T", "PA4967": "D533E", "PA5471": "C40R, L88P, S112N, D119E, I237V, N238S, V243A, A352V", "PA5485": "WT"}') ON DUPLICATE KEY UPDATE ame_loci = '-', beta_lactamase_loci = '-', clonal_complex = '446', mutational_resistome = '{"PA0004": "WT", "PA0424": "V126E", "PA0425": "WT", "PA0426": "T98A", "PA0427": "WT", "PA0807": "A208V", "PA0958": "WT", "PA1798": "H398R", "PA1799": "L153R, S170N", "PA2020": "WT", "PA2023": "WT", "PA2491": "D249N", "PA2492": "P60S, F172I, nt234\u22068", "PA2493": "S8F", "PA2494": "WT", "PA2495": "S13P", "PA3047": "WT", "PA3168": "aa911\u22062", "PA3574": "WT", "PA3721": "G71E, A145V, S209R", "PA3999": "WT", "PA4003": "L33P", "PA4020": "M297V", "PA4109": "E114A, G283E, M288R", "PA4110": "G27D, T105A, V205L, G391A", "PA4266": "WT", "PA4418": "WT", "PA4522": "WT", "PA4597": "M69V, T376S", "PA4598": "E257Q, S845A", "PA4599": "H310R, S330A, A378T, A384V", "PA4600": "WT", "PA4776": "L71R", "PA4777": "Y345H", "PA4964": "A587T", "PA4967": "D533E", "PA5471": "C40R, L88P, S112N, D119E, I237V, N238S, V243A, A352V", "PA5485": "WT"}'; 
INSERT INTO metadata_general(isolate_id, isolate_name, isolate_source, project_name, species) VALUES ('1091', 'GAL04-001', 'VALIDATION SET', 'GEMARA', 'Pseudomonas aeruginosa') ON DUPLICATE KEY UPDATE isolate_name = 'GAL04-001', isolate_source = 'VALIDATION SET', project_name = 'GEMARA', species = 'Pseudomonas aeruginosa'; 
INSERT INTO mic(mic_id, isolate_id, ami, ami_clinical_category, azt, azt_clinical_category, cip, cip_clinical_category, col, col_clinical_category, cza, cza_clinical_category, fep, fep_clinical_category, imi, imi_clinical_category, mer, mer_clinical_category, pip, pip_clinical_category, taz, taz_clinical_category, tic, tic_clinical_category, tob, tob_clinical_category, tol, tol_clinical_category) VALUES ('1091', '1091', '4', 'S', '8', 'S', '0.25', 'S', '1', 'S', '2', 'S', '8', 'S', '2', 'S', '≤0.5', 'S', '8', 'S', '2', 'S', '32', 'R', '≤0.25', 'S', '1', 'S') ON DUPLICATE KEY UPDATE ami = '4', ami_clinical_category = 'S', azt = '8', azt_clinical_category = 'S', cip = '0.25', cip_clinical_category = 'S', col = '1', col_clinical_category = 'S', cza = '2', cza_clinical_category = 'S', fep = '8', fep_clinical_category = 'S', imi = '2', imi_clinical_category = 'S', mer = '≤0.5', mer_clinical_category = 'S', pip = '8', pip_clinical_category = 'S', taz = '2', taz_clinical_category = 'S', tic = '32', tic_clinical_category = 'R', tob = '≤0.25', tob_clinical_category = 'S', tol = '1', tol_clinical_category = 'S'; 
INSERT INTO phenotypic_data(phenotypic_data_id, isolate_id, ecdc_resistance_profile) VALUES ('1030', '1091', 'S') ON DUPLICATE KEY UPDATE ecdc_resistance_profile = 'S'; 
INSERT INTO sequence_analysis(sequence_analysis_id, isolate_id, ame_loci, beta_lactamase_loci, clonal_complex, mutational_resistome) VALUES ('1091', '1091', '-', '-', '313', '{"PA0004": "WT", "PA0424": "V126E", "PA0425": "WT", "PA0426": "WT", "PA0427": "D448N", "PA0807": "WT", "PA0958": "WT", "PA1798": "H398R", "PA1799": "L153R, S170N", "PA2020": "nt367\u220610", "PA2023": "WT", "PA2491": "V73A, D249N", "PA2492": "P60S, F172I, nt234\u22068", "PA2493": "WT", "PA2494": "WT", "PA2495": "A4T, S13P", "PA3047": "WT", "PA3168": "WT", "PA3574": "WT", "PA3721": "G71E, A145V, S209R", "PA3999": "WT", "PA4003": "WT", "PA4020": "M297V", "PA4109": "E114A, I251V, G283E, M288R", "PA4110": "P7S, T105A, V205L, V356I, G391A", "PA4266": "WT", "PA4418": "WT", "PA4522": "WT", "PA4597": "WT", "PA4598": "S845A, K1031R", "PA4599": "S330A", "PA4600": "WT", "PA4776": "L71R", "PA4777": "Y345H", "PA4964": "WT", "PA4967": "D533E", "PA5471": "C40R, L88P, S112N, D119E, D207N, I237V, V243A", "PA5485": "V89D"}') ON DUPLICATE KEY UPDATE ame_loci = '-', beta_lactamase_loci = '-', clonal_complex = '313', mutational_resistome = '{"PA0004": "WT", "PA0424": "V126E", "PA0425": "WT", "PA0426": "WT", "PA0427": "D448N", "PA0807": "WT", "PA0958": "WT", "PA1798": "H398R", "PA1799": "L153R, S170N", "PA2020": "nt367\u220610", "PA2023": "WT", "PA2491": "V73A, D249N", "PA2492": "P60S, F172I, nt234\u22068", "PA2493": "WT", "PA2494": "WT", "PA2495": "A4T, S13P", "PA3047": "WT", "PA3168": "WT", "PA3574": "WT", "PA3721": "G71E, A145V, S209R", "PA3999": "WT", "PA4003": "WT", "PA4020": "M297V", "PA4109": "E114A, I251V, G283E, M288R", "PA4110": "P7S, T105A, V205L, V356I, G391A", "PA4266": "WT", "PA4418": "WT", "PA4522": "WT", "PA4597": "WT", "PA4598": "S845A, K1031R", "PA4599": "S330A", "PA4600": "WT", "PA4776": "L71R", "PA4777": "Y345H", "PA4964": "WT", "PA4967": "D533E", "PA5471": "C40R, L88P, S112N, D119E, D207N, I237V, V243A", "PA5485": "V89D"}'; 
INSERT INTO metadata_general(isolate_id, isolate_name, isolate_source, project_name, species) VALUES ('1098', 'GAL04-002', 'VALIDATION SET', 'GEMARA', 'Pseudomonas aeruginosa') ON DUPLICATE KEY UPDATE isolate_name = 'GAL04-002', isolate_source = 'VALIDATION SET', project_name = 'GEMARA', species = 'Pseudomonas aeruginosa'; 
INSERT INTO mic(mic_id, isolate_id, ami, ami_clinical_category, azt, azt_clinical_category, cip, cip_clinical_category, col, col_clinical_category, cza, cza_clinical_category, fep, fep_clinical_category, imi, imi_clinical_category, mer, mer_clinical_category, pip, pip_clinical_category, taz, taz_clinical_category, tic, tic_clinical_category, tob, tob_clinical_category, tol, tol_clinical_category) VALUES ('1098', '1098', '≤2', 'S', '16', 'S', '16', 'R', '1', 'S', '4', 'S', '4', 'S', '4', 'S', '16', 'R', '16', 'S', '4', 'S', '64', 'R', '≤0.25', 'S', '≤0.5', 'S') ON DUPLICATE KEY UPDATE ami = '≤2', ami_clinical_category = 'S', azt = '16', azt_clinical_category = 'S', cip = '16', cip_clinical_category = 'R', col = '1', col_clinical_category = 'S', cza = '4', cza_clinical_category = 'S', fep = '4', fep_clinical_category = 'S', imi = '4', imi_clinical_category = 'S', mer = '16', mer_clinical_category = 'R', pip = '16', pip_clinical_category = 'S', taz = '4', taz_clinical_category = 'S', tic = '64', tic_clinical_category = 'R', tob = '≤0.25', tob_clinical_category = 'S', tol = '≤0.5', tol_clinical_category = 'S'; 
INSERT INTO phenotypic_data(phenotypic_data_id, isolate_id, ecdc_resistance_profile) VALUES ('1037', '1098', 'R') ON DUPLICATE KEY UPDATE ecdc_resistance_profile = 'R'; 
INSERT INTO sequence_analysis(sequence_analysis_id, isolate_id, ame_loci, beta_lactamase_loci, clonal_complex, mutational_resistome) VALUES ('1098', '1098', 'aadA6', '-', '235', '{"PA0004": "WT", "PA0424": "V126E", "PA0425": "WT", "PA0426": "G957D", "PA0427": "WT", "PA0807": "A208V", "PA0958": "W417X", "PA1798": "H398R", "PA1799": "L153R, S170N", "PA2020": "nt100\u22061", "PA2023": "WT", "PA2491": "D249N", "PA2492": "P60S, F172I, nt234\u22068", "PA2493": "E2V, S8F, Q368R", "PA2494": "WT", "PA2495": "S13P", "PA3047": "WT", "PA3168": "T83I", "PA3574": "nt295\u220617", "PA3721": "G71E, E153Q, S209R", "PA3999": "WT", "PA4003": "WT", "PA4020": "WT", "PA4109": "G283E, M288R", "PA4110": "G27D, A97V, T105A, V205L, G391A", "PA4266": "WT", "PA4418": "WT", "PA4522": "G148A", "PA4597": "M69V, Q267R", "PA4598": "S845A, I982V", "PA4599": "A31V, R76Q, H310R, S330A, P383S", "PA4600": "WT", "PA4776": "L71R", "PA4777": "A4T, G68S, Y345H, G362S", "PA4964": "S87L", "PA4967": "D533E", "PA5471": "L88P, D161G, H182Q, R204C, V243A", "PA5485": "WT"}') ON DUPLICATE KEY UPDATE ame_loci = 'aadA6', beta_lactamase_loci = '-', clonal_complex = '235', mutational_resistome = '{"PA0004": "WT", "PA0424": "V126E", "PA0425": "WT", "PA0426": "G957D", "PA0427": "WT", "PA0807": "A208V", "PA0958": "W417X", "PA1798": "H398R", "PA1799": "L153R, S170N", "PA2020": "nt100\u22061", "PA2023": "WT", "PA2491": "D249N", "PA2492": "P60S, F172I, nt234\u22068", "PA2493": "E2V, S8F, Q368R", "PA2494": "WT", "PA2495": "S13P", "PA3047": "WT", "PA3168": "T83I", "PA3574": "nt295\u220617", "PA3721": "G71E, E153Q, S209R", "PA3999": "WT", "PA4003": "WT", "PA4020": "WT", "PA4109": "G283E, M288R", "PA4110": "G27D, A97V, T105A, V205L, G391A", "PA4266": "WT", "PA4418": "WT", "PA4522": "G148A", "PA4597": "M69V, Q267R", "PA4598": "S845A, I982V", "PA4599": "A31V, R76Q, H310R, S330A, P383S", "PA4600": "WT", "PA4776": "L71R", "PA4777": "A4T, G68S, Y345H, G362S", "PA4964": "S87L", "PA4967": "D533E", "PA5471": "L88P, D161G, H182Q, R204C, V243A", "PA5485": "WT"}'; 
INSERT INTO metadata_general(isolate_id, isolate_name, isolate_source, project_name, species) VALUES ('1109', 'GAL04-004', 'VALIDATION SET', 'GEMARA', 'Pseudomonas aeruginosa') ON DUPLICATE KEY UPDATE isolate_name = 'GAL04-004', isolate_source = 'VALIDATION SET', project_name = 'GEMARA', species = 'Pseudomonas aeruginosa'; 
INSERT INTO mic(mic_id, isolate_id, ami, ami_clinical_category, azt, azt_clinical_category, cip, cip_clinical_category, col, col_clinical_category, cza, cza_clinical_category, fep, fep_clinical_category, imi, imi_clinical_category, mer, mer_clinical_category, pip, pip_clinical_category, taz, taz_clinical_category, tic, tic_clinical_category, tob, tob_clinical_category, tol, tol_clinical_category) VALUES ('1109', '1109', '4', 'S', '≤2', 'S', '8', 'R', '1', 'S', '1', 'S', '8', 'S', '4', 'S', '2', 'S', '16', 'S', '2', 'S', '16', 'S', '0.5', 'S', '1', 'S') ON DUPLICATE KEY UPDATE ami = '4', ami_clinical_category = 'S', azt = '≤2', azt_clinical_category = 'S', cip = '8', cip_clinical_category = 'R', col = '1', col_clinical_category = 'S', cza = '1', cza_clinical_category = 'S', fep = '8', fep_clinical_category = 'S', imi = '4', imi_clinical_category = 'S', mer = '2', mer_clinical_category = 'S', pip = '16', pip_clinical_category = 'S', taz = '2', taz_clinical_category = 'S', tic = '16', tic_clinical_category = 'S', tob = '0.5', tob_clinical_category = 'S', tol = '1', tol_clinical_category = 'S'; 
INSERT INTO phenotypic_data(phenotypic_data_id, isolate_id, ecdc_resistance_profile) VALUES ('1048', '1109', 'R') ON DUPLICATE KEY UPDATE ecdc_resistance_profile = 'R'; 
INSERT INTO sequence_analysis(sequence_analysis_id, isolate_id, ame_loci, beta_lactamase_loci, clonal_complex, mutational_resistome) VALUES ('1109', '1109', '-', '-', '179', '{"PA0004": "S466F", "PA0424": "WT", "PA0425": "WT", "PA0426": "G860D", "PA0427": "WT", "PA0807": "A219T", "PA0958": "WT", "PA1798": "H398R", "PA1799": "WT", "PA2020": "WT", "PA2023": "WT", "PA2491": "G248C, D249N", "PA2492": "F172I, nt234\u22068", "PA2493": "WT", "PA2494": "WT", "PA2495": "WT", "PA3047": "WT", "PA3168": "WT", "PA3574": "WT", "PA3721": "G71E, S209R", "PA3999": "WT", "PA4003": "WT", "PA4020": "M297V", "PA4109": "WT", "PA4110": "T105A, L176R", "PA4266": "WT", "PA4418": "WT", "PA4522": "Q44H, G148A, D183Y", "PA4597": "D68G, M69V, Q267R", "PA4598": "A566T, V607A, S845A", "PA4599": "WT", "PA4600": "WT", "PA4776": "WT", "PA4777": "Y345H", "PA4964": "WT", "PA4967": "WT", "PA5471": "L88P, D161G, H182Q, V243A", "PA5485": "WT"}') ON DUPLICATE KEY UPDATE ame_loci = '-', beta_lactamase_loci = '-', clonal_complex = '179', mutational_resistome = '{"PA0004": "S466F", "PA0424": "WT", "PA0425": "WT", "PA0426": "G860D", "PA0427": "WT", "PA0807": "A219T", "PA0958": "WT", "PA1798": "H398R", "PA1799": "WT", "PA2020": "WT", "PA2023": "WT", "PA2491": "G248C, D249N", "PA2492": "F172I, nt234\u22068", "PA2493": "WT", "PA2494": "WT", "PA2495": "WT", "PA3047": "WT", "PA3168": "WT", "PA3574": "WT", "PA3721": "G71E, S209R", "PA3999": "WT", "PA4003": "WT", "PA4020": "M297V", "PA4109": "WT", "PA4110": "T105A, L176R", "PA4266": "WT", "PA4418": "WT", "PA4522": "Q44H, G148A, D183Y", "PA4597": "D68G, M69V, Q267R", "PA4598": "A566T, V607A, S845A", "PA4599": "WT", "PA4600": "WT", "PA4776": "WT", "PA4777": "Y345H", "PA4964": "WT", "PA4967": "WT", "PA5471": "L88P, D161G, H182Q, V243A", "PA5485": "WT"}'; 
INSERT INTO metadata_general(isolate_id, isolate_name, isolate_source, project_name, species) VALUES ('1107', 'GAL04-005', 'VALIDATION SET', 'GEMARA', 'Pseudomonas aeruginosa') ON DUPLICATE KEY UPDATE isolate_name = 'GAL04-005', isolate_source = 'VALIDATION SET', project_name = 'GEMARA', species = 'Pseudomonas aeruginosa'; 
INSERT INTO mic(mic_id, isolate_id, ami, ami_clinical_category, azt, azt_clinical_category, cip, cip_clinical_category, col, col_clinical_category, cza, cza_clinical_category, fep, fep_clinical_category, imi, imi_clinical_category, mer, mer_clinical_category, pip, pip_clinical_category, taz, taz_clinical_category, tic, tic_clinical_category, tob, tob_clinical_category, tol, tol_clinical_category) VALUES ('1107', '1107', '≤2', 'S', '16', 'S', '8', 'R', '≤0.5', 'S', '4', 'S', '8', 'S', '1', 'S', '2', 'S', '32', 'R', '8', 'S', '128', 'R', '≤0.25', 'S', '2', 'S') ON DUPLICATE KEY UPDATE ami = '≤2', ami_clinical_category = 'S', azt = '16', azt_clinical_category = 'S', cip = '8', cip_clinical_category = 'R', col = '≤0.5', col_clinical_category = 'S', cza = '4', cza_clinical_category = 'S', fep = '8', fep_clinical_category = 'S', imi = '1', imi_clinical_category = 'S', mer = '2', mer_clinical_category = 'S', pip = '32', pip_clinical_category = 'R', taz = '8', taz_clinical_category = 'S', tic = '128', tic_clinical_category = 'R', tob = '≤0.25', tob_clinical_category = 'S', tol = '2', tol_clinical_category = 'S'; 
INSERT INTO phenotypic_data(phenotypic_data_id, isolate_id, ecdc_resistance_profile) VALUES ('1046', '1107', 'R') ON DUPLICATE KEY UPDATE ecdc_resistance_profile = 'R'; 
INSERT INTO sequence_analysis(sequence_analysis_id, isolate_id, ame_loci, beta_lactamase_loci, clonal_complex, mutational_resistome) VALUES ('1107', '1107', '-', '-', '959', '{"PA0004": "H148N", "PA0424": "WT", "PA0425": "WT", "PA0426": "WT", "PA0427": "WT", "PA0807": "A219T", "PA0958": "WT", "PA1798": "H398R", "PA1799": "WT", "PA2020": "WT", "PA2023": "WT", "PA2491": "D249N", "PA2492": "F172I, nt234\u22068", "PA2493": "WT", "PA2494": "WT", "PA2495": "WT", "PA3047": "WT", "PA3168": "T83I, aa911\u22062", "PA3574": "T188A", "PA3721": "G71E, S209R, P210L, nt15\u22061", "PA3999": "WT", "PA4003": "WT", "PA4020": "M297V", "PA4109": "WT", "PA4110": "P82L, T105A", "PA4266": "WT", "PA4418": "T91A", "PA4522": "G148A, D183Y", "PA4597": "M69V, Q267R", "PA4598": "E257Q, V351L, S845A", "PA4599": "S330A", "PA4600": "WT", "PA4776": "WT", "PA4777": "Y345H", "PA4964": "WT", "PA4967": "A473V, E459K, D533E", "PA5471": "L88P, D161G, H182Q, V243A", "PA5485": "WT"}') ON DUPLICATE KEY UPDATE ame_loci = '-', beta_lactamase_loci = '-', clonal_complex = '959', mutational_resistome = '{"PA0004": "H148N", "PA0424": "WT", "PA0425": "WT", "PA0426": "WT", "PA0427": "WT", "PA0807": "A219T", "PA0958": "WT", "PA1798": "H398R", "PA1799": "WT", "PA2020": "WT", "PA2023": "WT", "PA2491": "D249N", "PA2492": "F172I, nt234\u22068", "PA2493": "WT", "PA2494": "WT", "PA2495": "WT", "PA3047": "WT", "PA3168": "T83I, aa911\u22062", "PA3574": "T188A", "PA3721": "G71E, S209R, P210L, nt15\u22061", "PA3999": "WT", "PA4003": "WT", "PA4020": "M297V", "PA4109": "WT", "PA4110": "P82L, T105A", "PA4266": "WT", "PA4418": "T91A", "PA4522": "G148A, D183Y", "PA4597": "M69V, Q267R", "PA4598": "E257Q, V351L, S845A", "PA4599": "S330A", "PA4600": "WT", "PA4776": "WT", "PA4777": "Y345H", "PA4964": "WT", "PA4967": "A473V, E459K, D533E", "PA5471": "L88P, D161G, H182Q, V243A", "PA5485": "WT"}'; 
INSERT INTO metadata_general(isolate_id, isolate_name, isolate_source, project_name, species) VALUES ('1123', 'GAL05-002', 'VALIDATION SET', 'GEMARA', 'Pseudomonas aeruginosa') ON DUPLICATE KEY UPDATE isolate_name = 'GAL05-002', isolate_source = 'VALIDATION SET', project_name = 'GEMARA', species = 'Pseudomonas aeruginosa'; 
INSERT INTO mic(mic_id, isolate_id, ami, ami_clinical_category, azt, azt_clinical_category, cip, cip_clinical_category, col, col_clinical_category, cza, cza_clinical_category, fep, fep_clinical_category, imi, imi_clinical_category, mer, mer_clinical_category, pip, pip_clinical_category, taz, taz_clinical_category, tic, tic_clinical_category, tob, tob_clinical_category, tol, tol_clinical_category) VALUES ('1123', '1123', '≤2', 'S', '4', 'S', '≤0.12', 'S', '2', 'S', '2', 'S', '2', 'S', '1', 'S', '≤0.5', 'S', '≤4', 'S', '2', 'S', '32', 'R', '0.5', 'S', '≤0.5', 'S') ON DUPLICATE KEY UPDATE ami = '≤2', ami_clinical_category = 'S', azt = '4', azt_clinical_category = 'S', cip = '≤0.12', cip_clinical_category = 'S', col = '2', col_clinical_category = 'S', cza = '2', cza_clinical_category = 'S', fep = '2', fep_clinical_category = 'S', imi = '1', imi_clinical_category = 'S', mer = '≤0.5', mer_clinical_category = 'S', pip = '≤4', pip_clinical_category = 'S', taz = '2', taz_clinical_category = 'S', tic = '32', tic_clinical_category = 'R', tob = '0.5', tob_clinical_category = 'S', tol = '≤0.5', tol_clinical_category = 'S'; 
INSERT INTO phenotypic_data(phenotypic_data_id, isolate_id, ecdc_resistance_profile) VALUES ('1065', '1123', 'S') ON DUPLICATE KEY UPDATE ecdc_resistance_profile = 'S'; 
INSERT INTO sequence_analysis(sequence_analysis_id, isolate_id, ame_loci, beta_lactamase_loci, clonal_complex, mutational_resistome) VALUES ('1123', '1123', '-', '-', '235', '{"PA0004": "WT", "PA0424": "V126E", "PA0425": "WT", "PA0426": "G957D", "PA0427": "WT", "PA0807": "A208V", "PA0958": "WT", "PA1798": "H398R", "PA1799": "L153R, S170N", "PA2020": "WT", "PA2023": "WT", "PA2491": "D249N", "PA2492": "P60S, F172I, nt234\u22068", "PA2493": "E2V, S8F, Q368R", "PA2494": "WT", "PA2495": "S13P", "PA3047": "WT", "PA3168": "WT", "PA3574": "WT", "PA3721": "G71E, E153Q, S209R", "PA3999": "WT", "PA4003": "WT", "PA4020": "WT", "PA4109": "G283E, M288R", "PA4110": "G27D, A97V, T105A, V205L, G391A", "PA4266": "WT", "PA4418": "WT", "PA4522": "G148A", "PA4597": "M69V, Q267R", "PA4598": "S845A, I982V", "PA4599": "A31V, R76Q, H310R, S330A, P383S", "PA4600": "WT", "PA4776": "L71R", "PA4777": "A4T, G68S, Y345H, G362S", "PA4964": "WT", "PA4967": "D533E", "PA5471": "L88P, D161G, H182Q, R204C, V243A", "PA5485": "WT"}') ON DUPLICATE KEY UPDATE ame_loci = '-', beta_lactamase_loci = '-', clonal_complex = '235', mutational_resistome = '{"PA0004": "WT", "PA0424": "V126E", "PA0425": "WT", "PA0426": "G957D", "PA0427": "WT", "PA0807": "A208V", "PA0958": "WT", "PA1798": "H398R", "PA1799": "L153R, S170N", "PA2020": "WT", "PA2023": "WT", "PA2491": "D249N", "PA2492": "P60S, F172I, nt234\u22068", "PA2493": "E2V, S8F, Q368R", "PA2494": "WT", "PA2495": "S13P", "PA3047": "WT", "PA3168": "WT", "PA3574": "WT", "PA3721": "G71E, E153Q, S209R", "PA3999": "WT", "PA4003": "WT", "PA4020": "WT", "PA4109": "G283E, M288R", "PA4110": "G27D, A97V, T105A, V205L, G391A", "PA4266": "WT", "PA4418": "WT", "PA4522": "G148A", "PA4597": "M69V, Q267R", "PA4598": "S845A, I982V", "PA4599": "A31V, R76Q, H310R, S330A, P383S", "PA4600": "WT", "PA4776": "L71R", "PA4777": "A4T, G68S, Y345H, G362S", "PA4964": "WT", "PA4967": "D533E", "PA5471": "L88P, D161G, H182Q, R204C, V243A", "PA5485": "WT"}'; 
INSERT INTO metadata_general(isolate_id, isolate_name, isolate_source, project_name, species) VALUES ('129', 'GAL05-003', 'VALIDATION SET', 'GEMARA', 'Pseudomonas aeruginosa') ON DUPLICATE KEY UPDATE isolate_name = 'GAL05-003', isolate_source = 'VALIDATION SET', project_name = 'GEMARA', species = 'Pseudomonas aeruginosa'; 
INSERT INTO mic(mic_id, isolate_id, ami, ami_clinical_category, azt, azt_clinical_category, cip, cip_clinical_category, col, col_clinical_category, cza, cza_clinical_category, fep, fep_clinical_category, imi, imi_clinical_category, mer, mer_clinical_category, pip, pip_clinical_category, taz, taz_clinical_category, tic, tic_clinical_category, tob, tob_clinical_category, tol, tol_clinical_category) VALUES ('129', '129', '≤2', 'S', '8', 'S', '>16', 'R', '1', 'S', '≤0.5', 'S', '8', 'S', '8', 'R', '2', 'S', '32', 'R', '8', 'S', '64', 'R', '32', 'R', '≤0.5', 'S') ON DUPLICATE KEY UPDATE ami = '≤2', ami_clinical_category = 'S', azt = '8', azt_clinical_category = 'S', cip = '>16', cip_clinical_category = 'R', col = '1', col_clinical_category = 'S', cza = '≤0.5', cza_clinical_category = 'S', fep = '8', fep_clinical_category = 'S', imi = '8', imi_clinical_category = 'R', mer = '2', mer_clinical_category = 'S', pip = '32', pip_clinical_category = 'R', taz = '8', taz_clinical_category = 'S', tic = '64', tic_clinical_category = 'R', tob = '32', tob_clinical_category = 'R', tol = '≤0.5', tol_clinical_category = 'S'; 
INSERT INTO phenotypic_data(phenotypic_data_id, isolate_id, ecdc_resistance_profile) VALUES ('1085', '129', 'XDR') ON DUPLICATE KEY UPDATE ecdc_resistance_profile = 'XDR'; 
INSERT INTO sequence_analysis(sequence_analysis_id, isolate_id, ame_loci, beta_lactamase_loci, clonal_complex, mutational_resistome) VALUES ('129', '129', 'strA, strB, aacA4', '-', '308', '{"PA0004": "E468D", "PA0424": "V126E", "PA0425": "WT", "PA0426": "G957D", "PA0427": "WT", "PA0807": "L246P", "PA0958": "Q158X", "PA1798": "V216A, H398R", "PA1799": "L153R, S170N", "PA2020": "G89S, aa163InsY", "PA2023": "WT", "PA2491": "V73A, D249N", "PA2492": "F172I, nt234\u22068", "PA2493": "WT", "PA2494": "WT", "PA2495": "S13P", "PA3047": "WT", "PA3168": "T83I", "PA3574": "WT", "PA3721": "G71E, D79E, S209R", "PA3999": "WT", "PA4003": "WT", "PA4020": "WT", "PA4109": "G283E, M288R", "PA4110": "T105A,  V205L, V356I, G391A", "PA4266": "WT", "PA4418": "WT", "PA4522": "A96T", "PA4597": "WT", "PA4598": "T87S, S845A", "PA4599": "A277T, A378T", "PA4600": "WT", "PA4776": "WT", "PA4777": "A4T, V15I, G68S, Y345H", "PA4964": "S87L, P752T", "PA4967": "P438S, D533E", "PA5471": "C40R, L88P, S112N, D119E, I237V, V243A", "PA5485": "V40I"}') ON DUPLICATE KEY UPDATE ame_loci = 'strA, strB, aacA4', beta_lactamase_loci = '-', clonal_complex = '308', mutational_resistome = '{"PA0004": "E468D", "PA0424": "V126E", "PA0425": "WT", "PA0426": "G957D", "PA0427": "WT", "PA0807": "L246P", "PA0958": "Q158X", "PA1798": "V216A, H398R", "PA1799": "L153R, S170N", "PA2020": "G89S, aa163InsY", "PA2023": "WT", "PA2491": "V73A, D249N", "PA2492": "F172I, nt234\u22068", "PA2493": "WT", "PA2494": "WT", "PA2495": "S13P", "PA3047": "WT", "PA3168": "T83I", "PA3574": "WT", "PA3721": "G71E, D79E, S209R", "PA3999": "WT", "PA4003": "WT", "PA4020": "WT", "PA4109": "G283E, M288R", "PA4110": "T105A,  V205L, V356I, G391A", "PA4266": "WT", "PA4418": "WT", "PA4522": "A96T", "PA4597": "WT", "PA4598": "T87S, S845A", "PA4599": "A277T, A378T", "PA4600": "WT", "PA4776": "WT", "PA4777": "A4T, V15I, G68S, Y345H", "PA4964": "S87L, P752T", "PA4967": "P438S, D533E", "PA5471": "C40R, L88P, S112N, D119E, I237V, V243A", "PA5485": "V40I"}'; 
INSERT INTO metadata_general(isolate_id, isolate_name, isolate_source, project_name, species) VALUES ('1117', 'GAL05-004', 'VALIDATION SET', 'GEMARA', 'Pseudomonas aeruginosa') ON DUPLICATE KEY UPDATE isolate_name = 'GAL05-004', isolate_source = 'VALIDATION SET', project_name = 'GEMARA', species = 'Pseudomonas aeruginosa'; 
INSERT INTO mic(mic_id, isolate_id, ami, ami_clinical_category, azt, azt_clinical_category, cip, cip_clinical_category, col, col_clinical_category, cza, cza_clinical_category, fep, fep_clinical_category, imi, imi_clinical_category, mer, mer_clinical_category, pip, pip_clinical_category, taz, taz_clinical_category, tic, tic_clinical_category, tob, tob_clinical_category, tol, tol_clinical_category) VALUES ('1117', '1117', '4', 'S', '4', 'S', '0.25', 'S', '2', 'S', '2', 'S', '4', 'S', '≤0.5', 'S', '≤0.5', 'S', '≤4', 'S', '2', 'S', '32', 'R', '1', 'S', '1', 'S') ON DUPLICATE KEY UPDATE ami = '4', ami_clinical_category = 'S', azt = '4', azt_clinical_category = 'S', cip = '0.25', cip_clinical_category = 'S', col = '2', col_clinical_category = 'S', cza = '2', cza_clinical_category = 'S', fep = '4', fep_clinical_category = 'S', imi = '≤0.5', imi_clinical_category = 'S', mer = '≤0.5', mer_clinical_category = 'S', pip = '≤4', pip_clinical_category = 'S', taz = '2', taz_clinical_category = 'S', tic = '32', tic_clinical_category = 'R', tob = '1', tob_clinical_category = 'S', tol = '1', tol_clinical_category = 'S'; 
INSERT INTO phenotypic_data(phenotypic_data_id, isolate_id, ecdc_resistance_profile) VALUES ('1059', '1117', 'S') ON DUPLICATE KEY UPDATE ecdc_resistance_profile = 'S'; 
INSERT INTO sequence_analysis(sequence_analysis_id, isolate_id, ame_loci, beta_lactamase_loci, clonal_complex, mutational_resistome) VALUES ('1117', '1117', '-', '-', '845', '{"PA0004": "WT", "PA0424": "WT", "PA0425": "WT", "PA0426": "WT", "PA0427": "WT", "PA0807": "A219T", "PA0958": "WT", "PA1798": "H398R", "PA1799": "WT", "PA2020": "WT", "PA2023": "WT", "PA2491": "D249N", "PA2492": "P60S, F172I, nt234\u22068", "PA2493": "WT", "PA2494": "WT", "PA2495": "WT", "PA3047": "WT", "PA3168": "aa911\u22062", "PA3574": "WT", "PA3721": "G71E, S209R", "PA3999": "V29I", "PA4003": "WT", "PA4020": "X452ext", "PA4109": "WT", "PA4110": "T105A, L176R", "PA4266": "WT", "PA4418": "WT", "PA4522": "A136V, G148A", "PA4597": "D68G, M69V", "PA4598": "E257Q, S845A", "PA4599": "WT", "PA4600": "WT", "PA4776": "WT", "PA4777": "Y345H", "PA4964": "WT", "PA4967": "D533E", "PA5471": "C40R, L88P, D161G, H182Q, V243A", "PA5485": "WT"}') ON DUPLICATE KEY UPDATE ame_loci = '-', beta_lactamase_loci = '-', clonal_complex = '845', mutational_resistome = '{"PA0004": "WT", "PA0424": "WT", "PA0425": "WT", "PA0426": "WT", "PA0427": "WT", "PA0807": "A219T", "PA0958": "WT", "PA1798": "H398R", "PA1799": "WT", "PA2020": "WT", "PA2023": "WT", "PA2491": "D249N", "PA2492": "P60S, F172I, nt234\u22068", "PA2493": "WT", "PA2494": "WT", "PA2495": "WT", "PA3047": "WT", "PA3168": "aa911\u22062", "PA3574": "WT", "PA3721": "G71E, S209R", "PA3999": "V29I", "PA4003": "WT", "PA4020": "X452ext", "PA4109": "WT", "PA4110": "T105A, L176R", "PA4266": "WT", "PA4418": "WT", "PA4522": "A136V, G148A", "PA4597": "D68G, M69V", "PA4598": "E257Q, S845A", "PA4599": "WT", "PA4600": "WT", "PA4776": "WT", "PA4777": "Y345H", "PA4964": "WT", "PA4967": "D533E", "PA5471": "C40R, L88P, D161G, H182Q, V243A", "PA5485": "WT"}'; 
INSERT INTO metadata_general(isolate_id, isolate_name, isolate_source, project_name, species) VALUES ('1118', 'GAL05-005', 'VALIDATION SET', 'GEMARA', 'Pseudomonas aeruginosa') ON DUPLICATE KEY UPDATE isolate_name = 'GAL05-005', isolate_source = 'VALIDATION SET', project_name = 'GEMARA', species = 'Pseudomonas aeruginosa'; 
INSERT INTO mic(mic_id, isolate_id, ami, ami_clinical_category, azt, azt_clinical_category, cip, cip_clinical_category, col, col_clinical_category, cza, cza_clinical_category, fep, fep_clinical_category, imi, imi_clinical_category, mer, mer_clinical_category, pip, pip_clinical_category, taz, taz_clinical_category, tic, tic_clinical_category, tob, tob_clinical_category, tol, tol_clinical_category) VALUES ('1118', '1118', '≤2', 'S', '4', 'S', '≤0.12', 'S', '1', 'S', '2', 'S', '2', 'S', '1', 'S', '≤0.5', 'S', '8', 'S', '2', 'S', '32', 'R', '≤0.25', 'S', '1', 'S') ON DUPLICATE KEY UPDATE ami = '≤2', ami_clinical_category = 'S', azt = '4', azt_clinical_category = 'S', cip = '≤0.12', cip_clinical_category = 'S', col = '1', col_clinical_category = 'S', cza = '2', cza_clinical_category = 'S', fep = '2', fep_clinical_category = 'S', imi = '1', imi_clinical_category = 'S', mer = '≤0.5', mer_clinical_category = 'S', pip = '8', pip_clinical_category = 'S', taz = '2', taz_clinical_category = 'S', tic = '32', tic_clinical_category = 'R', tob = '≤0.25', tob_clinical_category = 'S', tol = '1', tol_clinical_category = 'S'; 
INSERT INTO phenotypic_data(phenotypic_data_id, isolate_id, ecdc_resistance_profile) VALUES ('1060', '1118', 'S') ON DUPLICATE KEY UPDATE ecdc_resistance_profile = 'S'; 
INSERT INTO sequence_analysis(sequence_analysis_id, isolate_id, ame_loci, beta_lactamase_loci, clonal_complex, mutational_resistome) VALUES ('1118', '1118', '-', '-', '1025', '{"PA0004": "WT", "PA0424": "WT", "PA0425": "D373E", "PA0426": "WT", "PA0427": "V72L", "PA0807": "A219T", "PA0958": "WT", "PA1798": "H398R", "PA1799": "WT", "PA2020": "WT", "PA2023": "WT", "PA2491": "D249N", "PA2492": "P60S, F172I, nt234\u22068", "PA2493": "WT", "PA2494": "WT", "PA2495": "S13P", "PA3047": "WT", "PA3168": "WT", "PA3574": "WT", "PA3721": "G71E, S209R", "PA3999": "WT", "PA4003": "WT", "PA4020": "D411A", "PA4109": "WT", "PA4110": "T105A, L176R", "PA4266": "WT", "PA4418": "WT", "PA4522": "WT", "PA4597": "A14V, M69V, Q267R", "PA4598": "E257Q", "PA4599": "WT", "PA4600": "WT", "PA4776": "L71R", "PA4777": "A67T, Y345H", "PA4964": "V646L", "PA4967": "WT", "PA5471": "L88P, D161G, H182Q, G190S, V243A", "PA5485": "WT"}') ON DUPLICATE KEY UPDATE ame_loci = '-', beta_lactamase_loci = '-', clonal_complex = '1025', mutational_resistome = '{"PA0004": "WT", "PA0424": "WT", "PA0425": "D373E", "PA0426": "WT", "PA0427": "V72L", "PA0807": "A219T", "PA0958": "WT", "PA1798": "H398R", "PA1799": "WT", "PA2020": "WT", "PA2023": "WT", "PA2491": "D249N", "PA2492": "P60S, F172I, nt234\u22068", "PA2493": "WT", "PA2494": "WT", "PA2495": "S13P", "PA3047": "WT", "PA3168": "WT", "PA3574": "WT", "PA3721": "G71E, S209R", "PA3999": "WT", "PA4003": "WT", "PA4020": "D411A", "PA4109": "WT", "PA4110": "T105A, L176R", "PA4266": "WT", "PA4418": "WT", "PA4522": "WT", "PA4597": "A14V, M69V, Q267R", "PA4598": "E257Q", "PA4599": "WT", "PA4600": "WT", "PA4776": "L71R", "PA4777": "A67T, Y345H", "PA4964": "V646L", "PA4967": "WT", "PA5471": "L88P, D161G, H182Q, G190S, V243A", "PA5485": "WT"}'; 
INSERT INTO metadata_general(isolate_id, isolate_name, isolate_source, project_name, species) VALUES ('1145', 'GAL06-001', 'VALIDATION SET', 'GEMARA', 'Pseudomonas aeruginosa') ON DUPLICATE KEY UPDATE isolate_name = 'GAL06-001', isolate_source = 'VALIDATION SET', project_name = 'GEMARA', species = 'Pseudomonas aeruginosa'; 
INSERT INTO mic(mic_id, isolate_id, ami, ami_clinical_category, azt, azt_clinical_category, cip, cip_clinical_category, col, col_clinical_category, cza, cza_clinical_category, fep, fep_clinical_category, imi, imi_clinical_category, mer, mer_clinical_category, pip, pip_clinical_category, taz, taz_clinical_category, tic, tic_clinical_category, tob, tob_clinical_category, tol, tol_clinical_category) VALUES ('1145', '1145', '≤2', 'S', '16', 'S', '0.5', 'S', '1', 'S', '4', 'S', '8', 'S', '2', 'S', '2', 'S', '32', 'R', '8', 'S', '128', 'R', '≤0.25', 'S', '1', 'S') ON DUPLICATE KEY UPDATE ami = '≤2', ami_clinical_category = 'S', azt = '16', azt_clinical_category = 'S', cip = '0.5', cip_clinical_category = 'S', col = '1', col_clinical_category = 'S', cza = '4', cza_clinical_category = 'S', fep = '8', fep_clinical_category = 'S', imi = '2', imi_clinical_category = 'S', mer = '2', mer_clinical_category = 'S', pip = '32', pip_clinical_category = 'R', taz = '8', taz_clinical_category = 'S', tic = '128', tic_clinical_category = 'R', tob = '≤0.25', tob_clinical_category = 'S', tol = '1', tol_clinical_category = 'S'; 
INSERT INTO phenotypic_data(phenotypic_data_id, isolate_id, ecdc_resistance_profile) VALUES ('1089', '1145', 'R') ON DUPLICATE KEY UPDATE ecdc_resistance_profile = 'R'; 
INSERT INTO sequence_analysis(sequence_analysis_id, isolate_id, ame_loci, beta_lactamase_loci, clonal_complex, mutational_resistome) VALUES ('1145', '1145', '-', '-', '3343', '{"PA0004": "WT", "PA0424": "A103G, V126E", "PA0425": "WT", "PA0426": "N248K", "PA0427": "WT", "PA0807": "WT", "PA0958": "WT", "PA1798": "A115E, V304I, E343D, H398R, Y407H", "PA1799": "T135A, L153R", "PA2020": "L138R, L196I", "PA2023": "WT", "PA2491": "K17T, A175V, E181D, D249N, S289T, V308I", "PA2492": "E26G, P60S, F172I, nt234\u22068", "PA2493": "S403T", "PA2494": "Q788R", "PA2495": "S13P", "PA3047": "A394P", "PA3168": "aa911\u22062", "PA3574": "WT", "PA3721": "G71E, Q182K, L206V, S209R", "PA3999": "WT", "PA4003": "WT", "PA4020": "M297L", "PA4109": "G283E, M288R", "PA4110": "R5G, T21A, P23S, A36T, T105A, Q117L, A170T, L200I, V205L, R273K, V356I, G391A", "PA4266": "WT", "PA4418": "WT", "PA4522": "A85G, G148A, E170G", "PA4597": "A30V, G120S, V146I, A163T, G184S, L250F, S264N, D351A", "PA4598": "V364L, V523A, I610V, E650Q, A748V, S845A, K863Q, H953N, A1039V", "PA4599": "R76Q, D226E, D298A, Q300R, H310R, S313G, S330A", "PA4600": "H109Y", "PA4776": "D61E, L71R", "PA4777": "A4T, Y345H, P369A, A462T", "PA4964": "S331T", "PA4967": "D533E", "PA5471": "D161G, H182Q, V243A, I346V", "PA5485": "WT"}') ON DUPLICATE KEY UPDATE ame_loci = '-', beta_lactamase_loci = '-', clonal_complex = '3343', mutational_resistome = '{"PA0004": "WT", "PA0424": "A103G, V126E", "PA0425": "WT", "PA0426": "N248K", "PA0427": "WT", "PA0807": "WT", "PA0958": "WT", "PA1798": "A115E, V304I, E343D, H398R, Y407H", "PA1799": "T135A, L153R", "PA2020": "L138R, L196I", "PA2023": "WT", "PA2491": "K17T, A175V, E181D, D249N, S289T, V308I", "PA2492": "E26G, P60S, F172I, nt234\u22068", "PA2493": "S403T", "PA2494": "Q788R", "PA2495": "S13P", "PA3047": "A394P", "PA3168": "aa911\u22062", "PA3574": "WT", "PA3721": "G71E, Q182K, L206V, S209R", "PA3999": "WT", "PA4003": "WT", "PA4020": "M297L", "PA4109": "G283E, M288R", "PA4110": "R5G, T21A, P23S, A36T, T105A, Q117L, A170T, L200I, V205L, R273K, V356I, G391A", "PA4266": "WT", "PA4418": "WT", "PA4522": "A85G, G148A, E170G", "PA4597": "A30V, G120S, V146I, A163T, G184S, L250F, S264N, D351A", "PA4598": "V364L, V523A, I610V, E650Q, A748V, S845A, K863Q, H953N, A1039V", "PA4599": "R76Q, D226E, D298A, Q300R, H310R, S313G, S330A", "PA4600": "H109Y", "PA4776": "D61E, L71R", "PA4777": "A4T, Y345H, P369A, A462T", "PA4964": "S331T", "PA4967": "D533E", "PA5471": "D161G, H182Q, V243A, I346V", "PA5485": "WT"}'; 
INSERT INTO metadata_general(isolate_id, isolate_name, isolate_source, project_name, species) VALUES ('131', 'GAL06-002', 'VALIDATION SET', 'GEMARA', 'Pseudomonas aeruginosa') ON DUPLICATE KEY UPDATE isolate_name = 'GAL06-002', isolate_source = 'VALIDATION SET', project_name = 'GEMARA', species = 'Pseudomonas aeruginosa'; 
INSERT INTO mic(mic_id, isolate_id, ami, ami_clinical_category, azt, azt_clinical_category, cip, cip_clinical_category, col, col_clinical_category, cza, cza_clinical_category, fep, fep_clinical_category, imi, imi_clinical_category, mer, mer_clinical_category, pip, pip_clinical_category, taz, taz_clinical_category, tic, tic_clinical_category, tob, tob_clinical_category, tol, tol_clinical_category) VALUES ('131', '131', '≤2', 'S', '8', 'S', '>16', 'R', '4', 'R', '2', 'S', '8', 'S', '≤0.5', 'S', '2', 'S', '8', 'S', '2', 'S', '>512', 'R', '2', 'S', '≤0.5', 'S') ON DUPLICATE KEY UPDATE ami = '≤2', ami_clinical_category = 'S', azt = '8', azt_clinical_category = 'S', cip = '>16', cip_clinical_category = 'R', col = '4', col_clinical_category = 'R', cza = '2', cza_clinical_category = 'S', fep = '8', fep_clinical_category = 'S', imi = '≤0.5', imi_clinical_category = 'S', mer = '2', mer_clinical_category = 'S', pip = '8', pip_clinical_category = 'S', taz = '2', taz_clinical_category = 'S', tic = '>512', tic_clinical_category = 'R', tob = '2', tob_clinical_category = 'S', tol = '≤0.5', tol_clinical_category = 'S'; 
INSERT INTO phenotypic_data(phenotypic_data_id, isolate_id, ecdc_resistance_profile) VALUES ('1106', '131', 'R') ON DUPLICATE KEY UPDATE ecdc_resistance_profile = 'R'; 
INSERT INTO sequence_analysis(sequence_analysis_id, isolate_id, ame_loci, beta_lactamase_loci, clonal_complex, mutational_resistome) VALUES ('131', '131', 'aacA4, aadA1', 'bla-CARB3', '2223', '{"PA0004": "WT", "PA0424": "V126E", "PA0425": "WT", "PA0426": "WT", "PA0427": "WT", "PA0807": "A208V", "PA0958": "WT", "PA1798": "S277N, H398R", "PA1799": "L153R, S170N", "PA2020": "A47V", "PA2023": "WT", "PA2491": "D249N", "PA2492": "P60S, F172I, nt234\u22068", "PA2493": "WT", "PA2494": "WT", "PA2495": "S13P", "PA3047": "F324I", "PA3168": "T83I, D87N", "PA3574": "\u2206605nt", "PA3721": "G71E, D79E, S209R", "PA3999": "WT", "PA4003": "WT", "PA4020": "S131N, M297V, A428T", "PA4109": "G283E, M288R, aa235\u22066", "PA4110": "P23S, T105A, G391A", "PA4266": "WT", "PA4418": "WT", "PA4522": "A29V, W97C, G148A", "PA4597": "WT", "PA4598": "T286M, S845A", "PA4599": "R76Q, T175A, H310R, S330A, E347K, P383S", "PA4600": "WT", "PA4776": "WT", "PA4777": "A4T, V15I, G68S, Y345H", "PA4964": "S87L", "PA4967": "D533E", "PA5471": "C40R, L88P, S112N, D119E, D207N, I237V, V243A", "PA5485": "WT"}') ON DUPLICATE KEY UPDATE ame_loci = 'aacA4, aadA1', beta_lactamase_loci = 'bla-CARB3', clonal_complex = '2223', mutational_resistome = '{"PA0004": "WT", "PA0424": "V126E", "PA0425": "WT", "PA0426": "WT", "PA0427": "WT", "PA0807": "A208V", "PA0958": "WT", "PA1798": "S277N, H398R", "PA1799": "L153R, S170N", "PA2020": "A47V", "PA2023": "WT", "PA2491": "D249N", "PA2492": "P60S, F172I, nt234\u22068", "PA2493": "WT", "PA2494": "WT", "PA2495": "S13P", "PA3047": "F324I", "PA3168": "T83I, D87N", "PA3574": "\u2206605nt", "PA3721": "G71E, D79E, S209R", "PA3999": "WT", "PA4003": "WT", "PA4020": "S131N, M297V, A428T", "PA4109": "G283E, M288R, aa235\u22066", "PA4110": "P23S, T105A, G391A", "PA4266": "WT", "PA4418": "WT", "PA4522": "A29V, W97C, G148A", "PA4597": "WT", "PA4598": "T286M, S845A", "PA4599": "R76Q, T175A, H310R, S330A, E347K, P383S", "PA4600": "WT", "PA4776": "WT", "PA4777": "A4T, V15I, G68S, Y345H", "PA4964": "S87L", "PA4967": "D533E", "PA5471": "C40R, L88P, S112N, D119E, D207N, I237V, V243A", "PA5485": "WT"}'; 
INSERT INTO metadata_general(isolate_id, isolate_name, isolate_source, project_name, species) VALUES ('1142', 'GAL06-003', 'VALIDATION SET', 'GEMARA', 'Pseudomonas aeruginosa') ON DUPLICATE KEY UPDATE isolate_name = 'GAL06-003', isolate_source = 'VALIDATION SET', project_name = 'GEMARA', species = 'Pseudomonas aeruginosa'; 
INSERT INTO mic(mic_id, isolate_id, ami, ami_clinical_category, azt, azt_clinical_category, cip, cip_clinical_category, col, col_clinical_category, cza, cza_clinical_category, fep, fep_clinical_category, imi, imi_clinical_category, mer, mer_clinical_category, pip, pip_clinical_category, taz, taz_clinical_category, tic, tic_clinical_category, tob, tob_clinical_category, tol, tol_clinical_category) VALUES ('1142', '1142', '≤2', 'S', '16', 'S', '1', 'R', '1', 'S', '8', 'S', '4', 'S', '16', 'R', '8', 'I', '8', 'S', '8', 'S', '128', 'R', '0.5', 'S', '2', 'S') ON DUPLICATE KEY UPDATE ami = '≤2', ami_clinical_category = 'S', azt = '16', azt_clinical_category = 'S', cip = '1', cip_clinical_category = 'R', col = '1', col_clinical_category = 'S', cza = '8', cza_clinical_category = 'S', fep = '4', fep_clinical_category = 'S', imi = '16', imi_clinical_category = 'R', mer = '8', mer_clinical_category = 'I', pip = '8', pip_clinical_category = 'S', taz = '8', taz_clinical_category = 'S', tic = '128', tic_clinical_category = 'R', tob = '0.5', tob_clinical_category = 'S', tol = '2', tol_clinical_category = 'S'; 
INSERT INTO phenotypic_data(phenotypic_data_id, isolate_id, ecdc_resistance_profile) VALUES ('1086', '1142', 'R') ON DUPLICATE KEY UPDATE ecdc_resistance_profile = 'R'; 
INSERT INTO sequence_analysis(sequence_analysis_id, isolate_id, ame_loci, beta_lactamase_loci, clonal_complex, mutational_resistome) VALUES ('1142', '1142', '-', '-', '253', '{"PA0004": "WT", "PA0424": "V126E", "PA0425": "WT", "PA0426": "WT", "PA0427": "WT", "PA0807": "WT", "PA0958": "WT", "PA1798": "H398R", "PA1799": "L153R, S170N", "PA2020": "L138R, N186S", "PA2023": "nt679\u22061", "PA2491": "D249N", "PA2492": "F172I, nt234\u22068", "PA2493": "WT", "PA2494": "WT", "PA2495": "S13P", "PA3047": "Q156H", "PA3168": "aa911\u22062", "PA3574": "WT", "PA3721": "G71E, A145V, S209R", "PA3999": "WT", "PA4003": "WT", "PA4020": "M297V", "PA4109": "E114A, G283E, M288R", "PA4110": "G27D, A55T, T105A, Q155R, V205L, G391A", "PA4266": "WT", "PA4418": "WT", "PA4522": "WT", "PA4597": "D68G, M69V", "PA4598": "T87S, A155T, E257Q, S845A, I982V, K1031R, S1040T", "PA4599": "P47S, R76Q, H310R, S330A, A378T", "PA4600": "R21H, D56G", "PA4776": "WT", "PA4777": "A4T, V15I, G68S, Y345H", "PA4964": "WT", "PA4967": "D533E", "PA5471": "C40R, L88P, S112N, D119E, I237V, V243A", "PA5485": "WT"}') ON DUPLICATE KEY UPDATE ame_loci = '-', beta_lactamase_loci = '-', clonal_complex = '253', mutational_resistome = '{"PA0004": "WT", "PA0424": "V126E", "PA0425": "WT", "PA0426": "WT", "PA0427": "WT", "PA0807": "WT", "PA0958": "WT", "PA1798": "H398R", "PA1799": "L153R, S170N", "PA2020": "L138R, N186S", "PA2023": "nt679\u22061", "PA2491": "D249N", "PA2492": "F172I, nt234\u22068", "PA2493": "WT", "PA2494": "WT", "PA2495": "S13P", "PA3047": "Q156H", "PA3168": "aa911\u22062", "PA3574": "WT", "PA3721": "G71E, A145V, S209R", "PA3999": "WT", "PA4003": "WT", "PA4020": "M297V", "PA4109": "E114A, G283E, M288R", "PA4110": "G27D, A55T, T105A, Q155R, V205L, G391A", "PA4266": "WT", "PA4418": "WT", "PA4522": "WT", "PA4597": "D68G, M69V", "PA4598": "T87S, A155T, E257Q, S845A, I982V, K1031R, S1040T", "PA4599": "P47S, R76Q, H310R, S330A, A378T", "PA4600": "R21H, D56G", "PA4776": "WT", "PA4777": "A4T, V15I, G68S, Y345H", "PA4964": "WT", "PA4967": "D533E", "PA5471": "C40R, L88P, S112N, D119E, I237V, V243A", "PA5485": "WT"}'; 
INSERT INTO metadata_general(isolate_id, isolate_name, isolate_source, project_name, species) VALUES ('132', 'GAL06-004', 'VALIDATION SET', 'GEMARA', 'Pseudomonas aeruginosa') ON DUPLICATE KEY UPDATE isolate_name = 'GAL06-004', isolate_source = 'VALIDATION SET', project_name = 'GEMARA', species = 'Pseudomonas aeruginosa'; 
INSERT INTO mic(mic_id, isolate_id, ami, ami_clinical_category, azt, azt_clinical_category, cip, cip_clinical_category, col, col_clinical_category, cza, cza_clinical_category, fep, fep_clinical_category, imi, imi_clinical_category, mer, mer_clinical_category, pip, pip_clinical_category, taz, taz_clinical_category, tic, tic_clinical_category, tob, tob_clinical_category, tol, tol_clinical_category) VALUES ('132', '132', '4', 'S', '16', 'S', '0.5', 'S', '1', 'S', '4', 'S', '8', 'S', '16', 'R', '8', 'I', '16', 'S', '4', 'S', '>512', 'R', '0.5', 'S', '1', 'S') ON DUPLICATE KEY UPDATE ami = '4', ami_clinical_category = 'S', azt = '16', azt_clinical_category = 'S', cip = '0.5', cip_clinical_category = 'S', col = '1', col_clinical_category = 'S', cza = '4', cza_clinical_category = 'S', fep = '8', fep_clinical_category = 'S', imi = '16', imi_clinical_category = 'R', mer = '8', mer_clinical_category = 'I', pip = '16', pip_clinical_category = 'S', taz = '4', taz_clinical_category = 'S', tic = '>512', tic_clinical_category = 'R', tob = '0.5', tob_clinical_category = 'S', tol = '1', tol_clinical_category = 'S'; 
INSERT INTO phenotypic_data(phenotypic_data_id, isolate_id, ecdc_resistance_profile) VALUES ('1111', '132', 'R') ON DUPLICATE KEY UPDATE ecdc_resistance_profile = 'R'; 
INSERT INTO sequence_analysis(sequence_analysis_id, isolate_id, ame_loci, beta_lactamase_loci, clonal_complex, mutational_resistome) VALUES ('132', '132', '-', '-', '3196', '{"PA0004": "WT", "PA0424": "WT", "PA0425": "WT", "PA0426": "WT", "PA0427": "WT", "PA0807": "A219T", "PA0958": "Q422X", "PA1798": "H398R", "PA1799": "WT", "PA2020": "WT", "PA2023": "WT", "PA2491": "D249N", "PA2492": "P60S, F172I, nt234\u22068", "PA2493": "WT", "PA2494": "WT", "PA2495": "WT", "PA3047": "WT", "PA3168": "WT", "PA3574": "WT", "PA3721": "G71E, S209R", "PA3999": "WT", "PA4003": "WT", "PA4020": "M297V", "PA4109": "WT", "PA4110": "T105A", "PA4266": "WT", "PA4418": "N117S", "PA4522": "R11L, G137E, G148A, D183Y", "PA4597": "D68G, M69V", "PA4598": "E257Q, S845A", "PA4599": "S330A", "PA4600": "WT", "PA4776": "L71R", "PA4777": "Y345H", "PA4964": "WT", "PA4967": "WT", "PA5471": "L88P, D161G, H182Q, V243A", "PA5485": "WT"}') ON DUPLICATE KEY UPDATE ame_loci = '-', beta_lactamase_loci = '-', clonal_complex = '3196', mutational_resistome = '{"PA0004": "WT", "PA0424": "WT", "PA0425": "WT", "PA0426": "WT", "PA0427": "WT", "PA0807": "A219T", "PA0958": "Q422X", "PA1798": "H398R", "PA1799": "WT", "PA2020": "WT", "PA2023": "WT", "PA2491": "D249N", "PA2492": "P60S, F172I, nt234\u22068", "PA2493": "WT", "PA2494": "WT", "PA2495": "WT", "PA3047": "WT", "PA3168": "WT", "PA3574": "WT", "PA3721": "G71E, S209R", "PA3999": "WT", "PA4003": "WT", "PA4020": "M297V", "PA4109": "WT", "PA4110": "T105A", "PA4266": "WT", "PA4418": "N117S", "PA4522": "R11L, G137E, G148A, D183Y", "PA4597": "D68G, M69V", "PA4598": "E257Q, S845A", "PA4599": "S330A", "PA4600": "WT", "PA4776": "L71R", "PA4777": "Y345H", "PA4964": "WT", "PA4967": "WT", "PA5471": "L88P, D161G, H182Q, V243A", "PA5485": "WT"}'; 
INSERT INTO metadata_general(isolate_id, isolate_name, isolate_source, project_name, species) VALUES ('138', 'ICA01-001', 'VALIDATION SET', 'GEMARA', 'Pseudomonas aeruginosa') ON DUPLICATE KEY UPDATE isolate_name = 'ICA01-001', isolate_source = 'VALIDATION SET', project_name = 'GEMARA', species = 'Pseudomonas aeruginosa'; 
INSERT INTO mic(mic_id, isolate_id, ami, ami_clinical_category, azt, azt_clinical_category, cip, cip_clinical_category, col, col_clinical_category, cza, cza_clinical_category, fep, fep_clinical_category, imi, imi_clinical_category, mer, mer_clinical_category, pip, pip_clinical_category, taz, taz_clinical_category, tic, tic_clinical_category, tob, tob_clinical_category, tol, tol_clinical_category) VALUES ('138', '138', '4', 'S', '16', 'S', '>16', 'R', '1', 'S', '16', 'R', '16', 'R', '2', 'S', '2', 'S', '32', 'R', '>64', 'R', '64', 'R', '>32', 'R', '4', 'S') ON DUPLICATE KEY UPDATE ami = '4', ami_clinical_category = 'S', azt = '16', azt_clinical_category = 'S', cip = '>16', cip_clinical_category = 'R', col = '1', col_clinical_category = 'S', cza = '16', cza_clinical_category = 'R', fep = '16', fep_clinical_category = 'R', imi = '2', imi_clinical_category = 'S', mer = '2', mer_clinical_category = 'S', pip = '32', pip_clinical_category = 'R', taz = '>64', taz_clinical_category = 'R', tic = '64', tic_clinical_category = 'R', tob = '>32', tob_clinical_category = 'R', tol = '4', tol_clinical_category = 'S'; 
INSERT INTO phenotypic_data(phenotypic_data_id, isolate_id, ecdc_resistance_profile) VALUES ('1141', '138', 'XDR') ON DUPLICATE KEY UPDATE ecdc_resistance_profile = 'XDR'; 
INSERT INTO sequence_analysis(sequence_analysis_id, isolate_id, ame_loci, beta_lactamase_loci, clonal_complex, mutational_resistome) VALUES ('138', '138', 'strA, strB, aacA4, aadB', '-', '308', '{"PA0004": "WT", "PA0424": "V126E", "PA0425": "WT", "PA0426": "G957D", "PA0427": "WT", "PA0807": "WT", "PA0958": "WT", "PA1798": "R7H, H398R", "PA1799": "L153R, S170N", "PA2020": "G89S", "PA2023": "WT", "PA2491": "V73A, D249N", "PA2492": "F172I, nt234\u22068", "PA2493": "WT", "PA2494": "WT", "PA2495": "S13P", "PA3047": "Q212K", "PA3168": "T83I", "PA3574": "WT", "PA3721": "G71E, D79E, S209R", "PA3999": "WT", "PA4003": "WT", "PA4020": "R103P", "PA4109": "G283E, M288R", "PA4110": "G27D, T105A, V205L, V356I, G391A", "PA4266": "WT", "PA4418": "WT", "PA4522": "WT", "PA4597": "WT", "PA4598": "T87S, S845A", "PA4599": "E251Q, A262E, A277T, H310R, S330A, A378T", "PA4600": "WT", "PA4776": "WT", "PA4777": "A4T, V15I, G68S, Y345H", "PA4964": "S87L, P752T", "PA4967": "D533E", "PA5471": "C40R, L88P, S112N, D119E, I237V, V243A", "PA5485": "V40I"}') ON DUPLICATE KEY UPDATE ame_loci = 'strA, strB, aacA4, aadB', beta_lactamase_loci = '-', clonal_complex = '308', mutational_resistome = '{"PA0004": "WT", "PA0424": "V126E", "PA0425": "WT", "PA0426": "G957D", "PA0427": "WT", "PA0807": "WT", "PA0958": "WT", "PA1798": "R7H, H398R", "PA1799": "L153R, S170N", "PA2020": "G89S", "PA2023": "WT", "PA2491": "V73A, D249N", "PA2492": "F172I, nt234\u22068", "PA2493": "WT", "PA2494": "WT", "PA2495": "S13P", "PA3047": "Q212K", "PA3168": "T83I", "PA3574": "WT", "PA3721": "G71E, D79E, S209R", "PA3999": "WT", "PA4003": "WT", "PA4020": "R103P", "PA4109": "G283E, M288R", "PA4110": "G27D, T105A, V205L, V356I, G391A", "PA4266": "WT", "PA4418": "WT", "PA4522": "WT", "PA4597": "WT", "PA4598": "T87S, S845A", "PA4599": "E251Q, A262E, A277T, H310R, S330A, A378T", "PA4600": "WT", "PA4776": "WT", "PA4777": "A4T, V15I, G68S, Y345H", "PA4964": "S87L, P752T", "PA4967": "D533E", "PA5471": "C40R, L88P, S112N, D119E, I237V, V243A", "PA5485": "V40I"}'; 
INSERT INTO metadata_general(isolate_id, isolate_name, isolate_source, project_name, species) VALUES ('1175', 'ICA01-002', 'VALIDATION SET', 'GEMARA', 'Pseudomonas aeruginosa') ON DUPLICATE KEY UPDATE isolate_name = 'ICA01-002', isolate_source = 'VALIDATION SET', project_name = 'GEMARA', species = 'Pseudomonas aeruginosa'; 
INSERT INTO mic(mic_id, isolate_id, ami, ami_clinical_category, azt, azt_clinical_category, cip, cip_clinical_category, col, col_clinical_category, cza, cza_clinical_category, fep, fep_clinical_category, imi, imi_clinical_category, mer, mer_clinical_category, pip, pip_clinical_category, taz, taz_clinical_category, tic, tic_clinical_category, tob, tob_clinical_category, tol, tol_clinical_category) VALUES ('1175', '1175', '≤2', 'S', '4', 'S', '≤0.12', 'S', '1', 'S', '2', 'S', '2', 'S', '2', 'S', '1', 'S', '16', 'S', '4', 'S', '16', 'S', '≤0.25', 'S', '≤0.5', 'S') ON DUPLICATE KEY UPDATE ami = '≤2', ami_clinical_category = 'S', azt = '4', azt_clinical_category = 'S', cip = '≤0.12', cip_clinical_category = 'S', col = '1', col_clinical_category = 'S', cza = '2', cza_clinical_category = 'S', fep = '2', fep_clinical_category = 'S', imi = '2', imi_clinical_category = 'S', mer = '1', mer_clinical_category = 'S', pip = '16', pip_clinical_category = 'S', taz = '4', taz_clinical_category = 'S', tic = '16', tic_clinical_category = 'S', tob = '≤0.25', tob_clinical_category = 'S', tol = '≤0.5', tol_clinical_category = 'S'; 
INSERT INTO phenotypic_data(phenotypic_data_id, isolate_id, ecdc_resistance_profile) VALUES ('1126', '1175', 'S') ON DUPLICATE KEY UPDATE ecdc_resistance_profile = 'S'; 
INSERT INTO sequence_analysis(sequence_analysis_id, isolate_id, ame_loci, beta_lactamase_loci, clonal_complex, mutational_resistome) VALUES ('1175', '1175', '-', '-', '244', '{"PA0004": "WT", "PA0424": "WT", "PA0425": "WT", "PA0426": "WT", "PA0427": "WT", "PA0807": "A219T", "PA0958": "WT", "PA1798": "H398R", "PA1799": "WT", "PA2020": "WT", "PA2023": "WT", "PA2491": "A75V, D249N", "PA2492": "P60S, F172I, nt234\u22068", "PA2493": "WT", "PA2494": "WT", "PA2495": "WT", "PA3047": "WT", "PA3168": "WT", "PA3574": "WT", "PA3721": "WT", "PA3999": "WT", "PA4003": "WT", "PA4020": "M297V, A303V", "PA4109": "WT", "PA4110": "WT", "PA4266": "WT", "PA4418": "WT", "PA4522": "R11L, G148A, D183Y", "PA4597": "D68G, M69V", "PA4598": "S845A", "PA4599": "R76Q, H310R, S330A, P383S", "PA4600": "WT", "PA4776": "L71R", "PA4777": "WT", "PA4964": "WT", "PA4967": "WT", "PA5471": "L88P, G157D, D161G, H182Q, V243A", "PA5485": "WT"}') ON DUPLICATE KEY UPDATE ame_loci = '-', beta_lactamase_loci = '-', clonal_complex = '244', mutational_resistome = '{"PA0004": "WT", "PA0424": "WT", "PA0425": "WT", "PA0426": "WT", "PA0427": "WT", "PA0807": "A219T", "PA0958": "WT", "PA1798": "H398R", "PA1799": "WT", "PA2020": "WT", "PA2023": "WT", "PA2491": "A75V, D249N", "PA2492": "P60S, F172I, nt234\u22068", "PA2493": "WT", "PA2494": "WT", "PA2495": "WT", "PA3047": "WT", "PA3168": "WT", "PA3574": "WT", "PA3721": "WT", "PA3999": "WT", "PA4003": "WT", "PA4020": "M297V, A303V", "PA4109": "WT", "PA4110": "WT", "PA4266": "WT", "PA4418": "WT", "PA4522": "R11L, G148A, D183Y", "PA4597": "D68G, M69V", "PA4598": "S845A", "PA4599": "R76Q, H310R, S330A, P383S", "PA4600": "WT", "PA4776": "L71R", "PA4777": "WT", "PA4964": "WT", "PA4967": "WT", "PA5471": "L88P, G157D, D161G, H182Q, V243A", "PA5485": "WT"}'; 
INSERT INTO metadata_general(isolate_id, isolate_name, isolate_source, project_name, species) VALUES ('1167', 'ICA01-003', 'VALIDATION SET', 'GEMARA', 'Pseudomonas aeruginosa') ON DUPLICATE KEY UPDATE isolate_name = 'ICA01-003', isolate_source = 'VALIDATION SET', project_name = 'GEMARA', species = 'Pseudomonas aeruginosa'; 
INSERT INTO mic(mic_id, isolate_id, ami, ami_clinical_category, azt, azt_clinical_category, cip, cip_clinical_category, col, col_clinical_category, cza, cza_clinical_category, fep, fep_clinical_category, imi, imi_clinical_category, mer, mer_clinical_category, pip, pip_clinical_category, taz, taz_clinical_category, tic, tic_clinical_category, tob, tob_clinical_category, tol, tol_clinical_category) VALUES ('1167', '1167', '4', 'S', '4', 'S', '≤0.12', 'S', '16', 'R', '2', 'S', '2', 'S', '2', 'S', '≤0.5', 'S', '8', 'S', '4', 'S', '32', 'R', '1', 'S', '≤0.5', 'S') ON DUPLICATE KEY UPDATE ami = '4', ami_clinical_category = 'S', azt = '4', azt_clinical_category = 'S', cip = '≤0.12', cip_clinical_category = 'S', col = '16', col_clinical_category = 'R', cza = '2', cza_clinical_category = 'S', fep = '2', fep_clinical_category = 'S', imi = '2', imi_clinical_category = 'S', mer = '≤0.5', mer_clinical_category = 'S', pip = '8', pip_clinical_category = 'S', taz = '4', taz_clinical_category = 'S', tic = '32', tic_clinical_category = 'R', tob = '1', tob_clinical_category = 'S', tol = '≤0.5', tol_clinical_category = 'S'; 
INSERT INTO phenotypic_data(phenotypic_data_id, isolate_id, ecdc_resistance_profile) VALUES ('1118', '1167', 'R') ON DUPLICATE KEY UPDATE ecdc_resistance_profile = 'R'; 
INSERT INTO sequence_analysis(sequence_analysis_id, isolate_id, ame_loci, beta_lactamase_loci, clonal_complex, mutational_resistome) VALUES ('1167', '1167', '-', '-', '815', '{"PA0004": "WT", "PA0424": "V126E", "PA0425": "WT", "PA0426": "G957D", "PA0427": "WT", "PA0807": "WT", "PA0958": "WT", "PA1798": "H398R", "PA1799": "L153R, S170N", "PA2020": "WT", "PA2023": "WT", "PA2491": "D249N", "PA2492": "F172I, nt234\u22068", "PA2493": "S8F", "PA2494": "WT", "PA2495": "S13P", "PA3047": "Q156H", "PA3168": "WT", "PA3574": "WT", "PA3721": "G71E, S209R", "PA3999": "WT", "PA4003": "WT", "PA4020": "M297V", "PA4109": "E114A, A175V, G283E", "PA4110": "T21A, T105A, Q155R, A156V, V205L, S306T, G391A", "PA4266": "WT", "PA4418": "WT", "PA4522": "G148A", "PA4597": "A260V", "PA4598": "T87S, S845A", "PA4599": "E251Q, A262E, A277T, H310R, S330A, A378T", "PA4600": "WT", "PA4776": "WT", "PA4777": "A4T, V15I, G68S, Y345H", "PA4964": "V238I", "PA4967": "D533E", "PA5471": "C40R, L88P, S112N, D119E, I237V, V243A, A352V", "PA5485": "WT"}') ON DUPLICATE KEY UPDATE ame_loci = '-', beta_lactamase_loci = '-', clonal_complex = '815', mutational_resistome = '{"PA0004": "WT", "PA0424": "V126E", "PA0425": "WT", "PA0426": "G957D", "PA0427": "WT", "PA0807": "WT", "PA0958": "WT", "PA1798": "H398R", "PA1799": "L153R, S170N", "PA2020": "WT", "PA2023": "WT", "PA2491": "D249N", "PA2492": "F172I, nt234\u22068", "PA2493": "S8F", "PA2494": "WT", "PA2495": "S13P", "PA3047": "Q156H", "PA3168": "WT", "PA3574": "WT", "PA3721": "G71E, S209R", "PA3999": "WT", "PA4003": "WT", "PA4020": "M297V", "PA4109": "E114A, A175V, G283E", "PA4110": "T21A, T105A, Q155R, A156V, V205L, S306T, G391A", "PA4266": "WT", "PA4418": "WT", "PA4522": "G148A", "PA4597": "A260V", "PA4598": "T87S, S845A", "PA4599": "E251Q, A262E, A277T, H310R, S330A, A378T", "PA4600": "WT", "PA4776": "WT", "PA4777": "A4T, V15I, G68S, Y345H", "PA4964": "V238I", "PA4967": "D533E", "PA5471": "C40R, L88P, S112N, D119E, I237V, V243A, A352V", "PA5485": "WT"}'; 
INSERT INTO metadata_general(isolate_id, isolate_name, isolate_source, project_name, species) VALUES ('1179', 'ICA01-004', 'VALIDATION SET', 'GEMARA', 'Pseudomonas aeruginosa') ON DUPLICATE KEY UPDATE isolate_name = 'ICA01-004', isolate_source = 'VALIDATION SET', project_name = 'GEMARA', species = 'Pseudomonas aeruginosa'; 
INSERT INTO mic(mic_id, isolate_id, ami, ami_clinical_category, azt, azt_clinical_category, cip, cip_clinical_category, col, col_clinical_category, cza, cza_clinical_category, fep, fep_clinical_category, imi, imi_clinical_category, mer, mer_clinical_category, pip, pip_clinical_category, taz, taz_clinical_category, tic, tic_clinical_category, tob, tob_clinical_category, tol, tol_clinical_category) VALUES ('1179', '1179', '4', 'S', '8', 'S', '≤0.12', 'S', '8', 'R', '1', 'S', '2', 'S', '2', 'S', '1', 'S', '≤4', 'S', '2', 'S', '64', 'R', '2', 'S', '≤0.5', 'S') ON DUPLICATE KEY UPDATE ami = '4', ami_clinical_category = 'S', azt = '8', azt_clinical_category = 'S', cip = '≤0.12', cip_clinical_category = 'S', col = '8', col_clinical_category = 'R', cza = '1', cza_clinical_category = 'S', fep = '2', fep_clinical_category = 'S', imi = '2', imi_clinical_category = 'S', mer = '1', mer_clinical_category = 'S', pip = '≤4', pip_clinical_category = 'S', taz = '2', taz_clinical_category = 'S', tic = '64', tic_clinical_category = 'R', tob = '2', tob_clinical_category = 'S', tol = '≤0.5', tol_clinical_category = 'S'; 
INSERT INTO phenotypic_data(phenotypic_data_id, isolate_id, ecdc_resistance_profile) VALUES ('1130', '1179', 'R') ON DUPLICATE KEY UPDATE ecdc_resistance_profile = 'R'; 
INSERT INTO sequence_analysis(sequence_analysis_id, isolate_id, ame_loci, beta_lactamase_loci, clonal_complex, mutational_resistome) VALUES ('1179', '1179', '-', '-', '698', '{"PA0004": "WT", "PA0424": "WT", "PA0425": "WT", "PA0426": "WT", "PA0427": "WT", "PA0807": "A219T", "PA0958": "WT", "PA1798": "H398R", "PA1799": "L153R, S170N", "PA2020": "WT", "PA2023": "WT", "PA2491": "D249N", "PA2492": "P60S, F172I, nt234\u22068", "PA2493": "V156A", "PA2494": "WT", "PA2495": "WT", "PA3047": "WT", "PA3168": "WT", "PA3574": "WT", "PA3721": "G71E, S209R", "PA3999": "WT", "PA4003": "WT", "PA4020": "M297V", "PA4109": "E162Q", "PA4110": "T105A", "PA4266": "WT", "PA4418": "WT", "PA4522": "G148A", "PA4597": "M69V", "PA4598": "E257Q, S845A", "PA4599": "S330A", "PA4600": "WT", "PA4776": "WT", "PA4777": "A4T, G68S, Y345H", "PA4964": "WT", "PA4967": "I57V", "PA5471": "L88P, D161G, H182Q, V243A, V266M", "PA5485": "WT"}') ON DUPLICATE KEY UPDATE ame_loci = '-', beta_lactamase_loci = '-', clonal_complex = '698', mutational_resistome = '{"PA0004": "WT", "PA0424": "WT", "PA0425": "WT", "PA0426": "WT", "PA0427": "WT", "PA0807": "A219T", "PA0958": "WT", "PA1798": "H398R", "PA1799": "L153R, S170N", "PA2020": "WT", "PA2023": "WT", "PA2491": "D249N", "PA2492": "P60S, F172I, nt234\u22068", "PA2493": "V156A", "PA2494": "WT", "PA2495": "WT", "PA3047": "WT", "PA3168": "WT", "PA3574": "WT", "PA3721": "G71E, S209R", "PA3999": "WT", "PA4003": "WT", "PA4020": "M297V", "PA4109": "E162Q", "PA4110": "T105A", "PA4266": "WT", "PA4418": "WT", "PA4522": "G148A", "PA4597": "M69V", "PA4598": "E257Q, S845A", "PA4599": "S330A", "PA4600": "WT", "PA4776": "WT", "PA4777": "A4T, G68S, Y345H", "PA4964": "WT", "PA4967": "I57V", "PA5471": "L88P, D161G, H182Q, V243A, V266M", "PA5485": "WT"}'; 
INSERT INTO metadata_general(isolate_id, isolate_name, isolate_source, project_name, species) VALUES ('1193', 'LRJ01-002', 'VALIDATION SET', 'GEMARA', 'Pseudomonas aeruginosa') ON DUPLICATE KEY UPDATE isolate_name = 'LRJ01-002', isolate_source = 'VALIDATION SET', project_name = 'GEMARA', species = 'Pseudomonas aeruginosa'; 
INSERT INTO mic(mic_id, isolate_id, ami, ami_clinical_category, azt, azt_clinical_category, cip, cip_clinical_category, col, col_clinical_category, cza, cza_clinical_category, fep, fep_clinical_category, imi, imi_clinical_category, mer, mer_clinical_category, pip, pip_clinical_category, taz, taz_clinical_category, tic, tic_clinical_category, tob, tob_clinical_category, tol, tol_clinical_category) VALUES ('1193', '1193', '≤2', 'S', '8', 'S', '4', 'R', '2', 'S', '2', 'S', '4', 'S', '8', 'R', '1', 'S', '16', 'S', '4', 'S', '64', 'R', '≤0.25', 'S', '1', 'S') ON DUPLICATE KEY UPDATE ami = '≤2', ami_clinical_category = 'S', azt = '8', azt_clinical_category = 'S', cip = '4', cip_clinical_category = 'R', col = '2', col_clinical_category = 'S', cza = '2', cza_clinical_category = 'S', fep = '4', fep_clinical_category = 'S', imi = '8', imi_clinical_category = 'R', mer = '1', mer_clinical_category = 'S', pip = '16', pip_clinical_category = 'S', taz = '4', taz_clinical_category = 'S', tic = '64', tic_clinical_category = 'R', tob = '≤0.25', tob_clinical_category = 'S', tol = '1', tol_clinical_category = 'S'; 
INSERT INTO phenotypic_data(phenotypic_data_id, isolate_id, ecdc_resistance_profile) VALUES ('1149', '1193', 'R') ON DUPLICATE KEY UPDATE ecdc_resistance_profile = 'R'; 
INSERT INTO sequence_analysis(sequence_analysis_id, isolate_id, ame_loci, beta_lactamase_loci, clonal_complex, mutational_resistome) VALUES ('1193', '1193', '-', '-', '252', '{"PA0004": "WT", "PA0424": "WT", "PA0425": "WT", "PA0426": "WT", "PA0427": "WT", "PA0807": "I67T", "PA0958": "WT", "PA1798": "H398R", "PA1799": "WT", "PA2020": "WT", "PA2023": "WT", "PA2491": "D249N, nt350\u22061", "PA2492": "F172I, nt234\u22068", "PA2493": "A383G", "PA2494": "WT", "PA2495": "WT", "PA3047": "A394P", "PA3168": "WT", "PA3574": "WT", "PA3721": "G71E", "PA3999": "WT", "PA4003": "WT", "PA4020": "WT", "PA4109": "WT", "PA4110": "T105A", "PA4266": "WT", "PA4418": "WT", "PA4522": "WT", "PA4597": "M69V, Q267R", "PA4598": "S845A", "PA4599": "S330A", "PA4600": "WT", "PA4776": "L71R", "PA4777": "Y345H", "PA4964": "H262Q", "PA4967": "WT", "PA5471": "L88P, D161G, H182Q, V243A", "PA5485": "WT"}') ON DUPLICATE KEY UPDATE ame_loci = '-', beta_lactamase_loci = '-', clonal_complex = '252', mutational_resistome = '{"PA0004": "WT", "PA0424": "WT", "PA0425": "WT", "PA0426": "WT", "PA0427": "WT", "PA0807": "I67T", "PA0958": "WT", "PA1798": "H398R", "PA1799": "WT", "PA2020": "WT", "PA2023": "WT", "PA2491": "D249N, nt350\u22061", "PA2492": "F172I, nt234\u22068", "PA2493": "A383G", "PA2494": "WT", "PA2495": "WT", "PA3047": "A394P", "PA3168": "WT", "PA3574": "WT", "PA3721": "G71E", "PA3999": "WT", "PA4003": "WT", "PA4020": "WT", "PA4109": "WT", "PA4110": "T105A", "PA4266": "WT", "PA4418": "WT", "PA4522": "WT", "PA4597": "M69V, Q267R", "PA4598": "S845A", "PA4599": "S330A", "PA4600": "WT", "PA4776": "L71R", "PA4777": "Y345H", "PA4964": "H262Q", "PA4967": "WT", "PA5471": "L88P, D161G, H182Q, V243A", "PA5485": "WT"}'; 
INSERT INTO metadata_general(isolate_id, isolate_name, isolate_source, project_name, species) VALUES ('1190', 'LRJ01-005', 'VALIDATION SET', 'GEMARA', 'Pseudomonas aeruginosa') ON DUPLICATE KEY UPDATE isolate_name = 'LRJ01-005', isolate_source = 'VALIDATION SET', project_name = 'GEMARA', species = 'Pseudomonas aeruginosa'; 
INSERT INTO mic(mic_id, isolate_id, ami, ami_clinical_category, azt, azt_clinical_category, cip, cip_clinical_category, col, col_clinical_category, cza, cza_clinical_category, fep, fep_clinical_category, imi, imi_clinical_category, mer, mer_clinical_category, pip, pip_clinical_category, taz, taz_clinical_category, tic, tic_clinical_category, tob, tob_clinical_category, tol, tol_clinical_category) VALUES ('1190', '1190', '4', 'S', '8', 'S', '>16', 'R', '2', 'S', '4', 'S', '8', 'S', '8', 'R', '4', 'I', '8', 'S', '4', 'S', '64', 'R', '32', 'R', '1', 'S') ON DUPLICATE KEY UPDATE ami = '4', ami_clinical_category = 'S', azt = '8', azt_clinical_category = 'S', cip = '>16', cip_clinical_category = 'R', col = '2', col_clinical_category = 'S', cza = '4', cza_clinical_category = 'S', fep = '8', fep_clinical_category = 'S', imi = '8', imi_clinical_category = 'R', mer = '4', mer_clinical_category = 'I', pip = '8', pip_clinical_category = 'S', taz = '4', taz_clinical_category = 'S', tic = '64', tic_clinical_category = 'R', tob = '32', tob_clinical_category = 'R', tol = '1', tol_clinical_category = 'S'; 
INSERT INTO phenotypic_data(phenotypic_data_id, isolate_id, ecdc_resistance_profile) VALUES ('1146', '1190', 'MDR') ON DUPLICATE KEY UPDATE ecdc_resistance_profile = 'MDR'; 
INSERT INTO sequence_analysis(sequence_analysis_id, isolate_id, ame_loci, beta_lactamase_loci, clonal_complex, mutational_resistome) VALUES ('1190', '1190', 'aadB', '-', '175', '{"PA0004": "WT", "PA0424": "WT", "PA0425": "WT", "PA0426": "WT", "PA0427": "WT", "PA0807": "A219T", "PA0958": "WT", "PA1798": "H398R", "PA1799": "WT", "PA2020": "G195D", "PA2023": "WT", "PA2491": "D249N", "PA2492": "P60S, F172I, nt234\u22068", "PA2493": "WT", "PA2494": "WT", "PA2495": "WT", "PA3047": "WT", "PA3168": "T83I, D87N", "PA3574": "WT", "PA3721": "G71E, A186T", "PA3999": "WT", "PA4003": "WT", "PA4020": "V281F", "PA4109": "WT", "PA4110": "WT", "PA4266": "WT", "PA4418": "WT", "PA4522": "G148A, D183Y", "PA4597": "M69V", "PA4598": "E257Q, S845A", "PA4599": "E26A, H310R, S330A, P383S", "PA4600": "WT", "PA4776": "WT", "PA4777": "Y345H", "PA4964": "S87W, L168Q", "PA4967": "WT", "PA5471": "L88P, D161G, H182Q, V243A, V266M", "PA5485": "WT"}') ON DUPLICATE KEY UPDATE ame_loci = 'aadB', beta_lactamase_loci = '-', clonal_complex = '175', mutational_resistome = '{"PA0004": "WT", "PA0424": "WT", "PA0425": "WT", "PA0426": "WT", "PA0427": "WT", "PA0807": "A219T", "PA0958": "WT", "PA1798": "H398R", "PA1799": "WT", "PA2020": "G195D", "PA2023": "WT", "PA2491": "D249N", "PA2492": "P60S, F172I, nt234\u22068", "PA2493": "WT", "PA2494": "WT", "PA2495": "WT", "PA3047": "WT", "PA3168": "T83I, D87N", "PA3574": "WT", "PA3721": "G71E, A186T", "PA3999": "WT", "PA4003": "WT", "PA4020": "V281F", "PA4109": "WT", "PA4110": "WT", "PA4266": "WT", "PA4418": "WT", "PA4522": "G148A, D183Y", "PA4597": "M69V", "PA4598": "E257Q, S845A", "PA4599": "E26A, H310R, S330A, P383S", "PA4600": "WT", "PA4776": "WT", "PA4777": "Y345H", "PA4964": "S87W, L168Q", "PA4967": "WT", "PA5471": "L88P, D161G, H182Q, V243A, V266M", "PA5485": "WT"}'; 
INSERT INTO metadata_general(isolate_id, isolate_name, isolate_source, project_name, species) VALUES ('1217', 'LRJ01-010', 'VALIDATION SET', 'GEMARA', 'Pseudomonas aeruginosa') ON DUPLICATE KEY UPDATE isolate_name = 'LRJ01-010', isolate_source = 'VALIDATION SET', project_name = 'GEMARA', species = 'Pseudomonas aeruginosa'; 
INSERT INTO mic(mic_id, isolate_id, ami, ami_clinical_category, azt, azt_clinical_category, cip, cip_clinical_category, col, col_clinical_category, cza, cza_clinical_category, fep, fep_clinical_category, imi, imi_clinical_category, mer, mer_clinical_category, pip, pip_clinical_category, taz, taz_clinical_category, tic, tic_clinical_category, tob, tob_clinical_category, tol, tol_clinical_category) VALUES ('1217', '1217', '≤2', 'S', '16', 'S', '0.5', 'S', '2', 'S', '4', 'S', '8', 'S', '1', 'S', '1', 'S', '16', 'S', '4', 'S', '128', 'R', '≤0.25', 'S', '1', 'S') ON DUPLICATE KEY UPDATE ami = '≤2', ami_clinical_category = 'S', azt = '16', azt_clinical_category = 'S', cip = '0.5', cip_clinical_category = 'S', col = '2', col_clinical_category = 'S', cza = '4', cza_clinical_category = 'S', fep = '8', fep_clinical_category = 'S', imi = '1', imi_clinical_category = 'S', mer = '1', mer_clinical_category = 'S', pip = '16', pip_clinical_category = 'S', taz = '4', taz_clinical_category = 'S', tic = '128', tic_clinical_category = 'R', tob = '≤0.25', tob_clinical_category = 'S', tol = '1', tol_clinical_category = 'S'; 
INSERT INTO phenotypic_data(phenotypic_data_id, isolate_id, ecdc_resistance_profile) VALUES ('1173', '1217', 'S') ON DUPLICATE KEY UPDATE ecdc_resistance_profile = 'S'; 
INSERT INTO sequence_analysis(sequence_analysis_id, isolate_id, ame_loci, beta_lactamase_loci, clonal_complex, mutational_resistome) VALUES ('1217', '1217', '-', '-', '3338', '{"PA0004": "WT", "PA0424": "Q49X", "PA0425": "WT", "PA0426": "WT", "PA0427": "WT", "PA0807": "A51T", "PA0958": "WT", "PA1798": "H398R", "PA1799": "L153R, S170N", "PA2020": "WT", "PA2023": "WT", "PA2491": "D249N", "PA2492": "P60S, F172I, nt234\u22068", "PA2493": "WT", "PA2494": "F509V", "PA2495": "WT", "PA3047": "WT", "PA3168": "WT", "PA3574": "WT", "PA3721": "G71E, S209R", "PA3999": "WT", "PA4003": "WT", "PA4020": "M297V", "PA4109": "WT", "PA4110": "T105A", "PA4266": "WT", "PA4418": "WT", "PA4522": "G148A", "PA4597": "D68G, M69V", "PA4598": "E257Q, S845A", "PA4599": "G8R, A49V", "PA4600": "A124T", "PA4776": "L71R", "PA4777": "Y345H", "PA4964": "E513D, A688V", "PA4967": "WT", "PA5471": "L88P, D161G, H182Q, V243A", "PA5485": "WT"}') ON DUPLICATE KEY UPDATE ame_loci = '-', beta_lactamase_loci = '-', clonal_complex = '3338', mutational_resistome = '{"PA0004": "WT", "PA0424": "Q49X", "PA0425": "WT", "PA0426": "WT", "PA0427": "WT", "PA0807": "A51T", "PA0958": "WT", "PA1798": "H398R", "PA1799": "L153R, S170N", "PA2020": "WT", "PA2023": "WT", "PA2491": "D249N", "PA2492": "P60S, F172I, nt234\u22068", "PA2493": "WT", "PA2494": "F509V", "PA2495": "WT", "PA3047": "WT", "PA3168": "WT", "PA3574": "WT", "PA3721": "G71E, S209R", "PA3999": "WT", "PA4003": "WT", "PA4020": "M297V", "PA4109": "WT", "PA4110": "T105A", "PA4266": "WT", "PA4418": "WT", "PA4522": "G148A", "PA4597": "D68G, M69V", "PA4598": "E257Q, S845A", "PA4599": "G8R, A49V", "PA4600": "A124T", "PA4776": "L71R", "PA4777": "Y345H", "PA4964": "E513D, A688V", "PA4967": "WT", "PA5471": "L88P, D161G, H182Q, V243A", "PA5485": "WT"}'; 
INSERT INTO metadata_general(isolate_id, isolate_name, isolate_source, project_name, species) VALUES ('1208', 'LRJ01-012', 'VALIDATION SET', 'GEMARA', 'Pseudomonas aeruginosa') ON DUPLICATE KEY UPDATE isolate_name = 'LRJ01-012', isolate_source = 'VALIDATION SET', project_name = 'GEMARA', species = 'Pseudomonas aeruginosa'; 
INSERT INTO mic(mic_id, isolate_id, ami, ami_clinical_category, azt, azt_clinical_category, cip, cip_clinical_category, col, col_clinical_category, cza, cza_clinical_category, fep, fep_clinical_category, imi, imi_clinical_category, mer, mer_clinical_category, pip, pip_clinical_category, taz, taz_clinical_category, tic, tic_clinical_category, tob, tob_clinical_category, tol, tol_clinical_category) VALUES ('1208', '1208', '≤2', 'S', '4', 'S', '≤0.12', 'S', '1', 'S', '2', 'S', '4', 'S', '1', 'S', '≤0.5', 'S', '≤4', 'S', '2', 'S', '32', 'R', '0.5', 'S', '1', 'S') ON DUPLICATE KEY UPDATE ami = '≤2', ami_clinical_category = 'S', azt = '4', azt_clinical_category = 'S', cip = '≤0.12', cip_clinical_category = 'S', col = '1', col_clinical_category = 'S', cza = '2', cza_clinical_category = 'S', fep = '4', fep_clinical_category = 'S', imi = '1', imi_clinical_category = 'S', mer = '≤0.5', mer_clinical_category = 'S', pip = '≤4', pip_clinical_category = 'S', taz = '2', taz_clinical_category = 'S', tic = '32', tic_clinical_category = 'R', tob = '0.5', tob_clinical_category = 'S', tol = '1', tol_clinical_category = 'S'; 
INSERT INTO phenotypic_data(phenotypic_data_id, isolate_id, ecdc_resistance_profile) VALUES ('1164', '1208', 'S') ON DUPLICATE KEY UPDATE ecdc_resistance_profile = 'S'; 
INSERT INTO sequence_analysis(sequence_analysis_id, isolate_id, ame_loci, beta_lactamase_loci, clonal_complex, mutational_resistome) VALUES ('1208', '1208', '-', '-', '2128', '{"PA0004": "WT", "PA0424": "WT", "PA0425": "WT", "PA0426": "WT", "PA0427": "A478T", "PA0807": "WT", "PA0958": "WT", "PA1798": "H398R", "PA1799": "P128S, L153R, S170N", "PA2020": "A81V, Q134R", "PA2023": "WT", "PA2491": "D249N", "PA2492": "P60S, F172I, nt234\u22068", "PA2493": "WT", "PA2494": "WT", "PA2495": "WT", "PA3047": "A394P", "PA3168": "WT", "PA3574": "WT", "PA3721": "G71E, A186T", "PA3999": "WT", "PA4003": "WT", "PA4020": "WT", "PA4109": "WT", "PA4110": "R79Q, T105A, D302H", "PA4266": "WT", "PA4418": "WT", "PA4522": "WT", "PA4597": "M69V, A364V", "PA4598": "S845A, A959S", "PA4599": "S330A", "PA4600": "WT", "PA4776": "L71R", "PA4777": "Y345H", "PA4964": "V646L", "PA4967": "WT", "PA5471": "L88P, G134D, D161G, H182Q, V243A", "PA5485": "WT"}') ON DUPLICATE KEY UPDATE ame_loci = '-', beta_lactamase_loci = '-', clonal_complex = '2128', mutational_resistome = '{"PA0004": "WT", "PA0424": "WT", "PA0425": "WT", "PA0426": "WT", "PA0427": "A478T", "PA0807": "WT", "PA0958": "WT", "PA1798": "H398R", "PA1799": "P128S, L153R, S170N", "PA2020": "A81V, Q134R", "PA2023": "WT", "PA2491": "D249N", "PA2492": "P60S, F172I, nt234\u22068", "PA2493": "WT", "PA2494": "WT", "PA2495": "WT", "PA3047": "A394P", "PA3168": "WT", "PA3574": "WT", "PA3721": "G71E, A186T", "PA3999": "WT", "PA4003": "WT", "PA4020": "WT", "PA4109": "WT", "PA4110": "R79Q, T105A, D302H", "PA4266": "WT", "PA4418": "WT", "PA4522": "WT", "PA4597": "M69V, A364V", "PA4598": "S845A, A959S", "PA4599": "S330A", "PA4600": "WT", "PA4776": "L71R", "PA4777": "Y345H", "PA4964": "V646L", "PA4967": "WT", "PA5471": "L88P, G134D, D161G, H182Q, V243A", "PA5485": "WT"}'; 
INSERT INTO metadata_general(isolate_id, isolate_name, isolate_source, project_name, species) VALUES ('1232', 'MAD01-001', 'VALIDATION SET', 'GEMARA', 'Pseudomonas aeruginosa') ON DUPLICATE KEY UPDATE isolate_name = 'MAD01-001', isolate_source = 'VALIDATION SET', project_name = 'GEMARA', species = 'Pseudomonas aeruginosa'; 
INSERT INTO mic(mic_id, isolate_id, ami, ami_clinical_category, azt, azt_clinical_category, cip, cip_clinical_category, col, col_clinical_category, cza, cza_clinical_category, fep, fep_clinical_category, imi, imi_clinical_category, mer, mer_clinical_category, pip, pip_clinical_category, taz, taz_clinical_category, tic, tic_clinical_category, tob, tob_clinical_category, tol, tol_clinical_category) VALUES ('1232', '1232', '≤2', 'S', '4', 'S', '≤0.12', 'S', '1', 'S', '2', 'S', '4', 'S', '2', 'S', '1', 'S', '≤4', 'S', '2', 'S', '32', 'R', '0.5', 'S', '1', 'S') ON DUPLICATE KEY UPDATE ami = '≤2', ami_clinical_category = 'S', azt = '4', azt_clinical_category = 'S', cip = '≤0.12', cip_clinical_category = 'S', col = '1', col_clinical_category = 'S', cza = '2', cza_clinical_category = 'S', fep = '4', fep_clinical_category = 'S', imi = '2', imi_clinical_category = 'S', mer = '1', mer_clinical_category = 'S', pip = '≤4', pip_clinical_category = 'S', taz = '2', taz_clinical_category = 'S', tic = '32', tic_clinical_category = 'R', tob = '0.5', tob_clinical_category = 'S', tol = '1', tol_clinical_category = 'S'; 
INSERT INTO phenotypic_data(phenotypic_data_id, isolate_id, ecdc_resistance_profile) VALUES ('1188', '1232', 'S') ON DUPLICATE KEY UPDATE ecdc_resistance_profile = 'S'; 
INSERT INTO sequence_analysis(sequence_analysis_id, isolate_id, ame_loci, beta_lactamase_loci, clonal_complex, mutational_resistome) VALUES ('1232', '1232', '-', '-', '1600', '{"PA0004": "WT", "PA0424": "WT", "PA0425": "WT", "PA0426": "WT", "PA0427": "WT", "PA0807": "I67T", "PA0958": "WT", "PA1798": "H398R", "PA1799": "WT", "PA2020": "WT", "PA2023": "WT", "PA2491": "D249N", "PA2492": "P60S, F172I, nt234\u22068", "PA2493": "WT", "PA2494": "WT", "PA2495": "WT", "PA3047": "A394P", "PA3168": "WT", "PA3574": "WT", "PA3721": "G71E, S209R", "PA3999": "WT", "PA4003": "WT", "PA4020": "M297V", "PA4109": "WT", "PA4110": "T105A", "PA4266": "WT", "PA4418": "WT", "PA4522": "R11L, G148A, D183Y", "PA4597": "T376S", "PA4598": "T87S, A155T, E257Q, I427V, V434A, V660I, N669D, I703V, S845A, I982V, K1031R, S1040T, G1042R", "PA4599": "R76Q, H310R, S330A, A378T", "PA4600": "R21H, D56G, G133S", "PA4776": "WT", "PA4777": "Y345H", "PA4964": "WT", "PA4967": "WT", "PA5471": "L88P, D161G, H182Q, V243A", "PA5485": "WT"}') ON DUPLICATE KEY UPDATE ame_loci = '-', beta_lactamase_loci = '-', clonal_complex = '1600', mutational_resistome = '{"PA0004": "WT", "PA0424": "WT", "PA0425": "WT", "PA0426": "WT", "PA0427": "WT", "PA0807": "I67T", "PA0958": "WT", "PA1798": "H398R", "PA1799": "WT", "PA2020": "WT", "PA2023": "WT", "PA2491": "D249N", "PA2492": "P60S, F172I, nt234\u22068", "PA2493": "WT", "PA2494": "WT", "PA2495": "WT", "PA3047": "A394P", "PA3168": "WT", "PA3574": "WT", "PA3721": "G71E, S209R", "PA3999": "WT", "PA4003": "WT", "PA4020": "M297V", "PA4109": "WT", "PA4110": "T105A", "PA4266": "WT", "PA4418": "WT", "PA4522": "R11L, G148A, D183Y", "PA4597": "T376S", "PA4598": "T87S, A155T, E257Q, I427V, V434A, V660I, N669D, I703V, S845A, I982V, K1031R, S1040T, G1042R", "PA4599": "R76Q, H310R, S330A, A378T", "PA4600": "R21H, D56G, G133S", "PA4776": "WT", "PA4777": "Y345H", "PA4964": "WT", "PA4967": "WT", "PA5471": "L88P, D161G, H182Q, V243A", "PA5485": "WT"}'; 
INSERT INTO metadata_general(isolate_id, isolate_name, isolate_source, project_name, species) VALUES ('1240', 'MAD01-002', 'VALIDATION SET', 'GEMARA', 'Pseudomonas aeruginosa') ON DUPLICATE KEY UPDATE isolate_name = 'MAD01-002', isolate_source = 'VALIDATION SET', project_name = 'GEMARA', species = 'Pseudomonas aeruginosa'; 
INSERT INTO mic(mic_id, isolate_id, ami, ami_clinical_category, azt, azt_clinical_category, cip, cip_clinical_category, col, col_clinical_category, cza, cza_clinical_category, fep, fep_clinical_category, imi, imi_clinical_category, mer, mer_clinical_category, pip, pip_clinical_category, taz, taz_clinical_category, tic, tic_clinical_category, tob, tob_clinical_category, tol, tol_clinical_category) VALUES ('1240', '1240', '8', 'S', '4', 'S', '8', 'R', '1', 'S', '4', 'S', '8', 'S', '4', 'S', '2', 'S', '16', 'S', '2', 'S', '128', 'R', '32', 'R', '1', 'S') ON DUPLICATE KEY UPDATE ami = '8', ami_clinical_category = 'S', azt = '4', azt_clinical_category = 'S', cip = '8', cip_clinical_category = 'R', col = '1', col_clinical_category = 'S', cza = '4', cza_clinical_category = 'S', fep = '8', fep_clinical_category = 'S', imi = '4', imi_clinical_category = 'S', mer = '2', mer_clinical_category = 'S', pip = '16', pip_clinical_category = 'S', taz = '2', taz_clinical_category = 'S', tic = '128', tic_clinical_category = 'R', tob = '32', tob_clinical_category = 'R', tol = '1', tol_clinical_category = 'S'; 
INSERT INTO phenotypic_data(phenotypic_data_id, isolate_id, ecdc_resistance_profile) VALUES ('1196', '1240', 'R') ON DUPLICATE KEY UPDATE ecdc_resistance_profile = 'R'; 
INSERT INTO sequence_analysis(sequence_analysis_id, isolate_id, ame_loci, beta_lactamase_loci, clonal_complex, mutational_resistome) VALUES ('1240', '1240', 'aacA4, aadA1, aadA6', 'blaOXA-2', '27', '{"PA0004": "E468D", "PA0424": "V126E, V132A", "PA0425": "WT", "PA0426": "WT", "PA0427": "WT", "PA0807": "A219T", "PA0958": "WT", "PA1798": "H398R", "PA1799": "WT", "PA2020": "L128M, Q132P", "PA2023": "WT", "PA2491": "D249N", "PA2492": "M7V, F172I, nt234\u22068", "PA2493": "WT", "PA2494": "A598E", "PA2495": "WT", "PA3047": "A394P", "PA3168": "WT", "PA3574": "WT", "PA3721": "G71E, S209R", "PA3999": "WT", "PA4003": "WT", "PA4020": "WT", "PA4109": "WT", "PA4110": "R79Q, T105A, P274L", "PA4266": "WT", "PA4418": "WT", "PA4522": "WT", "PA4597": "D68G, M69V", "PA4598": "I960L", "PA4599": "WT", "PA4600": "WT", "PA4776": "L71R", "PA4777": "Y345H", "PA4964": "WT", "PA4967": "WT", "PA5471": "L88P, D161G, H182Q, V243A", "PA5485": "WT"}') ON DUPLICATE KEY UPDATE ame_loci = 'aacA4, aadA1, aadA6', beta_lactamase_loci = 'blaOXA-2', clonal_complex = '27', mutational_resistome = '{"PA0004": "E468D", "PA0424": "V126E, V132A", "PA0425": "WT", "PA0426": "WT", "PA0427": "WT", "PA0807": "A219T", "PA0958": "WT", "PA1798": "H398R", "PA1799": "WT", "PA2020": "L128M, Q132P", "PA2023": "WT", "PA2491": "D249N", "PA2492": "M7V, F172I, nt234\u22068", "PA2493": "WT", "PA2494": "A598E", "PA2495": "WT", "PA3047": "A394P", "PA3168": "WT", "PA3574": "WT", "PA3721": "G71E, S209R", "PA3999": "WT", "PA4003": "WT", "PA4020": "WT", "PA4109": "WT", "PA4110": "R79Q, T105A, P274L", "PA4266": "WT", "PA4418": "WT", "PA4522": "WT", "PA4597": "D68G, M69V", "PA4598": "I960L", "PA4599": "WT", "PA4600": "WT", "PA4776": "L71R", "PA4777": "Y345H", "PA4964": "WT", "PA4967": "WT", "PA5471": "L88P, D161G, H182Q, V243A", "PA5485": "WT"}'; 
INSERT INTO metadata_general(isolate_id, isolate_name, isolate_source, project_name, species) VALUES ('1241', 'MAD01-004', 'VALIDATION SET', 'GEMARA', 'Pseudomonas aeruginosa') ON DUPLICATE KEY UPDATE isolate_name = 'MAD01-004', isolate_source = 'VALIDATION SET', project_name = 'GEMARA', species = 'Pseudomonas aeruginosa'; 
INSERT INTO mic(mic_id, isolate_id, ami, ami_clinical_category, azt, azt_clinical_category, cip, cip_clinical_category, col, col_clinical_category, cza, cza_clinical_category, fep, fep_clinical_category, imi, imi_clinical_category, mer, mer_clinical_category, pip, pip_clinical_category, taz, taz_clinical_category, tic, tic_clinical_category, tob, tob_clinical_category, tol, tol_clinical_category) VALUES ('1241', '1241', '4', 'S', '4', 'S', '≤0.12', 'S', '1', 'S', '2', 'S', '2', 'S', '1', 'S', '≤0.5', 'S', '≤4', 'S', '2', 'S', '32', 'R', '0.5', 'S', '≤0.5', 'S') ON DUPLICATE KEY UPDATE ami = '4', ami_clinical_category = 'S', azt = '4', azt_clinical_category = 'S', cip = '≤0.12', cip_clinical_category = 'S', col = '1', col_clinical_category = 'S', cza = '2', cza_clinical_category = 'S', fep = '2', fep_clinical_category = 'S', imi = '1', imi_clinical_category = 'S', mer = '≤0.5', mer_clinical_category = 'S', pip = '≤4', pip_clinical_category = 'S', taz = '2', taz_clinical_category = 'S', tic = '32', tic_clinical_category = 'R', tob = '0.5', tob_clinical_category = 'S', tol = '≤0.5', tol_clinical_category = 'S'; 
INSERT INTO phenotypic_data(phenotypic_data_id, isolate_id, ecdc_resistance_profile) VALUES ('1197', '1241', 'S') ON DUPLICATE KEY UPDATE ecdc_resistance_profile = 'S'; 
INSERT INTO sequence_analysis(sequence_analysis_id, isolate_id, ame_loci, beta_lactamase_loci, clonal_complex, mutational_resistome) VALUES ('1241', '1241', '-', '-', '2683', '{"PA0004": "WT", "PA0424": "WT", "PA0425": "WT", "PA0426": "WT", "PA0427": "WT", "PA0807": "A219T", "PA0958": "WT", "PA1798": "H398R", "PA1799": "WT", "PA2020": "WT", "PA2023": "WT", "PA2491": "D249N", "PA2492": "P60S, F172I, nt234\u22068", "PA2493": "WT", "PA2494": "WT", "PA2495": "WT", "PA3047": "A394P", "PA3168": "WT", "PA3574": "WT", "PA3721": "G71E, A186T", "PA3999": "WT", "PA4003": "WT", "PA4020": "M297V", "PA4109": "WT", "PA4110": "T105A", "PA4266": "WT", "PA4418": "WT", "PA4522": "D183Y", "PA4597": "M69V", "PA4598": "T304A, S845A", "PA4599": "S330A, Q381L", "PA4600": "WT", "PA4776": "L71R", "PA4777": "Y345H, V431I", "PA4964": "WT", "PA4967": "WT", "PA5471": "L88P, D161G, H182Q, V243A", "PA5485": "WT"}') ON DUPLICATE KEY UPDATE ame_loci = '-', beta_lactamase_loci = '-', clonal_complex = '2683', mutational_resistome = '{"PA0004": "WT", "PA0424": "WT", "PA0425": "WT", "PA0426": "WT", "PA0427": "WT", "PA0807": "A219T", "PA0958": "WT", "PA1798": "H398R", "PA1799": "WT", "PA2020": "WT", "PA2023": "WT", "PA2491": "D249N", "PA2492": "P60S, F172I, nt234\u22068", "PA2493": "WT", "PA2494": "WT", "PA2495": "WT", "PA3047": "A394P", "PA3168": "WT", "PA3574": "WT", "PA3721": "G71E, A186T", "PA3999": "WT", "PA4003": "WT", "PA4020": "M297V", "PA4109": "WT", "PA4110": "T105A", "PA4266": "WT", "PA4418": "WT", "PA4522": "D183Y", "PA4597": "M69V", "PA4598": "T304A, S845A", "PA4599": "S330A, Q381L", "PA4600": "WT", "PA4776": "L71R", "PA4777": "Y345H, V431I", "PA4964": "WT", "PA4967": "WT", "PA5471": "L88P, D161G, H182Q, V243A", "PA5485": "WT"}'; 
INSERT INTO metadata_general(isolate_id, isolate_name, isolate_source, project_name, species) VALUES ('1222', 'MAD01-005', 'VALIDATION SET', 'GEMARA', 'Pseudomonas aeruginosa') ON DUPLICATE KEY UPDATE isolate_name = 'MAD01-005', isolate_source = 'VALIDATION SET', project_name = 'GEMARA', species = 'Pseudomonas aeruginosa'; 
INSERT INTO mic(mic_id, isolate_id, ami, ami_clinical_category, azt, azt_clinical_category, cip, cip_clinical_category, col, col_clinical_category, cza, cza_clinical_category, fep, fep_clinical_category, imi, imi_clinical_category, mer, mer_clinical_category, pip, pip_clinical_category, taz, taz_clinical_category, tic, tic_clinical_category, tob, tob_clinical_category, tol, tol_clinical_category) VALUES ('1222', '1222', '≤2', 'S', '32', 'R', '>16', 'R', '2', 'S', '8', 'S', '8', 'S', '≤0.5', 'S', '≤0.5', 'S', '16', 'S', '8', 'S', '128', 'R', '≤0.25', 'S', '1', 'S') ON DUPLICATE KEY UPDATE ami = '≤2', ami_clinical_category = 'S', azt = '32', azt_clinical_category = 'R', cip = '>16', cip_clinical_category = 'R', col = '2', col_clinical_category = 'S', cza = '8', cza_clinical_category = 'S', fep = '8', fep_clinical_category = 'S', imi = '≤0.5', imi_clinical_category = 'S', mer = '≤0.5', mer_clinical_category = 'S', pip = '16', pip_clinical_category = 'S', taz = '8', taz_clinical_category = 'S', tic = '128', tic_clinical_category = 'R', tob = '≤0.25', tob_clinical_category = 'S', tol = '1', tol_clinical_category = 'S'; 
INSERT INTO phenotypic_data(phenotypic_data_id, isolate_id, ecdc_resistance_profile) VALUES ('1178', '1222', 'R') ON DUPLICATE KEY UPDATE ecdc_resistance_profile = 'R'; 
INSERT INTO sequence_analysis(sequence_analysis_id, isolate_id, ame_loci, beta_lactamase_loci, clonal_complex, mutational_resistome) VALUES ('1222', '1222', '-', '-', '254', '{"PA0004": "H170Y", "PA0424": "aa90\u22064", "PA0425": "WT", "PA0426": "WT", "PA0427": "WT", "PA0807": "WT", "PA0958": "WT", "PA1798": "H398R", "PA1799": "WT", "PA2020": "WT", "PA2023": "WT", "PA2491": "D249N", "PA2492": "P60S, F172I, nt234\u22068", "PA2493": "WT", "PA2494": "A842T", "PA2495": "S13P", "PA3047": "WT", "PA3168": "T83I, V671I", "PA3574": "WT", "PA3721": "G71E, S209R", "PA3999": "WT", "PA4003": "WT", "PA4020": "D411A", "PA4109": "WT", "PA4110": "T105A, L176R", "PA4266": "WT", "PA4418": "WT", "PA4522": "WT", "PA4597": "D68G, M69V", "PA4598": "E257Q, S845A", "PA4599": "WT", "PA4600": "WT", "PA4776": "L71R", "PA4777": "A67T, Y345H", "PA4964": "S87L, V646L", "PA4967": "WT", "PA5471": "L88P, D161G, H182Q, G190S, V243A", "PA5485": "WT"}') ON DUPLICATE KEY UPDATE ame_loci = '-', beta_lactamase_loci = '-', clonal_complex = '254', mutational_resistome = '{"PA0004": "H170Y", "PA0424": "aa90\u22064", "PA0425": "WT", "PA0426": "WT", "PA0427": "WT", "PA0807": "WT", "PA0958": "WT", "PA1798": "H398R", "PA1799": "WT", "PA2020": "WT", "PA2023": "WT", "PA2491": "D249N", "PA2492": "P60S, F172I, nt234\u22068", "PA2493": "WT", "PA2494": "A842T", "PA2495": "S13P", "PA3047": "WT", "PA3168": "T83I, V671I", "PA3574": "WT", "PA3721": "G71E, S209R", "PA3999": "WT", "PA4003": "WT", "PA4020": "D411A", "PA4109": "WT", "PA4110": "T105A, L176R", "PA4266": "WT", "PA4418": "WT", "PA4522": "WT", "PA4597": "D68G, M69V", "PA4598": "E257Q, S845A", "PA4599": "WT", "PA4600": "WT", "PA4776": "L71R", "PA4777": "A67T, Y345H", "PA4964": "S87L, V646L", "PA4967": "WT", "PA5471": "L88P, D161G, H182Q, G190S, V243A", "PA5485": "WT"}'; 
INSERT INTO metadata_general(isolate_id, isolate_name, isolate_source, project_name, species) VALUES ('1260', 'MAD02-001', 'VALIDATION SET', 'GEMARA', 'Pseudomonas aeruginosa') ON DUPLICATE KEY UPDATE isolate_name = 'MAD02-001', isolate_source = 'VALIDATION SET', project_name = 'GEMARA', species = 'Pseudomonas aeruginosa'; 
INSERT INTO mic(mic_id, isolate_id, ami, ami_clinical_category, azt, azt_clinical_category, cip, cip_clinical_category, col, col_clinical_category, cza, cza_clinical_category, fep, fep_clinical_category, imi, imi_clinical_category, mer, mer_clinical_category, pip, pip_clinical_category, taz, taz_clinical_category, tic, tic_clinical_category, tob, tob_clinical_category, tol, tol_clinical_category) VALUES ('1260', '1260', '4', 'S', '16', 'S', '0.25', 'S', '2', 'S', '4', 'S', '8', 'S', '4', 'S', '2', 'S', '16', 'S', '8', 'S', '128', 'R', '0.5', 'S', '1', 'S') ON DUPLICATE KEY UPDATE ami = '4', ami_clinical_category = 'S', azt = '16', azt_clinical_category = 'S', cip = '0.25', cip_clinical_category = 'S', col = '2', col_clinical_category = 'S', cza = '4', cza_clinical_category = 'S', fep = '8', fep_clinical_category = 'S', imi = '4', imi_clinical_category = 'S', mer = '2', mer_clinical_category = 'S', pip = '16', pip_clinical_category = 'S', taz = '8', taz_clinical_category = 'S', tic = '128', tic_clinical_category = 'R', tob = '0.5', tob_clinical_category = 'S', tol = '1', tol_clinical_category = 'S'; 
INSERT INTO phenotypic_data(phenotypic_data_id, isolate_id, ecdc_resistance_profile) VALUES ('1218', '1260', 'S') ON DUPLICATE KEY UPDATE ecdc_resistance_profile = 'S'; 
INSERT INTO sequence_analysis(sequence_analysis_id, isolate_id, ame_loci, beta_lactamase_loci, clonal_complex, mutational_resistome) VALUES ('1260', '1260', '-', '-', '882', '{"PA0004": "WT", "PA0424": "WT", "PA0425": "WT", "PA0426": "WT", "PA0427": "WT", "PA0807": "WT", "PA0958": "WT", "PA1798": "D348N, H398R", "PA1799": "WT", "PA2020": "WT", "PA2023": "WT", "PA2491": "D249N", "PA2492": "P60S, F172I, nt234\u22068", "PA2493": "WT", "PA2494": "WT", "PA2495": "WT", "PA3047": "WT", "PA3168": "WT", "PA3574": "WT", "PA3721": "G71E, S209R", "PA3999": "V29I", "PA4003": "WT", "PA4020": "WT", "PA4109": "R244W", "PA4110": "R79Q, T105A", "PA4266": "WT", "PA4418": "G243S", "PA4522": "A136V, G148A", "PA4597": "D68G, M69V", "PA4598": "E257Q, S845A", "PA4599": "WT", "PA4600": "WT", "PA4776": "L71R", "PA4777": "Y345H", "PA4964": "WT", "PA4967": "WT", "PA5471": "L88P, D161G, H182Q, V243A", "PA5485": "WT"}') ON DUPLICATE KEY UPDATE ame_loci = '-', beta_lactamase_loci = '-', clonal_complex = '882', mutational_resistome = '{"PA0004": "WT", "PA0424": "WT", "PA0425": "WT", "PA0426": "WT", "PA0427": "WT", "PA0807": "WT", "PA0958": "WT", "PA1798": "D348N, H398R", "PA1799": "WT", "PA2020": "WT", "PA2023": "WT", "PA2491": "D249N", "PA2492": "P60S, F172I, nt234\u22068", "PA2493": "WT", "PA2494": "WT", "PA2495": "WT", "PA3047": "WT", "PA3168": "WT", "PA3574": "WT", "PA3721": "G71E, S209R", "PA3999": "V29I", "PA4003": "WT", "PA4020": "WT", "PA4109": "R244W", "PA4110": "R79Q, T105A", "PA4266": "WT", "PA4418": "G243S", "PA4522": "A136V, G148A", "PA4597": "D68G, M69V", "PA4598": "E257Q, S845A", "PA4599": "WT", "PA4600": "WT", "PA4776": "L71R", "PA4777": "Y345H", "PA4964": "WT", "PA4967": "WT", "PA5471": "L88P, D161G, H182Q, V243A", "PA5485": "WT"}'; 
INSERT INTO metadata_general(isolate_id, isolate_name, isolate_source, project_name, species) VALUES ('1259', 'MAD02-002', 'VALIDATION SET', 'GEMARA', 'Pseudomonas aeruginosa') ON DUPLICATE KEY UPDATE isolate_name = 'MAD02-002', isolate_source = 'VALIDATION SET', project_name = 'GEMARA', species = 'Pseudomonas aeruginosa'; 
INSERT INTO mic(mic_id, isolate_id, ami, ami_clinical_category, azt, azt_clinical_category, cip, cip_clinical_category, col, col_clinical_category, cza, cza_clinical_category, fep, fep_clinical_category, imi, imi_clinical_category, mer, mer_clinical_category, pip, pip_clinical_category, taz, taz_clinical_category, tic, tic_clinical_category, tob, tob_clinical_category, tol, tol_clinical_category) VALUES ('1259', '1259', '≤2', 'S', '4', 'S', '≤0.12', 'S', '2', 'S', '1', 'S', '2', 'S', '4', 'S', '1', 'S', '8', 'S', '2', 'S', '32', 'R', '0.5', 'S', '≤0.5', 'S') ON DUPLICATE KEY UPDATE ami = '≤2', ami_clinical_category = 'S', azt = '4', azt_clinical_category = 'S', cip = '≤0.12', cip_clinical_category = 'S', col = '2', col_clinical_category = 'S', cza = '1', cza_clinical_category = 'S', fep = '2', fep_clinical_category = 'S', imi = '4', imi_clinical_category = 'S', mer = '1', mer_clinical_category = 'S', pip = '8', pip_clinical_category = 'S', taz = '2', taz_clinical_category = 'S', tic = '32', tic_clinical_category = 'R', tob = '0.5', tob_clinical_category = 'S', tol = '≤0.5', tol_clinical_category = 'S'; 
INSERT INTO phenotypic_data(phenotypic_data_id, isolate_id, ecdc_resistance_profile) VALUES ('1217', '1259', 'S') ON DUPLICATE KEY UPDATE ecdc_resistance_profile = 'S'; 
INSERT INTO sequence_analysis(sequence_analysis_id, isolate_id, ame_loci, beta_lactamase_loci, clonal_complex, mutational_resistome) VALUES ('1259', '1259', '-', '-', '3146', '{"PA0004": "WT", "PA0424": "WT", "PA0425": "WT", "PA0426": "WT", "PA0427": "WT", "PA0807": "A219T", "PA0958": "WT", "PA1798": "H398R", "PA1799": "WT", "PA2020": "WT", "PA2023": "WT", "PA2491": "D249N", "PA2492": "P60S, F172I, nt234\u22068", "PA2493": "WT", "PA2494": "WT", "PA2495": "WT", "PA3047": "WT", "PA3168": "WT", "PA3574": "WT", "PA3721": "G71E, S209R", "PA3999": "N54S", "PA4003": "WT", "PA4020": "WT", "PA4109": "WT", "PA4110": "T105A", "PA4266": "WT", "PA4418": "WT", "PA4522": "G148A", "PA4597": "WT", "PA4598": "E257Q, S845A", "PA4599": "R76Q, H310R, S330A, P383S", "PA4600": "WT", "PA4776": "L71R", "PA4777": "Y345H", "PA4964": "WT", "PA4967": "WT", "PA5471": "L88P, D161G, H182Q, V243A", "PA5485": "T115S"}') ON DUPLICATE KEY UPDATE ame_loci = '-', beta_lactamase_loci = '-', clonal_complex = '3146', mutational_resistome = '{"PA0004": "WT", "PA0424": "WT", "PA0425": "WT", "PA0426": "WT", "PA0427": "WT", "PA0807": "A219T", "PA0958": "WT", "PA1798": "H398R", "PA1799": "WT", "PA2020": "WT", "PA2023": "WT", "PA2491": "D249N", "PA2492": "P60S, F172I, nt234\u22068", "PA2493": "WT", "PA2494": "WT", "PA2495": "WT", "PA3047": "WT", "PA3168": "WT", "PA3574": "WT", "PA3721": "G71E, S209R", "PA3999": "N54S", "PA4003": "WT", "PA4020": "WT", "PA4109": "WT", "PA4110": "T105A", "PA4266": "WT", "PA4418": "WT", "PA4522": "G148A", "PA4597": "WT", "PA4598": "E257Q, S845A", "PA4599": "R76Q, H310R, S330A, P383S", "PA4600": "WT", "PA4776": "L71R", "PA4777": "Y345H", "PA4964": "WT", "PA4967": "WT", "PA5471": "L88P, D161G, H182Q, V243A", "PA5485": "T115S"}'; 
INSERT INTO metadata_general(isolate_id, isolate_name, isolate_source, project_name, species) VALUES ('1254', 'MAD02-004', 'VALIDATION SET', 'GEMARA', 'Pseudomonas aeruginosa') ON DUPLICATE KEY UPDATE isolate_name = 'MAD02-004', isolate_source = 'VALIDATION SET', project_name = 'GEMARA', species = 'Pseudomonas aeruginosa'; 
INSERT INTO mic(mic_id, isolate_id, ami, ami_clinical_category, azt, azt_clinical_category, cip, cip_clinical_category, col, col_clinical_category, cza, cza_clinical_category, fep, fep_clinical_category, imi, imi_clinical_category, mer, mer_clinical_category, pip, pip_clinical_category, taz, taz_clinical_category, tic, tic_clinical_category, tob, tob_clinical_category, tol, tol_clinical_category) VALUES ('1254', '1254', '≤2', 'S', '4', 'S', '≤0.12', 'S', '2', 'S', '2', 'S', '4', 'S', '4', 'S', '2', 'S', '≤4', 'S', '4', 'S', '32', 'R', '≤0.25', 'S', '1', 'S') ON DUPLICATE KEY UPDATE ami = '≤2', ami_clinical_category = 'S', azt = '4', azt_clinical_category = 'S', cip = '≤0.12', cip_clinical_category = 'S', col = '2', col_clinical_category = 'S', cza = '2', cza_clinical_category = 'S', fep = '4', fep_clinical_category = 'S', imi = '4', imi_clinical_category = 'S', mer = '2', mer_clinical_category = 'S', pip = '≤4', pip_clinical_category = 'S', taz = '4', taz_clinical_category = 'S', tic = '32', tic_clinical_category = 'R', tob = '≤0.25', tob_clinical_category = 'S', tol = '1', tol_clinical_category = 'S'; 
INSERT INTO phenotypic_data(phenotypic_data_id, isolate_id, ecdc_resistance_profile) VALUES ('1212', '1254', 'S') ON DUPLICATE KEY UPDATE ecdc_resistance_profile = 'S'; 
INSERT INTO sequence_analysis(sequence_analysis_id, isolate_id, ame_loci, beta_lactamase_loci, clonal_complex, mutational_resistome) VALUES ('1254', '1254', '-', '-', '253', '{"PA0004": "WT", "PA0424": "V126E", "PA0425": "WT", "PA0426": "WT", "PA0427": "WT", "PA0807": "WT", "PA0958": "WT", "PA1798": "H398R", "PA1799": "L153R, S170N", "PA2020": "N186S", "PA2023": "WT", "PA2491": "D249N", "PA2492": "F172I, nt234\u22068", "PA2493": "WT", "PA2494": "WT", "PA2495": "S13P", "PA3047": "Q156H", "PA3168": "aa911\u22062", "PA3574": "WT", "PA3721": "G71E, A145V, S209R", "PA3999": "WT", "PA4003": "WT", "PA4020": "M297V", "PA4109": "E114A, G283E, M288R", "PA4110": "G27D, A55T, T105A, Q155R, V205L, G391A", "PA4266": "WT", "PA4418": "WT", "PA4522": "WT", "PA4597": "D68G, M69V", "PA4598": "T87S, A155T, E257Q, S845A, I982V, K1031R, S1040T", "PA4599": "P47S, R76Q, H310R, S330A, A378T", "PA4600": "R21H, D56G", "PA4776": "WT", "PA4777": "A4T, V15I, G68S, Y345H", "PA4964": "WT", "PA4967": "D533E", "PA5471": "C40R, L88P, S112N, D119E, I237V, V243A", "PA5485": "WT"}') ON DUPLICATE KEY UPDATE ame_loci = '-', beta_lactamase_loci = '-', clonal_complex = '253', mutational_resistome = '{"PA0004": "WT", "PA0424": "V126E", "PA0425": "WT", "PA0426": "WT", "PA0427": "WT", "PA0807": "WT", "PA0958": "WT", "PA1798": "H398R", "PA1799": "L153R, S170N", "PA2020": "N186S", "PA2023": "WT", "PA2491": "D249N", "PA2492": "F172I, nt234\u22068", "PA2493": "WT", "PA2494": "WT", "PA2495": "S13P", "PA3047": "Q156H", "PA3168": "aa911\u22062", "PA3574": "WT", "PA3721": "G71E, A145V, S209R", "PA3999": "WT", "PA4003": "WT", "PA4020": "M297V", "PA4109": "E114A, G283E, M288R", "PA4110": "G27D, A55T, T105A, Q155R, V205L, G391A", "PA4266": "WT", "PA4418": "WT", "PA4522": "WT", "PA4597": "D68G, M69V", "PA4598": "T87S, A155T, E257Q, S845A, I982V, K1031R, S1040T", "PA4599": "P47S, R76Q, H310R, S330A, A378T", "PA4600": "R21H, D56G", "PA4776": "WT", "PA4777": "A4T, V15I, G68S, Y345H", "PA4964": "WT", "PA4967": "D533E", "PA5471": "C40R, L88P, S112N, D119E, I237V, V243A", "PA5485": "WT"}'; 
INSERT INTO metadata_general(isolate_id, isolate_name, isolate_source, project_name, species) VALUES ('145', 'MAD02-005', 'VALIDATION SET', 'GEMARA', 'Pseudomonas aeruginosa') ON DUPLICATE KEY UPDATE isolate_name = 'MAD02-005', isolate_source = 'VALIDATION SET', project_name = 'GEMARA', species = 'Pseudomonas aeruginosa'; 
INSERT INTO mic(mic_id, isolate_id, ami, ami_clinical_category, azt, azt_clinical_category, cip, cip_clinical_category, col, col_clinical_category, cza, cza_clinical_category, fep, fep_clinical_category, imi, imi_clinical_category, mer, mer_clinical_category, pip, pip_clinical_category, taz, taz_clinical_category, tic, tic_clinical_category, tob, tob_clinical_category, tol, tol_clinical_category) VALUES ('145', '145', '4', 'S', '32', 'R', '>16', 'R', '1', 'S', '4', 'S', '16', 'R', '>32', 'R', '>64', 'R', '256', 'R', '32', 'R', '>512', 'R', '>32', 'R', '8', 'R') ON DUPLICATE KEY UPDATE ami = '4', ami_clinical_category = 'S', azt = '32', azt_clinical_category = 'R', cip = '>16', cip_clinical_category = 'R', col = '1', col_clinical_category = 'S', cza = '4', cza_clinical_category = 'S', fep = '16', fep_clinical_category = 'R', imi = '>32', imi_clinical_category = 'R', mer = '>64', mer_clinical_category = 'R', pip = '256', pip_clinical_category = 'R', taz = '32', taz_clinical_category = 'R', tic = '>512', tic_clinical_category = 'R', tob = '>32', tob_clinical_category = 'R', tol = '8', tol_clinical_category = 'R'; 
INSERT INTO phenotypic_data(phenotypic_data_id, isolate_id, ecdc_resistance_profile) VALUES ('1231', '145', 'XDR') ON DUPLICATE KEY UPDATE ecdc_resistance_profile = 'XDR'; 
INSERT INTO sequence_analysis(sequence_analysis_id, isolate_id, ame_loci, beta_lactamase_loci, clonal_complex, mutational_resistome) VALUES ('145', '145', 'aadB, aacA4', 'blaGES-5', '175', '{"PA0004": "WT", "PA0424": "WT", "PA0425": "WT", "PA0426": "WT", "PA0427": "WT", "PA0807": "A219T", "PA0958": "W277X", "PA1798": "H398R", "PA1799": "WT", "PA2020": "G195D", "PA2023": "WT", "PA2491": "D249N", "PA2492": "P60S, F172I, nt234\u22068", "PA2493": "WT", "PA2494": "WT", "PA2495": "WT", "PA3047": "WT", "PA3168": "T83I, D87N", "PA3574": "WT", "PA3721": "G71E, A186T", "PA3999": "WT", "PA4003": "WT", "PA4020": "WT", "PA4109": "WT", "PA4110": "WT", "PA4266": "WT", "PA4418": "WT", "PA4522": "G148A, D183Y", "PA4597": "M69V", "PA4598": "E257Q, S845A", "PA4599": "E26A, H310R, S330A, P383S", "PA4600": "WT", "PA4776": "WT", "PA4777": "Y345H", "PA4964": "S87W, L168Q", "PA4967": "WT", "PA5471": "L88P, D161G, H182Q, V243A, V266M", "PA5485": "WT"}') ON DUPLICATE KEY UPDATE ame_loci = 'aadB, aacA4', beta_lactamase_loci = 'blaGES-5', clonal_complex = '175', mutational_resistome = '{"PA0004": "WT", "PA0424": "WT", "PA0425": "WT", "PA0426": "WT", "PA0427": "WT", "PA0807": "A219T", "PA0958": "W277X", "PA1798": "H398R", "PA1799": "WT", "PA2020": "G195D", "PA2023": "WT", "PA2491": "D249N", "PA2492": "P60S, F172I, nt234\u22068", "PA2493": "WT", "PA2494": "WT", "PA2495": "WT", "PA3047": "WT", "PA3168": "T83I, D87N", "PA3574": "WT", "PA3721": "G71E, A186T", "PA3999": "WT", "PA4003": "WT", "PA4020": "WT", "PA4109": "WT", "PA4110": "WT", "PA4266": "WT", "PA4418": "WT", "PA4522": "G148A, D183Y", "PA4597": "M69V", "PA4598": "E257Q, S845A", "PA4599": "E26A, H310R, S330A, P383S", "PA4600": "WT", "PA4776": "WT", "PA4777": "Y345H", "PA4964": "S87W, L168Q", "PA4967": "WT", "PA5471": "L88P, D161G, H182Q, V243A, V266M", "PA5485": "WT"}'; 
INSERT INTO metadata_general(isolate_id, isolate_name, isolate_source, project_name, species) VALUES ('155', 'MAD03-001', 'VALIDATION SET', 'GEMARA', 'Pseudomonas aeruginosa') ON DUPLICATE KEY UPDATE isolate_name = 'MAD03-001', isolate_source = 'VALIDATION SET', project_name = 'GEMARA', species = 'Pseudomonas aeruginosa'; 
INSERT INTO mic(mic_id, isolate_id, ami, ami_clinical_category, azt, azt_clinical_category, cip, cip_clinical_category, col, col_clinical_category, cza, cza_clinical_category, fep, fep_clinical_category, imi, imi_clinical_category, mer, mer_clinical_category, pip, pip_clinical_category, taz, taz_clinical_category, tic, tic_clinical_category, tob, tob_clinical_category, tol, tol_clinical_category) VALUES ('155', '155', '≤2', 'S', '32', 'R', '>16', 'R', '1', 'S', '4', 'S', '16', 'R', '2', 'S', '8', 'I', '256', 'R', '32', 'R', '128', 'R', '≤0.25', 'S', '2', 'S') ON DUPLICATE KEY UPDATE ami = '≤2', ami_clinical_category = 'S', azt = '32', azt_clinical_category = 'R', cip = '>16', cip_clinical_category = 'R', col = '1', col_clinical_category = 'S', cza = '4', cza_clinical_category = 'S', fep = '16', fep_clinical_category = 'R', imi = '2', imi_clinical_category = 'S', mer = '8', mer_clinical_category = 'I', pip = '256', pip_clinical_category = 'R', taz = '32', taz_clinical_category = 'R', tic = '128', tic_clinical_category = 'R', tob = '≤0.25', tob_clinical_category = 'S', tol = '2', tol_clinical_category = 'S'; 
INSERT INTO phenotypic_data(phenotypic_data_id, isolate_id, ecdc_resistance_profile) VALUES ('1261', '155', 'XDR') ON DUPLICATE KEY UPDATE ecdc_resistance_profile = 'XDR'; 
INSERT INTO sequence_analysis(sequence_analysis_id, isolate_id, ame_loci, beta_lactamase_loci, clonal_complex, mutational_resistome) VALUES ('155', '155', '-', '-', '244', '{"PA0004": "E468D", "PA0424": "WT", "PA0425": "WT", "PA0426": "WT", "PA0427": "WT", "PA0807": "A219T", "PA0958": "WT", "PA1798": "H398R", "PA1799": "WT", "PA2020": "WT", "PA2023": "WT", "PA2491": "A75V, D249N", "PA2492": "P60S, F172I, R209S, nt234\u22068", "PA2493": "WT", "PA2494": "WT", "PA2495": "WT", "PA3047": "WT", "PA3168": "T83I", "PA3574": "nt475\u220616", "PA3721": "WT", "PA3999": "WT", "PA4003": "WT", "PA4020": "M297V, A303V, nt111\u22061", "PA4109": "WT", "PA4110": "WT", "PA4266": "WT", "PA4418": "I347T", "PA4522": "R11L, G148A, D183Y", "PA4597": "D68G, M69V", "PA4598": "S845A", "PA4599": "R76Q, H310R, S330A, P383S", "PA4600": "WT", "PA4776": "L71R", "PA4777": "WT", "PA4964": "S87L", "PA4967": "WT", "PA5471": "L88P, G157D, D161G, H182Q, V243A", "PA5485": "WT"}') ON DUPLICATE KEY UPDATE ame_loci = '-', beta_lactamase_loci = '-', clonal_complex = '244', mutational_resistome = '{"PA0004": "E468D", "PA0424": "WT", "PA0425": "WT", "PA0426": "WT", "PA0427": "WT", "PA0807": "A219T", "PA0958": "WT", "PA1798": "H398R", "PA1799": "WT", "PA2020": "WT", "PA2023": "WT", "PA2491": "A75V, D249N", "PA2492": "P60S, F172I, R209S, nt234\u22068", "PA2493": "WT", "PA2494": "WT", "PA2495": "WT", "PA3047": "WT", "PA3168": "T83I", "PA3574": "nt475\u220616", "PA3721": "WT", "PA3999": "WT", "PA4003": "WT", "PA4020": "M297V, A303V, nt111\u22061", "PA4109": "WT", "PA4110": "WT", "PA4266": "WT", "PA4418": "I347T", "PA4522": "R11L, G148A, D183Y", "PA4597": "D68G, M69V", "PA4598": "S845A", "PA4599": "R76Q, H310R, S330A, P383S", "PA4600": "WT", "PA4776": "L71R", "PA4777": "WT", "PA4964": "S87L", "PA4967": "WT", "PA5471": "L88P, G157D, D161G, H182Q, V243A", "PA5485": "WT"}'; 
INSERT INTO metadata_general(isolate_id, isolate_name, isolate_source, project_name, species) VALUES ('1268', 'MAD03-002', 'VALIDATION SET', 'GEMARA', 'Pseudomonas aeruginosa') ON DUPLICATE KEY UPDATE isolate_name = 'MAD03-002', isolate_source = 'VALIDATION SET', project_name = 'GEMARA', species = 'Pseudomonas aeruginosa'; 
INSERT INTO mic(mic_id, isolate_id, ami, ami_clinical_category, azt, azt_clinical_category, cip, cip_clinical_category, col, col_clinical_category, cza, cza_clinical_category, fep, fep_clinical_category, imi, imi_clinical_category, mer, mer_clinical_category, pip, pip_clinical_category, taz, taz_clinical_category, tic, tic_clinical_category, tob, tob_clinical_category, tol, tol_clinical_category) VALUES ('1268', '1268', '4', 'S', '32', 'R', '8', 'R', '2', 'S', '2', 'S', '4', 'S', '2', 'S', '4', 'I', '16', 'S', '2', 'S', '128', 'R', '0.5', 'S', '1', 'S') ON DUPLICATE KEY UPDATE ami = '4', ami_clinical_category = 'S', azt = '32', azt_clinical_category = 'R', cip = '8', cip_clinical_category = 'R', col = '2', col_clinical_category = 'S', cza = '2', cza_clinical_category = 'S', fep = '4', fep_clinical_category = 'S', imi = '2', imi_clinical_category = 'S', mer = '4', mer_clinical_category = 'I', pip = '16', pip_clinical_category = 'S', taz = '2', taz_clinical_category = 'S', tic = '128', tic_clinical_category = 'R', tob = '0.5', tob_clinical_category = 'S', tol = '1', tol_clinical_category = 'S'; 
INSERT INTO phenotypic_data(phenotypic_data_id, isolate_id, ecdc_resistance_profile) VALUES ('1236', '1268', 'R') ON DUPLICATE KEY UPDATE ecdc_resistance_profile = 'R'; 
INSERT INTO sequence_analysis(sequence_analysis_id, isolate_id, ame_loci, beta_lactamase_loci, clonal_complex, mutational_resistome) VALUES ('1268', '1268', '-', '-', '2702', '{"PA0004": "WT", "PA0424": "WT", "PA0425": "WT", "PA0426": "WT", "PA0427": "WT", "PA0807": "WT", "PA0958": "WT", "PA1798": "Q349K, H398R", "PA1799": "WT", "PA2020": "WT", "PA2023": "WT", "PA2491": "D249N", "PA2492": "F172I, nt234\u22068", "PA2493": "WT", "PA2494": "WT", "PA2495": "WT", "PA3047": "WT", "PA3168": "D87N, aa911\u22062", "PA3574": "WT", "PA3721": "G71E, A186T", "PA3999": "WT", "PA4003": "WT", "PA4020": "M297V", "PA4109": "G283E, M288R", "PA4110": "D291N", "PA4266": "WT", "PA4418": "WT", "PA4522": "G148A", "PA4597": "WT", "PA4598": "E257Q, S845A, V914I", "PA4599": "WT", "PA4600": "WT", "PA4776": "L71R", "PA4777": "Y345H", "PA4964": "WT", "PA4967": "I89T", "PA5471": "L88P, D161G, H182Q, V243A", "PA5485": "WT"}') ON DUPLICATE KEY UPDATE ame_loci = '-', beta_lactamase_loci = '-', clonal_complex = '2702', mutational_resistome = '{"PA0004": "WT", "PA0424": "WT", "PA0425": "WT", "PA0426": "WT", "PA0427": "WT", "PA0807": "WT", "PA0958": "WT", "PA1798": "Q349K, H398R", "PA1799": "WT", "PA2020": "WT", "PA2023": "WT", "PA2491": "D249N", "PA2492": "F172I, nt234\u22068", "PA2493": "WT", "PA2494": "WT", "PA2495": "WT", "PA3047": "WT", "PA3168": "D87N, aa911\u22062", "PA3574": "WT", "PA3721": "G71E, A186T", "PA3999": "WT", "PA4003": "WT", "PA4020": "M297V", "PA4109": "G283E, M288R", "PA4110": "D291N", "PA4266": "WT", "PA4418": "WT", "PA4522": "G148A", "PA4597": "WT", "PA4598": "E257Q, S845A, V914I", "PA4599": "WT", "PA4600": "WT", "PA4776": "L71R", "PA4777": "Y345H", "PA4964": "WT", "PA4967": "I89T", "PA5471": "L88P, D161G, H182Q, V243A", "PA5485": "WT"}'; 
INSERT INTO metadata_general(isolate_id, isolate_name, isolate_source, project_name, species) VALUES ('1281', 'MAD03-004', 'VALIDATION SET', 'GEMARA', 'Pseudomonas aeruginosa') ON DUPLICATE KEY UPDATE isolate_name = 'MAD03-004', isolate_source = 'VALIDATION SET', project_name = 'GEMARA', species = 'Pseudomonas aeruginosa'; 
INSERT INTO mic(mic_id, isolate_id, ami, ami_clinical_category, azt, azt_clinical_category, cip, cip_clinical_category, col, col_clinical_category, cza, cza_clinical_category, fep, fep_clinical_category, imi, imi_clinical_category, mer, mer_clinical_category, pip, pip_clinical_category, taz, taz_clinical_category, tic, tic_clinical_category, tob, tob_clinical_category, tol, tol_clinical_category) VALUES ('1281', '1281', '≤2', 'S', '4', 'S', '≤0.12', 'S', '2', 'S', '2', 'S', '≤1', 'S', '1', 'S', '≤0.5', 'S', '≤4', 'S', '2', 'S', '32', 'R', '≤0.25', 'S', '1', 'S') ON DUPLICATE KEY UPDATE ami = '≤2', ami_clinical_category = 'S', azt = '4', azt_clinical_category = 'S', cip = '≤0.12', cip_clinical_category = 'S', col = '2', col_clinical_category = 'S', cza = '2', cza_clinical_category = 'S', fep = '≤1', fep_clinical_category = 'S', imi = '1', imi_clinical_category = 'S', mer = '≤0.5', mer_clinical_category = 'S', pip = '≤4', pip_clinical_category = 'S', taz = '2', taz_clinical_category = 'S', tic = '32', tic_clinical_category = 'R', tob = '≤0.25', tob_clinical_category = 'S', tol = '1', tol_clinical_category = 'S'; 
INSERT INTO phenotypic_data(phenotypic_data_id, isolate_id, ecdc_resistance_profile) VALUES ('1249', '1281', 'S') ON DUPLICATE KEY UPDATE ecdc_resistance_profile = 'S'; 
INSERT INTO sequence_analysis(sequence_analysis_id, isolate_id, ame_loci, beta_lactamase_loci, clonal_complex, mutational_resistome) VALUES ('1281', '1281', '-', '-', '463', '{"PA0004": "WT", "PA0424": "WT", "PA0425": "WT", "PA0426": "I745V", "PA0427": "WT", "PA0807": "A219T", "PA0958": "WT", "PA1798": "H398R", "PA1799": "WT", "PA2020": "WT", "PA2023": "WT", "PA2491": "D249N", "PA2492": "P60S, F172I, nt234\u22068", "PA2493": "WT", "PA2494": "WT", "PA2495": "S13P", "PA3047": "A394P", "PA3168": "WT", "PA3574": "WT", "PA3721": "G71E, S209R", "PA3999": "WT", "PA4003": "WT", "PA4020": "M297V", "PA4109": "WT", "PA4110": "T105A, L176R", "PA4266": "WT", "PA4418": "WT", "PA4522": "G148A", "PA4597": "M69V", "PA4598": "S845A", "PA4599": "E26A, H310R, S330A", "PA4600": "WT", "PA4776": "L71R", "PA4777": "Y345H, P369S", "PA4964": "WT", "PA4967": "WT", "PA5471": "L88P, D161G, H182Q, V243A", "PA5485": "WT"}') ON DUPLICATE KEY UPDATE ame_loci = '-', beta_lactamase_loci = '-', clonal_complex = '463', mutational_resistome = '{"PA0004": "WT", "PA0424": "WT", "PA0425": "WT", "PA0426": "I745V", "PA0427": "WT", "PA0807": "A219T", "PA0958": "WT", "PA1798": "H398R", "PA1799": "WT", "PA2020": "WT", "PA2023": "WT", "PA2491": "D249N", "PA2492": "P60S, F172I, nt234\u22068", "PA2493": "WT", "PA2494": "WT", "PA2495": "S13P", "PA3047": "A394P", "PA3168": "WT", "PA3574": "WT", "PA3721": "G71E, S209R", "PA3999": "WT", "PA4003": "WT", "PA4020": "M297V", "PA4109": "WT", "PA4110": "T105A, L176R", "PA4266": "WT", "PA4418": "WT", "PA4522": "G148A", "PA4597": "M69V", "PA4598": "S845A", "PA4599": "E26A, H310R, S330A", "PA4600": "WT", "PA4776": "L71R", "PA4777": "Y345H, P369S", "PA4964": "WT", "PA4967": "WT", "PA5471": "L88P, D161G, H182Q, V243A", "PA5485": "WT"}'; 
INSERT INTO metadata_general(isolate_id, isolate_name, isolate_source, project_name, species) VALUES ('1290', 'MAD03-005', 'VALIDATION SET', 'GEMARA', 'Pseudomonas aeruginosa') ON DUPLICATE KEY UPDATE isolate_name = 'MAD03-005', isolate_source = 'VALIDATION SET', project_name = 'GEMARA', species = 'Pseudomonas aeruginosa'; 
INSERT INTO mic(mic_id, isolate_id, ami, ami_clinical_category, azt, azt_clinical_category, cip, cip_clinical_category, col, col_clinical_category, cza, cza_clinical_category, fep, fep_clinical_category, imi, imi_clinical_category, mer, mer_clinical_category, pip, pip_clinical_category, taz, taz_clinical_category, tic, tic_clinical_category, tob, tob_clinical_category, tol, tol_clinical_category) VALUES ('1290', '1290', '4', 'S', '8', 'S', '≤0.12', 'S', '2', 'S', '2', 'S', '2', 'S', '2', 'S', '1', 'S', '8', 'S', '4', 'S', '32', 'R', '0.5', 'S', '1', 'S') ON DUPLICATE KEY UPDATE ami = '4', ami_clinical_category = 'S', azt = '8', azt_clinical_category = 'S', cip = '≤0.12', cip_clinical_category = 'S', col = '2', col_clinical_category = 'S', cza = '2', cza_clinical_category = 'S', fep = '2', fep_clinical_category = 'S', imi = '2', imi_clinical_category = 'S', mer = '1', mer_clinical_category = 'S', pip = '8', pip_clinical_category = 'S', taz = '4', taz_clinical_category = 'S', tic = '32', tic_clinical_category = 'R', tob = '0.5', tob_clinical_category = 'S', tol = '1', tol_clinical_category = 'S'; 
INSERT INTO phenotypic_data(phenotypic_data_id, isolate_id, ecdc_resistance_profile) VALUES ('1258', '1290', 'S') ON DUPLICATE KEY UPDATE ecdc_resistance_profile = 'S'; 
INSERT INTO sequence_analysis(sequence_analysis_id, isolate_id, ame_loci, beta_lactamase_loci, clonal_complex, mutational_resistome) VALUES ('1290', '1290', '-', '-', '2123', '{"PA0004": "WT", "PA0424": "WT", "PA0425": "WT", "PA0426": "WT", "PA0427": "WT", "PA0807": "WT", "PA0958": "WT", "PA1798": "V238L, H398R", "PA1799": "WT", "PA2020": "WT", "PA2023": "WT", "PA2491": "D249N", "PA2492": "F172I, nt234\u22068", "PA2493": "WT", "PA2494": "WT", "PA2495": "S13P, V172I", "PA3047": "A394P", "PA3168": "WT", "PA3574": "WT", "PA3721": "G71E, A186T", "PA3999": "WT", "PA4003": "WT", "PA4020": "M297V, A303V", "PA4109": "WT", "PA4110": "T105A", "PA4266": "WT", "PA4418": "WT", "PA4522": "G148A", "PA4597": "WT", "PA4598": "E257Q, S845A", "PA4599": "R76Q, H310R, S330A, P383S", "PA4600": "WT", "PA4776": "L71R, R81Q", "PA4777": "Y345H", "PA4964": "M502L", "PA4967": "WT", "PA5471": "L88P, D161G, H182Q, V243A", "PA5485": "WT"}') ON DUPLICATE KEY UPDATE ame_loci = '-', beta_lactamase_loci = '-', clonal_complex = '2123', mutational_resistome = '{"PA0004": "WT", "PA0424": "WT", "PA0425": "WT", "PA0426": "WT", "PA0427": "WT", "PA0807": "WT", "PA0958": "WT", "PA1798": "V238L, H398R", "PA1799": "WT", "PA2020": "WT", "PA2023": "WT", "PA2491": "D249N", "PA2492": "F172I, nt234\u22068", "PA2493": "WT", "PA2494": "WT", "PA2495": "S13P, V172I", "PA3047": "A394P", "PA3168": "WT", "PA3574": "WT", "PA3721": "G71E, A186T", "PA3999": "WT", "PA4003": "WT", "PA4020": "M297V, A303V", "PA4109": "WT", "PA4110": "T105A", "PA4266": "WT", "PA4418": "WT", "PA4522": "G148A", "PA4597": "WT", "PA4598": "E257Q, S845A", "PA4599": "R76Q, H310R, S330A, P383S", "PA4600": "WT", "PA4776": "L71R, R81Q", "PA4777": "Y345H", "PA4964": "M502L", "PA4967": "WT", "PA5471": "L88P, D161G, H182Q, V243A", "PA5485": "WT"}'; 
INSERT INTO metadata_general(isolate_id, isolate_name, isolate_source, project_name, species) VALUES ('1305', 'MAD04-001', 'VALIDATION SET', 'GEMARA', 'Pseudomonas aeruginosa') ON DUPLICATE KEY UPDATE isolate_name = 'MAD04-001', isolate_source = 'VALIDATION SET', project_name = 'GEMARA', species = 'Pseudomonas aeruginosa'; 
INSERT INTO mic(mic_id, isolate_id, ami, ami_clinical_category, azt, azt_clinical_category, cip, cip_clinical_category, col, col_clinical_category, cza, cza_clinical_category, fep, fep_clinical_category, imi, imi_clinical_category, mer, mer_clinical_category, pip, pip_clinical_category, taz, taz_clinical_category, tic, tic_clinical_category, tob, tob_clinical_category, tol, tol_clinical_category) VALUES ('1305', '1305', '≤2', 'S', '4', 'S', '≤0.12', 'S', '1', 'S', '2', 'S', '2', 'S', '4', 'S', '≤0.5', 'S', '8', 'S', '4', 'S', '32', 'R', '0.5', 'S', '1', 'S') ON DUPLICATE KEY UPDATE ami = '≤2', ami_clinical_category = 'S', azt = '4', azt_clinical_category = 'S', cip = '≤0.12', cip_clinical_category = 'S', col = '1', col_clinical_category = 'S', cza = '2', cza_clinical_category = 'S', fep = '2', fep_clinical_category = 'S', imi = '4', imi_clinical_category = 'S', mer = '≤0.5', mer_clinical_category = 'S', pip = '8', pip_clinical_category = 'S', taz = '4', taz_clinical_category = 'S', tic = '32', tic_clinical_category = 'R', tob = '0.5', tob_clinical_category = 'S', tol = '1', tol_clinical_category = 'S'; 
INSERT INTO phenotypic_data(phenotypic_data_id, isolate_id, ecdc_resistance_profile) VALUES ('1277', '1305', 'S') ON DUPLICATE KEY UPDATE ecdc_resistance_profile = 'S'; 
INSERT INTO sequence_analysis(sequence_analysis_id, isolate_id, ame_loci, beta_lactamase_loci, clonal_complex, mutational_resistome) VALUES ('1305', '1305', '-', '-', '282', '{"PA0004": "H148N", "PA0424": "WT", "PA0425": "WT", "PA0426": "WT", "PA0427": "WT", "PA0807": "A219T", "PA0958": "WT", "PA1798": "H398R", "PA1799": "WT", "PA2020": "WT", "PA2023": "WT", "PA2491": "D249N", "PA2492": "F172I, nt234\u22068", "PA2493": "WT", "PA2494": "D669G", "PA2495": "WT", "PA3047": "WT", "PA3168": "aa911\u22062", "PA3574": "T188A", "PA3721": "G71E, S209R, P210L", "PA3999": "WT", "PA4003": "WT", "PA4020": "M297V", "PA4109": "WT", "PA4110": "T105A", "PA4266": "WT", "PA4418": "T91A", "PA4522": "G148A, D183Y", "PA4597": "D68G, M69V", "PA4598": "I960L", "PA4599": "S330A", "PA4600": "WT", "PA4776": "WT", "PA4777": "Y345H", "PA4964": "WT", "PA4967": "A473V, D533E", "PA5471": "L88P, D161G, H182Q, V243A", "PA5485": "WT"}') ON DUPLICATE KEY UPDATE ame_loci = '-', beta_lactamase_loci = '-', clonal_complex = '282', mutational_resistome = '{"PA0004": "H148N", "PA0424": "WT", "PA0425": "WT", "PA0426": "WT", "PA0427": "WT", "PA0807": "A219T", "PA0958": "WT", "PA1798": "H398R", "PA1799": "WT", "PA2020": "WT", "PA2023": "WT", "PA2491": "D249N", "PA2492": "F172I, nt234\u22068", "PA2493": "WT", "PA2494": "D669G", "PA2495": "WT", "PA3047": "WT", "PA3168": "aa911\u22062", "PA3574": "T188A", "PA3721": "G71E, S209R, P210L", "PA3999": "WT", "PA4003": "WT", "PA4020": "M297V", "PA4109": "WT", "PA4110": "T105A", "PA4266": "WT", "PA4418": "T91A", "PA4522": "G148A, D183Y", "PA4597": "D68G, M69V", "PA4598": "I960L", "PA4599": "S330A", "PA4600": "WT", "PA4776": "WT", "PA4777": "Y345H", "PA4964": "WT", "PA4967": "A473V, D533E", "PA5471": "L88P, D161G, H182Q, V243A", "PA5485": "WT"}'; 
INSERT INTO metadata_general(isolate_id, isolate_name, isolate_source, project_name, species) VALUES ('1296', 'MAD04-002', 'VALIDATION SET', 'GEMARA', 'Pseudomonas aeruginosa') ON DUPLICATE KEY UPDATE isolate_name = 'MAD04-002', isolate_source = 'VALIDATION SET', project_name = 'GEMARA', species = 'Pseudomonas aeruginosa'; 
INSERT INTO mic(mic_id, isolate_id, ami, ami_clinical_category, azt, azt_clinical_category, cip, cip_clinical_category, col, col_clinical_category, cza, cza_clinical_category, fep, fep_clinical_category, imi, imi_clinical_category, mer, mer_clinical_category, pip, pip_clinical_category, taz, taz_clinical_category, tic, tic_clinical_category, tob, tob_clinical_category, tol, tol_clinical_category) VALUES ('1296', '1296', '4', 'S', '8', 'S', '0.25', 'S', '4', 'R', '4', 'S', '2', 'S', '8', 'R', '2', 'S', '8', 'S', '4', 'S', '32', 'R', '0.5', 'S', '2', 'S') ON DUPLICATE KEY UPDATE ami = '4', ami_clinical_category = 'S', azt = '8', azt_clinical_category = 'S', cip = '0.25', cip_clinical_category = 'S', col = '4', col_clinical_category = 'R', cza = '4', cza_clinical_category = 'S', fep = '2', fep_clinical_category = 'S', imi = '8', imi_clinical_category = 'R', mer = '2', mer_clinical_category = 'S', pip = '8', pip_clinical_category = 'S', taz = '4', taz_clinical_category = 'S', tic = '32', tic_clinical_category = 'R', tob = '0.5', tob_clinical_category = 'S', tol = '2', tol_clinical_category = 'S'; 
INSERT INTO phenotypic_data(phenotypic_data_id, isolate_id, ecdc_resistance_profile) VALUES ('1268', '1296', 'R') ON DUPLICATE KEY UPDATE ecdc_resistance_profile = 'R'; 
INSERT INTO sequence_analysis(sequence_analysis_id, isolate_id, ame_loci, beta_lactamase_loci, clonal_complex, mutational_resistome) VALUES ('1296', '1296', '-', '-', '242', '{"PA0004": "WT", "PA0424": "WT", "PA0425": "WT", "PA0426": "WT", "PA0427": "WT", "PA0807": "I67T", "PA0958": "WT", "PA1798": "H398R", "PA1799": "WT", "PA2020": "WT", "PA2023": "WT", "PA2491": "D249N", "PA2492": "F172I, nt234\u22068", "PA2493": "WT", "PA2494": "WT", "PA2495": "WT", "PA3047": "WT", "PA3168": "WT", "PA3574": "WT", "PA3721": "G71E, S209R", "PA3999": "WT", "PA4003": "WT", "PA4020": "M297V", "PA4109": "G283E, M288R", "PA4110": "T105A", "PA4266": "WT", "PA4418": "WT", "PA4522": "G148A, S175L", "PA4597": "D68G, M69V", "PA4598": "S845A", "PA4599": "S330A", "PA4600": "WT", "PA4776": "L71R", "PA4777": "Y345H", "PA4964": "K726R", "PA4967": "WT", "PA5471": "D161G, H182Q, V243A", "PA5485": "WT"}') ON DUPLICATE KEY UPDATE ame_loci = '-', beta_lactamase_loci = '-', clonal_complex = '242', mutational_resistome = '{"PA0004": "WT", "PA0424": "WT", "PA0425": "WT", "PA0426": "WT", "PA0427": "WT", "PA0807": "I67T", "PA0958": "WT", "PA1798": "H398R", "PA1799": "WT", "PA2020": "WT", "PA2023": "WT", "PA2491": "D249N", "PA2492": "F172I, nt234\u22068", "PA2493": "WT", "PA2494": "WT", "PA2495": "WT", "PA3047": "WT", "PA3168": "WT", "PA3574": "WT", "PA3721": "G71E, S209R", "PA3999": "WT", "PA4003": "WT", "PA4020": "M297V", "PA4109": "G283E, M288R", "PA4110": "T105A", "PA4266": "WT", "PA4418": "WT", "PA4522": "G148A, S175L", "PA4597": "D68G, M69V", "PA4598": "S845A", "PA4599": "S330A", "PA4600": "WT", "PA4776": "L71R", "PA4777": "Y345H", "PA4964": "K726R", "PA4967": "WT", "PA5471": "D161G, H182Q, V243A", "PA5485": "WT"}'; 
INSERT INTO metadata_general(isolate_id, isolate_name, isolate_source, project_name, species) VALUES ('1297', 'MAD04-003', 'VALIDATION SET', 'GEMARA', 'Pseudomonas aeruginosa') ON DUPLICATE KEY UPDATE isolate_name = 'MAD04-003', isolate_source = 'VALIDATION SET', project_name = 'GEMARA', species = 'Pseudomonas aeruginosa'; 
INSERT INTO mic(mic_id, isolate_id, ami, ami_clinical_category, azt, azt_clinical_category, cip, cip_clinical_category, col, col_clinical_category, cza, cza_clinical_category, fep, fep_clinical_category, imi, imi_clinical_category, mer, mer_clinical_category, pip, pip_clinical_category, taz, taz_clinical_category, tic, tic_clinical_category, tob, tob_clinical_category, tol, tol_clinical_category) VALUES ('1297', '1297', '≤2', 'S', '4', 'S', '0.25', 'S', '4', 'R', '2', 'S', '2', 'S', '8', 'R', '2', 'S', '8', 'S', '8', 'S', '32', 'R', '0.5', 'S', '1', 'S') ON DUPLICATE KEY UPDATE ami = '≤2', ami_clinical_category = 'S', azt = '4', azt_clinical_category = 'S', cip = '0.25', cip_clinical_category = 'S', col = '4', col_clinical_category = 'R', cza = '2', cza_clinical_category = 'S', fep = '2', fep_clinical_category = 'S', imi = '8', imi_clinical_category = 'R', mer = '2', mer_clinical_category = 'S', pip = '8', pip_clinical_category = 'S', taz = '8', taz_clinical_category = 'S', tic = '32', tic_clinical_category = 'R', tob = '0.5', tob_clinical_category = 'S', tol = '1', tol_clinical_category = 'S'; 
INSERT INTO phenotypic_data(phenotypic_data_id, isolate_id, ecdc_resistance_profile) VALUES ('1269', '1297', 'R') ON DUPLICATE KEY UPDATE ecdc_resistance_profile = 'R'; 
INSERT INTO sequence_analysis(sequence_analysis_id, isolate_id, ame_loci, beta_lactamase_loci, clonal_complex, mutational_resistome) VALUES ('1297', '1297', '-', '-', '1689', '{"PA0004": "WT", "PA0424": "WT", "PA0425": "WT", "PA0426": "WT", "PA0427": "WT", "PA0807": "A219T", "PA0958": "WT", "PA1798": "D351N, H398R", "PA1799": "WT", "PA2020": "WT", "PA2023": "WT", "PA2491": "D249N", "PA2492": "F172I, nt234\u22068", "PA2493": "WT", "PA2494": "WT", "PA2495": "D31V", "PA3047": "WT", "PA3168": "WT", "PA3574": "WT", "PA3721": "G71E", "PA3999": "WT", "PA4003": "WT", "PA4020": "D411A", "PA4109": "WT", "PA4110": "WT", "PA4266": "WT", "PA4418": "WT", "PA4522": "WT", "PA4597": "WT", "PA4598": "S845A, K1031R", "PA4599": "WT", "PA4600": "WT", "PA4776": "L71R", "PA4777": "Y345H", "PA4964": "WT", "PA4967": "WT", "PA5471": "L88P, D119E", "PA5485": "WT"}') ON DUPLICATE KEY UPDATE ame_loci = '-', beta_lactamase_loci = '-', clonal_complex = '1689', mutational_resistome = '{"PA0004": "WT", "PA0424": "WT", "PA0425": "WT", "PA0426": "WT", "PA0427": "WT", "PA0807": "A219T", "PA0958": "WT", "PA1798": "D351N, H398R", "PA1799": "WT", "PA2020": "WT", "PA2023": "WT", "PA2491": "D249N", "PA2492": "F172I, nt234\u22068", "PA2493": "WT", "PA2494": "WT", "PA2495": "D31V", "PA3047": "WT", "PA3168": "WT", "PA3574": "WT", "PA3721": "G71E", "PA3999": "WT", "PA4003": "WT", "PA4020": "D411A", "PA4109": "WT", "PA4110": "WT", "PA4266": "WT", "PA4418": "WT", "PA4522": "WT", "PA4597": "WT", "PA4598": "S845A, K1031R", "PA4599": "WT", "PA4600": "WT", "PA4776": "L71R", "PA4777": "Y345H", "PA4964": "WT", "PA4967": "WT", "PA5471": "L88P, D119E", "PA5485": "WT"}'; 
INSERT INTO metadata_general(isolate_id, isolate_name, isolate_source, project_name, species) VALUES ('1310', 'MAD04-004', 'VALIDATION SET', 'GEMARA', 'Pseudomonas aeruginosa') ON DUPLICATE KEY UPDATE isolate_name = 'MAD04-004', isolate_source = 'VALIDATION SET', project_name = 'GEMARA', species = 'Pseudomonas aeruginosa'; 
INSERT INTO mic(mic_id, isolate_id, ami, ami_clinical_category, azt, azt_clinical_category, cip, cip_clinical_category, col, col_clinical_category, cza, cza_clinical_category, fep, fep_clinical_category, imi, imi_clinical_category, mer, mer_clinical_category, pip, pip_clinical_category, taz, taz_clinical_category, tic, tic_clinical_category, tob, tob_clinical_category, tol, tol_clinical_category) VALUES ('1310', '1310', '4', 'S', '4', 'S', '≤0.12', 'S', '2', 'S', '2', 'S', '4', 'S', '4', 'S', '4', 'I', '≤4', 'S', '8', 'S', '32', 'R', '0.5', 'S', '≤0.5', 'S') ON DUPLICATE KEY UPDATE ami = '4', ami_clinical_category = 'S', azt = '4', azt_clinical_category = 'S', cip = '≤0.12', cip_clinical_category = 'S', col = '2', col_clinical_category = 'S', cza = '2', cza_clinical_category = 'S', fep = '4', fep_clinical_category = 'S', imi = '4', imi_clinical_category = 'S', mer = '4', mer_clinical_category = 'I', pip = '≤4', pip_clinical_category = 'S', taz = '8', taz_clinical_category = 'S', tic = '32', tic_clinical_category = 'R', tob = '0.5', tob_clinical_category = 'S', tol = '≤0.5', tol_clinical_category = 'S'; 
INSERT INTO phenotypic_data(phenotypic_data_id, isolate_id, ecdc_resistance_profile) VALUES ('1282', '1310', 'R') ON DUPLICATE KEY UPDATE ecdc_resistance_profile = 'R'; 
INSERT INTO sequence_analysis(sequence_analysis_id, isolate_id, ame_loci, beta_lactamase_loci, clonal_complex, mutational_resistome) VALUES ('1310', '1310', '-', '-', '282', '{"PA0004": "H148N", "PA0424": "WT", "PA0425": "WT", "PA0426": "WT", "PA0427": "WT", "PA0807": "A219T", "PA0958": "WT", "PA1798": "H398R", "PA1799": "WT", "PA2020": "WT", "PA2023": "WT", "PA2491": "D249N", "PA2492": "F172I, nt234\u22068", "PA2493": "WT", "PA2494": "D669G", "PA2495": "WT", "PA3047": "WT", "PA3168": "aa911\u22062", "PA3574": "T188A", "PA3721": "G71E, S209R, P210L", "PA3999": "WT", "PA4003": "WT", "PA4020": "M297V", "PA4109": "WT", "PA4110": "T105A", "PA4266": "WT", "PA4418": "T91A", "PA4522": "G148A, D183Y", "PA4597": "D68G, M69V", "PA4598": "I960L", "PA4599": "S330A", "PA4600": "WT", "PA4776": "WT", "PA4777": "Y345H", "PA4964": "WT", "PA4967": "D533E", "PA5471": "L88P, D161G, H182Q, V243A", "PA5485": "WT"}') ON DUPLICATE KEY UPDATE ame_loci = '-', beta_lactamase_loci = '-', clonal_complex = '282', mutational_resistome = '{"PA0004": "H148N", "PA0424": "WT", "PA0425": "WT", "PA0426": "WT", "PA0427": "WT", "PA0807": "A219T", "PA0958": "WT", "PA1798": "H398R", "PA1799": "WT", "PA2020": "WT", "PA2023": "WT", "PA2491": "D249N", "PA2492": "F172I, nt234\u22068", "PA2493": "WT", "PA2494": "D669G", "PA2495": "WT", "PA3047": "WT", "PA3168": "aa911\u22062", "PA3574": "T188A", "PA3721": "G71E, S209R, P210L", "PA3999": "WT", "PA4003": "WT", "PA4020": "M297V", "PA4109": "WT", "PA4110": "T105A", "PA4266": "WT", "PA4418": "T91A", "PA4522": "G148A, D183Y", "PA4597": "D68G, M69V", "PA4598": "I960L", "PA4599": "S330A", "PA4600": "WT", "PA4776": "WT", "PA4777": "Y345H", "PA4964": "WT", "PA4967": "D533E", "PA5471": "L88P, D161G, H182Q, V243A", "PA5485": "WT"}'; 
INSERT INTO metadata_general(isolate_id, isolate_name, isolate_source, project_name, species) VALUES ('1330', 'MAD05-003', 'VALIDATION SET', 'GEMARA', 'Pseudomonas aeruginosa') ON DUPLICATE KEY UPDATE isolate_name = 'MAD05-003', isolate_source = 'VALIDATION SET', project_name = 'GEMARA', species = 'Pseudomonas aeruginosa'; 
INSERT INTO mic(mic_id, isolate_id, ami, ami_clinical_category, azt, azt_clinical_category, cip, cip_clinical_category, col, col_clinical_category, cza, cza_clinical_category, fep, fep_clinical_category, imi, imi_clinical_category, mer, mer_clinical_category, pip, pip_clinical_category, taz, taz_clinical_category, tic, tic_clinical_category, tob, tob_clinical_category, tol, tol_clinical_category) VALUES ('1330', '1330', '8', 'S', '4', 'S', '0.25', 'S', '2', 'S', '2', 'S', '4', 'S', '4', 'S', '1', 'S', '≤4', 'S', '2', 'S', '32', 'R', '1', 'S', '1', 'S') ON DUPLICATE KEY UPDATE ami = '8', ami_clinical_category = 'S', azt = '4', azt_clinical_category = 'S', cip = '0.25', cip_clinical_category = 'S', col = '2', col_clinical_category = 'S', cza = '2', cza_clinical_category = 'S', fep = '4', fep_clinical_category = 'S', imi = '4', imi_clinical_category = 'S', mer = '1', mer_clinical_category = 'S', pip = '≤4', pip_clinical_category = 'S', taz = '2', taz_clinical_category = 'S', tic = '32', tic_clinical_category = 'R', tob = '1', tob_clinical_category = 'S', tol = '1', tol_clinical_category = 'S'; 
INSERT INTO phenotypic_data(phenotypic_data_id, isolate_id, ecdc_resistance_profile) VALUES ('1310', '1330', 'S') ON DUPLICATE KEY UPDATE ecdc_resistance_profile = 'S'; 
INSERT INTO sequence_analysis(sequence_analysis_id, isolate_id, ame_loci, beta_lactamase_loci, clonal_complex, mutational_resistome) VALUES ('1330', '1330', '-', '-', '1079', '{"PA0004": "WT", "PA0424": "WT", "PA0425": "WT", "PA0426": "WT", "PA0427": "WT", "PA0807": "WT", "PA0958": "WT", "PA1798": "A395T, H398R", "PA1799": "WT", "PA2020": "WT", "PA2023": "WT", "PA2491": "D249N", "PA2492": "P60S, F172I, nt234\u22068", "PA2493": "WT", "PA2494": "WT", "PA2495": "WT", "PA3047": "WT", "PA3168": "E793K, aa911\u22062", "PA3574": "WT", "PA3721": "G71E, S209R, P210L", "PA3999": "WT", "PA4003": "WT", "PA4020": "M297V", "PA4109": "WT", "PA4110": "R79Q, T105A", "PA4266": "K212T", "PA4418": "T91A", "PA4522": "G148A", "PA4597": "WT", "PA4598": "E257Q, S845A", "PA4599": "S51R, R76Q, H310R, S330A, P383S", "PA4600": "WT", "PA4776": "L71R", "PA4777": "S2P, A4T, Y345H", "PA4964": "WT", "PA4967": "WT", "PA5471": "L88P, D119E", "PA5485": "WT"}') ON DUPLICATE KEY UPDATE ame_loci = '-', beta_lactamase_loci = '-', clonal_complex = '1079', mutational_resistome = '{"PA0004": "WT", "PA0424": "WT", "PA0425": "WT", "PA0426": "WT", "PA0427": "WT", "PA0807": "WT", "PA0958": "WT", "PA1798": "A395T, H398R", "PA1799": "WT", "PA2020": "WT", "PA2023": "WT", "PA2491": "D249N", "PA2492": "P60S, F172I, nt234\u22068", "PA2493": "WT", "PA2494": "WT", "PA2495": "WT", "PA3047": "WT", "PA3168": "E793K, aa911\u22062", "PA3574": "WT", "PA3721": "G71E, S209R, P210L", "PA3999": "WT", "PA4003": "WT", "PA4020": "M297V", "PA4109": "WT", "PA4110": "R79Q, T105A", "PA4266": "K212T", "PA4418": "T91A", "PA4522": "G148A", "PA4597": "WT", "PA4598": "E257Q, S845A", "PA4599": "S51R, R76Q, H310R, S330A, P383S", "PA4600": "WT", "PA4776": "L71R", "PA4777": "S2P, A4T, Y345H", "PA4964": "WT", "PA4967": "WT", "PA5471": "L88P, D119E", "PA5485": "WT"}'; 
INSERT INTO metadata_general(isolate_id, isolate_name, isolate_source, project_name, species) VALUES ('1331', 'MAD05-008', 'VALIDATION SET', 'GEMARA', 'Pseudomonas aeruginosa') ON DUPLICATE KEY UPDATE isolate_name = 'MAD05-008', isolate_source = 'VALIDATION SET', project_name = 'GEMARA', species = 'Pseudomonas aeruginosa'; 
INSERT INTO mic(mic_id, isolate_id, ami, ami_clinical_category, azt, azt_clinical_category, cip, cip_clinical_category, col, col_clinical_category, cza, cza_clinical_category, fep, fep_clinical_category, imi, imi_clinical_category, mer, mer_clinical_category, pip, pip_clinical_category, taz, taz_clinical_category, tic, tic_clinical_category, tob, tob_clinical_category, tol, tol_clinical_category) VALUES ('1331', '1331', '32', 'R', '8', 'S', '1', 'R', '2', 'S', '4', 'S', '8', 'S', '4', 'S', '2', 'S', '8', 'S', '4', 'S', '64', 'R', '2', 'S', '2', 'S') ON DUPLICATE KEY UPDATE ami = '32', ami_clinical_category = 'R', azt = '8', azt_clinical_category = 'S', cip = '1', cip_clinical_category = 'R', col = '2', col_clinical_category = 'S', cza = '4', cza_clinical_category = 'S', fep = '8', fep_clinical_category = 'S', imi = '4', imi_clinical_category = 'S', mer = '2', mer_clinical_category = 'S', pip = '8', pip_clinical_category = 'S', taz = '4', taz_clinical_category = 'S', tic = '64', tic_clinical_category = 'R', tob = '2', tob_clinical_category = 'S', tol = '2', tol_clinical_category = 'S'; 
INSERT INTO phenotypic_data(phenotypic_data_id, isolate_id, ecdc_resistance_profile) VALUES ('1311', '1331', 'R') ON DUPLICATE KEY UPDATE ecdc_resistance_profile = 'R'; 
INSERT INTO sequence_analysis(sequence_analysis_id, isolate_id, ame_loci, beta_lactamase_loci, clonal_complex, mutational_resistome) VALUES ('1331', '1331', '-', '-', '1717', '{"PA0004": "WT", "PA0424": "WT", "PA0425": "WT", "PA0426": "WT", "PA0427": "WT", "PA0807": "WT", "PA0958": "WT", "PA1798": "V152A, H398R", "PA1799": "WT", "PA2020": "WT", "PA2023": "WT", "PA2491": "D249N", "PA2492": "P60S, F172I, nt234\u22068", "PA2493": "WT", "PA2494": "WT", "PA2495": "WT", "PA3047": "WT", "PA3168": "WT", "PA3574": "WT", "PA3721": "G71E, S209R", "PA3999": "WT", "PA4003": "WT", "PA4020": "M297V", "PA4109": "WT", "PA4110": "R79Q, T105A", "PA4266": "WT", "PA4418": "WT", "PA4522": "G148A, D183Y", "PA4597": "WT", "PA4598": "E257Q, S845A", "PA4599": "R76Q, H310R, S330A, P383S", "PA4600": "WT", "PA4776": "L71R", "PA4777": "Y345H", "PA4964": "WT", "PA4967": "A473V, D533E", "PA5471": "L88P, D161G, H182Q, V243A", "PA5485": "WT"}') ON DUPLICATE KEY UPDATE ame_loci = '-', beta_lactamase_loci = '-', clonal_complex = '1717', mutational_resistome = '{"PA0004": "WT", "PA0424": "WT", "PA0425": "WT", "PA0426": "WT", "PA0427": "WT", "PA0807": "WT", "PA0958": "WT", "PA1798": "V152A, H398R", "PA1799": "WT", "PA2020": "WT", "PA2023": "WT", "PA2491": "D249N", "PA2492": "P60S, F172I, nt234\u22068", "PA2493": "WT", "PA2494": "WT", "PA2495": "WT", "PA3047": "WT", "PA3168": "WT", "PA3574": "WT", "PA3721": "G71E, S209R", "PA3999": "WT", "PA4003": "WT", "PA4020": "M297V", "PA4109": "WT", "PA4110": "R79Q, T105A", "PA4266": "WT", "PA4418": "WT", "PA4522": "G148A, D183Y", "PA4597": "WT", "PA4598": "E257Q, S845A", "PA4599": "R76Q, H310R, S330A, P383S", "PA4600": "WT", "PA4776": "L71R", "PA4777": "Y345H", "PA4964": "WT", "PA4967": "A473V, D533E", "PA5471": "L88P, D161G, H182Q, V243A", "PA5485": "WT"}'; 
INSERT INTO metadata_general(isolate_id, isolate_name, isolate_source, project_name, species) VALUES ('1316', 'MAD05-009', 'VALIDATION SET', 'GEMARA', 'Pseudomonas aeruginosa') ON DUPLICATE KEY UPDATE isolate_name = 'MAD05-009', isolate_source = 'VALIDATION SET', project_name = 'GEMARA', species = 'Pseudomonas aeruginosa'; 
INSERT INTO mic(mic_id, isolate_id, ami, ami_clinical_category, azt, azt_clinical_category, cip, cip_clinical_category, col, col_clinical_category, cza, cza_clinical_category, fep, fep_clinical_category, imi, imi_clinical_category, mer, mer_clinical_category, pip, pip_clinical_category, taz, taz_clinical_category, tic, tic_clinical_category, tob, tob_clinical_category, tol, tol_clinical_category) VALUES ('1316', '1316', '4', 'S', '8', 'S', '1', 'R', '1', 'S', '4', 'S', '16', 'R', '8', 'R', '4', 'I', '16', 'S', '4', 'S', '64', 'R', '0.5', 'S', '2', 'S') ON DUPLICATE KEY UPDATE ami = '4', ami_clinical_category = 'S', azt = '8', azt_clinical_category = 'S', cip = '1', cip_clinical_category = 'R', col = '1', col_clinical_category = 'S', cza = '4', cza_clinical_category = 'S', fep = '16', fep_clinical_category = 'R', imi = '8', imi_clinical_category = 'R', mer = '4', mer_clinical_category = 'I', pip = '16', pip_clinical_category = 'S', taz = '4', taz_clinical_category = 'S', tic = '64', tic_clinical_category = 'R', tob = '0.5', tob_clinical_category = 'S', tol = '2', tol_clinical_category = 'S'; 
INSERT INTO phenotypic_data(phenotypic_data_id, isolate_id, ecdc_resistance_profile) VALUES ('1296', '1316', 'MDR') ON DUPLICATE KEY UPDATE ecdc_resistance_profile = 'MDR'; 
INSERT INTO sequence_analysis(sequence_analysis_id, isolate_id, ame_loci, beta_lactamase_loci, clonal_complex, mutational_resistome) VALUES ('1316', '1316', '-', '-', '27', '{"PA0004": "S466F", "PA0424": "V126E, V132A", "PA0425": "WT", "PA0426": "WT", "PA0427": "WT", "PA0807": "A219T", "PA0958": "WT", "PA1798": "H398R", "PA1799": "WT", "PA2020": "A88P, L128M", "PA2023": "WT", "PA2491": "D249N", "PA2492": "M7V, F172I, nt234\u22068", "PA2493": "WT", "PA2494": "A598E", "PA2495": "WT", "PA3047": "A394P", "PA3168": "WT", "PA3574": "WT", "PA3721": "G71E, S209R", "PA3999": "WT", "PA4003": "WT", "PA4020": "WT", "PA4109": "WT", "PA4110": "R79Q, T105A, P274L", "PA4266": "WT", "PA4418": "WT", "PA4522": "WT", "PA4597": "D68G, M69V", "PA4598": "I960L", "PA4599": "WT", "PA4600": "WT", "PA4776": "L71R", "PA4777": "Y345H", "PA4964": "WT", "PA4967": "WT", "PA5471": "L88P, D161G, H182Q, V243A", "PA5485": "WT"}') ON DUPLICATE KEY UPDATE ame_loci = '-', beta_lactamase_loci = '-', clonal_complex = '27', mutational_resistome = '{"PA0004": "S466F", "PA0424": "V126E, V132A", "PA0425": "WT", "PA0426": "WT", "PA0427": "WT", "PA0807": "A219T", "PA0958": "WT", "PA1798": "H398R", "PA1799": "WT", "PA2020": "A88P, L128M", "PA2023": "WT", "PA2491": "D249N", "PA2492": "M7V, F172I, nt234\u22068", "PA2493": "WT", "PA2494": "A598E", "PA2495": "WT", "PA3047": "A394P", "PA3168": "WT", "PA3574": "WT", "PA3721": "G71E, S209R", "PA3999": "WT", "PA4003": "WT", "PA4020": "WT", "PA4109": "WT", "PA4110": "R79Q, T105A, P274L", "PA4266": "WT", "PA4418": "WT", "PA4522": "WT", "PA4597": "D68G, M69V", "PA4598": "I960L", "PA4599": "WT", "PA4600": "WT", "PA4776": "L71R", "PA4777": "Y345H", "PA4964": "WT", "PA4967": "WT", "PA5471": "L88P, D161G, H182Q, V243A", "PA5485": "WT"}'; 
INSERT INTO metadata_general(isolate_id, isolate_name, isolate_source, project_name, species) VALUES ('1327', 'MAD05-011', 'VALIDATION SET', 'GEMARA', 'Pseudomonas aeruginosa') ON DUPLICATE KEY UPDATE isolate_name = 'MAD05-011', isolate_source = 'VALIDATION SET', project_name = 'GEMARA', species = 'Pseudomonas aeruginosa'; 
INSERT INTO mic(mic_id, isolate_id, ami, ami_clinical_category, azt, azt_clinical_category, cip, cip_clinical_category, col, col_clinical_category, cza, cza_clinical_category, fep, fep_clinical_category, imi, imi_clinical_category, mer, mer_clinical_category, pip, pip_clinical_category, taz, taz_clinical_category, tic, tic_clinical_category, tob, tob_clinical_category, tol, tol_clinical_category) VALUES ('1327', '1327', '4', 'S', '4', 'S', '>16', 'R', '2', 'S', '2', 'S', '4', 'S', '≤0.5', 'S', '≤0.5', 'S', '≤4', 'S', '2', 'S', '32', 'R', '32', 'R', '1', 'S') ON DUPLICATE KEY UPDATE ami = '4', ami_clinical_category = 'S', azt = '4', azt_clinical_category = 'S', cip = '>16', cip_clinical_category = 'R', col = '2', col_clinical_category = 'S', cza = '2', cza_clinical_category = 'S', fep = '4', fep_clinical_category = 'S', imi = '≤0.5', imi_clinical_category = 'S', mer = '≤0.5', mer_clinical_category = 'S', pip = '≤4', pip_clinical_category = 'S', taz = '2', taz_clinical_category = 'S', tic = '32', tic_clinical_category = 'R', tob = '32', tob_clinical_category = 'R', tol = '1', tol_clinical_category = 'S'; 
INSERT INTO phenotypic_data(phenotypic_data_id, isolate_id, ecdc_resistance_profile) VALUES ('1307', '1327', 'R') ON DUPLICATE KEY UPDATE ecdc_resistance_profile = 'R'; 
INSERT INTO sequence_analysis(sequence_analysis_id, isolate_id, ame_loci, beta_lactamase_loci, clonal_complex, mutational_resistome) VALUES ('1327', '1327', 'aadB', '-', '175', '{"PA0004": "WT", "PA0424": "WT", "PA0425": "WT", "PA0426": "WT", "PA0427": "WT", "PA0807": "A219T", "PA0958": "WT", "PA1798": "H398R", "PA1799": "WT", "PA2020": "G195D", "PA2023": "WT", "PA2491": "D249N", "PA2492": "P60S, F172I, nt234\u22068", "PA2493": "WT", "PA2494": "WT", "PA2495": "WT", "PA3047": "WT", "PA3168": "T83I, D87N", "PA3574": "WT", "PA3721": "G71E, A186T", "PA3999": "WT", "PA4003": "WT", "PA4020": "WT", "PA4109": "WT", "PA4110": "WT", "PA4266": "WT", "PA4418": "WT", "PA4522": "G148A, D183Y", "PA4597": "M69V", "PA4598": "E257Q, S845A", "PA4599": "E26A, H310R, S330A, P383S", "PA4600": "WT", "PA4776": "WT", "PA4777": "Y345H", "PA4964": "S87W, L168Q", "PA4967": "WT", "PA5471": "L88P, D161G, H182Q, V243A, V266M", "PA5485": "WT"}') ON DUPLICATE KEY UPDATE ame_loci = 'aadB', beta_lactamase_loci = '-', clonal_complex = '175', mutational_resistome = '{"PA0004": "WT", "PA0424": "WT", "PA0425": "WT", "PA0426": "WT", "PA0427": "WT", "PA0807": "A219T", "PA0958": "WT", "PA1798": "H398R", "PA1799": "WT", "PA2020": "G195D", "PA2023": "WT", "PA2491": "D249N", "PA2492": "P60S, F172I, nt234\u22068", "PA2493": "WT", "PA2494": "WT", "PA2495": "WT", "PA3047": "WT", "PA3168": "T83I, D87N", "PA3574": "WT", "PA3721": "G71E, A186T", "PA3999": "WT", "PA4003": "WT", "PA4020": "WT", "PA4109": "WT", "PA4110": "WT", "PA4266": "WT", "PA4418": "WT", "PA4522": "G148A, D183Y", "PA4597": "M69V", "PA4598": "E257Q, S845A", "PA4599": "E26A, H310R, S330A, P383S", "PA4600": "WT", "PA4776": "WT", "PA4777": "Y345H", "PA4964": "S87W, L168Q", "PA4967": "WT", "PA5471": "L88P, D161G, H182Q, V243A, V266M", "PA5485": "WT"}'; 
INSERT INTO metadata_general(isolate_id, isolate_name, isolate_source, project_name, species) VALUES ('1365', 'MAD06-001', 'VALIDATION SET', 'GEMARA', 'Pseudomonas aeruginosa') ON DUPLICATE KEY UPDATE isolate_name = 'MAD06-001', isolate_source = 'VALIDATION SET', project_name = 'GEMARA', species = 'Pseudomonas aeruginosa'; 
INSERT INTO mic(mic_id, isolate_id, ami, ami_clinical_category, azt, azt_clinical_category, cip, cip_clinical_category, col, col_clinical_category, cza, cza_clinical_category, fep, fep_clinical_category, imi, imi_clinical_category, mer, mer_clinical_category, pip, pip_clinical_category, taz, taz_clinical_category, tic, tic_clinical_category, tob, tob_clinical_category, tol, tol_clinical_category) VALUES ('1365', '1365', '8', 'S', '4', 'S', '0.25', 'S', '2', 'S', '2', 'S', '8', 'S', '4', 'S', '8', 'I', '8', 'S', '2', 'S', '32', 'R', '0.5', 'S', '1', 'S') ON DUPLICATE KEY UPDATE ami = '8', ami_clinical_category = 'S', azt = '4', azt_clinical_category = 'S', cip = '0.25', cip_clinical_category = 'S', col = '2', col_clinical_category = 'S', cza = '2', cza_clinical_category = 'S', fep = '8', fep_clinical_category = 'S', imi = '4', imi_clinical_category = 'S', mer = '8', mer_clinical_category = 'I', pip = '8', pip_clinical_category = 'S', taz = '2', taz_clinical_category = 'S', tic = '32', tic_clinical_category = 'R', tob = '0.5', tob_clinical_category = 'S', tol = '1', tol_clinical_category = 'S'; 
INSERT INTO phenotypic_data(phenotypic_data_id, isolate_id, ecdc_resistance_profile) VALUES ('1349', '1365', 'S') ON DUPLICATE KEY UPDATE ecdc_resistance_profile = 'S'; 
INSERT INTO sequence_analysis(sequence_analysis_id, isolate_id, ame_loci, beta_lactamase_loci, clonal_complex, mutational_resistome) VALUES ('1365', '1365', '-', '-', '260', '{"PA0004": "WT", "PA0424": "WT", "PA0425": "WT", "PA0426": "WT", "PA0427": "WT", "PA0807": "A219T", "PA0958": "WT", "PA1798": "H398R", "PA1799": "V55I, I80L", "PA2020": "L138R, nt227\u22061", "PA2023": "WT", "PA2491": "E205V, D249N", "PA2492": "F172I, nt234\u22068", "PA2493": "WT", "PA2494": "F509V", "PA2495": "WT", "PA3047": "WT", "PA3168": "aa911\u22062", "PA3574": "WT", "PA3721": "G71E, S209R", "PA3999": "WT", "PA4003": "WT", "PA4020": "WT", "PA4109": "WT", "PA4110": "T105A", "PA4266": "WT", "PA4418": "WT", "PA4522": "G46S, G148A", "PA4597": "D68G, M69V", "PA4598": "A536S, S845A", "PA4599": "R76Q, H310R, S330A, P383S", "PA4600": "WT", "PA4776": "L71R", "PA4777": "Y345H", "PA4964": "V646L", "PA4967": "WT", "PA5471": "C40R, L88P, D161G, H182Q, V243A", "PA5485": "WT"}') ON DUPLICATE KEY UPDATE ame_loci = '-', beta_lactamase_loci = '-', clonal_complex = '260', mutational_resistome = '{"PA0004": "WT", "PA0424": "WT", "PA0425": "WT", "PA0426": "WT", "PA0427": "WT", "PA0807": "A219T", "PA0958": "WT", "PA1798": "H398R", "PA1799": "V55I, I80L", "PA2020": "L138R, nt227\u22061", "PA2023": "WT", "PA2491": "E205V, D249N", "PA2492": "F172I, nt234\u22068", "PA2493": "WT", "PA2494": "F509V", "PA2495": "WT", "PA3047": "WT", "PA3168": "aa911\u22062", "PA3574": "WT", "PA3721": "G71E, S209R", "PA3999": "WT", "PA4003": "WT", "PA4020": "WT", "PA4109": "WT", "PA4110": "T105A", "PA4266": "WT", "PA4418": "WT", "PA4522": "G46S, G148A", "PA4597": "D68G, M69V", "PA4598": "A536S, S845A", "PA4599": "R76Q, H310R, S330A, P383S", "PA4600": "WT", "PA4776": "L71R", "PA4777": "Y345H", "PA4964": "V646L", "PA4967": "WT", "PA5471": "C40R, L88P, D161G, H182Q, V243A", "PA5485": "WT"}'; 
INSERT INTO metadata_general(isolate_id, isolate_name, isolate_source, project_name, species) VALUES ('1347', 'MAD06-002', 'VALIDATION SET', 'GEMARA', 'Pseudomonas aeruginosa') ON DUPLICATE KEY UPDATE isolate_name = 'MAD06-002', isolate_source = 'VALIDATION SET', project_name = 'GEMARA', species = 'Pseudomonas aeruginosa'; 
INSERT INTO mic(mic_id, isolate_id, ami, ami_clinical_category, azt, azt_clinical_category, cip, cip_clinical_category, col, col_clinical_category, cza, cza_clinical_category, fep, fep_clinical_category, imi, imi_clinical_category, mer, mer_clinical_category, pip, pip_clinical_category, taz, taz_clinical_category, tic, tic_clinical_category, tob, tob_clinical_category, tol, tol_clinical_category) VALUES ('1347', '1347', '4', 'S', '4', 'S', '≤0.12', 'S', '2', 'S', '2', 'S', '4', 'S', '2', 'S', '≤0.5', 'S', '≤4', 'S', '2', 'S', '32', 'R', '0.5', 'S', '1', 'S') ON DUPLICATE KEY UPDATE ami = '4', ami_clinical_category = 'S', azt = '4', azt_clinical_category = 'S', cip = '≤0.12', cip_clinical_category = 'S', col = '2', col_clinical_category = 'S', cza = '2', cza_clinical_category = 'S', fep = '4', fep_clinical_category = 'S', imi = '2', imi_clinical_category = 'S', mer = '≤0.5', mer_clinical_category = 'S', pip = '≤4', pip_clinical_category = 'S', taz = '2', taz_clinical_category = 'S', tic = '32', tic_clinical_category = 'R', tob = '0.5', tob_clinical_category = 'S', tol = '1', tol_clinical_category = 'S'; 
INSERT INTO phenotypic_data(phenotypic_data_id, isolate_id, ecdc_resistance_profile) VALUES ('1331', '1347', 'S') ON DUPLICATE KEY UPDATE ecdc_resistance_profile = 'S'; 
INSERT INTO sequence_analysis(sequence_analysis_id, isolate_id, ame_loci, beta_lactamase_loci, clonal_complex, mutational_resistome) VALUES ('1347', '1347', '-', '-', '2615', '{"PA0004": "H148N", "PA0424": "WT", "PA0425": "WT", "PA0426": "WT", "PA0427": "WT", "PA0807": "A219T", "PA0958": "WT", "PA1798": "H398R", "PA1799": "WT", "PA2020": "WT", "PA2023": "WT", "PA2491": "D249N", "PA2492": "P60S, F172I, nt234\u22068", "PA2493": "WT", "PA2494": "WT", "PA2495": "WT", "PA3047": "A394P, A474T", "PA3168": "WT", "PA3574": "T188A", "PA3721": "G71E", "PA3999": "WT", "PA4003": "WT", "PA4020": "M297V", "PA4109": "WT", "PA4110": "T105A", "PA4266": "WT", "PA4418": "WT", "PA4522": "A29V, W97C, D183Y", "PA4597": "M69V, Q267R", "PA4598": "E257Q, S845A", "PA4599": "WT", "PA4600": "WT", "PA4776": "L71R", "PA4777": "G68S, Y345H", "PA4964": "V646L", "PA4967": "WT", "PA5471": "L88P, D161G, H182Q, V243A", "PA5485": "WT"}') ON DUPLICATE KEY UPDATE ame_loci = '-', beta_lactamase_loci = '-', clonal_complex = '2615', mutational_resistome = '{"PA0004": "H148N", "PA0424": "WT", "PA0425": "WT", "PA0426": "WT", "PA0427": "WT", "PA0807": "A219T", "PA0958": "WT", "PA1798": "H398R", "PA1799": "WT", "PA2020": "WT", "PA2023": "WT", "PA2491": "D249N", "PA2492": "P60S, F172I, nt234\u22068", "PA2493": "WT", "PA2494": "WT", "PA2495": "WT", "PA3047": "A394P, A474T", "PA3168": "WT", "PA3574": "T188A", "PA3721": "G71E", "PA3999": "WT", "PA4003": "WT", "PA4020": "M297V", "PA4109": "WT", "PA4110": "T105A", "PA4266": "WT", "PA4418": "WT", "PA4522": "A29V, W97C, D183Y", "PA4597": "M69V, Q267R", "PA4598": "E257Q, S845A", "PA4599": "WT", "PA4600": "WT", "PA4776": "L71R", "PA4777": "G68S, Y345H", "PA4964": "V646L", "PA4967": "WT", "PA5471": "L88P, D161G, H182Q, V243A", "PA5485": "WT"}'; 
INSERT INTO metadata_general(isolate_id, isolate_name, isolate_source, project_name, species) VALUES ('1366', 'MAD06-004', 'VALIDATION SET', 'GEMARA', 'Pseudomonas aeruginosa') ON DUPLICATE KEY UPDATE isolate_name = 'MAD06-004', isolate_source = 'VALIDATION SET', project_name = 'GEMARA', species = 'Pseudomonas aeruginosa'; 
INSERT INTO mic(mic_id, isolate_id, ami, ami_clinical_category, azt, azt_clinical_category, cip, cip_clinical_category, col, col_clinical_category, cza, cza_clinical_category, fep, fep_clinical_category, imi, imi_clinical_category, mer, mer_clinical_category, pip, pip_clinical_category, taz, taz_clinical_category, tic, tic_clinical_category, tob, tob_clinical_category, tol, tol_clinical_category) VALUES ('1366', '1366', '4', 'S', '16', 'S', '1', 'R', '2', 'S', '4', 'S', '8', 'S', '2', 'S', '1', 'S', '16', 'S', '8', 'S', '128', 'R', '0.5', 'S', '2', 'S') ON DUPLICATE KEY UPDATE ami = '4', ami_clinical_category = 'S', azt = '16', azt_clinical_category = 'S', cip = '1', cip_clinical_category = 'R', col = '2', col_clinical_category = 'S', cza = '4', cza_clinical_category = 'S', fep = '8', fep_clinical_category = 'S', imi = '2', imi_clinical_category = 'S', mer = '1', mer_clinical_category = 'S', pip = '16', pip_clinical_category = 'S', taz = '8', taz_clinical_category = 'S', tic = '128', tic_clinical_category = 'R', tob = '0.5', tob_clinical_category = 'S', tol = '2', tol_clinical_category = 'S'; 
INSERT INTO phenotypic_data(phenotypic_data_id, isolate_id, ecdc_resistance_profile) VALUES ('1350', '1366', 'R') ON DUPLICATE KEY UPDATE ecdc_resistance_profile = 'R'; 
INSERT INTO sequence_analysis(sequence_analysis_id, isolate_id, ame_loci, beta_lactamase_loci, clonal_complex, mutational_resistome) VALUES ('1366', '1366', '-', '-', '274', '{"PA0004": "H148N", "PA0424": "WT", "PA0425": "WT", "PA0426": "WT", "PA0427": "WT", "PA0807": "WT", "PA0958": "WT", "PA1798": "A82T, H398R", "PA1799": "WT", "PA2020": "WT", "PA2023": "WT", "PA2491": "D249N", "PA2492": "F172I, nt234\u22068", "PA2493": "WT", "PA2494": "WT", "PA2495": "WT", "PA3047": "A358V, A394P", "PA3168": "WT", "PA3574": "WT", "PA3721": "G71E, S209R", "PA3999": "WT", "PA4003": "WT", "PA4020": "M297V", "PA4109": "WT", "PA4110": "T21A, T105A, G391A", "PA4266": "WT", "PA4418": "WT", "PA4522": "R11L, G148A, D183Y", "PA4597": "D68G, M69V", "PA4598": "E257Q, A536S, S845A", "PA4599": "WT", "PA4600": "WT", "PA4776": "L71R", "PA4777": "Y345H", "PA4964": "WT", "PA4967": "WT", "PA5471": "L88P, D119E", "PA5485": "WT"}') ON DUPLICATE KEY UPDATE ame_loci = '-', beta_lactamase_loci = '-', clonal_complex = '274', mutational_resistome = '{"PA0004": "H148N", "PA0424": "WT", "PA0425": "WT", "PA0426": "WT", "PA0427": "WT", "PA0807": "WT", "PA0958": "WT", "PA1798": "A82T, H398R", "PA1799": "WT", "PA2020": "WT", "PA2023": "WT", "PA2491": "D249N", "PA2492": "F172I, nt234\u22068", "PA2493": "WT", "PA2494": "WT", "PA2495": "WT", "PA3047": "A358V, A394P", "PA3168": "WT", "PA3574": "WT", "PA3721": "G71E, S209R", "PA3999": "WT", "PA4003": "WT", "PA4020": "M297V", "PA4109": "WT", "PA4110": "T21A, T105A, G391A", "PA4266": "WT", "PA4418": "WT", "PA4522": "R11L, G148A, D183Y", "PA4597": "D68G, M69V", "PA4598": "E257Q, A536S, S845A", "PA4599": "WT", "PA4600": "WT", "PA4776": "L71R", "PA4777": "Y345H", "PA4964": "WT", "PA4967": "WT", "PA5471": "L88P, D119E", "PA5485": "WT"}'; 
INSERT INTO metadata_general(isolate_id, isolate_name, isolate_source, project_name, species) VALUES ('1356', 'MAD06-005', 'VALIDATION SET', 'GEMARA', 'Pseudomonas aeruginosa') ON DUPLICATE KEY UPDATE isolate_name = 'MAD06-005', isolate_source = 'VALIDATION SET', project_name = 'GEMARA', species = 'Pseudomonas aeruginosa'; 
INSERT INTO mic(mic_id, isolate_id, ami, ami_clinical_category, azt, azt_clinical_category, cip, cip_clinical_category, col, col_clinical_category, cza, cza_clinical_category, fep, fep_clinical_category, imi, imi_clinical_category, mer, mer_clinical_category, pip, pip_clinical_category, taz, taz_clinical_category, tic, tic_clinical_category, tob, tob_clinical_category, tol, tol_clinical_category) VALUES ('1356', '1356', '4', 'S', '4', 'S', '0.25', 'S', '1', 'S', '1', 'S', '4', 'S', '1', 'S', '≤0.5', 'S', '8', 'S', '2', 'S', '16', 'S', '0.5', 'S', '1', 'S') ON DUPLICATE KEY UPDATE ami = '4', ami_clinical_category = 'S', azt = '4', azt_clinical_category = 'S', cip = '0.25', cip_clinical_category = 'S', col = '1', col_clinical_category = 'S', cza = '1', cza_clinical_category = 'S', fep = '4', fep_clinical_category = 'S', imi = '1', imi_clinical_category = 'S', mer = '≤0.5', mer_clinical_category = 'S', pip = '8', pip_clinical_category = 'S', taz = '2', taz_clinical_category = 'S', tic = '16', tic_clinical_category = 'S', tob = '0.5', tob_clinical_category = 'S', tol = '1', tol_clinical_category = 'S'; 
INSERT INTO phenotypic_data(phenotypic_data_id, isolate_id, ecdc_resistance_profile) VALUES ('1340', '1356', 'S') ON DUPLICATE KEY UPDATE ecdc_resistance_profile = 'S'; 
INSERT INTO sequence_analysis(sequence_analysis_id, isolate_id, ame_loci, beta_lactamase_loci, clonal_complex, mutational_resistome) VALUES ('1356', '1356', '-', '-', '1419', '{"PA0004": "WT", "PA0424": "WT", "PA0425": "WT", "PA0426": "A539T", "PA0427": "WT", "PA0807": "WT", "PA0958": "WT", "PA1798": "H398R", "PA1799": "WT", "PA2020": "WT", "PA2023": "WT", "PA2491": "D249N", "PA2492": "P60S, F172I, nt234\u22068", "PA2493": "WT", "PA2494": "WT", "PA2495": "WT", "PA3047": "WT", "PA3168": "WT", "PA3574": "WT", "PA3721": "G71E, S209R", "PA3999": "WT", "PA4003": "WT", "PA4020": "WT", "PA4109": "WT", "PA4110": "T105A", "PA4266": "WT", "PA4418": "T91A", "PA4522": "WT", "PA4597": "M69V, S127N, Q267R", "PA4598": "E257Q, R696C, S845A", "PA4599": "WT", "PA4600": "WT", "PA4776": "L71R", "PA4777": "Y345H", "PA4964": "WT", "PA4967": "WT", "PA5471": "L88P, D161G, H182Q, V243A", "PA5485": "WT"}') ON DUPLICATE KEY UPDATE ame_loci = '-', beta_lactamase_loci = '-', clonal_complex = '1419', mutational_resistome = '{"PA0004": "WT", "PA0424": "WT", "PA0425": "WT", "PA0426": "A539T", "PA0427": "WT", "PA0807": "WT", "PA0958": "WT", "PA1798": "H398R", "PA1799": "WT", "PA2020": "WT", "PA2023": "WT", "PA2491": "D249N", "PA2492": "P60S, F172I, nt234\u22068", "PA2493": "WT", "PA2494": "WT", "PA2495": "WT", "PA3047": "WT", "PA3168": "WT", "PA3574": "WT", "PA3721": "G71E, S209R", "PA3999": "WT", "PA4003": "WT", "PA4020": "WT", "PA4109": "WT", "PA4110": "T105A", "PA4266": "WT", "PA4418": "T91A", "PA4522": "WT", "PA4597": "M69V, S127N, Q267R", "PA4598": "E257Q, R696C, S845A", "PA4599": "WT", "PA4600": "WT", "PA4776": "L71R", "PA4777": "Y345H", "PA4964": "WT", "PA4967": "WT", "PA5471": "L88P, D161G, H182Q, V243A", "PA5485": "WT"}'; 
INSERT INTO metadata_general(isolate_id, isolate_name, isolate_source, project_name, species) VALUES ('1387', 'MUR01-001', 'VALIDATION SET', 'GEMARA', 'Pseudomonas aeruginosa') ON DUPLICATE KEY UPDATE isolate_name = 'MUR01-001', isolate_source = 'VALIDATION SET', project_name = 'GEMARA', species = 'Pseudomonas aeruginosa'; 
INSERT INTO mic(mic_id, isolate_id, ami, ami_clinical_category, azt, azt_clinical_category, cip, cip_clinical_category, col, col_clinical_category, cza, cza_clinical_category, fep, fep_clinical_category, imi, imi_clinical_category, mer, mer_clinical_category, pip, pip_clinical_category, taz, taz_clinical_category, tic, tic_clinical_category, tob, tob_clinical_category, tol, tol_clinical_category) VALUES ('1387', '1387', '≤2', 'S', '4', 'S', '≤0.12', 'S', '1', 'S', '2', 'S', '4', 'S', '1', 'S', '≤0.5', 'S', '≤4', 'S', '2', 'S', '32', 'R', '1', 'S', '1', 'S') ON DUPLICATE KEY UPDATE ami = '≤2', ami_clinical_category = 'S', azt = '4', azt_clinical_category = 'S', cip = '≤0.12', cip_clinical_category = 'S', col = '1', col_clinical_category = 'S', cza = '2', cza_clinical_category = 'S', fep = '4', fep_clinical_category = 'S', imi = '1', imi_clinical_category = 'S', mer = '≤0.5', mer_clinical_category = 'S', pip = '≤4', pip_clinical_category = 'S', taz = '2', taz_clinical_category = 'S', tic = '32', tic_clinical_category = 'R', tob = '1', tob_clinical_category = 'S', tol = '1', tol_clinical_category = 'S'; 
INSERT INTO phenotypic_data(phenotypic_data_id, isolate_id, ecdc_resistance_profile) VALUES ('1372', '1387', 'S') ON DUPLICATE KEY UPDATE ecdc_resistance_profile = 'S'; 
INSERT INTO sequence_analysis(sequence_analysis_id, isolate_id, ame_loci, beta_lactamase_loci, clonal_complex, mutational_resistome) VALUES ('1387', '1387', '-', '-', '3344', '{"PA0004": "WT", "PA0424": "WT", "PA0425": "WT", "PA0426": "WT", "PA0427": "WT", "PA0807": "A219T", "PA0958": "WT", "PA1798": "H398R", "PA1799": "WT", "PA2020": "WT", "PA2023": "WT", "PA2491": "D249N", "PA2492": "F172I, nt234\u22068", "PA2493": "P397Q", "PA2494": "D230A", "PA2495": "S13P, A113S", "PA3047": "WT", "PA3168": "WT", "PA3574": "WT", "PA3721": "G71E, S209R", "PA3999": "WT", "PA4003": "WT", "PA4020": "M297V, A303V", "PA4109": "WT", "PA4110": "R79Q, T105A, I365V", "PA4266": "WT", "PA4418": "L23V, Y146F", "PA4522": "D183Y", "PA4597": "M69V, T376S", "PA4598": "E314D, S845A, A959S", "PA4599": "R76Q, T175A, H310R, S313G, S330A, A378T, P383S", "PA4600": "WT", "PA4776": "WT", "PA4777": "Y345H", "PA4964": "WT", "PA4967": "WT", "PA5471": "L88P, D161G, H182Q, V243A, A245V", "PA5485": "WT"}') ON DUPLICATE KEY UPDATE ame_loci = '-', beta_lactamase_loci = '-', clonal_complex = '3344', mutational_resistome = '{"PA0004": "WT", "PA0424": "WT", "PA0425": "WT", "PA0426": "WT", "PA0427": "WT", "PA0807": "A219T", "PA0958": "WT", "PA1798": "H398R", "PA1799": "WT", "PA2020": "WT", "PA2023": "WT", "PA2491": "D249N", "PA2492": "F172I, nt234\u22068", "PA2493": "P397Q", "PA2494": "D230A", "PA2495": "S13P, A113S", "PA3047": "WT", "PA3168": "WT", "PA3574": "WT", "PA3721": "G71E, S209R", "PA3999": "WT", "PA4003": "WT", "PA4020": "M297V, A303V", "PA4109": "WT", "PA4110": "R79Q, T105A, I365V", "PA4266": "WT", "PA4418": "L23V, Y146F", "PA4522": "D183Y", "PA4597": "M69V, T376S", "PA4598": "E314D, S845A, A959S", "PA4599": "R76Q, T175A, H310R, S313G, S330A, A378T, P383S", "PA4600": "WT", "PA4776": "WT", "PA4777": "Y345H", "PA4964": "WT", "PA4967": "WT", "PA5471": "L88P, D161G, H182Q, V243A, A245V", "PA5485": "WT"}'; 
INSERT INTO metadata_general(isolate_id, isolate_name, isolate_source, project_name, species) VALUES ('1382', 'MUR01-002', 'VALIDATION SET', 'GEMARA', 'Pseudomonas aeruginosa') ON DUPLICATE KEY UPDATE isolate_name = 'MUR01-002', isolate_source = 'VALIDATION SET', project_name = 'GEMARA', species = 'Pseudomonas aeruginosa'; 
INSERT INTO mic(mic_id, isolate_id, ami, ami_clinical_category, azt, azt_clinical_category, cip, cip_clinical_category, col, col_clinical_category, cza, cza_clinical_category, fep, fep_clinical_category, imi, imi_clinical_category, mer, mer_clinical_category, pip, pip_clinical_category, taz, taz_clinical_category, tic, tic_clinical_category, tob, tob_clinical_category, tol, tol_clinical_category) VALUES ('1382', '1382', '≤2', 'S', '8', 'S', '≤0.12', 'S', '2', 'S', '2', 'S', '4', 'S', '≤0.5', 'S', '1', 'S', '32', 'R', '8', 'S', '64', 'R', '0.5', 'S', '1', 'S') ON DUPLICATE KEY UPDATE ami = '≤2', ami_clinical_category = 'S', azt = '8', azt_clinical_category = 'S', cip = '≤0.12', cip_clinical_category = 'S', col = '2', col_clinical_category = 'S', cza = '2', cza_clinical_category = 'S', fep = '4', fep_clinical_category = 'S', imi = '≤0.5', imi_clinical_category = 'S', mer = '1', mer_clinical_category = 'S', pip = '32', pip_clinical_category = 'R', taz = '8', taz_clinical_category = 'S', tic = '64', tic_clinical_category = 'R', tob = '0.5', tob_clinical_category = 'S', tol = '1', tol_clinical_category = 'S'; 
INSERT INTO phenotypic_data(phenotypic_data_id, isolate_id, ecdc_resistance_profile) VALUES ('1367', '1382', 'R') ON DUPLICATE KEY UPDATE ecdc_resistance_profile = 'R'; 
INSERT INTO sequence_analysis(sequence_analysis_id, isolate_id, ame_loci, beta_lactamase_loci, clonal_complex, mutational_resistome) VALUES ('1382', '1382', '-', '-', '319', '{"PA0004": "WT", "PA0424": "V126E", "PA0425": "WT", "PA0426": "G957D", "PA0427": "WT", "PA0807": "WT", "PA0958": "WT", "PA1798": "H398R", "PA1799": "L153R, S170N", "PA2020": "WT", "PA2023": "WT", "PA2491": "D249N", "PA2492": "F172I, nt234\u22068", "PA2493": "WT", "PA2494": "WT", "PA2495": "S13P", "PA3047": "V289I", "PA3168": "A668T", "PA3574": "WT", "PA3721": "G71E, A145V, S209R", "PA3999": "WT", "PA4003": "S376N", "PA4020": "M297V", "PA4109": "E114A, G283E, M288R", "PA4110": "G27D, T105A, V205L, G391A", "PA4266": "WT", "PA4418": "WT", "PA4522": "WT", "PA4597": "A260V", "PA4598": "T87S, S845A", "PA4599": "E251Q, A262E, A277T, H310R, S330A, A378T, A384V", "PA4600": "WT", "PA4776": "L71R", "PA4777": "A4T, V15I, G68S, Y345H", "PA4964": "WT", "PA4967": "A342V, D533E", "PA5471": "C40R, L88P, S112N, D119E, D207N, I237V, V243A, S314N", "PA5485": "WT"}') ON DUPLICATE KEY UPDATE ame_loci = '-', beta_lactamase_loci = '-', clonal_complex = '319', mutational_resistome = '{"PA0004": "WT", "PA0424": "V126E", "PA0425": "WT", "PA0426": "G957D", "PA0427": "WT", "PA0807": "WT", "PA0958": "WT", "PA1798": "H398R", "PA1799": "L153R, S170N", "PA2020": "WT", "PA2023": "WT", "PA2491": "D249N", "PA2492": "F172I, nt234\u22068", "PA2493": "WT", "PA2494": "WT", "PA2495": "S13P", "PA3047": "V289I", "PA3168": "A668T", "PA3574": "WT", "PA3721": "G71E, A145V, S209R", "PA3999": "WT", "PA4003": "S376N", "PA4020": "M297V", "PA4109": "E114A, G283E, M288R", "PA4110": "G27D, T105A, V205L, G391A", "PA4266": "WT", "PA4418": "WT", "PA4522": "WT", "PA4597": "A260V", "PA4598": "T87S, S845A", "PA4599": "E251Q, A262E, A277T, H310R, S330A, A378T, A384V", "PA4600": "WT", "PA4776": "L71R", "PA4777": "A4T, V15I, G68S, Y345H", "PA4964": "WT", "PA4967": "A342V, D533E", "PA5471": "C40R, L88P, S112N, D119E, D207N, I237V, V243A, S314N", "PA5485": "WT"}'; 
INSERT INTO metadata_general(isolate_id, isolate_name, isolate_source, project_name, species) VALUES ('1371', 'MUR01-003', 'VALIDATION SET', 'GEMARA', 'Pseudomonas aeruginosa') ON DUPLICATE KEY UPDATE isolate_name = 'MUR01-003', isolate_source = 'VALIDATION SET', project_name = 'GEMARA', species = 'Pseudomonas aeruginosa'; 
INSERT INTO mic(mic_id, isolate_id, ami, ami_clinical_category, azt, azt_clinical_category, cip, cip_clinical_category, col, col_clinical_category, cza, cza_clinical_category, fep, fep_clinical_category, imi, imi_clinical_category, mer, mer_clinical_category, pip, pip_clinical_category, taz, taz_clinical_category, tic, tic_clinical_category, tob, tob_clinical_category, tol, tol_clinical_category) VALUES ('1371', '1371', '≤2', 'S', '4', 'S', '≤0.12', 'S', '1', 'S', '2', 'S', '8', 'S', '1', 'S', '1', 'S', '≤4', 'S', '4', 'S', '32', 'R', '≤0.25', 'S', '≤0.5', 'S') ON DUPLICATE KEY UPDATE ami = '≤2', ami_clinical_category = 'S', azt = '4', azt_clinical_category = 'S', cip = '≤0.12', cip_clinical_category = 'S', col = '1', col_clinical_category = 'S', cza = '2', cza_clinical_category = 'S', fep = '8', fep_clinical_category = 'S', imi = '1', imi_clinical_category = 'S', mer = '1', mer_clinical_category = 'S', pip = '≤4', pip_clinical_category = 'S', taz = '4', taz_clinical_category = 'S', tic = '32', tic_clinical_category = 'R', tob = '≤0.25', tob_clinical_category = 'S', tol = '≤0.5', tol_clinical_category = 'S'; 
INSERT INTO phenotypic_data(phenotypic_data_id, isolate_id, ecdc_resistance_profile) VALUES ('1356', '1371', 'S') ON DUPLICATE KEY UPDATE ecdc_resistance_profile = 'S'; 
INSERT INTO sequence_analysis(sequence_analysis_id, isolate_id, ame_loci, beta_lactamase_loci, clonal_complex, mutational_resistome) VALUES ('1371', '1371', '-', '-', '1621', '{"PA0004": "WT", "PA0424": "V126E", "PA0425": "WT", "PA0426": "WT", "PA0427": "WT", "PA0807": "WT", "PA0958": "WT", "PA1798": "H398R", "PA1799": "L153R, S170N", "PA2020": "WT", "PA2023": "WT", "PA2491": "D249N, V318I", "PA2492": "F172I, nt234\u22068", "PA2493": "WT", "PA2494": "WT", "PA2495": "S13P, A410S", "PA3047": "WT", "PA3168": "aa911\u22062", "PA3574": "WT", "PA3721": "G71E, D79E, T100S, S209R", "PA3999": "WT", "PA4003": "WT", "PA4020": "M297V", "PA4109": "E114A, G283E, M288R", "PA4110": "T21A, T105A, V205L, G391A", "PA4266": "WT", "PA4418": "WT", "PA4522": "G148A, R178C", "PA4597": "WT", "PA4598": "E257Q, S845A, K1031R", "PA4599": "S330A", "PA4600": "WT", "PA4776": "L71R", "PA4777": "A4T, V15I, G68S, Y345H", "PA4964": "WT", "PA4967": "D533E", "PA5471": "C40R, L88P, S112N, D119E, I237V, V243A", "PA5485": "WT"}') ON DUPLICATE KEY UPDATE ame_loci = '-', beta_lactamase_loci = '-', clonal_complex = '1621', mutational_resistome = '{"PA0004": "WT", "PA0424": "V126E", "PA0425": "WT", "PA0426": "WT", "PA0427": "WT", "PA0807": "WT", "PA0958": "WT", "PA1798": "H398R", "PA1799": "L153R, S170N", "PA2020": "WT", "PA2023": "WT", "PA2491": "D249N, V318I", "PA2492": "F172I, nt234\u22068", "PA2493": "WT", "PA2494": "WT", "PA2495": "S13P, A410S", "PA3047": "WT", "PA3168": "aa911\u22062", "PA3574": "WT", "PA3721": "G71E, D79E, T100S, S209R", "PA3999": "WT", "PA4003": "WT", "PA4020": "M297V", "PA4109": "E114A, G283E, M288R", "PA4110": "T21A, T105A, V205L, G391A", "PA4266": "WT", "PA4418": "WT", "PA4522": "G148A, R178C", "PA4597": "WT", "PA4598": "E257Q, S845A, K1031R", "PA4599": "S330A", "PA4600": "WT", "PA4776": "L71R", "PA4777": "A4T, V15I, G68S, Y345H", "PA4964": "WT", "PA4967": "D533E", "PA5471": "C40R, L88P, S112N, D119E, I237V, V243A", "PA5485": "WT"}'; 
INSERT INTO metadata_general(isolate_id, isolate_name, isolate_source, project_name, species) VALUES ('1372', 'MUR01-004', 'VALIDATION SET', 'GEMARA', 'Pseudomonas aeruginosa') ON DUPLICATE KEY UPDATE isolate_name = 'MUR01-004', isolate_source = 'VALIDATION SET', project_name = 'GEMARA', species = 'Pseudomonas aeruginosa'; 
INSERT INTO mic(mic_id, isolate_id, ami, ami_clinical_category, azt, azt_clinical_category, cip, cip_clinical_category, col, col_clinical_category, cza, cza_clinical_category, fep, fep_clinical_category, imi, imi_clinical_category, mer, mer_clinical_category, pip, pip_clinical_category, taz, taz_clinical_category, tic, tic_clinical_category, tob, tob_clinical_category, tol, tol_clinical_category) VALUES ('1372', '1372', '4', 'S', '4', 'S', '≤0.12', 'S', '1', 'S', '2', 'S', '2', 'S', '1', 'S', '≤0.5', 'S', '≤4', 'S', '2', 'S', '32', 'R', '0.5', 'S', '≤0.5', 'S') ON DUPLICATE KEY UPDATE ami = '4', ami_clinical_category = 'S', azt = '4', azt_clinical_category = 'S', cip = '≤0.12', cip_clinical_category = 'S', col = '1', col_clinical_category = 'S', cza = '2', cza_clinical_category = 'S', fep = '2', fep_clinical_category = 'S', imi = '1', imi_clinical_category = 'S', mer = '≤0.5', mer_clinical_category = 'S', pip = '≤4', pip_clinical_category = 'S', taz = '2', taz_clinical_category = 'S', tic = '32', tic_clinical_category = 'R', tob = '0.5', tob_clinical_category = 'S', tol = '≤0.5', tol_clinical_category = 'S'; 
INSERT INTO phenotypic_data(phenotypic_data_id, isolate_id, ecdc_resistance_profile) VALUES ('1357', '1372', 'S') ON DUPLICATE KEY UPDATE ecdc_resistance_profile = 'S'; 
INSERT INTO sequence_analysis(sequence_analysis_id, isolate_id, ame_loci, beta_lactamase_loci, clonal_complex, mutational_resistome) VALUES ('1372', '1372', '-', '-', '1486', '{"PA0004": "WT", "PA0424": "V126E", "PA0425": "N269S", "PA0426": "I186V", "PA0427": "WT", "PA0807": "A208V", "PA0958": "WT", "PA1798": "A29V, H398R", "PA1799": "L153R, S170N", "PA2020": "L138R", "PA2023": "WT", "PA2491": "D249N", "PA2492": "P60S, F172I, nt234\u22068", "PA2493": "D353E, D370E", "PA2494": "D230A, D666E", "PA2495": "S13P, S77N, A410S", "PA3047": "WT", "PA3168": "WT", "PA3574": "WT", "PA3721": "G71E, S209R", "PA3999": "WT", "PA4003": "WT", "PA4020": "WT", "PA4109": "E114A", "PA4110": "T16I, G27D, T105A, P148S, V205L, V356I, G391A", "PA4266": "WT", "PA4418": "WT", "PA4522": "G148A", "PA4597": "T376S", "PA4598": "E257Q, S845A, K1031R", "PA4599": "P47S, R76Q, H310R, S330A, P383S", "PA4600": "R21H, D56G", "PA4776": "WT", "PA4777": "Y345H", "PA4964": "WT", "PA4967": "D533E", "PA5471": "C40R, L88P, S112N, D119E, H182Y, I237V, V243A", "PA5485": "WT"}') ON DUPLICATE KEY UPDATE ame_loci = '-', beta_lactamase_loci = '-', clonal_complex = '1486', mutational_resistome = '{"PA0004": "WT", "PA0424": "V126E", "PA0425": "N269S", "PA0426": "I186V", "PA0427": "WT", "PA0807": "A208V", "PA0958": "WT", "PA1798": "A29V, H398R", "PA1799": "L153R, S170N", "PA2020": "L138R", "PA2023": "WT", "PA2491": "D249N", "PA2492": "P60S, F172I, nt234\u22068", "PA2493": "D353E, D370E", "PA2494": "D230A, D666E", "PA2495": "S13P, S77N, A410S", "PA3047": "WT", "PA3168": "WT", "PA3574": "WT", "PA3721": "G71E, S209R", "PA3999": "WT", "PA4003": "WT", "PA4020": "WT", "PA4109": "E114A", "PA4110": "T16I, G27D, T105A, P148S, V205L, V356I, G391A", "PA4266": "WT", "PA4418": "WT", "PA4522": "G148A", "PA4597": "T376S", "PA4598": "E257Q, S845A, K1031R", "PA4599": "P47S, R76Q, H310R, S330A, P383S", "PA4600": "R21H, D56G", "PA4776": "WT", "PA4777": "Y345H", "PA4964": "WT", "PA4967": "D533E", "PA5471": "C40R, L88P, S112N, D119E, H182Y, I237V, V243A", "PA5485": "WT"}'; 
INSERT INTO metadata_general(isolate_id, isolate_name, isolate_source, project_name, species) VALUES ('1420', 'NAV01-001', 'VALIDATION SET', 'GEMARA', 'Pseudomonas aeruginosa') ON DUPLICATE KEY UPDATE isolate_name = 'NAV01-001', isolate_source = 'VALIDATION SET', project_name = 'GEMARA', species = 'Pseudomonas aeruginosa'; 
INSERT INTO mic(mic_id, isolate_id, ami, ami_clinical_category, azt, azt_clinical_category, cip, cip_clinical_category, col, col_clinical_category, cza, cza_clinical_category, fep, fep_clinical_category, imi, imi_clinical_category, mer, mer_clinical_category, pip, pip_clinical_category, taz, taz_clinical_category, tic, tic_clinical_category, tob, tob_clinical_category, tol, tol_clinical_category) VALUES ('1420', '1420', '≤2', 'S', '16', 'S', '0.5', 'S', '1', 'S', '4', 'S', '4', 'S', '2', 'S', '2', 'S', '16', 'S', '4', 'S', '128', 'R', '≤0.25', 'S', '1', 'S') ON DUPLICATE KEY UPDATE ami = '≤2', ami_clinical_category = 'S', azt = '16', azt_clinical_category = 'S', cip = '0.5', cip_clinical_category = 'S', col = '1', col_clinical_category = 'S', cza = '4', cza_clinical_category = 'S', fep = '4', fep_clinical_category = 'S', imi = '2', imi_clinical_category = 'S', mer = '2', mer_clinical_category = 'S', pip = '16', pip_clinical_category = 'S', taz = '4', taz_clinical_category = 'S', tic = '128', tic_clinical_category = 'R', tob = '≤0.25', tob_clinical_category = 'S', tol = '1', tol_clinical_category = 'S'; 
INSERT INTO phenotypic_data(phenotypic_data_id, isolate_id, ecdc_resistance_profile) VALUES ('1411', '1420', 'S') ON DUPLICATE KEY UPDATE ecdc_resistance_profile = 'S'; 
INSERT INTO sequence_analysis(sequence_analysis_id, isolate_id, ame_loci, beta_lactamase_loci, clonal_complex, mutational_resistome) VALUES ('1420', '1420', '-', '-', '348', '{"PA0004": "WT", "PA0424": "WT", "PA0425": "WT", "PA0426": "WT", "PA0427": "WT", "PA0807": "A219T", "PA0958": "WT", "PA1798": "H398R", "PA1799": "WT", "PA2020": "WT", "PA2023": "WT", "PA2491": "G78S, D249N, aa147InsLKAG", "PA2492": "P60S, F172I, nt234\u22068", "PA2493": "WT", "PA2494": "WT", "PA2495": "WT", "PA3047": "A474T", "PA3168": "WT", "PA3574": "G172D", "PA3721": "G71E, S209R", "PA3999": "WT", "PA4003": "WT", "PA4020": "M297V", "PA4109": "R244W, G273E", "PA4110": "R79Q, T105A", "PA4266": "WT", "PA4418": "WT", "PA4522": "WT", "PA4597": "D35H, M69V", "PA4598": "E257Q, V384L, S845A", "PA4599": "WT", "PA4600": "WT", "PA4776": "L71R", "PA4777": "Y345H", "PA4964": "E513D", "PA4967": "WT", "PA5471": "L88P, D161G, H182Q, V243A", "PA5485": "WT"}') ON DUPLICATE KEY UPDATE ame_loci = '-', beta_lactamase_loci = '-', clonal_complex = '348', mutational_resistome = '{"PA0004": "WT", "PA0424": "WT", "PA0425": "WT", "PA0426": "WT", "PA0427": "WT", "PA0807": "A219T", "PA0958": "WT", "PA1798": "H398R", "PA1799": "WT", "PA2020": "WT", "PA2023": "WT", "PA2491": "G78S, D249N, aa147InsLKAG", "PA2492": "P60S, F172I, nt234\u22068", "PA2493": "WT", "PA2494": "WT", "PA2495": "WT", "PA3047": "A474T", "PA3168": "WT", "PA3574": "G172D", "PA3721": "G71E, S209R", "PA3999": "WT", "PA4003": "WT", "PA4020": "M297V", "PA4109": "R244W, G273E", "PA4110": "R79Q, T105A", "PA4266": "WT", "PA4418": "WT", "PA4522": "WT", "PA4597": "D35H, M69V", "PA4598": "E257Q, V384L, S845A", "PA4599": "WT", "PA4600": "WT", "PA4776": "L71R", "PA4777": "Y345H", "PA4964": "E513D", "PA4967": "WT", "PA5471": "L88P, D161G, H182Q, V243A", "PA5485": "WT"}'; 
INSERT INTO metadata_general(isolate_id, isolate_name, isolate_source, project_name, species) VALUES ('1417', 'NAV01-004', 'VALIDATION SET', 'GEMARA', 'Pseudomonas aeruginosa') ON DUPLICATE KEY UPDATE isolate_name = 'NAV01-004', isolate_source = 'VALIDATION SET', project_name = 'GEMARA', species = 'Pseudomonas aeruginosa'; 
INSERT INTO mic(mic_id, isolate_id, ami, ami_clinical_category, azt, azt_clinical_category, cip, cip_clinical_category, col, col_clinical_category, cza, cza_clinical_category, fep, fep_clinical_category, imi, imi_clinical_category, mer, mer_clinical_category, pip, pip_clinical_category, taz, taz_clinical_category, tic, tic_clinical_category, tob, tob_clinical_category, tol, tol_clinical_category) VALUES ('1417', '1417', '≤2', 'S', '4', 'S', '0.5', 'S', '1', 'S', '2', 'S', '2', 'S', '1', 'S', '≤0.5', 'S', '16', 'S', '4', 'S', '32', 'R', '≤0.25', 'S', '1', 'S') ON DUPLICATE KEY UPDATE ami = '≤2', ami_clinical_category = 'S', azt = '4', azt_clinical_category = 'S', cip = '0.5', cip_clinical_category = 'S', col = '1', col_clinical_category = 'S', cza = '2', cza_clinical_category = 'S', fep = '2', fep_clinical_category = 'S', imi = '1', imi_clinical_category = 'S', mer = '≤0.5', mer_clinical_category = 'S', pip = '16', pip_clinical_category = 'S', taz = '4', taz_clinical_category = 'S', tic = '32', tic_clinical_category = 'R', tob = '≤0.25', tob_clinical_category = 'S', tol = '1', tol_clinical_category = 'S'; 
INSERT INTO phenotypic_data(phenotypic_data_id, isolate_id, ecdc_resistance_profile) VALUES ('1408', '1417', 'S') ON DUPLICATE KEY UPDATE ecdc_resistance_profile = 'S'; 
INSERT INTO sequence_analysis(sequence_analysis_id, isolate_id, ame_loci, beta_lactamase_loci, clonal_complex, mutational_resistome) VALUES ('1417', '1417', '-', '-', '2476', '{"PA0004": "WT", "PA0424": "WT", "PA0425": "D373E", "PA0426": "WT", "PA0427": "V72L", "PA0807": "A219T", "PA0958": "WT", "PA1798": "H398R", "PA1799": "WT", "PA2020": "WT", "PA2023": "WT", "PA2491": "D249N", "PA2492": "F172I, nt234\u22068", "PA2493": "WT", "PA2494": "WT", "PA2495": "D98E", "PA3047": "WT", "PA3168": "V671A", "PA3574": "WT", "PA3721": "G71E, S209R", "PA3999": "WT", "PA4003": "WT", "PA4020": "M297V, A303V", "PA4109": "WT", "PA4110": "T105A", "PA4266": "WT", "PA4418": "WT", "PA4522": "R11L, G148A, D183Y", "PA4597": "M69V", "PA4598": "S845A", "PA4599": "WT", "PA4600": "R82L", "PA4776": "L71R", "PA4777": "Y345H", "PA4964": "WT", "PA4967": "A473V, D533E", "PA5471": "C40R, L88P, D161G, H182Q, V243A", "PA5485": "WT"}') ON DUPLICATE KEY UPDATE ame_loci = '-', beta_lactamase_loci = '-', clonal_complex = '2476', mutational_resistome = '{"PA0004": "WT", "PA0424": "WT", "PA0425": "D373E", "PA0426": "WT", "PA0427": "V72L", "PA0807": "A219T", "PA0958": "WT", "PA1798": "H398R", "PA1799": "WT", "PA2020": "WT", "PA2023": "WT", "PA2491": "D249N", "PA2492": "F172I, nt234\u22068", "PA2493": "WT", "PA2494": "WT", "PA2495": "D98E", "PA3047": "WT", "PA3168": "V671A", "PA3574": "WT", "PA3721": "G71E, S209R", "PA3999": "WT", "PA4003": "WT", "PA4020": "M297V, A303V", "PA4109": "WT", "PA4110": "T105A", "PA4266": "WT", "PA4418": "WT", "PA4522": "R11L, G148A, D183Y", "PA4597": "M69V", "PA4598": "S845A", "PA4599": "WT", "PA4600": "R82L", "PA4776": "L71R", "PA4777": "Y345H", "PA4964": "WT", "PA4967": "A473V, D533E", "PA5471": "C40R, L88P, D161G, H182Q, V243A", "PA5485": "WT"}'; 
INSERT INTO metadata_general(isolate_id, isolate_name, isolate_source, project_name, species) VALUES ('1397', 'NAV01-005', 'VALIDATION SET', 'GEMARA', 'Pseudomonas aeruginosa') ON DUPLICATE KEY UPDATE isolate_name = 'NAV01-005', isolate_source = 'VALIDATION SET', project_name = 'GEMARA', species = 'Pseudomonas aeruginosa'; 
INSERT INTO mic(mic_id, isolate_id, ami, ami_clinical_category, azt, azt_clinical_category, cip, cip_clinical_category, col, col_clinical_category, cza, cza_clinical_category, fep, fep_clinical_category, imi, imi_clinical_category, mer, mer_clinical_category, pip, pip_clinical_category, taz, taz_clinical_category, tic, tic_clinical_category, tob, tob_clinical_category, tol, tol_clinical_category) VALUES ('1397', '1397', '16', 'I', '≤2', 'S', '1', 'R', '≤0.5', 'S', '≤0.5', 'S', '4', 'S', '16', 'R', '4', 'I', '≤4', 'S', '2', 'S', '16', 'S', '4', 'S', '1', 'S') ON DUPLICATE KEY UPDATE ami = '16', ami_clinical_category = 'I', azt = '≤2', azt_clinical_category = 'S', cip = '1', cip_clinical_category = 'R', col = '≤0.5', col_clinical_category = 'S', cza = '≤0.5', cza_clinical_category = 'S', fep = '4', fep_clinical_category = 'S', imi = '16', imi_clinical_category = 'R', mer = '4', mer_clinical_category = 'I', pip = '≤4', pip_clinical_category = 'S', taz = '2', taz_clinical_category = 'S', tic = '16', tic_clinical_category = 'S', tob = '4', tob_clinical_category = 'S', tol = '1', tol_clinical_category = 'S'; 
INSERT INTO phenotypic_data(phenotypic_data_id, isolate_id, ecdc_resistance_profile) VALUES ('1388', '1397', 'MDR') ON DUPLICATE KEY UPDATE ecdc_resistance_profile = 'MDR'; 
INSERT INTO sequence_analysis(sequence_analysis_id, isolate_id, ame_loci, beta_lactamase_loci, clonal_complex, mutational_resistome) VALUES ('1397', '1397', '-', '-', '1637', '{"PA0004": "P749S", "PA0424": "V126E", "PA0425": "WT", "PA0426": "I186V, P190L", "PA0427": "WT", "PA0807": "WT", "PA0958": "nt742\u22061", "PA1798": "H398R", "PA1799": "L153R, S170N", "PA2020": "R104W", "PA2023": "F248S", "PA2491": "D249N", "PA2492": "F172I, nt234\u22068", "PA2493": "S8F", "PA2494": "WT", "PA2495": "T34P", "PA3047": "WT", "PA3168": "WT", "PA3574": "WT", "PA3721": "G71E, E153Q, S209R", "PA3999": "WT", "PA4003": "WT", "PA4020": "WT", "PA4109": "WT", "PA4110": "T105A", "PA4266": "I186V, Y552C", "PA4418": "WT", "PA4522": "Q44H, P126Q, G148A, D183Y", "PA4597": "D68G, M69V", "PA4598": "S845A, L1027V", "PA4599": "V367A", "PA4600": "WT", "PA4776": "D61N, L71R", "PA4777": "A4T, G68S, A119T, A173T, Y345H", "PA4964": "WT", "PA4967": "WT", "PA5471": "C40R, L88P, S112N, D119E, D161G, H182Q, V243A, A262S", "PA5485": "WT"}') ON DUPLICATE KEY UPDATE ame_loci = '-', beta_lactamase_loci = '-', clonal_complex = '1637', mutational_resistome = '{"PA0004": "P749S", "PA0424": "V126E", "PA0425": "WT", "PA0426": "I186V, P190L", "PA0427": "WT", "PA0807": "WT", "PA0958": "nt742\u22061", "PA1798": "H398R", "PA1799": "L153R, S170N", "PA2020": "R104W", "PA2023": "F248S", "PA2491": "D249N", "PA2492": "F172I, nt234\u22068", "PA2493": "S8F", "PA2494": "WT", "PA2495": "T34P", "PA3047": "WT", "PA3168": "WT", "PA3574": "WT", "PA3721": "G71E, E153Q, S209R", "PA3999": "WT", "PA4003": "WT", "PA4020": "WT", "PA4109": "WT", "PA4110": "T105A", "PA4266": "I186V, Y552C", "PA4418": "WT", "PA4522": "Q44H, P126Q, G148A, D183Y", "PA4597": "D68G, M69V", "PA4598": "S845A, L1027V", "PA4599": "V367A", "PA4600": "WT", "PA4776": "D61N, L71R", "PA4777": "A4T, G68S, A119T, A173T, Y345H", "PA4964": "WT", "PA4967": "WT", "PA5471": "C40R, L88P, S112N, D119E, D161G, H182Q, V243A, A262S", "PA5485": "WT"}'; 
INSERT INTO metadata_general(isolate_id, isolate_name, isolate_source, project_name, species) VALUES ('179', 'NAV01-012', 'VALIDATION SET', 'GEMARA', 'Pseudomonas aeruginosa') ON DUPLICATE KEY UPDATE isolate_name = 'NAV01-012', isolate_source = 'VALIDATION SET', project_name = 'GEMARA', species = 'Pseudomonas aeruginosa'; 
INSERT INTO mic(mic_id, isolate_id, ami, ami_clinical_category, azt, azt_clinical_category, cip, cip_clinical_category, col, col_clinical_category, cza, cza_clinical_category, fep, fep_clinical_category, imi, imi_clinical_category, mer, mer_clinical_category, pip, pip_clinical_category, taz, taz_clinical_category, tic, tic_clinical_category, tob, tob_clinical_category, tol, tol_clinical_category) VALUES ('179', '179', '8', 'S', '8', 'S', '16', 'R', '1', 'S', '1', 'S', '8', 'S', '16', 'R', '8', 'I', '128', 'R', '16', 'R', '>512', 'R', '16', 'R', '1', 'S') ON DUPLICATE KEY UPDATE ami = '8', ami_clinical_category = 'S', azt = '8', azt_clinical_category = 'S', cip = '16', cip_clinical_category = 'R', col = '1', col_clinical_category = 'S', cza = '1', cza_clinical_category = 'S', fep = '8', fep_clinical_category = 'S', imi = '16', imi_clinical_category = 'R', mer = '8', mer_clinical_category = 'I', pip = '128', pip_clinical_category = 'R', taz = '16', taz_clinical_category = 'R', tic = '>512', tic_clinical_category = 'R', tob = '16', tob_clinical_category = 'R', tol = '1', tol_clinical_category = 'S'; 
INSERT INTO phenotypic_data(phenotypic_data_id, isolate_id, ecdc_resistance_profile) VALUES ('1414', '179', 'XDR') ON DUPLICATE KEY UPDATE ecdc_resistance_profile = 'XDR'; 
INSERT INTO sequence_analysis(sequence_analysis_id, isolate_id, ame_loci, beta_lactamase_loci, clonal_complex, mutational_resistome) VALUES ('179', '179', 'aacA4, aadA2', 'blaCARB-2', '111', '{"PA0004": "WT", "PA0424": "V126E", "PA0425": "WT", "PA0426": "WT", "PA0427": "WT", "PA0807": "A219T", "PA0958": "nt991InsAC", "PA1798": "L137P, H398R", "PA1799": "WT", "PA2020": "WT", "PA2023": "WT", "PA2491": "D249N", "PA2492": "F172I, nt234\u22068", "PA2493": "WT", "PA2494": "WT", "PA2495": "WT", "PA3047": "nt675InsTGGCC", "PA3168": "T83I, V671I, G860S", "PA3574": "WT", "PA3721": "G71E", "PA3999": "WT", "PA4003": "WT", "PA4020": "D411A", "PA4109": "G283E", "PA4110": "T105A", "PA4266": "WT", "PA4418": "WT", "PA4522": "G148A", "PA4597": "M69V, Q267R", "PA4598": "E257Q, S845A", "PA4599": "S330A", "PA4600": "WT", "PA4776": "L71R", "PA4777": "A4T, V6A, V15I, G68S, Y345H", "PA4964": "E91K", "PA4967": "WT", "PA5471": "L88P, D161G, H182Q, V243A", "PA5485": "WT"}') ON DUPLICATE KEY UPDATE ame_loci = 'aacA4, aadA2', beta_lactamase_loci = 'blaCARB-2', clonal_complex = '111', mutational_resistome = '{"PA0004": "WT", "PA0424": "V126E", "PA0425": "WT", "PA0426": "WT", "PA0427": "WT", "PA0807": "A219T", "PA0958": "nt991InsAC", "PA1798": "L137P, H398R", "PA1799": "WT", "PA2020": "WT", "PA2023": "WT", "PA2491": "D249N", "PA2492": "F172I, nt234\u22068", "PA2493": "WT", "PA2494": "WT", "PA2495": "WT", "PA3047": "nt675InsTGGCC", "PA3168": "T83I, V671I, G860S", "PA3574": "WT", "PA3721": "G71E", "PA3999": "WT", "PA4003": "WT", "PA4020": "D411A", "PA4109": "G283E", "PA4110": "T105A", "PA4266": "WT", "PA4418": "WT", "PA4522": "G148A", "PA4597": "M69V, Q267R", "PA4598": "E257Q, S845A", "PA4599": "S330A", "PA4600": "WT", "PA4776": "L71R", "PA4777": "A4T, V6A, V15I, G68S, Y345H", "PA4964": "E91K", "PA4967": "WT", "PA5471": "L88P, D161G, H182Q, V243A", "PA5485": "WT"}'; 
INSERT INTO metadata_general(isolate_id, isolate_name, isolate_source, project_name, species) VALUES ('1434', 'PVA01-003', 'VALIDATION SET', 'GEMARA', 'Pseudomonas aeruginosa') ON DUPLICATE KEY UPDATE isolate_name = 'PVA01-003', isolate_source = 'VALIDATION SET', project_name = 'GEMARA', species = 'Pseudomonas aeruginosa'; 
INSERT INTO mic(mic_id, isolate_id, ami, ami_clinical_category, azt, azt_clinical_category, cip, cip_clinical_category, col, col_clinical_category, cza, cza_clinical_category, fep, fep_clinical_category, imi, imi_clinical_category, mer, mer_clinical_category, pip, pip_clinical_category, taz, taz_clinical_category, tic, tic_clinical_category, tob, tob_clinical_category, tol, tol_clinical_category) VALUES ('1434', '1434', '≤2', 'S', '8', 'S', '≤0.12', 'S', '1', 'S', '2', 'S', '4', 'S', '2', 'S', '1', 'S', '8', 'S', '4', 'S', '32', 'R', '≤0.25', 'S', '1', 'S') ON DUPLICATE KEY UPDATE ami = '≤2', ami_clinical_category = 'S', azt = '8', azt_clinical_category = 'S', cip = '≤0.12', cip_clinical_category = 'S', col = '1', col_clinical_category = 'S', cza = '2', cza_clinical_category = 'S', fep = '4', fep_clinical_category = 'S', imi = '2', imi_clinical_category = 'S', mer = '1', mer_clinical_category = 'S', pip = '8', pip_clinical_category = 'S', taz = '4', taz_clinical_category = 'S', tic = '32', tic_clinical_category = 'R', tob = '≤0.25', tob_clinical_category = 'S', tol = '1', tol_clinical_category = 'S'; 
INSERT INTO phenotypic_data(phenotypic_data_id, isolate_id, ecdc_resistance_profile) VALUES ('1427', '1434', 'S') ON DUPLICATE KEY UPDATE ecdc_resistance_profile = 'S'; 
INSERT INTO sequence_analysis(sequence_analysis_id, isolate_id, ame_loci, beta_lactamase_loci, clonal_complex, mutational_resistome) VALUES ('1434', '1434', '-', '-', '299', '{"PA0004": "WT", "PA0424": "WT", "PA0425": "WT", "PA0426": "WT", "PA0427": "V72L", "PA0807": "A219T", "PA0958": "WT", "PA1798": "H398R", "PA1799": "WT", "PA2020": "WT", "PA2023": "WT", "PA2491": "D249N", "PA2492": "F172I, nt234\u22068", "PA2493": "WT", "PA2494": "WT", "PA2495": "WT", "PA3047": "WT", "PA3168": "WT", "PA3574": "WT", "PA3721": "G71E, A186T", "PA3999": "WT", "PA4003": "WT", "PA4020": "M297V, A303V", "PA4109": "WT", "PA4110": "T105A", "PA4266": "WT", "PA4418": "WT", "PA4522": "G148A, D183Y", "PA4597": "M69V", "PA4598": "R254H, S845A, A959S", "PA4599": "V367A", "PA4600": "WT", "PA4776": "L71R", "PA4777": "Y345H", "PA4964": "V646L", "PA4967": "D533E", "PA5471": "L88P, D161G, H182Q, V243A", "PA5485": "WT"}') ON DUPLICATE KEY UPDATE ame_loci = '-', beta_lactamase_loci = '-', clonal_complex = '299', mutational_resistome = '{"PA0004": "WT", "PA0424": "WT", "PA0425": "WT", "PA0426": "WT", "PA0427": "V72L", "PA0807": "A219T", "PA0958": "WT", "PA1798": "H398R", "PA1799": "WT", "PA2020": "WT", "PA2023": "WT", "PA2491": "D249N", "PA2492": "F172I, nt234\u22068", "PA2493": "WT", "PA2494": "WT", "PA2495": "WT", "PA3047": "WT", "PA3168": "WT", "PA3574": "WT", "PA3721": "G71E, A186T", "PA3999": "WT", "PA4003": "WT", "PA4020": "M297V, A303V", "PA4109": "WT", "PA4110": "T105A", "PA4266": "WT", "PA4418": "WT", "PA4522": "G148A, D183Y", "PA4597": "M69V", "PA4598": "R254H, S845A, A959S", "PA4599": "V367A", "PA4600": "WT", "PA4776": "L71R", "PA4777": "Y345H", "PA4964": "V646L", "PA4967": "D533E", "PA5471": "L88P, D161G, H182Q, V243A", "PA5485": "WT"}'; 
INSERT INTO metadata_general(isolate_id, isolate_name, isolate_source, project_name, species) VALUES ('1436', 'PVA01-006', 'VALIDATION SET', 'GEMARA', 'Pseudomonas aeruginosa') ON DUPLICATE KEY UPDATE isolate_name = 'PVA01-006', isolate_source = 'VALIDATION SET', project_name = 'GEMARA', species = 'Pseudomonas aeruginosa'; 
INSERT INTO mic(mic_id, isolate_id, ami, ami_clinical_category, azt, azt_clinical_category, cip, cip_clinical_category, col, col_clinical_category, cza, cza_clinical_category, fep, fep_clinical_category, imi, imi_clinical_category, mer, mer_clinical_category, pip, pip_clinical_category, taz, taz_clinical_category, tic, tic_clinical_category, tob, tob_clinical_category, tol, tol_clinical_category) VALUES ('1436', '1436', '≤2', 'S', '≤2', 'S', '>16', 'R', '1', 'S', '1', 'S', '4', 'S', '4', 'S', '≤0.5', 'S', '≤4', 'S', '≤1', 'S', '16', 'S', '0.5', 'S', '≤0.5', 'S') ON DUPLICATE KEY UPDATE ami = '≤2', ami_clinical_category = 'S', azt = '≤2', azt_clinical_category = 'S', cip = '>16', cip_clinical_category = 'R', col = '1', col_clinical_category = 'S', cza = '1', cza_clinical_category = 'S', fep = '4', fep_clinical_category = 'S', imi = '4', imi_clinical_category = 'S', mer = '≤0.5', mer_clinical_category = 'S', pip = '≤4', pip_clinical_category = 'S', taz = '≤1', taz_clinical_category = 'S', tic = '16', tic_clinical_category = 'S', tob = '0.5', tob_clinical_category = 'S', tol = '≤0.5', tol_clinical_category = 'S'; 
INSERT INTO phenotypic_data(phenotypic_data_id, isolate_id, ecdc_resistance_profile) VALUES ('1429', '1436', 'R') ON DUPLICATE KEY UPDATE ecdc_resistance_profile = 'R'; 
INSERT INTO sequence_analysis(sequence_analysis_id, isolate_id, ame_loci, beta_lactamase_loci, clonal_complex, mutational_resistome) VALUES ('1436', '1436', '-', '-', '111', '{"PA0004": "WT", "PA0424": "WT", "PA0425": "WT", "PA0426": "WT", "PA0427": "WT", "PA0807": "A219T", "PA0958": "WT", "PA1798": "H398R", "PA1799": "WT", "PA2020": "WT", "PA2023": "WT", "PA2491": "D232G, D249N", "PA2492": "F172I, nt234\u22068", "PA2493": "WT", "PA2494": "WT", "PA2495": "WT", "PA3047": "WT", "PA3168": "T83I", "PA3574": "WT", "PA3721": "G71E, A186T", "PA3999": "WT", "PA4003": "WT", "PA4020": "M297V", "PA4109": "WT", "PA4110": "WT", "PA4266": "WT", "PA4418": "WT", "PA4522": "G148A", "PA4597": "M69V, Q267R", "PA4598": "S845A", "PA4599": "S330A", "PA4600": "WT", "PA4776": "L71R", "PA4777": "A4T, V6A, V15I, G68S, Y345H", "PA4964": "G85C", "PA4967": "WT", "PA5471": "L88P, D161G, H182Q, V243A", "PA5485": "WT"}') ON DUPLICATE KEY UPDATE ame_loci = '-', beta_lactamase_loci = '-', clonal_complex = '111', mutational_resistome = '{"PA0004": "WT", "PA0424": "WT", "PA0425": "WT", "PA0426": "WT", "PA0427": "WT", "PA0807": "A219T", "PA0958": "WT", "PA1798": "H398R", "PA1799": "WT", "PA2020": "WT", "PA2023": "WT", "PA2491": "D232G, D249N", "PA2492": "F172I, nt234\u22068", "PA2493": "WT", "PA2494": "WT", "PA2495": "WT", "PA3047": "WT", "PA3168": "T83I", "PA3574": "WT", "PA3721": "G71E, A186T", "PA3999": "WT", "PA4003": "WT", "PA4020": "M297V", "PA4109": "WT", "PA4110": "WT", "PA4266": "WT", "PA4418": "WT", "PA4522": "G148A", "PA4597": "M69V, Q267R", "PA4598": "S845A", "PA4599": "S330A", "PA4600": "WT", "PA4776": "L71R", "PA4777": "A4T, V6A, V15I, G68S, Y345H", "PA4964": "G85C", "PA4967": "WT", "PA5471": "L88P, D161G, H182Q, V243A", "PA5485": "WT"}'; 
INSERT INTO metadata_general(isolate_id, isolate_name, isolate_source, project_name, species) VALUES ('181', 'PVA01-007', 'VALIDATION SET', 'GEMARA', 'Pseudomonas aeruginosa') ON DUPLICATE KEY UPDATE isolate_name = 'PVA01-007', isolate_source = 'VALIDATION SET', project_name = 'GEMARA', species = 'Pseudomonas aeruginosa'; 
INSERT INTO mic(mic_id, isolate_id, ami, ami_clinical_category, azt, azt_clinical_category, cip, cip_clinical_category, col, col_clinical_category, cza, cza_clinical_category, fep, fep_clinical_category, imi, imi_clinical_category, mer, mer_clinical_category, pip, pip_clinical_category, taz, taz_clinical_category, tic, tic_clinical_category, tob, tob_clinical_category, tol, tol_clinical_category) VALUES ('181', '181', '4', 'S', '8', 'S', '>16', 'R', '1', 'S', '2', 'S', '16', 'R', '16', 'R', '8', 'I', '64', 'R', '16', 'R', '64', 'R', '>32', 'R', '2', 'S') ON DUPLICATE KEY UPDATE ami = '4', ami_clinical_category = 'S', azt = '8', azt_clinical_category = 'S', cip = '>16', cip_clinical_category = 'R', col = '1', col_clinical_category = 'S', cza = '2', cza_clinical_category = 'S', fep = '16', fep_clinical_category = 'R', imi = '16', imi_clinical_category = 'R', mer = '8', mer_clinical_category = 'I', pip = '64', pip_clinical_category = 'R', taz = '16', taz_clinical_category = 'R', tic = '64', tic_clinical_category = 'R', tob = '>32', tob_clinical_category = 'R', tol = '2', tol_clinical_category = 'S'; 
INSERT INTO phenotypic_data(phenotypic_data_id, isolate_id, ecdc_resistance_profile) VALUES ('1439', '181', 'XDR') ON DUPLICATE KEY UPDATE ecdc_resistance_profile = 'XDR'; 
INSERT INTO sequence_analysis(sequence_analysis_id, isolate_id, ame_loci, beta_lactamase_loci, clonal_complex, mutational_resistome) VALUES ('181', '181', 'aadB', '-', '175', '{"PA0004": "WT", "PA0424": "nt492InsACCC", "PA0425": "WT", "PA0426": "WT", "PA0427": "WT", "PA0807": "A219T", "PA0958": "Q142X", "PA1798": "H398R", "PA1799": "WT", "PA2020": "G195D", "PA2023": "WT", "PA2491": "D249N", "PA2492": "P60S, F172I, nt234\u22068", "PA2493": "WT", "PA2494": "WT", "PA2495": "WT", "PA3047": "WT", "PA3168": "T83I, D87N", "PA3574": "WT", "PA3721": "G71E, A186T", "PA3999": "WT", "PA4003": "WT", "PA4020": "WT", "PA4109": "G154R", "PA4110": "WT", "PA4266": "WT", "PA4418": "WT", "PA4522": "G148A, D183Y", "PA4597": "M69V", "PA4598": "E257Q, S845A", "PA4599": "H310R, S330A, P383S", "PA4600": "WT", "PA4776": "WT", "PA4777": "Y345H", "PA4964": "S87W, L168Q", "PA4967": "WT", "PA5471": "L88P, D161G, H182Q, V243A, V266M", "PA5485": "WT"}') ON DUPLICATE KEY UPDATE ame_loci = 'aadB', beta_lactamase_loci = '-', clonal_complex = '175', mutational_resistome = '{"PA0004": "WT", "PA0424": "nt492InsACCC", "PA0425": "WT", "PA0426": "WT", "PA0427": "WT", "PA0807": "A219T", "PA0958": "Q142X", "PA1798": "H398R", "PA1799": "WT", "PA2020": "G195D", "PA2023": "WT", "PA2491": "D249N", "PA2492": "P60S, F172I, nt234\u22068", "PA2493": "WT", "PA2494": "WT", "PA2495": "WT", "PA3047": "WT", "PA3168": "T83I, D87N", "PA3574": "WT", "PA3721": "G71E, A186T", "PA3999": "WT", "PA4003": "WT", "PA4020": "WT", "PA4109": "G154R", "PA4110": "WT", "PA4266": "WT", "PA4418": "WT", "PA4522": "G148A, D183Y", "PA4597": "M69V", "PA4598": "E257Q, S845A", "PA4599": "H310R, S330A, P383S", "PA4600": "WT", "PA4776": "WT", "PA4777": "Y345H", "PA4964": "S87W, L168Q", "PA4967": "WT", "PA5471": "L88P, D161G, H182Q, V243A, V266M", "PA5485": "WT"}'; 
INSERT INTO metadata_general(isolate_id, isolate_name, isolate_source, project_name, species) VALUES ('1439', 'PVA01-011', 'VALIDATION SET', 'GEMARA', 'Pseudomonas aeruginosa') ON DUPLICATE KEY UPDATE isolate_name = 'PVA01-011', isolate_source = 'VALIDATION SET', project_name = 'GEMARA', species = 'Pseudomonas aeruginosa'; 
INSERT INTO mic(mic_id, isolate_id, ami, ami_clinical_category, azt, azt_clinical_category, cip, cip_clinical_category, col, col_clinical_category, cza, cza_clinical_category, fep, fep_clinical_category, imi, imi_clinical_category, mer, mer_clinical_category, pip, pip_clinical_category, taz, taz_clinical_category, tic, tic_clinical_category, tob, tob_clinical_category, tol, tol_clinical_category) VALUES ('1439', '1439', '4', 'S', '4', 'S', '≤0.12', 'S', '1', 'S', '2', 'S', '2', 'S', '2', 'S', '≤0.5', 'S', '8', 'S', '4', 'S', '32', 'R', '1', 'S', '1', 'S') ON DUPLICATE KEY UPDATE ami = '4', ami_clinical_category = 'S', azt = '4', azt_clinical_category = 'S', cip = '≤0.12', cip_clinical_category = 'S', col = '1', col_clinical_category = 'S', cza = '2', cza_clinical_category = 'S', fep = '2', fep_clinical_category = 'S', imi = '2', imi_clinical_category = 'S', mer = '≤0.5', mer_clinical_category = 'S', pip = '8', pip_clinical_category = 'S', taz = '4', taz_clinical_category = 'S', tic = '32', tic_clinical_category = 'R', tob = '1', tob_clinical_category = 'S', tol = '1', tol_clinical_category = 'S'; 
INSERT INTO phenotypic_data(phenotypic_data_id, isolate_id, ecdc_resistance_profile) VALUES ('1432', '1439', 'S') ON DUPLICATE KEY UPDATE ecdc_resistance_profile = 'S'; 
INSERT INTO sequence_analysis(sequence_analysis_id, isolate_id, ame_loci, beta_lactamase_loci, clonal_complex, mutational_resistome) VALUES ('1439', '1439', '-', '-', '792', '{"PA0004": "WT", "PA0424": "V126E", "PA0425": "WT", "PA0426": "WT", "PA0427": "WT", "PA0807": "A219T", "PA0958": "WT", "PA1798": "H398R", "PA1799": "R178C", "PA2020": "L128M", "PA2023": "WT", "PA2491": "S84F, D249N", "PA2492": "P60S, F172I, nt234\u22068", "PA2493": "WT", "PA2494": "WT", "PA2495": "WT", "PA3047": "WT", "PA3168": "aa911\u22062", "PA3574": "WT", "PA3721": "G71E, S209R", "PA3999": "WT", "PA4003": "WT", "PA4020": "M297V", "PA4109": "WT", "PA4110": "R79Q, T105A", "PA4266": "WT", "PA4418": "WT", "PA4522": "G148A, S175L", "PA4597": "M69V, Q267R", "PA4598": "E257Q, S845A", "PA4599": "E26A, S330A", "PA4600": "WT", "PA4776": "L71R", "PA4777": "Y345H", "PA4964": "V646L", "PA4967": "WT", "PA5471": "L88P, D161G, H182Q, V243A", "PA5485": "P21Q"}') ON DUPLICATE KEY UPDATE ame_loci = '-', beta_lactamase_loci = '-', clonal_complex = '792', mutational_resistome = '{"PA0004": "WT", "PA0424": "V126E", "PA0425": "WT", "PA0426": "WT", "PA0427": "WT", "PA0807": "A219T", "PA0958": "WT", "PA1798": "H398R", "PA1799": "R178C", "PA2020": "L128M", "PA2023": "WT", "PA2491": "S84F, D249N", "PA2492": "P60S, F172I, nt234\u22068", "PA2493": "WT", "PA2494": "WT", "PA2495": "WT", "PA3047": "WT", "PA3168": "aa911\u22062", "PA3574": "WT", "PA3721": "G71E, S209R", "PA3999": "WT", "PA4003": "WT", "PA4020": "M297V", "PA4109": "WT", "PA4110": "R79Q, T105A", "PA4266": "WT", "PA4418": "WT", "PA4522": "G148A, S175L", "PA4597": "M69V, Q267R", "PA4598": "E257Q, S845A", "PA4599": "E26A, S330A", "PA4600": "WT", "PA4776": "L71R", "PA4777": "Y345H", "PA4964": "V646L", "PA4967": "WT", "PA5471": "L88P, D161G, H182Q, V243A", "PA5485": "P21Q"}'; 
